date,day,n_land,n_fire,n_new,base_rate,auc_pr,roc_auc,auc_pr_new,tpr_0.001,prec_0.001,lift_0.001,tpr_new_0.001,lift_new_0.001,tpr_0.002,prec_0.002,lift_0.002,tpr_new_0.002,lift_new_0.002,tpr_0.005,prec_0.005,lift_0.005,tpr_new_0.005,lift_new_0.005,tpr_0.01,prec_0.01,lift_0.01,tpr_new_0.01,lift_new_0.01,tpr_0.02,prec_0.02,lift_0.02,tpr_new_0.02,lift_new_0.02,tpr_0.05,prec_0.05,lift_0.05,tpr_new_0.05,lift_new_0.05,tpr_0.1,prec_0.1,lift_0.1,tpr_new_0.1,lift_new_0.1,cell_auc_pr,cell_roc_auc,cell_tpr_0.01,cell_lift_0.01,cell_tpr_0.05,cell_lift_0.05,cell_tpr_0.1,cell_lift_0.1
2019-01-14,13,6885750,2836,2109,0.0004118650836873253,0.0722205767225502,0.8006406576644569,0.0031752820200292523,0.23413258110014104,0.09642753412721464,234.1240807885995,0.044570886676149835,44.56926850570705,0.29231311706629054,0.06019459773453384,146.1512522392688,0.0858226647700332,42.90977446560093,0.36142454160789844,0.02977141363385518,72.28438343770038,0.15173067804646753,30.345915256279987,0.3980959097320169,0.016396061459815852,39.8093019030067,0.1939307728781413,19.39293646846643,0.445345557122708,0.009171114257706132,22.2672778561354,0.2555713608345187,12.778568041725936,0.5232722143864598,0.004310344827586207,10.465429089052089,0.36036036036036034,7.207196740378263,0.5899153737658674,0.0024296448623104426,5.899128036196802,0.44950213371266,4.495001753195642,0.2918995609810182,0.7782288371059654,0.18114143920595532,18.053763440860212,0.4094292803970223,8.189287888009737,0.49627791563275436,4.963204780611962
2019-01-15,14,6885750,2575,1958,0.0003739607159713902,0.07104201863394403,0.832632126155656,0.0036299012405864475,0.2279611650485437,0.08524542550101656,227.95288879364068,0.04954034729315628,49.53854870372508,0.2920388349514563,0.054603543421434794,146.01411616083286,0.1041879468845761,52.092082142061415,0.36,0.026924976037642684,71.99947718493131,0.16956077630234934,33.91190901344512,0.40310679611650485,0.015074501147288623,40.31038690289034,0.21961184882533197,21.961025415333435,0.44,0.008227135751370584,22.0,0.2665985699693565,13.329928498467824,0.5176699029126214,0.003871758527744214,10.35338302229698,0.3672114402451481,7.344218139081317,0.6135922330097088,0.00229459057533228,6.135913419065727,0.49284984678243104,4.928491310301441,0.2656995162293342,0.7695191107847317,0.1746031746031746,17.402116402116402,0.41005291005291006,8.201761550818155,0.5079365079365079,5.0798007024422125
2019-01-16,15,6885750,2347,1515,0.0003408488545183894,0.13228046172660163,0.8980390701783261,0.004673421812453386,0.3489561141883255,0.11893697356956143,348.94344514555075,0.07128712871287128,71.28454059463455,0.42011077971878996,0.07159453964565786,210.04776368346342,0.1372937293729373,68.6443724244629,0.5010651896037495,0.03415725115454994,100.21231024177344,0.23234323432343235,46.4683094409531,0.5462292288027268,0.01861802550175724,54.62252624572856,0.297029702970297,29.702754614245592,0.57988922028121,0.009882728824020623,28.994461014060505,0.34917491749174917,17.45874587458746,0.63996591393268,0.004362613966754674,12.79926251452109,0.44224422442244227,8.844845953012824,0.7409458883681296,0.0025254945699688344,7.409426602114572,0.5986798679867987,5.986772596554202,0.32091282216011746,0.8093162723967853,0.2034383954154728,20.27602674307545,0.45558739255014324,9.112529304506381,0.5501432664756447,5.501904485739703
2019-01-17,16,6885750,2141,1120,0.0003109319972406782,0.19822755004826417,0.8952633515813779,0.004890562482198895,0.48388603456328816,0.15045018878884694,483.8684668158818,0.12410714285714286,124.1026370793743,0.5516113965436712,0.08575370316584374,275.79568499495963,0.18392857142857144,91.96094690054355,0.6043904717421765,0.03758459438264254,120.8772166138631,0.25357142857142856,50.71391746160837,0.6328818309201307,0.019678178279938424,63.28772353623821,0.29910714285714285,29.910497094434508,0.6637085474077534,0.010318411211560106,33.18542737038767,0.35714285714285715,17.857142857142858,0.6964035497431107,0.0043306766428106705,13.928050767507509,0.41964285714285715,8.392844954141385,0.7580569827183559,0.002357028024380645,7.580525791162553,0.5375,5.374968776276941,0.36075744071188787,0.8167535233365086,0.2356687898089172,23.48832271762208,0.4872611464968153,9.746058712348821,0.5828025477707006,5.828525308365471
2019-01-18,17,6885750,2040,1014,0.00029626402352684895,0.19443415684534143,0.873558900786258,0.0028673715200810716,0.4553921568627451,0.13491141446413013,455.3756236011686,0.08185404339250493,81.85107163664549,0.5279411764705882,0.07820214928841127,263.96100463856754,0.1291913214990138,64.59331556867807,0.611764705882353,0.03624851142931831,122.352052732563,0.23274161735700197,46.547985469109655,0.6392156862745098,0.018937523599291295,63.9211044724608,0.27909270216962523,27.909067558809394,0.6720588235294118,0.009955342555277203,33.60294117647059,0.3431952662721893,17.15976331360947,0.696078431372549,0.00412444196590655,13.921507973892657,0.3905325443786982,7.810616858091956,0.721078431372549,0.0021362928710846733,7.210773841701612,0.43984220907297833,4.398415703022267,0.36947252213750015,0.8014986927744605,0.2656826568265683,26.479704797047972,0.5313653136531366,10.628217705847728,0.5904059040590406,5.904565392137626
2019-01-19,18,6885750,2482,1344,0.0003604545619576662,0.17283297981513604,0.837431115621622,0.004280897706200833,0.4121676067687349,0.1485623003194888,412.15264279811447,0.0625,62.497730903282026,0.5068493150684932,0.09134475747894279,253.41545681330794,0.15029761904761904,75.14608120513672,0.5854149879129734,0.042202794156089345,117.08214740543603,0.24702380952380953,49.404403160956505,0.6281224818694601,0.02264079700252694,62.811792087086985,0.31845238095238093,31.84500685676112,0.6643835616438356,0.011973917337128584,33.21893686709635,0.38467261904761907,19.23349129082418,0.6925866236905721,0.004992912910121759,13.851712357321073,0.43452380952380953,8.690463569536469,0.7252215954875101,0.0026140905288595593,7.252205422681189,0.49404761904761907,4.940469015558403,0.3653178837359657,0.7733631227654134,0.2620689655172414,26.11954022988506,0.5172413793103449,10.345714792689419,0.5896551724137931,5.897057431832969
2019-01-20,19,6885750,2572,1481,0.0003735250335838507,0.1913172428669883,0.7803244753889081,0.00465594567196193,0.4140746500777605,0.15466163229741506,414.0596168708887,0.08642808912896692,86.42495130987278,0.48639191290824263,0.09083647981411559,243.18712709177547,0.1512491559756921,75.62183239613869,0.5602643856920684,0.04185425077696128,112.05206348657121,0.2451046590141796,49.02057584614387,0.5948678071539658,0.022219640419413867,59.48634876282233,0.29844699527346386,29.84448281542092,0.6209175738724728,0.011596412881675925,31.045878693623642,0.3416610398379473,17.083051991897367,0.6368584758942457,0.004757644762524398,12.737151020043692,0.36934503713706957,7.386890014948464,0.6543545878693624,0.0024441781940965036,6.543545878693624,0.399729912221472,3.9972991222147196,0.35090598931609995,0.7850375668504537,0.26158940397350994,26.071743929359826,0.48344370860927155,9.66970340667704,0.5695364238410596,5.695852691604284
2019-01-21,20,6885750,2414,1502,0.00035057909450677123,0.1556569434872642,0.7783238872318474,0.0049541812562308475,0.38193869096934546,0.13389485913447574,381.9248244760631,0.09187749667110519,91.87416100828675,0.4515327257663629,0.07914609352309032,225.75816631177264,0.15379494007989347,76.89467823519651,0.5182270091135046,0.036335647274100324,103.64464922023045,0.24234354194407456,48.468356441994004,0.5579950289975145,0.019561997153562403,55.79909772168282,0.2956058588548602,29.560371236600734,0.5874067937033969,0.010296552325074792,29.370126417723178,0.3402130492676431,17.010528943584433,0.6106048053024027,0.004281299377265545,12.212078370756515,0.37616511318242346,7.523291337763361,0.6375310687655343,0.002235044156281723,6.375292170305251,0.4194407456724368,4.19439527389672,0.3410125356603238,0.755873911508359,0.24203821656050956,24.123142250530787,0.47770700636942676,9.55495952191061,0.5414012738853503,5.414477062416012
2019-01-22,21,6885750,1942,1061,0.0002820317322005591,0.13219174997868502,0.8951766430316953,0.004253932842107672,0.41503604531410915,0.11704908510020332,415.02097720325696,0.08011310084825636,80.11019229826913,0.48918640576725025,0.06898054022654662,244.58432279348273,0.1413760603204524,70.68546379259041,0.6004119464469619,0.033866798338609894,120.08151733268954,0.28180961357210177,56.36151345244126,0.6472708547888775,0.018254959481832176,64.72661547478162,0.3600377002827521,36.00350859336548,0.6894953656024717,0.009722978615256145,34.474768280123584,0.43355325164938735,21.67766258246937,0.7492276004119465,0.004226100746756359,14.984486723469413,0.5428840716305372,10.857634127811146,0.7847579814624099,0.002213234386459188,7.847465847868875,0.6079170593779454,6.079082308809642,0.3544498873109083,0.8112015616006109,0.2542372881355932,25.33898305084746,0.5322033898305085,10.644980666918626,0.5966101694915255,5.966613367444835
2019-01-23,22,6885750,1512,845,0.0002195839233198998,0.11694647035048462,0.8798021903508122,0.0018641267989875936,0.3425925925925926,0.07522509439442347,342.5801545809533,0.020118343195266272,20.117612787802024,0.43386243386243384,0.04763287830380482,216.92334112461907,0.0757396449704142,37.868447600568516,0.5337301587301587,0.023439542246362077,106.74525662889397,0.1881656804733728,37.632862828415774,0.6018518518518519,0.013215603125272299,60.18474816127231,0.29704142011834317,29.70392632054201,0.6375661375661376,0.006999912864155218,31.878075399706876,0.3585798816568047,17.928863894669778,0.7083333333333334,0.003110749658717941,14.166563797961022,0.4816568047337278,9.63306614538693,0.7605820105820106,0.0016701158189013543,7.605820105820106,0.5751479289940828,5.7514792899408285,0.3014790259385699,0.7870076098037144,0.2550607287449393,25.421052631578945,0.4979757085020243,9.96036833077548,0.5465587044534413,5.466055791279227
2019-01-24,23,6885750,1148,649,0.0001667211269651091,0.13022015016415145,0.8825481884819434,0.001412281181384918,0.4189895470383275,0.06985187336625036,418.9743353934307,0.05238828967642527,52.38638769088663,0.4729965156794425,0.03942782457159454,236.48967164099054,0.1016949152542373,50.84561158233114,0.5278745644599303,0.017601440645967064,105.57414627871752,0.18181818181818182,36.363372315621874,0.5592334494773519,0.009323535391675622,55.922938870409766,0.23266563944530047,23.266394998554674,0.6054006968641115,0.005046654322332353,30.270034843205575,0.3081664098613251,15.408320493066256,0.7038327526132404,0.0023468723859094713,14.07663460912556,0.47919876733436056,9.58396142814322,0.759581881533101,0.0012663761166111659,7.595774690727644,0.5778120184899846,5.77808661942553,0.2637151245062517,0.767675289981127,0.2644230769230769,26.354166666666668,0.4375,8.750750428816467,0.5144230769230769,5.144671955403088
2019-01-25,24,6885750,878,388,0.00012750971208655556,0.12436335343249713,0.901646225016146,0.002133893341184699,0.5478359908883826,0.06985187336625036,547.8161014028,0.1056701030927835,105.66626668183764,0.6264236902050114,0.039936102236421724,313.20047377498963,0.19845360824742267,99.22320164026218,0.6970387243735763,0.01777571233553109,139.4067325904137,0.32216494845360827,64.43252182213926,0.7300683371298405,0.00930901275087862,73.00630358697319,0.3917525773195876,39.17497326786068,0.7539863325740319,0.004807029009185637,37.699316628701595,0.44587628865979384,22.29381443298969,0.8018223234624146,0.0020447997025745887,16.03642317995783,0.5515463917525774,11.030911815138225,0.8325740318906606,0.0010616112092201877,8.325728227662765,0.6211340206185567,6.211331185626897,0.2780854478558576,0.8086689317958689,0.292817679558011,29.1841620626151,0.5193370165745856,10.387631132549302,0.6022099447513812,6.022615922595074
2019-01-26,25,6885750,927,419,0.00013462585774970046,0.22622288717134703,0.9078648642177516,0.0022398271152475648,0.540453074433657,0.07275631716526285,540.4334529888982,0.09785202863961814,97.84847606814559,0.6116504854368932,0.04117049085100203,305.8141395655742,0.18377088305489261,91.8821055761855,0.6882416396979504,0.018530889656975226,137.6473284309786,0.31742243436754175,63.48402589230883,0.7216828478964401,0.00971564669319469,72.16776075260555,0.38663484486873506,38.66320373892493,0.7529665587918015,0.005068438441709327,37.648327939590075,0.45584725536992843,22.79236276849642,0.8004314994606256,0.0021551724137931034,16.008606740319163,0.5608591885441527,11.217167480475357,0.8317152103559871,0.0011196874750393924,8.317031317424485,0.630071599045346,6.300624488082795,0.2781305271862357,0.8096909124679655,0.2962962962962963,29.530864197530864,0.5432098765432098,10.86512928022362,0.6296296296296297,6.296836287402325
2019-01-27,26,6885750,1055,553,0.0001532149729513851,0.218519237354303,0.8843949830073148,0.0024207569875799866,0.4843601895734597,0.0742085390647691,484.342604611596,0.081374321880651,81.37136754134369,0.5450236966824644,0.04175137961080453,272.50195464938133,0.16817359855334538,84.08374645938848,0.6246445497630332,0.01914084057044933,124.92800280376443,0.29294755877034356,58.589086316851876,0.6654028436018957,0.010194893839495773,66.53980118986541,0.36528028933092227,36.527763691370616,0.704265402843602,0.00539520023236394,35.21327014218009,0.4358047016274864,21.790235081374323,0.7535545023696683,0.002309113300492611,15.071068160063504,0.5298372513562387,10.596729637763211,0.7914691943127962,0.0012126422676265178,7.914645966169948,0.6021699819168174,6.021664838723988,0.34610217712962166,0.8158468585084138,0.3253012048192771,32.42168674698795,0.572289156626506,11.446764760586083,0.6144578313253012,6.145105292525161
2019-01-28,27,6885750,1025,578,0.00014885814907599027,0.15731749468768821,0.8410194146833895,0.00258029920116017,0.4868292682926829,0.07246587278536161,486.8115936895646,0.11418685121107267,114.18270559492355,0.5365853658536586,0.039936102236421724,268.28294241408867,0.18339100346020762,91.69217267471133,0.584390243902439,0.017398123674809026,116.87720009152805,0.2647058823529412,52.9407920477436,0.6214634146341463,0.00925092218769061,62.14589019891767,0.3304498269896194,33.04474274875499,0.646829268292683,0.004814290382311295,32.34146341463415,0.3754325259515571,18.771626297577853,0.6897560975609756,0.0020534894798601186,13.794941644826157,0.44982698961937717,8.996422204906375,0.7229268292682927,0.0010761245574238071,7.2291948012497365,0.5086505190311419,5.086453481820153,0.30807146337397917,0.7458281396449933,0.3271604938271605,32.60699588477366,0.49382716049382713,9.877390254748745,0.5555555555555556,5.556032018296169
2019-01-29,28,6885750,940,493,0.00013651381476237156,0.15494690315199475,0.7899846445800339,0.0008662062136933692,0.5074468085106383,0.06927098460644787,507.42838537643456,0.07707910750507099,77.07630910587318,0.5404255319148936,0.03688643624745861,270.2029557350406,0.1257606490872211,62.8780416390018,0.5553191489361702,0.015161636992070638,111.06302331718128,0.15212981744421908,30.42574255617449,0.5712765957446808,0.007798658107990357,57.1272447522283,0.18255578093306288,18.255445533704695,0.5904255319148937,0.004030032821168201,29.52106223229675,0.21906693711967545,10.953267320222816,0.6191489361702127,0.001690445208662515,12.38296073994459,0.2738336713995943,5.476665474369588,0.6297872340425532,0.0008597428323298159,6.2978449018245,0.29411764705882354,2.9411636564561956,0.2584296670183763,0.7035112033738007,0.3082191780821918,30.71917808219178,0.4657534246575342,9.31586738410207,0.4931506849315068,4.931929791583449
2019-01-30,29,6885750,987,382,0.00014333950550049013,0.26089220723707907,0.8586668317740828,0.0028382859641388324,0.668693009118541,0.09584664536741214,668.6687318527438,0.18586387434554974,185.85712645583345,0.7122593718338399,0.051045599767644494,356.11675643369614,0.2670157068062827,133.50300632742966,0.7365754812563323,0.021115919718841674,147.31402654915306,0.32460732984293195,64.92099455302126,0.7416413373860182,0.010630573063405849,74.16359520906467,0.337696335078534,33.76938829572476,0.7507598784194529,0.005380677486112624,37.537993920972646,0.3612565445026178,18.062827225130892,0.7598784194528876,0.002178364483945454,15.197237330625542,0.38481675392670156,7.696167424304115,0.7669706180344478,0.001099370294637048,7.669695041840987,0.4031413612565445,4.031407757854255,0.33111909500841263,0.7564835672071106,0.34057971014492755,33.94444444444445,0.5217391304347826,10.435677530017154,0.572463768115942,5.725128644939966
2019-01-31,30,6885750,981,392,0.00014246814072541117,0.1686226056413182,0.8932196418067094,0.003887699575569347,0.6228338430173292,0.08873075805983154,622.8112306936646,0.15816326530612246,158.1575231021831,0.7064220183486238,0.050319488817891375,353.1981856552452,0.29591836734693877,147.9538119343003,0.7686034658511722,0.021900142321879812,153.71957695502948,0.42857142857142855,85.71366331539441,0.7859327217125383,0.011196956054488949,78.59270148032343,0.4719387755102041,47.19353486115466,0.800203873598369,0.005700136512823492,40.00990315308293,0.5076530612244898,25.382468749648048,0.8124362895005097,0.0023148954956838962,16.248513414276644,0.5357142857142857,10.714145675348666,0.8226299694189603,0.0011719788143408382,8.226251907081984,0.5612244897959183,5.61221229606515,0.22101665010376415,0.7691414040145669,0.2890625,28.809895833333332,0.4921875,9.844594232418524,0.59375,5.93800921955403
2019-02-01,31,6885750,921,363,0.0001337544929746215,0.25389047000650034,0.9155288472798722,0.003854046185137142,0.6568946796959826,0.0878594249201278,656.8708307749946,0.1763085399449036,176.30213896683415,0.7079261672095548,0.047342433923903575,353.95023278123676,0.27548209366391185,137.73604606783917,0.761129207383279,0.020360742397397543,152.22473611604792,0.39944903581267216,79.88922705704805,0.7893593919652552,0.010557959859420837,78.93536601738005,0.47107438016528924,47.10709595432834,0.8099891422366993,0.005416945017281943,40.499163032300906,0.5206611570247934,26.032868816865662,0.8273615635179153,0.002213263314434427,16.547207239269117,0.5647382920110193,11.29474943714238,0.8338762214983714,0.0011153436725304506,8.338737994708524,0.581267217630854,5.812655293164966,0.2949905585386674,0.8168659860815473,0.33070866141732286,32.960629921259844,0.5669291338582677,11.339555111357221,0.6377952755905512,6.378499750138437
2019-02-02,32,6885750,722,397,0.00010485422793450242,0.12805562836439327,0.8637295007502384,0.003925715610687199,0.5470914127423823,0.05736276503049666,547.0715502891168,0.20654911838790932,206.54161950908315,0.6038781163434903,0.03165843740923613,301.9280961089303,0.28463476070528965,142.31221344223414,0.6481994459833795,0.013593191785994366,129.63894783990403,0.3602015113350126,72.03977915928616,0.6703601108033241,0.007028958145749223,67.03552431037771,0.4005037783375315,40.05008701512762,0.6814404432132964,0.0035725955778237663,34.072022160664815,0.42065491183879095,21.03274559193955,0.6994459833795014,0.0014667781999000847,13.988736828202228,0.4534005037783375,9.067891553947486,0.7119113573407202,0.0007464648210299763,7.1190722180154555,0.4760705289672544,4.760677634427236,0.29005033320257134,0.7677768780406296,0.2962962962962963,29.530864197530864,0.4962962962962963,9.92677720602249,0.5407407407407407,5.407871164474938
2019-02-03,33,6885750,476,343,6.912827215626475e-05,0.018405088839252015,0.7880297919610937,0.0011029559652451014,0.31932773109243695,0.02207377287249492,319.3161377243317,0.08163265306122448,81.62968934306224,0.3949579831932773,0.013650885855358699,197.47182201373144,0.17784256559766765,88.9180544629785,0.4432773109243697,0.006128554416335067,88.65481842915796,0.23615160349854228,47.229977745217326,0.453781512605042,0.0031368448568814536,45.377162758973675,0.25072886297376096,25.072340118525894,0.47478991596638653,0.001641070326398722,23.73949579831933,0.27696793002915454,13.848396501457726,0.49789915966386555,0.0006883731737779197,9.95791088517082,0.30903790087463556,6.180713137028441,0.523109243697479,0.0003616163816577715,5.23109243697479,0.34402332361516036,3.4402332361516033,0.13944017882874787,0.7714141656449349,0.23076923076923078,23.0,0.452991452991453,9.06060606060606,0.5128205128205128,5.128644939965695
2019-02-04,34,6885750,454,339,6.59332679809752e-05,0.0350803654169173,0.6998877908557882,0.00036661312344515016,0.28634361233480177,0.01887888469358118,286.3332164731864,0.058997050147492625,58.994908227286864,0.30837004405286345,0.010165553296543712,154.17942425479265,0.07964601769911504,39.821563053418636,0.32819383259911894,0.004327746957506753,65.63828989570953,0.10324483775811209,20.648817612853126,0.33480176211453744,0.0022074414011443843,33.479933101167276,0.11209439528023599,11.2093581326917,0.3392070484581498,0.0011182514613513415,16.960352422907487,0.11504424778761062,5.7522123893805315,0.3590308370044053,0.0004734394651005405,7.180585455541954,0.1415929203539823,2.8318460692250804,0.3854625550660793,0.00025414547577485327,3.854586365235013,0.17699115044247787,1.7698935118247239,0.11639969007542159,0.7016885451867256,0.15833333333333333,15.780555555555557,0.35833333333333334,7.167281303602058,0.43333333333333335,4.333704974271012
2019-02-05,35,6885750,416,270,6.041462440547507e-05,0.04114238719592748,0.7493433965739018,0.0007596459935838432,0.41586538461538464,0.02512343886145803,415.85028639491503,0.10740740740740741,107.40350792267724,0.43990384615384615,0.013287830380482138,219.9439376019348,0.14074074074074075,70.36781553554717,0.46153846153846156,0.00557669406604897,92.30702203196321,0.17037037037037037,34.073826651304934,0.49038461538461536,0.0029626187225885157,49.038105454480466,0.21481481481481482,21.48132549756181,0.5096153846153846,0.0015394111026395092,25.480769230769234,0.24444444444444444,12.222222222222221,0.5360576923076923,0.0006477116608430708,10.721107136178306,0.2851851851851852,5.703678853779496,0.5745192307692307,0.0003470911150483604,5.74515059001021,0.34444444444444444,3.444419433229738,0.10133884406004336,0.7124858092348338,0.12698412698412698,12.656084656084657,0.373015873015873,7.460957281711999,0.4365079365079365,4.365453728661276
2019-02-06,36,6885750,390,262,5.663871038013288e-05,0.05035726187466975,0.7768890971717621,0.0009583054992950314,0.3923076923076923,0.02221899506244554,392.2934493621394,0.11068702290076336,110.68300434779718,0.4256410256410256,0.01205344176590183,212.81278625527827,0.14885496183206107,74.42477878558776,0.46153846153846156,0.00522815068692091,92.30702203196323,0.20229007633587787,40.45772148856403,0.4948717948717949,0.0028028696738214877,49.486820144913615,0.2480916030534351,24.80898015808172,0.5256410256410257,0.0014885814907599027,26.28205128205128,0.29389312977099236,14.694656488549619,0.5692307692307692,0.0006448071242473619,11.384565784067366,0.35877862595419846,7.175541256514506,0.6102564102564103,0.00034564085881587506,6.1025552399779786,0.4198473282442748,4.198467185115391,0.08109515903162628,0.6906705375290481,0.10687022900763359,10.651399491094148,0.31297709923664124,6.260078823668051,0.4122137404580153,4.122490932659448
2019-02-07,37,6885750,530,400,7.697055513197545e-05,0.055225628009224134,0.8209304149062421,0.0027408422513784513,0.3433962264150943,0.02643043857101365,343.3837592270892,0.1425,142.494826459483,0.4075471698113208,0.015683996514667443,203.76618679409688,0.22,109.99600638977635,0.47735849056603774,0.007348456243283279,95.47100486261856,0.3125,62.49954616747509,0.539622641509434,0.004153475267942723,53.96187231365397,0.395,39.499713177844264,0.5981132075471698,0.0023018385663249007,29.905443222776764,0.47,23.499829358970636,0.6320754716981132,0.0009730225857421693,12.641491075045552,0.515,10.299985041593084,0.660377358490566,0.0005082961187960643,6.60377358490566,0.5525,5.5249999999999995,0.07241657653123133,0.6960250989921226,0.09395973154362416,9.364653243847876,0.2751677852348993,5.503827690607481,0.3959731543624161,3.9600711432419677
2019-02-08,38,6885750,742,528,0.00010775877718476563,0.15208389184835056,0.7905400258490773,0.0036898949526964417,0.40970350404312667,0.04414754574498984,409.68862953310486,0.17992424242424243,179.91771017611492,0.4326145552560647,0.023308161487075225,216.29942447389251,0.20833333333333334,104.16288483880336,0.4838274932614555,0.010427256092247815,96.76479600700188,0.2784090909090909,55.68141385829599,0.5053908355795148,0.005445990298875948,50.538716577473124,0.3068181818181818,30.681595391305954,0.5363881401617251,0.0028900265040119086,26.819407008086255,0.3484848484848485,17.424242424242422,0.6159029649595688,0.0013273770796542429,12.318041410012404,0.4602272727272727,9.20453208703707,0.6415094339622641,0.0006912736862895449,6.415010492410019,0.4962121212121212,4.962056355704408,0.06951821394199681,0.6696014042668107,0.10559006211180125,10.523809523809526,0.2857142857142857,5.714775790247488,0.37888198757763975,3.789144817446705
2019-02-09,39,6885750,1173,889,0.00017035181352793814,0.12652334477754787,0.7539672273583494,0.0033146442860364726,0.3248081841432225,0.05532965437118792,324.7963918042687,0.1203599550056243,120.35558527156222,0.3435635123614663,0.02926227127505083,171.77551955002662,0.14285714285714285,71.42597817517945,0.36658141517476556,0.012489471085422173,73.31575066193156,0.16985376827896512,33.97050698326655,0.3938618925831202,0.0067094600482151675,39.38590326257254,0.20247469066366705,20.247322043006555,0.42028985507246375,0.0035798569509494244,21.014492753623188,0.2373453318335208,11.86726659167604,0.5089514066496164,0.001734008347638176,10.178983784952745,0.3532058492688414,7.064086208397377,0.5652173913043478,0.0009628566781299377,5.652165704546649,0.42744656917885265,4.274459484099482,0.07900094378125902,0.6668774531181858,0.09183673469387756,9.153061224489797,0.25510204081632654,5.102478384149544,0.35714285714285715,3.5717348689046804
2019-02-10,40,6885750,1811,1388,0.00026300693461133503,0.16767563352193127,0.7935561098260494,0.007920413754216227,0.3418001104362231,0.08989253557943654,341.7877011960823,0.14697406340057637,146.96872742673813,0.3754831584759801,0.04937554458321231,187.7347631771696,0.18659942363112392,93.29632451844407,0.4014356709000552,0.021115919718841674,80.28655118940587,0.21902017291066284,43.80371650700272,0.4224185532854776,0.011109820209706934,42.24154859690199,0.24639769452449567,24.63959053518903,0.46659304251794587,0.006135860291181063,23.329652125897294,0.30403458213256485,15.201729106628243,0.5643290999447819,0.00296841053524334,11.286434479874007,0.4315561959654179,8.631011107922566,0.6300386526780785,0.001657030908491521,6.300331627910265,0.5172910662824207,5.1728655882956085,0.12772176393608858,0.6854452699766137,0.11848341232227488,11.808846761453395,0.2938388625592417,5.877281262955947,0.3791469194312796,3.7917943631973854
2019-02-11,41,6885750,1990,1505,0.00028900265040119087,0.08455646744114283,0.7823992559678589,0.0024427823361909263,0.27839195979899495,0.08045309323264595,278.3818526264783,0.06511627906976744,65.11391498760545,0.30100502512562816,0.043494045890212024,150.4970484866972,0.08970099667774087,44.848870016973144,0.33467336683417087,0.019344157541607367,66.93418733272509,0.12624584717607973,25.24898609290688,0.3763819095477387,0.010877457956954892,37.63791765181013,0.18006644518272424,18.006513766257278,0.43165829145728646,0.006237519514940275,21.582914572864322,0.25182724252491695,12.591362126245846,0.5160804020100502,0.0029829590837929763,10.321563070968587,0.3627906976744186,7.255782341322633,0.5849246231155779,0.0016904304788681668,5.849186768777125,0.45382059800664454,4.538159845485726,0.14511791560791848,0.7054143582252834,0.11790393013100436,11.751091703056769,0.314410480349345,6.288748904551821,0.4148471615720524,4.148827402308493
2019-02-12,42,6885750,2712,1788,0.0003938568783356933,0.22138444000412144,0.8330513517528704,0.005518190499151056,0.3864306784660767,0.15219285506825442,386.4166488887289,0.09619686800894854,96.1933755289889,0.4362094395280236,0.08589892535579437,218.09680135275113,0.15548098434004473,77.73766975889218,0.4752949852507375,0.03743936797467252,95.05830679631316,0.2086129753914989,41.72229211716906,0.5136430678466076,0.02023003863022452,51.36393381197216,0.2634228187919463,26.34209059944588,0.5446165191740413,0.010725048106596958,27.230825958702066,0.3098434004474273,15.492170022371367,0.5800147492625368,0.004568809524501076,11.600177058751212,0.3629753914988814,7.259434031134775,0.6202064896755162,0.0024427152769911325,6.20203787556847,0.42393736017897093,4.239355131666056,0.17609567141600374,0.7284613200223843,0.15328467153284672,15.277372262773723,0.2956204379562044,5.912915826770668,0.4051094890510949,4.051442325750272
2019-02-13,43,6885750,3706,2732,0.0005382129760737756,0.12124820541100537,0.7465085462247657,0.0014934264098846438,0.26983270372369134,0.14522218995062444,269.8229072996525,0.02745241581259151,27.451419137605573,0.3022126281705343,0.0813244263723497,151.10082808780544,0.05966325036603221,29.830542129531388,0.3240690771721533,0.03488338319440007,64.81334480055054,0.08565153733528551,17.13018307840606,0.33351322180248244,0.017949984025095123,33.35108000561218,0.09663250366032211,9.663180198075212,0.34295736643281166,0.009229205242711397,17.147868321640583,0.10944363103953147,5.472181551976574,0.365353480841878,0.003932742550589766,7.307037781360896,0.1390922401171303,2.781832682387558,0.39152725310307607,0.00210723823991147,3.9152497869590945,0.174597364568082,1.7459635032068515,0.22448083035146285,0.7290255347819394,0.1773049645390071,17.671394799054372,0.3262411347517731,6.525382285318055,0.41134751773049644,4.113827962483121
2019-02-14,44,6885750,3449,2611,0.0005008895182078931,0.07930044913242916,0.6999453907514116,0.0016052442517809809,0.23456074224412873,0.11748475167005519,234.5522263879625,0.021830716200689392,21.829923624585675,0.28095100028993913,0.07036015103107755,140.4704001050282,0.06127920337035619,30.63848929766411,0.3174833285010148,0.03180458334543553,63.496204630569075,0.1037916507085408,20.758179408822063,0.3348796752681937,0.016773650120537918,33.48772435995766,0.12294140176177709,12.294050904486866,0.3482168744563642,0.008720909123915332,17.410843722818207,0.13979318268862506,6.989659134431252,0.36938242968976515,0.003700368875076244,7.387594949711873,0.1669858291842206,3.339692332932258,0.38619889823137143,0.001934398898612519,3.861927287944666,0.18919954040597473,1.8919651798765011,0.249448234463005,0.7215300635111955,0.21509433962264152,21.4377358490566,0.35094339622641507,7.019469885756821,0.44528301886792454,4.453212078060779
2019-02-15,45,6885750,2892,1449,0.0004199978215880623,0.17043679679779072,0.9078304574034686,0.009523418207158013,0.4581604426002766,0.1924194016845774,458.14380883457085,0.06970324361628709,69.70071300186595,0.5950899031811895,0.12496369445251235,297.53414905822507,0.23395445134575568,116.9729787506562,0.6936376210235131,0.05826483487757414,138.7265168597013,0.3968253968253968,79.36450306980964,0.7278699861687413,0.03057015887769032,72.78647008715633,0.4610075914423741,46.10042439185465,0.7631396957123098,0.01602585048832734,38.156984785615485,0.5300207039337475,26.501035196687372,0.8001383125864454,0.00672109768247025,16.00269653079859,0.6017943409247757,12.035834380484925,0.8226141078838174,0.0034549462805956626,8.226105239146467,0.6466528640441684,6.466500467038059,0.3629733736758081,0.7844982012387346,0.3135593220338983,31.251412429378533,0.4703389830508475,9.407586417420124,0.5550847457627118,5.551323516585749
2019-02-16,46,6885750,1549,666,0.00022495733943288677,0.15990484837678073,0.8940960011504991,0.00206693228348601,0.47127178825048416,0.10601219866395585,471.2546784701962,0.04954954954954955,49.54775062602538,0.5745642349903163,0.06462387452802788,287.2716875605991,0.12912912912912913,64.56222051269975,0.6688185926404132,0.030090911731389235,133.7627472268647,0.25375375375375375,50.75038223328909,0.7043253712072305,0.015844201109529756,70.43202568750452,0.32732732732732733,32.732495049872846,0.736604260813428,0.008285166574689942,36.82994560469417,0.3963963963963964,19.81967590175787,0.788896061975468,0.0035493024836403876,15.777669190914652,0.515015015015015,10.300135755416576,0.8082633957391866,0.0018182372683453896,8.082587004847815,0.5585585585585585,5.585553138557224,0.29840815663143316,0.7510494394027745,0.2589641434262948,25.810092961487385,0.41832669322709165,8.36725140603965,0.5219123505976095,5.219571115196162
2019-02-17,47,6885750,1873,1035,0.000272011037287151,0.20705281582235294,0.8455699404607845,0.0034319931066274802,0.4383342231713828,0.11922741794946268,438.31830920742794,0.08599033816425121,85.9872162379455,0.5066737853710624,0.0689079291315713,253.32769515094344,0.14782608695652175,73.9103600247509,0.5680726107848372,0.030904179616021377,113.61369716552012,0.2318840579710145,46.37647483731485,0.596903363587827,0.016236312411048826,59.689902928125704,0.2782608695652174,27.82588490238891,0.6203950880939669,0.008437715572014668,31.019754404698343,0.3188405797101449,15.942028985507246,0.6534970635344367,0.0035551424671062186,13.069846365657577,0.37777777777777777,7.555500692245878,0.6855312333155366,0.001864715202511847,6.855292421620902,0.43381642512077295,4.338151650832604,0.2488008342687261,0.7328212072125035,0.20640569395017794,20.5717674970344,0.3594306049822064,7.189228618692125,0.4626334519572954,4.626731289257308
2019-02-18,48,6885750,2989,2032,0.00043408488545183897,0.14876876236617484,0.8145910167733158,0.0055769603150856864,0.34526597524255603,0.14986930002904444,345.253440172296,0.07086614173228346,70.86356889820954,0.40715958514553363,0.08836770258495498,203.57240149694002,0.1437007874015748,71.84778513290689,0.4774171963867514,0.041447616834645214,95.48274594150494,0.23523622047244094,47.046902469374956,0.49815991970558715,0.021624212146736762,49.81563024068004,0.2637795275590551,26.377761217139096,0.5229173636667782,0.011349526195403551,26.14586818333891,0.2992125984251969,14.960629921259844,0.5613917698226831,0.004873826563807046,11.227819090576903,0.3558070866141732,7.116131397706407,0.594847775175644,0.002582136783540548,5.948460474160029,0.4050196850393701,4.050185086431645,0.2911110317471595,0.752385113191995,0.21036585365853658,20.966463414634145,0.4054878048780488,8.110451616951847,0.4634146341463415,4.634543781115341
2019-02-19,49,6885750,4271,3204,0.0006202664923937117,0.14299588367138868,0.8212923419146081,0.008632231788399797,0.27276984312807306,0.16918385129247748,272.7599400695801,0.06585518102372034,65.85279011531838,0.332240693046125,0.10303514376996806,166.11431543293315,0.12141073657927591,60.70316434800676,0.405525638023882,0.050306427720816754,81.1045386744589,0.21223470661672908,42.44663310250493,0.4715523296651838,0.02924859856516309,47.15489055726334,0.29868913857677903,29.868696969924425,0.5057363615078436,0.015684565951421415,25.28681807539218,0.3430087390761548,17.15043695380774,0.5373448841020838,0.0066659114871517825,10.746850859905264,0.3848314606741573,7.696595680771325,0.5759775228283774,0.003572548882924959,5.75969994628905,0.4363295880149813,4.363238850560219,0.303314939362475,0.7668270373910357,0.21301775147928995,21.23076923076923,0.39349112426035504,7.870497427101201,0.4911242603550296,4.911663807890223
2019-02-20,50,6885750,4732,3233,0.0006872163526122789,0.19359808801803352,0.8722878708915068,0.013628041004058213,0.33516483516483514,0.23032239326169038,335.1526668219959,0.08042066192390968,80.41774220774921,0.41335587489433645,0.14202730177171072,206.6704338914956,0.16393442622950818,81.96423725020593,0.5040152155536771,0.06927299660170205,100.80231114754226,0.2830188679245283,56.603362566769896,0.5707945900253593,0.039225652792703826,57.07904453029594,0.3745746984225178,37.45719785156193,0.6134826711749789,0.021079766183785355,30.674133558748945,0.4361274358181256,21.806371790906276,0.6540574809805579,0.008989462433051015,13.080978645050937,0.4952056913083823,9.903984376420867,0.7011834319526628,0.00481864720618669,7.011834319526628,0.5641818744200433,5.6418187442004335,0.33091717487885325,0.759522957370137,0.21052631578947367,20.982456140350877,0.4293628808864266,8.587994089222335,0.5124653739612188,5.125093246793973
2019-02-21,51,6885750,4127,2583,0.0005993537377918164,0.20646465174943252,0.8974189927821694,0.019553834635364246,0.39011388417736853,0.23380772582050538,390.09972087922097,0.09678668215253582,96.78316825905074,0.504724981826993,0.15124891083357536,252.35332875509852,0.2346109175377468,117.30119992996951,0.6348437121395687,0.07609863777629323,126.96782046719437,0.42198993418505615,84.39737399618781,0.6920281075842016,0.04147666211623922,69.20230825463877,0.5098722415795587,50.98685392338503,0.7339471771262418,0.02199469919761827,36.69735885631209,0.5768486256291134,28.84243128145567,0.7664162830142961,0.009187075936425319,15.32830339937985,0.6287262872628726,12.57450748361931,0.7850739035619094,0.004705321951488712,7.8506592264267985,0.6585365853658537,6.585298908021015,0.37023583880226635,0.7593407347856028,0.26112759643916916,26.025717111770522,0.4599406528189911,9.199601976882086,0.5192878338278932,5.193323696626983
2019-02-22,52,6885750,2747,1613,0.00039893983952365395,0.10248744354120545,0.8818215505186829,0.007265127345463223,0.37495449581361484,0.1495788556491432,374.94088288536136,0.0657160570365778,65.71367117914836,0.4834364761558063,0.09642753412721464,241.70946236493197,0.16305021698698077,81.52214867979254,0.5850018201674554,0.046675767521566124,116.99951445636108,0.3000619962802232,60.01196348678575,0.6494357480888242,0.025908391181852508,64.9431032327779,0.40545567265964044,40.54527285160938,0.6993083363669458,0.013949097774389137,34.965416818347286,0.4897706137631742,24.48853068815871,0.7466326902074991,0.005957204557798826,14.932588745490813,0.5703657780533168,11.407265861618077,0.7732071350564252,0.0030846089052833365,7.732015205516831,0.6150030998140111,6.149986340794573,0.37690224952762885,0.7678940988814106,0.266025641025641,26.51388888888889,0.4967948717948718,9.936749571183535,0.5512820512820513,5.513293310463122
2019-02-23,53,6885750,2242,1350,0.0003255999709545075,0.10410918915011626,0.8547285281989931,0.0037246137108152646,0.35057983942908116,0.11414464130119083,350.5671114360726,0.047407407407407405,47.40568625552651,0.42908117752007136,0.06985187336625036,214.53279974650243,0.10296296296296296,51.479612418110825,0.5330062444246209,0.03470911150483604,106.60047481910115,0.2437037037037037,48.740386818605764,0.5847457627118644,0.019039182084870314,58.47415166855298,0.31851851851851853,31.85162056535027,0.6297948260481713,0.010253058853429184,31.489741302408568,0.39111111111111113,19.555555555555557,0.6735057983942908,0.004385837520694763,13.47001815705797,0.4622222222222222,9.244377317571427,0.6984834968777877,0.002274258760107817,6.984824824894024,0.5037037037037037,5.037029721886586,0.3575405996847264,0.7713727348949608,0.2789115646258503,27.798185941043084,0.5,10.000857632933105,0.5612244897959183,5.612726222564498
2019-02-24,54,6885750,2532,1380,0.00036771593508332426,0.18367060101509347,0.8795161003356369,0.0074302954363432705,0.43601895734597157,0.1603252977054894,436.0031274390101,0.09782608695652174,97.82253532687622,0.533175355450237,0.09802497821667151,266.5779991135252,0.19927536231884058,99.6340637588554,0.6251974723538705,0.04597868076331,125.03858651894227,0.32753623188405795,65.50677070770723,0.674565560821485,0.024804670481280315,67.4560662584818,0.40797101449275364,40.796805208450415,0.7112954186413902,0.01307773299931017,35.56477093206951,0.47391304347826085,23.695652173913043,0.7464454976303317,0.0054895901106050745,14.928888271761016,0.5376811594202898,10.753607571214394,0.768957345971564,0.002827570482313525,7.689551125035685,0.5782608695652174,5.782591899829208,0.3872320789503643,0.7813955879337787,0.265993265993266,26.510662177328847,0.5117845117845118,10.236568082194154,0.5858585858585859,5.859088310203233
2019-02-25,55,6885750,3057,1825,0.0004439603529027339,0.1765522055090779,0.9206809294826281,0.01253461560910841,0.37749427543343145,0.16758640720302062,377.4805702970884,0.08767123287671233,87.66804992460382,0.47693817468105987,0.10586697647400523,238.46042958975514,0.18794520547945207,93.96919101293471,0.609093882891724,0.05408231432803741,121.81789201317748,0.3715068493150685,74.30083033696107,0.6993784756297023,0.031049406023991404,69.9373397218511,0.5090410958904109,50.90373995799177,0.7752698724239451,0.017209454307809607,38.76349362119725,0.6312328767123287,31.56164383561644,0.8128884527314361,0.007217773440336461,16.257698222700945,0.6942465753424657,13.884871012911779,0.8429833169774289,0.003742511708964165,8.42983316977429,0.7435616438356164,7.435616438356164,0.3409640080173568,0.770805556444416,0.23905723905723905,23.82603815937149,0.48484848484848486,9.697801341026041,0.5656565656565656,5.657050782265191
2019-02-26,56,6885750,3318,2113,0.000481864720618669,0.16422936537192906,0.9125942066665522,0.015982184118556175,0.3719107896323086,0.17920418239907057,371.89728720747445,0.11358258400378608,113.57846032588874,0.46594333936106086,0.1122567528318327,232.96321151651358,0.21154756270705158,105.7699411784839,0.5940325497287523,0.057248250021783964,118.80564725361631,0.3814481779460483,76.28908162572255,0.6808318264014467,0.032806645560428706,68.08268826634176,0.5106483672503549,51.06446592689494,0.746534056660639,0.01798642123225502,37.326702833031945,0.6090866067203029,30.45433033601514,0.7989752863170585,0.007699948880007436,15.979482519744183,0.690487458589683,13.80972911627448,0.825497287522604,0.0039777628678232535,8.254936909919822,0.7321344060577378,7.321312162909748,0.3227313173152824,0.7558520396269741,0.24281150159744408,24.200212992545264,0.4504792332268371,9.010357356188932,0.5239616613418531,5.240065980194982
2019-02-27,57,6885750,2842,1839,0.00041273644846240423,0.15993018074992268,0.8855210700445286,0.008742218774104443,0.3669950738916256,0.1514667441185013,366.98174993454273,0.09624796084828711,96.24446651337395,0.4426460239268121,0.09134475747894279,221.31497671028512,0.1631321370309951,81.56310721472369,0.5277973258268824,0.04356792239100758,105.55869866427884,0.2784121805328983,55.68203177857053,0.6052076002814919,0.024978942170844346,60.52032056751987,0.3953235454051115,39.53206748341872,0.6558761435608726,0.013535101222806356,32.793569051702626,0.47090810222947255,23.545234140743204,0.7037297677691766,0.00580903944628236,14.074452275594217,0.5437737901033171,10.875365243947462,0.745249824067558,0.003075895320805135,7.452444125698086,0.6073953235454052,6.073909130533524,0.3074617786329281,0.7676164946990276,0.22641509433962265,22.566037735849058,0.4528301886792453,9.057380497750737,0.5220125786163522,5.220573481342439
2019-02-28,58,6885750,2336,1571,0.00033925135243074463,0.09829620832361542,0.8446048661902942,0.005127938164620839,0.3261986301369863,0.11065930874237584,326.1867873171295,0.0852959898154042,85.29289309779546,0.3981164383561644,0.06752831832704037,199.05099226045303,0.14194780394653086,70.97132522689697,0.4803082191780822,0.03258880594847367,96.06094630124255,0.23997453851050288,47.99455919569826,0.5261130136986302,0.017848325539516107,52.610919342347195,0.29980903882877147,29.980686181928217,0.5620719178082192,0.009534182913989036,28.10359589041096,0.35200509229789945,17.600254614894972,0.603595890410959,0.004095384704754713,12.07183015015615,0.41247612985359644,8.249462694645217,0.6361301369863014,0.002158055020237212,6.361227463869171,0.46085295989815406,4.608476056798838,0.2945533395141275,0.7807005230517496,0.21575342465753425,21.503424657534243,0.4349315068493151,8.699376160154138,0.5,5.000428816466552
2019-03-01,59,6885750,2170,1292,0.0003151435936535599,0.17560554105408768,0.880987874296682,0.003021924566080172,0.3705069124423963,0.11675864072030206,370.49346098609215,0.03715170278637771,37.15035397346794,0.44285714285714284,0.06977926227127505,221.4205323430563,0.09907120743034056,49.533805297957265,0.5138248847926268,0.032385488977315635,102.7642307491019,0.19427244582043343,38.85420702919195,0.571889400921659,0.018022597229080135,57.18852482494864,0.2848297213622291,28.482765312236324,0.6304147465437788,0.00993355843590023,31.520737327188943,0.3815789473684211,19.07894736842105,0.6797235023041475,0.004284191478670535,13.594410817629326,0.46439628482972134,9.2878852309143,0.7092165898617512,0.0022350506480775514,7.092165898617512,0.5139318885448917,5.139318885448916,0.28939209892791934,0.7851650263203244,0.23333333333333334,23.255555555555553,0.4888888888888889,9.778616352201258,0.5407407407407407,5.407871164474938
2019-03-02,60,6885750,2403,1432,0.00034898159241912645,0.18341230047267726,0.8480666825150209,0.0030409765477824218,0.3970037453183521,0.13854196921289574,396.98933188002366,0.052374301675977654,52.37240019828102,0.4519350811485643,0.07885564914318909,225.9593366990072,0.1005586592178771,50.27750419034978,0.5068664169787765,0.035377152981498156,101.37254729186472,0.17597765363128492,35.19527516023179,0.5568039950062422,0.01943129338638938,55.67999518740353,0.25837988826815644,25.837801208900316,0.6150645027049522,0.010732309479722615,30.753225135247604,0.3547486033519553,17.737430167597765,0.6541822721598003,0.004565931528454293,13.083588440305514,0.420391061452514,8.407784597813604,0.6895547232625884,0.002406415559066828,6.895537218412156,0.4797486033519553,4.79747906626244,0.35021535301948936,0.7856956774587593,0.2857142857142857,28.476190476190478,0.5238095238095238,10.477088948787062,0.5912698412698413,5.913205505186637
2019-03-03,61,6885750,2242,1332,0.0003255999709545075,0.13871829751861922,0.8717556524351417,0.003892648345506131,0.3920606601248885,0.1276503049665989,392.04642614797433,0.0533033033033033,53.301368097693974,0.467885816235504,0.07616903862910253,233.93441469239195,0.13063063063063063,65.31294400703347,0.5334522747546833,0.034738156786430045,106.68968023735981,0.21996996996996998,43.99367453950799,0.5856378233719893,0.019068227366464317,58.563357086811635,0.3033033033033033,30.330110092084013,0.6387154326494202,0.010398286315942345,31.93577163247101,0.39264264264264265,19.63213213213213,0.6935771632471008,0.004516567524862906,13.87152311968098,0.48423423423423423,9.68467061988329,0.7386262265834077,0.0024049458233671855,7.3861979051073146,0.56006006006006,5.600551799365012,0.3220031956354329,0.7672535049605783,0.25,24.916666666666664,0.5317460317460317,10.635832720738382,0.5912698412698413,5.913205505186637
2019-03-04,62,6885750,2092,1214,0.0003038158515775333,0.13985416196295075,0.8785514058427829,0.003813337892639459,0.39627151051625237,0.12038919546906768,396.2571236621094,0.039538714991762765,39.537279517068036,0.4737093690248566,0.07195759512053441,236.84608537343206,0.12355848434925865,61.77699924541881,0.5602294455066922,0.03404107002817392,112.04507550023833,0.24629324546952225,49.258291411070985,0.615678776290631,0.018705161346539254,61.56743056497738,0.3401976935749588,34.019522329050695,0.6577437858508605,0.009991649420905493,32.88718929254302,0.4126853377265239,20.634266886326195,0.7136711281070746,0.004336447946649781,14.273277461110771,0.5082372322899505,10.164641312844447,0.7490439770554493,0.0022757143375812367,7.490439770554494,0.5691927512355849,5.691927512355849,0.27813792757994527,0.7325250682137439,0.24669603524229075,24.587371512481646,0.5066079295154186,10.13302755759742,0.5638766519823789,5.639250119010738
2019-03-05,63,6885750,1604,727,0.00023294484987111062,0.2273823131818951,0.9071954353244007,0.0033288933776576034,0.5692019950124688,0.13258785942492013,569.1813298224089,0.09903713892709766,99.0335433295473,0.6265586034912718,0.07297415045018879,313.2679279690695,0.19119669876203577,95.5948786306047,0.67643391521197,0.031514130529495483,135.28580068171667,0.29298486932599727,58.59654837379783,0.7119700748129676,0.016584855790176885,71.19649049701403,0.3672627235213205,36.72600567090146,0.7331670822942643,0.008539312788637485,36.65808792665871,0.4126547455295736,20.632587455562618,0.7699501246882793,0.003587113114601729,15.398980130217492,0.4938101788170564,9.876189233402112,0.800498753117207,0.0018647097863861662,8.004941029681138,0.5612104539202201,5.6120719381235205,0.3219797230390533,0.7517339155098385,0.2616822429906542,26.080996884735207,0.5233644859813084,10.468187428864558,0.5747663551401869,5.7481564899568784
2019-03-06,64,6885750,1592,419,0.0002312021203209527,0.30185641706601996,0.9437240998640444,0.004015704726732841,0.717964824120603,0.16598896311356376,717.9387580145865,0.15513126491646778,155.12563279096256,0.8065326633165829,0.0932326459483009,403.2516908533372,0.3126491646778043,156.31890688935454,0.8498743718592965,0.039298265996688835,169.97364012983675,0.43675417661097854,87.35020103979335,0.8699748743718593,0.0201138575038485,86.99685572055579,0.5083532219570406,50.834953064142034,0.8800251256281407,0.010173183749046945,44.00125628140703,0.5465393794749404,27.326968973747018,0.8900753768844221,0.004115728356119423,17.801429979993287,0.5847255369928401,11.694459789155182,0.9007537688442211,0.0020825527391232367,9.007498444357932,0.6252983293556086,6.252956050527874,0.3920800412844088,0.8008891943623073,0.32989690721649484,32.87972508591066,0.5824742268041238,11.650483634241658,0.634020618556701,6.340749942529753
2019-03-07,65,6885750,1185,371,0.00017209454307809608,0.2649586279521768,0.9275011354283647,0.003019693456512969,0.6759493670886076,0.11632297415045019,675.9248263767614,0.14555256064690028,145.54727628149777,0.7476793248945147,0.06433343014812663,373.8260899936396,0.2695417789757412,134.76599655694238,0.8067510548523207,0.027767289203868832,161.34903935488592,0.39892183288409705,79.78378723697091,0.8219409282700422,0.01414505213628046,82.19349598936132,0.444743935309973,44.47407058817635,0.8345991561181435,0.007181498021275824,41.72995780590717,0.48247978436657685,24.12398921832884,0.8523206751054853,0.0029335734409945105,17.04628972263962,0.5363881401617251,10.72768490551163,0.8675105485232067,0.0014929166333858565,8.674979500706042,0.5849056603773585,5.848971660642327,0.38479893942148413,0.8004661507436004,0.3595505617977528,35.835205992509366,0.5842696629213483,11.686395436236436,0.6235955056179775,6.236489872222329
2019-03-08,66,6885750,1493,605,0.00021682460153214973,0.2229289618188249,0.8951656542310079,0.0025080632788528315,0.5827193569993302,0.12634330525704326,582.6982010540427,0.09586776859504133,95.86428806321607,0.6369725385130609,0.06905315132152193,318.4747064381578,0.16363636363636364,81.81521136429646,0.6912257200267917,0.029974730605013215,138.24414016307418,0.2727272727272727,54.54505847343281,0.7227059611520429,0.015669929419965728,72.2700713352505,0.34049586776859503,34.04933953190048,0.7434695244474213,0.008060124169480449,37.173476222371065,0.38181818181818183,19.09090909090909,0.7649028801071668,0.0033169904266195744,15.298035385194732,0.4297520661157025,8.595028839971762,0.796383121232418,0.0017267444984526105,7.963784949912969,0.5074380165289256,5.074350687886284,0.28750449771018166,0.7658207798802934,0.2803738317757009,27.94392523364486,0.46261682242990654,9.253129959442779,0.5607476635514018,5.607957551177442
2019-03-09,67,6885750,1498,963,0.00021755073884471553,0.07945573969591295,0.8421535271328383,0.002207720061563144,0.36114819759679573,0.07856520476328784,361.13508591375785,0.04880581516095535,48.804043239115344,0.4152202937249666,0.045164101074644206,207.60260946243747,0.11007268951194185,55.03434663134284,0.4826435246995995,0.020999738592465653,96.52800401406567,0.20456905503634476,40.9135139189785,0.5293724966622163,0.011516454152023004,52.93686527189079,0.2762201453790239,27.621813965604776,0.5654205607476636,0.006150383037432378,28.27102803738318,0.3302180685358255,16.510903426791277,0.6101468624833111,0.0026547541593084857,12.202919527675839,0.39771547248182765,7.954297897811554,0.6662216288384513,0.0014493679710010224,6.662206613030902,0.48286604361370716,4.828653423606231,0.2054354515083122,0.7612181999660904,0.1862348178137652,18.561403508771928,0.4048582995951417,8.097860431524781,0.5101214574898786,5.101652071860611
2019-03-10,68,6885750,2048,1523,0.0002974258432269542,0.10437542152749316,0.7979798894528451,0.0035204682568526257,0.29833984375,0.08873075805983154,298.3290123586352,0.07616546290216678,76.16269767333647,0.33642578125,0.050029044437990125,168.2067835639114,0.1175311884438608,58.76346070485874,0.39013671875,0.02320717999361004,78.02677716845719,0.18581746552856204,37.16322324968184,0.42041015625,0.012503993726219177,42.04071035171567,0.2232435981615233,22.324197711823015,0.44677734375,0.006644108164628656,22.338704977828012,0.2586999343401182,12.934902791850392,0.5078125,0.003020718059537191,10.1562057512003,0.340118187787262,6.8023341191735405,0.5791015625,0.0017223876998862875,5.790981984615236,0.4359816152330926,4.359790825876577,0.20088504502924842,0.739735490857351,0.15987460815047022,15.934169278996865,0.31974921630094044,6.395532780935277,0.43260188087774293,4.326389822397393
2019-03-11,69,6885750,2092,1492,0.0003038158515775333,0.10574828834817906,0.7906206366942837,0.0016593456430646243,0.27724665391969405,0.08422887017136219,277.2365883281344,0.030831099195710455,30.82997985577451,0.3193116634799235,0.04850421144350857,159.65003534758085,0.06099195710455764,30.494871379081307,0.37093690248565964,0.022539138516947922,74.18684179879263,0.12064343163538874,24.128511120955533,0.4101338432122371,0.012460425803828168,41.01308650989953,0.1742627345844504,17.426146920690105,0.4450286806883365,0.006760338379987655,22.251434034416825,0.22319034852546918,11.159517426273458,0.5052581261950286,0.003070104098893949,10.10514784845077,0.30764075067024127,6.152806077840685,0.5731357552581262,0.0017412747467236732,5.7313492290882095,0.40281501340482573,4.028144284076527,0.2954085470936131,0.7771359093887578,0.2056338028169014,20.494835680751173,0.36619718309859156,7.324571787500302,0.4732394366197183,4.732800231923273
2019-03-12,70,6885750,2038,1329,0.00029597356860182263,0.0967175056772225,0.8516082141826837,0.00466209874746097,0.33169774288518156,0.09817020040662214,331.68570041702566,0.07674943566591422,76.746649235633,0.42492639842983315,0.0628812082486204,212.4554856221481,0.16403310759969902,82.01357614396075,0.49901864573110893,0.02953905138110314,99.80300443936748,0.2505643340857788,50.112502931573715,0.55053974484789,0.016294402974236837,55.053574720241066,0.31677953348382243,31.677723324613414,0.5912659470068695,0.008749954616417964,29.563297350343472,0.3792325056433409,18.96162528216704,0.6560353287536801,0.003883376707872479,13.120687520232051,0.4778028592927013,9.556043307854813,0.6947988223748773,0.0020563999639839556,6.947917591757861,0.5364936042136945,5.364881503168029,0.34663584578814166,0.79152716259777,0.23863636363636365,23.78409090909091,0.4289772727272727,8.580281264618744,0.5142045454545454,5.142486453297989
2019-03-13,71,6885750,1846,1104,0.00026808989579929564,0.09261182291279603,0.8448295994765366,0.0023342826528106983,0.34832069339111593,0.09337786813825152,348.3080474176411,0.050724637681159424,50.722796095417294,0.4198266522210184,0.056273598605866976,209.90570509227982,0.09963768115942029,49.817031879427695,0.5021668472372698,0.026924976037642684,100.4326401685797,0.1766304347826087,35.32583044248592,0.5585048754062839,0.014972842661709606,55.850081992343945,0.2653985507246377,26.539662358072757,0.605092091007584,0.008110953781360055,30.2546045503792,0.3423913043478261,17.119565217391305,0.6581798483206934,0.003529022213960405,13.163577849283781,0.4302536231884058,8.605059966857878,0.69068255687974,0.001851642079764384,6.906795477105963,0.483695652173913,4.8369354480632865,0.36819395188616305,0.8149708213452038,0.23692307692307693,23.613333333333333,0.4707692307692308,9.416192109777016,0.6061538461538462,6.062058319039451
2019-03-14,72,6885750,1784,1159,0.00025908579312347964,0.11258028876309455,0.8200075203529857,0.0012959356213710993,0.3183856502242152,0.08248620389195468,318.3740910588716,0.029335634167385678,29.334569121126336,0.367152466367713,0.04756026720882951,183.56956834820505,0.06471095772217429,32.35430417771287,0.4198430493273543,0.021754915913909784,83.9680001424912,0.11475409836065574,22.9506530188761,0.45347533632286996,0.011748816404775044,45.34720434931601,0.16048317515099222,16.048200983123888,0.4915919282511211,0.00636822423120212,24.579596412556054,0.21742881794650562,10.871440897325279,0.5633408071748879,0.002919067757226508,11.266799781010329,0.32786885245901637,6.557367526081862,0.6306053811659192,0.0016338089532730638,6.306053811659193,0.4314063848144953,4.3140638481449525,0.30890691124386593,0.7862473204760831,0.24045801526717558,23.96564885496183,0.4770992366412214,9.542803084859832,0.6106870229007634,6.107393974310293
2019-03-15,73,6885750,1818,1196,0.0002640235268489271,0.15361011479506156,0.8338767679571352,0.0021112124244273226,0.3404840484048405,0.08989253557943654,340.47168694505234,0.046822742474916385,46.82104254961597,0.385038503850385,0.050827766482718556,192.51226240834947,0.08862876254180602,44.31277241302939,0.43564356435643564,0.023003863022452,87.12808020178706,0.14464882943143811,28.929555817988476,0.46094609460946095,0.012169796250308602,46.09360535234459,0.1806020066889632,18.059807251899223,0.523102310231023,0.006905565842500817,26.15511551155116,0.27508361204013376,13.75418060200669,0.636963696369637,0.003363463147132633,12.73925542649534,0.44816053511705684,8.96319768531658,0.7117711771177118,0.0018792379065812538,7.117691097492777,0.5618729096989966,5.618712777161982,0.2773138388693771,0.7367019087394493,0.21153846153846154,21.083333333333332,0.4346153846153846,8.693053173241852,0.5653846153846154,5.654331046312178
2019-03-16,74,6885750,1876,1104,0.0002724467196746905,0.13579628926202605,0.8831079966753212,0.0032211655388852053,0.3800639658848614,0.10354342143479524,380.0501674544997,0.05344202898550725,53.44008874338608,0.4493603411513859,0.06121115306418821,224.6720134390906,0.11231884057971014,56.15738139135487,0.5239872068230277,0.028551511806906966,104.79668039680685,0.20471014492753623,40.94173169231702,0.5735607675906184,0.01562636149757472,57.35566027821169,0.2798913043478261,27.988927196738846,0.6577825159914712,0.00896046937175056,32.888886981093506,0.41938405797101447,20.969050634449978,0.747867803837953,0.004075053007638909,14.957247466604274,0.5715579710144928,11.431076414978778,0.7937100213219617,0.0021624337763732687,7.937088686387119,0.6494565217391305,6.494555785512736,0.3317588002723178,0.7512914899999279,0.22955974842767296,22.87945492662474,0.46540880503144655,9.308974400466035,0.550314465408805,5.503616621897149
2019-03-17,75,6885750,1905,1276,0.0002766583160875722,0.06848067880994964,0.8457205353988397,0.003899186098265961,0.29343832020997374,0.08117920418239907,293.42766677110467,0.048589341692789965,48.587577630137744,0.3716535433070866,0.051408655242521056,185.82002511086054,0.11598746081504702,57.991624913390204,0.48451443569553804,0.026808794911266663,96.90218349619654,0.24608150470219436,49.215943565108915,0.5401574803149606,0.0149437973801156,54.015355805843036,0.31426332288401254,31.426104091733556,0.6015748031496063,0.008321533602004138,30.07874015748031,0.4051724137931034,20.25862068965517,0.6755905511811023,0.00373814945626917,13.511791400790255,0.5156739811912225,10.313464645841448,0.7354330708661417,0.002034624930472756,7.3542879868780995,0.6050156739811913,6.0501215940596325,0.3398759282320677,0.7521055140632449,0.22546419098143236,22.47126436781609,0.4403183023872679,8.80712131069971,0.53315649867374,5.332022239309162
2019-03-18,76,6885750,1968,1321,0.0002858076462259013,0.09603779506665786,0.8228364413180174,0.003084909854988154,0.2779471544715447,0.07943653790299157,277.937063447929,0.0408781226343679,40.8766385317454,0.3328252032520325,0.04756026720882951,166.4065599254054,0.07948523845571537,39.74117635030802,0.4451219512195122,0.02544366667634843,89.02374380928161,0.19984859954579864,39.969429676217224,0.5238821138211383,0.014972842661709606,52.387830974525876,0.29977289931869794,29.977072257162916,0.5726626016260162,0.008183567512616636,28.633130081300816,0.36563209689629067,18.281604844814535,0.641260162601626,0.003665525183784553,12.825147375124232,0.46707040121120363,9.34136732553188,0.7042682926829268,0.0020128467840197974,7.042662471069269,0.5601816805450416,5.601800534744873,0.3552129090835064,0.7673321972528458,0.21568627450980393,21.496732026143793,0.43137254901960786,8.62819089900111,0.5294117647058824,5.294571688023408
2019-03-19,77,6885750,1916,1265,0.00027825581817521696,0.08017488097756156,0.8125243866944148,0.0023301795762605045,0.2980167014613779,0.08292187046180656,298.0058818018708,0.037944664031620556,37.94328642981865,0.3554279749478079,0.049448155678187625,177.7075354702925,0.07272727272727272,36.36231616190954,0.4311064718162839,0.023991402596648174,86.22066828281324,0.15573122529644268,31.14601889642395,0.5031315240083507,0.013999622416822783,50.31205639699242,0.25375494071146243,25.374941300395772,0.5532359081419624,0.007697055513197546,27.66179540709812,0.3264822134387352,16.324110671936758,0.6257828810020877,0.0034825494934473465,12.515639443896172,0.43557312252964425,8.711449799175393,0.6910229645093946,0.0019228004339371372,6.9101895031224645,0.5343873517786562,5.343842474879254,0.32921660199104685,0.7713541655268704,0.18226600985221675,18.165845648604268,0.4458128078817734,8.917020845127547,0.5467980295566502,5.468449247564407
2019-03-20,78,6885750,1502,1017,0.0002181316486947682,0.061326261289477976,0.8527676011666449,0.0017492706237706025,0.2636484687083888,0.05750798722044728,263.63889680638806,0.04031465093411996,40.31318728864603,0.3129161118508655,0.03412721463839675,156.45237563005352,0.05703048180924287,28.514205643188653,0.40679094540612515,0.017746667053937088,81.35759831334707,0.1415929203539823,28.318378440484295,0.474034620505992,0.010340120247465799,47.40311783887325,0.23008849557522124,23.008682482893487,0.5306258322237017,0.005787314381149476,26.531291611185086,0.3107177974434612,15.53588987217306,0.6151797603195739,0.002683791814434966,12.303541602027675,0.4326450344149459,8.652862989298857,0.7017310252996005,0.001530693008915488,7.017289870931971,0.5594886922320551,5.594870671743136,0.33368109447660343,0.7964733020380715,0.1875,18.6875,0.4505208333333333,9.011189429674099,0.5572916666666666,5.573394618353344
2019-03-21,79,6885750,1192,940,0.0001731111353156882,0.029587687047625048,0.7814159190557207,0.0009425966192442365,0.17701342281879195,0.03064188207958176,177.00699624956385,0.011702127659574468,11.701702807423016,0.21476510067114093,0.01858844031367993,107.37865175328992,0.03404255319148936,17.020658628978936,0.276006711409396,0.009555897644427663,55.20094144724646,0.09574468085106383,19.148797123651946,0.3389261744966443,0.005867146881989021,33.89237134450998,0.16808510638297872,16.808388586316706,0.4001677852348993,0.0034636749809388956,20.008389261744966,0.2404255319148936,12.02127659574468,0.49161073825503354,0.001702058445085379,9.83217192805927,0.3553191489361702,7.106352017599267,0.5838926174496645,0.001010777267386894,5.838892255796397,0.4723404255319149,4.723376816757965,0.24508081134331505,0.7959882572482904,0.17956656346749225,17.896800825593395,0.43962848297213625,8.79332373917338,0.5603715170278638,5.604195763346415
2019-03-22,80,6885750,898,712,0.0001304142613368188,0.035699302575567214,0.7326262031421236,0.0005114325921536267,0.1870824053452116,0.02439732791170491,187.0756132160602,0.016853932584269662,16.85332069301987,0.2182628062360802,0.014231774615161197,109.12744104270179,0.0351123595505618,17.555542388562365,0.2516703786191537,0.0065642336402451425,50.33371023197994,0.0702247191011236,14.044841835387663,0.2828507795100223,0.003688750762438642,28.284872563988728,0.10393258426966293,10.39318295818687,0.33407572383073497,0.0021784119376974187,16.703786191536746,0.16292134831460675,8.146067415730338,0.4365256124721604,0.0011385750384849981,8.73044885439652,0.2893258426966292,5.786474836179717,0.5111358574610245,0.000666589212582416,5.111321459397963,0.38342696629213485,3.834241821060832,0.12981589430734766,0.7533443217179734,0.10780669144981413,10.744733581164807,0.35315985130111527,7.063802789060557,0.45353159851301117,4.5357049487652
2019-03-23,81,6885750,953,774,0.00013840177177504266,0.019257752375851346,0.7339899614433116,0.0009894753309439741,0.161594963273872,0.022364217252396165,161.5890964802591,0.023255813953488372,23.25496963843052,0.20566631689401887,0.014231774615161197,102.82942503289215,0.059431524547803614,29.71468342688344,0.2864637985309549,0.00792936187516338,57.29234368510624,0.13178294573643412,26.356397763648413,0.3483735571878279,0.004821516744604839,34.837102753581085,0.20025839793281655,20.025694379242665,0.38719832109129065,0.002679446683367825,19.359916054564533,0.2467700258397933,12.338501291989663,0.48163693599160545,0.001333178425164832,9.63266877342995,0.36304909560723514,7.260929187828631,0.5414480587618048,0.0007493726182730737,5.414472724316703,0.43669250645994834,4.3669187226342325,0.23086097697874391,0.7887333479631937,0.1552346570397112,15.471720818291217,0.4151624548736462,8.3039612114607,0.5631768953068592,5.632251952121171
2019-03-24,82,6885750,1279,1138,0.00018574592455433323,0.007450401150678466,0.8278339283862545,0.002074361460539475,0.1016419077404222,0.01887888469358118,101.638217575314,0.0351493848857645,35.14810876810237,0.15089913995308835,0.01401394133023526,75.44683073859846,0.07644991212653779,38.22356828531133,0.24472243940578578,0.009091173138923582,48.944132479548905,0.1678383128295255,33.56741882035218,0.31118060985144647,0.0057800110372070055,31.117835026933648,0.23110720562390158,23.110552748043517,0.3885848318999218,0.003608902443452057,19.429241594996093,0.3154657293497364,15.773286467486821,0.49726348709929635,0.0018472852748708207,9.945226412386047,0.437609841827768,8.752158704941353,0.602814698983581,0.0011197037359764732,6.028146989835809,0.5562390158172232,5.562390158172232,0.28070744323628566,0.8295731831379692,0.16216216216216217,16.16216216216216,0.44594594594594594,8.919683834778175,0.5972972972972973,5.97348523480599
2019-03-25,83,6885750,1565,1427,0.00022728097883309735,0.01243674522430531,0.8577463776706837,0.0029121499678143215,0.10798722044728434,0.024542550101655534,107.98329991212434,0.04414856341976174,44.146960581995984,0.15335463258785942,0.017426662794074933,76.67453248198177,0.08339173090399439,41.69435166077399,0.22044728434504793,0.010020622149931744,44.08913672133706,0.1506657323055361,30.13292765467615,0.30415335463258786,0.006912777019373203,30.41511460776296,0.23896285914505958,23.896112395917594,0.38849840255591056,0.004414882802288769,19.424779077226766,0.33076384022424665,16.538071922101327,0.5003194888178913,0.002274258760107817,10.006375244352972,0.4519971969166083,9.039930809870036,0.6351437699680511,0.0014435609773808227,6.3514376996805115,0.5998598458304134,5.9985984583041345,0.316026904338142,0.8521925582053336,0.1649746192893401,16.442470389170897,0.43908629441624364,8.782479038058005,0.583756345177665,5.838064100443183
2019-03-26,84,6885750,1665,1461,0.00024180372508441345,0.017798517538705955,0.8783058227694659,0.0031437931811067756,0.13273273273273273,0.032094103979088004,132.72791379820134,0.04654346338124572,46.5417735953257,0.1837837837837838,0.02221899506244554,91.88855570644708,0.08829568788501027,44.1462411308604,0.25585585585585585,0.012373289959046152,51.17079960090213,0.1601642710472279,32.03262160862789,0.32552552552552555,0.00787127131197537,32.55231617803868,0.23613963039014374,23.61379157046287,0.4072072072072072,0.004923210979196166,20.36036036036036,0.3271731690622861,16.358658453114305,0.5327327327327327,0.002576323960393739,10.654608234403117,0.4681724845995893,9.363408897268346,0.6684684684684684,0.0016163769629249888,6.68466526874519,0.62217659137577,6.221747842384669,0.3365328693088824,0.8713971410870587,0.16879795396419436,16.823529411764707,0.47058823529411764,9.412571889819393,0.6138107416879796,6.138633841186561
2019-03-27,85,6885750,1771,1430,0.00025719783611080854,0.0368918158753938,0.8639525563545023,0.0017282491438422353,0.1637492941840768,0.04211443508568109,163.74334917630074,0.019580419580419582,19.579708702566677,0.20496894409937888,0.026357827476038338,102.4807512948227,0.043356643356643354,21.677534634984536,0.2608695652173913,0.013418920096430335,52.173534191979215,0.0937062937062937,18.74112265497435,0.3111236589497459,0.008001975079148392,31.112139978117472,0.15104895104895105,15.104785423412162,0.3839638622247318,0.004937733725447482,19.19819311123659,0.23776223776223776,11.888111888111888,0.528514963297572,0.002718654150013942,10.570283914996331,0.4167832167832168,8.335652230008119,0.6600790513833992,0.0016976967091695955,6.600742583379189,0.5797202797202797,5.797160701855872,0.2772853593976511,0.8562826823070444,0.1792452830188679,17.864779874213838,0.42138364779874216,8.428395740962491,0.5849056603773585,5.849558238130684
2019-03-28,86,6885750,1959,1600,0.00028450059906328284,0.03242747053390892,0.8341028689138172,0.001484900787580231,0.15671260847371107,0.044583212314841705,156.70691893666222,0.010625,10.624614253557946,0.18989280245022971,0.02701132733081615,94.9429541440364,0.031875,15.936921380336916,0.2434915773353752,0.013854599320340411,48.69796185300357,0.080625,16.124882911208573,0.2884124553343543,0.008205292050306427,28.841036107910917,0.131875,13.187404241337246,0.35222052067381315,0.005010311074965872,17.610898154388085,0.206875,10.343674890717129,0.46911689637570186,0.0026692536255667446,9.38224254836458,0.35,6.999928839266784,0.6064318529862175,0.001725292232263836,6.0642833018431395,0.518125,5.181219901783238,0.25308192729389706,0.8462672334800031,0.1891891891891892,18.855855855855857,0.4092664092664093,8.186030186030187,0.5675675675675675,5.676162440313385
2019-03-29,87,6885750,2475,1832,0.0003594379697200741,0.06358230744458142,0.8124536600482604,0.0021275030347225076,0.21737373737373739,0.07812953819343596,217.36584550119258,0.03384279475982533,33.84156607863306,0.2593939393939394,0.04661632297415045,129.69226097747736,0.056768558951965066,28.383248969176115,0.31353535353535356,0.022539138516947922,62.70661537093905,0.10043668122270742,20.087190383957058,0.3571717171717172,0.012838014464550233,35.71691236334415,0.14847161572052403,14.84705376205522,0.4258585858585859,0.007653487274443598,21.292929292929294,0.23253275109170304,11.626637554585153,0.541010101010101,0.003889185797936611,10.820186306320007,0.38427947598253276,7.6855783580802255,0.6440404040404041,0.002314919028663461,6.4403853339876465,0.5212882096069869,5.212866955041063,0.2953962767952535,0.8167998589822261,0.19879518072289157,19.813253012048193,0.4066265060240964,8.133227593048007,0.5391566265060241,5.392028663539234
2019-03-30,88,6885750,2959,2088,0.00042972806157644413,0.08430747410938648,0.8861637160773539,0.0042875618783969754,0.2679959445758702,0.11516119663084519,267.9862148363779,0.04118773946360153,41.18624412017053,0.32646164244677256,0.07014231774615161,163.2248950390549,0.08141762452107279,40.70733430481971,0.3876309564041906,0.033314937988323794,77.52562833832394,0.14990421455938696,29.980625211371194,0.44880027036160863,0.019286066978419357,44.87970114790506,0.22940613026819923,22.9404464476786,0.5251774248056776,0.011284091899270963,26.258680566206497,0.33524904214559387,16.762330389744278,0.6316323082122338,0.005428594664931685,12.632627818199849,0.4846743295019157,9.693472512454155,0.7421426157485637,0.0031891950767890206,7.421426157485636,0.6412835249042146,6.412835249042146,0.3711048481579994,0.8446183717155635,0.19187358916478556,19.123401053423628,0.4198645598194131,8.398011375736152,0.5665914221218962,5.666400148682188
2019-03-31,89,6885750,3370,2486,0.0004894165486693533,0.07713140885983197,0.9035746857047405,0.007236630238856913,0.24213649851632046,0.11850130699970955,242.1277076181751,0.050683829444891394,50.68198934071462,0.30445103857566763,0.07449898344467035,152.2199926570145,0.09372485921158488,46.860728239629,0.40178041543026705,0.039327311278282845,80.35549959478817,0.19911504424778761,39.822719681931034,0.4890207715133531,0.023933312033460163,48.901722057684964,0.31214802896218824,31.214576235533823,0.5632047477744807,0.013781986116355399,28.16003290821786,0.4106999195494771,20.53484686628868,0.6741839762611276,0.006599126312854355,13.483659943245364,0.5607401448109413,11.214786609268808,0.7887240356083086,0.003860134741648356,7.8872174472715635,0.7156074014481094,7.156053229372052,0.40046457245753575,0.8522042881835167,0.17037037037037037,16.980246913580245,0.4166666666666667,8.334048027444254,0.5814814814814815,5.815313512483323
2019-04-01,90,6885750,3170,2061,0.0004603710561667211,0.1007369298031109,0.9089384878990389,0.00475204501968712,0.2981072555205047,0.1372349695033401,298.096432573383,0.039301310043668124,39.29988318809001,0.3621451104100946,0.08335753703165844,181.0659812667956,0.07278020378457059,36.38878072971297,0.42365930599369084,0.039007813180748786,84.73124593354605,0.1339155749636099,26.782920511942745,0.5107255520504732,0.023512155450347093,51.07218435086041,0.2547307132459971,25.47288635646729,0.6063091482649843,0.013956359147514795,30.315457413249213,0.3993207180980107,19.966035904900533,0.7116719242902209,0.0065526155276075405,14.2333351322472,0.5594371664240659,11.188662083431154,0.8078864353312303,0.0037192753149620592,8.078864353312303,0.7064531780688986,7.064531780688985,0.429666600522913,0.8668023669656691,0.16784452296819788,16.728504122497053,0.4293286219081272,8.58730885089309,0.5936395759717314,5.9369048845680625
2019-04-02,91,6885750,2581,1651,0.00037483208074646915,0.08852272886453083,0.9318075285242209,0.0035308753955182294,0.29407206509105,0.11022364217252396,294.06138864372605,0.018170805572380374,18.170145871335777,0.33940333204184425,0.06360731919837351,169.69550490902765,0.03876438522107813,19.381488929424833,0.4060441689267726,0.030439455110517297,81.20824410199322,0.10357359176256814,20.714567936306707,0.4943820224719101,0.018530889656975226,49.43784326056457,0.22531798909751666,22.53163529914063,0.6296009298721426,0.011799731329194351,31.48004649360713,0.4251968503937008,21.25984251968504,0.7528089887640449,0.005643514605462271,15.056114178443174,0.6153846153846154,12.307638685478235,0.839984502130957,0.0031485313872853357,8.39984502130957,0.7516656571774682,7.516656571774682,0.44337438907974597,0.88277626314485,0.16939890710382513,16.88342440801457,0.46265938069216755,9.253981197686734,0.6211293260473588,6.211825961439323
2019-04-03,92,6885750,1933,1250,0.0002807246850379407,0.048445531788389305,0.9021694471069354,0.0017150932820391687,0.2571132953957579,0.07217542840546036,257.10396075680217,0.0224,22.399186755736277,0.30108639420589756,0.04225965727563172,150.5377315497574,0.0344,17.199375544583212,0.3626487325400931,0.020360742397397543,72.5292198462908,0.072,14.399895436986261,0.45525090532850493,0.012779923901362223,45.52475996058195,0.1792,17.91986987713846,0.5344024831867563,0.007500998438804778,26.720124159337814,0.288,14.4,0.652871184687015,0.0036655358304675156,13.05740473080274,0.4656,9.31198647643833,0.7615106052767718,0.0021377482481937334,7.615106052767718,0.6328,6.327999999999999,0.3707212532198573,0.8692295711989658,0.137546468401487,13.708798017348203,0.40892193308550184,8.179140071543802,0.5743494423791822,5.743987004788716
2019-04-04,93,6885750,1525,1170,0.0002214718803325709,0.02473020831534196,0.8738428133838179,0.0015259426443727266,0.15344262295081967,0.03398199244844612,153.4370521323855,0.01623931623931624,16.238726662049345,0.19147540983606556,0.02120243973279117,95.73422910824053,0.03076923076923077,15.384056837730958,0.26163934426229507,0.011589067356008016,52.32748888303751,0.0811965811965812,16.23919832043797,0.35147540983606557,0.0077841354671933545,35.14728576605026,0.1700854700854701,17.008423504037665,0.4498360655737705,0.00498130196420143,22.491803278688522,0.28888888888888886,14.444444444444443,0.5842622950819673,0.002587949623570964,11.685228931477878,0.4598290598290598,9.196567840639082,0.7022950819672131,0.0015553816058334797,7.022930421224841,0.6136752136752137,6.136734312305091,0.27531127247433873,0.8620396319060912,0.10386965376782077,10.352342158859472,0.36863543788187375,7.373341065421149,0.5804480651731161,5.804978463107811
2019-04-05,94,6885750,1724,1325,0.00025037214537268997,0.02982875231116665,0.8769738117159486,0.0020183803084577105,0.1571925754060325,0.03935521347661923,157.18686844352138,0.012830188679245283,12.829722872220914,0.20475638051044084,0.025631716526285216,102.37447335897241,0.030943396226415093,15.471136404736981,0.2923433874709977,0.014638821923378547,58.468252934398976,0.11396226415094339,22.79228732688601,0.37470997679814383,0.009381625954863632,37.47072559089458,0.20452830188679244,20.45268167412619,0.462877030162413,0.005794533678004008,23.143683453199593,0.3086792452830189,15.433850193205924,0.6200696055684455,0.0031049496208127476,12.401338080923074,0.5079245283018868,10.158446307476327,0.7221577726218097,0.0018080819082888573,7.221577726218097,0.64,6.3999999999999995,0.3411134243287044,0.8635540055451423,0.11394557823129252,11.35657596371882,0.3945578231292517,7.891833234151293,0.5578231292517006,5.578709700003501
2019-04-06,95,6885750,2275,1767,0.0003303924772174418,0.0315509506427618,0.8932652652560288,0.00358442382574801,0.1389010989010989,0.04589021202439733,138.89605602065666,0.019241652518392757,19.24095393966351,0.20307692307692307,0.03354632587859425,101.53477512902433,0.0520656479909451,26.031878859544747,0.3059340659340659,0.02021551598942752,61.18636888975848,0.13978494623655913,27.95678624265553,0.40703296703296704,0.01344796537802434,40.70300114361807,0.2546689303904924,25.466708115779326,0.5085714285714286,0.008401408706386377,25.428571428571427,0.37577815506508205,18.7889077532541,0.6369230769230769,0.0042086857514638904,12.738443038743949,0.5359366157328805,10.718716748137265,0.7512087912087912,0.0024819373343499254,7.512087912087911,0.6830786644029428,6.830786644029429,0.38362240201175013,0.8611861281785226,0.11764705882352941,11.72549019607843,0.37858220211161386,7.572293411361114,0.5475113122171946,5.47558268590455
2019-04-07,96,6885750,2614,2125,0.0003796245870094035,0.022103213552171614,0.8917070616956841,0.004969139100628988,0.10941086457536343,0.04153354632587859,109.40689235402391,0.019294117647058823,19.293417163554356,0.16947207345065035,0.032166715074063316,84.73296033711992,0.05694117647058824,28.46955459500094,0.2964804896710023,0.022510093235353915,59.29566736623497,0.16752941176470587,33.50563905599417,0.39824024483550113,0.01511806906967963,39.82373530854878,0.28094117647058825,28.09391364666927,0.5061208875286917,0.009606796645245616,25.30604437643458,0.40141176470588236,20.070588235294117,0.6553175210405509,0.004975485639929361,13.106331386818514,0.5778823529411765,11.557630273970355,0.7532517214996175,0.00285952043126622,7.5324953364924925,0.6974117647058824,6.974097390449477,0.4420256048402667,0.8758655347971823,0.12642045454545456,12.599905303030303,0.40767045454545453,8.154108354124434,0.5894886363636364,5.8953919285045995
2019-04-08,97,6885750,3102,2572,0.00045049558871582617,0.025842878987845055,0.8872945640739294,0.005260081196970291,0.10348162475822051,0.04661632297415045,103.47786780117875,0.01088646967340591,10.88607443416421,0.14313346228239845,0.03223932616903863,71.56413287184324,0.0322706065318818,16.134717464921952,0.26692456479690524,0.024049493159836184,53.3845253144236,0.1411353032659409,28.226855687456872,0.3778207607994842,0.01702028783456048,37.78125304862179,0.2593312597200622,25.93256105400047,0.49194068343004516,0.011080855389754202,24.597034171502255,0.3915241057542768,19.576205287713844,0.6312056737588653,0.00568706613610619,12.624021807444615,0.5559875583203733,11.119670422331495,0.7408123791102514,0.003337327088552445,7.408123791102514,0.687791601866252,6.8779160186625194,0.4837978947306785,0.8855940800163093,0.1260053619302949,12.558534405719394,0.43297587131367293,8.660260095006416,0.6126005361930295,6.1265307483249725
2019-04-09,98,6885750,3502,2887,0.0005085865737210907,0.02395774013603473,0.872814630460872,0.004045376849804469,0.10222729868646488,0.05198954400232356,102.22358726841787,0.015240734326290266,15.240181003086436,0.1413478012564249,0.035942492012779555,70.67133477355705,0.026671285071007966,13.335158377700632,0.22215876641918902,0.022597229080135933,44.431430650641346,0.08867336335296155,17.73454389345189,0.31010850942318674,0.015771587905544743,31.01062576259415,0.18011776931070314,18.01164614178707,0.413478012564249,0.010514468285952873,20.673900628212447,0.29650155871146516,14.82507793557326,0.5788121073672188,0.005887512779998141,11.576225335486063,0.4918600623484586,9.837186960672167,0.69131924614506,0.0035159568674436336,6.913192461450599,0.627641149982681,6.276411499826811,0.48610257003056057,0.878552156863496,0.11473272490221642,11.435028248587571,0.4276401564537158,8.553536645637703,0.6297262059973925,6.297802133907028
2019-04-10,99,6885750,3666,3056,0.0005324038775732491,0.021084187310974594,0.8580571663320561,0.0035541148218022557,0.08865248226950355,0.04719721173395295,88.64926369259862,0.012434554973821989,12.4341035304959,0.12438625204582651,0.03311065930874237,62.190868067423025,0.024214659685863876,12.106890279693376,0.20185488270594654,0.02149350837956374,40.37068339459384,0.08344240837696335,16.688360494980262,0.2801418439716312,0.014914752098521595,28.01398097719451,0.15706806282722513,15.706692230569658,0.36715766503000546,0.009773808227135751,18.357883251500272,0.24967277486910994,12.483638743455497,0.5368248772504092,0.005716128020354993,10.736450768183142,0.4489528795811518,8.979018471620982,0.6415711947626841,0.0034157300759970898,6.415674678340688,0.5736256544502618,5.736223222216899,0.48018069154907406,0.8684187013391911,0.11772315653298836,11.733074601121173,0.4165588615782665,8.331891740761861,0.6028460543337646,6.028977563967435
2019-04-11,100,6885750,2970,2168,0.00043132556366408886,0.06485933345965002,0.8614292300631833,0.002996866384854058,0.20942760942760943,0.09032820214928841,209.42000604359015,0.04059040590405904,40.58893224714995,0.25622895622895625,0.05525704327621261,128.10982684820908,0.06826568265682657,34.13160211692154,0.31952861952861955,0.027563972232710798,63.905259865787336,0.11070110701107011,22.140060634972727,0.37306397306397304,0.0160910860030788,37.30612641269355,0.16605166051660517,16.605045476229545,0.42525252525252527,0.009171114257706132,21.262626262626263,0.22370848708487084,11.185424354243542,0.5797979797979798,0.005001626545217957,11.595942755466178,0.42988929889298894,8.597773491531504,0.6861952861952862,0.0029597270893451278,6.861932931130712,0.5747232472324724,5.747215779253441,0.4042959048762352,0.852496673098383,0.1426256077795786,14.215018908698001,0.413290113452188,8.266511171468208,0.5899513776337115,5.900019738067504
2019-04-12,101,6885750,2208,1368,0.00032066223722906,0.07392439616004338,0.871723295655836,0.0017239650619720807,0.30570652173913043,0.09802497821667151,305.6954228964882,0.038011695906432746,38.01031587100193,0.35778985507246375,0.05736276503049666,178.88843265794492,0.06725146198830409,33.62451019357863,0.40896739130434784,0.026227889279386563,81.79288433221741,0.10160818713450293,20.321489864980204,0.45471014492753625,0.014580731360190537,45.470684313148546,0.14912280701754385,14.912172418906339,0.5045289855072463,0.008089169661983081,25.22644927536232,0.2141812865497076,10.70906432748538,0.6295289855072463,0.004037305868035284,12.590524855445633,0.4064327485380117,8.12861955579648,0.7060688405797102,0.0022640895644205367,7.060667897739452,0.5263157894736842,5.263142607679926,0.31518634178967025,0.8476693006367656,0.12570356472795496,12.528455284552845,0.37523452157598497,7.505334058486382,0.5684803001876173,5.685290549303434
2019-04-13,102,6885750,2001,1373,0.00029060015248883565,0.05550692165940335,0.8305353954510909,0.0011625803608357583,0.23438280859570215,0.06810920708684287,234.37429919951438,0.022578295702840496,22.577475985453667,0.27586206896551724,0.04008132442637235,137.92602682103617,0.04515659140568099,22.577475985453667,0.3218390804597701,0.018705161346539254,64.36734869661802,0.06991988346686089,13.983875151236962,0.36881559220389803,0.010717708908187865,36.88129141157151,0.10706482155863073,10.7064044126658,0.4267866066966517,0.006201212649311985,21.33933033483258,0.1755280407865987,8.776402039329934,0.552223888055972,0.003209522260433126,11.044461721527934,0.34959941733430444,6.991978192413581,0.6341829085457271,0.0018429311464077365,6.341810665355858,0.46831755280407866,4.683161925566327,0.3277503603255593,0.8482797665105063,0.12343470483005367,12.30232558139535,0.37209302325581395,7.442498703578124,0.5652951699463328,5.653436515217998
2019-04-14,103,6885750,2572,1987,0.0003735250335838507,0.04846575946029194,0.8270997536246915,0.0028717985235583495,0.17573872472783825,0.06564042985768226,175.73234443722225,0.02365374937091092,23.652890608589875,0.21345256609642302,0.03986349114144641,106.72240829207412,0.04932058379466533,24.659396591934126,0.2834370139968896,0.021174010282029684,56.686991173983635,0.11172622043281329,22.345081830585965,0.3650855365474339,0.013636759708385373,36.50828855443802,0.20281831907398087,20.281684634518342,0.442846034214619,0.008270703990124532,22.142301710730948,0.29089079013588326,14.54453950679416,0.5804821150855366,0.004336485732874803,11.609625441346296,0.4620030196275793,9.240046973465832,0.6578538102643857,0.0024572486657226883,6.578538102643858,0.5616507297433316,5.616507297433317,0.4034014736310701,0.8470101895146438,0.11127167630057803,11.090077071290944,0.3872832369942196,7.746329033601365,0.5823699421965318,5.824198881606995
2019-04-15,104,6885750,2884,2243,0.00041883600188795703,0.049919722842667526,0.8103611594634269,0.0034762027706823303,0.18585298196948682,0.07783909381353471,185.8462344752242,0.024966562639322336,24.96565621459683,0.22676837725381416,0.0474876561138542,113.38007215186254,0.051270619705751225,25.634379148916388,0.30478502080443826,0.025530802521130443,60.956561532549905,0.12483281319661169,24.96638134911176,0.3841886269070735,0.0160910860030788,38.418583719036,0.21845742309407043,21.845583680472792,0.4628987517337032,0.009693933122753512,23.144937586685156,0.3138653588943379,15.693267944716897,0.5755894590846047,0.004821516744604839,11.511705590902487,0.45563976816763263,9.112729192425792,0.6570735090152566,0.0027520604146244053,6.570735090152565,0.5604101649576461,5.604101649576459,0.41448146545396913,0.8394792901647201,0.11724137931034483,11.685057471264368,0.3931034482758621,7.862743242443959,0.5903448275862069,5.903954575028095
2019-04-16,105,6885750,2753,2143,0.0003998112042987329,0.0500355492791849,0.8227270320245288,0.003339133290291866,0.18779513258263714,0.07507987220447285,187.78831457753319,0.024731684554363042,24.730786657015003,0.22084998183799492,0.04414754574498984,110.42098187924583,0.04433037797480168,22.164384268079484,0.30657464584090083,0.024514217665340267,61.314483940834265,0.13625758282781147,27.251318683569163,0.3828550671994188,0.015306641107190055,38.284672722060996,0.22491833877741485,22.4913439236205,0.451507446422085,0.00902582125533707,22.575208394092712,0.30424638357442835,15.212208717197857,0.5652015982564476,0.004519445816027186,11.303949882931056,0.4451703219785348,8.903341789083898,0.6618234653105702,0.0026460405242122874,6.618225041625411,0.567895473635091,5.678946488961026,0.43802793593652517,0.8461484517922149,0.1339031339031339,13.345679012345679,0.3974358974358974,7.949399656946826,0.5754985754985755,5.755479321517057
2019-04-17,106,6885750,2178,1580,0.00031630541335366517,0.05355572099402156,0.8304221006547087,0.0021239526479638416,0.22084481175390266,0.06985187336625036,220.83679386210213,0.03734177215189873,37.340416438416604,0.26492194674012853,0.041896601800755155,132.45616430190535,0.05949367088607595,29.74575546789119,0.3269054178145087,0.020680240494931598,65.380608809906,0.11582278481012659,23.164388756755322,0.37649219467401285,0.011908565453542071,37.64894608435598,0.1639240506329114,16.392286032785872,0.4508723599632691,0.007130668409396217,22.543617998163455,0.25316455696202533,12.658227848101266,0.5619834710743802,0.003555163119249001,11.239653098424613,0.4006329113924051,8.012646591284776,0.6593204775022957,0.0020854572757189453,6.593176049716129,0.5329113924050632,5.3290907061410095,0.3318912486037246,0.8416564207970345,0.1254180602006689,12.500000000000002,0.3612040133779264,7.224699828473414,0.5384615384615384,5.385077186963979
2019-04-18,107,6885750,1447,850,0.00021014413825654431,0.08141530632009035,0.8976445157567045,0.0020311710892482976,0.3510711817553559,0.07377287249491722,351.0584359238951,0.06352941176470588,63.52710529463021,0.4215618521078093,0.04429276793494046,210.7732735369843,0.10470588235294118,52.35104047427859,0.48721492743607464,0.020476923523773564,97.44227792247672,0.17882352941176471,35.764446183364576,0.5286800276434002,0.011109820209706934,52.86761887283311,0.23058823529411765,23.05865609190611,0.5881133379405666,0.006179428529935011,29.405666897028333,0.3058823529411765,15.294117647058826,0.6648237733241189,0.0027941723208476624,13.296456156376497,0.43176470588235294,8.635281576846745,0.7442985487214927,0.0015640974997676363,7.442974677971667,0.5658823529411765,5.6588153112578805,0.24068471449526496,0.8617683657747761,0.11655011655011654,11.616161616161614,0.36596736596736595,7.319975050678308,0.5524475524475524,5.524949321690316
2019-04-19,108,6885750,1184,646,0.0001719493156155829,0.11911432893273786,0.9101301595521095,0.0015624801551611892,0.36739864864864863,0.06317165262852163,367.38531003956325,0.05572755417956656,55.72553096020192,0.41638513513513514,0.03579726982282893,208.1850090224192,0.08513931888544891,42.568113927932025,0.4831081081081081,0.01661390107177089,96.62092002106962,0.14860681114551083,29.721146412768338,0.558277027027027,0.00959946556681867,55.82729731986627,0.24922600619195046,24.922419648206784,0.6342905405405406,0.005453251619274449,31.714296737684997,0.3637770897832817,18.188722414063957,0.7246621621621622,0.0024920923991181825,14.493180099010157,0.5077399380804953,10.15475451913297,0.7972972972972973,0.001370947246124242,7.972972972972974,0.6393188854489165,6.393188854489164,0.33246877687811954,0.878941336302981,0.1766304347826087,17.604166666666668,0.483695652173913,9.674742710120068,0.654891304347826,6.5494746998284725
2019-04-20,109,6885750,1849,1482,0.00026852557818683514,0.03552333574228929,0.9021971463593901,0.0026789813216122125,0.15630070308274743,0.04196921289573047,156.2950285001493,0.020242914979757085,20.242180049646,0.1887506760411033,0.02534127214638397,94.37191167223548,0.038461538461538464,19.230071047163698,0.2725797728501893,0.014638821923378547,54.515558712224895,0.1214574898785425,24.29132158735874,0.3623580313683072,0.009730169333991692,36.23554001705424,0.21524966261808368,21.524809962131776,0.4629529475392104,0.006215735395563301,23.147647376960517,0.33468286099865047,16.734143049932523,0.6365603028664143,0.0034186495027418904,12.731187568147632,0.5479082321187584,10.958148728133832,0.7696051919956733,0.0020665867915622845,7.696051919956734,0.713225371120108,7.13225371120108,0.4719903182162228,0.897255171210871,0.21247113163972287,21.17628945342571,0.5242494226327945,10.485887679795912,0.7020785219399538,7.021387345061579
2019-04-21,110,6885750,3151,2831,0.00045761173437897107,0.029858670526489935,0.8989613526551862,0.0053297869730912694,0.0901301174230403,0.04124310194597734,90.12684519978212,0.017661603673613566,17.660962459422684,0.11900983814662013,0.027229160615742085,59.50275871464489,0.04097492052278347,20.486716452930313,0.1875595049190733,0.017165761422056988,37.51162859788286,0.10985517484987636,21.97087543125087,0.27768962234211364,0.012707310697377211,27.768760594879446,0.20346167432002826,20.346019691962223,0.4030466518565535,0.009221943869585738,20.152332592827673,0.33980925468032497,16.990462734016248,0.6426531259917486,0.005881703689934009,12.853043853685529,0.6047333097845284,12.094648630939263,0.7654712789590606,0.0035028813086718097,7.654701672861604,0.7403744259978806,7.403733507724502,0.5044020632708498,0.8975735761357057,0.15959252971137522,15.90605546123373,0.47877758913412566,9.57637301353866,0.6621392190152802,6.621960062553329
2019-04-22,111,6885750,4302,3880,0.0006247685437316197,0.03249199101719642,0.9155583565949419,0.00721816664309519,0.09065550906555091,0.05663665408074354,90.65221776766151,0.018556701030927835,18.556027319737343,0.1204091120409112,0.037612547197211736,60.20237026108803,0.03917525773195876,19.58691772638942,0.1792189679218968,0.022393912108977898,35.843533311109844,0.09716494845360825,19.432848581557206,0.25546257554625756,0.015960382235905776,25.546072055064666,0.17860824742268042,17.860695049097007,0.39748953974895396,0.012416948044875286,19.8744769874477,0.3345360824742268,16.72680412371134,0.6459786145978614,0.00807170719947486,12.919516003901444,0.6087628865979381,12.175204686736297,0.7910274291027429,0.004942090549322877,7.910274291027428,0.7693298969072165,7.693298969072165,0.5101821411704702,0.9060616792270249,0.1458966565349544,14.541033434650455,0.46504559270516715,9.301709530934742,0.6519756838905775,6.5203159947238625
2019-04-23,112,6885750,4148,3160,0.0006024035145045928,0.0765152868348737,0.9343695696199341,0.00667284132397569,0.19358727097396336,0.11661341853035144,193.580242682104,0.01930379746835443,19.30309663341875,0.24083895853423337,0.07253848388033692,120.4151073719937,0.04651898734177215,23.25864922223407,0.31822565091610416,0.03833977170408667,63.644668035538764,0.1199367088607595,23.98716759237778,0.3946480231436837,0.023773562984693138,39.4645157477943,0.21170886075949366,21.17073234736245,0.5084378013500482,0.015314235922012852,25.42189006750241,0.3569620253164557,17.848101265822784,0.7345708775313404,0.008850148712705641,14.691396214684877,0.6522151898734178,13.044284853584458,0.8420925747348119,0.005072795265584722,8.42092574734812,0.7930379746835443,7.930379746835443,0.5337670212951682,0.9063991028221279,0.15512048192771086,15.460341365461847,0.4819277108433735,9.63938085101986,0.6475903614457831,6.476459009278968
2019-04-24,113,6885750,3993,2712,0.0005798932578150528,0.09574514350434714,0.9315815717926136,0.006146086474085052,0.2193839218632607,0.12721463839674702,219.37595700986748,0.02654867256637168,26.54770870227909,0.29025795141497623,0.08415625907638687,145.12370672056872,0.06047197640117994,30.234890466484515,0.38918106686701726,0.04513636759708385,77.83564817971954,0.14196165191740412,28.39212421767305,0.46030553468569996,0.026692613784890646,46.03021922597315,0.22713864306784662,22.71369937413844,0.5647382920110193,0.01637439639835893,28.236914600550964,0.36836283185840707,18.418141592920353,0.7453042824943651,0.008643926015428943,14.906064002188792,0.6279498525073747,12.558978811061246,0.8469822188830454,0.004911592782195113,8.469822188830454,0.7765486725663717,7.765486725663718,0.5305640614901791,0.9067909922392503,0.1527777777777778,15.226851851851851,0.49228395061728397,9.846523410202655,0.683641975308642,6.837006066958898
2019-04-25,114,6885750,3043,1909,0.00044192716842754963,0.09654623500515906,0.9328025202039786,0.004409216706423949,0.2517252711140322,0.11124019750217834,251.71613209024795,0.022524882137244632,22.524064359066543,0.3276372001314492,0.07239326169038629,163.81265254176057,0.061812467260345734,30.90511156244014,0.4193230364771607,0.03706177931395045,83.86399832764849,0.14772132006286012,29.544049482205093,0.49786395004929346,0.022001800807458827,49.78603348996373,0.2399161864850707,23.991444437677185,0.6026947091685836,0.013317358312456886,30.134735458429184,0.38711367207962283,19.355683603981138,0.7614196516595465,0.006729830839297332,15.228370917414265,0.6238868517548455,12.47771891402235,0.8498192573118633,0.003755576726461567,8.498180231427124,0.7637506547930853,7.637495456190003,0.4733136740179791,0.9033698693858204,0.13983739837398373,13.937127371273714,0.46178861788617886,9.23656444797724,0.6422764227642277,6.423315065054596
2019-04-26,115,6885750,3035,2235,0.00044076534872744435,0.039760624201463465,0.911445008301668,0.003955240507283217,0.1742998352553542,0.07682253848388033,174.29350720440826,0.020134228187919462,20.133497203741857,0.21878088962108733,0.04821376706360732,109.38647333055489,0.04161073825503356,20.804613777199922,0.28797364085667215,0.02538557611316042,57.59430995755992,0.09798657718120805,19.59717313385528,0.37166392092257,0.01638153881901885,37.16612221517596,0.18568232662192394,18.5680978323058,0.5041186161449753,0.011109900882256834,25.205930807248762,0.3440715883668904,17.203579418344518,0.6876441515650741,0.006061785481922112,13.75286305836744,0.5789709172259507,11.579401528048,0.7878088962108731,0.0034723835858351147,7.878077520976653,0.7140939597315437,7.14092922672512,0.37184658486976596,0.883259033521759,0.08677098150782361,8.648174490279754,0.37980085348506404,7.59666852914122,0.5604551920341394,5.605032585171612
2019-04-27,116,6885750,2496,1894,0.00036248774643285047,0.03158799111506591,0.9005184208567486,0.002737601435308409,0.15665064102564102,0.056781876270694163,156.6449537383543,0.009503695881731784,9.503350844849642,0.20873397435897437,0.037830380482137674,104.363198078878,0.03484688489968321,17.422809882224342,0.2592147435897436,0.01879229719132127,51.84257226968767,0.06969376979936642,13.938652746114824,0.3233173076923077,0.011719771123181039,32.33149599817461,0.13780359028511088,13.780258964908976,0.4655448717948718,0.008437715572014668,23.27724358974359,0.30623020063357975,15.311510031678985,0.6458333333333334,0.004682099392953614,12.916572874611518,0.5390707497360084,10.781336707411544,0.7592147435897436,0.002752056417882703,7.592136410030377,0.6869060190073918,6.869050214326593,0.3410382727905548,0.8831728195016928,0.08823529411764706,8.794117647058822,0.34674922600619196,6.935579287235341,0.5541795665634675,5.542270948281813
2019-04-28,117,6885750,2662,2242,0.0003865955052100352,0.021790151935067954,0.9026370456298072,0.002762180344395061,0.12021036814425244,0.046471100784199824,120.20600384102327,0.010258697591436218,10.258325143803651,0.14049586776859505,0.027156549520766772,70.24538349459797,0.020517395182872437,10.258325143803651,0.17054845980465816,0.013186557843678294,34.109444279529605,0.041480820695807316,8.29610389805557,0.23178061607813674,0.00896046937175056,23.177893304482126,0.1079393398751115,10.793855609298108,0.3610067618332081,0.006978179573757398,18.050338091660407,0.2502230151650312,12.51115075825156,0.5740045078888054,0.004438144808997119,11.480073485556693,0.49553969669937553,9.91077954081387,0.7434259954921112,0.002874043135335627,7.434238361809652,0.695807314897413,6.9580529389666825,0.30279020861700306,0.8814331860159904,0.06589785831960461,6.56781987918726,0.3723228995057661,7.447096622876051,0.5749588138385503,5.750081241999429
2019-04-29,118,6885750,2531,2135,0.0003675707076208111,0.015271193506952703,0.9123002073736695,0.0025476999487979916,0.1110233109442908,0.040807435376125474,111.01928018220308,0.005620608899297424,5.620404840014121,0.13630975898854208,0.02505082776648272,68.15240509405704,0.014519906323185013,7.25968958501824,0.16554721453970764,0.012169972987888118,33.109202489668355,0.03840749414519906,7.681443051215675,0.23113393915448438,0.008495744866246479,23.113226081689724,0.10866510538641687,10.866431633427052,0.3358356380877124,0.006172167156809353,16.79178190438562,0.2215456674473068,11.07728337236534,0.5804030027657052,0.004266764259096283,11.608009481261252,0.5044496487119438,10.088949018464914,0.7412090082971158,0.0027244671967469047,7.412090082971158,0.6941451990632318,6.941451990632319,0.33630232899226176,0.9032495541871396,0.12189616252821671,12.148984198645598,0.4604966139954853,9.210722154033197,0.672686230248307,6.727439220347778
2019-04-30,119,6885750,2700,2252,0.0003921141487855353,0.031534100734541604,0.9219373095529619,0.0035644249703661083,0.1425925925925926,0.05591054313099041,142.58741569045083,0.022202486678507993,22.20168060507354,0.17555555555555555,0.034417659018298,87.77459095749832,0.04218472468916518,21.091596574819864,0.23,0.01803711986987714,45.99966597926168,0.09014209591474245,18.028288272820525,0.2974074074074074,0.011661680559993028,29.740524783693335,0.16474245115452932,16.474125490680823,0.37777777777777777,0.007406600588171223,18.88888888888889,0.2579928952042629,12.899644760213144,0.6137037037037038,0.004812831118133656,12.274056248773638,0.5386323268206039,10.772630891593588,0.7996296296296296,0.003135451808584951,7.996273070727344,0.761101243339254,7.610990326896292,0.4419378794875128,0.9027574911014364,0.18543046357615894,18.481236203090507,0.543046357615894,10.86185862119887,0.7350993377483444,7.3516238228846
2019-05-01,120,6885750,2509,1969,0.00036437570344552157,0.04532725704523083,0.9078042436399847,0.0028113590597660804,0.17656436827421285,0.06433343014812663,176.55795800815582,0.02488572879634332,24.88482530633474,0.22080510163411718,0.040226546616322974,110.39854259200713,0.04875571356018284,24.37697172865444,0.28098844161020325,0.020476923523773564,56.19728025262009,0.10309801929913662,20.619454134277206,0.33678756476683935,0.012271631473467135,33.67851192444254,0.16455053326561705,16.454933841147326,0.40534077321642087,0.007384816468794249,20.267038660821044,0.2468257998984256,12.34128999492128,0.5504184934236748,0.004011176689283391,11.008353881320488,0.4281361097003555,8.562709758601004,0.7552809884416102,0.0027520604146244053,7.552809884416101,0.6881665820213306,6.881665820213307,0.40758319313035235,0.8683273149390334,0.16875,16.81875,0.48125,9.625825471698114,0.6520833333333333,6.521392581475129
2019-05-02,121,6885750,2199,1539,0.00031935519006644154,0.08506020173589704,0.9105557637288956,0.002643536796612916,0.2501136880400182,0.07987220447284345,250.10460752563975,0.03833658219623132,38.335190365625884,0.30241018644838563,0.04828637815858263,151.19960364050038,0.06367771280051981,31.837700473146917,0.3715325147794452,0.02372999506230213,74.30596339256338,0.12150747238466536,24.301318015995516,0.4315597999090496,0.013781986116355399,43.15566662150714,0.19558154645873943,19.558012627846658,0.4843110504774898,0.007733362378825836,24.21555252387449,0.2677063027940221,13.385315139701104,0.6120964074579355,0.003909517613161074,12.241910370542914,0.447043534762833,8.940857710675878,0.804456571168713,0.002569066349878082,8.04454234591769,0.7212475633528265,7.212454684598418,0.34209604106803154,0.8405170273289171,0.13840155945419103,13.794022092267705,0.4074074074074074,8.148846960167715,0.5789473684210527,5.789970208540218
2019-05-03,122,6885750,2442,1837,0.00035464546345713975,0.0633334635881508,0.9001346329029472,0.004045756680417404,0.24324324324324326,0.08626198083067092,243.23441216412462,0.06042460533478498,60.422411586406575,0.29115479115479115,0.051626488527446994,145.5721103103473,0.09308655416439847,46.5415873030429,0.3321048321048321,0.023555723372738098,66.42048411704806,0.12520413718018508,25.040645606565963,0.389025389025389,0.013796308398321208,38.901691463448095,0.19324986390854654,19.32456542221459,0.4774774774774775,0.008466761064517301,23.873873873873876,0.3070223189983669,15.351115949918347,0.6425061425061425,0.004557231155311832,12.850104188242607,0.5253130103429504,10.506244948906065,0.7665847665847666,0.0027186580982463786,7.665847665847666,0.6897114861186717,6.897114861186719,0.30874889318664633,0.8156272716323769,0.11198738170347003,11.161409043112513,0.31230283911671924,6.246592464734242,0.4952681388012618,4.953106146279171
2019-05-04,123,6885750,2805,2254,0.00040736303234941725,0.038522067513168064,0.8966669152725785,0.004152697034832977,0.17647058823529413,0.07188498402555911,176.4641813739728,0.04392191659272405,43.920321983495434,0.22281639928698752,0.04538193435957014,111.4041549078111,0.07364685004436557,36.82208812757698,0.2663101604278075,0.021696825350721774,53.26164533288145,0.11535048802129548,23.069930084888764,0.3301247771836007,0.01344796537802434,33.012238004182215,0.18322981366459629,18.32284831742127,0.4235294117647059,0.008626511273281777,21.176470588235293,0.290150842945874,14.5075421472937,0.6085561497326203,0.0049580583697369646,12.171105318864994,0.515527950310559,10.31054403246971,0.7472370766488413,0.003043958772947688,7.472349062682547,0.6863354037267081,6.863334102375159,0.3339656056707347,0.853224046522256,0.08536585365853659,8.508130081300813,0.3130081300813008,6.260699493787391,0.4905149051490515,4.90556973322735
2019-05-05,124,6885750,3172,2630,0.00046066151109174744,0.03938677716634953,0.8940667736343177,0.003964264229252114,0.14722572509457754,0.06781876270694162,147.22037998402374,0.03384030418250951,33.83907559173901,0.1800126103404792,0.04146093523090328,90.00303744205304,0.05817490494296578,29.08639643559589,0.223203026481715,0.020564059368555578,44.64028114660516,0.0935361216730038,18.7070884954511,0.2808953341740227,0.012939485034635996,28.088921524982602,0.1520912547528517,15.208794165097498,0.37263556116015134,0.00858294303452783,18.631778058007566,0.24980988593155892,12.490494296577946,0.5545397225725095,0.005109094711404406,11.090778344594227,0.46577946768060835,9.31557582483778,0.7134300126103404,0.003286497476672839,7.134300126103406,0.6570342205323194,6.570342205323194,0.36691947300407307,0.8657439728277656,0.0888030888030888,8.85070785070785,0.3127413127413127,6.255362689324953,0.5122265122265123,5.122704424591217
2019-05-06,125,6885750,3162,2367,0.00045920923646661585,0.07594616161894811,0.9015625593566022,0.00411613389963528,0.21884882985452245,0.10049375544583213,218.84088442793754,0.034220532319391636,34.21928992423046,0.25996204933586337,0.05968632006970665,129.9763056356681,0.05661174482467258,28.304844752141246,0.31562302340290954,0.028987191030817042,63.12414631260229,0.1111111111111111,22.2220608595467,0.37792536369386465,0.01735455575241802,37.792261945671214,0.18335445711871567,18.335312572325606,0.46710942441492725,0.010725048106596958,23.355471220746363,0.2948880439374736,14.74440219687368,0.5866540164452878,0.005387931034482759,11.733063289275666,0.44909167722855936,8.981820500501186,0.7343453510436433,0.0033721816795556038,7.343453510436432,0.6451204055766794,6.451204055766794,0.4172016243938153,0.8800871232554384,0.11491108071135431,11.45280437756498,0.36388508891928867,7.278325938058019,0.5554035567715458,5.55451190009691
2019-05-07,126,6885750,3183,2375,0.0004622590131793922,0.06610376817740739,0.912222979160665,0.004972927168377146,0.2089224002513352,0.09657275631716526,208.91481520921167,0.03663157894736842,36.630249017839404,0.256047753691486,0.05917804240487946,128.01922886880263,0.06357894736842105,31.78831954996408,0.33961671379202013,0.03139794940311946,67.92284954524972,0.14736842105263157,29.47347019266194,0.40999057492931196,0.018952046240088297,40.998759785638704,0.2328421052631579,23.284041452202935,0.5136663524976437,0.011872258851549565,25.683131130084014,0.3608421052631579,18.041974253650917,0.6302230600062834,0.005826517334324752,12.604442895013088,0.5086315789473684,10.17261680551411,0.7596606974552309,0.003511594943768008,7.5965959422087845,0.6795789473684211,6.795779604345933,0.4054050630988623,0.8762102894227246,0.1303030303030303,12.986868686868688,0.38484848484848483,7.69762981443942,0.5575757575757576,5.576235771089974
2019-05-08,127,6885750,4110,2935,0.0005968848709290927,0.09252495744314625,0.9364480748138586,0.008049485677173118,0.221654501216545,0.13229741504501888,221.64645392852523,0.03713798977853492,37.13664146348342,0.2807785888077859,0.08379320360151031,140.3841974936982,0.07359454855195911,36.79593833079092,0.3861313868613139,0.04609486188968602,77.22571660751959,0.1798977853492334,35.979295810755,0.47493917274939174,0.028348194835748932,47.49357240638886,0.28722316865417374,28.722108303472027,0.5763990267639902,0.01720219293468395,28.819951338199512,0.41465076660988076,20.732538330494037,0.710705596107056,0.008484176038665303,14.214091279377033,0.5986371379897786,11.97272537211032,0.8462287104622871,0.005051003810763082,8.462274815075885,0.7856899488926746,7.8568880785675566,0.45154390386898585,0.8885532833062247,0.1411589895988113,14.068845963348192,0.41901931649331353,8.381105059397132,0.5794947994056464,5.795444987880996
2019-05-09,128,6885750,4778,3553,0.0006938968158878844,0.09056422985014062,0.9409248384313086,0.00929861228846124,0.2057346169945584,0.14275341272146383,205.72714768665122,0.030678300028145228,30.677186235666717,0.25931352030138133,0.08996514667441186,129.65205289102792,0.06867435969603153,34.335933217902195,0.339891167852658,0.04716953730866421,67.97773995879753,0.15001407261469182,30.002596662889253,0.43302637086647133,0.030047343808998227,43.302322652325145,0.2583732057416268,25.83713296109975,0.5586019254918376,0.019380604872381368,27.93009627459188,0.41654939487756826,20.827469743878414,0.7373377982419422,0.010232712147969142,14.746734548530455,0.6507177033492823,13.01433516659692,0.8687735454164922,0.006028391968921323,8.68773545416492,0.8257810301153954,8.257810301153954,0.48438106241259526,0.8938254888918684,0.1476725521669342,14.718031032637773,0.46869983948635635,9.374800734563294,0.6308186195826645,6.308727206649615
2019-05-10,129,6885750,5054,3740,0.0007339795955415169,0.09254809326127936,0.9431924935745025,0.009913127970510065,0.20419469726948952,0.14986930002904444,204.1872838692111,0.023529411764705882,23.528557516529702,0.26117926394934704,0.09584664536741214,130.58489084658848,0.058288770053475936,29.14332692388338,0.3476454293628809,0.05103255976066688,69.52858099960665,0.14385026737967915,28.76984456735966,0.44222398100514443,0.03245810218130065,44.22207698751305,0.26283422459893047,26.283231607541396,0.5763751483973091,0.021152379915041934,28.818757419865452,0.4344919786096257,21.724598930481285,0.7673130193905817,0.011263825634352635,15.346238100859448,0.6885026737967914,13.770033478065622,0.8836565096952909,0.006485839637397125,8.83653943078893,0.8441176470588235,8.44115195284666,0.49039342974740524,0.9003960574218989,0.15275590551181104,15.2246719160105,0.45511811023622045,9.103142853283991,0.6488188976377953,6.488745424832188
2019-05-11,130,6885750,4736,2999,0.0006877972624623316,0.11479647757862099,0.9480624126889069,0.008116244361508753,0.2533783783783784,0.17426662794074935,253.36917933762984,0.017672557519173057,17.671915907296817,0.33530405405405406,0.11530641882079581,167.6459403283984,0.06235411803934645,31.17592711947646,0.4358108108108108,0.05994946121002643,87.16152924977608,0.15805268422807603,31.6103073113792,0.5187922297297297,0.035682128438235206,51.87884626131294,0.272757585861954,27.27556052817319,0.6353462837837838,0.021849471735105108,31.76731418918919,0.4361453817939313,21.807269089696565,0.8002533783783784,0.011008225671530812,16.005044323847823,0.6885628542847616,13.771237086077054,0.8859797297297297,0.00609373547727484,8.859784430457186,0.8222740913637879,8.222728971977244,0.51437392592183,0.9066849097760252,0.14073071718538566,14.02616147947677,0.40866035182679294,8.173907997688222,0.6211096075778079,6.211628759832604
2019-05-12,131,6885750,4718,2931,0.0006851831681370948,0.12695748409065938,0.9439393894044928,0.006474740220117371,0.26112759643916916,0.17891373801916932,261.11811605881627,0.019447287615148412,19.446581570724394,0.32662144976685037,0.11189369735695615,163.30479579814767,0.05151825315591948,25.758191378766522,0.42136498516320475,0.05774201980888205,84.27238509940855,0.13135448652337087,26.270706543271686,0.5010597710894447,0.034331522844113976,50.1056132733908,0.22893210508358922,22.89304427342247,0.6131835523526918,0.021007152452528773,30.65917761763459,0.3903104742408734,19.51552371204367,0.7619754133107249,0.010441839390277907,15.239486134295484,0.6202661207778914,12.405304399649033,0.8571428571428571,0.005872998584032241,8.571428571428571,0.7717502558853634,7.717502558853632,0.4799437627287728,0.8982995252187032,0.12345679012345678,12.304526748971192,0.3567901234567901,7.136414459055968,0.5740740740740741,5.741233085572708
2019-05-13,132,6885750,4612,2990,0.0006697890571106996,0.10762013010712591,0.9337589818323172,0.005858268484510886,0.2302688638334779,0.15422596572756317,230.26050379630706,0.021739130434782608,21.738341183750272,0.2885949696444059,0.09664536741214058,144.2922460230154,0.04548494983277592,22.7416492383849,0.3748915871639202,0.05021929187603474,74.97777299119822,0.10735785953177257,21.471415994391442,0.45836947094535996,0.030700862644863342,45.83661425777706,0.20434782608695654,20.434634225191857,0.572419774501301,0.019170025051737285,28.62098872506505,0.3585284280936455,17.926421404682273,0.7376409366869038,0.009881233498601465,14.752754458585223,0.6,11.999947718341277,0.8436686903729401,0.005650792359884748,8.436674651360885,0.7608695652173914,7.608684602274335,0.45263887152651905,0.8828744153471902,0.11270983213429256,11.233413269384494,0.34532374100719426,6.907067142169627,0.5335731414868106,5.3361890247664645
2019-05-14,133,6885750,3817,2618,0.0005543332244127365,0.08788846386361944,0.9264444324645887,0.004850342501881156,0.21509038511920356,0.11922741794946268,215.08257614501247,0.02024446142093201,20.243726434676528,0.2648676971443542,0.07340981702004067,132.4290404887988,0.03819709702062643,19.09785512705333,0.3411055802986639,0.03781695663539458,68.22062068435112,0.09931245225362872,19.86234622281867,0.4280848834162955,0.02372999506230213,42.808177495479924,0.20320855614973263,20.32070805872987,0.5559339795651035,0.015408633772646407,27.79669897825517,0.37203972498090143,18.601986249045073,0.7008121561435683,0.007769657960777024,14.016222767466699,0.5687547746371275,11.375078973004,0.808226355776788,0.0044802607119620785,8.082251820118648,0.7226890756302521,7.226880260887699,0.41501916071580536,0.8823618293804436,0.12618724559023067,12.576662143826322,0.3283582089552239,6.567727400732188,0.5359565807327001,5.360025461341352
2019-05-15,134,6885750,2602,1642,0.00037788185745924553,0.08017464635568652,0.9034680095030448,0.0025796846989953924,0.2624903920061491,0.0991867557362765,262.48086214875707,0.014616321559074299,14.61579090551784,0.3220599538816295,0.060848097589311645,161.02413065934,0.043239951278928136,21.619190714411804,0.40392006149116066,0.03052659095529931,80.78342569963576,0.11388550548112059,22.77693570439531,0.46617986164488856,0.017615963286764066,46.61764765635498,0.19244823386114496,19.244683643285875,0.56456571867794,0.01066680221032988,28.227875987616823,0.3276492082825822,16.38222249926872,0.6779400461183704,0.005123617436564736,13.55878123129348,0.4939098660170524,9.87818297450657,0.7605687932359724,0.0028740514831354608,7.605687932359723,0.623020706455542,6.230207064555421,0.36617691611276554,0.8662388514690906,0.12220566318926974,12.179831097863884,0.31594634873323396,6.319468906652215,0.5216095380029806,5.21654272954782
2019-05-16,135,6885750,2057,1335,0.0002987328903895727,0.06700674586748574,0.8836757539309609,0.001766498363234218,0.2547399124939232,0.07609642753412721,254.7306640219331,0.02846441947565543,28.46338605932245,0.3135634419056879,0.04683415625907639,156.77602890662868,0.056179775280898875,28.088867821699782,0.37287311618862423,0.022277730982601877,74.57408172749192,0.09213483146067415,18.426832488028612,0.42877977637335923,0.012808969182956228,42.877666286602256,0.16104868913857678,16.104751971244518,0.5148274185707341,0.007689738302012838,25.741184012194893,0.27265917602996254,13.63285980821629,0.630529897909577,0.0037671839646343623,12.610543016276646,0.43745318352059925,8.74902555244857,0.7194944093339816,0.002149363323728971,7.194933644320254,0.5685393258426966,5.685385001686594,0.32310392326581827,0.8567153705029412,0.11461794019933555,11.42358803986711,0.32059800664451826,6.412510043707937,0.526578073089701,5.266232341594343
2019-05-17,136,6885750,1752,1222,0.0002544385143230585,0.05538386848304765,0.8882310732502016,0.0021420030281777253,0.24486301369863014,0.06230031948881789,244.85412381285832,0.04582651391162029,45.824850154943285,0.2876712328767123,0.03659599186755736,143.83039440755314,0.06382978723404255,31.9137349293355,0.3458904109589041,0.017601440645967064,69.17757986756148,0.11129296235679215,22.258430844586876,0.4189497716894977,0.010659618344999854,41.89467295609746,0.20540098199672668,20.539949051438622,0.4988584474885845,0.006346440111825146,24.942922374429227,0.3060556464811784,15.302782324058919,0.6170091324200914,0.0031398131796635375,12.340164727093724,0.46153846153846156,9.230755825176775,0.714041095890411,0.0018167929175573938,7.140400589081521,0.5932896890343698,5.932888274160604,0.3054442766967948,0.8636012943149193,0.11130742049469965,11.09363957597173,0.31625441696113077,6.325630799629066,0.5300353356890459,5.300807932650055
2019-05-18,137,6885750,1823,1340,0.00026474966416149294,0.05093471780055638,0.8961340593517342,0.0029170109745341494,0.23313219967087218,0.061719430729015395,233.12373567872615,0.05298507462686567,52.98315097472266,0.2792100932528799,0.03695904734243392,139.59997818879012,0.08432835820895522,42.16264831087086,0.33955019199122327,0.01797902930668913,67.90954528169758,0.1417910447761194,28.358003037182726,0.41470104223806914,0.010979116442533911,41.46980309609319,0.2291044776119403,22.910281401092362,0.4854635216675809,0.006426315216207385,24.273176083379045,0.31343283582089554,15.671641791044777,0.6253428414701042,0.003311171719108075,12.506802339467047,0.49850746268656715,9.970105815736284,0.7213384530992869,0.0019097355851270083,7.213363579423093,0.6253731343283582,6.253713179065656,0.3181967738164731,0.8843877594003966,0.09983361064891846,9.950083194675539,0.324459234608985,6.4897412260298015,0.5391014975041597,5.3914773262401425
2019-05-19,138,6885750,2496,1949,0.00036248774643285047,0.07670069354951749,0.887377644374629,0.0066578920632582505,0.21794871794871795,0.07900087133313971,217.9408052011886,0.07029245767060031,70.28990566444033,0.2624198717948718,0.04756026720882951,131.20517224887732,0.10518214468958441,52.58916299711776,0.3417467948717949,0.02477562519968631,68.34886266776442,0.18676244227809133,37.35221722723191,0.4407051282051282,0.015974904876702778,44.0701928103991,0.3022062596203181,30.22040652038406,0.5256410256410257,0.009526852362833658,26.281860439656192,0.4032837352488456,20.164040343821622,0.6534455128205128,0.004737312947299935,13.068891276791076,0.5608004104669061,11.215991920637661,0.7435897435897436,0.0026954177897574125,7.4358866369479575,0.6747049769112365,6.747039970557421,0.3084996140492026,0.8390602555134771,0.09915014164305949,9.881964117091595,0.2847025495750708,5.694539332066726,0.45325779036827196,4.5329666324909255
2019-05-20,139,6885750,2973,2279,0.00043176124605162836,0.1028334091869087,0.8934449157980363,0.007941369168296436,0.232761520349815,0.10049375544583213,232.75306981538466,0.07064501974550241,70.64245493938327,0.27480659266733937,0.05932326459483009,137.3983078317697,0.104870557261957,52.43337493948013,0.3615876219307097,0.031223677713555432,72.31699926542694,0.19921017990346643,39.8417466749047,0.44668684830137906,0.019286066978419357,44.668360476505576,0.30057042562527425,30.056824308711143,0.5321224352505887,0.011487492284791054,26.60612176252943,0.4006143045195261,20.030715225976305,0.6851664984863775,0.005916541045458902,13.703270266992478,0.5936814392277314,11.873577053470637,0.7682475613858056,0.0033169952438006026,7.682475613858056,0.7011847301448003,7.011847301448004,0.34550169480102555,0.8409674619344416,0.09986859395532194,9.953569864213755,0.29697766097240474,5.940062615092987,0.5006570302233903,5.006999682191212
2019-05-21,140,6885750,3074,2311,0.00044642921976545765,0.10427643591591838,0.906723809438983,0.0057612164865485545,0.21633051398828887,0.09657275631716526,216.32265999054025,0.03461704889658156,34.615792105668966,0.25797007156798957,0.057580598315422594,128.98035291165294,0.06360882734746863,31.80325899708337,0.3350683148991542,0.029916640041825204,67.01317637215286,0.1462570315880571,29.251193913778042,0.43005855562784645,0.01919893113363734,43.00554328348839,0.2656858502812635,26.568392105117926,0.5289525048796356,0.011806992702320008,26.447625243981783,0.3842492427520554,19.212462137602767,0.708523096942095,0.006326099079840134,14.170441359469486,0.6144526179143228,12.289034511233469,0.7908262849707222,0.00353047961369495,7.9082628497072225,0.7226308957161403,7.226308957161402,0.3727154927750623,0.8487899633449226,0.1056241426611797,10.527206218564244,0.3429355281207133,6.859298788019962,0.5267489711934157,5.267941469199331
2019-05-22,141,6885750,2863,2140,0.0004157862251751806,0.09106044036938549,0.9229675820303098,0.004282438010983014,0.20817324484806146,0.08655242521057217,208.165687004435,0.026168224299065422,26.167274247355465,0.24764233321690535,0.05148126633749637,123.8166712132084,0.04392523364485981,21.961819457601905,0.30736989172196993,0.025559847802724446,61.47353196214106,0.10186915887850467,20.373683834780667,0.4114565141460007,0.017107670858868978,41.14535264284215,0.23411214953271028,23.411044956938333,0.5204331121201536,0.010819367393766882,26.02146665442903,0.3691588785046729,18.457809896188905,0.687041564792176,0.00571324007807417,13.740811340411883,0.5831775700934579,11.663534463214019,0.7761089765979742,0.003226954217042443,7.761089765979742,0.7014018691588785,7.014018691588785,0.38132419999046224,0.8785251324889083,0.11764705882352941,11.72549019607843,0.38544891640866874,7.709639475542858,0.5773993808049536,5.774489004774068
2019-05-23,142,6885750,2810,2115,0.0004080891696619831,0.0835176638573803,0.9280414919214309,0.005993794705714832,0.23202846975088967,0.09468486784780715,232.02004583026266,0.06619385342789598,66.19145022380697,0.2793594306049822,0.0569997095556201,139.67464415395415,0.09456264775413711,47.279607302719256,0.35444839857651245,0.028929100467629032,70.88916496262513,0.17872340425531916,35.744421297483626,0.43202846975088965,0.017630485927561067,43.20253326537495,0.2685579196217494,26.855596953664946,0.5302491103202847,0.010819445957230512,26.512455516014235,0.3900709219858156,19.503546099290777,0.6637010676156584,0.00541697648480342,13.27400207481678,0.5583924349881797,11.167832481003863,0.7572953736654804,0.0030904359141184124,7.572942738662227,0.6803782505910165,6.803772624963826,0.39048502775084626,0.8848067305570756,0.1302170283806344,12.978297161936561,0.4040066777963272,8.08082653479069,0.5893155258764607,5.89366067516759
2019-05-24,143,6885750,3066,2166,0.0004452674000653524,0.1007909282461143,0.9446650208026162,0.008996340485552824,0.26157860404435745,0.11646819634040081,261.5691072899266,0.07479224376731301,74.78952839395522,0.3333333333333333,0.0742085390647691,166.66061574208538,0.12973222530009235,64.86375765031302,0.4298760600130463,0.03828168114089866,85.97458770904858,0.2276084949215143,45.521368436661454,0.5247879973907371,0.023366929042377065,52.47841867369468,0.3476454293628809,34.764290499803316,0.6239399869536856,0.013891006789383872,31.196999347684276,0.47830101569713757,23.915050784856877,0.7619047619047619,0.00678501719490659,15.238073108228326,0.6643582640812558,13.287145985040159,0.8470319634703196,0.0037715572014667973,8.470319634703197,0.783471837488458,7.834718374884579,0.4298937358105439,0.8905381772698175,0.14006514657980457,13.959826275787188,0.42996742671009774,8.600086042652572,0.6009771986970684,6.010287404808332
2019-05-25,144,6885750,3010,1887,0.00043713466216461534,0.12249033554524748,0.943748825616917,0.009311374479340016,0.30930232558139537,0.13520185884403138,309.2910961911259,0.08320084790673025,83.19782725439558,0.3940199335548173,0.0861167586407203,197.00281422270425,0.15209326974032855,76.04387395545072,0.4993355481727575,0.04365505823578959,99.86638446747115,0.2708002119766826,54.15964912191588,0.5900332225913621,0.025792210055476487,59.00289381710871,0.3863275039745628,38.63246987267777,0.6803986710963456,0.01487129216134771,34.01993355481727,0.5098039215686274,25.49019607843137,0.8023255813953488,0.007014455878636843,16.046441716386592,0.6905140434552199,13.810220700405127,0.8697674418604651,0.0038020494469746258,8.697661787211139,0.7943826179120297,7.943814642519865,0.44217679834985885,0.8864694618357654,0.14606741573033707,14.558052434456929,0.42375601926163725,8.475847239468186,0.6051364365971108,6.051883350908154
2019-05-26,145,6885750,3469,2277,0.0005037940674581564,0.1506661284806011,0.9457132382954532,0.0089432761394227,0.29662727010665896,0.14943363345919256,296.616500891218,0.06411945542380325,64.11712753186949,0.36523493802248486,0.09199825733372059,182.61083898404917,0.11418533157663592,57.09059300782899,0.44220236379360045,0.044555461965203755,88.43983056411119,0.19411506368028106,38.8227308297219,0.5410781204958202,0.027258996775973744,54.107419155422654,0.3298199385155907,32.98175435873433,0.6725281060824445,0.01694078350216026,33.62640530412222,0.5164690382081687,25.823451910408433,0.8100317094263476,0.00816172412791542,16.20051655053145,0.7162933684672815,14.325763344632675,0.8872874027097146,0.004470101296155103,8.872874027097145,0.8317962231005709,8.317962231005708,0.4689412847684584,0.8977768280732654,0.14285714285714285,14.238095238095239,0.44603174603174606,8.921399983664134,0.6523809523809524,6.524369027199215
2019-05-27,146,6885750,3642,2466,0.0005289184184729332,0.13305824077044454,0.9497398340094619,0.009953065459301934,0.2701812191103789,0.14289863491141447,270.17141003329823,0.04866180048661801,48.660033793309594,0.32948929159802304,0.08713331397037467,164.73866465445013,0.08759124087591241,43.794030413978646,0.4302580999450851,0.04551395625780592,86.05099514063346,0.19748580697485807,39.49687459342789,0.5749588138385503,0.03041040982892329,57.495463887838696,0.3978102189781022,39.780733035064436,0.6949478308621636,0.018378535381040555,34.74739154310818,0.5612327656123277,28.061638280616382,0.8404722679846238,0.008890812343154569,16.809420947796973,0.7668288726682887,15.336555180475846,0.9017023613399231,0.004769262942652663,9.017010518223662,0.8556366585563666,8.556354159387636,0.45577092950850073,0.8807362436889627,0.1550632911392405,15.45464135021097,0.4161392405063291,8.323498599561413,0.6360759493670886,6.36130501335302
2019-05-28,147,6885750,4347,3017,0.0006313037795447119,0.12944616287094213,0.9517659165170692,0.014259657162205916,0.24890729238555326,0.15713040952657567,248.89825567002953,0.04640371229698376,46.402027584803356,0.3114791810443984,0.09831542259657276,155.73393631109982,0.08982432880344714,44.91053384100611,0.43409247757073843,0.05480844636788754,86.81786509723524,0.22306927411335764,44.613530867177445,0.5969634230503795,0.03768625286822156,59.695908830769866,0.4418296320848525,44.18264238183324,0.740050609615827,0.023359837345241986,37.00253048079135,0.6367252237321843,31.83626118660921,0.8585231193926847,0.010839762059670972,17.170437451663076,0.7981438515081206,15.962853847714825,0.9109730848861284,0.005750990811485135,9.10970438927623,0.8727212462711302,8.727187114166513,0.4235835086294364,0.8619246852742312,0.14539579967689822,14.491114701130856,0.3877221324717286,7.755107695973974,0.5993537964458805,5.994051990013217
2019-05-29,148,6885750,4718,3134,0.0006851831681370948,0.13002362499486966,0.9496574370431526,0.015882676982801346,0.24162780839338702,0.16555329654371187,241.61903596351505,0.03477983407785577,34.77857137693805,0.3374311148791861,0.11559686320069706,168.70943212891052,0.10816847479259732,54.08227383844953,0.4940652818991098,0.06770455139562578,98.81233886656003,0.2779195915762604,55.58351470261218,0.6299279355659178,0.04316128844869151,62.99233614573496,0.46362476068921504,46.3621394161283,0.7479864349300551,0.0256253857604473,37.39932174650275,0.6305041480536057,31.52520740268028,0.8450614667231878,0.011580421042847849,16.901204789272906,0.7680280791320996,15.360539274920574,0.8995337007206443,0.006163417705158014,8.995284752711274,0.8490746649649011,8.490697326351903,0.4312975283303327,0.8645814691644198,0.1526479750778816,15.21391484942887,0.38006230529595014,7.60189801381831,0.5685358255451713,5.685845850499351
2019-05-30,149,6885750,4924,2817,0.000715100025414806,0.1864316849102411,0.9440509110271903,0.014883898859671375,0.3346872461413485,0.2393261690386291,334.6750951376402,0.06105786297479588,61.055646235652155,0.45105605199025184,0.16126924194016845,225.51983807666832,0.14696485623003194,73.47976029523254,0.5879366368805848,0.08408609021464464,117.5864735368581,0.3198438054668087,63.96829659569194,0.6742485783915516,0.04821516744604839,67.42436824565956,0.44976925807596735,44.9765992157279,0.7426888708367181,0.026554841520531534,37.13444354183591,0.559460418885339,27.97302094426695,0.8287977254264826,0.011853448275862068,16.575930435726487,0.7035853745118921,14.0716870542838,0.8913484971567831,0.006374024072869226,8.913472026758585,0.8115015974440895,8.115004189226228,0.4478969377599102,0.873382004788861,0.17081260364842454,17.024322830292977,0.39800995024875624,7.9608816978571975,0.572139303482587,5.72188372033486
2019-05-31,150,6885750,4644,2594,0.0006744363359111208,0.16583493341344674,0.9335414296223227,0.008126938759176161,0.31093884582256676,0.2097008422887017,310.92755701753396,0.025057825751734774,25.056916013652007,0.4082687338501292,0.137670636073192,204.12695571511236,0.08018504240555127,40.091065621843214,0.5404823428079242,0.07290365680095269,108.09568363849267,0.2336160370084811,46.72286812951724,0.624031007751938,0.042086613029713324,62.40264764628521,0.34965304548959136,34.96505065467998,0.6819552110249785,0.02299676868895908,34.097760551248925,0.44140323824209715,22.070161912104858,0.770671834625323,0.010395366669764847,15.413414307995973,0.5932922127987664,11.865827023535834,0.8621877691645133,0.005814899154196486,8.621865170329125,0.7552043176561295,7.55203220893655,0.47359676582710214,0.8862081698891225,0.19244604316546762,19.180455635491604,0.42805755395683454,8.561885311647766,0.6025179856115108,6.025696595382356
2019-06-01,151,6885750,3699,1904,0.0005371963838361834,0.15096001835351508,0.9446086564164659,0.005773149947234524,0.32278994322789945,0.1733952948010456,322.778224162287,0.017331932773109245,17.331303527800895,0.44174101108407676,0.11864652918966018,220.8624867174108,0.0861344537815126,43.065663311505254,0.570154095701541,0.06125649888175666,114.02999112599511,0.21586134453781514,43.17195541988615,0.6480129764801298,0.034810769990415054,64.80082710502852,0.33613445378151263,33.61320130015467,0.7001892403352258,0.01880695639545438,35.00946201676129,0.42384453781512604,21.192226890756302,0.797242497972425,0.008565503299563156,15.94482680318113,0.6071428571428571,12.14283950811945,0.8732089753987564,0.004690840226786876,8.732077072613606,0.7542016806722689,7.542005853658965,0.4390819457749729,0.8841655626113573,0.17890772128060264,17.83113622096673,0.4331450094161959,8.663643147173687,0.6384180790960452,6.384728319330175
2019-06-02,152,6885750,2926,1595,0.0004249355553135098,0.11580817305210915,0.9347837161722916,0.006573459753809708,0.33390293916609703,0.1418820795817601,333.89081663708293,0.057053291536050155,57.05122018506496,0.45010252904989745,0.0956288120824862,225.04309391557737,0.14357366771159874,71.78422759549383,0.5656185919343814,0.048069941038078365,113.1228969593124,0.25956112852664576,51.911848754025705,0.6390977443609023,0.027157338290394725,63.90931036674145,0.3592476489028213,35.92450402905402,0.7218045112781954,0.015336020041389826,36.090225563909776,0.5003134796238244,25.01567398119122,0.7935748462064252,0.006744353564457664,15.871473874389732,0.6238244514106583,12.476470908951052,0.8588516746411483,0.003649566132955742,8.588516746411482,0.742319749216301,7.423197492163009,0.3849166920750622,0.8663536634077831,0.15853658536585366,15.800813008130081,0.3832752613240418,7.666162645453948,0.5505226480836237,5.505698627189653
2019-06-03,153,6885750,3721,2513,0.000540391388011473,0.07695413793205579,0.9420618130612791,0.009619502434406164,0.22171459285138403,0.11980830670926518,221.70654338170456,0.041384799044966177,41.383296547179185,0.3120128997581295,0.08430148126633749,156.0007859794903,0.09868682849184242,49.341622806252104,0.44101048105348023,0.047663307095762296,88.20145574701564,0.21647433346597691,43.29455231529671,0.5522708949207202,0.029844026837840192,55.226688470480546,0.35853561480302426,35.85330113610509,0.6820747110991668,0.018429364992920163,34.10373555495835,0.5376044568245125,26.880222841225628,0.8210158559527009,0.008873385072962172,16.420293272278762,0.7373656983684839,14.747292550250917,0.8812147272238645,0.004762008495806557,8.812147272238645,0.8249104655789893,8.249104655789893,0.444166185063913,0.8692161266159711,0.15479876160990713,15.428276573787409,0.39473684210526316,7.895413920736662,0.5619195046439629,5.619676967112564
2019-06-04,154,6885750,4484,3207,0.000651199941909015,0.09188033599610633,0.950513527637513,0.014782604515666022,0.20606601248884923,0.134185303514377,206.05853114944725,0.048331774243841594,48.33001953231662,0.27564674397859057,0.08974731338948591,137.8183682363186,0.09292173370751482,46.45918006654953,0.41280107047279213,0.05376281623050336,82.55961459839173,0.2379170564390396,47.583065769412904,0.5497323818019625,0.035798309564611226,54.97283900190048,0.4019332709697537,40.19303524034944,0.7114183764495986,0.023163780270849216,35.57091882247993,0.6108512628624883,30.542563143124415,0.860392506690455,0.01120573473371131,17.20782514332129,0.8110383536014967,16.220743515055727,0.9099018733273863,0.005925254655246029,9.09897909062452,0.8774555659494855,8.774517430467819,0.44012021868445916,0.8884933032822175,0.16608996539792387,16.553633217993077,0.4100346020761246,8.201395359879397,0.5795847750865052,5.796344821855692
2019-06-05,155,6885750,4601,3152,0.0006681915550230549,0.1322796196985644,0.9550932482840995,0.014549879473552744,0.24516409476200826,0.1638106302643044,245.15519394532362,0.038388324873096444,38.386931163944794,0.31493153662247336,0.10521347661922742,157.46005143030757,0.09517766497461928,47.5871047486919,0.430558574222995,0.05753870283772401,86.11108955984744,0.2233502538071066,44.66972639787053,0.5731362747228863,0.03829620378169566,57.31321129967635,0.40609137055837563,40.608842179882295,0.735926972397305,0.0245870094034782,36.79634861986524,0.6291243654822335,31.456218274111677,0.8817648337317975,0.01178373919509248,17.635271063379275,0.8312182741116751,16.624341339124417,0.919365355357531,0.006143103821359122,9.193626850233334,0.8835659898477157,8.835634234942367,0.4910302119088647,0.9008966124434009,0.18470149253731344,18.40858208955224,0.48507462686567165,9.70232456926346,0.628731343283582,6.287852653541896
2019-06-06,156,6885750,3512,1517,0.0005100388483462222,0.21976749202867615,0.9555018438277971,0.004727055435665764,0.4054669703872437,0.20679639848968923,405.4522496868957,0.01977587343441002,19.775155460497935,0.5156605922551253,0.13149869300029043,257.8209354575028,0.06064601186552406,30.32190503943017,0.6261389521640092,0.06387057422521711,125.22688111369268,0.17534607778510217,35.06896090821015,0.7067198177676538,0.03604519445816027,70.6714686048625,0.3335530652603823,33.355064322470554,0.7918564920273349,0.020193878662455072,39.59282460136675,0.5253790375741595,26.268951878707977,0.8678815489749431,0.008853053257737708,17.357605771488448,0.6961107448912327,13.922194678974595,0.8977790432801822,0.0045790019431349825,8.977751318320532,0.7633487145682267,7.633453888068116,0.5205910886088104,0.9154936843386262,0.21775898520084566,21.703312191684287,0.5200845665961945,10.402583415228516,0.6871035940803383,6.87162522347412
2019-06-07,157,6885750,2604,1345,0.00037817231238427185,0.17754664376535176,0.9618745128807634,0.004138210367977301,0.3778801843317972,0.14289863491141447,377.86646518482036,0.022304832713754646,22.30402292459135,0.4577572964669739,0.08655242521057217,228.8703386688546,0.058736059479553904,29.36696351737862,0.5472350230414746,0.0413895262714572,109.44620987852781,0.1620817843866171,32.416121491769985,0.6217357910906298,0.023512155450347093,62.17312764678476,0.283271375464684,28.326931854046702,0.7411674347158218,0.01401445013252006,37.05837173579109,0.5063197026022305,25.315985130111525,0.8786482334869432,0.006645599033367413,17.57293914900525,0.7657992565055762,15.315962887127265,0.9262672811059908,0.003502886395817449,9.262672811059907,0.857992565055762,8.579925650557621,0.45996729667252634,0.8981293279657545,0.20353982300884957,20.28613569321534,0.5066371681415929,10.133612380272925,0.6637168141592921,6.637737366990998
2019-06-08,158,6885750,2301,1427,0.000334168391242784,0.13024368069011993,0.9349594203374199,0.005084527622423469,0.3307257714037375,0.11051408655242521,330.7137642235384,0.06937631394533987,69.3737952002794,0.3980877879182964,0.066511762997386,199.0366675616039,0.11983181499649614,59.91373221842312,0.4728378965667101,0.0316012663742775,94.56689262784933,0.20322354590049055,40.64441404584224,0.5458496305953933,0.018240436841035174,54.584566700633616,0.29572529782761037,29.572315047147292,0.6371142981312473,0.010645173002214719,31.855714906562362,0.4309740714786265,21.548703573931324,0.8048674489352455,0.0053792017752527675,16.097278845696106,0.693062368605466,13.861186981358937,0.8709256844850065,0.0029103583487637514,8.709256844850065,0.7946741415557113,7.946741415557112,0.30995067299195783,0.8451700885948683,0.13218390804597702,13.17432950191571,0.36590038314176243,7.318635279272884,0.5402298850574713,5.402762169515585
2019-06-09,159,6885750,2276,1428,0.00033053770467995496,0.16093310806918754,0.9343690945979515,0.007337599030836091,0.34885764499121263,0.11530641882079581,348.844979523416,0.09663865546218488,96.63514694288985,0.4090509666080844,0.06760092942201569,204.5180578943957,0.14775910364145659,73.87686958315129,0.5074692442882249,0.033547300241075835,101.49311187828997,0.26750700280112044,53.50101206941285,0.5883128295254832,0.019445816027186383,58.83085575975336,0.3704481792717087,37.04454893287879,0.6766256590509666,0.011182514613513415,33.83128295254833,0.49789915966386555,24.894957983193276,0.8040421792618629,0.005315301970147173,16.080773524139236,0.6932773109243697,13.865485809007778,0.8756590509666081,0.002894370717623857,8.7565523589097,0.8046218487394958,8.046183431590878,0.32827681969939093,0.8536674040887055,0.12987012987012986,12.943722943722943,0.3654916512059369,7.3104599394724366,0.5547309833024119,5.547785588584412
2019-06-10,160,6885750,2172,1422,0.0003154340485785862,0.13500638164796622,0.9214160174699116,0.007039903517266416,0.3199815837937385,0.100929422015684,319.9699666871529,0.07383966244725738,73.83698165788593,0.4046961325966851,0.06382515248329945,202.34071994101254,0.1518987341772152,75.94660970525412,0.5009208103130756,0.0316012663742775,100.18343459331551,0.2651195499296765,53.02352496233612,0.5934622467771639,0.01871968398733626,59.34579374576457,0.40014064697609003,40.013774142664786,0.6924493554327809,0.010921105180989725,34.622467771639045,0.5386779184247539,26.933895921237696,0.7918968692449355,0.004995817455153825,15.837914383897537,0.6856540084388185,13.713060253646931,0.8494475138121547,0.0026794427920810485,8.494462801828766,0.7728551336146273,7.728540112183579,0.339734060436584,0.8527636234850929,0.13872832369942195,13.826589595375722,0.36416184971098264,7.283861628610238,0.5645472061657033,5.645956235933332
2019-06-11,161,6885750,2362,1660,0.00034302726645608683,0.09914685518149573,0.9300216180809928,0.006400999887783305,0.275190516511431,0.0943944234679059,275.18052556906565,0.04939759036144578,49.39579695488314,0.34292972057578325,0.05881498693000291,171.458635162264,0.10602409638554217,53.010123561338,0.4377646062658764,0.030032821168201225,87.55228550336223,0.22289156626506024,44.577989555596695,0.5283657917019475,0.018124255714659154,52.836195506864634,0.3433734939759036,34.33710006309475,0.6469093988145639,0.011095378136005519,32.3454699407282,0.5030120481927711,25.15060240963855,0.7874682472480948,0.0054024537596430895,15.749342072592043,0.7,13.999979668184777,0.869602032176122,0.002982972080020332,8.69602032176122,0.8150602409638554,8.150602409638553,0.39259419366803683,0.8857337884648808,0.16780045351473924,16.724111866969007,0.4580498866213152,9.161783409761846,0.6621315192743764,6.62188305854074
2019-06-12,162,6885750,2327,1568,0.0003379443052681262,0.09645886786978614,0.9239478080634268,0.004941699737132668,0.28405672539750754,0.09599186755736276,284.0464125625744,0.03571428571428571,35.712989087589726,0.345509239363988,0.05837932036015103,172.7483477309454,0.08801020408163265,44.00350441149448,0.431886549204985,0.02919050800197508,86.37668262767508,0.1868622448979592,37.372177606265716,0.5178341211860765,0.017499782160388045,51.78303610266092,0.3022959183673469,30.22937232998285,0.6489041684572411,0.010964673419743673,32.44520842286205,0.48660714285714285,24.330357142857142,0.7791147400085947,0.005265940143135979,15.582272170433418,0.673469387755102,13.469368193880396,0.8560378169316717,0.002892931053262172,8.560378169316717,0.7876275510204082,7.876275510204081,0.37479789253954027,0.8584808149720773,0.1762114537444934,17.562408223201174,0.43612334801762115,8.723215027844734,0.6167400881057269,6.167929817667995
2019-06-13,163,6885750,2182,1480,0.0003168863232037178,0.11427601909042692,0.9332157003977642,0.0042500343227297455,0.29055912007332724,0.0920708684286959,290.5485711653954,0.03918918918918919,39.18776640422008,0.3340971585701192,0.05293348823700261,167.0425144949316,0.07364864864864865,36.822987397068864,0.41246562786434465,0.02614075343460455,82.49252656385347,0.15608108108108107,31.21598954526864,0.4798350137488543,0.015205204914461645,47.9831529513081,0.25,24.99981846699004,0.6429880843263062,0.01018770649529826,32.149404216315304,0.4837837837837838,24.18918918918919,0.7859761686526123,0.004981294729993493,15.719500544020486,0.6898648648648649,13.797277259861636,0.8602199816681944,0.0027259194713720363,8.602199816681942,0.7972972972972973,7.972972972972974,0.37238072744388095,0.8655144855668653,0.167420814479638,16.68627450980392,0.4253393665158371,8.507516900413682,0.6221719457013575,6.222253052164262
2019-06-14,164,6885750,2175,1414,0.0003158697309661257,0.11100798983836228,0.9371162214435071,0.004722522177606848,0.2891954022988506,0.0913314941193553,289.14291293441414,0.031117397454031116,31.111749603469548,0.35908045977011493,0.05670926517571885,179.5337115787154,0.07708628005657708,38.54174069848792,0.44,0.027796334485462836,87.99936100380492,0.1661951909476662,33.2387968302272,0.5420689655172414,0.01712219349966598,54.20650293808046,0.3125884016973126,31.258613189277497,0.6901149425287356,0.010899321061612751,34.50574712643678,0.5289957567185289,26.449787835926447,0.8216091954022988,0.005190421972302258,16.43216004403691,0.7291371994342292,14.58272281056628,0.8809195402298851,0.0027825460586890665,8.809157022353213,0.8196605374823197,8.196569663812788,0.3733135880215066,0.8565729624725515,0.1589958158995816,15.8465829846583,0.41841004184100417,8.368918521282932,0.6171548117154811,6.172077409446164
2019-06-15,165,6885750,2750,1826,0.0003993755219111934,0.10790619576287933,0.937669748259876,0.007251971072334911,0.2792727272727273,0.11153064188207958,279.26258812346526,0.056955093099671415,56.95302531383422,0.3512727272727273,0.07014231774615161,175.62998706202308,0.10076670317634173,50.38152239300719,0.4527272727272727,0.03616137558453629,90.54479706589846,0.21303395399780942,42.60648141800274,0.5625454545454546,0.02246652531296291,56.25413697226704,0.3592552026286966,35.92525939615655,0.6734545454545454,0.01344806302871873,33.67272727272727,0.5169769989047097,25.848849945235486,0.8130909090909091,0.00649452496441953,16.2617000995461,0.7217962760131434,14.435820696382418,0.8778181818181818,0.0035057909450677124,8.77818181818182,0.8181818181818182,8.181818181818182,0.41013767130431295,0.8715738918108118,0.16023166023166024,15.969755469755471,0.42857142857142855,8.572163685371233,0.6428571428571429,6.429122764028424
2019-06-16,166,6885750,3686,2723,0.0005353084268235124,0.10645472064175272,0.9392891535418275,0.01215364367962542,0.23412913727618015,0.1253267499273889,234.1206370896685,0.050679397723099526,50.67755777981884,0.3005968529571351,0.08045309323264595,150.2929698119077,0.10796915167095116,53.982615895893986,0.42539338035811175,0.04554300153939993,85.07805828809632,0.24715387440323172,49.43041594795239,0.548290830168204,0.029350257050742106,54.828684885281454,0.40066103562247524,40.06581262943243,0.6785132935431362,0.01816069418727081,33.9256646771568,0.5714285714285714,28.571428571428573,0.820130222463375,0.008780414128827817,16.402532986320168,0.7590892398090342,15.181718652106388,0.8874118285404232,0.004750390298805504,8.874118285404231,0.8494307748806463,8.494307748806463,0.4262266408987099,0.8559211562696912,0.14814814814814814,14.765432098765432,0.4074074074074074,8.148846960167715,0.6167471819645732,6.168000762340385
2019-06-17,167,6885750,4854,3535,0.0007049341030388847,0.117949449863484,0.9491089712766224,0.01591957896366529,0.21899464359291307,0.1543711879175138,218.98669287248057,0.03734087694483734,37.33952126385619,0.28986402966625463,0.1021638106302643,144.92675299698033,0.09363507779349363,46.81583916036515,0.4264524103831891,0.060123732899590464,85.28986275512052,0.24724186704384724,49.44801434828695,0.5543881334981459,0.0390804263847338,55.43841079082834,0.40848656294200847,40.84835967901965,0.6977750309023486,0.024594270776603856,34.88875154511743,0.5971711456859972,29.858557284299863,0.8467243510506799,0.011937680081791987,16.93446242752352,0.7932107496463933,15.864191953764443,0.911207251751133,0.0064234106669571215,9.112072517511331,0.8806223479490807,8.806223479490807,0.5054861582353429,0.8735323502710346,0.1629746835443038,16.24314345991561,0.4572784810126582,9.146353974422997,0.6534810126582279,6.535370573419893
2019-06-18,168,6885750,5417,3866,0.0007866971644337944,0.12091527714157009,0.9526850329503099,0.01768600742692328,0.21561750046151007,0.16961951786232937,215.6096723501079,0.029746508018623902,29.745428055364435,0.29130515045227984,0.11458030787104269,145.64728722965336,0.0817382307294361,40.8676315891094,0.41794351116854345,0.06575851752882744,83.58809526936008,0.21805483704086912,43.610650734966576,0.5763337640760569,0.04533968456824189,57.63295791319394,0.4265390584583549,42.653596122158895,0.7356470371054089,0.028936571905747378,36.78235185527045,0.6404552509053285,32.022762545266424,0.8632084179435112,0.013581652569941444,17.264143286593004,0.8111743404035179,16.223463247146352,0.9165589809857855,0.007210543513778455,9.165589809857854,0.8856699430936368,8.856699430936368,0.5093073489797936,0.8761603246564016,0.1546242774566474,15.410886319845856,0.42196531791907516,8.440030141088053,0.6098265895953757,6.098788903320477
2019-06-19,169,6885750,5133,3348,0.0007454525650800566,0.11653769562476536,0.938859061736333,0.011622334750380017,0.23650886421196182,0.1762997386000581,236.50027762816094,0.015531660692951015,15.531096807506167,0.31131891681278007,0.11603252977054894,155.65380710453096,0.05137395459976105,25.68604472010635,0.42743035262030005,0.06372534781724709,85.48544978231233,0.17174432497013142,34.348615575912234,0.5639976621858562,0.04204304510732232,56.39935668181272,0.35722819593787336,35.72256019894873,0.706604324956166,0.02633700032676179,35.3302162478083,0.5624253285543608,28.12126642771804,0.8484317163452172,0.012649293614648201,16.968609683823075,0.7718040621266428,15.436058825136312,0.8975258133645042,0.006690609764775762,8.975232064641478,0.8458781362007168,8.458756793131466,0.5145213342117875,0.8913450286437388,0.15463917525773196,15.412371134020619,0.43446244477172313,8.68999411403613,0.6377025036818851,6.377571951487532
2019-06-20,170,6885750,4254,1906,0.0006177976255309879,0.19566041215484117,0.9386350884637706,0.006248176840403808,0.3631875881523272,0.2243682834737148,363.17440242809863,0.022035676810073453,22.034876792762603,0.4762576398683592,0.14711007841998258,238.12017453699931,0.05823714585519412,29.117515761864865,0.6064880112834978,0.07493682651253304,121.29672147594603,0.1967471143756558,39.34913714636418,0.7005171603196991,0.04327746957506753,70.05120736401533,0.363588667366212,36.358602723240494,0.7802068641278797,0.024100497404059108,39.01034320639398,0.5241343126967472,26.20671563483736,0.8528443817583451,0.01053768937633609,17.05686286391778,0.6757607555089192,13.515195482402932,0.8937470615890927,0.0055215401059578026,8.937457636247988,0.7660020986358866,7.660009861920916,0.48795003766156425,0.859693652080413,0.16899224806201552,16.84289405684755,0.4170542635658915,8.341800630260481,0.5922480620155038,5.922988551597591
2019-06-21,171,6885750,3842,1651,0.0005579639109755655,0.22332787352581013,0.946482184374133,0.005324143982132989,0.4047371160853722,0.22582050537322101,404.72242188278415,0.039975772259236826,39.974320916938716,0.5127537740760021,0.14304385710136508,256.36757913475395,0.07813446396123562,39.06581362337193,0.6140031233732431,0.06851781928025792,122.79973297996773,0.1689884918231375,33.79745294871094,0.6936491410723582,0.038702837724011736,69.36441042637007,0.31617201695941854,31.616972113310236,0.7883914627798022,0.02199469919761827,39.41957313899011,0.5190793458509994,25.953967292549972,0.8690786048932847,0.009698247693071808,17.38149636974732,0.7019987886129618,14.039914602824087,0.9049973971889641,0.005049544204932781,9.049947685870874,0.7831617201695942,7.831594454444142,0.4943136687512174,0.885632598825576,0.1706896551724138,17.01206896551724,0.46206896551724136,9.242171881469215,0.6396551724137931,6.397100313479624
2019-06-22,172,6885750,3889,1609,0.0005647896017136841,0.2464383291496443,0.9617047864351005,0.006235268327910357,0.4152738493185909,0.2345338367702585,415.25877257413407,0.041640770665009326,41.63925887403252,0.5245564412445358,0.14812663374963694,262.2686984678741,0.09571162212554382,47.85407363135081,0.6340961686808948,0.07162566441081647,126.81831286109012,0.21379738968303294,42.759167446337216,0.7140653124196451,0.04032937349327602,71.40601273626262,0.3598508390304537,35.984822603821584,0.7968629467729493,0.022502995316414334,39.84314733864746,0.528899937849596,26.4449968924798,0.889688866032399,0.010049725810948974,17.79375147923422,0.7389683032939715,14.779344602212285,0.9292877346361532,0.005248505250683657,9.292850354820002,0.834058421379739,8.340559988230128,0.5111962576625875,0.8839026888062437,0.19217081850533807,19.15302491103203,0.49110320284697506,9.822906429500131,0.6494661921708185,6.495218925303529
2019-06-23,173,6885750,4095,1889,0.0005947064589913953,0.22447650185375942,0.9595328636165906,0.007514015968111442,0.41196581196581195,0.24498983444670347,411.95085532146237,0.058231868713605084,58.229754573730204,0.5135531135531135,0.1527011327330816,256.767234363081,0.10905240868184224,54.5242247372201,0.6175824175824176,0.07345551715123878,123.5155866237222,0.23292747485442034,46.58515669867916,0.6876678876678877,0.040895756484359114,68.76628942910274,0.35627316040232926,35.62705733887622,0.765079365079365,0.022749882002686708,38.25396825396825,0.5039703546850185,25.198517734250927,0.8666666666666667,0.010308230318802862,17.33330816060972,0.7157226045526733,14.314431302568115,0.9172161172161172,0.00545473557022028,9.172147851683588,0.8242456326098465,8.242444355805679,0.4819863744034446,0.881212580611695,0.17845117845117844,17.78563411896745,0.44276094276094274,8.855978307950863,0.6195286195286195,6.195817523433304
2019-06-24,174,6885750,4041,2141,0.0005868641760156845,0.20780117687240968,0.9483836639912555,0.006757578563929783,0.3625340262311309,0.21275050827766484,362.5208642348257,0.037832788416627745,37.8314148765313,0.45186834941846077,0.13258785942492013,225.9259720453214,0.07893507706679122,39.46610564280117,0.5575352635486266,0.06543901943129339,111.50624302128891,0.19990658570761327,39.98102682436894,0.6248453353130413,0.03666966801243138,62.48407981108621,0.30733302195235873,30.73307903088173,0.7109626330116308,0.02086192499001561,35.54813165058154,0.4600653900046707,23.00326950023354,0.8346943825785696,0.00979700193732591,16.69381491955998,0.6893974778141055,13.787889484876015,0.9022519178421183,0.005294962524270998,9.02246676602302,0.8159738439981317,8.159691039532335,0.4634378572586552,0.8679018011984069,0.1669421487603306,16.638567493112948,0.4446280991735537,8.893324638872745,0.6033057851239669,6.033575266149724
2019-06-25,175,6885750,3588,2074,0.0005210761354972225,0.16823999041905016,0.9443105240182754,0.006708589614812428,0.34169453734671124,0.17804240487946557,341.68213193945934,0.037608486017357765,37.60712062068272,0.41917502787068006,0.10920708684286959,209.57990474590005,0.08341369334619093,41.70533248319302,0.5144927536231884,0.053617589822533326,102.89780354529233,0.19238187078109933,38.47609476693934,0.5908584169453734,0.030787998489645356,59.08541265330979,0.3095467695274831,30.954452180921123,0.6909141583054627,0.018000943978506337,34.54570791527314,0.4729990356798457,23.649951783992282,0.8363991081382386,0.008716539641230597,16.727957869176027,0.7213114754098361,14.426208557380097,0.8938127090301003,0.004657431195058796,8.938101129146071,0.8191899710703954,8.191875916996901,0.44067725834433685,0.8576486446639567,0.16638935108153077,16.5834719911259,0.4242928452579035,8.486584680192818,0.5657237936772047,5.657723120128544
2019-06-26,176,6885750,3311,1969,0.00048084812838107685,0.1531454627998216,0.949195059885268,0.0073990633020577165,0.3267894895801873,0.15713040952657567,326.77762530885485,0.0340274250888776,34.026189704580155,0.39957716701902746,0.09606447865233808,199.78133007560766,0.08075165058405281,40.37435942558391,0.5007550588945938,0.04815707688286038,100.150284550334,0.1924834941594718,38.49641929502985,0.6146179401993356,0.029553574021900144,61.46134772615491,0.36719146775012695,36.7188801455232,0.7254605859257022,0.017441691597200035,36.27276590619756,0.5444388014220416,27.221742403873357,0.8607671398369072,0.008277929297770187,17.215267792848405,0.7684103605891316,15.368140255502244,0.9033524614919963,0.0043437344788825666,9.033485257615716,0.8395124428643982,8.395087852724789,0.45216263358394776,0.8715514833973855,0.1756007393715342,17.50154035736291,0.4584103512014787,9.168993319657707,0.5988909426987061,5.989423055582858
2019-06-27,177,6885750,2988,1757,0.0004339396579893258,0.14454531066634008,0.9509213645964997,0.008098153891411906,0.3192771084337349,0.13854196921289574,319.265516903513,0.033010813887307915,33.009615411636716,0.39123159303882193,0.08488237002613999,195.6086945808211,0.06715993170176437,33.578746711837354,0.5026773761713521,0.04362601295419559,100.53474521397332,0.20318725099601595,40.63715511765711,0.6549531459170014,0.028420808039733944,65.49483900923629,0.43938531587933977,43.93821253617828,0.7891566265060241,0.01712231783030171,39.45783132530121,0.6539556061468412,32.697780307342065,0.8969210174029452,0.007784180685937355,17.93839429658405,0.8309618668184405,16.619213200707186,0.9186746987951807,0.003986464898777194,9.186680280038507,0.8645418326693227,8.645355549540778,0.4839048968901002,0.8786405826105966,0.2028688524590164,20.21926229508197,0.5,10.000857632933105,0.6413934426229508,6.4144845063689795
2019-06-28,178,6885750,3198,1941,0.00046443742511708964,0.13645949728457812,0.9583384583875509,0.009211057447171517,0.29174484052532834,0.1354923032239326,291.7342485691663,0.02266872746007213,22.66790445951084,0.3771106941838649,0.08756898054022655,188.54850148682456,0.0783101494075219,39.15365315733691,0.5275171982489055,0.04899939004908652,105.50267355550267,0.2606903657908295,52.13769456691173,0.6372732958098811,0.02959714194429115,63.726866836429885,0.4198866563626996,41.98836074311567,0.7682926829268293,0.01784119376974186,38.41463414634146,0.6254507985574446,31.272539927872234,0.9030644152595372,0.00838832605260712,18.061262075278133,0.8438948995363215,16.877873479419048,0.9312070043777361,0.004324861271869377,9.312042996489858,0.889747552807831,8.897449684997499,0.474205857304752,0.8939313519122981,0.20135746606334842,20.06862745098039,0.5452488687782805,10.905912622338816,0.667420814479638,6.674780546867118
2019-06-29,179,6885750,3609,2203,0.0005241259122099989,0.12915721165352953,0.9497858813043746,0.008851447552856214,0.28456636187309503,0.1491431890792913,284.5560305355306,0.027689514298683614,27.68850901570733,0.36935439179828206,0.09679058960209119,184.6704910924354,0.06536541080344985,32.68151883821193,0.5078969243557773,0.05324000116181126,101.57864727069601,0.23150249659555153,46.300163116350134,0.6115267387087836,0.032051468238984575,61.152229821720155,0.38039037675896503,38.03876146225629,0.7270712108617345,0.019053843081726755,36.35356054308673,0.5587834770767136,27.93917385383568,0.8769742310889443,0.009192858325418472,17.539408205666458,0.8011802088061734,16.02353436440638,0.916320310335273,0.004802658235752864,9.16317648845533,0.8651838402178847,8.651813272561093,0.4601687831237605,0.8433429114847638,0.17832167832167833,17.772727272727273,0.4562937062937063,9.126656790893497,0.5996503496503497,5.997017776391705
2019-06-30,180,6885750,3969,2575,0.000576407798714737,0.10975216798026483,0.9388792337673665,0.0074815285155978295,0.25724363819601914,0.14827185593958758,257.23429882489677,0.02058252427184466,20.581777012032294,0.328042328042328,0.09453964565785652,164.01520914300468,0.05398058252427185,26.989311364834798,0.42857142857142855,0.0494060239914026,85.71366331539441,0.1533980582524272,30.67938887599554,0.5374149659863946,0.03097679282000639,53.74110636441396,0.30407766990291263,30.40754618975254,0.6462585034013606,0.01862542206731293,32.31292517006803,0.4613592233009709,23.067961165048544,0.8362307886117409,0.009640184961427642,16.724591483534994,0.7502912621359223,15.005803450170866,0.8830939783320736,0.005090222561086302,8.830939783320737,0.8213592233009709,8.213592233009708,0.41414551421196627,0.8431671490303526,0.1557377049180328,15.521857923497267,0.4081967213114754,8.164634592132272,0.5852459016393443,5.852960942552653
2019-07-01,181,6885750,4139,2815,0.0006010964673419743,0.11062581545769024,0.9122511221880869,0.007226936270351647,0.2302488523798019,0.1383967470229451,230.24049306915785,0.01705150976909414,17.050890704696478,0.288717081420633,0.08677025849549812,144.35329969446153,0.04440497335701599,22.20168060507354,0.40444551824112107,0.04862180138836446,80.88851628652587,0.15879218472468917,31.75820633675182,0.5006040106305871,0.030090474738233203,50.05931056506144,0.2817051509769094,28.16990144119511,0.5928968349842957,0.017819409650364885,29.64484174921479,0.40923623445825935,20.461811722912966,0.7980188451316743,0.009593712240914582,15.960353723816764,0.7065719360568383,14.1314181984367,0.8552790529113312,0.005141052172965908,8.552790529113313,0.7904085257548845,7.904085257548845,0.43640424786459586,0.8181966031756295,0.15615141955835962,15.563091482649842,0.4148264984227129,8.297241506187403,0.5946372239747634,5.946882220214165
2019-07-02,182,6885750,3917,2382,0.0005688559706640526,0.14683736287715363,0.9222138043201926,0.00659511647821995,0.2777635945876947,0.15800174266627942,277.75351022832103,0.0218303946263644,21.82960206193562,0.35818228235894817,0.10187336625036306,179.08463917754338,0.06465155331654072,32.32460305325082,0.47153433750319124,0.05364663510412734,94.30618270825755,0.17758186397984888,35.51611490020751,0.553484809803421,0.03148508524790148,55.34807907728813,0.29135180520570947,29.134968960690323,0.6400306356905795,0.018204262426024763,32.00153178452898,0.42149454240134343,21.07472712006717,0.8138881797293848,0.009259662667119774,16.27769267554761,0.698992443324937,13.979787959024788,0.8741383712024509,0.00497256665185353,8.741345627521175,0.7968094038623006,7.968059323191906,0.5170561098540946,0.8667810611812596,0.18761061946902655,18.69852507374631,0.5061946902654867,10.124762063783603,0.6902654867256637,6.903246861670638
2019-07-03,183,6885750,3453,1856,0.0005014704280579457,0.1722087455421511,0.9399973355278087,0.00634723047603801,0.32927888792354476,0.16511762997386,329.2669332732426,0.023706896551724137,23.70603585986559,0.4135534317984361,0.10368864362474586,206.76920875733967,0.06842672413793104,34.2121199341242,0.5346075876049812,0.053617589822533326,106.92074112960003,0.19019396551724138,38.038516891583974,0.6188821314798726,0.0310348833831944,61.887763757842706,0.3103448275862069,31.03425740729798,0.752678830002896,0.018872308753585303,37.63394150014481,0.5495689655172413,27.478448275862064,0.879814653924124,0.008823982177763449,17.59621641486669,0.7796336206896551,15.592604479561624,0.9087749782797567,0.0045572377736629996,9.087749782797568,0.8318965517241379,8.318965517241379,0.54867681037418,0.8721710420213243,0.212,21.129333333333335,0.586,11.7210051457976,0.716,7.160614065180104
2019-07-04,184,6885750,2968,1443,0.00043103510873906254,0.17547304557565307,0.9599181010124457,0.006414770340153337,0.3618598382749326,0.15596863200697067,361.84670075539026,0.037422037422037424,37.420678794480715,0.4626010781671159,0.0996950334011037,231.29214159085237,0.08038808038808039,40.1925809274052,0.5832210242587601,0.05027738243922275,116.64335786080798,0.218988218988219,43.797325768919485,0.6883423180592992,0.02966975514827616,68.83373197851839,0.39293139293139295,39.29285397306542,0.8049191374663073,0.01734742039719711,40.245956873315365,0.6126126126126126,30.63063063063063,0.918800539083558,0.007920694302444464,18.375984094695745,0.8413028413028413,16.826032390036943,0.9400269541778976,0.004051834435364527,9.400242238312432,0.8821898821898821,8.821873198333638,0.543223178645535,0.878375510307269,0.2402745995423341,23.947368421052634,0.6041189931350115,12.083416087388283,0.7162471395881007,7.163085673016161
2019-07-05,185,6885750,2739,1367,0.0003977780198235486,0.17155029941976252,0.9644064932691426,0.005537403690224606,0.3764147499087258,0.1497240778390938,376.40108396514796,0.036576444769568395,36.57511684171588,0.4611171960569551,0.09170781295381934,230.55022747234815,0.07973664959765911,39.86687735747031,0.5779481562614093,0.04597868076331,115.58879191893459,0.20263350402340893,40.52640652732254,0.6633807959109164,0.026387638328153593,66.3375978890411,0.34820775420629113,34.82052257582226,0.7809419496166484,0.015532077115782595,39.04709748083243,0.570592538405267,28.52962692026335,0.9156626506024096,0.007284598940421973,18.313226416214167,0.8346744696415508,16.693465149335175,0.9426798101496897,0.0037497676363974345,9.426784411217099,0.8873445501097293,8.873432614436268,0.5528122242971026,0.8781042038127075,0.2459396751740139,24.51198762567672,0.6032482598607889,12.065999928364766,0.7076566125290024,7.077173034906258
2019-07-06,186,6885750,2850,1481,0.0004138982681625095,0.18515800401478533,0.9631589679788686,0.006172145842730435,0.3607017543859649,0.14928841126924194,360.6886589112922,0.031060094530722483,31.05896687698553,0.44070175438596493,0.09119953528899216,220.3428772337466,0.06954760297096556,34.77253900358163,0.5435087719298246,0.04499114118911383,108.70096506769843,0.1775827143821742,35.51628497943757,0.6614035087719298,0.027375177902349765,66.139870610914,0.37069547602970965,37.06927842910879,0.8091228070175439,0.01674472642776749,40.45614035087719,0.6421336934503714,32.10668467251857,0.9052631578947369,0.007493726182730737,18.10523686411866,0.8190411883862255,16.380799978304363,0.9312280701754386,0.00385431446500692,9.312226606112771,0.8690074274139096,8.69002379293491,0.5449639903657439,0.8816589424359544,0.25240384615384615,25.15625,0.59375,11.876018439108062,0.7211538461538461,7.212156946826758
2019-07-07,187,6885750,2998,1764,0.0004353919326144574,0.17171615886704875,0.9552885970613694,0.0070014901699714475,0.32254836557705135,0.14042985768225386,322.5366552820479,0.01984126984126984,19.840549493105406,0.39426284189459637,0.08582631426081905,197.1242639831337,0.06065759637188209,30.327697082318263,0.5086724482988659,0.04429405443085771,101.7337509330482,0.19444444444444445,38.88860650420673,0.628418945963976,0.02736065526155276,62.841438281266484,0.3826530612244898,38.265028265801085,0.771847898599066,0.016802817412772755,38.5923949299533,0.6196145124716553,30.98072562358277,0.8799199466310874,0.0076621897945905754,17.598373374950654,0.796485260770975,15.929682081146431,0.9202801867911942,0.004006819871735292,9.20278850293572,0.8645124716553289,8.645112161476264,0.46556423708664835,0.8458643377102277,0.2199074074074074,21.917438271604937,0.5324074074074074,10.649061368400991,0.6435185185185185,6.435737087859729
2019-07-08,188,6885750,3143,1942,0.0004564499146788658,0.15156744212282944,0.9393191499664113,0.007800289866435129,0.29430480432707606,0.13433052570432763,294.2941194300267,0.018022657054582905,18.022002732151357,0.35952911231307666,0.08205053732210282,179.7580297059082,0.047888774459320285,23.943517915572517,0.5039770919503659,0.046007726044904,100.79468648224554,0.2255406797116375,45.10780839769985,0.6261533566656061,0.028580557088500973,62.614880996546475,0.4083419155509784,40.83389504494975,0.7566019726376074,0.017267545292814872,37.83009863188037,0.6107106076210093,30.535530381050467,0.8444161629016863,0.007708662515103634,16.888298731586016,0.7481977342945417,14.963932954150716,0.8835507476932867,0.004032960777023887,8.835494645368192,0.811534500514933,8.115333219456822,0.46093495200267814,0.8302565945569009,0.22707423580786026,22.63173216885007,0.4890829694323144,9.782498295969498,0.6200873362445415,6.201405169766379
2019-07-09,189,6885750,2848,1617,0.0004136078132374832,0.1693670612872219,0.9477547117098806,0.009350750901300048,0.3609550561797753,0.14928841126924194,360.94195150884224,0.05380333951762523,53.80138615792738,0.4452247191011236,0.0920708684286959,222.6042774869708,0.11688311688311688,58.43943668878319,0.6025280898876404,0.04984170321531267,120.50474294762614,0.329004329004329,65.80038799969672,0.7120786516853933,0.029451915536321125,71.20734810541545,0.5021645021645021,50.216085578715926,0.7907303370786517,0.016352612278981955,39.53651685393258,0.6394557823129252,31.972789115646258,0.8728932584269663,0.007220698949716517,17.457839814961556,0.779839208410637,15.596761517431755,0.9037921348314607,0.003738144027465338,9.037895097303178,0.8324056895485467,8.324032717922478,0.4634159836408666,0.8581845052684848,0.21888412017167383,21.815450643776824,0.4742489270386266,9.485792003769168,0.6437768240343348,6.438320364549209
2019-07-10,190,6885750,3332,2017,0.0004838979050938532,0.1670120730002064,0.9526068386185222,0.01069438055798826,0.32563025210084034,0.15756607609642753,325.6184299162593,0.04908279623202776,49.08101425423833,0.413265306122449,0.09998547778100494,206.6251511496263,0.11601388200297472,58.00483502773622,0.5462184873949579,0.052862412501089195,109.24290422550268,0.2850768468021815,57.01495535357173,0.6662665066026411,0.03224026256934561,66.62616686280658,0.4625681705503223,46.25648116946298,0.7692076830732293,0.01861089932106161,38.460384153661465,0.6266732771442737,31.333663857213686,0.8823529411764706,0.008539362394274561,17.647033195190893,0.8086266732771443,16.172509978617022,0.9114645858343338,0.004410545225878877,9.114619384482438,0.8557263262270699,8.5572384073503,0.44463019928208125,0.8333362435175646,0.19284294234592445,19.22001325381047,0.4731610337972167,9.464032272914826,0.6322067594433399,6.322609795770829
2019-07-11,191,6885750,3517,2233,0.0005107649856587881,0.14434663349966717,0.9594666274507425,0.00967602050713237,0.2854705715098095,0.14580307871042694,285.4602073444192,0.040304523063143756,40.303059785367715,0.36593687802104063,0.09345047923322684,182.96179624116908,0.08419167039856695,42.09430688693961,0.4822291725902758,0.04926079758343257,96.44513419394961,0.21854008060904612,43.707698743900174,0.597099800966733,0.030497545673705308,59.70954652337683,0.3797581728616211,37.9755415315854,0.7446687517770827,0.019017536216098464,37.23343758885413,0.6032243618450515,30.161218092252575,0.8831390389536536,0.009021490666271649,17.66270382578334,0.8172861621137483,16.345652027147953,0.9209553596815467,0.004703876522878209,9.209473348708736,0.8759516345723243,8.759440019048421,0.4551130994001581,0.8619488975753515,0.1784313725490196,17.783660130718953,0.492156862745098,9.843981434769448,0.6725490196078432,6.726066996266774
2019-07-12,192,6885750,4709,3260,0.0006838761209744762,0.12666395866515803,0.9611934346236155,0.014827142983374543,0.24952219154809938,0.17063607319198373,249.51313250832493,0.03680981595092025,36.80847955039923,0.3325546825228286,0.11370897473133895,166.27130447150503,0.09754601226993866,48.771235404278976,0.45275005308982796,0.061924540358418774,90.54935310532642,0.23067484662576687,46.13463432435953,0.5644510511785942,0.03860117923843272,56.444695251866236,0.38282208588957056,38.28193060957493,0.7258441282650244,0.024819373343499256,36.29220641325122,0.6098159509202454,30.49079754601227,0.8810787853047356,0.012050957338042569,17.621550114764627,0.8291411042944785,16.582798003112817,0.9227012104480782,0.00631012408216377,9.226998704344698,0.8886503067484662,8.886490161860493,0.4681526030138595,0.8642587162286297,0.17647058823529413,17.58823529411765,0.5028462998102466,10.057788511298948,0.6717267552182163,6.717843647169486
2019-07-13,193,6885750,5740,3556,0.0008336056348255455,0.17570606364954114,0.9632875687569269,0.015338435467679788,0.2876306620209059,0.23976183560848097,287.620219432247,0.03627671541057368,36.27539836455964,0.3773519163763066,0.15727563171652628,188.66910820419352,0.09111361079865017,45.55515143456327,0.49773519163763064,0.08298236951407244,99.54631548458612,0.22075365579302586,44.1504105660004,0.6102787456445993,0.05087281071189985,61.027431421509476,0.3827334083239595,38.27306291740544,0.748780487804878,0.03120938169407835,37.43902439024391,0.5987064116985377,29.93532058492688,0.8803135888501742,0.014676623418116756,17.60619506991245,0.8087739032620922,16.175407591839853,0.9306620209059233,0.00775803978064876,9.306606693310487,0.889763779527559,8.897624873480764,0.5227290137636289,0.8739016212491466,0.184070796460177,18.345722713864305,0.49557522123893805,9.91235446803989,0.6831858407079646,6.8324443297560675
2019-07-14,194,6885750,6393,3829,0.0009284391678466398,0.19899578591639763,0.9600407068453685,0.017649613044200273,0.2939152197716252,0.2728724949172234,293.9045490186565,0.04256986158265866,42.56831606052742,0.40544345377756924,0.1882079581760093,202.71436696550228,0.10655523635413947,53.27568390397297,0.5279211637728766,0.09802782537976705,105.58346607363225,0.24288325933664143,48.57629913669519,0.6308462380728922,0.05856981033431119,63.084165729623535,0.3982763123530948,39.82734203411837,0.7595807914906929,0.03526122789819555,37.97903957453465,0.604074170801776,30.203708540088794,0.8803378695448146,0.016346731960649338,17.606680681689532,0.8015147558109167,16.030225275350126,0.9199124041920851,0.008540827070399012,9.19912404192085,0.8673282841472969,8.673282841472968,0.5293840782162729,0.8787112387714364,0.1671875,16.663020833333334,0.4703125,9.407056710977702,0.65,6.500557461406518
2019-07-15,195,6885750,6211,3325,0.0009020077696692445,0.23668836169642984,0.9469925439460442,0.01295140258106954,0.3393978425374336,0.30612837641591634,339.3855205129441,0.03849624060150376,38.49484297441251,0.44018676541619706,0.19851873366250364,220.0853920973409,0.08240601503759398,41.201511621050884,0.5683464820479794,0.10252984402683785,113.66847102041518,0.22706766917293233,45.41320407236686,0.6667203348897118,0.060138255540387466,66.6715493619744,0.39097744360902253,39.09746045965359,0.7581709869586218,0.03419380604872382,37.90854934793109,0.5530827067669173,27.654135338345863,0.8467235549830945,0.015275002323636025,16.934446506194938,0.7145864661654135,14.291708567822567,0.8881017549508936,0.008010677030008089,8.880940164124649,0.7912781954887218,7.912713006293328,0.5249351677181574,0.8663560948470131,0.15083798882681565,15.033519553072628,0.4483240223463687,8.967249441819908,0.6159217877094972,6.159746111904329
2019-07-16,196,6885750,5280,2652,0.0007668010020694914,0.22954585573419453,0.9423702343344365,0.007971912071506151,0.3462121212121212,0.2654661632297415,346.19955179151367,0.0444947209653092,44.49310556010425,0.43522727272727274,0.1668602962532675,217.6057357814274,0.0757918552036199,37.89455176941082,0.5581439393939394,0.0855964448575329,111.62797730639339,0.1847662141779789,36.952974506259785,0.6380681818181818,0.048926776845101515,63.80635486006775,0.3103318250377074,31.032957161889595,0.7223484848484848,0.027694877101259847,36.11742424242424,0.45965309200603316,22.982654600301657,0.8285984848484849,0.012707384515289525,16.571945629953568,0.6625188536953243,13.250357830748035,0.8742424242424243,0.006703699669607523,8.742424242424242,0.752262443438914,7.52262443438914,0.5191321076395439,0.8693037232298262,0.1393103448275862,13.884597701149426,0.4496551724137931,8.993874726444668,0.6455172413793103,6.455726030638197
2019-07-17,197,6885750,4409,2263,0.0006403078822205279,0.21184651251597528,0.9394116155922009,0.005892840549267618,0.3492855522794284,0.22364217252396165,349.27287127622344,0.03623508616880247,36.23377063416085,0.4286686323429349,0.1372349695033401,214.32653464677347,0.07291206363234644,36.4547082599789,0.5309594012247675,0.06799500421156583,106.19110915168733,0.16482545293857712,32.964851217630695,0.5894760716715809,0.03774434343140957,58.947179129695726,0.24392399469730447,24.392222348702603,0.6758902245407121,0.021638891914461025,33.79451122703561,0.3923994697304463,19.619973486522312,0.8287593558630075,0.01061320754716981,16.57516304557145,0.6721166593018117,13.442313664105196,0.888410070310728,0.005688559706640526,8.884100703107281,0.7865665046398586,7.865665046398585,0.4797476411223645,0.8508500011228548,0.1463768115942029,14.58888888888889,0.4391304347826087,8.78336192109777,0.6391304347826087,6.391852487135506
2019-07-18,198,6885750,3948,1873,0.0005733580220019605,0.22049024411807375,0.952622664787087,0.0060501618071433375,0.374113475177305,0.2144931745570723,374.0998927827662,0.05872931126534971,58.72717906555064,0.46048632218844987,0.13200697066511763,230.23480199020614,0.10357714895888948,51.786694266894656,0.5562310030395137,0.0637834383804351,111.24539281359701,0.16924719701014415,33.84919361040402,0.6152482269503546,0.03527549449591914,61.52437594358541,0.24559530165509877,24.559351830892506,0.7246707193515705,0.020774637660112116,36.2332728642647,0.4458088627869728,22.290281281299176,0.8665146909827761,0.009936448554698392,17.330268651346113,0.7271756540309664,14.543491959474991,0.9184397163120568,0.005265940143135979,9.184383824872992,0.8323545114789108,8.323533026733301,0.5019886045184833,0.8773854784489468,0.15064102564102563,15.01388888888889,0.49038461538461536,9.808533447684392,0.6987179487179487,6.987778730703259
2019-07-19,199,6885750,3736,2084,0.0005425697999491704,0.1849938641817299,0.9531673323325167,0.006950460253392413,0.3495717344753747,0.18966018007551555,349.5590430821684,0.05758157389635317,57.57948336578765,0.4229122055674518,0.11472553006099331,211.44842575414472,0.09644913627639155,48.22281731884716,0.5072269807280514,0.05504080862063958,101.44465951808591,0.16842610364683303,33.68497613018619,0.5762847965738758,0.03126724563594644,57.628061198532706,0.2663147792706334,26.63128454736943,0.6940578158458244,0.018828603793313775,34.70263880348242,0.46209213051823417,23.10443875596104,0.8707173447537473,0.009448484989311274,17.414321604697566,0.7715930902111324,15.43183939295388,0.9087259100642399,0.004930458031563645,9.087232706327455,0.8392514395393474,8.392490018992882,0.5041193424056318,0.8798551215984088,0.17,16.943333333333335,0.4866666666666667,9.734168096054889,0.6666666666666666,6.667238421955403
2019-07-20,200,6885750,4648,3002,0.0006750172457611734,0.16746615815351176,0.9480732488656125,0.013300808814547822,0.3044320137693632,0.20548939878013361,304.4209611984305,0.07561625582944703,75.61351053988018,0.38403614457831325,0.12961080453093232,192.01110096791464,0.1279147235176549,63.955039751792924,0.4649311531841652,0.06276685352464492,92.98555543401974,0.20919387075283144,41.8384703458221,0.5522805507745266,0.037279618925905485,55.227654048849764,0.3261159227181879,32.611355468598596,0.665447504302926,0.022459427077660386,33.2723752151463,0.4900066622251832,24.50033311125916,0.858433734939759,0.011589134677944047,17.16864976520078,0.7834776815456362,15.669530874450647,0.9072719449225474,0.006124215412052084,9.072679921156979,0.8580946035976016,8.580908650468334,0.47931182795937843,0.8632847973984251,0.15479876160990713,15.428276573787409,0.4411764705882353,8.824286146705681,0.5990712074303406,5.991225857500172
2019-07-21,201,6885750,5495,3653,0.000798024906509821,0.17036449841341733,0.9453460528857377,0.016327262923171708,0.28389444949954507,0.22654661632297415,283.88414255612724,0.0684369011771147,68.43441653794909,0.359417652411283,0.14340691257624166,179.70230177831775,0.11661647960580344,58.30612289033264,0.456778889899909,0.07290365680095269,91.35511461640763,0.21051190802080483,42.102075885278595,0.556687898089172,0.04442475819803073,55.6683855799982,0.3479332055844511,34.793067912996804,0.705186533212011,0.02813782086192499,35.25932666060054,0.5628250752805913,28.141253764029564,0.8709736123748862,0.013901152523468723,17.419446949676935,0.8091979195182042,16.183934886846114,0.9059144676979072,0.0072293600898078805,9.059065739471267,0.8614837120175198,8.614762054173202,0.4715774264126543,0.8499918041751202,0.1430615164520744,14.258464473056748,0.4334763948497854,8.670271424259601,0.597997138769671,5.980484249736821
2019-07-22,202,6885750,5777,3836,0.0008389790509385325,0.17420410379865922,0.9234915763792818,0.01910456828890228,0.27453695689804397,0.23032239326169038,274.5269896835182,0.06856100104275287,68.5585118980737,0.36039466851306906,0.15117629973860006,180.19079209365853,0.1251303441084463,62.56290059139805,0.4800069240090012,0.08054256586017601,96.00068770498649,0.24869655891553702,49.73895061002814,0.6003115804050545,0.05036451828400476,60.030722135033024,0.4137122002085506,41.3709196111712,0.7342911545785009,0.0308027447990415,36.71455772892505,0.6084462982273201,30.422314911366,0.8232646702440714,0.013813976049191231,16.465221668810546,0.7367049009384776,14.7340338251792,0.8639432231261901,0.007248302654031877,8.6394322312619,0.7971845672575599,7.971845672575598,0.4779295511117141,0.8486633817596619,0.14862914862914864,14.813371813371813,0.4227994227994228,8.456713669406636,0.6176046176046176,6.176575854105871
2019-07-23,203,6885750,5266,3235,0.0007647678175943071,0.19037763463919435,0.9201721120502755,0.01266941510810638,0.2920622863653627,0.2233517281440604,292.0516828841557,0.05409582689335394,54.09386291474178,0.3695404481579947,0.1413011908219576,184.76351589485276,0.0955177743431221,47.757153259014885,0.4925939992404102,0.0753434604548491,98.51808447151105,0.2132921174652241,42.65811373656415,0.6040638055450057,0.04619652037526504,60.40594192441725,0.37341576506955176,37.341305357803975,0.7273072540827953,0.027811059071270378,36.36536270413976,0.5629057187017001,28.145285935085006,0.8161792631978732,0.01248373454782043,16.323561557663222,0.7023183925811437,14.046347452468893,0.8528294720850741,0.006522155869504601,8.528282335442709,0.7610510046367852,7.6104989938332785,0.5352935224898729,0.9008885216879897,0.16996699669966997,16.94004400440044,0.5066006600660066,10.132882156140141,0.7227722772277227,7.228342645585314
2019-07-24,204,6885750,4693,2761,0.0006815524815742657,0.160696375514849,0.9022960266669252,0.007797447819735347,0.28467930961005755,0.19401684577403427,284.66897417186374,0.0398406374501992,39.83919101404432,0.36927338589388453,0.1258350275922161,184.62998961071852,0.08076783773994929,40.38245270969038,0.46580012784998936,0.06349298556449505,93.15934910520387,0.15211879753712423,30.423538590759335,0.5706371191135734,0.038891632054372766,57.06329755346202,0.29264759145237235,29.264546644444696,0.6816535265288728,0.023229132628980142,34.08267632644364,0.46867077145961605,23.433538572980805,0.8052418495631792,0.010976275676178083,16.104813602651447,0.6722202100688156,13.444384676437597,0.8446622629448114,0.005756791532694916,8.446585829161307,0.7388627308946034,7.388595118138418,0.5276360846411184,0.901089193340337,0.17929759704251386,17.86999383857055,0.5304990757855823,10.610891462668395,0.7134935304990758,7.1355472205400705
2019-07-25,205,6885750,4141,2376,0.0006013869222670007,0.16952280112448448,0.9493153282415572,0.0075050476251881685,0.30185945423810673,0.18152773743828057,301.8484950653563,0.03409090909090909,34.08967140179019,0.3784110118328906,0.11378158582631426,189.19863670696532,0.07281144781144781,36.40440217598582,0.48152620140062785,0.05791629149844608,96.30454097691984,0.15824915824915825,31.64960183026348,0.5887466795460033,0.03540619826309216,58.87424044677296,0.30892255892255893,30.892031573688023,0.7092489736778556,0.02132649801039821,35.46219117969077,0.502104377104377,25.10503655818107,0.8464139096836513,0.01018043033739195,16.92825360919986,0.734006734006734,14.680113360578552,0.8910891089108911,0.005358877801611149,8.910865207062054,0.811026936026936,8.110245803660991,0.4853041778222945,0.8813756108870189,0.18504672897196262,18.44299065420561,0.497196261682243,9.944778057421331,0.6766355140186916,6.766935445087447
2019-07-26,206,6885750,3598,1882,0.0005225284101223541,0.16875923207136515,0.937002228373561,0.006785149308963285,0.3349082823790995,0.17499273889050246,334.89612335054954,0.03772582359192349,37.72445393524356,0.42996108949416345,0.11232936392680802,214.97273976070548,0.0818278427205101,40.9124359579402,0.5614230127848805,0.05867146881989021,112.28378722250112,0.218384697130712,43.676622273891205,0.6623123957754308,0.03460745301925702,66.23075865129212,0.383634431455898,38.36316457633753,0.7404113396331296,0.019344298006753077,37.02056698165648,0.5185972369819342,25.929861849096707,0.8279599777654252,0.008652614518616627,16.559127410106846,0.6769394261424017,13.538729536987946,0.8724291272929405,0.004558683427827865,8.724278602880968,0.7598299681190224,7.598288646388428,0.45037429404180523,0.8438340309331972,0.16129032258064516,16.0752688172043,0.44821731748726656,8.965115161610662,0.6162988115449916,6.1635166736073295
2019-07-27,207,6885750,3585,2080,0.0005206404531096831,0.18817842855944142,0.927668988354058,0.005376453106243891,0.3383542538354254,0.17615451641010746,338.34196969899506,0.04326923076923077,43.26765985611832,0.399163179916318,0.1039064769096718,199.5743440392671,0.07355769230769231,36.77751087770057,0.47447698744769873,0.0494060239914026,94.89470842365424,0.13798076923076924,27.595953461639006,0.5523012552301255,0.028754828778065004,55.22972447937548,0.25096153846153846,25.095971614939998,0.6633193863319387,0.017267545292814872,33.16596931659693,0.43125,21.5625,0.79442119944212,0.00827212022457877,15.888354766079011,0.6495192307692308,12.990328018813353,0.8532775453277546,0.004442495174831573,8.532750669482985,0.7509615384615385,7.509593572631004,0.456753390187921,0.8686136981897693,0.15100671140939598,15.0503355704698,0.46308724832214765,9.262539284193076,0.662751677852349,6.628085176188887
2019-07-28,208,6885750,3660,2393,0.0005315325127981702,0.1599261446721457,0.9290922247480624,0.008427725651677334,0.29808743169398905,0.15843740923613128,298.0766094665822,0.055578771416631846,55.57675359890687,0.3540983606557377,0.09410397908800465,177.0427524604448,0.08775595486836607,43.87638442018963,0.44398907103825136,0.04719858259025821,88.79716941827061,0.18303384872544923,36.60650393160597,0.5418032786885246,0.02879839670045601,54.1799344481325,0.31675720852486416,31.67549084492845,0.6603825136612022,0.017550738844715537,33.01912568306011,0.48558295027162557,24.27914751358128,0.8136612021857923,0.008649735105493075,16.27320041055982,0.7179272879231091,14.358524905940806,0.8740437158469946,0.004645799537888899,8.740386384704504,0.8098620977852069,8.09857393243838,0.4224129184780179,0.8732407258938977,0.14965986394557823,14.91609977324263,0.43537414965986393,8.708229775615221,0.6666666666666666,6.667238421955402
2019-07-29,209,6885750,3882,2540,0.000563773009476092,0.19936977538569028,0.9227223090265,0.009850931508964655,0.32380216383307575,0.18254429276793493,323.79040801824004,0.0688976377952756,68.89513642881482,0.3830499742400824,0.10797269822828928,191.51803370052625,0.11220472440944881,56.100325377749215,0.4549201442555384,0.05129396729501293,90.98336818692304,0.19133858267716536,38.26743866128239,0.5615662029881504,0.03165935693746551,56.156212527602555,0.3452755905511811,34.527308339449235,0.6787738279237506,0.019133718186108994,33.93869139618753,0.5173228346456693,25.866141732283463,0.8109222050489439,0.00914348120329142,16.21837344038225,0.7149606299212599,14.299150299545776,0.868366821226172,0.0048956106515475415,8.683655601209038,0.8,7.999988381819873,0.4349860037375188,0.8638997286418154,0.1660839160839161,16.553030303030305,0.43356643356643354,8.672072353032902,0.6520979020979021,6.521538281615469
2019-07-30,210,6885750,3657,1903,0.0005310968304106307,0.25920036193815466,0.9385665403123519,0.009038235235785392,0.4148208914410719,0.2203020621550973,414.8058311414988,0.06936416184971098,69.361643545839,0.49330051955154497,0.13099041533546327,246.64130500305336,0.11928533893851813,59.64050410949036,0.6051408258135084,0.06427720816753318,121.02728633841717,0.2590646347871781,51.8125507271722,0.6871752802843861,0.03649539632286735,68.7170290484506,0.40672622175512346,40.67232683857128,0.7744052502050861,0.020564208691863633,38.72026251025431,0.5717288491854966,28.586442459274824,0.853705222860268,0.009067989590110605,17.07407966095272,0.72044140830268,14.408807240508464,0.8922614164615805,0.004738772101804452,8.922614164615807,0.7940094587493431,7.94009458749343,0.4506518867802711,0.8606439527029334,0.17509025270758122,17.45066185318893,0.4548736462093863,9.098253153426507,0.6209386281588448,6.209918819005393
2019-07-31,211,6885750,3392,1474,0.0004926115528446429,0.2909165211260476,0.9486681429132364,0.009107229915318732,0.4658018867924528,0.22945106012198663,465.78497559993207,0.1010854816824966,101.08181171874106,0.5719339622641509,0.14086552425210572,285.9565989442621,0.18113975576662145,90.56658969430828,0.6872051886792453,0.06770455139562578,137.44003973243818,0.33175033921302577,66.34958605350408,0.7488207547169812,0.03688750762438642,74.881531728956,0.44640434192673,44.6401100441776,0.7998231132075472,0.01970010528991032,39.99115566037736,0.5522388059701493,27.611940298507463,0.8617334905660378,0.008489960469256933,17.234594723226984,0.6872455902306649,13.744851920714284,0.9009433962264151,0.004438138363610751,9.009407793995498,0.7754409769335142,7.7543872463354795,0.4864211889471317,0.8637080872266332,0.17656765676567657,17.5979097909791,0.4389438943894389,8.779630793268007,0.636963696369637,6.370183244739568
2019-08-01,212,6885750,2963,1285,0.00043030897142649677,0.2819025027581518,0.9528769677472111,0.00682722377961623,0.48059399257509283,0.20679639848968923,480.5765443470731,0.09727626459143969,97.27273292339613,0.5717178535268309,0.12300319488817892,285.8485484985751,0.15719844357976653,78.59636820210409,0.6635167060411745,0.05710302361381393,132.70237760675641,0.28171206225680934,56.342003331053036,0.7222409719878502,0.03107799997095514,72.22252389470279,0.39377431906614785,39.376574122623445,0.7873776577792777,0.01694078350216026,39.36888288896389,0.5291828793774319,26.459143968871597,0.8616267296658792,0.007415281928844663,17.23245951452654,0.6926070038910506,13.852079726749334,0.9095511306108673,0.003913880114729695,9.095511306108673,0.8015564202334631,8.01556420233463,0.4500190978587031,0.8722389933442956,0.1705150976909414,16.99467140319716,0.43872113676731794,8.775175258737042,0.6518650088809946,6.519209149709502
2019-08-02,213,6885750,2476,1138,0.0003595831971825872,0.2796190241470857,0.9475810034536,0.005521539862550942,0.49596122778675283,0.17833284925936682,495.94322164284534,0.08611599297012303,86.11286648185082,0.5617932148626817,0.1010020331106593,280.88640932622064,0.14235500878734622,71.1749202554073,0.6470113085621971,0.0465305411135961,129.40132208115685,0.26362038664323373,52.72369448222856,0.7136510500807755,0.025661506288303465,71.3645868031848,0.39630931458699475,39.630643685808465,0.7710016155088854,0.01386196129688124,38.550080775444265,0.5131810193321616,25.659050966608085,0.851373182552504,0.00612276314375423,17.02738946571312,0.6827768014059754,13.655476533613319,0.8925686591276252,0.0032095269215408635,8.925686591276252,0.7706502636203867,7.706502636203867,0.33030936596065474,0.8550806607323556,0.137524557956778,13.706614276358874,0.3831041257367387,7.662739640164855,0.6168958742632613,6.169487812850678
2019-08-03,214,6885750,2434,1103,0.00035348364375703447,0.30776110116875344,0.9509902751265291,0.008749848755583739,0.5377978635990139,0.1900958466453674,537.7783385531383,0.15049864007252947,150.4931761370055,0.6113393590797042,0.1080453093232646,305.65858203478604,0.2157751586582049,107.8836624114678,0.6918652423993427,0.04891225420430451,138.372043708829,0.34542157751586583,69.08381385982378,0.7329498767460969,0.025908391181852508,73.29445545622059,0.42792384406165007,42.79207367695121,0.7859490550534101,0.013891006789383872,39.297452752670495,0.5376246600181324,26.88123300090662,0.8664749383730485,0.006125685472627568,17.329473600306194,0.7089755213055303,14.179489833597325,0.909202958093673,0.003213879077981225,9.092016376832055,0.8014505893019039,8.014494253772401,0.34609167089832854,0.869543105721266,0.14925373134328357,14.875621890547263,0.43710021321961623,8.742754007468173,0.652452025586354,6.525079820207954
2019-08-04,215,6885750,2271,1046,0.0003298115673673892,0.29424827607398774,0.9429600657830289,0.00863458945985624,0.5416116248348745,0.17862329363926807,541.5919613283091,0.15200764818355642,152.0021294626668,0.6221928665785997,0.10259947720011618,311.08513876296786,0.23709369024856597,118.54254121616782,0.6895640686922061,0.04548358989253558,137.90780673823286,0.3441682600382409,68.83115296422648,0.741523557904007,0.024456127102152257,74.151817346387,0.4483747609942639,44.837150520146565,0.7807133421400264,0.012874414551791743,39.035667107001316,0.5305927342256214,26.52963671128107,0.8621752531924263,0.005687082654397904,17.24342993726128,0.7055449330783938,14.110837183135539,0.8987230295024219,0.0029640839005659497,8.987204191247022,0.7839388145315488,7.839365375492664,0.3330058490765096,0.8478009222394924,0.16517857142857142,16.462797619047617,0.4017857142857143,8.03640345503553,0.6205357142857143,6.205889334721881
2019-08-05,216,6885750,2311,1198,0.0003356206658679156,0.22861705044417982,0.9394559832857399,0.013279391403219765,0.49459108610990915,0.16598896311356376,494.57312970974544,0.18864774624373956,188.6408972840299,0.5832972739073994,0.09787975602672089,291.6380484902611,0.2662771285475793,133.13373060532197,0.6707053223712679,0.04502018647070783,134.1400904330058,0.39482470784641066,78.96436817954115,0.7295543054954565,0.02448517238374626,72.95490079678962,0.493322203672788,49.33186215022075,0.773691042838598,0.012983335148676615,38.6845521419299,0.5717863105175293,28.58931552587646,0.8533102553007356,0.005727696257827658,17.06598204558061,0.7245409015025042,14.490628630699721,0.8896581566421462,0.002985863620388685,8.896542805751357,0.7929883138564274,7.929848589610611,0.34455300577902603,0.8516073250201298,0.16017316017316016,15.963924963924963,0.42207792207792205,8.442282417411063,0.6406926406926406,6.407475886035063
2019-08-06,217,6885750,2218,1162,0.00032211451185419165,0.18506059245568376,0.9402431270516933,0.009833760746170523,0.4896302975653742,0.15771129828637817,489.61252126935454,0.1540447504302926,154.03915775129065,0.5761947700631199,0.09279697937844902,288.0869254982666,0.24182444061962136,120.90783052545439,0.6420198376916141,0.041360480989863196,128.40303515597407,0.3399311531841652,67.98573696702971,0.6884580703336339,0.02217607249702286,68.84530712190042,0.4208261617900172,42.08231060364244,0.7407574391343553,0.011930349414737576,37.037603012862604,0.5111876075731497,25.55919478380737,0.830477908025248,0.005350171949065899,16.60953403890014,0.6824440619621343,13.648861417347586,0.8805229936880072,0.002836288223812622,8.805217149286635,0.7753872633390706,7.753861372654587,0.3408752125794185,0.8674124130854901,0.1655011655011655,16.49494949494949,0.4382284382284382,8.76532044285046,0.6736596736596736,6.737174489318571
2019-08-07,218,6885750,2719,1522,0.00039487347057328543,0.19315628958498662,0.9488673324126803,0.0074396570047712334,0.43287973519676354,0.17092651757188498,432.86401926098085,0.10183968462549277,101.83598727998647,0.5009194556822362,0.09889631135637525,250.45063476357515,0.16031537450722733,80.15477708489257,0.5678558293490253,0.0448459147811438,113.57034119318166,0.25295663600525625,50.59095984121505,0.6270687752850312,0.02476110255888931,62.7064221937742,0.34888304862023656,34.88805152686389,0.6906951084957705,0.013636759708385373,34.5345046568645,0.4533508541392904,22.667378110674278,0.7910996689959544,0.00624765821736971,15.821924446580903,0.6300919842312747,12.601784780868686,0.8793674144906215,0.0034723886286896852,8.793674144906214,0.7864651773981604,7.864651773981603,0.38084681686512056,0.8923168431231662,0.1697674418604651,16.920155038759688,0.4604651162790698,9.210092145677928,0.6906976744186046,6.907569109258446
2019-08-08,219,6885750,3166,1780,0.0004597901463166685,0.201946769606343,0.9629344565870196,0.007649075408082845,0.3932406822488945,0.18080162648852743,393.226405430631,0.07977528089887641,79.77238461362738,0.4728363866077069,0.10869880917804241,236.4096100119095,0.13202247191011235,66.0088393809945,0.5530638029058749,0.05085828807110285,110.61195738648024,0.2292134831460674,45.84236375070533,0.6140240050536955,0.02823201370937291,61.401954642866244,0.32640449438202246,32.64021242544093,0.6980416929879975,0.016047634607704316,34.90208464939987,0.46797752808988763,23.398876404494384,0.7817435249526216,0.0071887280743793735,15.634802380972133,0.6129213483146068,12.25837355871754,0.9099810486418193,0.0041839971186913285,9.099797271013523,0.8398876404494382,8.398864207037015,0.4856154080147535,0.9218821191676168,0.19950738916256158,19.88423645320197,0.5788177339901478,11.577347506104825,0.7660098522167488,7.660755477443831
2019-08-09,220,6885750,3797,2191,0.0005514286751624732,0.20303906141568187,0.954849526561168,0.00909030507899153,0.3829338951804056,0.21115306418820795,382.9199925556895,0.07895937927886809,78.9565126153741,0.4545693968922834,0.1253267499273889,227.27644675072904,0.11958010041077134,59.787879494878645,0.5449038714774822,0.06009468761799645,108.979982951177,0.23322683706070288,46.645028705182696,0.6181195680800632,0.03408463795056493,61.81150797158349,0.35189411227749884,35.18915570616033,0.6976560442454569,0.019235377409868207,34.88280221227285,0.4810588772250114,24.052943861250572,0.7906241769818277,0.008719444186262663,15.8124605756013,0.6408032861706983,12.816047110993953,0.8783249934158546,0.004843335874813928,8.783249934158547,0.792332268370607,7.92332268370607,0.46630961952416133,0.8930576829916469,0.1934065934065934,19.27619047619048,0.5384615384615384,10.77015437392796,0.7032967032967034,7.033570203381525
2019-08-10,221,6885750,4018,2102,0.0005835239443778818,0.24192411117756132,0.9565587563544062,0.015460772064584788,0.4213539074166252,0.2458611675864072,421.33860993233037,0.09372026641294005,93.71686384735725,0.5403185664509706,0.15763868719140284,270.14947494479895,0.20361560418648905,101.804105905251,0.6535589845694375,0.07627290946585727,130.71084777365024,0.36679352997145576,73.3581733132229,0.7396714783474365,0.04316128844869151,73.96661073558425,0.5133206470028544,51.33169196171694,0.8153310104529616,0.02378825835965581,40.76655052264809,0.654138915318744,32.706945765937206,0.8899950223992036,0.010386653034668649,17.799874597677864,0.7930542340627973,15.86106164663859,0.925335988053758,0.0053995570562393345,9.25335988053758,0.8591817316841104,8.591817316841103,0.4516192036154957,0.8409691128633626,0.17657992565055763,17.59913258983891,0.46096654275092935,9.220121535194831,0.637546468401487,6.376011464862556
2019-08-11,222,6885750,3908,1988,0.0005675489235014341,0.24767660652961798,0.9460574823838916,0.015056822417803569,0.4367963152507677,0.24789427824571594,436.78045712140187,0.10010060362173039,100.09696941451205,0.5514329580348004,0.15647690967179784,275.70646897967805,0.2052313883299799,102.61196864603245,0.6719549641760492,0.07627290946585727,134.39001697915216,0.3797786720321932,75.955182867515,0.7615148413510747,0.04321937901187952,76.15093117478234,0.5382293762575453,53.822546800159635,0.8047594677584442,0.022837018480194603,40.23797338792221,0.6202213279678068,31.01106639839034,0.8654042988741044,0.009823171298447812,17.308060841424517,0.7369215291750503,14.738409179283341,0.904042988741044,0.005130863896319662,9.040390500021267,0.812374245472837,8.12370706116749,0.4215653505345765,0.8126167703340952,0.16962843295638125,16.906300484652665,0.3990306946688207,7.981298337106549,0.555735056542811,5.557827182114681
2019-08-12,223,6885750,3319,1484,0.0004820099480811822,0.26818840305719127,0.9403852719357899,0.01138720476794536,0.5022597167821633,0.24208539064769097,502.2414819681645,0.1320754716981132,132.07067662580351,0.6179572160289244,0.1489253557943654,308.96739037693624,0.2358490566037736,117.92024698732456,0.7071407050316361,0.06816927590112987,141.427114051282,0.37398921832884097,74.79730053466022,0.76047002109069,0.036655145371634376,76.04644990742133,0.47911051212938005,47.91070331544452,0.8020488098824947,0.01932977526050176,40.10244049412473,0.5619946091644205,28.099730458221025,0.8478457366676709,0.008173365980324669,16.95684085538433,0.6623989218328841,13.2479207178004,0.8861102741789696,0.004271139672512072,8.861102741789695,0.7473045822102425,7.473045822102426,0.41274830064814066,0.8347893655240062,0.16472545757071547,16.41763727121464,0.40266222961730447,8.053935265124164,0.5940099833610649,5.940609276134972
2019-08-13,224,6885750,2728,1241,0.00039618051773590384,0.26158922336625234,0.942342640340246,0.00887587791193516,0.5095307917888563,0.201858844031368,509.51229299449864,0.1297340854149879,129.7293753479891,0.6041055718475073,0.11966308451931455,302.04181973199053,0.22159548751007252,110.79372118228883,0.6902492668621701,0.054692265241511516,138.04885094821773,0.34891216760676874,69.78192680874577,0.7445014662756598,0.029495483458712134,74.44960602119761,0.4536663980660757,45.366310384900544,0.7892228739002932,0.015633736339541807,39.46114369501466,0.5455278001611603,27.27639000805802,0.8482404692082112,0.00672107816085277,16.964686197247786,0.6704270749395649,13.4084441350754,0.8852639296187683,0.003507243219692844,8.852639296187684,0.7518130539887188,7.5181305398871885,0.41320637940514693,0.8596201570495906,0.15469613259668508,15.41804788213628,0.4438305709023941,8.877372705476532,0.6482504604051565,6.483060564995309
2019-08-14,225,6885750,2073,999,0.00030105652978978324,0.18850180311559062,0.9275470552905615,0.004871021648362637,0.4852870236372407,0.1460935230903282,485.2694050261589,0.10810810810810811,108.1041831840554,0.5586107091172214,0.08408364798141156,279.29521422479723,0.16216216216216217,81.07813738804154,0.6324167872648335,0.03807836416974063,126.48243901678319,0.25825825825825827,51.6512765924599,0.6767969126869272,0.020375265038194545,67.67919982476994,0.34134134134134136,34.133886275249665,0.7322720694645442,0.011022764404748938,36.61360347322721,0.45245245245245247,22.62262262262262,0.8007718282682104,0.004821544753229854,16.015413306585852,0.5905905905905906,11.811794657842153,0.8499758803666184,0.002558896740819486,8.499721771875434,0.6926926926926927,6.926896747657795,0.3719847663225361,0.864049177032262,0.15822784810126583,15.770042194092827,0.4472573839662447,8.945914844649021,0.6455696202531646,6.456249864298586
2019-08-15,226,6885750,1843,895,0.0002676542134117562,0.20082326350895843,0.9389327327100274,0.007512396068363062,0.5084102007596311,0.1360731919837351,508.39174264894405,0.15307262569832403,153.06706831284268,0.5984807379272925,0.08009003775776939,299.2295048782206,0.24022346368715083,120.10737112139115,0.6592512208355942,0.03529001713671614,131.8492867602513,0.31843575418994413,63.686688385181334,0.7042864894194248,0.01885038775450928,70.42813753695728,0.4044692737430168,40.44663367620288,0.7639717851329354,0.010224013360926551,38.19858925664677,0.5217877094972067,26.08938547486034,0.8410200759631037,0.004502044799702574,16.820377091455235,0.6793296089385474,13.586572447336541,0.8762886597938144,0.002345423519587554,8.762886597938143,0.7508379888268156,7.5083798882681565,0.36263483013595077,0.8799812373723128,0.176056338028169,17.546948356807516,0.4788732394366197,9.57828618365424,0.6596244131455399,6.596809847075593
2019-08-16,227,6885750,2089,1112,0.00030338016918999384,0.16763805124229492,0.9341867029360515,0.008730019069206542,0.4552417424605074,0.13810630264304385,455.2252146598081,0.15017985611510792,150.17440375321004,0.5576831019626616,0.08459192564623874,278.83142748616007,0.24370503597122303,121.84809406323329,0.6376256582096697,0.038688315083214735,127.52420564109423,0.33723021582733814,67.44555341813859,0.6955481091431307,0.021101397078044672,69.55430585454576,0.4370503597122302,43.704718614953805,0.7482048827190043,0.011349526195403551,37.410244135950215,0.533273381294964,26.663669064748202,0.8262326471996171,0.0050132447253462215,16.52462894569303,0.6762589928057554,13.525160213868128,0.8697941598851124,0.002638775329411235,8.697916335324754,0.7580935251798561,7.580913232662714,0.36561954474514313,0.8873545801432382,0.16382978723404254,16.32836879432624,0.44468085106382976,8.894379767161782,0.625531914893617,6.255855625707091
2019-08-17,228,6885750,2664,1559,0.0003868859601350615,0.16306773405569605,0.9470175066284411,0.011028393641035115,0.4069069069069069,0.15742085390647692,406.8921339288752,0.12443874278383579,124.43422496715036,0.49774774774774777,0.09628231193726401,248.8648383716275,0.19563822963438102,97.81556344067232,0.6021021021021021,0.046588631676784106,120.41954600916523,0.33803720333547144,67.6069497478063,0.6692942942942943,0.025893868541055506,66.92894343339826,0.4413085311096857,44.130532662704674,0.7443693693693694,0.014399302908179937,37.21846846846847,0.5670301475304682,28.351507376523415,0.8419669669669669,0.006514894506924435,16.83931488402963,0.731879409878127,14.637566939795501,0.8948948948948949,0.003462222706313764,8.94894894894895,0.8223220012828736,8.223220012828737,0.4127698423858588,0.9067338496181061,0.15737051792828685,15.684594953519257,0.450199203187251,9.00475627507124,0.6593625498007968,6.594190989045533
2019-08-18,229,6885750,3074,1819,0.00044642921976545765,0.19781514590053553,0.9533226688082834,0.014088346038620912,0.4050097592713077,0.18080162648852743,404.9950551702595,0.12039582188015394,120.39145084392533,0.5019518542615484,0.11203891954690677,250.96681531233352,0.21055525013743814,105.27380290690276,0.6151594014313598,0.05492462749426356,123.03098691236997,0.3650357339197361,73.00661665566305,0.6958360442420299,0.031063928664788406,69.58309915535679,0.4925783397471138,49.25747629779675,0.7537410540013012,0.01682460153214973,37.68705270006506,0.5865860362836723,29.329301814183616,0.8432010409889394,0.007528558856077307,16.863947346530356,0.736668499175371,14.733305793088979,0.8926480156148341,0.003985035783994795,8.926467192466545,0.8202308960967565,8.202297048979693,0.4191531666537888,0.9009392923025322,0.15671641791044777,15.619402985074627,0.44216417910447764,8.844042011213231,0.6175373134328358,6.175902754665779
2019-08-19,230,6885750,3169,1772,0.000460225828704208,0.22872423459540459,0.95537895649938,0.01058675332496975,0.42063742505522245,0.19358117920418239,420.62215358321197,0.09650112866817155,96.49762514186207,0.49510886715052066,0.11392680801626488,247.54544597601637,0.14672686230248308,73.36076765170802,0.606816030293468,0.055854076505271716,121.3623248015698,0.3115124153498871,62.302030671686225,0.6891763963395393,0.03171744750065352,68.91713920089144,0.44808126410835214,44.807801044672885,0.7611233827705901,0.017514431979087246,38.056169138529505,0.5750564334085779,28.752821670428894,0.8523193436415273,0.007845176131610744,17.04636211683139,0.7370203160270881,14.740384913454786,0.9062795834648154,0.004170932723377991,9.062795834648153,0.8329571106094809,8.329571106094809,0.46501528100174805,0.8814173910641911,0.19230769230769232,19.166666666666664,0.45576923076923076,9.116166380789021,0.6461538461538462,6.462092624356775
2019-08-20,231,6885750,2880,1506,0.00041825509203790434,0.21335829956457708,0.9440135628126619,0.00724901837052887,0.4322916666666667,0.18080162648852743,432.27597208103396,0.0849933598937583,84.99027416329454,0.5055555555555555,0.1057217542840546,252.76860054216286,0.13745019920318724,68.72260449922645,0.6045138888888889,0.0505678352551628,120.90189986397127,0.2682602921646746,53.65166884814861,0.6878472222222223,0.028768933617972958,68.78322384026295,0.4156706507304117,41.5661595908586,0.7479166666666667,0.015640997712667467,37.395833333333336,0.5212483399734396,26.06241699867198,0.8253472222222222,0.006904083487999907,16.50687252690811,0.6673306772908366,13.346555397225524,0.8798611111111111,0.003680063900083506,8.798611111111112,0.7715803452855245,7.715803452855246,0.4371439532451773,0.8663684464686243,0.19291338582677164,19.22703412073491,0.45866141732283466,9.174015072729976,0.6200787401574803,6.20131920152348
2019-08-21,232,6885750,2653,1189,0.00038528845804741674,0.2415209759899444,0.9360850496162394,0.006428416496876987,0.47229551451187335,0.18196340400813243,472.278367564643,0.08578637510513036,85.78326058381518,0.5793441387108933,0.1116032529770549,289.6615526523768,0.17493692178301093,87.4652853011449,0.6765925367508481,0.052136280461239075,135.3175247591319,0.3069806560134567,61.39568538571144,0.740294006784772,0.028522466525312963,74.02886312727996,0.4306139613120269,43.06108344860858,0.7874104787033547,0.015169008459499691,39.37052393516774,0.5332211942809083,26.661059714045418,0.8330192235205428,0.006419007232275117,16.660263494021255,0.6324642556770396,12.649193263028769,0.8692046739540144,0.0033489452855534983,8.692046739540144,0.712363330529857,7.12363330529857,0.4484792390729455,0.8463596058448842,0.2003853564547206,19.971740526653818,0.4662813102119461,9.32642600065438,0.5953757225433526,5.9542678392607495
2019-08-22,233,6885750,2247,1070,0.0003263261082670733,0.14359819963242018,0.9233567647933245,0.0034404284031976946,0.44192256341789055,0.14420563462097008,441.9065191772785,0.058878504672897194,58.87636705654979,0.5264797507788161,0.08589892535579437,263.2303183216115,0.11401869158878504,57.00727603888154,0.6043613707165109,0.039443492404658866,120.87139645099234,0.19906542056074766,39.81279501658974,0.673787271918113,0.021987278166661826,67.37823793328512,0.32710280373831774,32.71004285400566,0.7347574543836226,0.01198852703046146,36.737872719181134,0.4504672897196262,22.523364485981308,0.7917222963951935,0.0051671856120457296,15.834422931973245,0.5672897196261683,11.345777915337996,0.8455718736092568,0.0027593177804628682,8.455706456084643,0.680373831775701,6.803728436874844,0.41561643316760855,0.8519379689172384,0.19305019305019305,19.24066924066924,0.4555984555984556,9.112750584448698,0.5984555984555985,5.985069239786222
2019-08-23,234,6885750,1983,972,0.0002879860581635987,0.17298894241596316,0.9209619657739906,0.004857407176415705,0.45738779626828036,0.13171652628521638,457.3711905539227,0.08024691358024691,80.2440001721152,0.5577407967725668,0.08030787104269532,278.8602738437919,0.17901234567901234,89.50292326889772,0.6510337871911246,0.037497458537860524,130.2058119652411,0.3004115226337449,60.081868249885524,0.702471003530005,0.02023003863022452,70.24659026629779,0.39711934156378603,39.71164579530105,0.7579425113464447,0.010913843807864067,37.89712556732224,0.5092592592592593,25.462962962962965,0.8129097327281896,0.004682126591690677,16.258171043234537,0.6203703703703703,12.407389388470635,0.8552697932425618,0.0024630506101714113,8.552673090765404,0.7067901234567902,7.067880705560297,0.35529441791894517,0.8270713618600756,0.16432865731462926,16.37808951235805,0.45090180360721444,9.018809488617029,0.5871743486973948,5.872247067032865
2019-08-24,235,6885750,1874,980,0.00027215626474966416,0.16374040051258384,0.9275755537019988,0.005370792522738443,0.439701173959445,0.11966308451931455,439.68521036759347,0.11122448979591837,111.22045172992229,0.5277481323372465,0.07181237293058379,263.8644860761832,0.1846938775510204,92.34358606933914,0.6125933831376734,0.033343983269917804,122.5177869801689,0.28469387755102044,56.938362059512,0.6627534685165422,0.01803711986987714,66.27486560512621,0.36428571428571427,36.428306909042625,0.732657417289221,0.009969865301528519,36.63287086446105,0.49387755102040815,24.69387755102041,0.8105656350053362,0.004412003903708523,16.21128915686284,0.6408163265306123,12.816307917813468,0.8516542155816436,0.0023178235694773426,8.516517419172152,0.7193877551020408,7.1938566561094515,0.34448674453043254,0.8372261099979367,0.17184265010351968,17.126984126984127,0.40372670807453415,8.07522666013232,0.577639751552795,5.776892918402352
2019-08-25,236,6885750,2257,1316,0.0003277783828922049,0.11285751486044822,0.927436955527652,0.006497549812693182,0.36065573770491804,0.1182108626198083,360.6426439009061,0.08206686930091185,82.0638898182913,0.4505981391227293,0.07384548358989254,225.2908899552958,0.1519756838905775,75.98508316508453,0.5502879929109438,0.03607423973975428,110.05679941870316,0.26367781155015196,52.735179380216074,0.642002658396101,0.021043306514856662,64.19979966091017,0.4027355623100304,40.27326379180766,0.7323881258307487,0.012003049776712776,36.61940629153744,0.5501519756838906,27.507598784194528,0.7975188303057156,0.005228181057719119,15.950353441820745,0.6595744680851063,13.191470204064682,0.842268498006203,0.0027607700529789013,8.422672748028122,0.7348024316109423,7.348013644775661,0.3251048396308414,0.8312988806658641,0.15510204081632653,15.458503401360545,0.4061224489795918,8.123145587566073,0.5326530612244897,5.326987433052123
2019-08-26,237,6885750,2610,1652,0.00037904367715935086,0.1185813878106474,0.940830893004292,0.00991146753940361,0.3302681992337165,0.1251815277374383,330.25620866592556,0.0841404358353511,84.13738107076223,0.4371647509578544,0.08284925936683125,218.5744397261143,0.16888619854721548,84.44003352065707,0.5674329501915709,0.04301606204072148,113.48576597582296,0.3347457627118644,66.94866640312586,0.6532567049808429,0.02476110255888931,65.32519614746056,0.461864406779661,46.18610530342227,0.7245210727969349,0.013731256580619395,36.22605363984674,0.5702179176755447,28.510895883777238,0.80727969348659,0.006119840831856865,16.14547663140169,0.6979418886198547,13.958736412803638,0.8639846743295019,0.003274879279671786,8.639846743295019,0.7863196125907991,7.863196125907989,0.3481187050479691,0.8340196647057199,0.16666666666666666,16.61111111111111,0.4218106995884774,8.436937509264554,0.5411522633744856,5.411986743747749
2019-08-27,238,6885750,2768,1651,0.0004019896162364303,0.16683904031092198,0.9533291078247922,0.01351388303185647,0.3945086705202312,0.1585826314260819,394.4943476669593,0.11932162325863113,119.31729122177163,0.49060693641618497,0.098605866976474,245.29456233137856,0.19987886129618412,99.93580229234678,0.6170520231213873,0.04960934096256063,123.40950850178896,0.37431859479103574,74.86317534875757,0.7127890173410405,0.028653170292485985,71.2783841551609,0.5239248940036342,52.39210896171141,0.7854046242774566,0.015786225175180628,39.27023121387283,0.6432465172622653,32.16232586311327,0.8778901734104047,0.0070580239275724755,17.557726972284023,0.7970926711084192,15.941783966623381,0.9122109826589595,0.0036669774520824076,9.122070083336864,0.8534221683827983,8.53418450188919,0.38880093987667197,0.8299580363879506,0.1836734693877551,18.306122448979593,0.4326530612244898,8.653803339517626,0.5775510204081633,5.776005530857283
2019-08-28,239,6885750,2695,1322,0.00039138801147296955,0.22730283095435494,0.9504202595061336,0.012329683088221107,0.49647495361781074,0.19430729015393552,496.45692882280576,0.12556732223903178,125.56276344865131,0.6051948051948052,0.11842869590473425,302.58641663303297,0.2586989409984871,129.34477439589983,0.7113172541743971,0.05567980481570769,142.2624178143819,0.4258698940998487,85.17336034441992,0.775139146567718,0.03033779662493828,77.51335180340213,0.5491679273827534,54.91639396984801,0.82708719851577,0.01618560069709182,41.35435992578849,0.651285930408472,32.564296520423596,0.8797773654916512,0.006886676271028906,17.595521756303263,0.75642965204236,15.12857107000732,0.9046382189239333,0.00354064039408867,9.046369051427108,0.8063540090771558,8.063528380313903,0.4141841352245111,0.831010973094441,0.18415841584158416,18.354455445544552,0.4514851485148515,9.030477387361378,0.5841584158415841,5.842085151911418
2019-08-29,240,6885750,2562,1347,0.0003720727589587191,0.18345912616153362,0.9417950672943469,0.009231426604068135,0.43637782982045276,0.16235840836479815,436.36198688442965,0.1091314031180401,109.1274410427018,0.5331772053083529,0.0991867557362765,266.57892400900306,0.17965850037119524,89.82598888548922,0.6416861826697893,0.047750442940544306,128.3363046361643,0.33110616184112845,66.22075151464028,0.7275565964090555,0.02707020244561271,72.75513133875009,0.48552338530066813,48.55198597598066,0.8040593286494926,0.014958428638855608,40.20296643247463,0.629547141796585,31.47735708982925,0.8571428571428571,0.006378380890417325,17.142832246756868,0.7305122494432071,14.610223770806893,0.8879781420765027,0.0033039247721744183,8.879781420765028,0.7891610987379362,7.891610987379362,0.39500173688214235,0.8262786890117979,0.19402985074626866,19.33830845771144,0.4584221748400853,9.169229812710523,0.5927505330490405,5.928013692868663
2019-08-30,241,6885750,2599,1404,0.0003774461750717061,0.18999664575415828,0.9335550416918726,0.008242066426944262,0.4197768372450943,0.15843740923613128,419.7615970171954,0.10612535612535613,106.12150318619967,0.5117352828010774,0.09657275631716526,255.85835198573324,0.16595441595441596,82.97419544424336,0.6129280492497114,0.04626913357925005,122.58471971655291,0.3034188034188034,60.683320039531374,0.6929588303193536,0.02615527607540155,69.29537985232636,0.43803418803418803,43.80310073276033,0.7502885725278954,0.014159574777077464,37.514156222108944,0.5413105413105413,27.065330534063285,0.8172373989996152,0.00616925364810856,16.34472424296403,0.6645299145299145,13.29057898902767,0.8630242400923432,0.0032574330614206937,8.630192267286471,0.7485754985754985,7.485711500519533,0.38596820061606874,0.841646636035755,0.18322295805739514,18.26122148638705,0.46799116997792495,9.36062612883805,0.6313465783664459,6.3140072472822695
2019-08-31,242,6885750,2635,1366,0.00038267436372217987,0.21002609551921156,0.910033923056612,0.007576731488338522,0.45692599620493357,0.17484751670055185,456.90940725648,0.10980966325036604,109.80567655042229,0.5396584440227704,0.10325297705489399,269.8194257137519,0.1822840409956076,91.13871153685051,0.628842504743833,0.04812803160126637,125.76758770338516,0.30307467057101023,60.61449396974451,0.6846299810246679,0.02619884399779256,68.46250097070214,0.39970717423133234,39.97042718294747,0.7259962049335863,0.013891006789383872,36.299810246679314,0.4765739385065886,23.828696925329428,0.7912713472485768,0.0060559060332508454,15.825220101881218,0.6010248901903368,12.020340692284778,0.8265654648956356,0.0031630449463168242,8.265630641025075,0.6683748169838946,6.683728756619597,0.41434971110508784,0.820283956228893,0.18907563025210083,18.84453781512605,0.48739495798319327,9.732042131921261,0.6197478991596639,6.198010507805181
2019-09-01,243,6885750,2769,1515,0.00040213484369894345,0.20710804928462695,0.9161728239205725,0.009430140248395787,0.437703141928494,0.17600929422015685,437.6872508762893,0.11617161716171617,116.16739948755259,0.5305164319248826,0.10666569851873366,265.2485856176852,0.2099009900990099,104.94668476432308,0.6240520043336945,0.050190246594440734,124.80949457842914,0.333993399339934,66.79819482137009,0.6847237269772481,0.02753492695111679,68.4718754978882,0.4316831683168317,43.168003372703595,0.7262549656915854,0.014602621355698363,36.31274828457927,0.5036303630363036,25.18151815181518,0.7778981581798483,0.006256371827156836,15.557895380586922,0.5973597359735974,11.94714266787553,0.8244853737811484,0.0033155381541035414,8.244841764037004,0.6818481848184819,6.818471945891029,0.3837381125983541,0.8163417985519711,0.18309859154929578,18.248826291079812,0.4507042253521127,9.014857584615756,0.5754527162977867,5.755020690178808
2019-09-02,244,6885750,2801,1466,0.0004067821224993646,0.1936873715325795,0.9356541625605463,0.010277873492350884,0.4348446983220278,0.1768806273598606,434.8289110471832,0.10231923601637108,102.31552126048899,0.5369510888968225,0.10920708684286959,268.465797296783,0.20804911323328787,104.0207799481638,0.6608354159228846,0.05376281623050336,132.1661234770398,0.369031377899045,73.8057396487946,0.7340235630132096,0.029858549478637194,73.40182330329385,0.5013642564802183,50.136061591371565,0.7829346661906462,0.01592419126456813,39.14673330953231,0.5879945429740792,29.39972714870396,0.8314887540164227,0.006764685379682126,16.62975092936316,0.6787175989085948,13.574332264513595,0.8607640128525527,0.0035014341211923173,8.607640128525526,0.7339699863574352,7.339699863574352,0.3972881534829774,0.8146397636111411,0.18503118503118504,18.44144144144144,0.4760914760914761,9.522646145287656,0.5945945945945946,5.946455889852117
2019-09-03,245,6885750,3649,2213,0.0005299350107105254,0.19625427792435918,0.9015615574887909,0.00746439562871235,0.3729788983283091,0.1976474005227999,372.965357125204,0.08721192950745595,87.20876323060772,0.44149081940257606,0.116976474005228,220.73739541833342,0.1333032083145052,66.64918433427273,0.5119210742669225,0.054256586017601444,102.3834714087967,0.21373700858563036,42.747091314546,0.5650863250205536,0.02994568532341921,56.50822217476948,0.2928151830094894,29.2813056784628,0.6179775280898876,0.01637439639835893,30.898876404494377,0.37641211025756893,18.820605512878448,0.6958070704302549,0.007374639836416024,13.9161211985754,0.5038409399005874,10.07680416372476,0.7706220882433543,0.004083778453566626,7.706187307932692,0.6262991414369634,6.262964127737991,0.40537133785927437,0.8567048093093476,0.1875,18.6875,0.4888392857142857,9.777624203626562,0.6205357142857143,6.205889334721881
2019-09-04,246,6885750,3972,2420,0.0005768434811022765,0.20844614270977466,0.9190066800386177,0.009193272004919598,0.37134944612286,0.21420273017717106,371.33596407790924,0.06942148760330578,69.41896721819094,0.4556898288016113,0.13142608190531513,227.83664236644603,0.1384297520661157,69.21236314908919,0.5410372608257804,0.06241831014551686,108.2066664361764,0.256198347107438,51.23929735383082,0.5929003021148036,0.034200819076940954,59.289599687574565,0.3359504132231405,33.59479737795521,0.6452668680765358,0.01861089932106161,32.26334340382679,0.4206611570247934,21.033057851239672,0.7416918429003021,0.008556715104373917,14.833686059905009,0.5776859504132231,11.553601555247889,0.8013595166163142,0.004622583418533321,8.013583528239128,0.6756198347107438,6.756188535266266,0.4077624772892803,0.8668204459149866,0.1994949494949495,19.882996632996633,0.5126262626262627,10.253404542855659,0.6363636363636364,6.364182130048339
2019-09-05,247,6885750,4470,2713,0.0006491667574338308,0.21047615059945587,0.9126605011178139,0.010988148344592932,0.3621923937360179,0.235114725530061,362.17924414286745,0.07482491706597862,74.82220050639883,0.4615212527964206,0.14979668893406914,230.7522485073303,0.15481017323995577,77.40227638592982,0.5485458612975391,0.0712190304685004,109.70837562605739,0.26391448580906746,52.78251388828564,0.5995525727069351,0.03892067733596677,59.954821916360885,0.34463693328418726,34.46344307649935,0.6619686800894855,0.021486403078822207,33.09843400447427,0.44452635458901585,22.226317729450795,0.7501118568232662,0.009738939492517891,15.00221534912865,0.5890158496129746,11.780299884028894,0.8008948545861297,0.005199135607398457,8.00893691468544,0.672687062292665,6.726860853677325,0.43174510771061075,0.8855323612219562,0.22395833333333334,22.321180555555554,0.5625,11.250964837049743,0.6666666666666666,6.667238421955402
2019-09-06,248,6885750,4740,2190,0.0006883781723123843,0.29943361772942795,0.9588686690043302,0.01345311946546732,0.44936708860759494,0.3093232645948301,449.3507740894201,0.06757990867579909,67.57745515021544,0.5710970464135021,0.1965582340981702,285.5381562112817,0.17077625570776256,85.38502779115059,0.6886075949367089,0.0948037991228325,137.72051894726664,0.3415525114155251,68.31000625866136,0.7588607594936709,0.05223793894681809,75.88552491625583,0.480365296803653,48.036180871732455,0.8160337552742616,0.028086991250045382,40.801687763713076,0.6027397260273972,30.136986301369863,0.889451476793249,0.012245490720032531,17.78890036402194,0.7607305936073059,15.214501393974576,0.9181434599156119,0.006320299168572777,9.181434599156118,0.8228310502283105,8.228310502283104,0.5012415110268282,0.8812223692107422,0.22802850356294538,22.726840855106886,0.5724465558194775,11.449913014426974,0.7054631828978623,7.055236857437368
2019-09-07,249,6885750,5165,2499,0.0007500998438804778,0.27982743878991245,0.9507279525716222,0.016585993744016064,0.40832526621490806,0.306273598605867,408.3104417425651,0.0700280112044818,70.02546879919554,0.5438528557599226,0.20396456578565206,271.91655544212074,0.17446978791516607,87.23172684699787,0.6772507260406583,0.10160039501582968,135.44916166122928,0.3589435774309724,71.78819420533034,0.756243949661181,0.05672543495309187,75.62384583315631,0.5074029611844738,50.73992767690015,0.826137463697967,0.03098427912718295,41.30687318489836,0.6458583433373349,32.29291716686675,0.8780251694094869,0.013172111720420113,17.5604778855533,0.7511004401760705,15.021986987470887,0.8991287512100677,0.006744333975235921,8.991248338815245,0.7939175670268107,7.939141080828697,0.49765650913552073,0.8299083584700334,0.20512820512820512,20.444444444444443,0.5207100591715976,10.415094339622643,0.631163708086785,6.3121783876500865
2019-09-08,250,6885750,5072,2282,0.0007365936898667538,0.2906529659031279,0.9478756685268486,0.01225095412390944,0.42113564668769715,0.31019459773453384,421.1203571274776,0.04645048203330412,46.448795623122834,0.5461356466876972,0.20113273308161486,273.0579094670208,0.12620508326029797,63.100250657827246,0.6800078864353313,0.10017717621772343,136.00058973603888,0.31638913234005256,63.27736698743841,0.7576892744479495,0.05581050858288071,75.76837726233653,0.47020157756354075,47.019816327923415,0.8324132492113565,0.03065751733652834,41.62066246056783,0.6305872042068361,31.529360210341803,0.8726340694006309,0.0128555163119249,17.452656041963106,0.7191060473269062,14.382100059779152,0.8978706624605678,0.006613658642849363,8.978706624605678,0.7747589833479404,7.747589833479403,0.48573937110300214,0.8183350519218293,0.19324577861163228,19.260162601626018,0.5121951219512195,10.244780989833913,0.6060037523452158,6.0605572522277535
2019-09-09,251,6885750,4668,1951,0.0006779217950114366,0.32836225893478815,0.9530126094564071,0.012613054919731049,0.4745072836332476,0.3216671507406332,474.4900563865285,0.06048180420297283,60.47960837795821,0.6098971722365039,0.20672378739471392,304.9375147928773,0.1804202972834444,90.20687351288682,0.7215081405312768,0.09782450840860903,144.30058028589966,0.35263967196309587,70.52742226669051,0.7919880034275921,0.05369020302651834,79.19822525489475,0.5089697590978985,50.89660633054046,0.8468294772922023,0.028704207965726317,42.34147386461011,0.6355715017939518,31.778575089697593,0.8916023993144816,0.01208871642345943,17.832022089296437,0.7421834956432599,14.843648355811345,0.9125964010282777,0.006186662948859824,9.125924250238118,0.7924141465914916,7.924106941976599,0.494672026000788,0.8103904312776264,0.2054263565891473,20.47416020671835,0.5155038759689923,10.310961745582194,0.6143410852713178,6.143937731860067
2019-09-10,252,6885750,3993,1581,0.0005798932578150528,0.32122278516644487,0.9516044548226364,0.012884665341554054,0.49536689206110696,0.28724949172233516,495.3489074948834,0.07716635041113219,77.1635488445329,0.6356123215627348,0.18428695904734244,317.7946226547053,0.21758380771663505,108.78795410868571,0.7605810167793638,0.08821052020099335,152.11509879138242,0.4263124604680582,85.26187297533856,0.8254445279238668,0.04786662406692033,82.54385341066784,0.5698924731182796,56.988833494643956,0.8630102679689456,0.02502269179101768,43.15051339844729,0.6597090449082859,32.985452245414294,0.8863010267968946,0.010279184868482201,17.72599479292545,0.7172675521821632,14.345330210284208,0.9005760080140246,0.005222364383358724,9.005733922542534,0.7520556609740671,7.520534765977054,0.46142521117707624,0.8172059583362691,0.21271929824561403,21.201023391812864,0.5416666666666666,10.834262435677529,0.6337719298245614,6.338262841924708
2019-09-11,253,6885750,3935,1669,0.0005714700649892895,0.288353362657447,0.9570794133928726,0.010862892084139888,0.4670902160101652,0.26691838512924776,467.0732580441468,0.07070101857399641,70.69845173480914,0.5936467598475222,0.16961951786232937,296.8126035884459,0.18154583582983821,90.76962235443716,0.7082592121982211,0.08094919980249209,141.65081386023124,0.33792690233672856,67.58488970824388,0.7847522236340534,0.0448459147811438,78.47465252967241,0.49970041941282206,49.96967909279734,0.8470139771283355,0.02420215662781832,42.35069885641677,0.6434991012582385,32.17495506291192,0.8833545108005083,0.010096110557638741,17.666910615568224,0.7279808268424206,14.559468526421536,0.9108005082592122,0.005204929579510237,9.107965400791008,0.792690233672858,7.926867800761689,0.4363820529502833,0.8033905474954228,0.20851063829787234,20.781560283687945,0.5,10.000857632933105,0.6,6.000514579759863
2019-09-12,254,6885750,3910,1616,0.0005678393784264604,0.32896261110043756,0.9526424912961926,0.00989882645019916,0.5048593350383632,0.28666860296253266,504.84100584380036,0.08353960396039604,83.53657100933737,0.6271099744245524,0.17804240487946557,313.543603426798,0.20297029702970298,101.48146404097278,0.7225063938618926,0.08205292050306427,144.50022950229535,0.34344059405940597,68.68762004544293,0.7713554987212277,0.043800284643759624,77.13498976618104,0.45173267326732675,45.172939309165166,0.8202046035805627,0.023287054517993552,41.00993239060719,0.568069306930693,28.403259099872344,0.8501278772378517,0.009654679644136176,17.00248346793112,0.6404702970297029,12.809350132511574,0.8854219948849105,0.005027752847171998,8.854181372740305,0.7258663366336634,7.258631741756559,0.44438667093608475,0.8377870361455739,0.21179039301310043,21.10844250363901,0.5021834061135371,10.044529500325824,0.5982532751091703,5.983045832802774
2019-09-13,255,6885750,3629,1475,0.0005270304614602621,0.31434261444133527,0.9500274145144367,0.006876670476211501,0.5084045191512814,0.2679349404589021,508.38606124686834,0.07525423728813559,75.25150514185007,0.6103609809864976,0.1608335753703166,305.169410748459,0.16203389830508474,81.0140077878476,0.6985395425737118,0.07362978884080282,139.70689405085645,0.2752542372881356,55.05044771578552,0.744006613392119,0.039211130151906824,74.40012109217207,0.3783050847457627,37.830233775133394,0.8057316065031689,0.021232255019424173,40.28658032515845,0.5247457627118645,26.237288135593218,0.8412785891430146,0.008867575982898038,16.825547347544827,0.6122033898305085,12.244050014887025,0.8790300358225407,0.004632749326145553,8.79028759231379,0.7050847457627119,7.050837217875141,0.4448247321258092,0.8422072196869506,0.22058823529411764,21.98529411764706,0.5465686274509803,10.932310059529817,0.6446078431372549,6.446631268287761
2019-09-14,256,6885750,3092,1091,0.0004490433140906945,0.32668692731120585,0.9605915953582506,0.010020087442998486,0.5679172056921087,0.25501016555329653,567.8965871470284,0.14482126489459213,144.8160070792823,0.6904915912031048,0.15502468777229161,345.2332612639253,0.25847846012832265,129.23453796315698,0.7852522639068564,0.07052194371024427,157.0493123877149,0.4188817598533456,83.77574364373564,0.8366752910737387,0.03757007174184554,83.66692157063808,0.5453712190650779,54.53672589499202,0.8628719275549805,0.01937334349925571,43.143596377749034,0.614115490375802,30.705774518790104,0.8851875808538163,0.007949716662455088,17.703674485284647,0.6764436296975253,13.528813651292184,0.9126778783958602,0.00409830113654517,9.126739020364134,0.7543538038496792,7.543505172773352,0.48777870454946354,0.8537190379120717,0.25132275132275134,25.048500881834215,0.5925925925925926,11.852868305698493,0.6798941798941799,6.799524898581502
2019-09-15,257,6885750,2748,985,0.0003990850669861671,0.29910600077944344,0.9426544778420064,0.007560833779544625,0.5676855895196506,0.22654661632297415,567.6649793835223,0.11979695431472082,119.79260502070707,0.6681222707423581,0.13331397037467324,334.049007098765,0.21218274111675126,106.0875188530838,0.7685589519650655,0.06134363472653867,153.71067424245402,0.38883248730964465,77.76593277447459,0.8249636098981077,0.032922826686804726,82.49576195730191,0.5248730964467005,52.486928517497866,0.8569868995633187,0.017100533710924737,42.849344978165945,0.6091370558375635,30.456852791878177,0.8715429403202329,0.006956385351798495,17.430833492047483,0.6477157360406092,12.95429590761695,0.8926491994177583,0.0035623934404326574,8.92640124907539,0.7065989847715736,7.065918016141669,0.41987800313618107,0.8082595678949152,0.2230769230769231,22.233333333333334,0.5282051282051282,10.565008576329332,0.6076923076923076,6.0774442538593485
2019-09-16,258,6885750,2426,1091,0.00035232182405692914,0.20626872646846955,0.9258283395812409,0.007252296307959986,0.5012366034624897,0.17659018297995935,501.2184057931802,0.11915673693858846,119.15241088801707,0.6158285243198681,0.10848097589311646,307.9030831640671,0.21998166819431714,109.98684081970805,0.7003297609233305,0.049347933428214585,140.06493512091038,0.3464711274060495,69.29372231363692,0.7555647155812036,0.02662000058090563,75.5559229183722,0.461044912923923,46.10415651290922,0.7889530090684254,0.01389826816250953,39.44765045342127,0.535288725939505,26.764436296975255,0.8169826875515251,0.005756808253555163,16.339630021400442,0.5967002749770852,11.933988168113512,0.8441879637262985,0.0029742584322695422,8.441879637262986,0.6562786434463794,6.562786434463795,0.34315462565236504,0.7657697564814184,0.20300751879699247,20.23308270676692,0.45614035087719296,9.12358941951792,0.5263157894736842,5.263609280491108
2019-09-17,259,6885750,2355,1129,0.00034201067421849474,0.2431698182393862,0.9336998103635074,0.00931097693014185,0.5082802547770701,0.17383096137089749,508.2618013841432,0.13640389725420726,136.398945036038,0.6131634819532908,0.10485042114435085,306.5706103586895,0.24889282550930025,124.44189465950221,0.7036093418259023,0.04812803160126637,140.72084653860716,0.39238263950398583,78.47595805758431,0.7554140127388536,0.025835777977867496,75.54085274356734,0.4942426926483614,49.42391037938154,0.7961783439490446,0.013615074610608867,39.80891719745223,0.5775022143489814,28.87511071744907,0.8343949044585988,0.005707381255972419,16.687728443019992,0.6572187776793623,13.144241930244092,0.8649681528662421,0.002958274818938187,8.649656405309393,0.7201062887511072,7.201041971730011,0.3653373488821773,0.7627570906773221,0.23545706371191136,23.467220683287163,0.46814404432132967,9.363683877926286,0.5373961218836565,5.374422107448816
2019-09-18,260,6885750,1932,849,0.0002805794575754275,0.2149708119311531,0.9461519701324058,0.0058758096803176365,0.5295031055900621,0.1485623003194888,529.4838816899172,0.11189634864546526,111.89228618726582,0.620600414078675,0.08706070287539937,310.2889414204354,0.2049469964664311,102.46977787675922,0.7116977225672878,0.03993726219175695,142.33851094041947,0.3580683156654888,71.61314312334486,0.7629399585921325,0.021406372534781726,76.29344186406485,0.4652532391048292,46.524986075199365,0.8193581780538303,0.011494753657916712,40.96790890269151,0.5889281507656066,29.446407538280333,0.8524844720496895,0.004783785667812994,17.049664680198408,0.6643109540636042,13.286199786061271,0.8887163561076604,0.0024935519100288133,8.88715065449322,0.7467608951707891,7.467598106704651,0.4222315253872095,0.7898591118508068,0.275,27.40833333333333,0.528125,10.563405874785591,0.596875,5.969261899656947
2019-09-19,261,6885750,1653,774,0.00024006099553425554,0.21178740439847488,0.9612618384596424,0.009121188336373428,0.5251058681185723,0.12605286087714201,525.0868038625412,0.1511627906976744,151.15730264979837,0.6346037507562009,0.07616903862910253,317.29035555979596,0.28294573643410853,141.467731967119,0.7501512401693889,0.036016149176566266,150.02915861617734,0.4819121447028424,96.38172907687115,0.8179068360556564,0.019634610357547416,81.79008969720635,0.6162790697674418,61.627459476766134,0.8644888082274652,0.010376502196565371,43.22444041137326,0.7157622739018088,35.788113695090445,0.897156684815487,0.0043074277714362065,17.943055521577048,0.7855297157622739,15.710525867251285,0.91167574107683,0.002188568324866609,9.116717690834998,0.8165374677002584,8.165339102058233,0.37456803501234276,0.8295443523244267,0.2819548872180451,28.101503759398497,0.5375939849624061,10.752801815860405,0.631578947368421,6.31633113658933
2019-09-20,262,6885750,1536,699,0.00022306938242021567,0.2296606768853204,0.9430268289702205,0.006786653152811546,0.5384114583333334,0.12009875108916643,538.391911010565,0.15593705293276108,155.93139155268074,0.6399739583333334,0.07137670636073191,319.97536186419904,0.2632331902718169,131.61181672336357,0.7317708333333334,0.03264689651166168,146.35310394217083,0.4234620886981402,84.69180276084751,0.7682291666666666,0.01713671614046298,76.8223588308548,0.49356223175965663,49.35586478461553,0.7981770833333334,0.008902443452056784,39.908854166666664,0.5593705293276109,27.968526466380542,0.8430989583333334,0.0037613748914429447,16.86190570231332,0.6580829756795422,13.161602170808266,0.8756510416666666,0.0019533008606141935,8.756472266259234,0.7296137339055794,7.296105551208931,0.3408752225987188,0.8063622767783526,0.2743682310469314,27.3453670276775,0.4620938628158845,9.242669870147562,0.5523465703971119,5.52393941458038
2019-09-21,263,6885750,1912,841,0.00027767490832516427,0.29236292390564694,0.9409415844978405,0.010295892547052411,0.5800209205020921,0.16105140865524253,579.999862525019,0.17122473246135553,171.21851605370009,0.6814853556485355,0.09461225675283183,340.730306974797,0.31391200951248516,156.9503063825584,0.7766736401673641,0.0431322431670975,155.33360009824355,0.5005945303210464,100.1181790687544,0.8064853556485355,0.022393912108977898,80.64794994999716,0.5624256837098692,56.24215997567794,0.8305439330543933,0.011530976792820006,41.52689511043952,0.6171224732461356,30.855899606106608,0.8645397489539749,0.004801212938005391,17.29076986813317,0.6944114149821641,13.888208130151025,0.8844142259414226,0.002455789258136708,8.84411657124207,0.7395957193816884,7.395935711957357,0.3583307432418453,0.811762049190969,0.2515527950310559,25.071428571428573,0.48757763975155277,9.752389120313648,0.5652173913043478,5.652658662092625
2019-09-22,264,6885750,2106,1144,0.0003058490360527176,0.24239390122754234,0.9341153628819916,0.0161110815130526,0.5227920227920227,0.15988963113563753,522.7730425414131,0.21153846153846154,211.53078151880067,0.6301044634377968,0.09635492303223933,315.04079357513865,0.34615384615384615,173.07063942447328,0.7293447293447294,0.04461355252839176,145.86788666779373,0.5061188811188811,101.22304120550511,0.7635327635327636,0.023352406401580064,76.35272192767327,0.5690559440559441,56.90518119584096,0.7958214624881291,0.012170061358602912,39.79107312440646,0.6267482517482518,31.337412587412587,0.8452041785375118,0.0051700601237328996,16.903960824783386,0.7167832167832168,14.33556023981247,0.8727445394112061,0.0026692730079569895,8.727420044890712,0.7657342657342657,7.657320416278383,0.32459576164903126,0.7881342897892449,0.2050561797752809,20.437265917602996,0.4410112359550562,8.82098117062077,0.5421348314606742,5.421813267292385
2019-09-23,265,6885750,1929,994,0.000280143775187888,0.22755281586360604,0.9355991765622111,0.011992467773374628,0.5163297045101088,0.14464130119082197,516.3109588775026,0.1710261569416499,171.0199477433874,0.6391912908242613,0.08952948010455998,319.5840423172493,0.3440643863179074,172.02594743599556,0.7268014515292898,0.040721484794795086,145.35923479821685,0.4818913480885312,96.37756978421109,0.767236910316226,0.02149350837956374,76.72313391631987,0.5533199195171026,55.33159016838841,0.8019699326075687,0.011233344225393021,40.098496630378435,0.6187122736418511,30.935613682092555,0.833592534992224,0.004670508411562413,16.671826487773917,0.6800804828973843,13.601589904703808,0.8698807672369103,0.0024369168209708455,8.698807672369103,0.7494969818913481,7.49496981891348,0.3151190055011753,0.8006209264176688,0.218562874251497,21.783433133732537,0.44011976047904194,8.803150131983033,0.5359281437125748,5.359741066751575
2019-09-24,266,6885750,1992,785,0.0002892931053262172,0.30571664384273267,0.9603845839002475,0.011639132132538582,0.6345381526104418,0.18356084809758932,634.5151153554095,0.2445859872611465,244.57710743297116,0.7203815261044176,0.10419692128957304,360.17768612935623,0.34777070063694265,173.87903731562793,0.7876506024096386,0.04557204682099393,157.52897660525048,0.4751592356687898,95.03115707706786,0.820281124497992,0.02372999506230213,82.02751681739302,0.5464968152866242,54.64928469981516,0.8529116465863453,0.012337072940493047,42.64558232931727,0.6280254777070063,31.401273885350317,0.8910642570281124,0.005155567431917464,17.82125925919964,0.7235668789808917,14.471316563291998,0.9211847389558233,0.0026649161967361675,9.211820633371518,0.8,7.999976763673489,0.38486592593252855,0.8573351511970758,0.23839009287925697,23.759545923632608,0.5015479876160991,10.031820040465405,0.6099071207430341,6.099594283863224
2019-09-25,267,6885750,2032,920,0.0002951022038267436,0.26184683748722454,0.9601168741672822,0.013313351785540032,0.5531496062992126,0.1632297415045019,553.1295238999134,0.20217391304347826,202.16657300887752,0.6638779527559056,0.0979523671216962,331.9269251516829,0.33260869565217394,166.29831005568954,0.7573818897637795,0.04470068837317378,151.4752780342428,0.4880434782608696,97.60798688416111,0.812007874015748,0.02396235731505417,81.20019777664088,0.5956521739130435,59.56478486917627,0.8572834645669292,0.0126492201341892,42.86386197785103,0.6891304347826087,34.45627153928627,0.8961614173228346,0.005289176503392509,17.92320231704477,0.775,15.499977489776,0.9178149606299213,0.002708492175870457,9.178149606299213,0.8217391304347826,8.217391304347826,0.40701772006000936,0.8511312349721898,0.2626582278481013,26.178270042194093,0.5126582278481012,10.254043902121285,0.6329113924050633,6.329656729704497
2019-09-26,268,6885750,2456,1293,0.000356678647932324,0.2690193062697927,0.9549111391164875,0.015322030100746504,0.48941368078175895,0.1745570723206506,489.3959123501303,0.16550657385924208,165.5005650524653,0.5948697068403909,0.10608480975893117,297.42405488500015,0.27842227378190254,139.20608275441006,0.7019543973941368,0.05007406546806471,140.38986005567045,0.448569218870843,89.71319233320476,0.7666938110749185,0.027346132620755758,76.66882438655088,0.5622583139984532,56.225423126068854,0.8110749185667753,0.014464550233814516,40.553451454596214,0.6442382057231245,32.21167638515499,0.8570846905537459,0.006114049533967103,17.14161912805944,0.7308584686774942,14.617105689394828,0.8916938110749185,0.003180476810112464,8.916925160925041,0.7965970610982211,7.96595904222203,0.37884532118892716,0.8451212517728283,0.2530487804878049,25.220528455284555,0.49390243902439024,9.8788959544827,0.6036585365853658,6.0371030832949835
2019-09-27,269,6885750,2889,1535,0.0004195621392005228,0.29558444794204103,0.9424751928530642,0.018841171158386398,0.5261336102457598,0.22073772872494918,526.1145086769882,0.20912052117263843,209.11292893762635,0.6092073381793008,0.12779552715654952,304.59261028667737,0.30293159609120524,151.4602989968789,0.6985115957078574,0.0586133782567022,139.70130471827179,0.4495114006514658,89.90162732103258,0.7545863620629976,0.03165935693746551,75.45808827696543,0.5485342019543974,54.853021887180745,0.7850467289719626,0.016468794248992485,39.252336448598136,0.6019543973941368,30.097719869706836,0.8151609553478713,0.006840203550515847,16.303195430240393,0.6566775244299674,13.133531415104935,0.8438906195915542,0.003540630110169073,8.438869429247731,0.7100977198697068,7.100946261124859,0.38989216175929914,0.8203807977533855,0.24128686327077747,24.04825737265416,0.48257372654155495,9.652302273072166,0.579088471849866,5.7913813638433
2019-09-28,270,6885750,3418,2024,0.0004963874668699851,0.2692054409705688,0.9209214625889662,0.019074232598783422,0.46284376828554713,0.22974150450188788,462.8269644891382,0.17588932806324112,175.88294230488853,0.5412521942656524,0.13433052570432763,270.6162719042054,0.2509881422924901,125.48951501528563,0.6249268578115857,0.062040721484794795,124.98446400348911,0.375,74.99945540097012,0.68724400234055,0.03411368323215894,68.72390120416571,0.47579051383399207,47.57870589666286,0.7255705090696314,0.018008205351631994,36.27852545348157,0.5390316205533597,26.95158102766798,0.7688706846108836,0.0076331443442699135,15.377391360022399,0.6116600790513834,12.233183815085228,0.8060269163253364,0.004001010781671159,8.060257457545989,0.6729249011857708,6.729239239154314,0.40030055603668063,0.8113235297422288,0.23037974683544304,22.961181434599155,0.4759493670886076,9.519803721475563,0.5721518987341773,5.722009683652864
2019-09-29,271,6885750,3424,2052,0.0004972588316450641,0.24251287280174394,0.9169599258420201,0.025436971667291416,0.4617406542056075,0.22959628231193727,461.7238904583592,0.20029239766081872,200.285125935664,0.5762266355140186,0.14326169038629102,288.1028576452697,0.32699805068226123,163.4930894195019,0.6696845794392523,0.06660083069505358,133.93594332899102,0.45565302144249514,91.12994255998318,0.7155373831775701,0.035580469952656193,71.55321874313738,0.5287524366471735,52.87485972063195,0.7567172897196262,0.018814217768580038,37.835864485981304,0.5955165692007798,29.775828460038984,0.798481308411215,0.007941026117668929,15.969602975975123,0.6652046783625731,13.304074246082024,0.8335280373831776,0.004144779741408732,8.335256163669735,0.7236842105263158,7.2368210855599004,0.3928150174624899,0.7999855944389853,0.21770334928229665,21.69776714513557,0.44976076555023925,8.995986770293895,0.5502392344497608,5.5028642477861585
2019-09-30,272,6885750,3597,1901,0.000522383182659841,0.2572261690040939,0.9300565030488552,0.024672288112750514,0.4745621351125938,0.24789427824571594,474.5449058744616,0.19095213045765386,190.94519783601365,0.5954962468723937,0.15553296543711878,297.73731352756204,0.3114150447133088,155.70186930980725,0.7203224909646928,0.0752563246100671,144.06345209445914,0.49132035770647026,98.26335801438692,0.7745343341673617,0.04046007726044904,77.45287100254016,0.583903208837454,58.389896892917285,0.8101195440644982,0.021159641288167594,40.50597720322491,0.6475539189900053,32.377695949500264,0.8412566027244927,0.008789153267032251,16.82510761981299,0.7033140452393477,14.066260476713792,0.8654434250764526,0.004520878383579031,8.654333703010652,0.7469752761704366,7.469665977653506,0.41619900920932146,0.8223163874656516,0.22670025188916876,22.594458438287155,0.48866498740554154,9.77413793848374,0.5894206549118388,5.894712055683493
2019-10-01,273,6885750,3831,2148,0.0005563664088879207,0.21601242108859478,0.93045057870977,0.02323937453379591,0.42417123466457846,0.23598605866976474,424.15583489567547,0.17225325884543763,172.2470050965687,0.5544244322631167,0.15422596572756317,277.20215179028145,0.2811918063314711,140.59079875449663,0.681023231532237,0.07577693871623584,136.19970132219288,0.4436685288640596,88.73048424704324,0.7504567997911772,0.041752592291382264,75.04513504839088,0.5595903165735568,55.958625320897625,0.782041242495432,0.021755073884471555,39.10206212477161,0.6145251396648045,30.726256983240226,0.8112764291307752,0.00902727351941677,16.225410763853834,0.6662011173184358,13.323925596373462,0.8418167580266249,0.00468357886420671,8.418155354792837,0.7202048417132216,7.202037957795241,0.4320242298543883,0.8470087393212006,0.24324324324324326,24.243243243243246,0.5027027027027027,10.054916322840851,0.6378378378378379,6.378925409114088
2019-10-02,274,6885750,4428,2877,0.0006430672040082779,0.1736248633493117,0.9317449745298216,0.024933716793905263,0.3498193315266486,0.2249491722335173,349.8066311442958,0.15154675008689608,151.54124809916416,0.4672538392050587,0.150232355503921,233.61843764930535,0.2502606882168926,125.12580118279612,0.6009485094850948,0.07728949432164745,120.1888291610849,0.39659367396593675,79.31815883444041,0.6754742547425474,0.04343721862383456,67.54693499075628,0.5029544664581161,50.29508143445892,0.7111562782294489,0.02286573189947501,35.557297521863156,0.556830031282586,27.8410972349388,0.763550135501355,0.009820266753415744,15.270980532369572,0.6367744177963156,12.735469860526594,0.830397470641373,0.005340013796608939,8.303974706413731,0.7393117831074035,7.3931178310740355,0.45798017179819284,0.8585564567669661,0.25588235294117645,25.50294117647059,0.5558823529411765,11.118600544849157,0.6794117647058824,6.794700332963375
2019-10-03,275,6885750,4180,2547,0.000607050793305014,0.2404716926053484,0.9574134770993933,0.02392851652967021,0.4047846889952153,0.24571594539645658,404.76999306546674,0.14958775029446408,149.5823194292922,0.5287081339712919,0.16047051989544003,264.3444694665135,0.27875932469572046,139.37460209291004,0.6351674641148325,0.07711522263208342,127.0325703920738,0.41185708676874755,82.37081922849642,0.6921052631578948,0.04201399982572831,69.21002375598295,0.49705535924617195,49.705174996795265,0.7557416267942584,0.022938677703953816,37.78708133971292,0.6007067137809188,30.035335689045933,0.8490430622009569,0.010308200378170665,16.980787261719776,0.7538280329799765,15.07649497396627,0.9059808612440191,0.005499756018217307,9.059795455129144,0.8472712995681193,8.472700690992975,0.4990224701671132,0.8687870229967132,0.29393939393939394,29.295959595959598,0.5787878787878787,11.576750350849837,0.6848484848484848,6.849072197099641
2019-10-04,276,6885750,3696,1598,0.0005367607014486439,0.3114362695982413,0.9713119172278546,0.02688152509246395,0.5194805194805194,0.27882660470519893,519.4616594558505,0.17083854818523153,170.83234579820765,0.6904761904761905,0.1853035143769968,345.22556118003405,0.38986232790988734,194.9240868723139,0.8346861471861472,0.0896046937175056,166.93601725252006,0.6332916145181476,126.6574031969658,0.8793290043290043,0.04719858259025821,87.93226192393682,0.723404255319149,72.33990024490735,0.9001623376623377,0.024158588389064373,45.008116883116884,0.7703379224030038,38.51689612015019,0.9191017316017316,0.009866739473928804,18.38200793631095,0.8128911138923655,16.257798667058847,0.9331709956709957,0.0050088806335384425,9.331682852377526,0.8454317897371715,8.454293341460328,0.5060620547318283,0.8698208740997725,0.27696793002915454,27.6044703595724,0.5801749271137027,11.604493696522962,0.7084548104956269,7.085155699133366
2019-10-05,277,6885750,3478,1493,0.0005051011146207748,0.27158390903366675,0.9536672825064425,0.009772790521895093,0.46233467510063253,0.23351728144060413,462.3178897871305,0.10381781647689216,103.814047314226,0.581943645773433,0.14696485623003194,290.9612589953831,0.18888144675150703,94.43729465358624,0.7041403105232893,0.07113189462371838,140.82703950697783,0.3375753516409913,67.51458007964088,0.7676825761932144,0.038775450927996745,76.76770018040644,0.4675150703281983,46.75116755514815,0.8159861989649224,0.02060777693061758,40.79930994824612,0.5760214333556597,28.80107166778299,0.8645773433007475,0.008733941543296474,17.291471530118947,0.6865371734762223,13.730683647354107,0.8936170212765957,0.004513669534909052,8.936170212765958,0.753516409912927,7.535164099129269,0.5078246711516743,0.8842904227988768,0.29376854599406527,29.278931750741837,0.5964391691394659,11.929806434537413,0.7151335311572701,7.151948633640588
2019-10-06,278,6885750,3716,1715,0.0005396652506989072,0.3182972399600543,0.9581059879478837,0.015323124239149586,0.4981162540365985,0.26880627359860587,498.09816965328315,0.14810495626822157,148.09957923669862,0.5955328310010765,0.16068835318036595,297.7556049278,0.22040816326530613,110.20008061313402,0.7136706135629709,0.0770280867873014,142.73308627439735,0.3965014577259475,79.2997157203649,0.7812163616792249,0.04215922623369833,78.12106890169221,0.5311953352769679,53.11914780974443,0.8350376749192681,0.022532040808916968,41.751883745963404,0.6448979591836734,32.244897959183675,0.8783638320775027,0.009480434984664003,17.567251129077004,0.7376093294460642,14.752165164726149,0.9076964477933261,0.004898515196579608,9.07695129570722,0.8011661807580175,8.011650172463924,0.5524905903865797,0.887693808348054,0.27887323943661974,27.7943661971831,0.6197183098591549,12.395429178846666,0.7380281690140845,7.3809146474041505
2019-10-07,279,6885750,4079,1936,0.0005923828195911847,0.3300477282136384,0.9567997177300908,0.01637794648572406,0.47168423633243445,0.27940749346500143,471.66711157799307,0.13016528925619836,130.160563534108,0.5771022309389556,0.17092651757188498,288.54063946325255,0.2071280991735537,103.56028963725657,0.7004167688158862,0.08298236951407244,140.0823365730631,0.3822314049586777,76.44572589079598,0.7720029418975239,0.045731795869760956,77.19973361368142,0.5242768595041323,52.427305256187786,0.8288796273596469,0.024550702537849908,41.44398136798235,0.6420454545454546,32.10227272727273,0.8828144152978671,0.010459266660470303,17.656262664215102,0.7546487603305785,15.092953287498492,0.9092914930129934,0.005386486584613151,9.092914930129934,0.8104338842975206,8.104338842975206,0.5166357814665143,0.8743042752287196,0.25842696629213485,25.756554307116104,0.6348314606741573,12.697718118218436,0.7134831460674157,7.135443367317439
2019-10-08,280,6885750,4047,1749,0.0005877355407907636,0.2894797208262046,0.9640919927931795,0.01735607026985444,0.4936990363232024,0.29015393552134766,493.6811123093945,0.14408233276157806,144.07710177360383,0.634791203360514,0.1865379029915771,317.38407845916777,0.27329902801600914,136.6445528725846,0.748702742772424,0.08800720322983531,149.73946124038508,0.4425385934819897,88.50707601349475,0.7998517420311342,0.04700978825989718,79.9845934051364,0.544882790165809,54.487883359729004,0.8453175191499877,0.02484115746287623,42.26587595749938,0.6455117209834191,32.275586049170954,0.892018779342723,0.010485377110508905,17.8402978598188,0.7524299599771298,15.048533635731964,0.916234247590808,0.005385018668936081,9.162315863510408,0.8073184676958262,8.07316122806387,0.5486485954214739,0.8576133204175347,0.271505376344086,27.06003584229391,0.6397849462365591,12.796796326011178,0.7043010752688172,7.043614784485144
2019-10-09,281,6885750,3934,1727,0.0005713248375267763,0.26623021779725425,0.9643917404261145,0.02328666961926623,0.45170310116929335,0.25805983154225964,451.6867018409035,0.15055008685581933,150.54462105249172,0.6248093543467209,0.17847807144931746,312.39333515051794,0.3126809496236248,156.33479878527987,0.784443314692425,0.0896337389990996,156.8875237196365,0.5356108859293572,107.12139933742111,0.8540925266903915,0.04879607307792849,85.40863248509052,0.6786334684423856,67.8628540667338,0.8998474834773768,0.02570526086482954,44.99237417386883,0.7770700636942676,38.853503184713375,0.923741738688358,0.010555085988805916,18.474754282516606,0.8297625940938043,16.595179579601478,0.9354346720894764,0.0053443550975417415,9.354319550812924,0.855819339895773,8.55816854133571,0.5464370881529798,0.8654388642519735,0.2638522427440633,26.297273526824977,0.6279683377308707,12.560443887272184,0.7044854881266491,7.045459071222003
2019-10-10,282,6885750,4086,1915,0.0005933994118287768,0.2777635852524291,0.9611626865570887,0.023890673761911785,0.4520313264806657,0.26822538483880337,452.01491523587623,0.1514360313315927,151.43053336356584,0.5859030837004405,0.17383096137089749,292.9409060841061,0.27780678851174934,138.8983512920983,0.7616250611845325,0.09038891632054373,152.32390615618797,0.5169712793733682,103.39350509585437,0.8436123348017621,0.05005954282726771,84.36062090623071,0.6736292428198434,67.36243513820814,0.8759177679882526,0.025988454416730204,43.79588839941263,0.7378590078328982,36.8929503916449,0.9096916299559471,0.01079619388418998,18.1938061767159,0.8088772845953003,16.17752219770102,0.9297601566324033,0.005517191300874995,9.297601566324033,0.8506527415143603,8.506527415143603,0.5142811781059009,0.8559792701665739,0.26861702127659576,26.772163120567374,0.6037234042553191,12.075503631254334,0.7021276595744681,7.021878763548775
2019-10-11,283,6885750,4210,2085,0.0006114076171804088,0.27438035966008845,0.9655951300728364,0.021341760399485175,0.4187648456057007,0.2560267208829509,418.7496421187124,0.12278177458033573,122.77731692078808,0.5584323040380047,0.17070868428695904,279.20601492373595,0.25323741007194245,126.6141080745627,0.7114014251781473,0.08699061837404513,142.27925189289343,0.4546762589928058,90.93459148856232,0.7978622327790974,0.04878155043713149,79.78564392457913,0.6033573141486811,60.33529329779082,0.8441805225653206,0.02580692008858875,42.20902612826603,0.6906474820143885,34.53237410071942,0.896437054631829,0.010961752951017752,17.928715055218643,0.7952038369304556,15.90405364155557,0.9311163895486936,0.00569288345999515,9.311109806332922,0.8642685851318945,8.642635645397176,0.521448493297795,0.8636545384999723,0.25888324873096447,25.80203045685279,0.5964467005076142,11.929957074818677,0.6751269035532995,6.751848046599507
2019-10-12,284,6885750,3952,1754,0.0005739389318520132,0.29207948997787003,0.9467110596419516,0.015687139231204534,0.48304655870445345,0.2772291606157421,483.0290214346777,0.13112884834663627,131.1240876420056,0.6169028340080972,0.1770258495498112,308.44021850648096,0.26738882554161914,133.6895589219579,0.7279858299595142,0.08356327514595253,145.59610876423145,0.41562143671607754,83.12368375113222,0.7894736842105263,0.045310639286647886,78.94679515891592,0.5342075256556442,53.42036466036412,0.8155364372469636,0.023403405583995934,40.77682186234818,0.5889395667046751,29.44697833523375,0.8524797570850202,0.00978541221303095,17.049570381041974,0.6704675028506272,13.409330582981998,0.8714574898785425,0.005001590226857843,8.714498963711131,0.7120866590649944,7.120804542467457,0.496254029505019,0.8454186051095589,0.25839793281653745,25.753660637381564,0.5633074935400517,11.267116092916883,0.648578811369509,6.486344356243435
2019-10-13,285,6885750,3717,1563,0.0005398104781614203,0.3048821671768363,0.963293693831777,0.018069628222768853,0.5049771320957762,0.2725820505373221,504.95879862452665,0.15866922584772872,158.66346527461488,0.6368038740920097,0.17187046180656404,318.39037728935926,0.29558541266794625,147.78734063885497,0.7621737960721011,0.08228528275581631,152.4336523367937,0.46449136276391556,92.89759798866164,0.8283562012375572,0.04471521101397078,82.83501862777759,0.600127959053103,60.012360133171214,0.8705945655098197,0.02349780343462949,43.52972827549099,0.6980166346769033,34.900831733845166,0.9055690072639225,0.009776670181155947,18.111301237528803,0.780550223928343,15.610936464466153,0.9217110573042776,0.004975478414178806,9.21708380156893,0.818937939859245,8.189355612205746,0.4796985815375243,0.8402180187434514,0.2602739726027397,25.940639269406397,0.547945205479452,10.959843981296554,0.6493150684931507,6.493707558918208
2019-10-14,286,6885750,3493,1414,0.0005072795265584722,0.2819604016341243,0.9566770509115013,0.012729616946094093,0.49212711136558834,0.24963694452512344,492.1092444213767,0.13366336633663367,133.65851361493978,0.6269682221586029,0.15901829799593378,313.47272986702006,0.26025459688826025,130.122574101317,0.751503006012024,0.07624386418426327,150.2995098215834,0.4377652050919378,87.55240526770486,0.7998854852562267,0.04057625838682506,79.98796770314362,0.5198019801980198,51.97982057492978,0.8259375894646436,0.020949061467523507,41.296879473232174,0.5763790664780764,28.818953323903816,0.8645863154881192,0.008771675041389527,17.291600748997404,0.6697312588401697,13.394527914138369,0.896364156885199,0.004547065247699601,8.963628551201698,0.7475247524752475,7.475236668655944,0.4587171743938399,0.8498306326332142,0.26285714285714284,26.198095238095235,0.5742857142857143,11.486699338397452,0.6514285714285715,6.5148444008821365
2019-10-15,287,6885750,3774,1785,0.0005480884435246705,0.2535254543731959,0.9299827155459902,0.013218863268508178,0.45151033386327505,0.24745861167586408,451.49394153340785,0.13277310924369748,132.76828884327475,0.5773714891361951,0.15821957595120534,288.6752636740891,0.2330532212885154,116.52238008186139,0.6915739268680445,0.07580818496035319,138.31378102563644,0.3803921568627451,76.07787894268341,0.7371489136195019,0.04040198669726103,73.71435609450586,0.461624649859944,46.162129785545744,0.7702702702702703,0.021108811676287986,38.513513513513516,0.5254901960784314,26.274509803921564,0.8171701112877583,0.008957616878892091,16.343378490681296,0.6218487394957983,12.436956728039297,0.8534711181770005,0.0046777765675489235,8.534711181770005,0.6969187675070028,6.969187675070027,0.45921092764235044,0.836795745747043,0.2601626016260163,25.929539295392953,0.5528455284552846,11.057858846169937,0.6395663956639567,6.396212469843395
2019-10-16,288,6885750,4146,2200,0.0006021130595795665,0.24520746113108288,0.9163015409274193,0.015983040511153557,0.43945972021225277,0.26459483009003776,439.4437653865117,0.12681818181818183,126.81357761465952,0.5552339604438012,0.16715074063316876,277.6069011854418,0.24454545454545454,122.26828809442083,0.6519536903039074,0.07850939614859566,130.38979125185543,0.3654545454545455,73.09037835439996,0.7023637240713941,0.04228993000087136,70.23586239833574,0.45,44.99967324058207,0.7460202604920405,0.022459427077660386,37.30101302460203,0.5290909090909091,26.454545454545453,0.7954655089242644,0.009579161692647746,15.909240864724847,0.62,12.39994597561932,0.841534008683068,0.005066978808439446,8.41532786546356,0.7063636363636364,7.0636261053114096,0.46226349098556274,0.8300927311156697,0.25405405405405407,25.320720720720722,0.5432432432432432,10.86579667145705,0.6351351351351351,6.351896064160215
2019-10-17,289,6885750,4651,2338,0.0006754529281487129,0.2879426965747776,0.9265533448305725,0.02332040496073188,0.4345302085572995,0.29349404589021205,434.51443270017796,0.1223267750213858,122.32233388084626,0.5882605891206192,0.19866395585245425,294.1196159989329,0.27502138579982893,137.50570049892332,0.7224252848849709,0.09759214615585698,144.4840078247027,0.46706586826347307,93.41249534971129,0.7794022790797678,0.05264457288913416,77.93966195901001,0.5705731394354149,57.05689963210387,0.8112233928187487,0.02739716080310787,40.561169640937436,0.6308810949529512,31.544054747647564,0.8378843259514083,0.01131897911347734,16.757613509057535,0.6817792985457656,13.635526563327629,0.8552999354977424,0.005777148458773554,8.552999354977423,0.7155688622754491,7.155688622754491,0.47766939553004045,0.8215745653780906,0.22985781990521326,22.90916271721959,0.5616113744075829,11.233190800972254,0.6303317535545023,6.303858128815653
2019-10-18,290,6885750,5512,3040,0.0008004937733725447,0.274411645138557,0.9176606233177648,0.022920318877096328,0.4085631349782293,0.3270403717688063,408.5483018699307,0.13256578947368422,132.56097660011923,0.5230406386066764,0.20933778681382514,261.5108246649667,0.2305921052631579,115.29186674526498,0.6433236574746009,0.10299456853234192,128.6637972190808,0.37664473684210525,75.32840038079893,0.7109941944847605,0.056914229283452904,71.09890317281129,0.48651315789473687,48.65096251668193,0.75,0.03001851650147043,37.50000000000001,0.5529605263157895,27.648026315789473,0.7913642960812772,0.012669625429872666,15.827262936093199,0.6276315789473684,12.552613349105522,0.8194847605224964,0.006559876848006041,8.194788099810886,0.6786184210526316,6.786134933868479,0.45258845188533436,0.7974589390438219,0.19678714859437751,19.613119143239626,0.5100401606425703,10.201678067329352,0.5642570281124498,5.6430542065345435
2019-10-19,291,6885750,6051,3394,0.0008787713756671387,0.27058375626477865,0.9072243129117027,0.02353342833527983,0.3630804825648653,0.31905315132152196,363.0673007291637,0.11667648791985857,116.6722519160857,0.49495951082465706,0.21747022945106012,247.47077052431618,0.2147908073070124,107.39150460457888,0.6375805651958354,0.1120566963896715,127.51518710381434,0.37684148497348263,75.36774972134415,0.7053379606676582,0.06198263092160679,70.53328389827367,0.48114319387153803,48.113970013664975,0.7385556106428689,0.03245084086090215,36.927512387697405,0.5368296994696523,26.84129006886025,0.7760700710626343,0.013639743470582768,15.521378879947992,0.6028285209192693,12.05655290895953,0.8015204098496116,0.00704353193188832,8.015204098496117,0.6479080730701238,6.479080730701237,0.43638686640809077,0.7936366761697132,0.1865671641791045,18.59452736318408,0.47761194029850745,9.553058037428638,0.5410447761194029,5.410911779012315
2019-10-20,292,6885750,5951,3151,0.0008642486294158225,0.261979134252904,0.8984204119977449,0.016619100352800106,0.3854814316921526,0.3331397037467325,385.46743657772873,0.11424944462075531,114.2452967321182,0.49722735674676527,0.21485623003194887,248.60465231767637,0.1875595049190733,93.77634773428035,0.6212401277096287,0.10738040605303668,124.24712333720339,0.31767692795937796,63.53492424108417,0.6805578894303479,0.05881669522786023,68.0552947681463,0.4027292922881625,40.272636794173735,0.7020668795160477,0.030338016918999382,35.10334397580239,0.43986036178990795,21.993018089495397,0.7413880020164678,0.012814741018498886,14.827609304004152,0.5134877816566169,10.269651232655079,0.78709460594858,0.0068024345861101955,7.870923198001727,0.5994922246905744,5.994904834409402,0.42886485584101647,0.7831502295533168,0.18714555765595464,18.652173913043477,0.4669187145557656,9.339175180848683,0.5482041587901701,5.482511745842345
2019-10-21,293,6885750,5129,2457,0.000744871655230004,0.23008355505116368,0.9348539262137415,0.010051105138177132,0.37687658412945996,0.28071449317455704,376.8629014187378,0.050061050061050064,50.05923256721979,0.5254435562487815,0.19568690095846644,262.712239866399,0.16605616605616605,83.02506864807184,0.6469097289920063,0.09637224432890877,129.38100631463902,0.2979242979242979,59.58442692010323,0.6979918112692532,0.051991054053269044,69.79867429270762,0.37810337810337813,37.81006325736059,0.7241177617469292,0.026968739788694043,36.205888087346466,0.42735042735042733,21.367521367521366,0.7519984402417625,0.011202830188679245,15.039946962701913,0.48392348392348394,9.678455622694166,0.8071748878923767,0.00601239948473446,8.07172543419971,0.5991045991045991,5.991028589808392,0.48926361249098405,0.8379377641394957,0.20445344129554655,20.37719298245614,0.5222672064777328,10.446239956666966,0.6255060728744939,6.255597183352894
2019-10-22,294,6885750,4236,2025,0.000615183531205751,0.19326474946476188,0.9312191589374818,0.00900686653435067,0.36520302171860247,0.22465872785361604,365.18976282295483,0.054814814814814816,54.81282473295253,0.4997639282341832,0.15371768806273597,249.87289201557704,0.15358024691358024,76.78733554931638,0.653918791312559,0.080455430015394,130.78280859974015,0.31851851851851853,63.70324113070054,0.7150613786591123,0.04398907897412065,71.50561863693373,0.41333333333333333,41.33303319875686,0.7360717658168083,0.02264079700252694,36.80332104819403,0.4523456790123457,22.617119719271972,0.7686496694995278,0.009457198624407474,15.37297106421477,0.5185185185185185,10.3703553097665,0.8045325779036827,0.0049493231713427215,8.0452790432184,0.5935802469135802,5.935767987674885,0.48757368537221196,0.8505821011344298,0.20430107526881722,20.36200716845878,0.546236559139785,10.925668123720467,0.6537634408602151,6.538195097659491
2019-10-23,295,6885750,3606,1748,0.0005236902298224594,0.2010160954282931,0.9048644844504351,0.005432173647663203,0.39267886855241263,0.20563462097008423,392.664612131103,0.041762013729977114,41.760497537204465,0.514420410427066,0.13469358117920419,257.2008670562133,0.13386727688787187,66.93120838154688,0.6383804769828064,0.06686223822939963,127.67516829952538,0.272883295194508,54.57626274029404,0.675263449805879,0.035362630340701154,67.52585465016168,0.3352402745995423,33.5237840312498,0.6919023849140322,0.018117125948516864,34.59511924570161,0.36613272311212813,18.306636155606405,0.7165834719911259,0.007505344362859002,14.331648626332884,0.4170480549199085,8.340948985049609,0.7603993344425957,0.003982108106538093,7.603938129393976,0.5074370709382151,5.074333862750609,0.43838089276083186,0.8401990628313439,0.22596153846153846,22.520833333333336,0.5096153846153846,10.193181818181818,0.6009615384615384,6.010130789022298
2019-10-24,296,6885750,3217,1489,0.0004671967469048397,0.19498348922148384,0.8956947779418157,0.007440408506773815,0.4239975132110662,0.19808306709265175,423.98211974921566,0.07656145063801209,76.55867103263022,0.541498290332608,0.1264885274469939,270.7393154703569,0.17394224311618536,86.9679640239089,0.671433012123096,0.06273780824305092,134.28562732657377,0.3297515110812626,65.94982332997775,0.7236555797326701,0.03380870777542188,72.36503250376475,0.4137004701141706,41.3697466102508,0.756294684488654,0.017666792529553575,37.81445963953172,0.47817327065144394,23.908489924105986,0.7873795461610196,0.007357212566223627,15.747568053426901,0.5433176628609805,10.866337476313426,0.8159776188995959,0.003812209818219313,8.159752488592986,0.6051040967092008,6.051023391596552,0.44823307183386635,0.8333536326394866,0.24050632911392406,23.970464135021096,0.5518987341772152,11.038921336604643,0.6379746835443038,6.380293983542132
2019-10-25,297,6885750,3123,1705,0.00045354536542860255,0.17512690266962289,0.8898388376470446,0.009007110462705761,0.39225104066602623,0.17789718268951496,392.23679977724225,0.0750733137829912,75.0705882052326,0.5004803073967339,0.11349114144641301,250.23106859258354,0.17947214076246334,89.73281246406708,0.632724943964137,0.05739347642975399,126.54406990911896,0.3501466275659824,70.02881700782663,0.6845981428113993,0.031049406023991404,68.45931717249401,0.4281524926686217,42.8149383716193,0.7137367915465899,0.01618560069709182,35.68683957732949,0.4780058651026393,23.900293255131963,0.7431956452129362,0.0067414490194255975,14.863891317806535,0.5313782991202346,10.627550548282704,0.7838616714697406,0.0035551527931476173,7.838582563373745,0.6058651026392962,6.058624630032521,0.4072779993714619,0.8190057499333984,0.23,22.923333333333336,0.5075,10.150870497427102,0.6125,6.120276349614397
2019-10-26,298,6885750,3156,1548,0.0004583378716915369,0.23029766993451364,0.9204548840450251,0.007413967170038139,0.44961977186311786,0.20607028753993611,449.6034481711391,0.08397932816537468,83.976279249888,0.5427756653992395,0.12438280569270985,271.3779798157721,0.17635658914728683,88.17509321238238,0.6489226869455006,0.059484736704522354,129.78359498199137,0.3145994832041344,62.919439759297916,0.6961343472750317,0.03190624183101455,69.61292924204956,0.38824289405684753,38.824007490080135,0.723384030418251,0.016577714845877355,36.169201520912544,0.43992248062015504,21.99612403100775,0.7696451204055766,0.007055139882888744,15.392880053422424,0.5335917312661499,10.671819126910874,0.8209759188846641,0.0037628216951141407,8.20971149782389,0.6382428940568475,6.382391864625465,0.404608333643051,0.8414713344795509,0.24661246612466126,24.579042457091237,0.5149051490514905,10.298986180256314,0.6260162601626016,6.260699493787391
2019-10-27,299,6885750,3262,1636,0.00047373198271793195,0.2266230064730166,0.9237592810577885,0.009271185176874823,0.44236664622930716,0.2095556200987511,442.35058586602554,0.09046454767726161,90.46126331232996,0.5481299816063765,0.12982863781585827,274.05504072364994,0.1876528117359413,93.82299944893683,0.6686082158185163,0.06334775915652502,133.720672168008,0.35146699266503667,70.29288811011868,0.7222562844880441,0.034215341717737956,72.22510399537526,0.4517114914425428,45.17082114206758,0.7510729613733905,0.017790234976328097,37.55337537959877,0.508557457212714,25.427688220703804,0.7805027590435316,0.007394971651640487,15.61003251081652,0.5647921760391198,11.295827116139305,0.8252605763335377,0.0039095062578240955,8.252569808342203,0.6540342298288508,6.540313803293178,0.3971338773244609,0.8265229657057216,0.27358490566037735,27.267295597484278,0.559748427672956,11.19592867083077,0.6320754716981132,6.321296805721869
2019-10-28,300,6885750,2648,1230,0.00038456232073485097,0.213773289083724,0.9526624967502951,0.009829440518647389,0.46676737160120846,0.17949462677897182,466.75042535623305,0.0959349593495935,95.9314763783711,0.5887462235649547,0.11320069706651176,294.3624244054884,0.2138211382113821,106.90668765894745,0.7265861027190332,0.055883121786865726,145.31616534890887,0.4292682926829268,85.85303512566334,0.7994712990936556,0.03074443056725435,79.94654938764035,0.5707317073170731,57.072756305128465,0.8217522658610272,0.01580074792143194,41.087613293051355,0.616260162601626,30.813008130081297,0.8455438066465257,0.0065032763267961705,16.910851573729882,0.667479674796748,13.349574108687225,0.877643504531722,0.0033750862288058673,8.776435045317221,0.7365853658536585,7.365853658536586,0.4389212464651396,0.8629724794669518,0.3068181818181818,30.57954545454545,0.6136363636363636,12.273779822236083,0.7083333333333334,7.083940823327615
2019-10-29,301,6885750,2497,1148,0.0003626329738953636,0.2084328081916094,0.9484608403191646,0.011883058559995082,0.513015618742491,0.18602962532674994,512.9969934295829,0.13501742160278746,135.0125197213758,0.6495794953944733,0.11777519604995643,324.77795602762814,0.2961672473867596,148.07824743634765,0.7541049259110933,0.054692265241511516,150.81989002272243,0.4738675958188153,94.77283098287513,0.7969563476171405,0.02890005518603503,79.6950560661757,0.563588850174216,56.358475777500196,0.828994793752503,0.015030933224897616,41.44943870778485,0.6306620209059234,31.532872073346322,0.8582298758510212,0.006224440003717817,17.164572589347202,0.6942508710801394,13.884997256773602,0.8798558269923908,0.0031906427177246957,8.798545492019553,0.740418118466899,7.404170431780151,0.452248654841743,0.8289160195538274,0.3155893536121673,31.453738910012678,0.5741444866920152,11.483874544280601,0.6806083650190115,6.8066673623385014
2019-10-30,302,6885750,2217,1116,0.00032196928439167847,0.1447631058929344,0.9277639981101894,0.008095918577688065,0.4420387911592242,0.14231774615161197,442.02274269890034,0.12634408602150538,126.33949903029054,0.5769057284618855,0.09286959047342434,288.4423917917824,0.2446236559139785,122.30738735911105,0.6765899864682002,0.04356792239100758,135.31701470630603,0.3718637992831541,74.37221981219258,0.7338746053225079,0.02362833657672311,73.38692764238662,0.478494623655914,47.84911491531427,0.7532701849345963,0.012126493119848963,37.66350924672981,0.5152329749103942,25.76164874551971,0.7952187640956248,0.00512071289153267,15.904352184425386,0.5967741935483871,11.93546653739255,0.8349120433017592,0.0026881486193285294,8.349084057528833,0.6747311827956989,6.747282431235798,0.41735095190404564,0.8144908098336243,0.2962962962962963,29.530864197530864,0.5518518518518518,11.037983609681723,0.6407407407407407,6.407956927768248
2019-10-31,303,6885750,2702,1351,0.0003924046037105617,0.24490151065182256,0.9192741407977145,0.006979176126869741,0.45706883789785346,0.1793494045890212,457.052243763454,0.07994078460399703,79.9378823100454,0.5655070318282753,0.11094975312227709,282.74325039293836,0.2005921539600296,100.29243567602919,0.655440414507772,0.05143919370298295,131.08713102898403,0.32420429311621024,64.84038779299267,0.6972612879348631,0.02736065526155276,69.72562248972498,0.4011843079200592,40.11813947922605,0.7179866765358993,0.01408706386377664,35.899333826794965,0.44189489267209475,22.094744633604734,0.7546262028127313,0.00592235011865032,15.09245830107196,0.5136935603256847,10.273826445261346,0.8238341968911918,0.003232763315542969,8.238341968911916,0.6521095484826055,6.521095484826054,0.4209266628573274,0.8209448429848207,0.30604982206405695,30.502965599051013,0.5195729537366548,10.392350280485646,0.6227758007117438,6.2282921201540695
2019-11-01,304,6885750,2887,1392,0.0004192716842754965,0.2571858753671,0.9327431498868588,0.01355466462919637,0.5181849670938691,0.21725239616613418,518.1661541049389,0.16738505747126436,167.37898046511162,0.6421891236577763,0.13462097008422888,321.08290431502564,0.3045977011494253,152.2933212815608,0.7287842050571528,0.061111272473786636,145.7557826243077,0.44396551724137934,88.79245869310255,0.7575337720817458,0.03176101542304453,75.7528271386314,0.5007183908045977,50.07147549279327,0.7724281260824385,0.016192744488657818,38.621125861716514,0.5316091954022989,26.580266760880214,0.7925181849670939,0.006645599033367413,15.850340680294307,0.5704022988505747,11.40802940941986,0.8455143747835123,0.0035449869150626363,8.455106910423467,0.680316091954023,6.803131279495444,0.43816760280943146,0.8357760016124924,0.3346456692913386,33.35301837270341,0.5511811023622047,11.024567469375077,0.6338582677165354,6.339126294890669
2019-11-02,305,6885750,2929,1425,0.0004253712377010493,0.22722503207434985,0.9561567751369953,0.01848103676872403,0.4912939569819051,0.2089747313389486,491.27612028581945,0.16210526315789472,162.09937783756516,0.6377603277569136,0.13563752541388324,318.86858675952425,0.3263157894736842,163.15197120014676,0.7712529873677023,0.06561329112085741,154.24947741053052,0.5368421052631579,107.36764141612565,0.8125640150221919,0.03456388509686601,81.25581147345343,0.6175438596491228,61.75393754652978,0.8361215431888016,0.017783102784736594,41.80607715944008,0.6645614035087719,33.228070175438596,0.8716285421645613,0.00741530346686495,17.432545526447704,0.7368421052631579,14.736820703352397,0.906452714236941,0.003855761131604171,9.064461321933567,0.8084210526315789,8.08415182427299,0.4514597906349515,0.8468755690519578,0.3283582089552239,32.72636815920398,0.5671641791044776,11.344256419446507,0.6604477611940298,6.605044033690895
2019-11-03,306,6885750,3451,1796,0.0005011799731329194,0.23656960040396996,0.9479361545519391,0.01643566080291484,0.4485656331498116,0.22480395004356665,448.54934772891596,0.13864142538975502,138.63639193690176,0.5766444508838018,0.14449607900087133,288.3117577456534,0.26169265033407574,130.84157471956593,0.6997971602434077,0.07014435504952221,139.95841575840265,0.4315144766146993,86.3022686499656,0.744711677774558,0.0373231868482965,74.47062701844614,0.5128062360801782,51.28025124297956,0.7728194726166329,0.01936608212613005,38.64097363083164,0.5651447661469933,28.257238307349663,0.8275862068965517,0.008295380611581003,16.551700100316978,0.6692650334075724,13.385281229047166,0.8736598087510866,0.004378595276926182,8.736572711705147,0.7577951002227171,7.577928991759199,0.40582459559267037,0.8212962687720715,0.27364864864864863,27.273648648648646,0.5033783783783784,10.068430995317788,0.6148648648648649,6.149175977006165
2019-11-04,307,6885750,4607,2620,0.0006690629197981338,0.19948741578887194,0.932714217874935,0.015526369978670249,0.36162361623616235,0.24194016845774033,361.6104872927904,0.0683206106870229,68.31813026984722,0.4948990666377252,0.16555329654371187,247.44054952807988,0.17786259541984734,88.92806901047152,0.6362057738224441,0.08513172035202882,127.24023082569622,0.36870229007633587,73.7399225621752,0.6937269372693727,0.04641435998722008,69.37218998958122,0.4648854961832061,46.48821205006697,0.7384415020620795,0.024703191373488725,36.92207510310397,0.5423664122137405,27.11832061068702,0.7974820924679835,0.010671298447811135,15.94961868613317,0.6450381679389313,12.900744623354562,0.8510961580204037,0.005694352265614449,8.510936859768762,0.7393129770992366,7.393108297345204,0.41611196447101684,0.825284873331231,0.2648809523809524,26.39980158730159,0.49404761904761907,9.881799803969617,0.6130952380952381,6.131478191619701
2019-11-05,308,6885750,8168,5690,0.001186217913807501,0.15273560155217053,0.9068906288003223,0.019939441672176778,0.21633202742409402,0.2566076096427534,216.32417337139927,0.03321616871704745,33.214962785856734,0.31219392752203723,0.1851582921870462,156.0912965752881,0.09068541300527241,45.34106031085206,0.4659647404505387,0.11054634174678324,93.19227138625277,0.25184534270650266,50.368702795355674,0.5624387855044074,0.06671701182142961,56.24347014561813,0.3797891036906854,37.978634592031966,0.6363858961802155,0.037744617507170605,31.81929480901077,0.48260105448154655,24.130052724077327,0.7204946131243879,0.017093148218071973,14.40978762764313,0.6019332161687171,12.038576906775518,0.794564152791381,0.009425262317104164,7.94564152791381,0.707908611599297,7.07908611599297,0.4327869582885571,0.8475224256023279,0.263768115942029,26.28888888888889,0.4956521739130435,9.913893653516295,0.6434782608695652,6.435334476843911
2019-11-06,309,6885750,9104,6285,0.0013221508187198198,0.19330677350524295,0.9083110945377716,0.02040976418378206,0.2397847100175747,0.3170200406622132,239.77600450239834,0.03595863166268894,35.957326164879525,0.3295254833040422,0.21783328492593668,164.75675985047985,0.08878281622911695,44.38979646018313,0.47144112478031636,0.12466234860146969,94.28754029905205,0.24009546539379475,48.01874439673886,0.5587653778558875,0.07387667373435186,55.87613204814514,0.36372315035799524,36.37205092476642,0.6180799648506151,0.040859746578077914,30.903998242530758,0.4494828957836118,22.47414478918059,0.7118848857644992,0.018824301676788977,14.237635684418905,0.5845664280031821,11.691277623226162,0.7907513181019332,0.010454925026322478,7.907513181019333,0.6983293556085919,6.983293556085919,0.45722933073499006,0.8713943021411241,0.25825825825825827,25.73973973973974,0.5555555555555556,11.112064036592338,0.6636636636636637,6.637205816451099
2019-11-07,310,6885750,10005,5463,0.0014530007624441782,0.3581720271304327,0.934331775354326,0.03001078364861922,0.33723138430784605,0.48997966889340694,337.2191409378088,0.035877722862895846,35.8764203025247,0.47446276861569214,0.34468486784780716,237.22277149255754,0.12282628592348527,61.41091332396447,0.6427786106946527,0.1867902059310465,128.55478865464303,0.3545670876807615,70.91290261110701,0.7244377811094452,0.10526010049667432,72.4432520734608,0.49679663188724144,49.67930244877244,0.7749125437281359,0.05629742584322695,38.74562718640679,0.5886875343218012,29.434376716090064,0.8286856571714143,0.024081582860860675,16.5736890738802,0.6866190737689915,13.732361532219631,0.8729635182408796,0.012684111313460493,8.729597149091514,0.7677100494233937,7.677067046604936,0.5082186776277426,0.8645630675574978,0.2885714285714286,28.760952380952382,0.5742857142857143,11.486699338397452,0.6857142857142857,6.857730948296986
2019-11-08,311,6885750,7578,2567,0.0011005337109247359,0.3604512091289267,0.978609215291933,0.021870877231003668,0.3859857482185273,0.4247749056055765,385.97173479461577,0.012855473315153876,12.855006590156956,0.6146740564792821,0.33822248039500435,307.3258702005676,0.15621347876899103,78.10390367655968,0.8152546846133545,0.17944174968776322,163.04975295757663,0.47643163225555124,95.28563454656428,0.8745051464766429,0.09624154056173574,87.44987964145842,0.633813790416829,63.38091880918237,0.9069675376088677,0.04990741749264786,45.34837688044339,0.7280872613946241,36.4043630697312,0.9326999208234362,0.02052932428664374,18.653971325779512,0.8036618620958317,16.07321389919594,0.953417788334653,0.010492668928339065,9.534164037122027,0.864043630697312,8.640423758704944,0.5412694663717577,0.8619482729213717,0.3023255813953488,30.131782945736433,0.5813953488372093,11.628904224340818,0.6802325581395349,6.802908971239379
2019-11-09,312,6885750,8346,2881,0.0012120684021348436,0.4123392989027802,0.9746058747488209,0.022967044165495,0.38653247064462015,0.4684867847807145,386.5184373716517,0.02950364456785838,29.502573421889462,0.5711718188353703,0.3461370897473134,285.57554106488897,0.11419645956265186,57.096156798833135,0.8013419602204649,0.1942548433007058,160.2672282839486,0.46129816036098575,92.25896214544883,0.8717948717948718,0.10566673443899038,87.1788541412986,0.6362374175633461,63.62327976396076,0.9017493410016775,0.05464909414370257,45.08746705008387,0.7178063172509546,35.89031586254772,0.9254732806134676,0.02243464066525506,18.509384970138996,0.7854911489066296,15.709754533498964,0.9421279654924515,0.011419218793568175,9.421265972659006,0.8330440819160014,8.330428721089765,0.5574400362373693,0.8616752056872476,0.2798913043478261,27.895833333333332,0.6086956521739131,12.174957118353344,0.6956521739130435,6.957118353344768
2019-11-10,313,6885750,7600,2584,0.0011037287151000254,0.3822958178533904,0.9587026068056091,0.013209672912760326,0.4081578947368421,0.4504792332268371,408.1430763410123,0.037925696594427245,37.924319681248534,0.5643421052631579,0.31142898634911415,282.160808257028,0.10294117647058823,51.46871956740872,0.7522368421052632,0.16605187487292689,150.44627597450742,0.30843653250773995,61.68685857025096,0.8335526315789473,0.092000929449011,83.35465788862204,0.5147058823529411,51.470214490861835,0.8631578947368421,0.047634607704316885,43.1578947368421,0.5990712074303406,29.953560371517025,0.8923684210526316,0.019698624407472814,17.84734250180999,0.6842105263157895,13.684190653112939,0.9146052631578947,0.010094760919289838,9.146052631578948,0.7496130030959752,7.496130030959751,0.5783117565330262,0.8758952131547929,0.3022598870056497,30.125235404896422,0.635593220338983,12.712954618135303,0.711864406779661,7.11925458615577
2019-11-11,314,6885750,7523,2585,0.001092546200486512,0.40750931328486617,0.9437644151555313,0.016106683830064864,0.4367938322477735,0.477200116177752,436.77797420855455,0.06885880077369438,68.85630081723296,0.6068057955602818,0.3314696485623003,303.3918825718277,0.15319148936170213,76.5929638304052,0.7740263192875183,0.16913067472189142,154.8041397668834,0.37833655705996133,75.6667619674004,0.8342416589126678,0.09114409364198786,83.42356012166927,0.5241779497098646,52.4174143485826,0.8586999867074305,0.04690847039175108,42.93499933537153,0.5922630560928434,29.613152804642166,0.8801010235278479,0.019230936800188215,17.601943781988037,0.6537717601547389,13.0753782359747,0.8961850325667952,0.009791235522637332,8.961850325667953,0.7005802707930368,7.005802707930367,0.5960022754749819,0.883773527428249,0.31444759206798867,31.339943342776202,0.6345609065155807,12.69230657097459,0.7138810198300283,7.139422446173207
2019-11-12,315,6885750,7152,2046,0.0010386668118941291,0.4663782930949679,0.9759744974122316,0.014877820907750113,0.49147091722595077,0.510455997676445,491.45307410522673,0.04985337243401759,49.851562480037266,0.668903803131991,0.3473714783618937,334.4397591066009,0.17302052785923755,86.50712312712349,0.819351230425056,0.17020535014086963,163.8690561706506,0.4120234604105572,82.40409371523988,0.8791946308724832,0.0913183653315519,87.91882467585759,0.5865102639296188,58.65060050906754,0.8994686800894854,0.046712413317358314,44.97343400447428,0.6520039100684262,32.60019550342131,0.9162472035794184,0.019033428311680013,18.324864233382364,0.7101661779081134,14.203261677052684,0.9359619686800895,0.009721483985837479,9.35957890876404,0.7785923753665689,7.785889831914979,0.6000227664140824,0.8937523137427795,0.3100558659217877,30.90223463687151,0.6480446927374302,12.962005423689835,0.723463687150838,7.235257337792387
2019-11-13,316,6885750,6587,2194,0.0009566132955741931,0.4040215049409128,0.9680533489572888,0.010025214945648401,0.46561408835585244,0.4453964565785652,465.5971839814567,0.03600729261622607,36.00598535175409,0.6263853043874298,0.2995933778681383,313.18128156300793,0.12944393801276208,64.71961923986177,0.763473508425687,0.1460687211362514,152.6935929199853,0.3154056517775752,63.08067230321643,0.8131167451039927,0.07778326410874553,81.3110840802785,0.4425706472196901,44.256743357242165,0.835585243661758,0.03996659768362197,41.7792621830879,0.50820419325433,25.410209662716497,0.8632154243206316,0.016515243052328283,17.264283413931906,0.5902461257976299,11.804905371988074,0.9076969788978291,0.00868312476309839,9.076943424549073,0.723792160437557,7.237900581536862,0.5934042552000874,0.8980530357176515,0.30835734870317005,30.732949087415946,0.6628242074927954,13.257621069594316,0.7319884726224783,7.320512503645557
2019-11-14,317,6885750,7334,3038,0.0010650982100715246,0.3517610117358046,0.9582064208879602,0.01229943600290266,0.39773656940278157,0.4236131280859715,397.7221293588735,0.025016458196181698,25.015549959970684,0.5426779383692392,0.28899215800174266,271.32911807478854,0.0911784068466096,45.58754828231499,0.6940278156531224,0.14784048331348573,138.8045552189575,0.28834759710335744,57.66910066381376,0.7597491137169349,0.08092015452089808,75.97435969351976,0.42626728110599077,42.62641858426873,0.7977911098991001,0.04248629415822532,39.889555494955005,0.5134957208689928,25.67478604344964,0.8436051268066539,0.017970420113393438,16.872078033242275,0.6231073074391047,12.462128050349751,0.8961003545132261,0.009544348836364956,8.96100354513226,0.749835418038183,7.498354180381829,0.5541620845638598,0.8624270792085094,0.28350515463917525,28.256013745704468,0.595360824742268,11.90823769694612,0.6752577319587629,6.75315644285689
2019-11-15,318,6885750,6880,2808,0.0009991649420905493,0.37574477470143536,0.962745340510818,0.015902573043413103,0.42194767441860465,0.4215800174266628,421.9323553772737,0.02564102564102564,25.6400947295516,0.5645348837209302,0.2820214928841127,282.25719398645043,0.11146723646723647,55.731594794094796,0.7287790697674419,0.14563304191234133,145.7547555738233,0.3646723646723647,72.93394333389686,0.7973837209302326,0.07967120741235587,79.73779308715544,0.5103276353276354,51.0323929675167,0.838953488372093,0.041912645681298336,41.947674418604656,0.6093304843304843,30.466524216524213,0.8840116279069767,0.01766539157510115,17.680155528815806,0.717948717948718,14.358911799724606,0.9116279069767442,0.009108653220559532,9.1162658304459,0.7856125356125356,7.856113946890419,0.5725132896529488,0.864913316862467,0.26732673267326734,26.643564356435643,0.5915841584158416,11.832697892430751,0.6831683168316832,6.8322690759641995
2019-11-16,319,6885750,7247,2875,0.0010524634208328794,0.34480216966758914,0.957792549183104,0.017079862309362537,0.3987857044294191,0.4196921289573047,398.77122629608954,0.044869565217391306,44.867936203260555,0.5645094521871119,0.2970519895440023,282.24447868119415,0.15269565217391304,76.34505423733094,0.7294052711466814,0.1535333585059107,145.87999494026147,0.36139130434782607,72.2777360339552,0.801711052849455,0.08437654303058469,80.17052313686332,0.5078260869565218,50.78223994685976,0.838415896232924,0.04412010311149839,41.9207948116462,0.5968695652173913,29.843478260869563,0.8781564785428453,0.018484524584069153,17.563104064406538,0.6946086956521739,13.892153737821117,0.9039602594176901,0.009513837252532763,9.039589466210497,0.7593043478260869,7.593032451092514,0.5202428112592815,0.8208385147166373,0.2320675105485232,23.12939521800281,0.5232067510548524,10.465032459778099,0.580168776371308,5.802185335562455
2019-11-17,320,6885750,7178,2934,0.0010424427259194714,0.30099539650074814,0.9290374220814248,0.011465788826166104,0.37893563666759544,0.3950043566656985,378.9218792018436,0.021813224267211998,21.812432326162504,0.5309278350515464,0.2767208829509149,265.45427971290917,0.09713701431492842,48.566743851221204,0.6961549178044023,0.14513927212524325,139.2299725600994,0.294478527607362,58.895277860884505,0.7641404290888827,0.07965668477155886,76.41348804203976,0.4284253578732106,42.84222469394203,0.799247701309557,0.041658497621900305,39.96238506547785,0.5098841172460804,25.49420586230402,0.8205628308721092,0.017107770238869783,16.411232783825245,0.5613496932515337,11.226977560376048,0.8381164669824464,0.008736846079892184,8.381128154725216,0.6039536468984322,6.039510155902279,0.4413544922806588,0.7873139622391729,0.16984126984126985,16.927513227513227,0.42857142857142855,8.572163685371233,0.48253968253968255,4.825810667320101
2019-11-18,321,6885750,7428,3430,0.0010787495915477617,0.32969177344824113,0.9282748496521771,0.01468757556257833,0.3762789445341949,0.40589602091199534,376.2652835211055,0.014868804664723033,14.868264844629193,0.5125201938610663,0.2764304385710136,256.2507932674148,0.10699708454810496,53.49659998018543,0.6658589122240173,0.143657962763949,133.17081544182307,0.3064139941690962,61.282353839782,0.7392299407646742,0.07974382061634087,73.92245729792262,0.441399416909621,44.139621176703116,0.7856758212170167,0.04237737356134045,39.28379106085084,0.5387755102040817,26.93877551020408,0.8200053850296176,0.017691583790315085,16.40008388316668,0.6113702623906706,12.227387490288828,0.841949380721594,0.009082485934781535,8.419457125124119,0.658600583090379,6.585977136961358,0.4181233050551901,0.7724320080811367,0.1614420062695925,16.09038662486938,0.4090909090909091,8.182519881490721,0.47648902821316613,4.76529893481452
2019-11-19,322,6885750,6622,3213,0.0009616962567621537,0.2774096238303827,0.9228096769233255,0.012886951999318667,0.360918151615826,0.34708103398199247,360.9050482847334,0.03828197945845005,38.2805896102269,0.486408939897312,0.23388033691548069,243.19564027722308,0.11391223155929038,56.95404795667904,0.6319842947749924,0.12155450347091115,126.39594114690826,0.2801120448179272,56.02200216692446,0.7090003020235578,0.06818379854192687,70.89951537452023,0.4151882975412387,41.51852827259846,0.7677438840229538,0.03691682097084559,38.38719420114769,0.52536570183629,26.2682850918145,0.7967381455753548,0.015324379589181151,15.934739769888873,0.583255524431995,11.665093547720542,0.8254303835699185,0.007938121572636863,8.254291848200586,0.6411453470277,6.411444159099337,0.3976462357389858,0.7737160586010312,0.16917922948073702,16.861529871580125,0.4103852596314908,8.208409112457657,0.4824120603015075,4.824534335485317
2019-11-20,323,6885750,5899,2591,0.0008566968013651382,0.2719182045437429,0.9349537104485275,0.007116944531362522,0.3887099508391253,0.33299448155678185,388.6958385115461,0.04438440756464686,44.3827961644303,0.5253432785217833,0.2250217833284926,262.66210282321885,0.12118873021999228,60.59216519839616,0.601288353958298,0.10302361381393593,120.2567975621816,0.19760710150521035,39.52113332334666,0.662315646719783,0.056739957593888876,66.23108374336672,0.27132381319953686,27.13218430303975,0.7316494321071368,0.031340086410340195,36.58247160535684,0.39791586260131223,19.895793130065613,0.7903034412612308,0.013540988939492517,15.80604587050527,0.526051717483597,10.521019070262914,0.8399728767587726,0.007196020767527139,8.399728767587726,0.6379776148205326,6.379776148205327,0.30215246603232426,0.8217528299684912,0.11751662971175167,11.71249076127125,0.4700665188470067,9.402136665994759,0.6008869179600886,6.009384520010801
2019-11-21,324,6885750,5148,2381,0.000747630977017754,0.24895167378847666,0.9226480053570474,0.006920053008165975,0.4026806526806527,0.3010455997676445,402.66603313909445,0.04367912641747165,43.67754062287329,0.5151515151515151,0.19256462387452802,257.56640614685926,0.10457790844183117,52.28705584180504,0.6132478632478633,0.09169595399227395,122.64868205172891,0.20789584208315834,41.5788664969679,0.6847319347319347,0.05119230880943391,68.47269626739696,0.32759344813103736,32.75910693700501,0.72999222999223,0.027288240206222995,36.4996114996115,0.4191516169676606,20.95758084838303,0.7845765345765345,0.01173145738451529,15.691507903151935,0.5354892902141957,10.709770250756339,0.8362470862470862,0.006252042261191591,8.362470862470863,0.6463670726585469,6.463670726585469,0.3749907404470496,0.8088206888353986,0.17567567567567569,17.50900900900901,0.5135135135135135,10.271151082471837,0.5900900900900901,5.901406981595661
2019-11-22,325,6885750,4518,2249,0.0006561376756344624,0.21101502450908682,0.9244787995560844,0.006678484943063381,0.38999557326250556,0.2558814986930003,389.9814142597005,0.0377945753668297,37.79320321407894,0.5017706949977866,0.1646093523090328,250.87623896899575,0.10760337927967986,53.79973634004179,0.6133244798583444,0.080484475296988,122.66400526255758,0.2401067140951534,48.02099412067451,0.6617972554227535,0.04342269598303756,66.1792449900843,0.32592263228101376,32.59202656523557,0.6952191235059761,0.022807972987691973,34.76095617529881,0.3895064473099155,19.475322365495774,0.748339973439575,0.00982023823009158,14.966734261366334,0.49622054246331704,9.924367610544587,0.8063302346170872,0.005290621092484936,8.063278925980113,0.6122721209426412,6.122703425732768,0.40702352953400656,0.8234033589616871,0.21363636363636362,21.292424242424243,0.49318181818181817,9.864482301574926,0.5636363636363636,5.636847029471386
2019-11-23,326,6885750,4350,2176,0.0006317394619322514,0.17593331139537025,0.9040014726019733,0.005546044738608518,0.3466666666666667,0.21899506244554168,346.6540807435376,0.035386029411764705,35.384744702593494,0.4579310344827586,0.14464130119082197,228.95720452292008,0.08547794117647059,42.73741892650904,0.5864367816091954,0.07409451334630689,117.28650466076611,0.2104779411764706,42.095282565740575,0.6579310344827586,0.041563797961021234,65.79262570347171,0.32628676470588236,32.6284395433142,0.7020689655172414,0.02217623352575972,35.103448275862064,0.40625,20.3125,0.7439080459770115,0.00939910772376615,14.878139312396037,0.4889705882352941,9.779397562334953,0.7806896551724138,0.004931917464448369,7.80688521398284,0.5615808823529411,5.615800667844602,0.41008405967907896,0.812288198215879,0.21158129175946547,21.087602078693394,0.48106904231625836,9.622206007632743,0.5701559020044543,5.702048004523106
2019-11-24,327,6885750,4025,2072,0.000584540536615474,0.16506478822949885,0.903179226824742,0.0047818044804427435,0.3277018633540373,0.19154806854487366,327.68996595847545,0.024613899613899613,24.61300599279832,0.44993788819875774,0.13149869300029043,224.9607764786956,0.08445945945945946,42.228196556271634,0.5719254658385093,0.06686223822939963,114.38426258089154,0.20366795366795368,40.73329495393744,0.6372670807453417,0.03725057364431148,63.72624533448889,0.30115830115830117,30.115611435138575,0.671055900621118,0.019612968812402425,33.5527950310559,0.36341698841698844,18.170849420849418,0.7339130434782609,0.008580026024723488,14.678239552730375,0.48359073359073357,9.671800625704043,0.7744099378881988,0.0045267400065352355,7.7440993788819865,0.5622586872586872,5.622586872586872,0.4288620133164837,0.8300544394218985,0.2062780269058296,20.55904334828102,0.5089686098654709,10.180245213792892,0.5829596412556054,5.830096377943066
2019-11-25,328,6885750,3868,1965,0.0005617398250009077,0.1877577241572004,0.90741148846177,0.005306196464884365,0.36452947259565666,0.20476328783038047,364.5162381535787,0.03816793893129771,38.16655322337833,0.4671664943123061,0.13120824862038918,233.5747667884811,0.0905852417302799,45.290976491742285,0.5894519131334023,0.06622324203433153,117.8895265868403,0.22544529262086513,45.088731118072616,0.6546018614270941,0.0367713264980104,65.45971081532448,0.3287531806615776,32.87507934794007,0.6892450879007239,0.019358820753004394,34.4622543950362,0.39236641221374047,19.61832061068702,0.7414684591520165,0.008330235151965796,14.829347646755036,0.4921119592875318,9.84222489213717,0.7991209927611168,0.004488980866281814,7.991209927611169,0.6055979643765903,6.055979643765903,0.3864244947549657,0.8203585371945896,0.18468468468468469,18.406906906906908,0.47297297297297297,9.46027073385564,0.5945945945945946,5.946455889852117
2019-11-26,329,6885750,3820,1776,0.0005547689068002759,0.21608685516825227,0.946661240937959,0.006183211617470908,0.40235602094240835,0.2232065059541098,402.34141318678314,0.02027027027027027,20.269534347010385,0.49947643979057593,0.13854196921289574,249.7291530124861,0.07207207207207207,36.03472772801846,0.6319371727748692,0.0701153097679282,126.38651681531717,0.24718468468468469,49.436577959498315,0.7094240837696335,0.03935635655987685,70.94189324140629,0.38738738738738737,38.738457444344924,0.7654450261780105,0.021232255019424173,38.27225130890052,0.5005630630630631,25.028153153153152,0.8217277486910994,0.009117340373930041,16.434483371672457,0.6199324324324325,12.398594630155543,0.8858638743455497,0.004914497331445377,8.858638743455499,0.7573198198198198,7.573198198198198,0.44032688138087556,0.8446266660170179,0.22443890274314215,22.36907730673317,0.5361596009975063,10.724111676212557,0.6259351620947631,6.259888443556632
2019-11-27,330,6885750,3651,1474,0.0005302254656355517,0.27759744366676165,0.9493837426512153,0.007308602556871679,0.4574089290605314,0.24252105721754283,457.3923225789361,0.03731343283582089,37.31207815121314,0.5814845247877294,0.15415335463258786,290.7317068368507,0.12211668928086838,61.056127883803335,0.7107641741988496,0.07537250573644312,142.1518026224906,0.30800542740841247,61.60063817646391,0.7756778964667215,0.041128118737111155,77.56722640209892,0.45454545454545453,45.45421539452734,0.8331963845521775,0.022089097048251825,41.65981922760888,0.5902306648575305,29.511533242876524,0.8761983018351137,0.009291585581922217,17.52383878957023,0.6960651289009498,13.92120149098061,0.9027663653793482,0.00478669021284506,9.027650543165674,0.7605156037991859,7.605144993232764,0.4827077660464239,0.8522265317443904,0.24867724867724866,24.784832451499117,0.5925925925925926,11.852868305698493,0.6798941798941799,6.799524898581502
2019-11-28,331,6885750,4114,1794,0.0005974657807791454,0.24025763197212785,0.9523237875150804,0.01007532899443084,0.4197860962566845,0.2507987220447284,419.77085569263215,0.05741360089186176,57.41151645964815,0.5471560525036461,0.1634475747894278,273.56809385179935,0.14381270903010032,71.90374391548167,0.6954302382109869,0.08309855064044847,139.08503769384248,0.3333333333333333,66.6661825786401,0.7707826932425863,0.046051293967295015,77.0777096342493,0.48494983277591974,48.49463113998068,0.8198833252309188,0.024492611552844643,40.994166261545935,0.5930880713489409,29.654403567447048,0.8670393777345649,0.010360482036893423,17.34071200426322,0.6989966555183946,13.979872202526908,0.8959649975692756,0.005353076494097965,8.959636963839344,0.7630992196209587,7.6309811139293515,0.5012640862233683,0.8778590403544935,0.2521246458923513,25.128423040604343,0.6175637393767706,12.352334073537774,0.7025495750708215,7.026098280360935
2019-11-29,332,6885750,4608,2012,0.000669208147260647,0.26569855492019623,0.9416805004914913,0.009228379191216544,0.4385850694444444,0.29349404589021205,438.56914637337843,0.05467196819085487,54.66998329511747,0.5724826388888888,0.19154806854487366,286.23092729662847,0.13568588469184892,67.8404792707594,0.6918402777777778,0.09259635772168812,138.36705082077125,0.3111332007952286,62.2261883114742,0.75,0.050190246594440734,74.99945540097012,0.43489065606361826,43.488749818322624,0.7795138888888888,0.02608285226736376,38.97569444444445,0.5,25.0,0.8279079861111112,0.011080839297332466,16.558135675261944,0.6093439363817097,12.186861028965161,0.8689236111111112,0.005814907599026976,8.68923611111111,0.7027833001988072,7.02783300198807,0.5009420255827579,0.8640815108529157,0.2811594202898551,28.022222222222226,0.6057971014492753,12.116981132075471,0.6869565217391305,6.870154373927959
2019-11-30,333,6885750,5679,2512,0.0008247467596122427,0.2568618121318857,0.9468362792666031,0.009136925857316881,0.3849269237541821,0.31745570723206507,384.91294877147243,0.029060509554140128,29.059454496430497,0.5198098256735341,0.2143479523671217,259.89547684661176,0.09235668789808917,46.176667418985446,0.6608557844690967,0.10900694182230097,132.1701971567017,0.2575636942675159,51.512364803001766,0.730234196161296,0.060225391385169476,73.02288936968317,0.3980891719745223,39.80862813214974,0.7717908082408875,0.03182659840975929,38.58954041204437,0.4888535031847134,24.442675159235666,0.822680049304455,0.013569876732540983,16.453385932575113,0.6031050955414012,12.061944255527877,0.8716323296354992,0.0071887280743793735,8.716285321035,0.7129777070063694,7.129746007016066,0.5381531179741412,0.8834873699298227,0.2677165354330709,26.68241469816273,0.6062992125984252,12.127024216312584,0.7165354330708661,7.1659688550938
2019-12-01,334,6885750,6793,2900,0.0009865301528519043,0.30964856238496125,0.9387786264568585,0.011817550850131179,0.3820108935669071,0.3768515829218705,381.99702445226995,0.035517241379310345,35.51595190641682,0.5186221109966141,0.255808887598025,259.30164106846763,0.10379310344827586,51.894667591414866,0.6727513616958634,0.13273693688460309,134.5492953265355,0.2717241379310345,54.34443297100179,0.7538642720447519,0.07437044352144995,75.38587979947357,0.4337931034482759,43.3789953537565,0.7940527013101722,0.03916784663979959,39.70263506550861,0.5227586206896552,26.137931034482758,0.8390990725747093,0.01655590668277721,16.781957079483757,0.6268965517241379,12.53791282599011,0.8753128220226704,0.008635224921032567,8.753128220226703,0.7113793103448276,7.113793103448276,0.48704630147699635,0.8641052006019769,0.23557692307692307,23.479166666666668,0.5432692307692307,10.866316466552316,0.6490384615384616,6.490941252144083
2019-12-02,335,6885750,8105,3632,0.0011770685836691719,0.36753897699254723,0.9420719886539537,0.016053506049289002,0.38223318938926587,0.4498983444670346,382.21931220405713,0.028083700440528634,28.08268084640866,0.5227637260950031,0.3076532094103979,261.37237343586025,0.10545154185022027,52.723856687129995,0.6742751388032079,0.15873246391123763,134.85404853507765,0.30286343612334804,60.572247386980266,0.7491671807526218,0.08818147491939934,74.91617408096903,0.4485132158590308,44.85099590608675,0.7906230721776681,0.04653087898921686,39.5311536088834,0.5382709251101322,26.91354625550661,0.8350400987045034,0.01965796077702389,16.700777719974365,0.635737885462555,12.714739243957933,0.8679827267119062,0.010216751987800893,8.679827267119062,0.7089757709251101,7.089757709251102,0.41980435210793327,0.8286044183478942,0.19603960396039605,19.53861386138614,0.4613861386138614,9.228514172171934,0.5702970297029702,5.703459402544028
2019-12-03,336,6885750,9940,4398,0.0014435609773808227,0.43325903342564726,0.9518016439984417,0.02128885512453822,0.38672032193158956,0.5582340981702004,386.7062818385772,0.02546612096407458,25.465196402610594,0.5295774647887324,0.38222480395004355,264.77911909446806,0.0904956798544793,45.246197179638465,0.6898390342052314,0.19916349589009266,137.96680501259613,0.31468849477035016,62.93724194327279,0.7698189134808853,0.11112724737866334,76.98133235791057,0.4829467939972715,48.294328716586485,0.8196177062374246,0.05915840685473623,40.980885311871226,0.5941336971350614,29.70668485675307,0.8569416498993964,0.024740914583139696,17.138808107731805,0.6782628467485221,13.565237234520623,0.8880281690140845,0.012819172265160954,8.88024300048612,0.7482946793997272,7.482914192258061,0.45523364501099955,0.8217174962488292,0.18525519848771266,18.463768115942027,0.4839319470699433,9.679469013349243,0.55765595463138,5.577037810425834
2019-12-04,337,6885750,10483,4577,0.0015224194895254693,0.3892418451863578,0.9345803889995381,0.016082251536838066,0.3578174186778594,0.5447284345047924,357.8044279205737,0.011579637317019883,11.579216911947379,0.5066297815510827,0.38563752541388324,253.30569403974496,0.07144417740878305,35.72079179440371,0.663359725269484,0.20198088820471113,132.67098168039584,0.2575923093729517,51.518087782532234,0.7399599351330726,0.1126521246623486,73.99545620469014,0.409438496831986,40.94355237678771,0.7843174663741296,0.05970300983916058,39.21587331870647,0.5084116233340616,25.420581166703084,0.8229514451969856,0.02505743721118014,16.45895719516204,0.59602359624208,11.920419989671183,0.8571019746255842,0.013048668556557301,8.571007298799431,0.6738038016167796,6.738028230700373,0.4788974670397173,0.8230337700711973,0.1912280701754386,19.05906432748538,0.48771929824561405,9.755222533176854,0.5631578947368421,5.632061930125486
2019-12-05,338,6885750,9668,4216,0.001404059107577243,0.32853163214242226,0.9325151313438056,0.011895831668095522,0.32457592056268103,0.45570723206505953,324.5641366561836,0.006641366223908918,6.641125105472094,0.46917666528754653,0.32936392680801624,234.5798157859224,0.051707779886148005,25.852951303444932,0.6340504757964419,0.17804757617125097,126.80917435055764,0.2120493358633776,42.409559221041924,0.709764170459247,0.09965436114903134,70.97590166341979,0.34558823529411764,34.558572586721525,0.7637567232105916,0.05361797915985913,38.18783616052958,0.4620493358633776,23.10246679316888,0.812784443525031,0.022823848569080048,16.255618047635803,0.5735294117647058,11.470538260179163,0.8566404633843607,0.012027738445340014,8.566404633843607,0.6733870967741935,6.733870967741935,0.4941352540060927,0.8375317958241063,0.19662921348314608,19.59737827715356,0.5187265917602997,10.375421589222734,0.6123595505617978,6.12412068533544
2019-12-06,339,6885750,9288,3828,0.0013488726718222416,0.3404185486508572,0.9477781020527235,0.010154582479624941,0.34377691645133507,0.46369445251234387,343.76443544216966,0.0023510971786833857,2.3510118208131168,0.4795434969853575,0.3234098170200407,239.76304344807764,0.029258098223615466,14.628517996170507,0.6453488372093024,0.17409741787446628,129.0688302249253,0.1917450365726228,38.34872885009548,0.7140396210163652,0.09631415376572076,71.40344361458997,0.3223615464994775,32.235920572900426,0.7784237726098191,0.05249972769850779,38.92118863049096,0.46760710553814,23.380355276907,0.8288113695090439,0.02235918765684543,16.57620331698142,0.5875130616509927,11.75024416843841,0.8767226528854436,0.011825872272446719,8.767226528854435,0.703239289446186,7.032392894461861,0.5154443865906161,0.8435021855141152,0.1988527724665392,19.81899298916507,0.5353728489483748,10.708375285740992,0.6443594646271511,6.4441472701691325
2019-12-07,340,6885750,7854,2778,0.0011406164905783684,0.3487666311162614,0.9639956711639085,0.009342942117446807,0.3738222561751974,0.4263723496950334,373.80868435352386,0.008999280057595392,8.998953333805908,0.5281385281385281,0.3011908219575951,264.05967689005735,0.05579553635709143,27.89675533479831,0.6997708174178763,0.15963286764065177,139.9531472315531,0.2199424046076314,43.98816150707246,0.7778202189966896,0.08871881262888844,77.7814570994867,0.384809215262779,38.480642103977466,0.8291316526610645,0.0472860617942853,41.45658263305322,0.5212383009359252,26.061915046796255,0.8679653679653679,0.01980028348359513,17.359282148862384,0.6292296616270698,12.58457495628252,0.9164756811815635,0.010453472751697345,9.164756811815634,0.7663786897048236,7.663786897048236,0.5927298265330193,0.8745178227426749,0.22090729783037474,22.017094017094017,0.591715976331361,11.83533447684391,0.6923076923076923,6.9236706689536875
2019-12-08,341,6885750,7245,2517,0.0010521729659078531,0.28588985782537923,0.9604864261261804,0.01139204996897155,0.36135265700483093,0.3801916932907348,361.3395378987822,0.027016289233214145,27.01530839204245,0.5409247757073844,0.28456288120824863,270.45256856862636,0.11640842272546682,58.2020982269738,0.719944789510007,0.15150018879433036,143.98791235204422,0.28049264998013507,56.09812264662683,0.8028985507246377,0.0844782015161637,80.28927206210133,0.44815256257449343,44.814930839514915,0.85175983436853,0.0448099335584359,42.5879917184265,0.5780691299165673,28.903456495828365,0.8846100759144238,0.018615229110512128,17.69217582439046,0.6706396503774334,13.41277352851802,0.9089026915113871,0.00956320062970445,9.089000515664239,0.7405641636869289,7.405620126880901,0.6027783637478199,0.8744020016841058,0.21669980119284293,21.597746852220013,0.5984095427435387,11.969217286333457,0.679920477137177,6.799787893564854
2019-12-09,342,6885750,5543,2127,0.0008049958247104528,0.2154798594344748,0.9341750479369493,0.006288251755230369,0.35594443442179324,0.28652338077258205,355.9315116642264,0.018805829807240243,18.805147051293133,0.5175897528414216,0.20832123148417078,258.78548073103536,0.07005171603196991,35.02458638303346,0.6846473029045643,0.11022684364924917,136.92846629222757,0.2383638928067701,47.6724323940346,0.7411149197185639,0.05965900839408638,74.11095382456797,0.3427362482369535,34.27337595192428,0.7863972578026339,0.031652325454743495,39.3198628901317,0.44851904090267986,22.425952045133993,0.8385350893018221,0.01350024688489355,16.770580008597467,0.5834508697696286,11.668932662918529,0.8672199170124482,0.006981073984571057,8.672186575727972,0.6577338975082275,6.577329422993653,0.5733052748093537,0.8595986258485601,0.2026266416510319,20.195121951219512,0.5872420262664165,11.74584780153119,0.6547842401500938,6.548403966029369
2019-12-10,343,6885750,5022,2559,0.0007293323167410958,0.15436769871177025,0.9240188800582727,0.007167565626149927,0.31282357626443646,0.22814406041243102,312.81221903323313,0.028917545916373584,28.91649604903709,0.43209876543209874,0.15756607609642753,216.0415389249255,0.08362641656897225,41.81169023306715,0.5780565511748308,0.08431845246739667,115.61047074420082,0.2258694802657288,45.17356803101288,0.6487455197132617,0.047314763716634234,64.87408089641859,0.32200078155529505,32.19984434044516,0.6945440063719633,0.02532766946229532,34.727200318598165,0.40406408753419304,20.203204376709653,0.7706093189964157,0.011240556625393201,15.412119232039274,0.5517780382962094,11.035512686139043,0.8215850258861012,0.005992041592843242,8.215790600939934,0.6518171160609613,6.5181238300804045,0.4977255983812222,0.848358283699754,0.1881918819188192,18.756457564575648,0.533210332103321,10.665121239548588,0.6143911439114391,6.144438361193217
2019-12-11,344,6885750,6056,2980,0.0008794975129797044,0.18590823448113838,0.9305988507873212,0.007699404285951102,0.30878467635402906,0.2715654952076677,308.7734657572982,0.03322147651006711,33.220270386174064,0.43031704095112283,0.18922451350566366,215.15070902767894,0.08422818791946309,42.11256498449338,0.5759577278731837,0.10130994219988963,115.19070913191712,0.19798657718120805,39.597027907447305,0.6454755614266843,0.05676900287548288,64.54708744218235,0.29899328859060403,29.89911175045386,0.7035997357992074,0.030940710888429,35.17998678996037,0.40436241610738255,20.218120805369125,0.7671730515191546,0.013494437828574748,15.343349616596528,0.5312080536912752,10.624083928387982,0.83834214002642,0.007373144732638183,8.383360525555378,0.674496644295302,6.744917465590601,0.4785998302784022,0.8415389201859294,0.1774193548387097,17.682795698924732,0.507168458781362,10.144239104373005,0.6146953405017921,6.147480587985762
2019-12-12,345,6885750,7551,3674,0.0010966125694368805,0.2101026247802348,0.9425472102560413,0.010915462299652852,0.2987683750496623,0.3276212605286088,298.75752810023414,0.03837778987479586,38.3763965481231,0.42550655542312277,0.23329944815567819,212.74555358733426,0.0884594447468699,44.22811658914896,0.5766123692226195,0.126463156060298,115.32163645109217,0.198421339139902,39.683979667796926,0.6567342073897497,0.07201777571233553,65.67294386322531,0.3121937942297224,31.219152729055605,0.7265262879088863,0.03983589296736013,36.326314395444314,0.4431137724550898,22.155688622754493,0.8021454112038141,0.017592829259224833,16.042884925401587,0.5971692977681001,11.943368610310834,0.8694212687061317,0.00953414137541426,8.694174808072935,0.7340772999455634,7.340741017139909,0.5209107087529313,0.8671797213527126,0.17750439367311072,17.691271236086703,0.523725834797891,10.475415025005502,0.6537785588752196,6.538346290775246
2019-12-13,346,6885750,9018,4785,0.001309661256943688,0.18677471711304888,0.9356999221312213,0.013004757087454452,0.22366378354402305,0.29291315713040955,223.65566330790836,0.026332288401253918,26.331332393106905,0.34486582390774007,0.22582050537322101,172.42665168259666,0.07042842215256008,35.21293260506757,0.5281658904413395,0.13834267623224608,105.6324110519171,0.19435736677115986,38.87119109600959,0.6265247283211355,0.08205292050306427,62.65201789243456,0.31494252873563217,31.494024183702386,0.6993790197383012,0.045797480303525394,34.968950986915054,0.438662486938349,21.93312434691745,0.776890663118208,0.020349242494655636,15.537790697224999,0.5830721003134797,11.661425070677868,0.8490796185406964,0.011120034505944868,8.4907715235429,0.7184952978056426,7.184932109067255,0.5260807566128308,0.8792707288781159,0.16220735785953178,16.166666666666668,0.5284280936454849,10.569468267581476,0.6722408026755853,6.722984562607205
2019-12-14,347,6885750,9923,4804,0.001441092110518099,0.310165595486383,0.9406163499204927,0.015085236254593893,0.3105915549732944,0.4475747894278246,310.58027877684606,0.017485428809325562,17.484793991259583,0.43736773153280256,0.31513215219285506,218.67592632892791,0.08159866777685262,40.79785264627236,0.5838959991937922,0.1682883615556653,116.77835186757254,0.21253122398001664,42.505936144540925,0.682253350801169,0.09831827819570711,68.2248396740996,0.36344712739383844,36.34444882877985,0.7449360072558702,0.05367607014486439,37.24680036279351,0.47793505412156534,23.896752706078267,0.8006651214350499,0.023076543252906714,16.013232661866613,0.5895087427144047,11.790123486796592,0.8634485538647586,0.012443088988127656,8.634485538647587,0.7189841798501249,7.189841798501248,0.5535588894684781,0.867772537312554,0.16910569105691056,16.85420054200542,0.5349593495934959,10.700104589382086,0.6747967479674797,6.748546207589006
2019-12-15,348,6885750,10923,5203,0.0015863195730312601,0.3192973926320097,0.9434091124068564,0.01752223623945944,0.2969880069577955,0.4711007841998257,296.9772246456056,0.007880069190851432,7.879783100625217,0.4253410235283347,0.33735114725530063,212.6627906448033,0.06304055352681145,31.51913240250087,0.5971802618328298,0.18946237183769496,119.43518510312259,0.2350566980588122,47.01099824736316,0.696969696969697,0.11056086438758024,69.69646360494193,0.38669998078031903,38.66971728278605,0.7674631511489518,0.060872090912391534,38.37315755744759,0.5181625985008649,25.90812992504324,0.8175409685983704,0.025937587136350963,16.350795626121823,0.6202191043628675,12.404364072714166,0.8559003936647441,0.013577295752393345,8.55899150664126,0.6997885835095138,6.9978756722578686,0.6012873114762656,0.8675429885566586,0.1664167916041979,16.586206896551722,0.5652173913043478,11.305317324185248,0.6821589205397302,6.822174247353167
2019-12-16,349,6885750,13307,6244,0.0019325418436626366,0.3108611050273137,0.9129131267194913,0.018235271597664426,0.2612159014052754,0.5047923322683706,261.20641781896245,0.016175528507367073,16.174941245948713,0.4032464116630345,0.38963113563752544,201.61588579064335,0.07286995515695067,36.43365478666666,0.5833771699105734,0.22547852101426125,116.6745867644059,0.20948110185778346,41.89591614967709,0.6876080258510558,0.13288216329257313,68.76030329088717,0.3581037796284433,35.81011793221636,0.7498309160592169,0.07245398104781614,37.49154580296085,0.47597693786034595,23.7988468930173,0.7999549109491245,0.030918881866344457,15.999074983931866,0.5783151825752723,11.566286854080541,0.8353498158863756,0.016143484732963002,8.353498158863756,0.6531069827033953,6.531069827033953,0.6134572670781118,0.857683066684812,0.1615720524017467,16.10334788937409,0.5720524017467249,11.442029256892896,0.6681222707423581,6.68179571108631
2019-12-17,350,6885750,14349,6722,0.0020838688596013506,0.3370290952251138,0.9187145387699173,0.0189289057313659,0.26419959579064745,0.5505373221028174,264.1900038796763,0.023951204998512346,23.950335436901888,0.3955676353752875,0.41214057507987223,197.7766370378584,0.07408509372210652,37.041202011109135,0.581016098682835,0.2421434795236712,116.19900091505464,0.20663493008033323,41.325485617213324,0.6781657258345529,0.14131981759563159,67.81608014559343,0.3368045224635525,33.680207681800326,0.742142309568611,0.0773263624151327,37.10711547843055,0.4564117822076763,22.820589110383814,0.7967105721653077,0.03320475880658054,15.934188302488812,0.5684320142814638,11.368623775265446,0.8395010105233814,0.017494074728134586,8.394997913391366,0.6591788158286225,6.59177858521345,0.5863963457166959,0.853505770341197,0.15460992907801419,15.409456264775415,0.5574468085106383,11.149892339695631,0.6595744680851063,6.596310353636729
2019-12-18,351,6885750,13999,6304,0.002033039247721744,0.324966483127063,0.9105136860348624,0.016284665107015248,0.26709050646474747,0.5429857682253848,267.08080959768154,0.01760786802030457,17.607228757016003,0.40560040002857345,0.41228579726982284,202.79283724199462,0.056313451776649745,28.15570364297604,0.5799699978569898,0.23581864126172702,115.99315730180277,0.1838515228426396,36.770037567565296,0.6818344167440531,0.13861860640738913,68.18294657258946,0.32328680203045684,32.32844545414067,0.7494106721908708,0.07617906546127873,37.47053360954354,0.4527284263959391,22.636421319796955,0.813058075576827,0.03305953155497723,16.261137895898596,0.5885152284263959,11.77028747483809,0.8539181370097864,0.01736044044456902,8.53915656769706,0.6786167512690355,6.786147801989846,0.610752397370647,0.86401756463148,0.16666666666666666,16.61111111111111,0.5780780780780781,11.562553119156892,0.6861861861861862,6.862450357733376
2019-12-19,352,6885750,11444,4541,0.0016619830810006171,0.32786263406469923,0.9116996643351059,0.008978054284465397,0.29849702901083536,0.49607900087133316,298.48619191277373,0.017397049108125964,17.396417498733424,0.44049283467319117,0.36603252977054895,220.238421169832,0.052411363135873155,26.204730156319968,0.605907025515554,0.20139998257283104,121.180525166102,0.1589958158995816,31.798932276004063,0.6957357567284166,0.11562926602573412,69.57307047681743,0.27725170667253907,27.72496934590659,0.7518350227193289,0.062476854373161965,37.59175113596645,0.38449680687073334,19.224840343536663,0.7970115344285215,0.0264923552374756,15.940207539011501,0.4921823386919181,9.843632478180695,0.8289933589653967,0.013777669341744871,8.289897472030736,0.5721206782646994,5.721181856465286,0.6270278512031342,0.8639233159398456,0.17492260061919504,17.433952528379773,0.5835913312693498,11.672827639677337,0.7027863777089783,7.028466509832244
2019-12-20,353,6885750,9252,3054,0.0013436444831717677,0.30527435609323217,0.9465824201349603,0.010301089857271037,0.3267401642888024,0.43900668022073774,326.72830180825173,0.01899148657498363,18.99079707866592,0.4895157803718115,0.3288556491431891,244.74900411670066,0.06123117223313687,30.614474600952818,0.6830955469087765,0.18356617967411193,136.6181173466295,0.21676489849377864,43.35266489887991,0.7832900994379594,0.1052455778558773,78.32844117175823,0.3883431565160445,38.83403366319605,0.8392779939472547,0.05638456232073485,41.963899697362734,0.5265225933202358,26.32612966601179,0.8851059230436662,0.02378525018225967,17.702041336196988,0.6574983628028814,13.149909964215938,0.8992650237786425,0.012082889785746547,8.992624118266784,0.6984282907662083,6.984262621527321,0.6529527658222644,0.8922052761489501,0.1857638888888889,18.51446759259259,0.6597222222222222,13.195576043453402,0.7795138888888888,7.795807425671812
2019-12-21,354,6885750,7357,2729,0.0010684384417093272,0.21913300358862114,0.9618071033910798,0.009580665253595692,0.2910153595215441,0.31092070868428695,291.00479404958935,0.007695126419934042,7.694847044156379,0.43455212722577136,0.23213767063607318,217.26817528644025,0.05203371198241114,26.0159114350049,0.6393910561370124,0.13662900461819977,127.87728266273876,0.20447050201539024,40.89380345791261,0.750305831181188,0.08016497719945395,75.0300382970151,0.3792598021253206,37.925704819838316,0.8311811879842327,0.044403296663399046,41.559059399211634,0.556614144375229,27.830707218761454,0.891803724344162,0.01905671995538619,17.836048584042473,0.7130817149138878,14.261613586498232,0.9200761179828735,0.00983040410817656,9.200721093907402,0.7882008061561011,7.881973721189717,0.6218109666487975,0.8876842830284126,0.1978021978021978,19.714285714285715,0.6410256410256411,12.821612349914238,0.7545787545787546,7.5464346973780945
2019-12-22,355,6885750,7222,2625,0.0010488327342700506,0.2546399715800748,0.957066179141419,0.009435335277652179,0.32013292716698977,0.33575370316584374,320.12130456580013,0.017523809523809525,17.523173312310693,0.4639988922736084,0.24331977926227127,231.99102326989535,0.06019047619047619,30.094145471142276,0.648573802270839,0.13604809898631967,129.71381855373173,0.22057142857142858,44.11396538632299,0.7594849072279147,0.07965668477155886,75.94793923646655,0.392,39.199715356240375,0.83550263085018,0.043815125440220745,41.775131542508994,0.5626666666666666,28.133333333333333,0.8806424813071172,0.018472852748708208,17.6127728903929,0.6788571428571428,13.577083704180415,0.9033508723345334,0.009474570855964448,9.03344312814417,0.7405714285714285,7.405660510450077,0.6050676691349431,0.8668537709947617,0.1935483870967742,19.29032258064516,0.6218637992831542,12.438342647411424,0.7096774193548387,7.097382836275106
2019-12-23,356,6885750,7635,3094,0.001108811676287986,0.26320611152356604,0.9386012097010592,0.010143687768803415,0.3193189259986902,0.3540516990996224,319.3073329502587,0.03070458952811894,30.703474781185736,0.4636542239685658,0.2570432762126053,231.81869537405987,0.08047834518422754,40.23771168692236,0.6352324819908317,0.14086961573092452,127.0455738728505,0.21460892049127342,42.92147242942828,0.7371316306483301,0.08173342240553022,73.71262780993841,0.3797672915319974,37.97645339200167,0.7994760969220694,0.04432342155901681,39.97380484610347,0.5135746606334841,25.678733031674206,0.8423051735428946,0.018679129101217586,16.846079005724818,0.614414996767938,12.288282089398493,0.8582842174197773,0.009516755618487456,8.582842174197774,0.6528765352294764,6.528765352294764,0.5395010691591909,0.8396734066233832,0.1794425087108014,17.88443670150987,0.5679442508710801,11.359859192809031,0.6498257839721254,6.4988151517143695
2019-12-24,357,6885750,7397,3227,0.0010742475402098536,0.1998060775921408,0.9281765988692605,0.0107529287982568,0.2840340678653508,0.305111821086262,284.0237558530119,0.026030368763557483,26.02942371676822,0.43490604299040153,0.23358989253557944,217.44512674420255,0.07840099163309576,39.19907262108547,0.6244423414897932,0.13416015568270934,124.88756144277625,0.2491478153083359,49.829201233244476,0.7186697309720157,0.07720235847686543,71.86645124808385,0.38704679268670594,38.7043982215935,0.7719345680681358,0.041462440547507536,38.59672840340679,0.4889990703439727,24.449953517198637,0.8143842098147898,0.017496928452550038,16.287613234033586,0.5810350170436939,11.620649711749765,0.8376368798161417,0.008998215170038093,8.376295810070273,0.6318562132011156,6.318507074766196,0.5414589831420965,0.8501293665113017,0.17881944444444445,17.822337962962962,0.5590277777777778,11.18151443682104,0.6545138888888888,6.545700221555173
2019-12-25,358,6885750,7647,3705,0.001110554405838144,0.24561896089954136,0.8961323129081349,0.007169037160033287,0.3148947299594612,0.3496950334011037,314.88329753388905,0.00863697705802969,8.63666348784896,0.43324179416764746,0.2405605576532094,216.6130325435578,0.05317139001349527,26.58472979853508,0.5645351118085524,0.12538848064131983,112.90620250764587,0.1584345479082321,31.686679492843513,0.6407741598012292,0.07116093990531239,64.07695069347518,0.2739541160593792,27.3952126790768,0.7001438472603635,0.038877391714773266,35.00719236301818,0.38596491228070173,19.29824561403509,0.7549365764352034,0.01676793847011804,15.09870960123124,0.4966261808367072,9.932509192003078,0.781090623774029,0.008674423738265638,7.810894894175836,0.549527665317139,5.495268672532138,0.46704177523231344,0.8301000640893261,0.17625231910946196,17.566481137909708,0.5120593692022264,10.242065702001991,0.6103896103896104,6.104419594127998
2019-12-26,359,6885750,8897,5020,0.0012920887339795955,0.23797922688594914,0.8722525101311844,0.008918480184490372,0.28031920872204114,0.36218414173685737,280.30903157969715,0.0099601593625498,9.95979775351108,0.3778801843317972,0.24411850130699972,188.93323259241018,0.04820717131474104,24.10271056349681,0.4971338653478701,0.12846728049028436,99.42605109991858,0.1553784860557769,31.075471560561322,0.5701921996178487,0.07367335676319382,57.018805926959864,0.25219123505976093,25.21894038184015,0.6323479824659998,0.04085248520495226,31.617399123299993,0.3547808764940239,17.739043824701195,0.7027087782398561,0.018159162796371652,14.054114333496248,0.4770916334661355,9.541791097419441,0.7487917275486119,0.009675039501812437,7.487906400989658,0.5581673306772909,5.581665200662171,0.4063528169755702,0.8267687238109306,0.16666666666666666,16.61111111111111,0.4843137254901961,9.687105236605792,0.5882352941176471,5.882857431137119
2019-12-27,360,6885750,13585,8879,0.0019729150782412954,0.2178686509797995,0.8029221909804718,0.013383942673019344,0.22613176297386825,0.4461225675283183,226.12355313640913,0.017231670233134364,17.23104462791242,0.31505336768494663,0.31077548649433634,157.5209647499725,0.060479783759432366,30.238794003885523,0.42186234817813767,0.16645850881524296,84.37185698009269,0.15418402973307804,30.836582030687563,0.48656606551343395,0.0959946556681867,48.65625324013372,0.22626421894357474,22.626257596658625,0.5377990430622009,0.0530515920560578,26.88995215311005,0.2975560310845816,14.877801554229078,0.6114096429885904,0.024125080963957605,12.228139583921315,0.40837932199572025,8.167550855333834,0.6740522635259477,0.013298440116355906,6.740503057136377,0.5039981979952698,5.039967341119335,0.4467938630250492,0.819586142507506,0.17482517482517482,17.424242424242426,0.47027972027972026,9.406401060346171,0.5909090909090909,5.909597692187744
2019-12-28,361,6885750,16730,11478,0.0024296554478451873,0.19197618902488095,0.7323302402418481,0.010922921086000903,0.19205020920502092,0.46659889631135637,192.04323671703062,0.007666840913051054,7.666562564194205,0.27627017334130305,0.33560848097589313,138.1300716007027,0.03702735668234884,18.513006191946236,0.3655110579796772,0.1776118969473409,73.10168077735521,0.10663878724516467,21.32760258135271,0.42343096234309624,0.1028783874059659,42.342788767521206,0.17154556542951735,17.15443197822038,0.4786610878661088,0.058149075990269763,23.933054393305444,0.2456874019864088,12.284370099320439,0.554991034070532,0.02696862229115656,11.099772321657579,0.35467851542080503,7.093539403114268,0.6099820681410639,0.014820441026117669,6.099811822808712,0.4342219898937097,4.342213592850479,0.4638623227537579,0.8094507800689964,0.17766497461928935,17.707275803722506,0.467005076142132,9.340902560709093,0.5922165820642978,5.922673725087288
2019-12-29,362,6885750,16119,10509,0.002340921468249646,0.20393708451344508,0.7490831470179082,0.008739340332421746,0.19163719833736584,0.4485913447574789,191.63024084396122,0.0033304786373584546,3.3303577225081296,0.283392269991935,0.33168748184722624,141.69099064020958,0.019411932629174993,9.705613934166548,0.3908431044109436,0.18298527404223183,78.1680532747874,0.09077933200114188,18.15573456466533,0.4483528754885539,0.10495512503993726,44.83496198546734,0.16100485298315728,16.100368387533408,0.49668093554190706,0.05813455324401844,24.834046777095356,0.23094490436768483,11.547245218384242,0.5703827780879707,0.026704387024816433,11.407638994734771,0.342658673517937,6.853163517683261,0.6200136484893604,0.014513948290610083,6.200100467899274,0.41840327338471783,4.18400842853009,0.5237224658621547,0.8255217707720949,0.1903114186851211,18.967704728950405,0.5121107266435986,10.243092938921103,0.6176470588235294,6.177000302693976
2019-12-30,363,6885750,13311,6749,0.0019331227535126893,0.1968182198132859,0.8092681874748364,0.008418840102688492,0.18698820524378335,0.36145803078710426,186.9814165346182,0.0,0.0,0.3373150026294042,0.3260238164391519,168.651378111779,0.010816417246999556,5.408012275524775,0.505371497257907,0.195387609282872,101.07356551870902,0.10268187879685879,20.536226638167545,0.5927428442641425,0.11458363588834994,59.27385401684363,0.2176618758334568,21.766029532083785,0.6613327323266471,0.06392186762516792,33.06663661633236,0.33767965624536966,16.883982812268485,0.7103899030876718,0.02746537782321777,14.207777428158797,0.4322121795821603,8.644231037845817,0.7407407407407407,0.014319407008086253,7.407396649833214,0.491183879093199,4.911831657603511,0.5654201153631706,0.851010748174396,0.20109689213893966,20.042656916514318,0.5722120658135283,11.44522281209529,0.6636197440585009,6.636766582732571
2019-12-31,364,6885750,10823,2884,0.001571796826779944,0.33298028658088136,0.9541147419454689,0.006622094748996634,0.29806892728448675,0.4684867847807145,298.0581057288926,0.0006934812760055479,0.69345609878815,0.4626258893098032,0.36356375254138834,231.30454671180493,0.005547850208044383,2.7738243951526,0.7036865933659798,0.2212088646199425,140.73629673443307,0.11685159500693482,23.370149302012877,0.8066155409775478,0.12678265415783205,80.66096838836663,0.3058252427184466,30.582302202337324,0.8592811604915458,0.06753077006861997,42.96405802457729,0.478502080443828,23.925104022191398,0.89346761526379,0.02808686888050446,17.869274451994233,0.6033287101248266,12.066521630786998,0.9167513628383998,0.014409447904080304,9.167500314655914,0.6900138696255201,6.9001286753734155,0.6238490870418433,0.8770497489707325,0.2331288343558282,23.23517382413088,0.6319018404907976,12.63912068947374,0.7280163599182005,7.280787969988109
