date,day,n_land,n_fire,n_new,base_rate,auc_pr,roc_auc,auc_pr_new,tpr_0.001,prec_0.001,lift_0.001,tpr_new_0.001,lift_new_0.001,tpr_0.002,prec_0.002,lift_0.002,tpr_new_0.002,lift_new_0.002,tpr_0.005,prec_0.005,lift_0.005,tpr_new_0.005,lift_new_0.005,tpr_0.01,prec_0.01,lift_0.01,tpr_new_0.01,lift_new_0.01,tpr_0.02,prec_0.02,lift_0.02,tpr_new_0.02,lift_new_0.02,tpr_0.05,prec_0.05,lift_0.05,tpr_new_0.05,lift_new_0.05,tpr_0.1,prec_0.1,lift_0.1,tpr_new_0.1,lift_new_0.1,cell_auc_pr,cell_roc_auc,cell_tpr_0.01,cell_lift_0.01,cell_tpr_0.05,cell_lift_0.05,cell_tpr_0.1,cell_lift_0.1
2019-01-14,13,6885750,2836,2109,0.0004118650836873253,0.02795076824487262,0.7363975953729504,0.002062597396355416,0.20275035260930888,0.08350275922160906,202.7429916467541,0.011853959222380275,11.85352885790081,0.27397743300423133,0.0564188207958176,136.9837430517634,0.05026078710289237,25.12948117874972,0.34449929478138225,0.02837724011734294,68.89935865232516,0.11901375059269796,23.802577279144618,0.3896332863187588,0.016047518080687793,38.963045706662896,0.17923186344238975,17.92305619824037,0.4368829337094499,0.008996841302690338,21.844146685472495,0.24276908487434803,12.138454243717403,0.48589562764456984,0.0040024630541871924,9.717898439834084,0.30867709815078237,6.173532997350328,0.535966149506347,0.0022074446069368947,5.35963036044278,0.3760075865339023,3.760054022814838,0.2797681462764529,0.7193832276755389,0.18610421836228289,18.548387096774192,0.4044665012406948,8.090023792397497,0.46153846153846156,4.615780445969125
2019-01-15,14,6885750,2575,1958,0.0003739607159713902,0.03211649613863801,0.6598125449346534,0.00224187068611765,0.20388349514563106,0.07624164972407783,203.87609304371608,0.0296220633299285,29.62098788470159,0.26485436893203884,0.04952076677316294,132.42237662458513,0.06741573033707865,33.70664138603974,0.3390291262135922,0.02535653083156641,67.80533288289647,0.13789581205311544,27.5789621494885,0.39029126213592236,0.01459525400098754,39.02884281060192,0.19867211440245147,19.867067178057457,0.4407766990291262,0.008241658497621901,22.038834951456312,0.26455566905005107,13.227783452502553,0.4722330097087379,0.0035319165003819468,9.444619045633006,0.3059244126659857,6.1184615962601505,0.5021359223300971,0.0018777856361743132,5.0213446385581655,0.3452502553626149,3.4524925256915724,0.22404658222198764,0.6951296772266373,0.164021164021164,16.347442680776012,0.3915343915343915,7.831359416265076,0.4365079365079365,4.365453728661276
2019-01-16,15,6885750,2347,1515,0.0003408488545183894,0.04945527210408761,0.7503253933698695,0.0017544852247892075,0.2786536003408607,0.0949753122277084,278.6434836693409,0.013861386138613862,13.860882893401163,0.3532168726033234,0.06019459773453384,176.60202443569085,0.04884488448844884,24.421555574087762,0.4341712824882829,0.02959714194429115,86.83362596629858,0.12871287128712872,25.74238733234618,0.49424797613975285,0.01684626332452293,49.42443872468418,0.21716171617161717,21.716013929081775,0.5372816361312314,0.009156591511454816,26.86408180656157,0.28316831683168314,14.158415841584159,0.573924158500213,0.003912410794419804,11.478433160492616,0.33993399339933994,6.79865024746508,0.5905411163187048,0.0020128467840197974,5.905394010679301,0.36567656765676565,3.6567550553425026,0.25555548960028984,0.7284221335559671,0.18051575931232092,17.991404011461317,0.4355300859598854,8.711348769087863,0.4785100286532951,4.785510672492346
2019-01-17,16,6885750,2141,1120,0.0003109319972406782,0.09886463741160936,0.7876075147867375,0.0017701694387957305,0.39701074264362446,0.12343886145803079,396.9963289512544,0.01875,18.749319270984607,0.48715553479682394,0.07573337205925065,243.56892417421076,0.07410714285714286,37.05222617837434,0.5623540401681457,0.03497051903918209,112.46999134705655,0.1669642857142857,33.39261466662241,0.6132648295189164,0.019068227366464317,61.326037640650014,0.26071428571428573,26.071239258432467,0.6492293320878094,0.010093308644664706,32.46146660439047,0.3294642857142857,16.473214285714285,0.6674451191032228,0.004150582795267929,13.348844223501233,0.36428571428571427,7.285682543278633,0.6791219056515647,0.0021116011716917644,6.791199331142722,0.38660714285714287,3.8660601994091754,0.3353831675248543,0.7620161393987805,0.23248407643312102,23.170912951167725,0.49044585987261147,9.809758442494891,0.5318471337579618,5.318927467196906
2019-01-18,17,6885750,2040,1014,0.00029626402352684895,0.12137231762706012,0.8254353617695493,0.0014618403533830635,0.4137254901960784,0.12256752831832704,413.7104696656472,0.021696252465483234,21.695464771159045,0.5004901960784314,0.07413592796979379,250.23601275392528,0.0641025641025641,32.0501184119395,0.5769607843137254,0.034186296436143945,115.39131896332262,0.15877712031558186,31.755193476807857,0.6191176470588236,0.018342095326614193,61.91131514472239,0.23471400394477318,23.47122996111885,0.6553921568627451,0.00970845586900483,32.76960784313725,0.3067061143984221,15.335305719921106,0.6813725490196079,0.004037305868035284,13.627391608247036,0.358974358974359,7.179455899862303,0.7,0.0020738481646879426,7.0,0.39644970414201186,3.9644970414201186,0.3540386554234961,0.8035283750554802,0.25461254612546125,25.37638376383764,0.5313653136531366,10.628217705847728,0.6014760147601476,6.0152759932402065
2019-01-19,18,6885750,2482,1344,0.0003604545619576662,0.11661674301379459,0.7913734792791728,0.002590638663334319,0.39605157131345686,0.14275341272146383,396.037192444327,0.031994047619047616,31.992886057632465,0.4786462530217567,0.08626198083067092,239.3144377537439,0.08854166666666667,44.26922605649143,0.5584206285253828,0.040256760289291,111.68331473085638,0.19419642857142858,38.83900368978809,0.6035455278001611,0.021754915913909784,60.35411452627087,0.2693452380952381,26.934328229316648,0.6498791297340855,0.011712509802782538,32.49372053767521,0.3541666666666667,17.708204747451276,0.6708299758259468,0.004836025339030064,13.41646312579624,0.39285714285714285,7.85706298285047,0.6817082997582594,0.0024572343914060694,6.817043396706021,0.41294642857142855,4.129440297388846,0.367363095038011,0.7802783244733276,0.2517241379310345,25.088505747126437,0.5379310344827586,10.759543384396995,0.5724137931034483,5.7246288519548125
2019-01-20,19,6885750,2572,1481,0.0003735250335838507,0.13610822570791065,0.738071067155579,0.002382419638333526,0.37558320373250387,0.14028463549230322,375.5695679786652,0.031060094530722483,31.05896687698553,0.4513996889580093,0.08430148126633749,225.69165032258297,0.08642808912896692,43.21247565493639,0.52099533437014,0.03892067733596677,104.19831025121819,0.1775827143821742,35.51628497943757,0.5641524105754276,0.021072351796450665,56.41483140840209,0.24442943956785956,24.442766468738405,0.5968118195956454,0.01114612681169944,29.840374297690285,0.3011478730587441,15.057284316377524,0.6189735614307932,0.004624022260368469,12.379417293675035,0.33963538149898714,6.792678035477901,0.6279160186625194,0.0023453690216688862,6.279014284975324,0.3551654287643484,3.551571761922698,0.3592352870032153,0.7391683753991496,0.2582781456953642,25.741721854304632,0.5,10.000857632933105,0.5397350993377483,5.393188511891588
2019-01-21,20,6885750,2414,1502,0.00035057909450677123,0.0989190699421504,0.8238775529302776,0.0030756488998928246,0.35459817729908866,0.12431019459773453,354.58530341812366,0.039280958721704395,39.27953260499216,0.4146644573322287,0.07268370607028754,207.32470135604078,0.08921438082556592,44.605570924313135,0.49378624689312345,0.034621975660054025,98.75653227059527,0.19440745672436752,38.881209013907274,0.5468102734051367,0.019169885852043336,54.68063028405443,0.2762982689747004,27.62962626844438,0.5923777961888981,0.01038376356969103,29.61888980944491,0.34687083888149134,17.343541944074566,0.6362883181441591,0.004461316378782026,12.725563071747445,0.4167776298268975,8.335419438038413,0.6615575807787903,0.0023192387901038065,6.615450910918511,0.4573901464713715,4.573815113050542,0.33787246545339394,0.7314777496675515,0.2515923566878981,25.075371549893845,0.4681528662420382,9.363860331472397,0.5095541401273885,5.095978411685659
2019-01-22,21,6885750,1942,1061,0.0002820317322005591,0.07347848403180582,0.8840959810135913,0.003564638385623137,0.4057672502574665,0.11443508568109208,405.75251865529344,0.0527803958529689,52.77847963180084,0.5030895983522142,0.07094103979088005,251.5356667044554,0.1291234684260132,64.55939026389925,0.5813594232749743,0.032792122919631704,116.27104036758703,0.23751178133836004,47.50201133784347,0.650875386199794,0.018356617967411195,65.08706599850754,0.36380772855796417,36.38050868334837,0.6992790937178167,0.009860944704643649,34.96395468589084,0.4514608859566447,22.573044297832237,0.7492276004119465,0.0042260516478696926,14.984312633531792,0.5428840716305372,10.85750798369404,0.786302780638517,0.0022176104702583146,7.862982129547472,0.6107445805843544,6.10741032729537,0.36344365826405645,0.7762522480069908,0.26101694915254237,26.014689265536724,0.5050847457627119,10.102561269878189,0.5694915254237288,5.695403668924616
2019-01-23,22,6885750,1512,845,0.0002195839233198998,0.07467768495827509,0.8495641386674679,0.001792386254884929,0.3644179894179894,0.08001742666279407,364.40475902336925,0.02485207100591716,24.85116873787309,0.4437830687830688,0.048722044728434506,221.88347849789545,0.07337278106508875,36.68505861305075,0.542989417989418,0.02384617618867815,108.5970950338562,0.1881656804733728,37.632862828415774,0.6177248677248677,0.013564146504400361,61.77203822266851,0.31715976331360946,31.715746031495055,0.6593915343915344,0.007239589006281088,32.96957671957672,0.39171597633136096,19.585798816568047,0.6858465608465608,0.0030119694562480213,13.716712092169189,0.4390532544378698,8.78092481330019,0.7136243386243386,0.0015669838392991995,7.136150113395809,0.4887573964497041,4.8875100824351865,0.31021032494080597,0.7721739195206683,0.2631578947368421,26.228070175438596,0.47368421052631576,9.474496704883993,0.5141700404858299,5.142141374018236
2019-01-24,23,6885750,1148,649,0.0001667211269651091,0.08768368944705414,0.8410526226416941,0.0008990740816912551,0.3885017421602787,0.06476909671797851,388.4876373918297,0.029275808936825885,29.274746062554293,0.45557491289198604,0.03797560267208829,227.77918649767594,0.07087827426810478,35.43785049677625,0.519163763066202,0.017310987830027012,103.83199865035584,0.15408320493066255,30.816417216628704,0.5583623693379791,0.00930901275087862,55.83583148899169,0.22033898305084745,22.033738309889525,0.5827526132404182,0.004857858621065243,29.137630662020904,0.26348228043143296,13.17411402157165,0.6236933797909407,0.002079654242959383,12.473849480363738,0.3359013867488444,6.718017978569846,0.671602787456446,0.0011196972315449644,6.71598886072364,0.4206471494607088,4.2064470589417855,0.27288795070980043,0.7545719881925461,0.27884615384615385,27.791666666666668,0.4326923076923077,8.65458833619211,0.46634615384615385,4.663861492281304
2019-01-25,24,6885750,878,388,0.00012750971208655556,0.09191857975022429,0.9171874120873049,0.0013413016140356997,0.4988610478359909,0.06360731919837351,498.8429364125289,0.04896907216494845,48.96729431597355,0.5888382687927107,0.037539936102236424,294.40844534849026,0.11082474226804123,55.410359357549005,0.6708428246013668,0.017107670858868978,134.16759067933606,0.26288659793814434,52.57693780686565,0.7209567198177677,0.0091928316245026,72.09514847200316,0.36855670103092786,36.85540248226366,0.7471526195899773,0.004763426181416829,37.35735971377099,0.42783505154639173,21.39159724495024,0.7949886104783599,0.0020273665438047686,15.899702937361829,0.5360824742268041,10.721602772401141,0.8246013667425968,0.00105144377462506,8.24598971654272,0.6030927835051546,6.030910317975503,0.31509985959692904,0.8330801104972375,0.3149171270718232,31.386740331491712,0.5469613259668509,10.940164703429584,0.5966850828729282,5.967362565507046
2019-01-26,25,6885750,927,419,0.00013462585774970046,0.11886951349053104,0.9109052564787322,0.0013794263211690928,0.4929881337648328,0.06636654080743537,492.97023556073157,0.021479713603818614,21.47893377105635,0.5728155339805825,0.03855649143189079,286.397368799506,0.09307875894988067,46.53768983728876,0.656957928802589,0.017688576490749078,131.39063168411593,0.2529832935560859,50.596291312667184,0.7162891046386192,0.009643033489209678,71.62839034339326,0.37708830548926014,37.708556733025546,0.756202804746494,0.005090222561086302,37.81014023732471,0.4630071599045346,23.15035799522673,0.7950377562028047,0.0021406248184680445,15.900547296403817,0.548926014319809,10.978376793833796,0.8220064724919094,0.0011066252287315924,8.22000503639543,0.6085918854415274,6.085874662608553,0.25924484709870826,0.8208394932892715,0.2962962962962963,29.530864197530864,0.5493827160493827,10.988596658407978,0.5925925925925926,5.9264341528492475
2019-01-27,26,6885750,1055,553,0.0001532149729513851,0.16791458067619933,0.9018717570354703,0.002362138469045761,0.45687203791469194,0.06999709555620098,456.85545092522364,0.05063291139240506,50.63107313683607,0.5298578199052133,0.040589602091199536,264.9192915634855,0.12296564195298372,61.48058880901523,0.6360189573459716,0.01948938394957739,127.20286780170855,0.30560578661844484,61.12071350338252,0.6890995260663507,0.010557959859420837,68.90945222939055,0.40687160940325495,40.686865497813805,0.7327014218009479,0.005613000668041476,36.63480507105838,0.49005424954792043,24.502534555350092,0.7962085308056872,0.0024398107403954235,15.924101237609277,0.6112115732368897,12.22417820614633,0.8227488151658767,0.001260567051856069,8.227440357647323,0.6618444846292948,6.618406399318258,0.35038815177395205,0.8187155756562571,0.3433734939759036,34.222891566265055,0.5421686746987951,10.844303457397341,0.608433734939759,6.084859162206286
2019-01-28,27,6885750,1025,578,0.00014885814907599027,0.15982703506847296,0.8107130526583728,0.0018299916040144491,0.455609756097561,0.06781876270694162,455.5932149359251,0.06920415224913495,69.20163975449911,0.5092682926829268,0.037902991577112986,254.62490170937144,0.13667820069204153,68.33661925756789,0.5736585365853658,0.01707862557727497,114.73087421338647,0.24567474048442905,49.13459131228492,0.6273170731707317,0.009338058032472625,62.7312518020472,0.3408304498269896,34.08279749478918,0.6526829268292683,0.004857858621065243,32.63414634146341,0.38581314878892736,19.290657439446367,0.6624390243902439,0.0019721688920128614,13.24864580310006,0.4031141868512111,8.062201777306774,0.6936585365853658,0.0010325672584685765,6.936585365853659,0.458477508650519,4.58477508650519,0.30780211586842543,0.7499954370696754,0.3395061728395062,33.83744855967078,0.4567901234567901,9.136585985642588,0.49382716049382713,4.938695127374372
2019-01-29,28,6885750,940,493,0.00013651381476237156,0.10975825601546405,0.7446519833193065,0.0005543613615076756,0.4819148936170213,0.06578565204763288,481.8973974329661,0.04462474645030426,44.62312632445288,0.5159574468085106,0.03521638106302643,257.96935734546196,0.0872210953346856,43.608964362533506,0.5446808510638298,0.014871184176130588,108.93537919233107,0.13793103448275862,27.586006584264872,0.5563829787234043,0.007595341136832322,55.63789386483315,0.15821501014198783,15.821386129210735,0.5914893617021276,0.004037323457865882,29.574468085106382,0.22515212981744423,11.257606490872211,0.601063829787234,0.0016410441106847946,12.0210845586679,0.2434077079107505,4.868076390593043,0.6106382978723405,0.0008335898970066281,6.106267695014244,0.2616632860040568,2.6165834600696414,0.2584242330756646,0.7004981590421071,0.3356164383561644,33.449771689497716,0.4383561643835616,8.767875185037243,0.4931506849315068,4.931929791583449
2019-01-30,29,6885750,987,382,0.00014333950550049013,0.22942581267503065,0.8626726159780352,0.0014991950016566174,0.624113475177305,0.08945686900958466,624.0908163958943,0.09162303664921466,91.61971022470664,0.6737588652482269,0.04828637815858263,336.86720203187474,0.17277486910994763,86.38429821186625,0.7244174265450861,0.020767376339713612,144.88243326360995,0.2931937172774869,58.63831766079339,0.7406281661600811,0.010616050422608847,74.06227882216704,0.33507853403141363,33.507610091881936,0.7477203647416414,0.00535889336673565,37.38601823708207,0.35340314136125656,17.670157068062828,0.75177304964539,0.0021551661540159576,15.035395486337771,0.36387434554973824,7.277455204404178,0.7548125633232016,0.0010819414531708146,7.548103709393047,0.3717277486910995,3.717266689926818,0.3235764948847521,0.7720523037101601,0.391304347826087,39.0,0.4782608695652174,9.566037735849058,0.5144927536231884,5.145368782161235
2019-01-31,30,6885750,981,392,0.00014246814072541117,0.1251314869820042,0.9077422811762011,0.00218871586748335,0.5657492354740061,0.08059831542259657,565.7286956382715,0.11224489795918367,112.24082284671056,0.6523955147808359,0.046471100784199824,326.1859146022466,0.1989795918367347,99.48618388685709,0.7390417940876657,0.021057829155653664,147.80728553368218,0.35459183673469385,70.91785238595132,0.764525993883792,0.010891980597751896,76.45204424155975,0.41581632653061223,41.58133071550384,0.7747196738022426,0.00551860350286096,38.7357024157236,0.4413265306122449,22.06616629994529,0.7889908256880734,0.0022481113250786403,15.779747764179662,0.4770408163265306,9.54077475905535,0.8012232415902141,0.0011414745934767486,8.012139329289013,0.5076530612244898,5.076471632797398,0.2191409556895018,0.8313213306381688,0.359375,35.81770833333333,0.453125,9.063277229845626,0.5,5.0004288164665525
2019-02-01,31,6885750,921,363,0.0001337544929746215,0.15917723676982287,0.9107332069801145,0.0019056872796436991,0.5960912052117264,0.07972698228289282,596.0695637941685,0.09366391184573003,93.66051132613065,0.6688382193268186,0.04472843450479233,334.4069683945427,0.18457300275482094,92.28315086545224,0.7296416938110749,0.019518429231171395,145.927279129792,0.31955922865013775,63.91138164563845,0.7676438653637351,0.010267507043480787,76.76382912556768,0.4132231404958678,41.32201399502486,0.7828447339847991,0.005235335976415574,39.14138403865748,0.45179063360881544,22.589039598105558,0.8099891422366993,0.002166778006912777,16.19966521292036,0.5206611570247934,10.413147526746265,0.8360477741585234,0.00111824496535619,8.360429175028647,0.5867768595041323,5.8677345087935855,0.28722112539582634,0.7883952136033283,0.3700787401574803,36.88451443569554,0.49606299212598426,9.92211072243757,0.5354330708661418,5.354789913696466
2019-02-02,32,6885750,722,397,0.00010485422793450242,0.07482095314669972,0.8511980620844577,0.0029137413080320166,0.5193905817174516,0.05445832123148417,519.3717249580224,0.163727959697733,163.72201546451714,0.5789473684210527,0.03035143769968051,289.4631747099378,0.24685138539042822,123.42121165786678,0.6537396121883656,0.013708974731338948,130.74317556276614,0.37279596977329976,74.55648704230319,0.6662049861495845,0.006985390223358216,66.6200148621729,0.3929471032745592,39.29442499597427,0.6786703601108033,0.0035580728315724505,33.933518005540165,0.4156171284634761,20.780856423173805,0.6911357340720221,0.0014493595515408522,13.822614310280363,0.43828715365239296,8.765679422178874,0.7022160664819944,0.0007363021656287759,7.022150466729007,0.45843828715365237,4.584376213763277,0.2994677367545372,0.7626133508139408,0.3333333333333333,33.22222222222222,0.4444444444444444,8.889651229273872,0.5037037037037037,5.03746902992186
2019-02-03,33,6885750,476,343,6.912827215626475e-05,0.01593590174019279,0.7453624676850525,0.000931801340035012,0.32142857142857145,0.02221899506244554,321.41690178830754,0.0728862973760933,72.88365119916271,0.37815126050420167,0.013069997095556202,189.06876575782798,0.13994169096209913,69.96830515119619,0.46218487394957986,0.0063899619506811115,92.43630357542534,0.2536443148688047,50.72849461523343,0.47058823529411764,0.003253071538528566,47.05848182021654,0.2653061224489796,26.530419597622082,0.4810924369747899,0.001662830296913235,24.054272514643504,0.27988338192419826,13.9939658653946,0.49369747899159666,0.0006825641174591188,9.873877881920436,0.29737609329446063,5.947478679027367,0.523109243697479,0.00036160902947912323,5.230986081377884,0.33819241982507287,3.3818554388909723,0.17663357359369508,0.7470173575942807,0.29914529914529914,29.814814814814813,0.4017094017094017,8.034877072612922,0.42735042735042733,4.273870783304745
2019-02-04,34,6885750,454,339,6.59332679809752e-05,0.012354594485521127,0.7173425393709078,0.0003037169836644906,0.2643171806167401,0.017426662794074933,264.3075844367874,0.035398230088495575,35.396944936372115,0.2973568281938326,0.009802497821667151,148.67301624569293,0.061946902654867256,30.972326819325605,0.3458149779735683,0.004560109210258794,69.16249338004293,0.12684365781710916,25.368547352933845,0.3700440528634361,0.0024398036538964244,37.004136585500675,0.1592920353982301,15.929087872772413,0.3832599118942731,0.0012634605749471742,19.16271729943283,0.17699115044247787,8.849429004111999,0.3986784140969163,0.000525722650803978,7.973556702144255,0.1976401179941003,3.9527966193357775,0.44713656387665196,0.000294807467487674,4.471300703200995,0.26253687315634217,2.625330604553226,0.1686162178921092,0.7891170609132657,0.2916666666666667,29.069444444444443,0.4166666666666667,8.334048027444254,0.4666666666666667,4.667066895368782
2019-02-05,35,6885750,416,270,6.041462440547507e-05,0.020486619329264627,0.7981515198645408,0.0004963639790152194,0.37740384615384615,0.02279988382224804,377.3901443005876,0.05185185185185185,51.84996934198212,0.41346153846153844,0.012489108335753703,206.72326375700976,0.1,49.998184722625616,0.4735576923076923,0.005721920474018995,94.71085073071225,0.18888888888888888,37.77750346122939,0.5048076923076923,0.0030497545673705308,50.480402673729884,0.23703703703703705,23.70353158351648,0.5168269230769231,0.0015611952220164834,25.841346153846157,0.25555555555555554,12.777777777777779,0.5600961538461539,0.0006767550611403178,11.201841736170536,0.32222222222222224,6.444397649268542,0.5961538461538461,0.00036015992262370696,5.96146920001488,0.37777777777777777,3.777733887321257,0.17841772243845103,0.7970624256059886,0.2698412698412698,26.894179894179896,0.4603174603174603,9.207138773176508,0.5555555555555556,5.556032018296169
2019-02-06,36,6885750,390,262,5.663871038013288e-05,0.02729889533148823,0.8347276324378177,0.0007355448625754123,0.35128205128205126,0.01989544002323555,351.2692977948569,0.05343511450381679,53.43317451272967,0.4153846153846154,0.011762997386000581,207.68476730936797,0.1297709923664122,64.88314047974318,0.4846153846153846,0.0054895582212669556,96.9223731335614,0.23282442748091603,46.564547373630305,0.5153846153846153,0.002919050800197508,51.538087301179466,0.2786259541984733,27.862393100614852,0.5230769230769231,0.0014813201176342447,26.153846153846157,0.2900763358778626,14.503816793893131,0.5769230769230769,0.0006535112432978791,11.53824370138044,0.3702290076335878,7.404440360020731,0.658974358974359,0.000373228074302884,6.589628750336113,0.49236641221374045,4.923578317483141,0.1361985964794548,0.7803291115774978,0.22137404580152673,22.063613231552164,0.3969465648854962,7.939612166603381,0.5038167938931297,5.038600028805992
2019-02-07,37,6885750,530,400,7.697055513197545e-05,0.018355349016637938,0.8066504927453847,0.0017569489823869007,0.269811320754717,0.020766773162939296,269.8015251069986,0.055,54.99800319488818,0.3660377358490566,0.014086552425210572,183.01222332432775,0.1625,81.24705017426663,0.49245283018867925,0.007580818496035319,98.48985086617962,0.3275,65.4995243835139,0.5490566037735849,0.00422602709885418,54.90446433195316,0.4025,40.24912320829521,0.5660377358490566,0.0021784119376974187,28.301886792452834,0.425,21.25,0.5924528301886792,0.0009120218420517587,11.848970563977165,0.46,9.199933195852333,0.6245283018867924,0.0004806980141798653,6.2452195304509575,0.5025,5.024948916759369,0.1200269241226939,0.7434492050314583,0.19463087248322147,19.39821029082774,0.38926174496644295,7.785902586713021,0.42953020134228187,4.295670392669253
2019-02-08,38,6885750,742,528,0.00010775877718476563,0.07519560004314552,0.8214012887232781,0.0016907586176309974,0.33153638814016173,0.03572465872785362,331.52435153007826,0.07007575757575757,70.07321343701317,0.3894878706199461,0.020984606447865234,194.73686502478174,0.14583333333333334,72.91401938716236,0.4865229110512129,0.010485346655435825,97.30387565049493,0.2803030303030303,56.06019898658372,0.5067385444743935,0.00546051293967295,50.67348648834639,0.3087121212121212,30.87098795544982,0.5256064690026954,0.002831832704037177,26.279369328603764,0.3352272727272727,16.76075510588018,0.5431266846361186,0.0011705316479226693,10.862517917363235,0.35984848484848486,7.196959245008407,0.5673854447439353,0.000611394298494024,5.6737308502092,0.3939393939393939,3.939308125035481,0.13496059271881264,0.7643823926546043,0.2111801242236025,21.04761904761905,0.30434782608695654,6.087478559176672,0.36024844720496896,3.6027934329821125
2019-02-09,39,6885750,1173,889,0.00017035181352793814,0.08649508645256612,0.8342410280548681,0.002073146638083919,0.2898550724637681,0.04937554458321231,289.84454911667024,0.0686164229471316,68.61393179032987,0.32821824381926684,0.027955271565495207,164.10316383811477,0.11473565804274466,57.36574625093153,0.391304347826087,0.01333178425164832,78.26030128796882,0.1968503937007874,39.36979286140163,0.43137254901960786,0.007348456243283279,43.136941668531826,0.24971878515185603,24.97169718637475,0.46462063086104005,0.003957448353483644,23.231031543052005,0.29358830146231724,14.679415073115859,0.5234441602728048,0.0017833802898719103,10.468807187540925,0.3712035995500562,7.424018082435736,0.5745950554134698,0.0009788302542780255,5.745933864786798,0.43869516310461193,4.386938888966058,0.1404340334640406,0.7470213248840749,0.1836734693877551,18.306122448979593,0.3010204081632653,6.020924493296461,0.37755102040816324,3.775834004270662
2019-02-10,40,6885750,1811,1388,0.00026300693461133503,0.102972942143424,0.8249246510006092,0.004431671524229087,0.2887907233572612,0.07595120534417658,288.7802386519403,0.07348703170028818,73.48436371336906,0.34014356709000554,0.04472843450479233,170.06560899578892,0.13904899135446686,69.52197155235406,0.4124792932081723,0.021696825350721774,82.4952596127733,0.2334293948126801,46.68553996141079,0.4583103257868581,0.012053791861512097,45.83069978487406,0.29322766570605185,29.32255364860215,0.5229155162893429,0.006876420485488356,26.145396111513776,0.37752161383285304,18.875806563093647,0.5985643290999448,0.003148508524790148,11.971199654651441,0.4762247838616715,9.524426516818682,0.6438431805632248,0.0016933202437451713,6.438310253102326,0.5353025936599424,5.35292487567885,0.18095923731782468,0.6938067840807964,0.1895734597156398,18.894154818325433,0.32701421800947866,6.54084527651549,0.3981042654028436,3.981384081357255
2019-02-11,41,6885750,1990,1505,0.00028900265040119087,0.05816129115690562,0.806430227588896,0.003220240805421488,0.26030150753768844,0.07522509439442347,260.29205714894545,0.03122923588039867,31.22810208589241,0.31256281407035175,0.045164101074644206,156.2757331531313,0.09169435215946845,45.84551157290588,0.39899497487437185,0.023061953585640012,79.79841552880438,0.2059800664451827,41.19571415158491,0.4462311557788945,0.012896105027738244,44.62279155515006,0.26843853820598007,26.843658898774684,0.49447236180904525,0.007145191155647533,24.72361809045226,0.33222591362126247,16.611295681063122,0.5839195979899497,0.003375051918290051,11.67827323937976,0.4504983388704319,9.009875183716902,0.6422110552763819,0.0018559746262999447,6.4219986346959015,0.5275747508305648,5.275655567897101,0.21839532069955853,0.6968096525190914,0.2096069868995633,20.89082969432314,0.35807860262008734,7.162186252406241,0.4104803493449782,4.105155534915772
2019-02-12,42,6885750,2712,1788,0.0003938568783356933,0.15137614712932038,0.7621626753102604,0.004495148421731371,0.349188790560472,0.13752541388324135,349.17611307025413,0.04697986577181208,46.97816014206434,0.41002949852507375,0.0807435376125472,205.00730608982184,0.11129753914988814,55.64674921589764,0.4970501474926254,0.03915303958871881,99.40930765045006,0.23825503355704697,47.65066070218236,0.5534660766961652,0.021798483836300793,55.346205780165256,0.3238255033557047,32.38231519549716,0.5693215339233039,0.011211560106016047,28.46607669616519,0.3478747203579418,17.393736017897094,0.5825958702064897,0.00458918115066456,11.651900482370388,0.3680089485458613,7.3601682819315934,0.6080383480825958,0.002394797378938563,6.080374650452142,0.4065995525727069,4.065989620793517,0.2313920140167757,0.7026393588796034,0.20437956204379562,20.369829683698295,0.38321167883211676,7.664890886554569,0.4306569343065693,4.306938688635425
2019-02-13,43,6885750,3706,2732,0.0005382129760737756,0.09630074203905456,0.6458277625835169,0.001137604291950568,0.25391257420399355,0.1366540807435376,253.90335576897303,0.013543191800878478,13.542700107885414,0.28494333513221803,0.07667731629392971,142.46649505421655,0.036603221083455345,18.300946091737046,0.32379924446842956,0.034854337912806066,64.75937865167414,0.0849194729136164,16.9837712572231,0.3418780356179169,0.0183999186743926,34.18705882682106,0.10944363103953147,10.944124695834297,0.34943335132218023,0.009403205077004626,17.471160107659095,0.11932650073206442,5.96615174678739,0.3675121424716676,0.003955967353103489,7.350189476965015,0.1438506588579795,2.87699228624512,0.4001618996222342,0.0021537170134930442,4.001607373356646,0.18777452415812593,1.8777397875935669,0.262453988022919,0.7094420542008764,0.23049645390070922,22.972813238770687,0.3546099290780142,7.09280683186745,0.40425531914893614,4.042899894164447
2019-02-14,44,6885750,3449,2611,0.0005008895182078931,0.06461965383414926,0.5881570118621537,0.0012368616173109223,0.21281530878515512,0.10659308742375835,212.80758240885595,0.00995787054768288,9.957509021740837,0.2597854450565381,0.06505954109787976,129.88800670186302,0.03906549214860207,19.53203692726087,0.31139460713250217,0.03119463243196143,62.27846919929789,0.09421677518192263,18.843218208746226,0.3409683966367063,0.01707862557727497,34.09659207559326,0.13213328226733054,13.213232280523268,0.3514062046970136,0.008800592515139634,17.56992748945281,0.14592110302566066,7.295896216608889,0.3644534647723978,0.0036510131053071847,7.289058709732951,0.16315587897357334,3.2631128405354897,0.3899681066975935,0.0019533093708020187,3.8996810669759356,0.19685944082726925,1.9685944082726925,0.2831669800079773,0.7195667794724399,0.24528301886792453,24.446540880503143,0.41509433962264153,8.302598789604842,0.4528301886792453,4.528690248875368
2019-02-15,45,6885750,2892,1449,0.0004199978215880623,0.14977321538255028,0.9174331666304928,0.008660913703477753,0.43015214384508993,0.18065640429857682,430.1365269360046,0.022774327122153208,22.773500287738376,0.5487551867219918,0.11523380772582051,274.36763193225056,0.1456176673567978,72.80619031383027,0.6815352697095436,0.057248250021783964,136.30606417271747,0.3699102829537612,73.9815193833356,0.7721300138312587,0.03242905689970664,77.21244071478388,0.5452035886818496,54.51996297839097,0.8105117565698479,0.017020658606542498,40.52558782849239,0.621808143547274,31.0904071773637,0.8322959889349931,0.006991199279677017,16.64579890734302,0.6652864044168392,13.305631471182,0.851313969571231,0.0035754637791867924,8.513053152674777,0.7032436162870945,7.032364672397566,0.38422395698729084,0.800081407855209,0.3135593220338983,31.251412429378533,0.5296610169491526,10.594128848446086,0.5550847457627118,5.551323516585749
2019-02-16,46,6885750,1549,666,0.00022495733943288677,0.0622965759242468,0.8817277717775582,0.00186273445254042,0.4041316978695933,0.09090909090909091,404.117025647045,0.010510510510510511,10.510128920672052,0.5300193673337638,0.05961370897473134,265.0000623452268,0.06306306306306306,31.530386762016157,0.6597805035506779,0.029684277789073166,131.9551425346098,0.23123123123123124,46.24591043743502,0.7333763718528082,0.01649771994539487,73.33710465719996,0.3948948948948949,39.489202743653934,0.7566171723692705,0.008510329303271249,37.83085861846352,0.44894894894894893,22.44744744744745,0.7721110393802453,0.0034738358583511477,15.44219836129207,0.48348348348348347,9.66965562667417,0.7856681730148483,0.00176738998469327,7.856556221498827,0.515015015015015,5.150067877708288,0.3192668582107696,0.7586502369138695,0.27091633466135456,27.00132802124834,0.46215139442231074,9.243820600958088,0.5298804780876494,5.2992592238251115
2019-02-17,47,6885750,1873,1035,0.000272011037287151,0.1387572903162896,0.7800085627336348,0.0013216784687592898,0.3785371062466631,0.10296253267499274,378.52336324977637,0.014492753623188406,14.49222745583351,0.4442071542979178,0.06041243101945978,222.09551355699153,0.04251207729468599,21.255266935222483,0.5317672183662573,0.028929100467629032,106.35267140682146,0.1565217391304348,31.30412051518752,0.584089695675387,0.015887769031920764,58.408545441296525,0.2492753623188406,24.92735522505673,0.6070475173518419,0.008256181243873216,30.352375867592094,0.2898550724637681,14.492753623188406,0.6326748531767218,0.003441865868889599,12.653405182438096,0.336231884057971,6.724588851410653,0.6534970635344367,0.0017775763965738086,6.534942163752324,0.3739130434782609,3.7391141441208324,0.2696972931465926,0.7147247465429141,0.2206405693950178,21.990510083036774,0.3879003558718861,7.758672469677641,0.4555160142348754,4.555550807884119
2019-02-18,48,6885750,2989,2032,0.00043408488545183897,0.102243454981522,0.7487221935620756,0.0026313839000976233,0.28839076614252257,0.1251815277374383,288.3802959578674,0.01328740157480315,13.28691916841429,0.33824021411843425,0.07340981702004067,169.11396706113916,0.04625984251968504,23.129081515387835,0.42321846771495486,0.03674228121641639,84.64307891801243,0.15649606299212598,31.298985324814304,0.4881231180996989,0.021188532922826686,48.81195736813444,0.24950787401574803,24.950606225913287,0.5148879223820676,0.011175253240387758,25.744396119103378,0.28838582677165353,14.419291338582678,0.5460020073603212,0.004740217492332001,10.920024288332243,0.33415354330708663,6.683061160501591,0.5697557711609234,0.0024731913608216282,5.697483242816168,0.3690944881889764,3.6908966401299543,0.30681188768850703,0.7232601532756702,0.23170731707317074,23.09349593495935,0.39939024390243905,7.988489938501443,0.4481707317073171,4.482091683052337
2019-02-19,49,6885750,4271,3204,0.0006202664923937117,0.07418420228606322,0.7300181647994599,0.003965008967812872,0.21212830718801218,0.13157130409526577,212.12060575368207,0.01466916354556804,14.668630973554333,0.26363849215640367,0.08176009294220157,131.81446030830355,0.04588014981273408,22.93924205438816,0.35612268789510654,0.04417787330448169,71.2240203948337,0.150749063670412,30.14959380663218,0.41489112619995316,0.025734119492288477,41.48881135425553,0.22534332084893882,22.53416845588865,0.45844064621868413,0.014217768580038485,22.922032310934206,0.2824594257178527,14.122971285892636,0.5062046359166471,0.006279626359327075,10.124078015391337,0.34581772784019976,6.916344512372361,0.5373448841020838,0.003332936382304504,5.373394215512348,0.3873283395755306,3.873244020657249,0.2762405368432981,0.7310998925055406,0.21005917159763313,20.935897435897434,0.3905325443786982,7.811320754716982,0.44970414201183434,4.497427101200686
2019-02-20,50,6885750,4732,3233,0.0006872163526122789,0.12816546247502753,0.7927215093847158,0.006607844561776867,0.2781065088757396,0.19111240197502177,278.09641206667504,0.014846891432106402,14.846352407584469,0.34509721048182584,0.11857391809468487,172.54234076933145,0.06340859882462109,31.70314837036267,0.44505494505494503,0.06116936303697464,89.01034267367882,0.1920816579028766,38.41605262728318,0.5251479289940828,0.03608876238055128,52.514411572671385,0.30807299721620784,30.80707601994689,0.5737531699070161,0.019714628036161638,28.687658495350803,0.37890504175688217,18.945252087844107,0.6206677937447168,0.00853054964971594,12.413193628599226,0.44757191463037427,8.951321294616486,0.6453930684699916,0.004435182294124909,6.453836957263439,0.48376121249613363,4.837541870568269,0.31580668896350167,0.757053170887162,0.21052631578947367,20.982456140350877,0.42105263157894735,8.421774848785772,0.481994459833795,4.820357972660277
2019-02-21,51,6885750,4127,2583,0.0005993537377918164,0.12523305261508466,0.8971021593014673,0.010755151310329844,0.3186333898715774,0.19096717978507116,318.6218217119103,0.018583042973286876,18.58236830573774,0.42355221710685725,0.12692419401684576,211.7684199058628,0.10259388308168796,51.2950791772969,0.5541555609401503,0.06642655900548956,110.83030740781433,0.29190863337204803,58.38130274598681,0.6571359340925612,0.03938540184147085,65.71311624179984,0.454123112659698,45.41198151262767,0.7177126241822147,0.02150818719819918,35.885631209110734,0.5505226480836237,27.526132404181187,0.7465471286648897,0.008948877251378929,14.930877522094127,0.5965931087882307,11.931810190969099,0.7724739520232614,0.004629770820535386,7.724604901260368,0.6376306620209059,6.376195500365899,0.3814288118318631,0.7981048103500141,0.258160237388724,25.729970326409497,0.47774480712166173,9.555715601793649,0.5400593471810089,5.401056644492062
2019-02-22,52,6885750,2747,1613,0.00039893983952365395,0.06750053329595113,0.8926231568400752,0.00521591380927721,0.3046960320349472,0.12155097298867266,304.68496987868684,0.01735895846249225,17.358328236001455,0.4412085911903895,0.08800464711007842,220.59628643546503,0.08741475511469311,43.70579073707509,0.5551510738987987,0.04429405443085771,111.0294085537963,0.24426534407935524,48.852714078085924,0.6359665089188206,0.025371053472363413,63.59618909622365,0.38003719776813394,38.003443819627755,0.701856570804514,0.013999927386268743,35.092828540225696,0.4922504649721017,24.612523248605083,0.7411721878412814,0.005913653685286737,14.823422229145667,0.5592064476131432,11.184112709859772,0.7695668001456134,0.0030700728888165985,7.695578592708006,0.6075635461872287,6.07556487476268,0.37692344649945325,0.8048353972223916,0.2532051282051282,25.236111111111114,0.5,10.000857632933105,0.5544871794871795,5.545347341337908
2019-02-23,53,6885750,2242,1350,0.0003255999709545075,0.05298449821695644,0.8601742526757835,0.002606188313608616,0.2729705619982159,0.08887598024978216,272.9606516525145,0.005925925925925926,5.925710781940814,0.38224799286351474,0.062227708393842576,191.11705757042887,0.04888888888888889,24.443556975505857,0.49955396966993754,0.03253071538528566,99.91006844970148,0.18074074074074073,36.147885664862635,0.5646743978590544,0.0183856632490052,56.46702975773307,0.2837037037037037,28.37016436402129,0.627564674397859,0.010216677800691278,31.378005872484376,0.38666666666666666,19.33319294780563,0.6574487065120428,0.004281249636936089,13.14880226919388,0.4362962962962963,8.725811875449393,0.6900089206066012,0.0022466264297373757,6.899958937807376,0.48962962962962964,4.896203858072203,0.3545300232802981,0.7929055584580978,0.25170068027210885,25.086167800453513,0.5034013605442177,10.068890678055098,0.564625850340136,5.646742745125495
2019-02-24,54,6885750,2532,1380,0.00036771593508332426,0.11820371599387969,0.8949208327611667,0.0035873087320196675,0.3712480252764613,0.136508858553587,371.2345469136499,0.028985507246376812,28.984454911667026,0.4486571879936809,0.08248620389195468,224.32044962441825,0.08333333333333333,41.665153935521346,0.5406793048973144,0.03976299050219292,108.13507577032973,0.18985507246376812,37.970738773051536,0.631911532385466,0.023236225275204043,63.190694387336585,0.34130434782608693,34.1301869505864,0.6883886255924171,0.012656573358022002,34.41943127962085,0.44130434782608696,22.065217391304348,0.7191943127962085,0.00528914577826832,14.383781809917489,0.4963768115942029,9.927464144862713,0.7586887835703001,0.0027898195548778275,7.586887835703002,0.5688405797101449,5.688405797101449,0.3601774784306515,0.7999512904475945,0.24579124579124578,24.49719416386083,0.5016835016835017,10.034530554256111,0.5555555555555556,5.556032018296169
2019-02-25,55,6885750,3057,1825,0.0004439603529027339,0.09631860512180695,0.8973529625030832,0.0047259416971773115,0.2986588158325155,0.13258785942492013,298.6479728606947,0.021917808219178082,21.917012481150955,0.3755315668956493,0.08335753703165844,187.75896650825715,0.06246575342465754,31.231742785640108,0.4893686620870134,0.04345174126463156,97.873021724873,0.17643835616438355,35.287414997789774,0.5930650964998364,0.026329547764965582,59.30607900641536,0.3375342465753425,33.75317956310326,0.666993784756297,0.014805939803216789,33.34968923781485,0.4586301369863014,22.931506849315067,0.723912332351979,0.006427739486303658,14.47818356814374,0.5523287671232877,11.046527214692244,0.7670919201831862,0.003405569158468612,7.670885781133545,0.6241095890410959,6.241068699173843,0.3244791768556394,0.79938227161916,0.22895622895622897,22.819304152637486,0.45791245791245794,9.159034599857927,0.5185185185185185,5.185629883743091
2019-02-26,56,6885750,3318,2113,0.000481864720618669,0.09596316934761247,0.8975594532942676,0.006307255140499526,0.30018083182640143,0.14464130119082197,300.1699335969567,0.025082820634169428,25.081909988633768,0.3770343580470163,0.09083647981411559,188.51033480411286,0.08234737340274491,41.172191868134675,0.4912597950572634,0.04734380899822824,98.25124557249852,0.2172266919072409,43.44502291092636,0.593128390596745,0.028580557088500973,59.31240837014634,0.3691433980123048,36.91407175438188,0.6585292344786016,0.01586598507072526,32.92622263434191,0.46805489824893515,23.402574977617743,0.7115732368896925,0.006857571066336326,14.231320063298782,0.5504022716516801,11.007933527235844,0.7616033755274262,0.003669892648015615,7.616022694717757,0.628490298154283,6.284893854150964,0.32323618992154074,0.7974013520559562,0.2364217252396166,23.563365282215123,0.43769968051118213,8.754744381545274,0.48562300319488816,4.856646518229495
2019-02-27,57,6885750,2842,1839,0.00041273644846240423,0.07916497501240254,0.8498006910511748,0.0040877783164478725,0.3071780436312456,0.12677897182689515,307.1668913641954,0.022838499184339316,22.837670020122633,0.38599577762139337,0.07965437118791752,192.99088191667946,0.07939097335508428,39.694045511165534,0.48698099929627026,0.040198669726103,97.39549263424128,0.21261555193039697,42.522801612150545,0.5499648135116115,0.022698887565714948,54.996082004089274,0.3083197389885807,30.83175001801708,0.5914848698099929,0.012206368224231202,29.574243490499647,0.3719412724306688,18.597063621533444,0.6231527093596059,0.0051439343110003515,12.462999888096647,0.42033713974986403,8.406706168459133,0.6622097114707952,0.002733168936562016,6.622068263522837,0.48069603045133225,4.806939361525145,0.303154805510525,0.7710390748845186,0.23270440251572327,23.19287211740042,0.42138364779874216,8.428395740962491,0.49056603773584906,4.906081102948316
2019-02-28,58,6885750,2336,1571,0.00033925135243074463,0.04074624499891125,0.8115817298689245,0.00243087099270143,0.25,0.08480975893116469,249.9909236131281,0.02991725015913431,29.916163996987958,0.3360445205479452,0.0569997095556201,168.01616013382326,0.07256524506683641,36.28130527294284,0.4315068493150685,0.029277643846757094,86.3007432011163,0.16677275620623808,33.35430904316431,0.4922945205479452,0.016701036916552905,49.22909458397011,0.2507956715467855,25.079385043905983,0.53125,0.009011364048941655,26.562500000000004,0.3061744112030554,15.308720560152768,0.5565068493150684,0.003775842739054413,11.12992685806675,0.3437301082113304,6.874472377143279,0.589041095890411,0.0019983153736675475,5.890368186742858,0.392106938255888,3.9210409104177883,0.2820981419782032,0.7659831408890072,0.2054794520547945,20.479452054794518,0.4417808219178082,8.836374209920345,0.4828767123287671,4.829181254258794
2019-03-01,59,6885750,2170,1292,0.0003151435936535599,0.05195398189602079,0.8393669615945609,0.0018221713775805003,0.295852534562212,0.0932326459483009,295.84179347396906,0.011609907120743035,11.609485616708733,0.38064516129032255,0.0599767644496079,190.3156708796717,0.033281733746130034,16.640262717282518,0.48110599078341015,0.030323273984141277,96.22049946373309,0.13312693498452013,26.625193661438306,0.5566820276497696,0.017543350082779054,55.667798540320675,0.25773993808049533,25.773806654822547,0.5990783410138248,0.00943978506335548,29.953917050691242,0.32894736842105265,16.44736842105263,0.6317972350230415,0.00398207340840505,12.635742844205103,0.38390092879256965,7.677895921303763,0.6571428571428571,0.002070925570121743,6.5713713108137295,0.4264705882352941,4.264668721531928,0.2678399696233838,0.7783485662820224,0.22592592592592592,22.517283950617283,0.46296296296296297,9.260053363826948,0.5259259259259259,5.259710310653706
2019-03-02,60,6885750,2403,1432,0.00034898159241912645,0.09741903326941723,0.8130318196819359,0.0018513816015409677,0.33707865168539325,0.11762997386000582,337.06641386039746,0.008379888268156424,8.379584031724963,0.40532667498959635,0.07072320650595411,202.65597969137474,0.0446927374301676,22.345557417933236,0.48148148148148145,0.03360539080426385,96.29559705803571,0.13687150837988826,27.3741029024025,0.5409904286308781,0.018879433036103285,54.098650032604326,0.23324022346368714,23.323852983169477,0.5821889305035373,0.01015866100279563,29.109446525176864,0.3009776536312849,15.048882681564246,0.616729088639201,0.004304510732231549,12.334492207433787,0.35893854748603354,7.178718822364736,0.6437786100707449,0.0022466623195372486,6.437767401894969,0.40432960893854747,4.043284345466961,0.3290717789313033,0.8025893648428489,0.27380952380952384,27.28968253968254,0.5198412698412699,10.397717062811402,0.5793650793650794,5.794147676223147
2019-03-03,61,6885750,2242,1332,0.0003255999709545075,0.09335223748163524,0.8000056588926762,0.0020965256818819503,0.35504014272970563,0.11559686320069706,355.02725280294374,0.016516516516516516,16.515916875341794,0.4223907225691347,0.06876270694162068,211.18769372134906,0.06381381381381382,31.905748509183013,0.5115967885816235,0.033314937988323794,102.31861474268536,0.17942942942942944,35.88562530697069,0.5628902765388046,0.018327572685817188,56.28861892121575,0.26426426426426425,26.426234535677157,0.5905441570026762,0.009614058018371273,29.52720785013381,0.3108108108108108,15.540540540540542,0.6141837644959858,0.003999558509155126,12.283657450675697,0.3506006006006006,7.0120018286596855,0.6431757359500446,0.002094176968119714,6.431748018836004,0.3993993993993994,3.9939881936262873,0.3128839756563928,0.7806050152552914,0.2619047619047619,26.1031746031746,0.5,10.000857632933103,0.5714285714285714,5.714775790247488
2019-03-04,62,6885750,2092,1214,0.0003038158515775333,0.11115537300485073,0.804921936690041,0.0020381490709659193,0.3738049713193117,0.11356375254138833,373.79140012517433,0.01400329489291598,14.002786495628264,0.4306883365200765,0.06542259657275631,215.3363500721113,0.04942339373970346,24.71079969816752,0.5248565965583174,0.03189171919021755,104.97055708128131,0.18533772652388797,37.067276145454755,0.5841300191204589,0.017746667053937088,58.412577756523575,0.2833607907742998,28.335873320080967,0.6132887189292543,0.009316138776340058,30.66376796328086,0.33360790774299837,16.680032027341024,0.6352772466539197,0.0038601403476159492,12.705526481164686,0.371499176276771,7.429972735174553,0.655831739961759,0.001992509210998302,6.558279301927132,0.40691927512355847,4.069169113031393,0.30719516468387975,0.7894514698029449,0.2555066079295154,25.465491923641707,0.4801762114537445,9.604347858940164,0.5462555066079295,5.463023552791652
2019-03-05,63,6885750,1604,727,0.00023294484987111062,0.14865378120818212,0.8923134821610533,0.0017054202732108828,0.5399002493765586,0.1257624164972408,539.8806480024164,0.04264099037138927,42.63944226688842,0.5903990024937655,0.06876270694162068,295.18878386737197,0.11279229711141678,56.394101062658876,0.6427680798004988,0.02994568532341921,128.55268249110588,0.21182943603851445,42.365579575421904,0.683291770573566,0.01591681431351477,68.32868089730944,0.3012379642365887,30.123577685121425,0.7001246882793017,0.008154522020114003,35.00623441396509,0.33837689133425036,16.91884456671252,0.720074812967581,0.0033547105364051446,14.401308027463669,0.38239339752407153,7.647767990546908,0.7481296758104738,0.0017427194265291273,7.4812532987674185,0.4442916093535076,4.442890284347786,0.3437307495689083,0.8021184998069117,0.29439252336448596,29.341121495327105,0.49065420560747663,9.813925714560524,0.5514018691588785,5.514491591991152
2019-03-06,64,6885750,1592,419,0.0002312021203209527,0.2825090190692416,0.9502429697043805,0.0022146441311643884,0.6802763819095478,0.15727563171652628,680.2516841030596,0.057279236276849645,57.27715672281693,0.7650753768844221,0.0884403136799303,382.5238002019975,0.16467780429594273,82.33591278904935,0.8272613065326633,0.038252635859304655,165.45105990465265,0.3532219570405728,70.64387843655419,0.8630653266331658,0.01995410845508147,86.30590596393041,0.4821002386634845,48.20967379791874,0.8680904522613065,0.010035144790728746,43.40420743891988,0.5011933174224343,25.05948390485875,0.8812814070351759,0.004075076679988847,17.625602543488192,0.5513126491646778,11.026236970169395,0.8900753768844221,0.002057855212386052,8.900676211486969,0.5847255369928401,5.847204419448763,0.4119349081746492,0.8502796909823708,0.3556701030927835,35.448453608247426,0.5670103092783505,11.341178758996305,0.6288659793814433,6.28919912998886
2019-03-07,65,6885750,1185,371,0.00017209454307809608,0.22952787636592112,0.9289999532097087,0.0020231767197589037,0.6497890295358649,0.11182108626198083,649.7654385893961,0.07547169811320754,75.46895807188773,0.7274261603375527,0.06259076386871915,363.6998753662724,0.18059299191374664,90.29321769315139,0.7957805907172996,0.027389700543146767,159.1549624598927,0.3692722371967655,73.8539111585474,0.8185654008438819,0.01408696157309245,81.85594569782391,0.4393530997304582,43.9349909446833,0.8270042194092827,0.007116093990531238,41.34991071333373,0.4636118598382749,23.180424670201006,0.8455696202531645,0.0029103372157193064,16.911269606024653,0.5202156334231806,10.4042371194158,0.8641350210970464,0.0014871292161347711,8.641350210970463,0.5795148247978437,5.795148247978437,0.4018808562603707,0.8467698219253279,0.3595505617977528,35.835205992509366,0.5898876404494382,11.798764623123326,0.6460674157303371,6.461228245996106
2019-03-08,66,6885750,1493,605,0.00021682460153214973,0.23558244358596758,0.8511971256442219,0.0014164863677346307,0.5465505693235098,0.11850130699970955,546.5307265058607,0.05289256198347107,52.890641690050245,0.6115204286671132,0.06629392971246006,305.7491135415753,0.11239669421487604,56.19630679567839,0.6784996651038178,0.029422870254727118,135.69894766007184,0.2396694214876033,47.93353623422883,0.6945746818486269,0.015059759799009571,69.45595514804431,0.2793388429752066,27.933275795706138,0.6999330207635633,0.00758807981643382,34.9963969162821,0.29256198347107437,14.627992954238799,0.7153382451440053,0.0031020450842170386,14.306702571096768,0.32727272727272727,6.545426028186151,0.7260549229738781,0.0015742611211237087,7.260528141177212,0.3504132231404959,3.504122053509875,0.2635729662812395,0.7354302110743622,0.24766355140186916,24.68380062305296,0.4439252336448598,8.879266122697617,0.4953271028037383,4.953695836873408
2019-03-09,67,6885750,1498,963,0.00021755073884471553,0.07745240757754225,0.7004335948434522,0.0008092889670757288,0.3411214953271028,0.0742085390647691,341.10911072445515,0.02596053997923157,25.959597467614547,0.38384512683578104,0.04175137961080453,191.9155955641504,0.06230529595015576,31.151516961137453,0.43057409879839786,0.01873420662813326,86.11419445238225,0.12357217030114226,24.714254600804274,0.4546061415220294,0.009889918382758722,45.46028404811807,0.15991692627206647,15.991576506402764,0.4706275033377837,0.005119230880943391,23.531204298034684,0.18483904465212878,9.24188512383017,0.5246995994659546,0.0022829591332887973,10.493915789080999,0.26479750778816197,5.295911700172344,0.5393858477970628,0.0011734259681490367,5.393803644981462,0.28764278296988577,2.876398588454085,0.17601108376391172,0.6308495001166974,0.19433198380566802,19.36842105263158,0.30364372469635625,6.073395323643585,0.3643724696356275,3.644037194186151
2019-03-10,68,6885750,2048,1523,0.0002974258432269542,0.08084166880351198,0.7101881953749458,0.0017642322553133578,0.27099609375,0.08059831542259657,270.9862550884494,0.03479973736047275,34.79847393695545,0.3115234375,0.0463258785942492,155.75606373552316,0.07682206172028891,38.40963632663951,0.359375,0.02137732725318772,71.87447809259635,0.139198949441891,27.839587734743994,0.388671875,0.011560022074414011,38.86690527289857,0.17859487852921865,17.859358169458414,0.45068359375,0.006702247394982391,22.5341796875,0.26198292843072885,13.09914642153644,0.47314453125,0.0028144877864590898,9.462821911919276,0.29218647406434667,5.843687048094848,0.49462890625,0.0014711499222309196,4.946274695801541,0.32042022324359815,3.2041929256998216,0.16834026555249973,0.6543533370295664,0.15673981191222572,15.621734587251828,0.25705329153605017,5.141506745457772,0.3166144200626959,3.1664157395807004
2019-03-11,69,6885750,2092,1492,0.0003038158515775333,0.0733525208899271,0.7927211085266018,0.0016078615396061336,0.27963671128107076,0.08495498112111531,279.6265589171701,0.015415549597855228,15.414989927887255,0.31261950286806883,0.0474876561138542,156.30407652293096,0.0435656836461126,21.782050985058078,0.37141491395793497,0.022568183798541926,74.28244339904879,0.11997319034852547,23.994463836950224,0.40535372848948376,0.012315199395858142,40.535078508618646,0.16689008042895442,16.688886858660908,0.4933078393881453,0.00749373706567912,24.665391969407267,0.2902144772117963,14.510723860589811,0.5344168260038241,0.003247234187160355,10.688165776405073,0.34785522788203754,6.956993419525636,0.5650095602294455,0.0017165761422056986,5.650054575140005,0.39075067024128685,3.907478328754743,0.3121875973373966,0.7397349780622529,0.22253521126760564,22.179342723004694,0.37183098591549296,7.437257507307999,0.4422535211267606,4.422914502452105
2019-03-12,70,6885750,2038,1329,0.00029597356860182263,0.07053123484285236,0.8726861292108439,0.003460249956062243,0.30372914622178604,0.08989253557943654,303.7181191688445,0.023325808878856283,23.324962022594345,0.39352306182531893,0.05823409817020041,196.75438737755516,0.09480812641083522,47.402342174949794,0.49607458292443574,0.029364779691539108,99.2141961535895,0.23024830699774265,46.04932701820287,0.534838076545633,0.015829678468732754,53.48341929149978,0.2874341610233258,28.743207387178913,0.6089303238469087,0.009011364048941655,30.446516192345435,0.40105342362678703,20.052671181339353,0.6717369970559371,0.003976299050219292,13.43464238716756,0.49736644093303234,9.947256587918986,0.7051030421982336,0.002086918636314127,7.051030421982335,0.5485327313769752,5.485327313769752,0.3814610071622999,0.7969767391618903,0.24431818181818182,24.35037878787879,0.44886363636363635,8.978042647746765,0.5,5.0004288164665525
2019-03-13,71,6885750,1846,1104,0.00026808989579929564,0.05952343940359589,0.8734680757142588,0.0014519160455587696,0.3120260021668472,0.08364798141155969,312.0146738920082,0.016304347826086956,16.303755887812702,0.39111592632719394,0.052425210572175425,195.55086332467874,0.057065217391304345,28.531572803672226,0.47941495124593714,0.025705074210694474,95.88229401207447,0.13768115942028986,27.536031934655696,0.5292524377031419,0.01418862005867147,52.924859463162015,0.21557971014492755,21.557814475158075,0.5671722643553629,0.007602657662563991,28.35861321776815,0.27898550724637683,13.94927536231884,0.6056338028169014,0.0032472719140024804,12.112623283771711,0.3432971014492754,6.865912115415677,0.643011917659805,0.0017238474765312762,6.430109838312696,0.4057971014492754,4.057965121212979,0.3846488278801521,0.8396100917431193,0.24307692307692308,24.226666666666667,0.5107692307692308,10.216260720411665,0.56,5.600480274442539
2019-03-14,72,6885750,1784,1159,0.00025908579312347964,0.05451210680842446,0.8655046127179773,0.0008819282685512856,0.2718609865470852,0.07043276212605286,271.8511164851281,0.003451251078515962,3.451125778956039,0.33408071748878926,0.04327621260528609,167.03429425271787,0.028472821397756688,14.235893838193661,0.4013452914798206,0.02079642162130762,80.26847543661376,0.07937877480586712,15.875639682230084,0.43890134529147984,0.011371227744052978,43.88981582881883,0.1363244176013805,13.632342770610617,0.4697309417040359,0.006085030679301456,23.486547085201796,0.18377911993097498,9.18895599654875,0.5515695067264574,0.0028580640101774964,11.031342072914628,0.3097497842968076,6.194968695548631,0.6070627802690582,0.0015728134190175361,6.070627802690582,0.39516824849007764,3.9516824849007763,0.32230445321614914,0.8548672409324777,0.25572519083969464,25.487277353689567,0.5152671755725191,10.30622733164862,0.5916030534351145,5.916537912613097
2019-03-15,73,6885750,1818,1196,0.0002640235268489271,0.11391186218958824,0.8952126598043914,0.0011601922506168387,0.3217821782178218,0.08495498112111531,321.77049573966985,0.019230769230769232,19.2300710471637,0.3564356435643564,0.047051989544002325,178.21135148658638,0.034280936454849496,17.139845933341558,0.3965896589658966,0.020941648029277643,79.31735584026322,0.08277591973244147,16.555063733993403,0.4312431243124312,0.011385750384849982,43.1239992917936,0.1354515050167224,13.545052145994603,0.47414741474147415,0.00625930363431725,23.70737073707371,0.20066889632107024,10.033444816053512,0.5814081408140814,0.003070104098893949,11.62814592902036,0.3637123745819398,7.274236927449089,0.6716171617161716,0.001773224742076401,6.716161863450264,0.5008361204013378,5.0083539305080516,0.28235904873466405,0.8358693232037676,0.21923076923076923,21.849999999999998,0.49615384615384617,9.923927958833618,0.5576923076923077,5.577401372212693
2019-03-16,74,6885750,1876,1104,0.0002724467196746905,0.11794753416420488,0.913550053979157,0.0023058742873322963,0.3757995735607676,0.10238164391519024,375.7859299515038,0.02717391304347826,27.172926479687835,0.44189765458422176,0.06019459773453384,220.94080562396928,0.0806159420289855,40.30650761153696,0.509594882729211,0.027767289203868832,101.91823647949883,0.16757246376811594,33.51424939415331,0.5581023454157783,0.015205204914461645,55.809829285583305,0.25,24.999818466990035,0.6071428571428571,0.00827064393389294,30.356922424202192,0.33242753623188404,16.621256118451708,0.7158848614072495,0.003900792648036969,14.317634848731641,0.5172101449275363,10.344157830876917,0.7841151385927505,0.0021362773588001994,7.841083061491724,0.6331521739130435,6.331466568961007,0.32223552884419565,0.8052128955491349,0.2169811320754717,21.625786163522015,0.44339622641509435,8.868685070714262,0.5566037735849056,5.566515097575974
2019-03-17,75,6885750,1905,1276,0.0002766583160875722,0.04723532007650893,0.8667080753443224,0.0024347991152786894,0.27926509186351706,0.07725820505373221,279.25495299146274,0.023510971786833857,23.510118208131164,0.35590551181102364,0.04923032239326169,177.9462952332817,0.06974921630094044,34.873342008727896,0.4461942257217848,0.024688489354904294,89.23819715251035,0.1731974921630094,34.63924690410531,0.5175853018372704,0.014319323825844492,51.75815434845601,0.2797805642633229,27.977853268700446,0.5564304461942258,0.007696999622411339,27.82132028872382,0.3377742946708464,16.88859209917352,0.6220472440944882,0.00344188586299842,12.440926814247439,0.43573667711598746,8.71472088615174,0.6808398950131234,0.0018836001887957013,6.808398950131234,0.5235109717868338,5.235109717868339,0.32144950366269925,0.7844881652103352,0.20954907161803712,20.885057471264368,0.3925729442970822,7.852132252912994,0.47214854111405835,4.72189034127876
2019-03-18,76,6885750,1968,1321,0.0002858076462259013,0.05717408888394187,0.8753494028661234,0.002568420548885239,0.25152439024390244,0.07188498402555911,251.51525851320815,0.011355034065102196,11.354621814373719,0.3434959349593496,0.04908510020331107,171.74173207568558,0.056018168054504165,28.008067142121842,0.45477642276422764,0.025995527026634522,90.95462409738245,0.19076457229371688,38.152637418207355,0.5193089430894309,0.014842138894536583,51.93051722208094,0.2853898561695685,28.538778386238437,0.5482723577235772,0.007835021602585049,27.413617886178862,0.3285389856169568,16.42694928084784,0.6260162601626016,0.003578389085913288,12.520270654637919,0.44436033308099926,8.88716794179451,0.6895325203252033,0.0019707194941481106,6.8952651203406266,0.5389856169568509,5.389809204669655,0.3552745650093775,0.8071059046563618,0.2181372549019608,21.741013071895424,0.4215686274509804,8.432095651296539,0.5049019607843137,5.049452628392695
2019-03-19,77,6885750,1916,1265,0.00027825581817521696,0.060414289997136494,0.8555158530332468,0.0015570327385714896,0.267223382045929,0.07435376125471972,267.21368035474234,0.011857707509881422,11.857277009318327,0.331419624217119,0.04610804530932326,165.70379592310678,0.0466403162055336,23.31931145165938,0.4164926931106472,0.023178134712016032,83.29793376475176,0.1241106719367589,24.82195414588102,0.47755741127348644,0.013288216329257313,47.75539435761144,0.21185770750988142,21.185616914318828,0.5135699373695198,0.007145191155647533,25.67849686847599,0.266403162055336,13.320158102766797,0.5772442588726514,0.003212408144296959,11.544801346342789,0.36284584980237156,7.256864301248017,0.6377870563674322,0.001774661550839261,6.3778057273963675,0.45454545454545453,4.545408337186222,0.30757989448410267,0.8197398857212886,0.1724137931034483,17.18390804597701,0.43103448275862066,8.621428993907848,0.5246305418719212,5.246755359149634
2019-03-20,78,6885750,1502,1017,0.0002181316486947682,0.0357080056104452,0.8473049013105013,0.0010583847071424786,0.21904127829560585,0.04777810049375544,219.0333258820749,0.008849557522123894,8.84923623409303,0.29027962716378164,0.03165843740923613,145.13454420149645,0.02064896755162242,10.324108939775202,0.37683089214380827,0.01643962938220686,75.36563117079287,0.09144542772861357,18.28895274281277,0.4367509986684421,0.009526852362833658,43.674782727950635,0.17305801376597837,17.305675713629288,0.5033288948069241,0.005489598082997495,25.166444740346204,0.2704031465093412,13.52015732546706,0.5699067909454061,0.00248626888300885,11.398019947522096,0.36774827925270404,7.354890815804964,0.6284953395472703,0.0013709372912370386,6.284907758412409,0.45427728613569324,4.542739874827689,0.30028715696281444,0.8122288914013776,0.17708333333333334,17.649305555555554,0.4609375,9.219540630360205,0.5520833333333334,5.5213068181818175
2019-03-21,79,6885750,1192,940,0.0001731111353156882,0.014974588459096525,0.8168287393634804,0.000595299230480981,0.15436241610738255,0.0267208829509149,154.35681189535427,0.006382978723404255,6.3827469858671,0.19714765100671142,0.017063607319198374,98.57024672665285,0.01702127659574468,8.510329314489468,0.24916107382550334,0.008626448633419501,49.83185291742309,0.052127659574468084,10.42545621176606,0.2902684563758389,0.005024833715762875,29.02663486435756,0.10106382978723404,10.106309593038526,0.34060402684563756,0.002948117489017173,17.03020134228188,0.16489361702127658,8.24468085106383,0.42197986577181207,0.0014609819076415453,8.439560545757358,0.2670212765957447,5.340402264722803,0.5302013422818792,0.0009178335642439927,5.301990322980766,0.40425531914893614,4.042535578873835,0.21205068821682674,0.817451737683682,0.15479876160990713,15.428276573787409,0.4024767801857585,8.050225958398164,0.5201238390092879,5.201684465426506
2019-03-22,80,6885750,898,712,0.0001304142613368188,0.012144325896283479,0.8110440680736217,0.00034481469268546913,0.17706013363028952,0.023090328202149287,177.05370536519982,0.0028089887640449437,2.808886782169979,0.19710467706013363,0.012852163810630264,98.54876053346028,0.007022471910112359,3.5111084777124733,0.23719376391982183,0.006186644979523076,47.438408315981086,0.037921348314606744,7.584214591109338,0.2561247216035635,0.003340207383310581,25.61228617998979,0.06179775280898876,6.179730407570571,0.2795100222717149,0.0018226046545401736,13.975501113585745,0.09129213483146068,4.5646067415730345,0.37193763919821826,0.0009701124052397688,7.4386987687970345,0.20786516853932585,4.157273183274748,0.532293986636971,0.0006941862626638163,5.322932136010437,0.4101123595505618,4.101117639556536,0.1296793886367633,0.7922423549037215,0.11152416356877323,11.115241635687731,0.3271375464684015,6.543312057235042,0.43866171003717475,4.386993311100767
2019-03-23,81,6885750,953,774,0.00013840177177504266,0.012108451200755054,0.8214704604964664,0.0004876686310525759,0.14480587618048268,0.020040662213186174,144.8006189238685,0.007751937984496124,7.751656546143506,0.18363064008394545,0.012706941620679639,91.81198663651084,0.016795865633074936,8.397627924988798,0.23714585519412382,0.0065642336402451425,47.42882664041762,0.06330749354005168,12.661406768811492,0.26862539349422876,0.003717796044032647,26.862344291917942,0.10077519379844961,10.077446203747922,0.30849947534102834,0.0021348436989434704,15.424973767051418,0.14857881136950904,7.428940568475452,0.37145855194123817,0.0010282059548809286,7.429138671376028,0.22609819121447028,4.521944122975287,0.5257082896117523,0.0007275885305325773,5.2570752614005185,0.4160206718346253,4.160200676592375,0.1903452135594984,0.834802661788919,0.1444043321299639,14.392298435619736,0.36462093862815886,7.293044194413311,0.5018050541516246,5.018480906056684
2019-03-24,82,6885750,1279,1138,0.00018574592455433323,0.0034459382952745283,0.8439363864815485,0.0009455151631646234,0.0688037529319781,0.012779552715654952,68.80125497405871,0.0008787346221441124,0.8787027192025593,0.10086004691164972,0.009366831251815278,50.42819256621348,0.01054481546572935,5.272216315215355,0.15793588741204065,0.005867146881989021,31.586948117791948,0.05360281195079086,10.720484544719806,0.2001563721657545,0.003717796044032647,20.01549187662064,0.10105448154657294,10.105374775760472,0.29007036747458953,0.002693969429619141,14.503518373729475,0.20210896309314588,10.105448154657294,0.4222048475371384,0.001568445206076273,8.444035635449332,0.3506151142355009,7.0122513661363985,0.563721657544957,0.0010470824014638823,5.63717564181386,0.5096660808435852,5.096623799948761,0.20178139785066346,0.8608796290755373,0.10810810810810811,10.774774774774775,0.34864864864864864,6.9735709980993,0.5324324324324324,5.324780955913032
2019-03-25,83,6885750,1565,1427,0.00022728097883309735,0.007989967286258764,0.8671980394866291,0.0018240780252732891,0.07731629392971245,0.01757188498402556,77.31348691933162,0.004905395935529082,4.9052178424439985,0.10095846645367412,0.011472553006099333,50.477400550638,0.019621583742116328,9.810435684887997,0.1635782747603834,0.007435592088065294,32.71541739322402,0.08339173090399439,16.67822507398354,0.23578274760383386,0.005358854454093932,23.578103550975907,0.16257883672039244,16.257765618336897,0.3648562300319489,0.004146183840774922,18.242546569722634,0.3041345480028031,15.206506559904016,0.4926517571884984,0.00223938470654185,9.85293497959779,0.44358794674141555,8.871668746132492,0.6249201277955272,0.0014203225206803607,6.249192202412009,0.5886475122634899,5.886466573868861,0.20590003271540616,0.8384311760818057,0.1319796954314721,13.153976311336717,0.33248730964467005,6.650316497026582,0.46446700507614214,4.645068392961314
2019-03-26,84,6885750,1665,1461,0.00024180372508441345,0.011130349872414926,0.9012879404585491,0.0027500201197025,0.1111111111111111,0.026866105140865525,111.10707716139027,0.019849418206707735,19.848697562712427,0.15855855855855855,0.019169329073482427,79.27640100164062,0.04791238877481177,23.955324644652933,0.2228228228228228,0.010775799471375875,44.564240966982844,0.11498973305954825,22.997779616450792,0.3141141141141141,0.007595341136832322,31.411183323088984,0.21834360027378508,21.834201481094656,0.4486486486486487,0.005424245724866572,22.432432432432435,0.37166324435318276,18.583162217659137,0.5843843843843843,0.0028261223162003904,11.687670713980083,0.5263518138261465,10.527020988397469,0.7243243243243244,0.0017514279365826242,7.243180128723006,0.6858316221765913,6.858256461334925,0.3200206752177339,0.8532737480625521,0.18414322250639387,18.35294117647059,0.4398976982097187,8.798708505700736,0.5601023017902813,5.601503380082737
2019-03-27,85,6885750,1771,1430,0.00025719783611080854,0.0231636758513193,0.9150360052331327,0.0029339767555203538,0.15753811405985318,0.040516990996224224,157.5323945523721,0.00909090909090909,9.090579040477385,0.19649915302089216,0.025268661051408656,98.24600950578044,0.02937062937062937,14.684781526925006,0.2586109542631282,0.013302738970054314,51.72181528122614,0.08181818181818182,16.363517542029843,0.339356295878035,0.008728107118998518,33.93538317032414,0.18181818181818182,18.181686157810937,0.5697346132128741,0.007326725483788985,28.486730660643705,0.4671328671328671,23.356643356643357,0.7007340485601355,0.0036045403847941256,14.014660618066715,0.6293706293706294,12.587394307059238,0.7916431394692264,0.0020360742397397542,7.916373910947494,0.7419580419580419,7.41952654362977,0.31547420347353444,0.8345438712929094,0.18553459119496854,18.4916142557652,0.4811320754716981,9.623466778860159,0.5911949685534591,5.912456713809509
2019-03-28,86,6885750,1959,1600,0.00028450059906328284,0.020679398404296893,0.9165016935427932,0.0029660909778682705,0.17100561510974988,0.048649433633459194,170.99940665726987,0.011875,11.874568871623584,0.20214395099540583,0.02875399361022364,101.06830602429682,0.031875,15.936921380336916,0.2434915773353752,0.013854599320340411,48.69796185300357,0.075,14.999891080194024,0.3016845329249617,0.008582880711028494,30.168234229690892,0.145,14.499894710854223,0.5196528841245533,0.007392077841919907,25.982644206227672,0.411875,20.59375,0.678407350689127,0.0038601179238432716,13.568048491119862,0.60625,12.124911956490168,0.7861153649821337,0.0022364996746909566,7.861142233283949,0.738125,7.381239280413491,0.29412499790872354,0.8357627429720045,0.21621621621621623,21.549549549549553,0.47104247104247104,9.421657383921536,0.5868725868725869,5.8692291899839075
2019-03-29,87,6885750,2475,1832,0.0003594379697200741,0.04879031466431985,0.9296249308151375,0.004670745415034217,0.23030303030303031,0.08277664827185593,230.29466902542705,0.03056768558951965,30.56657581295889,0.28525252525252526,0.05126343305257043,142.62108450171183,0.056768558951965066,28.383248969176115,0.35313131313131313,0.02538557611316042,70.62574978634115,0.1299126637554585,25.982344083596633,0.43434343434343436,0.015611838856777716,43.43402804365945,0.23580786026200873,23.580614798558287,0.6145454545454545,0.011044548524125912,30.727272727272727,0.47925764192139736,23.962882096069865,0.7559595959595959,0.005434356401997148,15.119038220222972,0.6703056768558951,13.405977252993775,0.8323232323232324,0.0029916857277711216,8.323232323232324,0.773471615720524,7.73471615720524,0.33777363519578574,0.8232829809838701,0.21686746987951808,21.6144578313253,0.4367469879518072,8.735688896236748,0.5512048192771084,5.5125209241769815
2019-03-30,88,6885750,2959,2088,0.00042972806157644413,0.055279397686024176,0.9091328615365831,0.00494921839004534,0.25380196012166273,0.10906186465291896,253.79274570254705,0.027777777777777776,27.776769290347566,0.32342007434944237,0.0694888178913738,161.70416620328731,0.06321839080459771,31.608047813154126,0.3933761405880365,0.03380870777542188,78.6746568315685,0.14415708812260536,28.83120827036016,0.4606285907401149,0.019794359406314445,46.062524596833285,0.23659003831417624,23.658832035810498,0.596823251098344,0.012823584939912137,29.841162554917197,0.42911877394636017,21.455938697318008,0.7516052720513687,0.006459689388856455,15.032039949076827,0.6484674329501916,12.969292154082128,0.8060155457924975,0.0034636699507389164,8.060143752382729,0.7255747126436781,7.2557365891146475,0.3185897862098669,0.7973969197359773,0.17381489841986456,17.32355154251317,0.37697516930022573,7.540149998644824,0.49887133182844245,4.989141166767983
2019-03-31,89,6885750,3370,2486,0.0004894165486693533,0.0510881365419401,0.8992324262862176,0.0061145310394959684,0.2056379821958457,0.10063897763578275,205.63051639631783,0.0056315366049879325,5.631332148968292,0.2801186943620178,0.06854487365669475,140.05426224972874,0.050683829444891394,25.34099467035731,0.36795252225519287,0.036016149176566266,73.58997008680747,0.14481094127111827,28.9619779504953,0.48130563798219583,0.023555723372738098,48.13021430677489,0.29686242960579245,29.68602739925768,0.5913946587537092,0.014471916639436517,29.569732937685462,0.4460981496379727,22.30490748189863,0.7317507418397626,0.007162608049075193,14.634993582765434,0.6363636363636364,12.727254243804342,0.7810089020771513,0.003822381262199089,7.810077678393881,0.7031375703942075,7.0313654924683915,0.30136399151092785,0.7832851262376486,0.15555555555555556,15.503703703703703,0.3111111111111111,6.22275586049171,0.42962962962962964,4.2966647608157045
2019-04-01,90,6885750,3170,2061,0.0004603710561667211,0.05832251515664684,0.8735058020297265,0.0024790783773188155,0.2662460567823344,0.12256752831832704,266.23639057347646,0.010674429888403688,10.67404234738247,0.34258675078864353,0.07885564914318909,171.28715649454708,0.033964095099466275,16.981431007199387,0.410410094637224,0.03778791135380057,82.08142290360641,0.09704027171276079,19.407913414451265,0.47318611987381703,0.02178396119550379,47.318268391779256,0.19116933527413876,19.116794713234494,0.5331230283911672,0.012271720582362125,26.656151419558363,0.2828723920426977,14.143619602134887,0.5990536277602524,0.00551573101589367,11.981055155422663,0.3837942746239689,7.675874345001842,0.6880126182965299,0.0031673971576204876,6.8800962075978775,0.5206210577389617,5.206187894945896,0.3426699771359637,0.8212670209259255,0.15547703180212014,15.49587750294464,0.3498233215547703,6.997066471098073,0.450530035335689,4.505686742752547
2019-04-02,91,6885750,2581,1651,0.00037483208074646915,0.057953174781525285,0.8777319861315521,0.0018727914152789904,0.2688880278961643,0.10078419982573338,268.8782657690986,0.0060569351907934586,6.0567152904452595,0.327005036807439,0.06128376415916352,163.49658235527323,0.019987886129618413,9.993580229234679,0.39635800077489347,0.02971332307066717,79.27102453849146,0.06541490006056935,13.082885012404237,0.4657109647423479,0.017456214237997036,46.57075830658198,0.16596002422774075,16.595881913883154,0.555211158465711,0.01040547213105231,27.760356344980025,0.3052695336159903,15.263365847804941,0.6253390158853158,0.004687922065474064,12.506725828104626,0.4149000605693519,8.297965058614755,0.6923672994963193,0.0025951996793396256,6.923632774898422,0.5196850393700787,5.196820204860328,0.38126833743398053,0.8368734599592689,0.16029143897996356,15.975713418336369,0.39526411657559196,7.905960314559139,0.51183970856102,5.118836056200733
2019-04-03,92,6885750,1933,1250,0.0002807246850379407,0.03611592644374739,0.847250267154367,0.0009813250462037035,0.23900672529746508,0.0670926517571885,238.9980480274499,0.0032,3.1998838222480392,0.30522503879979307,0.04284054603543421,152.6069787188262,0.0184,9.199665988963114,0.37299534402483187,0.020941648029277643,74.59852711722634,0.0624,12.479909378721427,0.4288670460424211,0.012039269220715096,42.886393190139145,0.1224,12.239911121438322,0.48887739265390584,0.006861997603746868,24.44386963269529,0.2128,10.64,0.5649249870667357,0.003171744750065352,11.298417699308068,0.3304,6.6079520171948065,0.6301086394205898,0.0017688576490749077,6.30104063999873,0.4312,4.3119686891864415,0.352630449832966,0.8382918845608432,0.14869888475836432,14.820322180916977,0.4070631970260223,8.141962162127694,0.5278810408921933,5.279263137087363
2019-04-04,93,6885750,1525,1170,0.0002214718803325709,0.009258774192795525,0.7869274493974077,0.0006046171017968067,0.12459016393442623,0.027592216090618647,124.58564062031301,0.003418803418803419,3.4186792972735462,0.18295081967213114,0.020258495498112112,91.47208877122982,0.01452991452991453,7.264693506706286,0.24065573770491802,0.010659618344999854,48.13079804530016,0.039316239316239315,7.863190765685754,0.2839344262295082,0.006288303465102094,28.39323644906672,0.07008547008547009,7.008496117241651,0.3475409836065574,0.003848527756598773,17.37704918032787,0.15042735042735042,7.521367521367521,0.4419672131147541,0.0019576576655077568,8.839305750996745,0.2726495726495726,5.452967695371606,0.5042622950819672,0.001116794321050048,5.042600981095323,0.35384615384615387,3.5384461220749914,0.2083815381542871,0.8078843534562136,0.09572301425661914,9.540393754243043,0.32179226069246436,6.4363971731300635,0.45010183299389,4.501404352094127
2019-04-05,94,6885750,1724,1325,0.00025037214537268997,0.013167833521130998,0.8269928305517421,0.0009679622263115966,0.1316705336426914,0.032965437118791754,131.66575327187954,0.0037735849056603774,3.773447903594386,0.18851508120649652,0.023598605866976475,94.25411853163183,0.006792452830188679,3.3961031132349473,0.2529002320185615,0.012663742774986204,50.57967912578959,0.0430188679245283,8.603711110149023,0.30974477958236657,0.007755090185599349,30.97425304262803,0.10490566037735849,10.490489862374687,0.37645011600928074,0.004712631158552082,18.822505800464036,0.18943396226415093,9.471698113207546,0.5017401392111369,0.0025124314527372434,10.034788210954451,0.3516981132075472,7.033952048920868,0.5736658932714617,0.0014362954324643432,5.736642270354612,0.44528301886792454,4.452817255252225,0.28342902121500996,0.8389885214448825,0.09183673469387756,9.153061224489797,0.3656462585034014,7.313552350614345,0.5034013605442177,5.034445339027549
2019-04-06,95,6885750,2275,1767,0.0003303924772174418,0.020290743788212235,0.839115167656063,0.0017489991476781128,0.1345054945054945,0.04443799012489108,134.50061120987638,0.0022637238256932655,2.263641639960413,0.19604395604395605,0.032384548358989254,98.01841928040011,0.01245048104131296,6.225014509891135,0.27384615384615385,0.01809521043306515,54.76883307229818,0.07187323146576118,14.374541914239886,0.3362637362637363,0.011109820209706934,33.626129454500884,0.14544425580079232,14.54431996834508,0.4167032967032967,0.006883781723123842,20.835164835164832,0.2490096208262592,12.45048104131296,0.5384615384615384,0.003558067664281067,10.769215129372904,0.4057724957555178,8.11543812926549,0.6210989010989011,0.002052055104868294,6.2109619509216945,0.5121675155631012,5.121652841491632,0.3673157921883817,0.8495931112663566,0.11463046757164404,11.42483660130719,0.39215686274509803,7.843809908182828,0.5203619909502263,5.2040661890828375
2019-04-07,96,6885750,2614,2125,0.0003796245870094035,0.01365610037932646,0.8344731804574935,0.001992922499899846,0.09755164498852334,0.037031658437409236,97.5481033226437,0.002823529411764706,2.8234269019835643,0.1434583014537108,0.027229160615742085,71.72654656076743,0.00988235294117647,4.940997078471238,0.2287681713848508,0.017369078393215023,45.753302045172276,0.05694117647058824,11.388152600492402,0.3006885998469778,0.011414795666443987,30.068641645071416,0.13976470588235293,13.976369100604312,0.3817903596021423,0.007246745136765977,19.089240751907546,0.23952941176470588,11.976296659517878,0.5053557765876052,0.00383690398735942,10.107100853466001,0.3915294117647059,7.830576863146039,0.6021423106350421,0.0022858669811307054,6.021388127513678,0.5105882352941177,5.1058526925399565,0.38319217041908765,0.8571793042222905,0.11363636363636363,11.325757575757576,0.3821022727272727,7.642700861531265,0.53125,5.312955617495712
2019-04-08,97,6885750,3102,2572,0.00045049558871582617,0.014881922250375535,0.8192032488122228,0.0019607565340925316,0.09993552546744036,0.04501887888469358,99.9318972534748,0.0011664074650077762,1.1663651179461652,0.13152804642166344,0.029625326749927388,65.76163561196405,0.007776049766718507,3.8878837264872175,0.1892327530625403,0.017049580295680968,37.846275796578084,0.03693623639191291,7.3871936372132305,0.2627337201805287,0.01183595224955706,26.273181238680696,0.11236391912908243,11.23631032186644,0.34010315925209544,0.007660748647569255,17.00515796260477,0.20451010886469673,10.225505443234837,0.4606705351386202,0.004150594850822567,9.213397322389262,0.3499222395023328,6.998434626397633,0.5557704706640877,0.002503699637370186,5.5576562791817405,0.4646189735614308,4.64614925070634,0.36739926376001586,0.8675538741358707,0.09651474530831099,9.619302949061664,0.34718498659517427,6.944295246460253,0.5187667560321716,5.188112471776289
2019-04-09,98,6885750,3502,2887,0.0005085865737210907,0.012661491442942941,0.8450504230109809,0.0021469231670044474,0.09223300970873786,0.0469067673540517,92.22966113882394,0.0010391409767925182,1.039103250210439,0.13335237007424328,0.03390938135347081,66.67376432171947,0.008313127814340146,4.156413000841756,0.19503141062250143,0.019837927328705453,39.00599888738822,0.03948735711811569,7.897414077552793,0.2629925756710451,0.013375352174039328,26.299066599769073,0.1080706615864219,10.806987685072244,0.3329525985151342,0.008466761064517301,16.64762992575671,0.19189470038101836,9.594735019050919,0.43889206167904055,0.0044642727476044836,8.777802990239168,0.3200554208520956,6.401080528661437,0.5671045117075957,0.002884209028184212,5.671028645293957,0.4755801870453758,4.755788057033123,0.409352019571644,0.8713553314157596,0.11473272490221642,11.435028248587571,0.35984354628422427,7.197488153036603,0.5045632333767927,5.046065063813705
2019-04-10,99,6885750,3666,3056,0.0005324038775732491,0.01251517798944652,0.8313308382159819,0.0022379016488559608,0.08101472995090016,0.04313099041533546,81.01178866677473,0.002617801047120419,2.6177060064201894,0.11947626841243862,0.031803659599186754,59.735965380551065,0.007526178010471204,3.7629523842290222,0.18248772504091654,0.01943129338638938,36.49727998781525,0.032395287958115186,6.4790105451099835,0.24495362793235134,0.01304133143570827,24.495184924557616,0.09489528795811518,9.4894598893025,0.3158756137479542,0.008408670079512036,15.79378068739771,0.1793193717277487,8.965968586387435,0.45881069285324605,0.004885430553982265,9.176173878091484,0.3507853403141361,7.015676240216977,0.582924168030551,0.0031035063667627103,5.829233214658029,0.49967277486910994,4.99672049208072,0.4229112265871007,0.8680266108266408,0.1203104786545925,11.990944372574385,0.35963777490297544,7.193372372458999,0.5239327296248383,5.2397766382120405
2019-04-11,100,6885750,2970,2168,0.00043132556366408886,0.03821433394993283,0.8672710665869754,0.0021781993376800536,0.18518518518518517,0.07987220447284345,185.17846193565043,0.013837638376383764,13.837135993346571,0.23737373737373738,0.05119082195759512,118.68255969512141,0.03367158671586716,16.83518212523833,0.31414141414141417,0.027099247727206715,62.82782661199113,0.0853321033210332,17.066296739458142,0.37037037037037035,0.015974904876702778,37.0367680992445,0.1379151291512915,13.791412770535095,0.4164983164983165,0.008982318556439023,20.824915824915827,0.20064575645756458,10.032287822878228,0.5562289562289562,0.004798308392973324,11.124562968658608,0.39206642066420666,7.841317025538388,0.6794612794612794,0.0029306774250702173,6.7945831918105215,0.5608856088560885,5.608831651869232,0.3925430732399998,0.8724715841217419,0.12965964343598055,12.922744462452728,0.39708265802269044,7.942334262783179,0.5591572123176661,5.592051674816728
2019-04-12,101,6885750,2208,1368,0.00032066223722906,0.03720907342999754,0.865741261635046,0.0012007671854581668,0.2536231884057971,0.0813244263723497,253.61398047708647,0.00804093567251462,8.040643741942716,0.33469202898550726,0.05365959918675574,167.3399389040776,0.035818713450292396,17.90870651614514,0.416213768115942,0.026692613784890646,83.24214917088351,0.07894736842105263,15.789359031783182,0.4578804347826087,0.014682389845769554,45.787710996606755,0.12938596491228072,12.93850253993344,0.5036231884057971,0.008074646915731764,25.181159420289855,0.19883040935672514,9.941520467836256,0.6005434782608695,0.003851426712519751,12.010852122161628,0.35526315789473684,7.105252839116334,0.6721014492753623,0.002155175543695313,6.721014492753623,0.47076023391812866,4.707602339181286,0.3191997890139818,0.8468118890805675,0.1294559099437148,12.902439024390244,0.3808630393996248,7.617914069363679,0.5290806754221389,5.2912605112329
2019-04-13,102,6885750,2001,1373,0.00029060015248883565,0.030684057998283505,0.8624709745221392,0.0008562733095620292,0.20889555222388806,0.06070287539936102,208.8879681564968,0.003641660597232338,3.641528384750591,0.25687156421789104,0.037322102817310486,128.43111917755905,0.010924981791697014,5.462292577125886,0.32233883058470764,0.01873420662813326,64.46729799583638,0.04005826656955572,8.01159513872951,0.3658170914542729,0.010630573063405849,36.581443513916454,0.08011653313911143,8.01159513872951,0.4192903548225887,0.00609224781434256,20.964365511049117,0.15367807720320467,7.683848064872394,0.5012493753123438,0.002913250205495964,10.024943829332251,0.27312454479242537,5.462467096841441,0.5987006496751625,0.0017398250009076717,5.987006496751624,0.4151493080844865,4.151493080844865,0.33574177746669814,0.858103215298441,0.12701252236135957,12.65891472868217,0.3935599284436494,7.871873628784555,0.5277280858676208,5.277733455662372
2019-04-14,103,6885750,2572,1987,0.0003735250335838507,0.0280667557574078,0.8335526120024218,0.0013629282255918215,0.15902021772939348,0.0593958756898054,159.0144444133272,0.006542526421741319,6.542288891737625,0.19595645412130638,0.03659599186755736,97.97466990747787,0.01610468042274786,8.052047866754,0.24611197511664074,0.0183856632490052,49.222037603747104,0.046804227478610974,9.360777523623849,0.29821150855365475,0.011138865491300939,29.820934314434464,0.09310518369401108,9.310450762744152,0.36858475894245724,0.006883781723123842,18.42923794712286,0.1831907398087569,9.159536990437847,0.458398133748056,0.003424458592806023,9.1679493605809,0.29894313034725717,5.978853924007303,0.5552099533437014,0.0020738451528952507,5.552091470275456,0.42425767488676397,4.242570587490031,0.2918150137296776,0.8456204347828379,0.08092485549132948,8.065510597302504,0.319364161849711,6.387831031439931,0.47832369942196534,4.783647220376962
2019-04-15,104,6885750,2884,2243,0.00041883600188795703,0.03555361479946108,0.8400394905648746,0.0016983555939550034,0.16955617198335646,0.07101365088585536,169.55001615370267,0.008024966562639322,8.024675211834696,0.2087378640776699,0.04371187917513796,104.36514286761657,0.0231832367365136,11.591197528205672,0.2635228848821082,0.02207441401144384,52.704194271601736,0.0606330806954971,12.126528083854286,0.3131067961165049,0.013113944639693282,31.310452254773928,0.11992866696388765,11.992779612341186,0.37066574202496533,0.007762407871328468,18.533287101248266,0.1930450289790459,9.652251448952295,0.4316920943134535,0.003616148061657503,8.63380427030449,0.27151136870263043,5.430203715611412,0.5707350901525658,0.002390444032966634,5.7073509015256585,0.44939812750780206,4.493981275078021,0.30151729499610164,0.8511355094215877,0.08689655172413793,8.660689655172414,0.30344827586206896,6.069486011711127,0.4496551724137931,4.496937363222334
2019-04-16,105,6885750,2753,2143,0.0003998112042987329,0.037015939105044846,0.8329647775818582,0.0014728249905032996,0.16236832546313112,0.06491431890792913,162.36243059218054,0.0055996266915538965,5.599423394041132,0.2026879767526335,0.040516990996224224,101.34030902733416,0.015865608959402706,7.932516474891605,0.25281511078823105,0.02021551598942752,50.562655003342,0.04759682687820812,9.519296252479641,0.30403196512895025,0.012155450347091114,30.402975745544,0.10825944937004199,10.825866326349395,0.35779150018162004,0.007152452528773191,17.889575009081003,0.17685487634157723,8.84274381707886,0.42499091899745733,0.003398317687517427,8.49980603589652,0.2631824545030331,5.263641445807754,0.5699237195786415,0.002278608959333583,5.699212365321911,0.4493700419972002,4.493680841796022,0.3103145569938883,0.8483455817838517,0.09401709401709402,9.37037037037037,0.3148148148148148,6.296836287402325,0.44871794871794873,4.487564322469982
2019-04-17,106,6885750,2178,1580,0.00031630541335366517,0.04033331292437646,0.8884332383945831,0.001972999287784715,0.19008264462809918,0.060121986639558526,190.07574357361807,0.00569620253164557,5.695995727894058,0.2497704315886134,0.039500435666569855,124.8806817681742,0.03291139240506329,16.45509876947172,0.32644628099173556,0.020651195213337595,65.28878211213927,0.08924050632911393,17.847971665040987,0.3856749311294766,0.012199018269482123,38.5672130620232,0.15632911392405063,15.632797876826682,0.4393939393939394,0.006949134081254765,21.96969696969697,0.2291139240506329,11.455696202531644,0.6157024793388429,0.0038949835748455512,12.31399593686536,0.47215189873417723,9.442996833209486,0.7337006427915519,0.0023207179993610036,7.3369531515610795,0.6348101265822785,6.348055170225571,0.33205541673268457,0.8527184078296483,0.12709030100334448,12.666666666666668,0.36789297658862874,7.358490566037736,0.5150501672240803,5.150943396226415
2019-04-18,107,6885750,1447,850,0.00021014413825654431,0.05581243102555517,0.8891681294903094,0.0013203679588913461,0.33310297166551484,0.06999709555620098,333.09087817975876,0.023529411764705882,23.528557516529702,0.40704906703524535,0.0427679349404589,203.51714444800612,0.06823529411764706,34.11640839896807,0.48168624740843125,0.020244561271021522,96.33654994605145,0.13294117647058823,26.58804222842235,0.5348997926744989,0.011240523976879956,53.489590859572324,0.20941176470588235,20.941024409996363,0.590186592950933,0.006201212649311985,29.509329647546647,0.3023529411764706,15.11764705882353,0.6606772633033863,0.002776736985497649,13.21348769722905,0.4223529411764706,8.447022021342192,0.728403593642018,0.001530693008915488,7.284014779640512,0.5376470588235294,5.3764549720570365,0.2726040348946765,0.8522154483692946,0.14219114219114218,14.171717171717171,0.36363636363636365,7.27335100576953,0.5058275058275058,5.0587088726025256
2019-04-19,108,6885750,1184,646,0.0001719493156155829,0.09109613435853112,0.8831155752857089,0.0007606090414903462,0.3623310810810811,0.06230031948881789,362.31792645281064,0.02631578947368421,26.3148340645398,0.4214527027027027,0.036232936392680805,210.7187008157955,0.05263157894736842,26.3148340645398,0.4966216216216216,0.01707862557727497,99.32360309858204,0.12074303405572756,24.148431460374276,0.5422297297297297,0.009323535391675622,54.222579242593255,0.1780185758513932,17.801728320147703,0.5827702702702703,0.005010347456704063,29.138513513513516,0.24303405572755418,12.151702786377708,0.6224662162162162,0.0021406434710374133,12.449270085047187,0.30959752321981426,6.191923487276201,0.6891891891891891,0.0011850440470416014,6.891821830166138,0.43188854489164086,4.318841543908519,0.2840969743969237,0.854568672783063,0.16304347826086957,16.249999999999996,0.39945652173913043,7.989815608919383,0.5190217391304348,5.190662521440823
2019-04-20,109,6885750,1849,1482,0.00026852557818683514,0.030834060289137873,0.8551363799652284,0.001235580870826208,0.1568415359653867,0.04211443508568109,156.83584174755467,0.01349527665317139,13.494786699764,0.18820984315846404,0.025268661051408656,94.1015050485328,0.02834008097165992,14.1695260347522,0.23363980530016226,0.012547561648610183,46.727621753335626,0.05600539811066127,11.200998287504309,0.29475392103839915,0.007914839234366377,29.475178073573975,0.1214574898785425,12.14566079367937,0.3510005408328826,0.004712631158552082,17.55002704164413,0.19095816464237517,9.54790823211876,0.4672796106003245,0.002509526907705177,9.345578639659774,0.3360323886639676,6.720638013067301,0.591130340724716,0.0015873292495548798,5.911277652851548,0.4898785425101215,4.898764082048903,0.249468032608879,0.8527701284564899,0.13856812933025403,13.810623556581985,0.3071593533487298,6.143713926928882,0.4457274826789838,4.457657097358173
2019-04-21,110,6885750,3151,2831,0.00045761173437897107,0.024900378115943658,0.855316294353238,0.002963483944808765,0.08251348778165661,0.03775776938716236,82.5104920843076,0.0042387848816672555,4.238630990261444,0.10790225325293558,0.024687772291606156,53.94916790127804,0.018014835747085834,9.007090854305568,0.15582354807997462,0.014261233262656482,31.164483319053275,0.06428823737195337,12.857554110892794,0.22373849571564583,0.010238461761886782,22.373687107874296,0.13882020487460262,13.881919685661725,0.33481434465249127,0.007660693020418833,16.740595672913038,0.26174496644295303,13.087153291444451,0.46302761028245004,0.004237718893139194,9.260511859229833,0.40409749205227835,8.08191462956695,0.5699777848302127,0.002608281438795427,5.6997695706714095,0.5231367008124338,5.231359410753811,0.25629231281723003,0.8483196420159573,0.10696095076400679,10.66044142614601,0.2461799660441426,4.924021584975553,0.398981324278438,3.990155422307775
2019-04-22,111,6885750,4302,3880,0.0006247685437316197,0.02623980713673405,0.8884986422777148,0.005048420398375272,0.08391445839144585,0.052425210572175425,83.9114118310918,0.008247422680412371,8.247123253216596,0.1097164109716411,0.03427243682834737,54.85621382863619,0.02190721649484536,10.953210570678293,0.15318456531845653,0.01914084057044933,30.636690599249526,0.06314432989690721,12.628774277139298,0.23663412366341235,0.014784048331348573,23.663240538722324,0.15541237113402062,15.541124263499993,0.35262668526266855,0.01101550303162328,17.631334263133425,0.284020618556701,14.20103092783505,0.5406787540678754,0.006755952121618757,10.813527968720678,0.4925257731958763,9.850472547143548,0.6624825662482566,0.004138958638006678,6.624787178441302,0.627319587628866,6.273159434887594,0.31165253243644275,0.8643104933802248,0.12006079027355623,11.966058763931105,0.2811550151975684,5.623582559552049,0.4376899696048632,4.377275073381055
2019-04-23,112,6885750,4148,3160,0.0006024035145045928,0.05466664414114296,0.9192156501858495,0.005169397462371495,0.1759884281581485,0.10601219866395585,175.98203880191272,0.004113924050632912,4.11377469236793,0.22540983606557377,0.06789137380191693,112.70082621903313,0.022151898734177215,11.07554724868289,0.2994214079074253,0.03607423973975428,59.883846742529656,0.08481012658227848,16.961902149755264,0.3801832208293153,0.022902204536872986,38.01804601971388,0.1879746835443038,18.797331859989978,0.48746383799421406,0.014682496460080602,24.373191899710704,0.3281645569620253,16.408227848101266,0.672854387656702,0.008106538092886811,13.456990036908234,0.5715189873417722,11.430296747185825,0.7832690453230472,0.004718433404591505,7.8326790780293996,0.7164556962025317,7.16454655713615,0.4326563611579072,0.8777674579375974,0.1430722891566265,14.25953815261044,0.3930722891566265,7.862120006613073,0.5030120481927711,5.030551881625989
2019-04-24,113,6885750,3993,2712,0.0005798932578150528,0.06846138684989209,0.9351900192686993,0.00497642346976228,0.19634360130227899,0.11385419692128958,196.33647294033804,0.005162241887905605,5.1620544698876,0.27122464312546957,0.07863781585826314,135.60739808315438,0.02359882005899705,11.798981645457372,0.37390433258201855,0.043364605419849545,74.78032350857225,0.096976401179941,19.39513940064419,0.4630603556223391,0.026852362833657672,46.30569931927331,0.20980825958702065,20.98067361020255,0.5637365389431506,0.016345350905856298,28.186826947157527,0.35766961651917406,17.883480825958703,0.71900826446281,0.008338851904778502,14.379977336170441,0.5862831858407079,11.725510458862404,0.8116704232406712,0.004706794717817419,8.11665708194623,0.7227138643067846,7.227096660151475,0.472759525875448,0.8888192461658668,0.15123456790123457,15.073045267489713,0.43209876543209874,8.642716472905152,0.5756172839506173,5.756666507845753
2019-04-25,114,6885750,3043,1909,0.00044192716842754963,0.07271325499849043,0.9277184163801976,0.0032629382690299376,0.2293789023989484,0.10136508858553588,229.37057467231472,0.001571503404924044,1.5714463506325493,0.2974038777522182,0.06571304095265756,148.69654017080572,0.014143530644316397,7.0715085778464735,0.4022346368715084,0.03555142467106218,80.44634322338693,0.08067050811943426,16.133984469005618,0.4922773578705225,0.021754915913909784,49.22737832869021,0.19853326348873757,19.853182187510157,0.609924416694052,0.013477108521221363,30.496220834702598,0.3782084861183866,18.910424305919328,0.7374301675977654,0.006517780120770631,14.74853909516805,0.5814562598218963,11.629074530608362,0.8146565888925402,0.0036001783388059723,8.146542226892285,0.7045573598742797,7.045553134586722,0.4678473511602907,0.8898719177305842,0.16422764227642275,16.368021680216803,0.416260162601626,8.325917248880893,0.5821138211382114,5.8216374513659375
2019-04-26,115,6885750,3035,2235,0.00044076534872744435,0.0278863228315749,0.8852518204459708,0.0024913217525453202,0.1443163097199341,0.06360731919837351,144.3110702372983,0.0,0.0,0.19670510708401978,0.0433488237002614,98.34898279870673,0.007606263982102908,3.802993916262351,0.2685337726523888,0.02367190449911412,53.70636454852555,0.042505592841163314,8.501056838886992,0.3499176276771005,0.015423044526416683,34.991508681309284,0.13154362416107382,13.15426689806724,0.47644151565074133,0.010499945539701558,23.82207578253707,0.2930648769574944,14.653243847874721,0.6039538714991762,0.005324031043777303,12.079059887871356,0.46308724832214765,9.261731515865288,0.6902800658978583,0.0030424932469720295,6.902750535531352,0.5794183445190156,5.794141371767713,0.35537649349700634,0.855126596130525,0.11379800853485064,11.341868183973448,0.3186344238975818,6.373235020702746,0.4623044096728307,4.623440584215162
2019-04-27,116,6885750,2496,1894,0.00036248774643285047,0.016302424287134836,0.8411119130725334,0.001323206005075967,0.140625,0.05097298867266918,140.61989453238454,0.0031678986272439284,3.1677836149498804,0.1919070512820513,0.034780714493174554,95.95004199574386,0.014255543822597676,7.127513133637232,0.2536057692307692,0.0183856632490052,50.720785543604784,0.044350580781414996,8.870051747527615,0.2988782051282051,0.010833890034563885,29.887603487779757,0.08289334741288279,8.289274549772832,0.3802083333333333,0.006891043096249501,19.010416666666668,0.1842661034846885,9.213305174234424,0.4855769230769231,0.0035203085788642068,9.711524357738066,0.3220696937697994,6.441384520736697,0.5873397435897436,0.0021290284165750525,5.873380376374866,0.45617740232312565,4.561760773372422,0.28837875552745773,0.8440166730141418,0.09597523219814241,9.565531475748193,0.28637770897832815,5.728045393475616,0.413312693498452,4.133481405562134
2019-04-28,117,6885750,2662,2242,0.0003865955052100352,0.015094049593414703,0.8348654339993411,0.001403762724808662,0.10368144252441773,0.04008132442637235,103.67767831288258,0.0013380909901873326,1.3380424100613457,0.13410969196093164,0.025922160906186466,67.0524115175708,0.008920606601248885,4.460141366871152,0.17543200601051842,0.013564146504400361,35.08614642850293,0.030776092774308653,6.155173859847681,0.20773854244928625,0.008031020360742398,20.773703399317043,0.061106155218554864,6.110571150718351,0.2700976709241172,0.005220927277348146,13.50488354620586,0.13380909901873328,6.690454950936664,0.4113448534936138,0.0031804583345435536,8.226837331736768,0.3010704727921499,6.021365732459689,0.5612321562734786,0.002169698289946629,5.612321562734786,0.4790365744870651,4.790365744870651,0.2361622289404278,0.8354575963616083,0.09884678747940692,9.851729818780889,0.2652388797364086,5.305232549924975,0.4200988467874794,4.201348758480958
2019-04-29,118,6885750,2531,2135,0.0003675707076208111,0.010159981311525691,0.8302436811898116,0.0013117499140393775,0.09956538917423943,0.03659599186755736,99.56177439827464,0.00234192037470726,2.341835350005884,0.12287633346503359,0.022582050537322103,61.43593618623694,0.00468384074941452,2.341835350005884,0.16001580403002766,0.011763339045572047,32.002928420801155,0.01920374707259953,3.8407215256078375,0.19280916633741604,0.007087048708937233,19.28077662882835,0.048243559718969556,4.824320940702528,0.2568154879494271,0.00471989253167774,12.840774397471355,0.11943793911007025,5.971896955503513,0.4073488739628605,0.0029945772301758116,8.146941984465862,0.29789227166276344,5.957819476085131,0.600553141050968,0.00220745101854985,6.00551396719859,0.5269320843091335,5.269305538133885,0.24271367617770884,0.858750568962249,0.10835214446952596,10.799097065462753,0.3363431151241535,6.727439220347778,0.5191873589164786,5.192318861342244
2019-04-30,119,6885750,2700,2252,0.0003921141487855353,0.017960976586276153,0.8687579228039249,0.001984131448288841,0.12185185185185185,0.04777810049375544,121.84742795365798,0.003552397868561279,3.5522688968117664,0.15962962962962962,0.03129538193435957,79.81191709426535,0.019538188277087035,9.768739466232358,0.20333333333333334,0.015945859595108774,40.66637137297047,0.052397868561278864,10.479497616713408,0.24444444444444444,0.009584942926021668,24.444266945501372,0.09502664298401421,9.50259529651131,0.30148148148148146,0.005910757724285663,15.074074074074076,0.1625222024866785,8.126110124333925,0.48,0.0037642794280386537,9.599958174673024,0.3765541740674956,7.531050669888546,0.6633333333333333,0.0026010238536107178,6.633333333333334,0.5963587921847247,5.963587921847247,0.28911982912245693,0.8706681052480648,0.1434878587196468,14.3009565857248,0.36644591611479027,7.32954687446753,0.543046357615894,5.430929310599435
2019-05-01,120,6885750,2509,1969,0.00036437570344552157,0.024505949561655468,0.8850539268181039,0.0020734367160935565,0.1470705460342766,0.053586988091780426,147.0652065575835,0.002031488065007618,2.0314143107212033,0.19131127939418094,0.03485332558814987,95.65216686672098,0.014220416455053326,7.109950087524211,0.2578716620167397,0.01879229719132127,51.573957905596025,0.06500761808024377,13.001429207820111,0.30729374252690317,0.011196956054488949,30.729151116858223,0.11884205180294566,11.88411888527307,0.356317257871662,0.006491667574338307,17.8158628935831,0.1802945657694261,9.014728288471304,0.5751295336787565,0.004191258481271494,11.502573968678831,0.4586084306754698,9.172155293021007,0.7190115583897967,0.0026198920093293714,7.1900842579672055,0.6419502285424074,6.419474316905101,0.3058067741196103,0.8558484631666815,0.14166666666666666,14.119444444444445,0.3729166666666667,7.458972984562608,0.50625,5.0629341766723845
2019-05-02,121,6885750,2199,1539,0.00031935519006644154,0.05704501133009745,0.9100653101717612,0.002090759527710736,0.220100045475216,0.07028753993610223,220.09205462256298,0.010396361273554255,10.39598382796634,0.27512505684402,0.0439297124600639,137.55753413910188,0.02664067576348278,13.319854279581872,0.3497044110959527,0.022335821545789888,69.9403743560358,0.0792722547108512,15.854335817922207,0.4038199181446112,0.012896105027738244,40.38169858788022,0.14944769330734242,14.94466081197585,0.47885402455661663,0.007646225901317939,23.942701227830835,0.2553606237816764,12.768031189083821,0.6566621191450659,0.004194150844203562,13.133185163926639,0.5094217024041585,10.188389659063853,0.7644383810823101,0.002441270099451622,7.644372709094592,0.663417803768681,6.634168403052379,0.2916358677592966,0.8482520488119794,0.1364522417153996,13.59974009096816,0.37037037037037035,7.408042691061559,0.49707602339181284,4.971186542686047
2019-05-03,122,6885750,2442,1837,0.00035464546345713975,0.04047186038594371,0.8637155703993697,0.002529745687935704,0.20802620802620803,0.07377287249491722,208.01865552083385,0.01905280348394121,19.05211176147955,0.24733824733824733,0.04385710136508859,123.66463379388155,0.03592814371257485,17.963419660823575,0.3022113022113022,0.02143541781637573,60.44182155164176,0.0783886771910724,15.677621597154342,0.35667485667485666,0.0126492201341892,35.66722667444443,0.14534567229178008,14.534461689028504,0.5094185094185094,0.009033082575735572,25.47074051837478,0.3483941208492107,17.41957955239371,0.6183456183456183,0.004385862998419927,12.366894406785427,0.492651061513337,9.853006920994808,0.6744471744471745,0.0023918893602313178,6.744452154878295,0.5672291780076211,5.672275304673228,0.25182963763304533,0.7972659737684302,0.10252365930599369,10.218191377497371,0.2697160883280757,5.394784401361391,0.34542586750788645,3.4545549236787854
2019-05-04,123,6885750,2805,2254,0.00040736303234941725,0.023510661026738603,0.8433215186931298,0.002478354124989859,0.1586452762923351,0.06462387452802788,158.639516588723,0.012866015971606033,12.865548863852199,0.19786096256684493,0.040299157711298286,98.92688955813625,0.03327417923691216,16.63648559980888,0.24563279857397505,0.02001219901826948,49.12620299110485,0.06965394853593611,13.930688551259754,0.3033868092691622,0.01235876731824915,30.338460628033545,0.13753327417923691,13.753227550606763,0.4213903743315508,0.00858294303452783,21.06951871657754,0.28172138420585624,14.086069210292811,0.5372549019607843,0.004377149363323729,10.745082434405123,0.42502218278615794,8.500431310762462,0.6181818181818182,0.0025182259142002383,6.181773293655719,0.5248447204968945,5.248409094312194,0.2550380719129711,0.8058088065088287,0.08401084010840108,8.373080397470641,0.24390243902439024,4.878467138016148,0.34959349593495936,3.4962347822449065
2019-05-05,124,6885750,3172,2630,0.00046066151109174744,0.022080332673794962,0.8485128036802296,0.0027700683819068457,0.1235813366960908,0.05692709846064479,123.5768500080028,0.008365019011406844,8.36471531481189,0.16172761664564944,0.037249491722335173,80.86087251799162,0.02167300380228137,10.836108476006311,0.2153215636822194,0.019837927328705453,43.064000032671366,0.06273764258555133,12.547437405485494,0.2865699873896595,0.013201080484475297,28.65679065131645,0.14182509505703422,14.182406521957846,0.38871374527112235,0.00895327306393639,19.435687263556115,0.26425855513307983,13.212927756653992,0.4959016393442623,0.004568836065050002,9.917989575951466,0.3923954372623574,7.847874553439923,0.6245271122320303,0.0028769560323857243,6.245271122320303,0.5475285171102662,5.475285171102662,0.27680662989532123,0.8150190472406569,0.09009009009009009,8.97897897897898,0.24581724581724582,4.9167665582759925,0.3835263835263835,3.835592760121062
2019-05-06,125,6885750,3162,2367,0.00045920923646661585,0.03897084745679559,0.8732841050615386,0.002360481049704348,0.18184693232131563,0.08350275922160906,181.84033026887874,0.005069708491761723,5.069524433219327,0.23845667299177736,0.05474876561138542,119.22400784585615,0.022813688212927757,11.406429974743489,0.2900063251106894,0.026634523221702636,58.000843856369045,0.06294888043937473,12.589684669477029,0.35547122074636306,0.01632344825583084,35.54686395559368,0.14279678918462188,14.279575229138374,0.4250474383301708,0.009759285480884436,21.25237191650854,0.2340515420363329,11.702577101816647,0.5006325110689437,0.0045978947857607585,10.012635680282145,0.33417828474862693,6.683555988613771,0.6799493991144845,0.003122381374922485,6.799474241737034,0.5737220109843684,5.7372034458537176,0.327936103781034,0.846209618978126,0.11080711354309165,11.043775649794803,0.2859097127222982,5.7186846656170145,0.43091655266757867,4.309535094902775
2019-05-07,126,6885750,3183,2375,0.0004622590131793922,0.05003937388146226,0.9068156841931612,0.0033599926520152994,0.17436380772855797,0.08059831542259657,174.35747735505635,0.009263157894736843,9.262821590718008,0.23217090794847628,0.05365959918675574,116.08123942827626,0.021894736842105262,10.946970970848557,0.3072573044297832,0.028406285398936942,61.451014667210195,0.07873684210526316,15.747254074365094,0.3836003770028275,0.017732144413140086,38.35975915575851,0.17642105263157895,17.641977158179078,0.48853283066289666,0.011291353219669465,24.426464163474403,0.31494736842105264,15.747254074365094,0.5815268614514609,0.005376312854354494,11.630520338319652,0.43957894736842107,8.791566179599943,0.7505497957901351,0.0034694689635742064,7.505465257911119,0.6661052631578948,6.661023610672246,0.36001119726717684,0.8669935653232625,0.12575757575757576,12.533838383838384,0.35,7.000600343053174,0.5075757575757576,5.076192889443319
2019-05-08,127,6885750,4110,2935,0.0005968848709290927,0.06795075384920064,0.9285826095519497,0.005356734255590721,0.20875912408759123,0.12460063897763578,208.75154497329817,0.009540034071550256,9.539687715390237,0.2664233576642336,0.07950914899796689,133.20684250918504,0.035093696763202724,17.546211333664186,0.3537712895377129,0.04223183943768335,70.75374413820634,0.10834752981260648,21.669348613295625,0.4401459854014598,0.026271457201777572,44.01427893604377,0.21805792163543442,21.805633824699996,0.5347931873479319,0.01596049813019642,26.73965936739659,0.3499148211243612,17.49574105621806,0.6883211678832116,0.008216957895715216,13.766403365065948,0.5642248722316865,11.284481056468234,0.7958637469586375,0.004750390298805504,7.958637469586374,0.7148211243611584,7.148211243611584,0.40654095811519564,0.8737382561335316,0.13818722139673106,13.77265973254086,0.37295690936106984,7.459777907477591,0.5274888558692422,5.2753409505070605
2019-05-09,128,6885750,4778,3553,0.0006938968158878844,0.06331372744405221,0.9402504619422306,0.006089690373849484,0.1837588949351193,0.12750508277664827,183.75222346783292,0.0028145229383619475,2.8144207555657537,0.23043114273754708,0.07994481556781877,115.2113884043759,0.01885730368702505,9.428309531145276,0.3015906236919213,0.04185425077696128,60.317686749154696,0.07289614410357445,14.579122956263259,0.3938886563415655,0.027331609979958756,39.388579618983044,0.18660287081339713,18.660151583016486,0.5092088740058602,0.017666920814726064,25.460443700293006,0.34055727554179566,17.027863777089784,0.6923398911678527,0.009608234966074915,13.84677771403314,0.5862651280607937,11.725285532881223,0.8315194642109669,0.005769861947375606,8.31515841442896,0.7734309034618632,7.734275337743182,0.46526950976981146,0.896620808257015,0.15890850722311398,15.837881219903691,0.42536115569823435,8.507952721435867,0.5906902086677368,5.907408682053584
2019-05-10,129,6885750,5054,3740,0.0007339795955415169,0.06553717550546764,0.9389899586916287,0.006203257027351706,0.1820340324495449,0.1336044147545745,182.02742360433544,0.001336898395721925,1.336849858893733,0.23051048674317373,0.08459192564623874,115.25105896687543,0.013636363636363636,6.817934280358038,0.30510486743173726,0.044787824217955796,61.02053039350794,0.0697860962566845,13.957117903496043,0.3957261574990107,0.029045281594005053,39.5723284004591,0.18449197860962566,18.449063895425805,0.4994064107637515,0.01832770576916095,24.97032053818758,0.32379679144385026,16.18983957219251,0.685199841709537,0.010058439446045172,13.703976932252779,0.5745989304812834,11.491961920140978,0.8300356153541749,0.006092292052427114,8.300356153541749,0.7703208556149732,7.703208556149733,0.4606236392769429,0.8868609057189092,0.15905511811023623,15.852493438320211,0.4141732283464567,8.284174984130415,0.5700787401574803,5.7012763198768255
2019-05-11,130,6885750,4736,2999,0.0006877972624623316,0.06625697700021231,0.9377851419993516,0.005152799206084377,0.20291385135135134,0.1395585245425501,202.90648445288522,0.0,0.0,0.2937077702702703,0.1010020331106593,146.84855352443464,0.006668889629876626,3.334323756093739,0.40688344594594594,0.05597025763164774,81.37609828697602,0.08269423141047015,16.538726188232157,0.48669763513513514,0.033474687037090826,48.66941010676693,0.19373124374791598,19.37298370032839,0.5819256756756757,0.02001234433431362,29.096283783783786,0.33977992664221407,16.988996332110702,0.7284628378378378,0.01002068036062831,14.56923559822559,0.571190396798933,11.423791345496365,0.838893581081081,0.005769887085647896,8.388935810810812,0.7455818606202067,7.455818606202067,0.4792233829655798,0.8903911832432658,0.14884979702300405,14.835363103292737,0.38159675236806495,7.632589587245292,0.530446549391069,5.304920422340699
2019-05-12,131,6885750,4718,2931,0.0006851831681370948,0.07503804676991468,0.9210873326511597,0.0044241603395217275,0.20517168291649004,0.14057507987220447,205.16423404621278,0.000341180484476288,0.3411680977320069,0.28465451462484104,0.09751670055184432,142.32209004342135,0.0034118048447628795,1.7058404886600347,0.40483255616786773,0.05547648784454965,80.96592330979392,0.07267144319344933,14.534183100563295,0.5008478168715558,0.03431700020331697,50.084418005508645,0.2016376663254862,20.16362021697866,0.5801186943620178,0.019874378244926116,29.00593471810089,0.32446264073694986,16.223132036847492,0.701780415430267,0.009616948601171113,14.035587925077149,0.5203002388263391,10.405989664172044,0.7891055532005087,0.0054068027250401916,7.891032612112229,0.6605254179460934,6.605234994230584,0.42447866944895274,0.8688156408182212,0.12098765432098765,12.058436213991769,0.32592592592592595,6.519077568134172,0.454320987654321,4.543599517184423
2019-05-13,132,6885750,4612,2990,0.0006697890571106996,0.07237283876496756,0.9201201351774383,0.00411416091421879,0.18538594969644406,0.12416497240778392,185.37921915804384,0.001003344481605351,1.0033080546346278,0.25346921075455336,0.08488237002613999,126.73000420804281,0.009364548494983277,4.6821042549615965,0.3566782307025152,0.04777948822213832,71.33512814952059,0.053177257525083614,10.635374277595762,0.4483954900260191,0.030032821168201225,44.83922340827008,0.15785953177257525,15.78583855039371,0.5485689505637468,0.018371274007914898,27.42844752818734,0.30702341137123745,15.351170568561873,0.69275802254987,0.009279994423289736,13.855100086766544,0.5274247491638796,10.548449025543029,0.7773200346921075,0.005206396969978623,7.773189058115851,0.6575250836120401,6.575241287064325,0.4113242303574456,0.8613303870619216,0.11750599520383694,11.711430855315749,0.31654676258992803,6.331478213655491,0.4412470023980815,4.412848451941706
2019-05-14,133,6885750,3817,2618,0.0005543332244127365,0.04798104786770233,0.9122296264197632,0.003204157220110722,0.17736442232119465,0.09831542259657276,177.35798300873745,0.002291825821237586,2.2917426152463993,0.23945506942625097,0.06636654080743537,119.72318793942836,0.011077158135981665,5.5383779868454655,0.31464500916950483,0.03488338319440007,62.92854488625629,0.04583651642475172,9.167236718224002,0.3940267225569819,0.0218420517586918,39.40238614027039,0.1241405653170359,12.413966389261669,0.49646319098768665,0.013760202155159895,24.82297930046954,0.2677616501145913,13.387985290572969,0.6678019386953105,0.0074036637824618275,13.35598058425112,0.5164247517188694,10.32845003513968,0.7432538642913282,0.004120103111498384,7.432538642913282,0.6260504201680672,6.260504201680672,0.38107170976891824,0.8581230030401238,0.12890094979647218,12.847127996381728,0.32157394843962006,6.432030553609621,0.4559023066485753,4.559414063318213
2019-05-15,134,6885750,2602,1642,0.00037788185745924553,0.03798965309994193,0.884248720563899,0.0015202127343508876,0.20522674865488086,0.07754864943363346,205.21929778541184,0.001218026796589525,1.2179825754598201,0.29362029208301305,0.055474876561138545,146.80481601877776,0.021315468940316686,10.657347535273427,0.3762490392006149,0.02843533068053095,75.24926142715833,0.05907429963459196,11.814774135435,0.43735588009223675,0.016526765226988874,43.73527043110632,0.12423873325213154,12.423783111488351,0.5080707148347425,0.009599535272119958,25.403535741737127,0.22350791717417784,11.17539585870889,0.6122213681783244,0.004626926796964179,12.244374016985432,0.38550548112058464,7.71007603096836,0.684857801691007,0.002587949623570964,6.848568070908442,0.5006090133982948,5.006082863775833,0.33566539063793976,0.8496895972358017,0.12518628912071536,12.476900149031296,0.31892697466467956,6.379086537847048,0.44709388971684055,4.471322339612416
2019-05-16,135,6885750,2057,1335,0.0002987328903895727,0.04099518872376782,0.8514510050825059,0.0009972269459825294,0.2231404958677686,0.06665698518733662,223.1323946298994,0.00599250936329588,5.992291801962621,0.27369956246961596,0.04088004647110079,136.84481282857666,0.02247191011235955,11.235547128679912,0.3514827418570734,0.020999738592465653,70.29603792565405,0.060674157303370786,12.134743345774938,0.41857073407875545,0.012503993726219177,41.85676947025459,0.12134831460674157,12.134743345774938,0.47690811861934856,0.007123407036270559,23.845405930967427,0.19775280898876405,9.887640449438202,0.5454545454545454,0.0032588900603853156,10.909043380310251,0.30112359550561796,6.02244567137727,0.63441905687895,0.001895218385796754,6.344190568789498,0.43670411985018726,4.367041198501872,0.27549737643743655,0.841078837488686,0.11129568106312292,11.092469545957917,0.28903654485049834,5.781226671529435,0.4269102990033223,4.2694691223651295
2019-05-17,136,6885750,1752,1222,0.0002544385143230585,0.028523093762264452,0.8428398057910309,0.0010111585078377261,0.1877853881278539,0.04777810049375544,187.7785704765277,0.0057283142389525366,5.728106269367911,0.2551369863013699,0.03245715945396457,127.56386170669893,0.020458265139116204,10.22876119529984,0.3213470319634703,0.016352493537424847,64.26893971194244,0.062193126022913256,12.438534883739726,0.3784246575342466,0.009628510848412675,37.84219096715615,0.12029459901800327,12.029372552037758,0.4537671232876712,0.005772791634898159,22.688356164383563,0.22013093289689034,11.006546644844518,0.54337899543379,0.0027651268705270004,10.867564125988181,0.34615384615384615,6.923066868882581,0.6289954337899544,0.0016004066368950369,6.289954337899544,0.46890343698854337,4.689034369885434,0.2395620503554987,0.8382969439963565,0.10247349823321555,10.21319199057715,0.26501766784452296,5.300807932650055,0.4169611307420495,4.169968907018044
2019-05-18,137,6885750,1823,1340,0.00026474966416149294,0.026080083007369696,0.8618075709508318,0.0015767132020787968,0.19528250137136588,0.051699099622422306,195.27541153323884,0.013432835820895522,13.432348134436733,0.2528798683488755,0.033473714783618935,126.43534370340322,0.03805970149253731,19.029159857118703,0.33132199670872187,0.017543350082779054,66.26391817470974,0.10223880597014925,20.44761271628439,0.38946791003839826,0.010311074965871794,38.946508198711854,0.17313432835820897,17.313307117437876,0.455842018650576,0.00603420106742185,22.7921009325288,0.26119402985074625,13.059701492537313,0.562260010970927,0.0029771586578678315,11.245183888323325,0.4044776119402985,8.089540490571586,0.6478332419089413,0.0017151363322804342,6.478332419089413,0.5208955223880597,5.208955223880596,0.2519400182555711,0.8382645109266351,0.10815307820299501,10.779256794231836,0.26455906821963393,5.291635153531992,0.4193011647254576,4.193371253742333
2019-05-19,138,6885750,2496,1949,0.00036248774643285047,0.030563204868282123,0.8824549441352102,0.0027451599607590717,0.17708333333333334,0.06418820795817601,177.0769042259657,0.01539250897896357,15.39195014549788,0.23036858974358973,0.04175137961080453,115.18011304290756,0.051308363263211906,25.65325024249647,0.30448717948717946,0.02207377287249492,60.89522498268505,0.11800923550538737,23.60099022309675,0.36738782051282054,0.013317261610851318,36.738515279214525,0.19291944586967677,19.29180450197692,0.4338942307692308,0.00786400999157687,21.694554006210105,0.27603899435608004,13.801849497424978,0.5592948717948718,0.004054733087609537,11.185848701124748,0.4366341713699333,8.732645380800776,0.6566506410256411,0.002380274653778232,6.566496873899624,0.5608004104669061,5.6079959603188305,0.27243544277401655,0.8401760744120617,0.09631728045325778,9.599622285174695,0.2577903682719547,5.156249544458428,0.39660056657223797,3.96634580342956
2019-05-20,139,6885750,2973,2279,0.00043176124605162836,0.061551524902421426,0.8833157894545398,0.003922555332411324,0.20887991927346114,0.09018297995933779,208.87233577363276,0.03203159280386134,32.0304298793477,0.2600067272115708,0.05612837641591635,129.99864376249445,0.06625713032031592,33.12736240946234,0.3239152371342079,0.027970606175026867,64.78257701637781,0.12988152698551997,25.976116774827734,0.3972418432559704,0.017151238781259983,39.72389587556708,0.21676173760421238,21.67601636277855,0.47494113689875544,0.010253058853429184,23.747056844937774,0.31724440544098287,15.862220272049145,0.5970400269088463,0.005155567431917464,11.940783196880485,0.4747696358051777,9.495378926205683,0.6804574503868147,0.002937947299934938,6.804564621771611,0.5835892935498025,5.835884460191109,0.3080321238988604,0.8411396761865724,0.1038107752956636,10.34647393780114,0.26544021024967146,5.30925950552559,0.40867279894875164,4.087078480738759
2019-05-21,140,6885750,3074,2311,0.00044642921976545765,0.06489537750032075,0.8884523916032351,0.0033947600048315706,0.2111255692908263,0.09424920127795527,211.11790426144455,0.016010385114668974,16.009803848871897,0.24658425504229017,0.05503920999128667,123.28765133295451,0.033318909562959756,16.65884995085319,0.30904359141184123,0.0275930175143048,61.80826946946138,0.08870618779749026,17.741108734687867,0.3845152895250488,0.017165761422056988,38.45124974363335,0.18520121159671138,18.519986679137578,0.49089134677944046,0.010957412046618015,24.544567338972023,0.32496754651665943,16.248377325832973,0.6180871828236825,0.005518619531846791,12.361689798768394,0.49286023366508,9.857161727384044,0.7143786597267404,0.0031891950767890206,7.143786597267403,0.6205106014712246,6.205106014712246,0.3435828977632236,0.8500844728128544,0.11385459533607682,11.347508001828992,0.3017832647462277,6.036182933457567,0.4540466392318244,4.540855797669216
2019-05-22,141,6885750,2863,2140,0.0004157862251751806,0.04422317821878675,0.8555940869133707,0.0025981427285566585,0.1770869717079986,0.0736276503049666,177.08054246853783,0.002336448598130841,2.336363772085309,0.22214460356269647,0.046180656404298574,111.06826924062135,0.013084112149532711,6.541818561838866,0.2874607055536151,0.02390426675186616,57.491723641866024,0.06074766355140187,12.149444488630673,0.3402025847013622,0.01414505213628046,34.02001143813943,0.12242990654205607,12.242901753927832,0.4837582954942368,0.010057001779036416,24.187914774711842,0.31121495327102805,15.560747663551401,0.6269647223192455,0.005213658332558788,12.539276235912217,0.5009345794392523,10.018677038914607,0.7135871463499825,0.002966997059143884,7.135871463499826,0.616822429906542,6.16822429906542,0.34884902833269665,0.861254354813096,0.11919504643962849,11.879772961816304,0.34055727554179566,6.81172965710614,0.4984520123839009,4.9849476127004015
2019-05-23,142,6885750,2810,2115,0.0004080891696619831,0.0425010161396012,0.8417978954608976,0.00292045837531614,0.1800711743772242,0.07348242811501597,180.06463679465168,0.008037825059101654,8.037533241462274,0.22846975088967972,0.04661632297415045,114.23072808514465,0.025059101654846337,12.529095935220603,0.299644128113879,0.024456127102152257,59.92839046037185,0.08557919621749409,17.11571495990618,0.3779359430604982,0.015423044526416683,37.79331987465255,0.17777777777777778,17.77764868763736,0.499288256227758,0.01018770649529826,24.9644128113879,0.33522458628841606,16.761229314420802,0.6231316725978647,0.005085858351147876,12.462615352817256,0.49976359338061466,9.995257351753668,0.69644128113879,0.0028421014413825656,6.964412811387901,0.5966903073286052,5.966903073286051,0.35769253235725235,0.8634539455713117,0.1302170283806344,12.978297161936561,0.3572621035058431,7.1458548696082955,0.5342237061769616,5.342695229613679
2019-05-24,143,6885750,3066,2166,0.0004452674000653524,0.06259162713887743,0.8873298686757214,0.0036596859348536053,0.22113502935420742,0.09846064478652337,221.12700092589802,0.013850415512465374,13.849912665547262,0.28604044357469016,0.06367993029334883,143.0150293598913,0.045706371191135735,22.852355898152982,0.3714938030006523,0.03308257573557176,74.29822109302454,0.12326869806094183,24.65356059348602,0.4406392694063927,0.019620087716750414,44.063606978347735,0.21098799630655588,21.098646425511443,0.5257664709719504,0.011705333478560795,26.288323548597518,0.32917820867959374,16.458910433979685,0.6621004566210046,0.00589620928928894,13.241951439569903,0.5216989843028624,10.433934227243492,0.7586431833007176,0.0033779907780561304,7.586431833007175,0.6583564173591875,6.583564173591873,0.37171154738304113,0.8677555242937416,0.13517915309446255,13.4728555917481,0.3566775244299674,7.1341622853822475,0.5423452768729642,5.423917901900201
2019-05-25,144,6885750,3010,1887,0.00043713466216461534,0.08421199613437574,0.9251056051307772,0.0042160891056165495,0.2664451827242525,0.11646819634040081,266.43550928601826,0.013248542660307366,13.24806166471267,0.34352159468438537,0.07507987220447285,171.75456147240828,0.046104928457869634,23.051627296600046,0.4558139534883721,0.039850126346974934,91.16212873544274,0.15315315315315314,30.630408211807616,0.5488372093023256,0.023991402596648174,54.88332240195022,0.2840487546369899,28.404669206797372,0.6152823920265781,0.01344806302871873,30.7641196013289,0.38791732909379967,19.395866454689987,0.739202657807309,0.006462612696347244,14.784031685672105,0.584525702172761,11.690497065642978,0.8199335548172757,0.0035842085695696625,8.19932364050309,0.7133015368309485,7.13300500922731,0.3981304436636306,0.8731793887568322,0.1476725521669342,14.718031032637773,0.3739967897271268,7.480577298470028,0.5425361155698234,5.425826452538346
2019-05-26,145,6885750,3469,2277,0.0005037940674581564,0.09187002339747548,0.9333535323637264,0.004093658321607113,0.26030556356298645,0.13113563752541388,260.2961130269872,0.013175230566534914,13.17475223257592,0.3254540213317959,0.0819779262271275,162.72110277268467,0.043478260869565216,21.73834118375027,0.409051599884693,0.04121525458189317,81.80972592599333,0.11638120333772507,23.276071651303855,0.47592966272701065,0.023976879955851172,47.59262068492424,0.2059727711901625,20.59712755558775,0.537042375324301,0.013527839902407853,26.851923784377306,0.2964426877470356,14.822026759085002,0.7235514557509368,0.007290408030486105,14.471008099140874,0.5792709705753184,11.58540258632017,0.8434707408475065,0.004249355553135097,8.434707408475063,0.7619675010979359,7.619675010979359,0.4117554550100848,0.8844608915998636,0.14444444444444443,14.396296296296295,0.38095238095238093,7.619701053663318,0.573015873015873,5.7306501674426205
2019-05-27,146,6885750,3642,2466,0.0005289184184729332,0.07535189373420603,0.9436817635708397,0.005651889306580919,0.22377814387699066,0.11835608480975893,223.77001948896142,0.0056772100567721,5.677003942552787,0.29214717188358047,0.07725820505373221,146.06828266027912,0.025952960259529603,12.976009011549227,0.37891268533772654,0.040082488599726976,75.78198678626305,0.09529602595296026,19.05906679559662,0.46540362438220756,0.024615876150919282,46.540024493737626,0.21330089213300893,21.329934328688985,0.6101043382756727,0.016134771085212215,30.505216913783638,0.4257907542579075,21.289537712895378,0.8099945085118067,0.008568407844595222,16.199866643580876,0.7201946472019465,14.403872025661082,0.871499176276771,0.004609506271629753,8.714966449718442,0.8110300081103001,8.110276524405402,0.42662285228217295,0.8851343150566229,0.14082278481012658,14.035337552742615,0.3860759493670886,7.722181210239486,0.569620253164557,5.696691056734047
2019-05-28,147,6885750,4347,3017,0.0006313037795447119,0.08591085534075575,0.9477993012844179,0.008384479482773047,0.2100299056820796,0.13258785942492013,210.02228043136503,0.003314550878355983,3.314430541771668,0.27927306188175754,0.08814986930002905,139.6314613601737,0.026516407026847863,13.257722167086673,0.36853002070393376,0.0465305411135961,73.7054689378754,0.10308253231687106,20.616356760315284,0.4856222682309639,0.030657294722472334,48.561874197208155,0.2611866092144514,26.118471265479812,0.6701173222912353,0.021152379915041934,33.50586611456176,0.5270135896586012,26.35067948293006,0.8362088796871405,0.010558021191560555,16.724153305679337,0.7649983427245608,15.299944634769858,0.8870485392224523,0.005599962821823589,8.870472509862383,0.8379184620483925,8.379172451624394,0.40901241931821497,0.8791167897927695,0.15024232633279483,14.974151857835217,0.3780290791599354,7.561230003574625,0.5525040387722132,5.525514233381457
2019-05-29,148,6885750,4718,3134,0.0006851831681370948,0.08229035241666963,0.9438448562453547,0.00939515973650731,0.2043238660449343,0.13999419111240197,204.31644795511272,0.0035098915124441607,3.509764083911179,0.28041543026706234,0.09606447865233808,140.20262481567124,0.02297383535417996,11.486500638254768,0.40801186943620177,0.05591216706845973,81.60178134625828,0.12699425654116145,25.398666879035186,0.5455701568461212,0.037381277411484504,54.55661952864125,0.3190810465858328,31.907872963612043,0.6998728274692666,0.023976879955851172,34.993387273421405,0.54977664326739,27.488632558151778,0.8257736328952946,0.011316107444929826,16.51544867293886,0.7383535417996171,14.767049390181224,0.8745231030097499,0.005992085103293032,8.745231030097498,0.8114231014677729,8.114231014677728,0.4152199211446968,0.8704335106255154,0.15109034267912771,15.058670820353065,0.38161993769470404,7.633053333547074,0.5218068535825545,5.218516054567898
2019-05-30,149,6885750,4924,2817,0.000715100025414806,0.10743813737172139,0.947498922994057,0.00816775803967779,0.2676685621445979,0.19140284635492302,267.65884429090397,0.0056798012069577564,5.6795949986653165,0.3903330625507717,0.1395585245425501,195.15944564761665,0.04969826056088037,24.848228119160762,0.5257920389926889,0.07519823404687909,105.15764420964615,0.18920837770678026,37.84140076082553,0.6159626320064988,0.04404716953730867,61.59581593044743,0.33262335818246364,33.26209428976878,0.6976035743298131,0.024942816686635443,34.880178716490654,0.4721334753283635,23.606673766418176,0.8048334687246141,0.01151071196207826,16.09664599774175,0.6592119275825347,13.184219404543398,0.8610885458976442,0.006157644410558037,8.610885458976442,0.7571884984025559,7.571884984025559,0.45320925468100837,0.8820028392432244,0.1691542288557214,16.859038142620232,0.4295190713101161,8.591118165604227,0.5621890547263682,5.622372699111646
2019-05-31,150,6885750,4644,2594,0.0006744363359111208,0.10534726578167736,0.9374744409602653,0.005084712589608843,0.2588285960378984,0.1745570723206506,258.8191991240137,0.0015420200462606013,1.541964062378585,0.3684323858742463,0.12423758350275922,184.2095048673825,0.02081727062451812,10.408257421055449,0.49849267872523684,0.0672398268901217,99.69781180203607,0.12336160370084812,24.672141586543752,0.578380706287683,0.039007813180748786,57.83765064800623,0.24749421742482652,24.7492420290017,0.6574074074074074,0.022168972152634064,32.870370370370374,0.3866615265998458,19.333076329992288,0.7622739018087855,0.010282089413514267,15.245455895586966,0.574402467232074,11.488032660863155,0.8322566752799311,0.0056130332744678876,8.322554666164354,0.6996915959907479,6.996905798478733,0.47297973246129577,0.886618575468306,0.1906474820143885,19.001199040767386,0.45143884892086333,9.0295513160655,0.6025179856115108,6.025696595382356
2019-06-01,151,6885750,3699,1904,0.0005371963838361834,0.109896082210682,0.9368419183923321,0.0038689955171863255,0.2808867261422006,0.1508858553586988,280.87652839582597,0.0005252100840336134,0.5251910159939666,0.39497161394971614,0.10608480975893117,197.4786371445148,0.011554621848739496,5.777101175933632,0.5350094620167613,0.057480612274536,107.00111542832826,0.11817226890756302,23.634282164171257,0.6331440929981076,0.03401153080933502,63.31303008120536,0.28886554621848737,28.885925367402223,0.687212760205461,0.018458410485422794,34.36063801027305,0.39233193277310924,19.616596638655462,0.777507434441741,0.008353471512222325,15.550126105781258,0.5677521008403361,11.355025526191284,0.8391457150581239,0.004507840796540116,8.39142059063966,0.6875,6.874970046966357,0.44964838629924414,0.8795144017881467,0.17702448210922786,17.643440050219713,0.4425612052730697,8.851983215590506,0.6177024482109228,6.177554244071673
2019-06-02,152,6885750,2926,1595,0.0004249355553135098,0.062020565361843416,0.9351583855408444,0.00386096658304819,0.2607655502392344,0.11080453093232646,260.7560830031671,0.0006269592476489029,0.6269364855501645,0.3803827751196172,0.0808161487075225,190.1844825573558,0.025705329153605017,12.85219795377837,0.5246069719753931,0.04458450724679776,104.92063252721725,0.15047021943573669,30.093825364652584,0.6281613123718387,0.026692226143278295,62.81476287289081,0.31912225705329156,31.91153054073835,0.6917293233082706,0.014697019206331917,34.58646616541353,0.43448275862068964,21.72413793103448,0.7870813397129187,0.006689167208848406,15.741603933126422,0.6094043887147336,12.188070073869774,0.8380041011619959,0.003560972209313133,8.380028841516715,0.70282131661442,7.028202959263382,0.404703988288083,0.8660074941019223,0.156794425087108,15.627177700348431,0.41114982578397213,8.223701746941508,0.5505226480836237,5.505698627189653
2019-06-03,153,6885750,3721,2513,0.000540391388011473,0.040763414632957976,0.9359501863935442,0.006169737434403646,0.15667831228164472,0.08466453674121406,156.6726239897379,0.0007958615200955034,0.795832625907292,0.2485890889545821,0.06716526285216382,124.29003189580408,0.023079984082769598,11.539573075655733,0.4041924213920989,0.0436841035173836,80.8378972842849,0.1341026661360923,26.82033847473344,0.5095404461166353,0.02753492695111679,50.95367461802,0.2757660167130919,27.576401428768953,0.6151572158022037,0.016621162392169393,30.757637447428216,0.43056108237166735,21.527897796484854,0.7927976350443429,0.008568407844595222,15.855929673722533,0.6931953840031835,13.863887545891581,0.8618650900295619,0.004657444722797081,8.61865090029562,0.7954635893354556,7.954635893354556,0.4476407547259133,0.8618185305992814,0.1563467492260062,15.582559339525284,0.413312693498452,8.266962811124268,0.5340557275541795,5.3410152993218585
2019-06-04,154,6885750,4484,3207,0.000651199941909015,0.06146668940639716,0.9493903602495175,0.00920740746551481,0.1592328278322926,0.10368864362474586,159.22704679730015,0.0077954474586841285,7.7951644406962295,0.23907225691347012,0.07783909381353471,119.53178863214688,0.030558154038041782,15.27852230376461,0.37221231043710973,0.048476574980394434,74.44192153685347,0.13314624259432492,26.629055155359513,0.4928635147190009,0.03209503616137559,49.28599358791079,0.29186155285313375,29.18594335528865,0.6416146297948261,0.020890818786488134,32.08049854127134,0.49984409105082633,24.992023076136594,0.8131132917038358,0.010589940427954423,16.262194982557354,0.7396320548799501,14.79257664894788,0.8947368421052632,0.005826517334324752,8.947355427035383,0.8531337698783911,8.531325308956646,0.4333743036077328,0.87280435418564,0.16782006920415224,16.726066897347174,0.4083044982698962,8.166790316166827,0.5311418685121108,5.311874209879694
2019-06-05,155,6885750,4601,3152,0.0006681915550230549,0.08817804958420872,0.9570657160506019,0.009552119059068338,0.21038904585959575,0.14057507987220447,210.38140757010038,0.007931472081218274,7.931184124781983,0.2825472723321017,0.0943944234679059,141.26850714934426,0.03267766497461929,16.338239297050883,0.4059986959356662,0.054256586017601444,81.19914956981071,0.1434010152284264,28.679994789541873,0.5218430775918279,0.03486886055360307,52.18392883220437,0.3039340101522843,30.39318031900566,0.6705064116496414,0.02240133609265512,33.52532058248207,0.5190355329949239,25.951776649746193,0.8348185177135405,0.011156357468166187,16.696346106591026,0.7588832487309645,15.177642932513589,0.911106281243208,0.0060879263872107075,9.111049580685965,0.870241116751269,8.70239852924013,0.47698333117150693,0.8890436022136509,0.1865671641791045,18.59452736318408,0.4664179104477612,9.329158239676405,0.6007462686567164,6.007977906351604
2019-06-06,156,6885750,3512,1517,0.0005100388483462222,0.1468029796065004,0.9632661134854223,0.0033853857552755503,0.357630979498861,0.18239907057798432,357.6179955103518,0.0006591957811470006,0.6591718486832645,0.48604783599088835,0.12394713912285797,243.01509487904877,0.011865524060646011,5.932546638149381,0.6116173120728929,0.06238926486392286,122.32257418472575,0.11404087013843112,22.808008410226904,0.6771070615034168,0.03453483981527201,67.71021448120992,0.25313117996044826,25.31293418938477,0.7545558086560364,0.019242638782993864,37.727790432801825,0.4317732366512854,21.588661832564274,0.8357061503416856,0.00852483966911423,16.714098733372243,0.6196440342781806,12.392862687723598,0.9123006833712984,0.004653087898921686,9.123006833712985,0.7969676994067239,7.969676994067237,0.5139072285927822,0.9032591926868188,0.22410147991543342,22.335447498238196,0.5158562367864693,10.31800956632422,0.6553911205073996,6.554473290083008
2019-06-07,157,6885750,2604,1345,0.00037817231238427185,0.12689550114243534,0.9582140233947422,0.002825904011020232,0.32872503840245776,0.12431019459773453,328.71310385996566,0.001486988847583643,1.4869348616394236,0.4216589861751152,0.07972698228289282,210.82183880738452,0.012639405204460967,6.319473161967551,0.5207373271889401,0.03938540184147085,104.14670918967279,0.08921933085501858,17.843736600974303,0.5967741935483871,0.022568183798541926,59.67698601797622,0.220817843866171,22.0816240437057,0.6793394777265745,0.012845369059289112,33.96697388632873,0.37992565055762084,18.99628252788104,0.8221966205837173,0.006218630913653685,16.44390853060325,0.6557620817843867,13.115222588782764,0.9051459293394777,0.00342300632028999,9.051446148209216,0.8163568773234201,8.16355691750764,0.4744981247082342,0.8990867997192522,0.22566371681415928,22.491150442477878,0.48008849557522126,9.602593390913645,0.6438053097345132,6.438605245981268
2019-06-08,158,6885750,2301,1427,0.000334168391242784,0.08051140362010203,0.9359996890888842,0.0027324971303965186,0.25206431986093003,0.08422887017136219,252.05516852779536,0.004905395935529082,4.9052178424439985,0.3307257714037375,0.05525704327621261,165.3568821117692,0.027330063069376315,13.664535418236854,0.4372012168622338,0.029219553283569084,87.4396084408239,0.11212333566923616,22.42450430115434,0.5167318557149065,0.017267419907636004,51.6728103559342,0.22424667133847231,22.42450430115434,0.6071273359408953,0.010144064596706266,30.356146369739317,0.36790469516468116,18.39510118454067,0.7475010864841374,0.004995817455153825,14.950000018177075,0.5928521373510862,11.85702552736442,0.8496305953933072,0.0028391927688446884,8.496293614981449,0.7575332866152769,7.575321864705046,0.33917164541908146,0.8700800645552078,0.1685823754789272,16.802043422733078,0.3390804597701149,6.782190808540841,0.5229885057471264,5.230333589637429
2019-06-09,159,6885750,2276,1428,0.00033053770467995496,0.08815783704560286,0.9250517612391813,0.0033888734998217193,0.27636203866432335,0.09134475747894279,276.3520051892049,0.01330532212885154,13.304839071847153,0.36072056239015815,0.05961370897473134,180.3537331163253,0.0546218487394958,27.30993283168626,0.4648506151142355,0.030729907926457346,92.96944793699635,0.15546218487394958,31.09221120264307,0.5289982425307557,0.017485259519591043,52.899440130502654,0.25280112044817926,25.27992847782466,0.6181898066783831,0.010216751987800893,30.90949033391916,0.39285714285714285,19.64285714285714,0.781195079086116,0.005164266067170313,15.623833511431453,0.6519607843137255,13.0391588769558,0.8449033391915641,0.0027927241041280906,8.449033391915641,0.7528011204481793,7.528011204481793,0.3357380757944719,0.8566652732270427,0.15769944341372913,15.717377860235002,0.3469387755102041,6.939370602443378,0.48608534322820035,4.861270315080655
2019-06-10,160,6885750,2172,1422,0.0003154340485785862,0.08660283974646893,0.9059260152716728,0.0031431621917493192,0.27025782688766115,0.08524542550101656,270.2480150292932,0.016877637130801686,16.877024378945357,0.3411602209944751,0.05380482137670636,170.57391749293546,0.04922644163150492,24.612327219295313,0.4300184162062615,0.027128293008800722,86.00305874095284,0.13783403656821377,27.56660714222249,0.5027624309392266,0.01585872375032676,50.27587802201312,0.2440225035161744,24.402073159059196,0.5985267034990792,0.00943978506335548,29.926335174953955,0.3881856540084388,19.409282700421944,0.759208103130755,0.004789580846323873,15.18409590818352,0.6329113924050633,12.658172698672233,0.8236648250460405,0.0025981117580168955,8.236624326779392,0.7313642756680732,7.313621513906847,0.34937822833483073,0.8535009955560535,0.1579961464354528,15.746949261400125,0.35452793834296725,7.091166876530601,0.5048169556840078,5.048602504486461
2019-06-11,161,6885750,2362,1660,0.00034302726645608683,0.06524873165689174,0.9195148797108388,0.003488880181643794,0.2455546147332769,0.08422887017136219,245.5456997385509,0.01566265060240964,15.66208196130441,0.2988992379339543,0.05126343305257043,149.44419311673872,0.03674698795180723,18.37282691614556,0.3615580016934801,0.024804670481280315,72.31107526099743,0.09518072289156626,19.036006350768318,0.4191363251481795,0.014377414389032502,41.9133281665032,0.1746987951807229,17.469752663679785,0.5977984758679086,0.010253058853429184,29.88992379339543,0.42771084337349397,21.385542168674696,0.7675698560541914,0.005265940143135979,15.351374826671705,0.6692771084337349,13.385522729219696,0.8619813717188823,0.002956831136767963,8.619813717188823,0.8036144578313253,8.036144578313253,0.39618933072273027,0.8813968011447004,0.1836734693877551,18.30612244897959,0.46938775510204084,9.38856022683516,0.6326530612244898,6.327073196345434
2019-06-12,162,6885750,2327,1568,0.0003379443052681262,0.0736951153422711,0.9238045161506239,0.0034475606354251198,0.2617103566824237,0.0884403136799303,261.7008551446412,0.010841836734693877,10.841443115875453,0.3240223463687151,0.05474876561138542,162.00529128001597,0.035076530612244895,17.537628569798525,0.3949290932531156,0.026692613784890646,78.98524510928696,0.10714285714285714,21.428415828848603,0.46024924795874517,0.015553748293589706,46.02459059414925,0.20089285714285715,20.089139839545567,0.649763644177052,0.01097919616599499,32.4881822088526,0.48214285714285715,24.107142857142858,0.7468844005156854,0.005048099265731016,14.937666316719957,0.6243622448979592,12.487226763076618,0.8504512247529007,0.002874047309229482,8.504499896659606,0.7780612244897959,7.780600945328638,0.39501484275629645,0.8863406052463276,0.1828193832599119,18.220998531571222,0.44933920704845814,8.987554877173363,0.6101321585903083,6.1018448553358375
2019-06-13,163,6885750,2182,1480,0.0003168863232037178,0.06246035885920306,0.9381237782339057,0.0032421589586225934,0.2635197066911091,0.08350275922160906,263.5101394638839,0.006756756756756757,6.756511449003462,0.31805682859761686,0.05039209991286669,159.02264068516124,0.030405405405405407,15.20215076025779,0.39092575618698444,0.02477562519968631,78.18458350996335,0.10743243243243243,21.486330466223873,0.44454628780934924,0.01408696157309245,44.454305981632146,0.1837837837837838,18.37824492708457,0.6301558203483043,0.009984388047779836,31.50779101741522,0.4574324324324324,22.871621621621625,0.7543538038496792,0.004780881122780928,15.08705416644765,0.6385135135135135,12.770251724357735,0.8648029330889092,0.0027404342578970834,8.648004212334941,0.8006756756756757,8.00673350080497,0.3927987007876556,0.893598912478387,0.1832579185520362,18.264705882352942,0.4479638009049774,8.960044395116537,0.6199095022624435,6.199626677429118
2019-06-14,164,6885750,2175,1414,0.0003158697309661257,0.05816458993266276,0.9354863824978008,0.003191860744751723,0.27586206896551724,0.08713331397037467,275.85205364207235,0.009193776520509194,9.193442735419138,0.3457471264367816,0.054603543421434794,172.867286949032,0.03748231966053748,18.74047942220055,0.4220689655172414,0.02666356850329664,84.4131801478505,0.1173974540311174,23.479320314117942,0.49195402298850577,0.015539225652792704,49.19504507527235,0.22065063649222066,22.064903427725294,0.6326436781609195,0.009991649420905493,31.632183908045974,0.43564356435643564,21.78217821782178,0.7724137931034483,0.004879621480790847,15.44820855694509,0.6499292786421499,12.998528940541766,0.8551724137931035,0.0027012308027447992,8.551724137931034,0.7772277227722773,7.772277227722772,0.3899358951425869,0.8807660461916006,0.1694560669456067,16.889121338912133,0.4205020920502092,8.410763113889347,0.5732217573221757,5.732709187078808
2019-06-15,165,6885750,2750,1826,0.0003993755219111934,0.07335211549009672,0.938459107815038,0.004478881342375418,0.24981818181818183,0.099767644496079,249.80911203231855,0.008762322015334063,8.762003894436033,0.3229090909090909,0.06447865233807726,161.44868375887836,0.04326396495071194,21.631197114388957,0.42618181818181816,0.03404107002817392,85.23574470781767,0.14457831325301204,28.915452684711365,0.5032727272727273,0.0200993348630515,50.32690728482068,0.25629791894852133,25.629605788721438,0.616,0.012300766074864756,30.799999999999997,0.42332968236582696,21.166484118291347,0.7741818181818182,0.006183776373268891,15.483613877176824,0.6615553121577218,13.23108702798248,0.8636363636363636,0.0034491422164841406,8.63633855169297,0.7951807228915663,7.951784132567022,0.40624076430145384,0.8806528641178197,0.16216216216216217,16.162162162162165,0.4266409266409266,8.533550335437129,0.581081081081081,5.811309165082751
2019-06-16,166,6885750,3686,2723,0.0005353084268235124,0.07000640796248746,0.9408791723350325,0.007546003132749818,0.20428648941942484,0.10935230903282021,204.27907268658214,0.009548292324641938,9.547945668661521,0.26261530113944653,0.07028753993610223,131.30288337358002,0.035622475211164156,17.810590958849374,0.3581117742810635,0.03833977170408667,71.62183478334639,0.1384502387073081,27.689846675153124,0.46608790016277807,0.024949896889250343,46.60845157492011,0.2802056555269923,28.020362086395004,0.6180141074335322,0.016541407980249064,30.900705371676608,0.4843922144693353,24.219610723466765,0.7894736842105263,0.008452226043312576,15.78945075359185,0.7161219243481455,14.322417686879131,0.8657080846446011,0.004634201598661586,8.657068274005429,0.8193169298567756,8.193157399853165,0.41702059135073954,0.869181821629443,0.1497584541062802,14.925925925925924,0.3977455716586151,7.955593672574804,0.5458937198067633,5.459405374499714
2019-06-17,167,6885750,4854,3535,0.0007049341030388847,0.07820701935230086,0.9596366496056273,0.010657824083832755,0.1880922950144211,0.13258785942492013,188.0854662206724,0.006223479490806223,6.223253543976032,0.2599917593737124,0.09163520185884404,129.99116011527303,0.03224893917963225,16.123884182119717,0.35908529048207666,0.050625925818350806,71.81653660974641,0.12758132956152757,25.516080630523355,0.46332921302018953,0.03266141915245868,46.33258486383238,0.2647807637906648,26.477884113270356,0.661516275236918,0.023316269106488038,33.0758137618459,0.5352192362093352,26.760961810466764,0.8562010712814174,0.012071289153267032,17.123996556882666,0.8025459688826025,16.050896067342983,0.915121549237742,0.00645099451621898,9.151202202318673,0.8834512022630835,8.834499192511831,0.5054722570874854,0.8913876075846071,0.16772151898734178,16.716244725738395,0.4572784810126582,9.146353974422997,0.6218354430379747,6.218887736934668
2019-06-18,168,6885750,5417,3866,0.0007866971644337944,0.0683583346860231,0.9621619168778109,0.01152650407791814,0.17777367546612516,0.13984896892245136,177.76722129550848,0.0010346611484738748,1.0346235845344152,0.24404652021414067,0.09599186755736276,122.01882998580591,0.014226590791515779,7.113037143674104,0.3424404652021414,0.05387899735687938,68.48759572644124,0.09079151577858252,18.158171302459394,0.45911020860254753,0.036117807662145285,45.91068748562247,0.24547335747542678,24.547157501472885,0.6819272660143991,0.02682351232618088,34.09636330071996,0.5558717020175893,27.79358510087946,0.8768691157467233,0.013796588902314342,17.537356845876126,0.8287635799275738,16.575247526740082,0.9185896252538306,0.007226487050123588,9.18585623138056,0.8872219348163477,8.872180693634803,0.5048118143922418,0.8946446949548307,0.1531791907514451,15.266859344894026,0.4190751445086705,8.382221715464162,0.5953757225433526,5.9542678392607495
2019-06-19,169,6885750,5133,3348,0.0007454525650800566,0.08393953546135789,0.95898729897307,0.008290508264428093,0.20826027664134034,0.15524252105721753,208.25271563797693,0.0017921146953405018,1.7920496316353267,0.28677186830313656,0.1068835318036596,143.3807284467269,0.011051373954599762,5.525486364208924,0.3835963374245081,0.05719015945859595,76.71871040171968,0.07377538829151732,14.754970516957084,0.4792518994739918,0.03572569636062622,47.92484194723982,0.2060931899641577,20.609169345547343,0.6592635885447107,0.02457248665722688,32.96317942723554,0.47998805256869775,23.999402628434886,0.8437560880576661,0.012579584533878613,16.875097253877783,0.76194743130227,15.238926494939138,0.8944087278394701,0.00666738312110791,8.944074289142566,0.8393070489844683,8.393058300819087,0.5227779358323009,0.9018595565001399,0.1634756995581738,16.293078055964653,0.4374079528718704,8.748909328368578,0.5949926362297496,5.950436647577281
2019-06-20,170,6885750,4254,1906,0.0006177976255309879,0.13543030669120043,0.9596563299169493,0.004710872082374761,0.32863187588152326,0.203020621550973,328.6199447213475,0.0031479538300104933,3.147839541823229,0.4501645510108134,0.1390502468777229,225.07410377016467,0.014690451206715634,7.344958930920868,0.5853314527503526,0.07232275116907258,117.06544049422696,0.11699895068205667,23.399620223037896,0.6812411847672779,0.042086613029713324,68.12362380567666,0.29485834207764955,29.485620101675554,0.767277856135402,0.023701121882147916,38.3638928067701,0.4826862539349423,24.134312696747116,0.8422661024917725,0.010406984849893114,16.845297585837212,0.6479538300104932,12.959057780099085,0.8909261871180065,0.005504120829248811,8.909261871180066,0.7565582371458552,7.565582371458552,0.5007366619528046,0.8937496129660593,0.16279069767441862,16.22480620155039,0.42790697674418604,8.558873509114843,0.5906976744186047,5.907483345965137
2019-06-21,171,6885750,3842,1651,0.0005579639109755655,0.14797757115769483,0.9625476661970975,0.0038998561110923776,0.34018740239458617,0.18980540226546616,340.17505170469383,0.0018170805572380376,1.8170145871335779,0.46668401874023946,0.13019169329073482,233.3335377607177,0.014536644457904301,7.2680583485343115,0.6030713170223841,0.06729791745330971,120.61338758566562,0.11144760751059964,22.289359650762773,0.6780322748568454,0.037831479276191585,67.80273514472572,0.2543912780133253,25.438943079674903,0.769390942217595,0.02146461895944523,38.469547110879745,0.46517262265293763,23.258631132646883,0.855804268610099,0.009550088588108862,17.115961086822125,0.6650514839491217,13.300933095944306,0.8977095262883915,0.005008887907798122,8.97708222569519,0.761962447001817,7.61961340424697,0.4952582973089249,0.8990000746851554,0.17413793103448275,17.355747126436782,0.45517241379310347,9.10422901756669,0.6241379310344828,6.241914591589284
2019-06-22,172,6885750,3889,1609,0.0005647896017136841,0.18080758664963759,0.9669082545603469,0.004545430835826135,0.3612753921316534,0.20403717688062736,361.2622758307482,0.006836544437538844,6.836296233050115,0.48392903059912573,0.1366540807435376,241.9557306453623,0.031696706028589185,15.84777763116163,0.6240678837747493,0.07049289842865027,124.81267044357895,0.13238036047234308,26.47587984322624,0.7084083311905374,0.04000987539574196,70.84031872106716,0.30515848353014297,30.51562676766217,0.7963486757521213,0.022488472570163016,39.81743378760606,0.5133623368551895,25.668116842759478,0.8848032913345333,0.009994539455339716,17.696040127180623,0.7246737103791174,14.493453159108096,0.9151452815633839,0.005168645390843408,9.151452815633839,0.7967681789931634,7.967681789931635,0.5165783761414141,0.9008284866803749,0.18149466192170818,18.08896797153025,0.49466192170818507,9.894086910873321,0.6423487544483986,6.42403844393034
2019-06-23,173,6885750,4095,1889,0.0005947064589913953,0.1668004018387168,0.9593646215642523,0.004967061882034264,0.357997557997558,0.21289573046761545,357.98456070021564,0.007940709370037057,7.940421078235937,0.4771672771672772,0.1418820795817601,238.57497667401822,0.04129168872419269,20.645094803413436,0.5941391941391941,0.0706671701182143,118.82697598082883,0.15510852302805717,31.021479347074983,0.6766788766788767,0.040242237648494,67.66739630967461,0.3096876654314452,30.968541669008307,0.7440781440781441,0.022125403913880116,37.2039072039072,0.4483853890947591,22.419269454737957,0.8485958485958486,0.010093293986429965,16.971892324068406,0.6733721545791425,13.467423533185384,0.8905982905982905,0.00529644555785499,8.905982905982905,0.7633668607728957,7.633668607728957,0.49126618760066726,0.8954492517111112,0.17845117845117844,17.78563411896745,0.4511784511784512,9.0243429145659,0.5993265993265994,5.993779995495261
2019-06-24,174,6885750,4041,2141,0.0005868641760156845,0.15170522156000396,0.9527533695856447,0.004685620458253054,0.31427864390002475,0.18443218123729305,314.2672338417943,0.0037365716954694066,3.7364360371882763,0.4162336055431824,0.12213186174847517,208.1092469771252,0.021018215787015414,10.508726354592028,0.522147983172482,0.061285544163350664,104.42883833773617,0.11489957963568426,22.979749062604576,0.6030685473892601,0.03539167562229516,60.30641683153152,0.2531527323680523,25.315089414495286,0.6852264291017075,0.020106742184947173,34.26132145508537,0.4058851004203643,20.29425502101822,0.8064835436773076,0.009465884765415102,16.129600599717158,0.6347501167678655,12.694947025709013,0.8812175204157386,0.005171542429593829,8.812162406477531,0.7758056982718355,7.758045715905422,0.4802112846521981,0.8895609578883161,0.1768595041322314,17.626997245179062,0.44958677685950416,8.992506698042328,0.5900826446280992,5.9013325205902785
2019-06-25,175,6885750,3588,2074,0.0005210761354972225,0.1234779656764144,0.9470077125520047,0.004427618882287201,0.2842809364548495,0.14812663374963694,284.2706154798112,0.0019286403085824494,1.9285702882401394,0.370958751393534,0.09664536741214058,185.47264176648468,0.018804243008678882,9.40178015517068,0.4760312151616499,0.04960934096256063,95.2055517092954,0.11089681774349083,22.179202497233206,0.5568561872909699,0.02901623631241105,55.685214377977815,0.2343297974927676,23.432809594902906,0.6454849498327759,0.016817340159024072,32.274247491638796,0.3866923818707811,19.334619093539054,0.8054626532887402,0.008394135142671252,16.109229670749325,0.6634522661523626,13.269026052777413,0.8876811594202898,0.004625494681044185,8.876811594202898,0.8056894889103182,8.056894889103182,0.45387080819713316,0.8827194278372694,0.15640599001663893,15.588463671658348,0.4276206322795341,8.553146128664919,0.589018302828619,5.890688189780897
2019-06-26,176,6885750,3311,1969,0.00048084812838107685,0.09842711754007766,0.9532047311705212,0.004598352563009486,0.2642706131078224,0.1270694162067964,264.2610186185286,0.001015744032503809,1.0157071553606016,0.3491392328601631,0.08393842579146094,174.56327858458235,0.012696800406297613,6.34816972100376,0.45454545454545453,0.04371314879897761,90.90843078905469,0.09547993905535805,19.09584914898579,0.5318634853518575,0.02557437044352145,53.18596233206821,0.21381411884205181,21.381256626922916,0.6623376623376623,0.015924075633913272,33.11664264458421,0.43219908583037076,21.609797374716628,0.8492902446390819,0.00816758063017009,16.985780224764028,0.7465718638902996,14.931415593290009,0.8997281787979462,0.004326307259308313,8.997242588578139,0.8313864906043676,8.31382868415637,0.458618936004876,0.8932033670660514,0.17929759704251386,17.86999383857055,0.46395563770794823,9.27990856142776,0.6210720887245841,6.211253539122964
2019-06-27,177,6885750,2988,1757,0.0004339396579893258,0.10099247510084508,0.9608098486083895,0.005096761580715462,0.2777777777777778,0.1205344176590183,277.7676929034757,0.0022766078542970974,2.2765252008025323,0.35609103078982596,0.07725820505373221,178.03905135499886,0.01935116676152533,9.675232103410762,0.45113788487282463,0.03915303958871881,90.22692180321972,0.08195788275469551,16.39145752644993,0.5605756358768407,0.024325423334979234,56.0571565357541,0.2549800796812749,25.49782281892211,0.7312583668005355,0.015866100279562867,36.562918340026776,0.543540125213432,27.177006260671597,0.8872155287817939,0.007699948880007436,17.744284806061312,0.8081957882754696,16.163892291098772,0.9180053547523427,0.0039835892967360126,9.180053547523427,0.8605577689243028,8.605577689243027,0.5006096327454456,0.9052312329341958,0.19672131147540983,19.606557377049178,0.5368852459016393,10.738625818969153,0.6495901639344263,6.4964587492618735
2019-06-28,178,6885750,3198,1941,0.00046443742511708964,0.09491265427232351,0.9616715880980637,0.0058822062287958886,0.2601626016260163,0.12082486203891955,260.1531562803284,0.00463678516228748,4.636616821263581,0.34552845528455284,0.08023525994772002,172.7579553424056,0.03194229778464709,15.970569051019002,0.45841150719199497,0.04258038281681141,91.68163570383338,0.125193199381762,25.03845806276591,0.5653533458411507,0.02625693456098057,56.534924062936824,0.2874806800618238,28.747859257249747,0.7104440275171983,0.016497839741495116,35.52220137585991,0.5239567233384853,26.197836166924265,0.8774233896185115,0.008150153359977694,17.54844230721276,0.7990726429675425,15.981429649926094,0.9290181363352095,0.004314682846848364,9.290127396086968,0.884080370942813,8.840752352626895,0.5062846437795846,0.904163569477926,0.2149321266968326,21.42156862745098,0.5701357466063348,11.403692866511957,0.7081447963800905,7.082055292099688
2019-06-29,179,6885750,3609,2203,0.0005241259122099989,0.09164156695092417,0.9530364508501057,0.005922249738456941,0.2510390689941812,0.13157130409526577,251.02995488334062,0.004539264639128461,4.539099838640546,0.33859794957051814,0.08873075805983154,169.2928282932904,0.02224239673172946,11.120794604669339,0.456359102244389,0.04783757878532632,91.27115769494617,0.12074443940081707,24.148712527351247,0.5513992795788307,0.02890005518603503,55.139527569199416,0.2696323195642306,26.963036167756844,0.6827376004433361,0.017891893461907112,34.136632143343554,0.4829777576032683,24.148712527351247,0.8437240232751455,0.008844313933933411,16.87440694668384,0.7458011802088061,14.915958617971492,0.9024660570795234,0.00473005158471977,9.024647464528721,0.8415796640944168,8.415784418914004,0.49733299085273575,0.8919755733490065,0.17832167832167833,17.772727272727273,0.4737762237762238,9.476337127709341,0.6381118881118881,6.381666146889132
2019-06-30,180,6885750,3969,2575,0.000576407798714737,0.07028636254900782,0.9332978883093024,0.00549651128407358,0.2204585537918871,0.1270694162067964,220.4505499233934,0.002330097087378641,2.330012491928184,0.29957168052406147,0.08633459192564624,149.78040220509413,0.015145631067961166,7.572540598766598,0.4089191232048375,0.0471404920270702,81.78323078241336,0.10058252427184466,20.116358781981887,0.49206349206349204,0.028362717476545934,49.205991903281976,0.22213592233009707,22.213430932999305,0.6109851347946587,0.017608829829720802,30.549256739732932,0.40310679611650485,20.155339805825243,0.7984378936759889,0.009204503206617715,15.968734682531604,0.6904854368932039,13.809688682403621,0.8652053413958176,0.004987096577434332,8.65202828371591,0.7933980582524272,7.9339575379538525,0.4345597042355599,0.8810761135777343,0.1557377049180328,15.521857923497267,0.4163934426229508,8.32858307791806,0.5918032786885246,5.918540336866968
2019-07-01,181,6885750,4139,2815,0.0006010964673419743,0.07057646847415361,0.9316189003290295,0.005811889223558109,0.19086735926552306,0.11472553006099331,190.8604297215474,0.0017761989342806395,1.7761344484058832,0.27373761778207295,0.08226837060702875,136.8638397939957,0.013143872113676732,6.571697459101768,0.3740033824595313,0.044962095907519824,74.80013334022823,0.08632326820603908,17.264528277026155,0.46726262382217926,0.028086787301402887,46.72592308785575,0.21776198934280638,21.776040810323117,0.5837158733993718,0.017543477471589877,29.185793669968593,0.3882770870337478,19.413854351687387,0.7869050495288717,0.00946010316943954,15.738078134565914,0.6870337477797513,13.740655000390436,0.8557622614158009,0.005143956722216171,8.55762261415801,0.7882770870337478,7.8827708703374775,0.46604657232236507,0.884258283152995,0.1529968454258675,15.248685594111462,0.4416403785488959,8.833565101644382,0.5993690851735016,5.994204890401546
2019-07-02,182,6885750,3917,2382,0.0005688559706640526,0.09508839852989444,0.946399307283962,0.005036258580980008,0.22491702833801377,0.12794074934650015,224.9088626021607,0.0008396305625524769,0.8396000793052161,0.3226959407709982,0.09178042404879466,161.34211255909827,0.008816120906801008,4.407900416352384,0.4355374010722492,0.04955125039937262,87.1068476991269,0.08816120906801007,17.632113780244865,0.5305080418687771,0.030178047576171253,53.05041896799112,0.22921914357682618,22.921747914318324,0.6167985703344396,0.017543477471589877,30.83992851672198,0.3698572628043661,18.492863140218304,0.8126116926219045,0.009245166837066643,16.252210249765543,0.691855583543241,13.837091575607838,0.8879244319632372,0.005050996475339723,8.87921852950485,0.8157010915197314,8.15698722282619,0.5517127332464504,0.9129475024085855,0.184070796460177,18.345722713864305,0.5345132743362832,10.691182319100168,0.6884955752212389,6.885546228691995
2019-07-03,183,6885750,3453,1856,0.0005014704280579457,0.12274732774633312,0.9610538823768312,0.00496612569999827,0.28989284679988414,0.14536741214057508,289.8823220813684,0.004310344827586207,4.3101883381573804,0.386041123660585,0.09679058960209119,193.0135541131189,0.016163793103448277,8.081603134045087,0.49811757891688385,0.04995788434168869,99.62279238510945,0.10129310344827586,20.25847358531951,0.5942658557775847,0.029800458915449184,59.4261540622804,0.25323275862068967,25.323091981649387,0.7130031856356791,0.01787750063537015,35.650159281783964,0.4665948275862069,23.32974137931034,0.8911091804228207,0.008937285063667626,17.822157725788983,0.7979525862068966,15.95902854724573,0.9223863307269041,0.004625487963565387,9.22384991170587,0.8561422413793104,8.561409980274632,0.5678691829896998,0.9091264223635875,0.206,20.531333333333333,0.59,11.801012006861065,0.718,7.18061578044597
2019-07-04,184,6885750,2968,1443,0.00043103510873906254,0.12713214653118832,0.9647151503222825,0.0045772523740005054,0.3113207547169811,0.134185303514377,311.3094520465369,0.004158004158004158,4.157853199386746,0.40734501347708896,0.08778681382515248,203.66511229667915,0.028413028413028413,14.205998431238045,0.5505390835579514,0.04745999012460426,110.10701718345479,0.12196812196812197,24.39344726370199,0.660377358490566,0.028464375962124953,66.03725632789822,0.31185031185031187,31.18480474052811,0.7850404312668463,0.016918999382783285,39.25202156334232,0.5620235620235621,28.1011781011781,0.89588948787062,0.0077231852402639654,17.917763735898788,0.7886347886347886,15.772672866443198,0.9252021563342318,0.0039879345374591365,9.251994690468075,0.8482328482328483,8.482303845059208,0.5665629674924847,0.9107959243921574,0.2288329519450801,22.80701754385965,0.6292906178489702,12.586891757696128,0.7254004576659039,7.254626703981224
2019-07-05,185,6885750,2739,1367,0.0003977780198235486,0.12258151176973782,0.9636765785893091,0.004242820884492407,0.33406352683461116,0.13287830380482138,334.0513984753738,0.009509875640087784,9.509530378846131,0.42971887550200805,0.08546325878594249,214.85163716148358,0.03584491587417703,17.921807252440786,0.5531215772179627,0.044003601614917655,110.62351216499425,0.12874908558888076,25.749630140103854,0.6495071193866374,0.025835777977867496,64.95024031073426,0.30285296269202633,30.285076357963057,0.7703541438481197,0.01532149729513851,38.517707192405986,0.5435259692757864,27.17629846378932,0.8813435560423513,0.007011571707407752,17.626845521826553,0.7659107534747622,15.318192823272504,0.9211391018619934,0.0036640835579514826,9.211377641169925,0.8441843452816387,8.441831192959155,0.5857211770789564,0.9114940094584237,0.2482598607888631,24.74323279195669,0.6310904872389791,12.622892232750832,0.7122969837587007,7.123580726938429
2019-07-06,186,6885750,2850,1481,0.0004138982681625095,0.14618811249621522,0.9654866166163643,0.004834225462473291,0.3273684210526316,0.1354923032239326,327.35653576287507,0.008777852802160702,8.777534117408955,0.4150877192982456,0.08589892535579437,207.53632465567057,0.0337609723160027,16.879873302709527,0.5242105263157895,0.04339365070144355,104.84134397104033,0.11951384199864956,23.90259483407015,0.6312280701754386,0.026126230793807544,63.122348662617654,0.2977717758271438,29.77696136108739,0.7845614035087719,0.016236430308971428,39.2280701754386,0.5887913571910871,29.439567859554355,0.891578947368421,0.007380406053036684,17.831449466560475,0.7920324105334233,15.84053318664649,0.9284210526315789,0.0038426907548868685,9.284143110688511,0.862930452397029,8.629241863825326,0.5696177596646386,0.9187578026131272,0.24278846153846154,24.197916666666668,0.6153846153846154,12.308747855917668,0.7355769230769231,7.356400085763294
2019-07-07,187,6885750,2998,1764,0.0004353919326144574,0.11655544231596981,0.9569402970636838,0.005170983264626566,0.29286190793862577,0.12750508277664827,292.8512754267198,0.0011337868480725624,1.133745685320309,0.36490993995997334,0.07943653790299157,182.4483458524097,0.01870748299319728,9.353401903892548,0.4639759839893262,0.04040198669726103,92.79452298220986,0.10147392290249434,20.29463721356561,0.576050700466978,0.025080600656423365,57.60465175782762,0.28174603174603174,28.174398589782427,0.7418278852568378,0.01614917656626681,37.09112493034412,0.5634920634920635,28.174398589782427,0.8699132755170114,0.00757505344362859,17.3982402433174,0.780045351473923,15.600884372709954,0.9016010673782522,0.003925492610837439,9.015997580078018,0.8339002267573696,8.338990157069892,0.49547390113554585,0.9007091014337876,0.22685185185185186,22.609567901234566,0.5462962962962963,10.926862969315799,0.6759259259259259,6.759838955593672
2019-07-08,188,6885750,3143,1942,0.0004564499146788658,0.11085888505176299,0.9472254916249611,0.005749254968530623,0.27076041998090994,0.12358408364798142,270.75058987562454,0.003089598352214212,3.089486182654518,0.34107540566337896,0.07783909381353471,170.53151136702087,0.016477857878475798,8.238629820412049,0.43588927776010183,0.03979203578378692,87.17722252567954,0.09886714727085479,19.773285872964316,0.5895641107222399,0.026910453396845682,58.955982970833645,0.33779608650875387,33.77936336631404,0.7260579064587973,0.016570453472751698,36.30289532293987,0.5581874356333677,27.909371781668387,0.832325803372574,0.007598245664991722,16.646395191764796,0.7296601441812565,14.593096917703352,0.8660515431116768,0.003953085788642067,8.66050285368823,0.7842430484037075,7.8424190946908245,0.5015359896371874,0.8956957295047685,0.22270742358078602,22.19650655021834,0.5087336244541485,10.175545102503989,0.6528384279475983,6.528944175211786
2019-07-09,189,6885750,2848,1617,0.0004136078132374832,0.11385333169787064,0.9593264339057659,0.005491063174102246,0.2984550561797753,0.12343886145803079,298.44422060556025,0.0030921459492888066,3.0920336872372056,0.394311797752809,0.08154225965727563,197.14874102355537,0.025355596784168214,12.677338117672543,0.5077247191011236,0.04199947718493131,101.5442064698528,0.14162028447742733,28.323851225433362,0.6408005617977528,0.026503819454529613,64.0795908739562,0.37043908472479903,37.04363948479167,0.7605337078651685,0.01572801998315374,38.0264092693121,0.5800865800865801,29.00411839460316,0.8665730337078652,0.007168417139139325,17.331435504153305,0.7656153370439085,15.312284503235933,0.9101123595505618,0.003764295828341139,9.101123595505618,0.8416821273964131,8.416821273964132,0.4946454653646702,0.9004994374021204,0.22317596566523606,22.243204577968523,0.4978540772532189,9.957935497169442,0.6523605150214592,6.524164636076531
2019-07-10,190,6885750,3332,2017,0.0004838979050938532,0.10300866106275511,0.9658033311973259,0.007617231139472715,0.2725090036014406,0.13186174847516702,272.49911001286955,0.010411502231036193,10.411124235747527,0.36014405762304924,0.08713331397037467,180.0654911979314,0.03817550818046604,19.087061098870464,0.4882953181272509,0.04725667315344622,97.65835449169938,0.16162617749132374,32.32500077437284,0.6062424969987995,0.029335734409945104,60.62380948777896,0.35002478929102626,35.00222476488838,0.7722088835534213,0.018683513052318194,38.61044417767107,0.6236985622211205,31.184928111056028,0.8904561824729892,0.008617785110140348,17.809097785758976,0.8190381755081805,16.38073972083097,0.9270708283313326,0.004486076317031551,9.270708283313326,0.8795240456122955,8.795240456122954,0.5024548896124935,0.9091877307583074,0.20278330019880716,20.210735586481114,0.5029821073558648,10.060504895157358,0.6640159045725647,6.640728527633512
2019-07-11,191,6885750,3517,2233,0.0005107649856587881,0.07944175167200439,0.9649372639509309,0.007564362458798799,0.2280352573215809,0.11646819634040081,228.02697837671732,0.006717420510523959,6.717176630894619,0.32698322433892524,0.08350275922160906,163.48567651697314,0.032691446484549934,16.345129801843573,0.45009951663349446,0.04597868076331,90.01924966333858,0.14464845499328258,28.929480930901143,0.5624111458629514,0.028725783496470998,56.24070620154255,0.3121361397223466,31.21338732018281,0.7321580892806369,0.01869803579856951,36.60790446403185,0.5790416480071653,28.952082400358258,0.8743247085584305,0.008931475973603494,17.48646877601372,0.8029556650246306,16.059089978283733,0.9198180267273244,0.004698108412300766,9.198180267273242,0.8746081504702194,8.746081504702193,0.5026560742444208,0.9160854297776864,0.18627450980392157,18.565359477124183,0.5078431372549019,10.157733831096762,0.6784313725490196,6.784895570578145
2019-07-12,192,6885750,4709,3260,0.0006838761209744762,0.09489120553700306,0.9623760937271467,0.010530192583577186,0.21873009131450413,0.1495788556491432,218.72215019878695,0.0098159509202454,9.815594546773127,0.2917816946273094,0.099767644496079,145.88555066656954,0.0352760736196319,17.637396451232963,0.3983860692291357,0.05448894827035348,79.67663528404894,0.13895705521472393,27.79120924060488,0.5052028031429178,0.03454936245606901,50.5199134703498,0.28680981595092025,28.68077333329532,0.6931407942238267,0.023700777681767683,34.656536403107204,0.5567484662576687,27.837019042919483,0.8647271182841367,0.011827307370573473,17.29451724929418,0.804601226993865,16.092001169872336,0.9057124654916118,0.006193924290349096,9.0570851947911,0.8638036809815951,8.637999175574906,0.5180070045054778,0.9155472459181903,0.1840607210626186,18.344718532574323,0.5142314990512334,10.28551202476232,0.6793168880455408,6.793751484990611
2019-07-13,193,6885750,5740,3556,0.0008336056348255455,0.12780658057736022,0.9626385928395381,0.010901791685118234,0.2484320557491289,0.20708684286959048,248.42303628733148,0.003655793025871766,3.6556603003044605,0.34041811846689896,0.1418820795817601,170.20287970036668,0.02924634420697413,14.622641201217842,0.4505226480836237,0.07511109820209706,90.10387533886583,0.13160854893138357,26.321518655908523,0.5560975609756098,0.04635559621835925,55.608544714384536,0.2871203599550056,28.711410542705817,0.7099303135888502,0.029590095487056604,35.49651567944251,0.5337457817772778,26.687289088863892,0.8674216027874564,0.014461729714657496,17.34840686109806,0.7859955005624297,15.719887181655329,0.9114982578397213,0.007598256699666996,9.114929628873174,0.8571428571428571,8.571378779444956,0.5555599443476135,0.9162984667998034,0.1929203539823009,19.227728613569322,0.5061946902654867,10.124762063783603,0.6902654867256637,6.903246861670638
2019-07-14,194,6885750,6393,3829,0.0009284391678466398,0.14905081587160557,0.9614728285068941,0.012544386278988429,0.25981542311903644,0.24121405750798722,259.80599037785436,0.006006790284669626,6.0065722048596975,0.36274049741905207,0.16838512924774907,181.3636639633487,0.03264559937320449,16.32220707842309,0.48803378695448146,0.09062127857329577,97.60604863695782,0.15643771219639593,31.287315250409048,0.5908024401689348,0.05485201429027854,59.079815016312445,0.3188822146774615,31.88798991715313,0.7293915219771625,0.03385953701821139,36.46931128158128,0.5489683990598068,27.448220641218622,0.8728296574378226,0.01620736127892927,17.456567797026,0.7879341864716636,15.758660843530002,0.9147505083685281,0.008492828004258032,9.147425376242726,0.857926351527814,8.579188759249304,0.5627386676527069,0.9095707909899283,0.1703125,16.97447916666667,0.490625,9.813341552315608,0.653125,6.531810141509434
2019-07-15,195,6885750,6211,3325,0.0009020077696692445,0.166972320702323,0.9424062432009783,0.008962530846447088,0.28626630172274997,0.25820505373221025,286.2559086679386,0.004511278195488722,4.511114411063965,0.40009660280148124,0.18043857101365088,200.04103853763428,0.026165413533834586,13.0822317920855,0.5221381420061182,0.09419384820935839,104.42687011875536,0.12270676691729324,24.541175180828716,0.6218000322009338,0.05608643875802376,62.17955171116762,0.29503759398496243,29.503545162246287,0.7351473192722588,0.03315542969175471,36.75736596361294,0.5055639097744361,25.278195488721803,0.8360972468201577,0.015083302351519659,16.72192065158211,0.6938345864661654,13.876671576585297,0.8795685074867171,0.00793371866740248,8.795621206579717,0.7750375939849624,7.750319661886715,0.5610384622816664,0.8954149237809157,0.15363128491620112,15.311918063314712,0.4776536312849162,9.55389192866794,0.6270949720670391,6.2714875379706205
2019-07-16,196,6885750,5280,2652,0.0007668010020694914,0.15073205853175947,0.9357437778101048,0.005627405182093398,0.2734848484848485,0.2097008422887017,273.47491946769463,0.0,0.0,0.38257575757575757,0.1466744118501307,191.28093397671162,0.00904977375565611,4.524722599332635,0.5327651515151515,0.08170437712393622,106.55225658733784,0.09803921568627451,19.607700758423558,0.6204545454545455,0.04757617125098028,62.04500401352982,0.24547511312217193,24.54733306487257,0.7098484848484848,0.027215626474966417,35.49242424242424,0.4226998491704374,21.13499245852187,0.8208333333333333,0.012588298168974811,16.41664282519286,0.6436651583710408,12.873284471876435,0.8708333333333333,0.006677490843501573,8.708244805992605,0.7432126696832579,7.4320511431775635,0.5572780871621396,0.9009322579017733,0.1406896551724138,14.022068965517242,0.4786206896551724,9.573234754835276,0.6441379310344828,6.4419317442479445
2019-07-17,197,6885750,4409,2263,0.0006403078822205279,0.13042981211340457,0.9332240132152985,0.0038680157738099925,0.2812429122249943,0.18007551553877432,281.232701547089,0.0013256738842244808,1.3256257549083237,0.3794511227035609,0.12147836189369736,189.71867326140318,0.013256738842244807,6.628128774541619,0.5028351100022681,0.0643933892939092,100.56629175108534,0.08086610693769333,16.173103948596292,0.5878884100703107,0.03764268494583055,58.78841412242067,0.20238621299160406,20.23847434004673,0.6547970061238376,0.020963584213774825,32.73985030619188,0.3287671232876712,16.43835616438356,0.7947380358357904,0.010177525792359884,15.89473763319167,0.6005302695536898,12.010587948401684,0.8655023814924019,0.005541847776362625,8.654973537330221,0.7384003535130358,7.383960640975669,0.5192808713561824,0.9049926089730633,0.14202898550724638,14.155555555555557,0.47101449275362317,9.421097770154374,0.6550724637681159,6.551286449399657
2019-07-18,198,6885750,3948,1873,0.0005733580220019605,0.14210519752020656,0.9560038334375881,0.0037047083507307887,0.32041540020263426,0.18370607028753994,320.40376734610646,0.0037373198077949813,3.7371841223532227,0.41894630192502536,0.12009875108916643,209.46554592508303,0.022957821676454885,11.478494090084897,0.5395136778115501,0.06186644979523077,107.90195204597525,0.09450080085424453,18.90002293073032,0.610435663627153,0.03499956432077609,61.04312310582168,0.19220501868659903,19.220362302437614,0.6947821681864235,0.019917946483680064,34.739108409321176,0.3609183128670582,18.045915643352906,0.8439716312056738,0.009677944046844503,16.87940811057739,0.6727175654030967,13.454331768677305,0.9002026342451874,0.005161384017717751,9.002026342451876,0.7907100907634811,7.907100907634809,0.5331021760449198,0.9167134934242165,0.16025641025641027,15.972222222222221,0.5176282051282052,10.353451972555746,0.7003205128205128,7.003805746140651
2019-07-19,199,6885750,3736,2084,0.0005425697999491704,0.11333908948686201,0.9506291071592272,0.004067677292516311,0.2850642398286938,0.15466163229741506,285.0538904153977,0.004318618042226488,4.318461252434075,0.36964668094218417,0.10027592216090618,184.81663035852776,0.023512476007677544,11.755811187181648,0.4611884368308351,0.05004502018647071,92.23701759876624,0.07581573896353166,15.163037688231963,0.5369379014989293,0.02913241743878707,53.693400262079244,0.1785028790786948,17.850158291209777,0.6386509635974305,0.017325510470824014,31.932316307408044,0.3560460652591171,17.80217399472803,0.8311027837259101,0.009018612324565481,16.622031534763586,0.6986564299424184,13.973108306057743,0.8886509635974305,0.004821544753229854,8.886496730340596,0.8018234165067178,8.018222520406074,0.5229532283050168,0.9084849923153422,0.165,16.445,0.5,10.000857632933105,0.685,6.850587478559177
2019-07-20,200,6885750,4648,3002,0.0006750172457611734,0.09808939881553347,0.9333639775392298,0.00687421670478576,0.24354561101549052,0.1643915190241069,243.53676895874443,0.010659560293137908,10.659173291965487,0.31841652323580033,0.1074644205634621,159.2024814747976,0.03530979347101932,17.65425576481784,0.4132960413080895,0.05579598594208371,82.65860804662283,0.11292471685542971,22.58477937457594,0.49225473321858865,0.03322780214354178,49.22511587992531,0.21818787475016654,21.81862904181009,0.5817555938037866,0.0196347529317794,29.08777969018933,0.35376415722851434,17.688207861425717,0.8386402753872634,0.011321916534993958,16.772781149060812,0.7508327781479014,15.01663375468187,0.8870481927710844,0.005987710887816468,8.870456163034046,0.8257828114590273,8.257804129391479,0.51901368919108,0.8899255729240594,0.15944272445820434,15.89112487100103,0.47987616099071206,9.598346335013197,0.6687306501547987,6.687880026976937
2019-07-21,201,6885750,5495,3653,0.000798024906509821,0.11353984507028184,0.9394468367412813,0.009219324608330191,0.23657870791628755,0.1887888469358118,236.5701187967727,0.009854913769504517,9.85455598146467,0.31028207461328483,0.12380191693290735,155.13540482634517,0.03941965507801807,19.70911196292934,0.408007279344859,0.06511952133375933,81.60086333465574,0.12346016972351492,24.69185464793322,0.4928116469517743,0.039327311278282845,49.28080684885097,0.24035039693402682,24.034865167278674,0.6063694267515923,0.024194719567806208,30.31825118544524,0.40843142622502054,20.421423023678695,0.8394904458598726,0.013398666232921276,16.789784533819414,0.7585546126471393,15.171070220382468,0.8933575978161965,0.007129205781206432,8.933563004175102,0.8395839036408431,8.39582684336215,0.5082044342153782,0.8880543633762519,0.1459227467811159,14.543633762517883,0.4449213161659514,8.899189481665795,0.630901287553648,6.309553957258225
2019-07-22,202,6885750,5777,3836,0.0008389790509385325,0.10051352735081306,0.9263769958948437,0.01059108343700737,0.21499047948762334,0.18036595991867557,214.9826741405609,0.005735140771637122,5.734932554211488,0.3043101956032543,0.1276503049665989,152.14957372749842,0.03597497393117831,17.98683392002694,0.42651895447464083,0.07156757384762845,85.30317147677127,0.1478102189781022,29.5618291361488,0.5251860827419076,0.04406169217810567,52.518226919749196,0.2891032325338895,28.91011332626898,0.6570884542149905,0.027564172384998004,32.854422710749525,0.4848800834202294,24.24400417101147,0.8128786567422538,0.013639703853448702,16.257502303770885,0.7194994786235662,14.389926878094338,0.8506145057988576,0.007136477507896743,8.506145057988576,0.7760688216892596,7.760688216892596,0.5372955472867329,0.9014090445983226,0.14862914862914864,14.813371813371813,0.47474747474747475,9.495763813087997,0.6406926406926406,6.407475886035062
2019-07-23,203,6885750,5266,3235,0.0007647678175943071,0.10181917275321246,0.9158568797328883,0.007578716615995808,0.22863653627041397,0.17484751670055185,228.628235495789,0.0015455950540958269,1.5455389404211937,0.3224458792252184,0.12329363926808017,161.21708632551898,0.02287480680061824,11.436988159116833,0.4417014812001519,0.06755932498765575,88.33965477283527,0.11808346213292117,23.61652093821377,0.5364603114318268,0.041026460251532136,53.645641602162435,0.2500772797527048,25.00754638614521,0.6659703759969616,0.025465635551682825,33.29851879984808,0.45718701700154557,22.859350850077277,0.8028864413216863,0.012280416395575797,16.05770550623548,0.6797527047913446,13.595034352103475,0.8397265476642612,0.00642193041311224,8.397228891395292,0.7397217928902627,7.397185700667356,0.5875259823367129,0.9332240686755243,0.16336633663366337,16.282178217821784,0.570957095709571,11.420121257408761,0.740924092409241,7.40987636499499
2019-07-24,204,6885750,4693,2761,0.0006815524815742657,0.11008745337880908,0.9248781906999712,0.0052039432352207465,0.2388663967611336,0.16279407493465,238.85772458582278,0.0021731256791017745,2.1730467825842354,0.322608139782655,0.10993319779262271,161.29821365875813,0.014125316914161535,7.062402043398765,0.4310675474110377,0.058758604664672226,86.21288345829252,0.0720753350235422,14.41496233228835,0.5128915405923716,0.034955996398385085,51.28878163225657,0.1763853676204274,17.638408682975946,0.6377583635201364,0.02173328976509458,31.88791817600682,0.3853676204273814,19.26838102136907,0.8122735989772001,0.011072125662236268,16.245448386691535,0.6812749003984063,13.625478220031853,0.8470061794161517,0.005772791634898159,8.470061794161518,0.7403114813473379,7.403114813473379,0.5833302784101857,0.9273269092674105,0.18484288354898337,18.422674060382008,0.5878003696857671,11.757015627625607,0.7412199630314233,7.4128353249652035
2019-07-25,205,6885750,4141,2376,0.0006013869222670007,0.11324554195645213,0.9483672438719087,0.004954154152862471,0.23979715044675198,0.14420563462097008,239.78844447991904,0.0021043771043771043,2.1043007038142094,0.31683168316831684,0.09526575660760964,158.41009021029896,0.013888888888888888,6.944192322586891,0.4346776141028737,0.0522815068692091,86.93489155388953,0.07702020202020202,15.403928550367597,0.5228205747404009,0.03144151732551047,52.28167783726967,0.1813973063973064,18.13959892133452,0.6467036947597199,0.01944595723051229,32.33518473798599,0.38552188552188554,19.276094276094273,0.8497947355711181,0.0102210642802994,16.995820663625114,0.7382154882154882,14.764245439092733,0.8918135716010626,0.005363250190611044,8.918135716010624,0.8114478114478114,8.114478114478114,0.5251750574621735,0.9128086774936538,0.18317757009345795,18.256697819314642,0.5401869158878505,10.804664881935205,0.7140186915887851,7.140799281832609
2019-07-26,206,6885750,3598,1882,0.0005225284101223541,0.10453995947570643,0.9361330564623132,0.004604088418827789,0.283212896053363,0.14798141155968633,283.20261385411624,0.0010626992561105207,1.0626606742322129,0.38660366870483603,0.1010020331106593,193.29481642349148,0.02709883103081828,13.548923596460716,0.5069483046136742,0.052978593627465216,101.3889246999218,0.11477151965993623,22.954137253431874,0.6189549749861034,0.03234192105492463,61.895048055571785,0.2789585547290117,27.895652912156795,0.7298499166203446,0.019068365827978072,36.49249583101724,0.48405951115834217,24.20297555791711,0.8296275708727071,0.00867006692071754,16.59252732054775,0.6742826780021254,13.485633975198484,0.8721511951083936,0.0045572377736629996,8.721511951083935,0.7555791710945803,7.555791710945804,0.5013232239046208,0.895583208411435,0.16808149405772496,16.75212224108659,0.48896434634974534,9.780125630847994,0.66553480475382,6.655918832104884
2019-07-27,207,6885750,3585,2080,0.0005206404531096831,0.11615859971674831,0.920355707877802,0.003715854404336287,0.2806136680613668,0.1460935230903282,280.60348022851525,0.0033653846153846156,3.3652624332536476,0.3631799163179916,0.09453964565785652,181.58336543614658,0.01971153846153846,9.855411411671396,0.4585774058577406,0.047750442940544306,91.71481519605382,0.0889423076923077,17.78833237074291,0.5361227336122734,0.027912515611838856,53.611884065333165,0.20576923076923076,20.5767736612918,0.6379358437935844,0.01660676033837999,31.896792189679218,0.37740384615384615,18.87019230769231,0.7785216178521618,0.0081065851844967,15.57040974453226,0.61875,12.374982028127615,0.8368200836820083,0.00435677958471177,8.368115767204761,0.71875,7.187426933175715,0.4900638288266059,0.8965500535275084,0.16275167785234898,16.220917225950785,0.4815436241610738,9.63169845856309,0.6493288590604027,6.493845476417973
2019-07-28,208,6885750,3660,2393,0.0005315325127981702,0.10931034060099173,0.9376148774366397,0.005349165299040792,0.24617486338797814,0.13084519314551263,246.1659258747851,0.010447137484329294,10.446758195283246,0.3139344262295082,0.08343014812663375,156.96151433414437,0.038863351441704976,19.430970243226838,0.40846994535519127,0.04342269598303756,81.69339586480898,0.11282908483075638,22.56565310852423,0.4907103825136612,0.02608266287141654,49.070681930835086,0.2248223986627664,22.482076615529696,0.6139344262295082,0.016316305413353663,30.696721311475404,0.40952778938570833,20.476389469285415,0.7934426229508197,0.00843479877312018,15.868829413118107,0.6840785624738821,13.68155138010774,0.8683060109289618,0.004615315353257515,8.683034888987141,0.7985791893021312,7.985768697962827,0.4624900567822488,0.902369924760295,0.14795918367346939,14.746598639455783,0.46938775510204084,9.388560226835159,0.6751700680272109,6.7522797283578955
2019-07-29,209,6885750,3882,2540,0.000563773009476092,0.1312055339658714,0.9441658371327499,0.005971732814002242,0.270994332818135,0.15277374382805692,270.98449422051596,0.01141732283464567,11.416908322489315,0.3333333333333333,0.09395875689805402,166.66061574208538,0.043700787401574806,21.849600410281273,0.4106130860381247,0.04629817886084406,82.12202088898943,0.10905511811023622,21.810865245216505,0.4953632148377125,0.027927038252635858,49.53596178466959,0.2311023622047244,23.11006840964276,0.6231324059763009,0.01756526159096685,31.156620298815042,0.4251968503937008,21.25984251968504,0.8013910355486863,0.009036039594757878,16.027797434210214,0.6964566929133859,13.929113629369443,0.8709428129829985,0.004910133376707872,8.70941548136688,0.802755905511811,8.027547396914724,0.45672173753661444,0.8990252578155005,0.16083916083916083,16.03030303030303,0.46678321678321677,9.336464992983004,0.6520979020979021,6.521538281615469
2019-07-30,210,6885750,3657,1903,0.0005310968304106307,0.1670703879919754,0.9552053151308358,0.00558450858943342,0.36915504511895,0.19604995643334303,369.1416427429291,0.01208617971623752,12.085740920865886,0.4640415641235986,0.12322102817310485,232.01235842027802,0.05202312138728324,26.010616329689626,0.55701394585726,0.059165238606988295,111.40198024010655,0.15501839201261167,31.003453274879917,0.6251025430680885,0.03319875686194778,62.50980039982415,0.2811350499211771,28.113300850950434,0.7336614711512168,0.01948226409614058,36.683073557560846,0.488702049395691,24.43510246978455,0.8630024610336341,0.009166744121200856,17.260024154377575,0.7367314766158697,14.73460813361989,0.9018321028165163,0.004789594757877126,9.018307931105392,0.8113504992117709,8.113493209097399,0.4676420116985601,0.8814665939032821,0.17328519855595667,17.270758122743683,0.4891696750902527,9.78423255785152,0.628158844765343,6.282127177365921
2019-07-31,211,6885750,3392,1474,0.0004926115528446429,0.2106303178555331,0.9566778236678027,0.0051210511018096585,0.41538915094339623,0.20461806564042986,415.37407001285084,0.008819538670284939,8.819218472104925,0.5386202830188679,0.13266047051989543,269.3003640573025,0.06445047489823609,32.22406749422954,0.6438679245283019,0.06343489500130704,128.77264983940154,0.19810040705563092,39.61979371702084,0.7258254716981132,0.03575474164222022,72.58202012468098,0.3704206241519674,37.041793440913324,0.8039504716981132,0.019801764513669533,40.19752358490566,0.5495251017639078,27.476255088195387,0.8596698113207547,0.008469653313504973,17.193371256918297,0.6777476255088195,13.554932824691404,0.8977004716981132,0.0044221441226872694,8.976939532073663,0.7652645861601085,7.652590293287588,0.5324319982432321,0.896824010759285,0.17656765676567657,17.5979097909791,0.4933993399339934,9.868833109726067,0.636963696369637,6.370183244739568
2019-08-01,212,6885750,2963,1285,0.00043030897142649677,0.2056744834492473,0.9560356528162889,0.00417152436397346,0.42558218022274724,0.18312518152773744,425.5667292286932,0.014007782101167316,14.007273540969045,0.5271684103948701,0.1134185303514377,263.5746356285562,0.06303501945525292,31.516365467180353,0.6409044886938913,0.0551569897470156,128.1799669762108,0.1992217898832685,39.84406865400436,0.7215659804252447,0.031049406023991404,72.15607409034722,0.36342412451361866,36.34214855746101,0.7877151535605805,0.016948044875285916,39.38575767802902,0.51284046692607,25.642023346303503,0.8555518056024299,0.007363021656287759,17.11101126216113,0.669260700389105,13.385194568803676,0.8970637867026662,0.0038601235297620173,8.970585756010397,0.7649805447470817,7.649761009255609,0.49791644386301037,0.9125230027204747,0.17761989342806395,17.702782711663705,0.47957371225577267,9.592296841534418,0.6589698046181173,6.590263200387534
2019-08-02,213,6885750,2476,1138,0.0003595831971825872,0.19111845648632397,0.9449888282091377,0.003369259605513195,0.44345718901453957,0.15945396456578564,443.44108905850504,0.008787346221441126,8.787027192025592,0.5306946688206785,0.09541097879756026,265.3377008300891,0.058875219683655534,29.436541093285737,0.6252019386106623,0.044962095907519824,125.03947976381447,0.1968365553602812,39.36702521339732,0.6873990306946688,0.0247175346364983,68.73940392700653,0.3224956063268893,32.249326458296466,0.7653473344103393,0.013760202155159895,38.2670888489064,0.4903339191564148,24.516517934236276,0.8360258481421647,0.006012390753117294,16.72044411481317,0.6441124780316344,12.882193435184764,0.8796445880452343,0.003163049539920067,8.796433105615751,0.7381370826010545,7.3813601062485645,0.3801773980504427,0.9013298644485347,0.1512770137524558,15.077275703994761,0.4400785854616896,8.802326561009885,0.6070726915520629,6.071247561053693
2019-08-03,214,6885750,2434,1103,0.00035348364375703447,0.22088944742954036,0.9457336625532597,0.004186092016904916,0.47493837304847986,0.16787685158292187,474.92113015082344,0.02901178603807797,29.010732749302264,0.5694330320460148,0.10063897763578275,284.70617923401437,0.1042611060743427,52.1286604089025,0.657354149548069,0.046472450550408086,131.46987525779477,0.25294650951949227,50.5889345587686,0.7214461791290058,0.025501757239536436,72.14409404771487,0.38803263825929285,38.80298206299813,0.770747740345111,0.013622335983734524,38.53738701725554,0.49501359927470534,24.750679963735266,0.838126540673788,0.005925254655246029,16.762457782399483,0.6436990027198549,12.873923964977799,0.8833196384552178,0.0031223904440329667,8.833196384552178,0.743427017225748,7.43427017225748,0.4051106183692814,0.9044037128256399,0.17057569296375266,17.000710732054017,0.47974413646055436,9.595705617952872,0.6588486140724946,6.589051190994306
2019-08-04,215,6885750,2271,1046,0.0003298115673673892,0.21848560925550672,0.942534627771938,0.004249520643209394,0.4808454425363276,0.1585826314260819,480.8279851792793,0.03441682600382409,34.41557648211324,0.5649493615147512,0.0931600348533256,282.4644253594393,0.10611854684512428,53.05734707659124,0.6516952884191985,0.04298701675912748,130.33811125018144,0.24952198852772467,49.904035333723904,0.7287538529282255,0.024034970519039182,72.87485612130077,0.4130019120458891,41.29989131066806,0.7970057243505064,0.013142989921287287,39.84999685182912,0.5611854684512428,28.059069675187676,0.8494055482166446,0.005602851093122348,16.988036950447913,0.6749521988527725,13.498985164354593,0.8811096433289299,0.00290599730458221,8.811083637176113,0.7437858508604207,7.437847706806717,0.3879153738686114,0.8855802337210636,0.19419642857142858,19.354910714285715,0.47544642857142855,9.50974408845871,0.6428571428571429,6.429122764028424
2019-08-05,216,6885750,2311,1198,0.0003356206658679156,0.1663596166005751,0.9323159073823446,0.0056889152889924854,0.425356988316746,0.14275341272146383,425.3415454984074,0.055926544240400666,55.92451379659293,0.5110341843357854,0.08575370316584374,255.50781547996908,0.11686143572621036,58.428596503903066,0.6321938554738209,0.042435156408841386,126.43785298233647,0.2988313856427379,59.76584314646033,0.7131112072695802,0.023933312033460163,71.31060291406246,0.44908180300500833,44.90785420781516,0.7723929035049762,0.01296155102929964,38.61964517524881,0.5626043405676127,28.130217028380635,0.8290783210731285,0.005565092117378133,16.581494178812843,0.6719532554257095,13.439006557129561,0.8714842059714409,0.0029248641041913857,8.714791434632556,0.7537562604340567,7.537518818151304,0.4012253785590355,0.8872136658769392,0.17532467532467533,17.474025974025974,0.49567099567099565,9.914270120959658,0.6645021645021645,6.645591543962041
2019-08-06,217,6885750,2218,1162,0.00032211451185419165,0.11798081364791604,0.921768085605079,0.005085037932667432,0.4292155094679892,0.1382515248329945,429.19992656392776,0.06454388984509467,64.54154654383686,0.5261496844003607,0.08473714783618937,263.065291124004,0.14974182444061962,74.86819399085076,0.6190261496844004,0.03987917162856894,123.80433094743847,0.27969018932874357,55.9376316817333,0.6875563570784491,0.022147027215428855,68.75513645114482,0.4044750430292599,40.44721060063792,0.7321911632100991,0.011792469956068693,36.60955816050496,0.48967297762478484,24.483648881239244,0.7993688007213706,0.005149758341853332,15.987352796400621,0.6179001721170396,12.35798549515204,0.8444544634806131,0.002720106422529975,8.444532371026048,0.7039586919104991,7.039576695706384,0.3933926527015994,0.8943973138684678,0.18181818181818182,18.121212121212118,0.5104895104895105,10.21066583502261,0.6853146853146853,6.853734601590519
2019-08-07,218,6885750,2719,1522,0.00039487347057328543,0.13029651092553576,0.921638407322703,0.004020259866328345,0.3898492092681133,0.15393552134766192,389.83505557913315,0.04007884362680683,40.077388542446286,0.46267009930121367,0.09134475747894279,231.3266509049762,0.09198423127463863,45.99044586838099,0.5524089738874586,0.04362601295419559,110.48099253378163,0.20630749014454666,41.26119841595202,0.60463405663847,0.023875221470272153,60.462966619686085,0.2956636005256242,29.566145361749058,0.6612725266642148,0.013055948879933195,33.063626333210735,0.3955321944809461,19.776609724047304,0.7392423685178374,0.005838135514453016,14.784825898729258,0.5341655716162943,10.683295917246312,0.8013975726369988,0.0031644972167237653,8.01395244945041,0.6452036793692509,6.45201805348831,0.4117226243054974,0.8880049613507464,0.1930232558139535,19.23798449612403,0.48604651162790696,9.721763931548924,0.6813953488372093,6.81453787546372
2019-08-08,219,6885750,3166,1780,0.0004597901463166685,0.13112014779803005,0.9321804770352276,0.004422208919392572,0.37018319646241316,0.17020040662213187,370.16975675879485,0.03258426966292135,32.58308667317175,0.4592545799115603,0.10557653209410398,229.6189532113002,0.09213483146067415,46.065743227587646,0.5369551484523057,0.04937697870980859,107.39024988978663,0.18258426966292135,36.51658877200792,0.5884396715097915,0.027055679804815706,58.84353986608015,0.26910112359550564,26.90991695660276,0.6509791535060012,0.014965690011981265,32.54895767530006,0.3792134831460674,18.960674157303373,0.7394188250157928,0.006799500421156583,14.788269117175913,0.5365168539325843,10.730259162236173,0.8335439039797852,0.0038325249063289667,8.335378513504322,0.7039325842696629,7.039274727896296,0.5171578364500553,0.9178991055972934,0.229064039408867,22.830049261083744,0.5812807881773399,11.626612814641442,0.7438423645320197,7.439061589029059
2019-08-09,220,6885750,3797,2191,0.0005514286751624732,0.1576112922670601,0.9477682089512233,0.00620229215680043,0.36528838556755333,0.2014231774615161,365.2751235727244,0.038338658146964855,38.33726624099089,0.44982881222017385,0.12401975021783329,224.90624046943523,0.09310816978548608,46.55239472120322,0.531208849091388,0.05858433297510819,106.24099836274723,0.19580100410771337,39.15991646677764,0.5904661574927574,0.03255976066687966,59.04618699288034,0.2948425376540392,29.484039670790622,0.6573610745325257,0.018124255714659154,32.8678150611573,0.40940209949794615,20.46995633490649,0.7624440347642876,0.008408633444577086,15.24881425888772,0.5901414879050662,11.802778335474876,0.8282854885435871,0.0045673904298284725,8.282830827545801,0.7042446371519854,7.042425916446938,0.5180756100240599,0.9096119033563259,0.21318681318681318,21.24761904761905,0.5560439560439561,11.121832884097037,0.7296703296703296,7.297329086008332
2019-08-10,221,6885750,4018,2102,0.0005835239443778818,0.18103716509183657,0.9580845822530161,0.009702865498587626,0.3822797411647586,0.22306128376415915,382.2658622894621,0.023311132254995242,23.310285931576168,0.49950223992035836,0.14573046761545164,249.74205260903338,0.1027592768791627,51.377773073678085,0.6234444997511199,0.07275843039298266,124.68799454417132,0.285442435775452,57.08807261729409,0.6978596316575411,0.040721484794795086,69.78545642751624,0.42435775451950525,42.43546731218861,0.772523643603783,0.022539302182042625,38.62618218018915,0.565651760228354,28.282588011417698,0.8613738178198108,0.01005263035598104,17.227451337405785,0.7354900095147479,14.709778827656423,0.9066699850671976,0.005290567309144564,9.066581346177745,0.8220742150333016,8.220634702760384,0.5139776403427876,0.8967780682847791,0.18587360594795538,18.52540272614622,0.5148698884758365,10.29828090826197,0.6672862453531598,6.6734347401914205
2019-08-11,222,6885750,3908,1988,0.0005675489235014341,0.17302751453555082,0.942704897911968,0.008665826007186172,0.38101330603889455,0.21623584083647981,380.99947314221873,0.012072434607645875,12.071996311297935,0.5023029682702149,0.1425355794365379,251.1423659429736,0.08400402414486921,42.000487166390734,0.6343398157625384,0.07200325307153853,126.86704192357891,0.28470824949698187,56.941236427832436,0.7185261003070624,0.04077957535798309,71.85208828588334,0.44818913480885314,44.818588036394615,0.7822415557830092,0.02219785645821836,39.11179378382218,0.5724346076458753,28.621522550739094,0.836489252814739,0.00949493013137219,16.729712167885378,0.6790744466800804,13.581429761704161,0.8700102354145343,0.004937726554512501,8.700089719225806,0.7449698189134809,7.449687370142876,0.4767481506115549,0.8769058162123822,0.17609046849757673,17.55035002692515,0.44264943457189015,8.85374795290362,0.5718901453957996,5.719391925780807
2019-08-12,223,6885750,3319,1484,0.0004820099480811822,0.1966319641972485,0.9421483746112533,0.00596671007534713,0.43025007532389276,0.20737728724949173,430.2344548593515,0.016172506738544475,16.171919586833084,0.5540825549864417,0.13353180365959919,277.03121935796474,0.08423180592991913,42.114373924044486,0.6797228080747213,0.0655261552760754,135.94357447792592,0.29245283018867924,58.49014131899556,0.7405845134076529,0.035696651079032214,74.05791357862189,0.4225067385444744,42.25036705876753,0.7905995781862006,0.019053843081726755,39.52997890931003,0.534366576819407,26.71832884097035,0.8300692979813197,0.008002021563342319,16.601361849889837,0.6226415094339622,12.452812103776216,0.8656221753540223,0.004172372879140605,8.656196611190845,0.7014824797843666,7.014804422998738,0.4628920891763785,0.8928526295836055,0.16638935108153077,16.5834719911259,0.4459234608985025,8.919234095261471,0.5823627287853578,5.824126741308796
2019-08-13,224,6885750,2728,1241,0.00039618051773590384,0.185106201550864,0.9430597942348179,0.004372854805397966,0.4468475073313783,0.1770258495498112,446.83128428798113,0.018533440773569703,18.53276790685559,0.5447214076246334,0.10790008713331398,272.35081560785073,0.0894439967767929,44.720374731760224,0.6524926686217009,0.051700601237328996,130.49758613267528,0.24738114423851731,49.47586958495369,0.7126099706744868,0.02823201370937291,71.26047961851705,0.3722804190169218,37.22777157695213,0.7723607038123167,0.015299713175761537,38.61803519061584,0.5020145044319098,25.10072522159549,0.8262463343108505,0.006546787455960219,16.524758696802817,0.6196615632554392,12.393105277762533,0.8702346041055719,0.0034476749252084,8.702282850532896,0.7163577759871071,7.163525742837758,0.48570426022191004,0.9137016541457004,0.1712707182320442,17.069981583793737,0.5064456721915286,10.12978213280517,0.6427255985267035,6.427807207907281
2019-08-14,225,6885750,2073,999,0.00030105652978978324,0.13687793455957456,0.9330193070682022,0.0023971245587805904,0.4230583695127834,0.12735986058669765,423.043010147059,0.02702702702702703,27.02604579601385,0.5147129763627593,0.07747603833865814,257.3471447131767,0.07007007007007007,35.03376306890684,0.6015436565364206,0.036219466147724304,120.30785770703937,0.18218218218218218,36.4361718597973,0.6550892426435119,0.019721746202329433,65.50844858306314,0.2872872872872873,28.72852012022479,0.7100820067534973,0.010688741240968667,35.50410033767487,0.3993993993993994,19.96996996996997,0.784370477568741,0.004722762787185222,15.687295640067845,0.5525525525525525,11.05097080582863,0.8519054510371442,0.002564705814010904,8.519017394513064,0.6926926926926927,6.926896747657795,0.4422804940429626,0.9066366589610682,0.17721518987341772,17.662447257383963,0.5189873417721519,10.380637036715374,0.6940928270042194,6.941523546909264
2019-08-15,226,6885750,1843,895,0.0002676542134117562,0.1331386629340412,0.9371893439485652,0.0032686907592060096,0.4465545306565383,0.11951786232936393,446.53831824981967,0.04692737430167598,46.9256705776598,0.530113944655453,0.07094103979088005,265.04734928923074,0.1106145251396648,55.30525460938476,0.6304937601736299,0.03375061721223387,126.09783639128561,0.25139664804469275,50.27896451461684,0.6890938686923495,0.01844375381219321,68.90888649609842,0.36312849162011174,36.31258548277883,0.7357569180683667,0.009846421958392332,36.78784590341834,0.4569832402234637,22.849162011173185,0.8290830168204015,0.004438144808997119,16.581636255318454,0.6480446927374302,12.960875031998677,0.8638090070537168,0.002311997699620379,8.638002257276735,0.7195530726256983,7.195457577793788,0.42365859778809944,0.8902410308162579,0.19483568075117372,19.418622848200314,0.5422535211267606,10.846000531490834,0.6948356807511737,6.948952721474646
2019-08-16,227,6885750,2089,1112,0.00030338016918999384,0.10003078666930491,0.9316038472619865,0.003937424170676628,0.3848731450454763,0.11675864072030206,384.8591720152321,0.03237410071942446,32.37292535997342,0.48444231689803735,0.07348242811501597,242.21236447724806,0.10251798561151079,51.25713181995791,0.5926280516993777,0.03595805861337826,118.52474968744343,0.24910071942446044,49.819782124865036,0.6548587841072283,0.019866972610299457,65.48540289677811,0.35701438848920863,35.70117960933469,0.7108664432742939,0.010783139091602221,35.54332216371469,0.4595323741007194,22.97661870503597,0.8204882719004308,0.004978375725044948,16.409693943862255,0.6654676258992805,13.30929453173343,0.8539971278123504,0.0025908315930419324,8.53988446232096,0.7284172661870504,7.284098612289433,0.3919891182150632,0.8678740705392061,0.16808510638297872,16.75248226950355,0.4851063829787234,9.702959745994672,0.6468085106382979,6.468639830663115
2019-08-17,228,6885750,2664,1559,0.0003868859601350615,0.11316840599152378,0.9408673888739318,0.005450288890729783,0.33896396396396394,0.13113563752541388,338.9516576916737,0.028223220012828735,28.222195353374307,0.42567567567567566,0.08234098170200406,212.83011064360903,0.0782552918537524,39.12622537626893,0.5345345345345346,0.041360480989863196,106.90613062160304,0.21488133418858243,42.97595477327344,0.6231231231231231,0.024107583723024194,62.31185984264784,0.3598460551635664,35.98434422060657,0.7042042042042042,0.013622335983734524,35.210210210210214,0.49839640795381657,24.919820397690827,0.8325825825825826,0.006442262169282202,16.65157910365425,0.7177677998717127,14.355293453948995,0.8727477477477478,0.003376494371057126,8.727363406721699,0.7857601026298909,7.857498325089999,0.4226489576815991,0.8890777958155728,0.1593625498007968,15.883134130146082,0.4900398406374502,9.801637361360733,0.6533864541832669,6.534424907573821
2019-08-18,229,6885750,3074,1819,0.00044642921976545765,0.13248431076800296,0.9477141142728802,0.0068345227834518815,0.3464541314248536,0.15466163229741506,346.4415532179329,0.030786146234194612,30.785028526300543,0.43038386467143785,0.09606447865233808,215.18411967480057,0.08851017042330951,44.25347850655703,0.5390370852309694,0.04812803160126637,107.80663422199737,0.22924683892248487,45.84903485754742,0.6353285621340273,0.028362717476545934,63.53239488097793,0.38702583837273224,38.70230280541173,0.715679895901106,0.015975020876447737,35.78399479505531,0.5206157229246839,26.030786146234192,0.8194534808067664,0.007316527684590562,16.388998212156622,0.6954370533260033,13.908680468848923,0.876057254391672,0.00391096420589128,8.760547098476213,0.7910940076965366,7.910917099317035,0.43789275788550097,0.8988286097601879,0.166044776119403,16.54912935323383,0.4701492537313433,9.403791505593816,0.6268656716417911,6.269194337062544
2019-08-19,230,6885750,3169,1772,0.000460225828704208,0.15311716144722556,0.9515057371851298,0.006073620957936666,0.3710949826443673,0.17078129538193437,371.0815098378525,0.02144469525959368,21.443916698191575,0.45913537393499526,0.1056491431890793,229.5593523869368,0.07618510158013544,38.091167819156084,0.5572735878826128,0.05129396729501293,111.45390826810831,0.21388261851015802,42.776213087987465,0.6468917639633954,0.02977141363385518,64.68870666750341,0.3707674943566591,37.07648020950892,0.7245187756390028,0.016671991634958902,36.22567573380191,0.5079006772009029,25.39484945856776,0.8229725465446514,0.007574987437952197,16.45928360709351,0.6839729119638827,13.67931917638075,0.8763016724518775,0.004032949063141721,8.762978545764627,0.7793453724604966,7.793419770047641,0.4874813917402827,0.9094573577844829,0.17692307692307693,17.633333333333333,0.5307692307692308,10.616295025728986,0.6730769230769231,6.731346483704974
2019-08-20,231,6885750,2880,1506,0.00041825509203790434,0.14588374647194732,0.9463535012919756,0.004746943239025385,0.37916666666666665,0.1585826314260819,379.1529008132443,0.010624169986719787,10.623784270411818,0.4798611111111111,0.1003485332558815,239.92184474537711,0.06839309428950863,34.19530562038804,0.5819444444444445,0.04867989195155247,116.38804375187586,0.2104913678618858,42.09796788332453,0.659375,0.0275784948735078,65.93702120668623,0.349933598937583,34.99310579576029,0.7475694444444444,0.015633736339541807,37.37847222222222,0.5172642762284196,25.86321381142098,0.8045138888888889,0.006729811292257377,16.090207675576817,0.6261620185922975,12.523185810531013,0.8493055555555555,0.003552237938946818,8.492993884758004,0.7118193891102258,7.118142203615755,0.46865345882840787,0.9008921895948339,0.18110236220472442,18.0498687664042,0.5177165354330708,10.355218730163017,0.6712598425196851,6.713174119744466
2019-08-21,232,6885750,2653,1189,0.00038528845804741674,0.17565191230456212,0.9431772630963495,0.003909553674774505,0.43384847342630983,0.16715074063316876,433.83272231995545,0.01345668629100084,13.456197738637677,0.5367508480964945,0.10339819924484461,268.36568053154497,0.06896551724137931,34.481506705259044,0.6509611760271391,0.05016120131284673,130.1912898378946,0.2321278385197645,46.42523059303112,0.7176781002638523,0.02765110807749281,71.76728889732233,0.3725820016820858,37.25792962447969,0.7783641160949868,0.014994735504483898,38.91820580474934,0.5071488645920942,25.35744322960471,0.8288729739917075,0.006387075973963734,16.577387255077568,0.6181665264928511,12.36327666523807,0.8612891066716925,0.0033184426991356075,8.612878558451944,0.6904962153069807,6.904952125183048,0.4841245240944242,0.885609623743104,0.19653179190751446,19.58766859344894,0.5009633911368016,10.020127108141068,0.6589595375722543,6.590160521123548
2019-08-22,233,6885750,2247,1070,0.0003263261082670733,0.11458668865926541,0.9288637706156861,0.0024141927484023096,0.40587449933244324,0.1324426372349695,405.85976383653366,0.011214953271028037,11.214546106009484,0.5037828215398309,0.08219575951205345,251.88226571434004,0.0514018691588785,25.7000014929384,0.5972407654650645,0.03897876789915478,119.44728574170229,0.16728971962616823,33.45770097638293,0.6608811748998665,0.02156612158354875,66.08763760299102,0.2906542056074766,29.065209507416455,0.7245215843346684,0.011821429608760058,36.22581616756545,0.42149532710280374,21.07461332450936,0.7823765020026703,0.0051061901663723396,15.647507315575584,0.5429906542056074,10.859797312704078,0.8104138851802403,0.0026445690485215247,8.104068235806448,0.6018691588785047,6.018639144483603,0.4473846639333026,0.8705357034577174,0.18725868725868725,18.663449163449165,0.4826254826254826,9.653337483526164,0.61003861003861,6.100909289588535
2019-08-23,234,6885750,1983,972,0.0002879860581635987,0.13153169838677137,0.931585685614079,0.00302575307573272,0.421583459404942,0.12140575079872204,421.5681535866366,0.015432098765432098,15.431538494637536,0.5113464447806354,0.0736276503049666,255.6639400340009,0.07716049382716049,38.57884623659385,0.6182551689359557,0.0356095152342502,123.6501359174172,0.23251028806584362,46.50171994682921,0.675743822491175,0.019460338667983385,67.57389156987726,0.34156378600823045,34.15613058041438,0.7523953605648008,0.010833968703481828,37.61976802824004,0.49691358024691357,24.84567901234568,0.8058497226424609,0.004641462961241751,16.116971046581135,0.6049382716049383,12.098747861394251,0.8401412002017146,0.002419461415689902,8.40131439389145,0.6738683127572016,6.738604837133507,0.4016537762799986,0.8631909940648184,0.17034068136272545,16.977287909151638,0.501002004008016,10.020899431796698,0.6092184368737475,6.092706854532392
2019-08-24,235,6885750,1874,980,0.00027215626474966416,0.12002473733899469,0.9215037791886984,0.0029042715185239746,0.39807897545357523,0.10833575370316584,398.06452297842804,0.02857142857142857,28.57039127007178,0.48932764140875135,0.06658437409236131,244.6549380504146,0.0826530612244898,41.325030229925254,0.5955176093916755,0.03241453425890964,119.10265702950215,0.23061224489795917,46.12211406971223,0.6568836712913554,0.01787737082111011,65.68789014485536,0.3448979591836735,34.4895454769087,0.7022411953041622,0.00955596703336601,35.112059765208116,0.4306122448979592,21.53061224489796,0.7796157950907151,0.004243527966330611,15.592247969136077,0.5785714285714286,11.571378156971946,0.8249733191035219,0.0022452165704534726,8.249733191035219,0.6653061224489796,6.653061224489796,0.3748338343974198,0.8546826674845998,0.17805383022774326,17.746031746031747,0.4720496894409938,9.441803479539328,0.6024844720496895,6.025361431021808
2019-08-25,236,6885750,2257,1316,0.0003277783828922049,0.08387369730889882,0.9244712029598326,0.00396560048453944,0.3225520602569783,0.1057217542840546,322.5403498278374,0.020516717325227963,20.515972454572825,0.4160389898094816,0.06818181818181818,208.01194264309018,0.06914893617021277,34.573212840113456,0.5325653522374834,0.03491242847599407,106.51229702196552,0.20592705167173253,41.18511127388633,0.6074435090828534,0.019910540532690466,60.743909824091,0.3290273556231003,32.90249664500513,0.6947275143996455,0.011385750384849982,34.736123488028696,0.4787234042553192,23.935996404564932,0.7891005759858218,0.00517297967695744,15.78194276057142,0.6398176291793313,12.79629683237507,0.8298626495347807,0.002720094571574213,8.298578288089118,0.709726443768997,7.0972232092212675,0.3696142660934582,0.8505217591467703,0.17142857142857143,17.085714285714285,0.45714285714285713,9.143641264395981,0.5857142857142857,5.857645185003675
2019-08-26,237,6885750,2610,1652,0.00037904367715935086,0.0844982701597616,0.9371691039787297,0.005792866466541643,0.3022988505747126,0.11458030787104269,302.2878754494376,0.0211864406779661,21.185671492637972,0.3839080459770115,0.07275631716526285,191.94705399260866,0.07263922518159806,36.31829398737938,0.5099616858237548,0.038659269801620724,101.9915965657126,0.23062953995157384,46.12557305531818,0.6103448275862069,0.023134566789625024,61.034039567686015,0.3855932203389831,38.559042042306665,0.6842911877394636,0.0129688124024253,34.21455938697318,0.5018159806295399,25.090799031476998,0.7869731800766283,0.0059659354958639275,15.73944074354216,0.6634382566585957,13.268745863308986,0.8501915708812261,0.0032225505928825055,8.501792239440885,0.763317191283293,7.633061059824037,0.3950511938774311,0.8588273906518997,0.17078189300411523,17.021262002743484,0.4691358024691358,9.383520742011308,0.5987654320987654,5.988167841941427
2019-08-27,238,6885750,2768,1651,0.0004019896162364303,0.10072685685176523,0.9443156932408813,0.006803177993700167,0.3302023121387283,0.13273308161487074,330.1903239630044,0.03028467595396729,30.2835764522263,0.4342485549132948,0.0872785361603253,217.11639464088148,0.1029678982434888,51.4820799687847,0.548771676300578,0.044119782741293675,109.75353829872215,0.2471229557843731,49.42423226908267,0.6401734104046243,0.025734119492288477,64.01687619003808,0.3973349485160509,39.73320633396842,0.7322976878612717,0.014718803325708891,36.61488439306358,0.5511811023622047,27.55905511811024,0.8348988439306358,0.0067124035691049355,16.697952628599822,0.723198061780739,14.463940230001404,0.8861994219653179,0.003562429655447845,8.861994219653178,0.809206541490006,8.09206541490006,0.43655618321595707,0.8599473125567477,0.19387755102040816,19.32312925170068,0.5061224489795918,10.123317114152693,0.6040816326530613,6.041334406833059
2019-08-28,239,6885750,2695,1322,0.00039138801147296955,0.14372003876818393,0.9488585591313314,0.007029415497573166,0.44304267161410016,0.1733952948010456,443.02658670734684,0.031013615733736764,31.012489767437973,0.5547309833024119,0.10855358698809178,277.35542174517735,0.15128593040847202,75.64021894497067,0.661595547309833,0.05178773708211101,132.31814865051797,0.31391830559757944,62.7832052272367,0.7398886827458256,0.02895814574922304,73.9883310177041,0.4697428139183056,46.97394029652288,0.8018552875695732,0.01569182732454707,40.09276437847866,0.5960665658093798,29.803328290468986,0.8649350649350649,0.006770415809835837,17.29847519947203,0.7246596066565809,14.493002702751014,0.8901669758812616,0.0034839967062507173,8.90164390354949,0.7760968229954615,7.760945687905635,0.4664083650285779,0.8656160694950814,0.18811881188118812,18.74917491749175,0.500990099009901,10.02066131141416,0.6336633663366337,6.337177113937809
2019-08-29,240,6885750,2562,1347,0.0003720727589587191,0.1281860871845089,0.9471242605108935,0.0057885515525062485,0.39656518345042935,0.14754574498983444,396.5507859343296,0.031180400890868598,31.17926886934337,0.49765807962529274,0.0925791460935231,248.82000593812515,0.09428359317000742,47.140085076269145,0.6112412177985949,0.04548491097621191,122.24735587605433,0.26651818856718634,53.30325065864543,0.6807181889149102,0.025327485549972408,68.07132460020395,0.392724573125464,39.272172142651016,0.7747853239656518,0.014413825654431252,38.739266198282586,0.5716406829992576,28.58203414996288,0.8618266978922716,0.0064132354308021194,17.236508925700896,0.7371937639198218,14.743853866271591,0.8864168618266979,0.0032981108839111443,8.864155745078518,0.7839643652561247,7.839632267262235,0.44974738620616417,0.8741907103916748,0.20042643923240938,19.97583511016347,0.4968017057569296,9.936886262146754,0.6226012793176973,6.2265467565383075
2019-08-30,241,6885750,2599,1404,0.0003774461750717061,0.1342646944951929,0.9365477939919337,0.004931106514781834,0.38745671412081567,0.14623874528027883,387.4426472926818,0.03917378917378917,39.17236694792605,0.4805694497883801,0.09069125762416497,240.27600122569984,0.09757834757834757,48.7874024715079,0.5802231627549057,0.043800284643759624,116.04378991372367,0.23148148148148148,46.295960124055625,0.6494805694497884,0.024514217665340267,64.9475853363281,0.35185185185185186,35.184929694282275,0.7295113505194305,0.013767563446247685,36.47556752597152,0.49928774928774927,24.964387464387467,0.8137745286648711,0.006143077057132069,16.275372391745726,0.6552706552706553,13.105317942809592,0.8457098884186226,0.0031920718114499236,8.457025192647675,0.7143874643874644,7.143812395209834,0.43923816919787984,0.8801611865066422,0.20309050772626933,20.241353936718177,0.5121412803532008,10.243704065520884,0.6556291390728477,6.5568536798700485
2019-08-31,242,6885750,2635,1366,0.00038267436372217987,0.13410884214288832,0.9246351381597299,0.0042120601013851955,0.3943074003795066,0.1508858553586988,394.2930848334574,0.024890190336749635,24.889286684762386,0.4998102466793169,0.0956288120824862,249.8960503973356,0.10175695461200586,50.87663013502899,0.596584440227704,0.04565918266577595,119.31602164738776,0.23133235724743778,46.26613549381465,0.650853889943074,0.024906328966859334,65.08491638844465,0.328696925329429,32.869453855574015,0.713472485768501,0.013651381476237156,35.673624288425046,0.44875549048316254,22.437774524158126,0.7666034155597723,0.005867163923331852,15.3320015123652,0.5512445095168375,11.024842157041217,0.8337760910815939,0.0031906427177246957,8.337748802114923,0.6808199121522694,6.808189234162226,0.45892026515173673,0.8640930042110719,0.1953781512605042,19.47268907563025,0.5273109243697479,10.547122965824409,0.6407563025210085,6.40811255891722
2019-09-01,243,6885750,2769,1515,0.00040213484369894345,0.14981998162391724,0.9171336403646394,0.004773241256161977,0.3831708197905381,0.15408074353761256,383.1569085641444,0.03234323432343234,32.342060084602714,0.4738172625496569,0.09526575660760964,236.90003017726548,0.09768976897689768,48.843111148175524,0.5673528349584688,0.04563013738418194,113.46974304555103,0.21914191419141915,43.8280645863535,0.6392199349945829,0.025705074210694474,63.921529341382985,0.3445544554455445,34.45519535252489,0.708197905381004,0.014239552699415459,35.409895269050196,0.47062706270627064,23.531353135313534,0.784037558685446,0.006305730634058497,15.68063731075056,0.6092409240924093,12.18473000397719,0.8284579270494763,0.003331503475278037,8.284543176199257,0.6904290429042904,6.904260348396577,0.4207716960071865,0.8408680315501031,0.17706237424547283,17.647216633132125,0.4949698189134809,9.900245383104805,0.6197183098591549,6.197714589423333
2019-09-02,244,6885750,2801,1466,0.0004067821224993646,0.14908463394034718,0.9272084978814372,0.006090362112033138,0.3802213495180293,0.15466163229741506,380.2075453737686,0.03137789904502047,31.376759853216623,0.491253123884327,0.09991286668602962,245.6176443353547,0.09754433833560709,48.770398467499746,0.6144234202070689,0.049986929623282696,122.88379173635089,0.2708049113233288,54.160588984420436,0.6936808282756158,0.02821749106857591,69.36757912368675,0.41814461118690316,41.81415749049084,0.7629418064976794,0.015517554369531278,38.14709032488397,0.5477489768076398,27.387448840381992,0.8361299535880042,0.006802424707150098,16.722526214658618,0.6869031377899045,13.73800290173905,0.8614780435558729,0.003504338670442581,8.61478043555873,0.7353342428376535,7.353342428376535,0.45302548078751326,0.8406536025498458,0.18711018711018712,18.64864864864865,0.5343035343035343,10.686987158685273,0.6382536382536382,6.383083769876222
2019-09-03,245,6885750,3649,2213,0.0005299350107105254,0.12641503500245457,0.8662210786347891,0.004670904458504349,0.3225541244176487,0.17092651757188498,322.54241391356726,0.01717126073203796,17.170637320016027,0.4020279528637983,0.10652047632878303,201.0066785094321,0.0605512878445549,30.274544748449312,0.48972321183886,0.051903918208487033,97.94393116034244,0.1649344780840488,32.98665608839173,0.5546725130172651,0.029393824973133115,55.46684853624317,0.26796204247627653,26.79600967180315,0.6388051520964648,0.01692626075590894,31.940257604823238,0.4048802530501582,20.24401265250791,0.7155385036996438,0.00758372302419472,14.310666158906217,0.5314053321283326,10.62802946847909,0.761030419292957,0.004032949063141721,7.61027103631902,0.6064166290103932,6.064139869714563,0.46179716541564503,0.8417423056465072,0.203125,20.244791666666664,0.578125,11.563491638078903,0.6763392857142857,6.763972907988237
2019-09-04,246,6885750,3972,2420,0.0005768434811022765,0.123508191068942,0.8613928987757317,0.005653569627155794,0.31394763343403825,0.18109207086842868,313.93623539332395,0.017355371900826446,17.354741804547736,0.39677744209466265,0.11443508568109208,198.38151843619832,0.0652892561983471,32.64344291807789,0.5007552870090635,0.057771065090476054,100.15033017289664,0.18760330578512396,37.52038870748257,0.574269889224572,0.033126143657962764,57.42657192669111,0.30165289256198347,30.165070216368143,0.6419939577039275,0.01851650147042806,32.09969788519638,0.412396694214876,20.619834710743802,0.7250755287009063,0.00836499250636088,14.501321034912998,0.5487603305785124,10.97506316231859,0.7625881168177241,0.004398920674201035,7.62584794370085,0.6103305785123967,6.1032791942114555,0.4274483853530096,0.8337070213901105,0.20707070707070707,20.638047138047135,0.5808080808080808,11.617157856437444,0.6641414141414141,6.6419837309631475
2019-09-05,247,6885750,4470,2713,0.0006491667574338308,0.14264340184489374,0.8735650978238741,0.006360566750521982,0.32125279642058163,0.20853906476909673,321.24113316192563,0.02137854773313675,21.37777157325681,0.41140939597315435,0.13353180365959919,205.69722976489598,0.07887946922226317,39.43830272997376,0.50917225950783,0.0661070609079555,101.83371244898312,0.19498709915223,38.9971366576859,0.567337807606264,0.03682941706119841,56.73336879846688,0.2871360117950608,28.713392680848123,0.6317673378076063,0.020505968805367567,31.588137517127453,0.3932915591596019,19.664435167179043,0.7134228187919464,0.00926259410725904,14.268435654151885,0.5278289716181349,10.556564101332526,0.7606263982102909,0.0049376405049173094,7.606120381819768,0.6056026538886841,6.055912205867669,0.430584460840068,0.8621868857334989,0.2265625,22.580729166666664,0.5703125,11.407228237564322,0.6901041666666666,6.901633522727272
2019-09-06,248,6885750,4740,2190,0.0006883781723123843,0.20881730045767513,0.9536062577090647,0.009656061235433153,0.399789029535865,0.2751960499564333,399.77451497626805,0.0136986301369863,13.698132800719344,0.5354430379746835,0.18428695904734244,267.7117992110207,0.08036529680365297,40.18118954877675,0.670464135021097,0.09230590490574807,134.0918533132394,0.29360730593607304,58.72103479187066,0.7367088607594937,0.05071306166313282,73.67035112804152,0.43105022831050227,43.104709831668664,0.8018987341772152,0.027600479250626295,40.09493670886076,0.5716894977168949,28.584474885844745,0.8641350210970464,0.011897016451343062,17.2826753227501,0.7063926940639269,14.127833363784635,0.8936708860759494,0.00615179957564782,8.936656946839024,0.7703196347031963,7.7031515986655625,0.5054626696817327,0.8800601854591255,0.22802850356294538,22.726840855106886,0.5961995249406176,11.925013139506932,0.6817102137767221,6.817686794897389
2019-09-07,249,6885750,5165,2499,0.0007500998438804778,0.20277619971555338,0.9496374946691989,0.012378393179545111,0.36902226524685383,0.2767934940458902,369.0088676914789,0.014005602240896359,14.00509375983911,0.5093901258470475,0.19103979088004647,254.68581607982188,0.09523809523809523,47.61731878345297,0.6578896418199419,0.09869586685642917,131.57697293449314,0.30732292917166865,61.46413952028283,0.7446272991287513,0.055854076505271716,74.46218921513547,0.4737895158063225,47.37860754688468,0.8112294288480155,0.03042515339650728,40.56147144240077,0.6110444177671068,30.552220888355343,0.8770571151984511,0.013157588995259782,17.541116829450154,0.7470988395358144,14.94195509089406,0.8942884801548887,0.006708027267789561,8.94284583914462,0.7827130852340937,7.827096751058937,0.5289690138634809,0.8501529952372009,0.21301775147928995,21.230769230769234,0.5522682445759369,11.04631217838765,0.6370808678500987,6.371355060034306
2019-09-08,250,6885750,5072,2282,0.0007365936898667538,0.2023139799419263,0.9482700598660052,0.00978127312048349,0.37657728706624605,0.2773743828056927,376.5636152216677,0.008764241893076249,8.763923702476006,0.5277996845425867,0.19437990124891083,263.8902612430378,0.07668711656441718,38.34216619833252,0.6654179810725552,0.09802782537976705,133.08262985187915,0.26906222611744085,53.81205447408197,0.7488170347003155,0.0551569897470156,74.88115972999067,0.44347063978965817,44.34674196072553,0.8126971608832808,0.02993138002396253,40.634858044164034,0.5850131463628396,29.25065731814198,0.8659305993690851,0.012756687676087019,17.318486231391205,0.703330411919369,14.066506096238038,0.8990536277602523,0.0066223626731108836,8.990523220893783,0.7765118317265557,7.76510704019764,0.5126916791294752,0.8393510344576431,0.20075046904315197,20.008130081300813,0.549718574108818,10.99531439568255,0.6285178236397748,6.285717273982345
2019-09-09,251,6885750,4668,1951,0.0006779217950114366,0.22235927430661034,0.9541034621119063,0.008087803163160441,0.40959725792630675,0.27766482718559393,409.5823872736083,0.005638134290107637,5.637929594555426,0.5492716366752356,0.18617484751670055,274.62584753387335,0.055356227575602254,27.67710891872664,0.6795201371036846,0.09213163321618403,135.9030405780504,0.24551512045105076,49.1026675374197,0.7615681233933161,0.05162798803334398,76.1562593403167,0.4315735520246028,43.157041823076604,0.8279777206512425,0.02806520713066841,41.398886032562125,0.5889287544848796,29.44643772424398,0.8943873179091688,0.01212640506549711,17.887616469525863,0.7478216299333675,14.956323995218233,0.916452442159383,0.006212794755576339,9.164471184278016,0.8006150691952845,8.006104183705036,0.5237368535550017,0.841878984214425,0.2054263565891473,20.47416020671835,0.560077519379845,11.202511069448322,0.6569767441860465,6.570330886752563
2019-09-10,252,6885750,3993,1581,0.0005798932578150528,0.2094188814193305,0.9439654109780138,0.006778858891673077,0.4112196343601302,0.23845483589892535,411.2047048061671,0.0056925996204933585,5.692392947547509,0.5632356624092161,0.1633023525994772,281.6076069150639,0.06072106261859583,30.35942905358671,0.7022289005760081,0.08144296958959017,140.44476029339359,0.2605945604048071,52.11853362884197,0.7836213373403456,0.04544134305382091,78.36156472147442,0.4541429475015813,45.413964982413276,0.8474830954169797,0.02457248665722688,42.37415477084899,0.6148007590132827,30.740037950664135,0.8863010267968946,0.010279125156118389,17.725891821623392,0.7128399746995573,14.256695970802163,0.899824693213123,0.005217977260482064,8.998168525260299,0.7469955724225174,7.469890634229451,0.5051882722501375,0.8634019508834558,0.20394736842105263,20.32675438596491,0.6008771929824561,12.018574523788027,0.6842105263157895,6.842692064638439
2019-09-11,253,6885750,3935,1669,0.0005714700649892895,0.19853064577508142,0.9391930435087408,0.005769192797699506,0.4033036848792884,0.23046761545164102,403.2890427182051,0.01018573996405033,10.185370165184368,0.5222363405336722,0.14921580017426664,261.1086902287056,0.052726183343319355,26.362134545183068,0.6526048284625159,0.07458828313340497,130.52001793795256,0.20311563810665068,40.62283264378489,0.7410419313850064,0.04234802056405937,74.10365504421138,0.3906530856800479,39.065024902282815,0.8101651842439644,0.023149257524597903,40.508259212198226,0.5530257639304973,27.651288196524863,0.8688691232528589,0.00993063946463426,17.377357228362225,0.6908328340323547,13.816636615096332,0.8932655654383735,0.005104730480396528,8.932629709120812,0.7483523067705212,7.48350133150703,0.49137385445027576,0.847134380400664,0.20425531914893616,20.357446808510637,0.5765957446808511,11.532903908616474,0.6723404255319149,6.723980876610343
2019-09-12,254,6885750,3910,1616,0.0005678393784264604,0.21508712542271174,0.9432782188701513,0.005301407490232424,0.4286445012787724,0.24339239035724658,428.62893910547587,0.012376237623762377,12.375788297679607,0.5578005115089514,0.15836479814115598,278.89013012799614,0.06311881188118812,31.558260159083,0.6744245524296675,0.07659240756339132,134.88393104338155,0.22215346534653466,44.43037044380903,0.7391304347826086,0.0419704319033373,73.91250677197056,0.37066831683168316,37.06656252902731,0.7879795396419438,0.02237229060015249,39.39897698209719,0.48824257425742573,24.412128712871286,0.8593350383631714,0.009759242961581694,17.18662588816142,0.6608910891089109,13.217764194707595,0.8915601023017903,0.005062577877435076,8.91551038863135,0.7388613861386139,7.3885387500747335,0.4953423162389866,0.835156736323357,0.21179039301310043,21.10844250363901,0.5851528384279476,11.704060461249222,0.6834061135371179,6.8346472469608335
2019-09-13,255,6885750,3629,1475,0.0005270304614602621,0.22865190281588452,0.9345166499709566,0.004150134316769796,0.46459079636263434,0.24484461225675283,464.5739291394147,0.014915254237288136,14.914712730817133,0.5723339763020115,0.1508132442637235,286.1565987018281,0.06576271186440678,32.88016215657413,0.6682281620281069,0.07043480786546226,133.64466196186464,0.19864406779661017,39.72852507567772,0.7236153210250758,0.038136454732928635,72.36100666223845,0.3227118644067797,32.27095210925358,0.7858914301460458,0.020709285776525605,39.294286176828656,0.4738983050847458,23.69474319786581,0.8440341691926151,0.008896595592656169,16.88060983800833,0.6169491525423729,12.33892929230572,0.8693855056489391,0.004581879863255212,8.693766676332206,0.679322033898305,6.793151280334446,0.4806786474882675,0.8385969623786599,0.23039215686274508,22.962418300653596,0.5931372549019608,11.863762486126527,0.6936274509803921,6.936869387549188
2019-09-14,256,6885750,3092,1091,0.0004490433140906945,0.22947818944743656,0.9525230494499713,0.005315453319593687,0.508732212160414,0.22843450479233227,508.7137423589269,0.015582034830430797,15.581469116125309,0.6296895213454075,0.1413738019169329,314.83333006129396,0.10265811182401467,51.32719238253043,0.7470892626131953,0.06709460048215167,149.41676755173864,0.29697525206232817,59.3946191259745,0.8224450194049159,0.03693107554677742,82.24390473681198,0.5004582951420715,50.045466115404444,0.8628719275549805,0.01937334349925571,43.143596377749034,0.6122823098075161,30.614115490375806,0.8884217335058214,0.007978785203085788,17.768408865507105,0.6846929422548121,13.693838957881404,0.8984476067270375,0.004034401331439575,8.984436923661079,0.7131072410632447,7.131041341941272,0.5483647945268336,0.865358850956653,0.2724867724867725,27.15784832451499,0.6322751322751323,12.64658716545509,0.7301587301587301,7.302213509760679
2019-09-15,257,6885750,2748,985,0.0003990850669861671,0.19948647089423596,0.9362515959124885,0.003452281280549809,0.49053857350800584,0.19575951205344178,490.52076423653085,0.008121827411167513,8.12153254377675,0.6124454148471615,0.12220447284345048,306.21158984053466,0.07715736040609138,38.57727958293957,0.712882096069869,0.0568997066426559,142.57538392091263,0.21928934010152284,43.85754955427288,0.7805676855895196,0.03115106450957042,78.05620176374619,0.38883248730964465,38.882966387237296,0.8402474526928675,0.016766510547144464,42.01237263464338,0.5543147208121827,27.715736040609137,0.8868267831149927,0.0070783351244590315,17.73640687163165,0.6842639593908629,13.685179814620334,0.901018922852984,0.0035957693072915984,9.01003220803607,0.7238578680203046,7.23845253355177,0.5094452627704964,0.8121702167350291,0.2512820512820513,25.044444444444448,0.5897435897435898,11.795883361921097,0.6820512820512821,6.821097770154374
2019-09-16,258,6885750,2426,1091,0.00035232182405692914,0.15102476318213842,0.916437762861262,0.0033259135356643933,0.43239901071723,0.15233807725820506,432.3833122344128,0.011915673693858845,11.915241088801707,0.5379225061830173,0.09475747894278246,268.95148830596224,0.0614115490375802,30.704659728835168,0.6442704039571311,0.045397775131429896,128.85314514066093,0.21631530705774518,43.26274726459871,0.708161582852432,0.024949896889250343,70.8156440664285,0.3510540788267644,35.10515297106209,0.7778235779060181,0.013702211088116763,38.89117889530091,0.5059578368469294,25.297891842346473,0.8285243198680956,0.005838033773461053,16.570173559608183,0.618698441796517,12.373735225128426,0.8462489694971146,0.002981485165913187,8.462391377241026,0.6581118240146654,6.58104178030678,0.41370555944798776,0.782624738012675,0.22305764411027568,22.23141186299081,0.518796992481203,10.376829724396757,0.581453634085213,5.815035014637796
2019-09-17,259,6885750,2355,1129,0.00034201067421849474,0.1509285871288932,0.9033657961291318,0.004541759005766315,0.445859872611465,0.15248329944815567,445.84368542468695,0.029229406554472984,29.228345364865284,0.5554140127388535,0.0949753122277084,277.69692406451935,0.11691762621789194,58.45669072973057,0.664968152866242,0.04548491097621191,132.99266486388584,0.30558015943312666,61.11558810353632,0.7150743099787685,0.024456127102152257,71.5069117595095,0.4065544729849424,40.65515208626546,0.7575371549893843,0.012954195590926254,37.8765827134694,0.4942426926483614,24.71195518969077,0.8029723991507431,0.0054924467964599715,16.05928472557293,0.5890168290522586,11.780216824275366,0.8203821656050956,0.0028057579031752116,8.203714429634273,0.62533215234721,6.253239790678844,0.38475160632291644,0.7690520432427133,0.24653739612188366,24.571560480147735,0.5152354570637119,10.305592907066801,0.5734072022160664,5.734563795061365
2019-09-18,260,6885750,1932,849,0.0002805794575754275,0.1417855046380138,0.9289445083811093,0.0026510909713528042,0.47929606625258797,0.13447574789427824,479.278665146494,0.023557126030624265,23.556270776266487,0.5750517598343685,0.08067092651757188,287.515441132697,0.0895170789163722,44.75691447490633,0.6635610766045549,0.03723605100351448,132.71125165499473,0.23910482921083628,47.820618598812516,0.7116977225672878,0.019968631095878476,71.16925547020973,0.34393404004711425,34.39315426318535,0.7634575569358178,0.01071052536034564,38.17287784679089,0.4617196702002356,23.08598351001178,0.8229813664596274,0.004618199773446804,16.459507810564872,0.5971731448763251,11.943376172215736,0.8452380952380952,0.0023715506862683877,8.452331851952666,0.6478209658421673,6.47817202608227,0.45785519823723175,0.8213769453751874,0.271875,27.096875,0.596875,11.938523799313893,0.65,6.500557461406518
2019-09-19,261,6885750,1653,774,0.00024006099553425554,0.13926174822005116,0.9410237170084809,0.0031666887052114717,0.45674531155474896,0.10964275341272146,456.7287291661505,0.02454780361757106,24.546912396121105,0.5468844525105868,0.06564042985768226,273.432298785563,0.09302325581395349,46.50993927686104,0.647307924984876,0.031078451305585408,129.46064493492722,0.25839793281653745,51.679211301271394,0.7235329703569268,0.017369078393215023,72.35277165522102,0.4134366925064599,41.34336904101711,0.7979431336963098,0.009577751152742984,39.897156684815485,0.5697674418604651,28.488372093023255,0.8572292800967937,0.00411566858556931,17.144261925640578,0.6950904392764858,13.901546330310902,0.8741681790683605,0.002098509404807547,8.74156753427318,0.7312661498708011,7.312565920022637,0.42896693703725297,0.8665278268070351,0.2819548872180451,28.101503759398497,0.6541353383458647,13.083828782935038,0.6954887218045113,6.955483692077535
2019-09-20,262,6885750,1536,699,0.00022306938242021567,0.12051844489272145,0.9205828369886947,0.0034579699643029153,0.447265625,0.099767644496079,447.24938677661197,0.04291845493562232,42.91689675761855,0.57421875,0.06404298576822538,287.09895133695176,0.1473533619456366,73.67400610057852,0.6920572916666666,0.030875134334427373,138.41045328338754,0.3376251788268956,67.52454544445949,0.7473958333333334,0.016671991634958902,74.73904062527231,0.44635193133047213,44.63486902260882,0.7962239583333334,0.00888065933267981,39.811197916666664,0.5536480686695279,27.682403433476395,0.8274739583333334,0.0036916338456891244,16.54926285999602,0.6223175965665236,12.446189253766976,0.84375,0.0018821397140193269,8.43746323945871,0.6580829756795422,6.580801085404133,0.3977891470806278,0.8548883289232337,0.2779783393501805,27.70517448856799,0.5812274368231047,11.62554569604498,0.631768953068592,6.318231356546186
2019-09-21,263,6885750,1912,841,0.00027767490832516427,0.20457866849437592,0.9458280424197195,0.0051159175185117225,0.5036610878661087,0.13984896892245136,503.64280217456565,0.06183115338882283,61.828908574947256,0.6155857740585774,0.08546325878594249,307.7817124400123,0.16765755053507728,83.82573181795733,0.7149581589958159,0.03970489993900491,142.9905934911104,0.3555291319857313,71.10531007495858,0.7756276150627615,0.021537076301954748,77.56219829821387,0.49108204518430437,49.10784792802323,0.8211297071129707,0.011400355807283158,41.05648535564854,0.5945303210463734,29.726516052318665,0.8493723849372385,0.004716940030381277,16.98727500742567,0.6587395957193817,13.17465798183726,0.8687238493723849,0.00241222464913096,8.687225877486146,0.7027348394768134,7.027338189143198,0.40342530364467494,0.8600795966649485,0.2546583850931677,25.38095238095238,0.5496894409937888,10.99473168341093,0.6055900621118012,6.05641999509924
2019-09-22,264,6885750,2106,1144,0.0003058490360527176,0.1527823675221973,0.9471832421792625,0.007314766727201075,0.4325735992402659,0.13229741504501888,432.55789441891676,0.051573426573426576,51.57155417193901,0.5318138651471985,0.0813244263723497,265.8972786768314,0.15646853146853146,78.23142539641596,0.6728395061728395,0.04115716401870516,134.56692409392167,0.3986013986013986,79.7197008457864,0.7350427350427351,0.022481047953759912,73.50373976619292,0.5131118881118881,51.310816224206825,0.7924976258309592,0.012119231746723306,39.62488129154796,0.618006993006993,30.90034965034965,0.8366571699905033,0.005117689430025327,16.732730290976683,0.6993006993006993,13.985668698473958,0.8651471984805318,0.0026460366814459384,8.651446856251837,0.7517482517482518,7.5174606826477275,0.363111301231989,0.8547166412395828,0.2247191011235955,22.39700374531835,0.49719101123595505,9.944673039489661,0.5786516853932584,5.787013124674774
2019-09-23,265,6885750,1929,994,0.000280143775187888,0.15826895327739107,0.9456989258514427,0.006866994754873905,0.4536029030585796,0.1270694162067964,453.5864347568421,0.059356136820925554,59.35398186388152,0.5536547433903577,0.07754864943363346,276.8173213258899,0.16498993963782696,82.49197479386922,0.6868843960601347,0.0384849981120567,137.37588167449167,0.3963782696177062,79.2750782776183,0.76049766718507,0.021304714049202707,76.04921449678463,0.5362173038229376,53.62134101772913,0.8081907724209435,0.011320480702900919,40.409538621047176,0.6277665995975855,31.388329979879277,0.8527734577501296,0.0047779349445672414,17.055295772189677,0.7142857142857143,14.285569059728127,0.8776568170036289,0.002458658092586703,8.77641522085479,0.7625754527162978,7.625621633201392,0.3742950635471543,0.8533061007850988,0.23053892215568864,22.977045908183634,0.5179640718562875,10.360169883218127,0.592814371257485,5.928652129702858
2019-09-24,266,6885750,1992,785,0.0002892931053262172,0.23433287387724008,0.9651211307791295,0.006317703338986717,0.5758032128514057,0.16656985187336626,575.7823080005179,0.09044585987261146,90.44257618615079,0.6762048192771084,0.09780714493174557,338.0901346454654,0.2229299363057325,111.46092135617175,0.7700803212851406,0.044555461965203755,154.01494589703904,0.42165605095541403,84.33059783514602,0.8232931726907631,0.023817130907084143,82.32871944952542,0.5515923566878981,55.158835139906685,0.8664658634538153,0.012533130014885815,43.32329317269076,0.6611464968152866,33.05732484076433,0.8930722891566265,0.005167125579450002,17.86121232866358,0.7286624203821656,14.57305793090312,0.9091365461847389,0.0026300311508383133,9.091233432171142,0.7694267515923567,7.69415577565162,0.4420150260866417,0.8735830138054609,0.2631578947368421,26.228070175438596,0.5696594427244582,11.394165971886633,0.6346749226006192,6.34729354412163
2019-09-25,267,6885750,2032,920,0.0002951022038267436,0.19963330998153783,0.9585560019635332,0.006589961461021135,0.483759842519685,0.14275341272146383,483.74227935374984,0.07282608695652174,72.8234429655634,0.6028543307086615,0.08894859134475748,301.41622187606487,0.18695652173913044,93.47486709012615,0.7244094488188977,0.04275465450637544,144.88083772995802,0.39565217391304347,79.12986019116848,0.7947834645669292,0.023454064887159082,79.47776933895456,0.5478260869565217,54.78221090157817,0.8469488188976378,0.012496823149257525,42.347440944881896,0.6619565217391304,33.097826086956516,0.8715551181102362,0.0051439492517892,17.43107704749384,0.716304347826087,14.32606615113939,0.8882874015748031,0.00262135569836256,8.882874015748031,0.7532608695652174,7.532608695652175,0.45913686105951096,0.8720047586903281,0.27848101265822783,27.755274261603375,0.5949367088607594,11.899754651844454,0.6645569620253164,6.646139566189722
2019-09-26,268,6885750,2456,1293,0.000356678647932324,0.21041016121951697,0.9328008238684361,0.00728885046467079,0.43403908794788276,0.15480685448736567,434.0233299211638,0.05877803557617943,58.77590160741759,0.5362377850162866,0.0956288120824862,268.10915830495907,0.15158546017014696,75.78997838851215,0.6498371335504886,0.046356269424032065,129.966482974971,0.337200309358082,67.43957216771945,0.7243485342019544,0.025835777977867496,72.43432744751675,0.477184841453983,47.71813764619599,0.7878664495114006,0.01405075699814835,39.39332247557004,0.5978344934261408,29.89172467130704,0.8367263843648208,0.005968822704181661,16.734454778224297,0.6906419180201083,13.812778180560402,0.8526058631921825,0.0030410409828923292,8.525996721478363,0.7208043310131477,7.207990970219556,0.4107674873266127,0.8339856570386933,0.2530487804878049,25.220528455284555,0.5548780487804879,11.098512738986738,0.6067073170731707,6.0675935029075845
2019-09-27,269,6885750,2889,1535,0.0004195621392005228,0.20871694009556035,0.9073009466261378,0.008348677497071641,0.4510211145725164,0.18922451350566366,451.0047400040234,0.06319218241042346,63.1898881836441,0.5417099342332987,0.11363636363636363,270.8451335787784,0.16547231270358306,82.73315257033815,0.6465905157493943,0.054256586017601444,129.31716412969857,0.33680781758957656,67.36107438402006,0.7095880927656628,0.02977141363385518,70.95829402191704,0.45407166123778503,45.40683640779689,0.778816199376947,0.01633808953273064,38.940809968847354,0.5843648208469056,29.218241042345277,0.8054690204222914,0.0067587388721880946,16.10902948742443,0.634527687296417,12.690277299412722,0.8255451713395638,0.0034636498300851027,8.255391767915714,0.6723127035830619,6.723078217051132,0.40930293718258076,0.7906887762372625,0.23324396782841822,23.246648793565686,0.5576407506702413,11.153771515550059,0.5844504021447721,5.845005265360368
2019-09-28,270,6885750,3418,2024,0.0004963874668699851,0.17874389500146298,0.9014155437618968,0.009791988492258243,0.39350497366881215,0.19529548424568027,393.4335519732864,0.06422924901185771,64.21759131456355,0.48683440608543005,0.12082486203891955,243.4083656478907,0.15167984189723321,75.83716753876514,0.57489760093622,0.05707397833221993,114.97868528410866,0.2855731225296443,57.114209778340886,0.6632533645406671,0.03292234856736229,66.32389164649354,0.4318181818181818,43.18087752442739,0.7384435342305442,0.01832770576916095,36.922176711527214,0.558300395256917,27.91501976284585,0.8066120538326507,0.008007784135467193,16.13212393528181,0.6734189723320159,13.468281648421907,0.8387946167349327,0.004163635069802971,8.387873078377943,0.7277667984189723,7.277604569707034,0.4422315686384197,0.7905477891359012,0.24050632911392406,23.970464135021096,0.5443037974683544,10.887009575091733,0.6050632911392405,6.0511518335974985
2019-09-29,271,6885750,3424,2052,0.0004972588316450641,0.1622106897095144,0.9242448931210746,0.01226130691252634,0.3837616822429907,0.19082195759512052,383.747749565012,0.06042884990253411,60.42665600005436,0.48685747663551404,0.12104269532384548,243.41990050413813,0.17007797270955166,85.03589896781843,0.5978387850467289,0.05945569142292834,119.5668887895528,0.3328460038986355,66.56871739943156,0.7000584112149533,0.034810769990415054,70.00533278665317,0.5,49.99963693398007,0.7724883177570093,0.019206331917365572,38.62441588785046,0.6203703703703703,31.018518518518515,0.8285630841121495,0.008240146388219233,16.571141353002506,0.7139376218323586,14.27864875405084,0.8647780373831776,0.004300166429946934,8.647742697139924,0.7743664717348928,7.743630979712594,0.43434374245606966,0.771230328536161,0.22966507177033493,22.88995215311005,0.5287081339712919,10.575069554441226,0.5909090909090909,5.909597692187744
2019-09-30,272,6885750,3597,1901,0.000522383182659841,0.1886959655126683,0.9452845418729799,0.01387860922119809,0.40839588546010563,0.2133313970374673,408.3810584238923,0.0773277222514466,77.3249148261543,0.5276619405059773,0.1378158582631426,263.82139172516935,0.1704366123093109,85.21521225739453,0.6766750069502363,0.0706962153998083,135.33401867924104,0.39558127301420304,79.11568011436721,0.7661940505977203,0.04002439803653896,76.61884870172314,0.5576012624934246,55.759721357200284,0.8273561301084237,0.021609846421958394,41.367806505421186,0.6733298264071541,33.6664913203577,0.8715596330275229,0.009105695779720584,17.43106608707562,0.7569700157811678,15.139290383587023,0.9060328051153739,0.004732963003303925,9.06032805115374,0.8221988427143608,8.221988427143607,0.4832565650988026,0.8011351337087818,0.24433249370277077,24.35180520570949,0.6020151133501259,12.04133488297739,0.6423173803526449,6.423724676065344
2019-10-01,273,6885750,3831,2148,0.0005563664088879207,0.16571075307836639,0.9095560265120304,0.010762399079125861,0.35421560950143566,0.1970665117629974,354.20274950980405,0.04422718808193669,44.225582389659536,0.48029235186635344,0.1336044147545745,240.1374572947824,0.138268156424581,69.13156826173095,0.6141999477943095,0.06834354759069389,122.83909757833997,0.3161080074487896,63.2211424174534,0.6945967110415036,0.03864474716082372,69.45916673522369,0.45670391061452514,45.67005943411029,0.7778647872618115,0.021638891914461025,38.89323936309058,0.6038175046554934,30.190875232774673,0.8099712868702689,0.009012777056484523,16.199355159668052,0.6610800744878957,13.221543885819845,0.8258940224484469,0.0045949768944113815,8.258904241893283,0.6894785847299814,6.894755808063095,0.4947682459108138,0.8044043689424967,0.26216216216216215,26.12882882882883,0.6297297297297297,12.595674748504939,0.6702702702702703,6.703277548560567
2019-10-02,274,6885750,4428,2877,0.0006430672040082779,0.10786177683208771,0.8316069708622278,0.008503569028661692,0.25903342366757,0.16656985187336626,259.02401931730617,0.03614876607577337,36.14745367502999,0.3615627822944896,0.11625036305547487,180.7748277798636,0.08967674661105318,44.836745423835275,0.4817073170731707,0.06195358564001278,96.34076384840064,0.21654501216545013,43.308687952547224,0.5740740740740741,0.03691655290598042,57.406990553828976,0.3461939520333681,34.619143820816234,0.6603432700993677,0.021232255019424173,33.01716350496839,0.47792839763642686,23.896419881821345,0.7158988256549232,0.009207381008397015,14.317914132468326,0.5634341327771984,11.268633560092232,0.7375790424570913,0.004743108260792532,7.375758289691097,0.5968022245394509,5.967996243885985,0.4848595731946701,0.8344878336459571,0.25588235294117645,25.50294117647059,0.6617647058823529,13.236429220058522,0.7088235294117647,7.08884320452023
2019-10-03,275,6885750,4180,2547,0.000607050793305014,0.1284401798725903,0.8810324647180316,0.008879604918599779,0.326555023923445,0.1982282892826024,326.5431681645166,0.040832351786415394,40.830869345528576,0.4263157894736842,0.12939297124600638,213.15015592277237,0.11778563015312132,58.89067694066622,0.5495215311004785,0.06671701182142961,109.90350816971507,0.26776599921476246,53.552810976010065,0.623444976076555,0.037846001916988586,62.344044904283294,0.38358853553199845,38.35857501727408,0.6813397129186602,0.020680240494931598,34.06673827463523,0.4778170396544955,23.890678503593936,0.7086124401913876,0.008603212408144297,14.17214589458842,0.5221829603455045,10.443583372154455,0.7212918660287081,0.004378576200296262,7.212866284973681,0.5425991362387123,5.425951962525359,0.5368315005877075,0.8293278295263998,0.29393939393939394,29.295959595959598,0.6484848484848484,12.970809293622331,0.6909090909090909,6.909683455481054
2019-10-04,276,6885750,3696,1598,0.0005367607014486439,0.23375154253229996,0.9562351597288226,0.01330745208114651,0.46320346320346323,0.24862038919546905,463.1866463481334,0.031914893617021274,31.9137349293355,0.6079545454545454,0.16315713040952656,303.9662366659625,0.18272841051314143,91.3608882290781,0.7608225108225108,0.08167533184234221,152.16339724929867,0.4524405506883605,90.48745307451212,0.8368506493506493,0.04491852798512882,83.68445727099588,0.6239048811013768,62.39003507281369,0.8812229437229437,0.023650292270268308,44.06114718614719,0.7252816020025031,36.264080100125156,0.9123376623376623,0.009794068953498504,18.24662075123169,0.7972465581977471,15.94481538270103,0.9218073593073594,0.004947849348371,9.217979883805633,0.8191489361702128,8.191406088503681,0.5567703356577597,0.8532562748675064,0.282798833819242,28.185617103984452,0.6705539358600583,13.4122288954788,0.717201166180758,7.172626757147358
2019-10-05,277,6885750,3478,1493,0.0005051011146207748,0.1774457257407448,0.9086789945039321,0.00619630022097044,0.40368027602070156,0.20389195469067672,403.66562018727063,0.021433355659745478,21.432577510033756,0.5480161012075906,0.1383967470229451,273.9981025915021,0.0971198928332217,48.55818342117023,0.6863139735480162,0.06933108716489006,137.26179800047203,0.2926992632283992,58.5394275690537,0.7604945370902818,0.03841238490807168,76.04890148957867,0.44675150703281985,44.674826302698875,0.7998849913743531,0.020200993348630514,39.993959157657436,0.5344943067649028,26.724521281524513,0.8375503162737206,0.008460890528333672,16.750884691050484,0.6215673141326189,12.431256014664035,0.8522139160437032,0.004304516983526944,8.522089654778798,0.6557267247153382,6.557229155563327,0.528781968626592,0.8527454622256556,0.2789317507418398,27.800197823936696,0.6379821958456974,12.760738225997729,0.6943620178041543,6.944215685775508
2019-10-06,278,6885750,3716,1715,0.0005396652506989072,0.2128552088645179,0.922531032196097,0.008760494981775096,0.426264800861141,0.23003194888178913,426.249325084171,0.043731778425655975,43.73019071949763,0.540096878363832,0.14573046761545164,270.03863492548334,0.11836734693877551,59.18152477372012,0.6765339074273412,0.0730198379273287,135.30579897957577,0.3154518950437318,63.08992088929031,0.7594187298170075,0.04098289232914113,75.94132154342937,0.48104956268221577,48.10460696272136,0.8234660925726588,0.02221980176451367,41.173304628632934,0.6174927113702624,30.874635568513124,0.856297093649085,0.009242262292034576,17.125917001447007,0.6886297376093294,13.772574750625758,0.8689451022604952,0.004689394764549977,8.68945102260495,0.7160349854227406,7.160349854227406,0.5622329629621866,0.8631240298682239,0.28732394366197184,28.63661971830986,0.6676056338028169,13.353257797212088,0.6957746478873239,6.958343198125287
2019-10-07,279,6885750,4079,1936,0.0005923828195911847,0.24310123336318964,0.9257331437774168,0.008999179587914852,0.4192203971561657,0.24832994481556783,419.205177130129,0.0490702479338843,49.06846641166771,0.5317479774454523,0.15749346500145223,265.8643360220029,0.12086776859504132,60.431690212264435,0.654817357195391,0.0775799471375875,130.96252047135158,0.28512396694214875,57.0243793131343,0.7425839666584947,0.04398907897412065,74.257857451839,0.4612603305785124,46.12569812194649,0.7997058102476097,0.0236865991358966,39.98529051238049,0.5790289256198347,28.95144628099174,0.8411375337092425,0.009965465059877021,16.822677380742387,0.6663223140495868,13.326388220265365,0.8619759745035548,0.005106167919730343,8.619709672293016,0.7102272727272727,7.102231469710546,0.5345997176578694,0.8770814594317915,0.2612359550561798,26.036516853932582,0.6320224719101124,12.641533524774992,0.6938202247191011,6.938797290265384
2019-10-08,280,6885750,4047,1749,0.0005877355407907636,0.22309523168660544,0.9599530144697405,0.009574380973076608,0.45292809488510005,0.26619227417949465,452.9116510826428,0.0411663807890223,41.16488622102967,0.5824067210279219,0.17114435085681093,291.1927882165273,0.13664951400800457,68.3222764362923,0.7052137385717816,0.08289523366929043,141.04172355777527,0.32647226986849626,65.29397984974871,0.7741536940943909,0.045499433617008915,77.41480727163804,0.47970268724985704,47.969920397494896,0.8299975290338523,0.024390775218565745,41.4995751077932,0.6083476272155517,30.417160490425847,0.8766987892265876,0.010305295841574956,17.53389939242025,0.7158376214979989,14.316690054662931,0.8981961947121324,0.005279010595780277,8.981948902864849,0.7650085763293311,7.650074653284012,0.5687049930499811,0.8758006890330963,0.27956989247311825,27.863799283154123,0.6424731182795699,12.85056437780114,0.6908602150537635,6.9091946550102366
2019-10-09,281,6885750,3934,1727,0.0005713248375267763,0.20523599097352635,0.9661141989277444,0.014429913297652395,0.4110320284697509,0.23482428115015974,411.0171057269223,0.03937463810075275,39.37320858295938,0.5828673106253177,0.16649724077839093,291.42307465424636,0.17255356108859293,86.27364821854333,0.7437722419928826,0.08498649394405879,148.75336824486598,0.43543717429067746,87.0868024883683,0.8335027961362481,0.047619739173371284,83.34967438053923,0.6253618992472496,62.53573582941341,0.8970513472292831,0.0256253857604473,44.85256736146415,0.7678054429646787,38.39027214823393,0.9204372140315201,0.01051729646518923,18.408610608840043,0.8204979733642154,16.40984030931089,0.9260294865277071,0.0052906057257046755,9.260241071624547,0.8326577880718008,8.32652951108791,0.5654896649745094,0.868070019771378,0.2638522427440633,26.297273526824977,0.6569920844327177,13.140968604751151,0.7308707124010554,7.3093339428033515
2019-10-10,282,6885750,4086,1915,0.0005933994118287768,0.1950218702872624,0.9568464931544828,0.014211919170331539,0.377141458639256,0.2237873947139123,377.12776631211983,0.028720626631853787,28.719583913779726,0.5352422907488987,0.15880046471100784,267.61142924224725,0.13315926892950392,66.57721725467118,0.7170827214880078,0.08510267507043481,143.415502904123,0.40887728459530026,81.77486312126662,0.8132648066568772,0.048258735368439394,81.32589012805472,0.6067885117493472,60.678410566354934,0.872491434165443,0.02588679519297099,43.62457170827215,0.7310704960835509,36.55352480417754,0.8979441997063142,0.010656775722650804,17.958857912932643,0.7838120104438643,15.676217442704473,0.9087126774351444,0.005392295683113677,9.087126774351445,0.8067885117493473,8.067885117493473,0.5528895962671013,0.8563584686884304,0.2765957446808511,27.567375886524818,0.6462765957446809,12.926640451078427,0.7127659574468085,7.128270866026787
2019-10-11,283,6885750,4210,2085,0.0006114076171804088,0.1880450263913971,0.9417492951140715,0.013561122845374076,0.37434679334916865,0.22887017136218415,374.3332024838859,0.035491606714628296,35.4903181724153,0.5133016627078385,0.15691257624164973,256.6415135049738,0.14244604316546763,71.22043579194151,0.6845605700712589,0.08370850155392257,136.91111985152548,0.3750599520383693,75.01144572157779,0.7814726840855107,0.04777948822213832,78.1467009561969,0.5606714628297362,56.06673916146063,0.8429928741092637,0.02577061322296046,42.149643705463184,0.6839328537170264,34.196642685851316,0.8653206650831354,0.010581165351403318,17.306237367797006,0.7290167865707434,14.580187510360412,0.8748218527315914,0.005348711908762564,8.748193117758154,0.7482014388489209,7.481992656673047,0.5613895005484669,0.8436562189836994,0.2614213197969543,26.05499153976311,0.6573604060913706,13.148335669693777,0.7081218274111675,7.081825582711513
2019-10-12,284,6885750,3952,1754,0.0005739389318520132,0.20479785895739122,0.914525637108915,0.010617268088810113,0.42029352226720645,0.24121405750798722,420.2782632807751,0.04846066134549601,48.458901954654245,0.569078947368421,0.1633023525994772,284.5291433228366,0.1619156214367161,80.95487150071651,0.708248987854251,0.08129774318162014,141.64876900628568,0.35917901938426455,71.83528225406488,0.7836538461538461,0.044976618548316825,78.36481557921877,0.5176738882554162,51.76701292594516,0.8324898785425101,0.023889917583415025,41.62449392712551,0.6242873432155074,31.21436716077537,0.8636133603238867,0.009913125815080847,17.272091619735058,0.6944127708095781,13.888114230700344,0.8780364372469636,0.005039392949206695,8.780364372469636,0.7269099201824402,7.269099201824401,0.5375281243901786,0.8407001039184165,0.26356589147286824,26.2687338501292,0.6356589147286822,12.71426861861263,0.6873385012919897,6.873974497054795
2019-10-13,285,6885750,3717,1563,0.0005398104781614203,0.2258801188684567,0.954244345178357,0.011168912440194306,0.448210922787194,0.24194016845774033,448.1946502442522,0.045425463851567496,45.42381465523248,0.5996771589991929,0.16185013069997095,299.8276936958098,0.16698656429942418,83.49025088039211,0.7266612859833199,0.07845130558540765,145.33120189258022,0.37172104926423544,74.34367001571957,0.8108689803605058,0.04377123936216561,81.08630923810381,0.5572616762635957,55.725762980801846,0.8810868980360506,0.02378099698653015,44.05434490180252,0.7204094689699296,36.020473448496475,0.912563895614743,0.009852216748768473,18.251251406465567,0.7952655150351887,15.905287201858766,0.9211729889695991,0.004972581094897295,9.211716511753847,0.8157389635316699,8.15737778856393,0.5321155565595228,0.8215989900655827,0.27671232876712326,27.57899543378996,0.6410958904109589,12.823017458116968,0.663013698630137,6.630705608684416
2019-10-14,286,6885750,3493,1414,0.0005072795265584722,0.20174562234224722,0.9517610655628395,0.008534331883172933,0.44488977955911824,0.2256752831832704,444.8736275920997,0.05374823196605375,53.74628060706573,0.5934726596049241,0.15052279988382225,296.7255566275491,0.15558698727015557,77.79066929970038,0.7263097623819067,0.07368787940399082,145.2608976828027,0.35007072135785006,70.01363587643603,0.7961637560835958,0.040387464056464026,79.61579748834731,0.5021216407355021,50.21179946693897,0.8448325221872316,0.021428312093816942,42.24162610936158,0.6188118811881188,30.94059405940594,0.8849126825078729,0.008977766159833863,17.697868117685665,0.7171145685997171,14.34197894461291,0.9066704838247924,0.004599306981594059,9.066612667767332,0.7708628005657708,7.708549641140426,0.5133439590764223,0.8261410510628087,0.28,27.906666666666666,0.6485714285714286,12.9725410438618,0.6714285714285714,6.714861553540798
2019-10-15,287,6885750,3774,1785,0.0005480884435246705,0.20741601457650055,0.9365978886262417,0.008164628064130038,0.40779014308426076,0.22349695033401104,407.775338039856,0.05042016806722689,50.41833753542079,0.534181240063593,0.14637333914179917,267.06153153037724,0.14677871148459384,73.38136300043868,0.652888182299947,0.07156757384762845,130.57668829393418,0.2868347338935574,57.36653021893064,0.7228404875463699,0.03961776409422289,72.28352387699928,0.41904761904761906,41.90445762085949,0.7829888712241654,0.021457201777571235,39.14915928455515,0.5439775910364145,27.19868205204182,0.8269740328563858,0.009064979726511217,16.539264481140595,0.6364145658263305,12.728124953930546,0.8563857975622682,0.004693744771818943,8.563845538567113,0.6985994397759103,6.985984252191442,0.5094569504017391,0.8308948609323146,0.27371273712737126,27.280036133694672,0.6287262872628726,12.575604177997183,0.6476964769647696,6.477520255476997
2019-10-16,288,6885750,4146,2200,0.0006021130595795665,0.18487828921800392,0.9140510715949423,0.007573365532781167,0.37891944042450554,0.22814406041243102,378.90568354676725,0.042272727272727274,42.27119253821984,0.4893873613121081,0.1473279117049085,244.68479691801102,0.11409090909090909,57.04338347899559,0.58803666184274,0.07081239652618432,117.60647838402646,0.2390909090909091,47.81783459504276,0.6570188133140377,0.039559673531034886,65.70140424899265,0.3577272727272727,35.77246751549302,0.7274481427882297,0.021900301346984716,36.372407139411486,0.48818181818181816,24.40909090909091,0.7754462132175591,0.009338030909898893,15.508766603433745,0.5781818181818181,11.563518809801751,0.7978774722624216,0.004804117483037457,7.978763135268975,0.6204545454545455,6.204536443854617,0.48305296856266783,0.8260510045072972,0.26756756756756755,26.667567567567566,0.5783783783783784,11.568559640257753,0.6162162162162163,6.162690649483102
2019-10-17,289,6885750,4651,2338,0.0006754529281487129,0.2042720986087851,0.9300151441088458,0.013394083355481135,0.3827133949688239,0.25849549811211153,382.6995003494887,0.04448246364414029,44.480848683944096,0.5132229628036982,0.1733226837060703,256.60216498152516,0.1347305389221557,67.36282372808842,0.665878305740701,0.08995323709663365,133.1746941169953,0.34473909324208724,68.94731799621547,0.7566114814018491,0.05110517296465189,75.66059874034654,0.5175363558597091,51.75325978624114,0.820898731455601,0.02772392259376248,41.044936572780045,0.6445680068434559,32.2284003421728,0.8396043861535154,0.01134221540624301,16.79201456322034,0.6817792985457656,13.635526563327629,0.8497097398408945,0.005739380983362766,8.497085058307926,0.7018819503849444,7.018809310610784,0.5038296040534309,0.8234159656477171,0.24881516587677724,24.798578199052134,0.5687203791469194,11.375383089592157,0.5924170616113744,5.924678692495915
2019-10-18,290,6885750,5512,3040,0.0008004937733725447,0.18810578540715914,0.9178464607113399,0.013635444316057356,0.32819303338171263,0.26270694162067965,328.1811181539541,0.03782894736842105,37.827573967775955,0.45228592162554426,0.18101945977345338,226.13475056876936,0.11151315789473684,55.75455467424369,0.5965166908563135,0.09550088588108861,119.30247187149963,0.2855263157894737,57.10484849828251,0.6926705370101597,0.05544744256295565,69.26655073074599,0.44605263157894737,44.60493926478748,0.762699564586357,0.03052659095529931,38.13470131902254,0.5717105263157894,28.585318747124134,0.8109579100145138,0.01298324087252026,16.21904042778599,0.6592105263157895,13.184114791538956,0.8354499274310595,0.006687666374762011,8.354426476781118,0.7032894736842106,7.032833455208687,0.49174806433237084,0.8065369063821353,0.20883534136546184,20.81392235609103,0.5341365461847389,10.683647109880345,0.5863453815261044,5.8639566843704145
2019-10-19,291,6885750,6051,3394,0.0008787713756671387,0.19217186401163772,0.9038865459285107,0.01347257203383548,0.32440918856387374,0.2850711588730758,324.39741071067294,0.035061873895109015,35.06060095458131,0.4447198810114031,0.1953964565785652,222.35186760632214,0.11461402474955805,57.30493181231987,0.5838704346389026,0.10261399941911124,116.76984738062225,0.27253977607542723,54.50597627392893,0.6698066435299951,0.058860263150251245,66.98017798493514,0.41573364761343545,41.57306288382197,0.7297967278135845,0.032066223722906004,36.48983639067923,0.5209192692987625,26.045963464938126,0.7815237150884151,0.013735553561107092,15.630406202841375,0.6116676487919859,12.233299677507606,0.8147413650636258,0.007159672310657165,8.147366321782775,0.6708898055391868,6.708859082968629,0.4781876838234537,0.7833314606741573,0.1865671641791045,18.59452736318408,0.5242537313432836,10.485973861396278,0.5764925373134329,5.765419792120018
2019-10-20,292,6885750,5951,3151,0.0008642486294158225,0.1846213762978761,0.8920327545685942,0.009649725892553066,0.3135607460930936,0.2709846064478652,313.54936209853605,0.022532529355760077,22.53171129994553,0.44194253066711475,0.19096717978507116,220.96324285079044,0.0926689939701682,46.33281478580349,0.5857839018652328,0.10125185163670161,117.1559296601274,0.24468422722945096,48.93649009977612,0.6706435893127205,0.05795985942083708,67.06387195547454,0.3827356394795303,38.27328603134241,0.7035792303814485,0.030403369277130304,35.17896151907242,0.44049508092668993,22.024754046334497,0.7388674172407999,0.01277124741133176,14.777283962792417,0.5068232307204062,10.136420451809489,0.7716350193244833,0.006668816023747491,7.71631657461255,0.5687083465566487,5.687058688053414,0.45415405153592103,0.7939673225300519,0.1890359168241966,18.840579710144926,0.5085066162570888,10.171004549183383,0.5652173913043478,5.652658662092623
2019-10-21,293,6885750,5129,2457,0.000744871655230004,0.17532218841788702,0.8939373688216434,0.005540701065685932,0.33593293039578864,0.2502178332849259,335.9207341668315,0.011803011803011803,11.802583288206291,0.4648079547670111,0.17310485042114435,232.39553982986834,0.06267806267806268,31.33789355834084,0.6046012868005459,0.09006941822300968,120.91937931937784,0.2039072039072039,40.781144654332955,0.6693312536556834,0.04985622585610967,66.93263934269979,0.3146113146113146,31.46090301177582,0.7180736985767207,0.026743637221798643,35.903684928836036,0.4118844118844119,20.594220594220594,0.7455644375121856,0.011106980202621061,14.911267094988881,0.46886446886446886,9.37727575890974,0.7611620198869176,0.005669680136513815,7.611620198869176,0.5014245014245015,5.014245014245014,0.5003765062440029,0.8321069816394386,0.21052631578947367,20.982456140350877,0.5769230769230769,11.539451114922814,0.6497975708502024,6.498532996298637
2019-10-22,294,6885750,4236,2025,0.000615183531205751,0.14133753293829418,0.8985663098685771,0.004553730239154304,0.32223796033994334,0.1982282892826024,322.2262613143719,0.005925925925925926,5.925710781940813,0.45302171860245516,0.13934069125762416,226.50263570046874,0.04987654320987654,24.937366207334257,0.6026912181303116,0.07415260390949491,120.5373683592551,0.2054320987654321,41.086121411428564,0.669971671388102,0.04121525458189317,66.99668065091382,0.31407407407407406,31.407179348159335,0.7145892351274787,0.021980176451366955,35.729461756373944,0.40444444444444444,20.22222222222222,0.7584985835694051,0.009332303188028628,15.169949640455176,0.49580246913580245,9.916034981910062,0.7747875354107648,0.004766303021853543,7.747774087046278,0.5298765432098765,5.298696175640745,0.54234621336148,0.8562311040425344,0.22365591397849463,22.291039426523295,0.6150537634408603,12.302130249543517,0.6967741935483871,6.968339511979195
2019-10-23,295,6885750,3606,1748,0.0005236902298224594,0.1382252626435836,0.8701454219962915,0.002994903298981783,0.35163616195230174,0.1841417368573918,351.6233956089256,0.002860411899313501,2.8603080504934564,0.46422628951747086,0.12155097298867266,232.1047177639359,0.04691075514874142,23.45452601404634,0.5815307820299501,0.0609079555026286,116.30531186972404,0.15903890160183065,31.80754935388206,0.6397670549084858,0.03350373231868483,63.97624093549198,0.261441647597254,26.143974918568528,0.6891292290626734,0.01804438119027564,34.45621125372726,0.36041189931350115,18.02046411236124,0.7373821408763173,0.0077231852402639654,14.747621399930006,0.4588100686498856,9.176188046652657,0.7534664448141986,0.003945818695657857,7.534642563401579,0.4919908466819222,4.919894176744279,0.4596107885955794,0.8148651537435441,0.22355769230769232,22.28125,0.5817307692307693,11.63561320754717,0.6442307692307693,6.442860205831904
2019-10-24,296,6885750,3217,1489,0.0004671967469048397,0.12539756803527666,0.8895887972039073,0.003943815496313811,0.3490829965806652,0.16308451931455126,349.0703229313557,0.016118200134318333,16.11761495423794,0.4824370531551135,0.11269241940168458,241.20976900688518,0.08663532572196105,43.31609018951447,0.6198321417469692,0.05791629149844608,123.96552818943894,0.21490933512424445,42.98155491974109,0.6816910164749767,0.031848151267826544,68.16860664980933,0.32236400268636667,32.23616618980582,0.7388871619521293,0.017260283919689215,36.94435809760647,0.43720617864338485,21.86030893216924,0.7830276655268884,0.0073165489357747,15.660530567146608,0.5325721961047682,10.6514284532961,0.8001243394466895,0.003738138598677274,8.00120853461052,0.5695097380792478,5.69507256836434,0.46707900017182935,0.8343063142826967,0.24556962025316456,24.475105485232067,0.5949367088607594,11.899754651844452,0.6582278481012658,6.582842998892676
2019-10-25,297,6885750,3123,1705,0.00045354536542860255,0.09152695934692985,0.8765976366465531,0.004608185742953928,0.3025936599423631,0.1372349695033401,302.5826741138726,0.0093841642228739,9.383823525654075,0.4127441562600064,0.09359570142317745,206.36458567872052,0.05278592375366569,26.392003665902088,0.5561959654178674,0.05045165412878678,111.23838534015164,0.2093841642228739,41.87652876347422,0.6461735510726865,0.0293066891283511,64.61688589994992,0.35835777126099705,35.835516911040266,0.7191802753762407,0.016309044040228007,35.95901376881204,0.4873900293255132,24.36950146627566,0.7457572846621838,0.0067646657314058825,14.915080710863931,0.535483870967742,10.709630759379849,0.7604867114953571,0.0034491522346875793,7.60486711495357,0.5624633431085044,5.624633431085043,0.4062922262046736,0.8102206731196164,0.2225,22.175833333333333,0.545,10.900934819897085,0.5925,5.925508147512865
2019-10-26,298,6885750,3156,1548,0.0004583378716915369,0.15807960855304723,0.9027376249642736,0.004302820943663185,0.38814955640050697,0.17789718268951496,388.13546441835473,0.029069767441860465,29.06871204803815,0.5031685678073511,0.11530641882079581,251.57514999850912,0.08979328165374677,44.895010829747804,0.6067807351077313,0.05562171425251968,121.35526581568041,0.21963824289405684,43.92732960608068,0.676489226869455,0.031005838101600396,67.64843146644326,0.3494832041343669,34.948066642484775,0.7202154626108999,0.016505101114620776,36.010773130545,0.4334625322997416,21.67312661498708,0.7553865652724968,0.006924395132010805,15.107621603372433,0.5045219638242894,10.09036600657324,0.7870722433460076,0.0036074134961413457,7.870642421120174,0.5691214470284238,5.691156614427866,0.3984003450667045,0.8416040518889072,0.21680216802168023,21.607949412827463,0.5392953929539296,10.786832894057929,0.6070460704607046,6.070981327308984
2019-10-27,299,6885750,3262,1636,0.00047373198271793195,0.16891390150232818,0.938122053255304,0.006147382597880977,0.3893316983445739,0.18443218123729305,389.31756344411116,0.019559902200488997,19.559192067530805,0.5113427345187002,0.12111530641882079,255.66208497038483,0.10880195599022005,54.39900293782005,0.6204782342121398,0.05878764994626623,124.09474574417618,0.25855745721271395,51.71111594883514,0.6992642550582465,0.033126143657962764,69.92591774764473,0.4058679706601467,40.58650235227723,0.7532188841201717,0.01784119376974186,37.66094420600859,0.5097799511002445,25.488997555012226,0.7939914163090128,0.007522771633051399,15.87980526434202,0.5910757946210269,11.82149872435791,0.8412017167381974,0.003985012634697494,8.411956085030125,0.684596577017115,6.845916059420255,0.3884153779716046,0.8521345833215509,0.24528301886792453,24.446540880503143,0.5691823899371069,11.384624097867247,0.6383647798742138,6.384195281400693
2019-10-28,300,6885750,2648,1230,0.00038456232073485097,0.15233960696787452,0.9585481916822315,0.007356847449586333,0.4271148036253776,0.16424629683415626,427.0992969885919,0.03414634146341464,34.1451017617931,0.5483383685800605,0.10543130990415335,274.1592304276903,0.13739837398373983,68.69669283027422,0.6835347432024169,0.05257195968514915,136.7059559675286,0.3300813008130081,66.01578079738508,0.775679758308157,0.02982950419704319,77.56741258489053,0.5178861788617887,51.78824183243139,0.8485649546827795,0.016316305413353663,42.428247734138964,0.6747967479674797,33.73983739837398,0.8829305135951662,0.006790806560767262,17.658533336783677,0.748780487804878,14.97554451028769,0.9070996978851964,0.003488318055603964,9.070878418192974,0.8008130081300813,8.008025412631874,0.4577373380069774,0.8748271740835574,0.30303030303030304,30.2020202020202,0.6553030303030303,13.107184624980508,0.7234848484848485,7.235468969281147
2019-10-29,301,6885750,2497,1148,0.0003626329738953636,0.14221316232404874,0.930054116497687,0.007048499606715205,0.4505406487785342,0.1633749636944525,450.5242916536149,0.07055749128919861,70.554929660848,0.5839006808169803,0.10586697647400523,291.93974099154246,0.18118466898954705,90.5890454904715,0.7116539847817381,0.05161346539254698,142.32976344682834,0.38153310104529614,76.30606612224138,0.7649179014817782,0.027738243922274825,76.49123471678169,0.4912891986062718,49.12856311979924,0.7993592310772928,0.014493700758813491,39.96796155386464,0.5662020905923345,28.310104529616723,0.8382058470164198,0.006079142123546292,16.763897828277486,0.6498257839721254,12.99634581107334,0.855026031237485,0.00310057480445321,8.550173391975846,0.686411149825784,6.86404171894254,0.46909518399127004,0.8451926393597169,0.33840304182509506,33.72750316856781,0.6501901140684411,13.00491753027803,0.7110266159695817,7.110875959537987
2019-10-30,302,6885750,2217,1116,0.00032196928439167847,0.0793544254992429,0.906968744052973,0.005499398579728117,0.38159675236806495,0.12285797269822829,381.5828982890507,0.06093189964157706,60.92968747560111,0.5435272891294542,0.08749636944525123,271.7537780368239,0.18189964157706093,90.94651880549283,0.663509246729815,0.042725609224781434,132.70088575531744,0.34139784946236557,68.27907409263945,0.7068110058637799,0.02275697812890296,70.6805873482605,0.41935483870967744,41.93517936398329,0.7410915651781687,0.011930436045456195,37.054578258908435,0.4874551971326165,24.37275985663082,0.7631935047361299,0.004914447371554877,15.263714924981503,0.5313620071684588,10.627132108769079,0.7717636445647271,0.002484794971739269,7.7174907427395905,0.5483870967741935,5.483767436570059,0.42666743772023724,0.8161452998956291,0.3037037037037037,30.269135802469133,0.6037037037037037,12.07510958643034,0.6518518518518519,6.519077568134171
2019-10-31,303,6885750,2702,1351,0.0003924046037105617,0.17089119608474795,0.9096699400322305,0.005260437237473004,0.42005921539600294,0.16482718559395876,420.04396491621077,0.05181347150259067,51.81159038614054,0.5429311621021465,0.10652047632878303,271.4557253445291,0.13989637305699482,69.94564702128972,0.6513693560325685,0.05111969560544889,130.27292524619529,0.30717986676535897,61.435527246785284,0.694300518134715,0.02724447413517674,69.42954765962,0.3908216136195411,39.08187757385859,0.7257586972612879,0.014239552699415459,36.28793486306439,0.4529977794226499,22.649888971132494,0.7450037009622502,0.0058468491495492145,14.900052380277018,0.4914877868245744,9.82974146100739,0.7579570688378978,0.002974210919188017,7.579449606513282,0.5166543301258327,5.166460766939718,0.4407432605185085,0.8372827399008061,0.302491103202847,30.148279952550414,0.5800711743772242,11.602418463829865,0.6227758007117438,6.2282921201540695
2019-11-01,304,6885750,2887,1392,0.0004192716842754965,0.17692221272473493,0.8961876511384775,0.008304180404817648,0.44786976099757536,0.1877722916061574,447.85350084069916,0.06609195402298851,66.08955451841318,0.5736058191894701,0.12024397327911705,286.79249705808115,0.17744252873563218,88.71804329373943,0.7028056806373398,0.058932876354236254,140.56011546802296,0.3886494252873563,77.72932063587132,0.7599584343609282,0.031862673908623546,75.99529160592469,0.5028735632183908,50.286991169232834,0.7838586768271563,0.016432487383364194,39.192933841357814,0.5524425287356322,27.62212643678161,0.802216834083824,0.006726828602382273,16.044080377157513,0.5905172413793104,11.810156160094994,0.8077589192933842,0.0033866798338609895,8.077530538970665,0.6020114942528736,6.0200712285453015,0.46849466205601953,0.8403530709489753,0.33070866141732286,32.960629921259844,0.6259842519685039,12.520758768790264,0.6496062992125984,6.496620115881742
2019-11-02,305,6885750,2929,1425,0.0004253712377010493,0.1319605359391237,0.9409869194438845,0.010296425042231858,0.4182314783202458,0.17789718268951496,418.2162941974488,0.04421052631578947,44.20892122842686,0.5660635029020143,0.12038919546906768,283.02147582831435,0.17543859649122806,87.716113548466,0.7159440081939228,0.0609079555026286,143.1877618990184,0.423859649122807,84.77131426841815,0.7907135541140321,0.03363443608585785,79.07078124895722,0.5712280701754386,57.12239223054005,0.8193922840559918,0.01742729550157935,40.96961420279959,0.6301754385964913,31.508771929824565,0.8562649368385115,0.0072844931497300265,17.12502516413572,0.7059649122807018,14.119072693133008,0.8747012632297713,0.003720722186076773,8.746999929251668,0.7431578947368421,7.431568154690566,0.48508857014411566,0.8824820097703355,0.3208955223880597,31.982587064676622,0.6380597014925373,12.762288471877321,0.6865671641791045,6.866260464401834
2019-11-03,306,6885750,3451,1796,0.0005011799731329194,0.15463046804521904,0.9603009520433886,0.012016161203035896,0.385395537525355,0.19314551263433052,385.3815455293658,0.045657015590200446,45.655357987252785,0.5291219936250362,0.13258785942492013,264.5513917806849,0.15979955456570155,79.89687647769237,0.6832802086351782,0.06848877399866392,136.65504942373227,0.39365256124721604,78.72994056196862,0.7571718342509418,0.037947660402567605,75.71663361836566,0.5339643652561247,53.39604879697872,0.8093306288032455,0.020281015139962968,40.46653144016227,0.6341870824053452,31.709354120267253,0.8797450014488554,0.008818173104572032,17.59482337143056,0.7694877505567929,15.389687960975913,0.9116198203419299,0.004568855970664053,9.1161982034193,0.8307349665924276,8.307349665924274,0.4557607145583581,0.8684529613203172,0.28716216216216217,28.620495495495494,0.5945945945945946,11.892911779704232,0.6452702702702703,6.453256107737239
2019-11-04,307,6885750,4607,2620,0.0006690629197981338,0.13695378730629928,0.9318935529097906,0.01304325668114528,0.3166919904493163,0.2118791751379611,316.6804927732181,0.03587786259541985,35.876560029975636,0.4467115259387888,0.14943363345919256,223.34765391613527,0.11793893129770992,58.96732473011952,0.6021271977425656,0.08057161114177001,120.42456510081243,0.3114503816793893,62.28962402767594,0.6922075103103972,0.04631270150164106,69.22024839698827,0.4614503816793893,46.14470309403199,0.7575428695463425,0.025341824175664586,37.87659340516224,0.5763358778625954,28.81637540022195,0.8356848274365096,0.011182498373454782,16.713672275888054,0.7137404580152672,14.274788429392329,0.8738875624050358,0.0058468576407798714,8.738875624050358,0.7809160305343511,7.809160305343512,0.45261047903808244,0.8480111426469041,0.2648809523809524,26.39980158730159,0.5446428571428571,10.893791350159274,0.6011904761904762,6.012420362656212
2019-11-05,308,6885750,8168,5690,0.001186217913807501,0.11987191507074828,0.7735428450836216,0.013225430930892857,0.2006611165523996,0.2380191693290735,200.6538314407037,0.016520210896309315,16.51961112100811,0.28342311459353575,0.16809468486784782,141.70641238109488,0.0578207381370826,28.909319461764195,0.4149118511263467,0.09843445932208313,82.9817676636917,0.1780316344463972,35.60606834033168,0.5277913809990206,0.06260710447587789,52.77875485366995,0.3268892794376098,32.6886905789817,0.6181439764936337,0.03666267291144756,30.907198824681686,0.454481546572935,22.724077328646747,0.664177277179236,0.0157569279654248,13.283333342057274,0.5202108963093146,10.404051721242844,0.6895200783545543,0.008179139418601442,6.895140701718276,0.5565905096660808,5.565856597746984,0.47323639351557345,0.7843002853468989,0.27246376811594203,27.15555555555556,0.5768115942028985,11.537221269296742,0.6260869565217392,6.2614065180102925
2019-11-06,309,6885750,9104,6285,0.0013221508187198198,0.11807884893791717,0.7592852547651199,0.0103955599731404,0.18585237258347978,0.24571594539645658,185.8456251113413,0.012410501193317422,12.410050623277003,0.2695518453427065,0.1781876270694162,134.77102955769251,0.04295942720763723,21.478933771056354,0.3937829525483304,0.10412733451450812,78.7560186328289,0.14256165473349244,28.512123909528178,0.4939586994727592,0.06530831566412036,49.39551126803787,0.2701670644391408,27.01651026695248,0.5732644991212654,0.037897106342809427,28.66322495606327,0.382975338106603,19.148766905330152,0.6180799648506151,0.01634387489543638,12.36158134460139,0.4475735879077168,8.951458758177925,0.6434534270650264,0.008507350623964356,6.434478202873745,0.4843277645186953,4.843235442939329,0.46188746786190427,0.8316680027485113,0.2552552552552553,25.44044044044044,0.5825825825825826,11.652650935669804,0.6336336336336337,6.3368797614080625
2019-11-07,310,6885750,10005,5463,0.0014530007624441782,0.22337215319745146,0.8610110212330306,0.015392225910477649,0.26056971514242877,0.37859424920127793,260.5602550162618,0.00805418268350723,8.053890271995341,0.38350824587706145,0.278608771420273,191.74716120011445,0.042101409481969616,21.049940483624184,0.5460269865067466,0.1586743733480496,109.20460432597027,0.19568002928793704,39.13572167850976,0.6591704147926037,0.09577681605623166,65.91656283450246,0.37982793336994325,37.98251753176228,0.7330334832583708,0.053254910503576225,36.65167416291854,0.5118066996155958,25.590334980779794,0.7662168915542229,0.02226598352561198,15.32413753737958,0.5725791689547868,11.451433703456436,0.7858070964517742,0.011417783102784736,7.858070964517741,0.6082738422112393,6.082738422112393,0.53777896093359,0.856355633580459,0.2885714285714286,28.760952380952382,0.6485714285714286,12.9725410438618,0.6971428571428572,6.972026464101936
2019-11-08,311,6885750,7578,2567,0.0011005337109247359,0.24219583811790363,0.9652898344622177,0.014662683152370886,0.3023225125362893,0.33270403717688063,302.3115365519538,0.0007791195948578107,0.7790913084943609,0.5285035629453682,0.29080743537612547,264.2421876670831,0.04674717569146864,23.372739254830826,0.7525732383214568,0.1656452409306108,150.51355472921,0.3213868328788469,64.2768998372163,0.8479809976247031,0.09332248976153824,84.79748401629875,0.5625243474873393,56.25202628178202,0.9045922406967538,0.04977671277638601,45.229612034837686,0.724191663420335,36.209583171016746,0.9202955925046187,0.02025629705362952,18.40588511969246,0.7693805999220881,15.387589651435768,0.9309844286091317,0.010245797480303525,9.309844286091318,0.7993767043241138,7.993767043241138,0.5838061480472357,0.8772163867488918,0.29651162790697677,29.55232558139535,0.6627906976744186,13.256950815748533,0.6976744186046512,6.977342534604492
2019-11-09,312,6885750,8346,2881,0.0012120684021348436,0.2555121432656598,0.9548899502306132,0.015434984809540751,0.27582075245626647,0.3343014812663375,275.8107386328401,0.0006942034015966678,0.694178198162105,0.48753894080996885,0.29545454545454547,243.76062022090062,0.031586254772648384,15.79255400818789,0.7410735681763719,0.17964506665892127,148.21363740075094,0.3009371745921555,60.18699787818219,0.8429187634795111,0.10216677800691278,84.29126427762996,0.5550156195765359,55.5011589430296,0.8922837287323269,0.054075445666775586,44.61418643661634,0.6938562998958695,34.69281499479347,0.9108554996405464,0.022080223067762642,18.216977712538537,0.7466157584172163,14.932206740019597,0.9223580158159598,0.011179512649927895,9.223499787831418,0.779590419993058,7.795836269759403,0.5958405799403435,0.8706877384605314,0.27445652173913043,27.354166666666668,0.6657608695652174,13.31635934819897,0.7255434782608695,7.256057032590051
2019-11-10,313,6885750,7600,2584,0.0011037287151000254,0.24947027542988254,0.9348051851744863,0.008901501818345361,0.2906578947368421,0.3207958176009294,290.64734224284206,0.0,0.0,0.4644736842105263,0.25631716526285214,232.2284106195637,0.016253869969040248,8.126639931696115,0.7092105263157895,0.15655406779168723,141.84107530218557,0.21246130030959753,42.49195151200474,0.8103947368421053,0.08944494466873856,81.03888523062717,0.4469814241486068,44.697817847327386,0.8568421052631578,0.04728571843504023,42.84179417290503,0.580108359133127,29.005207339023272,0.8727631578947368,0.019265847197694953,17.45523780809579,0.6265479876160991,12.530941553953534,0.8831578947368421,0.009747638971385916,8.831553295686916,0.6571207430340558,6.5711883440003795,0.6000608683219049,0.8682700681893472,0.2937853107344633,29.28060263653484,0.6751412429378532,13.503982905485945,0.7259887005649718,7.260509637468385
2019-11-11,314,6885750,7523,2585,0.001092546200486512,0.30667776658235424,0.9338242439329957,0.008081773726786725,0.36448225441977933,0.3981992448446123,364.46902169198313,0.005415860735009671,5.41566410922057,0.5290442642562807,0.28899215800174266,264.51252850731083,0.051837524177949706,25.917821094127014,0.7037086268775754,0.15376572075866277,140.7407034047537,0.204642166344294,40.928136074391425,0.789312774159245,0.086235441052601,78.93070427062972,0.395357833655706,39.53549628358038,0.8403562408613585,0.04590606755932499,42.01750693827224,0.5381044487427467,26.90502706969682,0.8642828658779742,0.018885296945298863,17.285582007323097,0.6065764023210831,12.131475191720906,0.8765120297753556,0.009576257156052037,8.76508210983455,0.6421663442940039,6.421635465005326,0.6027123674611911,0.8808392063178717,0.311614730878187,31.057601510859303,0.6883852691218131,13.768886146191187,0.7280453257790368,7.28107765343855
2019-11-12,315,6885750,7152,2046,0.0010386668118941291,0.33673359000688663,0.9683786105943654,0.010083056343059758,0.40757829977628635,0.4233226837060703,407.5635024229689,0.0024437927663734115,2.443704043139082,0.6040268456375839,0.31367993029334884,302.0024580561279,0.04838709677419355,24.19267002707691,0.7932046979865772,0.16477388248279068,158.6397876546247,0.3142717497556207,62.85389354555071,0.860178970917226,0.08934328618315955,86.01727248821182,0.5127077223851417,51.27039994500987,0.9004474272930649,0.046762903366348134,45.022044442789664,0.6524926686217009,32.62439653316881,0.9162472035794184,0.01903337302855151,18.32481100829818,0.7072336265884653,14.144569822770121,0.925755033557047,0.009615510292996406,9.257550335570471,0.7404692082111437,7.404692082111437,0.6194019198004161,0.8955137238000294,0.29329608938547486,29.231843575418996,0.6927374301675978,13.855936832220166,0.723463687150838,7.235257337792387
2019-11-13,316,6885750,6587,2194,0.0009566132955741931,0.3015128354910016,0.9519718057843033,0.007034276315522498,0.3947168665553363,0.3775776938716236,394.7025361433934,0.004102096627164996,4.101947698301099,0.5730985274024594,0.2741068835318037,286.5388603733289,0.06426618049225159,32.131923636691944,0.7337179292545923,0.14037584594382643,146.7425202987252,0.2406563354603464,48.13091759551774,0.79596174282678,0.07614220569868425,79.59559630935405,0.39425706472196903,39.42542018951026,0.8323971458934264,0.03981410884798316,41.61985729467133,0.4986326344576117,24.931631722880585,0.8463640504023076,0.016192838553768938,16.927256425021174,0.540109389243391,10.802172097147388,0.8811294974950661,0.00842895295964588,8.811243789567575,0.6444849589790337,6.444812151241733,0.5975184439274198,0.9062595677284372,0.30547550432276654,30.445725264169067,0.6829971181556196,13.661113884755883,0.7435158501440923,7.435796165120291
2019-11-14,317,6885750,7334,3038,0.0010650982100715246,0.2799547240743538,0.9438319433409142,0.009385576093869329,0.3444232342514317,0.36683125181527737,344.41072977734467,0.003620803159973667,3.6206717047325987,0.49904554131442597,0.26575660760964276,249.51371159641363,0.042791310072416065,21.394878255238087,0.6679847286610309,0.14229283452903077,133.59597564197892,0.22811059907834103,45.621788538838956,0.7372511589855467,0.07852391878939266,73.72458055686671,0.3716260697827518,37.16233712867906,0.7957458412871558,0.04237737356134045,39.78729206435778,0.5092165898617511,25.460829493087555,0.8223343332424325,0.017517311088391115,16.446662779777625,0.5730743910467413,11.46147117573107,0.8531497136623943,0.009086776757486025,8.531398017161084,0.6474654377880185,6.474579154944063,0.603065129599078,0.877777368788301,0.28865979381443296,28.769759450171822,0.6572164948453608,13.145457197927534,0.6881443298969072,6.882033474209121
2019-11-15,318,6885750,6880,2808,0.0009991649420905493,0.2559825408492247,0.9455086938735814,0.010508380254375503,0.34593023255813954,0.3456288120824862,345.91767337165396,0.0007122507122507123,0.7122248535986555,0.4991279069767442,0.2493465001452222,249.5548929324075,0.0405982905982906,20.29840832756168,0.6781976744186047,0.13552528391762758,135.63854996159944,0.24608262108262108,49.21616683957298,0.7611918604651163,0.07605506985390223,76.11863332071327,0.4237891737891738,42.378609652020145,0.823110465116279,0.0411211560106016,41.155523255813954,0.5701566951566952,28.50783475783476,0.8633720930232558,0.017252746933571116,17.267166017127515,0.6677350427350427,13.354487516483983,0.8924418604651163,0.008916953248443164,8.9244056439633,0.738960113960114,7.3895904078865,0.592946569288096,0.8546613900085931,0.2599009900990099,25.903465346534652,0.6534653465346535,13.07042779749673,0.6905940594059405,6.906532870268159
2019-11-16,319,6885750,7247,2875,0.0010524634208328794,0.27376065283822204,0.9528165690419762,0.011852362649325666,0.3477300952118118,0.36595991867557365,347.7174706803272,0.006608695652173913,6.608455719860082,0.514557748033669,0.2707667731629393,257.26953336645636,0.058782608695652175,29.390237280430362,0.6982199530840347,0.14696912486566557,139.64297661704938,0.27165217391304347,54.33004027191435,0.7783910583689803,0.08192221673589126,77.83854062221103,0.4448695652173913,44.48663348769427,0.8322064302469988,0.043793341320843775,41.61032151234994,0.577391304347826,28.8695652173913,0.8655995584379743,0.01822021098615113,17.31196602703052,0.6615652173913044,13.23128513236643,0.8981647578308265,0.009452800622731742,8.981595403335877,0.7436521739130435,7.4364785398940985,0.5573913719367448,0.8294444199283451,0.23628691983122363,23.549929676511955,0.5717299578059072,11.435579824999456,0.6265822784810127,6.266360162407451
2019-11-17,320,6885750,7178,2934,0.0010424427259194714,0.2332987313552142,0.9102188743694912,0.007279971601965803,0.3197269434382836,0.33328492593668313,319.71533557655556,0.0013633265167007499,1.3632770203851565,0.4784062412928392,0.2493465001452222,239.19443624616378,0.02931152010906612,14.655227969140434,0.6480913903594316,0.1351186499753115,129.61733687203971,0.18098159509202455,36.196056185335266,0.7279186402897743,0.07588079816433821,72.79133546393031,0.33844580777096117,33.84433502075134,0.7836444692114796,0.0408452238318266,39.18222346057398,0.4710293115201091,23.551465576005455,0.8247422680412371,0.01719490658983177,16.494821405814168,0.5712338104976141,11.424659618209018,0.844803566453051,0.00880658053722465,8.4480233956805,0.6203135650988412,6.203126642344993,0.4446559124812295,0.7452271592467403,0.16984126984126985,16.927513227513227,0.4587301587301587,9.175390018786244,0.4936507936507937,4.936931307686025
2019-11-18,321,6885750,7428,3430,0.0010787495915477617,0.25331205766491893,0.883757836162849,0.009190779438283942,0.3288906838987614,0.35477781004937553,328.8787433424189,0.004081632653061225,4.081484467153112,0.46620893914916534,0.2514522218995062,233.0960065891929,0.0521865889212828,26.09234712930025,0.6155088852988692,0.13279502744779112,123.10088317832898,0.19271137026239066,38.54199418467736,0.7015347334410339,0.07567748119318017,70.15296393725637,0.35714285714285715,35.71402638141434,0.7646742057081314,0.04124459935373779,38.233710285406566,0.4912536443148688,24.562682215743443,0.7967151319332256,0.017189047573404902,15.934233216016802,0.5603498542274052,11.206948257848367,0.809504577275175,0.008732413184157633,8.094939968068582,0.5880466472303207,5.8803896128376225,0.41387761920436067,0.7174164478546852,0.15987460815047022,15.934169278996865,0.4373040752351097,8.7468315974556,0.4717868338557994,4.718272958484113
2019-11-19,322,6885750,6622,3213,0.0009616962567621537,0.19216148282485315,0.8870683551923716,0.0077826088718623235,0.2872244035034733,0.2762126052860877,287.21397566425225,0.0006224712107065049,0.6224486115484048,0.4175475687103594,0.2007696776067383,208.76620470863762,0.03112356053532524,15.561215288710121,0.5868317728782845,0.11286996427430364,117.36550234095233,0.19016495487083723,38.03271480443427,0.6763817577771066,0.06504690812977432,67.63768463524517,0.3373793962029256,33.737694638303395,0.7372395046813651,0.03545002359946266,36.861975234068254,0.4590725178960473,22.953625894802364,0.7808819087888855,0.015019402360814203,15.617615494711023,0.548708372237784,10.974151507273913,0.7940199335548173,0.00763599344158494,7.940130148050967,0.575785869903517,5.7578085275198445,0.38522048168513534,0.7275775418427399,0.15577889447236182,15.525963149078727,0.440536013400335,8.81147590439332,0.490787269681742,4.908293612143048
2019-11-20,323,6885750,5899,2591,0.0008566968013651382,0.17929870016111832,0.9093170577821937,0.003767453219541325,0.2886929988133582,0.24731338948591344,288.6825176559804,0.0023157082207641835,2.315624147709407,0.38328530259365995,0.16417368573918095,191.63569360545264,0.014280200694712466,7.139841122104006,0.5468723512459739,0.0937000784222603,109.37367604612288,0.0995754534928599,19.914946088717652,0.6524834717748771,0.05589764442766273,65.24787338833337,0.23388653029718257,23.38848319721492,0.7070689947448721,0.030287187307119778,35.3534497372436,0.336163643380934,16.8081821690467,0.7652144431259535,0.013111116274746724,15.304266636520978,0.46622925511385566,9.324571560438446,0.7984404136294287,0.006840143947997479,7.984322968286767,0.5414897722886917,5.414842676016594,0.30583147232152497,0.7911606876185542,0.1286031042128603,12.817442719881745,0.4700665188470067,9.402136665994759,0.5942350332594235,5.942859968128763
2019-11-21,324,6885750,5148,2381,0.000747630977017754,0.142383386651544,0.9194084698276591,0.0047348075403452735,0.27195027195027194,0.20331106593087422,271.9403986467594,0.0020999580008399833,2.0998817607150615,0.4133644133644134,0.15451641010746442,206.67470297153713,0.020579588408231837,10.289420627503803,0.5977078477078477,0.08937233146475355,119.54070151193217,0.16589668206635869,33.17909548747943,0.664918414918415,0.04971099944813965,66.49135867327654,0.28013439731205375,28.013236316644026,0.7144522144522144,0.02670733035617035,35.722610722610725,0.3826123477530449,19.130617387652247,0.7845765345765345,0.011731287014258204,15.691280023004746,0.5342293154136917,10.684415624511182,0.8156565656565656,0.006098039158734908,8.156482738395278,0.6014279714405711,6.014218574326534,0.37128678125144243,0.8371201169074931,0.17792792792792791,17.733483483483486,0.5180180180180181,10.361248898984748,0.6036036036036037,6.036553706365027
2019-11-22,325,6885750,4518,2249,0.0006561376756344624,0.15552470395284212,0.9177103788822141,0.004559208077705149,0.3224878264718902,0.21158873075805984,322.47611837479207,0.011560693641618497,11.560273924306502,0.45993802567507747,0.1508858553586988,229.96066368662247,0.06002667852378835,30.01224961118034,0.5898627711376715,0.07740567544802347,117.97169759101985,0.18986216096042685,37.97215646208891,0.6336874723328907,0.041578320601818236,63.36828709251216,0.26856380613606046,26.856185600821668,0.6735281097830899,0.02209635842137748,33.6764054891545,0.34504224099599823,17.252112049799912,0.7445772465692785,0.00977086110796453,14.89148005182974,0.48777234326367275,9.755404362694813,0.7822045152722443,0.005132338525215118,7.822045152722444,0.5633614939973322,5.633614939973322,0.42088614149874704,0.8530908969383705,0.20454545454545456,20.386363636363637,0.4909090909090909,9.819023857788867,0.5931818181818181,5.932326914080773
2019-11-23,326,6885750,4350,2176,0.0006317394619322514,0.1398390838547804,0.9074007415625462,0.004097536006016994,0.3025287356321839,0.19111240197502177,302.51775216080597,0.0078125,7.812216362910253,0.4271264367816092,0.13491141446413013,213.5554648612377,0.03952205882352941,19.760311976772993,0.5673563218390805,0.07168375497400448,113.47044041660949,0.1640625,32.81226173792442,0.6314942528735632,0.03989369426936594,63.148966739146324,0.2688419117647059,26.8839959617448,0.6862068965517242,0.021675198780089316,34.310344827586206,0.37316176470588236,18.65808823529412,0.7337931034482759,0.009271307742355238,14.675840755614384,0.4678308823529412,9.356604058700173,0.7795402298850574,0.004924620342414327,7.795334373052747,0.5592830882352942,5.592782148819349,0.42483186266880363,0.8407547552852614,0.20935412026726058,20.865627319970304,0.5211581291759465,10.424056508268803,0.5968819599109132,5.969331504735127
2019-11-24,327,6885750,4025,2072,0.000584540536615474,0.118146206354134,0.8431494625483117,0.003327994073495872,0.2849689440993789,0.16656985187336626,284.9585981458464,0.003861003861003861,3.8608636851448352,0.40819875776397513,0.119300029044438,204.09196894229538,0.041023166023166024,20.510838327331935,0.5495652173913044,0.06424816288593918,109.9122453644362,0.15685328185328185,31.37042857826935,0.6171428571428571,0.03607423973975428,61.71383758708398,0.2625482625482625,26.25463561012081,0.6685714285714286,0.019540355081145846,33.42857142857143,0.3581081081081081,17.905405405405403,0.6986335403726708,0.00816758063017009,13.972650515327627,0.4155405405405405,8.310798741248684,0.7232298136645963,0.004227522317571012,7.2322141113576635,0.46332046332046334,4.633150804345853,0.4187874522002263,0.793312427902253,0.20179372197309417,20.112107623318387,0.547085201793722,10.942642432446986,0.5874439461883408,5.874943273158013
2019-11-25,328,6885750,3868,1965,0.0005617398250009077,0.11227934664086223,0.8573293352487851,0.003481628110159387,0.29808686659772493,0.16744118501307,298.0760443908342,0.0055979643765903305,5.597761139428822,0.4203722854188211,0.11806564042985768,210.17851178642516,0.03460559796437659,17.30217079459818,0.5682523267838676,0.0638415289436231,113.64964010433113,0.17709923664122137,35.41959013338436,0.6328852119958635,0.03555142467106218,63.28806164135637,0.2819338422391858,28.193179502722604,0.6809720785935884,0.019126317929652328,34.048356691857165,0.37201017811704834,18.600373841597676,0.7099276111685625,0.007975834325713789,14.198449123134365,0.42900763358778626,8.580090368518107,0.7236297828335057,0.004064916675743383,7.236297828335057,0.45597964376590333,4.559796437659033,0.39821771190716926,0.8144207995103957,0.1891891891891892,18.855855855855857,0.5405405405405406,10.811737981549303,0.5923423423423423,5.923931435723889
2019-11-26,329,6885750,3820,1776,0.0005547689068002759,0.12744854598099584,0.9086899665679593,0.003921676064727455,0.33272251308900525,0.18457740342724369,332.7104334160061,0.00563063063063063,5.630426207502884,0.4641361256544503,0.12873947139122857,232.05963746914978,0.037162162162162164,18.580406484759518,0.5921465968586388,0.06570042696563944,118.42845941849522,0.16047297297297297,32.09436154546018,0.6782722513089006,0.03762816230503355,67.82673261567663,0.31475225225225223,31.47499667353025,0.7413612565445026,0.020564208691863633,37.068062827225134,0.44425675675675674,22.212837837837835,0.7798429319371728,0.008652589386854105,15.59674538495567,0.527027027027027,10.540464002298503,0.7905759162303665,0.004385862998419927,7.905747680986916,0.5501126126126126,5.501118136991845,0.4188979135514096,0.8436085629620443,0.20448877805486285,20.380714879467998,0.571072319201995,11.422425924896165,0.6334164588528678,6.334707827344161
2019-11-27,330,6885750,3651,1474,0.0005302254656355517,0.18791551008564922,0.9302287448109074,0.004291965402464802,0.41029854834291973,0.21754284054603543,410.2836522294888,0.007462686567164179,7.462415630242629,0.5538208709942481,0.14681963404008133,276.90038211215835,0.06105834464043419,30.528063941901667,0.6713229252259655,0.07118998518690639,134.2636101070229,0.2062415196743555,41.24800441772034,0.7367844426184607,0.0390659037439368,73.67790925905582,0.3514246947082768,35.14221429009726,0.7923856477677349,0.021007152452528773,39.61928238838674,0.48575305291723203,24.287652645861602,0.8427827992330869,0.008937259104996093,16.855582547857257,0.6105834464043419,12.211615724227894,0.8660640920295809,0.004592045682286205,8.660552877787522,0.6682496607869742,6.682428674818551,0.49122372774707684,0.8558049826329539,0.24338624338624337,24.257495590828924,0.6164021164021164,12.329099621552452,0.6825396825396826,6.825982193906722
2019-11-28,331,6885750,4114,1794,0.0005974657807791454,0.17410660897289243,0.9447199456170348,0.0069851392516653505,0.3687408847836655,0.2203020621550973,368.72749744396236,0.008361204013377926,8.360900455288565,0.5068060281964025,0.151394133023526,253.3938141630394,0.052954292084726864,26.47618477508046,0.6519202722411278,0.07789944523512156,130.38310768783137,0.2246376811594203,44.92720999864877,0.7464754496840058,0.04459902988759476,74.6470029286596,0.42084726867335565,42.0844212766499,0.8291200777831794,0.02476854373161965,41.45600388915897,0.6092530657748049,30.46265328874025,0.8816237238697132,0.010534754232635954,17.632397656143173,0.729654403567447,14.593024492111422,0.8957219251336899,0.0053515931336954314,8.957154210098034,0.761984392419175,7.619788594063632,0.497324201860485,0.8731867483824032,0.2521246458923513,25.128423040604343,0.6657223796033994,13.315589482942093,0.7195467422096318,7.196084529079345
2019-11-29,332,6885750,4608,2012,0.000669208147260647,0.1862118505495061,0.9308903754833934,0.007345827174562197,0.3862847222222222,0.25849549811211153,386.27069794389587,0.01143141153081511,11.430996507160925,0.5310329861111112,0.17767934940458902,265.50685333390817,0.07554671968190854,37.7719884584448,0.6649305555555556,0.08899474280403148,132.98514545634978,0.24701789264413518,49.403219793614504,0.7398003472222222,0.04950768247698161,73.979497529487,0.40656063618290256,40.65576840158618,0.8012152777777778,0.026808794911266663,40.06047299484688,0.5457256461232605,27.28608417172471,0.8381076388888888,0.011217287751604752,16.76203106241589,0.6297216699801192,12.594341947386233,0.8665364583333334,0.005798907313332695,8.665326830030514,0.694831013916501,6.948279866733394,0.4958836984045318,0.8775799048160615,0.26956521739130435,26.866666666666667,0.6521739130434783,13.044596912521442,0.7014492753623188,7.015094339622642
2019-11-30,333,6885750,5679,2512,0.0008247467596122427,0.19838016308684622,0.9369947515807733,0.00691396899905383,0.3421377002993485,0.2821667150740633,342.12527880282295,0.004777070063694267,4.776896629550218,0.48705758055995774,0.2008422887017136,243.51994883391873,0.046974522292993634,23.486408428621907,0.6323296354992076,0.10430160620407215,126.46500879022535,0.1910828025477707,38.216283006863755,0.7136819862651875,0.058860263150251245,71.36768039916227,0.35589171974522293,35.58891355014187,0.7705581968656453,0.03177576879787968,38.52790984328227,0.4820859872611465,24.104299363057322,0.8105300228913541,0.013369543117720527,16.210482747463306,0.5720541401273885,11.440999725179838,0.8416974819510478,0.006941872708129107,8.416974819510477,0.642515923566879,6.42515923566879,0.5420666561160146,0.906538178738296,0.26246719160104987,26.15923009623797,0.6456692913385826,12.914493321267948,0.7007874015748031,7.008475034102727
2019-12-01,334,6885750,6793,2900,0.0009865301528519043,0.20761379754693637,0.928609288690279,0.00848646778977633,0.3200353304872663,0.31571304095265756,320.02371142937756,0.004482758620689655,4.482595871683676,0.4668040630060356,0.23024978216671507,233.39355771447936,0.04448275862068966,22.240571824892086,0.6371264537023407,0.12570797873885386,127.42436546460517,0.19482758620689655,38.965234300274126,0.7313410864124834,0.07214847947950856,73.13357759105345,0.37724137931034485,37.72386400398221,0.7881642867657883,0.038877391714773266,39.40821433828942,0.5058620689655172,25.293103448275865,0.8301192403945238,0.016378539147003126,16.602167809727185,0.603103448275862,12.061911310647698,0.861180627116149,0.00849576954244835,8.611768751201785,0.6758620689655173,6.758591243663478,0.4865268496349882,0.8685625235147246,0.21634615384615385,21.5625,0.5697115384615384,11.395207975986278,0.6730769230769231,6.731346483704974
2019-12-02,335,6885750,8105,3632,0.0011770685836691719,0.2418751142739802,0.9145967553904466,0.010992322868946233,0.31610117211597777,0.3720592506534999,316.08969588986264,0.0027533039647577094,2.7532040045498687,0.45441085749537324,0.26742666279407495,227.19717993020376,0.03441629955947136,17.207525028436677,0.6217149907464528,0.14635917395219147,124.3420952549417,0.19741189427312775,39.48209216042259,0.7217766810610734,0.08495744866246478,72.17714400093361,0.3862885462555066,38.628574129060596,0.7874151758173966,0.046342083287949754,39.370758790869836,0.5275330396475771,26.376651982378856,0.8304750154225786,0.0195503790409248,16.609379701548175,0.6233480176211453,12.466869825829395,0.846637877853177,0.00996547953242702,8.466354187589063,0.6594162995594713,6.59414384257916,0.4236861539261831,0.8063204455978047,0.18415841584158416,18.354455445544552,0.4910891089108911,9.822624526603603,0.5702970297029702,5.703459402544028
2019-12-03,336,6885750,9940,4398,0.0014435609773808227,0.2826304574109707,0.8990498130577669,0.01160659191708673,0.29748490945674044,0.4294220156839965,297.4741091042333,0.0006821282401091405,0.6821034750699265,0.45472837022132795,0.3282021492884113,227.35593052944446,0.028876762164620283,14.437856888980113,0.6144869215291751,0.17740857997618287,122.89649190855143,0.16552978626648476,33.10571686033424,0.7156941649899397,0.10331406662987598,71.56889681053003,0.3601637107776262,36.016109551352635,0.7877263581488934,0.056856551573902625,39.38631790744467,0.5206912232833106,26.034561164165535,0.8129778672032193,0.02347094667991101,16.259061478993686,0.577762619372442,11.554899988799798,0.8280684104627767,0.01195358564001278,8.280623975927364,0.611869031377899,6.1186458840082025,0.4271231259454901,0.8010661883824761,0.1833648393194707,18.27536231884058,0.497164461247637,9.94414199418301,0.5349716446124764,5.3501752554254605
2019-12-04,337,6885750,10483,4577,0.0015224194895254693,0.26897142995949175,0.8816613245804,0.009319927613290344,0.28760850901459506,0.43784490270113274,287.5980672302132,0.00021848372296263927,0.21847579079145998,0.43966421825813223,0.33466453674121405,219.8241280039888,0.01878960017478698,9.394459004032779,0.6062195936277783,0.1845827645299021,121.2430383346154,0.13895564780423858,27.790927760551742,0.6949346561098922,0.10579743820616341,69.49296099666982,0.30412934236399386,30.41271339833964,0.7616140417819327,0.057974803035253965,38.08070208909663,0.4542276600393271,22.711383001966354,0.7948106458074978,0.02420066920717539,15.89618983051683,0.5300415119073629,10.600814842852856,0.8123628732233139,0.012367498863601707,8.123581541547788,0.5702425169324885,5.702392043567816,0.4805919522925957,0.8057221992859708,0.18421052631578946,18.359649122807017,0.5140350877192983,10.281583461225964,0.5684210526315789,5.684698022930397
2019-12-05,338,6885750,9668,4216,0.001404059107577243,0.19803123419101867,0.869867959185006,0.00661984565697942,0.25062060405461317,0.35187336625036303,250.61150513637122,0.0,0.0,0.3847745138601572,0.2701132733081615,192.3802722053861,0.008301707779886147,4.1507031909200585,0.5687836160529582,0.1597200034854338,113.75589718657693,0.09487666034155598,18.975194282345377,0.6633223003723624,0.09313369543117721,66.3317483776612,0.23600569259962048,23.600397888667064,0.7390359950351676,0.05188213424729153,36.95153143290108,0.40180265654648956,20.08998694643317,0.7845469590401324,0.022030974068221954,15.690916393282924,0.5059297912713473,10.118581130468327,0.7999586263963592,0.011231859327279303,7.999563028838794,0.5412713472485768,5.412697751038574,0.47541975546143594,0.8080048059364996,0.18352059925093633,18.290886392009988,0.5374531835205992,10.749985545512363,0.6179775280898876,6.180305278778885
2019-12-06,339,6885750,9288,3828,0.0013488726718222416,0.22881940861041275,0.9167855826518388,0.0061443891136759255,0.269702842377261,0.36378158582631426,269.6930506679095,0.0,0.0,0.4158053402239449,0.2804240487946558,207.89512209170988,0.0028735632183908046,1.4367294460524602,0.6015288544358312,0.16227598826570624,120.30489730841803,0.09979101358411703,19.9580577939189,0.6784022394487511,0.09150715966191292,67.83973133527313,0.23014629049111807,23.014461932516433,0.7477390180878553,0.05043023635769524,37.38695090439276,0.3889759665621735,19.448798328108673,0.8027562446167097,0.021656287759085416,16.055101575917572,0.5222048066875653,10.444080966077538,0.8219207579672696,0.011086600085102798,8.21915983376363,0.5684430512016719,5.684397490791779,0.4951545440256104,0.8277570764409785,0.1931166347992352,19.247291268323774,0.5411089866156787,10.823107878088218,0.627151051625239,6.272048381648295
2019-12-07,340,6885750,7854,2778,0.0011406164905783684,0.24669607460625897,0.9443631976721742,0.00519398753153234,0.30201171377641967,0.3444670345628812,302.0007490758033,0.0,0.0,0.45976572447160685,0.26219866395585245,229.8745162126319,0.0017998560115190785,0.8998953333805907,0.6597911892029539,0.1505126492201342,131.9572796495466,0.12311015118790497,24.621851449130578,0.7298192004074358,0.08324377704841848,72.98139009563886,0.2498200143988481,24.98182003756816,0.7857142857142857,0.0448096081791513,39.28542901955577,0.39488840892728583,19.74427707580135,0.8470842882607589,0.019323938098336275,16.941661161270563,0.5676745860331174,11.35347523229836,0.8635090399796282,0.009849169166959538,8.634952456250527,0.6141108711303096,6.141010608530422,0.5756242729448956,0.8567103760549368,0.22090729783037474,22.017094017094017,0.6074950690335306,12.150943396226415,0.6844181459566075,6.844768439108062
2019-12-08,341,6885750,7245,2517,0.0010521729659078531,0.2626037332620086,0.9272932366658635,0.005377038356297968,0.3403726708074534,0.3581179204182399,340.36031339128994,0.0015891934843067143,1.5891357877672028,0.5037957211870255,0.26503049665988965,251.88871530377298,0.014700039729837107,7.349753018423312,0.670255348516218,0.14104388742048854,134.05009631547674,0.1394517282479142,27.890143128847047,0.7431331953071083,0.07818989805106161,74.31277991788785,0.2808899483512118,28.08879087193001,0.8104899930986887,0.04263878299386414,40.52449965493444,0.4584823202224871,22.924116011124354,0.8557625948930296,0.018008126893394795,17.115177330047374,0.5860150973381009,11.720250883693142,0.8634920634920635,0.00908537727697185,8.634870474107512,0.6082638061183949,6.082602726745569,0.5707166411981706,0.8351082784526039,0.21073558648111332,21.003313452617626,0.6182902584493042,12.36686570116181,0.6739562624254473,6.740140631340601
2019-12-09,342,6885750,5543,2127,0.0008049958247104528,0.18496213674290155,0.9226505136343662,0.003767707614307955,0.31986289013169766,0.25747894278245714,319.85127733435036,0.0,0.0,0.4797041313368212,0.19307290153935522,239.84335770785046,0.015044663845792195,7.522058820517254,0.6406278188706477,0.10313979494031195,128.12463341335973,0.13634226610249178,27.268255215522746,0.7120692765650369,0.05732086322576897,71.20641060018738,0.2642219087917254,26.42199901917894,0.7647483312285765,0.030780960679664526,38.23741656142883,0.3906911142454161,19.534555712270805,0.8093090384268447,0.01302978901384887,16.186157261791422,0.5058768218147626,10.117521742875155,0.8387154970232726,0.006751605121867271,8.387130609398803,0.5825105782792666,5.825088863535174,0.5708354529309111,0.8539133743726421,0.19887429643527205,19.821138211382113,0.5984990619136961,11.97100782328578,0.6716697936210131,6.717273982345313
2019-12-10,343,6885750,5022,2559,0.0007293323167410958,0.11777413976272098,0.8810005209056765,0.0039022733764887117,0.2536837913181999,0.18501306999709555,253.67458118926734,0.0,0.0,0.3771405814416567,0.13752541388324135,188.5634445731838,0.019538882375928098,9.769086503053071,0.5290720828355236,0.07717331319527143,105.81364821472326,0.1211410707307542,24.228038217325242,0.6156909597769813,0.04490400534433181,61.56864890476558,0.25400547088706527,25.40036264719582,0.679410593389088,0.024775805104745308,33.9705296694544,0.37319265338022667,18.659632669011334,0.7184388689765033,0.010479568037317486,14.368714777570466,0.44861273935130913,8.97221569666262,0.7387495021903624,0.00538789191104605,7.387430650435153,0.48847205939820243,4.884678030618289,0.4993860982855901,0.8344627344105979,0.1863468634686347,18.57257072570726,0.5461254612546126,10.923445975454609,0.6125461254612546,6.125986594342788
2019-12-11,344,6885750,6056,2980,0.0008794975129797044,0.13242924205115938,0.9120103072302093,0.0045452302916831906,0.2509907529722589,0.22073772872494918,250.98164061555795,0.0013422818791946308,1.342233146916124,0.3763210039630119,0.16548068544873656,188.15367071146596,0.02248322147651007,11.241202605422538,0.5361624834874504,0.09431002933573442,107.23171804797445,0.1110738255033557,22.214603792144167,0.6154227212681638,0.05412588225042842,61.54182524866042,0.22986577181208054,22.986410268306273,0.6818031704095112,0.02998220963584214,34.09015852047556,0.35503355704697986,17.751677852348994,0.743560105680317,0.013079128290476897,14.8711373226802,0.4798657718120805,9.597273622610754,0.7757595772787318,0.006822716829658632,7.757516910472577,0.5453020134228188,5.452964699812331,0.496337284885803,0.8495162759136751,0.17383512544802868,17.325567502986857,0.5376344086021505,10.753610357992585,0.6236559139784946,6.237094007635699
2019-12-12,345,6885750,7551,3674,0.0010966125694368805,0.1581896855350577,0.9417050383430443,0.006942826810718872,0.24963580982651304,0.2737438280569271,249.62674666176477,0.001633097441480675,1.6330381509839613,0.38180373460468814,0.20933778681382514,190.8949365055352,0.023952095808383235,11.975613107215716,0.5425771421003841,0.11899851869063871,108.51464045478288,0.12683723462166577,25.367262723173347,0.6281287246722288,0.06888088530018298,62.812416362830746,0.24795862819814915,24.795682769110424,0.7005694609985432,0.038412663834731145,35.02847304992716,0.3878606423516603,19.39303211758302,0.7767183154549067,0.01703510713383233,15.534298628894977,0.5432770821992379,10.865494304939752,0.8222751953383658,0.009017146956694748,8.222728070065006,0.6369080021774632,6.369061522521763,0.5219052648608767,0.8973439588499953,0.1687170474516696,16.815465729349736,0.5500878734622144,11.002701016197054,0.655536028119508,6.555922490481631
2019-12-13,346,6885750,9018,4785,0.001309661256943688,0.15212900706511853,0.9340956160676112,0.009696047310255893,0.2143490796185407,0.28071449317455704,214.34129755785165,0.003761755485893417,3.7616189133009867,0.33455311599024173,0.21906767354051698,167.270484928101,0.02361546499477534,11.807303811194764,0.500998003992016,0.13122658224171482,100.19887321699798,0.12998955067920584,25.99772135668598,0.6075626524728321,0.07956954892677684,60.75582407657503,0.26959247648902823,26.959051889167938,0.6891772011532491,0.045129433975964854,34.45886005766245,0.4158829676071055,20.794148380355274,0.7542692392991794,0.019756715308114136,15.08536287789387,0.5379310344827586,10.758605065206034,0.8189177201153249,0.010724970228586365,8.18911773691379,0.6597701149425287,6.597653241403347,0.5451026447344455,0.9125057401558784,0.16220735785953178,16.166666666666668,0.5618729096989966,11.238421955403089,0.6889632107023411,6.890222984562607
2019-12-14,347,6885750,9923,4804,0.001441092110518099,0.23241251016480838,0.9261434712798747,0.010754456039907302,0.2589942557694246,0.3732210281731049,258.9848528411727,0.00041631973355537054,0.41630461883951386,0.38990224730424267,0.280932326459483,194.94404584484383,0.025187343880099917,12.593214719895293,0.5614229567671067,0.16181126376020216,112.28377601902771,0.15716069941715238,31.431911644591967,0.6532298699989922,0.09413575764617038,65.32251266876123,0.29579517069109074,29.579302282758402,0.7284087473546307,0.05248520495225647,36.42043736773153,0.44171523730224815,22.085761865112403,0.7797037186334778,0.022472464913096013,15.594051725823931,0.5462114904246461,10.924213943534212,0.8237428197117808,0.01187084106666202,8.237392308250328,0.6371773522064946,6.3717457614908835,0.5677978894502163,0.8905363233425925,0.17073170731707318,17.016260162601625,0.5593495934959349,11.1879513031837,0.6829268292682927,6.829853993222608
2019-12-15,348,6885750,10923,5203,0.0015863195730312601,0.22895536467264843,0.9182764986351156,0.01133327229339755,0.24086789343586926,0.38207958176009293,240.85914859512587,0.0005765904285988853,0.5765694951676988,0.3664744117916323,0.29066221318617486,183.23055336873603,0.010186430905246973,5.093030540648006,0.5454545454545454,0.1730517877370821,109.09011694686562,0.13069383048241398,26.13857629452735,0.6542158747596815,0.10377879113538006,65.42111242886051,0.2890640015375745,28.906190255124365,0.7376178705483841,0.058504883273427004,36.88089352741921,0.45185469921199306,22.592734960599653,0.7997802801428179,0.025374105400130124,15.995582372877966,0.5810109552181434,11.620202228638032,0.8379566053282065,0.013292573121496412,8.379505206568153,0.6609648279838555,6.609600285064673,0.5812824181158529,0.8541100106668513,0.15592203898050974,15.540229885057471,0.5667166416791605,11.335304903294492,0.6851574212893553,6.852161826462412
2019-12-16,349,6885750,13307,6244,0.0019325418436626366,0.25078899678628647,0.8958378310269256,0.011733782365860645,0.23093108890057865,0.44626778971826897,230.9227048209642,0.00016015374759769378,0.16014793312820505,0.359059141805065,0.3469358117920418,179.52305298317066,0.007367072389493914,3.6834024619487167,0.5373863380175847,0.20770280867873014,107.47648717664133,0.11579115951313261,23.158063743284814,0.6452994664462313,0.1247059165238607,64.52947807200525,0.26425368353619477,26.425176470553215,0.7296159915833772,0.07050067167701413,36.48079957916886,0.42680973734785393,21.340486867392695,0.7923649207184189,0.030625433865153984,15.847229370781097,0.5581358103779629,11.16266757378266,0.8125798451942586,0.01570330868844769,8.12572764721415,0.6012171684817424,6.012119297327632,0.5938803864437227,0.837688274176703,0.16011644832605532,15.958272683163512,0.5735080058224163,11.471143835154711,0.6754002911208151,6.754582156740845
2019-12-17,350,6885750,14349,6722,0.0020838688596013506,0.2702670654949865,0.886595529145851,0.011263206839634865,0.2251724858875183,0.4692128957304676,225.16431087713897,0.0,0.0,0.3514530629312147,0.36617775196049956,175.7201516176744,0.00728949717346028,3.644616262137244,0.5380165865217088,0.22422957390571902,107.60253596217888,0.114400476048795,22.879929070056935,0.6383023207192139,0.13301286705974613,63.829768580155196,0.24888426063671526,24.888245340835663,0.7110600041814761,0.07408779000108921,35.55300020907381,0.38693841118714667,19.346920559357336,0.7778242386229005,0.03241743878706904,15.556371811837804,0.5269265099672716,10.538453675701126,0.8011011220294098,0.016693654378181343,8.010894880100507,0.576316572448676,5.763082028708831,0.567014777344901,0.8261387264078882,0.15602836879432624,15.55082742316785,0.550354609929078,11.008036203058284,0.6510638297872341,6.511196671654319
2019-12-18,351,6885750,13999,6304,0.002033039247721744,0.25208012609822045,0.8978199296968512,0.010454452770902877,0.212372312308022,0.4317455707232065,212.36460201495245,0.0,0.0,0.3405957568397743,0.3462097008422887,170.29169566217513,0.0034898477157360407,1.7448605074520362,0.5310379312808058,0.21592262336983356,106.2068150488486,0.08058375634517767,16.116634240140787,0.6443317379812844,0.1309942199889628,64.4327059282092,0.22906091370558376,22.90592504208986,0.7234802485891849,0.07354318701666485,36.174012429459246,0.38848350253807107,19.424175126903556,0.8052003714551039,0.03274003160144995,16.10398404169469,0.5677347715736041,11.354678941359978,0.8327023358811344,0.01692909154808896,8.326987079595225,0.6286484771573604,6.286457382585988,0.5841520939255065,0.846309064862953,0.16366366366366367,16.31181181181181,0.5570570570570571,11.142096642096641,0.6816816816816816,6.817401449476921
2019-12-19,352,6885750,11444,4541,0.0016619830810006171,0.23752324424684415,0.8842939746688799,0.005185485087005758,0.23680531282768263,0.3935521347661923,236.79671548115243,0.0,0.0,0.37548060118839566,0.31200987510891665,187.73348457979927,0.0017617264919621229,0.8808312657586543,0.5715658860538273,0.18998518690638705,114.31234714615996,0.0731116494164281,14.622223705863364,0.672579517651171,0.11178076621452845,67.25746338357999,0.19995595683770095,19.995450489343273,0.731649772806711,0.06079947718113495,36.58248864033555,0.3268002642589738,16.34001321294869,0.7746417336595596,0.02574879170926666,15.492812173373201,0.43316450121118694,8.663277442765738,0.7872247465921006,0.013083523096942095,7.872236033272372,0.4648755780665052,4.648749029404797,0.6122110839374512,0.848081985021832,0.16873065015479877,16.816821465428276,0.5959752321981424,11.920526899935743,0.6965944272445821,6.966541694767642
2019-12-20,353,6885750,9252,3054,0.0013436444831717677,0.2520876441485976,0.9191452399673508,0.005817872470443988,0.2624297449200173,0.3525994772001162,262.42021726445097,0.0,0.0,0.4132079550367488,0.2775922160906186,206.59647664785746,0.004256712508185986,2.1282789829539395,0.6424556852572417,0.17264515379476603,128.49020403613383,0.10609037328094302,21.21792058495029,0.7494595763078253,0.10069999128641552,74.9454134241716,0.2727570399476097,27.27550593713517,0.8119325551232166,0.05454743491994336,40.596627756160835,0.4381139489194499,21.905697445972493,0.853112840466926,0.022925573938098336,17.062232030291895,0.5576293385723641,11.152570574852032,0.8667315175097277,0.011645773306069338,8.66730258779366,0.5985592665356909,5.9855839726451885,0.6474486682906739,0.8791868703954292,0.1892361111111111,18.86053240740741,0.6545138888888888,13.091400443110347,0.7517361111111112,7.518005824757004
2019-12-21,354,6885750,7357,2729,0.0010684384417093272,0.16081404774891828,0.9154302222150547,0.005098775470701089,0.2400434959902134,0.2564623874528028,240.03478107967064,0.0,0.0,0.3778714149789316,0.201858844031368,188.92884807516546,0.0007328691828508611,0.3664212878169704,0.6025553894250374,0.1287577333062244,120.51020281545938,0.10736533528765116,21.472911134710387,0.7172760636128857,0.07663597548578234,71.72708552415737,0.2707951630633932,27.079319673295185,0.7840152235965747,0.0418836001887957,39.20076117982874,0.42359838768779773,21.179919384389883,0.8396085360880794,0.017941374663072777,16.792146334953564,0.5698057896665445,11.396099243065136,0.8522495582438494,0.00910570900361469,8.52244607470978,0.6035177720776841,6.035142662038653,0.5992821693931057,0.8766403187455819,0.1978021978021978,19.714285714285715,0.6391941391941391,12.784979171771626,0.7326007326007326,7.326635628522421
2019-12-22,355,6885750,7222,2625,0.0010488327342700506,0.1852131935958622,0.9334686200428127,0.005772826684226426,0.2623926890058156,0.2751960499564333,262.3831626955844,0.0,0.0,0.4145666020492938,0.21739761835608482,207.27577549091816,0.004952380952380952,2.4761005767395545,0.6117418997507615,0.12832205408231434,122.34749153936527,0.11161904761904762,22.323647423476054,0.7233453337025755,0.07586627552354121,72.33400812603487,0.2803809523809524,28.03789164450235,0.8026862364995846,0.042094180009439784,40.13431182497923,0.4636190476190476,23.18095238095238,0.8640265854333979,0.018124361000092945,17.280506612626695,0.6281904761904762,12.563791277734254,0.8816117418997508,0.009246565395451508,8.816053402344256,0.6761904761904762,6.761855661547781,0.5907403883594521,0.8594387612634642,0.1953405017921147,19.4689366786141,0.6057347670250897,12.115734336671647,0.7150537634408602,7.15115088806507
2019-12-23,356,6885750,7635,3094,0.001108811676287986,0.22306433276817192,0.9157595580265516,0.006436836173352395,0.2996725605762934,0.33226837060702874,299.6616807999146,0.001292824822236587,1.29277788552361,0.443614931237721,0.24593377868138253,221.7994127773844,0.01971557853910795,9.857431377117527,0.6163719711853307,0.13668709518138777,123.27349910219264,0.13800904977375567,27.60160952916547,0.7051735428945645,0.07818989805106161,70.5168422403533,0.28539107950872655,28.538900719265936,0.7739358218729535,0.04290745379951349,38.696791093647676,0.44440853264382674,22.220426632191337,0.8213490504256713,0.01821429608760057,16.426861726941144,0.5604395604395604,11.208709818166962,0.8371971185330713,0.009282885478645152,8.371922552007971,0.599224305106658,5.992208241738668,0.5291820835635961,0.8172624403317569,0.18466898954703834,18.405342624854818,0.573170731707317,11.464397774337948,0.6445993031358885,6.44654586094991
2019-12-24,357,6885750,7397,3227,0.0010742475402098536,0.18117413000144608,0.9008407467947338,0.0068039999889479685,0.2721373529809382,0.29233226837060705,272.12747288534644,0.0015494267121165168,1.5493704593314415,0.4203055292686224,0.2257478942782457,210.14513492313512,0.021382088627207932,10.690656169386946,0.6041638502095444,0.1298033634436086,120.83189263645099,0.165478772854044,33.095514251931036,0.6856833851561444,0.07365883412239682,68.5678406189393,0.2925317632475984,29.252963908073873,0.7494930377179938,0.04025705260864829,37.47465188589969,0.4282615432290053,21.413077161450268,0.8062728133026903,0.017322656256807508,16.125386010587036,0.5571738456770995,11.143428363587242,0.8185750980127079,0.008793522855171912,8.185750980127079,0.58537341183762,5.853734118376201,0.5363457475478519,0.8195067001202826,0.17708333333333334,17.649305555555554,0.5833333333333334,11.667667238421956,0.65625,6.563062821612349
2019-12-25,358,6885750,7647,3705,0.001110554405838144,0.18852485245779274,0.8875975204457572,0.004267939871731071,0.28612527788675296,0.3177461516119663,286.1148899518892,0.0008097165991902834,0.8096872019858399,0.39361841244932655,0.21855939587568982,196.80206095868067,0.010256410256410256,5.12801894591032,0.5271348241140317,0.11708153010543437,105.4261992838361,0.08340080971659919,16.68004082331967,0.6032431018700144,0.06699294199657266,60.32387215285735,0.1902834008097166,19.02820191009768,0.6616973976722897,0.036742548015829796,33.08486988361449,0.30337381916329287,15.168690958164643,0.7225055577350595,0.01604761130216563,14.450090169201905,0.42834008097165993,8.566789178102654,0.7540211847783445,0.008373766844472457,7.540168046204553,0.49338731443994605,4.93384448321087,0.48657527077333385,0.8392341275494357,0.1836734693877551,18.30612244897959,0.5269016697588126,10.538937171625237,0.6196660482374768,6.197191928385263
2019-12-26,359,6885750,8897,5020,0.0012920887339795955,0.1647079805567082,0.8502150072406076,0.004969856130330008,0.2460379903338204,0.31789137380191695,246.02905778987858,0.0,0.0,0.3373047094526245,0.21790589602091198,168.64623171023882,0.010159362549800797,5.0794968542906505,0.45756996740474315,0.11824334136919458,91.51332896852104,0.07370517928286853,14.740928817189346,0.5246712374957851,0.0677916872404078,52.46674276898258,0.16334661354581673,16.334542743371976,0.594132853770934,0.03838361834222852,29.706642688546705,0.2818725099601594,14.093625498007968,0.6650556367314825,0.01718609311917279,13.301016150988428,0.40717131474103585,8.143367162793249,0.6924806114420591,0.008947360013244591,6.924725661593677,0.45577689243027886,4.557715971860753,0.4019069014331787,0.8047895994556014,0.17058823529411765,17.001960784313724,0.5,10.000857632933105,0.5745098039215686,5.74559075774392
2019-12-27,360,6885750,13585,8879,0.0019729150782412954,0.14540405009844654,0.7945312124253242,0.006672194435829642,0.18417372101582627,0.36334591925646237,184.16703448805197,0.0010136276607726096,1.0135908604654364,0.26691203533308794,0.26328783038048215,133.4511724727571,0.015204414911589142,7.601931453490774,0.3701140964298859,0.1460396758546574,74.02228178256955,0.07016555918459286,14.033009937997337,0.43297754876702244,0.08542217316796887,43.29744047783155,0.1381912377519991,13.819023430114552,0.4914243651085756,0.04847692698689322,24.571218255428782,0.2223223335961257,11.116116679806284,0.5642988590357011,0.022266242215819312,11.285960790399546,0.3333708750985471,6.667407819063752,0.6105999263894001,0.012046495551728044,6.105937191410481,0.4042121860569884,4.042080769090548,0.4434839473229656,0.821876495765034,0.1660839160839161,16.553030303030305,0.493006993006993,9.860985498206768,0.5734265734265734,5.734757523779823
2019-12-28,361,6885750,16730,11478,0.0024296554478451873,0.1390336844542354,0.7563501218364761,0.006708278995848353,0.14847579199043634,0.36073191983735114,148.47040149551947,8.712319219376198e-05,0.08712002913857052,0.22857142857142856,0.27766482718559393,114.28156508028712,0.004966021955044433,2.482920830449259,0.32630005977286314,0.15855819222167358,65.25953808071661,0.046785154208050184,9.356962897211117,0.3799163179916318,0.09230590490574807,37.99135592975223,0.10158564209792646,10.15849044520313,0.43693962940824865,0.05308063754856043,21.846981470412434,0.18173897891618748,9.086948945809374,0.5295277943813509,0.025731065490920496,10.59041746587602,0.3159958180867747,6.319833758527671,0.5846981470412432,0.014206150383037432,5.846981470412433,0.396410524481617,3.96410524481617,0.4343762146994257,0.7877497756929064,0.16751269035532995,16.695431472081218,0.4720812182741117,9.442434110282019,0.5549915397631133,5.55039137665323
2019-12-29,362,6885750,16119,10509,0.002340921468249646,0.13996805960501169,0.7648650412438526,0.005947684090312706,0.1492028041441777,0.3492593668312518,149.19738725468653,0.00028546959748786756,0.2854592333578397,0.24492834543085798,0.28666860296253266,122.45972658659095,0.0027595394423827195,1.3797196278962252,0.35597741795396737,0.16666182578640099,71.1949666175762,0.038633552193358074,7.726654332551494,0.4102611824554873,0.0960382235905777,41.02582034175944,0.09896279379579408,9.896207519524081,0.46466902413301076,0.054387684711178885,23.23345120665054,0.1795603768198687,8.978018840993434,0.5466840374713071,0.025594702140637252,10.933601356467086,0.30526215624702635,6.105198792814086,0.6107078602890998,0.014296066838904936,6.107025388422959,0.4034636977828528,4.034601821729439,0.4916287098267255,0.7897211259365086,0.1903114186851211,18.967704728950405,0.5051903114186851,10.104672764070818,0.5882352941176471,5.88285743113712
2019-12-30,363,6885750,13311,6749,0.0019331227535126893,0.15402275251121475,0.8681044130469106,0.00733030813306571,0.14454210803095185,0.27940749346500143,144.53686035058473,0.0,0.0,0.27984373826158815,0.27047632878303807,139.9167891907298,0.0,0.0,0.46705732101269626,0.1805745156699294,93.41078591196877,0.03689435471921766,7.378817363497429,0.5663736759071445,0.10948618896860204,56.63695632864184,0.15291154245073343,15.291043211103107,0.6436030350837653,0.062208183567512614,32.180151754188266,0.2982664098384946,14.913320491924729,0.7288708586883029,0.028179732202503704,14.577311322469377,0.4658467921173507,9.316868189090732,0.7748478701825557,0.014978651718028407,7.748422437639102,0.5563787227737442,5.563746827295753,0.5878955758300616,0.8500441165004595,0.20292504570383912,20.22486288848263,0.5850091407678245,11.701186261567068,0.6727605118829981,6.728182100401065
2019-12-31,364,6885750,10823,2884,0.001571796826779944,0.23222823147401148,0.9569116899778233,0.0052519793103557475,0.21241799870645847,0.33386581469648563,212.4102867547192,0.0,0.0,0.3846438140996027,0.3022799883822248,192.31492469767204,0.0,0.0,0.6534232652684099,0.20540823143280373,130.683704110545,0.02912621359223301,5.825200419492823,0.7803751270442576,0.12265822417148334,78.03694604904291,0.2045769764216366,20.457549092266465,0.8486556407650374,0.0666957121591693,42.432782038251865,0.43828016643550627,21.91400832177531,0.895500323385383,0.028150686920909697,17.909876417412356,0.6119972260748959,12.239855643339087,0.917028550309526,0.014413762856205107,9.170245549950504,0.6924410540915396,6.924380372609665,0.631101491119982,0.8938809190665826,0.22699386503067484,22.623721881390594,0.656441717791411,13.129960327899905,0.7443762781186094,7.444401182796831
