date,day,n_land,n_fire,n_new,base_rate,auc_pr,roc_auc,auc_pr_new,tpr_0.001,prec_0.001,lift_0.001,tpr_new_0.001,lift_new_0.001,tpr_0.002,prec_0.002,lift_0.002,tpr_new_0.002,lift_new_0.002,tpr_0.005,prec_0.005,lift_0.005,tpr_new_0.005,lift_new_0.005,tpr_0.01,prec_0.01,lift_0.01,tpr_new_0.01,lift_new_0.01,tpr_0.02,prec_0.02,lift_0.02,tpr_new_0.02,lift_new_0.02,tpr_0.05,prec_0.05,lift_0.05,tpr_new_0.05,lift_new_0.05,tpr_0.1,prec_0.1,lift_0.1,tpr_new_0.1,lift_new_0.1,cell_auc_pr,cell_roc_auc,cell_tpr_0.01,cell_lift_0.01,cell_tpr_0.05,cell_lift_0.05,cell_tpr_0.1,cell_lift_0.1
2019-01-14,13,6885750,2836,2109,0.0004118650836873253,0.07527598134952126,0.8108071937181818,0.003126490905517578,0.2358956276445698,0.09715364507696776,235.88706332465824,0.0388809862494073,38.87957465391466,0.30007052186177713,0.06179204182399071,150.02981381859803,0.08345187292555714,41.72442157981085,0.37270803949224257,0.030700862644863342,74.54106662795056,0.16121384542437173,32.24253495979749,0.40867418899858954,0.016831740683725928,40.867122148436465,0.206733048838312,20.673154768340744,0.4368829337094499,0.008996841302690338,21.844146685472495,0.24419155998103367,12.209577999051685,0.47990126939351196,0.003953051343195146,9.597927816081091,0.301090564248459,6.021750068325418,0.5610014104372355,0.0023105689285843954,5.610014104372356,0.41014698909435754,4.101469890943576,0.28890555736001455,0.7510414430411106,0.19106699751861042,19.043010752688172,0.37965260545905705,7.593703314336303,0.45905707196029777,4.590964422066064
2019-01-15,14,6885750,2575,1958,0.0003739607159713902,0.07311708772953421,0.8307927947706734,0.0034654168381048835,0.23495145631067962,0.0878594249201278,234.94292626942524,0.055669050051072526,55.6670289557323,0.287378640776699,0.05373221028173105,143.6841036689047,0.09244126659856997,46.218955233887826,0.36349514563106794,0.027186383571988732,72.69850123527046,0.17415730337078653,34.8312077517614,0.403495145631068,0.015089023788085626,40.34922157235363,0.2216547497446374,22.165314023848165,0.43106796116504853,0.008060124169480449,21.553398058252426,0.2553626149131767,12.768130745658835,0.46446601941747573,0.0034738358583511477,9.28930689772482,0.29877425944841673,5.975476510935425,0.5646601941747573,0.0021115950384777925,5.646569140271247,0.4305413687436159,4.305388677009251,0.2551570890109859,0.7630445109395744,0.1693121693121693,16.87477954144621,0.3835978835978836,7.672615644313757,0.4708994708994709,4.709398567889134
2019-01-16,15,6885750,2347,1515,0.0003408488545183894,0.1274977315290496,0.87935741137704,0.0039038670469244844,0.34469535577332766,0.11748475167005519,344.68284141971986,0.066006600660066,66.00420425429125,0.40605027694929696,0.06919837351147255,203.0177675358424,0.11617161716171617,58.08369974377629,0.49126544524925436,0.03348920967788783,98.25237560269115,0.21782178217821782,43.564040100893536,0.5381337878142309,0.018342095326614193,53.81298802523804,0.2864686468646865,28.646656672405747,0.565828717511717,0.009643103510873906,28.291435875585854,0.3287128712871287,16.435643564356436,0.6075841499786963,0.004141869185480803,12.151630057061968,0.3933993399339934,7.867952519396481,0.6663826161056668,0.0022713575137058416,6.663826161056668,0.48316831683168315,4.831683168316832,0.3047451119084857,0.792315030213623,0.1977077363896848,19.70487106017192,0.4183381088825215,8.36747973872913,0.498567335243553,4.986100940201605
2019-01-17,16,6885750,2141,1120,0.0003109319972406782,0.19214333408898,0.8680067801273886,0.003718611257675537,0.46286781877627275,0.14391519024106883,462.8510141066977,0.08482142857142858,84.81834908302561,0.539000467071462,0.08379320360151031,269.49044918220443,0.15267857142857144,76.33651417472304,0.608127043437646,0.03781695663539458,121.62452552646813,0.25357142857142856,50.71391746160837,0.6366184026156002,0.019794359406314445,63.66137799254073,0.30625,30.624777622062798,0.6506305464736105,0.01011509276404168,32.53152732368052,0.33214285714285713,16.607142857142858,0.6819243344231667,0.004240623429734903,13.638427268237791,0.3919642857142857,7.839251560047353,0.7034096216721158,0.0021871255854482084,7.034096216721159,0.4330357142857143,4.330357142857143,0.34566998342489763,0.7945069798745874,0.2356687898089172,23.48832271762208,0.46496815286624205,9.300160601326326,0.5477707006369427,5.478176792562082
2019-01-18,17,6885750,2040,1014,0.00029626402352684895,0.17987918245735374,0.8828937035307084,0.0025520623717757217,0.44019607843137254,0.13040952657566077,440.18009687174316,0.054240631163708086,54.23866192789761,0.5323529411764706,0.07885564914318909,266.16680690574225,0.1232741617357002,61.634843099883646,0.6102941176470589,0.03616137558453629,122.05793722118663,0.22781065088757396,45.56179933628954,0.6367647058823529,0.018864910395306283,63.676008212980506,0.27613412228796846,27.613211718963356,0.6534313725490196,0.009679340091202185,32.67133138872325,0.3076923076923077,15.384503671993869,0.6926470588235294,0.004104122130309508,13.85292105822485,0.38560157790927024,7.7120203582139295,0.7382352941176471,0.0021871255854482084,7.382352941176471,0.47633136094674555,4.763313609467456,0.3591102861934781,0.8050526615889512,0.2693726937269373,26.847478474784747,0.5092250922509225,10.185375301437405,0.5867158671586716,5.867661858436766
2019-01-19,18,6885750,2482,1344,0.0003604545619576662,0.17095928611586275,0.8469872148440076,0.00429906457608836,0.41136180499597097,0.14827185593958758,411.34687028042515,0.06101190476190476,61.009689691299116,0.5088638195004029,0.09170781295381934,254.42267246041965,0.14508928571428573,72.54200908416664,0.5906526994359388,0.04258038281681141,118.12968210348879,0.25297619047619047,50.59487070700364,0.6333601933924254,0.022829591332887974,63.335559436113364,0.32589285714285715,32.589049073040584,0.6655922643029815,0.011995788403587119,33.27961321514908,0.38392857142857145,19.19642857142857,0.6950040290088638,0.005010325627597745,13.900020020238184,0.4375,8.749961877957181,0.7252215954875101,0.002614067750827062,7.252142230160129,0.49330357142857145,4.932985565937369,0.35969583130862465,0.798194742220834,0.2655172413793103,26.4632183908046,0.49310344827586206,9.86291476903058,0.5586206896551724,5.586685988052286
2019-01-20,19,6885750,2572,1481,0.0003735250335838507,0.18663985533360705,0.7907221650204348,0.004204026675062964,0.4094090202177294,0.15291896601800756,409.394156399104,0.07359891964888589,73.59624759981354,0.48367029548989116,0.09032820214928841,241.82636778750495,0.14044564483457123,70.22027293927164,0.5548211508553654,0.041447616834645214,110.96342442424506,0.23700202565833897,47.40006094213911,0.5894245723172629,0.02201632344825583,58.94202923165925,0.2910195813639433,29.101746817752076,0.609253499222395,0.01137848906445148,30.462453761876663,0.32545577312626606,16.272670494381092,0.6310264385692068,0.004714076587043405,12.620510442937064,0.36191762322754895,7.238341952490634,0.6500777604976672,0.0024281925940125883,6.500749282356991,0.3950033760972316,3.9500165514458967,0.36265512798431726,0.7936315632672171,0.26490066225165565,26.401766004415013,0.4867549668874172,9.735934251928255,0.5463576158940397,5.46404473322504
2019-01-21,20,6885750,2414,1502,0.00035057909450677123,0.16476385065332194,0.8616916634204148,0.0049498915483519425,0.3844241922120961,0.1347661922741795,384.41023548133035,0.08388814913448735,83.88510352930528,0.4515327257663629,0.07914609352309032,225.75816631177264,0.1484687083888149,74.23165907553603,0.5269262634631318,0.03694559818757443,105.38448745654128,0.2496671105193076,49.933059521285024,0.5642087821043911,0.019779836765517443,56.42046852036526,0.303595206391478,30.359300188941294,0.5874067937033969,0.01029647755905226,29.369913153373695,0.3395472703062583,16.97711696095121,0.6184755592377796,0.004336473137393294,12.36945729320873,0.38948069241011984,7.789579910374664,0.65990057995029,0.002313453319217347,6.598948298591901,0.4560585885486019,4.560546146493346,0.37061142133462976,0.7971335895623806,0.24203821656050956,24.123142250530787,0.46178343949044587,9.236460871180256,0.5382165605095541,5.382627197342976
2019-01-22,21,6885750,1942,1061,0.0002820317322005591,0.13663376373856603,0.9026416776215719,0.004959021516326004,0.43202883625128735,0.12184141736857391,432.0131512078568,0.07917059377945335,79.16771944770127,0.5185375901132853,0.07311937264013942,259.25938216109165,0.16305372290292178,81.52390157412094,0.6143151390319258,0.03465102094164803,122.86213565857514,0.29783223374175305,59.56601421729578,0.6714727085478888,0.018937523599291295,67.14678327694132,0.4005655042412818,40.05625956068149,0.7260556127703398,0.010238536107177867,36.30278063851699,0.49952874646559847,24.976437323279924,0.7718846549948507,0.004353887710941358,15.437581001861203,0.5824693685202639,11.649302780471137,0.811534500514933,0.002288774837418564,8.1153096481745,0.6550424128180962,6.550395589261065,0.3756804500434737,0.8090136505844073,0.2711864406779661,27.028248587570623,0.5152542372881356,10.305968543768351,0.5864406779661017,5.864909730499753
2019-01-23,22,6885750,1512,845,0.0002195839233198998,0.12282607884956497,0.8890901125384358,0.0021923913126634708,0.3776455026455027,0.08292187046180656,377.63179201877284,0.029585798816568046,29.584724687944153,0.46296296296296297,0.050827766482718556,231.47307741956303,0.10650887573964497,53.252504438299475,0.5648148148148148,0.024804670481280315,112.96214270269573,0.22840236686390533,45.68014167222795,0.6164021164021164,0.013535101222806356,61.639764050885496,0.31597633136094677,31.59740369555664,0.6408730158730159,0.007036270558762662,32.04365079365079,0.357396449704142,17.8698224852071,0.6845238095238095,0.0030062041081884935,13.69045630817389,0.43550295857988164,8.710046522218086,0.746031746031746,0.0016381443658290056,7.460219951724256,0.5455621301775148,5.4555499951637305,0.33201031418512456,0.7829567212365808,0.27530364372469635,27.438596491228072,0.4939271255060729,9.879389726460232,0.5425101214574899,5.4255664891216036
2019-01-24,23,6885750,1148,649,0.0001667211269651091,0.134182494028066,0.8988637710308525,0.0015634857580122214,0.42770034843205573,0.07130409526575661,427.6848205367453,0.04930662557781202,49.30483547377565,0.49477351916376305,0.04124310194597734,247.3777780701337,0.12942989214175654,64.71259655933054,0.5357142857142857,0.01786284818031311,107.14207914424303,0.18952234206471494,37.90419317645331,0.5670731707317073,0.009454239158848646,56.706905303172526,0.23882896764252695,23.882723342887246,0.617595818815331,0.005148313546091566,30.87979094076655,0.3266563944530046,16.332819722650232,0.6994773519163763,0.0023323496607491404,13.989526721692851,0.4699537750385208,9.39906185075139,0.7778745644599303,0.0012968812402425298,7.778745644599303,0.6086286594761171,6.086286594761171,0.30194271359796215,0.7658385609413725,0.28846153846153844,28.749999999999996,0.4519230769230769,9.039236706689538,0.5096153846153846,5.096590909090909
2019-01-25,24,6885750,878,388,0.00012750971208655556,0.13086930510004352,0.930440172106392,0.0023547428415091813,0.5683371298405467,0.07246587278536161,568.3164960498904,0.12371134020618557,123.70684879824894,0.642369020501139,0.0409526575660761,321.1728494710803,0.22164948453608246,110.82071871509801,0.7050113895216401,0.01797902930668913,141.00125404161125,0.33762886597938147,67.52528286960195,0.7289293849658315,0.009294355131500603,72.89135062269963,0.3917525773195876,39.174404352057834,0.7494305239179955,0.004777983516683005,37.47152619589978,0.4329896907216495,21.649484536082475,0.7835990888382688,0.00199832117784768,15.671913496998478,0.5103092783505154,10.206141100651086,0.8314350797266514,0.001060160476346077,8.314350797266515,0.6185567010309279,6.185567010309279,0.29106450017759644,0.8116705488286138,0.30939226519337015,30.83609576427256,0.5082872928176796,10.16661770419719,0.5911602209944752,5.912109208419018
2019-01-26,25,6885750,927,419,0.00013462585774970046,0.23419631054392104,0.9196719912917736,0.002147514402822692,0.5609492988133765,0.07551553877432472,560.9289332419703,0.10978520286396182,109.7812170520658,0.6213592233009708,0.04182399070577984,310.66833225709127,0.2052505966587112,102.62157246171368,0.6828478964401294,0.0183856632490052,136.568587612554,0.31742243436754175,63.48402589230883,0.7044228694714132,0.009483284440442651,70.4417754431262,0.3532219570405728,35.321939218277095,0.7227615965480043,0.004865119994190902,36.13807982740022,0.3914081145584726,19.570405727923628,0.7680690399137001,0.0020680300561446924,15.36131387173497,0.4916467780429594,9.83289272067742,0.8090614886731392,0.0010892043870248164,8.090603136953755,0.5823389021479713,5.823380564331887,0.29098205317349346,0.8405317585318746,0.3333333333333333,33.22222222222222,0.5185185185185185,10.371259767486183,0.6049382716049383,6.049901531033606
2019-01-27,26,6885750,1055,553,0.0001532149729513851,0.21373803147148038,0.9083788955479304,0.002762742676256868,0.4947867298578199,0.07580598315422597,494.76876635470285,0.10307414104882459,103.07039888570199,0.566824644549763,0.04342143479523671,283.4020328353566,0.20433996383363473,102.16627257968707,0.6265402843601896,0.01919893113363734,125.30714697008844,0.30018083182640143,60.03573042344082,0.6720379146919432,0.01029640279411551,67.20232752566908,0.38155515370705245,38.15468420450974,0.6900473933649289,0.005286279635479069,34.502369668246445,0.4141048824593128,20.70524412296564,0.7355450236966825,0.002253920398270058,14.710836381410475,0.49909584086799275,9.98187332809582,0.7791469194312797,0.0011937645408363323,7.791435248401682,0.5804701627486437,5.804676337533982,0.3529005950725044,0.8371725265568581,0.3253012048192771,32.42168674698795,0.5783132530120482,11.567257021223831,0.6385542168674698,6.386089813800657
2019-01-28,27,6885750,1025,578,0.00014885814907599027,0.17251491932523175,0.8358497525053034,0.002394234910766705,0.49073170731707316,0.0730467615451641,490.7138910337694,0.11245674740484429,112.45266460106107,0.5297560975609756,0.03942782457159454,264.86843223790936,0.17647058823529413,88.23209068698638,0.5785365853658536,0.017223851985245,115.70647688526903,0.25951557093425603,51.90273730170942,0.6136585365853658,0.009134741061314589,61.365408061411635,0.31833910034602075,31.833678878381775,0.6458536585365854,0.004807029009185637,32.292682926829265,0.3754325259515571,18.771626297577853,0.671219512195122,0.0019983037654084323,13.424214783084013,0.4204152249134948,8.408194599200959,0.6965853658536585,0.0010369225764476253,6.965843542218767,0.46366782006920415,4.636671466971725,0.3312104802006324,0.772087535255347,0.345679012345679,34.452674897119344,0.47530864197530864,9.506988120195667,0.5617283950617284,5.617765707388349
2019-01-29,28,6885750,940,493,0.00013651381476237156,0.1581805072639453,0.7890227887436565,0.0008126157553046149,0.5127659574468085,0.06999709555620098,512.7473411979904,0.09330628803245436,93.3029004965833,0.5393617021276595,0.0368138251524833,269.671060152885,0.12373225152129817,61.86387967708241,0.551063829787234,0.015045455865694618,110.21196566724119,0.1440162271805274,28.80303628651185,0.5617021276595745,0.007667842983487997,56.168989173991996,0.1643002028397566,16.429662378249088,0.5712765957446808,0.0038993290539951785,28.56362237611415,0.18255578093306288,9.127722766852347,0.5904255319148937,0.0016120131284672805,11.8084248929187,0.21906693711967545,4.381306928089127,0.6148936170212767,0.0008394122952117192,6.148918310376698,0.2657200811359026,2.6571930934108194,0.27983239177088726,0.7350799136326055,0.3219178082191781,32.08447488584475,0.4315068493150685,8.630877135271035,0.4520547945205479,4.520935642284828
2019-01-30,29,6885750,987,382,0.00014333950550049013,0.2534108027712895,0.8756801967679986,0.0027892334973894234,0.6778115501519757,0.09715364507696776,677.786941832554,0.19895287958115182,198.9456564879344,0.7142857142857143,0.05119082195759512,357.1298908758973,0.2617801047120419,130.88530032100948,0.7406281661600811,0.021232100845217695,148.1245576443341,0.3298429319371728,65.96810736839257,0.7446808510638298,0.010674140985796858,74.46754436975756,0.3403141361256545,34.03116649956759,0.7487335359675785,0.005366154739861307,37.436676798378926,0.3507853403141361,17.539267015706805,0.7548125633232016,0.002163867193740179,15.096097800705612,0.36649214659685864,7.329768418080402,0.7659574468085106,0.0010979116442533911,7.659518849460778,0.39528795811518325,3.952850878026697,0.34319694402280726,0.7954302485136847,0.391304347826087,39.0,0.5217391304347826,10.435677530017154,0.5652173913043478,5.652658662092625
2019-01-31,30,6885750,981,392,0.00014246814072541117,0.17068799452067185,0.9219432684307584,0.0037342517644303594,0.636085626911315,0.09061864652918966,636.062533474381,0.18112244897959184,181.11587322991932,0.7084607543323139,0.050464711007842,354.2175166383772,0.29081632653061223,145.40288414232958,0.7655453618756372,0.021813006477097795,153.10796060109698,0.42346938775510207,84.69326256163973,0.7849133537206932,0.011182433413691946,78.49076542133467,0.46683673469387754,46.68333448427731,0.7951070336391437,0.005663788784245953,39.75477433345726,0.4923469387755102,24.616989432484512,0.8063200815494393,0.002297495120364346,16.126378211058917,0.5204081632653061,10.40814814981667,0.8267074413863404,0.0011777844581828427,8.267002378116727,0.5714285714285714,5.714235922446721,0.21417227209432135,0.8198447525578774,0.3125,31.145833333333332,0.46875,9.375804030874786,0.5546875,5.547350718267581
2019-02-01,31,6885750,921,363,0.0001337544929746215,0.25289372439410845,0.9189997782231387,0.003347781744530253,0.6590662323561346,0.08814986930002905,659.0423045957384,0.18181818181818182,181.8115808095477,0.7057546145494028,0.04719721173395295,352.86449587086486,0.26721763085399447,133.603964685804,0.755700325732899,0.02021551598942752,151.13896767014174,0.38016528925619836,76.03250575084573,0.7839305103148752,0.010485346655435825,78.39248179442696,0.45179063360881544,45.17873530122718,0.8034744842562432,0.005373377094890935,40.17343249852905,0.5013774104683195,25.068688490315083,0.8154180238870793,0.002181306983377337,16.30828942539685,0.5316804407713499,10.633562486868074,0.8338762214983714,0.001115345292313412,8.33875010482853,0.5785123966942148,5.785115565365611,0.28764315083479874,0.7989576179429799,0.33858267716535434,33.74540682414698,0.5118110236220472,10.237098364419714,0.5826771653543307,5.827271376669683
2019-02-02,32,6885750,722,397,0.00010485422793450242,0.12919272386138028,0.8720966218252558,0.0041193784028538075,0.5484764542936288,0.05750798722044728,548.4565415556715,0.20654911838790932,206.54161950908315,0.6135734072022161,0.032166715074063316,306.77556554187186,0.3022670025188917,151.1280142749389,0.6578947368421053,0.0137965087571524,131.5779919315265,0.380352644836272,76.0699765947707,0.6800554016620498,0.007130616631328241,68.00504635618897,0.42065491183879095,42.06518573286989,0.685595567867036,0.0035943796972007407,34.2797783933518,0.4282115869017632,21.410579345088163,0.7049861495844876,0.0014784134213216842,14.099702515049566,0.4634760705289673,9.269507948708164,0.7174515235457064,0.0007522771633051399,7.174504816105771,0.48614609571788414,4.861453897012706,0.2935514373239128,0.7492127299953086,0.31851851851851853,31.74567901234568,0.4740740740740741,9.482294644558795,0.5111111111111111,5.111549456832475
2019-02-03,33,6885750,476,343,6.912827215626475e-05,0.01744251589370415,0.7298235146121852,0.0011836577285144524,0.33403361344537813,0.023090328202149287,334.0214861721627,0.09329446064139942,93.29107353492826,0.4117647058823529,0.014231774615161197,205.8748782696349,0.1924198250728863,96.20641958289477,0.46218487394957986,0.0063899619506811115,92.43630357542534,0.2536443148688047,50.72849461523343,0.4789915966386555,0.003311162101716576,47.89881185272041,0.27696793002915454,27.696591887627445,0.4894957983193277,0.0016918876528507945,24.47461219667512,0.2915451895043732,14.577153625067076,0.5063025210084033,0.0006999953527279487,10.126035714383345,0.31486880466472306,6.297366947788237,0.523109243697479,0.0003616127055310769,5.231039258635741,0.33819241982507287,3.381889818221353,0.14679644411298676,0.7128182176259099,0.2564102564102564,25.555555555555554,0.41025641025641024,8.205831903945112,0.452991452991453,4.53030303030303
2019-02-04,34,6885750,454,339,6.59332679809752e-05,0.02036077273084434,0.6992385955296353,0.0003763831726507639,0.28634361233480177,0.01887888469358118,286.3332164731864,0.061946902654867256,61.94465363865121,0.31938325991189426,0.010528608771420273,159.6858322638924,0.08849557522123894,44.24618117046514,0.3458149779735683,0.004560109210258794,69.16249338004293,0.12389380530973451,24.778581135423753,0.3502202643171806,0.002309099886723402,35.02177212556314,0.12979351032448377,12.979256785221965,0.3590308370044053,0.001183603819482264,17.951541850220263,0.1415929203539823,7.079646017699115,0.3898678414096916,0.0005141044706757134,7.797345504306814,0.18289085545722714,3.6578117969972865,0.42290748898678415,0.0002788367280252696,4.229074889867842,0.22713864306784662,2.271386430678466,0.1474054363200075,0.7509581780897092,0.25833333333333336,25.747222222222224,0.4083333333333333,8.167367066895368,0.44166666666666665,4.4170454545454545
2019-02-05,35,6885750,416,270,6.041462440547507e-05,0.03477408802106167,0.7668365065738054,0.00075702359408335,0.4182692307692308,0.025268661051408656,418.2540452758105,0.1111111111111111,111.10707716139025,0.44711538461538464,0.013505663665408075,223.549575923278,0.14814814814814814,74.07138477426017,0.47836538461538464,0.0057800110372070055,95.67238221021188,0.1962962962962963,39.258974185199165,0.5048076923076923,0.0030497545673705308,50.480402673729884,0.23703703703703705,23.70353158351648,0.5144230769230769,0.0015539338488908252,25.721153846153847,0.2518518518518518,12.59259259259259,0.5456730769230769,0.0006593298072259062,10.913413990638903,0.3,5.999973859170638,0.5793269230769231,0.0003499956432077609,5.7932271639851916,0.35185185185185186,3.5184929694282276,0.12777583258721734,0.776343564444995,0.20634920634920634,20.566137566137563,0.42857142857142855,8.572163685371233,0.48412698412698413,4.841685044515233
2019-02-06,36,6885750,390,262,5.663871038013288e-05,0.05071180326966977,0.8100733192581331,0.0012324641567138064,0.4205128205128205,0.02381643915190241,420.4975535646462,0.13740458015267176,137.399591604162,0.4641025641025641,0.013142608190531513,232.04285730244197,0.20229007633587787,101.1413660419526,0.48205128205128206,0.00546051293967295,96.40955634449492,0.22900763358778625,45.80119413799702,0.5102564102564102,0.0028900055186035028,51.025270512113,0.27099236641221375,27.09903986498157,0.5435897435897435,0.0015394111026395092,27.179487179487182,0.32061068702290074,16.03053435114504,0.5692307692307692,0.0006448089971186913,11.384598851051356,0.35877862595419846,7.175562098197214,0.6128205128205129,0.0003470921231872061,6.1281784288110375,0.42366412213740456,4.23662276315484,0.10498691071513368,0.7438507577312421,0.13740458015267176,13.694656488549619,0.2748091603053435,5.496654576879264,0.4122137404580153,4.122490932659448
2019-02-07,37,6885750,530,400,7.697055513197545e-05,0.05521633753003066,0.8511416050448342,0.003128009166743974,0.35094339622641507,0.02701132733081615,350.93065503427795,0.15,149.99455416787683,0.4547169811320755,0.017499273889050246,227.35023619156178,0.2775,138.74496260528608,0.5207547169811321,0.008016497719945394,104.15018712285661,0.365,72.9994699236109,0.560377358490566,0.0043132243167097505,56.0373289411022,0.4175,41.749696839873366,0.6,0.002309116653959264,30.000000000000004,0.47,23.5,0.6490566037735849,0.0009991634910307648,12.981113223330357,0.535,10.699984460684078,0.6811320754716981,0.0005242665713982813,6.8112614037843695,0.5775,5.7749496791227175,0.09961670221309023,0.7042735680538779,0.1342281879194631,13.37807606263982,0.24161073825503357,4.832629191752909,0.3422818791946309,3.423112344158311
2019-02-08,38,6885750,742,528,0.00010775877718476563,0.1404940894994569,0.8125992278638048,0.0033982094138615623,0.4110512129380054,0.04429276793494046,411.03628949867425,0.17992424242424243,179.91771017611492,0.4555256064690027,0.024542550101655534,227.75453418123263,0.23863636363636365,119.31384990626567,0.4811320754716981,0.010369165529059804,96.22571636350882,0.2746212121212121,54.923843601720534,0.5013477088948787,0.00540242237648494,50.13440684485334,0.30113636363636365,30.113417698874365,0.5202156334231806,0.002802890026504012,26.01078167115903,0.32765151515151514,16.382575757575758,0.5498652291105122,0.0011850543730830003,10.997288611127049,0.3693181818181818,7.386352909350734,0.578167115902965,0.0006230240045775563,5.781654365929796,0.4090909090909091,4.090897208696671,0.09038301107944301,0.717592492573589,0.14285714285714285,14.238095238095239,0.2546583850931677,5.093604508698849,0.3105590062111801,3.1058564077432003
2019-02-09,39,6885750,1173,889,0.00017035181352793814,0.12638056584613114,0.7954140777963765,0.003150725797739647,0.329923273657289,0.05620098751089166,329.9112956122099,0.12373453318335208,123.73004093338173,0.35805626598465473,0.030496659889631135,179.02163327794338,0.15860517435320584,79.29970805275829,0.3751065643648764,0.012779923901362223,75.02076811918579,0.17997750281214847,35.99523918756721,0.39300937766410915,0.006694937407418165,39.300652389709825,0.20247469066366705,20.247322043006555,0.4143222506393862,0.003529001713671614,20.715962105638802,0.22947131608548932,11.473482491037048,0.4578005115089514,0.0015597406822195372,9.155996933157015,0.2857142857142857,5.714277415585623,0.5225916453537937,0.0008902365879976357,5.225870917139574,0.3712035995500562,3.712003650408303,0.09796376024056919,0.7202185889619694,0.12244897959183673,12.204081632653061,0.2602040816326531,5.204527951832534,0.3469387755102041,3.46968530122169
2019-02-10,40,6885750,1811,1388,0.00026300693461133503,0.16038124538918488,0.820245773485973,0.0072726691429062604,0.33517393705135284,0.08814986930002905,335.1617683780646,0.13760806916426513,137.60307322797541,0.3771397018221977,0.04959337786813825,188.56300477942182,0.18948126801152737,94.73719439517677,0.4124792932081723,0.021696825350721774,82.4952596127733,0.23487031700288186,46.9737223068516,0.4367752622860298,0.011487408870428999,43.67720907209082,0.265850144092219,26.584821366914476,0.46107123136388733,0.006063246559924481,23.053561568194365,0.29755043227665706,14.877521613832855,0.5201546107123136,0.002736081420206339,10.403077106121367,0.3746397694524496,7.492784507468179,0.5969077857537273,0.0015699065898317687,5.969069188809553,0.47406340057636887,4.740627121071213,0.13284765554918448,0.7253492414992031,0.13744075829383887,13.69826224328594,0.2796208530805687,5.592896685716144,0.36492890995260663,3.6496020745774835
2019-02-11,41,6885750,1990,1505,0.00028900265040119087,0.11196645002255509,0.790993961944836,0.0023793517364709338,0.28442211055276384,0.08219575951205345,284.41178445232265,0.07176079734219269,71.75819202715704,0.31155778894472363,0.04501887888469358,155.77323883431097,0.09900332225913622,49.499863944659246,0.3326633165829146,0.019227976415231347,66.53218020159761,0.12292358803986711,24.584539090461963,0.3512562814070352,0.010151325917104766,35.12537308226339,0.146843853820598,14.684278754032686,0.38743718592964826,0.005598518679882366,19.371859296482413,0.19335548172757475,9.667774086378737,0.46683417085427137,0.0026983223347894787,9.33666985767671,0.29767441860465116,5.953479726005487,0.5673366834170854,0.0016396109082776388,5.673342116418468,0.4305647840531561,4.30562908166398,0.1398413016011671,0.7448694158128107,0.14410480349344978,14.36244541484716,0.29694323144104806,5.939373965410054,0.3930131004366812,3.930468065344888
2019-02-12,42,6885750,2712,1788,0.0003938568783356933,0.20926956092935167,0.7848028721770154,0.006708710648861247,0.3971238938053097,0.15640429857682253,397.10947600492466,0.10961968680089486,109.61570699815013,0.4524336283185841,0.0890938135347081,226.20860123400308,0.1789709172259508,89.48220979440826,0.5029498525073747,0.03961776409422289,100.58924008547024,0.2494407158836689,49.88778092294209,0.5298672566371682,0.02086903482529263,52.9863409101249,0.2891498881431767,28.914778853319575,0.5490412979351033,0.010812184584104854,27.45206489675516,0.31767337807606266,15.883668903803132,0.5785398230088495,0.004557231155311832,11.570779656227304,0.3624161073825503,7.248311621111965,0.6117256637168141,0.0024093061082227194,6.117212217807739,0.412751677852349,4.127486807301711,0.18909913992891647,0.6955527464729596,0.17518248175182483,17.459854014598537,0.33211678832116787,6.64290543501396,0.4124087591240876,4.124441286574601
2019-02-13,43,6885750,3706,2732,0.0005382129760737756,0.11941789527099685,0.6862023704342975,0.0015542160072429486,0.26983270372369134,0.14522218995062444,269.8229072996525,0.026720351390922402,26.71938129393609,0.30626011872638964,0.08241359279697938,153.12449989255282,0.0636896046852123,31.843646199622466,0.33459255261737725,0.036016149176566266,66.91802460672994,0.09992679355783309,19.985213591473734,0.3407987048030221,0.018342095326614193,34.07962301544352,0.10724743777452415,10.724665901651655,0.34889368591473285,0.009388955451475873,17.444684295736643,0.11749633967789165,5.874816983894582,0.3629249865083648,0.00390659037439368,7.258447023875143,0.13579795021961932,2.715939282943866,0.3796546141392337,0.0020433355601382555,3.7965185734543963,0.15849194729136165,1.5849079643055177,0.2264314358278834,0.717677019818142,0.1879432624113475,18.731678486997637,0.33687943262411346,6.738166490274079,0.425531914893617,4.2556840991204705
2019-02-14,44,6885750,3449,2611,0.0005008895182078931,0.07964958106418425,0.7171450630038276,0.0018022748933956322,0.235720498695274,0.11806564042985768,235.7119407335148,0.023362696284948296,23.361848089468882,0.28414033053058857,0.07115887307580598,142.06500733016267,0.064343163538874,32.17041376254731,0.32850101478689475,0.032908304046007725,65.69972588715504,0.1171964764458062,23.43912508892823,0.3429979704262105,0.01718028406285399,34.29954798080512,0.1344312523937189,13.443027624532368,0.3534357784865178,0.008851613840177177,17.67178892432589,0.1478360781309843,7.391803906549215,0.36793273412583355,0.003685867645691979,7.358643995744722,0.1669858291842206,3.3397117335058066,0.3835894462162946,0.0019213537483825339,3.835883320650923,0.1872845653006511,1.8728402132498736,0.2509881373923807,0.7424919038126585,0.22641509433962265,22.566037735849054,0.3849056603773585,7.6987734230881255,0.45660377358490567,4.566429334282663
2019-02-15,45,6885750,2892,1449,0.0004199978215880623,0.17817937290467062,0.9369814322960047,0.011506242432862883,0.470954356846473,0.1977926227127505,470.937258590706,0.08488612836438923,84.88304652702486,0.5950899031811895,0.12496369445251235,297.53414905822507,0.23326432022084195,116.62792571599351,0.710926694329184,0.05971709895727439,142.1843064125353,0.4313319530710835,86.26576420631483,0.7704011065006916,0.03235644369572163,77.03955123714219,0.5458937198067633,54.588975589756025,0.8150069156293223,0.01711505645717605,40.75034578146611,0.6342305037957212,31.71152518978606,0.8412863070539419,0.007066758063017009,16.825701705539203,0.68391994478951,13.678379031027422,0.8651452282157677,0.0036335805581656083,8.651427153661423,0.7308488612836439,7.308467385032975,0.38236945175246084,0.8158472721878129,0.3177966101694915,31.673728813559325,0.5211864406779662,10.42462278687095,0.5932203389830508,5.932712155129808
2019-02-16,46,6885750,1549,666,0.00022495733943288677,0.1721576851244643,0.8996572076292272,0.002062406431240793,0.4596513879922531,0.10339819924484461,459.6347000969585,0.05555555555555555,55.55353858069513,0.5687540348612008,0.06397037467325008,284.3666929672897,0.11261261261261261,56.30426207502885,0.6714009038089089,0.030207092857765256,134.2792057103661,0.25975975975975973,51.95157471218351,0.7133634602969657,0.016047518080687793,71.335828033632,0.3408408408408408,34.08383658862906,0.7430600387346675,0.008357779778674954,37.15273215688254,0.4069069069069069,20.345197611274177,0.7746933505487411,0.003485443914850605,15.493799507219208,0.4804804804804805,9.609567742415438,0.8043899289864429,0.0018095184154079185,8.043829198770222,0.5495495495495496,5.495447610100788,0.319720506717733,0.7777131613772779,0.26693227091633465,26.604249667994683,0.46215139442231074,9.243820600958088,0.5537848605577689,5.538323549711958
2019-02-17,47,6885750,1873,1035,0.000272011037287151,0.19586598155665363,0.827346244919668,0.0026335962690963626,0.41697810998398294,0.1134185303514377,416.96297136540954,0.06183574879227053,61.83350381155631,0.4922584089695675,0.06694742956723787,246.12026862926223,0.1246376811594203,62.3165780600841,0.5632674853176722,0.030642772081675332,112.65267905039823,0.21739130434782608,43.477945159982674,0.6102509343299519,0.01659937843097389,61.02465031023943,0.3004830917874396,30.048090988343578,0.6374799786438868,0.008670079512035725,31.873998932194336,0.34879227053140094,17.439613526570046,0.6540309663641217,0.0035580573297433263,13.080562337576138,0.37777777777777777,7.555522637474136,0.6839295248264816,0.0018603556895515105,6.839265450789809,0.4318840579710145,4.318821763364372,0.2666846416086061,0.7300538185866445,0.2277580071174377,22.69988137603796,0.3879003558718861,7.758672469677641,0.47330960854092524,4.733502011317093
2019-02-18,48,6885750,2989,2032,0.00043408488545183897,0.1479023752693137,0.7890777375172197,0.004386134846073427,0.3238541318166611,0.14057507987220447,323.8423741150993,0.04921259842519685,49.21081173486774,0.38541318166610905,0.08364798141155969,192.69959451476984,0.10875984251968504,54.37794696702885,0.4610237537638006,0.04002439803653896,92.20408122452262,0.20866141732283464,41.73198043308573,0.5058548009367682,0.021958232885067822,50.585112776298345,0.2736220472440945,27.362006038674135,0.5352960856473737,0.0116181970010529,26.764804282368683,0.3169291338582677,15.846456692913387,0.5704248912679826,0.004952249279672832,11.408481257111811,0.3686023622047244,7.372036537872889,0.6018735362997658,0.002612626873604917,6.018700399774191,0.41486220472440943,4.148597947629978,0.30014761720650973,0.7324169864393429,0.22560975609756098,22.485772357723576,0.3932926829268293,7.866528260051039,0.4817073170731707,4.817486298790946
2019-02-19,49,6885750,4271,3204,0.0006202664923937117,0.12846935131860937,0.7638115812370794,0.0063750583197718395,0.2596581596815734,0.16105140865524253,259.6487326499265,0.04931335830212235,49.31156795365074,0.31397799110278624,0.09737147836189369,156.98329597996008,0.09737827715355805,48.6873708909463,0.38702879887614144,0.04801185047489035,77.40519770720586,0.18664169787765295,37.328068522496984,0.44696792320299694,0.027723721281477823,44.69646776256987,0.26591760299625467,26.591567208333974,0.4954343245141653,0.015365065533892459,24.771716225708264,0.3292759051186018,16.463795255930087,0.530789042378834,0.006584546212361055,10.61567292946971,0.3760923845193508,7.521771224644617,0.5539686256146101,0.0034360618026399296,5.539654075749916,0.4069912609238452,4.069888966852558,0.3012635316964096,0.7395582223332412,0.21005917159763313,20.935897435897434,0.40236686390532544,8.04802744425386,0.47041420118343197,4.704545454545454
2019-02-20,50,6885750,4732,3233,0.0006872163526122789,0.1768006986878247,0.8459588784486178,0.010854436493248909,0.32142857142857145,0.2208829509148998,321.41690178830754,0.060006186204763376,60.00400764732056,0.39391377852916315,0.135347081033982,196.94973863688537,0.13269409217445097,66.3446373213931,0.49281487743026203,0.06773359667721979,98.56225978870799,0.2629137024435509,52.58235866858405,0.555367709213863,0.03816550001452264,55.53636765109875,0.35230436127435816,35.23018030795132,0.5965765004226543,0.020498856333732707,29.82882502113271,0.4116919270027838,20.584596350139186,0.6377852916314455,0.008765891445849272,12.755650258507318,0.47200742344571606,9.440107340029275,0.6686390532544378,0.004594996913916421,6.686390532544379,0.5168574079802042,5.168574079802041,0.3317632266593991,0.7536745274924621,0.22437673130193905,22.36288088642659,0.4155124653739612,8.310962021828065,0.48476454293628807,4.848061179399704
2019-02-21,51,6885750,4127,2583,0.0005993537377918164,0.19039887765225844,0.8863320081054264,0.015720573662439608,0.3736370244729828,0.2239326169038629,373.62345937624764,0.07046070460704607,70.45814649258894,0.47952507874969713,0.14369735695614289,239.7538346645895,0.18737901664730933,93.68610687476112,0.6091591955415556,0.0730198379273287,121.83095444829262,0.3786295005807201,75.72535024612081,0.6820935304094984,0.04088123384356211,68.20885775098324,0.4932249322493225,49.32213507850609,0.7220741458686697,0.021638734787533764,36.103445132847256,0.556716995741386,27.83564766204543,0.7547855585170826,0.009047605216532575,15.095601555546203,0.6089818041037554,12.179547641835178,0.7773200872304338,0.004658883465465736,7.77317829472515,0.6449864498644986,6.4498457647503065,0.3723176719030584,0.7566206119824286,0.26409495548961426,26.32146389713155,0.4599406528189911,9.199601976882086,0.5074183976261127,5.0746191549897945
2019-02-22,52,6885750,2747,1613,0.00039893983952365395,0.09989380181720263,0.8751801708551079,0.006402875433763569,0.3633054240990171,0.14493174557072322,363.29223409669,0.04773713577185369,47.735402649003994,0.47615580633418275,0.0949753122277084,238.0692596184722,0.1444513329200248,72.2230442676489,0.5769930833636695,0.04603677132649801,115.39777872640468,0.287042777433354,57.4081386247558,0.6396068438296323,0.02551627988033344,63.96021994394102,0.3899566026038438,38.99537710040107,0.6898434655988351,0.013760302073122028,34.49217327994175,0.47303161810291383,23.65158090514569,0.7389879868947943,0.00589620928928894,14.779695345366333,0.5561066336019839,11.122084215077624,0.7746632690207499,0.00309043142596979,7.74661018979668,0.6168629882207067,6.168611965169808,0.3702867545696163,0.7790136259604935,0.266025641025641,26.51388888888889,0.48717948717948717,9.74442538593482,0.5416666666666666,5.417131217838765
2019-02-23,53,6885750,2242,1350,0.0003255999709545075,0.10486762400629239,0.8601546898607288,0.0033425108611816203,0.3434433541480821,0.11182108626198083,343.43088524907876,0.035555555555555556,35.55426469164488,0.41837644959857273,0.06810920708684287,209.18063010625707,0.08222222222222222,41.1096185497144,0.5223015165031222,0.03401202474657992,104.45954478089325,0.22,43.99968050190247,0.5887600356824264,0.019169885852043336,58.87557605071695,0.3237037037037037,32.3701353187397,0.627564674397859,0.010216751987800893,31.378233719892954,0.38592592592592595,19.296296296296298,0.6752899197145406,0.0043974556333323655,13.505700324361435,0.46370370370370373,9.274006732050823,0.7136485280999108,0.0023236292765670703,7.136454188725113,0.5274074074074074,5.2740510959623395,0.36219478158116436,0.7914300496304794,0.2585034013605442,25.764172335600907,0.5136054421768708,10.27298981342108,0.5680272108843537,5.680759267686492
2019-02-24,54,6885750,2532,1380,0.00036771593508332426,0.16873434126516465,0.8783760867997642,0.0066428714603494225,0.4218009478672986,0.15509729886726692,421.7856341529554,0.0644927536231884,64.49041217845914,0.509083728278041,0.09359570142317745,254.53262285728442,0.15797101449275364,78.98263963429264,0.627172195892575,0.046123907171280024,125.43352835886311,0.3282608695652174,65.65169719157385,0.6903633491311216,0.02538557611316042,69.03583361816523,0.43768115942028984,43.7677981277159,0.7270932069510269,0.013368187924336493,36.354660347551345,0.5043478260869565,25.217391304347828,0.7567140600315956,0.005565108281438795,15.134259221531273,0.5579710144927537,11.159404083335692,0.7788309636650869,0.0028638689242628658,7.788264393855856,0.5971014492753624,5.970979806743781,0.40258360949626093,0.8077833361184295,0.265993265993266,26.510662177328847,0.5387205387205387,10.775334823362268,0.6262626262626263,6.2631633660793185
2019-02-25,55,6885750,3057,1825,0.0004439603529027339,0.17155179767072923,0.9133912703190592,0.011140674128565712,0.3735688583578672,0.16584374092361312,373.55529573594015,0.07123287671232877,71.23029056374061,0.46679751390251883,0.10361603252977054,233.39028328160532,0.17205479452054795,86.0242739885175,0.59633627739614,0.05294954834587121,119.26638944147291,0.34136986301369865,68.27347684354979,0.6941445861956166,0.030817043771239363,69.41395457893734,0.4980821917808219,49.80785750464426,0.7621851488387308,0.016918999382783285,38.10925744193654,0.6104109589041096,30.520547945205482,0.802747791952895,0.007127670698128333,16.054745995955894,0.6761643835616439,13.523110917795329,0.8318613019299967,0.003693118281443787,8.318576776726058,0.7243835616438357,7.243804056459894,0.3625932255533369,0.7926147844750449,0.24915824915824916,24.8327721661055,0.48148148148148145,9.630455498380027,0.5824915824915825,5.825415388880226
2019-02-26,56,6885750,3318,2113,0.000481864720618669,0.15274322895476222,0.9138837722807395,0.012584976299077913,0.35232067510548526,0.16976474005227998,352.3078839104843,0.0832938949361098,83.29087090565176,0.44544906570223025,0.10731919837351148,222.71644671501105,0.1699006152389967,84.94722345207097,0.5768535262206148,0.05559266897092567,115.36986750046758,0.34926644581164223,69.85278193521494,0.6693791440626884,0.03225478521014261,66.93742834862553,0.48935163274964505,48.93480794106521,0.7248342374924653,0.017463602367207638,36.24171187462326,0.5754850922858495,28.774254614292474,0.7676311030741411,0.0073978761966725535,15.352599765291753,0.6422148603880738,12.844278554341653,0.8137432188065099,0.003921118709690537,8.137384917194579,0.7141504969238051,7.141463483773235,0.34719632203330375,0.7817933322897674,0.25559105431309903,25.47390841320554,0.48242811501597443,9.649389792798077,0.5591054313099042,5.591533820330011
2019-02-27,57,6885750,2842,1839,0.00041273644846240423,0.14967193475057294,0.8774819842393123,0.0069121999668928,0.35327234342012664,0.14580307871042694,353.25951767428654,0.0734094616639478,73.40679649325132,0.42927515833919777,0.08858553586988092,214.6297866347757,0.14138118542686243,70.68802625276054,0.5154820548909219,0.04255133753521741,103.09566236211234,0.2582925502990756,51.658134950822266,0.5812807881773399,0.023991402596648174,58.12765673112955,0.3572593800978793,35.725678592305506,0.6231527093596059,0.012859891805540428,31.157635467980295,0.42088091353996737,21.04404567699837,0.6815622800844475,0.005626103727112185,13.631225805405604,0.5106035889070146,10.212056947429119,0.7385643912737508,0.0030483111571964253,7.385611734927968,0.598694942903752,5.986923345066951,0.3114536269356477,0.7534921656722318,0.24213836477987422,24.133123689727466,0.44025157232704404,8.805786595035439,0.5220125786163522,5.220573481342439
2019-02-28,58,6885750,2336,1571,0.00033925135243074463,0.10313607069854465,0.8429582156664646,0.004989993515032957,0.3240582191780822,0.10993319779262271,324.04645406701707,0.07383831954169319,73.83563880107666,0.3976883561643836,0.06745570723206507,198.8369589354418,0.13876511775938893,69.38003990790824,0.4755993150684932,0.032269307850939614,95.11917231789702,0.23233609166136218,46.466880918912096,0.519263698630137,0.017615963286764066,51.925992809004995,0.2915340547422024,29.153193782002386,0.5603595890410958,0.009505137421486403,28.017979452054796,0.3494589433481859,17.47294716740929,0.6386986301369864,0.004333581187842737,12.773954051450396,0.46467218332272436,9.293430169841672,0.7059075342465754,0.002394797378938563,7.059065090764645,0.5646085295989816,5.646077096335317,0.3176955948818646,0.739528572650695,0.25,24.916666666666664,0.4520547945205479,9.041871284569655,0.5205479452054794,5.205925891115863
2019-03-01,59,6885750,2170,1292,0.0003151435936535599,0.19299840872458024,0.8582248138068976,0.003680477613435821,0.3741935483870968,0.11792041823990705,374.1799630854562,0.04489164086687306,44.890011051273774,0.4400921658986175,0.06934359570142318,220.03809405579477,0.09907120743034056,49.533805297957265,0.5350230414746544,0.03372157193063987,107.00383130018594,0.2260061919504644,45.20091016941851,0.5949308755760369,0.018748729268930262,59.492655559233434,0.32430340557275544,32.43010507018212,0.6516129032258065,0.0102675815996805,32.58064516129032,0.41873065015479877,20.936532507739937,0.7059907834101382,0.0044497629891253835,14.11979516238254,0.510061919504644,10.201223575114735,0.7364055299539171,0.0023207247399713612,7.364023215787005,0.5611455108359134,5.611430660344056,0.31039866066695665,0.7780398430209685,0.24444444444444444,24.36296296296296,0.48148148148148145,9.630455498380027,0.5592592592592592,5.593072231751477
2019-03-02,60,6885750,2403,1432,0.00034898159241912645,0.2020076619742797,0.8601971764268354,0.0033128224350771444,0.40074906367041196,0.13984896892245136,400.7345142562503,0.04818435754189944,48.18260818241854,0.4515189346650021,0.07878303804821377,225.751271011439,0.09846368715083799,49.23005618638417,0.5131086142322098,0.035812832205408235,102.62097767723253,0.18854748603351956,37.70922338596263,0.5609654598418643,0.019576519794359405,56.09613864919279,0.26675977653631283,26.675783950810597,0.6150645027049522,0.010732231548984868,30.753001826226615,0.3568435754189944,17.84204921317306,0.6937161880982106,0.004841876568454318,13.874303612665134,0.48812849162011174,9.76255565449038,0.7386600083229297,0.0025777762286915934,7.386567901253907,0.5635474860335196,5.635450307670747,0.36600823430009205,0.8100001460835013,0.3055555555555556,30.453703703703702,0.5396825396825397,10.7945764926897,0.6071428571428571,6.071949277137957
2019-03-03,61,6885750,2242,1332,0.0003255999709545075,0.15319334459504907,0.865354502781097,0.0035350235820525615,0.4049955396966994,0.13186174847516702,404.9808361119007,0.057057057057057055,57.05498556936257,0.46297948260481714,0.0753703165843741,231.48133694061283,0.12087087087087087,60.4332412938643,0.528099910793934,0.03438961340730198,105.61921521825586,0.2132132132132132,42.642333000751776,0.5727029438001784,0.018647070783351243,57.26987852206103,0.28603603603603606,28.603395903673285,0.6186440677966102,0.010071451392721252,30.931978781191063,0.36261261261261263,18.130498978312595,0.6806422836752899,0.004432309971245171,13.612746826271827,0.46546546546546547,9.309241711431726,0.7243532560214094,0.0023584905660377358,7.243522040630839,0.539039039039039,5.390382562074576,0.345198420619914,0.7993085728754937,0.2698412698412698,26.894179894179896,0.5277777777777778,10.556460834762722,0.5992063492063492,5.987442363406374
2019-03-04,62,6885750,2092,1214,0.0003038158515775333,0.13699303748689667,0.8710628848003331,0.003494625896423837,0.39818355640535374,0.12097008422887016,398.16910013333785,0.04036243822075782,40.36097284034029,0.4698852772466539,0.07137670636073191,234.93410890220355,0.11367380560131796,56.8348393057853,0.5559273422562141,0.033779662493827876,111.18466109793275,0.2372322899505766,47.44611346618209,0.6089866156787763,0.01850184437538122,60.89821936318415,0.32784184514003295,32.783946457535535,0.6457934990439771,0.009809972625020875,32.289206024253104,0.3912685337726524,19.56314257807708,0.7021988527724665,0.0042667394732943936,14.043834286920111,0.48846787479406917,9.769258182361032,0.7294455066921606,0.0022161710779508405,7.294455066921606,0.5345963756177924,5.345963756177925,0.29568488243505076,0.7721002127513661,0.2687224669603524,26.782672540381796,0.4977973568281938,9.956800991378334,0.5770925110132159,5.771420043675052
2019-03-05,63,6885750,1604,727,0.00023294484987111062,0.2127575707055172,0.9159479568749236,0.0027529797737358835,0.5623441396508728,0.13099041533546327,562.3237234390064,0.08390646492434663,83.9034186541998,0.6178304239401496,0.07195759512053441,308.90399663417696,0.16918844566712518,84.59115159398833,0.6677057356608479,0.03110749658717941,133.54017744711388,0.27097661623108665,54.19492971661114,0.6920199501246883,0.016120131284672806,69.20149251461083,0.3246217331499312,32.46193759675185,0.7238154613466334,0.00843045419888901,36.19077306733167,0.3947730398899587,19.73865199449794,0.7668329177057357,0.00357258001272187,15.336591535286544,0.48693259972489683,9.738609565091272,0.7955112219451371,0.001853091656875972,7.955066007689355,0.5502063273727648,5.502031311885805,0.34029792846684437,0.7862277101538255,0.308411214953271,30.738317757009348,0.5186915887850467,10.374721469678267,0.5747663551401869,5.7481564899568784
2019-03-06,64,6885750,1592,419,0.0002312021203209527,0.3345669743205477,0.955174430927183,0.003719084724245451,0.7211055276381909,0.16671507406331687,721.0793475072136,0.1360381861575179,136.0332472166902,0.8052763819095478,0.09308742375835027,402.6235729548118,0.30071599045346065,150.35253639739446,0.8467336683417085,0.03915303958871881,169.3455039874501,0.42482100238663484,84.9635835250449,0.8655778894472361,0.02001219901826948,86.5571604208851,0.49403341288782815,49.40298255529296,0.8737437185929648,0.010100570017790364,43.68718592964824,0.522673031026253,26.13365155131265,0.8875628140703518,0.004104086368798487,17.751075825348103,0.5727923627684964,11.455730797299884,0.9064070351758794,0.0020956201104012757,9.064017697987175,0.6443914081145584,6.443876648031411,0.40243532358569184,0.83773337924425,0.34536082474226804,34.42096219931271,0.5876288659793815,11.753585259323442,0.6494845360824743,6.495402380152428
2019-03-07,65,6885750,1185,371,0.00017209454307809608,0.26066842130391543,0.9239376567740213,0.002826029083296625,0.6734177215189874,0.11588730758059831,673.3932727199197,0.14555256064690028,145.54727628149777,0.7443037974683544,0.06404298576822538,372.13838755574506,0.2560646900269542,128.02769672909525,0.8033755274261604,0.02765110807749281,160.67393877181107,0.39622641509433965,79.24470759347786,0.8160337552742616,0.014043393650701444,81.60278297917085,0.4339622641509434,43.39591130119025,0.8244725738396624,0.007094361543767927,41.22362869198312,0.4582210242587601,22.911051212938006,0.8464135021097047,0.0029132248207916537,16.928048784612766,0.5283018867924528,10.56589963455768,0.8666666666666667,0.001491470877832996,8.66657856290173,0.5876010781671159,5.875951047208929,0.4011684841554364,0.8173308466741749,0.3651685393258427,36.39513108614232,0.5842696629213483,11.686395436236436,0.6460674157303371,6.461228245996106
2019-03-08,66,6885750,1493,605,0.00021682460153214973,0.23933798970312403,0.9141805094337533,0.0019385045459249619,0.5840589417280643,0.12663374963694451,584.0377371484198,0.0859504132231405,85.94729274633164,0.6255860683188211,0.06781876270694162,312.7816780370551,0.14214876033057852,71.07179977100502,0.679839249832552,0.02948096081791513,135.96686266038787,0.2413223140495868,48.26411234618903,0.696584058941728,0.015103546428882628,69.65790008216916,0.2793388429752066,27.9336814606368,0.7193569993302076,0.007798714736956759,35.967849966510386,0.32727272727272727,16.363636363636367,0.7602143335565975,0.003296649036129531,15.204220429021378,0.4231404958677686,8.462773046543711,0.8077695914266577,0.001751438110770473,8.077672452269113,0.5371900826446281,5.371885223541082,0.26546750073826636,0.8267666343628376,0.22429906542056074,22.35514018691589,0.43457943925233644,8.692334204325036,0.5560747663551402,5.561224571584297
2019-03-09,67,6885750,1498,963,0.00021755073884471553,0.07509604476226471,0.877731476112901,0.0017308877321441205,0.3591455273698264,0.07812953819343596,359.13248839482753,0.04361370716510903,43.61212374559244,0.4105473965287049,0.04465582340981702,205.26624569035218,0.09553478712357218,47.765659340410764,0.4506008010680908,0.019605565075953412,90.11950582226049,0.15472481827622014,30.944738953948207,0.48731642189586116,0.010601527781811844,48.73128833351863,0.21079958463136034,21.079805394803646,0.5393858477970628,0.005867189485531714,26.969292389853138,0.29075804776739356,14.537902388369677,0.62283044058745,0.0027099247727206716,12.456518360321338,0.4195223260643821,8.390385595567164,0.6962616822429907,0.0015147158346621589,6.962586487666863,0.5337487019730011,5.337463765340443,0.1814997506744259,0.8008538062142592,0.14979757085020243,14.929824561403507,0.3724696356275304,7.450031597002798,0.4939271255060729,4.939694863230116
2019-03-10,68,6885750,2048,1523,0.0002974258432269542,0.11103135451880797,0.8370242034518065,0.0030866847470475936,0.29736328125,0.0884403136799303,297.35248531327153,0.07025607353906763,70.25352285385345,0.33251953125,0.049448155678187625,166.2537294731838,0.1103086014445174,55.15229831517468,0.3681640625,0.021900142321879812,73.6322778285566,0.15298752462245568,30.597282746204485,0.3955078125,0.011763339045572047,39.55049405910533,0.18975705843729482,18.975568055049564,0.43798828125,0.006513451693715281,21.8994140625,0.24622455679579777,12.311227839789888,0.5205078125,0.003096218024868498,10.410050422235479,0.35587655942219304,7.117458832909851,0.6337890625,0.0018850524634208329,6.337890625,0.5082074852265266,5.082074852265266,0.20264185940981977,0.7691212344165359,0.1536050156739812,15.309299895506792,0.3103448275862069,6.20742887561365,0.43573667711598746,4.357740473284331
2019-03-11,69,6885750,2092,1492,0.0003038158515775333,0.10361670309835133,0.8103406232774986,0.0017766602024077702,0.27437858508604207,0.08335753703165844,274.36862362129165,0.030160857908847184,30.15976290238811,0.3264818355640535,0.04959337786813825,163.2349912311343,0.06836461126005362,34.18106462270652,0.36806883365200765,0.02236486682738389,73.61323219725557,0.11528150134048257,23.056132848913066,0.4173040152963671,0.012678265415783206,41.73009851182085,0.1836461126005362,18.364477908727267,0.45363288718929257,0.006890993058177699,22.68147966077777,0.23458445040214476,11.729137350464494,0.5239005736137667,0.00318338135514453,10.47799625534725,0.3331099195710456,6.662188716093291,0.5984703632887189,0.0018182478306647788,5.984703632887189,0.43699731903485256,4.369973190348525,0.3242453360997006,0.7828310033560641,0.2084507042253521,20.77558685446009,0.4028169014084507,8.057028966250332,0.5098591549295775,5.099028821298288
2019-03-12,70,6885750,2038,1329,0.00029597356860182263,0.09274157576681488,0.8717516455145544,0.004601057985175938,0.3380765456329735,0.10005808887598025,338.0642715788915,0.07900677200902935,79.00390362491632,0.4151128557409225,0.061428986349114145,207.5488924207128,0.13920240782543267,69.59867700290248,0.5049067713444554,0.0298875947602312,100.98062101092344,0.24379232505643342,48.7581109604501,0.5623159960745829,0.016642946353364895,56.23119129179702,0.3295711060948081,32.95687129734127,0.6005888125613347,0.008887920705805468,30.02944062806673,0.38826185101580135,19.41309255079007,0.661432777232581,0.003915326703225207,13.228636333038747,0.4815650865312265,9.631287743349732,0.718351324828263,0.0021261269634724415,7.183502815863769,0.5680963130173062,5.6809548798664435,0.3881956942376983,0.8221156068376755,0.24147727272727273,24.067234848484848,0.45738636363636365,9.148511811944488,0.5482954545454546,5.483424781693435
2019-03-13,71,6885750,1846,1104,0.00026808989579929564,0.0759931025561835,0.8674968271865142,0.002126017828735567,0.33748645720476705,0.09047342433923904,337.4742045741686,0.042572463768115944,42.570918151510945,0.4111592632719393,0.05511182108626198,205.57216795489083,0.08423913043478261,42.11803604351615,0.49404117009750814,0.026489296813732608,98.8075165412564,0.1621376811594203,32.427300765153745,0.5552546045503792,0.01488570681692759,55.52505726687929,0.25905797101449274,25.905608991156345,0.6040086673889491,0.008096372244328909,30.200214074424586,0.33967391304347827,16.983572328118232,0.6511375947995667,0.003491252988042023,13.022695158402145,0.41757246376811596,8.351412889727248,0.6863488624052004,0.0018400239333815486,6.86345872117118,0.47644927536231885,4.7644719956578445,0.39700575740813554,0.8393663481895662,0.24615384615384617,24.533333333333335,0.5138461538461538,10.277804459691252,0.6276923076923077,6.27746140651801
2019-03-14,72,6885750,1784,1159,0.00025908579312347964,0.11241787788086557,0.8591042209501878,0.0012733206171055614,0.29932735426008966,0.07754864943363346,299.31648701661527,0.0181190681622088,18.118410339519205,0.3508968609865471,0.045454545454545456,175.44206074194864,0.05090595340811044,25.45205261980079,0.40975336322869954,0.021232100845217695,81.95007757564896,0.10094909404659189,20.189672204575217,0.4489910313901345,0.011632635278399025,44.89877711223996,0.15530629853321828,15.530517080442474,0.515695067264574,0.006680414766621162,25.784566131873135,0.2571182053494392,12.855816916588491,0.5711883408071748,0.0029597227910273054,11.42371704502033,0.34167385677308026,6.83344736333498,0.6373318385650224,0.0016512362487746432,6.373318385650224,0.44348576358930114,4.434857635893011,0.33031994875205983,0.8165258570291087,0.25572519083969464,25.487277353689567,0.5190839694656488,10.382569756327499,0.6221374045801527,6.221907611328611
2019-03-15,73,6885750,1818,1196,0.0002640235268489271,0.16880220633506518,0.8661815512580388,0.0018927256908435794,0.34598459845984597,0.09134475747894279,345.97203729957664,0.0451505016722408,45.148862458558256,0.37403740374037403,0.04937554458321231,187.0119120538252,0.06521739130434782,32.607511775625404,0.4152915291529153,0.021929187603473815,83.05770271761267,0.11120401337792642,22.240641177991137,0.46094609460946095,0.012169972987888118,46.09427475321816,0.1806020066889632,18.060069527992805,0.5473047304730473,0.007225013796508757,27.365037815902188,0.31187290969899667,15.593532254493788,0.6259625962596259,0.003305362645916657,12.519197381254468,0.431438127090301,8.628724947971154,0.7057205720572057,0.0018632629321049061,7.05718522263001,0.552675585284281,5.526739800154867,0.3009655833649674,0.7956314560801009,0.2423076923076923,24.15,0.47307692307692306,9.462349914236707,0.5576923076923077,5.577401372212693
2019-03-16,74,6885750,1876,1104,0.0002724467196746905,0.15245490774594256,0.9040387228734378,0.003463727256570495,0.3837953091684435,0.10455997676444961,383.781375269621,0.051630434782608696,51.628560311406886,0.4562899786780384,0.062155097298867264,228.13670641027466,0.11594202898550725,57.96890982333405,0.5367803837953091,0.02924859856516309,107.35529721219177,0.21739130434782608,43.477945159982674,0.6012793176972282,0.01638153881901885,60.12749516154534,0.3233695652173913,32.336721712737116,0.6705756929637526,0.009134741061314589,33.528541184939726,0.44021739130434784,22.01070973724123,0.7515991471215352,0.00409540849521331,15.031961111895015,0.5778985507246377,11.557954229169109,0.8166311300639659,0.0022248750323129694,8.166275721614621,0.6884057971014492,6.884027978517037,0.3637581387733165,0.8447321845906128,0.24213836477987422,24.133123689727466,0.4937106918238994,9.875060681575455,0.5943396226415094,5.9439059516489205
2019-03-17,75,6885750,1905,1276,0.0002766583160875722,0.06626467724656335,0.9069381986360093,0.0038612592943285786,0.29343832020997374,0.08117920418239907,293.42766677110467,0.041536050156739814,41.5345421676984,0.37270341207349084,0.05155387743247168,186.34494043603246,0.10031347962382445,50.15491884401315,0.47926509186351707,0.026518342095326615,95.85232235322584,0.22884012539184953,45.7676927420758,0.552230971128609,0.015277818118446659,55.22269612025936,0.3330721003134796,33.30696817702434,0.6115485564304461,0.008459499691391642,30.57742782152231,0.420846394984326,21.0423197492163,0.6918635170603674,0.0038281681140898663,13.83716986435396,0.5407523510971787,10.814968490422022,0.7805774278215223,0.0021595260951208072,7.805751606025248,0.6731974921630094,6.731955368334176,0.3766695784604922,0.855359505301749,0.22281167108753316,22.206896551724135,0.46684350132625996,9.337670787247884,0.5941644562334217,5.942154137339563
2019-03-18,76,6885750,1968,1321,0.0002858076462259013,0.1019718857015254,0.8995315785895046,0.003631526535941502,0.2886178861788618,0.08248620389195468,288.6074077484893,0.04390613171839516,43.90453768224505,0.3628048780487805,0.05184432181237293,181.3958531095259,0.09462528387585163,47.31092422655716,0.4486788617886179,0.025646983647506463,89.73512075752929,0.19379258137774413,38.75823483754398,0.532520325203252,0.015219506527832237,53.250872496961804,0.30734292202876606,30.73362269797087,0.6036585365853658,0.008626511273281777,30.182926829268293,0.4110522331566995,20.552611657834973,0.6808943089430894,0.0038920903429686773,13.617866401979965,0.526116578349735,10.522316285701763,0.7733739837398373,0.002210345929303785,7.733683680235537,0.6631339894019682,6.63129174173604,0.4046211142870795,0.8613473226311763,0.21323529411764705,21.252450980392158,0.46078431372549017,9.216476642114822,0.5931372549019608,5.9318812430632635
2019-03-19,77,6885750,1916,1265,0.00027825581817521696,0.09099865690366209,0.8840590039329465,0.0027209221381271497,0.29592901878914407,0.08234098170200406,295.91827492409936,0.04110671936758893,41.105226965636874,0.36012526096033404,0.05010165553296544,180.05609320778535,0.07984189723320158,39.91949926470504,0.44572025052192066,0.024804670481280315,89.1434028008747,0.17312252964426877,34.62425450922257,0.5125260960334029,0.014261233262656482,51.2522374417207,0.2648221343873518,26.482021142898535,0.5741127348643006,0.007987510438223868,28.70563674321503,0.35731225296442687,17.865612648221344,0.6555323590814196,0.0036480873682070347,13.110551981018574,0.4798418972332016,9.596768258948902,0.7473903966597077,0.002079654242959383,7.4738931124517585,0.6189723320158103,6.189714330993043,0.3661624830843239,0.8543931213932285,0.18719211822660098,18.6568144499179,0.47783251231527096,9.557469856103559,0.6133004926108374,6.133530912808727
2019-03-20,78,6885750,1502,1017,0.0002181316486947682,0.06005753086598568,0.8942907176239208,0.0021103497840164655,0.2589880159786951,0.05649143189079291,258.97861327698223,0.03933136676499508,39.329938818191245,0.3189081225033289,0.034780714493174554,159.44827218467157,0.06096361848574238,30.480702584098218,0.422103861517976,0.018414708530599205,84.42015929731922,0.1710914454277286,34.21804061558519,0.4840213049267643,0.010557959859420837,48.40177902929895,0.2487708947885939,24.876908838342104,0.551930758988016,0.006019678321170533,27.596537949400798,0.34316617502458213,17.158308751229104,0.6571238348868176,0.0028667776199646226,13.14241943852956,0.4975417895771878,9.950792437693686,0.7576564580559254,0.0016526861232456548,7.5765535773227475,0.6450344149459194,6.450334781801667,0.3667281842748546,0.8687352899337886,0.19270833333333334,19.206597222222218,0.4947916666666667,9.896682032590052,0.6015625,6.0161409198113205
2019-03-21,79,6885750,1192,940,0.0001731111353156882,0.02751540059827931,0.8352858152054294,0.001073310232033077,0.18288590604026847,0.03165843740923613,182.87926626732187,0.010638297872340425,10.637911643111833,0.22399328859060402,0.019387162358408365,111.99257819581409,0.04042553191489362,20.212032121912486,0.28942953020134227,0.010020622149931744,57.88548571215814,0.11063829787234042,22.127498898442248,0.33808724832214765,0.0058526242411920185,33.80847933623149,0.16808510638297872,16.808388586316706,0.3926174496644295,0.003398322622807973,19.630872483221477,0.23404255319148937,11.702127659574469,0.5033557046979866,0.0017427219574253025,10.067070233507783,0.37340425531914895,7.468052569393242,0.6291946308724832,0.0010892043870248164,6.291937171104135,0.5319148936170213,5.3191412113164045,0.28212770347312865,0.8706821412636319,0.18885448916408668,18.82249742002064,0.4613003095975232,9.22679744462559,0.5944272445820433,5.944782246201722
2019-03-22,80,6885750,898,712,0.0001304142613368188,0.029205188589826715,0.8353512300423723,0.0005543328024172562,0.19042316258351893,0.02483299448155678,190.41624916634697,0.018258426966292134,18.257764084104863,0.21158129175946547,0.013796108045309324,105.786805092415,0.028089887640449437,14.044433910849893,0.24832962138084633,0.006477097795463127,49.665563635980206,0.06320224719101124,12.640357651848896,0.2728285077951002,0.003558046995265619,27.282652669989126,0.09129213483146068,9.12914719300198,0.3184855233853007,0.0020767225542235165,15.924044908401534,0.1446629213483146,7.233041023796317,0.4443207126948775,0.0011589134677944047,8.886401348402362,0.30196629213483145,6.039317071949693,0.5801781737193764,0.0007566339808532392,5.8017733114256025,0.47331460674157305,4.733139193597783,0.15490335321346266,0.8529064614573325,0.11152416356877323,11.115241635687731,0.37174721189591076,7.435581883221638,0.5390334572490706,5.390796865335688
2019-03-23,81,6885750,953,774,0.00013840177177504266,0.016430468822663306,0.8254123868218682,0.0011398913536009776,0.1584470094438615,0.021928550682544293,158.44125693843586,0.020671834625323,20.67108412304935,0.20146904512067157,0.013941330235259947,100.73086533834332,0.050387596899224806,25.192883774966397,0.29485834207764955,0.00816172412791542,58.97124020335111,0.13953488372093023,27.90677410268655,0.35362014690451204,0.004894129948589851,35.3617579155326,0.20801033591731266,20.800882548761734,0.41657922350472193,0.002882723265827748,20.828658685911247,0.2842377260981912,14.211679912288389,0.5089192025183631,0.0014087002489187863,10.178339705133823,0.39664082687338503,7.932781975733789,0.6117523609653726,0.00084667610645173,6.117523609653725,0.5219638242894057,5.219638242894057,0.2705286533577205,0.8783097944800606,0.18411552346570398,18.350180505415164,0.4657039711191336,9.31487822850809,0.6425992779783394,6.4265438940869775
2019-03-24,82,6885750,1279,1138,0.00018574592455433323,0.007294428816007012,0.8750939970147947,0.002052481118340139,0.0875684128225176,0.01626488527446994,87.56523360334745,0.014059753954305799,14.059243507240948,0.13917122752150118,0.012924774905605577,69.58308741694573,0.05711775043936731,28.55783837408318,0.2251759186864738,0.008365041099073456,45.03485672239644,0.13796133567662566,27.592066779032944,0.3174354964816263,0.005896192163583026,31.743319148078047,0.23637961335676624,23.637789692865802,0.4081313526192338,0.003790436771593508,20.40656763096169,0.3374340949033392,16.871704745166962,0.5387021110242377,0.002001219901826948,10.773963986712202,0.484182776801406,9.683585219902644,0.6739640344018765,0.0012518589088205223,6.739630556224324,0.6362038664323374,6.362029424909476,0.3127693920649146,0.888937493866198,0.15945945945945947,15.892792792792791,0.4810810810810811,9.622446803578878,0.6432432432432432,6.432984099021835
2019-03-25,83,6885750,1565,1427,0.00022728097883309735,0.012324842129442891,0.895596126920354,0.0029529510661159453,0.09520766773162939,0.021638106302643043,95.20421116512736,0.026629292221443588,26.62832543041028,0.13035143769968052,0.014812663374963694,65.1733526096845,0.05606166783461808,28.029816242537134,0.23003194888178913,0.01045630137384182,46.006055709221286,0.16047652417659425,32.09507178102715,0.3150159744408946,0.007159661912922246,31.501368700897352,0.2515767344078486,25.157490762857527,0.40766773162939296,0.0046327224142438065,20.383238571168874,0.3524877365101612,17.62425884918849,0.5539936102236421,0.002518233228479562,11.079823931631402,0.5108619481429573,10.217194448342433,0.6932907348242812,0.0015757133915306493,6.932887211330459,0.6636299929922915,6.636280654518916,0.3121660792750355,0.8944214698240538,0.14974619289340102,14.924703891708967,0.44923857868020306,8.985542137203856,0.6548223350253807,6.548784947453657
2019-03-26,84,6885750,1665,1461,0.00024180372508441345,0.01647895546049511,0.9122362806089399,0.0035954696697657594,0.11471471471471471,0.027737438280569272,114.71054993419212,0.03627652292950034,36.27520589047444,0.16216216216216217,0.019604995643334303,81.07813738804155,0.06844626967830253,34.22189234950419,0.2768768768768769,0.01338987481483633,55.37497327703259,0.1841204654346338,36.82382569538847,0.34954954954954953,0.00845217694385547,34.95470113582751,0.2621492128678987,26.214730931847182,0.44144144144144143,0.005337109247358676,22.072072072072075,0.3648186173853525,18.240930869267626,0.6138138138138138,0.0029684277789073163,12.276187134300933,0.5612594113620808,11.225106717553365,0.7489489489489489,0.0018109785674244603,7.489456859245032,0.7152635181382615,7.152604018746654,0.35341262810468443,0.9057556103726936,0.1636828644501279,16.31372549019608,0.4936061381074169,9.872969427908385,0.670076726342711,6.701341943295329
2019-03-27,85,6885750,1771,1430,0.00025719783611080854,0.034738545555678124,0.8919492074997903,0.0021537341105740027,0.15866741953698477,0.040807435376125474,158.66165902945002,0.023776223776223775,23.775360567402394,0.19480519480519481,0.02505082776648272,97.39906114797199,0.04265734265734266,21.327896979581556,0.24675324675324675,0.01269278805658021,49.35029099977255,0.08671328671328671,17.342531412065817,0.3167701863354037,0.008147201487118418,31.67678861655881,0.16293706293706295,16.293587979884418,0.4150197628458498,0.005337109247358676,20.750988142292492,0.2804195804195804,14.020979020979022,0.5872388481084133,0.003020726833348824,11.744759905551478,0.49230769230769234,9.846139546855227,0.7419536984754376,0.0019082888574229386,7.419536984754376,0.6839160839160839,6.839160839160839,0.29050064001604053,0.8827948913717878,0.16666666666666666,16.61111111111111,0.4811320754716981,9.623466778860159,0.6194968553459119,6.195499854364219
2019-03-28,86,6885750,1959,1600,0.00028450059906328284,0.030419810029783584,0.8751934423495644,0.0018315916650761474,0.15875446656457376,0.045164101074644206,158.74870289674905,0.014375,14.374478107754864,0.1827462991322103,0.02599477200116178,91.3698322138845,0.02625,13.124523489689224,0.2343032159264931,0.01333178425164832,46.86030291515438,0.075,14.999891080194024,0.27105666156202146,0.007711522263208342,27.105469333275572,0.114375,11.437416948647941,0.3731495661051557,0.005308063754856043,18.657478305257786,0.235625,11.78125,0.5579377233282287,0.0031746492782247526,11.158673439273146,0.46,9.199933195852333,0.6835119959162839,0.001944595723051229,6.835119959162839,0.613125,6.1312500000000005,0.25431955312649085,0.8726529044894243,0.1776061776061776,17.7014157014157,0.47104247104247104,9.421657383921536,0.6254826254826255,6.255362689324954
2019-03-29,87,6885750,2475,1832,0.0003594379697200741,0.06107807323450821,0.8622377805901869,0.0023811557043781884,0.2197979797979798,0.07900087133313971,219.78999991198654,0.03875545851528384,38.75405147714431,0.2634343434343434,0.047342433923903575,131.71238965313898,0.060589519650655024,30.293659957486042,0.31313131313131315,0.022510093235353915,62.625807876904325,0.09552401746724891,19.104664767350464,0.3486868686868687,0.01253303900781318,34.86843367597964,0.13209606986899564,13.209511067710892,0.43676767676767675,0.007849544348836364,21.838383838383834,0.24344978165938866,12.172489082969431,0.5668686868686869,0.004075076679988847,11.337357272417455,0.4170305676855895,8.340599240871155,0.6694949494949495,0.00240640507479897,6.694910603554345,0.5551310043668122,5.551277795748603,0.2949544585678126,0.8607505314753584,0.1716867469879518,17.111445783132528,0.4307228915662651,8.615196635599,0.5753012048192772,5.753505445452478
2019-03-30,88,6885750,2959,2088,0.00042972806157644413,0.0822478252437372,0.9220610770389638,0.004974388618229621,0.2693477526191281,0.11574208539064769,269.33797380150463,0.04310344827586207,43.10188338157381,0.32882730652247383,0.0706505954109788,164.4076841335408,0.08189655172413793,40.94678921249512,0.38932071645826294,0.033460164396293825,77.86357789516059,0.1489463601532567,29.78905572120269,0.4562352145995269,0.019605565075953412,45.623190172945655,0.23754789272030652,23.75461678089475,0.5559310577897939,0.011944958791707512,27.796552889489693,0.37452107279693486,18.726053639846743,0.7154444068942211,0.006148921832884097,14.308867357479441,0.600095785440613,12.001898278759937,0.8002703616086516,0.0034389713293192636,8.002668749868239,0.7203065134099617,7.203033751750193,0.36781022115153017,0.8765714123584839,0.17607223476297967,17.548532731376973,0.4221218961625282,8.443161974530431,0.5981941309255079,5.982454340242151
2019-03-31,89,6885750,3370,2486,0.0004894165486693533,0.07447664896955976,0.9221598721417388,0.007205635968039544,0.23353115727002968,0.11428986349114145,233.52267879350958,0.041432019308125505,41.43051509598101,0.29673590504451036,0.07261109497531222,148.36256594250924,0.08487530168946097,42.436110122582484,0.37804154302670623,0.03700368875076244,75.60775958918768,0.17216411906677392,34.43257378558885,0.4635014836795252,0.02268403549281866,46.349138692782226,0.2803700724054706,28.036396492338977,0.5801186943620178,0.01419598446066151,29.005934718100892,0.4364440868865648,21.822204344328238,0.7454005934718101,0.0072961959284206,14.907946918137137,0.6600965406275141,13.201873294313513,0.8308605341246291,0.004066368950368515,8.308605341246292,0.7759452936444087,7.759452936444087,0.39214753402025565,0.8765047441110745,0.15,14.95,0.4166666666666667,8.334048027444254,0.6,6.000514579759863
2019-04-01,90,6885750,3170,2061,0.0004603710561667211,0.10147763800348589,0.9079586789371856,0.004437125874520418,0.29716088328075707,0.13679930293348824,297.1500946921977,0.036390101892285295,36.38878072971297,0.35678233438485807,0.08212314841707813,178.38469060343715,0.07083939835031539,35.41841324358729,0.41514195583596214,0.03822359057771065,83.02778827144199,0.12518195050946143,25.03620830464213,0.4753943217665615,0.021885619681082807,47.53908697760755,0.2052401746724891,20.523868435782216,0.5842271293375394,0.01344806302871873,29.21135646687697,0.368753032508491,18.43765162542455,0.740378548895899,0.006816967190259318,14.80754947328962,0.6045608927704997,12.091200295666617,0.816403785488959,0.003758486729840613,8.16403785488959,0.7214944201843765,7.214944201843764,0.41647152965722173,0.879415488146859,0.1519434628975265,15.143698468786809,0.42579505300353354,8.516631411791089,0.6130742049469965,6.1312678420985645
2019-04-02,91,6885750,2581,1651,0.00037483208074646915,0.08606207813294114,0.9350005846617803,0.003208083828498138,0.2932971716388997,0.10993319779262271,293.28652332450673,0.01877649909145972,18.775817400380305,0.34521503293297173,0.06469648562300319,172.60124985610005,0.039975772259236826,19.987160458469358,0.3936458736923673,0.029510006099509135,78.72860306071098,0.08600847970926712,17.201571034827793,0.4552499031383185,0.01706410293647797,45.52465974229104,0.17019987886129617,17.019864298544398,0.5958930647036033,0.0111679918672621,29.794653235180164,0.37613567534827375,18.806783767413688,0.7698566447113522,0.005771330978715494,15.397110533394116,0.6438522107813447,12.87702551464949,0.8465710964742348,0.0031732154475322986,8.465698670222986,0.7637795275590551,7.63778418343039,0.4467469431978349,0.895944471983225,0.15300546448087432,15.249544626593806,0.46994535519125685,9.39971318505188,0.6502732240437158,6.503289936169614
2019-04-03,92,6885750,1933,1250,0.0002807246850379407,0.04727955571134757,0.9118156722204359,0.0018804844180104942,0.24831867563372995,0.06970665117629973,248.3096602882596,0.0176,17.599361022364217,0.30522503879979307,0.04284054603543421,152.6069787188262,0.0384,19.199302933488237,0.3667873771339886,0.020593104650149584,73.35694275466503,0.072,14.399895436986261,0.4490429384376617,0.012605652211798194,44.9039677793013,0.1696,16.95987684800604,0.5488877392653906,0.007704316886323203,27.444386963269526,0.3144,15.719999999999999,0.6870150025866528,0.003857235802583883,13.740280097072928,0.52,10.399984896365833,0.7837558199689602,0.0022001960570743927,7.8375581996896,0.668,6.68,0.39589383499686726,0.889222054706297,0.13197026022304834,13.153035935563814,0.4516728624535316,9.034231988114291,0.6282527881040892,6.283066691322285
2019-04-04,93,6885750,1525,1170,0.0002214718803325709,0.02167302434584875,0.878212057799761,0.001530338388445794,0.16065573770491803,0.03557943653790299,160.64990501040361,0.018803418803418803,18.802736135004505,0.19672131147540983,0.02178332849259367,98.35708470024711,0.03247863247863248,16.238726662049345,0.25114754098360653,0.011124342850503935,50.229143464168835,0.06495726495726496,12.991358656350378,0.34295081967213115,0.007595341136832322,34.29483293963486,0.1658119658119658,16.581076179815614,0.44459016393442624,0.004923210979196166,22.229508196721312,0.2863247863247863,14.316239316239315,0.6045901639344262,0.0026779905195650155,12.091785718094954,0.4863247863247863,9.726481600973305,0.6957377049180328,0.001540861139511107,6.957366945172856,0.6042735042735042,6.042726267037017,0.2967250690479907,0.8828642512403203,0.10183299389002037,10.149355057705364,0.4093686354378819,8.188074884804701,0.6028513238289206,6.029030263438287
2019-04-05,94,6885750,1724,1325,0.00025037214537268997,0.030017805379358914,0.8831494105426568,0.0021009045476305535,0.15951276102088166,0.039936102236421724,159.50696982276153,0.015849056603773583,15.848481195096422,0.21635730858468677,0.02708393842579146,108.17472680707283,0.038490566037735846,19.24458430833137,0.30162412993039445,0.015103546428882628,60.32438794818942,0.12528301886792453,25.056421829556808,0.3677494199535963,0.009207354265299603,36.77467496072317,0.19547169811320755,19.54702787305787,0.4599767981438515,0.005758268888646843,22.998839907192576,0.30792452830188677,15.39622641509434,0.6154292343387471,0.0030817133280470767,12.308531060672946,0.5026415094339622,10.052786390459485,0.7233178654292344,0.0018109864575391206,7.2331786542923435,0.6422641509433962,6.422641509433962,0.3613275825987341,0.8813299003336547,0.11564625850340136,11.52607709750567,0.4098639455782313,8.197981937200266,0.5884353741496599,5.8848584030524735
2019-04-06,95,6885750,2275,1767,0.0003303924772174418,0.030457427449825932,0.9050988721395947,0.003855468923727212,0.1402197802197802,0.0463258785942492,140.21468946389072,0.019241652518392757,19.24095393966351,0.21010989010989012,0.03470810339819924,105.05113097764854,0.05715902659875495,28.578475704500214,0.3213186813186813,0.021232100845217695,64.26326962415725,0.15110356536502548,30.2204936307248,0.41186813186813187,0.013607714426791368,41.18651411616644,0.25749858517260893,25.749671539287984,0.5103296703296704,0.00843045419888901,25.516483516483515,0.37860780984719866,18.93039049235993,0.6606593406593406,0.004365531183195465,13.213167624038755,0.567062818336163,11.341239896128341,0.7626373626373626,0.0025196964746033476,7.626373626373627,0.6960950764006791,6.960950764006791,0.4079582209119868,0.8810576281934711,0.12368024132730016,12.326797385620916,0.39668174962292607,7.934315407123399,0.5806938159879337,5.807436182019978
2019-04-07,96,6885750,2614,2125,0.0003796245870094035,0.021770702336093878,0.9083368846447782,0.004923782189374981,0.1090283091048202,0.04138832413592797,109.02435077236649,0.02023529411764706,20.234559464215543,0.18592195868400918,0.03528899215800174,92.95760434275458,0.06352941176470588,31.763552647315098,0.2949502677888294,0.022393912108977898,58.98962521208667,0.15670588235294117,31.34094889226422,0.4024483550114767,0.015277818118446659,40.24454327050271,0.272,27.199802492085162,0.4996174445294568,0.00948335330210943,24.98087222647284,0.38635294117647057,19.317647058823532,0.6530221882172915,0.004958015167401994,13.060310994238055,0.5731764705882353,11.463412875599248,0.7628156082631982,0.0028958313969699788,7.6281450044705545,0.7082352941176471,7.082342655669946,0.4545294845920256,0.8965534563832169,0.12215909090909091,12.175189393939394,0.4147727272727273,8.29616599095587,0.6150568181818182,6.1510956748011845
2019-04-08,97,6885750,3102,2572,0.00045049558871582617,0.02637266547368467,0.9016617461895021,0.005040766324764149,0.1031592520954223,0.046471100784199824,103.15550684229656,0.015163297045101089,15.16274653330015,0.15312701482914248,0.03449027011327331,76.56072773451699,0.03771384136858476,18.856236073463005,0.25886524822695034,0.023323361119986057,51.772673704688586,0.12947122861586313,25.894057696757958,0.36428110896196003,0.016410584100612854,36.42784638001127,0.24416796267496113,24.41661896931531,0.47936814958091556,0.010797661837853538,23.968407479045776,0.374805598755832,18.740279937791602,0.6295938104448743,0.00567255997141936,12.5918213485496,0.5532659409020217,11.065270608605262,0.7414571244358479,0.0033402122341808275,7.414528172633989,0.6881804043545878,6.881764066700558,0.4812582552160386,0.902809425502205,0.11662198391420911,11.623324396782843,0.42359249329758714,8.47257643969668,0.6260053619302949,6.2605905021176405
2019-04-09,98,6885750,3502,2887,0.0005085865737210907,0.02297325121540269,0.8612002606646998,0.0038035089788950017,0.1036550542547116,0.052715654952076675,103.651291001217,0.015587114651887772,15.586548753156585,0.14705882352941177,0.0373947139122858,73.52674223915531,0.03255975060616557,16.279284253296876,0.22358652198743575,0.022742455488105957,44.71697969081256,0.08694146172497402,17.388166083032903,0.30097087378640774,0.015306863400040664,30.09686883404626,0.16799445791479045,16.799323805320636,0.39920045688178185,0.01015139962966997,19.96002284408909,0.2812608243851749,14.063041219258746,0.5645345516847515,0.005742268849716372,11.290641842357083,0.47627294769657086,9.525417453365232,0.6750428326670475,0.0034331722279022214,6.750418523208943,0.6082438517492207,6.082429684133918,0.5086361469315308,0.8955074130252194,0.12385919165580182,12.344632768361583,0.4276401564537158,8.553536645637703,0.6323337679269883,6.323879989533971
2019-04-10,99,6885750,3666,3056,0.0005324038775732491,0.019916385690675255,0.8290501691428527,0.0031259023299869955,0.08919803600654665,0.0474876561138542,89.19479762301461,0.010798429319371727,10.798037276483281,0.12493180578286961,0.033255881498693,62.46363503263102,0.022578534031413612,11.288857152687067,0.20649208947081288,0.021987278166661826,41.2981180131183,0.07329842931937172,14.659579415198348,0.270594653573377,0.014406459670626507,27.05926886988993,0.14234293193717276,14.234189833953753,0.35733769776322966,0.009512398794612062,17.866884888161486,0.23723821989528796,11.861910994764399,0.5141843971631206,0.005475067385444744,10.283673008545048,0.42212041884816753,8.442396116285696,0.618657937806874,0.0032937588497984967,6.18657937806874,0.5454842931937173,5.454842931937173,0.5012309397754122,0.8885599157076688,0.12289780077619664,12.248814144027598,0.4282018111254851,8.564770702460175,0.6131953428201811,6.132479324722239
2019-04-11,100,6885750,2970,2168,0.00043132556366408886,0.05936417750436087,0.8508154946160813,0.0026036755379245133,0.2047138047138047,0.08829509148997967,204.70637246704632,0.033210332103321034,33.20912638403178,0.25286195286195284,0.05453093232645948,126.4263862851577,0.06088560885608856,30.44169918536246,0.3202020202020202,0.027622062795898805,64.03993902251186,0.11116236162361623,22.232310887618446,0.36666666666666664,0.015815155827935752,36.66640041825206,0.15452029520295202,15.451917318158047,0.4164983164983165,0.008982318556439023,20.824915824915827,0.21033210332103322,10.51660516605166,0.5471380471380471,0.004719871968026861,10.94271326728652,0.382380073800738,7.647568156907226,0.6531986531986532,0.0028174086811041917,6.531977045762017,0.5262915129151291,5.262907485964296,0.4121186344917447,0.8767931808936348,0.13614262560777957,13.568881685575365,0.41491085899513774,8.298928862336709,0.5964343598055105,5.96485511980451
2019-04-12,101,6885750,2208,1368,0.00032066223722906,0.06352986106860982,0.8776598654795384,0.0015887223750932148,0.2971014492753623,0.09526575660760964,297.090662844587,0.035818713450292396,35.81741303229028,0.35643115942028986,0.057144931745570726,178.20910949595273,0.06725146198830409,33.62451019357863,0.41530797101449274,0.026634523221702636,83.06099106605024,0.10380116959064327,20.76008317141863,0.4479166666666667,0.014362891748235499,44.79134142002382,0.13815789473684212,13.815689152810284,0.4913949275362319,0.007878589841338997,24.569746376811594,0.1922514619883041,9.612573099415204,0.6046195652173914,0.0038775563552712984,12.092338620158218,0.364766081871345,7.29528985313389,0.7006340579710145,0.002246665582303188,7.006330404594284,0.5182748538011696,5.182741011248437,0.32256897878345686,0.871141858746188,0.1294559099437148,12.902439024390244,0.36585365853658536,7.317700707024223,0.5722326454033771,5.722817219595867
2019-04-13,102,6885750,2001,1373,0.00029060015248883565,0.05206339154690161,0.8615227208917399,0.0011404176919125241,0.22938530734632684,0.06665698518733662,229.37697938715797,0.01529497450837582,15.294419215952484,0.2768615692153923,0.040226546616322974,138.42575880227182,0.04224326292789512,21.120864631553427,0.3218390804597701,0.018705161346539254,64.36734869661802,0.06627822286962855,13.25554832044337,0.36531734132933535,0.010616050422608847,36.53146886430728,0.10487982520029134,10.487906363427722,0.42828585707146427,0.0062229967686889594,21.414292853573215,0.17698470502549163,8.84923525127458,0.527736131934033,0.0030671906450685325,10.554676653813416,0.31536780772032047,6.307328674486251,0.6331834082958521,0.0018400292778139233,6.331824887409906,0.46831755280407866,4.68316872679368,0.33373769167202233,0.8762607520635615,0.11985688729874776,11.945736434108527,0.3756708407871199,7.514061191112529,0.590339892665474,5.903905221588416
2019-04-14,103,6885750,2572,1987,0.0003735250335838507,0.04701114074355492,0.8663620651057926,0.0027091222947779373,0.16990668740279938,0.06346209700842288,169.9005188474914,0.02315047810770005,23.14963761691775,0.208398133748056,0.038919546906767355,104.19528386985743,0.04177151484650227,20.88499915439319,0.2713841368584759,0.02027360655261553,54.27643325026143,0.09411172622043282,18.822208569007095,0.34914463452566097,0.01304133143570827,34.914209927460426,0.18117765475591344,18.11763391669132,0.4444012441679627,0.008299689215486945,22.21990086140717,0.2949169602415702,14.745740937751547,0.5692068429237948,0.004252241576117738,11.38408726001272,0.447408152994464,8.948124074488673,0.6660186625194401,0.0024877355942246196,6.660157608060722,0.57221942627076,5.722169332223634,0.40573451670572763,0.884104612736788,0.10404624277456648,10.369942196531792,0.3872832369942196,7.746329033601365,0.5852601156069365,5.853103094418941
2019-04-15,104,6885750,2884,2243,0.00041883600188795703,0.04764345088067896,0.8867350789232501,0.0033142936532172497,0.17926490984743412,0.07507987220447285,179.25840153673678,0.022737405260811413,22.73657976686497,0.22295423023578365,0.04668893406912576,111.47306788019512,0.049041462327240305,24.519840925050456,0.2843273231622746,0.023817130907084143,56.86505171409661,0.1069995541685243,21.399755442095795,0.3606102635228849,0.015103546428882628,36.060764501622245,0.18858671422202408,18.858534483346922,0.4521497919556172,0.009468761799645647,22.607325437555485,0.29959875167186806,14.979828809467056,0.5669209431345353,0.0047489311274282,11.338402396216617,0.4453856442264824,8.907699948103044,0.6799583911234397,0.0028478981320925155,6.7995542867739385,0.5889433794025858,5.889408134911884,0.42903243141830777,0.8907191685795727,0.11172413793103449,11.135172413793104,0.4096551724137931,8.19380611581002,0.5862068965517241,5.862571715857338
2019-04-16,105,6885750,2753,2143,0.0003998112042987329,0.051104703190568285,0.8764959126638302,0.0030981589888778764,0.18053033054849255,0.07217542840546036,180.52377629600386,0.02426504899673355,24.264168040844908,0.22084998183799492,0.04414754574498984,110.42098187924583,0.04293047130191321,21.46445634382434,0.2884126407555394,0.023061953585640012,57.68210929978958,0.11245916938870743,22.491670557329346,0.35779150018162004,0.014304801185047488,35.778890214290136,0.1941203919738684,19.411898240350638,0.43443516164184526,0.008684602258287042,21.72175808209226,0.2865142323845077,14.325711619225382,0.5495822738830367,0.004394576633516126,10.991629514796099,0.42883807746150254,8.576749093434977,0.6600072648020342,0.002638779161632122,6.600063062916231,0.5697620158656089,5.697611884158926,0.4390424882413398,0.8924192061111489,0.1267806267806268,12.635802469135802,0.3945868945868946,7.89241471316943,0.5826210826210826,5.826710501238803
2019-04-17,106,6885750,2178,1580,0.00031630541335366517,0.054101689098062816,0.8350550727067503,0.002111625746575403,0.23140495867768596,0.07319198373511472,231.3965573939698,0.04493670886075949,44.93507740894201,0.26400367309458217,0.04175137961080453,131.99704414834588,0.06139240506329114,30.695088089206866,0.3236914600550964,0.020476923523773564,64.73782192553894,0.11455696202531646,22.911226038102264,0.37327823691460055,0.011806906967963054,37.327552642172456,0.16265822784810127,16.26570467345934,0.4279155188246097,0.006767599753113314,21.39577594123049,0.2259493670886076,11.297468354430379,0.5385674931129476,0.0034070214267664664,10.771302933589164,0.37278481012658227,7.455663719517945,0.6441689623507806,0.0020375383399944234,6.441680268419009,0.5177215189873418,5.177207671146087,0.3228168974654678,0.8433447597327197,0.11872909698996656,11.833333333333332,0.3528428093645485,7.05746140651801,0.5183946488294314,5.184391080617496
2019-04-18,107,6885750,1447,850,0.00021014413825654431,0.08697851897128837,0.8916308394858807,0.0018329462239362899,0.3614374568071873,0.07595120534417658,361.4243346224353,0.06352941176470588,63.52710529463021,0.4187975120939876,0.04400232355503921,209.39115371051227,0.1,49.998184722625616,0.4837595024187975,0.020331697115803536,96.75119793721092,0.16117647058823528,32.23506004684834,0.5307532826537664,0.011153226157800723,53.07417209127597,0.22470588235294117,22.470098743980667,0.5798203178991016,0.006092292052427114,28.99101589495508,0.29764705882352943,14.882352941176471,0.6496199032480995,0.0027302723301422067,12.992379196459364,0.4117647058823529,8.23528215775575,0.7360055286800277,0.0015466724757651673,7.360055286800277,0.5576470588235294,5.576470588235295,0.23669362453298948,0.8523673619827465,0.10955710955710955,10.919191919191919,0.3613053613053613,7.226726960860752,0.5524475524475524,5.524949321690316
2019-04-19,108,6885750,1184,646,0.0001719493156155829,0.11549846687862901,0.9149809547848707,0.0013827171618507495,0.3606418918918919,0.062009875108916646,360.6287985905598,0.04953560371517028,49.533805297957265,0.4155405405405405,0.03572465872785362,207.76272705685648,0.0804953560371517,40.24621680459028,0.4797297297297297,0.01649771994539487,95.94524925169151,0.1346749226006192,26.93478893657131,0.5591216216216216,0.009613988207615673,55.911756166038536,0.23529411764705882,23.52924091010827,0.6266891891891891,0.005387938859238282,31.334459459459463,0.34520123839009287,17.260061919504643,0.71875,0.0024717678222883166,14.374979123582582,0.5015479876160991,10.030945184634822,0.8040540540540541,0.0013825634352635002,8.0405288634845,0.653250773993808,6.5324982529566284,0.3113928041433879,0.8695238296905741,0.16032608695652173,15.979166666666666,0.4782608695652174,9.566037735849056,0.6413043478260869,6.413593481989708
2019-04-20,109,6885750,1849,1482,0.00026852557818683514,0.036683173128069284,0.9107233624345691,0.002459471074203498,0.15575987020010817,0.04182399070577984,155.75421525274393,0.021592442645074223,21.591658719622398,0.18442401297998917,0.02476038338658147,92.20865868261403,0.037112010796221326,18.555331712175498,0.25635478637101133,0.013767463475558395,51.27058497935436,0.1039136302294197,20.782575135851367,0.34234721471065443,0.0091928316245026,34.234472881784086,0.19838056680161945,19.837912629676303,0.42401297998918336,0.00569291653051592,21.200648999459165,0.291497975708502,14.5748987854251,0.6068144943212548,0.0032588900603853156,12.136237010977927,0.5148448043184886,10.296851224802515,0.7755543537047053,0.0020825618124387323,7.7555435370470525,0.7226720647773279,7.22672064777328,0.4618443863112389,0.8991422590011281,0.20554272517321015,20.485758275596613,0.5127020785219399,10.254920990813622,0.7066974595842956,7.067580682858037
2019-04-21,110,6885750,3151,2831,0.00045761173437897107,0.029494890394220506,0.8927966095664802,0.0041945781968524476,0.08441764519200254,0.038629102526866105,84.41458036317623,0.014835747085835394,14.835208465915056,0.10917169152649953,0.024978216671507406,54.58386399423425,0.029318262098198516,14.658598841320828,0.16248809901618533,0.014871184176130588,32.497383827607486,0.08018368067820558,16.03661968776189,0.23579815931450332,0.01079016541047648,23.5793022771147,0.15895443306252208,15.895097045560659,0.3468740082513488,0.007936680826344262,17.34370041256744,0.2794065701165666,13.970328505828329,0.5683909869882577,0.005202040152430523,11.367803230592978,0.5217237725185447,10.434460296668979,0.7537289749285941,0.0034491472255785854,7.537278803087193,0.7276580713528789,7.276570145950608,0.46058155159997827,0.8906328203970677,0.14770797962648557,14.72156196943973,0.47877758913412566,9.57637301353866,0.66723259762309,6.672898216880663
2019-04-22,111,6885750,4302,3880,0.0006247685437316197,0.03129305010644674,0.90028826684521,0.005597529441642001,0.0894932589493259,0.05591054313099041,89.49000984756327,0.01804123711340206,18.040582116411308,0.11506276150627615,0.035942492012779555,57.52929204486211,0.03479381443298969,17.39627561225376,0.15946071594607159,0.019925063173487467,31.891911610144426,0.07680412371134021,15.360713202398003,0.2192003719200372,0.013694850271573383,21.91987802359052,0.1402061855670103,14.020516748497508,0.3196187819618782,0.009984388047779836,15.980939098093911,0.24845360824742269,12.422680412371134,0.5648535564853556,0.007058003427343228,11.296989098054075,0.5190721649484537,10.38136791598308,0.7631334263133426,0.00476781067013663,7.631323180356415,0.7389175257731959,7.389164526635816,0.479479669692446,0.8935829741930013,0.13221884498480244,13.177811550151976,0.46656534954407297,9.332107274499887,0.648936170212766,6.489918251158716
2019-04-23,112,6885750,4148,3160,0.0006024035145045928,0.07936626488743537,0.9116695306525051,0.005328413646351008,0.19334619093539054,0.11646819634040081,193.339171396074,0.02088607594936709,20.885317668944875,0.23625843780135006,0.07115887307580598,118.12493015470854,0.045253164556962024,22.625760808023617,0.30906460945033754,0.03723605100351448,61.81247304663689,0.10886075949367088,21.771993804163476,0.37054001928640307,0.022321298904992883,37.05373286766025,0.18164556962025316,18.16442506335732,0.46263259402121504,0.013934575028137821,23.131629701060753,0.29873417721518986,14.936708860759493,0.6499517839922855,0.007830653406450413,12.999016801703455,0.5424050632911392,10.848085511423465,0.7994214079074252,0.004815735663165722,7.994202469296858,0.7379746835443038,7.379736118039534,0.5154495670428386,0.8938737810202344,0.14909638554216867,14.859939759036143,0.46536144578313254,9.308027134266052,0.6400602409638554,6.4011513463803755
2019-04-24,113,6885750,3993,2712,0.0005798932578150528,0.09445929679361632,0.9112175911163864,0.004810747425152084,0.2231404958677686,0.12939297124600638,223.13239462989944,0.022861356932153392,22.86052693807366,0.2837465564738292,0.08226837060702875,141.86812744987435,0.048672566371681415,24.33539964375583,0.37690959178562483,0.04371314879897761,75.38137098486354,0.12426253687315635,24.852326912612515,0.4387678437265214,0.02544366667634843,43.876465769262765,0.19542772861356933,19.54263095502171,0.5261707988980716,0.015256144937007589,26.308539944903586,0.3112094395280236,15.56047197640118,0.6791885800150262,0.007877126126963473,13.583751872962369,0.5317109144542773,10.634202845302596,0.8009015777610818,0.004644360761396329,8.008992515097615,0.7094395280235988,7.094374674275346,0.5064520596765393,0.8919298376890162,0.1404320987654321,13.996399176954732,0.4660493827160494,9.32178705291913,0.6635802469135802,6.636371577409313
2019-04-25,114,6885750,3043,1909,0.00044192716842754963,0.1019608765311082,0.9225602899355901,0.0036421865658736933,0.25106802497535324,0.11094975312227709,251.05890981324993,0.01990570979570456,19.904987108012293,0.3269799539927703,0.07224803950043567,163.48404140326156,0.05081194342587742,25.405049335226217,0.416036805783766,0.0367713264980104,83.20675696144433,0.12205343111576741,24.41050896933967,0.48899112717712784,0.02160968950593976,48.89875764558814,0.21162912519643792,21.16275884895542,0.5806769635228393,0.012830846313037795,29.033848176141966,0.34206390780513357,17.10319539025668,0.7354584291817285,0.006500371781764104,14.709147221913303,0.5814562598218963,11.629108307779017,0.8284587578047979,0.00366116837889099,8.284551483716278,0.7276060764798323,7.276029064421177,0.49984787228673877,0.8965741194619985,0.15934959349593497,15.881842818428185,0.46991869918699186,9.399180019244445,0.6585365853658537,6.585930636321801
2019-04-26,115,6885750,3035,2235,0.00044076534872744435,0.03913478817210742,0.9032176729002172,0.0036575851657329895,0.1686985172981878,0.07435376125471972,168.69239260615694,0.016554809843400447,16.554208811965527,0.21812191103789128,0.04806854487365669,109.05699600124599,0.03847874720357942,19.238675105797775,0.29357495881383855,0.025879345900258505,58.71456541440033,0.09351230425055929,18.702325045551383,0.37528830313014827,0.01654128786778588,37.52855780415375,0.1865771812080537,18.657582641136187,0.48797364085667216,0.01075409359909959,24.39868204283361,0.3194630872483222,15.973154362416105,0.6616144975288303,0.005832326424388884,13.232270733685587,0.5440715883668904,10.881415964533515,0.7769357495881384,0.003424463566060342,7.769357495881383,0.6993288590604027,6.993288590604026,0.4223547059108284,0.8808004674254759,0.10810810810810811,10.774774774774775,0.40825035561877665,8.165707370275394,0.5945945945945946,5.946455889852116
2019-04-27,116,6885750,2496,1894,0.00036248774643285047,0.03531832356416983,0.8951171067708729,0.003105442807914372,0.15384615384615385,0.05576532094103979,153.84056837730958,0.009503695881731784,9.503350844849642,0.1955128205128205,0.03543421434795237,97.75286115641546,0.02164730728616684,10.82326068441209,0.2748397435897436,0.019925063173487467,54.96754957806143,0.0839493136219641,16.78974080782013,0.3685897435897436,0.013360829533242325,36.85870671415198,0.19060190073917635,19.06005167177065,0.49599358974358976,0.008989579929564681,24.79967948717949,0.3453009503695882,17.265047518479406,0.6638621794871795,0.004812831118133656,13.277224307567636,0.5601900739176346,11.203785207379731,0.7640224358974359,0.002769479666035897,7.64020216763088,0.6906019007391764,6.905998948577695,0.39020142789509,0.8761649959455794,0.1130030959752322,11.262641898864809,0.39473684210526316,7.895413920736662,0.5897832817337462,5.89833863490327
2019-04-28,117,6885750,2662,2242,0.0003865955052100352,0.025141244558848537,0.8929251726490829,0.0032633843241325266,0.11758076634109692,0.045454545454545456,117.5764975070009,0.011150758251561105,11.15035341717788,0.13974455296769348,0.02701132733081615,69.86973973259478,0.021409455842997322,10.704339280490766,0.19459053343350863,0.015045455865694618,38.91782408985977,0.06868867082961641,13.737634411833955,0.28512396694214875,0.011022684364924918,28.512189656567152,0.16458519179304193,16.458399668723146,0.4042073628850488,0.007813237483208075,20.210368144252442,0.29973238180196254,14.986619090098129,0.608564988730278,0.004705362951947207,12.171282098561413,0.5392506690454951,10.784997718131384,0.7325319308790383,0.0028319355190066444,7.325319308790384,0.6855486173059768,6.855486173059768,0.36820214961419767,0.8741394275637734,0.10378912685337727,10.344316309719934,0.4299835255354201,8.600408046772785,0.6079077429983526,6.0795987916842105
2019-04-29,118,6885750,2531,2135,0.0003675707076208111,0.015361719786927118,0.8966879758677163,0.002744034702648713,0.1110233109442908,0.040807435376125474,111.01928018220308,0.00702576112412178,7.0255060500176505,0.1430264717502963,0.026285216381063025,71.5106395479671,0.017330210772833723,8.66479079502177,0.1924140655867246,0.01414505213628046,38.48253368130904,0.0585480093676815,11.709516846365357,0.25721058870011854,0.009454239158848646,25.720872101162414,0.1297423887587822,12.974144665772815,0.37139470564994076,0.006825690738118578,18.56973528249704,0.2613583138173302,13.06791569086651,0.5942315290399052,0.004368435728227531,11.884613321075749,0.5227166276346604,10.454317370153369,0.7226392730146187,0.002656191001771762,7.2263402569932484,0.673536299765808,6.735314090029354,0.40783080680923584,0.893639072483879,0.17155756207674944,17.09857035364936,0.5237020316027088,10.474938920273049,0.6817155756207675,6.817740417936339
2019-04-30,119,6885750,2700,2252,0.0003921141487855353,0.03277167180200088,0.9179069127139216,0.003954050752013093,0.14407407407407408,0.05649143189079291,144.06884338593605,0.020870337477797513,20.86957976876913,0.1874074074074074,0.036741214057507986,93.70030173943913,0.04662522202486678,23.31176463532722,0.24518518518518517,0.019227976415231347,49.036680963399725,0.10568383658969804,21.136613837099922,0.31037037037037035,0.012169972987888118,31.036811667166894,0.17984014209591473,17.983883621902248,0.41703703703703704,0.008176306139490977,20.85185185185185,0.30550621669627,15.275310834813498,0.6407407407407407,0.005024862905474487,12.814796204211463,0.5710479573712256,11.420942561079436,0.7985185185185185,0.0031311040917837564,7.985185185185186,0.7597690941385435,7.597690941385435,0.53044504901602,0.9021039843820167,0.2052980132450331,20.461368653421633,0.609271523178808,12.18647552622312,0.7328918322295805,7.32954687446753
2019-05-01,120,6885750,2509,1969,0.00036437570344552157,0.04026129443384336,0.9069729230524632,0.0030019918768366223,0.17018732562774014,0.062009875108916646,170.18114688370775,0.020822752666328086,20.821996684892333,0.21243523316062177,0.03870171362184142,106.21376029158809,0.041137633316404264,20.568069896052183,0.28098844161020325,0.020476923523773564,56.19728025262009,0.1015744032503809,20.314733137218923,0.35671582303706656,0.012997763513317261,35.67132328091842,0.18943626206196038,18.943488650456647,0.4432044639298525,0.008074646915731764,22.160223196492623,0.29507364144235654,14.753682072117826,0.5695496213630928,0.004150594850822567,11.390975884436624,0.45302183849669886,9.060423611710672,0.7552809884416102,0.0027520484244341237,7.552776978297037,0.6881665820213306,6.881635838137984,0.5023749733532955,0.8734634461735683,0.19791666666666666,19.725694444444446,0.54375,10.87593267581475,0.6604166666666667,6.604733061749572
2019-05-02,121,6885750,2199,1539,0.00031935519006644154,0.08316559067340791,0.9078160455891304,0.0026643316342418624,0.25284220100045474,0.0807435376125472,252.83302142591947,0.03573749187784275,35.73619440863429,0.30104592996816737,0.04806854487365669,150.51750016543048,0.06107862248213125,30.538202494651124,0.3656207366984993,0.023352406401580064,73.12361636183716,0.11435997400909681,22.871828720936954,0.42155525238744884,0.013462488018821342,42.15521913396956,0.18128654970760233,18.128523332788095,0.4906775807185084,0.007834964709982864,24.533700887569125,0.2761533463287849,13.807567054542904,0.6666666666666666,0.004258063017009016,13.333313969699788,0.5263157894736842,10.526300502394568,0.8130968622100955,0.002596667029735323,8.130968622100957,0.7355425601039636,7.355425601039636,0.4003490140352262,0.8442355589967623,0.15204678362573099,15.153996101364521,0.4600389863547758,9.201568816265937,0.6101364522417154,6.101887795532284
2019-05-03,122,6885750,2442,1837,0.00035464546345713975,0.056861684056998096,0.8936936426675731,0.0034027626299981055,0.2285012285012285,0.08103398199244845,228.49293263902615,0.046815459989112684,46.8137603282069,0.2821457821457821,0.050029044437990125,141.067769344345,0.08056614044637997,40.28160772427105,0.3308763308763309,0.023468587527956084,66.17478565545602,0.12357103973870441,24.71402848995858,0.3783783783783784,0.013418920096430335,37.83756308517411,0.17855198693522048,17.855069041203556,0.45454545454545453,0.008060065642336403,22.727107697263673,0.27708219923788785,13.854009362763126,0.61998361998362,0.004397481178548192,12.399654391968964,0.49700598802395207,9.940105324716308,0.7473382473382474,0.0026503896435843143,7.473349913313141,0.6641262928688079,6.641233994001252,0.3118073274042318,0.817211496072588,0.10883280757097792,10.847003154574134,0.3264984227129338,6.530528485858526,0.501577287066246,5.016203039862345
2019-05-04,123,6885750,2805,2254,0.00040736303234941725,0.032385704506963466,0.8804448611866305,0.0033800513974891287,0.16934046345811052,0.06898054022654662,169.33431545987287,0.03460514640638864,34.60389004760247,0.2124777183600713,0.04327621260528609,106.23500212008867,0.061224489795918366,30.611133503648336,0.26131907308377894,0.021290191408405705,52.26343511245262,0.10470275066548358,20.94039807705288,0.314795008912656,0.012823491823753232,31.479272308523644,0.16149068322981366,16.148951059422135,0.40249554367201423,0.008198090258867951,20.124777183600713,0.2653061224489796,13.26530612244898,0.5729055258467023,0.004667603866530347,11.458093876635058,0.47160603371783494,9.432106976347075,0.7101604278074867,0.002892931053262172,7.101604278074867,0.6410825199645075,6.410825199645075,0.33567456607810703,0.8404434639421008,0.0921409214092141,9.183378500451672,0.31978319783197834,6.396212469843395,0.5094850948509485,5.095287899705755
2019-05-05,124,6885750,3172,2630,0.00046066151109174744,0.03543324470373319,0.874500795326855,0.0035096333412473965,0.1465952080706179,0.06752831832704037,146.58988585132983,0.03155893536121673,31.557789596790315,0.17717528373266078,0.040807435376125474,88.5844256434918,0.049429657794676805,24.713931611944226,0.23045397225725095,0.021232100845217695,46.09045977142426,0.09505703422053231,19.01126879619014,0.28814627994955866,0.01327369368846031,28.814418762709828,0.1532319391634981,15.323082649729255,0.36380832282471626,0.008379624587009403,18.190416141235815,0.2391634980988593,11.958174904942966,0.5154476670870114,0.00474891733398395,10.308908427641862,0.4190114068441065,8.380191625863173,0.6740226986128626,0.0031049586392787433,6.740217197482222,0.6087452471482889,6.087443630842973,0.37924342792428256,0.8556420060003301,0.10167310167310167,10.133419133419133,0.3153153153153153,6.3068471559037595,0.5263835263835264,5.264286707682934
2019-05-06,125,6885750,3162,2367,0.00045920923646661585,0.0724243085411098,0.8911323441567143,0.0036798093565669405,0.211258697027198,0.09700842288701714,211.25102716454086,0.029150823827629912,29.14976549101113,0.25806451612903225,0.059250653499854776,129.02757347774352,0.05576679340937896,27.8823843827063,0.3191018342820999,0.0293066891283511,63.81990343628829,0.1149133924799324,22.982511611394308,0.3741302972802024,0.017180034563383146,37.412214735868275,0.18166455428812844,18.166059697199792,0.4443390259329538,0.010202229241549577,22.216951296647693,0.2678495986480777,13.392479932403887,0.5847564832384566,0.005370488165465641,11.695078711370979,0.44866920152091255,8.973344935134795,0.7235926628716003,0.0033227995166837066,7.235916120178631,0.6320236586396282,6.320227407690393,0.4336703318925694,0.8587665820173895,0.12585499316005472,12.543547651618788,0.3789329685362517,7.5793093415115464,0.5595075239398085,5.595555091476936
2019-05-07,126,6885750,3183,2375,0.0004622590131793922,0.06231661610334927,0.9009132601963009,0.004376223778857196,0.19604147031102734,0.09061864652918966,196.0343529181174,0.029473684210526315,29.472614152284578,0.25384857053094567,0.05866976474005228,126.91967720980679,0.06357894736842105,31.78831954996408,0.3223374175306315,0.029800458915449184,64.46701538707327,0.128,25.5998141101978,0.39239710964498903,0.018138514936319145,39.238856180571645,0.21094736842105263,21.094277321849912,0.48601947847942195,0.011233344225393021,24.300973923971096,0.3254736842105263,16.273684210526316,0.623311341501728,0.005762617343619296,12.466208725675955,0.5023157894736842,10.046301199485375,0.7577756833176249,0.003502876221540946,7.577734823272249,0.6787368421052632,6.787348706864035,0.4105103947700397,0.8587077483314189,0.1393939393939394,13.892929292929292,0.3924242424242424,7.849157960392953,0.5484848484848485,5.485318883517855
2019-05-08,127,6885750,4110,2935,0.0005968848709290927,0.08149971080850743,0.9155944717762421,0.006335490180562947,0.20948905109489052,0.12503630554748765,209.48144548019783,0.03202725724020443,32.026094473095796,0.27153284671532846,0.08103398199244845,135.76149428333378,0.06678023850085178,33.38890700386583,0.3581508515815085,0.04275465450637544,71.62965018668483,0.14787052810902895,29.573890874749374,0.4313868613138686,0.02574864213308548,43.13837288756528,0.22759795570698466,22.759630304530624,0.5262773722627737,0.015706236021958232,26.313677539707758,0.34889267461669504,17.44450705976,0.6905109489051094,0.008243074858621682,13.810158809672565,0.5727427597955707,11.454805289342241,0.8031630170316302,0.004793951575425225,8.031618506200545,0.7277683134582623,7.277672565403426,0.45055720523697074,0.8752384067774057,0.13967310549777118,13.920752847944527,0.4160475482912333,8.321664597982968,0.5780089153046062,5.780584872527455
2019-05-09,128,6885750,4778,3553,0.0006938968158878844,0.08683866301470236,0.9220736030638085,0.0072778099263721705,0.20343239849309336,0.14115596863200697,203.42501276848932,0.027582324795947088,27.58132340454439,0.2551276684805358,0.0885129247749056,127.55920296542617,0.0591049817056009,29.551417933440415,0.32691502720803683,0.04536872984983589,65.38253067465624,0.12580917534477906,25.161652360809562,0.3922143156132273,0.027215428853582736,39.221146761941675,0.1995496763298621,19.954822733572687,0.5127668480535789,0.01779036415786225,25.63834240267894,0.35378553335209684,17.68927666760484,0.7061532021766429,0.009799934938191281,14.123043532995105,0.6090627638615255,12.18123758672826,0.824822101297614,0.0057234142976436845,8.24822101297614,0.7666760484097945,7.666760484097946,0.47861432875059545,0.8773089287059412,0.15569823434991975,15.517924023542003,0.44141252006420545,8.829007541112693,0.6131621187800963,6.132147055827361
2019-05-10,129,6885750,5054,3740,0.0007339795955415169,0.0859123052603191,0.9375221434843355,0.00749981902295622,0.20933913731697665,0.15364507696776067,209.33153714498576,0.025133689839572194,25.132777347202182,0.2560348239018599,0.09395875689805402,128.01276420870113,0.051336898395721926,25.667517290759672,0.32706766917293234,0.04801185047489035,65.41305884595889,0.1160427807486631,23.20838762497043,0.3963197467352592,0.02908884951639606,39.63168689305979,0.19786096256684493,19.785952583500137,0.5114760585674714,0.01877064952982609,25.573802928373567,0.34545454545454546,17.272727272727273,0.706766917293233,0.010375034854540385,14.135317817501278,0.6050802139037433,12.101586703247573,0.8468539770478829,0.006215735395563301,8.468539770478829,0.7938502673796791,7.938502673796791,0.4829695499489498,0.8941270525929407,0.14960629921259844,14.910761154855644,0.4346456692913386,8.693658918707202,0.6362204724409449,6.36275036803933
2019-05-11,130,6885750,4736,2999,0.0006877972624623316,0.1073550737812721,0.9491826986893239,0.006584271653481131,0.23838682432432431,0.163955852454255,238.3781695601534,0.011337112370790263,11.336700770718714,0.3173564189189189,0.10913447574789428,158.6724485601907,0.03934644881627209,19.67251016095306,0.42736486486486486,0.05878764994626623,85.4723523263308,0.14138046015338446,28.27588670891304,0.49978885135135137,0.03437509076650498,49.978522222437014,0.23274424808269423,23.2742558052138,0.5880489864864865,0.020222924154957703,29.402449324324326,0.3614538179393131,18.072690896965657,0.7601351351351351,0.010456331744551815,15.202636467493173,0.6252084028009336,12.504113577798096,0.8840793918918919,0.006080665024630542,8.840781079676892,0.8182727575858619,8.182715692308255,0.5185658274743249,0.9120864171803555,0.13667117726657646,13.621560667568787,0.4181326116373478,8.363369441343247,0.6305818673883626,6.306359481660118
2019-05-12,131,6885750,4718,2931,0.0006851831681370948,0.12017680886748446,0.9291066529288328,0.005225740159921629,0.2539211530309453,0.1739761835608481,253.91193428446581,0.012623677925622655,12.623219616084256,0.31835523526918186,0.10906186465291896,159.17183860403492,0.03991811668372569,19.958333717322404,0.42136498516320475,0.05774201980888205,84.27238509940855,0.12384851586489252,24.76952331222759,0.49279355659177615,0.033765139853030875,49.27899782598714,0.20709655407710678,20.70950502826742,0.5623145400593472,0.019264422902370838,28.115727002967358,0.3097918799044695,15.489593995223473,0.7106824925816023,0.009738939492517891,14.213629209539015,0.5414534288638689,10.82905285051871,0.8395506570580754,0.005752459790146317,8.395506570580755,0.7468440805185943,7.468440805185943,0.48941624438468945,0.8977804287253494,0.12345679012345678,12.304526748971192,0.362962962962963,7.259881837240328,0.591358024691358,5.914087415030811
2019-05-13,132,6885750,4612,2990,0.0006697890571106996,0.1072403256391169,0.918441827688475,0.004730225128426607,0.22766695576756288,0.15248329944815567,227.6586901940889,0.016722408026755852,16.72180091057713,0.2907632263660017,0.09737147836189369,145.37633502393962,0.04013377926421405,20.066161092692553,0.3735906331309627,0.05004502018647071,74.71758407393554,0.10367892976588629,20.735635383991738,0.4414570685169124,0.029568096662697146,44.14538629556958,0.18127090301003346,18.126958674392778,0.5132263660017347,0.017187670188432633,25.661318300086734,0.2762541806020067,13.812709030100335,0.6827840416305291,0.009146385739887129,13.655621337473505,0.5240802675585284,10.481559684861082,0.8211188204683435,0.005499764005373416,8.211188204683435,0.7317725752508362,7.317725752508361,0.454030986760304,0.870963024537422,0.11870503597122302,11.83093525179856,0.3441247002398082,6.883084270148204,0.552757793764988,5.528052000937843
2019-05-14,133,6885750,3817,2618,0.0005543332244127365,0.08027944367888568,0.9062486957290217,0.003612710732917477,0.21587634267749542,0.11966308451931455,215.86850516868486,0.014896867838044309,14.896326999101596,0.26408173958606235,0.07319198373511472,132.03607597696256,0.03361344537815126,16.80611251180693,0.3235525281634792,0.03587092276859624,64.71003574898128,0.07410236822001529,14.820366027795469,0.3953366518208017,0.021914664962676814,39.533378115470754,0.15355233002291827,15.355121503025202,0.4807440398218496,0.013324619685582543,24.037201991092477,0.2620320855614973,13.101604278074864,0.6630861933455593,0.007351382123739068,13.261666088167745,0.516042780748663,10.320810649019013,0.7843856431752685,0.004348110227644047,7.843856431752684,0.6894576012223071,6.89457601222307,0.4092419906694945,0.8667411378578629,0.12618724559023067,12.576662143826322,0.3378561736770692,6.75770298670378,0.5413839891451832,5.4143042001903785
2019-05-15,134,6885750,2602,1642,0.00037788185745924553,0.07377076651641233,0.8960912643465772,0.0023903839548300404,0.25864719446579554,0.09773453383677026,258.6378041377943,0.012789281364190013,12.788817042328112,0.319369715603382,0.060339819924484464,159.67906035550305,0.03532277710109622,17.66074734416739,0.39584934665641813,0.029916640041825204,79.1692944534965,0.09683313032886723,19.366485438496547,0.45964642582628745,0.017369078393215023,45.964308818631956,0.17417783191230207,17.417656715125826,0.5461183704842429,0.010318411211560106,27.305918524212146,0.3032886723507917,15.164433617539585,0.6829362029208301,0.005161331548021877,13.658585206299632,0.5042630937880633,10.085159350814157,0.7686395080707148,0.002904549250263225,7.686395080707149,0.6376370280146163,6.376370280146164,0.3702629394995493,0.8557423155313935,0.12518628912071536,12.476900149031296,0.33383010432190763,6.677174693821208,0.5350223546944859,5.350682399736192
2019-05-16,135,6885750,2057,1335,0.0002987328903895727,0.060459882796307665,0.8712598583618824,0.001607552066185509,0.25182304326689353,0.07522509439442347,251.81390069343772,0.020973782771535582,20.97302130686917,0.30529897909577053,0.04559976764449608,152.64394752459353,0.0449438202247191,22.471094257359823,0.3709285367039378,0.022161549856225857,74.18516865459756,0.09213483146067415,18.426832488028612,0.42489061740398637,0.01269278805658021,42.48875321370791,0.15056179775280898,15.056070447535571,0.49635391346621294,0.007413861961296881,24.817695673310645,0.24794007490636705,12.39700374531835,0.628099173553719,0.003752672181429501,12.561965227651038,0.43595505617977526,8.719088461084578,0.732620320855615,0.0021885746816618645,7.326192568912583,0.5932584269662922,5.932575653933837,0.3392638344775745,0.8533927358514088,0.12790697674418605,12.748062015503875,0.3388704318936877,6.777989890758649,0.5465116279069767,5.465584985440184
2019-05-17,136,6885750,1752,1222,0.0002544385143230585,0.0496575640400968,0.8775903527517153,0.001884862238573306,0.22945205479452055,0.05837932036015103,229.44372441204908,0.03436988543371522,34.368637616207465,0.2871004566210046,0.03652338077258205,143.5450166408715,0.058919803600654665,29.45883224246354,0.3498858447488584,0.0178047576171251,69.97666082312738,0.11538461538461539,23.076755507990804,0.3926940639269406,0.009991576868337739,39.26912124495239,0.1718494271685761,17.184817931482513,0.4811643835616438,0.006121337544929746,24.058219178082194,0.2864157119476268,14.320785597381342,0.6181506849315068,0.003145594860161898,12.3628880184702,0.4656301145662848,9.312507621096096,0.7254566210045662,0.0018458383678780555,7.2545556744385395,0.6153846153846154,6.153837216784517,0.3113143423109899,0.8598419209620733,0.12190812720848057,12.150176678445229,0.34452296819787986,6.8910503124450715,0.5141342756183745,5.141783694670553
2019-05-18,137,6885750,1823,1340,0.00026474966416149294,0.050204578182901465,0.8924629312929308,0.0028178739407871763,0.2238069116840373,0.059250653499854776,223.79878625157707,0.04328358208955224,43.28201065540725,0.2874382885353812,0.038048213767063604,143.71392646547352,0.09029850746268657,45.1476145629679,0.3510696653867252,0.018588980220163233,70.21342323148052,0.15223880597014924,30.447540103080406,0.3987931980252331,0.010557959859420837,39.87903022600495,0.20746268656716418,20.746118011412626,0.48601206801974767,0.006433576589333043,24.300603400987384,0.31492537313432833,15.746268656716417,0.6357652221612726,0.003366367692164699,12.715285977138276,0.5104477611940299,10.208940397695509,0.7421832144816237,0.0019649275678030715,7.4218321448162365,0.6514925373134328,6.514925373134329,0.32348893914514454,0.879485592126444,0.10149750415973377,10.1159179145868,0.34941763727121466,6.988952089570556,0.5274542429284526,5.274994791413967
2019-05-19,138,6885750,2496,1949,0.00036248774643285047,0.06838086706735581,0.8835063429463125,0.005355069569743679,0.2127403846153846,0.07711298286378158,212.73266095924842,0.06310928681375064,63.10699559654132,0.26001602564102566,0.04712460063897764,130.0032928084296,0.10312981015905592,51.563032987417905,0.32572115384615385,0.02361381393592611,65.14375773609903,0.16777834787070292,33.55542591567262,0.39823717948717946,0.014435504952220513,39.82342877594247,0.25243714725500255,25.243531422799588,0.48998397435897434,0.00888065933267981,24.49919871794872,0.3617239610056439,18.086198050282196,0.6442307692307693,0.004670494845899811,12.884559248860025,0.5489994869163674,10.979941900654325,0.7524038461538461,0.002727363824234617,7.524016607661665,0.6865059004617753,6.865039064773684,0.3052790609864155,0.8238314609211259,0.09631728045325778,9.599622285174695,0.28328611898017,5.666208290613657,0.4660056657223796,4.660456319029732
2019-05-20,139,6885750,2973,2279,0.00043176124605162836,0.09372979447047343,0.8907509114867628,0.006211298992496614,0.2260343087790111,0.09758931164681964,226.0261024796799,0.06186924089512944,61.8669946984661,0.2737975109317188,0.05910543130990415,136.89378528159182,0.09828872312417727,49.1425773491362,0.3363605785401951,0.029045281594005053,67.27162722365297,0.16322948661693726,32.64566027106729,0.40060544904137235,0.01729646518923001,40.06025401168535,0.23562966213251427,23.562795115004214,0.5001681802892701,0.010797661837853538,25.008409014463506,0.35761298815269854,17.880649407634927,0.6639757820383451,0.005733571893298634,13.279496355291311,0.565598946906538,11.311962510054645,0.7800201816347124,0.003367824855680209,7.8002018163471245,0.7165423431329531,7.165423431329531,0.34530984309897267,0.8330629061230395,0.09592641261498029,9.56066579062637,0.29697766097240474,5.940062615092987,0.49014454664914586,4.901865830596647
2019-05-21,140,6885750,3074,2311,0.00044642921976545765,0.0932277595905719,0.90630643185344,0.004996430715374534,0.22055953155497723,0.09846064478652337,220.5515240204305,0.0341843357853743,34.18309470434811,0.25862068965517243,0.05772582050537322,129.30565014472143,0.06144526179143228,30.721515493781208,0.3298633702016916,0.029451915536321125,65.97219499161457,0.1367373431414972,27.34727004956764,0.39785296031229667,0.01776118969473409,39.785007137448034,0.21549112938122025,21.548956463108677,0.5052049446974626,0.011276912464146971,25.26024723487313,0.35049762007788837,17.524881003894418,0.6893298633702017,0.00615473092294823,13.786577245507733,0.5889225443530939,11.778433781541374,0.7976577748861419,0.0035609670378185737,7.976554580565792,0.7321505841627002,7.321484576014465,0.3808575861170928,0.8424303475732512,0.10973936899862825,10.937357110196617,0.34156378600823045,6.831861592867883,0.5294924554183813,5.295378664351411
2019-05-22,141,6885750,2863,2140,0.0004157862251751806,0.0837048651973294,0.9079400178415767,0.0034637968107263458,0.20398183723367097,0.08480975893116469,203.9744315613927,0.024766355140186914,24.76545598410428,0.2455466294097101,0.051045599767644494,122.76885735244781,0.04439252336448598,22.19545583481044,0.304575619979043,0.025327485549972408,60.91468167157615,0.09672897196261682,19.345653916511917,0.3691931540342298,0.015350431322431671,36.919047320444946,0.17476635514018693,17.476508610568736,0.4683898009081383,0.00973750136150746,23.419490045406913,0.30046728971962616,15.02336448598131,0.6538595878449179,0.005437308300027884,13.077172765252184,0.541588785046729,10.831759970244429,0.7575969263010828,0.0031499836619104673,7.575969263010828,0.6789719626168225,6.789719626168225,0.3859474127153197,0.869469440068356,0.1238390092879257,12.342621259029928,0.37770897832817335,7.554827437881355,0.586687306501548,5.86737622737097
2019-05-23,142,6885750,2810,2115,0.0004080891696619831,0.07687317875661914,0.9089584613231204,0.004487098442702779,0.21565836298932384,0.08800464711007842,215.65053339438523,0.04302600472813239,43.02444264547452,0.2669039145907473,0.05445436724025267,133.43742321159067,0.07754137115839244,38.76646311289484,0.33487544483985765,0.027331609979958756,66.97460264039182,0.14468085106382977,28.935960097962933,0.40320284697508896,0.016454152023003862,40.31999191900315,0.22742316784869976,22.742151645621195,0.49572953736654807,0.01011509276404168,24.7864768683274,0.34184397163120567,17.092198581560282,0.6512455516014235,0.005315301970147173,13.02485428503235,0.5432624113475177,10.86520088918371,0.7348754448398577,0.002998934035069375,7.348722431309234,0.6510638297872341,6.510609932291544,0.38184468390541937,0.8641799340732113,0.13689482470784642,13.643850862548693,0.3973288814691152,7.947259154050347,0.5792988313856428,5.793485139612334
2019-05-24,143,6885750,3066,2166,0.0004452674000653524,0.0910142964074796,0.9337467952696767,0.006488042413336164,0.2446183953033268,0.10891664246296834,244.60951429855976,0.0443213296398892,44.31972052975124,0.3127853881278539,0.06963404008132443,156.38701614154587,0.09002770083102493,45.012216163028604,0.3988910632746249,0.03552237938946818,79.77763335976206,0.1837488457987073,36.74950230789302,0.4885844748858447,0.021754915913909784,48.85809271174308,0.29593721144967683,29.593506255476665,0.5857795172863666,0.01304142613368188,29.28897586431833,0.4265927977839335,21.329639889196674,0.7495107632093934,0.006674644483688075,14.99019349431023,0.6491228070175439,12.982437286286634,0.8346379647749511,0.003716370765711796,8.34637964774951,0.7668513388734995,7.668513388734994,0.41441472508803784,0.8670743217681985,0.14169381107491857,14.12214983713355,0.4169381107491857,8.339477374693404,0.6058631921824105,6.059151530050676
2019-05-25,144,6885750,3010,1887,0.00043713466216461534,0.1118185217171787,0.9393285670379845,0.007256714448444656,0.28903654485049834,0.12634330525704326,289.02605122049357,0.052994170641229466,52.99224665885068,0.373421926910299,0.08161487075225095,186.70418481139933,0.11393746687864335,56.96666515826448,0.4840531561461794,0.042318975282465365,96.80992825622455,0.22522522522522523,45.04471795854061,0.5810631229235881,0.02540009875395742,58.10589036380807,0.36036036036036034,36.035774366832484,0.6760797342192691,0.014776894310714156,33.80398671096346,0.49973502914679385,24.986751457339693,0.8033222591362126,0.007023189887536016,16.06642184986748,0.6915739268680445,13.831458450284755,0.8677740863787375,0.0037933358118784274,8.677728261342818,0.7922628510863805,7.922617005048164,0.4342077174380886,0.8638861606642978,0.14125200642054575,14.078116639914393,0.42536115569823435,8.507952721435867,0.5906902086677368,5.907408682053584
2019-05-26,145,6885750,3469,2277,0.0005037940674581564,0.1440432969347408,0.9465364358781637,0.007646928360978469,0.2848083021043528,0.14347952367121697,284.7979619830159,0.04567413263065437,45.67247440626319,0.3482271547996541,0.08771420273017717,174.1072561110745,0.08300395256916997,41.50046953261415,0.435572211011819,0.043887420488541634,87.11380963648762,0.17742643829600352,35.485029989157574,0.537907177861055,0.027099247727206715,53.79032719446919,0.3188405797101449,31.883826450653963,0.6679158258864226,0.01682460153214973,33.39579129432113,0.5050505050505051,25.252525252525253,0.7985010089362928,0.00804558973882331,15.96999698590447,0.6987263943785683,13.97450759274859,0.887575670221966,0.004471540582970387,8.875730922222063,0.8313570487483531,8.31354634037874,0.4660363259791233,0.8872776288468429,0.14444444444444443,14.396296296296295,0.4444444444444444,8.88965122927387,0.6396825396825396,6.39737400963816
2019-05-27,146,6885750,3642,2466,0.0005289184184729332,0.12818466058992828,0.9445143126805782,0.008093707131879433,0.26194398682042835,0.13854196921289574,261.93447680057574,0.0340632603406326,34.06202365531672,0.3174080175727622,0.08393842579146094,158.69824695045364,0.0640713706407137,32.03452224726215,0.41817682591982425,0.044235963867669696,83.6347578807816,0.17883211678832117,35.766163646204724,0.5472267984623833,0.028943623108426037,54.7222824873269,0.3515815085158151,35.157895556983554,0.6565074135090609,0.017361817072816522,32.825132319919376,0.5044606650446066,25.222850099704466,0.7872048325096102,0.00832733060693373,15.744073785473347,0.689375506893755,13.787490114653062,0.8833058758923669,0.004671953899128202,8.833033102943991,0.8292781832927818,8.292757746204524,0.45792427425965704,0.8737937439959784,0.1629746835443038,16.24314345991561,0.41139240506329117,8.228553748615846,0.6075949367088608,6.076470460516317
2019-05-28,147,6885750,4347,3017,0.0006313037795447119,0.11679190893225612,0.9481903520339211,0.01051183562872944,0.23372440763745111,0.14754574498983444,233.7159221448706,0.029499502817368246,29.49843182176785,0.2974465148378192,0.0938861458030787,148.71785793962485,0.06728538283062645,33.64146999898243,0.4108580630319761,0.05187487292689302,82.1710159319884,0.18660921445144182,37.321571884429275,0.5320910973084886,0.03359086816346685,53.20872336245499,0.34670202187603577,34.669950436157215,0.6613756613756614,0.02087644773626693,33.06878306878307,0.523036128604574,26.151806430228703,0.8274672187715666,0.010447648480342039,16.549320341273337,0.7557176002651641,15.114330055145265,0.9017713365539453,0.00569291653051592,9.017713365539452,0.8601259529333776,8.601259529333776,0.41931288108595194,0.8590880348465354,0.15347334410339256,15.296176628971459,0.38126009693053314,7.625855901041074,0.5945072697899838,5.94558256691338
2019-05-29,148,6885750,4718,3134,0.0006851831681370948,0.11709005958360222,0.9455006129176149,0.011339712162599401,0.22657905892327257,0.15524252105721753,226.5708328464891,0.018825781748564134,18.825098268250873,0.3033064857990674,0.1039064769096718,151.64773704552195,0.0631780472239949,31.58787675520061,0.4423484527342094,0.06061750268668855,88.46904814007327,0.204211869814933,40.842077393423416,0.572912250953794,0.03925469807429783,57.29080908543796,0.3787492022973835,37.8746452078075,0.6875794828317083,0.02355589441963475,34.37897414158542,0.5424377791959157,27.12188895979579,0.8200508690122933,0.01123768472906404,16.40099356149909,0.7348436502871729,14.69685166187872,0.8840610428147521,0.0060574286643740125,8.84059758917197,0.8276962348436503,8.276950328031567,0.4140054028113183,0.8592143589987162,0.14641744548286603,14.59293873312565,0.3644859813084112,7.290344816530674,0.5560747663551402,5.5612245715842965
2019-05-30,149,6885750,4924,2817,0.000715100025414806,0.16721671046096287,0.9399544533652319,0.011896367669097952,0.30869212022745735,0.22073772872494918,308.68091299102736,0.037628682996095134,37.62731686615773,0.42059301380991065,0.1503775776938716,210.28887197513737,0.10791622293219737,53.95615248732051,0.559910641754671,0.08007784135467193,111.98131521282133,0.2719204827831026,54.38370165627084,0.6539398862713242,0.046762903366348134,65.39351378042885,0.4142705005324814,41.42674923816453,0.7282696994313567,0.026039284028609812,36.41348497156783,0.534256301029464,26.7128150514732,0.809910641754671,0.011583325587879915,16.19818931087411,0.6727014554490592,13.45400957006448,0.8665718927701056,0.00619685582543659,8.665718927701056,0.7706780262690806,7.706780262690805,0.4370086919003809,0.8616458312524913,0.16749585406301823,16.693753454947487,0.39800995024875624,7.9608816978571975,0.5472636815920398,5.473106167276823
2019-05-31,150,6885750,4644,2594,0.0006744363359111208,0.15549527749838324,0.9214839193081932,0.0066522660356509245,0.297588285960379,0.200697066511763,297.5774818547313,0.016962220508866616,16.961604686164435,0.3854435831180017,0.12997386000580888,192.7147946888455,0.0528141865844256,26.406134568233266,0.522609819121447,0.07049289842865027,104.5212048568214,0.19699306090979182,39.398326096012056,0.6126184323858742,0.04131691306747219,61.26139839671547,0.3284502698535081,32.84478848708637,0.6692506459948321,0.022568347674545255,33.4625322997416,0.4182729375481881,20.913646877409406,0.7420327304048234,0.010009062180500046,14.84063305542166,0.5412490362374711,10.82496500392743,0.8171834625322998,0.005511382202374469,8.171834625322997,0.6738627602158828,6.738627602158828,0.4626556260389824,0.8704685328729362,0.18525179856115107,18.463429256594722,0.4136690647482014,8.274090847390697,0.6151079136690647,6.151606673494823
2019-06-01,151,6885750,3699,1904,0.0005371963838361834,0.14488158188613334,0.9253155984309273,0.004692470344213374,0.3073803730738037,0.16511762997386,307.3692134610723,0.011029411764705883,11.029011335873298,0.4220059475533928,0.11334591925646238,210.9953131982119,0.06092436974789916,30.46107892765006,0.5628548256285483,0.06047051989544002,112.56687817518954,0.20063025210084034,40.12459362193905,0.6296296296296297,0.03382323041621889,62.96250576871566,0.30357142857142855,30.356922424202192,0.6818058934847256,0.018313183022909633,34.09029467423628,0.3918067226890756,19.590336134453782,0.7664233576642335,0.008234385165907613,15.328444892173113,0.5483193277310925,10.966370628440055,0.8415788050824548,0.004520924342411005,8.415775828806861,0.6932773109243697,6.932763040967851,0.4340539865962924,0.8687277391146915,0.17702448210922786,17.643440050219713,0.4331450094161959,8.663643147173687,0.64030131826742,6.403562326171856
2019-06-02,152,6885750,2926,1595,0.0004249355553135098,0.09900133951287945,0.9251921632313447,0.005545277283172803,0.3144224196855776,0.1336044147545745,314.41100440748846,0.03385579937304075,33.85457021970888,0.42652084757347913,0.09061864652918966,213.25268125029655,0.10470219435736677,52.34919654343873,0.5598086124401914,0.04757617125098028,111.96090949809893,0.24200626959247648,48.40090246148291,0.6384142173615858,0.027128293008800722,63.84095816314066,0.354858934169279,35.485635742486174,0.7088174982911825,0.01506008786261482,35.440874914559124,0.4727272727272727,23.636363636363637,0.7935748462064252,0.006744353564457664,15.871473874389732,0.6225705329153605,12.451392575465725,0.8537252221462748,0.0036277714765378453,8.537227424665232,0.7322884012539185,7.322862742923695,0.3964267787970077,0.853464631490753,0.15505226480836237,15.453542392566781,0.39372822299651566,7.875239808511782,0.5749128919860628,5.74962198409046
2019-06-03,153,6885750,3721,2513,0.000540391388011473,0.06913652257549123,0.927781704661707,0.007692903960692242,0.21230851921526472,0.11472553006099331,212.30081123823828,0.03263032232391564,32.629137662198964,0.29454447729105077,0.0795817600929422,147.26689184627162,0.08555511341026661,42.77600364251694,0.4138672399892502,0.04472973365476778,82.77284695332364,0.18066056506167927,36.131850645486594,0.514646600376243,0.02781085712625984,51.464286336238565,0.3095901313171508,30.95878832840151,0.6291319537758667,0.016998874487165524,31.456597688793337,0.46518105849582175,23.25905292479109,0.7817790916420317,0.00844932149828051,15.635559125714867,0.6832471150019896,13.664922454819658,0.8599838753023381,0.004647278800421159,8.59983875302338,0.7962594508555512,7.962594508555511,0.437459599400628,0.8542308616592349,0.14705882352941177,14.656862745098039,0.3931888544891641,7.864451513204361,0.5727554179566563,5.728045393475616
2019-06-04,154,6885750,4484,3207,0.000651199941909015,0.08203459900452775,0.9281811257975134,0.011621184777242886,0.18978590544157004,0.12358408364798142,189.77901516036755,0.03679451200498909,36.793176160086205,0.2589206066012489,0.08430148126633749,129.4556031734352,0.07608356719675709,38.0404024705976,0.38269402319357715,0.04984170321531267,76.53824886593203,0.19426255067040848,38.85222801355733,0.5107047279214987,0.03325684742513579,51.07010195308402,0.35391331462425946,35.391074474628866,0.6574487065120428,0.021406527974439968,32.87243532560215,0.5450576863111942,27.252884315559715,0.8077609277430865,0.01052023154965741,16.155148169726473,0.7418147801683816,14.836230964522347,0.8786797502230151,0.005721953713170369,8.786784741405636,0.8381665107577175,8.3816529351153,0.42559326071890563,0.8718811534358397,0.16089965397923875,16.036332179930795,0.4134948096885813,8.27060544730454,0.596885813148789,5.969370040418548
2019-06-05,155,6885750,4601,3152,0.0006681915550230549,0.12061372983812858,0.9351690703577541,0.011544358869649123,0.2299500108672028,0.15364507696776067,229.94166240616343,0.02633248730964467,26.331531294276182,0.3036296457291893,0.10143769968051118,151.8093111443338,0.07487309644670051,37.43518906897096,0.41686589871767005,0.05570885009730169,83.37257434416324,0.1947969543147208,38.959107966324574,0.5333623125407521,0.0356385605158442,53.335843962611214,0.34676395939086296,34.676144142665116,0.6848511193218866,0.022880586718948555,34.24255596609433,0.5583756345177665,27.918781725888326,0.8382960226037818,0.011202797649648986,16.765847406231362,0.7728426395939086,15.456785449386292,0.8967615735709629,0.005992085103293032,8.967615735709627,0.8553299492385786,8.553299492385786,0.4791321222928843,0.8916932751970486,0.1791044776119403,17.850746268656717,0.46455223880597013,9.291841606717698,0.6660447761194029,6.661018983128953
2019-06-06,156,6885750,3512,1517,0.0005100388483462222,0.21367330739185003,0.9442759179391887,0.0043130653347814435,0.4037585421412301,0.20592506534998548,403.74388346630485,0.012524719841793012,12.524265124982026,0.510250569476082,0.13011908219575952,255.11602227490067,0.04812129202373105,24.059772476939155,0.6247152619589977,0.06372534781724709,124.94214514026457,0.16743572841133816,33.4869025213736,0.6944760820045558,0.03542072090388916,69.44710391912153,0.3098220171390903,30.981976742215732,0.7813211845102506,0.01992520785680572,39.066059225512525,0.5023071852340145,25.115359261700725,0.8582004555808656,0.008754298726647458,17.163984184798615,0.6736980883322347,13.473942198780337,0.89749430523918,0.004577562970536295,8.97493001832867,0.7646671061305208,7.646659956254986,0.534832276938579,0.9137881609788803,0.2219873150105708,22.124735729386895,0.5285412262156448,10.571731113037108,0.7145877378435518,7.146490232413086
2019-06-07,157,6885750,2604,1345,0.00037817231238427185,0.17773662614110453,0.9551638910092863,0.004088562117157049,0.37442396313364057,0.14159163520185886,374.41036946666657,0.01486988847583643,14.869348616394236,0.46582181259600614,0.08807725820505373,232.90245034003408,0.06691449814126393,33.45603438688703,0.5533794162826421,0.04185425077696128,110.67507960347972,0.1687732342007435,33.75440173684305,0.6359447004608295,0.024049493159836184,63.594008266260374,0.3100371747211896,31.00349234419285,0.7357910906298003,0.013912790908760847,36.78955453149002,0.49591078066914496,24.795539033457253,0.8494623655913979,0.006424853610930384,16.989222638811018,0.7100371747211895,14.200722871074309,0.9174347158218126,0.003469484079439422,9.174347158218128,0.841635687732342,8.41635687732342,0.47738994232225784,0.8965422262609771,0.22787610619469026,22.71165191740413,0.49557522123893805,9.91235446803989,0.6703539823008849,6.704114740660908
2019-06-08,158,6885750,2301,1427,0.000334168391242784,0.12330142484303093,0.9308544580480439,0.004424451894048541,0.31768796175575836,0.10615742085390648,317.67642792037657,0.04905395935529082,49.05217842443999,0.39287266405910476,0.06564042985768226,196.4292003009716,0.10861948142957253,54.3077689699157,0.4745762711864407,0.03171744750065352,94.91456502721641,0.1997196916608269,39.94364828643118,0.5484571925249891,0.018327572685817188,54.84532100015893,0.299229152067274,29.922697926852823,0.6188613646240765,0.01034019533093708,30.94306823120382,0.4078486334968465,20.392431674842324,0.7648848326814428,0.005111999256436472,15.297674437204448,0.629292221443588,12.585826150795803,0.8604954367666232,0.0028754995817455156,8.604941870927503,0.7806587245970568,7.806575908678465,0.3250146753092705,0.8484472078531162,0.14559386973180077,14.510855683269476,0.3505747126436782,7.0120955817117165,0.5613026819923371,5.613508211588888
2019-06-09,159,6885750,2276,1428,0.00033053770467995496,0.14913377382555693,0.929659975374667,0.0061904187780715695,0.3308435852372584,0.10935230903282021,330.8315737797636,0.07072829131652661,70.7257234871875,0.4024604569420035,0.066511762997386,201.22292269738605,0.12815126050420167,64.07330395126392,0.5202108963093146,0.03438961340730198,104.04142377826435,0.2759103641456583,55.18167213442058,0.5891915641476274,0.01947486130878039,58.91872858389041,0.3697478991596639,36.974521430170135,0.6550966608084359,0.010826707330356171,32.754833040421794,0.4635854341736695,23.17927170868347,0.7820738137082601,0.005170075140361731,15.641408127304828,0.6596638655462185,13.19321983038922,0.8602811950790861,0.002843553716007697,8.602811950790862,0.7815126050420168,7.815126050420167,0.3303080851755467,0.8511251830349115,0.13358070500927643,13.313543599257885,0.35064935064935066,7.01358846984919,0.5584415584415584,5.584894522287318
2019-06-10,160,6885750,2172,1422,0.0003154340485785862,0.12885870623460272,0.917424543223612,0.006396024681388411,0.31767955801104975,0.10020331106593088,317.6680244807705,0.05977496483825598,59.77279467543147,0.39410681399631675,0.062155097298867264,197.046252866333,0.13220815752461323,66.10167881753598,0.5225598526703499,0.03296639460919574,104.51121163916646,0.2939521800281294,58.790009109433676,0.5810313075506446,0.018327572685817188,58.10270884961589,0.37130801687763715,37.13053206911601,0.6639042357274402,0.010470900047198925,33.195211786372006,0.4964838255977497,24.824191279887483,0.7859116022099447,0.0049580583697369646,15.718209217042498,0.6786216596343179,13.572413481814657,0.8416206261510129,0.0026547580147405873,8.416206261510128,0.7616033755274262,7.616033755274262,0.3414068392117438,0.8467329609811891,0.13872832369942195,13.826589595375722,0.35452793834296725,7.091166876530601,0.5703275529865125,5.703764661557223
2019-06-11,161,6885750,2362,1660,0.00034302726645608683,0.09795971771683144,0.8968585266047828,0.005614938058364811,0.2718035563082134,0.0932326459483009,271.7936883312925,0.0427710843373494,42.76953150971589,0.3374259102455546,0.057871042695323845,168.70682990657332,0.09578313253012048,47.88982753552695,0.4479254868755292,0.030729015393552134,89.5818449390989,0.23433734939759035,46.86576833036473,0.5114309906858594,0.017543350082779054,51.142727702157444,0.3180722891566265,31.806997953182503,0.6007620660457239,0.01030388846530879,30.038103302286203,0.4367469879518072,21.837349397590362,0.7785774767146486,0.0053414583139696995,15.57152692015955,0.6867469879518072,13.734919812160623,0.8331922099915327,0.002858059859507769,8.331873699240314,0.7644578313253012,7.6445339054025645,0.3724829643271169,0.8682134469949596,0.17913832199546487,17.854119425548,0.43537414965986393,8.708229775615221,0.63718820861678,6.372428559760096
2019-06-12,162,6885750,2327,1568,0.0003379443052681262,0.09336065358110453,0.8930246410048301,0.0038863217458756515,0.28104856037816933,0.0949753122277084,281.03835675631416,0.029336734693877552,29.33566960766299,0.3403523850451225,0.05750798722044728,170.17001418272233,0.06377551020408163,31.886597399633683,0.4305973356252686,0.029103372157193063,86.11884178401037,0.17283163265306123,34.56607553344031,0.49462827675118176,0.016715559557349907,49.46246850967861,0.2614795918367347,26.14776931496407,0.593467984529437,0.010027956286533784,29.67339922647185,0.40114795918367346,20.057397959183675,0.7550494198538892,0.0051032856213402734,15.100966466327367,0.6396683673469388,12.79334876748299,0.8031800601633003,0.0027142973324658427,8.031788937269736,0.7098214285714286,7.098203977172766,0.355205178511336,0.8454178654074369,0.17180616740088106,17.123348017621144,0.42290748898678415,8.458875178516108,0.6035242290748899,6.0357598930036795
2019-06-13,163,6885750,2182,1480,0.0003168863232037178,0.10739733949278295,0.8955661076500043,0.003128012942549154,0.28230980751604035,0.08945686900958466,282.2995581039173,0.02837837837837838,28.377348085814543,0.33226397800183316,0.05264304385710136,166.1259574881007,0.06148648648648649,30.742127092965752,0.39459211732355637,0.025007987452438353,78.91785041275317,0.12972972972972974,25.94575754411939,0.44225481209899176,0.014014144846715752,44.224517817723644,0.1912162162162162,19.12120508300746,0.5549954170485792,0.008793522855171912,27.749770852428963,0.35202702702702704,17.60135135135135,0.766269477543538,0.004856399293614648,15.32536729422872,0.6594594594594595,13.189170034892221,0.8175985334555453,0.0025908466433722833,8.17594971338254,0.7337837837837838,7.337805868310038,0.3616001227742602,0.8598494030206514,0.16515837104072398,16.46078431372549,0.42081447963800905,8.417011401473111,0.6221719457013575,6.222253052164262
2019-06-14,164,6885750,2175,1414,0.0003158697309661257,0.10821436042886841,0.9369678688996518,0.003888493032840288,0.2942528735632184,0.09294220156839965,294.24219055154384,0.03182461103253183,31.82345562260471,0.3632183908045977,0.05736276503049666,181.60260198103094,0.07001414427157002,35.00580118486518,0.44551724137931037,0.028144877864590898,89.10280126717552,0.16831683168316833,33.663121896145,0.5195402298850574,0.016410584100612854,51.95364573369883,0.2694483734087694,26.944641685779924,0.6096551724137931,0.00962858076462259,30.482758620689655,0.4031117397454031,20.155586987270155,0.7944827586206896,0.005019053815410354,15.889632096304295,0.6852899575671852,13.705779246788287,0.8662068965517241,0.002736081420206339,8.66205638583255,0.7956152758132956,7.956141203630972,0.3800454751012984,0.871922583479033,0.15690376569037656,15.638075313807533,0.4225941422594142,8.452607706495762,0.6422594142259415,6.42314496508465
2019-06-15,165,6885750,2750,1826,0.0003993755219111934,0.10389803153038987,0.940011669198156,0.006034670699563074,0.27636363636363637,0.11036886436247459,276.3536028305125,0.049835706462212484,49.83389714960494,0.3538181818181818,0.0706505954109788,176.90266812768994,0.09036144578313253,45.179082580685794,0.44181818181818183,0.03529001713671614,88.36299472696115,0.18838992332968238,37.67771107401784,0.5378181818181819,0.021478985738766738,53.78142765480475,0.31653888280394304,31.653658431369642,0.637090909090909,0.012721925716152924,31.854545454545452,0.4605695509309967,23.028477546549833,0.777090909090909,0.006206994705029786,15.541750469148672,0.6670317634173056,13.34057714580109,0.881090909090909,0.0035188563063481737,8.810896295067977,0.8225629791894852,8.225617846038778,0.39492633124361387,0.8817521223740376,0.14864864864864866,14.815315315315315,0.42084942084942084,8.417710285634815,0.6447876447876448,6.448429438995477
2019-06-16,166,6885750,3686,2723,0.0005353084268235124,0.10031421546568607,0.9423059958739526,0.010811562887769894,0.22544763971785134,0.12067963984896893,225.43945471786157,0.03819316929856775,38.191782674646085,0.2951709169831796,0.07900087133313971,147.58010032071806,0.09731913330885053,48.65780004221736,0.4156266956049919,0.04449737140201574,83.12473552127777,0.23136246786632392,46.27215757386331,0.5257731958762887,0.028144877864590898,52.576937806865644,0.3712816746235769,37.12789786283793,0.6519262072707542,0.017449079620956324,32.59631036353771,0.5361733382298935,26.808666911494676,0.7902875746066197,0.008460915103299844,15.805682629556944,0.7183253764230628,14.366444936390952,0.8830710797612589,0.004727147039687703,8.830697973013999,0.8431876606683805,8.43186436130115,0.4247668276846335,0.8788124431141917,0.143317230273752,14.28395061728395,0.40901771336553944,8.1810558414332,0.6022544283413849,6.0230607966457015
2019-06-17,167,6885750,4854,3535,0.0007049341030388847,0.11227299186920128,0.9539957976022233,0.014023535932139473,0.20992995467655542,0.14798141155968633,209.92233305461684,0.023196605374823195,23.195763209365207,0.27791512154923775,0.0979523671216962,138.9525158442974,0.0743988684582744,37.19808368331128,0.4126493613514627,0.05817769903279212,82.52927299444754,0.22376237623762377,44.75215028546336,0.5261639884631232,0.037090824595544455,52.616016781782086,0.3685997171145686,36.859704059392385,0.6631644004944376,0.023374360091493303,33.15822002472188,0.5490806223479491,27.454031117397456,0.8407498969921714,0.011853413847087766,16.81492468017812,0.7864214992927864,15.728361460154998,0.9145035022661723,0.0064466376986708806,9.1450217415787,0.885997171145686,8.859958844363453,0.49835384732380333,0.8957915610284048,0.16139240506329114,16.085443037974684,0.4525316455696203,9.05140912347743,0.6424050632911392,6.424601580650064
2019-06-18,168,6885750,5417,3866,0.0007866971644337944,0.1145338221294112,0.9572015398866259,0.01547730211382694,0.2106331918035813,0.1656985187336625,210.62554465023382,0.01810657009829281,18.105912729352266,0.2671220232601071,0.1050682544292768,133.5561626244033,0.04449042938437662,22.244407067489927,0.415543658851763,0.06538092886810537,83.1081282912233,0.20693222969477496,41.38614541871087,0.5436588517629685,0.04276917714717244,54.36549040818583,0.3766166580444904,37.661392331026896,0.7046335610116301,0.02771666122063682,35.2316780505815,0.5959648215209519,29.798241076047596,0.8628392098947757,0.013575843479877312,17.256759136342108,0.8106570098292809,16.213116650687713,0.9156359608639468,0.007203271679524119,9.156346311110061,0.884117951370926,8.841166673907242,0.5057368742168387,0.8922792530921351,0.15895953757225434,15.842967244701349,0.4161849710982659,8.324413289840273,0.6083815028901735,6.084336796914505
2019-06-19,169,6885750,5133,3348,0.0007454525650800566,0.11085669260076327,0.9418335754289041,0.010341807590382763,0.22949542178063512,0.1710717397618356,229.48708982370144,0.008064516129032258,8.064223342358972,0.3021624780829924,0.11261980830670927,151.0757539543977,0.03375149342891278,16.875134031232662,0.41126047145918565,0.06131458944494467,82.25149703302704,0.1394862604540024,27.89704951991481,0.5378920709136957,0.04009701124052398,53.7888165107029,0.3148148148148148,31.481252884357826,0.6830313656730956,0.025458374178557164,34.15156828365478,0.5241935483870968,26.20967741935484,0.8418079096045198,0.012550539083557952,16.83613374140058,0.7628434886499402,15.256847615866153,0.8951879992207287,0.006673172828641055,8.95184099061273,0.8431899641577061,8.43186290543544,0.5017715938565382,0.8861007394882884,0.15463917525773196,15.412371134020619,0.42857142857142855,8.572163685371233,0.6185567010309279,6.186097504907075
2019-06-20,170,6885750,4254,1906,0.0006177976255309879,0.1931957670523939,0.9387488898131858,0.0053936098103476975,0.36600846262341324,0.22611094975312226,365.9951744857926,0.014690451206715634,14.689917861841735,0.4713211095439586,0.14558524542550103,235.6519989865171,0.04197271773347324,20.985596945488194,0.5992007522331922,0.07403642278311888,119.83928024890946,0.17471143756558238,34.94203378597139,0.6852374236013165,0.04233349792326237,68.52324478728346,0.3305351521511018,33.053275202945905,0.7569346497414199,0.02338162146461896,37.846732487070994,0.47429171038824763,23.71458551941238,0.8413258110014105,0.010395366669764847,16.82649178334116,0.6511017838405037,13.022016765265557,0.885049365303244,0.005467798082131701,8.850467946412403,0.7465897166841553,7.46587548183852,0.4835314193422819,0.8757652716556045,0.16899224806201552,16.84289405684755,0.4170542635658915,8.341800630260481,0.5953488372093023,5.9539989628625
2019-06-21,171,6885750,3842,1651,0.0005579639109755655,0.2227930305559288,0.9457006102468797,0.004717048756498845,0.39510671525247265,0.22044728434504793,395.0923706868594,0.024227740763173834,24.226861161781038,0.5013014055179594,0.13984896892245136,250.6416027479879,0.07026044821320412,35.128948684582504,0.6160853722019781,0.06875018153300996,123.21617972173955,0.1665657177468201,33.31290165195523,0.6889640812077044,0.03844143018966569,68.89590784187676,0.3010296789824349,30.10274931094864,0.7660072878709006,0.021370221108811677,38.30036439354503,0.46335554209569957,23.167777104784978,0.8641332639250391,0.009643089506459708,17.282640179360993,0.6874621441550576,13.749222915453597,0.898750650702759,0.005014704280579457,8.98750650702759,0.7674136886735312,7.674136886735313,0.49129082366714977,0.8903216596286281,0.17586206896551723,17.52758620689655,0.453448275862069,9.069743301591057,0.6344827586206897,6.345371739516177
2019-06-22,172,6885750,3889,1609,0.0005647896017136841,0.23343564717351256,0.9610558152717539,0.005350906373597347,0.4016456672666495,0.2268370607028754,401.63108530080336,0.035425730267246734,35.42444411671423,0.5093854461301106,0.14384257914609352,254.68347630630328,0.07271597265382225,36.356666330311974,0.6276677809205451,0.07089953237096634,125.5326446447368,0.1920447482908639,38.40867075848314,0.6968372332219079,0.03935635655987685,69.6832173263492,0.31696706028589183,31.696475868651135,0.7770635124710723,0.021943869585738664,38.85317562355361,0.490366687383468,24.5183343691734,0.8827462072512214,0.009971303095083187,17.65489850526332,0.723430702299565,14.468593033620774,0.9215736693237336,0.005204952256471699,9.215736693237336,0.814791796146675,8.14791796146675,0.49891290564248336,0.8876269350674086,0.18505338078291814,18.443653618030844,0.4786476868327402,9.573774744693969,0.6512455516014235,6.513014045646826
2019-06-23,173,6885750,4095,1889,0.0005947064589913953,0.21460646367477348,0.9522302724604493,0.006457619223273005,0.3946275946275946,0.23467905896020913,394.61326745671795,0.04446797247220752,44.46635803812125,0.5098901098901099,0.15161196630845195,254.9357990252559,0.10481736368448914,52.406779116357185,0.6114774114774115,0.07272938511138866,122.29459426880206,0.2196929592376919,43.938272795345114,0.6703296703296703,0.039864648987771936,67.03248028511614,0.31656961355214397,31.65673148387516,0.7409035409035409,0.02203100606324656,37.04517704517704,0.4563260984647962,22.816304923239812,0.8471306471306471,0.010075866716237569,16.942588337321816,0.6744309158284807,13.488598727419953,0.9020757020757021,0.005364702465236176,9.020757020757019,0.7919534145050291,7.919534145050291,0.4677427412214881,0.8731676117824125,0.1717171717171717,17.114478114478114,0.45286195286195285,9.058015835888906,0.5976430976430976,5.976943534833757
2019-06-24,174,6885750,4041,2141,0.0005868641760156845,0.20001926392861827,0.9362848278213505,0.00572750162277675,0.34941846077703537,0.20505373221028173,349.4057749485146,0.028958430639887903,28.957379288209143,0.4444444444444444,0.13040952657566077,222.21415432278053,0.06632414759458197,33.16086983004595,0.5399653551101212,0.06337680443811902,107.99228684973474,0.1662774404483886,33.2552466109237,0.6097500618658748,0.035783786923814224,60.97456342753126,0.28070994862213916,28.07079102972632,0.6857213560999752,0.02012126493119849,34.286067804998765,0.41289117234936945,20.644558617468476,0.8297451125958921,0.009738939492517891,16.594878151597396,0.6805231200373657,13.61044263464684,0.8893838158871566,0.005219459842544842,8.893812326355642,0.7921531994395142,7.921508985982157,0.4462154189662866,0.8572417205870042,0.16198347107438016,16.14435261707989,0.4396694214876033,8.794142579703161,0.5867768595041323,5.868271834200416
2019-06-25,175,6885750,3588,2074,0.0005210761354972225,0.1573083733237932,0.9324634016725077,0.005858503819626218,0.3255295429208473,0.16961951786232937,325.51772439256814,0.034233365477338476,34.23212261626247,0.4066332218506132,0.10593958756898054,203.30922940443364,0.07232401157184185,36.16069290450262,0.5044593088071349,0.05257195968514915,100.89112915329314,0.17405978784956605,34.8117047891356,0.5749721293199554,0.029960207964216213,57.49679542631043,0.2815814850530376,28.15794403996563,0.669732441471572,0.017449079620956324,33.4866220735786,0.43539054966248797,21.769527483124396,0.8263656633221851,0.008611976020076215,16.52728926428088,0.7034715525554484,14.069410618460935,0.8857302118171684,0.004615308650581343,8.857263528634473,0.8052073288331726,8.05203820701942,0.42825725469182996,0.8495707876865861,0.16139767054908485,16.085967831392125,0.4193011647254576,8.386742507484666,0.5806988352745425,5.807486379190771
2019-06-26,176,6885750,3311,1969,0.00048084812838107685,0.14329855890134996,0.9395991725578953,0.006197891427842207,0.31591664149803683,0.15190241068835317,315.9051719714068,0.0228542407313357,22.853410995613537,0.3929326487466022,0.0944670345628812,196.45919155583186,0.06297613001523616,31.48692181617865,0.48927816369676835,0.04705335618228819,97.85492217825156,0.16759776536312848,33.519309676411225,0.5871337964361221,0.02823201370937291,58.71295330695093,0.31894362620619604,31.89413102543371,0.6985804892781637,0.016795556039647098,34.929024463908185,0.4987303199593702,24.936515997968513,0.8462700090607067,0.008138535179849428,16.925375600920628,0.7430167597765364,14.860313614274341,0.8933856840833585,0.00429580962505337,8.933817917762381,0.8222447943118334,8.222412119516898,0.4393600749728217,0.8641694038484554,0.1756007393715342,17.50154035736291,0.4676524953789279,9.353852055941129,0.6081330868761553,6.081852423724568
2019-06-27,177,6885750,2988,1757,0.0004339396579893258,0.13770286959252642,0.949082218462944,0.006791254629683368,0.3152610441767068,0.13679930293348824,315.2495984518965,0.02504268639726807,25.041777208827853,0.3868808567603748,0.08393842579146094,193.43340541952884,0.05463858850313034,27.318302409630384,0.4926372155287818,0.04275465450637544,98.52672766642392,0.17359134889015368,34.718017677550186,0.6281793842034806,0.027258996775973744,62.81748227917042,0.39100739897552644,39.100455974552425,0.7597054886211513,0.016483316995243802,37.98527443105757,0.6055776892430279,30.278884462151392,0.8811914323962516,0.007647667069430244,17.62380305332306,0.8030734206033011,16.061445086436876,0.9119812583668006,0.003957442606190166,9.119799339214838,0.8537279453614115,8.537267055157802,0.46695225112862426,0.8638006692069435,0.1987704918032787,19.81079234972678,0.5040983606557377,10.082831875825999,0.6434426229508197,6.434978067092202
2019-06-28,178,6885750,3198,1941,0.00046443742511708964,0.13001820106883266,0.954052152461946,0.007811179787028715,0.28080050031269543,0.13040952657566077,280.7903056967968,0.014425553838227717,14.425030110597808,0.37273295809881174,0.08655242521057217,186.35971291235063,0.06646058732612056,33.229087219055664,0.5034396497811132,0.046762903366348134,100.68719882890296,0.2158681092220505,43.173308346909124,0.6250781738586617,0.02903075895320805,62.507363496576716,0.401854714064915,40.18517960690825,0.7351469668542839,0.017071488218422103,36.757348342714195,0.5744461617722824,28.722308088614113,0.8736710444027517,0.008115298819592899,17.473395511886118,0.7975270479134466,15.950517793736683,0.9177611006879299,0.004262419834557115,9.177597678487071,0.8686244204018547,8.686231589224821,0.4561238200866664,0.8938157997159796,0.19457013574660634,19.3921568627451,0.5339366515837104,10.679648874987388,0.6809954751131222,6.810538795277974
2019-06-29,179,6885750,3609,2203,0.0005241259122099989,0.12754914508278348,0.9447533621346131,0.007825708988429618,0.28484344693821,0.14928841126924194,284.83310554092066,0.01861098502042669,18.610309338426237,0.3640897755610973,0.09541097879756026,182.03827854123043,0.05537902859736723,27.68850901570733,0.4940426711000277,0.05178773708211101,98.80781673958047,0.19927371765773944,39.8544541334857,0.6062621224715988,0.03177553806384153,60.625772020808206,0.36677258284157965,36.67699195883422,0.71404821280133,0.018712558544820825,35.702410640066496,0.5392646391284612,26.963231956423055,0.8481573843169853,0.008890812343154569,16.963123051226535,0.7539718565592374,15.079415231732643,0.9013577168190634,0.004724228772920424,9.013537897793519,0.8402178847026782,8.402142240372864,0.4635128290874603,0.8603166717852442,0.17482517482517482,17.424242424242426,0.44405594405594406,8.881880555122407,0.6223776223776224,6.2243099953220025
2019-06-30,180,6885750,3969,2575,0.000576407798714737,0.10533203363911783,0.9365585608285196,0.006541170329652915,0.25044091710758376,0.14435085681092072,250.4318247129749,0.013980582524271845,13.980074951569105,0.32098765432098764,0.09250653499854777,160.48800034423036,0.04233009708737864,21.164280135014337,0.41748551272360795,0.04812803160126637,83.49649624550767,0.13436893203883496,26.873591268593565,0.526832955404384,0.030366841906532285,52.68291299014983,0.283495145631068,28.349308708198407,0.6283698664651045,0.018109864575391207,31.41849332325523,0.43339805825242717,21.669902912621357,0.8029730410682792,0.009256758130524066,16.059390853428088,0.6998058252427184,13.99605552650549,0.8694885361552028,0.005011799731329194,8.694885361552029,0.8015533980582524,8.015533980582525,0.4151534752844359,0.8659329843304737,0.1557377049180328,15.521857923497267,0.4016393442622951,8.033475803503642,0.601639344262295,6.016909428338441
2019-07-01,181,6885750,4139,2815,0.0006010964673419743,0.10532281119037853,0.9247238813798392,0.006604393848126954,0.22227591205605218,0.1336044147545745,222.26784220737167,0.010657193605683837,10.6568066904353,0.28726745590722397,0.08633459192564624,143.62851325248096,0.037300177619893425,18.649411708261773,0.38922445035032616,0.046791948647942144,77.84432481337706,0.13285968028419182,26.57174310949705,0.4991543851171781,0.03000377588660722,49.91507605972595,0.27886323268206037,27.88612077667805,0.5861319159217202,0.01761609120284646,29.306595796086015,0.3996447602131439,19.982238010657195,0.7823145687364098,0.009404916813830282,15.646268652049255,0.68348134991119,13.669607146200207,0.8560038656680358,0.005145408996841303,8.560038656680359,0.7904085257548845,7.904085257548845,0.44823635458696864,0.8500606054711135,0.15930599369085174,15.877497371188225,0.4037854889589905,8.076402378646293,0.6182965299684543,6.1834955711510675
2019-07-02,182,6885750,3917,2382,0.0005688559706640526,0.13249015053618404,0.9349443760849019,0.005838736277389638,0.26295634414092417,0.1495788556491432,262.9467973668848,0.015533165407220823,15.532601467146497,0.34490681644115395,0.09809758931164682,172.4471472051754,0.039882451721242655,19.940501883498882,0.45825887158539697,0.052136280461239075,91.65110880418099,0.14777497900923595,29.554781193553293,0.5529742149604289,0.03145603996630748,55.297019963748205,0.28337531486146095,28.337325718250675,0.6321164156242022,0.017979159859129363,31.605820781210113,0.40260285474391266,20.130142737195634,0.8008680112330866,0.009111557765591598,16.017336963089697,0.6754827875734677,13.509636131767605,0.8741383712024509,0.004972588316450641,8.74138371202451,0.7951301427371956,7.951301427371956,0.5121449959310708,0.8853666473129119,0.18230088495575222,18.169321533923302,0.5008849557522124,10.018558265911746,0.6938053097345133,6.938648127627923
2019-07-03,183,6885750,3453,1856,0.0005014704280579457,0.16235116268439093,0.9557012389984076,0.005640050649078687,0.32638285548798146,0.16366540807435376,326.37100597972244,0.015086206896551725,15.085659183550831,0.4121054155806545,0.1033255881498693,206.0452269339596,0.05064655172413793,25.32235648667461,0.5207066319142775,0.052223416306021085,104.1405701793179,0.15247844827586207,30.49546821619905,0.6026643498407183,0.030221615498562258,60.265997370178134,0.28448275862068967,28.44806929002314,0.7248769186214885,0.01817521693352213,36.24384593107443,0.4989224137931034,24.94612068965517,0.877208224732117,0.00879784134840207,17.54408805814062,0.7737068965517241,15.474070513234619,0.9249927599189111,0.00463856515267037,9.249927599189112,0.8615301724137931,8.61530172413793,0.5442508345337783,0.8926791506137444,0.206,20.531333333333333,0.584,11.681001715265866,0.706,7.060605488850772
2019-07-04,184,6885750,2968,1443,0.00043103510873906254,0.17207661740998412,0.9612247455340257,0.00577253968474379,0.3507412398921833,0.15117629973860006,350.7285060394425,0.026334026334026334,26.333070262782723,0.4471024258760108,0.09635492303223933,223.54309678882817,0.06306306306306306,31.530386762016153,0.5795148247978437,0.04995788434168869,115.90212335100503,0.1995841995841996,39.91655006787599,0.6826145552560647,0.029422870254727118,68.26095985730703,0.37976437976437977,37.976162217354236,0.8015498652291105,0.01727480666594053,40.07749326145552,0.6070686070686071,30.35343035343035,0.9006064690026954,0.007763848870712892,18.012103221533454,0.799029799029799,15.980572772415647,0.9410377358490566,0.004056185355907392,9.41033635931244,0.8808038808038808,8.808000433132227,0.5410710062456787,0.8866424676771416,0.2288329519450801,22.80701754385965,0.6064073226544623,12.129186602870814,0.7070938215102975,7.071544642051098
2019-07-05,185,6885750,2739,1367,0.0003977780198235486,0.16443982482409603,0.9580021747657878,0.00507603436923224,0.3669222343921139,0.14594830090037758,366.9089130795089,0.027798098024871983,27.797088799704074,0.45673603504928806,0.09083647981411559,228.35972649873912,0.06876371616678859,34.38060983121293,0.5772179627601315,0.04592059020012199,115.44275427911282,0.1938551572787125,38.770749926860915,0.6582694414019715,0.026184321356995555,65.8264661496649,0.33504023408924655,33.50378012547604,0.7805768528660095,0.015524703011995702,39.02855924236926,0.570592538405267,28.529419757501433,0.9017889740781307,0.007174226229203458,18.03575328869577,0.8054133138258961,16.108242882925527,0.9353778751369113,0.0037207167825820497,9.353751582936965,0.8727139722019019,8.727114373685508,0.5444544593956964,0.8863811509195001,0.23665893271461716,23.587006960556845,0.5916473317865429,11.833961468203906,0.7192575406032483,7.193192264986688
2019-07-06,186,6885750,2850,1481,0.0004138982681625095,0.18287225843803978,0.9606675086210346,0.005961499968928578,0.3568421052631579,0.14769096717978508,356.8291499151597,0.024983119513842,24.9822124880101,0.43649122807017543,0.09032820214928841,218.2376905085834,0.06414584740040513,32.0717592751481,0.5466666666666666,0.04525254872345987,109.33253942896977,0.18028359216745443,36.05645661410582,0.6628070175438596,0.027433268465537772,66.28022046897429,0.37542201215395005,37.54192860944351,0.7968421052631579,0.01649057836836946,39.8421052631579,0.6212018906144497,31.060094530722488,0.9084210526315789,0.007519867088019333,18.168394667133025,0.8284942606347063,16.569861148705236,0.9371929824561404,0.00387901989032438,9.371916213965298,0.8838622552329507,8.838609716240894,0.544813770081732,0.8972916381639704,0.24759615384615385,24.677083333333332,0.59375,11.876018439108062,0.7307692307692307,7.308319039451115
2019-07-07,187,6885750,2998,1764,0.0004353919326144574,0.16655452197821644,0.9593223896580966,0.006577124402374446,0.3202134756504336,0.13941330235259947,320.2018501248872,0.01870748299319728,18.706803807785096,0.3799199466310874,0.08270403717688063,189.95307671471176,0.04251700680272109,21.257731599755793,0.4973315543695797,0.04330651485666154,99.46558861716385,0.17517006802721088,35.03375921224455,0.6154102735156771,0.02679427227046966,61.54058048245046,0.358843537414966,35.88409317370679,0.7555036691127418,0.01644701012961551,37.77518345563709,0.5890022675736961,29.450113378684808,0.8872581721147431,0.0077260897852960315,17.745137671481704,0.8089569160997733,16.17911482547755,0.9309539693128752,0.00405329847874233,9.309539693128752,0.8832199546485261,8.832199546485262,0.47876991671190544,0.8833594314325012,0.22685185185185186,22.609567901234566,0.5277777777777778,10.55646083476272,0.6574074074074074,6.574637888317134
2019-07-08,188,6885750,3143,1942,0.0004564499146788658,0.1467195683041041,0.9511847851101647,0.007229300711061101,0.2911231307667833,0.13287830380482138,291.1125613821345,0.01132852729145211,11.328116003066567,0.3560292713967547,0.08125181527737438,178.00817277956747,0.03913491246138002,19.566745823478616,0.4887050588609609,0.04461355252839176,97.74030204338962,0.1972193614830072,39.44358588200694,0.6127903277123767,0.027970606175026867,61.27858780454701,0.38877445932028837,38.87716363043765,0.7371937639198218,0.01682460153214973,36.85968819599109,0.5792996910401648,28.964984552008243,0.8412344893413936,0.007679594759054166,16.824616484937074,0.7435633367662204,14.871201944116724,0.895641107222399,0.004088141195538044,8.956385057962484,0.8316168898043255,8.316144743391275,0.47829730204917065,0.8852841585242879,0.22270742358078602,22.19650655021834,0.4912663755458515,9.826170163362221,0.631004366812227,6.3105848382481815
2019-07-09,189,6885750,2848,1617,0.0004136078132374832,0.16243149724914163,0.9598676353265172,0.008176414326838155,0.3441011235955056,0.14231774615161197,344.0886308158224,0.0383426097711812,38.34121772174135,0.4311797752808989,0.08916642462968341,215.58206053154584,0.08348794063079777,41.74245477770228,0.5881320224719101,0.04865084666995847,117.62555037137167,0.2974644403215832,59.492456067394976,0.6924157303370787,0.028638647651688984,69.24107024846117,0.4681508967223253,46.814749732866936,0.7893258426966292,0.016323566786479324,39.46629213483146,0.6332714904143476,31.66357452071738,0.8707865168539326,0.007203271679524119,17.415705044692135,0.7730364873222016,15.460707293251144,0.9167837078651685,0.00379188904621864,9.167837078651687,0.8540507111935683,8.540507111935684,0.47316135811722476,0.8949218592757726,0.21244635193133046,21.17381974248927,0.4742489270386266,9.485792003769168,0.6609442060085837,6.610008907603854
2019-07-10,190,6885750,3332,2017,0.0004838979050938532,0.16254067353304996,0.9613726691295253,0.009871016855845186,0.32142857142857145,0.15553296543711878,321.41690178830754,0.04908279623202776,49.08101425423833,0.41116446578631455,0.09947720011617775,205.57476911763834,0.10758552305404065,53.79080855136221,0.5309123649459784,0.05138110313979494,106.1817019642386,0.25632126921170056,51.26388159616797,0.657563025210084,0.03181910598623253,65.75582504342758,0.44918195339613287,44.91786917420521,0.7599039615846338,0.01838579675416621,37.99519807923169,0.6103123450669311,30.51561725334656,0.8745498199279712,0.008463819639895552,17.49092019370072,0.7947446703024293,15.894824155099213,0.9198679471788715,0.004451195868593146,9.198626036064002,0.8681209717402082,8.681159287692681,0.46855811574460177,0.8889930715046519,0.19483101391650098,19.4181577203446,0.4711729622266402,9.424267431431991,0.6739562624254473,6.740140631340601
2019-07-11,191,6885750,3517,2233,0.0005107649856587881,0.1338256118249414,0.9608721100029964,0.008770994066657784,0.2763719078760307,0.14115596863200697,276.36187404260505,0.03358710255261979,33.585883154473095,0.3596815467728177,0.09185303514376997,179.83424416867047,0.07792207792207792,38.95962445918879,0.47085584304805234,0.04809898631967237,94.17048480258288,0.19838781907747424,39.67727570399135,0.5828831390389536,0.02977141363385518,58.287890653772614,0.35960591133004927,35.96033001163099,0.7170884276371908,0.018313183022909633,35.85442138185954,0.5624720107478728,28.12360053739364,0.869775376741541,0.008884951639606146,17.395381220477116,0.7971339005821765,15.942562246750475,0.9203866932044356,0.004700985653062321,9.203813466185348,0.8763994626063591,8.763943715451294,0.47919429375495515,0.8968912486526313,0.1803921568627451,17.979084967320258,0.49411764705882355,9.883200484310361,0.703921568627451,7.039819392594087
2019-07-12,192,6885750,4709,3260,0.0006838761209744762,0.12307515027188441,0.960748077534987,0.013067546016263535,0.24591208324485028,0.16816729596282312,245.90315527203427,0.032208588957055216,32.20741960659932,0.31896368655765556,0.10906186465291896,159.4760532031932,0.07423312883435583,37.11521687998589,0.43703546400509663,0.0597751895204624,87.4064581101134,0.20920245398773007,41.8401869803367,0.5489488214058187,0.03754102646025153,54.8944835312544,0.36012269938650304,36.012008442020004,0.7003610108303249,0.02394783467425717,35.017796264231535,0.5711656441717792,28.55807483775181,0.8615417286047993,0.01178373919509248,17.23080954822851,0.8012269938650307,16.02451660530177,0.9152686345296241,0.006259285453914377,9.152659760945195,0.8785276073619632,8.785250556426714,0.4915840809620922,0.9094264486883775,0.174573055028463,17.399114484503478,0.5028462998102466,10.057788511298948,0.7039848197343453,7.040451957909264
2019-07-13,193,6885750,5740,3556,0.0008336056348255455,0.16762737374500802,0.9611794116613769,0.013420800859444908,0.2804878048780488,0.23380772582050538,280.47762161472906,0.02221597300337458,22.21516644031172,0.3709059233449477,0.15458902120243972,185.44622870116714,0.07564679415073115,37.822023876226915,0.4865853658536585,0.08112347149205612,97.31636652028318,0.19628796400449944,39.25730773894049,0.5965156794425087,0.04972552208893665,59.65113479510376,0.359392575928009,35.93899662633663,0.7277003484320558,0.030330755545873726,36.38501742160279,0.5666479190101237,28.332395950506186,0.8564459930313589,0.014278701904504646,17.12884523326531,0.7713723284589427,15.427379354804144,0.9170731707317074,0.007644762524398178,9.170718388915462,0.8683914510686164,8.683901899275789,0.5437120258324194,0.9113775353950399,0.18761061946902655,18.69852507374631,0.5079646017699115,10.160163329740888,0.6902654867256637,6.903246861670638
2019-07-14,194,6885750,6393,3829,0.0009284391678466398,0.18600074414820786,0.9566752448847683,0.01541672336419399,0.28359142812451116,0.26328783038048215,283.58113218245035,0.029511621833376862,29.51055039778895,0.38980134522133586,0.18094684867847807,194.89359663504308,0.08331156960041787,41.65427246413573,0.5179102142968872,0.09616892735775073,103.58129071697671,0.22172891094280492,44.34546017962818,0.6195839199124042,0.05752418019692701,61.9579420915048,0.3771219639592583,37.71192255558487,0.7422180509932739,0.034455215481247504,37.1109025496637,0.5750848785583703,28.754243927918516,0.8643829188174565,0.016050515847197695,17.287633269958008,0.77618177069731,15.523612869397137,0.9083372438604724,0.008433297510819367,9.083306481327147,0.849307913293288,8.493017461964126,0.5352118707234307,0.9057028910715906,0.16875,16.81875,0.475,9.500814751286448,0.6453125,6.453678441252144
2019-07-15,195,6885750,6211,3325,0.0009020077696692445,0.2306434670862194,0.9472786149383097,0.011640773225789222,0.3308645950732571,0.2984316003485333,330.85258285298875,0.02887218045112782,28.871132230809376,0.4324585412976976,0.19503340110368864,216.22142032679503,0.07609022556390978,38.04373153330611,0.5586862018998551,0.10078712713119754,111.73642902006817,0.20992481203007518,41.98465753975109,0.6554500080502335,0.05912167068459729,65.54452486177198,0.36601503759398496,36.60123798415263,0.7480276928030913,0.03373633954180735,37.40138464015456,0.5329323308270677,26.646616541353385,0.8402833682176784,0.01515882052235338,16.80564295794474,0.7034586466165413,14.069152500057653,0.8850426662373209,0.00798309564611229,8.85036239658955,0.7867669172932331,7.867612043265677,0.5309564310227459,0.8934157200425694,0.1494413407821229,14.894320297951582,0.4441340782122905,8.883443372270188,0.6284916201117319,6.285455216228907
2019-07-16,196,6885750,5280,2652,0.0007668010020694914,0.22396072038410916,0.942180170569853,0.007225377445270226,0.33484848484848484,0.25675283183270403,334.83632799091697,0.030542986425339366,30.541877545495286,0.4337121212121212,0.166279407493465,216.84818752805427,0.06259426847662142,31.29599797871739,0.55625,0.08530599204159284,111.24919217810564,0.1700603318250377,34.01181939249625,0.6426136363636363,0.04927532022422958,64.26089701401303,0.31070889894419307,31.070664278732714,0.7113636363636363,0.02727371745997168,35.56818181818182,0.4332579185520362,21.662895927601813,0.8267045454545454,0.012678302240269076,16.534018873282726,0.6572398190045249,13.144739110777303,0.8740530303030303,0.006702247394982391,8.740530303030303,0.7515082956259427,7.515082956259427,0.5243544620120163,0.8977852962692027,0.1393103448275862,13.884597701149426,0.4413793103448276,8.828343289761637,0.6482758620689655,6.483314603418703
2019-07-17,197,6885750,4409,2263,0.0006403078822205279,0.20409547880943854,0.9445562607434053,0.00524638014812253,0.34021320027217056,0.21783328492593668,340.2008486456722,0.02562969509500663,25.62876459489426,0.42572011794057607,0.13629102526866105,212.8523309693089,0.06407423773751657,32.035955743617826,0.5261964164209572,0.06738505329809172,105.23851910803698,0.15554573574900574,31.108921256316364,0.5872079836697663,0.03759911702343954,58.72037197644565,0.23641184268669907,23.641012602456332,0.650941256520753,0.020840140870638638,32.54706282603765,0.3424657534246575,17.123287671232873,0.8167384894533908,0.010459266660470303,16.334746066530595,0.6486964206805126,12.97390957193059,0.8872760263098208,0.005681273581206486,8.872721606212874,0.7843570481661511,7.843536308755253,0.4951387083443224,0.8968513828948256,0.14492753623188406,14.444444444444445,0.4492753623188406,8.986277873070327,0.6202898550724638,6.203430531732419
2019-07-18,198,6885750,3948,1873,0.0005733580220019605,0.21053544623043427,0.9530620689359645,0.004983418922874493,0.36119554204660587,0.20708684286959048,361.1824286447018,0.0405766150560598,40.57514189983499,0.4463019250253293,0.12794074934650015,223.14286089479825,0.07741591030432461,38.706549838658376,0.547112462006079,0.06273780824305092,109.4216978494397,0.14308595835557927,28.616983872518226,0.6119554204660588,0.03508670016555811,61.195097686168126,0.22851041110517886,22.85087518178694,0.7044072948328267,0.020193878662455072,35.22036474164134,0.398825413774693,19.94127068873465,0.8530901722391084,0.009782507667998885,17.061778666393952,0.6978109983982915,13.956199699731142,0.912613981762918,0.005232537875267218,9.126126563987144,0.8200747463961559,8.200735554241405,0.5054136032914148,0.9042204049084317,0.15384615384615385,15.333333333333334,0.483974358974359,9.68031732418525,0.6858974358974359,6.859562607204117
2019-07-19,199,6885750,3736,2084,0.0005425697999491704,0.17397457687243986,0.9526525161907484,0.005992660993347083,0.3356531049250535,0.18210862619808307,335.6409188553133,0.03502879078694818,35.027519047520826,0.40390792291220556,0.10957014231774616,201.94662940696483,0.07341650671785029,36.70692064568963,0.4943790149892934,0.05364663510412734,98.87508502897344,0.14923224568138196,29.846232411646454,0.569593147751606,0.030904179616021377,56.95890117532634,0.2509596928982726,25.095787059953533,0.680406852248394,0.018458410485422794,34.020342612419704,0.43809980806142035,21.904990403071018,0.8613490364025695,0.009346825913188958,17.226955709780746,0.755278310940499,15.105544281411321,0.9087259100642399,0.0049304723523218245,9.087259100642399,0.8382917466410749,8.382917466410749,0.504935196359965,0.9010937076213723,0.17166666666666666,17.109444444444446,0.47833333333333333,9.567487135506003,0.6566666666666666,6.5672298456260725
2019-07-20,200,6885750,4648,3002,0.0006750172457611734,0.15595227169458545,0.9415117603995122,0.011115821681277992,0.2943201376936317,0.19866395585245425,294.3094522398961,0.05396402398401066,53.96206479057528,0.3655335628227194,0.12336625036305547,182.76014596329802,0.09926715522984676,49.6317756407143,0.45675559380378655,0.06166313282407273,91.35045543101523,0.18754163890739506,37.50805542149338,0.5305507745266781,0.035812832205408235,53.05469220275167,0.28880746169220517,28.880536456869233,0.6944922547332186,0.023439712449624225,34.72461273666093,0.533311125916056,26.665556295802798,0.8526247848537005,0.011510678528794123,17.052421402677307,0.7754830113257828,15.509592653952083,0.8859724612736661,0.00598046690629198,8.859724612736661,0.8254497001998667,8.254497001998667,0.48137723390674025,0.8801721266665636,0.15789473684210525,15.736842105263158,0.43808049535603716,8.76236133164108,0.6052631578947368,6.053150672564774
2019-07-21,201,6885750,5495,3653,0.000798024906509821,0.15449115650826747,0.9360998660638945,0.013503007623771842,0.26533212010919016,0.21173395294801045,265.32248708130356,0.04571584998631262,45.714190247350004,0.3313921747042766,0.13222480395004357,165.69007166497042,0.07856556255132767,39.28135509278278,0.429663330300273,0.06857590984344593,85.93204207543363,0.17246099096632905,34.49194773436348,0.5370336669699727,0.04285631299195446,53.7029767396452,0.3180947166712291,31.80924068835743,0.7212010919017289,0.0287768216969829,36.06005459508644,0.5885573501231864,29.42786750615932,0.8535031847133758,0.013622316200390372,17.070038903883166,0.7826444018614838,15.65286530497058,0.8898999090081893,0.007101540409798093,8.898895700958548,0.837120175198467,8.371104494843532,0.47785546585873917,0.8846687568630245,0.13876967095851217,13.830710538865047,0.43204577968526464,8.641656667083828,0.5937052932761088,5.93756211397316
2019-07-22,202,6885750,5777,3836,0.0008389790509385325,0.15825118065935334,0.9280212674088828,0.015690089216096503,0.2551497316946512,0.21405750798722045,255.14046834395072,0.049009384775808136,49.00760546326181,0.33685303790894927,0.1413011908219576,168.42040413749257,0.09306569343065693,46.53115731485231,0.45559979227972996,0.0764471811554213,91.11929680473295,0.2116788321167883,42.33545900979335,0.5883676648779643,0.04936245606901159,58.83633925518375,0.3954640250260688,39.5461153435077,0.7194045352258958,0.030178266710234904,35.97022676129479,0.5842022940563086,29.210114702815428,0.8123593560671629,0.013630990243661574,16.2471163355189,0.7200208550573514,14.400354361339332,0.8590964168253419,0.007207576160248395,8.590889310270104,0.7896246089676746,7.896177285169305,0.4932040604421735,0.8951518282754606,0.1414141414141414,14.094276094276093,0.4213564213564214,8.427851165415486,0.6262626262626263,6.263163366079318
2019-07-23,203,6885750,5266,3235,0.0007647678175943071,0.17694137711198782,0.92993503379408,0.011278325572878035,0.27668059248006077,0.21158873075805984,276.67054743967157,0.03585780525502318,35.85650341777169,0.35529813900493734,0.1358553586988092,177.64261985573972,0.07449768160741886,37.24748846415076,0.48442840865932396,0.07409451334630689,96.8849782138877,0.19505409582689334,39.0105358953217,0.5985567793391569,0.04577469902264047,59.85437405908595,0.36136012364760434,36.13522519070116,0.7159134067603494,0.027375376683730895,35.79567033801747,0.5418856259659969,27.094281298299844,0.8137105962780099,0.01244593931261237,16.27414102199404,0.6976816074188562,13.953571355124298,0.8577668059248006,0.006559924481719493,8.577668059248007,0.7690880989180835,7.690880989180834,0.5442581916417116,0.9200849935739843,0.16996699669966997,16.94004400440044,0.5066006600660066,10.132882156140141,0.7293729372937293,7.294354907188832
2019-07-24,204,6885750,4693,2761,0.0006815524815742657,0.15589527590950472,0.9295727333735091,0.007847236200680514,0.2761559769870019,0.1882079581760093,276.1459509930654,0.028975009054690328,28.973957101123137,0.3573407202216066,0.12176880627359861,178.6638733855597,0.06519377037305324,32.59570173876353,0.4709141274238227,0.06419007232275117,94.18214159309267,0.1528431727634915,30.56841258404867,0.575324952056254,0.039211130151906824,57.53207744374439,0.2973560304237595,29.735387122635018,0.6880460259961645,0.02344697382274988,34.40230129980822,0.4784498370155741,23.9224918507787,0.8169614319198807,0.011136025652941724,16.33920490938493,0.6906917783411808,13.813815505369881,0.8661836778180269,0.005903487777674505,8.661824198832777,0.7732705541470482,7.7326943114747495,0.5402027615197442,0.921286270429128,0.18114602587800369,18.05422057917437,0.5341959334565619,10.684834957181764,0.7412199630314233,7.4128353249652035
2019-07-25,205,6885750,4141,2376,0.0006013869222670007,0.16307097812972304,0.9503901387608089,0.007828440866250048,0.29147548901231585,0.1752831832704037,291.464906835108,0.02356902356902357,23.568167882719145,0.36416324559285196,0.10949753122277084,182.0750122234229,0.06060606060606061,30.301930134924614,0.48804636561217096,0.05870051410148421,97.60856435022818,0.16287878787878787,32.5755210327446,0.6039603960396039,0.03632112463330332,60.395601048966036,0.3282828282828283,32.82804445160308,0.7261531031151895,0.021834948988853794,36.30765515575948,0.5311447811447811,26.55723905723906,0.8625935764308138,0.010375034854540385,17.251846474197404,0.7622053872053872,15.244085605509035,0.9058198502777107,0.005447474207640115,9.058185347804375,0.8371212121212122,8.371199963930831,0.49872493929244055,0.8953025749234345,0.17757009345794392,17.697819314641745,0.491588785046729,9.832618906397782,0.6934579439252336,6.93517417162277
2019-07-26,206,6885750,3598,1882,0.0005225284101223541,0.16187015231629517,0.9281599092862892,0.006301036846642514,0.3354641467481934,0.1752831832704037,335.4519675386833,0.032412327311370885,32.4111505640825,0.42384658143413007,0.11073191983735114,211.91559672597018,0.07013815090329437,35.067802249663025,0.5508615897720957,0.057567748119318016,110.1715179579194,0.19659936238044634,39.319586961897194,0.6567537520844914,0.03431700020331697,65.67489831850746,0.3687566418703507,36.87539642102251,0.745136186770428,0.019467741349889264,37.2568093385214,0.524442082890542,26.2221041445271,0.8290717065036132,0.008664257830653407,16.5814100493112,0.677470775770457,13.54939583796538,0.8727070594774875,0.004560135700343898,8.727057920690106,0.7587672688629118,7.587661669260613,0.46503670099915334,0.8744715098334592,0.16298811544991512,16.244482173174873,0.4465195246179966,8.931156392059105,0.6434634974533107,6.435186830019774
2019-07-27,207,6885750,3585,2080,0.0005206404531096831,0.1766470631146902,0.9079248714934556,0.004782442263089855,0.32524407252440724,0.16932907348242812,325.2322643602871,0.03076923076923077,30.76811367546192,0.39693165969316596,0.1033255881498693,198.45862443597278,0.06057692307692308,30.287361899282825,0.4719665271966527,0.049144616457056554,94.39262001929627,0.13221153846153846,26.44211568623946,0.5456066945606695,0.028406285398936942,54.56027327356487,0.23798076923076922,23.797904117615516,0.6552301255230125,0.01705696547217079,32.76150627615063,0.4173076923076923,20.865384615384613,0.7810320781032078,0.008132726089785295,15.62061887663573,0.625,12.499981846593549,0.8412831241283124,0.004380053908355795,8.41281902355953,0.7269230769230769,7.26922021232671,0.4739562682816785,0.8932044326235759,0.15436241610738255,15.384787472035795,0.45302013422818793,9.061179734536706,0.662751677852349,6.628085176188887
2019-07-28,208,6885750,3660,2393,0.0005315325127981702,0.14534698654642705,0.9287285373549038,0.007283991846696942,0.2866120218579235,0.15233807725820506,286.60161625155337,0.0442958629335562,44.29425474800097,0.34972677595628415,0.09294220156839965,174.85703946710598,0.082741328875888,41.36916245332165,0.44453551912568307,0.0472553006099332,88.9038760040567,0.1746761387379858,34.933959405027174,0.5297814207650273,0.0281594005053879,52.977757385238995,0.2921019640618471,29.209984301589696,0.6480874316939891,0.017223977054060924,32.404371584699454,0.4663602173004597,23.31801086502298,0.7909836065573771,0.008408657867831583,15.81964915667249,0.6828249059757626,13.656478286558368,0.8625683060109289,0.0045848309915405006,8.625683060109289,0.790639364814041,7.906393648140409,0.44030388088128586,0.9004863211427441,0.14795918367346939,14.746598639455783,0.42517006802721086,8.504130640249238,0.6717687074829932,6.718263205796899
2019-07-29,209,6885750,3882,2540,0.000563773009476092,0.18254820479206696,0.9312396243354057,0.00832444663485771,0.30370942812983,0.17121696195178623,303.69840179276457,0.04409448818897638,44.09288731444149,0.36501803194229776,0.10288992158001743,182.50238988140262,0.08582677165354331,42.91182783280466,0.44513137557959814,0.050190246594440734,89.02562866761212,0.1700787401574803,34.01550103225101,0.5512622359608449,0.031078451305585408,55.1258233069126,0.32598425196850395,32.598188489240556,0.6736218444100979,0.018988490723595833,33.681092220504894,0.50748031496063,25.3740157480315,0.7949510561566203,0.008963399934357474,15.898951854199375,0.6885826771653544,13.771593542899538,0.8578052550231839,0.0048360674783901846,8.578040092561878,0.7834645669291339,7.83463429125076,0.4447980288270418,0.8981190488652839,0.1590909090909091,15.856060606060607,0.4388111888111888,8.776976454077655,0.6486013986013986,6.4865702479338845
2019-07-30,210,6885750,3657,1903,0.0005310968304106307,0.2472513125401993,0.951199239172257,0.007996280750583134,0.4079846869018321,0.21667150740633168,407.96987479440753,0.05044666316342617,50.44483166970109,0.48974569319114025,0.1300464711007842,244.86395635280965,0.10141881240147137,50.70756516798078,0.5950232430954334,0.063202532748555,119.00378448820415,0.2375197057277982,47.503596204222795,0.6786983866557288,0.03604519445816027,67.86934584092891,0.3878087230688387,38.78059070654471,0.7727645611156686,0.02052064045310968,38.63822805578342,0.5664739884393064,28.323699421965316,0.8531583264971287,0.009062180500046473,17.063141749574786,0.7188649500788229,14.377278121820263,0.8990976210008204,0.004775078967432742,8.990976210008204,0.8066211245401996,8.066211245401995,0.4640672630552777,0.886246810236755,0.17689530685920576,17.630565583634176,0.4566787003610108,9.134357332606772,0.6299638989169675,6.300179266956054
2019-07-31,211,6885750,3392,1474,0.0004926115528446429,0.28065513255273183,0.9541838976705037,0.007846560777762647,0.45990566037735847,0.22654661632297415,459.88896325056584,0.07869742198100407,78.69456482801318,0.5713443396226415,0.1407203020621551,285.6617983267938,0.1587516960651289,79.37296624894432,0.6836674528301887,0.06735600801649771,136.73249770035352,0.31275440976933516,62.55042775187195,0.7473466981132075,0.03681489442040141,74.73412713893839,0.43487109905020355,43.48679413118213,0.8054245283018868,0.019838071379297825,40.27122641509434,0.5576662143826323,27.883310719131615,0.8620283018867925,0.008492889673761501,17.240540999735632,0.6858887381275441,13.717754840603613,0.8997641509433962,0.004432309971245171,8.997576174676132,0.7727272727272727,7.727216617069647,0.5043487764069928,0.8939281241556992,0.1782178217821782,17.762376237623762,0.44884488448844884,8.977667578078563,0.641914191419142,6.419692440942208
2019-08-01,212,6885750,2963,1285,0.00043030897142649677,0.2681062328216973,0.9564640977972326,0.006081283036535901,0.46776915288558896,0.2012779552715655,467.7521702703956,0.07782101167315175,77.81818633871691,0.5707053661829227,0.12278536160325297,285.34232320607464,0.15019455252918287,75.09454981686183,0.661491731353358,0.056928751924249905,132.29738560999115,0.2739299610894942,54.785594399255984,0.7181910226122173,0.030904179616021377,71.81858075970948,0.3782101167315175,37.8207370426682,0.7880526493418832,0.016955306248411576,39.402632467094165,0.5260700389105059,26.30350194552529,0.8636517043536955,0.007432730737057348,17.27300900192124,0.688715953307393,13.774299062082854,0.9031387107661154,0.0038862699650584246,9.031347759669607,0.778988326848249,7.789849329480946,0.46036045028863803,0.891871289115828,0.1669626998223801,16.640615748963885,0.43872113676731794,8.775175258737042,0.6607460035523979,6.608026713057043
2019-08-02,213,6885750,2476,1138,0.0003595831971825872,0.2637099591277179,0.9528943623184806,0.004864697830995838,0.48707592891760904,0.1751379610804531,487.05824535934164,0.06942003514938488,69.41751481700219,0.5545234248788369,0.0996950334011037,277.25164630115097,0.1256590509666081,62.827244422982986,0.6369143780290791,0.04580440907374597,127.38195063794278,0.2513181019332162,50.263255406391224,0.7023424878836834,0.025254872345987393,70.23373879498493,0.38137082601054484,38.136805675478655,0.7629240710823909,0.013716733834368078,38.146203554119545,0.4982425307557118,24.912126537785593,0.8509693053311793,0.006119876382563436,17.019361389836906,0.680140597539543,13.602792195800925,0.8925686591276252,0.0032095175993389264,8.925660666255256,0.7688927943760984,7.688905610955957,0.33663106077457483,0.8800663558106169,0.14341846758349705,14.29404060248854,0.38703339882121807,7.7413318416024435,0.6090373280943026,6.0908956114130905
2019-08-03,214,6885750,2434,1103,0.00035348364375703447,0.28967642558481177,0.9515921232123575,0.007886953199402046,0.5308134757600658,0.1876270694162068,530.7942042862144,0.13780598368087035,137.80098055918575,0.6068200493015612,0.10724658727853616,303.3990091837224,0.21033544877606528,105.1639062162207,0.6877567789646672,0.04862180138836446,137.55035698846777,0.3372620126926564,67.4519127450248,0.7308956450287593,0.025835777977867496,73.08903377613028,0.4215775158658205,42.1574454656405,0.7793755135579293,0.013774824819373343,38.96877567789647,0.5203989120580236,26.01994560290118,0.8656532456861133,0.006119858607158521,17.31298948407633,0.7062556663644606,14.125051786926345,0.9034511092851274,0.003193533349114626,9.034458610791305,0.7887579329102448,7.887533509643364,0.3464575254936795,0.8776882970016657,0.14925373134328357,14.875621890547263,0.43283582089552236,8.657458846419702,0.652452025586354,6.525079820207954
2019-08-04,215,6885750,2271,1046,0.0003298115673673892,0.28559011270186946,0.9487603712264453,0.007499345065884679,0.5266402465874064,0.17368573918094685,526.6211266249251,0.12332695984703633,123.3224823942391,0.6103038309114928,0.10063897763578275,305.14083674838884,0.21032504780114722,105.15870591756823,0.6873623954205196,0.04533968456824189,137.47148085238732,0.3422562141491396,68.45074578342206,0.7353588727432849,0.02425281013099422,73.5353533066902,0.4340344168260038,43.40312651630393,0.7807133421400264,0.012874414551791743,39.035667107001316,0.5305927342256214,26.52963671128107,0.8590929106120652,0.0056667508982279425,17.181783354237364,0.6969407265774379,13.938753802853398,0.8943196829590488,0.002949565480063203,8.943183841631528,0.7724665391969407,7.724654173650164,0.3335157250836094,0.8643292901415449,0.16517857142857142,16.462797619047617,0.4107142857142857,8.214990198480765,0.625,6.25053602058319
2019-08-05,216,6885750,2311,1198,0.0003356206658679156,0.2215656904001018,0.9395283100043472,0.011026181024352679,0.4868022501081783,0.1633749636944525,486.78457648596986,0.15859766277128548,158.5919047963083,0.5850281263522285,0.09817020040662214,292.50344329290283,0.2621035058430718,131.04699501589687,0.6650800519255733,0.044642597809985765,133.01504451324513,0.3772954924874791,75.45855056480467,0.7157074859368239,0.02402009904297187,71.56918952191413,0.4674457429048414,46.74355602327962,0.7615750757247944,0.012780016701158189,38.07875378623972,0.5525876460767947,27.629382303839733,0.837732583297274,0.005623199182080119,16.754627333625347,0.6919866444073456,13.83971278908321,0.8792730419731718,0.002951017752579236,8.792717650290989,0.7687813021702838,7.687801856903279,0.3456390310612911,0.8638015183019201,0.15367965367965367,15.316738816738816,0.4329004329004329,8.65875119734468,0.645021645021645,6.450769642021787
2019-08-06,217,6885750,2218,1162,0.00032211451185419165,0.1757963029671692,0.9354831879401928,0.008057712558604083,0.4783588818755636,0.15408074353761256,478.3415147944615,0.12306368330464716,123.05921541024894,0.5649233543733093,0.09098170200406622,282.45142226082004,0.22633390705679862,113.16284494019395,0.6348061316501352,0.040895756484359114,126.96030442388447,0.32960413080895007,65.92034748955032,0.6753832281334535,0.021754915913909784,67.53783239594422,0.3993115318416523,39.930863231268084,0.7330928764652841,0.011806906967963054,36.654377662151305,0.4991394148020654,24.956789519542546,0.8155996393146979,0.0052543219630077145,16.311969096835153,0.653184165232358,13.06366433261894,0.8733092876465284,0.002813055948879933,8.733092876465284,0.7590361445783133,7.590361445783133,0.351694947793482,0.8838126498382909,0.1585081585081585,15.797979797979798,0.44988344988344986,8.998440667394354,0.6806526806526807,6.807110556681739
2019-08-07,218,6885750,2719,1522,0.00039487347057328543,0.185765489536046,0.9353550386603745,0.0063085764737403896,0.42773078337624126,0.16889340691257623,427.7152543759734,0.08869908015768725,88.69585988902048,0.4965060684075028,0.09802497821667151,248.24402124142915,0.14914586070959265,74.57022294373203,0.556086796616403,0.043916465770135645,111.2165517384007,0.23324572930354795,46.64880712631518,0.6123574843692534,0.024180196927009207,61.23530378453609,0.3199737187910644,31.997139535937315,0.680397204854726,0.013433540282467415,34.0198602427363,0.4375821287779238,21.879106438896187,0.7760205958072821,0.006128590017659634,15.520389376277977,0.6044678055190539,12.089338553341461,0.8576682603898492,0.003386684752221604,8.576632781393862,0.7483574244415243,7.483530771847857,0.38743302951105374,0.8992591104770228,0.16744186046511628,16.688372093023254,0.4720930232558139,9.442670230164746,0.6767441860465117,6.768022258566356
2019-08-08,219,6885750,3166,1780,0.0004597901463166685,0.19237159908994342,0.9403370135703686,0.006898783353962068,0.39481996209728365,0.18152773743828057,394.80562794240063,0.08033707865168539,80.33416197006139,0.4750473783954517,0.10920708684286959,237.51506577014823,0.12921348314606743,64.6043959899095,0.5524320909665192,0.05080019750791484,110.48561591602167,0.22696629213483147,45.39292881197292,0.6171825647504738,0.02837724011734294,61.717808319012676,0.3292134831460674,32.921109262148676,0.6910928616550853,0.01588788439893984,34.55464308275427,0.45393258426966293,22.696629213483146,0.7896399241945673,0.007261320398501263,15.792683807321565,0.6269662921348315,12.539234790634104,0.859444093493367,0.003951633516126034,8.594428453463308,0.750561797752809,7.505607077325386,0.5038630890150627,0.9225239794902321,0.2044334975369458,20.3752052545156,0.603448275862069,12.070000591470988,0.7807881773399015,7.808551403053681
2019-08-09,220,6885750,3797,2191,0.0005514286751624732,0.197073560054137,0.915247508037978,0.00835912832192705,0.37345272583618644,0.20592506534998548,373.43916743051426,0.07120036513007759,71.19778016184023,0.45667632341322095,0.1259076386871914,228.3298717646374,0.12460063897763578,62.29805764161019,0.5462207005530683,0.060239914025966484,109.24334685391065,0.2323140118667275,46.46246499205086,0.6128522517777193,0.03379320360151031,61.28300018411894,0.33820173436786855,33.81894557687411,0.6918619963128786,0.01907562720110373,34.59309981564393,0.4728434504792332,23.642172523961662,0.7840400316038978,0.008646830560461009,15.680777859282168,0.6289365586490188,12.578712905234806,0.8480379246773769,0.004676310710349024,8.48035461516613,0.7389319945230488,7.38929848264912,0.4766048937690757,0.902356174969061,0.1956043956043956,19.495238095238097,0.545054945054945,10.902033815241362,0.7186813186813187,7.187429551580496
2019-08-10,221,6885750,4018,2102,0.0005835239443778818,0.23394667520973528,0.9619131036937955,0.015020097312953581,0.41189646590343454,0.24034272436828347,411.8815117767317,0.08468125594671741,84.67818154735832,0.5358387257341961,0.15633168748184723,267.9096359079466,0.1950523311132255,97.52262481577783,0.6505724240915879,0.07592436608672921,130.11354001535483,0.35299714557564227,70.5989164700537,0.7389248382279742,0.0431177205263005,73.89194726579733,0.5095147478591817,50.95110481093497,0.8170731707317073,0.023839087971535416,40.853658536585364,0.6531874405328258,32.65937202664129,0.8822797411647586,0.010296612138674598,17.645569197082782,0.7764034253092293,15.528045955197467,0.9193628670980587,0.005364663510412733,9.193561913097183,0.8472882968601332,8.472821444283397,0.4823456244719062,0.8829594527164486,0.1821561338289963,18.154894671623296,0.4851301115241636,9.703434357604237,0.6579925650557621,6.58048996665115
2019-08-11,222,6885750,3908,1988,0.0005675489235014341,0.23714711775153197,0.9524094941083107,0.013557049841680862,0.42681678607983625,0.24223061283764158,426.8012902627406,0.07847082494969819,78.46797602343658,0.5427328556806551,0.15400813244263722,271.356575733595,0.18561368209255533,92.80347164310288,0.670675537359263,0.07612768305788725,134.13413347386057,0.3702213279678068,74.04372793442522,0.7482088024564995,0.04246420169043539,74.82033694726599,0.5145875251509054,51.45837885660122,0.8024564994882293,0.02277166612206368,40.12282497441146,0.6156941649899397,30.784708249496983,0.8541453428863869,0.0096953713170369,17.082882048691616,0.7152917505030181,14.305814234089357,0.8984135107471852,0.005098913993766865,8.984095965348052,0.8013078470824949,8.013043559405455,0.45949781536254247,0.8708121787307035,0.1680129240710824,16.745288099084544,0.420032310177706,8.401366670638472,0.6025848142164781,6.026364938746442
2019-08-12,223,6885750,3319,1484,0.0004820099480811822,0.252695439154762,0.9479811856782634,0.010134493436221415,0.490207893943959,0.236276503049666,490.1900966779866,0.1105121293800539,110.50811717669274,0.6122326001807773,0.14754574498983444,306.105186370519,0.21630727762803234,108.14971223694626,0.7002109068996686,0.06750123442446775,140.0411644887854,0.35444743935309975,70.88897311933565,0.7559505875263633,0.03643730575967934,75.59450983269419,0.4636118598382749,46.36084934040201,0.7984332630310335,0.019242638782993864,39.92166315155167,0.5545822102425876,27.72911051212938,0.8418198252485688,0.008115298819592899,16.836372053935463,0.6482479784366577,12.964940740078701,0.8840012051822839,0.004260973750136151,8.840012051822837,0.7425876010781671,7.425876010781671,0.4406693049058611,0.8807787954373814,0.16805324459234608,16.74930671103716,0.415973377703827,8.320181059012565,0.6222961730449251,6.223495432141399
2019-08-13,224,6885750,2728,1241,0.00039618051773590384,0.24961382019605988,0.9480824794907761,0.008180044640567378,0.49230205278592376,0.19503340110368864,492.28417949036805,0.11845286059629331,118.4485601003379,0.5953079178885631,0.11792041823990705,297.64315245434017,0.20870265914585012,104.34754104077386,0.6814516129032258,0.05399517848325539,136.28933293294568,0.32554391619661566,65.10831046358727,0.7470674486803519,0.02959714194429115,74.70620239842478,0.45527800161160353,45.52746956921634,0.7881231671554252,0.015611952220164833,39.40615835777126,0.5390813859790492,26.954069298952458,0.843108504398827,0.006680414766621162,16.862047646356917,0.6583400483481063,13.166705358601684,0.8852639296187683,0.003507233032761768,8.852613583335536,0.750201450443191,7.5019927145245955,0.4355858331970441,0.8861035163723354,0.16574585635359115,16.519337016574585,0.4604051565377532,9.2088928480047,0.6666666666666666,6.667238421955404
2019-08-14,225,6885750,2073,999,0.00030105652978978324,0.18527135206995365,0.9287785667783068,0.004405235950113739,0.4761215629522431,0.14333430148126633,476.10427709822943,0.0960960960960961,96.0926072747159,0.5586107091172214,0.08408364798141156,279.29521422479723,0.15715715715715717,78.57572574026248,0.6333815726000965,0.038136454732928635,126.67539468271266,0.25925925925925924,51.8514753389423,0.6825856246985046,0.020549536727758576,68.25806682255843,0.3483483483483483,34.83458188793807,0.7317896767969126,0.01101550303162328,36.589483839845634,0.44744744744744747,22.372372372372375,0.8002894356005789,0.004818626212280961,16.00571897791299,0.5875875875875876,11.751700551662212,0.8480463096960926,0.0025530987909813748,8.480463096960927,0.6866866866866866,6.866866866866866,0.38845965066955146,0.871107833497214,0.16877637130801687,16.82137834036568,0.4472573839662447,8.945914844649021,0.6919831223628692,6.920424691143583
2019-08-15,226,6885750,1843,895,0.0002676542134117562,0.1943115907376454,0.9436508352512365,0.006515387273576315,0.5078676071622354,0.1359279697937845,507.84916875070616,0.14078212290502792,140.7770117329794,0.5919696147585458,0.07921870461806564,295.974061488793,0.22346368715083798,111.7277870896662,0.6592512208355942,0.03529001713671614,131.8492867602513,0.31843575418994413,63.686688385181334,0.7145957677699403,0.019126317929652328,71.45905788611151,0.4223463687150838,42.23433019227815,0.7715680954964731,0.010325672584685764,38.57840477482365,0.5340782122905028,26.703910614525142,0.8399348887683126,0.004496235709638442,16.798673379079165,0.6737430167597765,13.47484076602621,0.8762886597938144,0.0023454167072092156,8.762861145776373,0.7474860335195531,7.474838624158609,0.3855636915825658,0.8926740087461424,0.18309859154929578,18.248826291079812,0.47417840375586856,9.484381417147826,0.6784037558685446,6.7846193800884205
2019-08-16,227,6885750,2089,1112,0.00030338016918999384,0.1588292830908898,0.9411364407719359,0.007863404868888597,0.44901866921972233,0.13621841417368574,449.00236735110417,0.12589928057553956,125.89470973322997,0.5528961225466731,0.08386581469648563,276.4380246751201,0.2239208633093525,111.95636686990808,0.6328386787936812,0.03839786226727468,126.56681670985476,0.3300359712230216,66.00671494521829,0.6965055050263284,0.021130442359638676,69.6500447476697,0.4397482014388489,43.97450082862636,0.749162278602202,0.011364048941654867,37.4581139301101,0.5350719424460432,26.75359712230216,0.8343705122067975,0.005062621990891347,16.68738600946869,0.6915467625899281,13.830915165511422,0.8822403063666826,0.002676534359991693,8.822377438637051,0.7796762589928058,7.796739943912899,0.3750409263004771,0.8903197288094347,0.16595744680851063,16.54042553191489,0.44468085106382976,8.894379767161782,0.6297872340425532,6.298412466698295
2019-08-17,228,6885750,2664,1559,0.0003868859601350615,0.1519031833607808,0.9399181178308664,0.009411271213026881,0.38738738738738737,0.14986930002904444,387.3733230761985,0.08659397049390635,86.59082665239845,0.48536036036036034,0.0938861458030787,242.67136954337434,0.1725465041693393,86.27011988701919,0.5904654654654654,0.04568822794736995,118.0922355813073,0.3181526619627967,63.63007035087651,0.6711711711711712,0.02596648174504052,67.11662975822551,0.44515715202052597,44.51539195918175,0.7421171171171171,0.014355734669425989,37.10585585585586,0.563181526619628,28.1590763309814,0.8314564564564565,0.006433567246026582,16.62910497910193,0.7152020525978191,14.304020278590695,0.8915165165165165,0.0034491522346875793,8.915165165165165,0.8165490699166132,8.165490699166133,0.42158338118433747,0.9128272285890044,0.15338645418326693,15.287516600265603,0.46215139442231074,9.243820600958088,0.6792828685258964,6.793411260617905
2019-08-18,229,6885750,3074,1819,0.00044642921976545765,0.1859376252886969,0.9555189653072529,0.01222863017755253,0.38614183474300584,0.17237873947139123,386.1278156522876,0.09510720175920835,95.10374884017847,0.4808067664281067,0.10731919837351148,240.39465523760788,0.17042330951072018,85.20856109958186,0.6067013662979831,0.054169450172819426,121.33939216899523,0.3490929081913139,69.81807466317173,0.6831489915419648,0.030497545673705308,68.31440309782573,0.46948873007146785,46.94853209633753,0.74886141834743,0.01671568093526486,37.4430709173715,0.5794392523364486,28.97196261682243,0.8402732595966168,0.0075024180267159275,16.80539197379935,0.7333699835074217,14.667335767149774,0.9053350683148992,0.004041668542515942,9.053324387322428,0.8422210005497526,8.422185542844822,0.42976724861482163,0.9096783498239143,0.16417910447761194,16.36318407960199,0.44216417910447764,8.844042011213231,0.6417910447761194,6.418460868897365
2019-08-19,230,6885750,3169,1772,0.000460225828704208,0.2225195338449555,0.9509571946240776,0.009733759151387925,0.4114862732723257,0.1893697356956143,411.47133403789087,0.08013544018058691,80.13253081955797,0.4887977279899022,0.11247458611675865,244.3899909603884,0.1399548532731377,69.97488606778303,0.6030293467970969,0.05550553312614366,120.60499360156001,0.30191873589164786,60.38330871259444,0.6816030293467971,0.03136890412152546,68.15980800088164,0.4345372460496614,43.453409073549274,0.7582833701483118,0.017449079620956324,37.91416850741559,0.5688487584650113,28.442437923250562,0.849479331019249,0.00781898980510616,16.98946325355309,0.7313769751693002,14.627433288135027,0.9056484695487536,0.004168022121014964,9.05647154300372,0.8318284424379232,8.31827234396338,0.46930017154056536,0.8984110147549247,0.18269230769230768,18.208333333333332,0.46923076923076923,9.385420240137222,0.6596153846153846,6.596719554030875
2019-08-20,231,6885750,2880,1506,0.00041825509203790434,0.19850213036700093,0.9450056479286012,0.006604609059261382,0.42291666666666666,0.1768806273598606,422.90131244554175,0.07171314741035857,71.71054382527977,0.5034722222222222,0.10528608771420273,251.7269716937748,0.12881806108897742,64.40669213937164,0.5975694444444445,0.049986929623282696,119.5130210602496,0.25232403718459495,50.464440995783335,0.678125,0.028362717476545934,67.81200759171048,0.3930942895086321,39.30914351250492,0.7496527777777777,0.015677304578295755,37.482638888888886,0.5252324037184595,26.261620185922975,0.8302083333333333,0.006944767171670229,16.604142552891766,0.6759628154050464,13.519236674456556,0.88125,0.0036858515871091044,8.812448807616846,0.7735723771580345,7.735678834260028,0.43561245251850267,0.8867360111435009,0.18110236220472442,18.0498687664042,0.468503937007874,9.370882348968815,0.639763779527559,6.39818647776232
2019-08-21,232,6885750,2653,1189,0.00038528845804741674,0.23436690935493604,0.9459709902111867,0.006058797106773569,0.4689031285337354,0.18065640429857682,468.88610474893534,0.06896551724137931,68.96301341051809,0.5733132303053148,0.1104414754574499,286.6462079273033,0.16400336417157274,81.99870496982334,0.6762156049754995,0.052107235179645064,135.24213895146664,0.30193439865433136,60.386441242384684,0.7372785525819827,0.028406285398936942,73.72731989661895,0.4213624894869638,42.13594298389237,0.7911797964568413,0.015241622190756272,39.558989822842065,0.5399495374264087,26.997476871320437,0.8469656992084432,0.0065265126870527,16.939289383668726,0.663582842724979,13.271637580437089,0.8865435356200527,0.0034157449577098243,8.865422481172418,0.7510513036164844,7.51050212885318,0.46186706691704876,0.8726723235417101,0.2003853564547206,19.971740526653818,0.4701348747591522,9.403503901486234,0.626204238921002,6.262579442588167
2019-08-22,233,6885750,2247,1070,0.0003263261082670733,0.15109881099514152,0.92715514668111,0.003393982941295277,0.43391188251001334,0.14159163520185886,433.89612910155745,0.052336448598130844,52.33454849471093,0.5233644859813084,0.08539064769096719,261.67274247355465,0.10373831775700934,51.86727574029386,0.6123720516243881,0.039966307473350955,122.47352099894363,0.21214953271028036,42.42959844491019,0.6728971962616822,0.021958232885067822,67.28923101395449,0.3233644859813084,32.33621379281702,0.7289719626168224,0.011894129179827906,36.44859813084112,0.4392523364485981,21.962616822429904,0.8090787716955942,0.00528046286829631,16.181551933854614,0.602803738317757,12.056057257649105,0.8535825545171339,0.002785458685751464,8.535813148826499,0.6962616822429907,6.962606710812857,0.43817704035768257,0.855289797046954,0.1969111969111969,19.625482625482626,0.47297297297297297,9.46027073385564,0.6235521235521235,6.236056014357901
2019-08-23,234,6885750,1983,972,0.0002879860581635987,0.17353220002466643,0.9289699704428499,0.00511063259743648,0.45738779626828036,0.13171652628521638,457.3711905539227,0.08539094650205761,85.38784633699437,0.5577407967725668,0.08030787104269532,278.8602738437919,0.18209876543209877,91.04607711836147,0.6525466464952093,0.03758459438264254,130.50838162898683,0.30864197530864196,61.727946832074174,0.708018154311649,0.020389787678991547,70.80130131649825,0.411522633744856,41.151964554716116,0.7604639435199193,0.010950150673492358,38.02319717599597,0.5154320987654321,25.771604938271608,0.8119011598587998,0.004676317501626545,16.23799961514119,0.6193415637860082,12.386813286665545,0.8598083711548159,0.0024761282358493992,8.59808371154816,0.7170781893004116,7.170781893004116,0.38267216387501707,0.8566619890919627,0.17034068136272545,16.977287909151638,0.45090180360721444,9.018809488617029,0.6372745490981964,6.3732920386227
2019-08-24,235,6885750,1874,980,0.00027215626474966416,0.1626334660069833,0.9328245212888253,0.005396393519054139,0.4375667022411953,0.11908219575951205,437.5508161425081,0.10612244897959183,106.1185961459809,0.5234791889007471,0.07123148417078129,261.7300918510978,0.17551020408163265,87.7519160437919,0.6184631803628602,0.033663481367451856,123.69173790071058,0.29183673469387755,58.36692311476858,0.663820704375667,0.018066165151471143,66.38158841608454,0.3663265306122449,36.632387059793565,0.7246531483457844,0.009860944704643649,36.232657417289225,0.4785714285714286,23.928571428571427,0.8084311632870864,0.004400385723580259,16.16859978449454,0.6357142857142857,12.71426724967801,0.8591248665955176,0.002338155355174512,8.591223712322783,0.7326530612244898,7.326509332037711,0.36726021338735865,0.8633276433633501,0.17598343685300208,17.539682539682538,0.4244306418219462,8.489340847831414,0.6004140786749482,6.004655721636853
2019-08-25,236,6885750,2257,1316,0.0003277783828922049,0.10862235286300793,0.9315655871622218,0.006242822649190506,0.35135135135135137,0.11516119663084519,351.33859534818004,0.0737082066869301,73.70553067013199,0.4474966770048737,0.07333720592506535,223.74021519650807,0.14209726443768997,71.04605275935403,0.5516171909614532,0.03616137558453629,110.32263709845847,0.25759878419452886,51.519382737444516,0.642002658396101,0.021043306514856662,64.19979966091017,0.3981762917933131,39.81734005076833,0.7377049180327869,0.012090098463504603,36.88497806605088,0.5554711246200608,27.773354558312644,0.8103677447939743,0.005312397433551464,16.207284283596366,0.6778115501519757,13.556171941185942,0.8564466105449712,0.0028072427734919603,8.564453667510973,0.756079027355623,7.560779293228317,0.35391038837429684,0.8674808496489637,0.16122448979591836,16.0687074829932,0.4204081632653061,8.408884377078447,0.5857142857142857,5.857645185003675
2019-08-26,237,6885750,2610,1652,0.00037904367715935086,0.11604638664017415,0.941429739052424,0.009273498279619784,0.3203065134099617,0.12140575079872204,320.2948845066284,0.06537530266343826,65.3729291772829,0.4241379310344828,0.08038048213767064,212.06126623734315,0.14225181598062955,71.12332572528463,0.560536398467433,0.04249324697202939,112.10646564660972,0.32142857142857145,64.2852474865458,0.6490421455938697,0.02460135351012228,64.90374326908984,0.4552058111380145,45.520250574277256,0.7333333333333333,0.01389826816250953,36.666666666666664,0.5835351089588378,29.176755447941886,0.8218390804597702,0.006230212901914084,16.436662256457815,0.7203389830508474,14.40667504877392,0.8739463601532567,0.0033126191765941162,8.73941283342258,0.8026634382566586,8.026587755327691,0.3729784506047724,0.8633451174266487,0.16872427983539096,16.816186556927295,0.43209876543209874,8.642716472905152,0.5843621399176955,5.844122567393008
2019-08-27,238,6885750,2768,1651,0.0004019896162364303,0.1569923606864279,0.9548572392853578,0.012698075453036787,0.37210982658959535,0.1495788556491432,372.09631693861553,0.09448818897637795,94.48475853094605,0.4804913294797688,0.09657275631716526,240.23694248949445,0.18291944276196245,91.45640088572343,0.6127167630057804,0.04926079758343257,122.54246277461012,0.36220472440944884,72.44041886497901,0.7109826589595376,0.028580557088500973,71.09774962866531,0.5190793458509994,51.9075576649557,0.7976878612716763,0.016033111861453002,39.884393063583815,0.6620230163537251,33.10115081768625,0.8739161849710982,0.007026094432568082,17.47829831613283,0.7886129618413082,15.77223633120756,0.9107658959537572,0.0036611790129194165,9.10764573273478,0.8503937007874016,8.503924657840022,0.41040348762906126,0.8581956925640186,0.18979591836734694,18.916326530612245,0.45510204081632655,9.102821437322786,0.573469387755102,5.735185703784087
2019-08-28,239,6885750,2695,1322,0.00039138801147296955,0.22122962871917612,0.9538411978903385,0.01286568203465516,0.5020408163265306,0.1964856230031949,502.0225894598327,0.14296520423600606,142.96001380599458,0.6051948051948052,0.11842869590473425,302.58641663303297,0.2617246596066566,130.85757877479926,0.7076066790352504,0.05538935199976764,141.52030817528757,0.4228441754916793,84.56822101692848,0.7795918367346939,0.03051206831450231,77.95861758685872,0.5582450832072617,55.82410296108516,0.8311688311688312,0.01626547580147406,41.55844155844156,0.6573373676248109,32.86686838124054,0.8753246753246753,0.006851821730644112,17.506468082294134,0.745839636913767,14.916771075027219,0.9031539888682746,0.0035348364375703445,9.031539888682746,0.802571860816944,8.02571860816944,0.42138174244964366,0.845429800240691,0.18217821782178217,18.157095709570957,0.4514851485148515,9.030477387361378,0.594059405940594,5.941103544316696
2019-08-29,240,6885750,2562,1347,0.0003720727589587191,0.1747775126852163,0.9433849582780308,0.008787714360006723,0.43598750975800155,0.1622131861748475,435.971680992762,0.10987379361544172,109.86980458720997,0.5359094457455114,0.0996950334011037,267.94499462983987,0.17965850037119524,89.82598888548922,0.6334894613583139,0.0471404920270702,126.69697227767315,0.3170007423904974,63.399688109308066,0.7181889149102264,0.02672165906648465,71.81836999104085,0.46993318485523383,46.99297725198127,0.7849336455893833,0.014602621355698363,39.24668227946916,0.5939123979213066,29.69561989606533,0.8477751756440282,0.006308671809647737,16.955478888868814,0.7119524870081663,14.239029061182736,0.8868071818891491,0.0032995631564271773,8.868058940034519,0.7861915367483296,7.861903949839686,0.4032335140717268,0.8370577864786147,0.19616204690831557,19.550817341862118,0.4541577825159915,9.083934651662052,0.605543710021322,6.055956434441368
2019-08-30,241,6885750,2599,1404,0.0003774461750717061,0.18412653414272187,0.9286033636099134,0.007224334233725228,0.41246633320507886,0.15567818762706942,412.4513583890316,0.08618233618233619,86.17920728543731,0.5059638322431704,0.09548358989253558,252.97273147461595,0.15455840455840456,77.27639661545412,0.6071565986918045,0.045833454355339975,121.43043798664186,0.28917378917378916,57.83433787805103,0.6829549826856484,0.025777687414679486,68.29500235307013,0.4202279202279202,42.02248688183511,0.7414390150057715,0.013992666013143085,37.07195075028857,0.5249287749287749,26.24643874643875,0.8114659484417084,0.006125667680349938,16.22924826085786,0.6517094017094017,13.034131246773825,0.856098499422855,0.003231296962726082,8.560947695687233,0.7336182336182336,7.336150373867233,0.39559716736242484,0.8499571813258583,0.19205298013245034,19.141280353200884,0.4856512141280353,9.713857303511185,0.6423841059602649,6.424391989367623
2019-08-31,242,6885750,2635,1366,0.00038267436372217987,0.20124266241203922,0.9043480384907643,0.006730144177795287,0.4409867172675522,0.16874818472262562,440.970707003347,0.08711566617862372,87.11250339666836,0.5347248576850094,0.10230903282021493,267.352722103148,0.17276720351390923,86.38046555299887,0.6269449715370019,0.04798280519329635,125.38808381773826,0.2979502196193265,59.589611221463805,0.683111954459203,0.02614075343460455,68.31069941644337,0.39604685212298685,39.60439762999007,0.7252371916508539,0.013876484043132556,36.26185958254269,0.47291361639824303,23.64568081991215,0.7768500948766603,0.005945586411415991,15.536934205847308,0.5717423133235725,11.434796447077279,0.8269449715370019,0.0031645018124361,8.269437705875474,0.6676427525622255,6.676417829630053,0.4256084746822847,0.8316837150595597,0.18277310924369747,18.21638655462185,0.48739495798319327,9.748735171598657,0.6407563025210085,6.40811255891722
2019-09-01,243,6885750,2769,1515,0.00040213484369894345,0.20294475584840474,0.9144492848240007,0.008195331828330847,0.4283134705669917,0.1722335172814406,428.2979204119464,0.10363036303630363,103.62660067923726,0.5135427952329361,0.10325297705489399,256.76207539029843,0.17557755775577558,87.78559165820735,0.6143011917659805,0.0494060239914026,122.85934622564119,0.31551155115511553,63.101852024930636,0.6713615023474179,0.026997589241627696,67.13566273764461,0.40726072607260727,40.72577688219896,0.7230046948356808,0.01453716343779953,36.1499722433471,0.49636963696369635,24.818301633236317,0.7836764174792343,0.006302862719583605,15.673505587350238,0.6066006600660065,12.131995582330795,0.831708197905381,0.003344583604424203,8.317069900384238,0.6937293729372938,6.937283654531918,0.4006009508178175,0.8261148762874632,0.19114688128772636,19.05097250167673,0.4688128772635815,9.37706168399764,0.6056338028169014,6.056857439663712
2019-09-02,244,6885750,2801,1466,0.0004067821224993646,0.18471238886088545,0.9423402009421226,0.009781846778169038,0.42806140664048553,0.17412140575079874,428.0458656367592,0.08731241473396999,87.30924480895061,0.538022134951803,0.10942492012779553,269.0013008818165,0.20259208731241474,101.29236604788409,0.658693323812924,0.05358854454093932,131.73770816593108,0.3669849931787176,73.39646567662014,0.7272402713316672,0.029582619303494147,72.72349906070505,0.48362892223738063,48.362541045282235,0.7857907890039272,0.015982282249573394,39.28953945019636,0.5948158253751705,29.740791268758528,0.8372009996429847,0.006811158100195186,16.74399567597965,0.6909959072305594,13.819898074323891,0.8721885041056765,0.0035478966041561076,8.72185970798569,0.757162346521146,7.571601473122078,0.42404029902116064,0.8474897630532694,0.18711018711018712,18.64864864864865,0.5072765072765073,10.146400259607807,0.6257796257796258,6.2583329470121924
2019-09-03,245,6885750,3649,2213,0.0005299350107105254,0.19162486148266478,0.9135184751695155,0.0070605310028306134,0.36119484790353523,0.19140284635492302,361.1817345268323,0.06552191595119747,65.51953714216643,0.4420389147711702,0.11712169619517862,221.01143315317927,0.12742882964301852,63.71210163479631,0.5132913126884078,0.05440181242557147,102.65751710314572,0.21057388160867602,42.11447051285082,0.5702932310221979,0.030221615498562258,57.028908994032626,0.3000451875282422,30.004300880400155,0.6303096738832557,0.01670115818901354,31.515483694162782,0.3953908721192951,19.769543605964753,0.7144423129624554,0.0075721488985965235,14.2888255079504,0.5305015815634885,10.610016222612437,0.7941901890929022,0.0042086918636314126,7.941901890929021,0.6606416629010393,6.6064166290103925,0.43998190570294504,0.883375363098954,0.18973214285714285,18.909970238095237,0.5200892857142857,10.402677805684881,0.6696428571428571,6.697002879196274
2019-09-04,246,6885750,3972,2420,0.0005768434811022765,0.2000941941340554,0.9414992875516505,0.009227147805719732,0.36530715005035247,0.2107173976183561,365.2938873742687,0.05826446280991736,58.26234748669597,0.4473816717019134,0.12902991577112982,223.68271463269315,0.12933884297520662,64.66707362885049,0.5412890231621349,0.062447355427110864,108.2570185378219,0.25413223140495866,50.82607721388057,0.600453172205438,0.034636498300851026,60.04488121225704,0.34793388429752065,34.79313578381093,0.6623867069486404,0.01910467269360636,33.11933534743202,0.44834710743801653,22.417355371900825,0.7663645518630413,0.008841435077609443,15.327268777857306,0.6181818181818182,12.363618408267074,0.858257804632427,0.004950804197073667,8.58257804632427,0.7677685950413223,7.677685950413223,0.4339648704236708,0.8914147018341425,0.20202020202020202,20.134680134680135,0.5681818181818182,11.364610946514892,0.6843434343434344,6.84402125890119
2019-09-05,247,6885750,4470,2713,0.0006491667574338308,0.20569570708141263,0.9302486079536945,0.01050810082028796,0.35950782997762865,0.2333720592506535,359.49477784903513,0.06597862145226686,65.97622606229257,0.45548098434004475,0.1478361893697357,227.73222392676902,0.14375230372281608,71.87354235836341,0.538255033557047,0.06988294751517617,107.65022502295845,0.2488020641356432,49.76005150082795,0.6006711409395973,0.038993290539951785,60.06667792739888,0.3435311463324733,34.352865184275295,0.6604026845637584,0.0214355734669426,33.02013422818791,0.44120899373387396,22.0604496866937,0.756599552572707,0.009823171298447812,15.131969075679422,0.599705123479543,11.994085050885488,0.8328859060402685,0.00540677916872404,8.328798581888492,0.7253962403243642,7.253909729898474,0.44649999542045715,0.8978736911043126,0.22916666666666666,22.840277777777775,0.5807291666666666,11.615579438250428,0.7057291666666666,7.057896923241851
2019-09-06,248,6885750,4740,2190,0.0006883781723123843,0.3217974864075606,0.9616906429912342,0.012236250646671857,0.45147679324894513,0.31077548649433634,451.4604021367883,0.058447488584474884,58.445366616402545,0.5658227848101266,0.19474295672378739,282.9011211520715,0.15799086757990868,78.99256581748156,0.6848101265822785,0.0942809840541404,136.96103079130742,0.33424657534246577,66.84882965419801,0.749789029535865,0.05161346539254698,74.97835850774902,0.4598173515981735,45.98140127170588,0.7991561181434599,0.02750608139999274,39.95780590717299,0.5657534246575342,28.287671232876708,0.8622362869198312,0.011870875546054467,17.244700694355387,0.7022831050228311,14.04564170232758,0.9082278481012658,0.006252024101879673,9.082252101164126,0.8013698630136986,8.013675354022244,0.5172042571684304,0.8916611017658347,0.23040380047505937,22.96357878068092,0.6152019002375297,12.305093239570898,0.7078384798099763,7.078991863691366
2019-09-07,249,6885750,5165,2499,0.0007500998438804778,0.281811886964701,0.9476631218674918,0.014901916109810622,0.41103581800580835,0.3083067092651757,411.02089512539857,0.06042416966786715,60.42197593530587,0.536108422071636,0.20106012198663956,268.04447918092995,0.16206482593037214,81.02947103906914,0.66621490803485,0.09994481396497139,133.24201408698968,0.3385354141656663,67.70659119031156,0.7452081316553727,0.055896832658040345,74.51918983061013,0.4833933573429372,48.33828272737231,0.81297192642788,0.030490505754638204,40.648596321394,0.6174469787915166,30.872348939575833,0.8667957405614715,0.013003648108560275,17.335889634756807,0.7270908363345339,14.541795608009913,0.896999031945789,0.006728388338234761,8.96999031945789,0.789515806322529,7.89515806322529,0.5232799907123588,0.8616670716124516,0.1992110453648915,19.854700854700855,0.5463510848126233,10.927958833619211,0.6410256410256411,6.410806174957118
2019-09-08,250,6885750,5072,2282,0.0007365936898667538,0.287713461838886,0.9427373210454507,0.011036508322922394,0.42034700315457413,0.30961370897473134,420.33174222648984,0.04075372480280456,40.75224521651343,0.5380520504731862,0.19815567818762708,269.0162580994584,0.12182296231375986,60.909269732208244,0.6681782334384858,0.09843445932208313,133.6346763164499,0.29491673970201576,58.982919643415585,0.7488170347003155,0.0551569897470156,74.88115972999067,0.4544259421560035,45.44226424236401,0.8119085173501577,0.0299023345314599,40.595425867507885,0.5893952673093777,29.469763365468882,0.8521293375394322,0.012553370704928984,17.042462999105826,0.6761612620508326,13.523127044545355,0.8840694006309149,0.00651199941909015,8.840694006309148,0.745398773006135,7.453987730061349,0.49636812768229177,0.8527185956895237,0.1894934333958724,18.88617886178862,0.5178236397748592,10.357361000711208,0.6078799249530957,6.07932058737397
2019-09-09,251,6885750,4668,1951,0.0006779217950114366,0.31519414926653305,0.9474877082250691,0.010758774420968117,0.4672236503856041,0.31672959628231195,467.20668757517774,0.04100461301896463,41.00312432403946,0.5944730077120822,0.20149578855649145,297.22571252203534,0.14915427985648386,74.57443236434678,0.7131533847472151,0.09669174242644282,142.62964126239905,0.33316248077908767,66.632012315914,0.7810625535561269,0.05294954834587121,78.10568820106742,0.4812916453100974,48.12881504972557,0.8389031705227078,0.02843553716007697,41.945158526135394,0.6166068682726806,30.830343413634036,0.8708226221079691,0.01180697555534901,17.416427148724175,0.6924654023577652,13.849287934185861,0.8967437874892887,0.006079212752114509,8.967424851729325,0.7539723218862122,7.539712269129313,0.4987467169067215,0.834442566451393,0.20155038759689922,20.08785529715762,0.5213178294573644,10.427250787825601,0.6124031007751938,6.124556224819498
2019-09-10,252,6885750,3993,1581,0.0005798932578150528,0.30544735526045447,0.9443443799428537,0.010579226385860075,0.4780866516403707,0.2772291606157421,478.06929444273635,0.058823529411764705,58.821393791324255,0.6183320811419984,0.17927679349404588,309.15481612863175,0.17204301075268819,86.0183823184957,0.750313047833709,0.08701966365563914,150.06151991405392,0.396584440227704,79.31631210020367,0.8149261207112447,0.04725667315344622,81.49202032715812,0.5433270082226439,54.33230629511561,0.8529927372902579,0.02473223686599136,42.6496368645129,0.635673624288425,31.78368121442125,0.8747808665164037,0.010145575797007157,17.495591921923875,0.6881720430107527,13.763420871948165,0.8885549711995993,0.005152662886885398,8.885536807756356,0.7223276407337128,7.223265917171326,0.4475899352674839,0.8293134526409733,0.20833333333333334,20.763888888888886,0.5394736842105263,10.79039902500677,0.6118421052631579,6.118945788570913
2019-09-11,253,6885750,3935,1669,0.0005714700649892895,0.2692435680120467,0.935178143258968,0.008971046916023299,0.44955527318932653,0.25689805402265464,449.53895183900744,0.052726183343319355,52.724269090366136,0.57712833545108,0.16489979668893406,288.5536912454454,0.15398442180946675,76.98941566036419,0.6960609911054638,0.07955502628597984,139.21118735671809,0.3139604553624925,62.791635119006735,0.7791613722998729,0.044526416683609744,77.91557145595064,0.4865188735769922,48.65153408075712,0.8254129606099111,0.023584939912137386,41.27064803049555,0.5907729179149191,29.538645895745955,0.8564167725540025,0.009788259897179703,17.128211076748446,0.6632714200119832,13.265332075713825,0.8813214739517153,0.005036481085602751,8.813201940327609,0.7213900539245057,7.213890062695571,0.4423871705309144,0.8290851120866501,0.20212765957446807,20.145390070921987,0.5170212765957447,10.341312360862743,0.6042553191489362,6.043071420751067
2019-09-12,254,6885750,3910,1616,0.0005678393784264604,0.3141981173667811,0.9437716275502125,0.00838430375349391,0.49514066496163683,0.28115015974440893,495.122688608712,0.05754950495049505,57.547415584210185,0.6094629156010231,0.17303223932616904,304.7203943580994,0.16584158415841585,82.91778159445337,0.7069053708439897,0.08028115832582997,141.38004755552012,0.30754950495049505,61.50945434700024,0.7675191815856778,0.043582445031804584,76.75136083829884,0.4412128712871287,44.12096674991064,0.8202046035805627,0.023287223613985403,41.010230179028135,0.567450495049505,28.37252475247525,0.8575447570332481,0.009738939492517891,17.15087023289132,0.656559405940594,13.131169048748275,0.8846547314578005,0.00502338874697021,8.846495924411796,0.7215346534653465,7.215304620238215,0.4593611891376242,0.8522935411483278,0.21179039301310043,21.10844250363901,0.5305676855895196,10.612263776431197,0.6244541484716157,6.2450770371591
2019-09-13,255,6885750,3629,1475,0.0005270304614602621,0.30388823419069316,0.9357229259512018,0.006159140483786681,0.5073022871314412,0.26735405169909965,507.2838692441652,0.059661016949152545,59.65885092326853,0.6087076329567374,0.1603979088004647,304.3427667464315,0.14440677966101695,72.20076844691022,0.6910994764397905,0.07284556623776467,138.21889162901297,0.2555932203389831,51.1182728789437,0.7451088454119592,0.03926922071509483,74.51034349379009,0.3783050847457627,37.830233775133394,0.8049049324882888,0.0212104709000472,40.24524662441444,0.5220338983050847,26.101694915254235,0.8423808211628547,0.008879168373081916,16.847543021479417,0.6128813559322034,12.257573714554253,0.8660788095894185,0.004564492517891997,8.660775518069668,0.6711864406779661,6.711854659323452,0.4561901593167307,0.8458258625586554,0.23284313725490197,23.20669934640523,0.553921568627451,11.079381495308244,0.6372549019607843,6.373095550398547
2019-09-14,256,6885750,3092,1091,0.0004490433140906945,0.3177475111097518,0.9561082856656695,0.0087442121620182,0.5530401034928849,0.24832994481556783,553.0200250691449,0.0999083409715857,99.90471374456814,0.6798188874514877,0.1526285216381063,339.8971031272932,0.23281393217231897,116.40273986752436,0.7813712807244502,0.07017340033111621,156.27312138744614,0.40971585701191565,81.94257638676112,0.8369987063389392,0.03758459438264254,83.69926286231595,0.541704857928506,54.17009244359712,0.8657826649417852,0.019438695857386633,43.28913324708927,0.620531622364803,31.02658111824015,0.8877749029754204,0.007972976113021656,17.755472273686568,0.6828597616865261,13.65717539976124,0.9097671410090556,0.004085248520495226,9.097671410090557,0.7451879010082493,7.451879010082494,0.5040575808058063,0.8617386647609107,0.24338624338624337,24.257495590828924,0.6084656084656085,12.170355849601131,0.6984126984126984,6.984725965858042
2019-09-15,257,6885750,2748,985,0.0003990850669861671,0.2884791978278219,0.9460412199749915,0.006763601883613265,0.5545851528384279,0.22131861748475168,554.5650183208256,0.10152284263959391,101.51915679720938,0.6528384279475983,0.13026430438571013,326.4073631455253,0.19289340101522842,96.44319895734891,0.757278020378457,0.060443230997124515,151.45450430802407,0.3583756345177665,71.67460644749225,0.8278748180494906,0.03303900781318075,82.78688065851868,0.5299492385786801,52.994539044746396,0.8598981077147017,0.017158624695930002,42.99490538573509,0.6152284263959391,30.761421319796955,0.8777292576419214,0.0070057422688497165,17.55450867093593,0.6598984771573604,13.197912042168918,0.8901018922852983,0.0035522534153769295,8.900993069480238,0.6944162436548224,6.9441422669450095,0.44919964056114126,0.8317504191605869,0.2358974358974359,23.511111111111113,0.5487179487179488,10.975300171526587,0.6102564102564103,6.103087478559177
2019-09-16,258,6885750,2426,1091,0.00035232182405692914,0.19661781400355655,0.9225031042897035,0.006391800538474376,0.4843363561417972,0.17063607319198373,484.3187720452193,0.09074243813015583,90.73914367625915,0.6005770816158286,0.10579436537902992,300.277638668036,0.1924839596700275,96.23848571724454,0.6933223413025557,0.0488541636411165,138.66346137337922,0.3382218148487626,67.64387178235985,0.7530915086562242,0.026532864736123617,75.30860402174905,0.458295142071494,45.829181424363036,0.7906018136850783,0.013927313655012163,39.53009068425392,0.538955087076077,26.94775435380385,0.8128606760098929,0.005727712894034407,16.25704825230726,0.5866177818515124,11.732236368026035,0.832646331409728,0.002933594742765857,8.32646331409728,0.6306141154903758,6.3061411549037585,0.36615362647124533,0.7960984195526999,0.20300751879699247,20.23308270676692,0.47619047619047616,9.524626317079148,0.531328320802005,5.313738892686262
2019-09-17,259,6885750,2355,1129,0.00034201067421849474,0.2304212066941797,0.9296759678479709,0.008374861158118136,0.49171974522292994,0.16816729596282312,491.7018930683691,0.11426040744021258,114.2562591535643,0.6046709129511677,0.10339819924484461,302.32448002131156,0.224977856510186,112.48484428296639,0.700212314225053,0.04789566934851434,140.0414459518185,0.3879539415411869,77.5902248966635,0.759235668789809,0.02596648174504052,75.92301557363598,0.5031000885739593,50.30964354030236,0.7957537154989385,0.013607813237483208,39.78768577494692,0.5766164747564216,28.83082373782108,0.8339702760084926,0.005704526442977972,16.67938129712763,0.6554472984942427,13.108926932122907,0.8590233545647559,0.002937947299934938,8.590221070287473,0.7068201948627104,7.068191683671675,0.3676273846912274,0.7683516779839679,0.23822714681440443,23.74330563250231,0.47645429362880887,9.529903118362848,0.5290858725761773,5.291312487230535
2019-09-18,260,6885750,1932,849,0.0002805794575754275,0.20198144504508925,0.9357054149990466,0.004933686033605284,0.5098343685300207,0.14304385710136508,509.8158587141432,0.07891637220259129,78.91350710049274,0.6071428571428571,0.08517281440604124,303.56040724451265,0.18021201413427562,90.10273571921931,0.7013457556935818,0.03935635655987685,140.26813259946792,0.33451118963486454,66.90175212838795,0.755175983436853,0.021188532922826686,75.517049986208,0.4464075382803298,44.6404296772166,0.8007246376811594,0.011233344225393021,40.03623188405797,0.5465253239104829,27.32626619552415,0.8462732919254659,0.0047489311274282,16.925441258120458,0.6501766784452296,13.003514684230181,0.8695652173913043,0.002439821370221109,8.695652173913045,0.7031802120141343,7.031802120141343,0.43015808423654933,0.7888424742086235,0.271875,27.096875,0.53125,10.625911234991422,0.59375,5.938009219554031
2019-09-19,261,6885750,1653,774,0.00024006099553425554,0.19598772636239303,0.9501842694936403,0.007157813796024803,0.5045372050816697,0.12111530641882079,504.5188875822113,0.12144702842377261,121.44261922291493,0.6134301270417423,0.0736276503049666,306.7039280625673,0.24935400516795866,124.67247611714139,0.7247428917120388,0.03479624734961805,144.94752582433907,0.42764857881136953,85.52909470360416,0.793708408953418,0.019053704725667316,79.37026455823576,0.5684754521963824,56.84713243139853,0.8415003024803388,0.010100570017790364,42.075015124016936,0.6666666666666666,33.33333333333333,0.8747731397459165,0.004199972116367692,17.49543738673856,0.7364341085271318,14.72866078048232,0.9007864488808227,0.002162436916820971,9.007864488808227,0.7881136950904393,7.881136950904392,0.37185284401450014,0.8281471559548279,0.2744360902255639,27.352130325814535,0.5375939849624061,10.752801815860405,0.6015037593984962,6.015553463418409
2019-09-20,262,6885750,1536,699,0.00022306938242021567,0.220777206171272,0.9302652989188381,0.006053500430289325,0.529296875,0.11806564042985768,529.2776585871696,0.14163090128755365,141.62575930014123,0.63671875,0.07101365088585536,318.3478167885928,0.25894134477825465,129.46597188548262,0.7317708333333334,0.03264689651166168,146.35310394217083,0.4177396280400572,83.54731893975496,0.7669270833333334,0.017107670858868978,76.6921514430059,0.49213161659513593,49.21280430697896,0.791015625,0.008822568347674545,39.55078125,0.5436337625178826,27.181688125894134,0.8209635416666666,0.0036626206471888443,16.41919929777382,0.6065808297567954,12.13156374004936,0.84765625,0.0018908505777841032,8.476513259099537,0.6652360515021459,6.652321871028453,0.35165209435268885,0.8227966098469954,0.26714801444043323,26.62575210589651,0.4729241877256318,9.459294945229146,0.5595667870036101,5.596147772940908
2019-09-21,263,6885750,1912,841,0.00027767490832516427,0.2880533373689411,0.9433949301985851,0.00969289461073368,0.5810669456066946,0.16134185303514376,581.0458496531073,0.1700356718192628,170.02949858110495,0.6736401673640168,0.09352309032820215,336.8078552444655,0.29488703923900117,147.4381666017973,0.7641213389121339,0.042435156408841386,152.82315807645375,0.47205707491082044,94.41072943063062,0.8080543933054394,0.022437480031368903,80.80485257635901,0.5659928656361475,56.59887557806068,0.8289748953974896,0.011509276404168028,41.44874476987448,0.6123662306777645,30.618311533888228,0.8488493723849372,0.004714076587043405,16.97696279248647,0.6575505350772889,13.150991602694377,0.8692468619246861,0.0024136664057428413,8.692418124133772,0.703923900118906,7.039198109793876,0.36526811603421494,0.8173182316404823,0.2515527950310559,25.071428571428573,0.468944099378882,9.379686351384466,0.562111801242236,5.621600098015193
2019-09-22,264,6885750,2106,1144,0.0003058490360527176,0.22362851661846453,0.9275018949939072,0.013245631477662034,0.47530864197530864,0.14536741214057508,475.2913856348361,0.13636363636363635,136.35868560716077,0.6225071225071225,0.09519314551263433,311.24226102261247,0.3374125874125874,168.7001687319361,0.7260208926875593,0.04441023555723373,145.2031241634483,0.5034965034965035,100.69856948941442,0.7602089268755935,0.023250410258644476,76.01923667543267,0.5620629370629371,56.205069328353865,0.7872744539411206,0.012039269220715096,39.36343686445345,0.611013986013986,30.55047746228328,0.8181386514719848,0.0050044874829722535,16.362606688450235,0.666958041958042,13.339025235665723,0.8480531813865148,0.0025937549467960736,8.48050718181437,0.7211538461538461,7.2115175153306685,0.314093703932864,0.78707976981449,0.20786516853932585,20.717228464419474,0.4353932584269663,8.708611983733885,0.5224719101123596,5.22516719024033
2019-09-23,265,6885750,1929,994,0.000280143775187888,0.21576356954728143,0.9295932606880832,0.010918283889116424,0.49922239502332816,0.13984896892245136,499.20427048095877,0.14989939637826963,149.89395419861603,0.6215655780196994,0.08706070287539937,310.77150587054496,0.32696177062374243,163.47495004882623,0.7133229652669777,0.039966307473350955,142.66355712007586,0.4607645875251509,92.15224835317052,0.7667185069984448,0.021478985738766738,76.67129396097101,0.5553319919517102,55.53279595081891,0.7936754795230689,0.011117162255382493,39.683773976153454,0.6036217303822937,30.18108651911469,0.8247796785899429,0.004621131146017288,16.495569615701683,0.6619718309859155,13.23941739244838,0.855883877656817,0.002397705406092292,8.558838776568171,0.721327967806841,7.213279678068411,0.3238639721711081,0.8050528676909445,0.2215568862275449,22.081836327345307,0.4251497005988024,8.503723256745515,0.5419161676646707,5.419626441799078
2019-09-24,266,6885750,1992,785,0.0002892931053262172,0.29330286409684153,0.9540982555965791,0.009689716961378008,0.6134538152610441,0.17746151611966307,613.4315434844227,0.20127388535031848,201.26657799171588,0.7023092369477911,0.1015829218704618,351.14186961321906,0.3019108280254777,150.94993349378692,0.7806224899598394,0.04516541287867786,156.1233643219659,0.45222929936305734,90.44520311624422,0.8192771084337349,0.023700949780708126,81.92711594001555,0.5439490445859873,54.394509479769404,0.8458835341365462,0.012235413716733834,42.29417670682731,0.6114649681528662,30.573248407643312,0.8805220883534136,0.005094571986244075,17.6104161919077,0.6993630573248407,13.987240833181879,0.9126506024096386,0.0026402352684892715,9.126506024096386,0.7796178343949045,7.796178343949045,0.39333303093291067,0.8469720444741293,0.23839009287925697,23.759545923632608,0.5170278637770898,10.341444115788411,0.6130030959752322,6.130556691395525
2019-09-25,267,6885750,2032,920,0.0002951022038267436,0.2555158121588313,0.9564032478109312,0.011218722407717966,0.5285433070866141,0.15596863200697067,528.5241180324795,0.17282608695652174,172.81981241081462,0.6476377952755905,0.09555620098751089,323.8071412154297,0.30217391304347824,151.08147122706436,0.7436023622047244,0.043887420488541634,148.71939253394467,0.45869565217391306,91.73846428756345,0.8100393700787402,0.02390426675186616,81.00334881233387,0.5891304347826087,58.91261569177652,0.8484251968503937,0.0125186072686345,42.42125984251969,0.6684782608695652,33.42391304347826,0.8828740157480315,0.005210678114280569,17.657198240850114,0.7434782608695653,14.869327679571205,0.9128937007874016,0.0026939655172413795,9.1289237501697,0.8097826086956522,8.097814326706256,0.4165287464381735,0.8380109455456315,0.2563291139240506,25.54746835443038,0.5316455696202531,10.633823305903555,0.6265822784810127,6.266360162407452
2019-09-26,268,6885750,2456,1293,0.000356678647932324,0.2749603481813322,0.9536598458635198,0.013132097809089692,0.4837133550488599,0.17252396166134185,483.6957935706778,0.15081206496519722,150.8065896506109,0.5793973941368078,0.1033255881498693,289.68817939860037,0.2536736272235112,126.83220873179583,0.6966612377850163,0.04969647680734265,139.3312358209119,0.43696829079659705,87.39302356596671,0.7630293159609121,0.027215428853582736,76.30237753605755,0.5552977571539056,55.52937249589744,0.8049674267100977,0.014355734669425989,40.24837133550489,0.6326372776488786,31.631863882443927,0.8497557003257329,0.006061785481922112,16.99508932497768,0.7177107501933488,14.354194157635037,0.8969869706840391,0.003199356352820894,8.969856680145144,0.8074245939675174,8.074234213669708,0.399713020473426,0.8461199809320072,0.2530487804878049,25.220528455284555,0.4969512195121951,9.939876793707901,0.6128048780487805,6.1285743421327865
2019-09-27,269,6885750,2889,1535,0.0004195621392005228,0.2787592382889674,0.9419449499401475,0.015580240895091708,0.5102111457251645,0.21405750798722045,510.1926222301846,0.1745928338762215,174.5864951878002,0.5991692627206646,0.12568980540226546,299.57375477627187,0.2762214983713355,138.10573499930464,0.6902042229145033,0.05791629149844608,138.03984222410006,0.42671009771986973,85.34139984822657,0.7476635514018691,0.03136890412152546,74.76581223772722,0.5302931596091205,53.02893089805835,0.7781239183108342,0.016323566786479324,38.906195915541716,0.5876221498371336,29.381107491856675,0.8172377985462098,0.006857610902468565,16.344684760011397,0.6605863192182411,13.211668823450657,0.8722741433021807,0.0036597107957111676,8.72269076205198,0.7641693811074919,7.641649419980731,0.4079447862128886,0.8408996338611029,0.24932975871313673,24.84986595174263,0.48257372654155495,9.652302273072166,0.579088471849866,5.7913813638433
2019-09-28,270,6885750,3418,2024,0.0004963874668699851,0.2591258840129056,0.9120064557902394,0.01583393056076815,0.4467524868344061,0.22175428405460354,446.7362672407801,0.14673913043478262,146.7338029903143,0.5304271503803394,0.13164391519024107,265.2039464661213,0.23517786561264822,117.5846636757401,0.6173200702165009,0.061285544163350664,123.46311753153653,0.3616600790513834,72.33149058433482,0.6799297834991223,0.03375061721223387,67.99248463111158,0.4634387351778656,46.34353700007244,0.7159157401989468,0.017768580038485277,35.79578700994734,0.5227272727272727,26.136363636363637,0.7630193095377413,0.00757505344362859,15.260364028515378,0.6012845849802372,12.025674235023201,0.7972498537156232,0.003957448353483644,7.972498537156232,0.6590909090909091,6.590909090909091,0.41505927757257916,0.8259871193037414,0.24556962025316456,24.475105485232067,0.4835443037974684,9.67171548298847,0.569620253164557,5.696691056734047
2019-09-29,271,6885750,3424,2052,0.0004972588316450641,0.22952031459233835,0.9127660618370976,0.02185579991970619,0.4401285046728972,0.21884984025559107,440.1125255665701,0.16569200779727095,165.68599225821353,0.5613317757009346,0.1395585245425501,280.6556981217478,0.30409356725146197,152.04126348400771,0.670268691588785,0.0666589212582416,134.05276491061247,0.45614035087719296,91.22740773919172,0.7132009345794392,0.03546428882628017,71.31957557989448,0.5233918128654971,52.33880123498499,0.7444509345794392,0.0185092400973024,37.222546728971956,0.5745614035087719,28.7280701754386,0.7961448598130841,0.007917789757412398,15.922874071875706,0.6608187134502924,13.216355075228735,0.8341121495327103,0.004147690305790501,8.341109381745602,0.7241715399610137,7.241704882665893,0.4107863063115731,0.8076589495132964,0.22488038277511962,22.413078149920256,0.47368421052631576,9.474496704883993,0.5598086124401914,5.598566234704179
2019-09-30,272,6885750,3597,1901,0.000522383182659841,0.25358561536643,0.9295162834716805,0.02105864617170708,0.46121768140116765,0.24092361312808597,461.20093664073335,0.16412414518674381,164.11818656979685,0.5777036419238254,0.1508858553586988,288.84133403840985,0.2840610205155181,142.02535376232422,0.7158743397275508,0.07479160010456301,143.17382830692097,0.4807995791688585,96.15921758581332,0.7606338615512928,0.039733945220598914,76.0628338345118,0.5549710678590216,55.49670380362859,0.8028912983041423,0.02097084558690048,40.14456491520711,0.6296685954760652,31.483429773803262,0.8445927161523492,0.008824007807417046,16.891829791471206,0.7064702788006313,14.129385056265239,0.8748957464553795,0.004570294970642354,8.74893205284976,0.7638085218306154,7.638063033175898,0.4179573035851102,0.8189252534992557,0.23173803526448364,23.096557514693533,0.5163727959697733,10.328341636026632,0.5944584382871536,5.945094210005574
2019-10-01,273,6885750,3831,2148,0.0005563664088879207,0.21462360448663698,0.8965605694716448,0.019408394974668328,0.406943356825894,0.22640139413302351,406.928582524528,0.12942271880819367,129.41802004553,0.546332550247977,0.15196398751179846,273.13652493066206,0.26582867783985104,132.89986338747943,0.6755416340381102,0.07516918876528508,135.1073457427726,0.43528864059590316,87.0570959651236,0.7374053771861133,0.041026460251532136,73.7400022649406,0.5349162011173184,53.49123169193958,0.7716001044113808,0.02146461895944523,38.58000522056904,0.595437616387337,29.771880819366856,0.8057948316366484,0.008966304470953182,16.115826418915656,0.6554934823091247,13.109812529038265,0.8295484207778648,0.004615322055953155,8.295472160474926,0.6978584729981379,6.978574595174574,0.4252307612599862,0.8484351325020886,0.23513513513513515,23.435135135135138,0.5243243243243243,10.487385842102825,0.6135135135135135,6.135661304529229
2019-10-02,274,6885750,4428,2877,0.0006430672040082779,0.1654314769065151,0.9096254098266696,0.01787778806828041,0.32362240289069555,0.20810339819924484,323.61065360217935,0.1007994438651373,100.79578428614133,0.44037940379403795,0.14159163520185886,220.1817077893405,0.20855057351407716,104.27150098566344,0.5720415537488708,0.0735716982776148,114.40747999437356,0.3534932221063608,70.69813105576327,0.6375338753387534,0.04099741496993813,63.75292460010197,0.44768856447688565,44.76853136667802,0.6738934056007226,0.021667937406963655,33.694670280036135,0.5015641293013556,25.07820646506778,0.7134146341463414,0.009175404455546196,14.26818907628212,0.5620437956204379,11.240794288807198,0.7766485998193315,0.004994365182637792,7.766474719139155,0.6586722280152937,6.586712714437199,0.43475876140692854,0.859811542318544,0.2647058823529412,26.382352941176475,0.5235294117647059,10.471486227424075,0.6588235294117647,6.588800322873575
2019-10-03,275,6885750,4180,2547,0.000607050793305014,0.22351394193018256,0.9423959423121235,0.018297721263082156,0.3861244019138756,0.23438861458030788,386.1103834560658,0.1111111111111111,111.10707716139027,0.5,0.15175718849840256,249.9909236131281,0.23007459756576365,115.03312229076802,0.614354066985646,0.07458828313340497,122.86992119278548,0.3745583038869258,74.91111681981467,0.669377990430622,0.04063434895001307,66.93731298625659,0.4581861012956419,45.81827742595583,0.7122009569377991,0.02161710779508405,35.610047846889955,0.5276796230859835,26.38398115429918,0.8188995215311005,0.009942228767111351,16.377919074913155,0.7027875932469572,14.055690626770636,0.8801435406698565,0.005342910586485733,8.801422624615821,0.8032979976442874,8.032968310366833,0.49730983732885103,0.869500004011521,0.29393939393939394,29.295959595959598,0.5545454545454546,11.091860283798534,0.6666666666666666,6.667238421955403
2019-10-04,276,6885750,3696,1598,0.0005367607014486439,0.31393581058270126,0.962580380411466,0.024387496979964493,0.5143398268398268,0.2760673830961371,514.3211534508188,0.1520650813516896,152.05956054565738,0.6796536796536796,0.18239907057798432,339.81450222736896,0.35356695869837296,176.77706112818194,0.8222402597402597,0.08826861076418135,164.44685783805784,0.60450563204005,120.90024850619461,0.8722943722943723,0.04682099392953615,87.22880382854534,0.7071339173967459,70.7128782670807,0.8885281385281385,0.023846349344661077,44.42640692640693,0.7434292866082604,37.171464330413016,0.8988095238095238,0.009648870570944759,17.976112157435843,0.7659574468085106,15.319082193627162,0.9126082251082251,0.0048985080826109495,9.126055744003882,0.7978723404255319,7.978700229727548,0.5015750431167223,0.8687727230341308,0.282798833819242,28.185617103984452,0.565597667638484,11.312923503142988,0.6530612244897959,6.5311723317114145
2019-10-05,277,6885750,3478,1493,0.0005051011146207748,0.26458122221368835,0.9241380009365506,0.008306533962225918,0.4542840713053479,0.22945106012198663,454.26757827342425,0.08573342263898191,85.73031004013502,0.5799309948246119,0.14645657856520478,289.9549700561699,0.16945746818486268,84.72565796935218,0.6989649223691777,0.07060907955502628,139.7919693921858,0.3342263898191561,66.84479257885079,0.7590569292696953,0.03833977170408667,75.90514175141311,0.4507702612190221,45.07669880317293,0.7958596894767107,0.020099480811821516,39.79298447383554,0.5311453449430676,26.557267247153383,0.8214491086831512,0.008298285156613069,16.42895831430375,0.5894172806430007,11.78832849296967,0.8479010925819437,0.004282745430068097,8.478986298186141,0.6510381781647689,6.51036287197809,0.48255104713433694,0.8750199151614124,0.27596439169139464,27.504451038575667,0.5637982195845698,11.276931455532878,0.6617210682492581,6.617778196273242
2019-10-06,278,6885750,3716,1715,0.0005396652506989072,0.3057752562301927,0.9568604232155008,0.012876515066390901,0.48573735199138857,0.26212605286087715,485.7197170308893,0.12186588921282798,121.86146480500005,0.589881593110872,0.1591635201858844,294.9300885683405,0.20524781341107873,102.62018088842109,0.7023681377825619,0.07580818496035319,140.47260753249512,0.37259475218658894,74.51840933134291,0.771259418729817,0.04162188852420924,77.12538183680671,0.5096209912536444,50.96172907323451,0.8153928955866523,0.02200196057074393,40.769644779332616,0.602332361516035,30.116618075801753,0.8514531754574811,0.009189953788822763,17.028989316842395,0.6798833819241983,13.597608396099057,0.8904736275565124,0.00480556975555349,8.904723343461368,0.7638483965014577,7.638472871854251,0.5338631527782844,0.8894353739632203,0.27605633802816903,27.513615023474177,0.5971830985915493,11.944686299615878,0.7211267605633803,7.211886067692604
2019-10-07,279,6885750,4079,1936,0.0005923828195911847,0.32507390609716824,0.958864288082274,0.015997656931334227,0.46996812944349103,0.2783909381353471,469.9510669932499,0.11002066115702479,110.01666679668654,0.5721990683991174,0.16947429567237873,286.08914719933364,0.1993801652892562,99.6864633415986,0.7016425594508457,0.08312759592204247,140.3274929198833,0.3868801652892562,77.37547120568404,0.7903898014219172,0.04682099392953615,79.03840621483293,0.5614669421487604,56.146286515740016,0.8377053199313558,0.0248121119703736,41.88526599656779,0.6601239669421488,33.00619834710744,0.8855111546947781,0.01049109476839427,17.709991615952646,0.7592975206611571,15.185751928283441,0.9137043392988478,0.005412611806667954,9.137016854073025,0.818698347107438,8.186959691646745,0.5164598671835453,0.8885999284397378,0.2612359550561798,26.036516853932582,0.6207865168539326,12.416795151001214,0.699438202247191,6.994981883708829
2019-10-08,280,6885750,4047,1749,0.0005877355407907636,0.2735570306680831,0.9507360852253621,0.013258333963001254,0.47195453422288114,0.2773743828056927,471.9373996551269,0.0903373356203545,90.33405587392623,0.6135408944897455,0.18029334882370027,306.7593097758325,0.2252715837621498,112.63170257698397,0.729676303434643,0.08577071654709692,145.93420100424328,0.3979416809605489,79.58775827570072,0.7897207808253027,0.04641435998722008,78.97150464096877,0.5214408233276158,52.14370369787288,0.830491722263405,0.024405475075336747,41.52458611317025,0.6117781589479703,30.588907947398514,0.8643439584877687,0.010160098522167487,17.286854064495866,0.6895368782161235,13.79071753641333,0.8907832962688411,0.005235450023599463,8.907832962688412,0.7501429388221841,7.501429388221842,0.5317182865827463,0.8634668632611249,0.26881720430107525,26.7921146953405,0.5967741935483871,11.93650749737177,0.7016129032258065,7.016730758590162
2019-10-09,281,6885750,3934,1727,0.0005713248375267763,0.25667215217822825,0.964278750334423,0.020128144356111603,0.4364514489069649,0.2493465001452222,436.4356032981606,0.11986103068905617,119.85667906871457,0.6034570411794611,0.17237873947139123,301.7175661705979,0.2779386218876665,138.96426558691542,0.7702084392475852,0.08800720322983531,154.0405693034668,0.50839606253619,101.6784741818981,0.8464667005592272,0.04836039385401841,84.64605540933077,0.6624203821656051,66.24155721189717,0.8790035587188612,0.025109828268525577,43.95017793594306,0.7307469600463231,36.53734800231616,0.9117946110828673,0.010418603030021378,18.23586573817227,0.802547770700637,16.050932103651334,0.9326385358413828,0.005328395599607886,9.326385358413827,0.8488708743485813,8.488708743485812,0.529816446252255,0.8598286714447886,0.2691292875989446,26.82321899736148,0.6121372031662269,12.243794041374565,0.6886543535620053,6.887134148273193
2019-10-10,282,6885750,4086,1915,0.0005933994118287768,0.2636688847592595,0.9553383757401955,0.019784395990185315,0.4251101321585903,0.2522509439442347,425.0946983024998,0.11174934725848563,111.74529013725203,0.5658345570239843,0.16787685158292187,282.90700704530207,0.23968668407310706,119.83899105840813,0.7569750367107195,0.08983705597025764,151.3939080144889,0.5054830287206267,101.09587164927981,0.820362212432697,0.04867989195155247,82.03562555198297,0.6261096605744125,62.61051141915625,0.8590308370044053,0.0254874196710598,42.951541850220266,0.7033942558746736,35.16971279373368,0.8940283896231033,0.010610303002137745,17.88054182500489,0.7759791122715405,15.519559706768053,0.911404796867352,0.005408270703990125,9.11404796867352,0.8130548302872063,8.130548302872063,0.47672898217612963,0.8488738345949717,0.2579787234042553,25.711879432624112,0.5771276595744681,11.543543118864275,0.6861702127659575,6.862290609831757
2019-10-11,283,6885750,4210,2085,0.0006114076171804088,0.2669868718456559,0.955928689320681,0.018127847617597424,0.40997624703087887,0.2506534998547778,409.9613626187735,0.09928057553956834,99.27697110391848,0.5453681710213777,0.16671507406331687,272.6741855656732,0.21630695443645084,108.14955064702232,0.7194774346793349,0.0879781579482413,143.89444206463244,0.4594724220623501,91.89381713717584,0.7843230403800475,0.047953759911702344,78.43173451591554,0.5717026378896882,57.16984865736618,0.8135391923990499,0.024870202955378864,40.6769596199525,0.6273381294964029,31.36690647482014,0.860332541567696,0.01052023154965741,17.206575865333377,0.7194244604316546,14.388426520792896,0.9128266033254157,0.005581075173873074,9.128239519832903,0.8254196642685852,8.254172668034816,0.46666448800016724,0.8526542406984324,0.25888324873096447,25.80203045685279,0.5558375634517766,11.117704678235278,0.6573604060913706,6.574167834846889
2019-10-12,284,6885750,3952,1754,0.0005739389318520132,0.28135102872360684,0.9449042753584515,0.013770187878786007,0.47393724696356276,0.2720011617775196,473.92004041233696,0.11117445838084379,111.17042213126562,0.6004554655870445,0.17230612837641593,300.2168328613123,0.2394526795895097,119.7219930644399,0.7246963562753036,0.08318568648523048,144.93821880457384,0.4070695553021665,81.41331988794019,0.7889676113360324,0.04528159400505388,78.89618823894226,0.5336374002280502,53.363352531591055,0.8107287449392713,0.02326543949460843,40.536437246963565,0.5798175598631699,28.990877993158495,0.8352732793522267,0.00958790315085045,16.705441326155995,0.6328392246294184,12.65676611148811,0.8570344129554656,0.004918847011804071,8.570331683079425,0.6807297605473204,6.807287719421984,0.46522420074097093,0.8356928131270001,0.2558139534883721,25.49612403100775,0.5271317829457365,10.543539830069008,0.6124031007751938,6.124556224819497
2019-10-13,285,6885750,3717,1563,0.0005398104781614203,0.2823960194457245,0.959497978237493,0.014658658545821756,0.4853376378800108,0.26198083067092653,485.3200174313512,0.1145233525271913,114.51919469417767,0.6182405165456013,0.1668602962532675,309.10903549258455,0.2456813819577735,122.836231180347,0.752488566047888,0.08123965261843213,150.49662039746275,0.4465770953294946,89.31477051802455,0.8224374495560937,0.04439571291643672,82.24314775742646,0.5866922584772872,58.668799831682314,0.8595641646489104,0.023200087136477508,42.97820823244552,0.6711452335252719,33.55726167626359,0.8921172988969599,0.009631471326331444,17.842320065990513,0.746001279590531,14.920003923867515,0.910411622276029,0.004914497331445377,9.104116222760291,0.7888675623800384,7.888675623800383,0.44730464401932185,0.8348629894446815,0.25205479452054796,25.121461187214614,0.5342465753424658,10.68584788176414,0.6301369863013698,6.3019102892455185
2019-10-14,286,6885750,3493,1414,0.0005072795265584722,0.26496924539176886,0.948372672854457,0.010021148212477782,0.4703693100486688,0.238600058088876,470.3522330333461,0.09900990099009901,99.00630638143687,0.6089321500143143,0.1544437990124891,304.45502119961264,0.2157001414427157,107.84615516549373,0.7371886630403665,0.07479160010456301,147.43666201545798,0.4024045261669024,80.48032083574161,0.7901517320354996,0.040082488599726976,79.014599449061,0.4985855728429986,49.85819524534081,0.8153449756656169,0.02068039066187416,40.76724878328085,0.5487977369165488,27.439886845827438,0.8454050959060979,0.00857712147969142,16.908077362950245,0.620933521923621,12.418652403178655,0.8714572001145148,0.004420723958900628,8.714572001145147,0.6852899575671852,6.852899575671853,0.41571140774148696,0.8428968008386274,0.24857142857142858,24.774285714285714,0.5514285714285714,11.029517275177652,0.6057142857142858,6.057662337662338
2019-10-15,287,6885750,3774,1785,0.0005480884435246705,0.23828762183060895,0.9336209361375546,0.01014094510015754,0.4369369369369369,0.23947139122857972,436.92107370222385,0.10532212885154062,105.31830507399009,0.5574986751457339,0.15277374382805692,278.73921742555456,0.2,99.99636944525123,0.6674615792262851,0.07316506433529874,133.49134651478093,0.334453781512605,66.89027058730778,0.7215156332803392,0.03954515089023788,72.15103941241533,0.4235294117647059,42.35263363819489,0.7416534181240063,0.020324583378716916,37.08267090620032,0.46050420168067224,23.025210084033613,0.7885532591414944,0.0086439009088295,15.770996471375923,0.5568627450980392,11.137206379114126,0.8296237413884473,0.004547065247699601,8.29622536548689,0.642577030812325,6.4257609761536365,0.3978542526229074,0.8238712780326528,0.23577235772357724,23.498644986449865,0.4905149051490515,9.8111394664547,0.5772357723577236,5.772852779985776
2019-10-16,288,6885750,4146,2200,0.0006021130595795665,0.22871590241535383,0.9298601079209179,0.011666817286031934,0.41220453449107575,0.2481847226256172,412.18956917977414,0.08590909090909091,85.90597193251129,0.5279787747226242,0.15894568690095848,263.97980308207303,0.195,97.49646020911995,0.632899179932465,0.07621481890266926,126.57891684974793,0.32954545454545453,65.90861232206464,0.6825856246985046,0.04109907345551715,68.25806682255843,0.4077272727272727,40.77243120889102,0.716594307766522,0.021573539556330103,35.8297153883261,0.47045454545454546,23.522727272727273,0.7682103232030874,0.009250975927130775,15.364184151046969,0.5668181818181818,11.336347172874294,0.8174143753014954,0.004921758704571034,8.174143753014954,0.6590909090909091,6.59090909090909,0.4197875705700329,0.8338600224527069,0.24864864864864866,24.781981981981982,0.5,10.000857632933103,0.581081081081081,5.81130916508275
2019-10-17,289,6885750,4651,2338,0.0006754529281487129,0.27916668502776365,0.9405742127031027,0.020691993225333202,0.43345517093098257,0.2927679349404589,433.43943410369053,0.11334473909324208,113.34062405043447,0.567404859170071,0.19162067963984897,283.6921296130058,0.2399486740804106,119.9699813062146,0.7125349387228553,0.09625606320253274,142.50595295567402,0.44610778443113774,89.22090901991655,0.7738120834229198,0.0522669842284121,77.38064645254539,0.5590248075278016,55.902074826956344,0.8024080842829499,0.027099444504955886,40.12040421414749,0.6124893071000855,30.62446535500428,0.832079122769297,0.011240589274096106,16.641558287273114,0.6685201026518391,13.370382635569353,0.8699204472156525,0.005875860466467223,8.699141304445641,0.7433704020530368,7.433650042023729,0.4574278549321772,0.8244255889592309,0.22748815165876776,22.67298578199052,0.5284360189573459,10.569626787412712,0.6066350710900474,6.066870981115817
2019-10-18,290,6885750,5512,3040,0.0008004937733725447,0.25070693424638907,0.9181711392422334,0.018754576903465478,0.3802612481857765,0.30438571013650884,380.24744259297273,0.09671052631578947,96.70701518718377,0.5007256894049347,0.20040662213186175,250.35375514231987,0.1993421052631579,99.66743401944449,0.6284470246734397,0.10061285544163351,125.68849226364803,0.34967105263157894,69.93370271160634,0.6981132075471698,0.055883121786865726,69.81081383234954,0.46282894736842106,46.28255866191445,0.7360304789550073,0.029459390770794756,36.80152394775036,0.5282894736842105,26.414473684210524,0.795899854862119,0.012742165035290017,15.917881511565355,0.6342105263157894,12.684118422199155,0.8287373004354136,0.006633951950320878,8.287324862467704,0.6934210526315789,6.934170245037816,0.4061929321866425,0.7823816991517085,0.178714859437751,17.811914323962515,0.4578313253012048,9.157411808468867,0.5441767068273092,5.442233772138296
2019-10-19,291,6885750,6051,3394,0.0008787713756671387,0.24631303637901286,0.920649137844981,0.019206782659910722,0.3515121467526029,0.3088875980249782,351.4993849116665,0.09133765468473777,91.3343386211782,0.4747975541232854,0.20861167586407203,237.39015816906857,0.17943429581614614,89.71389067789924,0.6185754420756899,0.10871648900636091,123.71419008024287,0.3479670005892752,69.59289477787915,0.6888117666501404,0.06053036684190653,68.88067649672085,0.45226870948733056,45.226542541932474,0.7233515121467526,0.03178303017100534,36.16757560733763,0.5103123158515026,25.51561579257513,0.7676417121137002,0.013491611673947393,15.352811945774791,0.5878020035356512,11.75602299773913,0.809287721037845,0.007111788839269506,8.09287721037845,0.6608721272834414,6.608721272834413,0.4001867911075824,0.7876605735368103,0.18097014925373134,18.03669154228856,0.43470149253731344,8.694775479378409,0.5205223880597015,5.205670297739434
2019-10-20,292,6885750,5951,3151,0.0008642486294158225,0.2509124542361163,0.9080180940068494,0.013584069912652794,0.37422281969416904,0.3234098170200407,374.2092333298177,0.09108219612821326,91.07888933921645,0.4792471853470005,0.20708684286959048,239.61489300777728,0.15772770549032053,78.86098954980937,0.6088052428163334,0.1052310552150803,121.760164417281,0.2970485560139638,59.40927980984494,0.6674508485968744,0.057683929245694036,66.74460020224126,0.3827356394795303,38.27328603134241,0.6891278776676188,0.029778891188323713,34.45639388338095,0.4166931132973659,20.834655664868297,0.7193748949756343,0.012434285050393564,14.387393427280706,0.4722310377657886,9.444552174898426,0.7724752142497059,0.0066761064517300225,7.72475214249706,0.5718819422405585,5.718819422405586,0.3932341974897411,0.7726760740846905,0.1776937618147448,17.71014492753623,0.43100189035916825,8.620777090014169,0.5255198487712666,5.255649190841972
2019-10-21,293,6885750,5129,2457,0.000744871655230004,0.21440236560733256,0.9301745692275338,0.009108080645960638,0.3759017352310392,0.27998838222480393,375.88808791274005,0.05657305657305657,56.571002657264636,0.5049717293819458,0.18806273598605866,252.47669805342238,0.1461131461131461,73.05392069769067,0.6389159680249561,0.09518138778355456,127.78226573028093,0.2840862840862841,56.81684424895091,0.6888282316240982,0.05130848993580993,68.8823229821609,0.3606023606023606,36.05997421530838,0.7137843634236694,0.026583887013034165,35.68921817118347,0.4074074074074074,20.37037037037037,0.7410801325794502,0.011040143600289291,14.82153807675804,0.46194546194546193,9.238868986784256,0.8044453109767986,0.005992085103293032,8.044453109767986,0.592999592999593,5.929995929995929,0.4707087191548744,0.8210338334211306,0.20445344129554655,20.37719298245614,0.5101214574898786,10.203304143721223,0.6032388663967612,6.032906021485962
2019-10-22,294,6885750,4236,2025,0.000615183531205751,0.18776904937472297,0.926455231938972,0.008371405871732606,0.37370160528800755,0.22988672669183852,373.68803784663055,0.056790123456790124,56.78806166026612,0.5021246458923513,0.1544437990124891,251.05320799108756,0.1506172839506173,75.30590785383117,0.6390462700661,0.07862557727497169,127.80832594927675,0.2962962962962963,59.2588289587912,0.7025495750708215,0.04321937901187952,70.25444736332611,0.3891358024691358,38.91329768293955,0.7384324834749764,0.022713575137058416,36.92162417374882,0.4577777777777778,22.88888888888889,0.7764400377714825,0.009553048610465657,15.528778203379108,0.5358024691358024,10.71603382009205,0.8253068932955618,0.005077137342664655,8.253044961580065,0.6370370370370371,6.37035186736963,0.4724096240387872,0.8371679401629614,0.1978494623655914,19.718996415770608,0.535483870967742,10.710595916560614,0.6344086021505376,6.344630111215626
2019-10-23,295,6885750,3606,1748,0.0005236902298224594,0.19490049746138577,0.9039775692104868,0.0054664878598849245,0.40127565169162505,0.2101365088585536,401.26108315939695,0.05377574370709382,53.773791349276976,0.5185801442041043,0.13578274760383385,259.28065843402635,0.14073226544622425,70.36357804213903,0.6292290626733222,0.06590374393679747,125.84489872789884,0.2574370709382151,51.48704032103212,0.6697171381031614,0.035072177524761106,66.97122750724454,0.324370709382151,32.43683540225023,0.6935662784248475,0.01816069418727081,34.67831392124237,0.3695652173913043,18.47826086956522,0.714087631724903,0.007479181733950257,14.281690411688293,0.41132723112128144,8.226508780975761,0.7498613422074321,0.003926944883353472,7.49860253204414,0.4851258581235698,4.851251535886192,0.43771024588968654,0.8352767896843041,0.21875,21.802083333333336,0.5168269230769231,10.337424957118353,0.5865384615384616,5.865887650085764
2019-10-24,296,6885750,3217,1489,0.0004671967469048397,0.18646942310472803,0.9079180119787224,0.007543091233855287,0.4065899906745415,0.1899506244554168,406.5752292023271,0.08663532572196105,86.63218037902894,0.5362138638483058,0.1252541388324136,268.0971981552042,0.1786433848220282,89.31844953806859,0.6658377370220703,0.06221499317435882,133.16658043218567,0.3210208193418402,64.20369766136326,0.7205470935654337,0.033663481367451856,72.05418614421251,0.4137004701141706,41.3697466102508,0.7606465651227852,0.017768580038485277,38.03232825613926,0.49026192075218267,24.513096037609134,0.7827168169101647,0.007313644390742634,15.654313603840874,0.5359301544660846,10.718587522989015,0.8085172520982281,0.0037773608142020634,8.085160779108442,0.5910006715916722,5.9099981329763995,0.4455593608362779,0.8349072037069081,0.22531645569620254,22.456540084388184,0.5468354430379747,10.93764682892937,0.6151898734177215,6.15242634127277
2019-10-25,297,6885750,3123,1705,0.00045354536542860255,0.17968847762214238,0.9068615840805068,0.00831385920356504,0.38488632724943966,0.1745570723206506,384.87235374060833,0.06099706744868035,60.99485291675149,0.4982388728786423,0.11298286378158583,249.11039202179143,0.16070381231671554,80.34898893841302,0.6263208453410183,0.056812570797873885,125.26325948493759,0.3395894428152493,67.91739538950021,0.6865193723983349,0.031136541868773418,68.65143873612122,0.43343108504398825,43.342793776200914,0.7162984309958373,0.016243691682097085,35.81492154979187,0.4850439882697947,24.252199413489734,0.7460774895933397,0.006767570268001592,14.921484781585642,0.5384164222873901,10.768281530241731,0.7835414665385847,0.00355370568578387,7.835391907104158,0.6052785923753665,6.052768343189912,0.39981865193690225,0.8248342731551371,0.225,22.425000000000004,0.4825,9.650827615780447,0.5825,5.825499571183534
2019-10-26,298,6885750,3156,1548,0.0004583378716915369,0.23578008737418707,0.9251755121262745,0.006860000274360718,0.4429657794676806,0.203020621550973,442.94969735253875,0.07299741602067183,72.99476580951803,0.5415082382762991,0.1240923613128086,270.7442892616197,0.16279069767441862,81.39239373450681,0.649873257287706,0.059571872549304364,129.97370766995326,0.312015503875969,62.4026476462852,0.7002534854245881,0.03209503616137559,70.02484006596703,0.3979328165374677,39.79299270197897,0.726552598225602,0.016650328577133937,36.3276299112801,0.4470284237726098,22.35142118863049,0.7601394169835235,0.006968003531926759,15.202766261078796,0.5155038759689923,10.310062546337624,0.8060836501901141,0.003694581280788177,8.060824795369832,0.6091731266149871,6.091722419295977,0.40350036410359225,0.8278345606693758,0.24390243902439024,24.308943089430894,0.4878048780487805,9.756934276032297,0.5962059620596206,5.962570946464182
2019-10-27,299,6885750,3262,1636,0.00047373198271793195,0.2386487639113275,0.9261031996033823,0.00854987305270992,0.43899448191293683,0.20795817600929423,438.97854397792696,0.07946210268948656,79.4592177743439,0.5435315757204169,0.12873947139122857,271.7559212544918,0.17970660146699266,89.85003856021964,0.6597179644389944,0.06250544599029888,131.9426348030964,0.32885085574572126,65.76969357085888,0.7136725935009197,0.03380870777542188,71.36674112955586,0.43092909535452323,43.092596624029284,0.7477007970570202,0.01771048905348001,37.38503985285101,0.49877750611246946,24.938875305623476,0.7783568362967505,0.007374639836416024,15.567114118210188,0.5592909535452323,11.185802826047041,0.8145309625996321,0.003858693678974694,8.14530962599632,0.6314180929095354,6.314180929095355,0.3793119724021091,0.802280463333993,0.2578616352201258,25.70020964360587,0.5440251572327044,10.88143629243665,0.6069182389937107,6.06970290300657
2019-10-28,300,6885750,2648,1230,0.00038456232073485097,0.21519759130775407,0.9470924925977988,0.009147843770847663,0.46110271903323263,0.17731629392971246,461.08597844657004,0.07967479674796749,79.67190411085058,0.5793051359516617,0.11138541969212895,289.6420519807692,0.1910569105691057,95.52498707168309,0.7209214501510574,0.05544744256295565,144.18324306188512,0.4138211382113821,82.76362666470197,0.7930513595166163,0.030497545673705308,79.30456009166024,0.5560975609756098,55.60935229730467,0.8293051359516617,0.015945859595108774,41.464955705068064,0.6333333333333333,31.666436724854044,0.8587613293051359,0.006604916218641897,17.17515175699148,0.6959349593495935,13.918638545935138,0.8825528700906344,0.003393951012085777,8.825490249799712,0.7471544715447155,7.471512163384576,0.41724233990371296,0.8476355088127924,0.30303030303030304,30.2020202020202,0.5871212121212122,11.743431311398721,0.6553030303030303,6.553592312490254
2019-10-29,301,6885750,2497,1148,0.0003626329738953636,0.19854813899009874,0.9530156503329226,0.010684638122593595,0.5054064877853424,0.18327040371768807,505.3881387260996,0.11846689895470383,118.46259794907813,0.6375650780937124,0.11559686320069706,318.77096547224664,0.27090592334494773,135.44804397854153,0.7408890668802564,0.05373377094890935,148.1767374094724,0.44773519163763065,89.5463880977901,0.7917501001201441,0.028711260855673996,79.17443509689917,0.5496515679442509,54.96475767481085,0.8205847016419704,0.01487855353447337,41.02923508209852,0.6123693379790941,30.618466898954708,0.8602322787344814,0.006238962728878149,17.20462058885571,0.6977351916376306,13.954683566719767,0.8870644773728474,0.003216783623013291,8.87063189113487,0.7560975609756098,7.560964629159025,0.4258527442630546,0.8120434376786801,0.3231939163498099,32.21166032953105,0.5665399239543726,11.331770245680858,0.6387832699619772,6.388380541189209
2019-10-30,302,6885750,2217,1116,0.00032196928439167847,0.12857896464099097,0.9120374903637515,0.007450105362660236,0.4406856111862878,0.1418820795817601,440.66961185390375,0.12096774193548387,120.96335013538456,0.5741993685160126,0.09243392390357247,287.0892609467858,0.24193548387096775,120.96335013538456,0.6693730266125395,0.0431031978855035,133.87363321610542,0.36200716845878134,72.40090796174893,0.7176364456472711,0.02310552150803102,71.76312346591097,0.4489247311827957,44.89214713964878,0.7419936851601263,0.011944958791707512,37.09968425800631,0.49551971326164873,24.775985663082437,0.7803337843933243,0.005024862905474487,15.60665302272032,0.5663082437275986,11.326148425874011,0.8191249436175011,0.0026373230590042945,8.191225644356708,0.6433691756272402,6.433673069352111,0.3804087424404195,0.7844053297437549,0.2962962962962963,29.530864197530864,0.4962962962962963,9.92677720602249,0.5666666666666667,5.667152658662093
2019-10-31,303,6885750,2702,1351,0.0003924046037105617,0.23545279659899612,0.9076821432231391,0.005989139725121044,0.4518874907475944,0.17731629392971246,451.87108472483993,0.07623982235381199,76.23705442532108,0.5499629903774982,0.10790008713331398,274.9715118350173,0.17320503330866024,86.59937250254917,0.6447076239822354,0.0505968805367568,128.94058851072285,0.30569948186528495,61.13945241668029,0.685418208734271,0.02689593075604868,68.54132316930503,0.37823834196891193,37.82355954591239,0.7113249444855663,0.013956359147514795,35.566247224278314,0.42783123612139157,21.391561806069575,0.7527757216876387,0.005907827435671776,15.055448839813815,0.5092524056254626,10.185003738241793,0.8008882309400445,0.003142722288784809,8.008882309400443,0.6047372316802369,6.0473723168023685,0.380069186850875,0.7958747943886071,0.2846975088967972,28.374851720047452,0.4875444839857651,9.751725948126941,0.5587188612099644,5.587667787795365
2019-11-01,304,6885750,2887,1392,0.0004192716842754965,0.24653045313142305,0.9181958480006639,0.011420575597248933,0.4967093869068237,0.20824862038919548,496.6913536005898,0.1307471264367816,130.74237959077388,0.6137859369587807,0.12866686029625327,306.8818265621496,0.2607758620689655,130.38319722926076,0.7170072739868375,0.060123732899590464,143.40041351345863,0.4238505747126437,84.76949939956393,0.7554554901281607,0.03167387957826251,75.54500045238001,0.4964080459770115,49.64044413991412,0.7738136473848285,0.01622190756272011,38.69068236924143,0.5323275862068966,26.616379310344826,0.7887080013855213,0.006613649038014685,15.774137119331355,0.5617816091954023,11.235615866708224,0.8063733979909941,0.0033808707775421884,8.063675426553905,0.5984195402298851,5.984151949138708,0.41350059726148325,0.8036726654237036,0.33070866141732286,32.960629921259844,0.5196850393700787,10.394592185410787,0.5787401574803149,5.787897921421916
2019-11-02,305,6885750,2929,1425,0.0004253712377010493,0.21213392837541178,0.9455278278614706,0.015785630657714572,0.4691020826220553,0.199535288992158,469.0850516141181,0.12631578947368421,126.31120350979104,0.6094230112666439,0.12961080453093232,304.7004429152841,0.2849122807017544,142.45096840270878,0.7582792762034825,0.06450957042028523,151.65475401894128,0.5178947368421053,103.57819524849768,0.807442813246842,0.03434604548491098,80.74369501458715,0.607719298245614,60.77148854010772,0.8292932741550018,0.017637875322223433,41.464663707750084,0.6512280701754386,32.56140350877193,0.8603618982587914,0.007319453480806766,17.207212975577054,0.7143859649122807,14.287698548583561,0.8876749743939911,0.0037759140253421923,8.87674974393991,0.7705263157894737,7.705263157894737,0.4254232105194867,0.8233878880852474,0.31716417910447764,31.610696517412936,0.5335820895522388,10.672557026189807,0.6119402985074627,6.1199278052277215
2019-11-03,306,6885750,3451,1796,0.0005011799731329194,0.22324887420629744,0.9453895479226025,0.014604040365920376,0.43494639235004345,0.21797850711588732,434.93060138314144,0.11080178173719377,110.79775901784518,0.5615763546798029,0.1407203020621551,280.7779831713951,0.24276169265033407,121.37643952708666,0.6861779194436395,0.06877922681460397,137.2345873771832,0.4081291759465479,81.62524247796746,0.744421906693712,0.037308664207499495,74.44165012077359,0.5116926503340757,51.168893476979605,0.7771660388293248,0.01947500272301492,38.85830194146624,0.5740534521158129,28.702672605790642,0.8165749058243987,0.008184960353190624,16.331379528247563,0.6481069042316259,12.962043962394834,0.865546218487395,0.004337938005390836,8.655449614784105,0.7422048997772829,7.4220382189350556,0.3985861544126107,0.8169476284467486,0.2939189189189189,29.29391891891892,0.49324324324324326,9.865710908163736,0.5878378378378378,5.878882527467432
2019-11-04,307,6885750,4607,2620,0.0006690629197981338,0.1994357294177483,0.936465872729407,0.01489456085118394,0.3674842630779249,0.2458611675864072,367.47092136056074,0.059923664122137406,59.921488560703985,0.49967440850879097,0.16715074063316876,249.82813377791226,0.166793893129771,83.39391879308165,0.6301280659865423,0.08431845246739667,126.02469808495259,0.3530534351145038,70.61017429607872,0.6956804862166269,0.0465450637543931,69.56754346577215,0.46603053435114505,46.60271503541196,0.741263294985891,0.02479758922412228,37.06316474929455,0.5454198473282442,27.270992366412216,0.8050792272628609,0.010772957523933452,16.10156116136852,0.6576335877862596,13.152652654461487,0.8604297807683959,0.005756791532694916,8.604260320437165,0.7549618320610687,7.549585428396643,0.40949697880717817,0.8147855566067486,0.2708333333333333,26.993055555555557,0.49404761904761907,9.881799803969617,0.5952380952380952,5.9528914481744675
2019-11-05,308,6885750,8168,5690,0.001186217913807501,0.15213732005870956,0.8792353444935155,0.017667546230748125,0.21669931439764936,0.2570432762126053,216.69144701039997,0.027592267135325133,27.59126538296036,0.31953966699314396,0.1895149578855649,159.76403296529486,0.08945518453427065,44.725968407410264,0.47135161606268366,0.11182433413691946,94.26963868551582,0.2553602811950791,51.07168538845205,0.5475024485798237,0.0649452496441953,54.74984729891256,0.35799648506151144,35.79938855343318,0.6003917727717923,0.035609773808227135,30.019588638589617,0.4312829525483304,21.56414762741652,0.6787463271302644,0.016102797657774885,13.574906828112562,0.5423550087873462,10.84708442280146,0.7433888344760039,0.008818211523799151,7.43388834476004,0.6344463971880492,6.344463971880492,0.4053275395011674,0.8318658715887727,0.26666666666666666,26.57777777777778,0.47246376811594204,9.45008576329331,0.6057971014492753,6.058490566037736
2019-11-06,309,6885750,9104,6285,0.0013221508187198198,0.18783121396752733,0.8975946269589012,0.018149871464598396,0.23319420035149385,0.3083067092651757,233.18573410837917,0.028480509148766906,28.479475148289534,0.3272188049209139,0.21630845193145512,163.6034625315265,0.07987271280827367,39.93490649285292,0.4623242530755712,0.12225159022916728,92.46417919820833,0.22673031026252982,45.345732780220594,0.555140597539543,0.07339742658805078,55.51365664857982,0.3564041368337311,35.640154886910224,0.6053383128295254,0.04001742729550158,30.266915641476277,0.42879872712808276,21.439936356404136,0.6726713532513181,0.01778743377637327,13.453407526983991,0.5260143198090692,10.520271117858591,0.7434094903339191,0.009828980388511944,7.434084107007483,0.6284805091487669,6.284795964237966,0.4617264795383679,0.8703970124785803,0.2732732732732733,27.236236236236238,0.5315315315315315,10.631542348523482,0.6216216216216216,6.216749339390849
2019-11-07,310,6885750,10005,5463,0.0014530007624441782,0.36823472786592537,0.9671905763906552,0.034482273467009404,0.3470264867566217,0.5042114435085681,347.0138877700272,0.029654036243822075,29.652959637801025,0.4879560219890055,0.3544873656694743,243.96915323923866,0.12904997254255904,64.52264365632631,0.6528735632183909,0.18972377937204102,130.5737644988537,0.3703093538348893,74.0613329800049,0.7489255372313843,0.10881814749193994,74.89200990431038,0.5412776862529746,54.12737558622702,0.7995002498750625,0.05808372363213884,39.97501249375313,0.6333516382939777,31.667581914698886,0.871464267866067,0.025324728134584997,17.42926004524924,0.7649643053267435,15.299263887802143,0.9154422788605697,0.013301344657169787,9.15439619921108,0.8455061321618158,8.455036763547467,0.5317198723978305,0.8799290197911009,0.2914285714285714,29.045714285714286,0.58,11.600994854202401,0.6914285714285714,6.9148787061994605
2019-11-08,311,6885750,7578,2567,0.0011005337109247359,0.36052007526737007,0.9776444910610768,0.018871291463746363,0.3977302718395355,0.43769968051118213,397.715832024264,0.007012076353720296,7.011821776449248,0.6010820797044075,0.3307435376125472,300.53012854520944,0.10751850409037787,53.757300286110905,0.8048297703879652,0.17714717244183684,160.96478525222724,0.4448772886638099,88.97481165345577,0.8651359197677487,0.09521043306514856,86.5129637738647,0.6053759252045189,60.53715293759644,0.8891528107680127,0.048926776845101515,44.45731771722853,0.6754966887417219,33.774589187191836,0.9175244127738189,0.02019530160795613,18.35046160556663,0.7573042462017919,15.146062927792979,0.943784639746635,0.010386668118941293,9.43784639746635,0.8344370860927153,8.344370860927153,0.5369013283749499,0.8692172559906788,0.3023255813953488,30.131782945736433,0.5843023255813954,11.687048745462524,0.6744186046511628,6.744764450117676
2019-11-09,312,6885750,8346,2881,0.0012120684021348436,0.41831822253635886,0.9790935866720909,0.020575226540209417,0.41025641025641024,0.4972407783909381,410.2415156728256,0.03471017007983339,34.708909908105255,0.5708123652048885,0.34591925646238747,285.3958207747286,0.08955223880597014,44.77449378145578,0.7919961658279415,0.1919893113363734,158.39808297800542,0.43283582089552236,86.56653558718939,0.860052719865804,0.10424351564088413,86.00464747474454,0.6015272474835127,60.15228796014402,0.887011742151929,0.05375594524924663,44.35058710759645,0.6754599097535577,33.77299548767789,0.9222381979391325,0.02235615324290569,18.44463002544187,0.7761194029850746,15.522275346668442,0.9479990414569854,0.011490363459714745,9.479962879550781,0.8503991669559181,8.503966969368296,0.5260069012502415,0.8700633135570707,0.27717391304347827,27.625,0.592391304347826,11.848842195540309,0.6956521739130435,6.957118353344768
2019-11-10,313,6885750,7600,2584,0.0011037287151000254,0.37176621184944697,0.9672857189452337,0.012334776865907685,0.4044736842105263,0.4464130119082196,404.45899957197673,0.027089783281733747,27.08879977232038,0.5486842105263158,0.302788266047052,274.3321451228274,0.07430340557275542,37.15035397346794,0.7503947368421052,0.1656452409306108,150.07785759709913,0.30340557275541796,60.6806739260687,0.8302631578947368,0.09163786342908595,83.02571290879324,0.5046439628482973,50.46402984667958,0.8563157894736843,0.04725701630178267,42.81578947368421,0.5785603715170279,28.928018575851393,0.896578947368421,0.01979151236316002,17.931500822977515,0.6969814241486069,13.939567750730546,0.9228947368421052,0.010186209841150894,9.228907159697995,0.7739938080495357,7.739904359095251,0.5509680987861135,0.871278429091723,0.3050847457627119,30.40677966101695,0.615819209039548,12.317440474459984,0.6949152542372882,6.949748524580633
2019-11-11,314,6885750,7523,2585,0.001092546200486512,0.40511894894941636,0.9727764428349795,0.014709786701480383,0.4350657982187957,0.4753122277083938,435.0500029167982,0.04294003868471954,42.93847972310595,0.6062740927821347,0.33117920418239905,303.12604083463435,0.11566731141199227,57.83155602346251,0.7671141831716071,0.16762032007900315,153.42172258194816,0.3520309477756286,70.40567831322532,0.8355709158580353,0.09128932004995788,83.55648485098996,0.5264990328820116,52.64952098038443,0.8564402499003058,0.04678502704861489,42.82201249501529,0.5852998065764023,29.264990328820115,0.8996411006247508,0.019657903679757414,17.992743621280024,0.7090909090909091,14.181756394403328,0.9349993353715274,0.010215299713175762,9.349993353715274,0.811605415860735,8.11605415860735,0.5671031814849704,0.8822836949648823,0.31728045325779036,31.622285174693108,0.6062322946175638,12.125685741913227,0.7025495750708215,7.026098280360935
2019-11-12,315,6885750,7152,2046,0.0010386668118941291,0.4666937029966054,0.9754150288693365,0.014134031705658832,0.4974832214765101,0.5167005518443218,497.4651600757885,0.03274682306940371,32.745634178063696,0.6723993288590604,0.3491867557362765,336.18745851664795,0.14565004887585534,72.82238048554464,0.8164149888143176,0.1695953992273955,163.28181211270115,0.3978494623655914,79.56931469063495,0.8789149888143176,0.09128932004995788,87.89086067309809,0.5835777126099707,58.357347506522196,0.9021252796420581,0.046850379406745815,45.10626398210291,0.6603128054740958,33.01564027370479,0.9222595078299777,0.01915832338529549,18.445109794504816,0.7297165200391007,14.594266816131903,0.9386185682326622,0.009749105400130124,9.386172051027126,0.7864125122189638,7.86411370133686,0.5912108739881888,0.8960702577107872,0.29608938547486036,29.51024208566108,0.6312849162011173,12.626781145490959,0.7262569832402235,7.263192694308959
2019-11-13,316,6885750,6587,2194,0.0009566132955741931,0.4132745659430114,0.9589065140861344,0.009002085517572894,0.4757856383786246,0.45512634330525703,475.76836472053645,0.02324521422060164,23.244370290372892,0.6303324730529831,0.3014812663374964,315.1547942437249,0.10802187784867821,54.00897802763114,0.7662061636556854,0.1465915362049435,153.24011999744795,0.3195077484047402,63.901085671321844,0.808562319720662,0.07734758488483545,80.85564484905962,0.4293527803099362,42.93496626418343,0.8269318354334295,0.03955269941545946,41.34659177167147,0.4813126709206928,24.065633546034636,0.8497039623500835,0.016256738544474392,16.994054566967442,0.5496809480401094,10.99360299507152,0.892515560953393,0.008537910121758528,8.925142647775738,0.6782133090246126,6.7821232407406375,0.5653213343033471,0.89432719351557,0.29394812680115273,29.296829971181555,0.6253602305475504,12.508277270008552,0.7146974063400576,7.147587011433457
2019-11-14,317,6885750,7334,3038,0.0010650982100715246,0.3535691416121685,0.9485432944039213,0.01030383733589357,0.4080992637032997,0.434650014522219,408.08444743610164,0.018762343647136272,18.76166246997801,0.5392691573493319,0.28717688062735985,269.6247894436655,0.07570770243581304,37.852476913113534,0.6803926915734934,0.14493595515408522,136.0775502048326,0.2616853192890059,52.3366838216118,0.7367057540223616,0.07846582822620465,73.67004045658422,0.37656352863726134,37.656079428882954,0.7695664030542678,0.0409831899212141,38.47832015271339,0.4489795918367347,22.448979591836736,0.8343332424325062,0.017772859429142376,16.68659214810705,0.6017116524028966,12.034180617252499,0.8812380692664303,0.00938601000903311,8.812342298840978,0.7149440421329822,7.149409272612808,0.5098632528519952,0.8564444649701275,0.27835051546391754,27.742268041237114,0.5541237113402062,11.083424696291843,0.6572164948453608,6.572728598963767
2019-11-15,318,6885750,6880,2808,0.0009991649420905493,0.36900229192122785,0.9612540722425815,0.013306792649899892,0.41627906976744183,0.41591635201858845,416.2639565279063,0.013888888888888888,13.888384645173783,0.5569767441860465,0.27824571594539643,278.47826142020546,0.0876068376068376,43.80182849631731,0.7079941860465117,0.14147956664439862,141.59780901477728,0.3190883190883191,63.817200417159754,0.7845930232558139,0.07839321502221964,78.45873260744897,0.4779202279202279,47.79167575883281,0.8193313953488373,0.040932063086351625,40.966272296053155,0.5612535612535613,28.06247429058141,0.8688953488372093,0.017363319769147432,17.37783126459403,0.6798433048433048,13.59680685797335,0.9066860465116279,0.009059289111570999,9.06686046511628,0.7724358974358975,7.7243589743589745,0.5478721694108858,0.8645923944353217,0.26732673267326734,26.643564356435643,0.5841584158415841,11.684170303822835,0.6584158415841584,6.584723094951005
2019-11-16,319,6885750,7247,2875,0.0010524634208328794,0.34960658415256635,0.9483466838648087,0.014321547246953621,0.40444321788326204,0.4256462387452803,404.4285343508092,0.029217391304347827,29.21633055096036,0.5632675589899269,0.2963984896892245,281.62355462640784,0.12521739130434784,62.60642260920078,0.7174003035738926,0.15100641900723227,143.47901886008688,0.32417391304347826,64.83431182256616,0.7908099903408307,0.08322925440762148,79.08042480161166,0.48034782608695653,48.03443381274886,0.8257209879950325,0.04345205678393784,41.286049399751626,0.5655652173913044,28.278260869565216,0.861321926314337,0.018130170090157077,17.22641350880352,0.6525217391304348,13.050415829820938,0.8850558851938733,0.009314835334798186,8.850507438469245,0.712,7.119958639458943,0.5026247504986657,0.8136354961436176,0.2320675105485232,23.12939521800281,0.5147679324894515,10.296241613652647,0.5822784810126582,5.823284191328137
2019-11-17,320,6885750,7178,2934,0.0010424427259194714,0.3068711749888536,0.9205520472431472,0.009479440421122042,0.38520479242128725,0.4015393552134766,385.19080735040353,0.02044989775051125,20.449155305777346,0.5224296461409863,0.2722916061574209,261.2053395233297,0.06952965235173825,34.763564019821494,0.6799944274171078,0.14177001946033868,135.99789795194025,0.25323790047716427,50.647212327126375,0.7545277235998885,0.07865462255656569,75.4522244732338,0.4049079754601227,40.4905035293581,0.7883811646698244,0.041092110518098975,39.41905823349122,0.4832992501704158,24.16496250852079,0.8149902479799387,0.016991588437587135,16.299781287840013,0.5480572597137015,10.961129275704119,0.8350515463917526,0.008704921461102333,8.350503336693421,0.5971370143149284,5.971361471092542,0.4295216473069318,0.7778513079301765,0.17142857142857143,17.085714285714285,0.42063492063492064,8.413419913419913,0.46825396825396826,4.682941272563914
2019-11-18,321,6885750,7428,3430,0.0010787495915477617,0.32522063697358555,0.9227912484544328,0.012362691454807647,0.3813947226709747,0.41141446413011906,381.3808759267592,0.024198250728862974,24.19737219812202,0.5053850296176629,0.2725820505373221,252.68334066873527,0.0880466472303207,44.02172532429428,0.6490306946688207,0.14002730256469836,129.80519636979966,0.2693877551020408,53.877159798247924,0.7265751211631664,0.07837869238142264,72.65698452684181,0.4151603498542274,41.51573352419104,0.7665589660743134,0.041345958349066195,38.32766999220282,0.497667638483965,24.883201237989503,0.7998115239633818,0.017255902035505158,15.99620724838175,0.5682215743440233,11.364414982628958,0.8306408185245019,0.008960521423924157,8.306396122076706,0.634402332361516,6.344014110364447,0.4025465312669519,0.765223796809009,0.15830721003134796,15.777951933124347,0.3887147335423197,7.774961419960532,0.4592476489028213,4.5928703549363625
2019-11-19,322,6885750,6622,3213,0.0009616962567621537,0.26936708746350385,0.915326225579371,0.010713848693199643,0.35412262156448204,0.34054603543421436,354.1097649488284,0.03299097416744476,32.98977641206545,0.4725158562367865,0.22720011617775196,236.2493506449646,0.09368191721132897,46.839258019017464,0.6020839625490788,0.11580353771529815,120.415918124904,0.23436041083099907,46.871741812993456,0.6949562065841136,0.06683319294780563,69.49511602844346,0.388422035480859,38.84192150240096,0.7547568710359408,0.036292342882038996,37.73784355179704,0.5017117958294429,25.08558979147214,0.7831470854726669,0.015062839284210159,15.662782482822426,0.5568004979769685,11.135896752877395,0.8172757475083057,0.007859698856771076,8.172745606011997,0.6252723311546841,6.252714230888626,0.37060599823046664,0.7510840688135787,0.16080402010050251,16.02680067001675,0.39195979899497485,7.83986829516364,0.457286432160804,4.5732565055121235
2019-11-20,323,6885750,5899,2591,0.0008566968013651382,0.25535771578215216,0.9245203172630112,0.005086928297573299,0.3819291405322936,0.3271855939587569,381.9152743857451,0.028174450019297567,28.173427130464457,0.4627903034412612,0.1982282892826024,231.3867507929614,0.061752219220378234,30.87498863612543,0.5592473300559417,0.09582038397862268,111.84865383637923,0.13624083365495948,27.24796887332299,0.6558738769282929,0.056188097243602776,65.58691144179315,0.2593593207255886,25.935743743446245,0.7296151890150873,0.0312529499328323,36.48075945075436,0.39482825164029334,19.741412582014668,0.7769113409052382,0.01331152988195929,15.538204252365006,0.495175607873408,9.90349777486964,0.8160705204271911,0.006991250045383582,8.16070520427191,0.5839444230027017,5.839444230027017,0.25477364741992475,0.8145421711292776,0.09977827050997783,9.944567627494457,0.4434589800443459,8.869940250938452,0.5565410199556541,5.565887507463879
2019-11-21,324,6885750,5148,2381,0.000747630977017754,0.2283367173743539,0.9203911541752398,0.005507911068490114,0.37567987567987565,0.2808597153645077,375.66623641630906,0.024359512809743807,24.358628424294714,0.4564879564879565,0.17063607319198373,228.23569172138735,0.05627887442251155,28.13841559358183,0.6027583527583528,0.09012750878619769,120.5507951873661,0.19403611927761444,38.8069420638367,0.6798756798756799,0.050829242789508844,67.98707430805372,0.3145737085258295,31.457142430534294,0.7235819735819736,0.02704861489307628,36.17909867909868,0.4036119277614448,20.18059638807224,0.7651515151515151,0.011441002881308672,15.303008078859984,0.49349013019739607,9.869788270304861,0.8144910644910645,0.006089387503176851,8.144910644910645,0.6001679966400671,6.001679966400673,0.33997309321452607,0.8083568658254403,0.17567567567567569,17.50900900900901,0.481981981981982,9.640466366881462,0.5675675675675675,5.676162440313384
2019-11-22,325,6885750,4518,2249,0.0006561376756344624,0.20518760277205345,0.8976477467923959,0.006344315880972217,0.3798140770252324,0.24920127795527156,379.8002876672225,0.03601600711427301,36.01469953341641,0.5,0.1640284635492303,249.99092361312807,0.10404624277456648,52.02123265937926,0.6128818061088978,0.0804263847338,122.57547115554745,0.2414406402845709,48.28777742134492,0.6617972554227535,0.04342269598303756,66.1792449900843,0.3254779902178746,32.547562681790495,0.6932270916334662,0.02274262062956105,34.66135458167331,0.38594931080480216,19.297465540240108,0.7412571934484286,0.009727321312389627,14.825122338819583,0.48110271231658513,9.622040272486773,0.7917220008853475,0.00519477124562685,7.917197012964826,0.5815918185860383,5.815901293288642,0.3852681810544175,0.775577245586603,0.21136363636363636,21.065909090909088,0.4590909090909091,9.182605644784031,0.5409090909090909,5.409554810541088
2019-11-23,326,6885750,4350,2176,0.0006317394619322514,0.18041128472249435,0.8700867742597155,0.005481669673689202,0.34620689655172415,0.21870461806564043,346.1943273208008,0.027573529411764705,27.57252833968324,0.46160919540229883,0.14580307871042694,230.79621821386718,0.07996323529411764,39.980166092540706,0.5947126436781609,0.07514014348369108,118.94166505582203,0.22012867647058823,44.0254156091479,0.6622988505747126,0.04183972813616428,66.22940414105591,0.3327205882352941,33.27181722444998,0.7073563218390805,0.022343245107649855,35.36781609195402,0.4172794117647059,20.863970588235293,0.7358620689655172,0.009297448647643832,14.717220005865176,0.47380514705882354,9.476089179292611,0.7652873563218391,0.004834622227063138,7.652873563218391,0.5321691176470589,5.321691176470588,0.38263753089810876,0.7594627971780156,0.20489977728285078,20.421677802524126,0.46770601336302897,9.35492250742072,0.5478841870824054,5.479311754346423
2019-11-24,327,6885750,4025,2072,0.000584540536615474,0.16696649275247039,0.8851257877009706,0.005013628560698564,0.3242236024844721,0.1895149578855649,324.2118313690754,0.02944015444015444,29.43908559922937,0.4472049689440994,0.13069997095556202,223.59436646143135,0.08445945945945946,42.228196556271634,0.5796273291925466,0.06776264195881379,115.92462406655952,0.21187258687258687,42.37420967956998,0.6444720496894409,0.03767173022742455,64.44673699714002,0.3137065637065637,31.37042857826935,0.6881987577639752,0.020114003558072833,34.40993788819876,0.3943050193050193,19.715250965250963,0.7209937888198757,0.008428965200747048,14.419812951812169,0.458011583011583,9.160191750889537,0.7662111801242236,0.0044788084394460454,7.662100673767853,0.5458494208494209,5.45848628127309,0.40981869464951526,0.7751899781882448,0.20179372197309417,20.112107623318387,0.4798206278026906,9.597235575998585,0.5515695067264574,5.516168111438439
2019-11-25,328,6885750,3868,1965,0.0005617398250009077,0.18392238701357816,0.8992102229624847,0.005169693128579871,0.3603929679420889,0.2024397327911705,360.37988367807714,0.03358778625954199,33.58656683657293,0.46147880041365047,0.12961080453093232,230.73102308657374,0.08854961832061069,44.27320173911887,0.5881592554291624,0.0660780156263615,117.63099692327266,0.21475826972010179,42.951342058299424,0.6608066184074457,0.03711986987713846,66.0801820078868,0.3379134860050891,33.79110323070002,0.6957083764219235,0.019540355081145846,34.78541882109618,0.40458015267175573,20.229007633587784,0.7267321613236815,0.008164652370537543,14.534579901868895,0.46259541984732827,9.251868088186786,0.7732678386763185,0.004343740787159606,7.7326559268832105,0.5541984732824428,5.54196863590358,0.36460106539544873,0.788248431635701,0.17792792792792791,17.733483483483486,0.4774774774774775,9.550368550368551,0.5540540540540541,5.541015715544018
2019-11-26,329,6885750,3820,1776,0.0005547689068002759,0.21398231030500148,0.9365706027629243,0.005840548768586955,0.40026178010471203,0.2220447284345048,400.24724838164695,0.019707207207207207,19.706491726260097,0.5039267015706806,0.13977635782747605,251.95420311794325,0.07601351351351351,38.00537690064447,0.6303664921465969,0.06994103807836417,126.07238297070579,0.24268018018018017,48.5356836003275,0.706020942408377,0.03916756222951581,70.60158157641061,0.37894144144144143,37.89386898262229,0.762565445026178,0.021152379915041934,38.1282722513089,0.49268018018018017,24.63400900900901,0.7997382198952879,0.008873359299890499,15.99469471183796,0.5703828828828829,11.40760795671895,0.8424083769633508,0.00467339938249552,8.424047067544116,0.6621621621621622,6.621592772508137,0.43527764208467457,0.823510495519638,0.22693266832917705,22.617622610141314,0.543640897755611,10.873750443787616,0.6184538653366584,6.185069059769102
2019-11-27,330,6885750,3651,1474,0.0005302254656355517,0.2808899587920447,0.9393713434523113,0.006915295147812271,0.45713503149821966,0.24237583502759222,457.11843496062534,0.028493894165535955,28.49285967910822,0.581758422350041,0.15422596572756317,290.8686506460061,0.12143826322930801,60.71692717333776,0.7069296083264859,0.07496587179412705,141.38489501682014,0.30257801899592945,60.51516437599759,0.7718433305943577,0.040924801765953124,77.18377259926369,0.44640434192673,44.6401100441776,0.822788277184333,0.021813164869476816,41.13941385921665,0.5664857530529173,28.324287652645857,0.8627773212818406,0.009149316851008457,17.255521365880988,0.6655359565807327,13.31069980082309,0.88852369213914,0.004711178883926951,8.8852369213914,0.7279511533242876,7.279511533242876,0.4589739049918989,0.8254532149551205,0.24338624338624337,24.257495590828924,0.5714285714285714,11.429551580494977,0.6481481481481481,6.482037354678864
2019-11-28,331,6885750,4114,1794,0.0005974657807791454,0.23478739247786895,0.949074300464538,0.00972784316166577,0.40738940204180846,0.24339239035724658,407.37461154652664,0.04905239687848383,49.05061600435958,0.5388915896937287,0.1609787975602672,269.4360124697642,0.13489409141583056,67.44459700599442,0.6968886728245017,0.08327282233001249,139.37672249851323,0.3439241917502787,68.78433888130593,0.7732134175984443,0.04619652037526504,77.32078030480827,0.4927536231884058,49.27500451464703,0.8123480797277589,0.024267508985949243,40.61740398638794,0.5774804905239688,28.874024526198443,0.8573164803111327,0.010244330328097406,17.146304705079416,0.6778149386845039,13.556279086249951,0.891832766164317,0.005328395599607886,8.918327661643168,0.7564102564102564,7.564102564102565,0.46862808716634663,0.8614889205766731,0.24079320113314448,23.999055712936734,0.6005665722379604,12.012361576100954,0.6685552407932012,6.686125782924115
2019-11-29,332,6885750,4608,2012,0.000669208147260647,0.25950392638226216,0.9416979349316622,0.009369040603888781,0.4340277777777778,0.2904443799012489,434.0120201616807,0.04622266401590457,46.220985876781135,0.5711805555555556,0.19111240197502177,285.5799092663859,0.13320079522862824,66.59797965041582,0.6944444444444444,0.09294490110081617,138.88788037216688,0.31560636182902585,63.12081402202256,0.7547743055555556,0.050509744691974785,75.47688248974943,0.4438369781312127,44.38337552887098,0.7849392361111112,0.02626438659550521,39.24696180555556,0.5104373757455268,25.52186878727634,0.8322482638888888,0.011138865491300939,16.644844413351876,0.617296222664016,12.345834805567247,0.8684895833333334,0.00581199460916442,8.68488322049781,0.7002982107355865,7.00297193711742,0.48231562238212833,0.8416898479003694,0.2782608695652174,27.733333333333334,0.591304347826087,11.827101200686107,0.6579710144927536,6.580274442538594
2019-11-30,333,6885750,5679,2512,0.0008247467596122427,0.26384153088872186,0.9442997980452962,0.009697976986910823,0.3984856488818454,0.3286378158582631,398.47118164219677,0.028662420382165606,28.66137977730131,0.5294946293361508,0.21834156259076387,264.73770287187045,0.09912420382165606,49.56030253158352,0.672125374185596,0.11086583984431729,134.42409873358122,0.28144904458598724,56.28940017885974,0.7341081176263426,0.060544889482703534,73.41027870320934,0.40605095541401276,40.604800694792736,0.7733755942947702,0.03189171919021755,38.66849892833958,0.4912420382165605,24.561923557536392,0.8283148441627047,0.013662979830839297,16.56627282447644,0.6142515923566879,12.285014005919649,0.8735692903680226,0.007204723952040152,8.735680217073511,0.7157643312101911,7.157632917253249,0.5203773596090979,0.8663290426462649,0.25984251968503935,25.897637795275593,0.5826771653543307,11.654542753339365,0.6797900262467191,6.798483272781297
2019-12-01,334,6885750,6793,2900,0.0009865301528519043,0.2943468764358848,0.9504871959374527,0.011841116076067736,0.3703812748417489,0.36537902991577115,370.3678279467866,0.034482758620689655,34.481506705259044,0.5156779037244222,0.2543566656985187,257.8295908779001,0.0996551724137931,49.82577718909932,0.669954364787281,0.132185076534317,133.98990000679717,0.26448275862068965,52.89616762532789,0.7525393787722656,0.07423973975427692,75.25339143427237,0.42689655172413793,42.68934518914989,0.794494332401001,0.03918963075917656,39.724716620050046,0.5237931034482759,26.189655172413797,0.8499926394818195,0.016770843015150107,16.999828101217407,0.6517241379310345,13.034463828999618,0.8991609009274253,0.008870480527930104,8.991595951007612,0.7662068965517241,7.662057838105067,0.4670852353410591,0.8557428301467319,0.21875,21.802083333333336,0.5576923076923077,11.154802744425385,0.6658653846153846,6.659224914236707
2019-12-02,335,6885750,8105,3632,0.0011770685836691719,0.3653954557126865,0.9287827352298785,0.015566164478130765,0.3853177051202961,0.4535288992158002,385.30371595005505,0.025605726872246697,25.604797242313783,0.5302899444787168,0.31208248620389195,265.1353460059777,0.10627753303964757,53.13683728781247,0.6799506477483035,0.16006854686456184,135.98914208175898,0.31277533039647576,62.55461184691781,0.7453423812461444,0.08773127305469226,74.53369690763076,0.4419052863436123,44.19020775277424,0.778778531770512,0.045833787169153685,38.9389265885256,0.5123898678414097,25.61949339207049,0.8210980876002467,0.019329747188400408,16.421937902841222,0.6037995594713657,12.075973651797204,0.8579888957433683,0.010099088409865562,8.579864036796026,0.6852973568281938,6.852953663540513,0.4010185431691454,0.7947150935961289,0.1900990099009901,18.946534653465346,0.44356435643564357,8.872047959512932,0.5683168316831683,5.683655724062972
2019-12-03,336,6885750,9940,4398,0.0014435609773808227,0.41905923674824674,0.9451786677662241,0.019092224087200516,0.38440643863179075,0.554893987801336,384.39248254557845,0.020236471123237836,20.23573642707449,0.5301810865191147,0.38266047051989543,265.0809190022505,0.08162801273306049,40.812524591683946,0.68158953722334,0.19678178279938424,136.316917596666,0.296043656207367,59.20830130790547,0.7605633802816901,0.10979116442533911,76.05578575873025,0.4622555707139609,46.2252214128156,0.8001006036217304,0.05774970046835857,40.00503018108652,0.5509322419281492,27.54661209640746,0.8381287726358149,0.024197694378850325,16.762502421445536,0.635743519781719,12.71481499942482,0.8792756539235412,0.012692806489887144,8.7927054615433,0.7287403365165984,7.28736103216794,0.42980020402176267,0.7877406166388287,0.19092627599243855,19.028985507246375,0.44801512287334594,8.961070922514727,0.5444234404536862,5.444701320008949
2019-12-04,337,6885750,10483,4577,0.0015224194895254693,0.3782275337237083,0.9295766210684464,0.014994767513474736,0.3553372126299723,0.5409526575660761,355.32431191792506,0.009831767533318768,9.8314105856157,0.5030048650195554,0.38287830380482135,251.49330157627097,0.05483941446362246,27.418711744328228,0.6604025565200802,0.201080484475297,132.07955222510506,0.24885296045444613,49.770230690673635,0.7349995230372984,0.11189694734090447,73.49941859702689,0.3989512781297793,39.89483812167254,0.776781455690165,0.059129361362233596,38.83907278450825,0.4911514092200131,24.557570461000658,0.8171325002384814,0.024880332744678872,16.342626270788184,0.582696089141359,11.65390485815687,0.8566250119240676,0.013041407193977136,8.566237678711062,0.6727113830019663,6.727104060417135,0.4591846623224946,0.798915273487117,0.19298245614035087,19.23391812865497,0.4649122807017544,9.299043062200957,0.543859649122807,5.439062923174145
2019-12-05,338,6885750,9668,4216,0.001404059107577243,0.31965340885413956,0.9339804358802705,0.010570075579126998,0.32002482416218453,0.4493174557072321,320.0132054857337,0.003795066413662239,3.794928631698339,0.46483243690525444,0.3263142608190531,232.40778045457125,0.03439278937381404,17.195770362383097,0.6257757550682664,0.17572395364373058,125.15424222200225,0.19070208728652752,38.14014050751421,0.7069714522134878,0.09926224984751227,70.69663186672607,0.33633776091081596,33.633531865457186,0.755895738518825,0.05306611480230912,37.79478692594125,0.44236242884250476,22.118121442125236,0.805233760860571,0.02261188307463519,16.10465182883422,0.5540796963946869,11.081577834399443,0.8488829127016964,0.01191878322976225,8.488804470866302,0.6539373814041746,6.539354820163606,0.4731675859565996,0.8318593736799074,0.19850187265917604,19.78401997503121,0.4887640449438202,9.776119259159326,0.5973782771535581,5.974295102819589
2019-12-06,339,6885750,9288,3828,0.0013488726718222416,0.3252682504877391,0.9414422565872216,0.00863070269495927,0.3367786391042205,0.4542550101655533,336.7664121713457,0.0020898641588296763,2.089788285167215,0.4625322997416021,0.31193726401394134,231.25775362661463,0.018286311389759665,9.142823747606567,0.6238156761412575,0.1682883615556653,124.76222928315269,0.14994775339602925,29.989332915469767,0.7097329888027563,0.09573324813384065,70.97278352041272,0.3098223615464995,30.98201118270657,0.7729328165374677,0.05212939766909923,38.64664082687339,0.45167189132706376,22.583594566353188,0.8101851851851852,0.021856637882709005,16.203633107328116,0.5410135841170324,10.820224540528034,0.8591731266149871,0.011589151508550267,8.591731266149871,0.6593521421107628,6.593521421107629,0.48891710590066395,0.8232801286279174,0.19694072657743786,19.628425748884638,0.5066921606118547,10.134712324004866,0.609942638623327,6.099949493127458
2019-12-07,340,6885750,7854,2778,0.0011406164905783684,0.3371030970374514,0.9601924099814259,0.007893524732197501,0.3700025464731347,0.4220156839965147,369.98911332811315,0.0014398848092152627,1.439832533408945,0.5168067226890757,0.29472843450479236,258.39397986903157,0.03095752339812815,15.478199734146159,0.679144385026738,0.15492753202242296,135.8278907083523,0.17026637868970482,34.053028466195215,0.7664884135472371,0.08742629759795521,76.64828478292846,0.35277177825773937,35.27692166688299,0.8189457601222307,0.04670515194423266,40.947288006111535,0.4920806335493161,24.604031677465805,0.8624904507257448,0.019675388047216285,17.249783963091357,0.6141108711303096,12.282199585479393,0.9085816144639675,0.01036341667441212,9.085802949558602,0.744060475161987,7.440593945834086,0.5726534326352439,0.8484875893842667,0.21696252465483234,21.623931623931625,0.5739644970414202,11.480274442538594,0.6785009861932939,6.785591766723842
2019-12-08,341,6885750,7245,2517,0.0010521729659078531,0.29622508309460566,0.9535963074743855,0.009209211336104941,0.3765355417529331,0.3961661341853035,376.52187142394115,0.014700039729837107,14.699506036846625,0.5370600414078675,0.28252977054893985,268.5202715745152,0.06237584425903854,31.186789834931357,0.7048999309868875,0.14833425310058382,140.97896249652797,0.23122765196662692,46.2451945897122,0.788543823326432,0.08296784687327544,78.85380974570826,0.40723083035359553,40.72278733200602,0.8506556245686681,0.044751842573430636,42.53278122843341,0.574890742947954,28.744537147397697,0.8786749482401657,0.018490333674133285,17.573473443293757,0.6543504171632897,13.086989337363258,0.9029675638371291,0.009500780597611008,9.029675638371291,0.7238776321017084,7.238776321017084,0.5879702373189051,0.8485025498559103,0.2147117296222664,21.399602385685885,0.6043737574552683,12.088511810781963,0.6759443339960238,6.760023052082018
2019-12-09,342,6885750,5543,2127,0.0008049958247104528,0.20843478602786658,0.9341646160301016,0.005832636770288388,0.35540321125744184,0.28608771420273016,355.3903081492782,0.010343206393982134,10.342830878211222,0.5114558903121054,0.20585245425501017,255.7186608129959,0.04842501175364363,24.21162682853991,0.6801371098683023,0.10950071160939906,136.02643423496653,0.22143864598025387,44.28740760865936,0.7391304347826086,0.059499259345319355,73.91250677197054,0.33474377056887633,33.47413398871068,0.7927115280534007,0.031906473514141526,39.63557640267003,0.46450399623883404,23.225199811941703,0.8305971495580011,0.01337252532763268,16.611918866091777,0.5604137282557593,11.208258287646084,0.8666786938480967,0.006976717167022957,8.666774351944493,0.6539727315467795,6.539717818001553,0.5604266390407698,0.8485557112663423,0.20825515947467166,20.756097560975608,0.5647279549718575,11.295527758022006,0.6472795497185742,6.473350625444505
2019-12-10,343,6885750,5022,2559,0.0007293323167410958,0.14553639981711208,0.9066107592453214,0.005852710963235306,0.29589804858622065,0.21580017426662795,295.8873058455662,0.014458772958186792,14.458248024518545,0.40481879729191556,0.14760763813257824,202.3873544945043,0.05314576006252442,26.569986012526506,0.5587415372361609,0.08150106015277818,111.74749600696781,0.1867917155138726,37.3580718318757,0.6405814416567105,0.04671933544395713,64.05767901896212,0.30754200859710823,30.753977543604783,0.6899641577060932,0.025160657880405186,34.49820788530466,0.39468542399374756,19.734271199687377,0.754679410593389,0.011008225671530812,15.093566291864454,0.5197342711996874,10.394670328077794,0.8096375945838311,0.005904948625785136,8.09637594583831,0.6275889019148104,6.275889019148105,0.4734483292028103,0.8105329994301832,0.17896678966789667,17.837023370233705,0.525830258302583,10.517507104745148,0.5922509225092251,5.923017158988057
2019-12-11,344,6885750,6056,2980,0.0008794975129797044,0.174644461377444,0.923222353613836,0.006448470070864025,0.29491413474240424,0.25936683125181526,294.9034277232806,0.018456375838926176,18.455705770096703,0.4141347424042272,0.18210862619808307,207.0598535078353,0.05503355704697987,27.51577951178054,0.5637384412153237,0.09916059136193325,112.74686954597621,0.16644295302013423,33.288348884904856,0.6410171730515192,0.05637689157396381,64.10125184204448,0.28859060402684567,28.85885084780058,0.696003963011889,0.03060668772464873,34.800198150594454,0.3875838926174497,19.379194630872483,0.7575957727873184,0.013326052607119622,15.151893451035987,0.5093959731543625,10.187904667451816,0.8262879788639366,0.007267182224158588,8.262879788639365,0.6483221476510067,6.483221476510067,0.4566090787017975,0.8108438514954626,0.17383512544802868,17.325567502986857,0.4946236559139785,9.893321529353178,0.5949820788530465,5.950331064755898
2019-12-12,345,6885750,7551,3674,0.0010966125694368805,0.19228725677317085,0.9293715973061705,0.008711512408715151,0.2774466958018805,0.3042404879465582,277.4366229476908,0.025040827436037017,25.03991831508741,0.405376771288571,0.22226256171943073,202.68102693147532,0.07131192161132281,35.65466629648316,0.5568798834591445,0.12213540910279125,111.37516795517743,0.17065868263473055,34.13148868547143,0.6430936299827837,0.07052194371024427,64.30889602738903,0.2855198693522047,28.55177961009532,0.7147397695669447,0.03918963075917656,35.736988478347236,0.41780076211213935,20.89003810560697,0.77870480731029,0.017078675182767965,15.574028292907498,0.5465432770821992,10.930817917995503,0.8347238776321018,0.009153660374947173,8.347214531425308,0.6616766467065869,6.616747248397609,0.4870956412072499,0.84129056106556,0.16520210896309315,16.465143526654952,0.5149384885764499,10.29965302794165,0.6203866432337434,6.20439849635393
2019-12-13,346,6885750,9018,4785,0.001309661256943688,0.1691747366683788,0.9256765901073821,0.010362737115917233,0.20913728099356843,0.2738890502468777,209.12968815008185,0.01922675026123302,19.226052223538375,0.324018629407851,0.21216961951786234,162.00343286705706,0.05245559038662487,26.226842978848545,0.499001996007984,0.13070376717302273,99.7996745189223,0.16154649947753397,32.309065287328394,0.6041250831669993,0.07911934706206977,60.412069642120976,0.27816091954022987,27.815889972467073,0.6725438012863163,0.04404022800711615,33.62719006431581,0.3895506792058516,19.47753396029258,0.7451763140385895,0.01951854261548471,14.903504636790181,0.5220480668756531,10.44094617439187,0.8328897760035484,0.010908018867924528,8.328885664206178,0.6856844305120168,6.856834347113637,0.4847993643141332,0.8505834779646035,0.15551839464882944,15.5,0.4882943143812709,9.76672384219554,0.6337792642140468,6.338336192109777
2019-12-14,347,6885750,9923,4804,0.001441092110518099,0.30715583820718195,0.9357271256652717,0.01291210974022947,0.31149853874836236,0.4488817891373802,311.48722962337155,0.017693588676103246,17.69294630067934,0.4328328126574625,0.31186465291896603,216.40854921261416,0.06827643630308076,34.136978744840135,0.5692834828176963,0.16407679572453454,113.85586981358598,0.18734388009991673,37.46850394719573,0.6643152272498236,0.09573324813384065,66.4310403444113,0.32431307243963364,32.43107174985052,0.7268971077295173,0.05237590403438961,36.344591474836065,0.4406744379683597,22.03356190450371,0.7863549329839766,0.02266409905631606,15.72703013977913,0.5614071606994172,11.228094295159043,0.8550841479391313,0.012322550194241732,8.550841479391314,0.7027477102414654,7.027477102414654,0.5154807863066366,0.8457735500766197,0.16260162601626016,16.205962059620596,0.5040650406504065,10.082165418566708,0.6341463414634146,6.342007279420994
2019-12-15,348,6885750,10923,5203,0.0015863195730312601,0.3104957177330766,0.9445881459323763,0.015857969363776966,0.2956147578504074,0.46892245135056637,295.6040253947782,0.004420526619258121,4.420366129619024,0.4256156733498123,0.33756898054022655,212.80011056988602,0.049010186430905246,24.5042035446272,0.5924196649272178,0.1879520171948067,118.48307263564408,0.2141072458197194,42.82113822368157,0.6907443010162043,0.10957332481338407,69.07392853005213,0.3692100711128195,36.92073901601988,0.7536391101345784,0.059775623570417165,37.68195550672892,0.4883720930232558,24.41860465116279,0.8099423235374897,0.025696435262236087,16.198775895536222,0.6033057851239669,12.0660631327674,0.8518721962830724,0.013513395761687889,8.518709591324946,0.6905631366519316,6.905621337660676,0.5873850856293666,0.8424375678269652,0.1619190404797601,16.137931034482758,0.5547226386806596,11.095404270420534,0.671664167916042,6.717217720470811
2019-12-16,349,6885750,13307,6244,0.0019325418436626366,0.30619292044242735,0.933581316517675,0.016384821863570993,0.26174194033215603,0.505808887598025,261.7324376477118,0.008167841127482383,8.167544589538458,0.39715938979484483,0.38374963694452513,198.57248535287923,0.05365150544522742,26.82477879897435,0.5737581723904712,0.22176072497022858,114.75080122971004,0.18657911595131327,37.31555222811454,0.6782896220034569,0.1310813558337448,67.82846967251885,0.3360025624599616,33.60001226377008,0.7414142932291276,0.07164070725774244,37.07071466145638,0.45451633568225497,22.72581678411275,0.7904862102652739,0.030552909192304117,15.809701245277529,0.5555733504163998,11.111450871449847,0.8448185165702262,0.016326447625243982,8.448172896635135,0.6707238949391415,6.707229208652632,0.5899416889970854,0.8437022906332262,0.1615720524017467,16.10334788937409,0.5443959243085881,10.88885226991843,0.6579330422125182,6.579894687169961
2019-12-17,350,6885750,14349,6722,0.0020838688596013506,0.32969879099421406,0.9376504380817782,0.018514258687198387,0.25939089832044043,0.5405169909962242,259.3814809918636,0.01576911633442428,15.768543828022361,0.39110739424350127,0.4074934650014522,195.54659743771342,0.054894376673609045,27.446191851604958,0.5780890654401003,0.24093061082227193,115.61697355003547,0.18997322225528115,37.99436855976945,0.6826259669663391,0.14224926660663975,68.26210102004806,0.34171377566200534,34.17112943687957,0.7502961878876577,0.0781759430708347,37.51480939438289,0.4714370722999107,23.571853614995536,0.8026343299184612,0.033451645134306165,16.052663285493672,0.5809282951502529,11.618549029681121,0.8358770646038052,0.017418556557300863,8.358758506825174,0.6515917881582862,6.515908418694406,0.5780768145469914,0.8502349177496576,0.15460992907801419,15.409456264775415,0.5446808510638298,10.894551293748405,0.6553191489361702,6.553753512645525
2019-12-18,351,6885750,13999,6304,0.002033039247721744,0.32733817250553826,0.9471000975332854,0.016319576494732327,0.2678762768769198,0.5445041382314506,267.82765696315533,0.014435279187817259,14.432659164732495,0.4054575326809058,0.41214057507987223,202.72140616159942,0.04108502538071066,20.541766883185336,0.582613043788842,0.2368933166807052,116.52176264977255,0.17179568527918782,34.35888756313479,0.6788342024430316,0.138008655493915,67.88292732103902,0.3102791878172589,31.02769347806632,0.7558397028359168,0.07683258904258795,37.79198514179584,0.46399111675126903,23.199555837563455,0.8197728409172084,0.0333323651572802,16.39533776567913,0.6027918781725888,12.055750022152557,0.87534823915994,0.01779609572190805,8.753444254384481,0.7249365482233503,7.249333898162495,0.6182219269728633,0.8729692857932967,0.16966966966966968,16.91041041041041,0.5735735735735735,11.472455302643981,0.6906906906906907,6.9074992659898315
2019-12-19,352,6885750,11444,4541,0.0016619830810006171,0.3253813145607615,0.9449471091729384,0.009158168368084352,0.30574973785389725,0.508132442637235,305.73863744227026,0.012772517066725391,12.772053353500487,0.4406675987416987,0.36617775196049956,220.32580003163318,0.04558467297951993,22.79150900150518,0.6005767214260748,0.19962822039559674,120.11447208921534,0.14225941422594143,28.451676246951003,0.6936385879063265,0.11528072264660606,69.36335511742989,0.26624091609777584,26.623898283718084,0.7549807759524642,0.06273826380568566,37.749038797623214,0.3895617705351244,19.47808852675622,0.8099440754980776,0.026922227902221395,16.198857984771145,0.5241136313587316,10.482257404058188,0.8565186997553303,0.014235175202156334,8.565174558567632,0.6403875798282317,6.403866498109498,0.6338483400795298,0.8739558637321188,0.17492260061919504,17.433952528379773,0.5882352941176471,11.76571486227424,0.6919504643962848,6.920098083469192
2019-12-20,353,6885750,9252,3054,0.0013436444831717677,0.29256859956455605,0.9560122863269536,0.008765011669399374,0.31441850410722005,0.42245135056636657,314.4070889712882,0.016044531761624098,16.043949256114313,0.4789234760051881,0.3217397618356085,239.4530442130935,0.045841519318926,22.91992750873473,0.6641807176826632,0.17848325539516105,132.83517897073392,0.17288801571709234,34.57735206436343,0.769455252918288,0.10338667983386099,76.94496656571643,0.34970530451866405,34.97027651964029,0.8287937743190662,0.05567980481570769,41.43938780909633,0.4954158480681074,24.770612534745204,0.8781884997838305,0.02359942838553769,17.56374448829617,0.637524557956778,12.750472641947685,0.9076956333765672,0.01219620230185528,9.076956333765672,0.7246234446627374,7.246234446627374,0.6167978124572242,0.8845051496015637,0.1840277777777778,18.341435185185183,0.6215277777777778,12.43162164093768,0.7413194444444444,7.4138302244139505
2019-12-21,354,6885750,7357,2729,0.0010684384417093272,0.21226313303701663,0.9552351317432384,0.00880750479005724,0.278510262335191,0.2975602672088295,278.50015086763597,0.008061561011359472,8.06126833197335,0.4224548049476689,0.2256752831832704,211.21973374734324,0.035910589959692193,17.954643103031554,0.6334103574826696,0.13535101222806356,126.68115161742405,0.18871381458409675,37.742488854525085,0.742286257985592,0.0793081413924308,74.22808680072453,0.3565408574569439,35.65382684995428,0.8266956639934756,0.044163671350252336,41.33478319967379,0.546353975815317,27.31769879076585,0.8908522495582438,0.019036332848275724,17.816967365776073,0.7134481495053133,14.268900823018486,0.9147750441756151,0.009773808227135751,9.14775044175615,0.7750091608647857,7.750091608647856,0.5959498699571457,0.8693879669588171,0.19230769230769232,19.166666666666668,0.6208791208791209,12.418647390345505,0.7307692307692307,7.308319039451116
2019-12-22,355,6885750,7222,2625,0.0010488327342700506,0.2481555943304469,0.9471378049351482,0.008124706605755488,0.3208252561617281,0.33647981411559685,320.8136084251552,0.010666666666666666,10.666279407493464,0.45735253392412073,0.2398344467034563,228.66796474499088,0.04038095238095238,20.18974316418406,0.6390196621434505,0.13404397455633332,127.80300440338856,0.18057142857142858,36.114023476886175,0.7417612849626143,0.07779778674954253,74.17558987962649,0.3413333333333333,34.13308548026373,0.8222099141512047,0.04311803362015757,41.110495707560226,0.5268571428571428,26.34285714285714,0.8901966214345057,0.018673320011153453,17.80390657252837,0.7062857142857143,14.12569377132766,0.9091664358903351,0.009535635188614167,9.09166435890335,0.7554285714285714,7.554285714285713,0.5864495230478695,0.8493127402358561,0.1935483870967742,19.29032258064516,0.5985663082437276,11.972352865231745,0.6989247311827957,6.98984673269518
2019-12-23,356,6885750,7635,3094,0.001108811676287986,0.263544036947788,0.9347578790116235,0.009140244249146156,0.3244269810085134,0.35971536450769676,324.41520250934815,0.023917259211376857,23.916390882186782,0.4612966601178782,0.25573627650304964,230.63995624503917,0.06108597285067873,30.541877545495286,0.6327439423706614,0.14031775538063843,126.54786956283314,0.19327731092436976,38.65518149517787,0.733464309102816,0.08132678846321414,73.34589831834667,0.3623141564318035,36.23115255526287,0.8002619515389653,0.04436698979777076,40.01309757694827,0.5129282482223658,25.646412411118295,0.8330058939096268,0.01847290640394089,16.66009368316123,0.5917905623787977,11.835794058752574,0.8631303208906352,0.009570489779617325,8.631303208906353,0.6645119586296057,6.645119586296056,0.5242617436602715,0.8187778542154245,0.18118466898954705,18.058072009291518,0.5679442508710801,11.359859192809031,0.6306620209059234,6.307161085578021
2019-12-24,357,6885750,7397,3227,0.0010742475402098536,0.19117004639680527,0.9253314077098432,0.009199225086176845,0.2743003920508314,0.294655823409817,274.29043342492196,0.020142547257514718,20.14181597130874,0.4311207246180884,0.23155678187627068,215.55253627207395,0.06724511930585683,33.62133896749228,0.6125456266053806,0.1316041709024369,122.50823574306543,0.20669352339634336,41.338404505689134,0.7058266864945248,0.07582270760115019,70.58215612608083,0.34614192748682987,34.6139414039391,0.7681492496958227,0.04125912209998911,38.40746248479114,0.47474434459250076,23.737217229625042,0.8127619305123699,0.01746207401340153,16.255167789344274,0.5732878834831112,11.465707715593101,0.8399351088279032,0.009022929830854558,8.399302295904661,0.6352649519677719,6.352612616725294,0.5234510545991427,0.8321405302460783,0.17708333333333334,17.649305555555554,0.5538194444444444,11.077338836477987,0.6354166666666666,6.354711620926243
2019-12-25,358,6885750,7647,3705,0.001110554405838144,0.23923165205057723,0.9031361079642876,0.006199711047978063,0.3124100954622728,0.3469358117920418,312.39875324271634,0.008097165991902834,8.096872019858399,0.4273571335164117,0.23729305837932035,213.67080904085327,0.04480431848852901,22.401345921608236,0.5534196416895515,0.12291963170582938,110.68312462644366,0.14116059379217274,28.231913755974713,0.6228586373741336,0.06917133811612304,62.28541145980047,0.23535762483130904,23.53559158241869,0.6860206616973977,0.038093163417202196,34.301033084869886,0.35519568151147096,17.75978407557355,0.7431672551327317,0.016506529417232085,14.863323517027046,0.47260458839406205,9.452078040868146,0.7859291225317118,0.00872817049704099,7.859291225317118,0.5597840755735493,5.597840755735492,0.4460007076065032,0.8118067484959359,0.18181818181818182,18.12121212121212,0.5009276437847866,10.019412099784558,0.5769944341372912,5.770439190801847
2019-12-26,359,6885750,8897,5020,0.0012920887339795955,0.2450178758673241,0.9001795831071571,0.0086826898511846,0.2790828369113184,0.36058669764740053,279.07270465613,0.006374501992031873,6.374270562247091,0.3760818253343824,0.24295672378739472,188.03408573890675,0.037250996015936254,18.624821799065717,0.49780824997190065,0.12864155217984838,99.56092704534012,0.14641434262948208,29.282655893605863,0.5667078790603575,0.07322315489848674,56.67037640128753,0.24262948207171314,24.26277202613057,0.6296504439698775,0.040678212249936466,31.48252219849388,0.348804780876494,17.440239043824704,0.7081038552321007,0.018298633702016915,14.162056537446665,0.4850597609561753,9.701181130344317,0.7609306507811622,0.00983188493354401,7.609295457024915,0.5784860557768924,5.784852156574928,0.40672105113835866,0.8158239567013246,0.16666666666666666,16.61111111111111,0.4745098039215686,9.49100998890122,0.5784313725490197,5.7848098072848355
2019-12-27,360,6885750,13585,8879,0.0019729150782412954,0.2219835601831964,0.8918821736947788,0.0165611420593526,0.22384983437615016,0.44162067963984897,223.84170738535812,0.01272665840747832,12.726196359177148,0.3172616856827383,0.3129538193435957,158.62508366177136,0.05214551188196869,26.071809355305394,0.42097902097902096,0.1661099654361149,84.19519282309372,0.14370987723842776,28.74176674299294,0.4887007729112992,0.09641581225129978,48.86972242984081,0.22626421894357474,22.626257596658625,0.5659182922340817,0.05582543659005918,28.295914611704088,0.3400157675413898,17.00078837706949,0.7082075818917924,0.027944465421592263,14.164048787392634,0.55546795810339,11.109278493451503,0.7662863452337136,0.015118178847620085,7.662863452337136,0.6438788151818898,6.438788151818898,0.46581090603471464,0.8445253344365078,0.17482517482517482,17.424242424242426,0.4982517482517482,9.965889599251522,0.6048951048951049,6.049469826914081
2019-12-28,361,6885750,16730,11478,0.0024296554478451873,0.2035260618995915,0.874518293295311,0.01508108079347915,0.1958756724447101,0.4758931164681963,195.86856107118248,0.0061857466457571,6.185522068838506,0.2770472205618649,0.33655242521057216,138.51858110542125,0.03301968984143579,16.509245521759112,0.36927674835624624,0.17944174968776322,73.85481338389215,0.10193413486670151,20.38667893805774,0.4347878063359235,0.10563768915739638,43.47846492023564,0.18304582679909392,18.30444976446979,0.4972504482964734,0.06040736303234942,24.862522414823673,0.2711273741069873,13.556368705349364,0.628332337118948,0.030532488694091302,12.566591991950938,0.46070744032061334,9.214108662163657,0.723729826658697,0.017584141161093563,7.23729826658697,0.5993204391008886,5.993204391008887,0.48494489081270614,0.8509067050625385,0.1793570219966159,17.87591652566272,0.4653130287648054,9.307058710851452,0.5905245346869712,5.905751800158466
2019-12-29,362,6885750,16119,10509,0.002340921468249646,0.22613287992840309,0.8878539936554057,0.013688528230102212,0.19901979030957256,0.46587278536160326,199.01256478712452,0.0038062612998382337,3.8061231114378624,0.29120913208015387,0.3408364798141156,145.59927978659013,0.021790845941573888,10.89502740649088,0.3968608474471121,0.18580266635685033,79.37159314266904,0.09363402797602055,18.726669613868644,0.4688256095291271,0.1097475965029481,46.88222052361654,0.18917118660196022,18.916981296936417,0.528072461070786,0.061808808045601425,26.403623053539306,0.27766676182319916,13.883338091159958,0.6424716173459892,0.03007946835207733,12.849413686042341,0.45246931201827006,9.049373098190477,0.7409888950927477,0.017345892549573177,7.409856667487035,0.6031972594918641,6.031946314790922,0.5498421091630241,0.8603754089542044,0.1972318339100346,19.65743944636678,0.5207612456747405,10.416118157483961,0.6211072664359861,6.2116053464065475
2019-12-30,363,6885750,13311,6749,0.0019331227535126893,0.213250684351908,0.9356423310056254,0.01191449693141179,0.2015626173841184,0.38963113563752544,201.55529954294124,0.0007408504963698325,0.7408235993869553,0.33077905491698595,0.31970665117629976,165.3835229011499,0.009482886353533856,4.7412710360765145,0.5017654571407106,0.19399343576635975,100.35236273219229,0.0964587346273522,19.29160684191497,0.598978288633461,0.11578901507450115,59.897393926019554,0.22536672099570307,22.53650845357348,0.6795131845841785,0.06567911992157717,33.97565922920892,0.3722032893762039,18.610164468810193,0.7735707309743821,0.029908100195185427,15.471392150777406,0.5553415320788265,11.106814511431649,0.8444895199459094,0.01632499535272795,8.444882935169895,0.694621425396355,6.946204166167498,0.5793870103175157,0.876368359948534,0.20109689213893966,20.042656916514318,0.5703839122486288,11.408656605027891,0.6745886654478976,6.746465203934764
2019-12-31,364,6885750,10823,2884,0.001571796826779944,0.3363380372829491,0.9654107150292034,0.006278666255377811,0.30204194770396375,0.4747313389485913,302.0309819056881,0.0006934812760055479,0.69345609878815,0.4595768271274138,0.36116758640720303,229.7800709695462,0.0017337031900138697,0.8668201234851874,0.6822507622655456,0.2144703592901333,136.44916164483374,0.08460471567267684,16.92082026614582,0.7936801256583202,0.12474948444625171,79.36743624926339,0.26629680998613037,26.629487631967194,0.8558625150143213,0.06726209926297062,42.793125750716065,0.46601941747572817,23.300970873786408,0.897902614801811,0.02822636862161911,17.958026216050428,0.6199722607489597,12.399427207605694,0.9249745911484801,0.014538657929820587,9.249705612146549,0.7212205270457698,7.212173848286481,0.6267403011329553,0.8905432585260991,0.22699386503067484,22.623721881390594,0.6339468302658486,12.680023992675922,0.7361963190184049,7.362594576392469
