epoch,lr-AdamW,pos_weight_now,step,train_lc_pixels,train_loss_aux,train_loss_bce,train_loss_dice,train_loss_epoch,train_loss_main,train_loss_phase,train_loss_step,train_p_mean,train_pos_rate,val_ap,val_ap_newfire,val_cond_frac,val_cond_n,val_last_pos_pixels_mean,val_last_pos_rate,val_lc_pixels,val_loss,val_loss_bce,val_loss_dice,val_loss_phase,val_p_mean,val_pos_pixels_mean,val_pos_rate,val_roc_auc,val_top15p0_f1_cond,val_top15p0_k,val_top15p0_precision,val_top15p0_precision_cond,val_top15p0_recall,val_top15p0_recall_cond,val_top1p0_f1_cond,val_top1p0_k,val_top1p0_precision,val_top1p0_precision_cond,val_top1p0_recall,val_top1p0_recall_cond,val_top5p0_f1_cond,val_top5p0_k,val_top5p0_precision,val_top5p0_precision_cond,val_top5p0_recall,val_top5p0_recall_cond,val_topk_f1_composite_cond,val_y_mean
,0.0003,,0,,,,,,,,,,,,,,,,,,,,,,,,,,,,,,,,,,,,,,,,,,,,,
0,,,4,,,,,,,,2.14184308052063,,,,,,,,,,,,,,,,,,,,,,,,,,,,,,,,,,,,,
0,,,9,,,,,,,,2.1223483085632324,,,,,,,,,,,,,,,,,,,,,,,,,,,,,,,,,,,,,
0,,,14,,,,,,,,2.1538662910461426,,,,,,,,,,,,,,,,,,,,,,,,,,,,,,,,,,,,,
0,,,19,,,,,,,,2.1141762733459473,,,,,,,,,,,,,,,,,,,,,,,,,,,,,,,,,,,,,
0,,,24,,,,,,,,2.2177553176879883,,,,,,,,,,,,,,,,,,,,,,,,,,,,,,,,,,,,,
0,,,29,,,,,,,,2.1730027198791504,,,,,,,,,,,,,,,,,,,,,,,,,,,,,,,,,,,,,
0,,,34,,,,,,,,2.149707317352295,,,,,,,,,,,,,,,,,,,,,,,,,,,,,,,,,,,,,
0,,,39,,,,,,,,2.128039598464966,,,,,,,,,,,,,,,,,,,,,,,,,,,,,,,,,,,,,
0,,,44,,,,,,,,2.140288829803467,,,,,,,,,,,,,,,,,,,,,,,,,,,,,,,,,,,,,
0,,,49,,,,,,,,2.210458278656006,,,,,,,,,,,,,,,,,,,,,,,,,,,,,,,,,,,,,
0,,,54,,,,,,,,2.1489217281341553,,,,,,,,,,,,,,,,,,,,,,,,,,,,,,,,,,,,,
0,,,59,,,,,,,,2.1347670555114746,,,,,,,,,,,,,,,,,,,,,,,,,,,,,,,,,,,,,
0,,,64,,,,,,,,2.1890475749969482,,,,,,,,,,,,,,,,,,,,,,,,,,,,,,,,,,,,,
0,,,69,,,,,,,,2.142422676086426,,,,,,,,,,,,,,,,,,,,,,,,,,,,,,,,,,,,,
0,,,74,,,,,,,,2.1693079471588135,,,,,,,,,,,,,,,,,,,,,,,,,,,,,,,,,,,,,
0,,,79,,,,,,,,2.1684916019439697,,,,,,,,,,,,,,,,,,,,,,,,,,,,,,,,,,,,,
0,,,84,,,,,,,,2.1264665126800537,,,,,,,,,,,,,,,,,,,,,,,,,,,,,,,,,,,,,
0,,,89,,,,,,,,2.1510751247406006,,,,,,,,,,,,,,,,,,,,,,,,,,,,,,,,,,,,,
0,,,94,,,,,,,,2.1186232566833496,,,,,,,,,,,,,,,,,,,,,,,,,,,,,,,,,,,,,
0,,,99,,,,,,,,2.1511666774749756,,,,,,,,,,,,,,,,,,,,,,,,,,,,,,,,,,,,,
0,,,104,,,,,,,,2.1525399684906006,,,,,,,,,,,,,,,,,,,,,,,,,,,,,,,,,,,,,
0,,,109,,,,,,,,2.169851303100586,,,,,,,,,,,,,,,,,,,,,,,,,,,,,,,,,,,,,
0,,,114,,,,,,,,2.150357961654663,,,,,,,,,,,,,,,,,,,,,,,,,,,,,,,,,,,,,
0,,,119,,,,,,,,2.1245014667510986,,,,,,,,,,,,,,,,,,,,,,,,,,,,,,,,,,,,,
0,,,124,,,,,,,,2.139277696609497,,,,,,,,,,,,,,,,,,,,,,,,,,,,,,,,,,,,,
0,,,129,,,,,,,,2.1555938720703125,,,,,,,,,,,,,,,,,,,,,,,,,,,,,,,,,,,,,
0,,,134,,,,,,,,2.1651599407196045,,,,,,,,,,,,,,,,,,,,,,,,,,,,,,,,,,,,,
0,,,139,,,,,,,,2.137404680252075,,,,,,,,,,,,,,,,,,,,,,,,,,,,,,,,,,,,,
0,,,144,,,,,,,,2.1812257766723633,,,,,,,,,,,,,,,,,,,,,,,,,,,,,,,,,,,,,
0,,,149,,,,,,,,2.153390645980835,,,,,,,,,,,,,,,,,,,,,,,,,,,,,,,,,,,,,
0,,,154,,,,,,,,2.2206997871398926,,,,,,,,,,,,,,,,,,,,,,,,,,,,,,,,,,,,,
0,,,159,,,,,,,,2.1100106239318848,,,,,,,,,,,,,,,,,,,,,,,,,,,,,,,,,,,,,
0,,,164,,,,,,,,2.155431032180786,,,,,,,,,,,,,,,,,,,,,,,,,,,,,,,,,,,,,
0,,,169,,,,,,,,2.1244969367980957,,,,,,,,,,,,,,,,,,,,,,,,,,,,,,,,,,,,,
0,,,174,,,,,,,,2.2242660522460938,,,,,,,,,,,,,,,,,,,,,,,,,,,,,,,,,,,,,
0,,,179,,,,,,,,2.145779609680176,,,,,,,,,,,,,,,,,,,,,,,,,,,,,,,,,,,,,
0,,,184,,,,,,,,2.115729808807373,,,,,,,,,,,,,,,,,,,,,,,,,,,,,,,,,,,,,
0,,,189,,,,,,,,2.123473644256592,,,,,,,,,,,,,,,,,,,,,,,,,,,,,,,,,,,,,
0,,,194,,,,,,,,2.209986686706543,,,,,,,,,,,,,,,,,,,,,,,,,,,,,,,,,,,,,
0,,,199,,,,,,,,2.122159242630005,,,,,,,,,,,,,,,,,,,,,,,,,,,,,,,,,,,,,
0,,,204,,,,,,,,2.121509075164795,,,,,,,,,,,,,,,,,,,,,,,,,,,,,,,,,,,,,
0,,,209,,,,,,,,2.1401097774505615,,,,,,,,,,,,,,,,,,,,,,,,,,,,,,,,,,,,,
0,,,214,,,,,,,,2.1326212882995605,,,,,,,,,,,,,,,,,,,,,,,,,,,,,,,,,,,,,
0,,,219,,,,,,,,2.1243951320648193,,,,,,,,,,,,,,,,,,,,,,,,,,,,,,,,,,,,,
0,,,224,,,,,,,,2.1206302642822266,,,,,,,,,,,,,,,,,,,,,,,,,,,,,,,,,,,,,
0,,,229,,,,,,,,2.1530957221984863,,,,,,,,,,,,,,,,,,,,,,,,,,,,,,,,,,,,,
0,,,234,,,,,,,,2.1236886978149414,,,,,,,,,,,,,,,,,,,,,,,,,,,,,,,,,,,,,
0,,,239,,,,,,,,2.139596939086914,,,,,,,,,,,,,,,,,,,,,,,,,,,,,,,,,,,,,
0,,,244,,,,,,,,2.130206823348999,,,,,,,,,,,,,,,,,,,,,,,,,,,,,,,,,,,,,
0,,,249,,,,,,,,2.130931854248047,,,,,,,,,,,,,,,,,,,,,,,,,,,,,,,,,,,,,
0,,,249,,,,,,,,,,,0.0749569982290268,0.0021435145754367113,0.6748046875,1.349609375,53.0732421875,0.6748046875,271790.65625,1.6299946308135986,1.9005024433135986,0.9988116025924683,0.0,0.6830520629882812,53.0732421875,0.6748046875,0.8807985782623291,0.03997509554028511,22118.0,0.0016672387719154358,0.002470698207616806,0.3312687873840332,0.4909105896949768,0.004916651174426079,1475.0,0.014366400428116322,0.02128971554338932,0.22051621973514557,0.32678523659706116,0.012565650045871735,7373.0,0.004306646063923836,0.006382063031196594,0.27265605330467224,0.4040517807006836,0.014223040081560612,0.00035992596531286836
0,,100.0,249,264174.125,1.6500039100646973,1.9318922758102417,0.9969234466552734,2.146402597427368,1.651402473449707,0.0,,0.6722070574760437,0.9190000295639038,,,,,,,,,,,,,,,,,,,,,,,,,,,,,,,,,,,
,0.0002988172051971717,,250,,,,,,,,,,,,,,,,,,,,,,,,,,,,,,,,,,,,,,,,,,,,,
1,,,254,,,,,,,,2.0387582778930664,,,,,,,,,,,,,,,,,,,,,,,,,,,,,,,,,,,,,
1,,,259,,,,,,,,2.0579030513763428,,,,,,,,,,,,,,,,,,,,,,,,,,,,,,,,,,,,,
1,,,264,,,,,,,,2.041675090789795,,,,,,,,,,,,,,,,,,,,,,,,,,,,,,,,,,,,,
1,,,269,,,,,,,,2.06064772605896,,,,,,,,,,,,,,,,,,,,,,,,,,,,,,,,,,,,,
1,,,274,,,,,,,,2.0711164474487305,,,,,,,,,,,,,,,,,,,,,,,,,,,,,,,,,,,,,
1,,,279,,,,,,,,2.0452017784118652,,,,,,,,,,,,,,,,,,,,,,,,,,,,,,,,,,,,,
1,,,284,,,,,,,,2.0450167655944824,,,,,,,,,,,,,,,,,,,,,,,,,,,,,,,,,,,,,
1,,,289,,,,,,,,2.0468623638153076,,,,,,,,,,,,,,,,,,,,,,,,,,,,,,,,,,,,,
1,,,294,,,,,,,,2.034269094467163,,,,,,,,,,,,,,,,,,,,,,,,,,,,,,,,,,,,,
1,,,299,,,,,,,,2.1656134128570557,,,,,,,,,,,,,,,,,,,,,,,,,,,,,,,,,,,,,
1,,,304,,,,,,,,2.0672852993011475,,,,,,,,,,,,,,,,,,,,,,,,,,,,,,,,,,,,,
1,,,309,,,,,,,,2.128483295440674,,,,,,,,,,,,,,,,,,,,,,,,,,,,,,,,,,,,,
1,,,314,,,,,,,,2.067119598388672,,,,,,,,,,,,,,,,,,,,,,,,,,,,,,,,,,,,,
1,,,319,,,,,,,,2.055361747741699,,,,,,,,,,,,,,,,,,,,,,,,,,,,,,,,,,,,,
1,,,324,,,,,,,,2.0395147800445557,,,,,,,,,,,,,,,,,,,,,,,,,,,,,,,,,,,,,
1,,,329,,,,,,,,2.041813611984253,,,,,,,,,,,,,,,,,,,,,,,,,,,,,,,,,,,,,
1,,,334,,,,,,,,2.0431010723114014,,,,,,,,,,,,,,,,,,,,,,,,,,,,,,,,,,,,,
1,,,339,,,,,,,,2.074260711669922,,,,,,,,,,,,,,,,,,,,,,,,,,,,,,,,,,,,,
1,,,344,,,,,,,,2.058784008026123,,,,,,,,,,,,,,,,,,,,,,,,,,,,,,,,,,,,,
1,,,349,,,,,,,,2.06474232673645,,,,,,,,,,,,,,,,,,,,,,,,,,,,,,,,,,,,,
1,,,354,,,,,,,,2.062476634979248,,,,,,,,,,,,,,,,,,,,,,,,,,,,,,,,,,,,,
1,,,359,,,,,,,,2.0630173683166504,,,,,,,,,,,,,,,,,,,,,,,,,,,,,,,,,,,,,
1,,,364,,,,,,,,2.0493760108947754,,,,,,,,,,,,,,,,,,,,,,,,,,,,,,,,,,,,,
1,,,369,,,,,,,,2.0448381900787354,,,,,,,,,,,,,,,,,,,,,,,,,,,,,,,,,,,,,
1,,,374,,,,,,,,2.0745763778686523,,,,,,,,,,,,,,,,,,,,,,,,,,,,,,,,,,,,,
1,,,379,,,,,,,,2.0321218967437744,,,,,,,,,,,,,,,,,,,,,,,,,,,,,,,,,,,,,
1,,,384,,,,,,,,2.049403667449951,,,,,,,,,,,,,,,,,,,,,,,,,,,,,,,,,,,,,
1,,,389,,,,,,,,2.147062301635742,,,,,,,,,,,,,,,,,,,,,,,,,,,,,,,,,,,,,
1,,,394,,,,,,,,2.0546233654022217,,,,,,,,,,,,,,,,,,,,,,,,,,,,,,,,,,,,,
1,,,399,,,,,,,,2.0329113006591797,,,,,,,,,,,,,,,,,,,,,,,,,,,,,,,,,,,,,
1,,,404,,,,,,,,2.098339319229126,,,,,,,,,,,,,,,,,,,,,,,,,,,,,,,,,,,,,
1,,,409,,,,,,,,2.0403084754943848,,,,,,,,,,,,,,,,,,,,,,,,,,,,,,,,,,,,,
1,,,414,,,,,,,,2.045877695083618,,,,,,,,,,,,,,,,,,,,,,,,,,,,,,,,,,,,,
1,,,419,,,,,,,,2.0368714332580566,,,,,,,,,,,,,,,,,,,,,,,,,,,,,,,,,,,,,
1,,,424,,,,,,,,2.0754852294921875,,,,,,,,,,,,,,,,,,,,,,,,,,,,,,,,,,,,,
1,,,429,,,,,,,,2.044766902923584,,,,,,,,,,,,,,,,,,,,,,,,,,,,,,,,,,,,,
1,,,434,,,,,,,,2.065441846847534,,,,,,,,,,,,,,,,,,,,,,,,,,,,,,,,,,,,,
1,,,439,,,,,,,,2.0367400646209717,,,,,,,,,,,,,,,,,,,,,,,,,,,,,,,,,,,,,
1,,,444,,,,,,,,2.050816297531128,,,,,,,,,,,,,,,,,,,,,,,,,,,,,,,,,,,,,
1,,,449,,,,,,,,2.0425333976745605,,,,,,,,,,,,,,,,,,,,,,,,,,,,,,,,,,,,,
1,,,454,,,,,,,,2.0604259967803955,,,,,,,,,,,,,,,,,,,,,,,,,,,,,,,,,,,,,
1,,,459,,,,,,,,2.0383312702178955,,,,,,,,,,,,,,,,,,,,,,,,,,,,,,,,,,,,,
1,,,464,,,,,,,,2.04314923286438,,,,,,,,,,,,,,,,,,,,,,,,,,,,,,,,,,,,,
1,,,469,,,,,,,,2.0559463500976562,,,,,,,,,,,,,,,,,,,,,,,,,,,,,,,,,,,,,
1,,,474,,,,,,,,2.0480265617370605,,,,,,,,,,,,,,,,,,,,,,,,,,,,,,,,,,,,,
1,,,479,,,,,,,,2.0450143814086914,,,,,,,,,,,,,,,,,,,,,,,,,,,,,,,,,,,,,
1,,,484,,,,,,,,2.20829701423645,,,,,,,,,,,,,,,,,,,,,,,,,,,,,,,,,,,,,
1,,,489,,,,,,,,2.0962748527526855,,,,,,,,,,,,,,,,,,,,,,,,,,,,,,,,,,,,,
1,,,494,,,,,,,,2.046405076980591,,,,,,,,,,,,,,,,,,,,,,,,,,,,,,,,,,,,,
1,,,499,,,,,,,,2.040637731552124,,,,,,,,,,,,,,,,,,,,,,,,,,,,,,,,,,,,,
1,,,499,,,,,,,,,,,0.09213652461767197,0.0024332350585609674,0.6748046875,1.349609375,53.0732421875,0.6748046875,271790.65625,1.5713084936141968,1.816681146621704,0.9987739324569702,0.0,0.6343002319335938,53.0732421875,0.6748046875,0.9227393269538879,0.04195385053753853,22118.0,0.0017143933800980449,0.002540576970204711,0.352133572101593,0.5218303203582764,0.005056535825133324,1475.0,0.01509865466505289,0.022374851629137993,0.22656658291816711,0.33575132489204407,0.012846696190536022,7373.0,0.0044016167521476746,0.006522800773382187,0.28428757190704346,0.4212886691093445,0.014773047529160976,0.00035992596531286836
1,,90.0,499,265905.625,1.5855318307876587,1.8408318758010864,0.9968650937080383,2.0633010864257812,1.5876413583755493,0.0,,0.6553945541381836,0.9179999828338623,,,,,,,,,,,,,,,,,,,,,,,,,,,,,,,,,,,
,0.0002952874741692947,,500,,,,,,,,,,,,,,,,,,,,,,,,,,,,,,,,,,,,,,,,,,,,,
2,,,504,,,,,,,,1.9706190824508667,,,,,,,,,,,,,,,,,,,,,,,,,,,,,,,,,,,,,
2,,,509,,,,,,,,1.9563558101654053,,,,,,,,,,,,,,,,,,,,,,,,,,,,,,,,,,,,,
2,,,514,,,,,,,,2.024946928024292,,,,,,,,,,,,,,,,,,,,,,,,,,,,,,,,,,,,,
2,,,519,,,,,,,,1.9571717977523804,,,,,,,,,,,,,,,,,,,,,,,,,,,,,,,,,,,,,
2,,,524,,,,,,,,1.97626793384552,,,,,,,,,,,,,,,,,,,,,,,,,,,,,,,,,,,,,
2,,,529,,,,,,,,1.974449634552002,,,,,,,,,,,,,,,,,,,,,,,,,,,,,,,,,,,,,
2,,,534,,,,,,,,1.9797580242156982,,,,,,,,,,,,,,,,,,,,,,,,,,,,,,,,,,,,,
2,,,539,,,,,,,,1.982532262802124,,,,,,,,,,,,,,,,,,,,,,,,,,,,,,,,,,,,,
2,,,544,,,,,,,,1.9793591499328613,,,,,,,,,,,,,,,,,,,,,,,,,,,,,,,,,,,,,
2,,,549,,,,,,,,1.9673285484313965,,,,,,,,,,,,,,,,,,,,,,,,,,,,,,,,,,,,,
2,,,554,,,,,,,,1.954956293106079,,,,,,,,,,,,,,,,,,,,,,,,,,,,,,,,,,,,,
2,,,559,,,,,,,,2.0030131340026855,,,,,,,,,,,,,,,,,,,,,,,,,,,,,,,,,,,,,
2,,,564,,,,,,,,1.9626773595809937,,,,,,,,,,,,,,,,,,,,,,,,,,,,,,,,,,,,,
2,,,569,,,,,,,,1.9774363040924072,,,,,,,,,,,,,,,,,,,,,,,,,,,,,,,,,,,,,
2,,,574,,,,,,,,1.9730013608932495,,,,,,,,,,,,,,,,,,,,,,,,,,,,,,,,,,,,,
2,,,579,,,,,,,,1.962212085723877,,,,,,,,,,,,,,,,,,,,,,,,,,,,,,,,,,,,,
2,,,584,,,,,,,,1.9791319370269775,,,,,,,,,,,,,,,,,,,,,,,,,,,,,,,,,,,,,
2,,,589,,,,,,,,1.9708117246627808,,,,,,,,,,,,,,,,,,,,,,,,,,,,,,,,,,,,,
2,,,594,,,,,,,,1.9559026956558228,,,,,,,,,,,,,,,,,,,,,,,,,,,,,,,,,,,,,
2,,,599,,,,,,,,1.9529775381088257,,,,,,,,,,,,,,,,,,,,,,,,,,,,,,,,,,,,,
2,,,604,,,,,,,,1.9513393640518188,,,,,,,,,,,,,,,,,,,,,,,,,,,,,,,,,,,,,
2,,,609,,,,,,,,1.974627137184143,,,,,,,,,,,,,,,,,,,,,,,,,,,,,,,,,,,,,
2,,,614,,,,,,,,1.955315113067627,,,,,,,,,,,,,,,,,,,,,,,,,,,,,,,,,,,,,
2,,,619,,,,,,,,1.9595065116882324,,,,,,,,,,,,,,,,,,,,,,,,,,,,,,,,,,,,,
2,,,624,,,,,,,,1.9732084274291992,,,,,,,,,,,,,,,,,,,,,,,,,,,,,,,,,,,,,
2,,,629,,,,,,,,1.9594471454620361,,,,,,,,,,,,,,,,,,,,,,,,,,,,,,,,,,,,,
2,,,634,,,,,,,,1.9587764739990234,,,,,,,,,,,,,,,,,,,,,,,,,,,,,,,,,,,,,
2,,,639,,,,,,,,2.016134262084961,,,,,,,,,,,,,,,,,,,,,,,,,,,,,,,,,,,,,
2,,,644,,,,,,,,2.089294195175171,,,,,,,,,,,,,,,,,,,,,,,,,,,,,,,,,,,,,
2,,,649,,,,,,,,2.0172476768493652,,,,,,,,,,,,,,,,,,,,,,,,,,,,,,,,,,,,,
2,,,654,,,,,,,,1.964752197265625,,,,,,,,,,,,,,,,,,,,,,,,,,,,,,,,,,,,,
2,,,659,,,,,,,,2.0227789878845215,,,,,,,,,,,,,,,,,,,,,,,,,,,,,,,,,,,,,
2,,,664,,,,,,,,1.9539271593093872,,,,,,,,,,,,,,,,,,,,,,,,,,,,,,,,,,,,,
2,,,669,,,,,,,,1.9848337173461914,,,,,,,,,,,,,,,,,,,,,,,,,,,,,,,,,,,,,
2,,,674,,,,,,,,2.0406155586242676,,,,,,,,,,,,,,,,,,,,,,,,,,,,,,,,,,,,,
2,,,679,,,,,,,,1.9541196823120117,,,,,,,,,,,,,,,,,,,,,,,,,,,,,,,,,,,,,
2,,,684,,,,,,,,1.9655565023422241,,,,,,,,,,,,,,,,,,,,,,,,,,,,,,,,,,,,,
2,,,689,,,,,,,,2.0006728172302246,,,,,,,,,,,,,,,,,,,,,,,,,,,,,,,,,,,,,
2,,,694,,,,,,,,2.0057554244995117,,,,,,,,,,,,,,,,,,,,,,,,,,,,,,,,,,,,,
2,,,699,,,,,,,,1.9608967304229736,,,,,,,,,,,,,,,,,,,,,,,,,,,,,,,,,,,,,
2,,,704,,,,,,,,1.9679230451583862,,,,,,,,,,,,,,,,,,,,,,,,,,,,,,,,,,,,,
2,,,709,,,,,,,,1.9990440607070923,,,,,,,,,,,,,,,,,,,,,,,,,,,,,,,,,,,,,
2,,,714,,,,,,,,2.0522403717041016,,,,,,,,,,,,,,,,,,,,,,,,,,,,,,,,,,,,,
2,,,719,,,,,,,,1.9537992477416992,,,,,,,,,,,,,,,,,,,,,,,,,,,,,,,,,,,,,
2,,,724,,,,,,,,1.949819564819336,,,,,,,,,,,,,,,,,,,,,,,,,,,,,,,,,,,,,
2,,,729,,,,,,,,2.1194088459014893,,,,,,,,,,,,,,,,,,,,,,,,,,,,,,,,,,,,,
2,,,734,,,,,,,,1.9610605239868164,,,,,,,,,,,,,,,,,,,,,,,,,,,,,,,,,,,,,
2,,,739,,,,,,,,1.9797675609588623,,,,,,,,,,,,,,,,,,,,,,,,,,,,,,,,,,,,,
2,,,744,,,,,,,,1.9501224756240845,,,,,,,,,,,,,,,,,,,,,,,,,,,,,,,,,,,,,
2,,,749,,,,,,,,2.013478994369507,,,,,,,,,,,,,,,,,,,,,,,,,,,,,,,,,,,,,
2,,,749,,,,,,,,,,,0.10350410640239716,0.0025770689826458693,0.6748046875,1.349609375,53.0732421875,0.6748046875,271790.65625,1.507167935371399,1.7250527143478394,0.9987684488296509,0.0,0.6380767822265625,53.0732421875,0.6748046875,0.9170597195625305,0.04242776334285736,22118.0,0.0017052973853424191,0.0025270977057516575,0.3522527813911438,0.5220069885253906,0.005029845051467419,1475.0,0.015266814269125462,0.022624047473073006,0.22966688871383667,0.34034571051597595,0.012842618860304356,7373.0,0.004398966673761606,0.006518873851746321,0.28952276706695557,0.42904675006866455,0.014853261411190033,0.00035992596531286836
2,,80.0,749,262711.6875,1.5212041139602661,1.748306155204773,0.9968056678771973,1.979217767715454,1.522855520248413,0.0,,0.6286718845367432,0.9135000109672546,,,,,,,,,,,,,,,,,,,,,,,,,,,,,,,,,,,
,0.0002894664728832377,,750,,,,,,,,,,,,,,,,,,,,,,,,,,,,,,,,,,,,,,,,,,,,,
3,,,754,,,,,,,,2.1343040466308594,,,,,,,,,,,,,,,,,,,,,,,,,,,,,,,,,,,,,
3,,,759,,,,,,,,2.1169254779815674,,,,,,,,,,,,,,,,,,,,,,,,,,,,,,,,,,,,,
3,,,764,,,,,,,,2.2123398780822754,,,,,,,,,,,,,,,,,,,,,,,,,,,,,,,,,,,,,
3,,,769,,,,,,,,2.124208927154541,,,,,,,,,,,,,,,,,,,,,,,,,,,,,,,,,,,,,
3,,,774,,,,,,,,2.218095541000366,,,,,,,,,,,,,,,,,,,,,,,,,,,,,,,,,,,,,
3,,,779,,,,,,,,2.1055407524108887,,,,,,,,,,,,,,,,,,,,,,,,,,,,,,,,,,,,,
3,,,784,,,,,,,,2.108567714691162,,,,,,,,,,,,,,,,,,,,,,,,,,,,,,,,,,,,,
3,,,789,,,,,,,,2.11686110496521,,,,,,,,,,,,,,,,,,,,,,,,,,,,,,,,,,,,,
3,,,794,,,,,,,,2.121912717819214,,,,,,,,,,,,,,,,,,,,,,,,,,,,,,,,,,,,,
3,,,799,,,,,,,,2.1188299655914307,,,,,,,,,,,,,,,,,,,,,,,,,,,,,,,,,,,,,
3,,,804,,,,,,,,2.1366512775421143,,,,,,,,,,,,,,,,,,,,,,,,,,,,,,,,,,,,,
3,,,809,,,,,,,,2.10367751121521,,,,,,,,,,,,,,,,,,,,,,,,,,,,,,,,,,,,,
3,,,814,,,,,,,,2.125703811645508,,,,,,,,,,,,,,,,,,,,,,,,,,,,,,,,,,,,,
3,,,819,,,,,,,,2.0963804721832275,,,,,,,,,,,,,,,,,,,,,,,,,,,,,,,,,,,,,
3,,,824,,,,,,,,2.117151975631714,,,,,,,,,,,,,,,,,,,,,,,,,,,,,,,,,,,,,
3,,,829,,,,,,,,2.1341869831085205,,,,,,,,,,,,,,,,,,,,,,,,,,,,,,,,,,,,,
3,,,834,,,,,,,,2.105170488357544,,,,,,,,,,,,,,,,,,,,,,,,,,,,,,,,,,,,,
3,,,839,,,,,,,,2.138000965118408,,,,,,,,,,,,,,,,,,,,,,,,,,,,,,,,,,,,,
3,,,844,,,,,,,,2.1282386779785156,,,,,,,,,,,,,,,,,,,,,,,,,,,,,,,,,,,,,
3,,,849,,,,,,,,2.1055519580841064,,,,,,,,,,,,,,,,,,,,,,,,,,,,,,,,,,,,,
3,,,854,,,,,,,,2.1692237854003906,,,,,,,,,,,,,,,,,,,,,,,,,,,,,,,,,,,,,
3,,,859,,,,,,,,2.1049320697784424,,,,,,,,,,,,,,,,,,,,,,,,,,,,,,,,,,,,,
3,,,864,,,,,,,,2.122466802597046,,,,,,,,,,,,,,,,,,,,,,,,,,,,,,,,,,,,,
3,,,869,,,,,,,,2.102057933807373,,,,,,,,,,,,,,,,,,,,,,,,,,,,,,,,,,,,,
3,,,874,,,,,,,,2.188549041748047,,,,,,,,,,,,,,,,,,,,,,,,,,,,,,,,,,,,,
3,,,879,,,,,,,,2.1142232418060303,,,,,,,,,,,,,,,,,,,,,,,,,,,,,,,,,,,,,
3,,,884,,,,,,,,2.1241159439086914,,,,,,,,,,,,,,,,,,,,,,,,,,,,,,,,,,,,,
3,,,889,,,,,,,,2.1058638095855713,,,,,,,,,,,,,,,,,,,,,,,,,,,,,,,,,,,,,
3,,,894,,,,,,,,2.138631820678711,,,,,,,,,,,,,,,,,,,,,,,,,,,,,,,,,,,,,
3,,,899,,,,,,,,2.1577553749084473,,,,,,,,,,,,,,,,,,,,,,,,,,,,,,,,,,,,,
3,,,904,,,,,,,,2.3388352394104004,,,,,,,,,,,,,,,,,,,,,,,,,,,,,,,,,,,,,
3,,,909,,,,,,,,2.1088593006134033,,,,,,,,,,,,,,,,,,,,,,,,,,,,,,,,,,,,,
3,,,914,,,,,,,,2.175522565841675,,,,,,,,,,,,,,,,,,,,,,,,,,,,,,,,,,,,,
3,,,919,,,,,,,,2.1465511322021484,,,,,,,,,,,,,,,,,,,,,,,,,,,,,,,,,,,,,
3,,,924,,,,,,,,2.1057467460632324,,,,,,,,,,,,,,,,,,,,,,,,,,,,,,,,,,,,,
3,,,929,,,,,,,,2.1116368770599365,,,,,,,,,,,,,,,,,,,,,,,,,,,,,,,,,,,,,
3,,,934,,,,,,,,2.1487085819244385,,,,,,,,,,,,,,,,,,,,,,,,,,,,,,,,,,,,,
3,,,939,,,,,,,,2.374451160430908,,,,,,,,,,,,,,,,,,,,,,,,,,,,,,,,,,,,,
3,,,944,,,,,,,,2.1092042922973633,,,,,,,,,,,,,,,,,,,,,,,,,,,,,,,,,,,,,
3,,,949,,,,,,,,2.1110775470733643,,,,,,,,,,,,,,,,,,,,,,,,,,,,,,,,,,,,,
3,,,954,,,,,,,,2.122518539428711,,,,,,,,,,,,,,,,,,,,,,,,,,,,,,,,,,,,,
3,,,959,,,,,,,,2.2393863201141357,,,,,,,,,,,,,,,,,,,,,,,,,,,,,,,,,,,,,
3,,,964,,,,,,,,2.1725881099700928,,,,,,,,,,,,,,,,,,,,,,,,,,,,,,,,,,,,,
3,,,969,,,,,,,,2.127440929412842,,,,,,,,,,,,,,,,,,,,,,,,,,,,,,,,,,,,,
3,,,974,,,,,,,,2.177173614501953,,,,,,,,,,,,,,,,,,,,,,,,,,,,,,,,,,,,,
3,,,979,,,,,,,,2.1831319332122803,,,,,,,,,,,,,,,,,,,,,,,,,,,,,,,,,,,,,
3,,,984,,,,,,,,2.1690239906311035,,,,,,,,,,,,,,,,,,,,,,,,,,,,,,,,,,,,,
3,,,989,,,,,,,,2.113704204559326,,,,,,,,,,,,,,,,,,,,,,,,,,,,,,,,,,,,,
3,,,994,,,,,,,,2.104192018508911,,,,,,,,,,,,,,,,,,,,,,,,,,,,,,,,,,,,,
3,,,999,,,,,,,,2.1834278106689453,,,,,,,,,,,,,,,,,,,,,,,,,,,,,,,,,,,,,
3,,,999,,,,,,,,,,,0.11116078495979309,0.002603614004328847,0.6748046875,1.349609375,53.0732421875,0.6748046875,271790.65625,1.6247037649154663,1.6247037649154663,,1.0,0.6109848022460938,53.0732421875,0.6748046875,0.886298418045044,0.043282363563776016,22118.0,0.0017079912358894944,0.002531089587137103,0.35841140151023865,0.5311335325241089,0.005038169678300619,1475.0,0.01556673739105463,0.023068508133292198,0.23602381348609924,0.3497661054134369,0.0129367895424366,7373.0,0.004431416746228933,0.006566961761564016,0.2908095419406891,0.43095362186431885,0.015056595206260681,0.00035992596531286836
3,,70.0,999,263917.9375,1.6441501379013062,1.646584153175354,,2.139829635620117,1.646584153175354,1.0,,0.597042977809906,0.9179999828338623,,,,,,,,,,,,,,,,,,,,,,,,,,,,,,,,,,,
,0.00028144600200657956,,1000,,,,,,,,,,,,,,,,,,,,,,,,,,,,,,,,,,,,,,,,,,,,,
4,,,1004,,,,,,,,1.9630677700042725,,,,,,,,,,,,,,,,,,,,,,,,,,,,,,,,,,,,,
4,,,1009,,,,,,,,1.9574540853500366,,,,,,,,,,,,,,,,,,,,,,,,,,,,,,,,,,,,,
4,,,1014,,,,,,,,1.9953781366348267,,,,,,,,,,,,,,,,,,,,,,,,,,,,,,,,,,,,,
4,,,1019,,,,,,,,2.0757946968078613,,,,,,,,,,,,,,,,,,,,,,,,,,,,,,,,,,,,,
4,,,1024,,,,,,,,1.9697716236114502,,,,,,,,,,,,,,,,,,,,,,,,,,,,,,,,,,,,,
4,,,1029,,,,,,,,1.9607915878295898,,,,,,,,,,,,,,,,,,,,,,,,,,,,,,,,,,,,,
4,,,1034,,,,,,,,1.9601997137069702,,,,,,,,,,,,,,,,,,,,,,,,,,,,,,,,,,,,,
4,,,1039,,,,,,,,1.9806926250457764,,,,,,,,,,,,,,,,,,,,,,,,,,,,,,,,,,,,,
4,,,1044,,,,,,,,2.0504860877990723,,,,,,,,,,,,,,,,,,,,,,,,,,,,,,,,,,,,,
4,,,1049,,,,,,,,1.9608840942382812,,,,,,,,,,,,,,,,,,,,,,,,,,,,,,,,,,,,,
4,,,1054,,,,,,,,1.9564459323883057,,,,,,,,,,,,,,,,,,,,,,,,,,,,,,,,,,,,,
4,,,1059,,,,,,,,1.974029302597046,,,,,,,,,,,,,,,,,,,,,,,,,,,,,,,,,,,,,
4,,,1064,,,,,,,,1.9659227132797241,,,,,,,,,,,,,,,,,,,,,,,,,,,,,,,,,,,,,
4,,,1069,,,,,,,,2.000936269760132,,,,,,,,,,,,,,,,,,,,,,,,,,,,,,,,,,,,,
4,,,1074,,,,,,,,1.9858474731445312,,,,,,,,,,,,,,,,,,,,,,,,,,,,,,,,,,,,,
4,,,1079,,,,,,,,1.9617022275924683,,,,,,,,,,,,,,,,,,,,,,,,,,,,,,,,,,,,,
4,,,1084,,,,,,,,1.9607664346694946,,,,,,,,,,,,,,,,,,,,,,,,,,,,,,,,,,,,,
4,,,1089,,,,,,,,1.9657280445098877,,,,,,,,,,,,,,,,,,,,,,,,,,,,,,,,,,,,,
4,,,1094,,,,,,,,1.9971661567687988,,,,,,,,,,,,,,,,,,,,,,,,,,,,,,,,,,,,,
4,,,1099,,,,,,,,1.968300700187683,,,,,,,,,,,,,,,,,,,,,,,,,,,,,,,,,,,,,
4,,,1104,,,,,,,,2.0027809143066406,,,,,,,,,,,,,,,,,,,,,,,,,,,,,,,,,,,,,
4,,,1109,,,,,,,,1.955119013786316,,,,,,,,,,,,,,,,,,,,,,,,,,,,,,,,,,,,,
4,,,1114,,,,,,,,1.9602781534194946,,,,,,,,,,,,,,,,,,,,,,,,,,,,,,,,,,,,,
4,,,1119,,,,,,,,2.063117504119873,,,,,,,,,,,,,,,,,,,,,,,,,,,,,,,,,,,,,
4,,,1124,,,,,,,,1.972823143005371,,,,,,,,,,,,,,,,,,,,,,,,,,,,,,,,,,,,,
4,,,1129,,,,,,,,2.0690701007843018,,,,,,,,,,,,,,,,,,,,,,,,,,,,,,,,,,,,,
4,,,1134,,,,,,,,1.9783821105957031,,,,,,,,,,,,,,,,,,,,,,,,,,,,,,,,,,,,,
4,,,1139,,,,,,,,1.9887003898620605,,,,,,,,,,,,,,,,,,,,,,,,,,,,,,,,,,,,,
4,,,1144,,,,,,,,1.9806599617004395,,,,,,,,,,,,,,,,,,,,,,,,,,,,,,,,,,,,,
4,,,1149,,,,,,,,2.007802724838257,,,,,,,,,,,,,,,,,,,,,,,,,,,,,,,,,,,,,
4,,,1154,,,,,,,,1.9591095447540283,,,,,,,,,,,,,,,,,,,,,,,,,,,,,,,,,,,,,
4,,,1159,,,,,,,,2.0087130069732666,,,,,,,,,,,,,,,,,,,,,,,,,,,,,,,,,,,,,
4,,,1164,,,,,,,,1.9623643159866333,,,,,,,,,,,,,,,,,,,,,,,,,,,,,,,,,,,,,
4,,,1169,,,,,,,,1.9793550968170166,,,,,,,,,,,,,,,,,,,,,,,,,,,,,,,,,,,,,
4,,,1174,,,,,,,,1.9582843780517578,,,,,,,,,,,,,,,,,,,,,,,,,,,,,,,,,,,,,
4,,,1179,,,,,,,,1.9584232568740845,,,,,,,,,,,,,,,,,,,,,,,,,,,,,,,,,,,,,
4,,,1184,,,,,,,,1.9763083457946777,,,,,,,,,,,,,,,,,,,,,,,,,,,,,,,,,,,,,
4,,,1189,,,,,,,,2.114511489868164,,,,,,,,,,,,,,,,,,,,,,,,,,,,,,,,,,,,,
4,,,1194,,,,,,,,1.9528019428253174,,,,,,,,,,,,,,,,,,,,,,,,,,,,,,,,,,,,,
4,,,1199,,,,,,,,1.9583733081817627,,,,,,,,,,,,,,,,,,,,,,,,,,,,,,,,,,,,,
4,,,1204,,,,,,,,1.9909863471984863,,,,,,,,,,,,,,,,,,,,,,,,,,,,,,,,,,,,,
4,,,1209,,,,,,,,1.963965654373169,,,,,,,,,,,,,,,,,,,,,,,,,,,,,,,,,,,,,
4,,,1214,,,,,,,,2.0049514770507812,,,,,,,,,,,,,,,,,,,,,,,,,,,,,,,,,,,,,
4,,,1219,,,,,,,,2.0420279502868652,,,,,,,,,,,,,,,,,,,,,,,,,,,,,,,,,,,,,
4,,,1224,,,,,,,,2.0186026096343994,,,,,,,,,,,,,,,,,,,,,,,,,,,,,,,,,,,,,
4,,,1229,,,,,,,,1.9899424314498901,,,,,,,,,,,,,,,,,,,,,,,,,,,,,,,,,,,,,
4,,,1234,,,,,,,,2.040693521499634,,,,,,,,,,,,,,,,,,,,,,,,,,,,,,,,,,,,,
4,,,1239,,,,,,,,1.9863793849945068,,,,,,,,,,,,,,,,,,,,,,,,,,,,,,,,,,,,,
4,,,1244,,,,,,,,1.9678690433502197,,,,,,,,,,,,,,,,,,,,,,,,,,,,,,,,,,,,,
4,,,1249,,,,,,,,2.2861084938049316,,,,,,,,,,,,,,,,,,,,,,,,,,,,,,,,,,,,,
4,,,1249,,,,,,,,,,,0.11913145333528519,0.002931085182353854,0.6748046875,1.349609375,53.0732421875,0.6748046875,271790.65625,1.5103727579116821,1.5103727579116821,,1.0,0.5644607543945312,53.0732421875,0.6748046875,0.9297894239425659,0.04375836253166199,22118.0,0.0017252995166927576,0.0025567389093339443,0.37053316831588745,0.5490968823432922,0.0050897784531116486,1475.0,0.01573754847049713,0.02332163415849209,0.23870772123336792,0.35374340415000916,0.013081096112728119,7373.0,0.004479097668081522,0.006637620739638805,0.301792174577713,0.44722890853881836,0.015220890752971172,0.00035992596531286836
4,,60.0,1249,264972.90625,1.5298928022384644,1.5336347818374634,,1.992600917816162,1.5336347818374634,1.0,,0.5597695112228394,0.9125000238418579,,,,,,,,,,,,,,,,,,,,,,,,,,,,,,,,,,,
,0.00027135254915624217,,1250,,,,,,,,,,,,,,,,,,,,,,,,,,,,,,,,,,,,,,,,,,,,,
5,,,1254,,,,,,,,1.846189260482788,,,,,,,,,,,,,,,,,,,,,,,,,,,,,,,,,,,,,
5,,,1259,,,,,,,,1.8259938955307007,,,,,,,,,,,,,,,,,,,,,,,,,,,,,,,,,,,,,
5,,,1264,,,,,,,,1.8113031387329102,,,,,,,,,,,,,,,,,,,,,,,,,,,,,,,,,,,,,
5,,,1269,,,,,,,,1.794650912284851,,,,,,,,,,,,,,,,,,,,,,,,,,,,,,,,,,,,,
5,,,1274,,,,,,,,1.794836163520813,,,,,,,,,,,,,,,,,,,,,,,,,,,,,,,,,,,,,
5,,,1279,,,,,,,,1.8293800354003906,,,,,,,,,,,,,,,,,,,,,,,,,,,,,,,,,,,,,
5,,,1284,,,,,,,,1.810874581336975,,,,,,,,,,,,,,,,,,,,,,,,,,,,,,,,,,,,,
5,,,1289,,,,,,,,1.8837546110153198,,,,,,,,,,,,,,,,,,,,,,,,,,,,,,,,,,,,,
5,,,1294,,,,,,,,1.901945948600769,,,,,,,,,,,,,,,,,,,,,,,,,,,,,,,,,,,,,
5,,,1299,,,,,,,,1.8361690044403076,,,,,,,,,,,,,,,,,,,,,,,,,,,,,,,,,,,,,
5,,,1304,,,,,,,,1.9486709833145142,,,,,,,,,,,,,,,,,,,,,,,,,,,,,,,,,,,,,
5,,,1309,,,,,,,,1.8123667240142822,,,,,,,,,,,,,,,,,,,,,,,,,,,,,,,,,,,,,
5,,,1314,,,,,,,,1.8076553344726562,,,,,,,,,,,,,,,,,,,,,,,,,,,,,,,,,,,,,
5,,,1319,,,,,,,,2.0063469409942627,,,,,,,,,,,,,,,,,,,,,,,,,,,,,,,,,,,,,
5,,,1324,,,,,,,,1.798916220664978,,,,,,,,,,,,,,,,,,,,,,,,,,,,,,,,,,,,,
5,,,1329,,,,,,,,1.7880148887634277,,,,,,,,,,,,,,,,,,,,,,,,,,,,,,,,,,,,,
5,,,1334,,,,,,,,1.8431646823883057,,,,,,,,,,,,,,,,,,,,,,,,,,,,,,,,,,,,,
5,,,1339,,,,,,,,1.790083408355713,,,,,,,,,,,,,,,,,,,,,,,,,,,,,,,,,,,,,
5,,,1344,,,,,,,,1.8143352270126343,,,,,,,,,,,,,,,,,,,,,,,,,,,,,,,,,,,,,
5,,,1349,,,,,,,,1.8454633951187134,,,,,,,,,,,,,,,,,,,,,,,,,,,,,,,,,,,,,
5,,,1354,,,,,,,,1.8105438947677612,,,,,,,,,,,,,,,,,,,,,,,,,,,,,,,,,,,,,
5,,,1359,,,,,,,,1.7885209321975708,,,,,,,,,,,,,,,,,,,,,,,,,,,,,,,,,,,,,
5,,,1364,,,,,,,,1.8598453998565674,,,,,,,,,,,,,,,,,,,,,,,,,,,,,,,,,,,,,
5,,,1369,,,,,,,,1.868160605430603,,,,,,,,,,,,,,,,,,,,,,,,,,,,,,,,,,,,,
5,,,1374,,,,,,,,1.8259981870651245,,,,,,,,,,,,,,,,,,,,,,,,,,,,,,,,,,,,,
5,,,1379,,,,,,,,1.8493305444717407,,,,,,,,,,,,,,,,,,,,,,,,,,,,,,,,,,,,,
5,,,1384,,,,,,,,1.8031237125396729,,,,,,,,,,,,,,,,,,,,,,,,,,,,,,,,,,,,,
5,,,1389,,,,,,,,1.7971529960632324,,,,,,,,,,,,,,,,,,,,,,,,,,,,,,,,,,,,,
5,,,1394,,,,,,,,1.7963426113128662,,,,,,,,,,,,,,,,,,,,,,,,,,,,,,,,,,,,,
5,,,1399,,,,,,,,1.8572520017623901,,,,,,,,,,,,,,,,,,,,,,,,,,,,,,,,,,,,,
5,,,1404,,,,,,,,1.825209379196167,,,,,,,,,,,,,,,,,,,,,,,,,,,,,,,,,,,,,
5,,,1409,,,,,,,,1.8081731796264648,,,,,,,,,,,,,,,,,,,,,,,,,,,,,,,,,,,,,
5,,,1414,,,,,,,,1.7922799587249756,,,,,,,,,,,,,,,,,,,,,,,,,,,,,,,,,,,,,
5,,,1419,,,,,,,,1.7988934516906738,,,,,,,,,,,,,,,,,,,,,,,,,,,,,,,,,,,,,
5,,,1424,,,,,,,,1.840158462524414,,,,,,,,,,,,,,,,,,,,,,,,,,,,,,,,,,,,,
5,,,1429,,,,,,,,1.8150286674499512,,,,,,,,,,,,,,,,,,,,,,,,,,,,,,,,,,,,,
5,,,1434,,,,,,,,1.8292820453643799,,,,,,,,,,,,,,,,,,,,,,,,,,,,,,,,,,,,,
5,,,1439,,,,,,,,1.880662202835083,,,,,,,,,,,,,,,,,,,,,,,,,,,,,,,,,,,,,
5,,,1444,,,,,,,,1.7972590923309326,,,,,,,,,,,,,,,,,,,,,,,,,,,,,,,,,,,,,
5,,,1449,,,,,,,,1.8471945524215698,,,,,,,,,,,,,,,,,,,,,,,,,,,,,,,,,,,,,
5,,,1454,,,,,,,,1.8318222761154175,,,,,,,,,,,,,,,,,,,,,,,,,,,,,,,,,,,,,
5,,,1459,,,,,,,,1.7944371700286865,,,,,,,,,,,,,,,,,,,,,,,,,,,,,,,,,,,,,
5,,,1464,,,,,,,,1.7907791137695312,,,,,,,,,,,,,,,,,,,,,,,,,,,,,,,,,,,,,
5,,,1469,,,,,,,,1.8232134580612183,,,,,,,,,,,,,,,,,,,,,,,,,,,,,,,,,,,,,
5,,,1474,,,,,,,,1.8213586807250977,,,,,,,,,,,,,,,,,,,,,,,,,,,,,,,,,,,,,
5,,,1479,,,,,,,,1.7854671478271484,,,,,,,,,,,,,,,,,,,,,,,,,,,,,,,,,,,,,
5,,,1484,,,,,,,,1.7893555164337158,,,,,,,,,,,,,,,,,,,,,,,,,,,,,,,,,,,,,
5,,,1489,,,,,,,,1.789538860321045,,,,,,,,,,,,,,,,,,,,,,,,,,,,,,,,,,,,,
5,,,1494,,,,,,,,1.990663766860962,,,,,,,,,,,,,,,,,,,,,,,,,,,,,,,,,,,,,
5,,,1499,,,,,,,,1.8154773712158203,,,,,,,,,,,,,,,,,,,,,,,,,,,,,,,,,,,,,
5,,,1499,,,,,,,,,,,0.15076833963394165,0.0029942502733319998,0.6748046875,1.349609375,53.0732421875,0.6748046875,271790.65625,1.3818345069885254,1.3818345069885254,,1.0,0.5079078674316406,53.0732421875,0.6748046875,0.9322494268417358,0.044423073530197144,22118.0,0.0017490534810349345,0.002591940341517329,0.38214120268821716,0.5662989616394043,0.00516026234254241,1475.0,0.015982521697878838,0.023684661835432053,0.24098187685012817,0.3571135103702545,0.013201497495174408,7373.0,0.004519627895206213,0.006697682663798332,0.30776578187942505,0.4560812711715698,0.015425195917487144,0.00035992596531286836
5,,50.0,1499,264691.03125,1.401261329650879,1.4038454294204712,,1.8242237567901611,1.4038454294204712,1.0,,0.5157597661018372,0.9125000238418579,,,,,,,,,,,,,,,,,,,,,,,,,,,,,,,,,,,
,0.0002593452941132118,,1500,,,,,,,,,,,,,,,,,,,,,,,,,,,,,,,,,,,,,,,,,,,,,
6,,,1504,,,,,,,,1.607367753982544,,,,,,,,,,,,,,,,,,,,,,,,,,,,,,,,,,,,,
6,,,1509,,,,,,,,1.6678743362426758,,,,,,,,,,,,,,,,,,,,,,,,,,,,,,,,,,,,,
6,,,1514,,,,,,,,1.6423958539962769,,,,,,,,,,,,,,,,,,,,,,,,,,,,,,,,,,,,,
6,,,1519,,,,,,,,1.6287646293640137,,,,,,,,,,,,,,,,,,,,,,,,,,,,,,,,,,,,,
6,,,1524,,,,,,,,1.6017779111862183,,,,,,,,,,,,,,,,,,,,,,,,,,,,,,,,,,,,,
6,,,1529,,,,,,,,1.6322312355041504,,,,,,,,,,,,,,,,,,,,,,,,,,,,,,,,,,,,,
6,,,1534,,,,,,,,1.6079857349395752,,,,,,,,,,,,,,,,,,,,,,,,,,,,,,,,,,,,,
6,,,1539,,,,,,,,1.5925780534744263,,,,,,,,,,,,,,,,,,,,,,,,,,,,,,,,,,,,,
6,,,1544,,,,,,,,1.5945664644241333,,,,,,,,,,,,,,,,,,,,,,,,,,,,,,,,,,,,,
6,,,1549,,,,,,,,1.6337523460388184,,,,,,,,,,,,,,,,,,,,,,,,,,,,,,,,,,,,,
6,,,1554,,,,,,,,1.6104810237884521,,,,,,,,,,,,,,,,,,,,,,,,,,,,,,,,,,,,,
6,,,1559,,,,,,,,1.6186425685882568,,,,,,,,,,,,,,,,,,,,,,,,,,,,,,,,,,,,,
6,,,1564,,,,,,,,1.6101512908935547,,,,,,,,,,,,,,,,,,,,,,,,,,,,,,,,,,,,,
6,,,1569,,,,,,,,1.600256085395813,,,,,,,,,,,,,,,,,,,,,,,,,,,,,,,,,,,,,
6,,,1574,,,,,,,,1.6571184396743774,,,,,,,,,,,,,,,,,,,,,,,,,,,,,,,,,,,,,
6,,,1579,,,,,,,,1.611924171447754,,,,,,,,,,,,,,,,,,,,,,,,,,,,,,,,,,,,,
6,,,1584,,,,,,,,1.6030173301696777,,,,,,,,,,,,,,,,,,,,,,,,,,,,,,,,,,,,,
6,,,1589,,,,,,,,1.6090636253356934,,,,,,,,,,,,,,,,,,,,,,,,,,,,,,,,,,,,,
6,,,1594,,,,,,,,1.6274363994598389,,,,,,,,,,,,,,,,,,,,,,,,,,,,,,,,,,,,,
6,,,1599,,,,,,,,1.6026091575622559,,,,,,,,,,,,,,,,,,,,,,,,,,,,,,,,,,,,,
6,,,1604,,,,,,,,1.651371955871582,,,,,,,,,,,,,,,,,,,,,,,,,,,,,,,,,,,,,
6,,,1609,,,,,,,,1.5973256826400757,,,,,,,,,,,,,,,,,,,,,,,,,,,,,,,,,,,,,
6,,,1614,,,,,,,,1.6448545455932617,,,,,,,,,,,,,,,,,,,,,,,,,,,,,,,,,,,,,
6,,,1619,,,,,,,,1.669653296470642,,,,,,,,,,,,,,,,,,,,,,,,,,,,,,,,,,,,,
6,,,1624,,,,,,,,1.6595308780670166,,,,,,,,,,,,,,,,,,,,,,,,,,,,,,,,,,,,,
6,,,1629,,,,,,,,1.6214357614517212,,,,,,,,,,,,,,,,,,,,,,,,,,,,,,,,,,,,,
6,,,1634,,,,,,,,1.6109378337860107,,,,,,,,,,,,,,,,,,,,,,,,,,,,,,,,,,,,,
6,,,1639,,,,,,,,1.61165452003479,,,,,,,,,,,,,,,,,,,,,,,,,,,,,,,,,,,,,
6,,,1644,,,,,,,,1.6778278350830078,,,,,,,,,,,,,,,,,,,,,,,,,,,,,,,,,,,,,
6,,,1649,,,,,,,,1.6000394821166992,,,,,,,,,,,,,,,,,,,,,,,,,,,,,,,,,,,,,
6,,,1654,,,,,,,,1.7404930591583252,,,,,,,,,,,,,,,,,,,,,,,,,,,,,,,,,,,,,
6,,,1659,,,,,,,,1.6512264013290405,,,,,,,,,,,,,,,,,,,,,,,,,,,,,,,,,,,,,
6,,,1664,,,,,,,,1.596294641494751,,,,,,,,,,,,,,,,,,,,,,,,,,,,,,,,,,,,,
6,,,1669,,,,,,,,1.6989235877990723,,,,,,,,,,,,,,,,,,,,,,,,,,,,,,,,,,,,,
6,,,1674,,,,,,,,1.5921733379364014,,,,,,,,,,,,,,,,,,,,,,,,,,,,,,,,,,,,,
6,,,1679,,,,,,,,1.5987037420272827,,,,,,,,,,,,,,,,,,,,,,,,,,,,,,,,,,,,,
6,,,1684,,,,,,,,1.6252610683441162,,,,,,,,,,,,,,,,,,,,,,,,,,,,,,,,,,,,,
6,,,1689,,,,,,,,1.6308213472366333,,,,,,,,,,,,,,,,,,,,,,,,,,,,,,,,,,,,,
6,,,1694,,,,,,,,1.6507337093353271,,,,,,,,,,,,,,,,,,,,,,,,,,,,,,,,,,,,,
6,,,1699,,,,,,,,1.7426921129226685,,,,,,,,,,,,,,,,,,,,,,,,,,,,,,,,,,,,,
6,,,1704,,,,,,,,1.615324854850769,,,,,,,,,,,,,,,,,,,,,,,,,,,,,,,,,,,,,
6,,,1709,,,,,,,,1.6700100898742676,,,,,,,,,,,,,,,,,,,,,,,,,,,,,,,,,,,,,
6,,,1714,,,,,,,,1.6453601121902466,,,,,,,,,,,,,,,,,,,,,,,,,,,,,,,,,,,,,
6,,,1719,,,,,,,,1.6922627687454224,,,,,,,,,,,,,,,,,,,,,,,,,,,,,,,,,,,,,
6,,,1724,,,,,,,,1.6138774156570435,,,,,,,,,,,,,,,,,,,,,,,,,,,,,,,,,,,,,
6,,,1729,,,,,,,,1.6199672222137451,,,,,,,,,,,,,,,,,,,,,,,,,,,,,,,,,,,,,
6,,,1734,,,,,,,,1.6122698783874512,,,,,,,,,,,,,,,,,,,,,,,,,,,,,,,,,,,,,
6,,,1739,,,,,,,,1.6539922952651978,,,,,,,,,,,,,,,,,,,,,,,,,,,,,,,,,,,,,
6,,,1744,,,,,,,,1.6160058975219727,,,,,,,,,,,,,,,,,,,,,,,,,,,,,,,,,,,,,
6,,,1749,,,,,,,,1.5925300121307373,,,,,,,,,,,,,,,,,,,,,,,,,,,,,,,,,,,,,
6,,,1749,,,,,,,,,,,0.15178470313549042,0.003028939012438059,0.6748046875,1.349609375,53.0732421875,0.6748046875,271790.65625,1.2336677312850952,1.2336677312850952,,1.0,0.4538078308105469,53.0732421875,0.6748046875,0.9311398267745972,0.044326070696115494,22118.0,0.0017604883760213852,0.002608885755762458,0.39276382327079773,0.5820407271385193,0.005194488447159529,1475.0,0.01592293381690979,0.02359635941684246,0.24621076881885529,0.36486226320266724,0.013239963911473751,7373.0,0.004531548358500004,0.006715347990393639,0.3145642876625061,0.4661560356616974,0.015434447675943375,0.00035992596531286836
6,,40.0,1749,263230.3125,1.2512929439544678,1.2544128894805908,,1.6298017501831055,1.2544128894805908,1.0,,0.4607578217983246,0.9194999933242798,,,,,,,,,,,,,,,,,,,,,,,,,,,,,,,,,,,
,0.00024561359846230347,,1750,,,,,,,,,,,,,,,,,,,,,,,,,,,,,,,,,,,,,,,,,,,,,
7,,,1754,,,,,,,,1.435260534286499,,,,,,,,,,,,,,,,,,,,,,,,,,,,,,,,,,,,,
7,,,1759,,,,,,,,1.3731310367584229,,,,,,,,,,,,,,,,,,,,,,,,,,,,,,,,,,,,,
7,,,1764,,,,,,,,1.3758599758148193,,,,,,,,,,,,,,,,,,,,,,,,,,,,,,,,,,,,,
7,,,1769,,,,,,,,1.471912145614624,,,,,,,,,,,,,,,,,,,,,,,,,,,,,,,,,,,,,
7,,,1774,,,,,,,,1.3915793895721436,,,,,,,,,,,,,,,,,,,,,,,,,,,,,,,,,,,,,
7,,,1779,,,,,,,,1.3848681449890137,,,,,,,,,,,,,,,,,,,,,,,,,,,,,,,,,,,,,
7,,,1784,,,,,,,,1.4476953744888306,,,,,,,,,,,,,,,,,,,,,,,,,,,,,,,,,,,,,
7,,,1789,,,,,,,,1.3921259641647339,,,,,,,,,,,,,,,,,,,,,,,,,,,,,,,,,,,,,
7,,,1794,,,,,,,,1.3787823915481567,,,,,,,,,,,,,,,,,,,,,,,,,,,,,,,,,,,,,
7,,,1799,,,,,,,,1.4954288005828857,,,,,,,,,,,,,,,,,,,,,,,,,,,,,,,,,,,,,
7,,,1804,,,,,,,,1.382826566696167,,,,,,,,,,,,,,,,,,,,,,,,,,,,,,,,,,,,,
7,,,1809,,,,,,,,1.384911298751831,,,,,,,,,,,,,,,,,,,,,,,,,,,,,,,,,,,,,
7,,,1814,,,,,,,,1.375245213508606,,,,,,,,,,,,,,,,,,,,,,,,,,,,,,,,,,,,,
7,,,1819,,,,,,,,1.4154937267303467,,,,,,,,,,,,,,,,,,,,,,,,,,,,,,,,,,,,,
7,,,1824,,,,,,,,1.3729500770568848,,,,,,,,,,,,,,,,,,,,,,,,,,,,,,,,,,,,,
7,,,1829,,,,,,,,1.3702876567840576,,,,,,,,,,,,,,,,,,,,,,,,,,,,,,,,,,,,,
7,,,1834,,,,,,,,1.3648802042007446,,,,,,,,,,,,,,,,,,,,,,,,,,,,,,,,,,,,,
7,,,1839,,,,,,,,1.403552770614624,,,,,,,,,,,,,,,,,,,,,,,,,,,,,,,,,,,,,
7,,,1844,,,,,,,,1.3667411804199219,,,,,,,,,,,,,,,,,,,,,,,,,,,,,,,,,,,,,
7,,,1849,,,,,,,,1.3920278549194336,,,,,,,,,,,,,,,,,,,,,,,,,,,,,,,,,,,,,
7,,,1854,,,,,,,,1.364798903465271,,,,,,,,,,,,,,,,,,,,,,,,,,,,,,,,,,,,,
7,,,1859,,,,,,,,1.3769583702087402,,,,,,,,,,,,,,,,,,,,,,,,,,,,,,,,,,,,,
7,,,1864,,,,,,,,1.3806228637695312,,,,,,,,,,,,,,,,,,,,,,,,,,,,,,,,,,,,,
7,,,1869,,,,,,,,1.3651007413864136,,,,,,,,,,,,,,,,,,,,,,,,,,,,,,,,,,,,,
7,,,1874,,,,,,,,1.366698145866394,,,,,,,,,,,,,,,,,,,,,,,,,,,,,,,,,,,,,
7,,,1879,,,,,,,,1.3808966875076294,,,,,,,,,,,,,,,,,,,,,,,,,,,,,,,,,,,,,
7,,,1884,,,,,,,,1.4195059537887573,,,,,,,,,,,,,,,,,,,,,,,,,,,,,,,,,,,,,
7,,,1889,,,,,,,,1.4376589059829712,,,,,,,,,,,,,,,,,,,,,,,,,,,,,,,,,,,,,
7,,,1894,,,,,,,,1.4138909578323364,,,,,,,,,,,,,,,,,,,,,,,,,,,,,,,,,,,,,
7,,,1899,,,,,,,,1.3673732280731201,,,,,,,,,,,,,,,,,,,,,,,,,,,,,,,,,,,,,
7,,,1904,,,,,,,,1.7016966342926025,,,,,,,,,,,,,,,,,,,,,,,,,,,,,,,,,,,,,
7,,,1909,,,,,,,,1.408017873764038,,,,,,,,,,,,,,,,,,,,,,,,,,,,,,,,,,,,,
7,,,1914,,,,,,,,1.5253585577011108,,,,,,,,,,,,,,,,,,,,,,,,,,,,,,,,,,,,,
7,,,1919,,,,,,,,1.368310570716858,,,,,,,,,,,,,,,,,,,,,,,,,,,,,,,,,,,,,
7,,,1924,,,,,,,,1.428701639175415,,,,,,,,,,,,,,,,,,,,,,,,,,,,,,,,,,,,,
7,,,1929,,,,,,,,1.3886899948120117,,,,,,,,,,,,,,,,,,,,,,,,,,,,,,,,,,,,,
7,,,1934,,,,,,,,1.375244379043579,,,,,,,,,,,,,,,,,,,,,,,,,,,,,,,,,,,,,
7,,,1939,,,,,,,,1.3659664392471313,,,,,,,,,,,,,,,,,,,,,,,,,,,,,,,,,,,,,
7,,,1944,,,,,,,,1.388427972793579,,,,,,,,,,,,,,,,,,,,,,,,,,,,,,,,,,,,,
7,,,1949,,,,,,,,1.3951575756072998,,,,,,,,,,,,,,,,,,,,,,,,,,,,,,,,,,,,,
7,,,1954,,,,,,,,1.4090306758880615,,,,,,,,,,,,,,,,,,,,,,,,,,,,,,,,,,,,,
7,,,1959,,,,,,,,1.410722255706787,,,,,,,,,,,,,,,,,,,,,,,,,,,,,,,,,,,,,
7,,,1964,,,,,,,,1.3826245069503784,,,,,,,,,,,,,,,,,,,,,,,,,,,,,,,,,,,,,
7,,,1969,,,,,,,,1.3720059394836426,,,,,,,,,,,,,,,,,,,,,,,,,,,,,,,,,,,,,
7,,,1974,,,,,,,,1.377457857131958,,,,,,,,,,,,,,,,,,,,,,,,,,,,,,,,,,,,,
7,,,1979,,,,,,,,1.5009217262268066,,,,,,,,,,,,,,,,,,,,,,,,,,,,,,,,,,,,,
7,,,1984,,,,,,,,1.3945097923278809,,,,,,,,,,,,,,,,,,,,,,,,,,,,,,,,,,,,,
7,,,1989,,,,,,,,1.381677269935608,,,,,,,,,,,,,,,,,,,,,,,,,,,,,,,,,,,,,
7,,,1994,,,,,,,,1.4157943725585938,,,,,,,,,,,,,,,,,,,,,,,,,,,,,,,,,,,,,
7,,,1999,,,,,,,,1.364341378211975,,,,,,,,,,,,,,,,,,,,,,,,,,,,,,,,,,,,,
7,,,1999,,,,,,,,,,,0.17184209823608398,0.0029548844322562218,0.6748046875,1.349609375,53.0732421875,0.6748046875,271790.65625,1.057174801826477,1.057174801826477,,1.0,0.3848228454589844,53.0732421875,0.6748046875,0.9066685438156128,0.0447189062833786,22118.0,0.0017316134180873632,0.0025660956744104624,0.385810911655426,0.5717371106147766,0.005109259858727455,1475.0,0.016062632203102112,0.023803379386663437,0.24873268604278564,0.3685995042324066,0.01317144650965929,7373.0,0.004507310688495636,0.0066794296726584435,0.31677544116973877,0.4694327712059021,0.015449845232069492,0.00035992596531286836
7,,30.0,1999,264523.8125,1.0734857320785522,1.0764340162277222,,1.3984793424606323,1.0764340162277222,1.0,,0.39293360710144043,0.9259999990463257,,,,,,,,,,,,,,,,,,,,,,,,,,,,,,,,,,,
,0.0002303740192468495,,2000,,,,,,,,,,,,,,,,,,,,,,,,,,,,,,,,,,,,,,,,,,,,,
8,,,2004,,,,,,,,1.1089751720428467,,,,,,,,,,,,,,,,,,,,,,,,,,,,,,,,,,,,,
8,,,2009,,,,,,,,1.0955249071121216,,,,,,,,,,,,,,,,,,,,,,,,,,,,,,,,,,,,,
8,,,2014,,,,,,,,1.0857977867126465,,,,,,,,,,,,,,,,,,,,,,,,,,,,,,,,,,,,,
8,,,2019,,,,,,,,1.0931446552276611,,,,,,,,,,,,,,,,,,,,,,,,,,,,,,,,,,,,,
8,,,2024,,,,,,,,1.0988436937332153,,,,,,,,,,,,,,,,,,,,,,,,,,,,,,,,,,,,,
8,,,2029,,,,,,,,1.0947363376617432,,,,,,,,,,,,,,,,,,,,,,,,,,,,,,,,,,,,,
8,,,2034,,,,,,,,1.1064144372940063,,,,,,,,,,,,,,,,,,,,,,,,,,,,,,,,,,,,,
8,,,2039,,,,,,,,1.123377799987793,,,,,,,,,,,,,,,,,,,,,,,,,,,,,,,,,,,,,
8,,,2044,,,,,,,,1.080904483795166,,,,,,,,,,,,,,,,,,,,,,,,,,,,,,,,,,,,,
8,,,2049,,,,,,,,1.0943374633789062,,,,,,,,,,,,,,,,,,,,,,,,,,,,,,,,,,,,,
8,,,2054,,,,,,,,1.082830548286438,,,,,,,,,,,,,,,,,,,,,,,,,,,,,,,,,,,,,
8,,,2059,,,,,,,,1.0811928510665894,,,,,,,,,,,,,,,,,,,,,,,,,,,,,,,,,,,,,
8,,,2064,,,,,,,,1.083641767501831,,,,,,,,,,,,,,,,,,,,,,,,,,,,,,,,,,,,,
8,,,2069,,,,,,,,1.1296073198318481,,,,,,,,,,,,,,,,,,,,,,,,,,,,,,,,,,,,,
8,,,2074,,,,,,,,1.0808402299880981,,,,,,,,,,,,,,,,,,,,,,,,,,,,,,,,,,,,,
8,,,2079,,,,,,,,1.119617223739624,,,,,,,,,,,,,,,,,,,,,,,,,,,,,,,,,,,,,
8,,,2084,,,,,,,,1.1295534372329712,,,,,,,,,,,,,,,,,,,,,,,,,,,,,,,,,,,,,
8,,,2089,,,,,,,,1.0950732231140137,,,,,,,,,,,,,,,,,,,,,,,,,,,,,,,,,,,,,
8,,,2094,,,,,,,,1.1611649990081787,,,,,,,,,,,,,,,,,,,,,,,,,,,,,,,,,,,,,
8,,,2099,,,,,,,,1.0821775197982788,,,,,,,,,,,,,,,,,,,,,,,,,,,,,,,,,,,,,
8,,,2104,,,,,,,,1.107682228088379,,,,,,,,,,,,,,,,,,,,,,,,,,,,,,,,,,,,,
8,,,2109,,,,,,,,1.1316510438919067,,,,,,,,,,,,,,,,,,,,,,,,,,,,,,,,,,,,,
8,,,2114,,,,,,,,1.157456874847412,,,,,,,,,,,,,,,,,,,,,,,,,,,,,,,,,,,,,
8,,,2119,,,,,,,,1.1030113697052002,,,,,,,,,,,,,,,,,,,,,,,,,,,,,,,,,,,,,
8,,,2124,,,,,,,,1.0994900465011597,,,,,,,,,,,,,,,,,,,,,,,,,,,,,,,,,,,,,
8,,,2129,,,,,,,,1.1345396041870117,,,,,,,,,,,,,,,,,,,,,,,,,,,,,,,,,,,,,
8,,,2134,,,,,,,,1.0957324504852295,,,,,,,,,,,,,,,,,,,,,,,,,,,,,,,,,,,,,
8,,,2139,,,,,,,,1.0806421041488647,,,,,,,,,,,,,,,,,,,,,,,,,,,,,,,,,,,,,
8,,,2144,,,,,,,,1.083143711090088,,,,,,,,,,,,,,,,,,,,,,,,,,,,,,,,,,,,,
8,,,2149,,,,,,,,1.097865343093872,,,,,,,,,,,,,,,,,,,,,,,,,,,,,,,,,,,,,
8,,,2154,,,,,,,,1.085048794746399,,,,,,,,,,,,,,,,,,,,,,,,,,,,,,,,,,,,,
8,,,2159,,,,,,,,1.0890157222747803,,,,,,,,,,,,,,,,,,,,,,,,,,,,,,,,,,,,,
8,,,2164,,,,,,,,1.0976107120513916,,,,,,,,,,,,,,,,,,,,,,,,,,,,,,,,,,,,,
8,,,2169,,,,,,,,1.0849134922027588,,,,,,,,,,,,,,,,,,,,,,,,,,,,,,,,,,,,,
8,,,2174,,,,,,,,1.091352105140686,,,,,,,,,,,,,,,,,,,,,,,,,,,,,,,,,,,,,
8,,,2179,,,,,,,,1.0862913131713867,,,,,,,,,,,,,,,,,,,,,,,,,,,,,,,,,,,,,
8,,,2184,,,,,,,,1.085356593132019,,,,,,,,,,,,,,,,,,,,,,,,,,,,,,,,,,,,,
8,,,2189,,,,,,,,1.1023728847503662,,,,,,,,,,,,,,,,,,,,,,,,,,,,,,,,,,,,,
8,,,2194,,,,,,,,1.0908641815185547,,,,,,,,,,,,,,,,,,,,,,,,,,,,,,,,,,,,,
8,,,2199,,,,,,,,1.088124394416809,,,,,,,,,,,,,,,,,,,,,,,,,,,,,,,,,,,,,
8,,,2204,,,,,,,,1.1002763509750366,,,,,,,,,,,,,,,,,,,,,,,,,,,,,,,,,,,,,
8,,,2209,,,,,,,,1.1029682159423828,,,,,,,,,,,,,,,,,,,,,,,,,,,,,,,,,,,,,
8,,,2214,,,,,,,,1.101477861404419,,,,,,,,,,,,,,,,,,,,,,,,,,,,,,,,,,,,,
8,,,2219,,,,,,,,1.0839242935180664,,,,,,,,,,,,,,,,,,,,,,,,,,,,,,,,,,,,,
8,,,2224,,,,,,,,1.107008695602417,,,,,,,,,,,,,,,,,,,,,,,,,,,,,,,,,,,,,
8,,,2229,,,,,,,,1.1303067207336426,,,,,,,,,,,,,,,,,,,,,,,,,,,,,,,,,,,,,
8,,,2234,,,,,,,,1.0949398279190063,,,,,,,,,,,,,,,,,,,,,,,,,,,,,,,,,,,,,
8,,,2239,,,,,,,,1.1093461513519287,,,,,,,,,,,,,,,,,,,,,,,,,,,,,,,,,,,,,
8,,,2244,,,,,,,,1.0902400016784668,,,,,,,,,,,,,,,,,,,,,,,,,,,,,,,,,,,,,
8,,,2249,,,,,,,,1.0998965501785278,,,,,,,,,,,,,,,,,,,,,,,,,,,,,,,,,,,,,
8,,,2249,,,,,,,,,,,0.16379384696483612,0.003334984416142106,0.6748046875,1.349609375,53.0732421875,0.6748046875,271790.65625,0.838312566280365,0.838312566280365,,1.0,0.3043708801269531,53.0732421875,0.6748046875,0.9316178560256958,0.045183755457401276,22118.0,0.0017678615404292941,0.0026198120322078466,0.3912169337272644,0.5797483921051025,0.0052160536870360374,1475.0,0.01625860668718815,0.02409379556775093,0.24456243216991425,0.36241957545280457,0.013250011019408703,7373.0,0.004535388201475143,0.006721038371324539,0.3128826916217804,0.46366405487060547,0.01561978179961443,0.00035992596531286836
8,,20.0,2249,265000.59375,0.8532331585884094,0.855512797832489,,1.11148202419281,0.855512797832489,1.0,,0.3038554787635803,0.9190000295639038,,,,,,,,,,,,,,,,,,,,,,,,,,,,,,,,,,,
,0.0002138668937347609,,2250,,,,,,,,,,,,,,,,,,,,,,,,,,,,,,,,,,,,,,,,,,,,,
9,,,2254,,,,,,,,1.102406620979309,,,,,,,,,,,,,,,,,,,,,,,,,,,,,,,,,,,,,
9,,,2259,,,,,,,,1.0845286846160889,,,,,,,,,,,,,,,,,,,,,,,,,,,,,,,,,,,,,
9,,,2264,,,,,,,,1.1111202239990234,,,,,,,,,,,,,,,,,,,,,,,,,,,,,,,,,,,,,
9,,,2269,,,,,,,,1.102772831916809,,,,,,,,,,,,,,,,,,,,,,,,,,,,,,,,,,,,,
9,,,2274,,,,,,,,1.1149349212646484,,,,,,,,,,,,,,,,,,,,,,,,,,,,,,,,,,,,,
9,,,2279,,,,,,,,1.0943992137908936,,,,,,,,,,,,,,,,,,,,,,,,,,,,,,,,,,,,,
9,,,2284,,,,,,,,1.0897612571716309,,,,,,,,,,,,,,,,,,,,,,,,,,,,,,,,,,,,,
9,,,2289,,,,,,,,1.0998343229293823,,,,,,,,,,,,,,,,,,,,,,,,,,,,,,,,,,,,,
9,,,2294,,,,,,,,1.088160753250122,,,,,,,,,,,,,,,,,,,,,,,,,,,,,,,,,,,,,
9,,,2299,,,,,,,,1.1399180889129639,,,,,,,,,,,,,,,,,,,,,,,,,,,,,,,,,,,,,
9,,,2304,,,,,,,,1.0919125080108643,,,,,,,,,,,,,,,,,,,,,,,,,,,,,,,,,,,,,
9,,,2309,,,,,,,,1.0850781202316284,,,,,,,,,,,,,,,,,,,,,,,,,,,,,,,,,,,,,
9,,,2314,,,,,,,,1.1429154872894287,,,,,,,,,,,,,,,,,,,,,,,,,,,,,,,,,,,,,
9,,,2319,,,,,,,,1.1599860191345215,,,,,,,,,,,,,,,,,,,,,,,,,,,,,,,,,,,,,
9,,,2324,,,,,,,,1.088053584098816,,,,,,,,,,,,,,,,,,,,,,,,,,,,,,,,,,,,,
9,,,2329,,,,,,,,1.0870440006256104,,,,,,,,,,,,,,,,,,,,,,,,,,,,,,,,,,,,,
9,,,2334,,,,,,,,1.081739068031311,,,,,,,,,,,,,,,,,,,,,,,,,,,,,,,,,,,,,
9,,,2339,,,,,,,,1.0812066793441772,,,,,,,,,,,,,,,,,,,,,,,,,,,,,,,,,,,,,
9,,,2344,,,,,,,,1.0998066663742065,,,,,,,,,,,,,,,,,,,,,,,,,,,,,,,,,,,,,
9,,,2349,,,,,,,,1.0866268873214722,,,,,,,,,,,,,,,,,,,,,,,,,,,,,,,,,,,,,
9,,,2354,,,,,,,,1.1234045028686523,,,,,,,,,,,,,,,,,,,,,,,,,,,,,,,,,,,,,
9,,,2359,,,,,,,,1.0970231294631958,,,,,,,,,,,,,,,,,,,,,,,,,,,,,,,,,,,,,
9,,,2364,,,,,,,,1.1390140056610107,,,,,,,,,,,,,,,,,,,,,,,,,,,,,,,,,,,,,
9,,,2369,,,,,,,,1.145580530166626,,,,,,,,,,,,,,,,,,,,,,,,,,,,,,,,,,,,,
9,,,2374,,,,,,,,1.1122592687606812,,,,,,,,,,,,,,,,,,,,,,,,,,,,,,,,,,,,,
9,,,2379,,,,,,,,1.0947664976119995,,,,,,,,,,,,,,,,,,,,,,,,,,,,,,,,,,,,,
9,,,2384,,,,,,,,1.2067313194274902,,,,,,,,,,,,,,,,,,,,,,,,,,,,,,,,,,,,,
9,,,2389,,,,,,,,1.0903059244155884,,,,,,,,,,,,,,,,,,,,,,,,,,,,,,,,,,,,,
9,,,2394,,,,,,,,1.0990502834320068,,,,,,,,,,,,,,,,,,,,,,,,,,,,,,,,,,,,,
9,,,2399,,,,,,,,1.1038445234298706,,,,,,,,,,,,,,,,,,,,,,,,,,,,,,,,,,,,,
9,,,2404,,,,,,,,1.093241572380066,,,,,,,,,,,,,,,,,,,,,,,,,,,,,,,,,,,,,
9,,,2409,,,,,,,,1.115289568901062,,,,,,,,,,,,,,,,,,,,,,,,,,,,,,,,,,,,,
9,,,2414,,,,,,,,1.0901422500610352,,,,,,,,,,,,,,,,,,,,,,,,,,,,,,,,,,,,,
9,,,2419,,,,,,,,1.1290009021759033,,,,,,,,,,,,,,,,,,,,,,,,,,,,,,,,,,,,,
9,,,2424,,,,,,,,1.0872722864151,,,,,,,,,,,,,,,,,,,,,,,,,,,,,,,,,,,,,
9,,,2429,,,,,,,,1.102515697479248,,,,,,,,,,,,,,,,,,,,,,,,,,,,,,,,,,,,,
9,,,2434,,,,,,,,1.1158978939056396,,,,,,,,,,,,,,,,,,,,,,,,,,,,,,,,,,,,,
9,,,2439,,,,,,,,1.0806907415390015,,,,,,,,,,,,,,,,,,,,,,,,,,,,,,,,,,,,,
9,,,2444,,,,,,,,1.1168057918548584,,,,,,,,,,,,,,,,,,,,,,,,,,,,,,,,,,,,,
9,,,2449,,,,,,,,1.0928951501846313,,,,,,,,,,,,,,,,,,,,,,,,,,,,,,,,,,,,,
9,,,2454,,,,,,,,1.0937076807022095,,,,,,,,,,,,,,,,,,,,,,,,,,,,,,,,,,,,,
9,,,2459,,,,,,,,1.0808138847351074,,,,,,,,,,,,,,,,,,,,,,,,,,,,,,,,,,,,,
9,,,2464,,,,,,,,1.0846521854400635,,,,,,,,,,,,,,,,,,,,,,,,,,,,,,,,,,,,,
9,,,2469,,,,,,,,1.1473333835601807,,,,,,,,,,,,,,,,,,,,,,,,,,,,,,,,,,,,,
9,,,2474,,,,,,,,1.0975589752197266,,,,,,,,,,,,,,,,,,,,,,,,,,,,,,,,,,,,,
9,,,2479,,,,,,,,1.2064921855926514,,,,,,,,,,,,,,,,,,,,,,,,,,,,,,,,,,,,,
9,,,2484,,,,,,,,1.0815778970718384,,,,,,,,,,,,,,,,,,,,,,,,,,,,,,,,,,,,,
9,,,2489,,,,,,,,1.0955023765563965,,,,,,,,,,,,,,,,,,,,,,,,,,,,,,,,,,,,,
9,,,2494,,,,,,,,1.0872317552566528,,,,,,,,,,,,,,,,,,,,,,,,,,,,,,,,,,,,,
9,,,2499,,,,,,,,1.082977056503296,,,,,,,,,,,,,,,,,,,,,,,,,,,,,,,,,,,,,
9,,,2499,,,,,,,,,,,0.17562225461006165,0.0035137159284204245,0.6748046875,1.349609375,53.0732421875,0.6748046875,271790.65625,0.8378073573112488,0.8378073573112488,,1.0,0.29656219482421875,53.0732421875,0.6748046875,0.9229301810264587,0.04556823894381523,22118.0,0.0018053030362352729,0.0026752969715744257,0.4044000208377838,0.5992845296859741,0.005326814483851194,1475.0,0.01635328307747841,0.024234097450971603,0.25696617364883423,0.3808008134365082,0.013556207530200481,7373.0,0.004638038109987974,0.006873155944049358,0.33073458075523376,0.49011895060539246,0.015843916684389114,0.00035992596531286836
9,,20.0,2499,264382.84375,0.8516073822975159,0.8532740473747253,,1.1087566614151,0.8532740473747253,1.0,,0.3018574118614197,0.9244999885559082,,,,,,,,,,,,,,,,,,,,,,,,,,,,,,,,,,,
,0.0001963525491562421,,2500,,,,,,,,,,,,,,,,,,,,,,,,,,,,,,,,,,,,,,,,,,,,,
10,,,2504,,,,,,,,1.1085808277130127,,,,,,,,,,,,,,,,,,,,,,,,,,,,,,,,,,,,,
10,,,2509,,,,,,,,1.0924556255340576,,,,,,,,,,,,,,,,,,,,,,,,,,,,,,,,,,,,,
10,,,2514,,,,,,,,1.0998104810714722,,,,,,,,,,,,,,,,,,,,,,,,,,,,,,,,,,,,,
10,,,2519,,,,,,,,1.1142758131027222,,,,,,,,,,,,,,,,,,,,,,,,,,,,,,,,,,,,,
10,,,2524,,,,,,,,1.1182060241699219,,,,,,,,,,,,,,,,,,,,,,,,,,,,,,,,,,,,,
10,,,2529,,,,,,,,1.0858263969421387,,,,,,,,,,,,,,,,,,,,,,,,,,,,,,,,,,,,,
10,,,2534,,,,,,,,1.1289407014846802,,,,,,,,,,,,,,,,,,,,,,,,,,,,,,,,,,,,,
10,,,2539,,,,,,,,1.1182489395141602,,,,,,,,,,,,,,,,,,,,,,,,,,,,,,,,,,,,,
10,,,2544,,,,,,,,1.0868393182754517,,,,,,,,,,,,,,,,,,,,,,,,,,,,,,,,,,,,,
10,,,2549,,,,,,,,1.0811823606491089,,,,,,,,,,,,,,,,,,,,,,,,,,,,,,,,,,,,,
10,,,2554,,,,,,,,1.0848819017410278,,,,,,,,,,,,,,,,,,,,,,,,,,,,,,,,,,,,,
10,,,2559,,,,,,,,1.1282188892364502,,,,,,,,,,,,,,,,,,,,,,,,,,,,,,,,,,,,,
10,,,2564,,,,,,,,1.1068121194839478,,,,,,,,,,,,,,,,,,,,,,,,,,,,,,,,,,,,,
10,,,2569,,,,,,,,1.0981320142745972,,,,,,,,,,,,,,,,,,,,,,,,,,,,,,,,,,,,,
10,,,2574,,,,,,,,1.0926623344421387,,,,,,,,,,,,,,,,,,,,,,,,,,,,,,,,,,,,,
10,,,2579,,,,,,,,1.116066813468933,,,,,,,,,,,,,,,,,,,,,,,,,,,,,,,,,,,,,
10,,,2584,,,,,,,,1.0970985889434814,,,,,,,,,,,,,,,,,,,,,,,,,,,,,,,,,,,,,
10,,,2589,,,,,,,,1.1484556198120117,,,,,,,,,,,,,,,,,,,,,,,,,,,,,,,,,,,,,
10,,,2594,,,,,,,,1.0831148624420166,,,,,,,,,,,,,,,,,,,,,,,,,,,,,,,,,,,,,
10,,,2599,,,,,,,,1.084519624710083,,,,,,,,,,,,,,,,,,,,,,,,,,,,,,,,,,,,,
10,,,2604,,,,,,,,1.1047539710998535,,,,,,,,,,,,,,,,,,,,,,,,,,,,,,,,,,,,,
10,,,2609,,,,,,,,1.0826259851455688,,,,,,,,,,,,,,,,,,,,,,,,,,,,,,,,,,,,,
10,,,2614,,,,,,,,1.0881571769714355,,,,,,,,,,,,,,,,,,,,,,,,,,,,,,,,,,,,,
10,,,2619,,,,,,,,1.1321396827697754,,,,,,,,,,,,,,,,,,,,,,,,,,,,,,,,,,,,,
10,,,2624,,,,,,,,1.0914764404296875,,,,,,,,,,,,,,,,,,,,,,,,,,,,,,,,,,,,,
10,,,2629,,,,,,,,1.0974472761154175,,,,,,,,,,,,,,,,,,,,,,,,,,,,,,,,,,,,,
10,,,2634,,,,,,,,1.140841007232666,,,,,,,,,,,,,,,,,,,,,,,,,,,,,,,,,,,,,
10,,,2639,,,,,,,,1.1192444562911987,,,,,,,,,,,,,,,,,,,,,,,,,,,,,,,,,,,,,
10,,,2644,,,,,,,,1.097907304763794,,,,,,,,,,,,,,,,,,,,,,,,,,,,,,,,,,,,,
10,,,2649,,,,,,,,1.10295832157135,,,,,,,,,,,,,,,,,,,,,,,,,,,,,,,,,,,,,
10,,,2654,,,,,,,,1.1088817119598389,,,,,,,,,,,,,,,,,,,,,,,,,,,,,,,,,,,,,
10,,,2659,,,,,,,,1.10369873046875,,,,,,,,,,,,,,,,,,,,,,,,,,,,,,,,,,,,,
10,,,2664,,,,,,,,1.0931544303894043,,,,,,,,,,,,,,,,,,,,,,,,,,,,,,,,,,,,,
10,,,2669,,,,,,,,1.1937346458435059,,,,,,,,,,,,,,,,,,,,,,,,,,,,,,,,,,,,,
10,,,2674,,,,,,,,1.0886728763580322,,,,,,,,,,,,,,,,,,,,,,,,,,,,,,,,,,,,,
10,,,2679,,,,,,,,1.1086957454681396,,,,,,,,,,,,,,,,,,,,,,,,,,,,,,,,,,,,,
10,,,2684,,,,,,,,1.0951745510101318,,,,,,,,,,,,,,,,,,,,,,,,,,,,,,,,,,,,,
10,,,2689,,,,,,,,1.1086807250976562,,,,,,,,,,,,,,,,,,,,,,,,,,,,,,,,,,,,,
10,,,2694,,,,,,,,1.0931329727172852,,,,,,,,,,,,,,,,,,,,,,,,,,,,,,,,,,,,,
10,,,2699,,,,,,,,1.0907710790634155,,,,,,,,,,,,,,,,,,,,,,,,,,,,,,,,,,,,,
10,,,2704,,,,,,,,1.085473656654358,,,,,,,,,,,,,,,,,,,,,,,,,,,,,,,,,,,,,
10,,,2709,,,,,,,,1.1002111434936523,,,,,,,,,,,,,,,,,,,,,,,,,,,,,,,,,,,,,
10,,,2714,,,,,,,,1.0846670866012573,,,,,,,,,,,,,,,,,,,,,,,,,,,,,,,,,,,,,
10,,,2719,,,,,,,,1.1031372547149658,,,,,,,,,,,,,,,,,,,,,,,,,,,,,,,,,,,,,
10,,,2724,,,,,,,,1.1026594638824463,,,,,,,,,,,,,,,,,,,,,,,,,,,,,,,,,,,,,
10,,,2729,,,,,,,,1.1073927879333496,,,,,,,,,,,,,,,,,,,,,,,,,,,,,,,,,,,,,
10,,,2734,,,,,,,,1.1297874450683594,,,,,,,,,,,,,,,,,,,,,,,,,,,,,,,,,,,,,
10,,,2739,,,,,,,,1.0820446014404297,,,,,,,,,,,,,,,,,,,,,,,,,,,,,,,,,,,,,
10,,,2744,,,,,,,,1.0854768753051758,,,,,,,,,,,,,,,,,,,,,,,,,,,,,,,,,,,,,
10,,,2749,,,,,,,,1.087929606437683,,,,,,,,,,,,,,,,,,,,,,,,,,,,,,,,,,,,,
10,,,2749,,,,,,,,,,,0.17958509922027588,0.0040171765722334385,0.6748046875,1.349609375,53.0732421875,0.6748046875,271790.65625,0.8377708196640015,0.8377708196640015,,1.0,0.2932548522949219,53.0732421875,0.6748046875,0.9354637265205383,0.04592686519026756,22118.0,0.001827335450798273,0.0027079470455646515,0.4116372764110565,0.610009491443634,0.005391957703977823,1475.0,0.016488341614603996,0.024434242397546768,0.25742876529693604,0.38148632645606995,0.013645903207361698,7373.0,0.004668768960982561,0.006918696686625481,0.3327038288116455,0.4930371940135956,0.015975123271346092,0.00035992596531286836
10,,20.0,2749,263758.96875,0.8515607714653015,0.8540242910385132,,1.109492301940918,0.8540242910385132,1.0,,0.3018867075443268,0.9304999709129333,,,,,,,,,,,,,,,,,,,,,,,,,,,,,,,,,,,
,0.00017810719718785873,,2750,,,,,,,,,,,,,,,,,,,,,,,,,,,,,,,,,,,,,,,,,,,,,
11,,,2754,,,,,,,,1.0841848850250244,,,,,,,,,,,,,,,,,,,,,,,,,,,,,,,,,,,,,
11,,,2759,,,,,,,,1.092876672744751,,,,,,,,,,,,,,,,,,,,,,,,,,,,,,,,,,,,,
11,,,2764,,,,,,,,1.0905945301055908,,,,,,,,,,,,,,,,,,,,,,,,,,,,,,,,,,,,,
11,,,2769,,,,,,,,1.1783435344696045,,,,,,,,,,,,,,,,,,,,,,,,,,,,,,,,,,,,,
11,,,2774,,,,,,,,1.0935873985290527,,,,,,,,,,,,,,,,,,,,,,,,,,,,,,,,,,,,,
11,,,2779,,,,,,,,1.0816057920455933,,,,,,,,,,,,,,,,,,,,,,,,,,,,,,,,,,,,,
11,,,2784,,,,,,,,1.0922472476959229,,,,,,,,,,,,,,,,,,,,,,,,,,,,,,,,,,,,,
11,,,2789,,,,,,,,1.0867092609405518,,,,,,,,,,,,,,,,,,,,,,,,,,,,,,,,,,,,,
11,,,2794,,,,,,,,1.1108825206756592,,,,,,,,,,,,,,,,,,,,,,,,,,,,,,,,,,,,,
11,,,2799,,,,,,,,1.1077741384506226,,,,,,,,,,,,,,,,,,,,,,,,,,,,,,,,,,,,,
11,,,2804,,,,,,,,1.1181600093841553,,,,,,,,,,,,,,,,,,,,,,,,,,,,,,,,,,,,,
11,,,2809,,,,,,,,1.1643955707550049,,,,,,,,,,,,,,,,,,,,,,,,,,,,,,,,,,,,,
11,,,2814,,,,,,,,1.086038589477539,,,,,,,,,,,,,,,,,,,,,,,,,,,,,,,,,,,,,
11,,,2819,,,,,,,,1.138411521911621,,,,,,,,,,,,,,,,,,,,,,,,,,,,,,,,,,,,,
11,,,2824,,,,,,,,1.0862623453140259,,,,,,,,,,,,,,,,,,,,,,,,,,,,,,,,,,,,,
11,,,2829,,,,,,,,1.1203770637512207,,,,,,,,,,,,,,,,,,,,,,,,,,,,,,,,,,,,,
11,,,2834,,,,,,,,1.1086307764053345,,,,,,,,,,,,,,,,,,,,,,,,,,,,,,,,,,,,,
11,,,2839,,,,,,,,1.0932865142822266,,,,,,,,,,,,,,,,,,,,,,,,,,,,,,,,,,,,,
11,,,2844,,,,,,,,1.1078345775604248,,,,,,,,,,,,,,,,,,,,,,,,,,,,,,,,,,,,,
11,,,2849,,,,,,,,1.0911248922348022,,,,,,,,,,,,,,,,,,,,,,,,,,,,,,,,,,,,,
11,,,2854,,,,,,,,1.2367526292800903,,,,,,,,,,,,,,,,,,,,,,,,,,,,,,,,,,,,,
11,,,2859,,,,,,,,1.0953630208969116,,,,,,,,,,,,,,,,,,,,,,,,,,,,,,,,,,,,,
11,,,2864,,,,,,,,1.0938628911972046,,,,,,,,,,,,,,,,,,,,,,,,,,,,,,,,,,,,,
11,,,2869,,,,,,,,1.0872834920883179,,,,,,,,,,,,,,,,,,,,,,,,,,,,,,,,,,,,,
11,,,2874,,,,,,,,1.1671384572982788,,,,,,,,,,,,,,,,,,,,,,,,,,,,,,,,,,,,,
11,,,2879,,,,,,,,1.091937780380249,,,,,,,,,,,,,,,,,,,,,,,,,,,,,,,,,,,,,
11,,,2884,,,,,,,,1.1282830238342285,,,,,,,,,,,,,,,,,,,,,,,,,,,,,,,,,,,,,
11,,,2889,,,,,,,,1.0895209312438965,,,,,,,,,,,,,,,,,,,,,,,,,,,,,,,,,,,,,
11,,,2894,,,,,,,,1.1292985677719116,,,,,,,,,,,,,,,,,,,,,,,,,,,,,,,,,,,,,
11,,,2899,,,,,,,,1.0870437622070312,,,,,,,,,,,,,,,,,,,,,,,,,,,,,,,,,,,,,
11,,,2904,,,,,,,,1.0894238948822021,,,,,,,,,,,,,,,,,,,,,,,,,,,,,,,,,,,,,
11,,,2909,,,,,,,,1.0972802639007568,,,,,,,,,,,,,,,,,,,,,,,,,,,,,,,,,,,,,
11,,,2914,,,,,,,,1.096341848373413,,,,,,,,,,,,,,,,,,,,,,,,,,,,,,,,,,,,,
11,,,2919,,,,,,,,1.0856343507766724,,,,,,,,,,,,,,,,,,,,,,,,,,,,,,,,,,,,,
11,,,2924,,,,,,,,1.0955960750579834,,,,,,,,,,,,,,,,,,,,,,,,,,,,,,,,,,,,,
11,,,2929,,,,,,,,1.1384773254394531,,,,,,,,,,,,,,,,,,,,,,,,,,,,,,,,,,,,,
11,,,2934,,,,,,,,1.1891067028045654,,,,,,,,,,,,,,,,,,,,,,,,,,,,,,,,,,,,,
11,,,2939,,,,,,,,1.0809530019760132,,,,,,,,,,,,,,,,,,,,,,,,,,,,,,,,,,,,,
11,,,2944,,,,,,,,1.0883221626281738,,,,,,,,,,,,,,,,,,,,,,,,,,,,,,,,,,,,,
11,,,2949,,,,,,,,1.08236563205719,,,,,,,,,,,,,,,,,,,,,,,,,,,,,,,,,,,,,
11,,,2954,,,,,,,,1.0806317329406738,,,,,,,,,,,,,,,,,,,,,,,,,,,,,,,,,,,,,
11,,,2959,,,,,,,,1.0874955654144287,,,,,,,,,,,,,,,,,,,,,,,,,,,,,,,,,,,,,
11,,,2964,,,,,,,,1.0912086963653564,,,,,,,,,,,,,,,,,,,,,,,,,,,,,,,,,,,,,
11,,,2969,,,,,,,,1.0853691101074219,,,,,,,,,,,,,,,,,,,,,,,,,,,,,,,,,,,,,
11,,,2974,,,,,,,,1.1087708473205566,,,,,,,,,,,,,,,,,,,,,,,,,,,,,,,,,,,,,
11,,,2979,,,,,,,,1.0991697311401367,,,,,,,,,,,,,,,,,,,,,,,,,,,,,,,,,,,,,
11,,,2984,,,,,,,,1.1528207063674927,,,,,,,,,,,,,,,,,,,,,,,,,,,,,,,,,,,,,
11,,,2989,,,,,,,,1.1084773540496826,,,,,,,,,,,,,,,,,,,,,,,,,,,,,,,,,,,,,
11,,,2994,,,,,,,,1.0858659744262695,,,,,,,,,,,,,,,,,,,,,,,,,,,,,,,,,,,,,
11,,,2999,,,,,,,,1.0933475494384766,,,,,,,,,,,,,,,,,,,,,,,,,,,,,,,,,,,,,
11,,,2999,,,,,,,,,,,0.18477360904216766,0.0038319947198033333,0.6748046875,1.349609375,53.0732421875,0.6748046875,271790.65625,0.8377853035926819,0.8377853035926819,,1.0,0.2971611022949219,53.0732421875,0.6748046875,0.9423829317092896,0.04635503888130188,22118.0,0.0018192108254879713,0.0026959071401506662,0.4138888418674469,0.6133460998535156,0.005368218757212162,1475.0,0.01662142015993595,0.024631451815366745,0.2649662494659424,0.39265620708465576,0.013670538552105427,7373.0,0.00467658368870616,0.006930277217179537,0.3364512622356415,0.4985905587673187,0.016056278720498085,0.00035992596531286836
11,,20.0,2999,264978.53125,0.8521078824996948,0.8537418246269226,,1.1093740463256836,0.8537418246269226,1.0,,0.3015722632408142,0.925000011920929,,,,,,,,,,,,,,,,,,,,,,,,,,,,,,,,,,,
,0.00015941857792939703,,3000,,,,,,,,,,,,,,,,,,,,,,,,,,,,,,,,,,,,,,,,,,,,,
12,,,3004,,,,,,,,1.096474289894104,,,,,,,,,,,,,,,,,,,,,,,,,,,,,,,,,,,,,
12,,,3009,,,,,,,,1.0908336639404297,,,,,,,,,,,,,,,,,,,,,,,,,,,,,,,,,,,,,
12,,,3014,,,,,,,,1.1052076816558838,,,,,,,,,,,,,,,,,,,,,,,,,,,,,,,,,,,,,
12,,,3019,,,,,,,,1.0844013690948486,,,,,,,,,,,,,,,,,,,,,,,,,,,,,,,,,,,,,
12,,,3024,,,,,,,,1.0963436365127563,,,,,,,,,,,,,,,,,,,,,,,,,,,,,,,,,,,,,
12,,,3029,,,,,,,,1.0975819826126099,,,,,,,,,,,,,,,,,,,,,,,,,,,,,,,,,,,,,
12,,,3034,,,,,,,,1.0887255668640137,,,,,,,,,,,,,,,,,,,,,,,,,,,,,,,,,,,,,
12,,,3039,,,,,,,,1.099146842956543,,,,,,,,,,,,,,,,,,,,,,,,,,,,,,,,,,,,,
12,,,3044,,,,,,,,1.113156795501709,,,,,,,,,,,,,,,,,,,,,,,,,,,,,,,,,,,,,
12,,,3049,,,,,,,,1.1034048795700073,,,,,,,,,,,,,,,,,,,,,,,,,,,,,,,,,,,,,
12,,,3054,,,,,,,,1.09635591506958,,,,,,,,,,,,,,,,,,,,,,,,,,,,,,,,,,,,,
12,,,3059,,,,,,,,1.0867453813552856,,,,,,,,,,,,,,,,,,,,,,,,,,,,,,,,,,,,,
12,,,3064,,,,,,,,1.1180360317230225,,,,,,,,,,,,,,,,,,,,,,,,,,,,,,,,,,,,,
12,,,3069,,,,,,,,1.1458885669708252,,,,,,,,,,,,,,,,,,,,,,,,,,,,,,,,,,,,,
12,,,3074,,,,,,,,1.0877116918563843,,,,,,,,,,,,,,,,,,,,,,,,,,,,,,,,,,,,,
12,,,3079,,,,,,,,1.0848793983459473,,,,,,,,,,,,,,,,,,,,,,,,,,,,,,,,,,,,,
12,,,3084,,,,,,,,1.0915802717208862,,,,,,,,,,,,,,,,,,,,,,,,,,,,,,,,,,,,,
12,,,3089,,,,,,,,1.1157476902008057,,,,,,,,,,,,,,,,,,,,,,,,,,,,,,,,,,,,,
12,,,3094,,,,,,,,1.1324546337127686,,,,,,,,,,,,,,,,,,,,,,,,,,,,,,,,,,,,,
12,,,3099,,,,,,,,1.0913231372833252,,,,,,,,,,,,,,,,,,,,,,,,,,,,,,,,,,,,,
12,,,3104,,,,,,,,1.161675214767456,,,,,,,,,,,,,,,,,,,,,,,,,,,,,,,,,,,,,
12,,,3109,,,,,,,,1.0856354236602783,,,,,,,,,,,,,,,,,,,,,,,,,,,,,,,,,,,,,
12,,,3114,,,,,,,,1.1082981824874878,,,,,,,,,,,,,,,,,,,,,,,,,,,,,,,,,,,,,
12,,,3119,,,,,,,,1.0899412631988525,,,,,,,,,,,,,,,,,,,,,,,,,,,,,,,,,,,,,
12,,,3124,,,,,,,,1.096771240234375,,,,,,,,,,,,,,,,,,,,,,,,,,,,,,,,,,,,,
12,,,3129,,,,,,,,1.0939826965332031,,,,,,,,,,,,,,,,,,,,,,,,,,,,,,,,,,,,,
12,,,3134,,,,,,,,1.0915876626968384,,,,,,,,,,,,,,,,,,,,,,,,,,,,,,,,,,,,,
12,,,3139,,,,,,,,1.1102485656738281,,,,,,,,,,,,,,,,,,,,,,,,,,,,,,,,,,,,,
12,,,3144,,,,,,,,1.083326816558838,,,,,,,,,,,,,,,,,,,,,,,,,,,,,,,,,,,,,
12,,,3149,,,,,,,,1.1179654598236084,,,,,,,,,,,,,,,,,,,,,,,,,,,,,,,,,,,,,
12,,,3154,,,,,,,,1.240360140800476,,,,,,,,,,,,,,,,,,,,,,,,,,,,,,,,,,,,,
12,,,3159,,,,,,,,1.0880824327468872,,,,,,,,,,,,,,,,,,,,,,,,,,,,,,,,,,,,,
12,,,3164,,,,,,,,1.276529312133789,,,,,,,,,,,,,,,,,,,,,,,,,,,,,,,,,,,,,
12,,,3169,,,,,,,,1.139786958694458,,,,,,,,,,,,,,,,,,,,,,,,,,,,,,,,,,,,,
12,,,3174,,,,,,,,1.0904762744903564,,,,,,,,,,,,,,,,,,,,,,,,,,,,,,,,,,,,,
12,,,3179,,,,,,,,1.154447078704834,,,,,,,,,,,,,,,,,,,,,,,,,,,,,,,,,,,,,
12,,,3184,,,,,,,,1.0801119804382324,,,,,,,,,,,,,,,,,,,,,,,,,,,,,,,,,,,,,
12,,,3189,,,,,,,,1.0835562944412231,,,,,,,,,,,,,,,,,,,,,,,,,,,,,,,,,,,,,
12,,,3194,,,,,,,,1.080064058303833,,,,,,,,,,,,,,,,,,,,,,,,,,,,,,,,,,,,,
12,,,3199,,,,,,,,1.0815536975860596,,,,,,,,,,,,,,,,,,,,,,,,,,,,,,,,,,,,,
12,,,3204,,,,,,,,1.0868585109710693,,,,,,,,,,,,,,,,,,,,,,,,,,,,,,,,,,,,,
12,,,3209,,,,,,,,1.0920735597610474,,,,,,,,,,,,,,,,,,,,,,,,,,,,,,,,,,,,,
12,,,3214,,,,,,,,1.1117503643035889,,,,,,,,,,,,,,,,,,,,,,,,,,,,,,,,,,,,,
12,,,3219,,,,,,,,1.1141923666000366,,,,,,,,,,,,,,,,,,,,,,,,,,,,,,,,,,,,,
12,,,3224,,,,,,,,1.1030194759368896,,,,,,,,,,,,,,,,,,,,,,,,,,,,,,,,,,,,,
12,,,3229,,,,,,,,1.0804805755615234,,,,,,,,,,,,,,,,,,,,,,,,,,,,,,,,,,,,,
12,,,3234,,,,,,,,1.0931026935577393,,,,,,,,,,,,,,,,,,,,,,,,,,,,,,,,,,,,,
12,,,3239,,,,,,,,1.1005620956420898,,,,,,,,,,,,,,,,,,,,,,,,,,,,,,,,,,,,,
12,,,3244,,,,,,,,1.1466091871261597,,,,,,,,,,,,,,,,,,,,,,,,,,,,,,,,,,,,,
12,,,3249,,,,,,,,1.1178555488586426,,,,,,,,,,,,,,,,,,,,,,,,,,,,,,,,,,,,,
12,,,3249,,,,,,,,,,,0.19111089408397675,0.004078319296240807,0.6748046875,1.349609375,53.0732421875,0.6748046875,271790.65625,0.837770938873291,0.837770938873291,,1.0,0.2952423095703125,53.0732421875,0.6748046875,0.9561728835105896,0.046413786709308624,22118.0,0.0018284827237948775,0.002709647174924612,0.4124617874622345,0.6112313270568848,0.005395376123487949,1475.0,0.01666048727929592,0.02468934655189514,0.26080986857414246,0.38649681210517883,0.013703187927603722,7373.0,0.0046873134560883045,0.006946177687495947,0.3395490050315857,0.5031811594963074,0.016091402620077133,0.00035992596531286836
12,,20.0,3249,265480.75,0.8526872396469116,0.8546063899993896,,1.11041259765625,0.8546063899993896,1.0,,0.3015410304069519,0.9300000071525574,,,,,,,,,,,,,,,,,,,,,,,,,,,,,,,,,,,
,0.00014058142207060302,,3250,,,,,,,,,,,,,,,,,,,,,,,,,,,,,,,,,,,,,,,,,,,,,
13,,,3254,,,,,,,,1.1515637636184692,,,,,,,,,,,,,,,,,,,,,,,,,,,,,,,,,,,,,
13,,,3259,,,,,,,,1.0844547748565674,,,,,,,,,,,,,,,,,,,,,,,,,,,,,,,,,,,,,
13,,,3264,,,,,,,,1.152552843093872,,,,,,,,,,,,,,,,,,,,,,,,,,,,,,,,,,,,,
13,,,3269,,,,,,,,1.1148574352264404,,,,,,,,,,,,,,,,,,,,,,,,,,,,,,,,,,,,,
13,,,3274,,,,,,,,1.0812941789627075,,,,,,,,,,,,,,,,,,,,,,,,,,,,,,,,,,,,,
13,,,3279,,,,,,,,1.0942643880844116,,,,,,,,,,,,,,,,,,,,,,,,,,,,,,,,,,,,,
13,,,3284,,,,,,,,1.1246346235275269,,,,,,,,,,,,,,,,,,,,,,,,,,,,,,,,,,,,,
13,,,3289,,,,,,,,1.1641721725463867,,,,,,,,,,,,,,,,,,,,,,,,,,,,,,,,,,,,,
13,,,3294,,,,,,,,1.097597599029541,,,,,,,,,,,,,,,,,,,,,,,,,,,,,,,,,,,,,
13,,,3299,,,,,,,,1.1115124225616455,,,,,,,,,,,,,,,,,,,,,,,,,,,,,,,,,,,,,
13,,,3304,,,,,,,,1.1220417022705078,,,,,,,,,,,,,,,,,,,,,,,,,,,,,,,,,,,,,
13,,,3309,,,,,,,,1.1256434917449951,,,,,,,,,,,,,,,,,,,,,,,,,,,,,,,,,,,,,
13,,,3314,,,,,,,,1.0865633487701416,,,,,,,,,,,,,,,,,,,,,,,,,,,,,,,,,,,,,
13,,,3319,,,,,,,,1.082977533340454,,,,,,,,,,,,,,,,,,,,,,,,,,,,,,,,,,,,,
13,,,3324,,,,,,,,1.1572033166885376,,,,,,,,,,,,,,,,,,,,,,,,,,,,,,,,,,,,,
13,,,3329,,,,,,,,1.080338716506958,,,,,,,,,,,,,,,,,,,,,,,,,,,,,,,,,,,,,
13,,,3334,,,,,,,,1.1245530843734741,,,,,,,,,,,,,,,,,,,,,,,,,,,,,,,,,,,,,
13,,,3339,,,,,,,,1.0964233875274658,,,,,,,,,,,,,,,,,,,,,,,,,,,,,,,,,,,,,
13,,,3344,,,,,,,,1.0901453495025635,,,,,,,,,,,,,,,,,,,,,,,,,,,,,,,,,,,,,
13,,,3349,,,,,,,,1.1015539169311523,,,,,,,,,,,,,,,,,,,,,,,,,,,,,,,,,,,,,
13,,,3354,,,,,,,,1.1051419973373413,,,,,,,,,,,,,,,,,,,,,,,,,,,,,,,,,,,,,
13,,,3359,,,,,,,,1.165682077407837,,,,,,,,,,,,,,,,,,,,,,,,,,,,,,,,,,,,,
13,,,3364,,,,,,,,1.0942573547363281,,,,,,,,,,,,,,,,,,,,,,,,,,,,,,,,,,,,,
13,,,3369,,,,,,,,1.1178102493286133,,,,,,,,,,,,,,,,,,,,,,,,,,,,,,,,,,,,,
13,,,3374,,,,,,,,1.0985485315322876,,,,,,,,,,,,,,,,,,,,,,,,,,,,,,,,,,,,,
13,,,3379,,,,,,,,1.164571762084961,,,,,,,,,,,,,,,,,,,,,,,,,,,,,,,,,,,,,
13,,,3384,,,,,,,,1.1073412895202637,,,,,,,,,,,,,,,,,,,,,,,,,,,,,,,,,,,,,
13,,,3389,,,,,,,,1.081109881401062,,,,,,,,,,,,,,,,,,,,,,,,,,,,,,,,,,,,,
13,,,3394,,,,,,,,1.1189422607421875,,,,,,,,,,,,,,,,,,,,,,,,,,,,,,,,,,,,,
13,,,3399,,,,,,,,1.1021196842193604,,,,,,,,,,,,,,,,,,,,,,,,,,,,,,,,,,,,,
13,,,3404,,,,,,,,1.1010736227035522,,,,,,,,,,,,,,,,,,,,,,,,,,,,,,,,,,,,,
13,,,3409,,,,,,,,1.1898322105407715,,,,,,,,,,,,,,,,,,,,,,,,,,,,,,,,,,,,,
13,,,3414,,,,,,,,1.0871202945709229,,,,,,,,,,,,,,,,,,,,,,,,,,,,,,,,,,,,,
13,,,3419,,,,,,,,1.082088828086853,,,,,,,,,,,,,,,,,,,,,,,,,,,,,,,,,,,,,
13,,,3424,,,,,,,,1.1880972385406494,,,,,,,,,,,,,,,,,,,,,,,,,,,,,,,,,,,,,
13,,,3429,,,,,,,,1.091163992881775,,,,,,,,,,,,,,,,,,,,,,,,,,,,,,,,,,,,,
13,,,3434,,,,,,,,1.0808336734771729,,,,,,,,,,,,,,,,,,,,,,,,,,,,,,,,,,,,,
13,,,3439,,,,,,,,1.0944310426712036,,,,,,,,,,,,,,,,,,,,,,,,,,,,,,,,,,,,,
13,,,3444,,,,,,,,1.0892971754074097,,,,,,,,,,,,,,,,,,,,,,,,,,,,,,,,,,,,,
13,,,3449,,,,,,,,1.203201413154602,,,,,,,,,,,,,,,,,,,,,,,,,,,,,,,,,,,,,
13,,,3454,,,,,,,,1.1242204904556274,,,,,,,,,,,,,,,,,,,,,,,,,,,,,,,,,,,,,
13,,,3459,,,,,,,,1.0804662704467773,,,,,,,,,,,,,,,,,,,,,,,,,,,,,,,,,,,,,
13,,,3464,,,,,,,,1.1275780200958252,,,,,,,,,,,,,,,,,,,,,,,,,,,,,,,,,,,,,
13,,,3469,,,,,,,,1.0873205661773682,,,,,,,,,,,,,,,,,,,,,,,,,,,,,,,,,,,,,
13,,,3474,,,,,,,,1.0923492908477783,,,,,,,,,,,,,,,,,,,,,,,,,,,,,,,,,,,,,
13,,,3479,,,,,,,,1.1789329051971436,,,,,,,,,,,,,,,,,,,,,,,,,,,,,,,,,,,,,
13,,,3484,,,,,,,,1.098341941833496,,,,,,,,,,,,,,,,,,,,,,,,,,,,,,,,,,,,,
13,,,3489,,,,,,,,1.1265391111373901,,,,,,,,,,,,,,,,,,,,,,,,,,,,,,,,,,,,,
13,,,3494,,,,,,,,1.096021294593811,,,,,,,,,,,,,,,,,,,,,,,,,,,,,,,,,,,,,
13,,,3499,,,,,,,,1.1521754264831543,,,,,,,,,,,,,,,,,,,,,,,,,,,,,,,,,,,,,
13,,,3499,,,,,,,,,,,0.1907261162996292,0.003744200337678194,0.6748046875,1.349609375,53.0732421875,0.6748046875,271790.65625,0.8377617001533508,0.8377617001533508,,1.0,0.29369354248046875,53.0732421875,0.6748046875,0.9355752468109131,0.04628216475248337,22118.0,0.0018175331642851233,0.0026934209745377302,0.4064485728740692,0.6023203134536743,0.005362860392779112,1475.0,0.016607515513896942,0.024610847234725952,0.2614811658859253,0.3874916136264801,0.013630421832203865,7373.0,0.0046638669446110725,0.006911431904882193,0.33033502101898193,0.4895268380641937,0.016026988625526428,0.00035992596531286836
13,,20.0,3499,264777.40625,0.851261556148529,0.8538260459899902,,1.1092056035995483,0.8538260459899902,1.0,,0.30123046040534973,0.9185000061988831,,,,,,,,,,,,,,,,,,,,,,,,,,,,,,,,,,,
,0.00012189280281214133,,3500,,,,,,,,,,,,,,,,,,,,,,,,,,,,,,,,,,,,,,,,,,,,,
14,,,3504,,,,,,,,1.0875825881958008,,,,,,,,,,,,,,,,,,,,,,,,,,,,,,,,,,,,,
14,,,3509,,,,,,,,1.1298561096191406,,,,,,,,,,,,,,,,,,,,,,,,,,,,,,,,,,,,,
14,,,3514,,,,,,,,1.0948750972747803,,,,,,,,,,,,,,,,,,,,,,,,,,,,,,,,,,,,,
14,,,3519,,,,,,,,1.1137052774429321,,,,,,,,,,,,,,,,,,,,,,,,,,,,,,,,,,,,,
14,,,3524,,,,,,,,1.1217193603515625,,,,,,,,,,,,,,,,,,,,,,,,,,,,,,,,,,,,,
14,,,3529,,,,,,,,1.0923529863357544,,,,,,,,,,,,,,,,,,,,,,,,,,,,,,,,,,,,,
14,,,3534,,,,,,,,1.1167107820510864,,,,,,,,,,,,,,,,,,,,,,,,,,,,,,,,,,,,,
14,,,3539,,,,,,,,1.0904842615127563,,,,,,,,,,,,,,,,,,,,,,,,,,,,,,,,,,,,,
14,,,3544,,,,,,,,1.095916748046875,,,,,,,,,,,,,,,,,,,,,,,,,,,,,,,,,,,,,
14,,,3549,,,,,,,,1.1208473443984985,,,,,,,,,,,,,,,,,,,,,,,,,,,,,,,,,,,,,
14,,,3554,,,,,,,,1.1014364957809448,,,,,,,,,,,,,,,,,,,,,,,,,,,,,,,,,,,,,
14,,,3559,,,,,,,,1.1266214847564697,,,,,,,,,,,,,,,,,,,,,,,,,,,,,,,,,,,,,
14,,,3564,,,,,,,,1.0803585052490234,,,,,,,,,,,,,,,,,,,,,,,,,,,,,,,,,,,,,
14,,,3569,,,,,,,,1.1655704975128174,,,,,,,,,,,,,,,,,,,,,,,,,,,,,,,,,,,,,
14,,,3574,,,,,,,,1.0858913660049438,,,,,,,,,,,,,,,,,,,,,,,,,,,,,,,,,,,,,
14,,,3579,,,,,,,,1.1151269674301147,,,,,,,,,,,,,,,,,,,,,,,,,,,,,,,,,,,,,
14,,,3584,,,,,,,,1.083968997001648,,,,,,,,,,,,,,,,,,,,,,,,,,,,,,,,,,,,,
14,,,3589,,,,,,,,1.0913379192352295,,,,,,,,,,,,,,,,,,,,,,,,,,,,,,,,,,,,,
14,,,3594,,,,,,,,1.1787917613983154,,,,,,,,,,,,,,,,,,,,,,,,,,,,,,,,,,,,,
14,,,3599,,,,,,,,1.0803261995315552,,,,,,,,,,,,,,,,,,,,,,,,,,,,,,,,,,,,,
14,,,3604,,,,,,,,1.0810940265655518,,,,,,,,,,,,,,,,,,,,,,,,,,,,,,,,,,,,,
14,,,3609,,,,,,,,1.1152359247207642,,,,,,,,,,,,,,,,,,,,,,,,,,,,,,,,,,,,,
14,,,3614,,,,,,,,1.1351945400238037,,,,,,,,,,,,,,,,,,,,,,,,,,,,,,,,,,,,,
14,,,3619,,,,,,,,1.2032743692398071,,,,,,,,,,,,,,,,,,,,,,,,,,,,,,,,,,,,,
14,,,3624,,,,,,,,1.1198394298553467,,,,,,,,,,,,,,,,,,,,,,,,,,,,,,,,,,,,,
14,,,3629,,,,,,,,1.0810703039169312,,,,,,,,,,,,,,,,,,,,,,,,,,,,,,,,,,,,,
14,,,3634,,,,,,,,1.1128801107406616,,,,,,,,,,,,,,,,,,,,,,,,,,,,,,,,,,,,,
14,,,3639,,,,,,,,1.0992872714996338,,,,,,,,,,,,,,,,,,,,,,,,,,,,,,,,,,,,,
14,,,3644,,,,,,,,1.1633456945419312,,,,,,,,,,,,,,,,,,,,,,,,,,,,,,,,,,,,,
14,,,3649,,,,,,,,1.1179440021514893,,,,,,,,,,,,,,,,,,,,,,,,,,,,,,,,,,,,,
14,,,3654,,,,,,,,1.13033926486969,,,,,,,,,,,,,,,,,,,,,,,,,,,,,,,,,,,,,
14,,,3659,,,,,,,,1.0828309059143066,,,,,,,,,,,,,,,,,,,,,,,,,,,,,,,,,,,,,
14,,,3664,,,,,,,,1.081211805343628,,,,,,,,,,,,,,,,,,,,,,,,,,,,,,,,,,,,,
14,,,3669,,,,,,,,1.088226079940796,,,,,,,,,,,,,,,,,,,,,,,,,,,,,,,,,,,,,
14,,,3674,,,,,,,,1.1171774864196777,,,,,,,,,,,,,,,,,,,,,,,,,,,,,,,,,,,,,
14,,,3679,,,,,,,,1.091376781463623,,,,,,,,,,,,,,,,,,,,,,,,,,,,,,,,,,,,,
14,,,3684,,,,,,,,1.0839534997940063,,,,,,,,,,,,,,,,,,,,,,,,,,,,,,,,,,,,,
14,,,3689,,,,,,,,1.082161545753479,,,,,,,,,,,,,,,,,,,,,,,,,,,,,,,,,,,,,
14,,,3694,,,,,,,,1.0827997922897339,,,,,,,,,,,,,,,,,,,,,,,,,,,,,,,,,,,,,
14,,,3699,,,,,,,,1.0811879634857178,,,,,,,,,,,,,,,,,,,,,,,,,,,,,,,,,,,,,
14,,,3704,,,,,,,,1.099549651145935,,,,,,,,,,,,,,,,,,,,,,,,,,,,,,,,,,,,,
14,,,3709,,,,,,,,1.0918967723846436,,,,,,,,,,,,,,,,,,,,,,,,,,,,,,,,,,,,,
14,,,3714,,,,,,,,1.2601110935211182,,,,,,,,,,,,,,,,,,,,,,,,,,,,,,,,,,,,,
14,,,3719,,,,,,,,1.087061882019043,,,,,,,,,,,,,,,,,,,,,,,,,,,,,,,,,,,,,
14,,,3724,,,,,,,,1.1027623414993286,,,,,,,,,,,,,,,,,,,,,,,,,,,,,,,,,,,,,
14,,,3729,,,,,,,,1.0874145030975342,,,,,,,,,,,,,,,,,,,,,,,,,,,,,,,,,,,,,
14,,,3734,,,,,,,,1.103438138961792,,,,,,,,,,,,,,,,,,,,,,,,,,,,,,,,,,,,,
14,,,3739,,,,,,,,1.0868009328842163,,,,,,,,,,,,,,,,,,,,,,,,,,,,,,,,,,,,,
14,,,3744,,,,,,,,1.0900647640228271,,,,,,,,,,,,,,,,,,,,,,,,,,,,,,,,,,,,,
14,,,3749,,,,,,,,1.0848394632339478,,,,,,,,,,,,,,,,,,,,,,,,,,,,,,,,,,,,,
14,,,3749,,,,,,,,,,,0.19136379659175873,0.0038121449761092663,0.6748046875,1.349609375,53.0732421875,0.6748046875,271790.65625,0.8377791047096252,0.8377791047096252,,1.0,0.29798126220703125,53.0732421875,0.6748046875,0.9135318994522095,0.04657192528247833,22118.0,0.001826453022658825,0.0027066394686698914,0.41214755177497864,0.6107656955718994,0.005389395169913769,1475.0,0.016716768965125084,0.024772750213742256,0.2618167996406555,0.38798898458480835,0.013645987026393414,7373.0,0.004668503068387508,0.006918302271515131,0.33421146869659424,0.49527138471603394,0.016102880239486694,0.00035992596531286836
14,,20.0,3749,263276.4375,0.8510851860046387,0.8535823822021484,,1.1089072227478027,0.8535823822021484,1.0,,0.3007558584213257,0.9120000004768372,,,,,,,,,,,,,,,,,,,,,,,,,,,,,,,,,,,
,0.00010364745084375795,,3750,,,,,,,,,,,,,,,,,,,,,,,,,,,,,,,,,,,,,,,,,,,,,
15,,,3754,,,,,,,,1.0802088975906372,,,,,,,,,,,,,,,,,,,,,,,,,,,,,,,,,,,,,
15,,,3759,,,,,,,,1.1197481155395508,,,,,,,,,,,,,,,,,,,,,,,,,,,,,,,,,,,,,
15,,,3764,,,,,,,,1.1015902757644653,,,,,,,,,,,,,,,,,,,,,,,,,,,,,,,,,,,,,
15,,,3769,,,,,,,,1.1001522541046143,,,,,,,,,,,,,,,,,,,,,,,,,,,,,,,,,,,,,
15,,,3774,,,,,,,,1.0916119813919067,,,,,,,,,,,,,,,,,,,,,,,,,,,,,,,,,,,,,
15,,,3779,,,,,,,,1.0856915712356567,,,,,,,,,,,,,,,,,,,,,,,,,,,,,,,,,,,,,
15,,,3784,,,,,,,,1.1187963485717773,,,,,,,,,,,,,,,,,,,,,,,,,,,,,,,,,,,,,
15,,,3789,,,,,,,,1.104663372039795,,,,,,,,,,,,,,,,,,,,,,,,,,,,,,,,,,,,,
15,,,3794,,,,,,,,1.088413119316101,,,,,,,,,,,,,,,,,,,,,,,,,,,,,,,,,,,,,
15,,,3799,,,,,,,,1.0982941389083862,,,,,,,,,,,,,,,,,,,,,,,,,,,,,,,,,,,,,
15,,,3804,,,,,,,,1.1016019582748413,,,,,,,,,,,,,,,,,,,,,,,,,,,,,,,,,,,,,
15,,,3809,,,,,,,,1.096611738204956,,,,,,,,,,,,,,,,,,,,,,,,,,,,,,,,,,,,,
15,,,3814,,,,,,,,1.1991703510284424,,,,,,,,,,,,,,,,,,,,,,,,,,,,,,,,,,,,,
15,,,3819,,,,,,,,1.160789966583252,,,,,,,,,,,,,,,,,,,,,,,,,,,,,,,,,,,,,
15,,,3824,,,,,,,,1.080992579460144,,,,,,,,,,,,,,,,,,,,,,,,,,,,,,,,,,,,,
15,,,3829,,,,,,,,1.0903162956237793,,,,,,,,,,,,,,,,,,,,,,,,,,,,,,,,,,,,,
15,,,3834,,,,,,,,1.1017735004425049,,,,,,,,,,,,,,,,,,,,,,,,,,,,,,,,,,,,,
15,,,3839,,,,,,,,1.0939780473709106,,,,,,,,,,,,,,,,,,,,,,,,,,,,,,,,,,,,,
15,,,3844,,,,,,,,1.0932449102401733,,,,,,,,,,,,,,,,,,,,,,,,,,,,,,,,,,,,,
15,,,3849,,,,,,,,1.1008217334747314,,,,,,,,,,,,,,,,,,,,,,,,,,,,,,,,,,,,,
15,,,3854,,,,,,,,1.1346899271011353,,,,,,,,,,,,,,,,,,,,,,,,,,,,,,,,,,,,,
15,,,3859,,,,,,,,1.0970486402511597,,,,,,,,,,,,,,,,,,,,,,,,,,,,,,,,,,,,,
15,,,3864,,,,,,,,1.0996111631393433,,,,,,,,,,,,,,,,,,,,,,,,,,,,,,,,,,,,,
15,,,3869,,,,,,,,1.1149721145629883,,,,,,,,,,,,,,,,,,,,,,,,,,,,,,,,,,,,,
15,,,3874,,,,,,,,1.0847606658935547,,,,,,,,,,,,,,,,,,,,,,,,,,,,,,,,,,,,,
15,,,3879,,,,,,,,1.0940210819244385,,,,,,,,,,,,,,,,,,,,,,,,,,,,,,,,,,,,,
15,,,3884,,,,,,,,1.138910174369812,,,,,,,,,,,,,,,,,,,,,,,,,,,,,,,,,,,,,
15,,,3889,,,,,,,,1.1116721630096436,,,,,,,,,,,,,,,,,,,,,,,,,,,,,,,,,,,,,
15,,,3894,,,,,,,,1.0851529836654663,,,,,,,,,,,,,,,,,,,,,,,,,,,,,,,,,,,,,
15,,,3899,,,,,,,,1.1856181621551514,,,,,,,,,,,,,,,,,,,,,,,,,,,,,,,,,,,,,
15,,,3904,,,,,,,,1.1758869886398315,,,,,,,,,,,,,,,,,,,,,,,,,,,,,,,,,,,,,
15,,,3909,,,,,,,,1.0887471437454224,,,,,,,,,,,,,,,,,,,,,,,,,,,,,,,,,,,,,
15,,,3914,,,,,,,,1.1041204929351807,,,,,,,,,,,,,,,,,,,,,,,,,,,,,,,,,,,,,
15,,,3919,,,,,,,,1.1020398139953613,,,,,,,,,,,,,,,,,,,,,,,,,,,,,,,,,,,,,
15,,,3924,,,,,,,,1.0953307151794434,,,,,,,,,,,,,,,,,,,,,,,,,,,,,,,,,,,,,
15,,,3929,,,,,,,,1.0858206748962402,,,,,,,,,,,,,,,,,,,,,,,,,,,,,,,,,,,,,
15,,,3934,,,,,,,,1.0965768098831177,,,,,,,,,,,,,,,,,,,,,,,,,,,,,,,,,,,,,
15,,,3939,,,,,,,,1.093695878982544,,,,,,,,,,,,,,,,,,,,,,,,,,,,,,,,,,,,,
15,,,3944,,,,,,,,1.0885332822799683,,,,,,,,,,,,,,,,,,,,,,,,,,,,,,,,,,,,,
15,,,3949,,,,,,,,1.0827974081039429,,,,,,,,,,,,,,,,,,,,,,,,,,,,,,,,,,,,,
15,,,3954,,,,,,,,1.1034576892852783,,,,,,,,,,,,,,,,,,,,,,,,,,,,,,,,,,,,,
15,,,3959,,,,,,,,1.0853564739227295,,,,,,,,,,,,,,,,,,,,,,,,,,,,,,,,,,,,,
15,,,3964,,,,,,,,1.1566481590270996,,,,,,,,,,,,,,,,,,,,,,,,,,,,,,,,,,,,,
15,,,3969,,,,,,,,1.1027857065200806,,,,,,,,,,,,,,,,,,,,,,,,,,,,,,,,,,,,,
15,,,3974,,,,,,,,1.0946106910705566,,,,,,,,,,,,,,,,,,,,,,,,,,,,,,,,,,,,,
15,,,3979,,,,,,,,1.1149449348449707,,,,,,,,,,,,,,,,,,,,,,,,,,,,,,,,,,,,,
15,,,3984,,,,,,,,1.1495029926300049,,,,,,,,,,,,,,,,,,,,,,,,,,,,,,,,,,,,,
15,,,3989,,,,,,,,1.0874067544937134,,,,,,,,,,,,,,,,,,,,,,,,,,,,,,,,,,,,,
15,,,3994,,,,,,,,1.119983434677124,,,,,,,,,,,,,,,,,,,,,,,,,,,,,,,,,,,,,
15,,,3999,,,,,,,,1.1005337238311768,,,,,,,,,,,,,,,,,,,,,,,,,,,,,,,,,,,,,
15,,,3999,,,,,,,,,,,0.19230152666568756,0.003857948584482074,0.6748046875,1.349609375,53.0732421875,0.6748046875,271790.65625,0.837689995765686,0.837689995765686,,1.0,0.2939720153808594,53.0732421875,0.6748046875,0.9466223120689392,0.04660782590508461,22118.0,0.0018349295714870095,0.0027192009147256613,0.4108402132987976,0.6088283061981201,0.005414220038801432,1475.0,0.01672602817416191,0.02478647232055664,0.2629116177558899,0.3896114230155945,0.013731683604419231,7373.0,0.004697774536907673,0.006961680017411709,0.3365481495857239,0.49873414635658264,0.01614817976951599,0.00035992596531286836
15,,20.0,3999,263590.03125,0.851824164390564,0.8544822931289673,,1.1100298166275024,0.8544822931289673,1.0,,0.3007480502128601,0.9235000014305115,,,,,,,,,,,,,,,,,,,,,,,,,,,,,,,,,,,
,8.61331062652391e-05,,4000,,,,,,,,,,,,,,,,,,,,,,,,,,,,,,,,,,,,,,,,,,,,,
16,,,4004,,,,,,,,1.1051719188690186,,,,,,,,,,,,,,,,,,,,,,,,,,,,,,,,,,,,,
16,,,4009,,,,,,,,1.0963624715805054,,,,,,,,,,,,,,,,,,,,,,,,,,,,,,,,,,,,,
16,,,4014,,,,,,,,1.0959419012069702,,,,,,,,,,,,,,,,,,,,,,,,,,,,,,,,,,,,,
16,,,4019,,,,,,,,1.0872479677200317,,,,,,,,,,,,,,,,,,,,,,,,,,,,,,,,,,,,,
16,,,4024,,,,,,,,1.1224310398101807,,,,,,,,,,,,,,,,,,,,,,,,,,,,,,,,,,,,,
16,,,4029,,,,,,,,1.1219366788864136,,,,,,,,,,,,,,,,,,,,,,,,,,,,,,,,,,,,,
16,,,4034,,,,,,,,1.0873560905456543,,,,,,,,,,,,,,,,,,,,,,,,,,,,,,,,,,,,,
16,,,4039,,,,,,,,1.080169439315796,,,,,,,,,,,,,,,,,,,,,,,,,,,,,,,,,,,,,
16,,,4044,,,,,,,,1.092589259147644,,,,,,,,,,,,,,,,,,,,,,,,,,,,,,,,,,,,,
16,,,4049,,,,,,,,1.116273045539856,,,,,,,,,,,,,,,,,,,,,,,,,,,,,,,,,,,,,
16,,,4054,,,,,,,,1.0823441743850708,,,,,,,,,,,,,,,,,,,,,,,,,,,,,,,,,,,,,
16,,,4059,,,,,,,,1.0967979431152344,,,,,,,,,,,,,,,,,,,,,,,,,,,,,,,,,,,,,
16,,,4064,,,,,,,,1.0933929681777954,,,,,,,,,,,,,,,,,,,,,,,,,,,,,,,,,,,,,
16,,,4069,,,,,,,,1.0813262462615967,,,,,,,,,,,,,,,,,,,,,,,,,,,,,,,,,,,,,
16,,,4074,,,,,,,,1.101949691772461,,,,,,,,,,,,,,,,,,,,,,,,,,,,,,,,,,,,,
16,,,4079,,,,,,,,1.086637020111084,,,,,,,,,,,,,,,,,,,,,,,,,,,,,,,,,,,,,
16,,,4084,,,,,,,,1.0879292488098145,,,,,,,,,,,,,,,,,,,,,,,,,,,,,,,,,,,,,
16,,,4089,,,,,,,,1.1298904418945312,,,,,,,,,,,,,,,,,,,,,,,,,,,,,,,,,,,,,
16,,,4094,,,,,,,,1.0942296981811523,,,,,,,,,,,,,,,,,,,,,,,,,,,,,,,,,,,,,
16,,,4099,,,,,,,,1.0801420211791992,,,,,,,,,,,,,,,,,,,,,,,,,,,,,,,,,,,,,
16,,,4104,,,,,,,,1.1110894680023193,,,,,,,,,,,,,,,,,,,,,,,,,,,,,,,,,,,,,
16,,,4109,,,,,,,,1.1013929843902588,,,,,,,,,,,,,,,,,,,,,,,,,,,,,,,,,,,,,
16,,,4114,,,,,,,,1.1031348705291748,,,,,,,,,,,,,,,,,,,,,,,,,,,,,,,,,,,,,
16,,,4119,,,,,,,,1.0884363651275635,,,,,,,,,,,,,,,,,,,,,,,,,,,,,,,,,,,,,
16,,,4124,,,,,,,,1.1022731065750122,,,,,,,,,,,,,,,,,,,,,,,,,,,,,,,,,,,,,
16,,,4129,,,,,,,,1.0885145664215088,,,,,,,,,,,,,,,,,,,,,,,,,,,,,,,,,,,,,
16,,,4134,,,,,,,,1.208186388015747,,,,,,,,,,,,,,,,,,,,,,,,,,,,,,,,,,,,,
16,,,4139,,,,,,,,1.0863091945648193,,,,,,,,,,,,,,,,,,,,,,,,,,,,,,,,,,,,,
16,,,4144,,,,,,,,1.0906826257705688,,,,,,,,,,,,,,,,,,,,,,,,,,,,,,,,,,,,,
16,,,4149,,,,,,,,1.098820447921753,,,,,,,,,,,,,,,,,,,,,,,,,,,,,,,,,,,,,
16,,,4154,,,,,,,,1.0888105630874634,,,,,,,,,,,,,,,,,,,,,,,,,,,,,,,,,,,,,
16,,,4159,,,,,,,,1.09893798828125,,,,,,,,,,,,,,,,,,,,,,,,,,,,,,,,,,,,,
16,,,4164,,,,,,,,1.0939042568206787,,,,,,,,,,,,,,,,,,,,,,,,,,,,,,,,,,,,,
16,,,4169,,,,,,,,1.0926945209503174,,,,,,,,,,,,,,,,,,,,,,,,,,,,,,,,,,,,,
16,,,4174,,,,,,,,1.1032912731170654,,,,,,,,,,,,,,,,,,,,,,,,,,,,,,,,,,,,,
16,,,4179,,,,,,,,1.11356520652771,,,,,,,,,,,,,,,,,,,,,,,,,,,,,,,,,,,,,
16,,,4184,,,,,,,,1.1018693447113037,,,,,,,,,,,,,,,,,,,,,,,,,,,,,,,,,,,,,
16,,,4189,,,,,,,,1.087165117263794,,,,,,,,,,,,,,,,,,,,,,,,,,,,,,,,,,,,,
16,,,4194,,,,,,,,1.119025468826294,,,,,,,,,,,,,,,,,,,,,,,,,,,,,,,,,,,,,
16,,,4199,,,,,,,,1.2872545719146729,,,,,,,,,,,,,,,,,,,,,,,,,,,,,,,,,,,,,
16,,,4204,,,,,,,,1.0880738496780396,,,,,,,,,,,,,,,,,,,,,,,,,,,,,,,,,,,,,
16,,,4209,,,,,,,,1.0865849256515503,,,,,,,,,,,,,,,,,,,,,,,,,,,,,,,,,,,,,
16,,,4214,,,,,,,,1.1542341709136963,,,,,,,,,,,,,,,,,,,,,,,,,,,,,,,,,,,,,
16,,,4219,,,,,,,,1.1057839393615723,,,,,,,,,,,,,,,,,,,,,,,,,,,,,,,,,,,,,
16,,,4224,,,,,,,,1.0862371921539307,,,,,,,,,,,,,,,,,,,,,,,,,,,,,,,,,,,,,
16,,,4229,,,,,,,,1.0830297470092773,,,,,,,,,,,,,,,,,,,,,,,,,,,,,,,,,,,,,
16,,,4234,,,,,,,,1.0972299575805664,,,,,,,,,,,,,,,,,,,,,,,,,,,,,,,,,,,,,
16,,,4239,,,,,,,,1.141638994216919,,,,,,,,,,,,,,,,,,,,,,,,,,,,,,,,,,,,,
16,,,4244,,,,,,,,1.183050274848938,,,,,,,,,,,,,,,,,,,,,,,,,,,,,,,,,,,,,
16,,,4249,,,,,,,,1.1384408473968506,,,,,,,,,,,,,,,,,,,,,,,,,,,,,,,,,,,,,
16,,,4249,,,,,,,,,,,0.19277754426002502,0.003500772640109062,0.6748046875,1.349609375,53.0732421875,0.6748046875,271790.65625,0.8377277255058289,0.8377277255058289,,1.0,0.293792724609375,53.0732421875,0.6748046875,0.9182010889053345,0.04656172916293144,22118.0,0.001807555090636015,0.0026786343660205603,0.4034695029258728,0.5979055762290955,0.005333375185728073,1475.0,0.016704177483916283,0.02475409209728241,0.2639700472354889,0.3911799192428589,0.013583250343799591,7373.0,0.004647576250135899,0.0068872906267642975,0.3299476206302643,0.48895275592803955,0.016054008156061172,0.00035992596531286836
16,,20.0,4249,265092.1875,0.8508903980255127,0.8522742986679077,,1.1075413227081299,0.8522742986679077,1.0,,0.3004433512687683,0.9259999990463257,,,,,,,,,,,,,,,,,,,,,,,,,,,,,,,,,,,
,6.962598075315047e-05,,4250,,,,,,,,,,,,,,,,,,,,,,,,,,,,,,,,,,,,,,,,,,,,,
17,,,4254,,,,,,,,1.1101698875427246,,,,,,,,,,,,,,,,,,,,,,,,,,,,,,,,,,,,,
17,,,4259,,,,,,,,1.0813332796096802,,,,,,,,,,,,,,,,,,,,,,,,,,,,,,,,,,,,,
17,,,4264,,,,,,,,1.12494957447052,,,,,,,,,,,,,,,,,,,,,,,,,,,,,,,,,,,,,
17,,,4269,,,,,,,,1.0804953575134277,,,,,,,,,,,,,,,,,,,,,,,,,,,,,,,,,,,,,
17,,,4274,,,,,,,,1.0884573459625244,,,,,,,,,,,,,,,,,,,,,,,,,,,,,,,,,,,,,
17,,,4279,,,,,,,,1.1237146854400635,,,,,,,,,,,,,,,,,,,,,,,,,,,,,,,,,,,,,
17,,,4284,,,,,,,,1.081828236579895,,,,,,,,,,,,,,,,,,,,,,,,,,,,,,,,,,,,,
17,,,4289,,,,,,,,1.1340386867523193,,,,,,,,,,,,,,,,,,,,,,,,,,,,,,,,,,,,,
17,,,4294,,,,,,,,1.0965516567230225,,,,,,,,,,,,,,,,,,,,,,,,,,,,,,,,,,,,,
17,,,4299,,,,,,,,1.2408138513565063,,,,,,,,,,,,,,,,,,,,,,,,,,,,,,,,,,,,,
17,,,4304,,,,,,,,1.0806400775909424,,,,,,,,,,,,,,,,,,,,,,,,,,,,,,,,,,,,,
17,,,4309,,,,,,,,1.102561354637146,,,,,,,,,,,,,,,,,,,,,,,,,,,,,,,,,,,,,
17,,,4314,,,,,,,,1.105891466140747,,,,,,,,,,,,,,,,,,,,,,,,,,,,,,,,,,,,,
17,,,4319,,,,,,,,1.0971119403839111,,,,,,,,,,,,,,,,,,,,,,,,,,,,,,,,,,,,,
17,,,4324,,,,,,,,1.096808910369873,,,,,,,,,,,,,,,,,,,,,,,,,,,,,,,,,,,,,
17,,,4329,,,,,,,,1.092071771621704,,,,,,,,,,,,,,,,,,,,,,,,,,,,,,,,,,,,,
17,,,4334,,,,,,,,1.1002168655395508,,,,,,,,,,,,,,,,,,,,,,,,,,,,,,,,,,,,,
17,,,4339,,,,,,,,1.0894792079925537,,,,,,,,,,,,,,,,,,,,,,,,,,,,,,,,,,,,,
17,,,4344,,,,,,,,1.1140673160552979,,,,,,,,,,,,,,,,,,,,,,,,,,,,,,,,,,,,,
17,,,4349,,,,,,,,1.2014204263687134,,,,,,,,,,,,,,,,,,,,,,,,,,,,,,,,,,,,,
17,,,4354,,,,,,,,1.166661262512207,,,,,,,,,,,,,,,,,,,,,,,,,,,,,,,,,,,,,
17,,,4359,,,,,,,,1.1284058094024658,,,,,,,,,,,,,,,,,,,,,,,,,,,,,,,,,,,,,
17,,,4364,,,,,,,,1.0955615043640137,,,,,,,,,,,,,,,,,,,,,,,,,,,,,,,,,,,,,
17,,,4369,,,,,,,,1.1289265155792236,,,,,,,,,,,,,,,,,,,,,,,,,,,,,,,,,,,,,
17,,,4374,,,,,,,,1.0805468559265137,,,,,,,,,,,,,,,,,,,,,,,,,,,,,,,,,,,,,
17,,,4379,,,,,,,,1.1007068157196045,,,,,,,,,,,,,,,,,,,,,,,,,,,,,,,,,,,,,
17,,,4384,,,,,,,,1.0859853029251099,,,,,,,,,,,,,,,,,,,,,,,,,,,,,,,,,,,,,
17,,,4389,,,,,,,,1.2012163400650024,,,,,,,,,,,,,,,,,,,,,,,,,,,,,,,,,,,,,
17,,,4394,,,,,,,,1.149186611175537,,,,,,,,,,,,,,,,,,,,,,,,,,,,,,,,,,,,,
17,,,4399,,,,,,,,1.0963635444641113,,,,,,,,,,,,,,,,,,,,,,,,,,,,,,,,,,,,,
17,,,4404,,,,,,,,1.1068646907806396,,,,,,,,,,,,,,,,,,,,,,,,,,,,,,,,,,,,,
17,,,4409,,,,,,,,1.1056325435638428,,,,,,,,,,,,,,,,,,,,,,,,,,,,,,,,,,,,,
17,,,4414,,,,,,,,1.0825424194335938,,,,,,,,,,,,,,,,,,,,,,,,,,,,,,,,,,,,,
17,,,4419,,,,,,,,1.1261820793151855,,,,,,,,,,,,,,,,,,,,,,,,,,,,,,,,,,,,,
17,,,4424,,,,,,,,1.1073826551437378,,,,,,,,,,,,,,,,,,,,,,,,,,,,,,,,,,,,,
17,,,4429,,,,,,,,1.1237001419067383,,,,,,,,,,,,,,,,,,,,,,,,,,,,,,,,,,,,,
17,,,4434,,,,,,,,1.1812031269073486,,,,,,,,,,,,,,,,,,,,,,,,,,,,,,,,,,,,,
17,,,4439,,,,,,,,1.2378438711166382,,,,,,,,,,,,,,,,,,,,,,,,,,,,,,,,,,,,,
17,,,4444,,,,,,,,1.1119410991668701,,,,,,,,,,,,,,,,,,,,,,,,,,,,,,,,,,,,,
17,,,4449,,,,,,,,1.0862542390823364,,,,,,,,,,,,,,,,,,,,,,,,,,,,,,,,,,,,,
17,,,4454,,,,,,,,1.1011862754821777,,,,,,,,,,,,,,,,,,,,,,,,,,,,,,,,,,,,,
17,,,4459,,,,,,,,1.0812466144561768,,,,,,,,,,,,,,,,,,,,,,,,,,,,,,,,,,,,,
17,,,4464,,,,,,,,1.1863315105438232,,,,,,,,,,,,,,,,,,,,,,,,,,,,,,,,,,,,,
17,,,4469,,,,,,,,1.0859453678131104,,,,,,,,,,,,,,,,,,,,,,,,,,,,,,,,,,,,,
17,,,4474,,,,,,,,1.1155788898468018,,,,,,,,,,,,,,,,,,,,,,,,,,,,,,,,,,,,,
17,,,4479,,,,,,,,1.1404380798339844,,,,,,,,,,,,,,,,,,,,,,,,,,,,,,,,,,,,,
17,,,4484,,,,,,,,1.080404281616211,,,,,,,,,,,,,,,,,,,,,,,,,,,,,,,,,,,,,
17,,,4489,,,,,,,,1.0982152223587036,,,,,,,,,,,,,,,,,,,,,,,,,,,,,,,,,,,,,
17,,,4494,,,,,,,,1.096395492553711,,,,,,,,,,,,,,,,,,,,,,,,,,,,,,,,,,,,,
17,,,4499,,,,,,,,1.0878182649612427,,,,,,,,,,,,,,,,,,,,,,,,,,,,,,,,,,,,,
17,,,4499,,,,,,,,,,,0.1944122463464737,0.004288950003683567,0.6748046875,1.349609375,53.0732421875,0.6748046875,271790.65625,0.8376708030700684,0.8376708030700684,,1.0,0.2906036376953125,53.0732421875,0.6748046875,0.938839852809906,0.0468892902135849,22118.0,0.0018365628784522414,0.002721621422097087,0.41703295707702637,0.6180053949356079,0.0054193767718970776,1475.0,0.016822034493088722,0.0249287448823452,0.26574137806892395,0.3938048779964447,0.013740994967520237,7373.0,0.004700422752648592,0.0069656046107411385,0.33955562114715576,0.5031909346580505,0.01620984449982643,0.00035992596531286836
17,,20.0,4499,263913.15625,0.8519467115402222,0.8544814586639404,,1.1100646257400513,0.8544814586639404,1.0,,0.30129295587539673,0.9175000190734863,,,,,,,,,,,,,,,,,,,,,,,,,,,,,,,,,,,
,5.4386401537696536e-05,,4500,,,,,,,,,,,,,,,,,,,,,,,,,,,,,,,,,,,,,,,,,,,,,
18,,,4504,,,,,,,,1.103771448135376,,,,,,,,,,,,,,,,,,,,,,,,,,,,,,,,,,,,,
18,,,4509,,,,,,,,1.1396960020065308,,,,,,,,,,,,,,,,,,,,,,,,,,,,,,,,,,,,,
18,,,4514,,,,,,,,1.0933294296264648,,,,,,,,,,,,,,,,,,,,,,,,,,,,,,,,,,,,,
18,,,4519,,,,,,,,1.089958667755127,,,,,,,,,,,,,,,,,,,,,,,,,,,,,,,,,,,,,
18,,,4524,,,,,,,,1.0952317714691162,,,,,,,,,,,,,,,,,,,,,,,,,,,,,,,,,,,,,
18,,,4529,,,,,,,,1.0805490016937256,,,,,,,,,,,,,,,,,,,,,,,,,,,,,,,,,,,,,
18,,,4534,,,,,,,,1.0888949632644653,,,,,,,,,,,,,,,,,,,,,,,,,,,,,,,,,,,,,
18,,,4539,,,,,,,,1.1098955869674683,,,,,,,,,,,,,,,,,,,,,,,,,,,,,,,,,,,,,
18,,,4544,,,,,,,,1.1066324710845947,,,,,,,,,,,,,,,,,,,,,,,,,,,,,,,,,,,,,
18,,,4549,,,,,,,,1.094091534614563,,,,,,,,,,,,,,,,,,,,,,,,,,,,,,,,,,,,,
18,,,4554,,,,,,,,1.1143531799316406,,,,,,,,,,,,,,,,,,,,,,,,,,,,,,,,,,,,,
18,,,4559,,,,,,,,1.1294727325439453,,,,,,,,,,,,,,,,,,,,,,,,,,,,,,,,,,,,,
18,,,4564,,,,,,,,1.107388973236084,,,,,,,,,,,,,,,,,,,,,,,,,,,,,,,,,,,,,
18,,,4569,,,,,,,,1.0846517086029053,,,,,,,,,,,,,,,,,,,,,,,,,,,,,,,,,,,,,
18,,,4574,,,,,,,,1.1054571866989136,,,,,,,,,,,,,,,,,,,,,,,,,,,,,,,,,,,,,
18,,,4579,,,,,,,,1.0894105434417725,,,,,,,,,,,,,,,,,,,,,,,,,,,,,,,,,,,,,
18,,,4584,,,,,,,,1.0963891744613647,,,,,,,,,,,,,,,,,,,,,,,,,,,,,,,,,,,,,
18,,,4589,,,,,,,,1.086129903793335,,,,,,,,,,,,,,,,,,,,,,,,,,,,,,,,,,,,,
18,,,4594,,,,,,,,1.0955028533935547,,,,,,,,,,,,,,,,,,,,,,,,,,,,,,,,,,,,,
18,,,4599,,,,,,,,1.0884296894073486,,,,,,,,,,,,,,,,,,,,,,,,,,,,,,,,,,,,,
18,,,4604,,,,,,,,1.0890395641326904,,,,,,,,,,,,,,,,,,,,,,,,,,,,,,,,,,,,,
18,,,4609,,,,,,,,1.1946598291397095,,,,,,,,,,,,,,,,,,,,,,,,,,,,,,,,,,,,,
18,,,4614,,,,,,,,1.1067330837249756,,,,,,,,,,,,,,,,,,,,,,,,,,,,,,,,,,,,,
18,,,4619,,,,,,,,1.1246130466461182,,,,,,,,,,,,,,,,,,,,,,,,,,,,,,,,,,,,,
18,,,4624,,,,,,,,1.0988774299621582,,,,,,,,,,,,,,,,,,,,,,,,,,,,,,,,,,,,,
18,,,4629,,,,,,,,1.1093451976776123,,,,,,,,,,,,,,,,,,,,,,,,,,,,,,,,,,,,,
18,,,4634,,,,,,,,1.127494215965271,,,,,,,,,,,,,,,,,,,,,,,,,,,,,,,,,,,,,
18,,,4639,,,,,,,,1.1044588088989258,,,,,,,,,,,,,,,,,,,,,,,,,,,,,,,,,,,,,
18,,,4644,,,,,,,,1.0855050086975098,,,,,,,,,,,,,,,,,,,,,,,,,,,,,,,,,,,,,
18,,,4649,,,,,,,,1.0906791687011719,,,,,,,,,,,,,,,,,,,,,,,,,,,,,,,,,,,,,
18,,,4654,,,,,,,,1.0967936515808105,,,,,,,,,,,,,,,,,,,,,,,,,,,,,,,,,,,,,
18,,,4659,,,,,,,,1.0979351997375488,,,,,,,,,,,,,,,,,,,,,,,,,,,,,,,,,,,,,
18,,,4664,,,,,,,,1.0881112813949585,,,,,,,,,,,,,,,,,,,,,,,,,,,,,,,,,,,,,
18,,,4669,,,,,,,,1.088504672050476,,,,,,,,,,,,,,,,,,,,,,,,,,,,,,,,,,,,,
18,,,4674,,,,,,,,1.0907797813415527,,,,,,,,,,,,,,,,,,,,,,,,,,,,,,,,,,,,,
18,,,4679,,,,,,,,1.0842816829681396,,,,,,,,,,,,,,,,,,,,,,,,,,,,,,,,,,,,,
18,,,4684,,,,,,,,1.1204086542129517,,,,,,,,,,,,,,,,,,,,,,,,,,,,,,,,,,,,,
18,,,4689,,,,,,,,1.0969996452331543,,,,,,,,,,,,,,,,,,,,,,,,,,,,,,,,,,,,,
18,,,4694,,,,,,,,1.0870134830474854,,,,,,,,,,,,,,,,,,,,,,,,,,,,,,,,,,,,,
18,,,4699,,,,,,,,1.0848867893218994,,,,,,,,,,,,,,,,,,,,,,,,,,,,,,,,,,,,,
18,,,4704,,,,,,,,1.0801029205322266,,,,,,,,,,,,,,,,,,,,,,,,,,,,,,,,,,,,,
18,,,4709,,,,,,,,1.1002709865570068,,,,,,,,,,,,,,,,,,,,,,,,,,,,,,,,,,,,,
18,,,4714,,,,,,,,1.1989511251449585,,,,,,,,,,,,,,,,,,,,,,,,,,,,,,,,,,,,,
18,,,4719,,,,,,,,1.0896718502044678,,,,,,,,,,,,,,,,,,,,,,,,,,,,,,,,,,,,,
18,,,4724,,,,,,,,1.0960216522216797,,,,,,,,,,,,,,,,,,,,,,,,,,,,,,,,,,,,,
18,,,4729,,,,,,,,1.0808496475219727,,,,,,,,,,,,,,,,,,,,,,,,,,,,,,,,,,,,,
18,,,4734,,,,,,,,1.116423487663269,,,,,,,,,,,,,,,,,,,,,,,,,,,,,,,,,,,,,
18,,,4739,,,,,,,,1.0973670482635498,,,,,,,,,,,,,,,,,,,,,,,,,,,,,,,,,,,,,
18,,,4744,,,,,,,,1.1463143825531006,,,,,,,,,,,,,,,,,,,,,,,,,,,,,,,,,,,,,
18,,,4749,,,,,,,,1.126272201538086,,,,,,,,,,,,,,,,,,,,,,,,,,,,,,,,,,,,,
18,,,4749,,,,,,,,,,,0.1904240995645523,0.004325087647885084,0.6748046875,1.349609375,53.0732421875,0.6748046875,271790.65625,0.8377187848091125,0.8377187848091125,,1.0,0.2968635559082031,53.0732421875,0.6748046875,0.9391418695449829,0.0467960350215435,22118.0,0.0018394775688648224,0.00272594066336751,0.4092490077018738,0.6064702868461609,0.0054274857975542545,1475.0,0.016803493723273277,0.024901269003748894,0.2615452706813812,0.3875866234302521,0.013716984540224075,7373.0,0.004693536087870598,0.006955399177968502,0.33217987418174744,0.49226075410842896,0.016188044100999832,0.00035992596531286836
18,,20.0,4749,265777.5,0.8507966995239258,0.853243350982666,,1.1084827184677124,0.853243350982666,1.0,,0.30048829317092896,0.9154999852180481,,,,,,,,,,,,,,,,,,,,,,,,,,,,,,,,,,,
,4.06547058867883e-05,,4750,,,,,,,,,,,,,,,,,,,,,,,,,,,,,,,,,,,,,,,,,,,,,
19,,,4754,,,,,,,,1.1112383604049683,,,,,,,,,,,,,,,,,,,,,,,,,,,,,,,,,,,,,
19,,,4759,,,,,,,,1.1013892889022827,,,,,,,,,,,,,,,,,,,,,,,,,,,,,,,,,,,,,
19,,,4764,,,,,,,,1.0828955173492432,,,,,,,,,,,,,,,,,,,,,,,,,,,,,,,,,,,,,
19,,,4769,,,,,,,,1.0934395790100098,,,,,,,,,,,,,,,,,,,,,,,,,,,,,,,,,,,,,
19,,,4774,,,,,,,,1.0810449123382568,,,,,,,,,,,,,,,,,,,,,,,,,,,,,,,,,,,,,
19,,,4779,,,,,,,,1.1813485622406006,,,,,,,,,,,,,,,,,,,,,,,,,,,,,,,,,,,,,
19,,,4784,,,,,,,,1.0869636535644531,,,,,,,,,,,,,,,,,,,,,,,,,,,,,,,,,,,,,
19,,,4789,,,,,,,,1.0818393230438232,,,,,,,,,,,,,,,,,,,,,,,,,,,,,,,,,,,,,
19,,,4794,,,,,,,,1.1122546195983887,,,,,,,,,,,,,,,,,,,,,,,,,,,,,,,,,,,,,
19,,,4799,,,,,,,,1.085593342781067,,,,,,,,,,,,,,,,,,,,,,,,,,,,,,,,,,,,,
19,,,4804,,,,,,,,1.0976407527923584,,,,,,,,,,,,,,,,,,,,,,,,,,,,,,,,,,,,,
19,,,4809,,,,,,,,1.1273295879364014,,,,,,,,,,,,,,,,,,,,,,,,,,,,,,,,,,,,,
19,,,4814,,,,,,,,1.0986692905426025,,,,,,,,,,,,,,,,,,,,,,,,,,,,,,,,,,,,,
19,,,4819,,,,,,,,1.1728814840316772,,,,,,,,,,,,,,,,,,,,,,,,,,,,,,,,,,,,,
19,,,4824,,,,,,,,1.1163146495819092,,,,,,,,,,,,,,,,,,,,,,,,,,,,,,,,,,,,,
19,,,4829,,,,,,,,1.0901308059692383,,,,,,,,,,,,,,,,,,,,,,,,,,,,,,,,,,,,,
19,,,4834,,,,,,,,1.0808354616165161,,,,,,,,,,,,,,,,,,,,,,,,,,,,,,,,,,,,,
19,,,4839,,,,,,,,1.083897352218628,,,,,,,,,,,,,,,,,,,,,,,,,,,,,,,,,,,,,
19,,,4844,,,,,,,,1.1040596961975098,,,,,,,,,,,,,,,,,,,,,,,,,,,,,,,,,,,,,
19,,,4849,,,,,,,,1.0919675827026367,,,,,,,,,,,,,,,,,,,,,,,,,,,,,,,,,,,,,
19,,,4854,,,,,,,,1.0880151987075806,,,,,,,,,,,,,,,,,,,,,,,,,,,,,,,,,,,,,
19,,,4859,,,,,,,,1.082401990890503,,,,,,,,,,,,,,,,,,,,,,,,,,,,,,,,,,,,,
19,,,4864,,,,,,,,1.1100494861602783,,,,,,,,,,,,,,,,,,,,,,,,,,,,,,,,,,,,,
19,,,4869,,,,,,,,1.0844719409942627,,,,,,,,,,,,,,,,,,,,,,,,,,,,,,,,,,,,,
19,,,4874,,,,,,,,1.1027084589004517,,,,,,,,,,,,,,,,,,,,,,,,,,,,,,,,,,,,,
19,,,4879,,,,,,,,1.1121788024902344,,,,,,,,,,,,,,,,,,,,,,,,,,,,,,,,,,,,,
19,,,4884,,,,,,,,1.0910223722457886,,,,,,,,,,,,,,,,,,,,,,,,,,,,,,,,,,,,,
19,,,4889,,,,,,,,1.098892331123352,,,,,,,,,,,,,,,,,,,,,,,,,,,,,,,,,,,,,
19,,,4894,,,,,,,,1.084639549255371,,,,,,,,,,,,,,,,,,,,,,,,,,,,,,,,,,,,,
19,,,4899,,,,,,,,1.1231679916381836,,,,,,,,,,,,,,,,,,,,,,,,,,,,,,,,,,,,,
19,,,4904,,,,,,,,1.0956112146377563,,,,,,,,,,,,,,,,,,,,,,,,,,,,,,,,,,,,,
19,,,4909,,,,,,,,1.1138743162155151,,,,,,,,,,,,,,,,,,,,,,,,,,,,,,,,,,,,,
19,,,4914,,,,,,,,1.0982553958892822,,,,,,,,,,,,,,,,,,,,,,,,,,,,,,,,,,,,,
19,,,4919,,,,,,,,1.0930441617965698,,,,,,,,,,,,,,,,,,,,,,,,,,,,,,,,,,,,,
19,,,4924,,,,,,,,1.1272293329238892,,,,,,,,,,,,,,,,,,,,,,,,,,,,,,,,,,,,,
19,,,4929,,,,,,,,1.0834012031555176,,,,,,,,,,,,,,,,,,,,,,,,,,,,,,,,,,,,,
19,,,4934,,,,,,,,1.1385308504104614,,,,,,,,,,,,,,,,,,,,,,,,,,,,,,,,,,,,,
19,,,4939,,,,,,,,1.0948609113693237,,,,,,,,,,,,,,,,,,,,,,,,,,,,,,,,,,,,,
19,,,4944,,,,,,,,1.0909523963928223,,,,,,,,,,,,,,,,,,,,,,,,,,,,,,,,,,,,,
19,,,4949,,,,,,,,1.1531176567077637,,,,,,,,,,,,,,,,,,,,,,,,,,,,,,,,,,,,,
19,,,4954,,,,,,,,1.0922341346740723,,,,,,,,,,,,,,,,,,,,,,,,,,,,,,,,,,,,,
19,,,4959,,,,,,,,1.1490540504455566,,,,,,,,,,,,,,,,,,,,,,,,,,,,,,,,,,,,,
19,,,4964,,,,,,,,1.1815369129180908,,,,,,,,,,,,,,,,,,,,,,,,,,,,,,,,,,,,,
19,,,4969,,,,,,,,1.1094144582748413,,,,,,,,,,,,,,,,,,,,,,,,,,,,,,,,,,,,,
19,,,4974,,,,,,,,1.0946886539459229,,,,,,,,,,,,,,,,,,,,,,,,,,,,,,,,,,,,,
19,,,4979,,,,,,,,1.0896565914154053,,,,,,,,,,,,,,,,,,,,,,,,,,,,,,,,,,,,,
19,,,4984,,,,,,,,1.1065462827682495,,,,,,,,,,,,,,,,,,,,,,,,,,,,,,,,,,,,,
19,,,4989,,,,,,,,1.0959272384643555,,,,,,,,,,,,,,,,,,,,,,,,,,,,,,,,,,,,,
19,,,4994,,,,,,,,1.1363619565963745,,,,,,,,,,,,,,,,,,,,,,,,,,,,,,,,,,,,,
19,,,4999,,,,,,,,1.1033365726470947,,,,,,,,,,,,,,,,,,,,,,,,,,,,,,,,,,,,,
19,,,4999,,,,,,,,,,,0.19572407007217407,0.004371258430182934,0.6748046875,1.349609375,53.0732421875,0.6748046875,271790.65625,0.837820291519165,0.837820291519165,,1.0,0.29985809326171875,53.0732421875,0.6748046875,0.9307122230529785,0.046996958553791046,22118.0,0.0018377101514488459,0.0027233215514570475,0.4145635664463043,0.6143459677696228,0.005422605201601982,1475.0,0.016867052763700485,0.024995457381010056,0.2647663950920105,0.39236003160476685,0.013738380745053291,7373.0,0.004698967561125755,0.006963448133319616,0.3424450159072876,0.5074727535247803,0.016232209280133247,0.00035992596531286836
19,,20.0,4999,266116.90625,0.8514044284820557,0.8526502251625061,,1.10807204246521,0.8526502251625061,1.0,,0.2997050881385803,0.9164999723434448,,,,,,,,,,,,,,,,,,,,,,,,,,,,,,,,,,,
,2.86474508437579e-05,,5000,,,,,,,,,,,,,,,,,,,,,,,,,,,,,,,,,,,,,,,,,,,,,
20,,,5004,,,,,,,,1.0857329368591309,,,,,,,,,,,,,,,,,,,,,,,,,,,,,,,,,,,,,
20,,,5009,,,,,,,,1.116328239440918,,,,,,,,,,,,,,,,,,,,,,,,,,,,,,,,,,,,,
20,,,5014,,,,,,,,1.0884584188461304,,,,,,,,,,,,,,,,,,,,,,,,,,,,,,,,,,,,,
20,,,5019,,,,,,,,1.1103099584579468,,,,,,,,,,,,,,,,,,,,,,,,,,,,,,,,,,,,,
20,,,5024,,,,,,,,1.0810198783874512,,,,,,,,,,,,,,,,,,,,,,,,,,,,,,,,,,,,,
20,,,5029,,,,,,,,1.0819408893585205,,,,,,,,,,,,,,,,,,,,,,,,,,,,,,,,,,,,,
20,,,5034,,,,,,,,1.136339545249939,,,,,,,,,,,,,,,,,,,,,,,,,,,,,,,,,,,,,
20,,,5039,,,,,,,,1.0865061283111572,,,,,,,,,,,,,,,,,,,,,,,,,,,,,,,,,,,,,
20,,,5044,,,,,,,,1.094248652458191,,,,,,,,,,,,,,,,,,,,,,,,,,,,,,,,,,,,,
20,,,5049,,,,,,,,1.0980699062347412,,,,,,,,,,,,,,,,,,,,,,,,,,,,,,,,,,,,,
20,,,5054,,,,,,,,1.0967868566513062,,,,,,,,,,,,,,,,,,,,,,,,,,,,,,,,,,,,,
20,,,5059,,,,,,,,1.0931596755981445,,,,,,,,,,,,,,,,,,,,,,,,,,,,,,,,,,,,,
20,,,5064,,,,,,,,1.1336091756820679,,,,,,,,,,,,,,,,,,,,,,,,,,,,,,,,,,,,,
20,,,5069,,,,,,,,1.089540719985962,,,,,,,,,,,,,,,,,,,,,,,,,,,,,,,,,,,,,
20,,,5074,,,,,,,,1.0850661993026733,,,,,,,,,,,,,,,,,,,,,,,,,,,,,,,,,,,,,
20,,,5079,,,,,,,,1.086734652519226,,,,,,,,,,,,,,,,,,,,,,,,,,,,,,,,,,,,,
20,,,5084,,,,,,,,1.1055233478546143,,,,,,,,,,,,,,,,,,,,,,,,,,,,,,,,,,,,,
20,,,5089,,,,,,,,1.105421543121338,,,,,,,,,,,,,,,,,,,,,,,,,,,,,,,,,,,,,
20,,,5094,,,,,,,,1.243109107017517,,,,,,,,,,,,,,,,,,,,,,,,,,,,,,,,,,,,,
20,,,5099,,,,,,,,1.147788405418396,,,,,,,,,,,,,,,,,,,,,,,,,,,,,,,,,,,,,
20,,,5104,,,,,,,,1.0950753688812256,,,,,,,,,,,,,,,,,,,,,,,,,,,,,,,,,,,,,
20,,,5109,,,,,,,,1.0919177532196045,,,,,,,,,,,,,,,,,,,,,,,,,,,,,,,,,,,,,
20,,,5114,,,,,,,,1.1270211935043335,,,,,,,,,,,,,,,,,,,,,,,,,,,,,,,,,,,,,
20,,,5119,,,,,,,,1.0806844234466553,,,,,,,,,,,,,,,,,,,,,,,,,,,,,,,,,,,,,
20,,,5124,,,,,,,,1.1048681735992432,,,,,,,,,,,,,,,,,,,,,,,,,,,,,,,,,,,,,
20,,,5129,,,,,,,,1.1253467798233032,,,,,,,,,,,,,,,,,,,,,,,,,,,,,,,,,,,,,
20,,,5134,,,,,,,,1.0923067331314087,,,,,,,,,,,,,,,,,,,,,,,,,,,,,,,,,,,,,
20,,,5139,,,,,,,,1.0801018476486206,,,,,,,,,,,,,,,,,,,,,,,,,,,,,,,,,,,,,
20,,,5144,,,,,,,,1.1078646183013916,,,,,,,,,,,,,,,,,,,,,,,,,,,,,,,,,,,,,
20,,,5149,,,,,,,,1.1053237915039062,,,,,,,,,,,,,,,,,,,,,,,,,,,,,,,,,,,,,
20,,,5154,,,,,,,,1.2965965270996094,,,,,,,,,,,,,,,,,,,,,,,,,,,,,,,,,,,,,
20,,,5159,,,,,,,,1.0805584192276,,,,,,,,,,,,,,,,,,,,,,,,,,,,,,,,,,,,,
20,,,5164,,,,,,,,1.0818814039230347,,,,,,,,,,,,,,,,,,,,,,,,,,,,,,,,,,,,,
20,,,5169,,,,,,,,1.0825809240341187,,,,,,,,,,,,,,,,,,,,,,,,,,,,,,,,,,,,,
20,,,5174,,,,,,,,1.4606451988220215,,,,,,,,,,,,,,,,,,,,,,,,,,,,,,,,,,,,,
20,,,5179,,,,,,,,1.1313899755477905,,,,,,,,,,,,,,,,,,,,,,,,,,,,,,,,,,,,,
20,,,5184,,,,,,,,1.115463376045227,,,,,,,,,,,,,,,,,,,,,,,,,,,,,,,,,,,,,
20,,,5189,,,,,,,,1.1016621589660645,,,,,,,,,,,,,,,,,,,,,,,,,,,,,,,,,,,,,
20,,,5194,,,,,,,,1.0812351703643799,,,,,,,,,,,,,,,,,,,,,,,,,,,,,,,,,,,,,
20,,,5199,,,,,,,,1.0999255180358887,,,,,,,,,,,,,,,,,,,,,,,,,,,,,,,,,,,,,
20,,,5204,,,,,,,,1.083414912223816,,,,,,,,,,,,,,,,,,,,,,,,,,,,,,,,,,,,,
20,,,5209,,,,,,,,1.1008448600769043,,,,,,,,,,,,,,,,,,,,,,,,,,,,,,,,,,,,,
20,,,5214,,,,,,,,1.081542730331421,,,,,,,,,,,,,,,,,,,,,,,,,,,,,,,,,,,,,
20,,,5219,,,,,,,,1.1055725812911987,,,,,,,,,,,,,,,,,,,,,,,,,,,,,,,,,,,,,
20,,,5224,,,,,,,,1.0940685272216797,,,,,,,,,,,,,,,,,,,,,,,,,,,,,,,,,,,,,
20,,,5229,,,,,,,,1.1009491682052612,,,,,,,,,,,,,,,,,,,,,,,,,,,,,,,,,,,,,
20,,,5234,,,,,,,,1.0847203731536865,,,,,,,,,,,,,,,,,,,,,,,,,,,,,,,,,,,,,
20,,,5239,,,,,,,,1.0871392488479614,,,,,,,,,,,,,,,,,,,,,,,,,,,,,,,,,,,,,
20,,,5244,,,,,,,,1.0947983264923096,,,,,,,,,,,,,,,,,,,,,,,,,,,,,,,,,,,,,
20,,,5249,,,,,,,,1.0996018648147583,,,,,,,,,,,,,,,,,,,,,,,,,,,,,,,,,,,,,
20,,,5249,,,,,,,,,,,0.193885937333107,0.004313891753554344,0.6748046875,1.349609375,53.0732421875,0.6748046875,271790.65625,0.8376670479774475,0.8376670479774475,,1.0,0.2944526672363281,53.0732421875,0.6748046875,0.9490372538566589,0.04692188650369644,22118.0,0.0018489707726985216,0.002740008756518364,0.41645723581314087,0.617152214050293,0.005455795209854841,1475.0,0.016847189515829086,0.02496602199971676,0.26261165738105774,0.3891668915748596,0.013806610368192196,7373.0,0.004723603371530771,0.006999955978244543,0.3373841941356659,0.4999730885028839,0.016254257410764694,0.00035992596531286836
20,,20.0,5249,266216.03125,0.8514909744262695,0.8538733720779419,,1.1093207597732544,0.8538733720779419,1.0,,0.3001328110694885,0.9114999771118164,,,,,,,,,,,,,,,,,,,,,,,,,,,,,,,,,,,
,1.8553997993420465e-05,,5250,,,,,,,,,,,,,,,,,,,,,,,,,,,,,,,,,,,,,,,,,,,,,
21,,,5254,,,,,,,,1.135330319404602,,,,,,,,,,,,,,,,,,,,,,,,,,,,,,,,,,,,,
21,,,5259,,,,,,,,1.082259178161621,,,,,,,,,,,,,,,,,,,,,,,,,,,,,,,,,,,,,
21,,,5264,,,,,,,,1.113412857055664,,,,,,,,,,,,,,,,,,,,,,,,,,,,,,,,,,,,,
21,,,5269,,,,,,,,1.0967551469802856,,,,,,,,,,,,,,,,,,,,,,,,,,,,,,,,,,,,,
21,,,5274,,,,,,,,1.10237717628479,,,,,,,,,,,,,,,,,,,,,,,,,,,,,,,,,,,,,
21,,,5279,,,,,,,,1.0819443464279175,,,,,,,,,,,,,,,,,,,,,,,,,,,,,,,,,,,,,
21,,,5284,,,,,,,,1.0879942178726196,,,,,,,,,,,,,,,,,,,,,,,,,,,,,,,,,,,,,
21,,,5289,,,,,,,,1.0857250690460205,,,,,,,,,,,,,,,,,,,,,,,,,,,,,,,,,,,,,
21,,,5294,,,,,,,,1.122558832168579,,,,,,,,,,,,,,,,,,,,,,,,,,,,,,,,,,,,,
21,,,5299,,,,,,,,1.0954004526138306,,,,,,,,,,,,,,,,,,,,,,,,,,,,,,,,,,,,,
21,,,5304,,,,,,,,1.140055775642395,,,,,,,,,,,,,,,,,,,,,,,,,,,,,,,,,,,,,
21,,,5309,,,,,,,,1.0930358171463013,,,,,,,,,,,,,,,,,,,,,,,,,,,,,,,,,,,,,
21,,,5314,,,,,,,,1.099163293838501,,,,,,,,,,,,,,,,,,,,,,,,,,,,,,,,,,,,,
21,,,5319,,,,,,,,1.0892250537872314,,,,,,,,,,,,,,,,,,,,,,,,,,,,,,,,,,,,,
21,,,5324,,,,,,,,1.092656135559082,,,,,,,,,,,,,,,,,,,,,,,,,,,,,,,,,,,,,
21,,,5329,,,,,,,,1.1159614324569702,,,,,,,,,,,,,,,,,,,,,,,,,,,,,,,,,,,,,
21,,,5334,,,,,,,,1.15977942943573,,,,,,,,,,,,,,,,,,,,,,,,,,,,,,,,,,,,,
21,,,5339,,,,,,,,1.0868934392929077,,,,,,,,,,,,,,,,,,,,,,,,,,,,,,,,,,,,,
21,,,5344,,,,,,,,1.0861828327178955,,,,,,,,,,,,,,,,,,,,,,,,,,,,,,,,,,,,,
21,,,5349,,,,,,,,1.0863122940063477,,,,,,,,,,,,,,,,,,,,,,,,,,,,,,,,,,,,,
21,,,5354,,,,,,,,1.1095266342163086,,,,,,,,,,,,,,,,,,,,,,,,,,,,,,,,,,,,,
21,,,5359,,,,,,,,1.0940698385238647,,,,,,,,,,,,,,,,,,,,,,,,,,,,,,,,,,,,,
21,,,5364,,,,,,,,1.093502163887024,,,,,,,,,,,,,,,,,,,,,,,,,,,,,,,,,,,,,
21,,,5369,,,,,,,,1.0801270008087158,,,,,,,,,,,,,,,,,,,,,,,,,,,,,,,,,,,,,
21,,,5374,,,,,,,,1.139205813407898,,,,,,,,,,,,,,,,,,,,,,,,,,,,,,,,,,,,,
21,,,5379,,,,,,,,1.1054414510726929,,,,,,,,,,,,,,,,,,,,,,,,,,,,,,,,,,,,,
21,,,5384,,,,,,,,1.091345191001892,,,,,,,,,,,,,,,,,,,,,,,,,,,,,,,,,,,,,
21,,,5389,,,,,,,,1.0907400846481323,,,,,,,,,,,,,,,,,,,,,,,,,,,,,,,,,,,,,
21,,,5394,,,,,,,,1.0817984342575073,,,,,,,,,,,,,,,,,,,,,,,,,,,,,,,,,,,,,
21,,,5399,,,,,,,,1.1166677474975586,,,,,,,,,,,,,,,,,,,,,,,,,,,,,,,,,,,,,
21,,,5404,,,,,,,,1.13724946975708,,,,,,,,,,,,,,,,,,,,,,,,,,,,,,,,,,,,,
21,,,5409,,,,,,,,1.0838918685913086,,,,,,,,,,,,,,,,,,,,,,,,,,,,,,,,,,,,,
21,,,5414,,,,,,,,1.0857560634613037,,,,,,,,,,,,,,,,,,,,,,,,,,,,,,,,,,,,,
21,,,5419,,,,,,,,1.0811541080474854,,,,,,,,,,,,,,,,,,,,,,,,,,,,,,,,,,,,,
21,,,5424,,,,,,,,1.158629059791565,,,,,,,,,,,,,,,,,,,,,,,,,,,,,,,,,,,,,
21,,,5429,,,,,,,,1.1479485034942627,,,,,,,,,,,,,,,,,,,,,,,,,,,,,,,,,,,,,
21,,,5434,,,,,,,,1.1436913013458252,,,,,,,,,,,,,,,,,,,,,,,,,,,,,,,,,,,,,
21,,,5439,,,,,,,,1.0891155004501343,,,,,,,,,,,,,,,,,,,,,,,,,,,,,,,,,,,,,
21,,,5444,,,,,,,,1.0949349403381348,,,,,,,,,,,,,,,,,,,,,,,,,,,,,,,,,,,,,
21,,,5449,,,,,,,,1.1207557916641235,,,,,,,,,,,,,,,,,,,,,,,,,,,,,,,,,,,,,
21,,,5454,,,,,,,,1.1065471172332764,,,,,,,,,,,,,,,,,,,,,,,,,,,,,,,,,,,,,
21,,,5459,,,,,,,,1.0943725109100342,,,,,,,,,,,,,,,,,,,,,,,,,,,,,,,,,,,,,
21,,,5464,,,,,,,,1.0900934934616089,,,,,,,,,,,,,,,,,,,,,,,,,,,,,,,,,,,,,
21,,,5469,,,,,,,,1.1146279573440552,,,,,,,,,,,,,,,,,,,,,,,,,,,,,,,,,,,,,
21,,,5474,,,,,,,,1.0938860177993774,,,,,,,,,,,,,,,,,,,,,,,,,,,,,,,,,,,,,
21,,,5479,,,,,,,,1.0929296016693115,,,,,,,,,,,,,,,,,,,,,,,,,,,,,,,,,,,,,
21,,,5484,,,,,,,,1.0891034603118896,,,,,,,,,,,,,,,,,,,,,,,,,,,,,,,,,,,,,
21,,,5489,,,,,,,,1.1508004665374756,,,,,,,,,,,,,,,,,,,,,,,,,,,,,,,,,,,,,
21,,,5494,,,,,,,,1.0890456438064575,,,,,,,,,,,,,,,,,,,,,,,,,,,,,,,,,,,,,
21,,,5499,,,,,,,,1.098752737045288,,,,,,,,,,,,,,,,,,,,,,,,,,,,,,,,,,,,,
21,,,5499,,,,,,,,,,,0.1973758190870285,0.004531874321401119,0.6748046875,1.349609375,53.0732421875,0.6748046875,271790.65625,0.8376789093017578,0.8376789093017578,,1.0,0.29663848876953125,53.0732421875,0.6748046875,0.9464349746704102,0.04715266823768616,22118.0,0.0018495445838198066,0.002740859054028988,0.41926491260528564,0.6213129758834839,0.005457642022520304,1475.0,0.016925320029258728,0.025081804022192955,0.2650584578514099,0.39279285073280334,0.013838881626725197,7373.0,0.004734331276267767,0.007015854120254517,0.33977842330932617,0.5035211443901062,0.01631101965904236,0.00035992596531286836
21,,20.0,5499,265192.21875,0.8512883186340332,0.8542004227638245,,1.1095879077911377,0.8542004227638245,1.0,,0.3004707098007202,0.9200000166893005,,,,,,,,,,,,,,,,,,,,,,,,,,,,,,,,,,,
,1.05335271167623e-05,,5500,,,,,,,,,,,,,,,,,,,,,,,,,,,,,,,,,,,,,,,,,,,,,
22,,,5504,,,,,,,,1.0807642936706543,,,,,,,,,,,,,,,,,,,,,,,,,,,,,,,,,,,,,
22,,,5509,,,,,,,,1.1124498844146729,,,,,,,,,,,,,,,,,,,,,,,,,,,,,,,,,,,,,
22,,,5514,,,,,,,,1.1324927806854248,,,,,,,,,,,,,,,,,,,,,,,,,,,,,,,,,,,,,
22,,,5519,,,,,,,,1.0908453464508057,,,,,,,,,,,,,,,,,,,,,,,,,,,,,,,,,,,,,
22,,,5524,,,,,,,,1.0871186256408691,,,,,,,,,,,,,,,,,,,,,,,,,,,,,,,,,,,,,
22,,,5529,,,,,,,,1.09918212890625,,,,,,,,,,,,,,,,,,,,,,,,,,,,,,,,,,,,,
22,,,5534,,,,,,,,1.0908437967300415,,,,,,,,,,,,,,,,,,,,,,,,,,,,,,,,,,,,,
22,,,5539,,,,,,,,1.1232426166534424,,,,,,,,,,,,,,,,,,,,,,,,,,,,,,,,,,,,,
22,,,5544,,,,,,,,1.1250216960906982,,,,,,,,,,,,,,,,,,,,,,,,,,,,,,,,,,,,,
22,,,5549,,,,,,,,1.1105419397354126,,,,,,,,,,,,,,,,,,,,,,,,,,,,,,,,,,,,,
22,,,5554,,,,,,,,1.0907173156738281,,,,,,,,,,,,,,,,,,,,,,,,,,,,,,,,,,,,,
22,,,5559,,,,,,,,1.0953303575515747,,,,,,,,,,,,,,,,,,,,,,,,,,,,,,,,,,,,,
22,,,5564,,,,,,,,1.0989800691604614,,,,,,,,,,,,,,,,,,,,,,,,,,,,,,,,,,,,,
22,,,5569,,,,,,,,1.1315284967422485,,,,,,,,,,,,,,,,,,,,,,,,,,,,,,,,,,,,,
22,,,5574,,,,,,,,1.0924601554870605,,,,,,,,,,,,,,,,,,,,,,,,,,,,,,,,,,,,,
22,,,5579,,,,,,,,1.0814781188964844,,,,,,,,,,,,,,,,,,,,,,,,,,,,,,,,,,,,,
22,,,5584,,,,,,,,1.086769938468933,,,,,,,,,,,,,,,,,,,,,,,,,,,,,,,,,,,,,
22,,,5589,,,,,,,,1.130905270576477,,,,,,,,,,,,,,,,,,,,,,,,,,,,,,,,,,,,,
22,,,5594,,,,,,,,1.1029058694839478,,,,,,,,,,,,,,,,,,,,,,,,,,,,,,,,,,,,,
22,,,5599,,,,,,,,1.089111328125,,,,,,,,,,,,,,,,,,,,,,,,,,,,,,,,,,,,,
22,,,5604,,,,,,,,1.0863012075424194,,,,,,,,,,,,,,,,,,,,,,,,,,,,,,,,,,,,,
22,,,5609,,,,,,,,1.1888055801391602,,,,,,,,,,,,,,,,,,,,,,,,,,,,,,,,,,,,,
22,,,5614,,,,,,,,1.0909048318862915,,,,,,,,,,,,,,,,,,,,,,,,,,,,,,,,,,,,,
22,,,5619,,,,,,,,1.0833656787872314,,,,,,,,,,,,,,,,,,,,,,,,,,,,,,,,,,,,,
22,,,5624,,,,,,,,1.0930551290512085,,,,,,,,,,,,,,,,,,,,,,,,,,,,,,,,,,,,,
22,,,5629,,,,,,,,1.0820924043655396,,,,,,,,,,,,,,,,,,,,,,,,,,,,,,,,,,,,,
22,,,5634,,,,,,,,1.1209213733673096,,,,,,,,,,,,,,,,,,,,,,,,,,,,,,,,,,,,,
22,,,5639,,,,,,,,1.1199491024017334,,,,,,,,,,,,,,,,,,,,,,,,,,,,,,,,,,,,,
22,,,5644,,,,,,,,1.0946569442749023,,,,,,,,,,,,,,,,,,,,,,,,,,,,,,,,,,,,,
22,,,5649,,,,,,,,1.0912270545959473,,,,,,,,,,,,,,,,,,,,,,,,,,,,,,,,,,,,,
22,,,5654,,,,,,,,1.1729555130004883,,,,,,,,,,,,,,,,,,,,,,,,,,,,,,,,,,,,,
22,,,5659,,,,,,,,1.0895822048187256,,,,,,,,,,,,,,,,,,,,,,,,,,,,,,,,,,,,,
22,,,5664,,,,,,,,1.0914257764816284,,,,,,,,,,,,,,,,,,,,,,,,,,,,,,,,,,,,,
22,,,5669,,,,,,,,1.0859107971191406,,,,,,,,,,,,,,,,,,,,,,,,,,,,,,,,,,,,,
22,,,5674,,,,,,,,1.089706540107727,,,,,,,,,,,,,,,,,,,,,,,,,,,,,,,,,,,,,
22,,,5679,,,,,,,,1.0832202434539795,,,,,,,,,,,,,,,,,,,,,,,,,,,,,,,,,,,,,
22,,,5684,,,,,,,,1.1223454475402832,,,,,,,,,,,,,,,,,,,,,,,,,,,,,,,,,,,,,
22,,,5689,,,,,,,,1.0883971452713013,,,,,,,,,,,,,,,,,,,,,,,,,,,,,,,,,,,,,
22,,,5694,,,,,,,,1.0860828161239624,,,,,,,,,,,,,,,,,,,,,,,,,,,,,,,,,,,,,
22,,,5699,,,,,,,,1.096832275390625,,,,,,,,,,,,,,,,,,,,,,,,,,,,,,,,,,,,,
22,,,5704,,,,,,,,1.0865951776504517,,,,,,,,,,,,,,,,,,,,,,,,,,,,,,,,,,,,,
22,,,5709,,,,,,,,1.0856974124908447,,,,,,,,,,,,,,,,,,,,,,,,,,,,,,,,,,,,,
22,,,5714,,,,,,,,1.1089648008346558,,,,,,,,,,,,,,,,,,,,,,,,,,,,,,,,,,,,,
22,,,5719,,,,,,,,1.1356000900268555,,,,,,,,,,,,,,,,,,,,,,,,,,,,,,,,,,,,,
22,,,5724,,,,,,,,1.0881707668304443,,,,,,,,,,,,,,,,,,,,,,,,,,,,,,,,,,,,,
22,,,5729,,,,,,,,1.0968880653381348,,,,,,,,,,,,,,,,,,,,,,,,,,,,,,,,,,,,,
22,,,5734,,,,,,,,1.1000258922576904,,,,,,,,,,,,,,,,,,,,,,,,,,,,,,,,,,,,,
22,,,5739,,,,,,,,1.0928980112075806,,,,,,,,,,,,,,,,,,,,,,,,,,,,,,,,,,,,,
22,,,5744,,,,,,,,1.082784652709961,,,,,,,,,,,,,,,,,,,,,,,,,,,,,,,,,,,,,
22,,,5749,,,,,,,,1.099753737449646,,,,,,,,,,,,,,,,,,,,,,,,,,,,,,,,,,,,,
22,,,5749,,,,,,,,,,,0.19899892807006836,0.00436391681432724,0.6748046875,1.349609375,53.0732421875,0.6748046875,271790.65625,0.8376224637031555,0.8376224637031555,,1.0,0.29378509521484375,53.0732421875,0.6748046875,0.9463431239128113,0.047116074711084366,22118.0,0.0018502953462302685,0.002741971518844366,0.41478022933006287,0.6146670579910278,0.005459588021039963,1475.0,0.016912072896957397,0.02506217360496521,0.2648795545101166,0.3925277292728424,0.013818006962537766,7373.0,0.004727176856249571,0.007005251944065094,0.3393324613571167,0.5028602480888367,0.016298411414027214,0.00035992596531286836
22,,20.0,5749,265541.09375,0.8498519062995911,0.8520738482475281,,1.1070302724838257,0.8520738482475281,1.0,,0.3000136613845825,0.9154999852180481,,,,,,,,,,,,,,,,,,,,,,,,,,,,,,,,,,,
,4.712525830705356e-06,,5750,,,,,,,,,,,,,,,,,,,,,,,,,,,,,,,,,,,,,,,,,,,,,
23,,,5754,,,,,,,,1.2477115392684937,,,,,,,,,,,,,,,,,,,,,,,,,,,,,,,,,,,,,
23,,,5759,,,,,,,,1.1002142429351807,,,,,,,,,,,,,,,,,,,,,,,,,,,,,,,,,,,,,
23,,,5764,,,,,,,,1.0855488777160645,,,,,,,,,,,,,,,,,,,,,,,,,,,,,,,,,,,,,
23,,,5769,,,,,,,,1.09351646900177,,,,,,,,,,,,,,,,,,,,,,,,,,,,,,,,,,,,,
23,,,5774,,,,,,,,1.0950984954833984,,,,,,,,,,,,,,,,,,,,,,,,,,,,,,,,,,,,,
23,,,5779,,,,,,,,1.0910720825195312,,,,,,,,,,,,,,,,,,,,,,,,,,,,,,,,,,,,,
23,,,5784,,,,,,,,1.0819684267044067,,,,,,,,,,,,,,,,,,,,,,,,,,,,,,,,,,,,,
23,,,5789,,,,,,,,1.142076015472412,,,,,,,,,,,,,,,,,,,,,,,,,,,,,,,,,,,,,
23,,,5794,,,,,,,,1.0957518815994263,,,,,,,,,,,,,,,,,,,,,,,,,,,,,,,,,,,,,
23,,,5799,,,,,,,,1.0940133333206177,,,,,,,,,,,,,,,,,,,,,,,,,,,,,,,,,,,,,
23,,,5804,,,,,,,,1.0883452892303467,,,,,,,,,,,,,,,,,,,,,,,,,,,,,,,,,,,,,
23,,,5809,,,,,,,,1.0934556722640991,,,,,,,,,,,,,,,,,,,,,,,,,,,,,,,,,,,,,
23,,,5814,,,,,,,,1.084922194480896,,,,,,,,,,,,,,,,,,,,,,,,,,,,,,,,,,,,,
23,,,5819,,,,,,,,1.1059956550598145,,,,,,,,,,,,,,,,,,,,,,,,,,,,,,,,,,,,,
23,,,5824,,,,,,,,1.0801255702972412,,,,,,,,,,,,,,,,,,,,,,,,,,,,,,,,,,,,,
23,,,5829,,,,,,,,1.093063473701477,,,,,,,,,,,,,,,,,,,,,,,,,,,,,,,,,,,,,
23,,,5834,,,,,,,,1.1169264316558838,,,,,,,,,,,,,,,,,,,,,,,,,,,,,,,,,,,,,
23,,,5839,,,,,,,,1.0810973644256592,,,,,,,,,,,,,,,,,,,,,,,,,,,,,,,,,,,,,
23,,,5844,,,,,,,,1.0800670385360718,,,,,,,,,,,,,,,,,,,,,,,,,,,,,,,,,,,,,
23,,,5849,,,,,,,,1.0906380414962769,,,,,,,,,,,,,,,,,,,,,,,,,,,,,,,,,,,,,
23,,,5854,,,,,,,,1.1829220056533813,,,,,,,,,,,,,,,,,,,,,,,,,,,,,,,,,,,,,
23,,,5859,,,,,,,,1.1033498048782349,,,,,,,,,,,,,,,,,,,,,,,,,,,,,,,,,,,,,
23,,,5864,,,,,,,,1.1194710731506348,,,,,,,,,,,,,,,,,,,,,,,,,,,,,,,,,,,,,
23,,,5869,,,,,,,,1.114652395248413,,,,,,,,,,,,,,,,,,,,,,,,,,,,,,,,,,,,,
23,,,5874,,,,,,,,1.096543312072754,,,,,,,,,,,,,,,,,,,,,,,,,,,,,,,,,,,,,
23,,,5879,,,,,,,,1.1468994617462158,,,,,,,,,,,,,,,,,,,,,,,,,,,,,,,,,,,,,
23,,,5884,,,,,,,,1.0899821519851685,,,,,,,,,,,,,,,,,,,,,,,,,,,,,,,,,,,,,
23,,,5889,,,,,,,,1.1172029972076416,,,,,,,,,,,,,,,,,,,,,,,,,,,,,,,,,,,,,
23,,,5894,,,,,,,,1.0958205461502075,,,,,,,,,,,,,,,,,,,,,,,,,,,,,,,,,,,,,
23,,,5899,,,,,,,,1.121026873588562,,,,,,,,,,,,,,,,,,,,,,,,,,,,,,,,,,,,,
23,,,5904,,,,,,,,1.162990927696228,,,,,,,,,,,,,,,,,,,,,,,,,,,,,,,,,,,,,
23,,,5909,,,,,,,,1.092670202255249,,,,,,,,,,,,,,,,,,,,,,,,,,,,,,,,,,,,,
23,,,5914,,,,,,,,1.1011258363723755,,,,,,,,,,,,,,,,,,,,,,,,,,,,,,,,,,,,,
23,,,5919,,,,,,,,1.0824910402297974,,,,,,,,,,,,,,,,,,,,,,,,,,,,,,,,,,,,,
23,,,5924,,,,,,,,1.1120378971099854,,,,,,,,,,,,,,,,,,,,,,,,,,,,,,,,,,,,,
23,,,5929,,,,,,,,1.1647878885269165,,,,,,,,,,,,,,,,,,,,,,,,,,,,,,,,,,,,,
23,,,5934,,,,,,,,1.0853155851364136,,,,,,,,,,,,,,,,,,,,,,,,,,,,,,,,,,,,,
23,,,5939,,,,,,,,1.0810956954956055,,,,,,,,,,,,,,,,,,,,,,,,,,,,,,,,,,,,,
23,,,5944,,,,,,,,1.0818312168121338,,,,,,,,,,,,,,,,,,,,,,,,,,,,,,,,,,,,,
23,,,5949,,,,,,,,1.0935465097427368,,,,,,,,,,,,,,,,,,,,,,,,,,,,,,,,,,,,,
23,,,5954,,,,,,,,1.1597117185592651,,,,,,,,,,,,,,,,,,,,,,,,,,,,,,,,,,,,,
23,,,5959,,,,,,,,1.080317735671997,,,,,,,,,,,,,,,,,,,,,,,,,,,,,,,,,,,,,
23,,,5964,,,,,,,,1.1718800067901611,,,,,,,,,,,,,,,,,,,,,,,,,,,,,,,,,,,,,
23,,,5969,,,,,,,,1.2019541263580322,,,,,,,,,,,,,,,,,,,,,,,,,,,,,,,,,,,,,
23,,,5974,,,,,,,,1.0984078645706177,,,,,,,,,,,,,,,,,,,,,,,,,,,,,,,,,,,,,
23,,,5979,,,,,,,,1.1422497034072876,,,,,,,,,,,,,,,,,,,,,,,,,,,,,,,,,,,,,
23,,,5984,,,,,,,,1.3137699365615845,,,,,,,,,,,,,,,,,,,,,,,,,,,,,,,,,,,,,
23,,,5989,,,,,,,,1.13373601436615,,,,,,,,,,,,,,,,,,,,,,,,,,,,,,,,,,,,,
23,,,5994,,,,,,,,1.1049208641052246,,,,,,,,,,,,,,,,,,,,,,,,,,,,,,,,,,,,,
23,,,5999,,,,,,,,1.08659029006958,,,,,,,,,,,,,,,,,,,,,,,,,,,,,,,,,,,,,
23,,,5999,,,,,,,,,,,0.19969302415847778,0.0044636353850364685,0.6748046875,1.349609375,53.0732421875,0.6748046875,271790.65625,0.8376595377922058,0.8376595377922058,,1.0,0.29412841796875,53.0732421875,0.6748046875,0.9395186901092529,0.04711241275072098,22118.0,0.0018476909026503563,0.0027381121180951595,0.411199152469635,0.6093602180480957,0.005451727192848921,1475.0,0.016918033361434937,0.025071006268262863,0.2630874514579773,0.3898719847202301,0.013789850287139416,7373.0,0.004717773292213678,0.006991316564381123,0.3374647796154022,0.5000925064086914,0.016285302117466927,0.00035992596531286836
23,,20.0,5999,264186.875,0.8511992692947388,0.8535558581352234,,1.1089165210723877,0.8535558581352234,1.0,,0.30098241567611694,0.9194999933242798,,,,,,,,,,,,,,,,,,,,,,,,,,,,,,,,,,,
,1.1827948028283355e-06,,6000,,,,,,,,,,,,,,,,,,,,,,,,,,,,,,,,,,,,,,,,,,,,,
24,,,6004,,,,,,,,1.1817409992218018,,,,,,,,,,,,,,,,,,,,,,,,,,,,,,,,,,,,,
24,,,6009,,,,,,,,1.083855390548706,,,,,,,,,,,,,,,,,,,,,,,,,,,,,,,,,,,,,
24,,,6014,,,,,,,,1.1265515089035034,,,,,,,,,,,,,,,,,,,,,,,,,,,,,,,,,,,,,
24,,,6019,,,,,,,,1.1959720849990845,,,,,,,,,,,,,,,,,,,,,,,,,,,,,,,,,,,,,
24,,,6024,,,,,,,,1.1117920875549316,,,,,,,,,,,,,,,,,,,,,,,,,,,,,,,,,,,,,
24,,,6029,,,,,,,,1.0907983779907227,,,,,,,,,,,,,,,,,,,,,,,,,,,,,,,,,,,,,
24,,,6034,,,,,,,,1.0833168029785156,,,,,,,,,,,,,,,,,,,,,,,,,,,,,,,,,,,,,
24,,,6039,,,,,,,,1.092896819114685,,,,,,,,,,,,,,,,,,,,,,,,,,,,,,,,,,,,,
24,,,6044,,,,,,,,1.1139202117919922,,,,,,,,,,,,,,,,,,,,,,,,,,,,,,,,,,,,,
24,,,6049,,,,,,,,1.1030237674713135,,,,,,,,,,,,,,,,,,,,,,,,,,,,,,,,,,,,,
24,,,6054,,,,,,,,1.102529525756836,,,,,,,,,,,,,,,,,,,,,,,,,,,,,,,,,,,,,
24,,,6059,,,,,,,,1.1003315448760986,,,,,,,,,,,,,,,,,,,,,,,,,,,,,,,,,,,,,
24,,,6064,,,,,,,,1.096221923828125,,,,,,,,,,,,,,,,,,,,,,,,,,,,,,,,,,,,,
24,,,6069,,,,,,,,1.0954675674438477,,,,,,,,,,,,,,,,,,,,,,,,,,,,,,,,,,,,,
24,,,6074,,,,,,,,1.084421992301941,,,,,,,,,,,,,,,,,,,,,,,,,,,,,,,,,,,,,
24,,,6079,,,,,,,,1.0919888019561768,,,,,,,,,,,,,,,,,,,,,,,,,,,,,,,,,,,,,
24,,,6084,,,,,,,,1.1574057340621948,,,,,,,,,,,,,,,,,,,,,,,,,,,,,,,,,,,,,
24,,,6089,,,,,,,,1.1370915174484253,,,,,,,,,,,,,,,,,,,,,,,,,,,,,,,,,,,,,
24,,,6094,,,,,,,,1.1453746557235718,,,,,,,,,,,,,,,,,,,,,,,,,,,,,,,,,,,,,
24,,,6099,,,,,,,,1.1153948307037354,,,,,,,,,,,,,,,,,,,,,,,,,,,,,,,,,,,,,
24,,,6104,,,,,,,,1.0862963199615479,,,,,,,,,,,,,,,,,,,,,,,,,,,,,,,,,,,,,
24,,,6109,,,,,,,,1.1218149662017822,,,,,,,,,,,,,,,,,,,,,,,,,,,,,,,,,,,,,
24,,,6114,,,,,,,,1.138934850692749,,,,,,,,,,,,,,,,,,,,,,,,,,,,,,,,,,,,,
24,,,6119,,,,,,,,1.089974284172058,,,,,,,,,,,,,,,,,,,,,,,,,,,,,,,,,,,,,
24,,,6124,,,,,,,,1.0884413719177246,,,,,,,,,,,,,,,,,,,,,,,,,,,,,,,,,,,,,
24,,,6129,,,,,,,,1.1047724485397339,,,,,,,,,,,,,,,,,,,,,,,,,,,,,,,,,,,,,
24,,,6134,,,,,,,,1.1090812683105469,,,,,,,,,,,,,,,,,,,,,,,,,,,,,,,,,,,,,
24,,,6139,,,,,,,,1.0948201417922974,,,,,,,,,,,,,,,,,,,,,,,,,,,,,,,,,,,,,
24,,,6144,,,,,,,,1.0917396545410156,,,,,,,,,,,,,,,,,,,,,,,,,,,,,,,,,,,,,
24,,,6149,,,,,,,,1.0981277227401733,,,,,,,,,,,,,,,,,,,,,,,,,,,,,,,,,,,,,
24,,,6154,,,,,,,,1.1131641864776611,,,,,,,,,,,,,,,,,,,,,,,,,,,,,,,,,,,,,
24,,,6159,,,,,,,,1.1349403858184814,,,,,,,,,,,,,,,,,,,,,,,,,,,,,,,,,,,,,
24,,,6164,,,,,,,,1.0893311500549316,,,,,,,,,,,,,,,,,,,,,,,,,,,,,,,,,,,,,
24,,,6169,,,,,,,,1.1020333766937256,,,,,,,,,,,,,,,,,,,,,,,,,,,,,,,,,,,,,
24,,,6174,,,,,,,,1.1008045673370361,,,,,,,,,,,,,,,,,,,,,,,,,,,,,,,,,,,,,
24,,,6179,,,,,,,,1.1194093227386475,,,,,,,,,,,,,,,,,,,,,,,,,,,,,,,,,,,,,
24,,,6184,,,,,,,,1.0975770950317383,,,,,,,,,,,,,,,,,,,,,,,,,,,,,,,,,,,,,
24,,,6189,,,,,,,,1.1076773405075073,,,,,,,,,,,,,,,,,,,,,,,,,,,,,,,,,,,,,
24,,,6194,,,,,,,,1.1158149242401123,,,,,,,,,,,,,,,,,,,,,,,,,,,,,,,,,,,,,
24,,,6199,,,,,,,,1.0894107818603516,,,,,,,,,,,,,,,,,,,,,,,,,,,,,,,,,,,,,
24,,,6204,,,,,,,,1.1012898683547974,,,,,,,,,,,,,,,,,,,,,,,,,,,,,,,,,,,,,
24,,,6209,,,,,,,,1.0928568840026855,,,,,,,,,,,,,,,,,,,,,,,,,,,,,,,,,,,,,
24,,,6214,,,,,,,,1.0989022254943848,,,,,,,,,,,,,,,,,,,,,,,,,,,,,,,,,,,,,
24,,,6219,,,,,,,,1.10271155834198,,,,,,,,,,,,,,,,,,,,,,,,,,,,,,,,,,,,,
24,,,6224,,,,,,,,1.0808513164520264,,,,,,,,,,,,,,,,,,,,,,,,,,,,,,,,,,,,,
24,,,6229,,,,,,,,1.1154390573501587,,,,,,,,,,,,,,,,,,,,,,,,,,,,,,,,,,,,,
24,,,6234,,,,,,,,1.0809046030044556,,,,,,,,,,,,,,,,,,,,,,,,,,,,,,,,,,,,,
24,,,6239,,,,,,,,1.119640827178955,,,,,,,,,,,,,,,,,,,,,,,,,,,,,,,,,,,,,
24,,,6244,,,,,,,,1.0811190605163574,,,,,,,,,,,,,,,,,,,,,,,,,,,,,,,,,,,,,
24,,,6249,,,,,,,,1.1228729486465454,,,,,,,,,,,,,,,,,,,,,,,,,,,,,,,,,,,,,
24,,,6249,,,,,,,,,,,0.19907110929489136,0.004475788678973913,0.6748046875,1.349609375,53.0732421875,0.6748046875,271790.65625,0.8376430869102478,0.8376430869102478,,1.0,0.2942695617675781,53.0732421875,0.6748046875,0.9441338181495667,0.04710554704070091,22118.0,0.0018506476189941168,0.002742493525147438,0.4159487187862396,0.6163986325263977,0.005460691172629595,1475.0,0.01691340282559395,0.025064144283533096,0.26357337832450867,0.390592098236084,0.013838469050824642,7373.0,0.004734463058412075,0.0070160492323338985,0.3383677899837494,0.5014306902885437,0.01630299538373947,0.00035992596531286836
24,,20.0,6249,265158.9375,0.8499082326889038,0.8525909185409546,,1.107563853263855,0.8525909185409546,1.0,,0.3003242313861847,0.921999990940094,,,,,,,,,,,,,,,,,,,,,,,,,,,,,,,,,,,
,0.0,,6250,,,,,,,,,,,,,,,,,,,,,,,,,,,,,,,,,,,,,,,,,,,,,
25,,,6254,,,,,,,,1.127655029296875,,,,,,,,,,,,,,,,,,,,,,,,,,,,,,,,,,,,,
25,,,6259,,,,,,,,1.1119710206985474,,,,,,,,,,,,,,,,,,,,,,,,,,,,,,,,,,,,,
25,,,6264,,,,,,,,1.1414858102798462,,,,,,,,,,,,,,,,,,,,,,,,,,,,,,,,,,,,,
25,,,6269,,,,,,,,1.1477336883544922,,,,,,,,,,,,,,,,,,,,,,,,,,,,,,,,,,,,,
25,,,6274,,,,,,,,1.112835168838501,,,,,,,,,,,,,,,,,,,,,,,,,,,,,,,,,,,,,
25,,,6279,,,,,,,,1.0840493440628052,,,,,,,,,,,,,,,,,,,,,,,,,,,,,,,,,,,,,
25,,,6284,,,,,,,,1.132798194885254,,,,,,,,,,,,,,,,,,,,,,,,,,,,,,,,,,,,,
25,,,6289,,,,,,,,1.1220810413360596,,,,,,,,,,,,,,,,,,,,,,,,,,,,,,,,,,,,,
25,,,6294,,,,,,,,1.1039236783981323,,,,,,,,,,,,,,,,,,,,,,,,,,,,,,,,,,,,,
25,,,6299,,,,,,,,1.0874377489089966,,,,,,,,,,,,,,,,,,,,,,,,,,,,,,,,,,,,,
25,,,6304,,,,,,,,1.0909810066223145,,,,,,,,,,,,,,,,,,,,,,,,,,,,,,,,,,,,,
25,,,6309,,,,,,,,1.101039171218872,,,,,,,,,,,,,,,,,,,,,,,,,,,,,,,,,,,,,
25,,,6314,,,,,,,,1.0911000967025757,,,,,,,,,,,,,,,,,,,,,,,,,,,,,,,,,,,,,
25,,,6319,,,,,,,,1.0921721458435059,,,,,,,,,,,,,,,,,,,,,,,,,,,,,,,,,,,,,
25,,,6324,,,,,,,,1.087123155593872,,,,,,,,,,,,,,,,,,,,,,,,,,,,,,,,,,,,,
25,,,6329,,,,,,,,1.096107006072998,,,,,,,,,,,,,,,,,,,,,,,,,,,,,,,,,,,,,
25,,,6334,,,,,,,,1.082379698753357,,,,,,,,,,,,,,,,,,,,,,,,,,,,,,,,,,,,,
25,,,6339,,,,,,,,1.0847578048706055,,,,,,,,,,,,,,,,,,,,,,,,,,,,,,,,,,,,,
25,,,6344,,,,,,,,1.1335694789886475,,,,,,,,,,,,,,,,,,,,,,,,,,,,,,,,,,,,,
25,,,6349,,,,,,,,1.110559344291687,,,,,,,,,,,,,,,,,,,,,,,,,,,,,,,,,,,,,
25,,,6354,,,,,,,,1.0878444910049438,,,,,,,,,,,,,,,,,,,,,,,,,,,,,,,,,,,,,
25,,,6359,,,,,,,,1.0910532474517822,,,,,,,,,,,,,,,,,,,,,,,,,,,,,,,,,,,,,
25,,,6364,,,,,,,,1.0877151489257812,,,,,,,,,,,,,,,,,,,,,,,,,,,,,,,,,,,,,
25,,,6369,,,,,,,,1.1315057277679443,,,,,,,,,,,,,,,,,,,,,,,,,,,,,,,,,,,,,
25,,,6374,,,,,,,,1.087742805480957,,,,,,,,,,,,,,,,,,,,,,,,,,,,,,,,,,,,,
25,,,6379,,,,,,,,1.0942412614822388,,,,,,,,,,,,,,,,,,,,,,,,,,,,,,,,,,,,,
25,,,6384,,,,,,,,1.0928775072097778,,,,,,,,,,,,,,,,,,,,,,,,,,,,,,,,,,,,,
25,,,6389,,,,,,,,1.090113639831543,,,,,,,,,,,,,,,,,,,,,,,,,,,,,,,,,,,,,
25,,,6394,,,,,,,,1.1018016338348389,,,,,,,,,,,,,,,,,,,,,,,,,,,,,,,,,,,,,
25,,,6399,,,,,,,,1.1159274578094482,,,,,,,,,,,,,,,,,,,,,,,,,,,,,,,,,,,,,
25,,,6404,,,,,,,,1.1137351989746094,,,,,,,,,,,,,,,,,,,,,,,,,,,,,,,,,,,,,
25,,,6409,,,,,,,,1.0819991827011108,,,,,,,,,,,,,,,,,,,,,,,,,,,,,,,,,,,,,
25,,,6414,,,,,,,,1.1933655738830566,,,,,,,,,,,,,,,,,,,,,,,,,,,,,,,,,,,,,
25,,,6419,,,,,,,,1.0816806554794312,,,,,,,,,,,,,,,,,,,,,,,,,,,,,,,,,,,,,
25,,,6424,,,,,,,,1.1074293851852417,,,,,,,,,,,,,,,,,,,,,,,,,,,,,,,,,,,,,
25,,,6429,,,,,,,,1.0838000774383545,,,,,,,,,,,,,,,,,,,,,,,,,,,,,,,,,,,,,
25,,,6434,,,,,,,,1.080310583114624,,,,,,,,,,,,,,,,,,,,,,,,,,,,,,,,,,,,,
25,,,6439,,,,,,,,1.10289466381073,,,,,,,,,,,,,,,,,,,,,,,,,,,,,,,,,,,,,
25,,,6444,,,,,,,,1.1280927658081055,,,,,,,,,,,,,,,,,,,,,,,,,,,,,,,,,,,,,
25,,,6449,,,,,,,,1.1479523181915283,,,,,,,,,,,,,,,,,,,,,,,,,,,,,,,,,,,,,
25,,,6454,,,,,,,,1.0869531631469727,,,,,,,,,,,,,,,,,,,,,,,,,,,,,,,,,,,,,
25,,,6459,,,,,,,,1.0913443565368652,,,,,,,,,,,,,,,,,,,,,,,,,,,,,,,,,,,,,
25,,,6464,,,,,,,,1.1180272102355957,,,,,,,,,,,,,,,,,,,,,,,,,,,,,,,,,,,,,
25,,,6469,,,,,,,,1.0987701416015625,,,,,,,,,,,,,,,,,,,,,,,,,,,,,,,,,,,,,
25,,,6474,,,,,,,,1.1089853048324585,,,,,,,,,,,,,,,,,,,,,,,,,,,,,,,,,,,,,
25,,,6479,,,,,,,,1.0809931755065918,,,,,,,,,,,,,,,,,,,,,,,,,,,,,,,,,,,,,
25,,,6484,,,,,,,,1.109344720840454,,,,,,,,,,,,,,,,,,,,,,,,,,,,,,,,,,,,,
25,,,6489,,,,,,,,1.185398817062378,,,,,,,,,,,,,,,,,,,,,,,,,,,,,,,,,,,,,
25,,,6494,,,,,,,,1.1788911819458008,,,,,,,,,,,,,,,,,,,,,,,,,,,,,,,,,,,,,
25,,,6499,,,,,,,,1.0878407955169678,,,,,,,,,,,,,,,,,,,,,,,,,,,,,,,,,,,,,
25,,,6499,,,,,,,,,,,0.19907110929489136,0.004475788678973913,0.6748046875,1.349609375,53.0732421875,0.6748046875,271790.65625,0.8376430869102478,0.8376430869102478,,1.0,0.2942695617675781,53.0732421875,0.6748046875,0.9441338181495667,0.04710554704070091,22118.0,0.0018506476189941168,0.002742493525147438,0.4159487187862396,0.6163986325263977,0.005460691172629595,1475.0,0.01691340282559395,0.025064144283533096,0.26357337832450867,0.390592098236084,0.013838469050824642,7373.0,0.004734463058412075,0.0070160492323338985,0.3383677899837494,0.5014306902885437,0.01630299538373947,0.00035992596531286836
25,,20.0,6499,265346.3125,0.8513200879096985,0.8538874983787537,,1.1092841625213623,0.8538874983787537,1.0,,0.3001445233821869,0.9194999933242798,,,,,,,,,,,,,,,,,,,,,,,,,,,,,,,,,,,
,1.1827948028283185e-06,,6500,,,,,,,,,,,,,,,,,,,,,,,,,,,,,,,,,,,,,,,,,,,,,
26,,,6504,,,,,,,,1.0985219478607178,,,,,,,,,,,,,,,,,,,,,,,,,,,,,,,,,,,,,
26,,,6509,,,,,,,,1.1075929403305054,,,,,,,,,,,,,,,,,,,,,,,,,,,,,,,,,,,,,
26,,,6514,,,,,,,,1.1024894714355469,,,,,,,,,,,,,,,,,,,,,,,,,,,,,,,,,,,,,
26,,,6519,,,,,,,,1.1546168327331543,,,,,,,,,,,,,,,,,,,,,,,,,,,,,,,,,,,,,
26,,,6524,,,,,,,,1.0912396907806396,,,,,,,,,,,,,,,,,,,,,,,,,,,,,,,,,,,,,
26,,,6529,,,,,,,,1.1505792140960693,,,,,,,,,,,,,,,,,,,,,,,,,,,,,,,,,,,,,
26,,,6534,,,,,,,,1.137937068939209,,,,,,,,,,,,,,,,,,,,,,,,,,,,,,,,,,,,,
26,,,6539,,,,,,,,1.1888290643692017,,,,,,,,,,,,,,,,,,,,,,,,,,,,,,,,,,,,,
26,,,6544,,,,,,,,1.0995680093765259,,,,,,,,,,,,,,,,,,,,,,,,,,,,,,,,,,,,,
26,,,6549,,,,,,,,1.1049643754959106,,,,,,,,,,,,,,,,,,,,,,,,,,,,,,,,,,,,,
26,,,6554,,,,,,,,1.0813003778457642,,,,,,,,,,,,,,,,,,,,,,,,,,,,,,,,,,,,,
26,,,6559,,,,,,,,1.1403298377990723,,,,,,,,,,,,,,,,,,,,,,,,,,,,,,,,,,,,,
26,,,6564,,,,,,,,1.0979037284851074,,,,,,,,,,,,,,,,,,,,,,,,,,,,,,,,,,,,,
26,,,6569,,,,,,,,1.0931482315063477,,,,,,,,,,,,,,,,,,,,,,,,,,,,,,,,,,,,,
26,,,6574,,,,,,,,1.1165680885314941,,,,,,,,,,,,,,,,,,,,,,,,,,,,,,,,,,,,,
26,,,6579,,,,,,,,1.1039237976074219,,,,,,,,,,,,,,,,,,,,,,,,,,,,,,,,,,,,,
26,,,6584,,,,,,,,1.158142328262329,,,,,,,,,,,,,,,,,,,,,,,,,,,,,,,,,,,,,
26,,,6589,,,,,,,,1.1290106773376465,,,,,,,,,,,,,,,,,,,,,,,,,,,,,,,,,,,,,
26,,,6594,,,,,,,,1.0834776163101196,,,,,,,,,,,,,,,,,,,,,,,,,,,,,,,,,,,,,
26,,,6599,,,,,,,,1.1025044918060303,,,,,,,,,,,,,,,,,,,,,,,,,,,,,,,,,,,,,
26,,,6604,,,,,,,,1.130881905555725,,,,,,,,,,,,,,,,,,,,,,,,,,,,,,,,,,,,,
26,,,6609,,,,,,,,1.166555643081665,,,,,,,,,,,,,,,,,,,,,,,,,,,,,,,,,,,,,
26,,,6614,,,,,,,,1.1861436367034912,,,,,,,,,,,,,,,,,,,,,,,,,,,,,,,,,,,,,
26,,,6619,,,,,,,,1.087882399559021,,,,,,,,,,,,,,,,,,,,,,,,,,,,,,,,,,,,,
26,,,6624,,,,,,,,1.096713662147522,,,,,,,,,,,,,,,,,,,,,,,,,,,,,,,,,,,,,
26,,,6629,,,,,,,,1.0814721584320068,,,,,,,,,,,,,,,,,,,,,,,,,,,,,,,,,,,,,
26,,,6634,,,,,,,,1.0827972888946533,,,,,,,,,,,,,,,,,,,,,,,,,,,,,,,,,,,,,
26,,,6639,,,,,,,,1.1231975555419922,,,,,,,,,,,,,,,,,,,,,,,,,,,,,,,,,,,,,
26,,,6644,,,,,,,,1.125238299369812,,,,,,,,,,,,,,,,,,,,,,,,,,,,,,,,,,,,,
26,,,6649,,,,,,,,1.087580919265747,,,,,,,,,,,,,,,,,,,,,,,,,,,,,,,,,,,,,
26,,,6654,,,,,,,,1.082213044166565,,,,,,,,,,,,,,,,,,,,,,,,,,,,,,,,,,,,,
26,,,6659,,,,,,,,1.2099627256393433,,,,,,,,,,,,,,,,,,,,,,,,,,,,,,,,,,,,,
26,,,6664,,,,,,,,1.0947777032852173,,,,,,,,,,,,,,,,,,,,,,,,,,,,,,,,,,,,,
26,,,6669,,,,,,,,1.094175100326538,,,,,,,,,,,,,,,,,,,,,,,,,,,,,,,,,,,,,
26,,,6674,,,,,,,,1.1442276239395142,,,,,,,,,,,,,,,,,,,,,,,,,,,,,,,,,,,,,
26,,,6679,,,,,,,,1.0868079662322998,,,,,,,,,,,,,,,,,,,,,,,,,,,,,,,,,,,,,
26,,,6684,,,,,,,,1.1195374727249146,,,,,,,,,,,,,,,,,,,,,,,,,,,,,,,,,,,,,
26,,,6689,,,,,,,,1.1122539043426514,,,,,,,,,,,,,,,,,,,,,,,,,,,,,,,,,,,,,
26,,,6694,,,,,,,,1.0805610418319702,,,,,,,,,,,,,,,,,,,,,,,,,,,,,,,,,,,,,
26,,,6699,,,,,,,,1.1099557876586914,,,,,,,,,,,,,,,,,,,,,,,,,,,,,,,,,,,,,
26,,,6704,,,,,,,,1.0949316024780273,,,,,,,,,,,,,,,,,,,,,,,,,,,,,,,,,,,,,
26,,,6709,,,,,,,,1.0940301418304443,,,,,,,,,,,,,,,,,,,,,,,,,,,,,,,,,,,,,
26,,,6714,,,,,,,,1.0991582870483398,,,,,,,,,,,,,,,,,,,,,,,,,,,,,,,,,,,,,
26,,,6719,,,,,,,,1.1224212646484375,,,,,,,,,,,,,,,,,,,,,,,,,,,,,,,,,,,,,
26,,,6724,,,,,,,,1.1434216499328613,,,,,,,,,,,,,,,,,,,,,,,,,,,,,,,,,,,,,
26,,,6729,,,,,,,,1.111454725265503,,,,,,,,,,,,,,,,,,,,,,,,,,,,,,,,,,,,,
26,,,6734,,,,,,,,1.2088947296142578,,,,,,,,,,,,,,,,,,,,,,,,,,,,,,,,,,,,,
26,,,6739,,,,,,,,1.0827419757843018,,,,,,,,,,,,,,,,,,,,,,,,,,,,,,,,,,,,,
26,,,6744,,,,,,,,1.1691786050796509,,,,,,,,,,,,,,,,,,,,,,,,,,,,,,,,,,,,,
26,,,6749,,,,,,,,1.084542989730835,,,,,,,,,,,,,,,,,,,,,,,,,,,,,,,,,,,,,
26,,,6749,,,,,,,,,,,0.19925285875797272,0.004444061778485775,0.6748046875,1.349609375,53.0732421875,0.6748046875,271790.65625,0.8376383781433105,0.8376383781433105,,1.0,0.2935600280761719,53.0732421875,0.6748046875,0.942844033241272,0.047123584896326065,22118.0,0.0018478671554476023,0.002738373354077339,0.4125024378299713,0.6112915873527527,0.0054523223079741,1475.0,0.016920024529099464,0.025073956698179245,0.2636392116546631,0.3906896412372589,0.013826786540448666,7373.0,0.004730223678052425,0.00700976699590683,0.3393231928348541,0.5028465390205383,0.016298914328217506,0.00035992596531286836
26,,20.0,6749,264745.125,0.8507437109947205,0.8535051941871643,,1.1087285280227661,0.8535051941871643,1.0,,0.30107420682907104,0.9200000166893005,,,,,,,,,,,,,,,,,,,,,,,,,,,,,,,,,,,
,4.712525830705322e-06,,6750,,,,,,,,,,,,,,,,,,,,,,,,,,,,,,,,,,,,,,,,,,,,,
27,,,6754,,,,,,,,1.1016154289245605,,,,,,,,,,,,,,,,,,,,,,,,,,,,,,,,,,,,,
27,,,6759,,,,,,,,1.0810900926589966,,,,,,,,,,,,,,,,,,,,,,,,,,,,,,,,,,,,,
27,,,6764,,,,,,,,1.0977733135223389,,,,,,,,,,,,,,,,,,,,,,,,,,,,,,,,,,,,,
27,,,6769,,,,,,,,1.092894434928894,,,,,,,,,,,,,,,,,,,,,,,,,,,,,,,,,,,,,
27,,,6774,,,,,,,,1.0825233459472656,,,,,,,,,,,,,,,,,,,,,,,,,,,,,,,,,,,,,
27,,,6779,,,,,,,,1.0909967422485352,,,,,,,,,,,,,,,,,,,,,,,,,,,,,,,,,,,,,
27,,,6784,,,,,,,,1.0998423099517822,,,,,,,,,,,,,,,,,,,,,,,,,,,,,,,,,,,,,
27,,,6789,,,,,,,,1.0857188701629639,,,,,,,,,,,,,,,,,,,,,,,,,,,,,,,,,,,,,
27,,,6794,,,,,,,,1.0869146585464478,,,,,,,,,,,,,,,,,,,,,,,,,,,,,,,,,,,,,
27,,,6799,,,,,,,,1.0948809385299683,,,,,,,,,,,,,,,,,,,,,,,,,,,,,,,,,,,,,
27,,,6804,,,,,,,,1.217780590057373,,,,,,,,,,,,,,,,,,,,,,,,,,,,,,,,,,,,,
27,,,6809,,,,,,,,1.148719310760498,,,,,,,,,,,,,,,,,,,,,,,,,,,,,,,,,,,,,
27,,,6814,,,,,,,,1.0869919061660767,,,,,,,,,,,,,,,,,,,,,,,,,,,,,,,,,,,,,
27,,,6819,,,,,,,,1.0962032079696655,,,,,,,,,,,,,,,,,,,,,,,,,,,,,,,,,,,,,
27,,,6824,,,,,,,,1.0926227569580078,,,,,,,,,,,,,,,,,,,,,,,,,,,,,,,,,,,,,
27,,,6829,,,,,,,,1.1185938119888306,,,,,,,,,,,,,,,,,,,,,,,,,,,,,,,,,,,,,
27,,,6834,,,,,,,,1.1149135828018188,,,,,,,,,,,,,,,,,,,,,,,,,,,,,,,,,,,,,
27,,,6839,,,,,,,,1.0909026861190796,,,,,,,,,,,,,,,,,,,,,,,,,,,,,,,,,,,,,
27,,,6844,,,,,,,,1.0990321636199951,,,,,,,,,,,,,,,,,,,,,,,,,,,,,,,,,,,,,
27,,,6849,,,,,,,,1.0814621448516846,,,,,,,,,,,,,,,,,,,,,,,,,,,,,,,,,,,,,
27,,,6854,,,,,,,,1.0826492309570312,,,,,,,,,,,,,,,,,,,,,,,,,,,,,,,,,,,,,
27,,,6859,,,,,,,,1.100933313369751,,,,,,,,,,,,,,,,,,,,,,,,,,,,,,,,,,,,,
27,,,6864,,,,,,,,1.1055487394332886,,,,,,,,,,,,,,,,,,,,,,,,,,,,,,,,,,,,,
27,,,6869,,,,,,,,1.1593148708343506,,,,,,,,,,,,,,,,,,,,,,,,,,,,,,,,,,,,,
27,,,6874,,,,,,,,1.143554449081421,,,,,,,,,,,,,,,,,,,,,,,,,,,,,,,,,,,,,
27,,,6879,,,,,,,,1.0804457664489746,,,,,,,,,,,,,,,,,,,,,,,,,,,,,,,,,,,,,
27,,,6884,,,,,,,,1.2010976076126099,,,,,,,,,,,,,,,,,,,,,,,,,,,,,,,,,,,,,
27,,,6889,,,,,,,,1.0838048458099365,,,,,,,,,,,,,,,,,,,,,,,,,,,,,,,,,,,,,
27,,,6894,,,,,,,,1.1223819255828857,,,,,,,,,,,,,,,,,,,,,,,,,,,,,,,,,,,,,
27,,,6899,,,,,,,,1.089406967163086,,,,,,,,,,,,,,,,,,,,,,,,,,,,,,,,,,,,,
27,,,6904,,,,,,,,1.104880452156067,,,,,,,,,,,,,,,,,,,,,,,,,,,,,,,,,,,,,
27,,,6909,,,,,,,,1.0852909088134766,,,,,,,,,,,,,,,,,,,,,,,,,,,,,,,,,,,,,
27,,,6914,,,,,,,,1.0985223054885864,,,,,,,,,,,,,,,,,,,,,,,,,,,,,,,,,,,,,
27,,,6919,,,,,,,,1.0882234573364258,,,,,,,,,,,,,,,,,,,,,,,,,,,,,,,,,,,,,
27,,,6924,,,,,,,,1.1072944402694702,,,,,,,,,,,,,,,,,,,,,,,,,,,,,,,,,,,,,
27,,,6929,,,,,,,,1.1620025634765625,,,,,,,,,,,,,,,,,,,,,,,,,,,,,,,,,,,,,
27,,,6934,,,,,,,,1.0819740295410156,,,,,,,,,,,,,,,,,,,,,,,,,,,,,,,,,,,,,
27,,,6939,,,,,,,,1.1252045631408691,,,,,,,,,,,,,,,,,,,,,,,,,,,,,,,,,,,,,
27,,,6944,,,,,,,,1.0910515785217285,,,,,,,,,,,,,,,,,,,,,,,,,,,,,,,,,,,,,
27,,,6949,,,,,,,,1.121661901473999,,,,,,,,,,,,,,,,,,,,,,,,,,,,,,,,,,,,,
27,,,6954,,,,,,,,1.1466147899627686,,,,,,,,,,,,,,,,,,,,,,,,,,,,,,,,,,,,,
27,,,6959,,,,,,,,1.1035715341567993,,,,,,,,,,,,,,,,,,,,,,,,,,,,,,,,,,,,,
27,,,6964,,,,,,,,1.0823545455932617,,,,,,,,,,,,,,,,,,,,,,,,,,,,,,,,,,,,,
27,,,6969,,,,,,,,1.0937608480453491,,,,,,,,,,,,,,,,,,,,,,,,,,,,,,,,,,,,,
27,,,6974,,,,,,,,1.1070218086242676,,,,,,,,,,,,,,,,,,,,,,,,,,,,,,,,,,,,,
27,,,6979,,,,,,,,1.1317180395126343,,,,,,,,,,,,,,,,,,,,,,,,,,,,,,,,,,,,,
27,,,6984,,,,,,,,1.0867676734924316,,,,,,,,,,,,,,,,,,,,,,,,,,,,,,,,,,,,,
27,,,6989,,,,,,,,1.0975908041000366,,,,,,,,,,,,,,,,,,,,,,,,,,,,,,,,,,,,,
27,,,6994,,,,,,,,1.0867187976837158,,,,,,,,,,,,,,,,,,,,,,,,,,,,,,,,,,,,,
27,,,6999,,,,,,,,1.1397480964660645,,,,,,,,,,,,,,,,,,,,,,,,,,,,,,,,,,,,,
27,,,6999,,,,,,,,,,,0.19828997552394867,0.00440460117533803,0.6748046875,1.349609375,53.0732421875,0.6748046875,271790.65625,0.837631344795227,0.837631344795227,,1.0,0.2933769226074219,53.0732421875,0.6748046875,0.9423664808273315,0.047207411378622055,22118.0,0.0018503392348065972,0.002742036711424589,0.41300588846206665,0.6120376586914062,0.005459613632410765,1475.0,0.016944514587521553,0.02511025033891201,0.2654772698879242,0.3934134840965271,0.013807875104248524,7373.0,0.004723735153675079,0.007000151555985212,0.3389567732810974,0.5023034811019897,0.01631365343928337,0.00035992596531286836
27,,20.0,6999,263926.46875,0.8519847989082336,0.8542501926422119,,1.1098452806472778,0.8542501926422119,1.0,,0.300662100315094,0.9275000095367432,,,,,,,,,,,,,,,,,,,,,,,,,,,,,,,,,,,
,1.0533527116762281e-05,,7000,,,,,,,,,,,,,,,,,,,,,,,,,,,,,,,,,,,,,,,,,,,,,
28,,,7004,,,,,,,,1.080179214477539,,,,,,,,,,,,,,,,,,,,,,,,,,,,,,,,,,,,,
28,,,7009,,,,,,,,1.1311066150665283,,,,,,,,,,,,,,,,,,,,,,,,,,,,,,,,,,,,,
28,,,7014,,,,,,,,1.0942574739456177,,,,,,,,,,,,,,,,,,,,,,,,,,,,,,,,,,,,,
28,,,7019,,,,,,,,1.085094690322876,,,,,,,,,,,,,,,,,,,,,,,,,,,,,,,,,,,,,
28,,,7024,,,,,,,,1.1224861145019531,,,,,,,,,,,,,,,,,,,,,,,,,,,,,,,,,,,,,
28,,,7029,,,,,,,,1.0938124656677246,,,,,,,,,,,,,,,,,,,,,,,,,,,,,,,,,,,,,
28,,,7034,,,,,,,,1.090134620666504,,,,,,,,,,,,,,,,,,,,,,,,,,,,,,,,,,,,,
28,,,7039,,,,,,,,1.1005157232284546,,,,,,,,,,,,,,,,,,,,,,,,,,,,,,,,,,,,,
28,,,7044,,,,,,,,1.177524209022522,,,,,,,,,,,,,,,,,,,,,,,,,,,,,,,,,,,,,
28,,,7049,,,,,,,,1.1486377716064453,,,,,,,,,,,,,,,,,,,,,,,,,,,,,,,,,,,,,
28,,,7054,,,,,,,,1.1194617748260498,,,,,,,,,,,,,,,,,,,,,,,,,,,,,,,,,,,,,
28,,,7059,,,,,,,,1.1024196147918701,,,,,,,,,,,,,,,,,,,,,,,,,,,,,,,,,,,,,
28,,,7064,,,,,,,,1.1023695468902588,,,,,,,,,,,,,,,,,,,,,,,,,,,,,,,,,,,,,
28,,,7069,,,,,,,,1.0803990364074707,,,,,,,,,,,,,,,,,,,,,,,,,,,,,,,,,,,,,
28,,,7074,,,,,,,,1.09733247756958,,,,,,,,,,,,,,,,,,,,,,,,,,,,,,,,,,,,,
28,,,7079,,,,,,,,1.1017582416534424,,,,,,,,,,,,,,,,,,,,,,,,,,,,,,,,,,,,,
28,,,7084,,,,,,,,1.0869431495666504,,,,,,,,,,,,,,,,,,,,,,,,,,,,,,,,,,,,,
28,,,7089,,,,,,,,1.086809515953064,,,,,,,,,,,,,,,,,,,,,,,,,,,,,,,,,,,,,
28,,,7094,,,,,,,,1.1017985343933105,,,,,,,,,,,,,,,,,,,,,,,,,,,,,,,,,,,,,
28,,,7099,,,,,,,,1.1564704179763794,,,,,,,,,,,,,,,,,,,,,,,,,,,,,,,,,,,,,
28,,,7104,,,,,,,,1.0873287916183472,,,,,,,,,,,,,,,,,,,,,,,,,,,,,,,,,,,,,
28,,,7109,,,,,,,,1.0958694219589233,,,,,,,,,,,,,,,,,,,,,,,,,,,,,,,,,,,,,
28,,,7114,,,,,,,,1.0941694974899292,,,,,,,,,,,,,,,,,,,,,,,,,,,,,,,,,,,,,
28,,,7119,,,,,,,,1.087066650390625,,,,,,,,,,,,,,,,,,,,,,,,,,,,,,,,,,,,,
28,,,7124,,,,,,,,1.0841498374938965,,,,,,,,,,,,,,,,,,,,,,,,,,,,,,,,,,,,,
28,,,7129,,,,,,,,1.0884050130844116,,,,,,,,,,,,,,,,,,,,,,,,,,,,,,,,,,,,,
28,,,7134,,,,,,,,1.0910913944244385,,,,,,,,,,,,,,,,,,,,,,,,,,,,,,,,,,,,,
28,,,7139,,,,,,,,1.091176152229309,,,,,,,,,,,,,,,,,,,,,,,,,,,,,,,,,,,,,
28,,,7144,,,,,,,,1.0909099578857422,,,,,,,,,,,,,,,,,,,,,,,,,,,,,,,,,,,,,
28,,,7149,,,,,,,,1.110535740852356,,,,,,,,,,,,,,,,,,,,,,,,,,,,,,,,,,,,,
28,,,7154,,,,,,,,1.117041826248169,,,,,,,,,,,,,,,,,,,,,,,,,,,,,,,,,,,,,
28,,,7159,,,,,,,,1.0995614528656006,,,,,,,,,,,,,,,,,,,,,,,,,,,,,,,,,,,,,
28,,,7164,,,,,,,,1.0972700119018555,,,,,,,,,,,,,,,,,,,,,,,,,,,,,,,,,,,,,
28,,,7169,,,,,,,,1.0852227210998535,,,,,,,,,,,,,,,,,,,,,,,,,,,,,,,,,,,,,
28,,,7174,,,,,,,,1.1221271753311157,,,,,,,,,,,,,,,,,,,,,,,,,,,,,,,,,,,,,
28,,,7179,,,,,,,,1.082319974899292,,,,,,,,,,,,,,,,,,,,,,,,,,,,,,,,,,,,,
28,,,7184,,,,,,,,1.0881778001785278,,,,,,,,,,,,,,,,,,,,,,,,,,,,,,,,,,,,,
28,,,7189,,,,,,,,1.0898866653442383,,,,,,,,,,,,,,,,,,,,,,,,,,,,,,,,,,,,,
28,,,7194,,,,,,,,1.0874933004379272,,,,,,,,,,,,,,,,,,,,,,,,,,,,,,,,,,,,,
28,,,7199,,,,,,,,1.0847374200820923,,,,,,,,,,,,,,,,,,,,,,,,,,,,,,,,,,,,,
28,,,7204,,,,,,,,1.0959526300430298,,,,,,,,,,,,,,,,,,,,,,,,,,,,,,,,,,,,,
28,,,7209,,,,,,,,1.0903557538986206,,,,,,,,,,,,,,,,,,,,,,,,,,,,,,,,,,,,,
28,,,7214,,,,,,,,1.1285245418548584,,,,,,,,,,,,,,,,,,,,,,,,,,,,,,,,,,,,,
28,,,7219,,,,,,,,1.2279486656188965,,,,,,,,,,,,,,,,,,,,,,,,,,,,,,,,,,,,,
28,,,7224,,,,,,,,1.1041836738586426,,,,,,,,,,,,,,,,,,,,,,,,,,,,,,,,,,,,,
28,,,7229,,,,,,,,1.0945121049880981,,,,,,,,,,,,,,,,,,,,,,,,,,,,,,,,,,,,,
28,,,7234,,,,,,,,1.090860366821289,,,,,,,,,,,,,,,,,,,,,,,,,,,,,,,,,,,,,
28,,,7239,,,,,,,,1.081256628036499,,,,,,,,,,,,,,,,,,,,,,,,,,,,,,,,,,,,,
28,,,7244,,,,,,,,1.1085225343704224,,,,,,,,,,,,,,,,,,,,,,,,,,,,,,,,,,,,,
28,,,7249,,,,,,,,1.0825586318969727,,,,,,,,,,,,,,,,,,,,,,,,,,,,,,,,,,,,,
28,,,7249,,,,,,,,,,,0.19786493480205536,0.004454127978533506,0.6748046875,1.349609375,53.0732421875,0.6748046875,271790.65625,0.837649405002594,0.837649405002594,,1.0,0.2949333190917969,53.0732421875,0.6748046875,0.9427136182785034,0.04720199853181839,22118.0,0.0018535183044150472,0.0027467478066682816,0.4207207262516022,0.6234703660011292,0.005469399504363537,1475.0,0.016948487609624863,0.02511613629758358,0.26400330662727356,0.39122921228408813,0.013846999034285545,7373.0,0.0047372449189424515,0.007020171731710434,0.3392738997936249,0.5027734637260437,0.016329199075698853,0.00035992596531286836
28,,20.0,7249,265139.8125,0.8513107299804688,0.8547379374504089,,1.110131859779358,0.8547379374504089,1.0,,0.30007225275039673,0.9110000133514404,,,,,,,,,,,,,,,,,,,,,,,,,,,,,,,,,,,
,1.855399799342048e-05,,7250,,,,,,,,,,,,,,,,,,,,,,,,,,,,,,,,,,,,,,,,,,,,,
29,,,7254,,,,,,,,1.0948295593261719,,,,,,,,,,,,,,,,,,,,,,,,,,,,,,,,,,,,,
29,,,7259,,,,,,,,1.0844979286193848,,,,,,,,,,,,,,,,,,,,,,,,,,,,,,,,,,,,,
29,,,7264,,,,,,,,1.0903154611587524,,,,,,,,,,,,,,,,,,,,,,,,,,,,,,,,,,,,,
29,,,7269,,,,,,,,1.0956344604492188,,,,,,,,,,,,,,,,,,,,,,,,,,,,,,,,,,,,,
29,,,7274,,,,,,,,1.0961544513702393,,,,,,,,,,,,,,,,,,,,,,,,,,,,,,,,,,,,,
29,,,7279,,,,,,,,1.0967446565628052,,,,,,,,,,,,,,,,,,,,,,,,,,,,,,,,,,,,,
29,,,7284,,,,,,,,1.0935413837432861,,,,,,,,,,,,,,,,,,,,,,,,,,,,,,,,,,,,,
29,,,7289,,,,,,,,1.0875473022460938,,,,,,,,,,,,,,,,,,,,,,,,,,,,,,,,,,,,,
29,,,7294,,,,,,,,1.3043241500854492,,,,,,,,,,,,,,,,,,,,,,,,,,,,,,,,,,,,,
29,,,7299,,,,,,,,1.0946104526519775,,,,,,,,,,,,,,,,,,,,,,,,,,,,,,,,,,,,,
29,,,7304,,,,,,,,1.0911831855773926,,,,,,,,,,,,,,,,,,,,,,,,,,,,,,,,,,,,,
29,,,7309,,,,,,,,1.0874639749526978,,,,,,,,,,,,,,,,,,,,,,,,,,,,,,,,,,,,,
29,,,7314,,,,,,,,1.0920917987823486,,,,,,,,,,,,,,,,,,,,,,,,,,,,,,,,,,,,,
29,,,7319,,,,,,,,1.1250336170196533,,,,,,,,,,,,,,,,,,,,,,,,,,,,,,,,,,,,,
29,,,7324,,,,,,,,1.0925575494766235,,,,,,,,,,,,,,,,,,,,,,,,,,,,,,,,,,,,,
29,,,7329,,,,,,,,1.0847244262695312,,,,,,,,,,,,,,,,,,,,,,,,,,,,,,,,,,,,,
29,,,7334,,,,,,,,1.0834015607833862,,,,,,,,,,,,,,,,,,,,,,,,,,,,,,,,,,,,,
29,,,7339,,,,,,,,1.0820908546447754,,,,,,,,,,,,,,,,,,,,,,,,,,,,,,,,,,,,,
29,,,7344,,,,,,,,1.1316401958465576,,,,,,,,,,,,,,,,,,,,,,,,,,,,,,,,,,,,,
29,,,7349,,,,,,,,1.1680035591125488,,,,,,,,,,,,,,,,,,,,,,,,,,,,,,,,,,,,,
29,,,7354,,,,,,,,1.0863038301467896,,,,,,,,,,,,,,,,,,,,,,,,,,,,,,,,,,,,,
29,,,7359,,,,,,,,1.0939629077911377,,,,,,,,,,,,,,,,,,,,,,,,,,,,,,,,,,,,,
29,,,7364,,,,,,,,1.0949958562850952,,,,,,,,,,,,,,,,,,,,,,,,,,,,,,,,,,,,,
29,,,7369,,,,,,,,1.0920772552490234,,,,,,,,,,,,,,,,,,,,,,,,,,,,,,,,,,,,,
29,,,7374,,,,,,,,1.1527003049850464,,,,,,,,,,,,,,,,,,,,,,,,,,,,,,,,,,,,,
29,,,7379,,,,,,,,1.1991852521896362,,,,,,,,,,,,,,,,,,,,,,,,,,,,,,,,,,,,,
29,,,7384,,,,,,,,1.085595726966858,,,,,,,,,,,,,,,,,,,,,,,,,,,,,,,,,,,,,
29,,,7389,,,,,,,,1.0983428955078125,,,,,,,,,,,,,,,,,,,,,,,,,,,,,,,,,,,,,
29,,,7394,,,,,,,,1.0912449359893799,,,,,,,,,,,,,,,,,,,,,,,,,,,,,,,,,,,,,
29,,,7399,,,,,,,,1.1252295970916748,,,,,,,,,,,,,,,,,,,,,,,,,,,,,,,,,,,,,
29,,,7404,,,,,,,,1.1520658731460571,,,,,,,,,,,,,,,,,,,,,,,,,,,,,,,,,,,,,
29,,,7409,,,,,,,,1.1572800874710083,,,,,,,,,,,,,,,,,,,,,,,,,,,,,,,,,,,,,
29,,,7414,,,,,,,,1.097282886505127,,,,,,,,,,,,,,,,,,,,,,,,,,,,,,,,,,,,,
29,,,7419,,,,,,,,1.104989767074585,,,,,,,,,,,,,,,,,,,,,,,,,,,,,,,,,,,,,
29,,,7424,,,,,,,,1.1721224784851074,,,,,,,,,,,,,,,,,,,,,,,,,,,,,,,,,,,,,
29,,,7429,,,,,,,,1.1104600429534912,,,,,,,,,,,,,,,,,,,,,,,,,,,,,,,,,,,,,
29,,,7434,,,,,,,,1.0865535736083984,,,,,,,,,,,,,,,,,,,,,,,,,,,,,,,,,,,,,
29,,,7439,,,,,,,,1.1301305294036865,,,,,,,,,,,,,,,,,,,,,,,,,,,,,,,,,,,,,
29,,,7444,,,,,,,,1.0958787202835083,,,,,,,,,,,,,,,,,,,,,,,,,,,,,,,,,,,,,
29,,,7449,,,,,,,,1.0872845649719238,,,,,,,,,,,,,,,,,,,,,,,,,,,,,,,,,,,,,
29,,,7454,,,,,,,,1.108963966369629,,,,,,,,,,,,,,,,,,,,,,,,,,,,,,,,,,,,,
29,,,7459,,,,,,,,1.0800590515136719,,,,,,,,,,,,,,,,,,,,,,,,,,,,,,,,,,,,,
29,,,7464,,,,,,,,1.0801392793655396,,,,,,,,,,,,,,,,,,,,,,,,,,,,,,,,,,,,,
29,,,7469,,,,,,,,1.0924381017684937,,,,,,,,,,,,,,,,,,,,,,,,,,,,,,,,,,,,,
29,,,7474,,,,,,,,1.0999281406402588,,,,,,,,,,,,,,,,,,,,,,,,,,,,,,,,,,,,,
29,,,7479,,,,,,,,1.0856057405471802,,,,,,,,,,,,,,,,,,,,,,,,,,,,,,,,,,,,,
29,,,7484,,,,,,,,1.1063244342803955,,,,,,,,,,,,,,,,,,,,,,,,,,,,,,,,,,,,,
29,,,7489,,,,,,,,1.2280243635177612,,,,,,,,,,,,,,,,,,,,,,,,,,,,,,,,,,,,,
29,,,7494,,,,,,,,1.1215474605560303,,,,,,,,,,,,,,,,,,,,,,,,,,,,,,,,,,,,,
29,,,7499,,,,,,,,1.1042104959487915,,,,,,,,,,,,,,,,,,,,,,,,,,,,,,,,,,,,,
29,,,7499,,,,,,,,,,,0.19671805202960968,0.004444210324436426,0.6748046875,1.349609375,53.0732421875,0.6748046875,271790.65625,0.8376937508583069,0.8376937508583069,,1.0,0.2955360412597656,53.0732421875,0.6748046875,0.9422144889831543,0.04718684405088425,22118.0,0.0018430531490594149,0.0027312394231557846,0.416077584028244,0.6165896058082581,0.005438388790935278,1475.0,0.01693524420261383,0.025096511468291283,0.2658258080482483,0.39392998814582825,0.013785723596811295,7373.0,0.00471565593034029,0.006988178938627243,0.34101247787475586,0.50534987449646,0.016292281448841095,0.00035992596531286836
29,,20.0,7499,266652.875,0.8509682416915894,0.8541325330734253,,1.1094236373901367,0.8541325330734253,1.0,,0.30039453506469727,0.9154999852180481,,,,,,,,,,,,,,,,,,,,,,,,,,,,,,,,,,,
