date,day,n_land,n_fire,n_new,base_rate,auc_pr,roc_auc,auc_pr_new,tpr_0.001,prec_0.001,lift_0.001,tpr_new_0.001,lift_new_0.001,tpr_0.002,prec_0.002,lift_0.002,tpr_new_0.002,lift_new_0.002,tpr_0.005,prec_0.005,lift_0.005,tpr_new_0.005,lift_new_0.005,tpr_0.01,prec_0.01,lift_0.01,tpr_new_0.01,lift_new_0.01,tpr_0.02,prec_0.02,lift_0.02,tpr_new_0.02,lift_new_0.02,tpr_0.05,prec_0.05,lift_0.05,tpr_new_0.05,lift_new_0.05,tpr_0.1,prec_0.1,lift_0.1,tpr_new_0.1,lift_new_0.1,cell_auc_pr,cell_roc_auc,cell_tpr_0.01,cell_lift_0.01,cell_tpr_0.05,cell_lift_0.05,cell_tpr_0.1,cell_lift_0.1
2019-01-14,13,6885750,2836,2109,0.0004118650836873253,0.075008079719106,0.7851177866774491,0.0034015912064710167,0.24294781382228492,0.10005808887598025,242.93899346889316,0.04599336178283547,45.99169196865515,0.304654442877292,0.06273598605866977,152.32169111547438,0.09246088193456614,46.22876254581316,0.3790550070521862,0.031223677713555432,75.81045092246626,0.1721194879089616,34.423647618842615,0.4118476727785614,0.01696244445089895,41.18446822206539,0.21289710763394973,21.289556171983932,0.44710860366713684,0.009207421123334423,22.35543018335684,0.25889046941678523,12.944523470839261,0.5007052186177715,0.004124453945533972,10.014089829146878,0.3309625414888573,6.619241216821089,0.5585331452750353,0.0023003896430184483,5.585299007198265,0.40825035561877665,4.0824798406602465,0.30597210172103123,0.7780917413236222,0.19602977667493796,19.537634408602152,0.40694789081885857,8.139655840203618,0.4813895781637717,4.814308637193604
2019-01-15,14,6885750,2575,1958,0.0003739607159713902,0.0802432037388457,0.8053527847504612,0.003708103661272532,0.24349514563106797,0.09105431309904154,243.48630540649523,0.059244126659857,59.24197576940318,0.2978640776699029,0.055692709846064475,148.9266317757431,0.10929519918283963,54.64561558039776,0.36,0.026924976037642684,71.99947718493131,0.1721144024514811,34.42263053473194,0.3941747572815534,0.014740480408957564,39.417189505234774,0.20990806945863125,20.990654524888466,0.43339805825242717,0.008103692408234397,21.669902912621357,0.2579162410623085,12.895812053115423,0.48271844660194174,0.0036103389884660853,9.654326869837028,0.3202247191011236,6.404466478890008,0.5483495145631068,0.002050608792638721,5.483487182101776,0.4065372829417773,4.065366925388546,0.2601110380646491,0.7625680719272849,0.16666666666666666,16.61111111111111,0.40476190476190477,8.095932369517275,0.47619047619047616,4.762313158539573
2019-01-16,15,6885750,2347,1515,0.0003408488545183894,0.1381830258634088,0.8848041379540693,0.0047853563759086525,0.3532168726033234,0.12038919546906768,353.2040488713817,0.07260726072607261,72.60462467972037,0.42564976565828716,0.07253848388033692,212.8171561052535,0.13993399339933993,69.96445650954873,0.5010651896037495,0.03415725115454994,100.21231024177344,0.2363036303630363,47.26038289733299,0.5445249254367277,0.01855993493856923,54.45209714667792,0.2983498349834984,29.834766856975573,0.582019599488709,0.009919035689648912,29.10097997443545,0.3551155115511551,17.755775577557756,0.6224968044311887,0.004243515640884138,12.449845685648894,0.4165016501650165,8.329972516261764,0.6996165317426501,0.002384621081967356,6.996124676249136,0.5359735973597359,5.35970483854402,0.32003598747355205,0.813925952306651,0.20630372492836677,20.561604584527224,0.4498567335243553,8.997906294386805,0.5587392550143266,5.587871743329385
2019-01-17,16,6885750,2141,1120,0.0003109319972406782,0.2003693820294411,0.9034798597481882,0.005237054841200823,0.4745446053246147,0.14754574498983444,474.5273767229111,0.10803571428571429,108.03179198995892,0.5665576833255488,0.08807725820505373,283.26855706933617,0.20357142857142857,101.78201889963071,0.6156001868285848,0.03828168114089866,123.11914335167818,0.2714285714285714,54.2853200997498,0.6403549743110696,0.019910540532690466,64.03503244884324,0.3151785714285714,31.517628281598153,0.6683792620270902,0.010390949490255309,33.41872043555605,0.36607142857142855,18.30343852047485,0.7010742643624475,0.0043597220931313315,14.021464924231232,0.42857142857142855,8.571416123378434,0.7645959831854273,0.0023773632035876836,7.645926519899063,0.55,5.499976037573086,0.38664728714275737,0.8472815284378878,0.24203821656050956,24.123142250530787,0.5159235668789809,10.319356283663458,0.5923566878980892,5.924074903584578
2019-01-18,17,6885750,2040,1014,0.00029626402352684895,0.18211430417964286,0.8964959442042781,0.003307616204984287,0.45245098039215687,0.13404008132442638,452.4345539116024,0.07692307692307693,76.9202841886548,0.5446078431372549,0.08067092651757188,272.29403542567184,0.15285996055226825,76.42720544385573,0.6151960784313726,0.036451828400476345,123.03832225910783,0.2406311637080868,48.125883281621846,0.6480392156862745,0.01919893113363734,64.80345100658985,0.2968441814595661,29.68420259788561,0.6691176470588235,0.009911702343954224,33.45563941906019,0.33629191321499013,16.814473564583043,0.7240196078431372,0.004290013012361744,14.480371127387194,0.4467455621301775,8.93489826667752,0.7975490196078432,0.0023628439520925037,7.975467030941645,0.5946745562130178,5.946728289564983,0.3886920330512185,0.8472719968639546,0.25830258302583026,25.744157441574416,0.5276752767527675,10.554410638446008,0.6236162361623616,6.236697195445368
2019-01-19,18,6885750,2482,1344,0.0003604545619576662,0.17316131205995727,0.8556182602939967,0.005117482924570805,0.4041095890410959,0.14565785652047633,404.09491762122076,0.05952380952380952,59.52164847931621,0.5177276390008058,0.09330525704327622,258.8544213077112,0.16889880952380953,84.44633878002988,0.5979049153908138,0.0431031978855035,119.58011476233108,0.27827380952380953,55.654357777704014,0.6390008058017728,0.02303290830404601,63.8996165812187,0.3444940476190476,34.449154613739246,0.6760676873489122,0.012184584104854228,33.80338436744561,0.40848214285714285,20.424107142857142,0.7292506043513296,0.005257226508039781,14.584990905614392,0.5044642857142857,10.089271061893365,0.7630942788074134,0.0027506081399992738,7.630942788074134,0.5669642857142857,5.669642857142858,0.3694284194587296,0.8057006783742067,0.2620689655172414,26.11954022988506,0.506896551724138,10.13880049683563,0.6068965517241379,6.069486011711126
2019-01-20,19,6885750,2572,1481,0.0003735250335838507,0.1932493457313453,0.8047788371281864,0.005527192363131401,0.4179626749611198,0.15611385419692128,417.9475005973759,0.09655638082376772,96.5528752914985,0.5015552099533437,0.09366831251815277,250.76850035842554,0.17960837272113436,89.80092597041468,0.5684292379471229,0.04246420169043539,113.68502208006046,0.26603646185010127,53.20690601482282,0.5952566096423018,0.02223416306021087,59.52522872933398,0.30452397029034434,30.45217590442271,0.6201399688958009,0.011581890135424608,31.006998444790046,0.34436191762322754,17.21809588116138,0.640746500777605,0.0047866485037366645,12.814799741292667,0.3787981093855503,7.5758851718504205,0.6597978227060654,0.0024644921432513288,6.597930317026764,0.41188386225523294,4.1188087143454215,0.36546826205400434,0.8045623011539702,0.2781456953642384,27.721854304635762,0.5132450331125827,10.265781013937955,0.5860927152317881,5.861429804732317
2019-01-21,20,6885750,2414,1502,0.00035057909450677123,0.16233782138770672,0.8386858463201728,0.0061197965720891125,0.39229494614747307,0.13752541388324135,392.28070366467654,0.10918774966711052,109.1837855460799,0.4618889809444905,0.08096137089747313,230.93610590607938,0.17310252996005326,86.54812268896579,0.5285832642916322,0.03706177931395045,105.71588521583858,0.2569906790945406,51.39776260057605,0.5662800331400166,0.019852449969502455,56.62759211992607,0.31091877496671105,31.09165172858681,0.5990057995028998,0.010499945539701558,29.95028997514499,0.3595206391478029,17.97603195739015,0.6267605633802817,0.004394551105172965,12.535120245420357,0.40346205059920104,8.06918241863966,0.6553438276719138,0.0022974884472056908,6.553409724667185,0.44806924101198403,4.480672888617221,0.36644322264838053,0.7831762260458868,0.23885350318471338,23.805732484076433,0.49044585987261147,9.809758442494891,0.554140127388535,5.541876522708153
2019-01-22,21,6885750,1942,1061,0.0002820317322005591,0.14267066848156304,0.898837282205487,0.005201441762230311,0.4325437693099897,0.12198663955852454,432.52806557163257,0.09707822808671066,97.07470360849084,0.5149330587023687,0.07261109497531222,257.4571818878765,0.17153628652214892,85.76502940167637,0.6204943357363543,0.03499956432077609,124.09796602563542,0.3100848256361923,62.01651480218453,0.6642636457260556,0.01873420662813326,66.4258822294895,0.38737040527803956,38.736759245741396,0.709577754891864,0.01000617216715681,35.47888774459321,0.470311027332705,23.51555136663525,0.7687950566426365,0.004336473137393294,15.37583414305143,0.5786993402450519,11.573936379298688,0.8043254376930999,0.002268433198127744,8.04318429145629,0.6437323279924599,6.437267187845847,0.3670236963648136,0.8144962525760744,0.2576271186440678,25.676836158192092,0.5186440677966102,10.373770968398409,0.5966101694915255,5.966613367444835
2019-01-23,22,6885750,1512,845,0.0002195839233198998,0.13407051513206572,0.8831821639934171,0.002553848596316906,0.3835978835978836,0.08422887017136219,383.5839568667045,0.04142011834319527,41.418614563121814,0.458994708994709,0.05039209991286669,229.4890224702525,0.10887573964497041,54.43589342581724,0.5674603174603174,0.024920851607656336,113.4912393898278,0.24378698224852072,48.757042406626724,0.6183862433862434,0.013578669145197363,61.83817530856002,0.33136094674556216,33.135854062756025,0.669973544973545,0.007355770976291616,33.49867724867725,0.41301775147928993,20.650887573964496,0.7354497354497355,0.003229854075657589,14.708973347525955,0.5301775147928994,10.603534896613322,0.7870370370370371,0.0017281967646413847,7.870324650879243,0.6224852071005917,6.224815910437146,0.3534283547153444,0.8010235317235954,0.2834008097165992,28.245614035087716,0.4817813765182186,9.636453913514488,0.5870445344129555,5.870948812855466
2019-01-24,23,6885750,1148,649,0.0001667211269651091,0.14047445192585611,0.8798756371091647,0.0017705806604133797,0.44337979094076657,0.07391809468486785,443.3636937947115,0.0847457627118644,84.74268597055189,0.4886759581881533,0.04073482428115016,244.32910826997363,0.12480739599383667,62.401432396497306,0.5435540069686411,0.018124255714659154,108.71001200976853,0.20647149460708783,41.29399907028247,0.5679442508710801,0.009468761799645647,56.794012684590605,0.24345146379044685,24.34496960113668,0.5984320557491289,0.004988563337327089,29.921602787456447,0.2942989214175655,14.714946070878275,0.6872822299651568,0.0022916793740142727,13.74558471221148,0.4514637904468413,9.029236470143797,0.7874564459930313,0.0013128486346519427,7.874518716075448,0.6286594761171033,6.2865582419349755,0.3128164138527193,0.7777801331864678,0.2932692307692308,29.229166666666668,0.4375,8.750750428816467,0.5240384615384616,5.240834048027445
2019-01-25,24,6885750,878,388,0.00012750971208655556,0.13553231566317217,0.9106751692412147,0.0022369361225033618,0.5535307517084282,0.07057798431600348,553.5106554714363,0.12628865979381443,126.28407481487913,0.6343963553530751,0.04044437990124891,317.186661623035,0.21649484536082475,108.24349269846783,0.6879271070615034,0.017543350082779054,137.58442236047367,0.30927835051546393,61.855220949253706,0.7186788154897494,0.009163786342908594,71.86735969326065,0.37371134020618557,37.37086265684077,0.7425968109339408,0.004734380899822824,37.12957093502848,0.422680412371134,21.13386715766168,0.7892938496583144,0.0020128438608262244,15.785808217180154,0.5257731958762887,10.51541810370112,0.8257403189066059,0.0010528929868613478,8.257355221276224,0.6082474226804123,6.082438893317469,0.3138386337029658,0.8252399079831367,0.30939226519337015,30.83609576427256,0.5414364640883977,10.829657989253526,0.6408839779005525,6.409389422211271
2019-01-26,25,6885750,927,419,0.00013462585774970046,0.22279036206726446,0.9024354985415606,0.00212013590690766,0.5555555555555556,0.0747894278245716,555.5353858069514,0.10978520286396182,109.7812170520658,0.6040992448759439,0.04066221318617485,302.03865636106093,0.18138424821002386,90.68883147779349,0.674217907227616,0.018153300996253157,134.84260230307464,0.30787589498806683,61.574731880510065,0.7055016181229773,0.009497807081239653,70.54964952496866,0.36992840095465396,36.99257147860101,0.7238403451995685,0.004872381367316559,36.19201725997843,0.40572792362768495,20.286396181384248,0.7540453074433657,0.0020302710804004777,15.080840444301607,0.4701670644391408,9.403300320259474,0.7918015102481122,0.0010659649306251433,7.917980605234177,0.548926014319809,5.489236227562636,0.2816757621688364,0.824737846232469,0.2839506172839506,28.300411522633745,0.5493827160493827,10.988596658407978,0.6111111111111112,6.111635220125786
2019-01-27,26,6885750,1055,553,0.0001532149729513851,0.22244608023694934,0.9331731164705954,0.0034590915975386653,0.5061611374407583,0.07754864943363346,506.1427609835465,0.12658227848101267,126.57768284209018,0.5734597156398105,0.0439297124600639,286.719447935436,0.22784810126582278,113.91991455788116,0.6274881516587678,0.019227976415231347,125.49671905325047,0.3074141048824593,61.48237453002975,0.6758293838862559,0.010354642888262803,67.58244764725649,0.39059674502712477,39.05939087790126,0.7184834123222749,0.005504120829248811,35.92417061611374,0.46835443037974683,23.417721518987342,0.7800947867298578,0.002390440561390464,15.601873076392783,0.5858951175406871,11.717885333226214,0.8322274881516588,0.0012750915655161798,8.322238622988658,0.6835443037974683,6.835413257283006,0.3546052848134562,0.8381989026134988,0.30120481927710846,30.02008032128514,0.5903614457831325,11.808241542499326,0.6445783132530121,6.440812091553876
2019-01-28,27,6885750,1025,578,0.00014885814907599027,0.16900960921968097,0.8831504215987516,0.0028433496786180604,0.48878048780487804,0.07275631716526285,488.76274236166694,0.11764705882352941,117.64278758264851,0.5317073170731708,0.03957304676154516,265.8440065739606,0.1782006920415225,89.09711118391762,0.5921951219512195,0.017630485927561067,118.43816436654012,0.2820069204152249,56.40097453452423,0.6390243902439025,0.009512329722036654,63.90197500830624,0.3633217993079585,36.33191611119659,0.6634146341463415,0.004937697870980859,33.170490844006295,0.40657439446366783,20.328572109836188,0.7024390243902439,0.00209124812659022,14.048596866018153,0.4757785467128028,9.515446562881744,0.7258536585365853,0.001080479767871121,7.25845225523763,0.5173010380622838,5.172950280267405,0.31931126832512646,0.7694292257297737,0.345679012345679,34.452674897119344,0.5246913580246914,10.494727145670542,0.5370370370370371,5.37083095101963
2019-01-29,28,6885750,940,493,0.00013651381476237156,0.15646014228031208,0.8586428324927584,0.0008696840606745701,0.5010638297872341,0.06839965146674412,501.04563839056743,0.06490872210953347,64.90636556284056,0.5404255319148936,0.03688643624745861,270.2029557350406,0.12373225152129817,61.86387967708241,0.5574468085106383,0.015219727555258649,111.48855214215132,0.15618661257606492,31.23709569100581,0.5723404255319149,0.00781318074878736,57.233626958470815,0.1845841784989858,18.458283817412525,0.5872340425531914,0.0040082779653632505,29.36170212765958,0.2129817444219067,10.649087221095336,0.6148936170212767,0.0016788172761334921,12.297783041634249,0.2657200811359026,5.314363033145145,0.6595744680851063,0.0009004024217920622,6.595687208356057,0.3509127789046653,3.5090972120096247,0.2785386411682826,0.7523840256009137,0.3150684931506849,31.40182648401826,0.4246575342465753,8.493879085504828,0.5068493150684932,5.068927841349655
2019-01-30,29,6885750,987,382,0.00014333950550049013,0.2619343963557172,0.9065417623502786,0.0028326259116947224,0.6798378926038501,0.09744408945686901,679.8132107169563,0.193717277486911,193.71024447509402,0.713272543059777,0.051118210862619806,356.6233236547967,0.2617801047120419,130.88530032100948,0.7386018237082067,0.021174010282029684,147.71929209674357,0.32460732984293195,64.92099455302126,0.7497467071935157,0.01074675418978187,74.97412630424571,0.35340314136125656,35.340057518781734,0.7537993920972644,0.0054024616054895985,37.68996960486323,0.36387434554973824,18.19371727748691,0.7659574468085106,0.0021958232885067822,15.319037698921557,0.39528795811518325,7.905701756053394,0.78419452887538,0.0011240442356426584,7.841831403826176,0.4424083769633508,4.424019520720598,0.34165276906780984,0.795119276255303,0.36231884057971014,36.11111111111111,0.5144927536231884,10.29073756432247,0.5869565217391305,5.8700686106346485
2019-01-31,30,6885750,981,392,0.00014246814072541117,0.17495658957423355,0.9219534520884061,0.003990612210938954,0.6279306829765545,0.08945686900958466,627.9078856093248,0.1760204081632653,176.01401764597793,0.7176350662589195,0.051118210862619806,358.80450606247126,0.3163265306122449,158.1575231021831,0.762487257900102,0.02172587063231578,152.4963442471645,0.413265306122449,82.65246105413033,0.7859327217125383,0.011196793447479631,78.59156012332606,0.46938775510204084,46.93775301258917,0.799184505606524,0.00569291653051592,39.959225280326194,0.5025510204081632,25.127551020408163,0.8144750254841998,0.002320704518257758,16.289287601012596,0.5408163265306123,10.816185157971034,0.8328236493374108,0.0011865083687325273,8.328236493374108,0.5867346938775511,5.86734693877551,0.24613527567565655,0.8340922515824156,0.3046875,30.367187499999996,0.4921875,9.844594232418524,0.5859375,5.859877519296741
2019-02-01,31,6885750,921,363,0.0001337544929746215,0.22788908773593805,0.9250191578715933,0.003938315696144598,0.6482084690553745,0.0866976474005228,648.1849354920193,0.18181818181818182,181.8115808095477,0.6948968512486428,0.046471100784199824,347.4358113190054,0.2644628099173554,132.22660422512558,0.752442996742671,0.0201283801446455,150.48750660259802,0.3746556473829201,74.93058537764507,0.7893593919652552,0.010557959859420837,78.93536601738005,0.465564738292011,46.556135767728,0.8175895765472313,0.00546781396362052,40.87947882736156,0.5371900826446281,26.859504132231407,0.8338762214983714,0.002230677626419588,16.677403329119088,0.5785123966942148,11.570163918606958,0.8458197611292074,0.0011313055033147688,8.458074776818316,0.6088154269972452,6.088065854536885,0.29682042387749846,0.8267627787206329,0.33858267716535434,33.74540682414698,0.5748031496062992,11.497048932348292,0.6220472440944882,6.221005929147364
2019-02-02,32,6885750,722,397,0.00010485422793450242,0.14520129200773177,0.870485709380845,0.004158224363726078,0.5443213296398892,0.057072320650595414,544.3015677560074,0.2141057934508816,214.0980202228301,0.6011080332409973,0.031513215219285504,300.54310484237556,0.29974811083123426,149.86861415598108,0.6398891966759003,0.013418920096430335,127.97691004708473,0.34760705289672544,69.52090576210831,0.6606648199445984,0.0069272996601702054,66.06600226456646,0.38287153652392947,38.28687563710314,0.6731301939058172,0.003529027339069818,33.65650969529086,0.40554156171284633,20.27707808564232,0.6897506925207756,0.001446459224663001,13.794953748231661,0.4357682619647355,8.715327268148787,0.7160664819944599,0.0007508259811930436,7.160664819944598,0.4836272040302267,4.836272040302267,0.2914671805098505,0.7633064697527652,0.2814814814814815,28.05432098765432,0.4888888888888889,9.778616352201258,0.5407407407407407,5.407871164474938
2019-02-03,33,6885750,476,343,6.912827215626475e-05,0.019600684347997478,0.7559702932725724,0.0012988037845899612,0.35084033613445376,0.024252105721754284,350.82759868396965,0.12244897959183673,122.44453401459336,0.4054621848739496,0.01401394133023526,202.7237321736711,0.18658892128279883,93.29107353492826,0.4432773109243697,0.006128554416335067,88.65481842915796,0.239067055393586,47.813063890220015,0.4642857142857143,0.0032094570063463017,46.42756004506102,0.26239067055393583,26.238495472875933,0.4789915966386555,0.001655593072650038,23.949579831932773,0.282798833819242,14.139941690962099,0.5105042016806722,0.0007058044427920811,10.210069205789019,0.32653061224489793,6.530602760669283,0.5252100840336135,0.00036306338360550983,5.252024566516049,0.3469387755102041,3.4693373707957442,0.14816186540515758,0.7673087288471904,0.2564102564102564,25.555555555555554,0.46153846153846156,9.231560891938251,0.5299145299145299,5.299599771297884
2019-02-04,34,6885750,454,339,6.59332679809752e-05,0.026450062343563084,0.6887789274495771,0.0003877857898112885,0.27312775330396477,0.018007551553877434,273.117837251347,0.05309734513274336,53.09541740455818,0.3039647577092511,0.010020331106593087,151.97686105115275,0.07669616519174041,38.34669034773646,0.3392070484581498,0.004472973365476778,67.8409170734179,0.12389380530973451,24.778581135423753,0.36123348017621143,0.0023817130907084145,36.12308571441732,0.15339233038348082,15.339121655262323,0.3854625550660793,0.0012707402969901608,19.273127753303964,0.18584070796460178,9.292035398230087,0.4052863436123348,0.0005344316290579771,8.105644470894198,0.20943952802359883,4.18874797798518,0.43832599118942733,0.00028900223069058465,4.383253546206373,0.2536873156342183,2.5368694721110208,0.13444901070085288,0.7350428183577391,0.24166666666666667,24.086111111111112,0.4166666666666667,8.334048027444254,0.48333333333333334,4.833747855917667
2019-02-05,35,6885750,416,270,6.041462440547507e-05,0.04228043179956129,0.7718709060139222,0.0010079409820364987,0.4230769230769231,0.025559105431309903,423.0615630376014,0.1259259259259259,125.9213541162423,0.4543269230769231,0.013723496950334011,227.1552142446212,0.15925925925925927,79.62673863232968,0.49278846153846156,0.005954282726771036,98.55697664871072,0.21851851851851853,43.703386357108506,0.5168269230769231,0.0031223677713555433,51.6823170231044,0.25555555555555554,25.555369988478702,0.5408653846153846,0.0016338089532730638,27.04326923076923,0.29259259259259257,14.629629629629628,0.5625,0.0006796635375034855,11.249983661934195,0.32592592592592595,6.518509051853228,0.5913461538461539,0.00035725800127218705,5.913435774663371,0.37037037037037035,3.703687567389283,0.1250632000647534,0.7245866617127996,0.1984126984126984,19.775132275132275,0.40476190476190477,8.095932369517275,0.4603174603174603,4.603569386588254
2019-02-06,36,6885750,390,262,5.663871038013288e-05,0.055970531637396556,0.7853891949637926,0.0014649667622643348,0.4076923076923077,0.023090328202149287,407.67750619987044,0.14122137404580154,141.21624692649985,0.4717948717948718,0.01336044147545745,235.88887151187473,0.21755725190839695,108.77467668662825,0.5076923076923077,0.005750965755613,101.53772423515953,0.26717557251908397,53.43472649432985,0.5282051282051282,0.0029916640041825204,52.820129273845616,0.29770992366412213,29.77077618969806,0.5512820512820513,0.0015611952220164834,27.564102564102566,0.3320610687022901,16.603053435114507,0.5948717948717949,0.0006738485757687537,11.897314950255632,0.3969465648854962,7.938850591971052,0.6384615384615384,0.0003616121803762219,6.384541207757872,0.4618320610687023,4.61826695475174,0.10357931701520494,0.6731894228795774,0.15267175572519084,15.216284987277355,0.33587786259541985,6.718133371741322,0.42748091603053434,4.275175782017205
2019-02-07,37,6885750,530,400,7.697055513197545e-05,0.05706913415694663,0.8376484097766319,0.004519605196910198,0.38113207547169814,0.02933488237002614,381.11823826303305,0.195,194.99292041823992,0.4547169811320755,0.017499273889050246,227.35023619156178,0.285,142.494826459483,0.5339622641509434,0.00821981469110343,106.79167737597254,0.385,76.99944087832931,0.569811320754717,0.004385773827676847,56.97989081872802,0.4325,43.2490578573607,0.5962264150943396,0.0022945939077079476,29.811320754716984,0.465,23.250000000000004,0.630188679245283,0.0009701124052397688,12.603682064867431,0.51,10.199925934531935,0.6830188679245283,0.000525722650803978,6.830178759949985,0.58,5.799991576819408,0.10009092965856627,0.6827946677176078,0.14093959731543623,14.046979865771812,0.2684563758389262,5.369587990836567,0.3624161073825503,3.6244718938146825
2019-02-08,38,6885750,742,528,0.00010775877718476563,0.14510399909920066,0.8532607871606441,0.004193787441769617,0.4123989218328841,0.04443799012489108,412.38394946424364,0.17992424242424243,179.91771017611492,0.4568733153638814,0.024615161196630844,228.4283641640173,0.24242424242424243,121.20772053969847,0.5053908355795148,0.010891980597751896,101.07743315494625,0.3087121212121212,61.74197591089964,0.5269541778975741,0.005678352551627988,52.69503515144531,0.3390151515151515,33.90126898175164,0.5485175202156334,0.0029553574021900144,27.42567686270875,0.3693181818181818,18.46577500402673,0.6091644204851752,0.0013128467280490285,12.183199942942855,0.45454545454545453,9.090843078905468,0.692722371967655,0.0007464615688472832,6.9271532987738285,0.5700757575757576,5.700699622887721,0.1166299899010897,0.6887412908452606,0.17391304347826086,17.333333333333336,0.2795031055900621,5.590541533937761,0.37888198757763975,3.789144817446705
2019-02-09,39,6885750,1173,889,0.00017035181352793814,0.12490277219543439,0.82038211227765,0.004175271014065212,0.340153452685422,0.05794365379029916,340.1411032280924,0.1361079865016873,136.10304502671988,0.3657289002557545,0.031150159744408944,182.8578111338993,0.1687289088863892,84.36139154548754,0.40494458653026427,0.0137965087571524,80.98832921957556,0.2170978627671541,43.419257270002944,0.4194373401534527,0.007145139272125243,41.94342944845387,0.23509561304836896,23.509390594379834,0.43307757885763,0.0036887775478342956,21.6538789428815,0.2530933633295838,12.654668166479189,0.4919011082693947,0.0016759030125591068,9.837893579479003,0.33070866141732286,6.614086779112877,0.6138107416879796,0.0010456346929972973,6.138089588496283,0.4915635545556805,4.915621267892737,0.12850801739888712,0.7268790551545521,0.15816326530612246,15.763605442176873,0.2653061224489796,5.306577519515526,0.37244897959183676,3.7248092204291665
2019-02-10,40,6885750,1811,1388,0.00026300693461133503,0.15962682553051974,0.8167771235058152,0.006962961324298958,0.3357261181667587,0.08829509148997967,335.7139294462327,0.13688760806916425,136.88263828960905,0.36885698509110987,0.04850421144350857,184.42179676816073,0.1786743515850144,89.33393235742906,0.4152401987852015,0.0218420517586918,83.04743671861516,0.23703170028818443,47.40599582501281,0.4384318056322474,0.011530976792820006,43.842862203843374,0.2672910662824208,26.72891253963488,0.46438431805632246,0.006106770455139562,23.219047300650047,0.3011527377521614,15.057527549282185,0.5328547763666482,0.0028028778148590284,10.65704909644702,0.3904899135446686,7.809764245126048,0.6178906681391496,0.0016250882252990947,6.17887976110063,0.5014409221902018,5.014387375099381,0.15745734136270623,0.7344599432935285,0.16113744075829384,16.06003159557662,0.2890995260663507,5.782486403876013,0.41232227488151657,4.123576369977156
2019-02-11,41,6885750,1990,1505,0.00028900265040119087,0.11478291928226847,0.8080857421002765,0.0038328362261880133,0.2969849246231156,0.08582631426081905,296.97414242283156,0.08106312292358804,81.06017988252924,0.3412060301507538,0.049302933488237,170.5968212395115,0.132890365448505,66.44277039551577,0.39045226130653266,0.022568183798541926,78.08988522151259,0.19534883720930232,39.069483743761175,0.42613065326633165,0.012315199395858142,42.61275589951266,0.2425249169435216,24.2523155892395,0.4507537688442211,0.006513451693715281,22.537688442211053,0.2750830564784053,13.754152823920267,0.5180904522613066,0.0029945772301758116,10.361763900845776,0.36411960132890364,7.2823602986168545,0.5979899497487438,0.001728201784259422,5.979882128625284,0.4691029900332226,4.691016275044421,0.18963943575658385,0.7404485532069636,0.18777292576419213,18.714701601164485,0.3231441048034934,6.463436374122704,0.4104803493449782,4.105155534915772
2019-02-12,42,6885750,2712,1788,0.0003938568783356933,0.2170492371722262,0.814644598272039,0.006133551949951825,0.39343657817109146,0.15495207667731628,393.4222942407192,0.09955257270693513,99.5489583962792,0.44210914454277284,0.08706070287539937,221.04654676411548,0.1599552572706935,79.97472500375238,0.497787610619469,0.039211130151906824,99.55679920482758,0.23937360178970918,47.87437272425833,0.5346607669616519,0.021057829155653664,53.46568846185185,0.2941834451901566,29.418130902990516,0.5545722713864307,0.010921105180989725,27.728613569321535,0.3243847874720358,16.21923937360179,0.5785398230088495,0.004557204682099393,11.570712440916628,0.36073825503355705,7.2147127119501455,0.6109882005899705,0.002406415559066828,6.109873132685991,0.4099552572706935,4.0995466190394065,0.1944295200255245,0.7330793727512294,0.18248175182481752,18.18734793187348,0.29927007299270075,5.985914787594997,0.3978102189781022,3.978443364925943
2019-02-13,43,6885750,3706,2732,0.0005382129760737756,0.11852891717527451,0.6952153143982281,0.0016730254463226645,0.270102536427415,0.14536741214057508,270.0927302069522,0.025256222547584188,25.255305606597126,0.30572045331894226,0.08226837060702875,152.85467698525318,0.06405563689604685,32.02665566053983,0.3383702104695089,0.036422783118882335,67.67355069099946,0.1061493411420205,21.22971407152887,0.3502428494333513,0.01885038775450928,35.02403062078043,0.12115666178623719,12.115578202889754,0.3561791689152725,0.009585012525868642,17.80895844576363,0.1273792093704246,6.36896046852123,0.36481381543443064,0.003926933477398349,7.296244520236287,0.13872620790629575,2.7745120700654855,0.3783054506206152,0.0020360890244345204,3.783054506206152,0.15702781844802344,1.5702781844802343,0.23719690525819642,0.7423622836393282,0.19858156028368795,19.7919621749409,0.31560283687943264,6.312598080362031,0.3971631205673759,3.971971825845772
2019-02-14,44,6885750,3449,2611,0.0005008895182078931,0.0770727721809839,0.7082303845714341,0.0019080203452285212,0.2360104378080603,0.1182108626198083,236.0018693199029,0.024511681348142474,24.51079143813129,0.2867497825456654,0.07181237293058379,143.36968596890907,0.07047108387590961,35.23426269231373,0.3273412583357495,0.032792122919631704,65.46777628119861,0.11643048640367676,23.285928192922167,0.34560742244128734,0.017310987830027012,34.56049128750609,0.1390271926464956,13.902618312550569,0.35372571759930416,0.00885881088617154,17.686157454176772,0.1493680582152432,7.46834868029576,0.36416352565961146,0.0036480979642103,7.283238781403617,0.16200689391037917,3.24012376155902,0.37576109017106407,0.0018821479141705696,3.757610901710641,0.1769436997319035,1.769436997319035,0.26207494315734287,0.7454287171268302,0.23773584905660378,23.694339622641508,0.3622641509433962,7.245904398200589,0.44528301886792454,4.453212078060779
2019-02-15,45,6885750,2892,1449,0.0004199978215880623,0.19141649154626805,0.9345520738645509,0.012974912179486096,0.4640387275242047,0.19488817891373802,464.02188034414644,0.0759144237405107,75.91166762579458,0.6092669432918395,0.12794074934650015,304.62241176094864,0.2587991718426501,129.3948879985135,0.7313278008298755,0.06143077057132069,146.26449808487948,0.47066942719116633,94.13320190193075,0.7904564315352697,0.03319875686194778,79.04506917778593,0.583160800552105,58.315656603468824,0.8205394190871369,0.0172311133056435,41.02667304437577,0.6418219461697723,32.09086428474912,0.8399031811894883,0.007055119390976767,16.797990437903966,0.6804692891649413,13.609326489860248,0.8609958506224067,0.003616148061657503,8.609920994314713,0.722567287784679,7.225641396999837,0.38585982718478723,0.8134675295775693,0.3305084745762712,32.940677966101696,0.5127118644067796,10.255116725295812,0.5847457627118644,5.847959124342239
2019-02-16,46,6885750,1549,666,0.00022495733943288677,0.18335213463074648,0.9001094783099403,0.002275601867414038,0.4751452550032279,0.1068835318036596,475.12800459460885,0.05405405405405406,54.05209159202769,0.5771465461588121,0.06491431890792913,288.56279626873663,0.13063063063063063,65.31294400703347,0.6694641704325371,0.030119957012983242,133.89186184774005,0.2702702702702703,54.053661550248734,0.723692704970949,0.01627988033343983,72.3687450006348,0.36786786786786785,36.7865196661415,0.749515816655907,0.008430392982659967,37.475518709070926,0.42492492492492495,21.246091970444986,0.7792123950936087,0.003505755305831404,15.58408947522827,0.4924924924924925,9.849749718058794,0.7998708844415752,0.0017993682605380677,7.998708844415751,0.5405405405405406,5.405405405405406,0.3247733606761699,0.7921235304182046,0.27091633466135456,27.00132802124834,0.44621513944223107,8.925068166442292,0.5338645418326693,5.339103278139586
2019-02-17,47,6885750,1873,1035,0.000272011037287151,0.21056852572686205,0.8412899884258678,0.003951489774507609,0.44847837693539777,0.12198663955852454,448.4620946823867,0.09371980676328502,93.71640421439004,0.5178857447944474,0.07043276212605286,258.93347133447327,0.16231884057971013,81.15647375266767,0.5792845702082221,0.031514130529495483,115.85607276747118,0.25024154589371983,50.04794576193561,0.6161238654564869,0.016759127479740916,61.61193915836946,0.30917874396135264,30.91764989154323,0.6385477843032568,0.008684539196607511,31.92715738016026,0.34879227053140094,17.439486891948604,0.6684463427656167,0.0036364903801468537,13.368907439987291,0.40193236714975844,8.038635668688565,0.6914041644420715,0.001880695639545438,6.914041644420715,0.4434782608695652,4.434782608695652,0.286988028896757,0.7576392059491273,0.2277580071174377,22.69988137603796,0.4128113879003559,8.256935839289966,0.4697508896797153,4.697911770630498
2019-02-18,48,6885750,2989,2032,0.00043408488545183897,0.1492937542780774,0.7954755918776637,0.005529538956407852,0.3409166945466711,0.14798141155968633,340.90431737942794,0.07578740157480315,75.7846500716963,0.4054867848778856,0.08800464711007842,202.7360317290808,0.14025590551181102,70.12540672218653,0.4713951154232185,0.040924801765953124,94.27833849445022,0.2283464566929134,45.6689597192259,0.5038474406155905,0.021871097040285805,50.38437820178922,0.2736220472440945,27.362006038674135,0.5286048845767816,0.011472886229631996,26.43005231036752,0.3095472440944882,15.477249818638517,0.5620608899297423,0.004879593134877182,11.241103522409018,0.358759842519685,7.175123908641009,0.5901639344262295,0.002561801277415195,5.90161363197112,0.4000984251968504,4.000966820460736,0.3056440731969452,0.7679673057098523,0.2073170731707317,20.66260162601626,0.42073170731707316,8.415355813077856,0.4969512195121951,4.969938396853951
2019-02-19,49,6885750,4271,3204,0.0006202664923937117,0.13697972992578275,0.7736967129804637,0.007503997765446182,0.2732381175368766,0.16947429567237873,273.2281974774249,0.06710362047440699,67.10118424072726,0.32849449777569656,0.10187336625036306,164.24128580155406,0.11766541822721598,58.83057315989344,0.3919456801685788,0.04862180138836446,78.38856682508325,0.1941323345817728,38.82618498493834,0.4476703348162023,0.027767289203868832,44.76670841384683,0.26779026217228463,26.77883176613914,0.4879419339733084,0.015132701593871402,24.39709669866542,0.3196004993757803,15.980024968789014,0.5225942402247717,0.006482944511571708,10.451869625510392,0.3651685393258427,7.303360180032186,0.5584172324982439,0.0034636699507389164,5.584164215242447,0.4126092384519351,4.126086392308782,0.3111218450782071,0.7800827712562847,0.20710059171597633,20.64102564102564,0.40236686390532544,8.04802744425386,0.48520710059171596,4.852487135506004
2019-02-20,50,6885750,4732,3233,0.0006872163526122789,0.18018678750104952,0.8395147760230108,0.010793564109518315,0.32628909551986474,0.22422306128376415,326.2772494156127,0.06928549334982988,69.28297790206086,0.4004649196956889,0.13759802497821666,200.2251902987649,0.14321064027219302,71.60272046574593,0.4805579036348267,0.06604897034476749,96.11088282998368,0.24713888029693784,49.42741714846901,0.5388841927303466,0.03703273403235644,53.88802797195655,0.32786885245901637,32.786647169823,0.5877007607776839,0.020193878662455072,29.385038038884197,0.39808227652335293,19.904113826167645,0.6312341504649197,0.008675876010781671,12.624664674818238,0.4611815651098051,9.223617906969865,0.6635672020287405,0.004560142322913263,6.635672020287405,0.5081967213114754,5.081967213114753,0.3315516381496709,0.793240384379673,0.21052631578947367,20.982456140350877,0.4293628808864266,8.587994089222335,0.5041551246537396,5.041983626575693
2019-02-21,51,6885750,4127,2583,0.0005993537377918164,0.18749164754320077,0.8960297074638872,0.016727799146256495,0.3641870608189969,0.21826895149578857,364.17383880836593,0.06387921022067364,63.87689105097349,0.4792827719893385,0.14362474586116758,239.63268568295,0.1916376306620209,95.81533657646025,0.6132784104676521,0.07351360771442679,122.65479145132403,0.3883081687959737,77.66106983318934,0.6951780954688636,0.041665456446600246,69.51730475579784,0.516066589237321,51.60628419124696,0.7373394717712625,0.02209635842137748,36.86697358856312,0.5826558265582655,29.13279132791328,0.7690816573782409,0.00921899915477985,15.38156613279025,0.6329849012775842,12.659642869717377,0.7887085049672886,0.004727133309516133,7.887050687182145,0.6643437862950058,6.6434089187874665,0.38154977080307284,0.7968876271294811,0.24629080118694363,24.54698318496538,0.4658753709198813,9.318306518519272,0.5341246290801187,5.341704373673468
2019-02-22,52,6885750,2747,1613,0.00039893983952365395,0.1074026806202341,0.9001290587069422,0.007852732972267431,0.37204222788496544,0.1484170781295382,372.0287206881935,0.06261624302541847,62.61396970843382,0.48380050964688753,0.09650014522218996,241.891472502255,0.16119032858028517,80.59223823857819,0.5995631598107026,0.04783757878532632,119.9117612381,0.32610043397396155,65.21961321084568,0.6636330542409902,0.026474774172935606,66.36282353887563,0.4333539987600744,43.335085203784345,0.7127775755369494,0.014217768580038485,35.63887877684746,0.5133292002479851,25.66646001239926,0.7502730251183108,0.0059862499237559146,15.00539512650247,0.5753254804711717,11.506459477806061,0.7783036039315617,0.0031049586392787433,7.783024736226285,0.6230626162430254,6.230617113863121,0.3890277508558541,0.8070307504784111,0.2724358974358974,27.15277777777778,0.5064102564102564,10.129073756432247,0.5673076923076923,5.67356346483705
2019-02-23,53,6885750,2242,1350,0.0003255999709545075,0.10318292031912897,0.8490829337364552,0.003939642175394232,0.3514719000892061,0.11443508568109208,351.45913970944684,0.04518518518518518,45.18354471229871,0.4366636931311329,0.07108626198083066,218.3239199083429,0.1111111111111111,55.55353858069513,0.5276538804638715,0.03436056812570798,105.5300097999972,0.23555555555555555,47.11076902223901,0.5932203389830508,0.01931511226001336,59.32160314201026,0.33925925925925926,33.92567957890796,0.6427297056199821,0.010463638674073267,32.13648528099911,0.4162962962962963,20.814814814814817,0.6868867082961642,0.00447298635739161,13.737674313295845,0.4866666666666667,9.733290927099036,0.7163247100802854,0.0023323428863541965,7.163215891932832,0.5355555555555556,5.355532222444904,0.37252135804098485,0.7849322450894671,0.272108843537415,27.120181405895693,0.5170068027210885,10.341022858543074,0.5748299319727891,5.748792312808486
2019-02-24,54,6885750,2532,1380,0.00036771593508332426,0.17826298976176666,0.8884464436147622,0.006798378044413624,0.4296998420221169,0.15800174266627942,429.68424153409694,0.08550724637681159,85.50414198941773,0.5181674565560821,0.09526575660760964,259.07432210144077,0.1746376811594203,87.31567042139692,0.6204581358609794,0.04563013738418194,124.09072610313221,0.32318840579710145,64.63721180450759,0.6765402843601895,0.024877283685265327,67.65353717844224,0.413768115942029,41.376511143916844,0.7112954186413902,0.01307773299931017,35.56477093206951,0.4753623188405797,23.768115942028988,0.7496050552922591,0.005512826470861604,14.992079333228787,0.5449275362318841,10.898534896972,0.7792259083728278,0.0028653253516667684,7.79222513437577,0.5985507246376811,5.98548116868955,0.39780598084666846,0.8391793684824307,0.26936026936026936,26.846240179573513,0.5185185185185185,10.371259767486182,0.6060606060606061,6.061125838141275
2019-02-25,55,6885750,3057,1825,0.0004439603529027339,0.1706869264386206,0.905152632708484,0.010699456644659471,0.3725875040889761,0.16540807435376126,372.5739770956531,0.08657534246575342,86.57219930054627,0.45371279031730455,0.10071158873075806,226.84815901302494,0.16164383561643836,80.81898352424415,0.5901210336931633,0.05239768799558512,118.02334972705275,0.3452054794520548,69.04059456089304,0.6725547922800131,0.029858549478637194,67.25499086441808,0.469041095890411,46.90376900327336,0.7350343473994112,0.016316305413353663,36.75171736997056,0.5704109589041096,28.52054794520548,0.7837749427543343,0.006959289896830561,15.675476089990525,0.6498630136986301,12.997241398408724,0.8177952240758914,0.0036306338360550987,8.177833476158455,0.7057534246575342,7.057431753284804,0.3535178753704231,0.8118060222072893,0.24579124579124578,24.49719416386083,0.4713804713804714,9.428417970441984,0.5791245791245792,5.791742467557218
2019-02-26,56,6885750,3318,2113,0.000481864720618669,0.15611770884487797,0.8969010009746153,0.011484625057478322,0.3613622664255576,0.17412140575079874,361.3491469706336,0.09086606720302887,90.86276826071101,0.45840867992766726,0.1104414754574499,229.1960185747847,0.19356365357311878,96.77831306935104,0.5536467751657626,0.05335618228818728,110.72855099182809,0.3161381921438713,63.22717931263358,0.6241711874623267,0.030076389090592234,62.4166655155351,0.42072882158069097,42.07257665339166,0.685051235684147,0.016505101114620776,34.25256178420736,0.5134879318504496,25.674396592522477,0.7323688969258589,0.00705804442792081,14.647356666532767,0.5868433506862281,11.736849968595173,0.7715491259795058,0.0037178230403369277,7.715491259795058,0.6478939895882632,6.478939895882631,0.34179367506182623,0.7851346199974999,0.24920127795527156,24.837060702875398,0.45686900958466453,9.13816384351076,0.5303514376996805,5.303969223855896
2019-02-27,57,6885750,2842,1839,0.00041273644846240423,0.15814123927719861,0.8485836093978156,0.007484129738150726,0.36875439831104856,0.15219285506825442,368.74101048072936,0.09189777052746058,91.8944341285887,0.4479239971850809,0.09243392390357247,223.95386752956514,0.16856987493202827,84.28187745521448,0.5168895144264603,0.04266751866159343,103.37715222521709,0.2582925502990756,51.658134950822266,0.5763546798029556,0.02378808562549014,57.635049470696245,0.3480152256661229,34.80126986160658,0.6199859254046446,0.012794539447409506,30.999296270232232,0.41381185426862427,20.690592713431215,0.6688951442646024,0.005521524068442501,13.377844600379293,0.4893964110929853,9.787885577766133,0.7079521463757917,0.002921972302258574,7.079511182363468,0.5497553017944535,5.4975450339993825,0.31146131637930496,0.7724474186002284,0.22955974842767296,22.87945492662474,0.44339622641509435,8.868685070714262,0.5031446540880503,5.031878054305965
2019-02-28,58,6885750,2336,1571,0.00033925135243074463,0.09499569902916533,0.8447946711320208,0.004864766591380849,0.3210616438356164,0.10891664246296834,321.0499875168597,0.07829408020369191,78.29123769424508,0.4006849315068493,0.06796398489689225,200.33519221052046,0.14258434118395927,71.28958229069471,0.4773116438356164,0.032385488977315635,95.46163558456813,0.23360916613621896,46.72149396504312,0.5201198630136986,0.01764500856835807,52.011608625672764,0.28898790579248884,28.89858073587136,0.5543664383561644,0.00940347819772719,27.718321917808222,0.33736473583704646,16.868236791852322,0.6138698630136986,0.004165117575982898,12.277379430147363,0.4258434118395926,8.51685586797819,0.6767979452054794,0.002296042847848313,6.767969623104248,0.5194143857415658,5.19413631410329,0.30184438644740724,0.7868937642254774,0.22945205479452055,22.868721461187214,0.4383561643835616,8.767875185037243,0.5171232876712328,5.171676378674311
2019-03-01,59,6885750,2170,1292,0.0003151435936535599,0.18826283472726776,0.8905013201923666,0.003879535645032961,0.38525345622119817,0.12140575079872204,385.2394693835485,0.05030959752321981,50.30777100573785,0.45299539170506914,0.07137670636073191,226.48947272968192,0.12306501547987617,61.530273768556285,0.5331797235023041,0.03360539080426385,106.63517038270037,0.2306501547987616,46.12969599481753,0.5870967741935483,0.01850184437538122,58.709251109576606,0.3142414860681115,31.42392042599986,0.6387096774193548,0.010064263152162073,31.93548387096774,0.39860681114551083,19.930340557275542,0.7078341013824885,0.004461381169253648,14.156661468289542,0.5116099071207431,10.232183282474718,0.747926267281106,0.002357034870464741,7.4792409489873695,0.5789473684210527,5.789456868447919,0.3163785106122935,0.8274947408122723,0.23703703703703705,23.624691358024695,0.5074074074074074,10.149018486754334,0.5925925925925926,5.9264341528492475
2019-03-02,60,6885750,2403,1432,0.00034898159241912645,0.19618333525654816,0.8796183760283245,0.004270191510989936,0.4074074074074074,0.14217252396166133,407.3926162584309,0.061452513966480445,61.4502828993164,0.4681647940074906,0.08168748184722625,234.07389851416488,0.12569832402234637,62.84688023793723,0.5226799833541407,0.03648087368207035,104.53523760146314,0.20460893854748605,40.92149056328537,0.5801081980857262,0.020244561271021522,58.01039857342341,0.29678770949720673,29.678555442655767,0.6458593424885559,0.011269651091021312,32.2929671244278,0.4064245810055866,20.321229050279328,0.7257594673325011,0.005065482397158218,14.515041787861923,0.539804469273743,10.795979634383926,0.7773616312942155,0.0027128253611412457,7.773548576978083,0.6263966480446927,6.263911898925098,0.3896106568225022,0.8412326247587883,0.2976190476190476,29.662698412698415,0.5595238095238095,11.191435922567997,0.6587301587301587,6.587866535979744
2019-03-03,61,6885750,2242,1332,0.0003255999709545075,0.1515330624283158,0.9172368690893057,0.004545232103449972,0.4023193577163247,0.13099041533546327,402.30475129177796,0.06381381381381382,63.811497018366026,0.4745762711864407,0.07725820505373221,237.27952071754532,0.1448948948948949,72.44481720320378,0.5419268510258698,0.03529001713671614,108.38458318427438,0.240990990990991,48.19784821563845,0.5909901873327387,0.01924249905602835,59.09858959636361,0.3160660660660661,31.60637710090933,0.6440677966101694,0.01048542279345024,32.20338983050848,0.40465465465465467,20.23273273273273,0.7109723461195361,0.004629817886084406,14.219343670430732,0.5157657657657657,10.315240412505801,0.77921498661909,0.0025371127163516696,7.7921159173142325,0.6306306306306306,6.306278830960131,0.353836807804021,0.8461130310657,0.25793650793650796,25.70767195767196,0.5436507936507936,10.873948378665359,0.6111111111111112,6.111635220125786
2019-03-04,62,6885750,2092,1214,0.0003038158515775333,0.14176026112318094,0.9151899856727033,0.003972474940973581,0.40152963671128106,0.12198663955852454,401.5150589579878,0.054365733113673806,54.363759335968545,0.48135755258126195,0.07311937264013942,240.67003831588912,0.1342668863261944,67.13100584668844,0.5626195028680688,0.034186296436143945,112.52308350151921,0.25205930807248766,50.41149555781846,0.6080305927342257,0.018472799093787216,60.80261776292798,0.32784184514003295,32.783946457535535,0.6448374760994264,0.009795592346512725,32.24187380497132,0.3904448105436573,19.522240527182866,0.6978967495219885,0.004240623429734903,13.957874178440301,0.48105436573311366,9.62104539746198,0.7552581261950286,0.0022945939077079476,7.552581261950287,0.5799011532125206,5.799011532125206,0.3096626898269691,0.8098518291917066,0.2775330396475771,27.66079295154185,0.5110132158590308,10.221140840706962,0.6035242290748899,6.0357598930036795
2019-03-05,63,6885750,1604,727,0.00023294484987111062,0.22561944552437588,0.9204518297252134,0.0035145747494700753,0.5660847880299252,0.13186174847516702,566.0642360117714,0.10178817056396149,101.7844750887014,0.6290523690773068,0.07326459483009004,314.5147654933245,0.20082530949105915,100.40900920912436,0.6795511221945137,0.03165935693746551,135.90923755121767,0.2998624484181568,59.97205420416868,0.7182044887780549,0.016730082198146912,71.81992736651503,0.38239339752407153,38.23906208430938,0.736284289276808,0.008575619390629991,36.81394714403395,0.42090784044016505,21.04523920467387,0.7630922693266833,0.003555163119249001,15.261823222175067,0.48005502063273725,9.601086469240492,0.807356608478803,0.0018806901769881945,8.073542634785824,0.5777166437414031,5.777149657398325,0.3330845462811522,0.8118206704772667,0.2803738317757009,27.94392523364486,0.5420560747663551,10.842051265609722,0.5934579439252337,5.9350884083294595
2019-03-06,64,6885750,1592,419,0.0002312021203209527,0.3352989452545966,0.9503538584018905,0.003436348664410695,0.7116834170854272,0.1645367412140575,711.6575790293319,0.12649164677804295,126.48705442955408,0.8015075376884422,0.0926517571884984,400.7392192592354,0.2863961813842482,143.19289180704234,0.8366834170854272,0.038688315083214735,167.3354683318127,0.38902147971360385,77.80373098079954,0.8567839195979899,0.019808594374010658,85.67652557213812,0.4606205250596659,46.06104910657422,0.8743718592964824,0.010107831390916023,43.71859296482412,0.5274463007159904,26.372315035799524,0.8944723618090452,0.004136072125662236,17.889421255828353,0.6014319809069213,12.028622149275702,0.9133165829145728,0.002111585838723638,9.13307298303473,0.6730310262529833,6.7302418434136815,0.39154801192792865,0.845290699712937,0.35051546391752575,34.93470790378007,0.5773195876288659,11.547382009159874,0.6494845360824743,6.495402380152428
2019-03-07,65,6885750,1185,371,0.00017209454307809608,0.2934713244426216,0.9261653851676481,0.003343164774152186,0.6810126582278481,0.11719430729015394,680.9879336904451,0.16711590296495957,167.10983573060855,0.7544303797468355,0.06491431890792913,377.2014948694287,0.2803234501347709,140.15663641922006,0.8042194092827004,0.027680153359086815,160.84271391757977,0.39622641509433965,79.24470759347786,0.8202531645569621,0.014116006854686456,82.02472084359262,0.4393530997304582,43.9349909446833,0.8396624472573839,0.007225066260029772,41.983122362869196,0.49865229110512127,24.932614555256066,0.8616033755274262,0.002965531864218723,17.231992433792463,0.568733153638814,11.374613515588543,0.8827004219409282,0.0015190594030648403,8.82688884780905,0.628032345013477,6.280241364418211,0.38847504222183815,0.8306270040616955,0.3651685393258427,36.39513108614232,0.601123595505618,12.023502996897104,0.6629213483146067,6.62978202632644
2019-03-08,66,6885750,1493,605,0.00021682460153214973,0.267346926807223,0.8931330058841815,0.002172848418051735,0.594775619557937,0.12895730467615452,594.7540259034366,0.10578512396694215,105.78128338010049,0.6349631614199598,0.068835318036596,317.470054367375,0.16033057851239668,80.1623788114824,0.6764902880107166,0.029335734409945104,135.2970751595978,0.23471074380165288,46.94180789834824,0.6999330207635633,0.01517615963286764,69.9927938325642,0.2809917355371901,28.0989695166169,0.7186872069658405,0.0077914533638311,35.934360348292024,0.3256198347107438,16.280991735537192,0.7461486939048895,0.0032356631657217212,14.922952205872969,0.3851239669421488,7.702468152743926,0.7937039517749498,0.0017209404322247185,7.937016464294277,0.5008264462809917,5.008249916101379,0.2617029266027462,0.8190100414016978,0.2383177570093458,23.752336448598133,0.4158878504672897,8.318470367579872,0.5233644859813084,5.234093714432279
2019-03-09,67,6885750,1498,963,0.00021755073884471553,0.08440856355724406,0.8293206710500663,0.0014534741859235372,0.3664886515353805,0.07972698228289282,366.4753459642385,0.05192107995846314,51.91919493522909,0.40520694259012013,0.044074934650014524,202.59611566511182,0.09034267912772585,45.16969959364931,0.44192256341789055,0.019227976415231347,88.38387089531325,0.1391484942886812,27.82949677737624,0.4766355140186916,0.010369165529059804,47.6632053015511,0.18795430944963656,18.795294465317536,0.5113484646194927,0.005562211814254076,25.567423230974637,0.24195223260643822,12.09761163032191,0.5787716955941254,0.002518233228479562,11.575383479975397,0.34579439252336447,6.9158577192932595,0.6461949265687583,0.0014057997955200297,6.461939881176265,0.45067497403946,4.506743195365815,0.1804332224997585,0.8002359131374284,0.16194331983805668,16.140350877192983,0.340080971659919,6.802202762480817,0.4493927125506073,4.494312539496253
2019-03-10,68,6885750,2048,1523,0.0002974258432269542,0.11041510749614757,0.8123656988263275,0.00271931988201858,0.29736328125,0.0884403136799303,297.35248531327153,0.07288246881155613,72.87982277362369,0.330078125,0.04908510020331107,165.0330706664791,0.1076822061720289,53.839148355289566,0.36279296875,0.021580644224345753,72.5580668788031,0.14839133289560077,29.678051075717654,0.388671875,0.011560022074414011,38.86690527289857,0.18319107025607353,18.318974004701825,0.4150390625,0.006172167156809353,20.751953125,0.21667760998030203,10.833880499015102,0.470703125,0.0027999732782633194,9.414021484766431,0.29087327642810246,5.817440182999765,0.546875,0.0016265428557735737,5.468734115792424,0.3926460932370322,3.9264495278042895,0.20023935754078565,0.7962552423953138,0.15047021943573669,14.996865203761754,0.30094043887147337,6.0193249702920255,0.40752351097178685,4.075584615301892
2019-03-11,69,6885750,2092,1492,0.0003038158515775333,0.10471369956885034,0.825733834048627,0.0017952602335599564,0.2695984703632887,0.0819053151321522,269.58868244322036,0.030831099195710455,30.82997985577451,0.3159655831739962,0.04799593377868138,157.9770559352559,0.0596514745308311,29.824654425694906,0.37523900573613767,0.022800546051293967,75.04725620109821,0.12801608579088472,25.603031245013923,0.4110898661567878,0.012489471085422173,41.108688110155704,0.17560321715817695,17.560194204695417,0.45267686424474185,0.006876470417380697,22.63367886064968,0.2339142091152815,11.695625529463168,0.5215105162523901,0.0031688586299841994,10.43019517754001,0.3304289544235925,6.6085694910140695,0.5908221797323135,0.0017950088298168976,5.9082132169750015,0.42761394101876676,4.276133200067927,0.3213896536384453,0.8308989617877084,0.2056338028169014,20.494835680751173,0.3971830985915493,7.944343246442635,0.5295774647887324,5.2962288309617565
2019-03-12,70,6885750,2038,1329,0.00029597356860182263,0.10116928059825296,0.8990257875490497,0.004962487719677576,0.33415112855740925,0.09889631135637525,334.1389970177433,0.08276899924755456,82.76599427372186,0.41903827281648676,0.062009875108916646,209.51152970128692,0.1595184349134688,79.75632175467743,0.5014720314033366,0.029684277789073166,100.29367801084913,0.24830699774266365,49.66103894119917,0.5554465161923454,0.01643962938220686,55.54424829172271,0.32430398796087284,32.430163308570975,0.60549558390579,0.008960534437062049,30.274779195289497,0.3980436418359669,19.902182091798345,0.6795878312070658,0.00402278318505674,13.591697407509542,0.510910458991723,10.218164661090704,0.7419038272816487,0.002195839233198998,7.419038272816486,0.6064710308502633,6.064710308502633,0.3784776205282033,0.8531991816654474,0.24147727272727273,24.067234848484848,0.44886363636363635,8.978042647746765,0.5568181818181818,5.568659363792296
2019-03-13,71,6885750,1846,1104,0.00026808989579929564,0.08857510563040395,0.9048296635684531,0.0025863887964505967,0.3531960996749729,0.09468486784780715,353.1832766972037,0.0625,62.49773090328202,0.4236186348862405,0.056781876270694163,211.80162758988752,0.10960144927536232,54.798735067370465,0.4945828819068256,0.026518342095326615,98.91585811641129,0.17753623188405798,35.50698854731919,0.5492957746478874,0.014725957768160563,54.92917860352741,0.2536231884057971,25.36213467665656,0.6105092091007583,0.008183567512616636,30.525460455037923,0.35144927536231885,17.57246376811594,0.6695557963163596,0.0035900072322961234,13.391057583847797,0.4492753623188406,8.98546809827487,0.7053087757313109,0.0018908588158750813,7.053077514307606,0.5081521739130435,5.081514359376074,0.3949218133114761,0.8803547581564519,0.2523076923076923,25.146666666666665,0.48307692307692307,9.662367066895367,0.6246153846153846,6.2466895368782165
2019-03-14,72,6885750,1784,1159,0.00025908579312347964,0.11762108502626871,0.8619305727667735,0.001417762641298083,0.33239910313901344,0.0861167586407203,332.3870352075896,0.03882657463330457,38.82516501325544,0.3783632286995516,0.049012489108335756,189.17474600769222,0.07420189818809318,37.09960212377742,0.4164798206278027,0.021580644224345753,83.29535928687712,0.11475409836065574,22.9506530188761,0.4562780269058296,0.011821429608760058,45.62747137248855,0.16479723899913717,16.4796042353584,0.5039237668161435,0.006527927038252636,25.19600538321081,0.2364106988783434,11.820449111225662,0.5599775784753364,0.002901640487034111,11.19953530470579,0.32269197584124243,6.4538301440910955,0.6210762331838565,0.0016091156108902853,6.210744292425887,0.4167385677308024,4.167373572966237,0.33025252169898794,0.8482858748155893,0.24427480916030533,24.34605597964377,0.4961832061068702,9.924515208254226,0.6068702290076335,6.069222761970853
2019-03-15,73,6885750,1818,1196,0.0002640235268489271,0.15554139886715754,0.8768680247074647,0.0022127083008248167,0.34433443344334436,0.09090909090909091,344.32193219321937,0.051839464882943144,51.83758282278911,0.38228822882288227,0.050464711007842,191.1371748197184,0.08862876254180602,44.31277241302939,0.4367436743674367,0.023061953585640012,87.34810060633703,0.15133779264214048,30.267338745987942,0.46534653465346537,0.012286154114264139,46.53431556231809,0.19063545150501673,19.063406723992404,0.5181518151815182,0.006840213484369894,25.90759075907591,0.270066889632107,13.503344481605353,0.592959295929593,0.003131081355833745,11.85909980524324,0.38127090301003347,7.625362689596961,0.6996699669966997,0.0018472906403940886,6.996689508852363,0.5434782608695652,5.4347747159102395,0.2818358573361605,0.825970393960044,0.2230769230769231,22.233333333333334,0.4346153846153846,8.693053173241852,0.5307692307692308,5.308147512864493
2019-03-16,74,6885750,1876,1104,0.0002724467196746905,0.13246396138200528,0.9167831332125401,0.0030249516764734724,0.376865671641791,0.10267208829509149,376.8519893272528,0.051630434782608696,51.628560311406886,0.43923240938166314,0.059831542259657276,219.60823140428312,0.10326086956521739,51.628560311406886,0.5207889125799574,0.02837724011734294,104.15702619296063,0.20833333333333334,41.66636411165006,0.5730277185501066,0.015611838856777716,57.3023557612245,0.28442028985507245,28.441822458822,0.6327292110874201,0.008619249900156119,31.636460554371002,0.3822463768115942,19.11231884057971,0.7110874200426439,0.00387466307277628,14.221727746998546,0.5117753623188406,10.23549238163095,0.7931769722814499,0.0021609846421958394,7.9317697228145,0.6503623188405797,6.503623188405797,0.3348064517228245,0.8300793108209037,0.20754716981132076,20.68553459119497,0.46855345911949686,9.37187287614486,0.550314465408805,5.503616621897149
2019-03-17,75,6885750,1905,1276,0.0002766583160875722,0.06569407308010758,0.9090007156986439,0.0036671197122953203,0.2908136482939633,0.08045309323264595,290.80309014524505,0.048589341692789965,48.587577630137744,0.3564304461942257,0.049302933488237,178.20875289586766,0.09169278996865204,45.84473050585578,0.4582677165354331,0.02535653083156641,91.652877781343,0.21003134796238246,42.00596457149423,0.5375328083989501,0.014871184176130588,53.752890520100365,0.3158307210031348,31.582842765507788,0.5979002624671916,0.008270703990124532,29.895013123359576,0.4012539184952978,20.06269592476489,0.6866141732283465,0.0037991449019425597,13.73226352154907,0.5329153605015674,10.658291731264718,0.7622047244094489,0.002108690506100244,7.62200296712848,0.64576802507837,6.4576427377009535,0.3578787686765406,0.8394028962395524,0.21220159151193635,21.149425287356323,0.4350132625994695,8.701011415390075,0.5543766578249337,5.544242029928431
2019-03-18,76,6885750,1968,1321,0.0002858076462259013,0.09278810077272547,0.9006350739565447,0.003356817623864157,0.2733739837398374,0.07812953819343596,273.3640587476889,0.0408781226343679,40.8766385317454,0.3470528455284553,0.04959337786813825,173.52012279244562,0.09992429977289932,49.96033598324436,0.445630081300813,0.025472711957942432,89.12536908760269,0.19984859954579864,39.969429676217224,0.5101626016260162,0.014580731360190537,51.01588971719105,0.2846328538985617,28.46307870882136,0.578760162601626,0.008270703990124532,28.9380081300813,0.3785011355034065,18.925056775170326,0.6610772357723578,0.0037788130867180965,13.221525514161145,0.4988644965934898,9.977275442125842,0.7357723577235772,0.0021028936571905747,7.357723577235773,0.6078728236184708,6.078728236184708,0.38610288237172374,0.8555937370949446,0.2034313725490196,20.275326797385624,0.45588235294117646,9.118429018262537,0.5661764705882353,5.662250277469479
2019-03-19,77,6885750,1916,1265,0.00027825581817521696,0.08584688733133547,0.8965530533100506,0.002598976534548542,0.2964509394572025,0.08248620389195468,296.44017664354226,0.045059288537549404,45.05765263540964,0.354384133611691,0.049302933488237,177.18563375084963,0.08221343873517786,41.105226965636874,0.4211899791231733,0.023439542246362077,84.23738414555723,0.14861660079051384,29.72310432755179,0.482776617954071,0.013433442737227337,48.277311235836706,0.22845849802371543,22.84568391133635,0.56419624217119,0.007849544348836364,28.209812108559493,0.34624505928853755,17.312252964426875,0.651356993736952,0.0036248511429318305,13.02704528050253,0.4758893280632411,9.517717449567117,0.7411273486430062,0.0020622299676868894,7.411273486430061,0.6118577075098814,6.118577075098814,0.351516308816322,0.8644351826117784,0.17980295566502463,17.920361247947454,0.4753694581280788,9.508204547566942,0.583743842364532,5.8379390615890285
2019-03-20,78,6885750,1502,1017,0.0002181316486947682,0.06380884400351625,0.8994997584992195,0.001807374969553703,0.2589880159786951,0.05649143189079291,258.97861327698223,0.035398230088495575,35.39694493637212,0.31424766977363516,0.03427243682834737,157.11813041996865,0.058997050147492625,29.497454113643432,0.39214380825565914,0.017107670858868978,78.42819215476501,0.1376597836774828,27.531756817137506,0.45872170439414117,0.01000609950913474,45.871837346887176,0.2153392330383481,21.533766939118266,0.5346205059920106,0.005830882619903424,26.73102529960053,0.32055063913470994,16.027531956735498,0.6218375499334221,0.002712821421413862,12.436624568908455,0.4473942969518191,8.947794976447216,0.7103861517976032,0.0015495747746073056,7.103851201233192,0.5771878072763028,5.771869690423138,0.3370978025589744,0.8794348424891372,0.18489583333333334,18.427951388888886,0.4713541666666667,9.427891831046312,0.5807291666666666,5.807789719125214
2019-03-21,79,6885750,1192,940,0.0001731111353156882,0.027279809599770076,0.8615774871890076,0.0009663421446996579,0.17701342281879195,0.03064188207958176,177.00699624956385,0.009574468085106383,9.574120478800651,0.21895973154362416,0.018951495788556493,109.47589104534637,0.03829787234042553,19.148240957601303,0.27348993288590606,0.009468761799645647,54.69758939757552,0.09148936170212765,18.297739473711857,0.31291946308724833,0.005416945017281943,31.291719087876793,0.1351063829787234,13.510540192798873,0.3649328859060403,0.0031586743733480497,18.24651180057159,0.2,9.999927386796015,0.4941275167785235,0.0017107770238869782,9.882535983414229,0.3617021276595745,7.2340320473903095,0.6291946308724832,0.0010891980597751896,6.2919006208867545,0.5319148936170213,5.31911031212554,0.2511698135498889,0.8769020805674443,0.16408668730650156,16.353973168214655,0.4520123839009288,9.041022999431783,0.5851393188854489,5.851895023604819
2019-03-22,80,6885750,898,712,0.0001304142613368188,0.03434497254005419,0.864817203268715,0.0006647105589875571,0.18930957683741648,0.024687772291606156,189.3027038495847,0.019662921348314606,19.662207475189852,0.21269487750556793,0.013868719140284636,106.34357775079613,0.03089887640449438,15.448877301934882,0.24944320712694878,0.006506143077057132,49.888279167980116,0.06741573033707865,13.483048161972155,0.28396436525612473,0.0037032734032356445,28.396230329988683,0.10533707865168539,10.533631376540747,0.3151447661469933,0.0020549685945612317,15.757238307349667,0.14185393258426968,7.092696629213483,0.46325167037861914,0.0012082872238148765,9.264993041629493,0.32865168539325845,6.573005070439744,0.6325167037861915,0.0008248883931813099,6.3251394803432115,0.5407303370786517,5.407279812220731,0.15815145733448405,0.8612262306294641,0.10780669144981413,10.744733581164807,0.39776951672862454,7.9560726150471535,0.5613382899628253,5.613864321832337
2019-03-23,81,6885750,953,774,0.00013840177177504266,0.020033565962601915,0.8639333219297586,0.001054557417899289,0.155299055613851,0.021492884112692418,155.29341739661263,0.021963824289405683,21.963026880739935,0.19832109129066108,0.013723496950334011,99.1569455674317,0.04392764857881137,21.963026880739935,0.2602308499475341,0.007203229835313254,52.045792065591016,0.10594315245478036,21.188476633521272,0.32633788037775446,0.004516541287867786,32.63355107338469,0.1821705426356589,18.216921983698168,0.39664218258132217,0.0027447791106334778,19.831965121767546,0.2596899224806202,12.984401839444438,0.5120671563483735,0.0014174179756482944,10.241328253746321,0.4005167958656331,8.010324284121964,0.6432318992654774,0.0008902430523282833,6.432309651174688,0.562015503875969,5.62014687676299,0.2594404789638927,0.8843899601949408,0.16606498194945848,16.551143200962695,0.4584837545126354,9.170461511787035,0.6534296028880866,6.5348564316277695
2019-03-24,82,6885750,1279,1138,0.00018574592455433323,0.007601570610430375,0.8957467861333861,0.002281834156149376,0.08522283033620015,0.015829218704618064,85.21973627468634,0.016695957820738138,16.695351664848626,0.1415168100078186,0.013142608190531513,70.75583608127627,0.06239015817223199,31.19394653169085,0.22439405785770133,0.008335995817479451,44.878485692110345,0.14235500878734622,28.47079502040342,0.31508991399530883,0.0058526242411920185,31.508762602648897,0.2390158172231986,23.901408165276948,0.4190774042220485,0.003892095995352721,20.953870211102423,0.351493848857645,17.574692442882252,0.5676309616888194,0.002108699693280045,11.35260274667949,0.5149384885764499,10.29875481490871,0.7036747458952306,0.0013070452644297797,7.036737239677369,0.6678383128295254,6.678373429462987,0.3229213049202039,0.905942187870272,0.16486486486486487,16.431531531531533,0.5027027027027027,10.054916322840851,0.7135135135135136,7.13574706782254
2019-03-25,83,6885750,1565,1427,0.00022728097883309735,0.012175147051903343,0.899294366879204,0.002988939520921741,0.09840255591054313,0.022364217252396165,98.39898335187661,0.02943237561317449,29.431307054663993,0.1450479233226837,0.016482718559395877,72.52132863920777,0.07147862648913805,35.738015709234844,0.21022364217252396,0.009555897644427663,42.04442313426056,0.1373510861948143,27.470017768914072,0.3003194888178914,0.006825641174591187,30.03173081018611,0.2347582340574632,23.47565294027095,0.4249201277955272,0.0048288131285626115,21.24600638977636,0.37140854940434476,18.570427470217236,0.5431309904153354,0.0024688632772562505,10.862604032822508,0.5010511562718991,10.021008572181515,0.6766773162939297,0.001537956594479041,6.7667633357406105,0.6468114926419061,6.468105532953523,0.32114916653151043,0.9033664414157693,0.1598984771573604,15.936548223350252,0.4543147208121827,9.08707368677678,0.6395939086294417,6.396487623094269
2019-03-26,84,6885750,1665,1461,0.00024180372508441345,0.017397195133956073,0.8999520041941366,0.0033496790548474863,0.11231231231231231,0.027156549520766772,112.30823475232421,0.02737850787132101,27.37751387960335,0.17117117117117117,0.020694162067963984,85.58247835404384,0.07529089664613278,37.644081584454604,0.25285285285285286,0.012228063551076128,50.57020336145493,0.15468856947296372,30.93748924593976,0.35135135135135137,0.008495744866246479,35.13488000766168,0.26420260095824777,26.42006824985121,0.4540540540540541,0.005489598082997495,22.702702702702705,0.3798767967145791,18.993839835728952,0.5801801801801801,0.0028057905009759273,11.603586752009004,0.5229295003422314,10.458574818121804,0.6858858858858858,0.0016584952133097872,6.858848897926648,0.6433949349760438,6.433940005912628,0.3663364850254448,0.9031172771566094,0.18414322250639387,18.35294117647059,0.4859335038363171,9.719503581878723,0.649616368286445,6.4967208152557765
2019-03-27,85,6885750,1771,1430,0.00025719783611080854,0.03852762153323741,0.903699666137526,0.002439258678825345,0.17165443252399773,0.04414754574498984,171.6482005158463,0.025174825174825177,25.173911189014294,0.21287408243929984,0.02737438280569271,106.43317696459548,0.05244755244755245,26.222824155223226,0.26990400903444384,0.013883644601934416,53.98040983499148,0.1041958041958042,20.83900951933715,0.3370976849237719,0.008670016555810508,33.70952371494761,0.18321678321678322,18.32154528210179,0.45849802371541504,0.005896234978034346,22.924901185770754,0.33146853146853145,16.573426573426573,0.6092603049124788,0.0031340040895994053,12.18518840200966,0.5181818181818182,10.363621312812107,0.7284020327498588,0.00187343426641978,7.284020327498588,0.6657342657342658,6.6573426573426575,0.3262961310471975,0.888769540075973,0.1918238993710692,19.118448637316565,0.4937106918238994,9.875060681575455,0.6320754716981132,6.321296805721869
2019-03-28,86,6885750,1959,1600,0.00028450059906328284,0.03276494812973898,0.8946293017217302,0.0023804079756387393,0.16079632465543645,0.045744989834446706,160.79048685683586,0.011875,11.874568871623584,0.2006125574272588,0.028536160325297707,100.30263703926427,0.04,19.999273889050247,0.2730985196528841,0.015539225652792704,54.619307319406516,0.114375,22.874833897295883,0.3379275140377744,0.009613988207615673,33.79250602378235,0.19,18.99986203491243,0.41296579887697804,0.0058744508586573724,20.648289943848905,0.28125,14.0625,0.5747830525778458,0.003270498707484969,11.49557757787883,0.479375,9.587430382090679,0.7008677896886166,0.0019939672687295682,7.008657539895164,0.63375,6.337481592472592,0.32897931888708715,0.889315293191806,0.2277992277992278,22.703989703989706,0.5057915057915058,10.116697682735419,0.6332046332046332,6.3325893891931635
2019-03-29,87,6885750,2475,1832,0.0003594379697200741,0.06801153003170776,0.8896091736634792,0.0033401816300316347,0.2286868686868687,0.08219575951205345,228.67856608489777,0.0425764192139738,42.57487345376417,0.2731313131313131,0.04908510020331107,136.56069847472693,0.07041484716157205,35.20614535599729,0.35313131313131313,0.02538557611316042,70.62574978634115,0.14465065502183405,28.929920933416415,0.4113131313131313,0.014784048331348573,41.13101446367007,0.21069868995633187,21.069716000563655,0.4905050505050505,0.008815306974548888,24.525252525252526,0.314410480349345,15.720524017467248,0.6072727272727273,0.004365531183195465,12.145436906944715,0.4710698689956332,9.421383697476186,0.6953535353535354,0.0024993646298515047,6.953535353535353,0.5900655021834061,5.900655021834061,0.34354891806994964,0.8814606559347107,0.21385542168674698,21.314257028112447,0.4427710843373494,8.856181156874497,0.5843373493975904,5.84387464093079
2019-03-30,88,6885750,2959,2088,0.00042972806157644413,0.08252362895865259,0.9088157190997672,0.005280630848083405,0.2663061845217979,0.11443508568109208,266.2965161299695,0.04789272030651341,47.89098153508201,0.3240959783710713,0.06963404008132443,162.042105944569,0.085727969348659,42.8624284738984,0.40419060493409936,0.034738156786430045,80.83753399532297,0.17385057471264367,34.76986246558385,0.4771882392700237,0.020505671008873204,47.717784437089776,0.2705938697318008,27.05879752110468,0.5664075701250423,0.012170061358602912,28.320378506252112,0.3922413793103448,19.612068965517242,0.6796214937478878,0.005841040059485082,13.592410135045421,0.5507662835249042,11.015309673243358,0.753295032105441,0.0032371154382377543,7.532939381157694,0.6546934865900383,6.546925357966813,0.395341768122723,0.8920621767580079,0.1873589164785553,18.673438675696012,0.44469525959367945,8.894667962473235,0.6162528216704289,6.163056735419272
2019-03-31,89,6885750,3370,2486,0.0004894165486693533,0.08056090111418594,0.9236675098065547,0.009363031817779784,0.23471810089020773,0.11487075225094394,234.70957932104963,0.047868061142397424,47.86632326623049,0.30890207715133533,0.07558814986930003,154.44543114615215,0.10096540627514079,50.48087033539433,0.44154302670623147,0.04321937901187952,88.30796410416897,0.25502815768302495,51.00526116837228,0.5172106824925816,0.025312962909175403,51.72069268601025,0.3507642799678198,35.076173295599865,0.6094955489614243,0.014914860400101659,30.47477744807122,0.4742558326629123,23.712791633145617,0.7201780415430267,0.007049310317785349,14.403498077356222,0.6218825422365245,12.437596656312426,0.7949554896142433,0.003890621119726277,7.949508716663268,0.7228479485116653,7.228437494411243,0.4279324419209088,0.8997269097170185,0.16666666666666666,16.61111111111111,0.42592592592592593,8.519249094720793,0.6259259259259259,6.259796073947017
2019-04-01,90,6885750,3170,2061,0.0004603710561667211,0.09856194621724432,0.9185388019750094,0.005391689529397013,0.29274447949526816,0.1347661922741795,292.73385124666606,0.037360504609412905,37.359148215838644,0.3602523659305994,0.08292187046180656,180.11964338561026,0.06889859291606017,34.44804575746161,0.45141955835962144,0.041563797961021234,90.28325609151482,0.17321688500727803,34.64312544479551,0.543217665615142,0.025007987452438353,54.321372113762585,0.30616205725376033,30.61598341129687,0.6160883280757098,0.014181461714410195,30.80441640378549,0.4143619602134886,20.718098010674428,0.7261829652996845,0.006686243243321744,14.523596029243755,0.5807860262008734,11.615669916589447,0.8037854889589905,0.00370039037085231,8.037843216434162,0.7001455604075691,7.001445436054145,0.4551427556994511,0.9070469937593255,0.16431095406360424,16.37632508833922,0.44346289752650175,8.870018607301093,0.6289752650176679,6.290292080078065
2019-04-02,91,6885750,2581,1651,0.00037483208074646915,0.08671955313343264,0.9421008353593872,0.0037038351045569646,0.28864781092599767,0.10819053151321521,288.6373314091909,0.01635372501514234,16.353131284202203,0.3405656722200697,0.06382515248329945,170.27665389844216,0.03634161114476075,18.170145871335777,0.4320030995738086,0.032385488977315635,86.39999253217789,0.145366444579043,29.07307780534275,0.5280898876404494,0.019794359406314445,52.80860530105761,0.2774076317383404,27.740561739264535,0.6082913599380085,0.011400355807283158,30.414567996900427,0.39309509388249547,19.654754694124772,0.7373111197210384,0.005527349196021935,14.746200978887268,0.5905511811023622,11.811006469222251,0.8322355676094537,0.003119485894782703,8.322355676094537,0.7383403997577226,7.3834039975772265,0.4594719203057801,0.9178223119199644,0.1621129326047359,16.157255616272007,0.45901639344262296,9.181115204004161,0.6593806921675774,6.59437242827283
2019-04-03,92,6885750,1933,1250,0.0002807246850379407,0.04506240428489421,0.9135765216872436,0.0016200418213399123,0.24521469218830833,0.068835318036596,245.20578953465642,0.02,19.999273889050247,0.29798241076047594,0.04182399070577984,148.9857961729558,0.036,17.999346500145222,0.34092084842214176,0.01914084057044933,68.18367457732616,0.056,11.199918673211537,0.413347128815313,0.011603421484482783,41.33381246082634,0.1256,12.559726397420818,0.520434557682359,0.007304941364412011,26.02172788411795,0.2736,13.680000000000001,0.6720124159337817,0.0037730039966539643,13.440228799772392,0.4968,9.93598557022028,0.7796171753750647,0.0021885651464828293,7.796126465284087,0.6632,6.631961474282544,0.392129480559885,0.9052646196450839,0.12639405204460966,12.59727385377943,0.4368029739776952,8.736808712785425,0.6189591078066915,6.1901219177820135
2019-04-04,93,6885750,1525,1170,0.0002214718803325709,0.022420621885738703,0.8887136214780418,0.0014192520224553598,0.14557377049180328,0.03223932616903863,145.56848535636573,0.01623931623931624,16.238726662049345,0.18098360655737705,0.020040662213186174,90.48851792422735,0.02905982905982906,14.529387013412572,0.2275409836065574,0.010078712713119754,45.50786627171433,0.05213675213675214,10.427274711018066,0.30754098360655735,0.006811118533794185,30.753875045293974,0.12393162393162394,12.393072402439504,0.44131147540983606,0.004886904113567876,22.065573770491802,0.28376068376068375,14.188034188034186,0.5836065573770491,0.002585045078538898,11.672114196425715,0.4623931623931624,9.247849817445621,0.7121311475409836,0.0015771656619375902,7.121290791270008,0.6282051282051282,6.282033035576938,0.28902957684458275,0.8978376215021688,0.0835030549898167,8.322471147318398,0.4134419551934827,8.269548266743056,0.6130346232179226,6.130871990861231
2019-04-05,94,6885750,1724,1325,0.00025037214537268997,0.032827145449741746,0.8967190010923051,0.00219701490611769,0.15661252900232017,0.039209991286668605,156.60684309871135,0.014339622641509434,14.339102033658667,0.20011600928074247,0.02505082776648272,100.05437197973224,0.024150943396226414,12.075033291502036,0.27784222737819025,0.013912689883528421,55.568041975351406,0.09207547169811321,18.41496062172247,0.3677494199535963,0.009207354265299603,36.77467496072317,0.1939622641509434,19.396085572879816,0.48549883990719256,0.006077769306175798,24.27494199535963,0.3373584905660377,16.867924528301888,0.644431554524362,0.003226949530625523,12.888612372682537,0.540377358490566,10.8075314743076,0.765661252900232,0.0019170025051737283,7.65661252900232,0.6966037735849057,6.966037735849056,0.3701629403036405,0.8996541811884151,0.10374149659863946,10.339569160997733,0.4421768707482993,8.844295865859209,0.6292517006802721,6.293056673784436
2019-04-06,95,6885750,2275,1767,0.0003303924772174418,0.03156585327330266,0.913143068319098,0.0036592419942879637,0.13714285714285715,0.04530932326459483,137.13787809634454,0.01867572156196944,18.675043529673406,0.19296703296703296,0.031876270694162066,96.480013596627,0.044142614601018676,22.070505989614023,0.2804395604395604,0.018530889656975226,56.087504815611936,0.11827956989247312,23.655742205323907,0.39076923076923076,0.012910627668535247,39.07663932686443,0.23712507074136954,23.71233489002564,0.5204395604395604,0.008597465780779145,26.02197802197802,0.3950198075834748,19.75099037917374,0.6720879120879121,0.004441036454838813,13.441699678640157,0.5857385398981324,11.714719758991908,0.778021978021978,0.002570526086482954,7.780219780219781,0.7192982456140351,7.192982456140351,0.44030923710033837,0.9021230241505586,0.12066365007541478,12.026143790849675,0.42081447963800905,8.417011401473111,0.6199095022624435,6.199626677429119
2019-04-07,96,6885750,2614,2125,0.0003796245870094035,0.021422434927448296,0.9089997972970709,0.00500847638729887,0.1117061973986228,0.04240487946558234,111.70214184396848,0.01835294117647059,18.352274862893168,0.17482785003825554,0.033183270403717685,87.4107514087219,0.059294117647058824,29.645982470827423,0.2773527161438409,0.021057829155653664,55.470140439381105,0.1487058823529412,29.740960510376855,0.38752869166029075,0.014711435127363559,38.752587769029695,0.26541176470588235,26.54098374660213,0.5191277735271614,0.00985368333151799,25.95638867635807,0.4178823529411765,20.89411764705882,0.680566182096404,0.005167140587468159,13.611185271675161,0.608,12.159876383640583,0.7796480489671003,0.0029597270893451278,7.796457844475215,0.7294117647058823,7.294096460996416,0.5085311652570149,0.9084753831091789,0.13352272727272727,13.307765151515152,0.4559659090909091,9.120100284578202,0.6363636363636364,6.364182130048339
2019-04-08,97,6885750,3102,2572,0.00045049558871582617,0.02465700152928323,0.8960936401128643,0.0050652251583939755,0.10283687943262411,0.0463258785942492,102.83314588341439,0.01166407465007776,11.663651179461652,0.1524822695035461,0.034345047923322686,76.23836677563482,0.03849144634525661,19.245024446111728,0.25370728562217926,0.022858636614481977,50.741088674458176,0.12752721617418353,25.50525803164147,0.3578336557059961,0.016120131284672806,35.78310573611727,0.23872472783825816,23.87229943815223,0.4796905222437137,0.010804923210979197,23.984526112185687,0.3759720062208398,18.79860031104199,0.6370083816892328,0.005739380983362766,12.74014913158935,0.562597200622084,11.251927671552638,0.7524177949709865,0.003389599129799572,7.5241560954279185,0.7017884914463453,7.017864530730291,0.5047367527456403,0.9114453140831112,0.12332439678284182,12.291331546023235,0.44906166219839144,8.982003504108821,0.6568364611260054,6.5689279358407795
2019-04-09,98,6885750,3502,2887,0.0005085865737210907,0.02409901417738491,0.8574826923624336,0.003921757576403201,0.09994288977727013,0.050827766482718556,99.93926129593925,0.013855213023900243,13.854710002805852,0.1407766990291262,0.03579726982282893,70.38579402699722,0.024246622791825424,12.122871252455122,0.21473443746430612,0.0218420517586918,42.94657564175102,0.08555594042258399,17.11106383469772,0.30982295830953743,0.015757065264747742,30.98207085857703,0.1825424315898857,18.25411060908036,0.4077669902912621,0.010369240823439712,20.388349514563103,0.2919986144786976,14.59993072393488,0.5662478583666476,0.0057597127985872295,11.324940720408913,0.47731208867336333,9.54622790972271,0.6801827527127355,0.003459313133190817,6.801817649020179,0.6141323172843782,6.141314253968926,0.5006019730113798,0.8983228570491657,0.11734028683181226,11.69491525423729,0.43285528031290743,8.65784806814548,0.6479791395045632,6.480347123295637
2019-04-10,99,6885750,3666,3056,0.0005324038775732491,0.020759387040285415,0.8406473108729009,0.0032366743209792147,0.09056192034915439,0.04821376706360732,90.55863244905458,0.012434554973821989,12.4341035304959,0.12684124386252046,0.033764159163520185,63.41831941085901,0.026832460732984294,13.41574328290347,0.19967266775777415,0.021261146126811698,39.93424357411175,0.08049738219895287,16.0993595363339,0.273595199127114,0.014566208719393535,27.359321246471367,0.15281413612565445,15.281302649325063,0.35488270594653576,0.009447046436481138,17.744135297326785,0.23723821989528796,11.861910994764399,0.49263502454991814,0.005245608327911516,9.852686182192233,0.3969240837696335,7.9384701465539145,0.6211129296235679,0.0033068197166039527,6.211111255757138,0.5487565445026178,5.487549506168374,0.4813795301129421,0.8888942025734445,0.11254851228978008,11.217335058214747,0.4113842173350582,8.228389980007055,0.6131953428201811,6.132479324722239
2019-04-11,100,6885750,2970,2168,0.00043132556366408886,0.07220285214164683,0.856126740195409,0.0032102607365016504,0.2144781144781145,0.09250653499854777,214.47032773274424,0.04474169741697417,44.74007304515392,0.2673400673400673,0.05765320941039791,133.6651807062786,0.07518450184501844,37.59088611525819,0.3323232323232323,0.028667692933282987,66.46416384355331,0.12223247232472324,24.44631695111572,0.38013468013468016,0.016396061459815852,38.01319198549731,0.16928044280442806,16.927921360489563,0.432996632996633,0.009338125839596268,21.649831649831654,0.23108856088560886,11.554428044280442,0.5565656565656566,0.004801212938005391,11.131296965613005,0.3943726937269373,7.887442419806262,0.671043771043771,0.0028943833278873036,6.710437710437711,0.5511992619926199,5.5119926199261995,0.4360695734143749,0.8802348437398191,0.1426256077795786,14.215018908698001,0.4213938411669368,8.42859962581072,0.5964343598055105,5.96485511980451
2019-04-12,101,6885750,2208,1368,0.00032066223722906,0.07171821830809973,0.8866452190446601,0.0019348206077833055,0.3066123188405797,0.09831542259657276,306.60118711247776,0.0445906432748538,44.58902438713688,0.35597826086956524,0.057072320650595414,177.98266844195533,0.06798245614035088,33.98999400003057,0.4121376811594203,0.026431206250544598,82.42693769913382,0.1023391812865497,20.467687633793012,0.4592391304347826,0.014725957768160563,45.9235795752317,0.15789473684210525,15.789359031783182,0.532608695652174,0.008539312788637485,26.630241410489386,0.2573099415204678,12.865403655527036,0.6322463768115942,0.004054744864764383,12.644909172351156,0.4108187134502924,8.216362336591315,0.7146739130434783,0.0022916893584576845,7.146739130434783,0.5409356725146199,5.409356725146198,0.3349768389327839,0.8769378799384411,0.12382739212007504,12.341463414634147,0.3808630393996248,7.617914069363679,0.5647279549718575,5.647763879011003
2019-04-13,102,6885750,2001,1373,0.00029060015248883565,0.05608227019419815,0.8372906326512468,0.0012864022122577377,0.2353823088455772,0.06839965146674412,235.37376316198566,0.02403495994173343,24.034087339353903,0.280359820089955,0.04073482428115016,140.17482073659656,0.04734158776402039,23.669934500878846,0.32283858070964516,0.018763251909727264,64.56724729505473,0.06846321922796796,13.692544418919526,0.3728135932033983,0.010833890034563885,37.28108860844491,0.1143481427530954,11.43473124345939,0.4337831084457771,0.006302871873071198,21.689155422288856,0.19009468317552805,9.504734158776401,0.5602198900549725,0.0032559949809461844,11.204381529260464,0.36343772760378734,7.268743995863285,0.6606696651674163,0.001919904266195743,6.606687056950194,0.5083758193736344,5.083750810734041,0.36716252996159693,0.8806552768619105,0.12701252236135957,12.65891472868217,0.39177101967799643,7.836092385017352,0.6046511627906976,6.047030196657226
2019-04-14,103,6885750,2572,1987,0.0003735250335838507,0.04972838155587525,0.8381628806837081,0.0027094011703388565,0.17418351477449456,0.06505954109787976,174.17719094662735,0.02415702063412179,24.156143600262,0.2118973561430793,0.03957304676154516,105.94483154677667,0.0412682435832914,20.633372658557125,0.2643856920684292,0.019750791483923436,52.87675445584207,0.08354302969300453,16.708484612059774,0.3475894245723173,0.01298324087252026,34.75869006141383,0.17614494212380474,17.61436630789434,0.4307931570762053,0.008045601423229133,21.53965785381027,0.27377956718671365,13.688978359335682,0.5867029548989113,0.004382958453387861,11.734042056926699,0.4685455460493206,9.370897311870031,0.7037325038880249,0.0026286170714882183,7.037325038880248,0.6180171112229492,6.180171112229492,0.4184269731495291,0.8799485886921472,0.10838150289017341,10.802023121387284,0.3930635838150289,7.861945884849146,0.6271676300578035,6.272214180192149
2019-04-15,104,6885750,2884,2243,0.00041883600188795703,0.04823548807853068,0.8203805756325679,0.0036228927004860172,0.1848127600554785,0.07740342724368283,184.806050327042,0.026749888542131076,26.748917372782316,0.22260748959778087,0.04661632297415045,111.29970385549807,0.04502897904592064,22.513672122091787,0.30062413314840497,0.02518225914200238,60.124390044050934,0.12527864467231387,25.05554699678716,0.3855755894590846,0.01614917656626681,38.55727896711917,0.21890325456977264,21.890166504310493,0.470873786407767,0.009860944704643649,23.54368932038835,0.32322781988408383,16.16139099420419,0.5960471567267683,0.004992898408023492,11.920891197311983,0.48194382523406154,9.638834509976906,0.684119278779473,0.0028653336741332838,6.841182852518466,0.5947391885867143,5.947383248633364,0.4540714411590012,0.8743956057816008,0.12413793103448276,12.37241379310345,0.40551724137931033,8.111040397468505,0.6206896551724138,6.207428875613652
2019-04-16,105,6885750,2753,2143,0.0003998112042987329,0.05450672681299855,0.8541544513726951,0.0037724680974912995,0.18924809298946604,0.07566076096427535,189.24122223383907,0.025198320111992533,25.197405273185097,0.22484562295677443,0.04494626778971827,112.41872990666639,0.04433037797480168,22.164384268079484,0.30693788594260807,0.02454326294693427,61.387131433655156,0.13579094727018198,27.157992249721325,0.38685070831819834,0.015466612448807692,38.684789927125884,0.2281847876808213,22.818313075796784,0.47184889211768977,0.009432523690229823,23.59244460588449,0.32897806812879143,16.44890340643957,0.607337450054486,0.0048563851880251765,12.14669608007423,0.49883341110592627,9.976624755721593,0.7115873592444606,0.0028450059906328286,7.115873592444606,0.6318245450303314,6.318245450303312,0.4697258356815669,0.885607167247828,0.13532763532763534,13.487654320987653,0.4202279202279202,8.405279207166,0.6153846153846154,6.154373927958834
2019-04-17,106,6885750,2178,1580,0.00031630541335366517,0.05518982757770557,0.8486996814163917,0.002411413391245645,0.2231404958677686,0.07057798431600348,223.13239462989944,0.03670886075949367,36.70752802420615,0.2644628099173554,0.04182399070577984,132.2266042251256,0.05822784810126582,29.112867053680738,0.32920110192837465,0.020825466902901622,65.8397422987396,0.11835443037974684,23.670714194061453,0.391643709825528,0.012387812599843156,39.164086597506895,0.1829113924050633,18.29100642268385,0.4628099173553719,0.007319464110663326,23.140495867768596,0.26962025316455696,13.481012658227849,0.5941230486685032,0.0037584812714936333,11.882443716798571,0.44556962025316454,8.911379463293022,0.6965105601469238,0.002203100606324656,6.965105601469237,0.5835443037974684,5.8354430379746836,0.3571615830604443,0.8744381146954945,0.12709030100334448,12.666666666666668,0.38127090301003347,7.626072041166381,0.5752508361204013,5.753001715265866
2019-04-18,107,6885750,1447,850,0.00021014413825654431,0.08705488944473037,0.9094035016063764,0.0021059429743497567,0.364201796821009,0.07653209410397908,364.1885742753794,0.06941176470588235,69.40924467376263,0.42363510711817554,0.04451060121986639,211.8098634068383,0.10588235294117647,52.939254412191836,0.4837595024187975,0.020331697115803536,96.75119793721092,0.16588235294117648,33.176229683252664,0.5279889426399447,0.01109529756890993,52.79851087430653,0.22588235294117648,22.588071273703942,0.5908776779543884,0.006208474022437643,29.54388389771942,0.31529411764705884,15.764705882352942,0.6931582584657913,0.002913250205495964,13.863104770209976,0.48,9.599958174673024,0.7774706288873532,0.001633804207808277,7.7746837069218,0.6235294117647059,6.235276006980809,0.26279017770395874,0.8840128147019173,0.11188811188811189,11.15151515151515,0.3916083916083916,7.832839544674879,0.6223776223776224,6.224309995322002
2019-04-19,108,6885750,1184,646,0.0001719493156155829,0.13091601136436543,0.9291519263494213,0.001514310807516863,0.37077702702702703,0.06375254138832413,370.763565764065,0.05263157894736842,52.6296681290796,0.4189189189189189,0.03601510310775487,209.45185491910735,0.08823529411764706,44.116045343493184,0.48986486486486486,0.01684626332452293,97.97226155982582,0.13777089783281735,27.553979486837314,0.5523648648648649,0.009497807081239653,55.23608539666043,0.22291021671826625,22.290859809576258,0.6317567567567568,0.00543150709799223,31.58783783783784,0.34365325077399383,17.182662538699688,0.7364864864864865,0.0025327559114581063,14.729665555171163,0.5263157894736842,10.52626992836954,0.8192567567567568,0.00140870229473247,8.192543771920697,0.6749226006191951,6.749206402789553,0.33569495425254847,0.8978857141207135,0.16576086956521738,16.520833333333332,0.4891304347826087,9.78344768439108,0.6956521739130435,6.957118353344768
2019-04-20,109,6885750,1849,1482,0.00026852557818683514,0.03593549679831069,0.9019464403154182,0.0028957520791934653,0.15900486749594375,0.04269532384548359,158.9990947371761,0.021592442645074223,21.591658719622398,0.20118983234180637,0.02701132733081615,100.59126401739714,0.04183535762483131,20.916919384634202,0.27636560302866414,0.014842138894536583,55.272719249894685,0.12078272604588394,24.156369800762306,0.37641968631692807,0.01010775799471376,37.64169530129814,0.23346828609986506,23.34665908118368,0.48025959978366684,0.006448099335584359,24.01297998918334,0.35560053981106615,17.780026990553306,0.6489994591671173,0.0034854337912806066,12.979894931482118,0.5620782726045884,11.241483823483241,0.7712276906435911,0.002070943615437679,7.7122769064359105,0.7145748987854251,7.145748987854252,0.49348940502246047,0.912276180219198,0.21478060046189376,21.406466512702078,0.5612009237875288,11.224981084539236,0.7205542725173211,7.2061606962474105
2019-04-21,110,6885750,3151,2831,0.00045761173437897107,0.03253141127753234,0.9129009009289127,0.005504712411085798,0.09425579181212314,0.04313099041533546,94.25236980399751,0.017308371600141294,17.307743210234232,0.11964455728340209,0.02737438280569271,59.820106761123,0.0381490639350053,19.0738394561765,0.19866708981275785,0.018182346277847164,39.73312944547322,0.11833274461321087,23.66637707224772,0.29641383687718187,0.013564146504400361,29.641168452134174,0.21971034969975273,21.97087543125087,0.41098064106632815,0.00940347819772719,20.549032053316406,0.34616743200282585,17.308371600141292,0.6185337987940336,0.005660958267496979,12.370658010287949,0.5764747439067467,11.5294781341664,0.7908600444303395,0.0036190578540962015,7.908577473450625,0.76827975980219,7.682775283022712,0.511481439343826,0.9198919159788806,0.15449915110356535,15.398415393322015,0.5110356536502547,10.221589635018216,0.7011884550084889,7.012485912396218
2019-04-22,111,6885750,4302,3880,0.0006247685437316197,0.03426535289915561,0.9230585746493374,0.007892906859538897,0.09228265922826592,0.05765320941039791,92.27930885579902,0.01907216494845361,19.07147252306338,0.11227336122733612,0.035071158873075804,56.13464254074424,0.03376288659793814,16.88083040892772,0.18503021850302184,0.023120044148828022,37.00577498786438,0.10541237113402062,21.08232114020397,0.28498372849837283,0.0178047576171251,28.498165914021186,0.21262886597938144,21.262732201305962,0.4216643421664342,0.013172130849943724,21.08321710832171,0.3610824742268041,18.054123711340207,0.6555090655509066,0.00819081699042662,13.110162271462132,0.6193298969072165,12.386579949428578,0.8045095304509531,0.0050263224775805105,8.04509530450953,0.784020618556701,7.840206185567011,0.5047676584371767,0.9175642067222893,0.1337386018237082,13.329280648429584,0.4787234042553192,9.575289223021057,0.668693009118541,6.687503584332168
2019-04-23,112,6885750,4148,3160,0.0006024035145045928,0.07815684386817694,0.9440318490290971,0.007175914663148629,0.18900675024108005,0.11385419692128958,188.99988824753368,0.018354430379746836,18.353764012103074,0.2345708775313404,0.0706505954109788,117.28118065360349,0.04113924050632911,20.568873461839654,0.31798457087753135,0.03831072642249267,63.59645237793609,0.11772151898734177,23.54413283473492,0.4057377049180328,0.02444160446135525,40.573475872655955,0.22563291139240507,22.5631272999543,0.5185631629701061,0.015619213593290491,25.928158148505304,0.36993670886075947,18.496835443037977,0.7550626808100289,0.009097035040431268,15.101231685064995,0.6794303797468354,13.588587860575368,0.8751205400192864,0.005271756889227753,8.751205400192864,0.8370253164556962,8.370253164556962,0.5385305444645264,0.9241496996442622,0.14457831325301204,14.409638554216865,0.4894578313253012,9.789996176817043,0.6837349397590361,6.837935791192213
2019-04-24,113,6885750,3993,2712,0.0005798932578150528,0.10247677257930642,0.9520075371096328,0.007657078238881973,0.22389181066867017,0.12982863781585827,223.88368215390588,0.024336283185840708,24.33539964375583,0.2905083896819434,0.08422887017136219,145.24892130790315,0.054941002949852505,27.469504143330443,0.3941898322063611,0.045717273228963955,78.83739397353834,0.15634218289085547,31.268209528034735,0.48935637365389434,0.02837724011734294,48.935282028047624,0.2721238938053097,27.212191782652873,0.6175807663410969,0.01790654612787278,30.87903831705485,0.4476401179941003,22.382005899705018,0.8146756824442775,0.009448457545840849,16.29344266122555,0.7293510324483776,14.586957096164605,0.9018281993488605,0.005229633330235152,9.018268896485525,0.8561946902654868,8.561934468374696,0.5465626427869839,0.921775948290068,0.1527777777777778,15.226851851851851,0.5046296296296297,10.093458166571374,0.6975308641975309,6.975906867416301
2019-04-25,114,6885750,3043,1909,0.00044192716842754963,0.09903620724418394,0.9429863018724812,0.0049500970180275695,0.25041077883667434,0.11065930874237584,250.40168753625187,0.01885804085908853,18.857356207590595,0.32106473874465985,0.07094103979088005,160.5265411567704,0.05657412257726559,28.286034311385894,0.41899441340782123,0.03703273403235644,83.79827419102806,0.15138816134101624,30.277412412614442,0.5113374958922117,0.022597229080135933,51.133378290682224,0.26506024096385544,26.505831627652086,0.6316135392704568,0.013956359147514795,31.58067696352284,0.43373493975903615,21.686746987951807,0.7932960893854749,0.007011571707407752,15.865898746067344,0.6731272917757989,13.462526284230663,0.8682221491948735,0.003836887270741629,8.68217105636187,0.7925615505500262,7.925569465086566,0.5026186022598381,0.9155913408672381,0.15609756097560976,15.557723577235771,0.4682926829268293,9.366656904991006,0.6731707317073171,6.732284650462286
2019-04-26,115,6885750,3035,2235,0.00044076534872744435,0.04179501365904838,0.9318238571616695,0.004704752944296875,0.17825370675453048,0.07856520476328784,178.24723515611507,0.02371364653243848,23.712785595518188,0.22635914332784185,0.0498838222480395,113.17546261760725,0.052796420581655484,26.397251889350436,0.3057660626029654,0.02695402131923669,61.15276846752357,0.11677852348993288,23.35553510473163,0.3930807248764415,0.017325510470824014,39.30778705913557,0.21208053691275167,21.207899692802286,0.5367380560131796,0.011828776821696982,26.836902800658976,0.38926174496644295,19.463087248322147,0.7110378912685338,0.0062680081791988106,14.22073717295493,0.610738255033557,12.214747361503496,0.8095551894563426,0.0035682335718932984,8.095540137615908,0.7427293064876958,7.4272822784233705,0.42699550090635147,0.9029590415960383,0.10099573257467995,10.065908013276433,0.4039829302987198,8.080351544105268,0.6073968705547653,6.074489629107306
2019-04-27,116,6885750,2496,1894,0.00036248774643285047,0.033841901519864145,0.9171848309026053,0.0030145039948605143,0.1622596153846154,0.05881498693000291,162.25372446044372,0.012671594508975714,12.671134459799521,0.20993589743589744,0.038048213767063604,104.96413779910185,0.031151003167898626,15.574936106836914,0.266025641025641,0.019286066978419357,53.20474186564547,0.07444561774023231,14.889015433349927,0.3401442307692308,0.012329722036655145,34.01417608729894,0.15522703273495247,15.522590558173327,0.4723557692307692,0.008561158915150855,23.61778846153846,0.31731784582893346,15.865892291446674,0.671875,0.00487090787100372,13.437441455434241,0.573389651531151,11.467743067686225,0.7832532051282052,0.0028391927688446884,7.832520676311023,0.7175290390707497,7.175279970230468,0.39713783993275203,0.9055133093206703,0.10061919504643962,10.028379772961816,0.4055727554179567,8.112150773462766,0.6099071207430341,6.099594283863224
2019-04-28,117,6885750,2662,2242,0.0003865955052100352,0.025321132953829383,0.9035260290303838,0.003026034521038405,0.12546957175056347,0.04850421144350857,125.46501650906805,0.013826940231935772,13.826438237300573,0.14199849737039819,0.027446993900668022,70.99667101860437,0.019625334522747548,9.812311007116536,0.1855747558226897,0.014348369107438497,37.114681660985966,0.05575379125780553,11.150677282332756,0.2731029301277235,0.010557959859420837,27.31009470398461,0.14763603925066904,14.76349672180857,0.3948159278737791,0.007631703155066623,19.740796393688957,0.2872435325602141,14.362176628010706,0.5826446280991735,0.004504936259944407,11.652841792604134,0.5053523639607493,10.107003244781943,0.7250187828700225,0.002802890026504012,7.250187828700225,0.6739518287243532,6.739518287243532,0.36119738441413773,0.8969801236344929,0.09225700164744646,9.194947830862164,0.4135090609555189,8.270890497088004,0.6095551894563427,6.096074669168449
2019-04-29,118,6885750,2531,2135,0.0003675707076208111,0.01777577139617597,0.902997789936131,0.002627051342855946,0.11734492295535362,0.04313099041533546,117.34066268368083,0.011241217798594848,11.240809680028242,0.1430264717502963,0.026285216381063025,71.5106395479671,0.019672131147540985,9.835708470024713,0.19004346108257605,0.013970780446716432,38.0084162232231,0.05667447306791569,11.334812307281666,0.2690636112208613,0.009889918382758722,26.90616574637727,0.14426229508196722,14.42612475472212,0.3662583958909522,0.006731292887485024,18.31291979454761,0.25526932084309134,12.763466042154567,0.5566969577242197,0.0040924920633537525,11.133890646083803,0.4782201405152225,9.564361140067481,0.7131568549980245,0.00262135569836256,7.131568549980245,0.6627634660421545,6.627634660421546,0.3911097690586153,0.9085912595325072,0.16478555304740405,16.423626787057938,0.49209932279909707,9.842830537153125,0.690744920993228,6.908041615524899
2019-04-30,119,6885750,2700,2252,0.0003921141487855353,0.03587896540316399,0.9247069605232607,0.0038292801436102387,0.1437037037037037,0.05634620970084229,143.69848646206475,0.020870337477797513,20.86957976876913,0.18259259259259258,0.03579726982282893,91.29298173427567,0.041740674955595025,20.86957976876913,0.24481481481481482,0.01919893113363734,48.96260742720123,0.10346358792184725,20.692567327917153,0.31407407407407406,0.012315020549238298,31.406723239599117,0.18339253996447602,18.33885450065192,0.4088888888888889,0.008016555930726501,20.444444444444446,0.294404973357016,14.720248667850798,0.6337037037037037,0.004969662115257821,12.674018855606128,0.5621669626998224,11.243290268960966,0.8048148148148148,0.0031557881773399015,8.048136460043787,0.7668738898756661,7.668727761657925,0.5075147692263359,0.9178416197512655,0.20750551876379691,20.681383370125094,0.5739514348785872,11.480013176876854,0.7439293598233996,7.439931616552883
2019-05-01,120,6885750,2509,1969,0.00036437570344552157,0.04447631647658837,0.906487532147985,0.0031190072474923396,0.17616580310880828,0.06418820795817601,176.15940731287782,0.028440832910106652,28.439800350096846,0.22120366679952172,0.040299157711298286,110.59781793964613,0.0446927374301676,22.345557417933236,0.29174970107612597,0.021261146126811698,58.34951651761405,0.11325545962417471,22.6509274479991,0.3626943005181347,0.013215411202602419,36.26863997143069,0.19654647028948705,19.654218879098384,0.4368274212833798,0.007958464945721236,21.84137106416899,0.28643981716607414,14.321990858303709,0.5854922279792746,0.004266751866159342,11.709759530652327,0.4723209751142712,9.4463509088068,0.7445197289756875,0.0027128411201652104,7.44517566487748,0.6744540375825292,6.744520786032499,0.4845163653598151,0.8883868281012431,0.19375,19.310416666666665,0.5416666666666666,10.83426243567753,0.6833333333333333,6.8339193825042885
2019-05-02,121,6885750,2199,1539,0.00031935519006644154,0.09152392755451055,0.912175072874653,0.0027072433908478075,0.2614824920418372,0.08350275922160906,261.4729987768052,0.03508771929824561,35.0864454193864,0.30286493860845837,0.048358989253557944,151.4269714655237,0.05523066926575698,27.61433204303559,0.3765347885402456,0.024049493159836184,75.30641088010096,0.12605588044184535,25.21099302194187,0.4279217826284675,0.013665804989979378,42.79186753512984,0.18778427550357374,18.778291194178355,0.5002273760800364,0.007987510438223868,25.011368804001822,0.28784925276153345,14.392462638076674,0.660300136425648,0.00421739938656009,13.205983549798153,0.5152696556205328,10.305378146171472,0.7926330150068213,0.0025313146716044004,7.926330150068213,0.7037037037037037,7.037037037037036,0.39207722729706035,0.855668216608579,0.14619883040935672,14.571150097465887,0.46588693957115007,9.31853791138796,0.6198830409356725,6.199362041467304
2019-05-03,122,6885750,2442,1837,0.00035464546345713975,0.0599098255148801,0.9023600647924663,0.004271998345366605,0.2371007371007371,0.08408364798141156,237.09212902866693,0.05552531301034295,55.52329713345469,0.2846027846027846,0.050464711007842,142.29622597143654,0.08600979858464888,43.00333797591099,0.3271908271908272,0.02320717999361004,65.43769027067991,0.1246597713663582,24.9317732343635,0.3951678951678952,0.014014348369107438,39.516502572719716,0.20195971692977682,20.19582504355646,0.4975429975429975,0.008822568347674545,24.877149877149876,0.33587370713119213,16.79368535655961,0.7088452088452089,0.005027767450506553,14.17688358817588,0.6145890038105607,12.291762225196837,0.8038493038493039,0.002850806808824576,8.038469690361927,0.7403375068045727,7.403353564640682,0.3322390229940883,0.8286703213992384,0.1056782334384858,10.53259726603575,0.3438485804416404,6.877561400565984,0.5331230283911672,5.331687507778216
2019-05-04,123,6885750,2805,2254,0.00040736303234941725,0.03190589760597222,0.9013464480404079,0.00426775550712915,0.17361853832442067,0.07072320650595411,173.61223500833282,0.038154392191659274,38.153006975561695,0.21675579322638147,0.04414754574498984,108.37396189431864,0.06787932564330079,33.93843062361011,0.263458110516934,0.021464463097969736,52.691239492636406,0.11180124223602485,22.3600860822768,0.32228163992869874,0.013128467280490285,32.22792997384527,0.17657497781721385,17.657369564972555,0.4474153297682709,0.009112957100119086,22.37060404711052,0.323868677905945,16.19331630958538,0.6506238859180036,0.005300794683520773,13.012458820696315,0.5687666370896185,11.375316221709268,0.7668449197860963,0.0031238427186580982,7.668449197860963,0.7116237799467613,7.116237799467613,0.351527814606364,0.8677249740546475,0.08130081300813008,8.102981029810298,0.34146341463414637,6.829853993222607,0.532520325203252,5.325659959000962
2019-05-05,124,6885750,3172,2630,0.00046066151109174744,0.03723046533175118,0.8923109538645235,0.004120052082000738,0.14627994955863807,0.06738309613708975,146.2746387849829,0.03307984790874525,33.078646926756115,0.17717528373266078,0.040807435376125474,88.5844256434918,0.055133079847908745,27.565539105630094,0.22477931904161413,0.020709285776525605,44.95553736939193,0.09391634980988593,18.78313357063586,0.28310214375788145,0.01304133143570827,28.310008806251016,0.15399239543726237,15.399127724914017,0.39817150063051704,0.009171114257706132,19.90857503152585,0.28060836501901143,14.03041825095057,0.5718789407313998,0.005268844688168045,11.437562204146632,0.4870722433460076,9.741430719687505,0.7036569987389659,0.003241472255785854,7.03655976837246,0.6452471482889733,6.452462112142739,0.3795525822834377,0.8837154014937918,0.08494208494208494,8.465894465894467,0.33204633204633205,6.641496188666,0.5405405405405406,5.4058689907746516
2019-05-06,125,6885750,3162,2367,0.00045920923646661585,0.07799901897650234,0.89441811202425,0.00393930496334888,0.2185325743200506,0.1003485332558815,218.52464037529603,0.034220532319391636,34.21928992423046,0.2558507273877293,0.058742375835027595,127.92071929349818,0.05111956062526405,25.558852350814107,0.3200506008855155,0.029393824973133115,64.00965537911175,0.11533586818757921,23.067006139377376,0.3848829854522454,0.017674053849952076,38.488019069357215,0.1926489226869455,19.264752380139342,0.46236559139784944,0.010616050422608847,23.118111700657455,0.2877059569074778,14.385193389117209,0.5901328273244781,0.005419865287592691,11.802605124617765,0.45373891001267425,9.074738663215413,0.7020872865275142,0.0032240496677921793,7.020872865275142,0.6028728348119983,6.028728348119984,0.4195647063849667,0.8895614174519357,0.106703146374829,10.634746922024624,0.3844049247606019,7.688757851858284,0.5745554035567716,5.7460467932037
2019-05-07,126,6885750,3183,2375,0.0004622590131793922,0.06875323867183519,0.9018915729415344,0.005417345373959905,0.2126924285265473,0.09831542259657276,212.68470661148316,0.03915789473684211,39.15647308803523,0.2613886270813698,0.06041243101945978,130.6895686120783,0.072,35.998693000290444,0.3437009110901665,0.03177553806384153,68.73968307354596,0.15621052631578947,31.241878404221655,0.43575243480992776,0.020142902785442503,43.57492706718841,0.2614736842105263,26.14717855663295,0.5312598177819667,0.012278981955487782,26.562990889098334,0.38063157894736843,19.03157894736842,0.6534715677034244,0.006041436119074382,13.06937441310601,0.5385263157894736,10.770479390707715,0.7373546968268929,0.003408483595129659,7.373536259869321,0.6492631578947369,6.49262214987697,0.40852464901193664,0.8822315739891416,0.11969696969696969,11.92979797979798,0.40606060606060607,8.12190862310931,0.5833333333333334,5.833833619210978
2019-05-08,127,6885750,4110,2935,0.0005968848709290927,0.09904194872604223,0.9255866661056337,0.00804475127516598,0.229683698296837,0.1370897473133895,229.67535950442132,0.040545144804088586,40.54367279040851,0.28588807785888076,0.08531803659599187,142.93884926784696,0.07870528109028961,39.35121182598473,0.3849148418491484,0.045949635481715996,76.98240937183112,0.1778534923339012,35.57044017654187,0.47639902676399026,0.02843533068053095,47.63955674780194,0.28654173764906304,28.65396569776984,0.5822384428223845,0.01737646588969974,29.11192214111922,0.4231686541737649,21.15843270868824,0.7055961070559611,0.008423180592991913,14.111901646762545,0.5911413969335605,11.822810768703132,0.8192214111922141,0.004889787358875828,8.192178420043609,0.7492333901192504,7.492301258555499,0.45679538089983285,0.8879433378896119,0.13075780089153047,13.032194155522536,0.4338781575037147,8.678307366467953,0.6032689450222882,6.033206833537653
2019-05-09,128,6885750,4778,3553,0.0006938968158878844,0.09078612221689021,0.9284326774516571,0.008245873346198168,0.19966513185433235,0.13854196921289574,199.6578829024062,0.025612158739093723,25.61122887564836,0.24801172038509836,0.08604414754574499,124.00135809190321,0.05544610188573037,27.722044442322677,0.322519882796149,0.044758778936361786,64.50350817518903,0.12412046158176189,24.823912060664465,0.4351192967768941,0.030192570216968254,43.51161372362686,0.25752884886011823,25.75269788606348,0.5592298032649644,0.01940238899175834,27.96149016324822,0.4145792288207149,20.728961441035747,0.7030138133110088,0.009756310087426298,14.060174170049315,0.6034337179848016,12.068586725184721,0.830054416073671,0.005759721163271975,8.30054416073671,0.7737123557556994,7.737123557556995,0.4889218634017699,0.9019924457666597,0.14285714285714285,14.238095238095237,0.478330658105939,9.567433626369391,0.6388443017656501,6.388990911568821
2019-05-10,129,6885750,5054,3740,0.0007339795955415169,0.09433381125381515,0.9382538228948476,0.008896106250788452,0.20815195884447962,0.15277374382805692,208.14440177365313,0.025935828877005348,25.93488726253842,0.258409180846854,0.09483009003775777,129.19989958003376,0.05053475935828877,25.266462333091557,0.3488326078353779,0.05120683145023091,69.7660149700094,0.14197860962566844,28.395515734698844,0.4513256826276217,0.033126143657962764,45.13224054072361,0.2700534759358289,27.005151499101537,0.5569845666798575,0.020440765348727446,27.84922833399288,0.4072192513368984,20.36096256684492,0.7081519588444796,0.01039533647604193,14.1629774712912,0.6077540106951872,12.155027256590786,0.8314206569054214,0.006102449112371038,8.314194494560521,0.7737967914438503,7.73795667680037,0.4913682862530241,0.9063866223143293,0.14015748031496064,13.969028871391076,0.46614173228346456,9.323634202671492,0.6425196850393701,6.425747896435759
2019-05-11,130,6885750,4736,2999,0.0006877972624623316,0.11228884517179172,0.956198941371848,0.0077506556759611685,0.2491554054054054,0.17136218414173685,249.14635968200267,0.012670890296765588,12.670430273156208,0.32833614864864863,0.11291025268661051,164.16211411250598,0.04701567189063021,23.506982480460863,0.4345439189189189,0.0597751895204624,86.90815271125929,0.1490496832277426,29.809720186047475,0.5160472972972973,0.035493334107874176,51.60435501125309,0.2590863621207069,25.908448081162064,0.6389358108108109,0.021972915078241295,31.94679054054054,0.4381460486828943,21.907302434144714,0.7941300675675675,0.010923993865600893,15.882578285485929,0.677892630876959,13.557832927842448,0.8910472972972973,0.006128598918055404,8.910472972972974,0.8292764254751583,8.292764254751583,0.5464001520770172,0.9234565608414347,0.14343707713125844,14.295895354082093,0.44925575101488496,8.985885613352615,0.6359945872801083,6.3604913227044095
2019-05-12,131,6885750,4718,2931,0.0006851831681370948,0.12737001951874435,0.9521420516768352,0.006950621302237987,0.2664264518863925,0.18254429276793493,266.4167791281916,0.02047082906857728,20.470085863920414,0.327893175074184,0.11232936392680802,163.94063536647272,0.04844762879563289,24.22293493897249,0.43196269605765153,0.0591942838885823,86.39191188762305,0.13510747185261002,27.021298158793734,0.5190758796100042,0.03556594731185919,51.90721104337313,0.2538382804503582,25.38364372492745,0.6146672318779144,0.02105798206440838,30.73336159389572,0.39235755714773113,19.617877857386556,0.7827469266638406,0.010726484803420392,15.65491579803984,0.6543841692255203,13.087664377627528,0.8796100042390843,0.006026939694296191,8.796100042390842,0.8096212896622313,8.096212896622314,0.5176761102102183,0.9117301016803367,0.12962962962962962,12.919753086419753,0.3962962962962963,7.926605679435869,0.5975308641975309,5.975821104122991
2019-05-13,132,6885750,4612,2990,0.0006697890571106996,0.10774140700939112,0.9417095280536251,0.00643393479899678,0.2246313963573287,0.15045018878884694,224.62324099150106,0.01906354515050167,19.062853038057927,0.29032957502168255,0.09722625617194307,145.1595172237548,0.045819397993311035,22.908867247490665,0.3883347788378144,0.052020099334863054,77.66639180291268,0.12675585284280935,25.350986485589896,0.4733304423243712,0.03170292485985652,47.33270053203752,0.22274247491638796,22.274085751191127,0.5737207285342585,0.019213593290491233,28.686036426712928,0.3568561872909699,17.842809364548494,0.7632263660017347,0.010223998512872944,15.264505151781195,0.6394648829431439,12.789279085317387,0.8731569817866436,0.005848292928750162,8.731544456665532,0.8070234113712375,8.070210673388013,0.49312788841193655,0.8960969212992033,0.11750599520383694,11.711430855315749,0.3752997601918465,7.506638942705185,0.5587529976019184,5.588009180991399
2019-05-14,133,6885750,3817,2618,0.0005543332244127365,0.08935294135086923,0.9324947353204788,0.005401962761018544,0.21771024364684308,0.12067963984896893,217.7023395572538,0.019098548510313215,19.09785512705333,0.2693214566413414,0.07464420563462097,134.65583938920392,0.04239877769289534,21.198619191029195,0.35682473146450094,0.039559673531034886,71.36442808915993,0.11497326203208556,22.994485434878538,0.4427560911710768,0.02454326294693427,44.27528761772403,0.219633307868602,21.963171304078337,0.5611736966203825,0.01555386123515957,28.058684831019125,0.37738731856378915,18.869365928189456,0.734346345297354,0.008141439724881495,14.686905576526788,0.6172650878533231,12.34528382832402,0.8396646581084621,0.004654540173546818,8.396646581084621,0.7692895339954163,7.692895339954163,0.45053785611958197,0.8939018416124828,0.13161465400271372,13.117593848937133,0.36363636363636365,7.2733510057695305,0.5739484396200815,5.739976633284536
2019-05-15,134,6885750,2602,1642,0.00037788185745924553,0.08063653214627535,0.9094093555977179,0.0028793595323783595,0.26863950807071485,0.1015103107754865,268.6297549662975,0.018270401948842874,18.2697386318973,0.3235972328977709,0.061138541969212895,161.79274226153257,0.04811205846528624,24.05515586533145,0.4019984627209839,0.030381364547329287,80.39910873626927,0.11632155907429964,23.264142885237987,0.47694081475787853,0.018022597229080135,47.69373515378115,0.20828258221680876,20.828106981024586,0.5718677940046119,0.010804923210979197,28.593389700230595,0.33556638246041415,16.778319123020704,0.6983089930822445,0.005277558323264244,13.966159578945723,0.52557856272838,10.511555988901566,0.791314373558801,0.0029902291105121295,7.913132243546847,0.6711327649208283,6.711317902531591,0.4026134982395802,0.8870152245165297,0.12667660208643816,12.625434674615002,0.3472429210134128,6.9454540341979545,0.5692995529061102,5.693483779106477
2019-05-16,135,6885750,2057,1335,0.0002987328903895727,0.06590654271020799,0.8844692346309438,0.0019382714345810544,0.2542537676227516,0.07595120534417658,254.2445368005172,0.030711610486891385,30.710495485058427,0.3087019931939718,0.04610804530932326,154.34539279954916,0.05468164794007491,27.339831346454456,0.3670393777345649,0.021929187603473815,73.40734250880885,0.09438202247191012,18.876267426761014,0.43412736995624696,0.012968718231723256,43.41242176183199,0.16853932584269662,16.853810202465194,0.5201750121536218,0.007769669244454126,26.008750607681087,0.2808988764044944,14.044943820224718,0.6626154594069033,0.003958894878706199,13.252289942173656,0.4868913857677903,9.737813573376247,0.7535245503159942,0.002251022399851287,7.535234559929995,0.6239700374531835,6.239691312786473,0.36597807531286886,0.882382593633243,0.12956810631229235,12.91362126245847,0.3704318936877076,7.40927326293715,0.5697674418604651,5.698163069927002
2019-05-17,136,6885750,1752,1222,0.0002544385143230585,0.05062656474672688,0.897057006219484,0.0020667382735536197,0.23230593607305935,0.05910543130990415,232.2975020788656,0.036824877250409165,36.823540303079426,0.2808219178082192,0.03572465872785362,140.4058612073733,0.058919803600654665,29.45883224246354,0.3401826484018265,0.017310987830027012,68.03603564532449,0.10801963993453355,21.60377111386373,0.4126712328767123,0.010499869296232827,41.26682363386712,0.19148936170212766,19.148797123651946,0.5102739726027398,0.006491667574338307,25.513698630136986,0.31260229132569556,15.63011456628478,0.6409817351598174,0.003261804071010317,12.819616085593204,0.49263502454991814,9.852686182192231,0.7448630136986302,0.0018952128810576013,7.448608502136061,0.6374795417348609,6.374776901495139,0.33259895657582295,0.8820648686177996,0.10777385159010601,10.741460541813899,0.3674911660777385,7.350453666608076,0.5477031802120141,5.477501530405058
2019-05-18,137,6885750,1823,1340,0.00026474966416149294,0.04765495343509312,0.9158167784648116,0.0027465573203082952,0.21996708721886998,0.05823409817020041,219.95910119333925,0.04626865671641791,46.26697690750431,0.2737246297312123,0.036232936392680805,136.85734600433452,0.07611940298507462,38.058319714237406,0.33296763576522215,0.017630485927561067,66.59304359610731,0.12985074626865672,25.969960676156816,0.40208447613823367,0.010645095704202853,40.20815564740252,0.2126865671641791,21.26850227788705,0.5019199122325837,0.006644156409977127,25.095995611629185,0.3365671641791045,16.828358208955223,0.650575973669775,0.0034447904080304862,13.011500577123378,0.5283582089552239,10.567148832702369,0.75973669775096,0.0020113974347058276,7.597355944062343,0.6761194029850747,6.761184210754481,0.3470562709178394,0.894028788667471,0.10316139767054909,10.281752634498059,0.36605657237936773,7.321759331931059,0.5607321131447587,5.607802033774469
2019-05-19,138,6885750,2496,1949,0.00036248774643285047,0.07227099220504701,0.9120635159695231,0.005909941729398113,0.21915064102564102,0.07943653790299157,219.1426846416363,0.06926629040533606,69.26377565474047,0.2604166666666667,0.04719721173395295,130.2036060485042,0.10261672652642381,51.30650048499294,0.3333333333333333,0.024165674286212205,66.6661825786401,0.17598768599281683,35.19728161796853,0.40064102564102566,0.014522640797002526,40.06381164581737,0.25551564905079527,25.55137936698007,0.514823717948718,0.00933086446647061,25.741185897435898,0.39250897896357106,19.62544894817855,0.6498397435897436,0.004711172042011339,12.996775996906882,0.5572088250384812,11.14416031638838,0.7536057692307693,0.0027317246026582398,7.536046747898227,0.6885582349923037,6.885572350181034,0.3305605291343086,0.865006341937077,0.09631728045325778,9.599622285174695,0.3045325779036827,6.0911739124096815,0.471671388101983,4.71711840193587
2019-05-20,139,6885750,2973,2279,0.00043176124605162836,0.1018395700639647,0.9177442811828707,0.007276633520958808,0.22939791456441305,0.09904153354632587,229.38958614753224,0.06494076349275998,64.93840578278711,0.2791792801883619,0.06026720882950915,139.58457221587375,0.10179903466432647,50.897669397319625,0.35452404978136565,0.03061372680008133,70.90429509373024,0.18297498903027642,36.59473207805124,0.42078708375378404,0.018167823637050162,42.07840282839494,0.26239578762615184,26.239388228626666,0.5297679112008072,0.011436662672911447,26.488395560040363,0.39578762615182095,19.789381307591047,0.6801210898082745,0.005872955938307822,13.602323024622633,0.587977182974989,11.75945826968553,0.789774638412378,0.003409935867645692,7.8977349144437685,0.7288284335234753,7.288273750659723,0.38418677962231873,0.8806953670327551,0.09855453350854139,9.822601839684626,0.32982917214191854,6.597149187559026,0.5045992115637319,5.0464248765391755
2019-05-21,140,6885750,3074,2311,0.00044642921976545765,0.10105646888541155,0.9156002882887858,0.005699958702739147,0.22283669486011712,0.09947720011617775,222.82860465190987,0.03851146689744699,38.51006871755673,0.2644762524398178,0.05903282021492884,132.23332524233774,0.06707053223712678,33.534048602366816,0.33604424202992844,0.03000377588660722,67.2083603810038,0.14149718736477715,28.299231981672843,0.4219258295380612,0.018835865113712276,42.19227657994284,0.24707918649935093,24.707739237821393,0.5432661027976577,0.012126493119848963,27.163305139882887,0.4037213327563825,20.186066637819124,0.7075471698113207,0.006317385444743935,14.150922845200245,0.6144526179143228,12.289034511233469,0.8015614834092388,0.003578394282701862,8.015591552411953,0.7373431414971874,7.37340999853939,0.4119989497456663,0.8851118925975616,0.1111111111111111,11.074074074074074,0.36213991769547327,7.2434195201490805,0.5486968449931413,5.4874390304159695
2019-05-22,141,6885750,2863,2140,0.0004157862251751806,0.08923545192676918,0.9127889023228826,0.003997756735263473,0.21166608452672023,0.08800464711007842,211.65839987363694,0.029439252336448597,29.438183528274894,0.2469437652811736,0.051336044147545744,123.46739992628821,0.046261682242990654,23.13000134364456,0.29933636046105483,0.024891806326062332,59.86683737676693,0.09018691588785047,18.03725220235169,0.3779252532308767,0.015713497342356733,37.79225089945263,0.18738317757009346,18.73818169208038,0.5214809640237513,0.010841230076607486,26.074048201187566,0.3724299065420561,18.621495327102803,0.6901851205029689,0.005739380983362766,13.80368236332175,0.5887850467289719,11.775683833052614,0.7614390499476074,0.003165958682786915,7.614390499476075,0.6822429906542056,6.822429906542056,0.4103097526134796,0.8919219358909677,0.12074303405572756,12.034055727554179,0.4040247678018576,8.081188365930464,0.5913312693498453,5.91381983866942
2019-05-23,142,6885750,2810,2115,0.0004080891696619831,0.0816656254949075,0.9147578554814993,0.005376729360303673,0.22633451957295372,0.09236131280859715,226.32630237430527,0.055791962174940896,55.789936617208724,0.27473309608540925,0.05605576532094104,137.36156087497145,0.0884160756501182,44.2064328280425,0.3405693950177936,0.027796334485462836,68.1133844068597,0.1536643026004728,30.73263735894756,0.4174377224199288,0.017035057654883966,41.743469127088,0.24444444444444444,24.44426694550137,0.5402135231316726,0.011022764404748938,27.01067615658363,0.4014184397163121,20.070921985815602,0.6814946619217082,0.005562171425251968,13.629794267412361,0.5806146572104018,11.612208823626956,0.7398576512455516,0.003019278945648622,7.3985765124555165,0.6567375886524822,6.567375886524822,0.42252556844184824,0.8919188673704049,0.13856427378964942,13.810239287701727,0.4290484140233723,8.581704212566972,0.6176961602671118,6.177491359240816
2019-05-24,143,6885750,3066,2166,0.0004452674000653524,0.10067158658267883,0.936378260344,0.008058582972911085,0.2667971298108284,0.1187917513796108,266.7874435949625,0.06971375807940905,69.71122708325456,0.32615786040443573,0.07261109497531222,163.07300953237316,0.11265004616805172,56.32297817322553,0.4243313763861709,0.03778791135380057,84.86565903601836,0.21560480147737765,43.12064718036694,0.5081539465101109,0.022626274361729936,50.815025664149346,0.31809787626962144,31.809556645902372,0.6148075668623614,0.013687588951174882,30.740155127381747,0.4621421975992613,23.106942091834743,0.7625570776255708,0.006790826284970722,15.2511194036977,0.6652816251154201,13.30561317890401,0.8378995433789954,0.0037308935119631124,8.378995433789955,0.7714681440443213,7.714681440443213,0.44526780029707436,0.8883780258999967,0.1449511400651466,14.446796959826274,0.43159609120521175,8.632662126147467,0.6205211726384365,6.205743905777708
2019-05-25,144,6885750,3010,1887,0.00043713466216461534,0.11993513905786615,0.9452780236676,0.0075540155575745315,0.30033222591362124,0.13128085971536452,300.3213221877313,0.06200317965023847,62.000928590855295,0.3770764119601329,0.08241359279697938,188.53136099727598,0.11552729199788023,57.761548858147236,0.4946843853820598,0.043248424293473524,98.93615866404828,0.25013248542660305,50.02613382689686,0.5720930232558139,0.025007987452438353,57.20888691050744,0.35453100158982515,35.452842722663135,0.6491694352159468,0.014188723087535854,32.458471760797345,0.4626391096979332,23.13195548489666,0.7963455149501661,0.006962194441862627,15.92688716878923,0.6836248012718601,13.672476169246998,0.8830564784053156,0.0038601459535998256,8.830564784053156,0.816640169581346,8.16640169581346,0.455573098417734,0.8914491947706116,0.1492776886035313,14.87800963081862,0.4317817014446228,8.636374649306598,0.608346709470305,6.083988832875837
2019-05-26,145,6885750,3469,2277,0.0005037940674581564,0.147372731940809,0.9488986230581059,0.0068021810354152775,0.29662727010665896,0.14943363345919256,296.616500891218,0.052261747913921824,52.259850522551154,0.36091092533871433,0.09090909090909091,180.4489111349878,0.09574000878348704,47.86826644502584,0.43586047852407034,0.043916465770135645,87.17146272029734,0.1743522178304787,34.87019036063257,0.49005477082732773,0.024688489354904294,49.00512123826239,0.2490118577075099,24.901004955262803,0.5788411646007495,0.014580837236321389,28.942058230037475,0.37110232762406675,18.555116381203337,0.8019602190833093,0.008080444279208105,16.039181088370484,0.7035573122529645,14.071125809920327,0.8913231478812338,0.00449042661957431,8.913218534371232,0.8361879666227492,8.36186752249947,0.4873322248291924,0.9070560886851341,0.15396825396825398,15.345502645502647,0.45396825396825397,9.080143755615454,0.6412698412698413,6.413248386833292
2019-05-27,146,6885750,3642,2466,0.0005289184184729332,0.13213727255404595,0.956824810668787,0.007857050961903367,0.26963207029104885,0.14260819053151322,269.62228115111674,0.03933495539334955,39.333527316258596,0.3201537616694124,0.08466453674121406,160.0710691559074,0.0681265206812652,34.06202365531672,0.400054914881933,0.042318975282465365,80.01040199100382,0.15206812652068127,30.41340446105844,0.4989017023613399,0.026387638328153593,49.88980796762317,0.2818329278183293,28.183088133914154,0.6545853926414058,0.01731111353156882,32.72926963207029,0.49716139497161393,24.858069748580697,0.8388248215266337,0.008873385072962172,16.776472066487994,0.7635847526358476,15.271672874053952,0.8962108731466227,0.004740217492332001,8.96209571604203,0.8471208434712084,8.471196132208897,0.46552590967608776,0.8958679562855578,0.15031645569620253,14.981540084388186,0.43037974683544306,8.608333152398115,0.6218354430379747,6.218887736934668
2019-05-28,147,6885750,4347,3017,0.0006313037795447119,0.12651246705983132,0.9589599128764958,0.012458781950863144,0.24384633080285253,0.15393552134766192,243.8374778283099,0.03679151474975141,36.790179013665515,0.3080285254198298,0.09722625617194307,154.00867113778628,0.07424593967517401,37.12162206784269,0.4145387623648493,0.052339597432397106,82.90715045321564,0.18959231024196221,37.91818671029049,0.5514147688060732,0.034810769990415054,55.14107648067643,0.3722240636393769,37.22213608011907,0.7345295606165171,0.02318556439022619,36.72647803082585,0.6244613854822672,31.223069274113357,0.8619737750172533,0.010883330235151966,17.239450463928605,0.8037785880013258,16.07554841391547,0.9043018173452956,0.005708850097301693,9.042952509200628,0.8631090487238979,8.631027814125563,0.4498256274107973,0.8912017969866268,0.15993537964458804,15.94022617124394,0.41033925686591277,8.207488978239123,0.6058158319870759,6.058677887479667
2019-05-29,148,6885750,4718,3134,0.0006851831681370948,0.12855020629767241,0.9580748468280988,0.0158397640278176,0.23399745654938534,0.1603252977054894,233.98896114361457,0.02488832163369496,24.887418049552,0.32301822806273844,0.11065930874237584,161.50325035456007,0.08679004467134652,43.39344685562913,0.5063586265366681,0.06938917772807808,101.27098994088885,0.2906828334396937,58.13614453970115,0.629080118694362,0.0431031978855035,62.90755507420638,0.45979578813018507,45.97924494056495,0.761551504874947,0.026090113640489417,38.07757524374735,0.6496490108487556,32.48245054243778,0.8497244595167444,0.01164428721219673,16.99441514866122,0.774728781110402,15.494508115365145,0.8921153030945316,0.006112623897178956,8.921153030945314,0.8379068283343969,8.379068283343969,0.4446864826538091,0.8917921861955236,0.1557632398753894,15.524402907580477,0.38317757009345793,7.664208653275838,0.5685358255451713,5.685845850499351
2019-05-30,149,6885750,4924,2817,0.000715100025414806,0.18211283531288963,0.952523010989398,0.013702597822567348,0.32392363931762796,0.23162939297124602,323.9118790925583,0.05040823571175009,50.40640561315468,0.4398862713241267,0.15727563171652628,219.935150506107,0.13099041533546327,65.49282982835943,0.5706742485783916,0.0816172412791542,114.13402094596589,0.28718494852680154,57.436572636975335,0.6628757108042242,0.04740189956141625,66.28708974513037,0.427760028399006,42.775692229638615,0.7524370430544273,0.02690338743056312,37.62185215272137,0.5743698970536031,28.71849485268016,0.8279853777416735,0.011841830095733804,16.559683505625312,0.7011004614838481,14.021988865898336,0.886068237205524,0.006336255785482234,8.86065663584165,0.8022719204827831,8.022695902512462,0.471029621620929,0.8996768733651331,0.16749585406301823,16.693753454947487,0.40630182421227196,8.126733399895889,0.6086235489220564,6.086757464819982
2019-05-31,150,6885750,4644,2594,0.0006744363359111208,0.1605364904488915,0.9398140690516658,0.007488948389888347,0.3021102497846684,0.2037467325007261,302.0992815066483,0.020046260601387818,20.045532810921607,0.3962101636520241,0.1336044147545745,198.09788951255626,0.06168080185042406,30.839281247571698,0.5297157622739018,0.07145139272125244,105.94238316760637,0.20624518118735544,41.248736715002835,0.6080964685615848,0.041011937610735134,60.80920529782934,0.3218966846569005,32.1894347261938,0.6838931955211025,0.023062121047090003,34.194659776055126,0.4444872783346184,22.224363916730915,0.7825150732127476,0.010555085988805916,15.650233278944947,0.6117964533538937,12.235875757522235,0.8690783807062877,0.00586133782567022,8.69072070049714,0.7659984579799537,7.659928958197256,0.49322088306371503,0.9054566612356221,0.1906474820143885,19.001199040767386,0.43884892086330934,8.777731159840567,0.6438848920863309,6.439401137751891
2019-06-01,151,6885750,3699,1904,0.0005371963838361834,0.15329599279963238,0.9431793022780179,0.00594823835487583,0.3214382265477156,0.17266918385129248,321.4265565569173,0.01680672268907563,16.80611251180693,0.4376858610435253,0.1175573627650305,218.83498530935626,0.07615546218487394,38.076348659562576,0.5739389024060557,0.06166313282407273,114.78694697035924,0.2190126050420168,43.80220294426406,0.6501757231684239,0.034926951116791075,65.01710020341827,0.3382352941176471,33.823283808280635,0.7247904839145715,0.019467741349889264,36.23952419572858,0.47111344537815125,23.555672268907564,0.8150851581508516,0.008757177836062146,16.30163213967692,0.6418067226890757,12.83607852924811,0.8729386320627196,0.0046893811440114905,8.729360965768349,0.7531512605042017,7.531490729456265,0.4663846002381553,0.8986679424639131,0.18267419962335216,18.20652856246077,0.4708097928436911,9.417003420840965,0.6534839924670434,6.53540037406363
2019-06-02,152,6885750,2926,1595,0.0004249355553135098,0.11040170414338174,0.9461156285445329,0.006732674491754048,0.3243335611756664,0.1378158582631426,324.3217860681593,0.04827586206896552,48.274109387362664,0.44258373205741625,0.09403136799302933,221.2838319063574,0.1310344827586207,65.51486273999218,0.5775803144224196,0.04908652589386854,115.51522408534017,0.2727272727272727,54.54505847343281,0.6473000683526999,0.027505881669522787,64.72953680995097,0.37366771159874607,37.366499827776956,0.7252221462747779,0.015408633772646407,36.26110731373889,0.5003134796238244,25.01567398119122,0.8205741626794258,0.006973792366296919,16.411411751957967,0.6727272727272727,13.454486835715977,0.8779904306220095,0.0037308826754306346,8.779878804629696,0.7774294670846394,7.774272090090224,0.41595811146444883,0.8862132220647027,0.15331010452961671,15.279907084785133,0.42857142857142855,8.572163685371233,0.5818815331010453,5.8193143717764055
2019-06-03,153,6885750,3721,2513,0.000540391388011473,0.07686882165514014,0.9517573545723713,0.009862981601966752,0.22171459285138403,0.11980830670926518,221.70654338170456,0.038599283724631915,38.59788235650366,0.31228164471916153,0.08437409236131281,156.1351535815398,0.08993235177079188,44.964543363762,0.44799785004031173,0.04841848441720643,89.59891939687695,0.2200557103064067,44.010822482277725,0.5587207739854878,0.030192570216968254,55.871671693493454,0.362116991643454,36.2114362195956,0.6930932545014781,0.01872708129107214,34.654662725073905,0.5539196179864704,27.69598089932352,0.8379467884977156,0.00905637140998234,16.758911431412496,0.7632311977715878,15.264601787037916,0.8906208008599839,0.004812831118133656,8.906195074358726,0.8396339037007561,8.396326843235142,0.45853898793005743,0.8854156097300472,0.15170278637770898,15.11971104231166,0.4179566563467492,8.359850033721171,0.565015479876161,5.650639374644865
2019-06-04,154,6885750,4484,3207,0.000651199941909015,0.09375999775032347,0.9599252691251076,0.01453597997310058,0.20294380017841213,0.13215219285506827,202.93643219263745,0.0411599625818522,41.15846824687609,0.2752007136485281,0.08960209119953529,137.59536116797506,0.08356719675709386,41.782081402131794,0.41458519179304193,0.05399517848325539,82.91643627142636,0.21858434674150296,43.71655190610544,0.5546387154326494,0.036117807662145285,55.46346880232313,0.39756782039289057,39.75649335255665,0.7292595896520964,0.023744690120901864,36.46297948260482,0.6333021515434986,31.66510757717493,0.8762265834076717,0.01141195743098801,17.524506217757736,0.8347365138758964,16.694706032219983,0.9136931311329171,0.00594995185723601,9.136904772739264,0.8836919239164328,8.836893571971729,0.45750647720392995,0.8965411817156922,0.1643598615916955,16.381199538638985,0.4290657439446367,8.582050840717681,0.5916955017301038,5.917462474849692
2019-06-05,155,6885750,4601,3152,0.0006681915550230549,0.13472256725403983,0.9584649729190532,0.014943518902541903,0.24625081504020865,0.1645367412140575,246.24187476954933,0.03489847715736041,34.897210149040724,0.32101717018039555,0.10724658727853616,160.5027577381396,0.08946700507614214,44.731878463770386,0.44120843294935885,0.05896192163583026,88.24104583871292,0.22271573604060912,44.54282376605839,0.5820473810041296,0.038891632054372766,58.20431545716089,0.412753807106599,41.27508099689599,0.7620082590741143,0.025458374178557164,38.100412953705714,0.6652918781725888,33.26459390862944,0.8917626602912411,0.011917348266567524,17.835227304176772,0.8464467005076142,16.928909424726697,0.9239295805259726,0.0061736104656566594,9.23928238728436,0.8899111675126904,8.899098751191602,0.5051118068110335,0.9093352339426463,0.1884328358208955,18.780472636815922,0.4925373134328358,9.851591101098283,0.6511194029850746,6.5117524512941305
2019-06-06,156,6885750,3512,1517,0.0005100388483462222,0.21769577551035213,0.946606942444997,0.0042117384363508795,0.40660592255125283,0.20737728724949173,406.59116050062295,0.017139090309822018,17.13846806576488,0.5207858769931663,0.13280569270984607,260.3834847883891,0.05405405405405406,27.026045796013843,0.6241457858769932,0.06366725725405908,124.82825075089333,0.16150296638101516,32.30035873124619,0.6993166287015945,0.035667605797438204,69.93115507394936,0.3157547791694133,31.57524863727944,0.7739179954441914,0.01973641215553861,38.695899772209565,0.4831905075807515,24.15952537903757,0.8451025056947609,0.008620614538283023,16.901878290712506,0.6440342781806196,12.880554620893957,0.8855353075170843,0.004516554406327243,8.855314494125231,0.7363216875411998,7.363184795312682,0.5295089254586267,0.9178206262977322,0.226215644820296,22.5461592670895,0.5200845665961945,10.402583415228516,0.6849894291754757,6.850481761248047
2019-06-07,157,6885750,2604,1345,0.00037817231238427185,0.17882543631810446,0.9531653968562743,0.0036061642493391585,0.3828725038402458,0.14478652338077258,382.8586034443759,0.026765799256505577,26.764827509509626,0.4646697388632873,0.0878594249201278,232.32643438700845,0.06617100371747212,33.08430067147717,0.5610599078341014,0.042435156408841386,112.21116675966958,0.1762081784386617,35.24137978692425,0.618663594470046,0.023395974323971072,61.86591021554678,0.27360594795539034,27.360396121493928,0.6939324116743472,0.013121301238064117,34.696620583717355,0.41189591078066917,20.59479553903346,0.8245007680491552,0.0062360581838460825,16.489991412987006,0.6624535315985131,13.24905139070912,0.8947772657450077,0.003383799876556657,8.947772657450077,0.7977695167286245,7.977695167286245,0.4800095533716641,0.9056121542660489,0.22566371681415928,22.491150442477878,0.5066371681415929,10.133612380272925,0.6570796460176991,6.571359993321089
2019-06-08,158,6885750,2301,1427,0.000334168391242784,0.13489269702171588,0.9295650137608023,0.004324724355483198,0.32551064754454584,0.10877142027301771,325.49882970227367,0.06096706377014716,60.96485032751827,0.3959148196436332,0.06614870752250944,197.95022286967378,0.11702873160476523,58.51224140629627,0.4624076488483268,0.030904179616021377,92.48085823164675,0.1779957953749124,35.59890057808252,0.5228161668839635,0.01747073687879404,52.281237054826626,0.2592852137351086,25.92833309820971,0.6132116471099522,0.010245797480303525,30.66058235549761,0.3903293622985284,19.51646811492642,0.751412429378531,0.005021958360442421,15.028226762458234,0.6033637000700771,12.067256476431165,0.8413733159495871,0.0028116036742548015,8.413733159495871,0.7463209530483532,7.463209530483532,0.3379570415647416,0.8753664508979015,0.15708812260536398,15.656449553001275,0.36015325670498083,7.203682892687447,0.5383141762452107,5.383603438418012
2019-06-09,159,6885750,2276,1428,0.00033053770467995496,0.1557669022334998,0.9398642995156645,0.006308782195933508,0.343585237258348,0.11356375254138833,343.5727632082007,0.08893557422969188,88.93234537497834,0.40509666080843587,0.06694742956723787,202.5409767761899,0.13585434173669467,67.92470473521968,0.484182776801406,0.03200790031659357,96.83585219902645,0.22058823529411764,44.11732670645301,0.5751318101933216,0.019010136803276307,57.51276339769765,0.34523809523809523,34.5235588353672,0.6669595782073814,0.011022764404748938,33.34797891036907,0.4803921568627451,24.01960784313725,0.7948154657293497,0.0052543219630077145,15.896286228813873,0.6792717086834734,13.585414443916799,0.8708260105448155,0.0028784041267775817,8.708247458681342,0.7969187675070029,7.9691761016377916,0.348219877603754,0.8790646761720824,0.14842300556586271,14.79282622139765,0.3562152133580705,7.124915270957907,0.5343228200371057,5.343686453218431
2019-06-10,160,6885750,2172,1422,0.0003154340485785862,0.13618074312270415,0.9227314191243277,0.005946341425159602,0.31860036832412525,0.10049375544583213,318.58880136332346,0.07243319268635724,72.43056295964048,0.38720073664825044,0.06106593087423758,193.59333955675942,0.11814345991561181,59.06958532630875,0.48204419889502764,0.03041040982892329,96.40813972353064,0.229957805907173,45.99122722197323,0.5639963167587477,0.017790234976328097,56.39922214007882,0.34810126582278483,34.809873814796255,0.6887661141804788,0.01086301419598446,34.43830570902394,0.5309423347398031,26.547116736990155,0.7909760589318601,0.004989979377850068,15.819406308025371,0.6842475386779184,13.684851402746165,0.8365561694290976,0.002638775329411235,8.365537396175604,0.7538677918424754,7.538656022027057,0.35720716198404273,0.8800898819201696,0.15028901734104047,14.978805394990363,0.35645472061657035,7.1297058269465285,0.5394990366088632,5.395453058229806
2019-06-11,161,6885750,2362,1660,0.00034302726645608683,0.10261921092631318,0.9262943937237352,0.0053709031519602445,0.2696867061812024,0.09250653499854777,269.6769150576843,0.0427710843373494,42.76953150971589,0.329805249788315,0.056564042985768226,164.89663801407858,0.0855421686746988,42.76953150971589,0.4195596951735817,0.028783874059659008,83.91132972324175,0.19096385542168676,38.1924937543896,0.5033869602032176,0.017267419907636004,50.338330494921514,0.30542168674698794,30.541946898226385,0.6295512277730737,0.010797661837853538,31.477561388653687,0.47771084337349395,23.8855421686747,0.7654530059271804,0.005251417417975648,15.309037885616352,0.6698795180722892,13.39757090449352,0.8365791701947503,0.002869690491681383,8.365779552538138,0.769277108433735,7.692759912337332,0.39928752957680064,0.8948229796969294,0.1746031746031746,17.402116402116402,0.4557823129251701,9.116428046347185,0.6530612244897959,6.531172331711415
2019-06-12,162,6885750,2327,1568,0.0003379443052681262,0.09500237664447858,0.9199178643787661,0.004462875458378648,0.2823377739578857,0.09541097879756026,282.32752353042565,0.03316326530612245,33.16206129561903,0.33863343360550063,0.05721754284054604,169.31056966664798,0.07206632653061225,36.031855061586064,0.431886549204985,0.02919050800197508,86.37668262767508,0.17793367346938777,35.586476287195,0.5199828104856038,0.017572395364373057,51.99790347238151,0.3010204081632653,30.101822235763514,0.6265577997421573,0.010587082017209454,31.32788998710786,0.45535714285714285,22.767857142857142,0.7623549634722819,0.005152662886885398,15.247077126502418,0.6505102040816326,13.010185187270837,0.8152127202406532,0.0027549529610298323,8.152091685178842,0.7270408163265306,7.270376487515443,0.3754146698947941,0.8794616446847844,0.17841409691629956,17.78193832599119,0.43392070484581496,8.679158386289963,0.5925110132158591,5.925618289116752
2019-06-13,163,6885750,2182,1480,0.0003168863232037178,0.11303766588030958,0.9266181825294012,0.004091453989334563,0.28780934922089824,0.09119953528899216,287.79890014490275,0.03445945945945946,34.45820838991765,0.3377635197066911,0.05351437699680511,168.87562850859342,0.06959459459459459,34.79603396236783,0.4142988084326306,0.02625693456098057,82.85916001524838,0.1662162162162162,33.24300185340297,0.49816681943171404,0.015786110546341745,49.81632020828262,0.27905405405405403,27.905202775315907,0.618698441796517,0.009802853719638384,30.93492208982585,0.44797297297297295,22.39864864864865,0.76993583868011,0.004879635653871178,15.39869441046905,0.6655405405405406,13.310791479886104,0.8354720439963337,0.002647496641614929,8.354720439963335,0.7601351351351351,7.601351351351351,0.3810402003782734,0.8922058329458065,0.18099547511312217,18.03921568627451,0.41402714932126694,8.281253153062254,0.6040723981900452,6.04124205428312
2019-06-14,164,6885750,2175,1414,0.0003158697309661257,0.11137027535683496,0.9434420787013363,0.004885704924038378,0.30114942528735633,0.09512053441765903,301.13849189259565,0.034653465346534656,34.65220723350291,0.3650574712643678,0.05765320941039791,182.52210882650454,0.07496463932107496,37.4809588444011,0.4574712643678161,0.02890005518603503,91.49358850447848,0.18387553041018387,36.774839046208825,0.5682758620689655,0.017949984025095123,56.827173563585625,0.34724186704384724,34.72393456093948,0.7025287356321839,0.011095378136005519,35.12643678160919,0.5480905233380481,27.4045261669024,0.8128735632183908,0.0051352356166930015,16.25744765408912,0.714992927864215,14.299837789992734,0.8859770114942529,0.002798533202628617,8.859770114942528,0.8267326732673267,8.267326732673267,0.39227630564377275,0.8911004898723669,0.16317991631799164,16.263598326359833,0.41631799163179917,8.327073928676517,0.6108786610878661,6.109310520536541
2019-06-15,165,6885750,2750,1826,0.0003993755219111934,0.10573325240077038,0.9463850478781718,0.007078212344005501,0.2883636363636364,0.11516119663084519,288.35316716394266,0.05859802847754655,58.595901044040964,0.35963636363636364,0.07181237293058379,179.81165342064267,0.10076670317634173,50.38152239300719,0.4661818181818182,0.03723605100351448,93.23568661725449,0.22234392113910187,44.46846132573036,0.5654545454545454,0.02258270643933893,56.545043950792014,0.3592552026286966,35.92525939615655,0.6487272727272727,0.012954289656173982,32.43636363636364,0.47754654983570644,23.877327491785323,0.7963636363636364,0.006360953620224928,15.92724959653229,0.6960569550930996,13.921118884574282,0.8905454545454545,0.003556615391765034,8.905441612307667,0.8362541073384447,8.36252892869588,0.41364898514191567,0.8998288136985076,0.16602316602316602,16.54697554697555,0.4247104247104247,8.494936985503024,0.6274131274131274,6.274669364292006
2019-06-16,166,6885750,3686,2723,0.0005353084268235124,0.10365898589863543,0.9426879138596937,0.010877055884788815,0.22544763971785134,0.12067963984896893,225.43945471786157,0.03966213734851267,39.6606973929017,0.3005968529571351,0.08045309323264595,150.2929698119077,0.10282776349614396,51.41201513894665,0.42105263157894735,0.045078277033895844,84.20991483617696,0.23760558207858978,47.52077134966597,0.5317417254476398,0.028464375962124953,53.1737864300602,0.3782592728608153,37.82565261990413,0.6375474769397721,0.017064226845296446,31.877373846988604,0.5137715754682336,25.68857877341168,0.7794357026587087,0.00834473363947149,15.588646136188498,0.7032684539111275,14.06530779815372,0.8790016277807922,0.004705362951947207,8.790003512308866,0.837679030481087,8.376778139428538,0.4361082503992789,0.895603893906509,0.15458937198067632,15.407407407407407,0.391304347826087,7.826758147512864,0.6038647342995169,6.039165237278445
2019-06-17,167,6885750,4854,3535,0.0007049341030388847,0.11237169691249316,0.9523027427675326,0.01354445935616947,0.21178409559126493,0.14928841126924194,211.77640665372533,0.02545968882602546,25.45876449808377,0.27111660486196953,0.09555620098751089,135.5533809125985,0.0628005657708628,31.39914288096998,0.3936959208899876,0.05550553312614366,78.73861242755329,0.19575671852899576,39.15105941534848,0.5311083642356819,0.03743936797467252,53.11045076876829,0.3734087694483734,37.340605800765886,0.685002060156572,0.024144065642813056,34.25010300782859,0.5776520509193777,28.882602545968886,0.8316852080758138,0.011725648294451158,16.633680004844884,0.773974540311174,15.47946832578442,0.9081170168932838,0.006401598656942278,9.081130604046207,0.8766619519094767,8.766581324643946,0.5154421781573812,0.9069966291399774,0.16930379746835442,16.873945147679326,0.45569620253164556,9.114705690774475,0.6455696202531646,6.456249864298586
2019-06-18,168,6885750,5417,3866,0.0007866971644337944,0.11554126692002824,0.9576736189420919,0.01539634265815243,0.20971017168174266,0.16497240778390937,209.702558039146,0.020434557682359026,20.4338157945547,0.26619900313826844,0.10470519895440024,133.09466931885942,0.04655975168132437,23.279030652024343,0.39302196787889976,0.06183740451363676,78.60382280409347,0.18054837040869115,36.10941187782524,0.547350932250323,0.043059629963112495,54.73469577598336,0.3812726332126229,38.12698646698739,0.7350932250323057,0.028914787786370404,36.75466125161529,0.6370926021727884,31.85463010863942,0.8624700018460403,0.01357003438981318,17.249374986091215,0.8103983445421624,16.207943352458393,0.9272660143991139,0.007294764848034204,9.272646677561662,0.8998965338851526,8.99895226990149,0.5222073944966449,0.9042934713014132,0.16184971098265896,16.131021194605008,0.41763005780346824,8.353317502652217,0.6228323699421965,6.228857860974231
2019-06-19,169,6885750,5133,3348,0.0007454525650800566,0.11734408481358916,0.9553576408542819,0.011252826218668618,0.23806740697447887,0.17746151611966307,238.05876380692968,0.012544802867383513,12.544347421447288,0.3115137346580947,0.11610514086552426,155.751212490704,0.042114695340501794,21.05658317171509,0.4180790960451977,0.06233117430073484,83.61521204778589,0.14635603345280765,29.2709941429513,0.5478277810247418,0.04083766592117111,54.782380307170065,0.3258661887694146,32.58638225506108,0.7210208455094487,0.026874341938060486,36.05104227547243,0.5809438470728794,29.047192353643965,0.857003701539061,0.012777093596059113,17.140049138722784,0.7831541218637993,15.663059690211846,0.915059419442821,0.0068213339142431835,9.15059419442821,0.8712664277180406,8.712664277180407,0.5219829386938284,0.9080975724367816,0.15905743740795286,15.852724594992637,0.422680412371134,8.454333256706336,0.625920471281296,6.259741522822636
2019-06-20,170,6885750,4254,1906,0.0006177976255309879,0.20444109120135587,0.9533237481317196,0.006588329629231449,0.3704748472026328,0.22887017136218415,370.4613969104747,0.023084994753410283,23.084156640037012,0.48636577338975084,0.150232355503921,243.17405780703433,0.06243441762854145,31.21607545641369,0.6208274565115186,0.07670858868976735,124.16458969688894,0.2203567681007345,44.07103360392787,0.7075693464974142,0.04371314879897761,70.75642086096852,0.378803777544596,37.88010269289991,0.7802068641278797,0.024100497404059108,39.01034320639398,0.5225603357817419,26.12801678908709,0.8500235072872591,0.010502834835951297,17.000445456429627,0.667890870933893,13.357798019486749,0.9102021626704279,0.005623199182080119,9.10200840808843,0.8001049317943337,8.001037698239312,0.49823631430251625,0.8931036885038253,0.17054263565891473,16.997416020671835,0.40310077519379844,8.062706928876302,0.6015503875968993,6.016019785392318
2019-06-21,171,6885750,3842,1651,0.0005579639109755655,0.22773774697609694,0.9571212030005357,0.005551233760219699,0.39796980739198334,0.2220447284345048,397.95535888024244,0.03513022410660206,35.128948684582504,0.5117126496616345,0.14275341272146383,255.84703582686612,0.07874015748031496,39.368649387894195,0.6246746486205101,0.06970867582561213,124.93402253154835,0.18594791035735916,37.18931202600093,0.7136907860489329,0.03982108106538093,71.368560371147,0.3567534827377347,35.67508922363933,0.7816241540864133,0.02180590349635116,39.08120770432067,0.49788007268322226,24.894003634161116,0.870640291514836,0.009715703132261362,17.412780542157385,0.7013930950938825,14.027841529599351,0.9154086413326392,0.005107627603553991,9.15404653075791,0.8043609933373713,8.043574888934593,0.5044315781159725,0.9058505705634685,0.1810344827586207,18.043103448275865,0.45,9.000771869639793,0.6241379310344828,6.241914591589284
2019-06-22,172,6885750,3889,1609,0.0005647896017136841,0.2405923440596037,0.96928918664193,0.006486805128873708,0.40730264849575726,0.23003194888178913,407.2878611501104,0.044126786824114354,44.125184776959834,0.5114425302134225,0.14442346790589602,255.7119810061773,0.08203853325046613,41.01777739830069,0.6379532013371046,0.07206134363472654,127.58971379090208,0.21193287756370416,42.38626773023544,0.7338647467215222,0.041447616834645214,73.38594178944672,0.3927905531385954,39.278770096053954,0.8084340447415788,0.022829757107068947,40.42170223707894,0.5543816034804226,27.71908017402113,0.892003085626125,0.010075866716237569,17.84003580389119,0.7458048477315102,14.91607529239255,0.9285163281049112,0.005244156055395483,9.285149796461672,0.8321939092604101,8.321927006880678,0.5226599560761962,0.9040265722377605,0.18861209964412812,18.798339264531435,0.48398576512455516,9.680545466753754,0.6459074733096085,6.459628684616934
2019-06-23,173,6885750,4095,1889,0.0005947064589913953,0.22512898904481068,0.9643135543051625,0.007600127149322591,0.4129426129426129,0.24557072320650594,412.92762083496905,0.0555849655902594,55.58294754765156,0.516971916971917,0.15371768806273597,258.47657401171773,0.10905240868184224,54.5242247372201,0.6195360195360196,0.07368787940399082,123.90630417729665,0.2281630492323981,45.63227849347891,0.703052503052503,0.04181068285457028,70.30473979630214,0.3795659078877713,37.956315173810175,0.7675213675213676,0.02282249573394329,38.376068376068375,0.5060878771836951,25.304393859184756,0.8700854700854701,0.01034889394925179,17.401684129685105,0.7236633139227104,14.473245259327376,0.9235653235653236,0.005492494655637141,9.235639822967872,0.838009528851244,8.380083118330372,0.4935129253636847,0.890660239331966,0.18013468013468015,17.953423120089784,0.4478114478114478,8.956997071919885,0.6161616161616161,6.162144602110296
2019-06-24,174,6885750,4041,2141,0.0005868641760156845,0.2084586604253109,0.9524764413480998,0.006525695645778889,0.3617916357337293,0.21231484170781295,361.7785006903175,0.037832788416627745,37.8314148765313,0.44889878742885425,0.13171652628521638,224.44124495630504,0.07192900513778608,35.963196857937156,0.5558030190546894,0.06523570246013535,111.15979663817794,0.19056515646893976,38.11275454285637,0.627567433803514,0.03682941706119841,62.75628768353055,0.30733302195235873,30.73307903088173,0.700321702548874,0.020549685945612316,35.0160851274437,0.4376459598318543,21.882297991592715,0.8374164810690423,0.009828980388511944,16.748305298242048,0.6940681924334423,13.881343689145645,0.9091808958178669,0.005335633726317135,9.091769346940909,0.8290518449322747,8.290482329151397,0.47495999492337027,0.8733042751551829,0.17355371900826447,17.297520661157026,0.4479338842975207,8.959446011652467,0.5950413223140496,5.95092355017507
2019-06-25,175,6885750,3588,2074,0.0005210761354972225,0.1638725878357698,0.9494665768849844,0.006470203855349939,0.33138238573021184,0.17266918385129248,331.3703547112702,0.03712632594021215,37.12497804862268,0.41081382385730214,0.10702875399361023,205.39945451825577,0.07907425265188042,39.53569090892285,0.507803790412486,0.05292050306427721,101.56002061729288,0.18129218900675023,36.25817451721603,0.580267558528428,0.03023613813935926,58.026334501976876,0.28688524590163933,28.68831627359512,0.6822742474916388,0.017775841411610937,34.113712374581944,0.45467695274831244,22.73384763741562,0.8400222965440357,0.008754298726647458,16.800421532054834,0.7251687560270009,14.503354057686943,0.903010033444816,0.0047053561184878375,9.030074106153187,0.8331726133076182,8.331701933237577,0.45365892074677494,0.8796159505104513,0.15973377703826955,15.920133111480864,0.4209650582362729,8.420023231720716,0.5990016638935108,5.990530362489047
2019-06-26,176,6885750,3311,1969,0.00048084812838107685,0.1501842051780428,0.9554813073095785,0.0066564856092740845,0.31954092419208696,0.15364507696776067,319.5293230838895,0.029964448958862366,29.963361083137748,0.3884022953790396,0.09337786813825152,194.19409711053018,0.06297613001523616,31.48692181617865,0.4853518574448807,0.046675767521566124,97.06966662990756,0.1574403250380904,31.48783636268933,0.5895499848988222,0.028348194835748932,58.954570398749084,0.3214829862874556,32.148065189648946,0.7266686801570522,0.017470863740333298,36.33343400785262,0.5464702894870492,27.323514474352464,0.8601630927212323,0.00827212022457877,17.203186903169215,0.7668867445403759,15.337668067289087,0.9096949562065841,0.004374244818291663,9.096936350816012,0.8486541391569324,8.486529066798505,0.45035433793630525,0.8903821859333236,0.17005545286506468,16.94886013555145,0.44731977818853974,8.947162836117602,0.6173752310536045,6.174281791866279
2019-06-27,177,6885750,2988,1757,0.0004339396579893258,0.15137125917195127,0.9611374680592476,0.007482354307962707,0.32597054886211513,0.14144641301190822,325.95871432287385,0.029595902105862264,29.594827610432922,0.38821954484605087,0.08422887017136219,194.10272516146492,0.05236198064883324,26.18003980922912,0.4916331994645248,0.04266751866159343,98.32592591166899,0.17131474103585656,34.26269941292659,0.6492637215528781,0.0281739231461849,64.92590070409729,0.42003414911781445,42.003109911527936,0.7871485943775101,0.017078749591547763,39.35742971887551,0.6465566306203756,32.32783153101878,0.8975903614457831,0.007789989776001487,17.95178115799941,0.829823562891292,16.596447155226766,0.9257028112449799,0.00401697994559795,9.25700122503383,0.8759248719408081,8.759223277812676,0.4834160215235952,0.894446946899214,0.19672131147540983,19.606557377049178,0.4959016393442623,9.918883390040211,0.6495901639344263,6.4964587492618735
2019-06-28,178,6885750,3198,1941,0.00046443742511708964,0.13982464444281756,0.9641248830777338,0.008261254423888045,0.2886178861788618,0.13404008132442638,288.6074077484894,0.019577537351880475,19.576826578668456,0.3805503439649781,0.08836770258495498,190.26826393819692,0.06852138073158166,34.25944651266979,0.5115697310819262,0.047518080687792265,102.31320328204052,0.22462648119526019,44.92497002208204,0.626641651031895,0.029103372157193063,62.66371007860917,0.3987635239567233,39.876062840701266,0.7557848655409631,0.017550738844715537,37.78924327704816,0.6058732612055642,30.29366306027821,0.8855534709193246,0.008225671530811414,17.711043697087145,0.8150437918598661,16.300852163883356,0.9358974358974359,0.0043466453279734875,9.358947175451357,0.8959299330242143,8.959273307591575,0.4801639904599666,0.9035334772660633,0.21266968325791855,21.19607843137255,0.5316742081447964,10.634396125517101,0.6832579185520362,6.8331651700131175
2019-06-29,179,6885750,3609,2203,0.0005241259122099989,0.13074835921371136,0.955120235327475,0.008566770138914529,0.2876142975893599,0.1507406331687482,287.6038555948207,0.026327734906945077,26.326779064115165,0.36270435023552233,0.0950479233226837,181.34559102775543,0.064911484339537,32.4545638462799,0.4998614574674425,0.05239768799558512,99.971565562649,0.21697684975034046,43.39505484238307,0.6123579939041286,0.03209503616137559,61.23535473765363,0.3772128915115751,37.72101524479114,0.7198669991687449,0.018865047380459646,35.99334995843724,0.5483431684067182,27.417158420335902,0.8650595732889997,0.009067989590110605,17.301166339735133,0.7821152973218338,15.642283229545662,0.9235245220282626,0.004840431325563664,9.235245220282627,0.876078075351793,8.76078075351793,0.47451762872662906,0.8741329686635846,0.18181818181818182,18.12121212121212,0.4353146853146853,8.707040386714487,0.6066433566433567,6.066953843754874
2019-06-30,180,6885750,3969,2575,0.000576407798714737,0.11113606530905358,0.9415510590151838,0.007282001405881805,0.25673973293020913,0.14798141155968633,256.73041185364326,0.020970873786407766,20.97011242735366,0.327034517510708,0.09424920127795527,163.5113221717512,0.04970873786407767,24.853466580567297,0.42454018644494834,0.048941299485898516,84.9074207445265,0.1483495145631068,29.669687469950116,0.5303602922650542,0.03057015887769032,53.03564411490454,0.2935922330097087,29.359010114243837,0.6414714033761653,0.018487455977925425,32.07357016880826,0.45553398058252426,22.776699029126217,0.8279163517258755,0.009544334975369459,16.55830298731425,0.7378640776699029,14.757260121803647,0.8848576467624086,0.0051003884834622225,8.848576467624087,0.8240776699029126,8.240776699029126,0.43656483247072436,0.8848987777977217,0.16065573770491803,16.012021857923497,0.4016393442622951,8.033475803503642,0.5967213114754099,5.967724882602705
2019-07-01,181,6885750,4139,2815,0.0006010964673419743,0.11233773489695865,0.9402503298199533,0.007341644256998679,0.2333897076588548,0.14028463549230322,233.38123431774025,0.020603907637655416,20.603159601508246,0.29161633244745105,0.08764159163520185,145.8028725784226,0.04404973357015986,22.024067160232956,0.409035999033583,0.04917366173865056,81.80660577842791,0.15772646536412077,31.54506401234409,0.4943223000724813,0.02971332307066717,49.431871063988034,0.2682060390763766,26.8204091546394,0.5904807924619473,0.017746795919108303,29.524039623097366,0.40532859680284195,20.266429840142095,0.8108238705001208,0.009747653127614091,16.216453859257967,0.7243339253996448,14.486657469387849,0.878231456873641,0.005279018262353411,8.78231456873641,0.8227353463587922,8.22735346358792,0.46576788753546333,0.8803340181069752,0.1608832807570978,16.034700315457414,0.4116719242902208,8.234144612604227,0.6182965299684543,6.1834955711510675
2019-07-02,182,6885750,3917,2382,0.0005688559706640526,0.1509087401836522,0.9493625712346575,0.006664428567920103,0.2780188920091907,0.15814696485623003,278.0087983811044,0.018891687657430732,18.89100178436736,0.36150114883839674,0.10281731048504211,180.74401217063536,0.05919395465994962,29.59590279550887,0.4689813632882308,0.05335618228818728,93.7955915728582,0.16666666666666666,33.333091289320045,0.5591013530763339,0.03180458334543553,55.9097293262274,0.28967254408060455,28.96704406754513,0.6443706918560123,0.01832770576916095,32.218534592800616,0.42317380352644834,21.158690176322416,0.8302272147051315,0.009445580444279207,16.60452017977931,0.7246011754827876,14.492002463288307,0.8968598417155986,0.00510183334882424,8.968585392306998,0.8324937027707808,8.324924937630566,0.5419275995285912,0.9106189107451621,0.1911504424778761,19.05132743362832,0.49911504424778763,9.983156999954462,0.6814159292035398,6.814743696777424
2019-07-03,183,6885750,3453,1856,0.0005014704280579457,0.17390906528028952,0.9690871009295257,0.006732150876745339,0.3310165073848827,0.16598896311356376,331.0044896493547,0.025323275862068964,25.32235648667461,0.42079351288734435,0.10550392099912867,210.38911787423987,0.06788793103448276,33.94273316298937,0.5401100492325515,0.054169450172819426,108.02122546408671,0.1853448275862069,37.068696347605915,0.6310454677092383,0.031644834296668506,63.104088548591136,0.3324353448275862,33.24329309080356,0.7515204170286707,0.018843263261082672,37.57602085143354,0.546875,27.343749999999996,0.8963220388068346,0.008989566874244818,17.926414742059446,0.8098060344827587,16.19609716847423,0.9386041123660585,0.004706801553346171,9.386000230510687,0.8863146551724138,8.863107936723868,0.57119734820173,0.9118024370576113,0.216,21.528000000000002,0.572,11.440981132075473,0.71,7.100608919382505
2019-07-04,184,6885750,2968,1443,0.00043103510873906254,0.1806092458861725,0.969291002473847,0.006248244217505637,0.363544474393531,0.15669474295672378,363.53127571235206,0.03187803187803188,31.876874528631717,0.4626010781671159,0.0996950334011037,231.29214159085237,0.08038808038808039,40.1925809274052,0.5882749326145552,0.05071306166313282,117.65413219235744,0.21621621621621623,43.24292924019898,0.6933962264150944,0.0298875947602312,69.33911914429312,0.3984753984753985,39.84725050178592,0.8025606469002695,0.017296590785317503,40.12803234501348,0.6077616077616078,30.388080388080386,0.9181266846361186,0.007914885212380332,18.362507025319363,0.8371448371448371,16.742872427647963,0.9477762803234502,0.004085236654724163,9.477735274685616,0.8967428967428968,8.967402921165535,0.5725617933132533,0.9110447578007899,0.2448512585812357,24.403508771929825,0.5949656750572082,11.900334025458157,0.7231121281464531,7.231741446239957
2019-07-05,185,6885750,2739,1367,0.0003977780198235486,0.1747463114856897,0.9684567951180905,0.005260484013426453,0.37677984665936476,0.14986930002904444,376.7661674607495,0.03584491587417703,35.84361450488157,0.46367287331142754,0.09221609061864652,231.8280197069534,0.06876371616678859,34.38060983121293,0.5662650602409639,0.04504923175230184,113.2521896817862,0.18361375274323335,36.72248389298902,0.6637458926615553,0.026402160968950594,66.37410729899655,0.34528163862472566,34.52791314241199,0.7758305951077036,0.015430417892023382,38.79152975538518,0.5581565471836137,27.907827359180683,0.9090909090909091,0.007232296123315006,18.181738967183755,0.8193123628383321,16.386175865084404,0.9452354874041621,0.003759917162736592,9.45229996470007,0.8910021945866862,8.909970186972409,0.5731442396651473,0.907312200292141,0.2482598607888631,24.74323279195669,0.6032482598607889,12.065999928364766,0.7146171693735499,7.146784572954515
2019-07-06,186,6885750,2850,1481,0.0004138982681625095,0.18863986683265208,0.9667102551632536,0.00616554939467316,0.3624561403508772,0.15001452221899506,362.4429811822615,0.02903443619176232,29.033382080660385,0.4431578947368421,0.09170781295381934,221.57090282342512,0.07427413909520594,37.13572126596096,0.5403508771929825,0.04472973365476778,108.06939070642711,0.17893315327481432,35.78637079677169,0.6645614035087719,0.027505482217284594,66.45469269391839,0.38690074274139097,38.6892314633023,0.8049122807017544,0.016657589950259594,40.24561403508772,0.6340310600945307,31.701553004726538,0.9070175438596492,0.007508248907891068,18.140324532459974,0.824442943956786,16.48883493281915,0.9407017543859649,0.0038935482699778527,9.407017543859649,0.888588791357191,8.885887913571912,0.5586413135351741,0.9068365854909874,0.25721153846153844,25.635416666666668,0.59375,11.876018439108062,0.7259615384615384,7.260237993138937
2019-07-07,187,6885750,2998,1764,0.0004353919326144574,0.1694675298028731,0.9601880052643292,0.007073201454727392,0.3182121414276184,0.13854196921289574,318.2005885616067,0.022675736961451247,22.674913706406176,0.390927284856571,0.08510020331106594,195.45654601373326,0.05952380952380952,29.760824239658106,0.5036691127418279,0.04385837520694763,100.7330910878051,0.19104308390022676,38.20833933503693,0.6250833889259506,0.027215428853582736,62.50788499951879,0.376984126984127,37.69813895815958,0.7608405603735824,0.01656319209962604,38.042028018679126,0.5992063492063492,29.960317460317462,0.8842561707805203,0.007699948880007436,17.68509773199173,0.8038548752834467,16.077074157342093,0.9312875250166778,0.0040547507533674615,9.312875250166778,0.8837868480725624,8.837868480725623,0.48406801981663583,0.8871473664420498,0.22453703703703703,22.378858024691358,0.5300925925925926,10.602761101581857,0.6550925925925926,6.5514877549075665
2019-07-08,188,6885750,3143,1942,0.0004564499146788658,0.15162727742215565,0.9555841736223811,0.008142251515873564,0.2911231307667833,0.13287830380482138,291.1125613821345,0.016992790937178166,16.99217400459985,0.3569837734648425,0.08146964856230032,178.48540648675132,0.04737384140061792,23.68606073368464,0.4972955774737512,0.045397775131429896,99.45839329024606,0.21730175077239958,43.46003457495282,0.6414253897550112,0.029277643846757094,64.14207321597443,0.43202883625128735,43.202569915148594,0.7636016544702513,0.01742729550157935,38.18008272351257,0.6210092687950567,31.050463439752836,0.8479160038180082,0.007740590027564052,16.95824619226827,0.7543769309989702,15.087472886517315,0.9191854915685651,0.004195615298819593,9.191841566607385,0.8692070030895983,8.69205740764157,0.48418995304779955,0.8834513681028202,0.22489082969432314,22.414119359534205,0.4737991266375546,9.476795224220453,0.6375545851528385,6.376092639337262
2019-07-09,189,6885750,2848,1617,0.0004136078132374832,0.16759990875630204,0.9542450931522012,0.009170870886267002,0.35428370786516855,0.14652918966018008,354.2708454011886,0.05009276437847866,50.090945733242734,0.4431179775280899,0.09163520185884404,221.55094494365707,0.11317254174397032,56.584216476440865,0.5933988764044944,0.04908652589386854,118.67891350902575,0.3110698824984539,62.21352474407416,0.7110252808988764,0.029408347613930116,71.10201179165004,0.5003092145949288,50.030558168942335,0.797752808988764,0.016497839741495116,39.8876404494382,0.6487322201607916,32.43661100803958,0.8693820224719101,0.007191653499395855,17.38761519784586,0.7724180581323439,15.448338727416543,0.913623595505618,0.0037787911353800575,9.136169613919675,0.849721706864564,8.49715536763001,0.48345551394369735,0.8894202845767674,0.22103004291845493,22.029327610872674,0.4678111587982833,9.357025596478184,0.6502145922746781,6.5027035681947005
2019-07-10,190,6885750,3332,2017,0.0004838979050938532,0.16838522127188005,0.9610306241115223,0.01085524579037044,0.32863145258103243,0.15901829799593378,328.61952143622483,0.05800694100148736,58.00483502773622,0.4102641056422569,0.09925936683125182,205.12460538964353,0.11105602379771938,55.52599592398681,0.5465186074429772,0.052891457782683206,109.30292779925297,0.2811105602379772,56.22170380082638,0.6743697478991597,0.03263237387086468,67.43648510843532,0.4739712444224095,47.396780276534415,0.7797118847539015,0.018865047380459646,38.98559423769508,0.6395637084779375,31.978185423896875,0.879951980792317,0.008516101298618312,17.59896294026442,0.8021814576103123,16.043559253244247,0.9243697478991597,0.004472960373637417,9.243603509235848,0.8755577590480912,8.755488582863617,0.4680859124221222,0.8783861626797737,0.1988071570576541,19.814446653412855,0.4592445328031809,9.185678382534979,0.6461232604373758,6.461786740960752
2019-07-11,191,6885750,3517,2233,0.0005107649856587881,0.14563496856930602,0.9602864998918984,0.009915171094528564,0.2877452374182542,0.14696485623003194,287.7347906698727,0.043439319301388266,43.43774221311853,0.36451521182826274,0.09308742375835027,182.25098895196484,0.08687863860277653,43.43774221311853,0.4870628376457208,0.049754567370530654,97.41186018528047,0.22212270488132557,44.424218395439524,0.6144441285186238,0.03138342676232246,61.44396668429396,0.4043887147335423,40.43857783375191,0.7398350867216378,0.018894092872962277,36.99175433608188,0.5942678011643528,29.713390058217644,0.8717657094114302,0.0089053350683149,17.435288867401,0.7989252127183162,15.978481049223745,0.923514358828547,0.0047169605811388385,9.235089940738343,0.8799820868786385,8.799769750057125,0.47585780075277395,0.9001164935528512,0.18235294117647058,18.174509803921566,0.4764705882352941,9.530229038442133,0.6705882352941176,6.706457471496317
2019-07-12,192,6885750,4709,3260,0.0006838761209744762,0.12581589561634957,0.957922338427911,0.0128755668894245,0.24718623911658527,0.16903862910252687,247.17726488484274,0.03588957055214724,35.888267561639246,0.31960076449352304,0.10927969793784491,159.79458060639533,0.07975460122699386,39.875852846265836,0.4355489488214058,0.059571872549304364,87.10915723218784,0.20613496932515338,41.226694502619154,0.5461881503503928,0.0373522321298905,54.61841843032354,0.35552147239263804,35.551889083731844,0.6980250583988108,0.02386813346403805,34.90125291994054,0.5677914110429448,28.38957055214724,0.8496496071352729,0.01162105091943106,16.992918107554136,0.7834355828220859,15.668643390922098,0.9139944786578892,0.006250562753965418,9.139904965622717,0.8763803680981596,8.763765498798831,0.4929198099389492,0.9055678130375903,0.1840607210626186,18.344718532574323,0.4857685009487666,9.716203241103889,0.6869070208728653,6.869659322811735
2019-07-13,193,6885750,5740,3556,0.0008336056348255455,0.17728676218699443,0.9656312224183572,0.015100450299045673,0.2890243902439024,0.24092361312808597,289.0138970551773,0.03290213723284589,32.90094270274014,0.3764808362369338,0.15691257624164973,188.2335839470278,0.08295838020247469,41.47768417653137,0.49581881533101047,0.08266287141653839,99.16304300634656,0.21034870641169853,42.06943580046917,0.6186411149825783,0.05156989747015597,61.863662283123084,0.3942632170978628,39.42603542263221,0.7440766550522648,0.031013324619685582,37.20383275261324,0.5922384701912261,29.611923509561304,0.8853658536585366,0.014760897852960312,17.707291357320813,0.8163667041619798,16.327310371501046,0.9294425087108014,0.007747885125077152,9.294425087108014,0.8869516310461192,8.869516310461192,0.5439685888522001,0.9010762867588415,0.18761061946902655,18.69852507374631,0.4920353982300885,9.84155193612532,0.6814159292035398,6.814743696777424
2019-07-14,194,6885750,6393,3829,0.0009284391678466398,0.20069098572666463,0.9614158258481728,0.01811068360430802,0.2953230095416862,0.274179494626779,295.3122876781391,0.041525202402716115,41.52369480750834,0.3979352416705772,0.1847226256171943,198.96039720688185,0.09219117262992949,46.093912789466806,0.5319881119974973,0.0987830027012112,106.39684981227359,0.24732306085139724,49.46425299188209,0.6468011888002503,0.06005111969560545,64.67964921695842,0.4243927918516584,42.438971019962196,0.7752229000469263,0.03598736521076135,38.76114500234632,0.632018803865239,31.60094019326195,0.879555764117003,0.016332209277670793,17.591038641282914,0.8009924262209455,16.019778729064463,0.9217894572188331,0.008558154935570585,9.217787478117497,0.8709845912770958,8.709744721240957,0.538883430461878,0.8948368455675528,0.1703125,16.97447916666667,0.4671875,9.34455135077187,0.640625,6.40679942109777
2019-07-15,195,6885750,6211,3325,0.0009020077696692445,0.2419416805926282,0.9497057208925361,0.013529834411451535,0.33746578650780873,0.30438571013650884,337.45353462767116,0.04150375939849624,41.50225258178848,0.43455160199645787,0.1959773453383677,217.26791268131788,0.07789473684210527,38.945954415518905,0.5667364353566253,0.10223939121089778,113.34646402035733,0.22526315789473683,45.05230443735467,0.683464820479794,0.06164861018327573,68.34598576227513,0.42105263157894735,42.10495741808848,0.7687972951215585,0.034673056675017244,38.439864756077924,0.5732330827067669,28.661654135338345,0.8496216390275318,0.015327284134213217,16.99240810290753,0.7203007518796992,14.40599411613428,0.8969570117533409,0.008090598437066589,8.96954406505092,0.8084210526315789,8.084187045396368,0.5393237652573708,0.8967117839068374,0.15083798882681565,15.033519553072628,0.4483240223463687,8.967249441819908,0.6089385474860335,6.089907720612897
2019-07-16,196,6885750,5280,2652,0.0007668010020694914,0.22634021416389896,0.9491672555094568,0.008151892135851695,0.3393939393939394,0.26023816439151903,339.3816175111557,0.0392156862745098,39.21426252754951,0.43143939393939396,0.16540807435376126,215.71186514799462,0.07164404223227752,35.82072057805003,0.5602272727272727,0.08591594295506695,112.04464094750989,0.18627450980392157,37.25463144100476,0.6397727272727273,0.04905748061227454,63.97680816779723,0.3137254901960784,31.372321213477694,0.7255681818181818,0.027818320444396034,36.278409090909086,0.4683257918552036,23.41628959276018,0.8386363636363636,0.012861325401989032,16.772702914156433,0.6828808446455505,13.657597058329362,0.8895833333333333,0.0068213339142431835,8.895833333333332,0.7828054298642534,7.8280542986425345,0.5370243062252449,0.9035415457962314,0.1393103448275862,13.884597701149426,0.44413793103448274,8.883520435322648,0.6537931034482759,6.5384917489797125
2019-07-17,197,6885750,4409,2263,0.0006403078822205279,0.21349284198640872,0.950377214144531,0.00610047887010519,0.34792469947833976,0.2227708393842579,347.9120678816407,0.03623508616880247,36.23377063416085,0.42934905874347923,0.13745280278826605,214.66673549541915,0.07379584622182943,36.89658351161501,0.5289181220231345,0.06773359667721979,105.78285627583719,0.16173221387538667,32.346207897192585,0.5883420276706737,0.03767173022742455,58.83377555307068,0.24348210340256296,24.348033540099884,0.6890451349512361,0.022060051555749194,34.45225674756181,0.41935483870967744,20.96774193548387,0.8337491494669993,0.010677107537875267,16.674958772720487,0.687582854617764,13.751637121201634,0.8961215695168973,0.005737912044822809,8.96117665290058,0.8038002651347769,8.037967631338482,0.4971681551090624,0.8960326896072518,0.14057971014492754,14.011111111111113,0.4449275362318841,8.899313893653517,0.636231884057971,6.36286449399657
2019-07-18,198,6885750,3948,1873,0.0005733580220019605,0.21954530884603624,0.9630909708572779,0.006268118414619783,0.3725937183383992,0.21362184141736856,372.5801911194645,0.05445808862786973,54.456111497146956,0.45466058763931105,0.13033691548068546,227.3220404688779,0.09076348104644955,45.38009291428913,0.5536980749746707,0.06349298556449505,110.73881087910887,0.1553657234383342,31.072919055607475,0.6276595744680851,0.03598710389497226,62.765501683081375,0.2669514148424987,26.694947642274464,0.745694022289767,0.021377482481937334,37.28470111448835,0.49172450613988256,24.586225306994123,0.8728470111448835,0.010009033108812654,17.45686416641508,0.7415910304324613,14.831755989300616,0.925531914893617,0.005306572947224723,9.25525194309844,0.8489054991991457,8.48899335024328,0.5192483062522977,0.9130697908898507,0.15705128205128205,15.652777777777779,0.4855769230769231,9.712371355060034,0.6826923076923077,6.827508576329331
2019-07-19,199,6885750,3736,2084,0.0005425697999491704,0.18343820660068422,0.9593470809207725,0.007490768396198982,0.3423447537473233,0.1857391809468487,342.332324733609,0.04894433781190019,48.94256086091951,0.41220556745182013,0.11182108626198083,206.09530105150816,0.0873320537428023,43.66444155238897,0.5072269807280514,0.05504080862063958,101.44465951808591,0.16938579654510558,33.87691331611318,0.5939507494646681,0.03222573992854861,59.39464365979753,0.2989443378119002,29.894216708128205,0.7342077087794433,0.019917946483680064,36.71038543897216,0.5359884836852208,26.79942418426104,0.8849036402569593,0.009602425876010783,17.698047102714465,0.7989443378119002,15.97886355053993,0.9188972162740899,0.0049856515475415935,9.188958817849178,0.8579654510556622,8.579642050560178,0.5292599904297272,0.906057092487117,0.17333333333333334,17.275555555555556,0.49166666666666664,9.83417667238422,0.6733333333333333,6.733910806174958
2019-07-20,200,6885750,4648,3002,0.0006750172457611734,0.16676369393807897,0.9579122938839394,0.012565263727183728,0.2992685025817556,0.2020040662213186,299.25763747492357,0.06395736175882745,63.955039751792924,0.3728485370051635,0.1258350275922161,186.4175002674488,0.1105929380413058,55.29446145207096,0.4582616179001721,0.06186644979523077,91.65165806314765,0.19420386409060628,38.84049078282529,0.5473321858864028,0.03694559818757443,54.732821153203666,0.3144570286475683,31.44547452743317,0.6968588640275387,0.023519587554006464,34.84294320137694,0.536309127248501,26.81545636242505,0.8644578313253012,0.01167042804155811,17.289081301023828,0.7931379080612925,15.862689050283466,0.9008175559380379,0.006080612040396061,9.008083983897842,0.8484343770819454,8.484257520516083,0.5099584064617759,0.8972032930046139,0.15944272445820434,15.89112487100103,0.43653250773993807,8.731398924108777,0.6253869969040248,6.254406321524727
2019-07-21,201,6885750,5495,3653,0.000798024906509821,0.16532854560631532,0.9576921778064137,0.014935779588339585,0.2718835304822566,0.21696195178623293,271.87365960182956,0.05639200656994251,56.38995922727006,0.34686078252957236,0.1383967470229451,173.4240947794803,0.09800164248562825,48.99904224117156,0.4467697907188353,0.0713061663132824,89.3533093160481,0.19572953736654805,39.14562322233315,0.5415832575068243,0.04321937901187952,54.15793248972692,0.3241171639748152,32.41148104562409,0.694631483166515,0.02771666122063682,34.73157415832575,0.5474952094169176,27.374760470845878,0.8707916287534122,0.013898167242731418,17.415706113127907,0.8083766767040789,16.167416136440533,0.9146496815286624,0.007299100465016309,9.14645696578454,0.8743498494388174,8.743460400671147,0.49743206723666666,0.8972122188786389,0.14449213161659513,14.401049117787316,0.4206008583690987,8.412738609677634,0.6051502145922747,6.0520211426762565
2019-07-22,202,6885750,5777,3836,0.0008389790509385325,0.17024757180182262,0.9401533590420915,0.017598268754261816,0.2717673532975593,0.2279988382224804,271.75748663500855,0.06178310740354536,61.780864334005585,0.350874156136403,0.1471826895149579,175.4307087290326,0.1107924921793535,55.3942348986337,0.47221741388263805,0.07923552818844579,94.44279699213962,0.23279457768508863,46.5585774578146,0.5892331660031158,0.0494350692729966,58.92288873923081,0.39520333680917624,39.520046711112506,0.7375800588540765,0.030940710888429,36.87900294270382,0.6105318039624609,30.526590198123042,0.8232646702440714,0.013814016172506738,16.465269492788345,0.7369655891553701,14.739290377609993,0.8694824303271594,0.007294743660122746,8.694786421618522,0.8063086548488009,8.063051419193076,0.5107382797294873,0.9088346210884506,0.1471861471861472,14.669552669552669,0.4199134199134199,8.398988661424339,0.6233766233766234,6.234300862088169
2019-07-23,203,6885750,5266,3235,0.0007647678175943071,0.18496191624535588,0.9280831012866684,0.011827867314895124,0.2903532092669958,0.2220447284345048,290.3426678347686,0.05347758887171561,53.4756473385733,0.3647930117736422,0.1394859134475748,182.38988388181508,0.08964451313755796,44.82062927221462,0.48252943410558297,0.07380406053036684,96.50518606095204,0.20030911901081916,40.061532900425455,0.5848841625522218,0.04472973365476778,58.48799155209215,0.3425038639876352,34.250137695734104,0.7164830991264717,0.02739716080310787,35.82415495632358,0.5459041731066461,27.2952086553323,0.8142802886441322,0.012454689097499768,16.285582121744973,0.6986089644513137,13.972158997614304,0.8617546524876567,0.006590412677758156,8.617534009850592,0.7758887171561051,7.758875903542457,0.5572931004094074,0.9299165737469269,0.16336633663366337,16.282178217821784,0.5099009900990099,10.198894417743661,0.7343234323432343,7.343864103391471
2019-07-24,204,6885750,4693,2761,0.0006815524815742657,0.15995860772741252,0.923286688253523,0.007704824830729796,0.27764756019603665,0.18922451350566366,277.63748004935513,0.034045635639261135,34.04439959381969,0.3620285531642872,0.12336625036305547,181.00770475972922,0.0746106483158276,37.303969767696046,0.46494779458768376,0.06337680443811902,92.98888369055574,0.1466859833393698,29.33698364108936,0.55785212017899,0.038020273606552614,55.78480694360103,0.2723650851140891,27.236310738394074,0.6797357766886852,0.023163780270849216,33.986788834434265,0.4643245201014125,23.216226005070627,0.8114212657148945,0.011060475356459253,16.228354610215064,0.6841724013038754,13.683388409964186,0.8642659279778393,0.005890417325030207,8.642646728281855,0.7725461789206809,7.725450569730979,0.5564197145692196,0.9271290176731074,0.1866913123844732,18.60690080098583,0.5415896487985212,10.832721946208501,0.7504621072088724,7.5052646931069145
2019-07-25,205,6885750,4141,2376,0.0006013869222670007,0.16509094018207723,0.9585690743350053,0.007449443622357309,0.2924414392658778,0.1758640720302062,292.4308220193172,0.03409090909090909,34.08967140179019,0.3651291958464139,0.10978797560267209,182.55796981552749,0.06818181818181818,34.08967140179019,0.46727843516058926,0.05620261988439978,93.45500842043124,0.1447811447811448,28.956018695772972,0.5754648635595266,0.03460745301925702,57.54606849247743,0.29124579124579125,29.12436764167863,0.7022458343395315,0.021116073049413642,35.11229171697657,0.4941077441077441,24.705387205387204,0.8630765515575948,0.010380813793063385,17.261455826029028,0.7643097643097643,15.28612868722486,0.9203091040811399,0.005534586445418753,9.203037579459593,0.8623737373737373,8.62368727788854,0.512095381983405,0.9140317955248379,0.18504672897196262,18.44299065420561,0.5046728971962616,10.094323592119396,0.702803738317757,7.028640130809061
2019-07-26,206,6885750,3598,1882,0.0005225284101223541,0.16853060537591547,0.9484977126486099,0.0065810335039679585,0.3349082823790995,0.17499273889050246,334.89612335054954,0.038788522848034,38.78711460947578,0.41939966648137855,0.10957014231774616,209.6922199734354,0.0696068012752391,34.80213708110497,0.5500277932184547,0.057480612274536,110.00475985808401,0.2013815090329437,40.27600934745685,0.6495275152862702,0.0339394115425949,64.95227988588739,0.35441020191285866,35.44076284268301,0.7537520844913841,0.019692843916784664,37.687604224569206,0.5377258235919234,26.886291179596174,0.8415786548082268,0.008794962357096384,16.831548652133527,0.7008501594048884,14.016982831589281,0.8913285158421346,0.0046574379589181154,8.913272213902284,0.7943676939426142,7.943665403042448,0.48867750475333394,0.8960410083221293,0.16808149405772496,16.75212224108659,0.44482173174872663,8.89719762250755,0.6536502546689303,6.53706313867444
2019-07-27,207,6885750,3585,2080,0.0005206404531096831,0.1856848708564456,0.9358513056540045,0.0054021299283146,0.3291492329149233,0.17136218414173685,329.1372829718171,0.041826923076923074,41.82540452758105,0.39944211994421197,0.10397908800464711,199.71380898967888,0.07307692307692308,36.53713498961103,0.47642956764295674,0.04960934096256063,95.28522162704375,0.1389423076923077,27.788259757538928,0.5534170153417015,0.028812919341253015,55.341299680343916,0.2528846153846154,25.288277910839923,0.6582984658298466,0.017136840576553024,32.91492329149232,0.4235576923076923,21.177884615384617,0.803068340306834,0.008362185147318525,16.061343480655097,0.6663461538461538,13.326903722598969,0.8613668061366806,0.0044846110166328525,8.613643042616363,0.7644230769230769,7.6442085662505095,0.48684396382826084,0.9106235423989422,0.1593959731543624,15.886465324384787,0.46140939597315433,9.228979359250348,0.6879194630872483,6.879784613259351
2019-07-28,208,6885750,3660,2393,0.0005315325127981702,0.1628737675572108,0.9452469146036436,0.00851220010625632,0.2983606557377049,0.1585826314260819,298.34982359074957,0.05516088591725867,55.15888327109554,0.3510928961748634,0.09330525704327622,175.54007477752435,0.08483075637275386,42.41383827284998,0.442896174863388,0.04708240146388219,88.5785917704718,0.1763476807354785,35.26928004369343,0.5428961748633879,0.02885648726364402,54.28922327203191,0.31759297952361054,31.759067337922986,0.6663934426229509,0.01771048905348001,33.319672131147534,0.49770162975344756,24.885081487672377,0.8297814207650274,0.008821052020099335,16.595507909125406,0.7425825323861261,14.851542805128723,0.8931693989071038,0.004747485749555241,8.931693989071038,0.8374425407438362,8.374425407438363,0.4573049892701405,0.9100937900672776,0.15476190476190477,15.424603174603176,0.44047619047619047,8.810279343298212,0.6887755102040817,6.888345818601883
2019-07-29,209,6885750,3882,2540,0.000563773009476092,0.19374233825353918,0.9436359004346118,0.009877586594296479,0.31427099433281813,0.17717107173976185,314.2595845523094,0.05826771653543307,58.265601094083394,0.374806800618238,0.1056491431890793,187.39659652606974,0.09960629921259842,49.801341475686144,0.4611025244719217,0.051991054053269044,92.21983525175098,0.19645669291338583,39.29105327567883,0.56543019062339,0.03187719654942055,56.54260848536129,0.34566929133858265,34.566678132310635,0.6870170015455951,0.01936608212613005,34.35085007727975,0.5275590551181102,26.377952755905515,0.8320453374549202,0.009381625954863632,16.640785914142775,0.7464566929133858,14.929025453043499,0.8907779495105616,0.005021965653705116,8.907779495105617,0.8350393700787402,8.350393700787402,0.453539492081009,0.8958533688333491,0.1660839160839161,16.553030303030305,0.45104895104895104,9.021752689848745,0.6555944055944056,6.556506315297053
2019-07-30,210,6885750,3657,1903,0.0005310968304106307,0.25898482586161814,0.9528598062692757,0.008892919574908592,0.4156412359857807,0.22073772872494918,415.6261459031498,0.06673673147661587,66.73430856304206,0.49548810500410173,0.13157130409526577,247.73505801858798,0.11560693641618497,57.8013696215325,0.5980311730926989,0.06352203084608905,119.60536611934856,0.24855491329479767,49.71062169158712,0.6907301066447908,0.036684190653228387,69.07250910321777,0.4146085128744088,41.460550226915686,0.7697566311184031,0.020440765348727446,38.48783155592015,0.5627955859169732,28.13977929584866,0.8690183210281651,0.009230617301162687,17.38029069769783,0.7509196006305833,15.01832658040785,0.910035548263604,0.004833155914298619,9.10032905028212,0.8286915396741986,8.286891327057994,0.46866846170123594,0.8848117214921867,0.18592057761732853,18.53008423586041,0.4729241877256318,9.459294945229146,0.6335740072202166,6.336283446136317
2019-07-31,211,6885750,3392,1474,0.0004926115528446429,0.2962837621355523,0.956207986590257,0.009252275823914299,0.466686320754717,0.22988672669183852,466.669377452337,0.09701492537313433,97.01140319315418,0.5716391509433962,0.1407929131571304,285.80919863552793,0.17639077340569878,88.19218472104926,0.6898584905660378,0.06796595892997183,137.97069625650164,0.3331071913161465,66.62095450362067,0.754127358490566,0.03714891515873246,75.41218825301948,0.4633649932157395,46.33616285740623,0.8048349056603774,0.019823548633046507,40.241745283018865,0.5664857530529173,28.324287652645857,0.8667452830188679,0.008539362394274561,17.334880485370302,0.6994572591587517,13.98912486712396,0.9003537735849056,0.004435233822796869,9.003511584706233,0.776797829036635,7.767955727956364,0.5064123916881627,0.892683820620868,0.17656765676567657,17.5979097909791,0.4504950495049505,9.010673708880322,0.6353135313531353,6.353680179338689
2019-08-01,212,6885750,2963,1285,0.00043030897142649677,0.28024392802939463,0.9589965718390351,0.007404254792035879,0.4832939588255147,0.20795817600929423,483.27641257374205,0.10583657587548638,105.83273342065502,0.5757678029024638,0.12387452802788267,287.87344966857677,0.1642023346303502,82.09818658734635,0.6726290921363483,0.057887246216852074,134.52484159220018,0.29494163424124514,58.98789851510801,0.7242659466756666,0.03116558715036742,72.4260687548574,0.3961089494163424,39.6106073142348,0.7937900776240298,0.017078749591547763,39.68950388120149,0.5416342412451361,27.081712062256813,0.870739115761053,0.007493682651253304,17.414655860906997,0.7120622568093385,14.241141725942963,0.9082011474856564,0.003908065340645041,9.081998285300909,0.7953307392996108,7.953295842626371,0.4616438540952767,0.8936038753082101,0.16873889875666073,16.81764357608052,0.4404973357015986,8.810702284076056,0.6518650088809946,6.519209149709502
2019-08-02,213,6885750,2476,1138,0.0003595831971825872,0.2727281931096122,0.9549578935638305,0.0057503946643396794,0.4927302100161551,0.17717107173976185,492.7123211761168,0.09226713532513181,92.26378551626871,0.5666397415185783,0.10187336625036306,283.30958467626715,0.14586994727592267,72.93232569381242,0.6510500807754442,0.04682099392953615,130.20907065844247,0.273286467486819,54.6568966132436,0.7124394184168013,0.025617938365912456,71.24342451659196,0.3927943760984183,39.279152389260275,0.7774636510500808,0.01397814326689177,38.87318255250404,0.5281195079086116,26.40597539543058,0.8578352180936996,0.00616925364810856,17.15667944566378,0.6985940246045694,13.971860201113355,0.898626817447496,0.003231296962726082,8.986229023057803,0.7855887521968365,7.855853295399167,0.34554585359674994,0.882574737931015,0.14341846758349705,14.29404060248854,0.38703339882121807,7.7413318416024435,0.6031434184675835,6.0319514603348985
2019-08-03,214,6885750,2434,1103,0.00035348364375703447,0.30227320020455267,0.9592416052610515,0.009048514282798728,0.5283483976992605,0.18675573627650305,528.3292157214178,0.1414324569356301,141.42732215284852,0.6146261298274446,0.10862619808306709,307.30190774465046,0.22393472348141433,111.96329670433842,0.6910435497124076,0.0488541636411165,138.20770636475675,0.34270172257479603,68.53984682155746,0.7284305669679539,0.02574864213308548,72.84252776002191,0.4125113327289211,41.250833735196615,0.7945768282662284,0.014043495625022691,39.728841413311414,0.5539437896645513,27.69718948322756,0.8734593262119967,0.0061750627381726925,17.469161154220465,0.7243880326382592,14.487739612588571,0.918241577649959,0.003245829073333953,9.182402441129526,0.8232094288304623,8.232082333060339,0.36293971700024563,0.8867294602754632,0.15778251599147122,15.725657427149963,0.43283582089552236,8.657458846419702,0.6567164179104478,6.567727400732188
2019-08-04,215,6885750,2271,1046,0.0003298115673673892,0.29082674159280225,0.9423113488905797,0.009105192840120846,0.5468956406869221,0.18036595991867557,546.8757853412683,0.16539196940726578,165.3859647612664,0.6274768824306473,0.10347081033981992,313.7270507694474,0.24952198852772467,124.7564647476605,0.6900044033465433,0.04551395625780592,137.99987860069885,0.34608030592734224,69.21555858547147,0.7287538529282255,0.024034970519039182,72.87485612130077,0.4225621414913958,42.25590731322981,0.7912813738441216,0.013048687506807537,39.56406869220607,0.5525812619502868,27.62906309751434,0.8599735799207398,0.005672576447625244,17.1994466200949,0.6998087954110899,13.996155581960195,0.8969616908850726,0.0029582834113930944,8.969616908850726,0.7782026768642447,7.782026768642448,0.3492943751513183,0.871065134059956,0.171875,17.130208333333332,0.40625,8.125696826758148,0.625,6.25053602058319
2019-08-05,216,6885750,2311,1198,0.0003356206658679156,0.21625107718298162,0.9359099788990289,0.012034520388189278,0.4889658156642146,0.16410107464420565,488.94806349257425,0.18030050083472454,180.29395492632946,0.5742102985720468,0.09635492303223933,287.094725776392,0.2595993322203673,129.7949536622418,0.6624837732583297,0.04446832612042174,132.49579255027865,0.3764607679465776,75.29160686886483,0.7174383383816529,0.02407853844143019,71.74331288320118,0.4691151919866444,46.91117855909316,0.7754218952834271,0.013012380641179247,38.77109476417136,0.5751252086811353,28.756260434056763,0.8403288619645175,0.0056406264522725165,16.80655283156014,0.6969949916527546,13.93987958852169,0.8840328861964517,0.002966988441379831,8.84030318486853,0.7804674457429048,7.8046517884335485,0.3629815293310909,0.8742029765335417,0.16883116883116883,16.826839826839826,0.43506493506493504,8.702044953331404,0.6385281385281385,6.385829008041702
2019-08-06,217,6885750,2218,1162,0.00032211451185419165,0.18688328251322114,0.9404992900733918,0.009789863929737318,0.49188458070333635,0.15843740923613128,491.86672256433314,0.1540447504302926,154.03915775129065,0.5766456266907124,0.09286959047342434,288.3123456277645,0.2487091222030981,124.35004634112568,0.6393146979260595,0.04118620930029917,127.86201113144048,0.3407917383820998,68.15785275681965,0.6920649233543733,0.022291929885708477,69.20498476578771,0.4294320137693632,42.94226591748925,0.7533814247069431,0.012133754492974621,37.669071235347154,0.5387263339070568,26.936316695352836,0.8232642019837692,0.005303699228552839,16.4652601275959,0.6678141135972461,13.356262874983262,0.8751127141568981,0.0028188609536202247,8.751114432547547,0.76592082616179,7.6591971383602475,0.36437376330380467,0.8854766434894639,0.1794871794871795,17.888888888888886,0.4428904428904429,8.858568532668018,0.6783216783216783,6.7837985342273495
2019-08-07,218,6885750,2719,1522,0.00039487347057328543,0.19425726063082752,0.9539759543341262,0.007743820222319097,0.429201912467819,0.16947429567237873,429.1863300574041,0.10512483574244415,105.12101912772796,0.5053328429569695,0.099767644496079,252.6572482857212,0.16754270696452037,83.76831211740823,0.5722692166237587,0.045194458160271865,114.45301223872453,0.25492772667542707,50.98517511270504,0.6289076866495035,0.024833715762874322,62.890311994928965,0.34888304862023656,34.88805152686389,0.6921662375873483,0.013665904222488473,34.60831187936741,0.45663600525624176,22.831800262812088,0.7826406767193821,0.006180853875668407,15.652745338133037,0.614323258869908,12.28641164766655,0.8870908422214049,0.0035028711344248582,8.870869773396825,0.8002628120893561,8.002593255004204,0.4016982612370002,0.9055680601656958,0.1930232558139535,19.23798449612403,0.4441860465116279,8.884482827396385,0.7046511627906977,7.041077300173372
2019-08-08,219,6885750,3166,1780,0.0004597901463166685,0.19455003454747938,0.9636234714197739,0.007848933263542024,0.3910296904611497,0.17978507115887307,391.0154939141536,0.08651685393258426,86.51371289083534,0.4756790903348073,0.10935230903282021,237.83091027250214,0.1449438202247191,72.46927897998545,0.5508528111181301,0.050654971099944816,110.16976223987524,0.22977528089887642,45.95472248538842,0.6143398610233733,0.028246536350169917,61.43354001048089,0.3297752808988764,32.97728862949023,0.687934301958307,0.01581527066768326,34.39671509791535,0.4533707865168539,22.668539325842698,0.7931143398610234,0.007293312575518171,15.86226376085731,0.6348314606741573,12.696610774517493,0.908717624763108,0.004178163757297627,9.087110262732828,0.8393258426966292,8.393197480827666,0.5001821805955436,0.9266239635148473,0.21428571428571427,21.357142857142858,0.5738916256157636,11.478816889031593,0.7660098522167488,7.660755477443831
2019-08-09,220,6885750,3797,2191,0.0005514286751624732,0.19941928491263958,0.9568833160641477,0.009298468881173028,0.37503292072688965,0.20679639848968923,375.0193049513768,0.08124144226380649,81.2384927487664,0.4519357387411114,0.12460063897763578,225.95966548334357,0.12186216339570972,60.92886956157481,0.5325256781669739,0.058729559383078216,106.50436226548086,0.21542674577818346,43.085036299112,0.6183829338951804,0.034099160591361935,61.837844361856845,0.35189411227749884,35.18915570616033,0.6984461416908085,0.01925716152924518,34.92230708454043,0.4837973528069375,24.189867640346876,0.8027390044772189,0.00885300182985274,16.054663510642218,0.6631675034230945,13.263253759027483,0.8949170397682381,0.004934829176197219,8.949170397682382,0.8224554997717937,8.224554997717938,0.479556071264776,0.9129597958707365,0.1956043956043956,19.495238095238097,0.5384615384615384,10.77015437392796,0.7186813186813187,7.187429551580496
2019-08-10,221,6885750,4018,2102,0.0005835239443778818,0.2446318171345464,0.9642932942293777,0.01630537358476457,0.41986062717770034,0.24498983444670347,419.8453839077622,0.09847764034253093,98.474065057883,0.5435540069686411,0.1585826314260819,271.7671364714145,0.21170313986679354,105.8477269341979,0.6622697859631658,0.07728949432164745,132.45299540201194,0.37630827783063747,75.26110906713271,0.7364360378297661,0.04297249411833048,73.64306903317424,0.505708848715509,50.570517660153016,0.8185664509706322,0.023882656210289364,40.928322548531604,0.6579448144624167,32.89724072312083,0.890741662518666,0.010395366669764847,17.81480737838061,0.7925784966698383,15.851546912597415,0.9263315082130413,0.005405358304675156,9.263301629272512,0.8601332064700286,8.601319573222126,0.4760848936142893,0.8791197415048426,0.1821561338289963,18.154894671623296,0.45724907063197023,9.145765716362616,0.6338289962825279,6.338833555446447
2019-08-11,222,6885750,3908,1988,0.0005675489235014341,0.2519344008258759,0.957432995343312,0.015475854370734926,0.4296315250767656,0.24382805692709847,429.61592706902974,0.09708249496981891,97.07897033668756,0.5468270214943706,0.15516990996224223,273.40358431998703,0.20020120724346077,100.09696941451205,0.6885875127942682,0.0781608527694676,137.71650254794307,0.4074446680080483,81.48834188435384,0.7658648925281474,0.043466263905428563,76.58593313377807,0.5472837022132797,54.727972821096905,0.8052712384851587,0.02285154122644592,40.26356192425793,0.6197183098591549,30.985915492957744,0.8702661207778914,0.009878271578403153,17.405145476199976,0.7459758551307847,14.919365433504801,0.9119754350051177,0.005175869180051701,9.119688128592886,0.8274647887323944,8.27458780245445,0.46139986349351747,0.8769978425743504,0.17447495961227788,17.389337641357027,0.40387722132471726,8.078237183306223,0.5783521809369951,5.784017823247256
2019-08-12,223,6885750,3319,1484,0.0004820099480811822,0.27184970659116653,0.9557642373440268,0.01226541007921348,0.4974389876468816,0.23976183560848097,497.4209278520933,0.13948787061994608,139.48280643643537,0.6131364868936426,0.1477635782747604,306.55711331890063,0.24191374663072776,120.95248190985578,0.7086471828864116,0.06831450230909988,141.72840743443342,0.37870619946091644,75.74068991077306,0.7658933413678819,0.03691655290598042,76.5887779970939,0.49528301886792453,49.52794224592366,0.8035552877372703,0.01936608212613005,40.17776438686351,0.5680592991913747,28.402964959568735,0.8526664658029527,0.00821983856585601,17.053255018030434,0.6725067385444744,13.450076171276498,0.8996685748719494,0.004336492030642994,8.996685748719493,0.7769541778975741,7.769541778975742,0.4476842524814614,0.8944765054023884,0.16805324459234608,16.74930671103716,0.41430948419301167,8.286900334776515,0.6189683860232945,6.19021470790535
2019-08-13,224,6885750,2728,1241,0.00039618051773590384,0.2603940973475121,0.9534079266424332,0.00904275221184075,0.5029325513196481,0.19924484461225675,502.9142920780231,0.13537469782433523,135.36978297181474,0.5993401759530792,0.1187191402846355,299.65920828992995,0.2199838839645447,109.98794866459946,0.6818181818181818,0.0540242237648494,136.36264618358203,0.33279613215149073,66.55874312242956,0.7478005865102639,0.029626187225885156,74.77951564906111,0.46253021756647866,46.252685898637495,0.7877565982404692,0.015604690847039176,39.38782991202346,0.5447219983883964,27.23609991941982,0.8475073313782991,0.006715288609278833,16.95007277908421,0.6688154713940371,13.37625114991037,0.8911290322580645,0.003530464232084092,8.91125149782736,0.7639000805801772,7.63896752416568,0.439127658891102,0.9073352422050814,0.16574585635359115,16.519337016574585,0.4567219152854512,9.135221705220662,0.6721915285451197,6.722491779043432
2019-08-14,225,6885750,2073,999,0.00030105652978978324,0.19604443847167224,0.938807969534803,0.004785233574815308,0.477086348287506,0.14362474586116758,477.06902740643255,0.1011011011011011,101.09743057027403,0.5537867824409068,0.08335753703165844,276.88333845428946,0.16216216216216217,81.07813738804154,0.6304872165943077,0.03796218304336461,126.0965276849242,0.25625625625625625,51.250879099495094,0.6801736613603473,0.020476923523773564,68.01687224014657,0.34734734734734735,34.73448251469687,0.7298601061263869,0.010986457539120647,36.49300530631935,0.44544544544544545,22.27227227227227,0.8041485769416304,0.004841876568454318,16.08294818197507,0.5955955955955956,11.911894612569629,0.8596237337192475,0.0025879533819845335,8.596237337192475,0.7107107107107107,7.107107107107107,0.4008007194586081,0.8950450700198656,0.1729957805907173,17.24191279887482,0.4641350210970464,9.283496536899928,0.6729957805907173,6.7305349892524475
2019-08-15,226,6885750,1843,895,0.0002676542134117562,0.20190164596040197,0.9472860842782135,0.00744796642409875,0.5035268583830711,0.1347661922741795,503.5085775648027,0.15418994413407822,154.18434618373934,0.5925122083559414,0.07929131571304095,296.2453484379119,0.2324022346368715,116.19689857325284,0.6597938144329897,0.03531906241831015,131.95780469174122,0.31843575418994413,63.686688385181334,0.7075420510037982,0.018937523599291295,70.75369133142704,0.4111731843575419,41.1170198697311,0.7655995659251221,0.010245723082285283,38.279700333068845,0.5273743016759777,26.368523612110163,0.8513293543136191,0.004557217918667166,17.026512904754444,0.7005586592178771,14.011112140409649,0.8931090613130765,0.0023904336182683735,8.931051702111477,0.7832402234636872,7.832368110388488,0.3904671023900765,0.8960178516582361,0.18779342723004694,18.716744913928014,0.48826291079812206,9.76609571666707,0.676056338028169,6.761143188461817
2019-08-16,227,6885750,2089,1112,0.00030338016918999384,0.16397430366364665,0.9459083141388299,0.008749241442593548,0.45859262805169937,0.13912285797269822,458.5759785952641,0.15557553956834533,155.5698913132056,0.5528961225466731,0.08386581469648563,276.4380246751201,0.24370503597122303,121.84809406323329,0.6309238870272857,0.03828168114089866,126.18386113735899,0.3327338129496403,66.5462793725634,0.6931546194351365,0.02102878387405966,69.3149586217359,0.43435251798561153,43.43493640128125,0.7577788415509813,0.0114946701908275,37.88866695380108,0.5539568345323741,27.697640603715577,0.8334131163235998,0.005056754150546629,16.668044467269723,0.6906474820143885,13.812769100881157,0.8817616084250838,0.00267508985949243,8.817616084250838,0.7796762589928058,7.796762589928058,0.37854321099225774,0.8924185848430635,0.1574468085106383,15.692198581560284,0.44042553191489364,8.809266085179374,0.6340425531914894,6.340969307689501
2019-08-17,228,6885750,2664,1559,0.0003868859601350615,0.1539281510505137,0.9525769227648772,0.010323361417519276,0.38738738738738737,0.14986930002904444,387.3733230761985,0.11353431686978832,113.53019494425574,0.4891141141141141,0.09461225675283183,244.54817827920863,0.18858242463117383,94.28778902150053,0.5867117117117117,0.045397775131429896,117.34149028199828,0.3110968569595895,62.218919597127226,0.6629129129129129,0.025646983647506463,66.2908099289856,0.4342527261064785,43.42495728583004,0.7586336336336337,0.014675235086954943,37.93168168168168,0.5933290570878769,29.666452854393842,0.847972972972973,0.0065613481697062645,16.959385570403494,0.7440667094291212,14.88126935351281,0.8948948948948949,0.003462222706313764,8.94894894894895,0.8236048749198204,8.236048749198204,0.4244574805528435,0.9124273584040039,0.1553784860557769,15.486055776892428,0.4701195219123506,9.403196818215987,0.6613545816733067,6.61411301620277
2019-08-18,229,6885750,3074,1819,0.00044642921976545765,0.1869818409590968,0.9519356628734786,0.012877391170538384,0.3884189980481457,0.1733952948010456,388.40489628376696,0.10335349092908191,103.34973862400896,0.4830839297332466,0.10782747603833866,241.53319555334755,0.1858163826278175,92.90481823115701,0.5959661678594665,0.05321095588021726,119.192368071635,0.3364485981308411,67.28923101395449,0.6877033181522446,0.030700862644863342,68.76983245181124,0.4804837822979659,48.04802933512764,0.7683799609629147,0.01715136332280434,38.41899804814574,0.6129741616272677,30.64870808136338,0.8418998048145738,0.0075169625429872666,16.837971642932523,0.7361187465640462,14.72235355038044,0.879960962914769,0.0039283914507745685,8.799584070322377,0.80043980208906,8.004374771789857,0.4336192108445046,0.9067954049974845,0.1623134328358209,16.177238805970152,0.43656716417910446,8.732092112337114,0.6268656716417911,6.269194337062544
2019-08-19,230,6885750,3169,1772,0.000460225828704208,0.22113526358070165,0.9529781442473839,0.010173475916337944,0.4133796150205112,0.19024106883531805,413.36460704726767,0.09085778781038374,90.85448916865377,0.48595771536762383,0.11182108626198083,242.97003620335576,0.14221218961625282,71.10351326242468,0.5979804354686021,0.05504080862063958,119.59521866821362,0.29627539503386,59.254648736658105,0.6863363837172609,0.0315867437334805,68.63314000088776,0.44300225733634313,44.29990405550153,0.7737456610918271,0.017804886904113568,38.687283054591354,0.5976297968397292,29.881489841986454,0.8352792679078573,0.007688330699879171,16.705561097094666,0.7076749435665914,14.153478316594413,0.8857683811928053,0.004076534872744436,8.857683811928053,0.7979683972911964,7.979683972911963,0.47290356521763555,0.8997654194831289,0.17307692307692307,17.25,0.4826923076923077,9.65467409948542,0.6653846153846154,6.654416809605489
2019-08-20,231,6885750,2880,1506,0.00041825509203790434,0.20559391959575685,0.9398933104385313,0.007261300141320748,0.4284722222222222,0.17920418239907057,428.4566663036112,0.0796812749003984,79.67838202808862,0.5041666666666667,0.10543130990415335,252.07418130990416,0.14276228419654716,71.3785505668294,0.6010416666666667,0.05027738243922275,120.20746046211045,0.2642762284196547,52.85486188505729,0.6836805555555555,0.028595079729297975,68.36755911319915,0.4070385126162019,40.70355569791472,0.7611111111111111,0.01591692989144247,38.05555555555556,0.548472775564409,27.423638778220454,0.8315972222222222,0.006956385351798495,16.63192029032864,0.6799468791500664,13.598917833638028,0.8739583333333333,0.0036553539971448446,8.739532564527817,0.7602921646746348,7.6028774808821735,0.4351245135855071,0.8742783799563834,0.18700787401574803,18.638451443569554,0.46062992125984253,9.213388527977742,0.6476377952755905,6.476933388257857
2019-08-21,232,6885750,2653,1189,0.00038528845804741674,0.2445144133158637,0.9468285054452804,0.006611141061232796,0.4741801733886167,0.18268951495788557,474.16295801781405,0.08915054667788057,89.14731001847461,0.5793441387108933,0.1116032529770549,289.6615526523768,0.17830109335576114,89.14731001847461,0.6784771956275915,0.0522815068692091,135.69445379745818,0.3137089991589571,62.74134424348046,0.741424802110818,0.02856603444770397,74.14194183877785,0.43566021867115223,43.565705520271955,0.7851488880512627,0.015125440220745743,39.25744440256314,0.5290159798149706,26.450798990748527,0.8341500188465888,0.006427739486303658,16.682927692354095,0.6341463414634146,12.682871572230619,0.8823972860912175,0.003399765022648157,8.82394723132286,0.7401177460050462,7.401155963028459,0.46893068520559106,0.8757357724716042,0.19845857418111754,19.77970456005138,0.4682080924855491,9.364964951070306,0.649325626204239,6.49381314508373
2019-08-22,233,6885750,2247,1070,0.0003263261082670733,0.14900815323620148,0.9366598993876128,0.0036543802154500146,0.43213173119715176,0.14101074644205636,432.1160424180639,0.06074766355140187,60.74545807421804,0.5313751668891856,0.0866976474005228,265.67793751141517,0.12242990654205607,61.212730828635095,0.6145972407654651,0.04011153388132098,122.91855559559677,0.21495327102803738,42.99034203669315,0.6684468179795282,0.021813006477097795,66.84419641730135,0.3168224299065421,31.682012935736907,0.739652870493992,0.0120684021348437,36.982643524699604,0.45794392523364486,22.897196261682243,0.7894971072541166,0.005152647920787478,15.789873351385125,0.5616822429906542,11.233595917014187,0.8607031597685804,0.0028086950460079934,8.607019097930369,0.7102803738317757,7.102793423111101,0.44426926630320857,0.8745350458084911,0.19111969111969113,19.04826254826255,0.46525096525096526,9.30581733411922,0.6177606177606177,6.178135989456745
2019-08-23,234,6885750,1983,972,0.0002879860581635987,0.17180323114142057,0.9358214151703518,0.005160777642478267,0.4604135148764498,0.13258785942492013,460.39679931172157,0.08333333333333333,83.3303078710427,0.5577407967725668,0.08030787104269532,278.8602738437919,0.1831275720164609,91.56046173484938,0.6505295007564297,0.03746841325626652,130.10495541065922,0.3055555555555556,61.11066736375343,0.7049924357034796,0.020302651834209533,70.49873165275254,0.4022633744855967,40.226045352235005,0.7629853756933939,0.010986457539120647,38.149268784669694,0.5185185185185185,25.925925925925927,0.8245083207261724,0.00474891733398395,16.49009457008572,0.6440329218106996,12.880602317698285,0.8608169440242057,0.0024790327850996623,8.608169440242058,0.7170781893004116,7.170781893004116,0.38775343800618345,0.874276415220694,0.16432865731462926,16.37808951235805,0.4729458917835671,9.459729063616084,0.6412825651302605,6.413375636349887
2019-08-24,235,6885750,1874,980,0.00027215626474966416,0.158152927429824,0.9287921146553341,0.005297163616733852,0.43649946638207043,0.1187917513796108,436.4836190299654,0.10918367346938776,109.17970949634572,0.5240128068303095,0.07130409526575661,261.9968911292335,0.186734693877551,93.36395718612742,0.6131270010672358,0.03337302855151181,122.62450979112724,0.2857142857142857,57.14244221026294,0.6616862326574173,0.018008074588283133,66.16814279416786,0.363265306122449,36.326266833667155,0.7198505869797225,0.009795592346512725,35.992529348986125,0.46938775510204084,23.46938775510204,0.8068303094983992,0.00439167208848406,16.13658275521831,0.6357142857142857,12.71426724967801,0.8537886872998933,0.0023236394002105797,8.537886872998932,0.7234693877551021,7.23469387755102,0.37502079570817637,0.8760923834787868,0.16770186335403728,16.71428571428571,0.43478260869565216,8.69639794168096,0.6252587991718427,6.25312423425631
2019-08-25,236,6885750,2257,1316,0.0003277783828922049,0.1097316359763554,0.9238911635576895,0.006229116190644883,0.34514842711564026,0.11312808597153645,345.1358963130293,0.06914893617021277,69.14642568022691,0.43331856446610545,0.07101365088585536,216.651416299193,0.13677811550151975,68.38657484857607,0.5463003987594152,0.035812832205408235,109.2592863794372,0.25987841945288753,51.97530647848385,0.639344262295082,0.020956170670074645,63.93396198115485,0.39893617021276595,39.89332734094155,0.7394771821001329,0.012119231746723306,36.973859105006646,0.5623100303951368,28.11550151975684,0.8006202924235711,0.005248512872943582,16.012382594094493,0.6648936170212766,13.29785302829101,0.8462560921577315,0.0027738445340013797,8.462560921577316,0.7416413373860182,7.416413373860183,0.36695338999073807,0.8753228567409419,0.17142857142857143,17.085714285714285,0.44081632653061226,8.81708264781041,0.6142857142857143,6.14338397451605
2019-08-26,237,6885750,2610,1652,0.00037904367715935086,0.11780189749599324,0.9281075537319645,0.00921678199511018,0.32222222222222224,0.12213186174847517,322.21052376803175,0.0774818401937046,77.47902717307602,0.4279693486590038,0.08110659308742375,213.9769054987464,0.15435835351089588,77.17637472318118,0.5559386973180077,0.04214470359290133,111.18693209380089,0.3159806295399516,63.19566702067215,0.6524904214559387,0.024732057277295303,65.24856835139315,0.45944309927360777,45.943976311005905,0.725287356321839,0.01374577932687071,36.26436781609195,0.5702179176755447,28.510895883777238,0.803831417624521,0.006093717777797141,16.076558309757342,0.6930992736077481,13.861925078188822,0.8624521072796935,0.0032690559384702966,8.62448349744132,0.7857142857142857,7.8571086251044076,0.38638828223813027,0.8728290109647305,0.17078189300411523,17.021262002743484,0.4403292181069959,8.807339643817631,0.6193415637860082,6.1939468055820255
2019-08-27,238,6885750,2768,1651,0.0004019896162364303,0.16418375477661265,0.9577361961072851,0.013221782889406158,0.3836705202312139,0.15422596572756317,383.656590862922,0.10660205935796487,106.59818911183658,0.4902456647398844,0.0985332558814987,245.11393305131128,0.19321623258631132,96.6046088826019,0.6174132947976878,0.049638386244154634,123.48176231238719,0.3700787401574803,74.01521057943508,0.7077312138728323,0.02844985332132795,70.77260748097324,0.5142337976983646,51.423006368199985,0.796242774566474,0.016004066368950368,39.812138728323696,0.6596002422774077,32.98001211387038,0.8796965317919075,0.007072567153081142,17.59390508465624,0.7989097516656571,15.978171828619642,0.9161849710982659,0.003682968449333769,9.161849710982658,0.8600847970926712,8.600847970926711,0.4177639958956539,0.8703227562621146,0.19795918367346937,19.729931972789117,0.46122448979591835,9.225280918542374,0.6122448979591837,6.122974060979452
2019-08-28,239,6885750,2695,1322,0.00039138801147296955,0.22964265205834933,0.9595352963880889,0.012876424334455263,0.5064935064935064,0.1982282892826024,506.4751179694543,0.13993948562783662,139.93440504819574,0.6077922077922078,0.11893697356956143,303.8850707816726,0.2723146747352496,136.15239410094722,0.7090909090909091,0.05550553312614366,141.8171520309253,0.424357034795764,84.8707906806742,0.77291280148423,0.030250660780156265,77.29071891167384,0.5423600605143721,54.23561222642014,0.822634508348794,0.016098464219583924,41.131725417439704,0.6399394856278366,31.99697428139183,0.8849721706864564,0.006927339901477833,17.69941770931391,0.7670196671709532,15.340371064987423,0.9146567717996289,0.0035798569509494244,9.14656771799629,0.8275340393343419,8.275340393343418,0.4346742570244238,0.8729215553322991,0.18811881188118812,18.74917491749175,0.4633663366336634,9.268121529134046,0.6059405940594059,6.0599256152030305
2019-08-29,240,6885750,2562,1347,0.0003720727589587191,0.18321043935549225,0.9478827327289462,0.008898526395096864,0.42857142857142855,0.15945396456578564,428.5558690510767,0.10170749814402376,101.70380559762003,0.5366900858704138,0.09984025559105432,268.3353005215075,0.18262806236080179,91.31071597450558,0.631928181108509,0.047024310900694186,126.38471849510343,0.31328878990348924,62.657303002641704,0.7224824355971897,0.02688140811525168,72.24771894207426,0.47809948032665184,47.80960086931428,0.7927400468384075,0.014747848818211524,39.63700234192037,0.6087602078693393,30.438010393466964,0.8575331772053083,0.006381285435449391,17.15063863666887,0.7312546399406088,14.625071559191861,0.8985167837626854,0.0033430924912574212,8.985050398780558,0.8084632516703786,8.084526848125007,0.41218826316684515,0.8601574037806474,0.19402985074626866,19.33830845771144,0.47334754797441364,9.467762876380167,0.6268656716417911,6.269194337062544
2019-08-30,241,6885750,2599,1404,0.0003774461750717061,0.19184746181209444,0.9412944590178857,0.008594774020311344,0.4201616006156214,0.1585826314260819,420.1463464186777,0.10398860398860399,103.98482862540371,0.5175067333589842,0.09766192274179494,258.7439724968505,0.1794871794871795,89.7403315534306,0.6213928434013082,0.046908129774318165,124.27766625375578,0.3198005698005698,63.95964952523377,0.6856483262793382,0.025879345900258505,68.56433475671604,0.42948717948717946,42.94840608431622,0.7452866487110427,0.014065279744399665,37.264332435552134,0.5334757834757835,26.673789173789174,0.8141592920353983,0.0061460172878520306,16.283162193084692,0.6581196581196581,13.162374047011328,0.8676414005386687,0.0032748745236546146,8.676401404869088,0.7571225071225072,7.571214075742987,0.4068763599851956,0.8758917274479124,0.19205298013245034,19.141280353200884,0.48344370860927155,9.669703406677042,0.6666666666666666,6.667238421955404
2019-08-31,242,6885750,2635,1366,0.00038267436372217987,0.20339836030338068,0.9306048275015855,0.007615585369021377,0.4497153700189753,0.17208829509148998,449.6990428562532,0.10761346998535871,107.60956301941386,0.5351043643263758,0.10238164391519024,267.5424685347329,0.1808199121522694,90.40667369318102,0.6212523719165085,0.047547125969386275,124.24957216079754,0.2935578330893119,58.71114029436606,0.6918406072106262,0.02647438969488375,69.18255364005532,0.4128843338213763,41.28753396956885,0.7366223908918406,0.014094325236902298,36.83111954459203,0.4956076134699854,24.780380673499266,0.8079696394686907,0.006183758412264115,16.15932238605223,0.6310395314787701,12.620735643253028,0.859203036053131,0.003287940201313724,8.592005404628454,0.7298682284040996,7.298661084720414,0.4423648583537181,0.8832580774822223,0.18487394957983194,18.425770308123248,0.5,10.000857632933105,0.6701680672268907,6.702255430474076
2019-09-01,243,6885750,2769,1515,0.00040213484369894345,0.20307645191745308,0.9310273215562584,0.00912996084539518,0.4272300469483568,0.17179785071158873,427.2145361275992,0.10561056105610561,105.60672680686599,0.5189599133261105,0.10434214347952367,259.47053610116654,0.19273927392739273,96.36613821126522,0.6193571686529433,0.04981265793371867,123.87053426042013,0.32673267326732675,65.3460601513403,0.6821957385337667,0.027433268465537772,68.21907848919346,0.4303630363036304,43.03599112997361,0.7287829541350668,0.01465345096757797,36.439147706753346,0.5102310231023103,25.511551155115516,0.806428313470567,0.006485830218217834,16.12849600039489,0.6501650165016502,13.003243677190493,0.8616829180209462,0.003465127255564027,8.616829180209463,0.7504950495049505,7.5049504950495045,0.4138132380562275,0.8753363967394479,0.19517102615694165,19.452045606975187,0.46680080482897385,9.336816784066318,0.6458752515090543,6.459306438976915
2019-09-02,244,6885750,2801,1466,0.0004067821224993646,0.1917975842398434,0.9516323894741555,0.010518124516874311,0.43627275972866836,0.17746151611966307,436.25692060727243,0.09822646657571624,98.22290041006943,0.5462334880399857,0.11109497531222771,273.1068283670732,0.2189631650750341,109.47760774872322,0.6590503391645841,0.053617589822533326,131.80911071778254,0.3663028649386085,73.26004101922865,0.7386647625847912,0.030047343808998227,73.86593989032829,0.5115961800818554,51.15924652180772,0.7829346661906462,0.01592419126456813,39.14673330953231,0.58731241473397,29.3656207366985,0.841485183862906,0.00684601264057998,16.82967923594202,0.699181446111869,13.983608614197422,0.8925383791503034,0.003630686562829031,8.925383791503036,0.7967257844474761,7.967257844474761,0.4364370968843581,0.8768112236359107,0.19334719334719336,19.27027027027027,0.5114345114345115,10.229567474850494,0.6528066528066528,6.528626396550925
2019-09-03,245,6885750,3649,2213,0.0005299350107105254,0.1956228781714018,0.9246084888148188,0.008164842545822396,0.37517127980268566,0.1988091780424049,375.15765900397076,0.08404880253050158,84.04575109271003,0.4406686763496848,0.11675864072030206,220.32633881606463,0.13465883416177135,67.32697264953653,0.5138394080570019,0.054459902988759475,102.76713538088532,0.2114776321735201,42.29521931333516,0.5763222800767334,0.030541113596096313,57.63180952160049,0.306823316764573,30.682108882216422,0.6418196766237325,0.01700613586029118,32.09098383118663,0.41256213285133303,20.628106642566653,0.7497944642367772,0.007946835207733061,14.995867506617682,0.587889742431089,11.757777773099471,0.8344751986845711,0.004422163389134403,8.344727749172984,0.7275192046995029,7.275170915902799,0.4569963016622985,0.8965961264667287,0.19196428571428573,19.132440476190478,0.546875,10.938438036020582,0.703125,7.0318530231560885
2019-09-04,246,6885750,3972,2420,0.0005768434811022765,0.20971711095186818,0.9431847694190163,0.010085880791075136,0.3688318227593152,0.21275050827766484,368.8184321180591,0.07024793388429752,70.24538349459797,0.45417925478348437,0.13099041533546327,227.081382778491,0.14586776859504133,72.93123639292084,0.5347432024169184,0.06169217810566673,106.94786389503895,0.2450413223140496,49.00790859809948,0.5986908358509567,0.03453483981527201,59.86864885649779,0.34545454545454546,34.54520369984078,0.6711983887210473,0.019358820753004394,33.55991943605237,0.4615702479338843,23.078512396694215,0.7774420946626385,0.008969209007548891,15.54877414998232,0.6355371900826446,12.710688423422097,0.8595166163141994,0.004958051169295518,8.59514119813107,0.7698347107438016,7.698324747274643,0.446306179377098,0.8990515451900272,0.20454545454545456,20.386363636363637,0.5631313131313131,11.263592182545871,0.7121212121212122,7.121822859815999
2019-09-05,247,6885750,4470,2713,0.0006491667574338308,0.2189882039973403,0.9330672109816622,0.011750641881081419,0.3668903803131991,0.2381643915190241,366.87706015707386,0.08182823442683376,81.82526360798295,0.4597315436241611,0.14921580017426664,229.85742640938622,0.158496129745669,79.24518772845195,0.5456375838926174,0.07084144180777832,109.12672436865985,0.26059712495392556,52.11904653494127,0.6087248322147651,0.039516105608643874,60.87204120687238,0.3564319941024696,35.64294059355601,0.6624161073825503,0.02150092582507352,33.12080536912751,0.4437891632878732,22.18945816439366,0.7550335570469798,0.009802839483223347,15.100649210649923,0.5963877626244011,11.92773793013689,0.8250559284116331,0.005355965482487097,8.250523338039267,0.7117582012532252,7.11755100261611,0.4629026632296527,0.909376639583518,0.23177083333333334,23.099826388888886,0.5755208333333334,11.511403837907375,0.7291666666666666,7.2922920240137215
2019-09-06,248,6885750,4740,2190,0.0006883781723123843,0.30732350038347517,0.95337220206309,0.012931129637454228,0.44957805907173,0.3094684867847807,449.5617368941569,0.06347031963470319,63.468015309999636,0.5687763713080168,0.19575951205344178,284.37786078522925,0.1689497716894977,84.4718189377693,0.6835443037974683,0.09410671236457638,136.70786807265438,0.3319634703196347,66.39221196530322,0.7527426160337553,0.051816782363705016,75.27371501284426,0.4689497716894977,46.89463664949547,0.8078059071729958,0.02780379769814472,40.39029535864979,0.5858447488584475,29.29223744292237,0.8782700421940929,0.012091620968491496,17.565375334132977,0.736986301369863,14.739704621298255,0.9177215189873418,0.006317376270192005,9.17718853427734,0.8223744292237443,8.223720406036502,0.511058755338068,0.8895764828699673,0.2327790973871734,23.20031670625495,0.5843230403800475,11.687463076966953,0.7149643705463183,7.15025688245336
2019-09-07,249,6885750,5165,2499,0.0007500998438804778,0.2834476394994072,0.9551379076924698,0.017490645994432102,0.41142303969022265,0.30859715364507695,411.4081027515176,0.07482993197278912,74.82721523114039,0.5454017424975799,0.20454545454545456,272.6909706943589,0.18047218887555022,90.23281836696341,0.6848015488867376,0.10273316099799587,136.95931526465634,0.3749499799919968,74.98945147201174,0.7618586640851888,0.057146591536204945,76.18531319853305,0.5182072829131653,51.82035200440512,0.8267182962245886,0.031006063246559926,41.33591481122943,0.647859143657463,32.39295718287315,0.8849951597289448,0.013276675341574496,17.69987748949595,0.7651060424169668,15.30209862548979,0.9111326234269119,0.006834404385869368,9.11132623426912,0.818327330932373,8.183273309323729,0.5128435697233391,0.8648853296099541,0.20315581854043394,20.247863247863247,0.52465483234714,10.493996569468269,0.6607495069033531,6.608061749571184
2019-09-08,250,6885750,5072,2282,0.0007365936898667538,0.29806826613981013,0.947461053626311,0.01180891824986025,0.4278391167192429,0.31513215219285506,427.8235837858738,0.053023663453111304,53.02173839997983,0.5506703470031545,0.20280278826604706,275.3251773073607,0.14329535495179668,71.64507626774136,0.6713328075709779,0.09889918382758721,134.26558656167362,0.2992988606485539,59.859337468726366,0.7476340694006309,0.05506985390223358,74.76286405901122,0.44916739702015773,44.91641354717754,0.8103312302839116,0.029844243546454634,40.51656151419559,0.5806310254163015,29.031551270815072,0.8720425867507886,0.012846802676828702,17.440826406146144,0.7169149868536372,14.338278913954108,0.9022082018927445,0.0066456086846022585,9.022082018927446,0.7839614373356705,7.839614373356705,0.4977488533451591,0.8557556585284926,0.19699812382739212,19.634146341463417,0.5140712945590994,10.282307660126344,0.6360225140712945,6.360770614567209
2019-09-09,251,6885750,4668,1951,0.0006779217950114366,0.32711686073528023,0.9577847441574326,0.01129392543575282,0.4704370179948586,0.3189079291315713,470.41993852136187,0.051255766273705795,51.25390540504933,0.6006855184233076,0.20360151031077547,300.3318551033467,0.16555612506406972,82.77505722915467,0.7088688946015425,0.09611083679456273,141.77274945547566,0.32547411583803176,65.09435049323905,0.7750642673521851,0.052542914403555144,77.50586393622105,0.46694003075345974,46.69366401522896,0.8367609254498715,0.02836292342882039,41.83804627249358,0.610456176319836,30.522808815991798,0.8875321336760925,0.012033495116021715,17.75056533743499,0.7319323423885187,14.638583070042152,0.9179520137103685,0.00622297869374086,9.179493474812794,0.8042029728344439,8.042006369940866,0.5077738582357596,0.851072803530627,0.1996124031007752,19.89470284237726,0.5310077519379846,10.621065858231281,0.6472868217054264,6.473423351549723
2019-09-10,252,6885750,3993,1581,0.0005798932578150528,0.31567009908309623,0.9547386218868371,0.012054930059358065,0.4961182068620085,0.28768515829218705,496.10019501888985,0.06957621758380772,69.57369158113622,0.6270974204858503,0.18181818181818182,313.53732668533576,0.20113851992409867,100.56560874000597,0.7585775106436263,0.0879781579482413,151.7144004738549,0.4199873497786211,83.99686002318222,0.8184322564487854,0.04745999012460426,81.8426313549947,0.5521821631878557,55.21781536162505,0.8567493112947658,0.02484115746287623,42.837465564738295,0.6457938013915243,32.28969006957622,0.8895567242674681,0.01031694395389906,17.79110864777372,0.7273877292852625,14.547733458401094,0.9068369646882044,0.005258655869551642,9.068316968135543,0.7710309930423782,7.710265140734115,0.47126699445465015,0.8571901641654336,0.19956140350877194,19.889619883040933,0.5482456140350878,10.965852667689806,0.6798245614035088,6.798828653967681
2019-09-11,253,6885750,3935,1669,0.0005714700649892895,0.2807132717217855,0.9520637892872301,0.010442149079614695,0.4648030495552732,0.26561138541969215,464.7861746260852,0.07309766327142002,73.09500942073487,0.5870393900889453,0.16773162939297126,293.5090386512457,0.16896345116836428,84.47865842888211,0.7110546378653113,0.08126869790002614,142.20989493395297,0.3445176752546435,68.9030347202841,0.783989834815756,0.0448023468587528,78.39841420143763,0.49850209706411025,49.849847728066415,0.8360864040660737,0.023889917583415025,41.80432020330369,0.6165368484122229,30.826842420611143,0.8836086404066074,0.010099103076494097,17.67214714332128,0.7273816656680647,14.547612186233259,0.910546378653113,0.005203477311212383,9.105424115801949,0.7908927501497903,7.908893043843861,0.45963326231544255,0.8540990385511154,0.20851063829787234,20.781560283687945,0.5234042553191489,10.468982883836357,0.6276595744680851,6.277134046202694
2019-09-12,254,6885750,3910,1616,0.0005678393784264604,0.3264871918142704,0.9335143410391078,0.009581364469031083,0.5040920716112532,0.2862329363926808,504.07377027260924,0.08044554455445545,80.44262393491746,0.6186700767263427,0.1756462387452803,309.3238077852465,0.18873762376237624,94.36538576980702,0.7161125319693095,0.08132678846321414,143.2214664093547,0.33353960396039606,66.70743640449321,0.7705882352941177,0.04375671672136861,77.0582639806046,0.45235148514851486,45.234820047944844,0.8219948849104859,0.02333805322586501,41.0997442455243,0.5711633663366337,28.558168316831683,0.8703324808184143,0.009884080617849435,17.40647266351835,0.6875,13.749860219988323,0.8900255754475703,0.005053901016153604,8.90022990331961,0.7351485148514851,7.351463795826195,0.46687314905892147,0.868741295512314,0.21179039301310043,21.10844250363901,0.5218340611353712,10.437576306860313,0.6397379912663755,6.3979285730336235
2019-09-13,255,6885750,3629,1475,0.0005270304614602621,0.31466141228813405,0.9260940329790024,0.007148062974863196,0.5084045191512814,0.2679349404589021,508.38606124686834,0.07932203389830508,79.31915406843657,0.6084320749517773,0.1603252977054894,304.2049927460936,0.15796610169491526,78.98018332455436,0.6957839625241113,0.07333933602486276,139.15578204276625,0.27932203389830507,55.864001130304516,0.756406723615321,0.039864648987771936,75.64012311037493,0.41220338983050847,41.220039668962556,0.8109672085974098,0.021370065932789218,40.54806599523378,0.5403389830508475,27.016752973818388,0.8594654174703775,0.009059275955014406,17.189283385847467,0.6569491525423728,13.138963969463484,0.8757233397630201,0.004615322055953155,8.757220679740822,0.696271186440678,6.962701752651701,0.4690940723364281,0.8768155289308471,0.22549019607843138,22.473856209150327,0.5563725490196079,11.128405307234386,0.6715686274509803,6.716262233881546
2019-09-14,256,6885750,3092,1091,0.0004490433140906945,0.31642447202436885,0.9654339307968482,0.010256947499806502,0.5598318240620958,0.2513796108045309,559.8114990612221,0.13748854262144822,137.48355102463506,0.6830530401034929,0.15335463258785942,341.51412074445443,0.2566452795600367,128.31798095632607,0.7810478654592496,0.07014435504952221,156.20843880409043,0.4225481209899175,84.50901054652545,0.8373221216041398,0.03759911702343954,83.7316041539938,0.5517873510540788,55.178334434933106,0.8638421733505821,0.019394986784396873,43.19179503578938,0.620531622364803,31.02635582429378,0.898124191461837,0.008065874698655204,17.962353397886506,0.7140238313473877,14.280372931831524,0.9227037516170763,0.004143321453778657,9.22699731576856,0.7836846929422548,7.836812785809497,0.5235214763930578,0.8925154057211134,0.2619047619047619,26.1031746031746,0.6058201058201058,12.117441258950693,0.7195767195767195,7.196384328459801
2019-09-15,257,6885750,2748,985,0.0003990850669861671,0.3116960369010213,0.9540795342013495,0.0072492608567272165,0.5633187772925764,0.22480395004356665,563.2983256959567,0.10964467005076142,109.64068934098614,0.6582969432314411,0.13135347081033982,329.1365217002538,0.19289340101522842,96.44319895734891,0.7638282387190685,0.060966046065816605,152.76453846349952,0.3766497461928934,75.32940224368166,0.8253275109170306,0.03293734932760173,82.532151794954,0.5309644670050762,53.09606115019611,0.8544395924308588,0.017049580295680968,42.72166940356085,0.6020304568527919,30.101304265837754,0.886098981077147,0.007072546610551019,17.7219024103354,0.6852791878172588,13.705524043790799,0.9079330422125182,0.003623404140991811,9.079277679706827,0.7461928934010152,7.461885587181777,0.46568133639591974,0.8692961742070073,0.23076923076923078,23.000000000000004,0.5615384615384615,11.231732418524873,0.6692307692307692,6.692881646655231
2019-09-16,258,6885750,2426,1091,0.00035232182405692914,0.20516426234681165,0.938490196055285,0.007395171858878763,0.4983511953833471,0.17557362765030496,498.3331024703576,0.10907424381301559,109.07028381287716,0.6108821104699094,0.10760964275341273,305.4299660302192,0.21448212648945922,107.23716979921535,0.6995053586150041,0.04928984286502658,139.90005585649496,0.35013748854262144,70.02698921642673,0.7576257213520198,0.026692613784890646,75.7620219988915,0.4665444546287809,46.654106690001576,0.798845836768343,0.014072541117525324,39.94229183841715,0.5563703024747938,27.818515123739694,0.8458367683429514,0.005960109094394535,16.916661663943596,0.6608615948670944,13.21717431244128,0.8738664468260511,0.0030787953777405997,8.738588323280023,0.7222731439046746,7.222668503257588,0.3955267103112919,0.8235923452744808,0.21553884711779447,21.482038429406852,0.5037593984962406,10.076052051225835,0.606516290726817,6.0656830756135625
2019-09-17,259,6885750,2355,1129,0.00034201067421849474,0.2339334150303117,0.9387325742392565,0.009210644022322734,0.49469214437367304,0.16918385129247748,494.67418430453364,0.12311780336581045,123.11333350655377,0.6042462845010615,0.1033255881498693,302.11217350444264,0.23649247121346323,118.24194261240956,0.7053078556263269,0.04824421272764239,141.0605468320015,0.39681133746678476,79.36169121850513,0.7524416135881105,0.025734119492288477,75.24361498684729,0.48804251550044286,48.803897166736974,0.7876857749469215,0.013469847148095704,39.38428874734607,0.5597874224977857,27.98937112488928,0.8352441613588111,0.00571324007807417,16.704858967133426,0.6581045172719221,13.162071230496379,0.8632696390658174,0.002952470025095269,8.632683853630466,0.7156775907883083,7.156765514294128,0.3846235734134895,0.8149018213909248,0.23822714681440443,23.74330563250231,0.48753462603878117,9.751528772278263,0.5955678670360111,5.9561894489767795
2019-09-18,260,6885750,1932,849,0.0002805794575754275,0.2083507409238315,0.9483519485882564,0.005467236511810627,0.5238095238095238,0.14696485623003194,523.7905066179826,0.0989399293286219,98.93633726031925,0.6221532091097308,0.0872785361603253,311.06531074842644,0.21083627797408716,105.41431172379254,0.7111801242236024,0.03990821691016294,142.2349920233719,0.35335689045936397,70.67086492435347,0.7634575569358178,0.021420895175578727,76.34520132258862,0.4628975265017668,46.28941652545152,0.7996894409937888,0.011218821479141706,39.984472049689444,0.5441696113074205,27.208480565371026,0.8514492753623188,0.0047779765777488615,17.028960776518748,0.6619552414605419,13.239085602422756,0.884575569358178,0.0024819157078107006,8.84567861545421,0.7373380447585395,7.373316199105282,0.45616096663190847,0.8492634578079534,0.284375,28.342708333333334,0.553125,11.063448756432248,0.64375,6.438052101200686
2019-09-19,261,6885750,1653,774,0.00024006099553425554,0.19762062896559782,0.9524113671451323,0.007726290561932623,0.5081669691470054,0.12198663955852454,508.1485198669754,0.12790697674418605,127.90233301136784,0.6231094978826376,0.0747894278245716,311.54343777558614,0.268733850129199,134.36204679982077,0.7374470659407139,0.03540619826309216,147.4883422202582,0.4573643410852713,91.47220400325037,0.7912885662431942,0.018995614162479305,79.1282820443387,0.5607235142118863,56.071944261879466,0.8469449485783425,0.010165922375921286,42.347247428917115,0.6770025839793282,33.85012919896641,0.8911070780399274,0.004278394832233479,17.82211567819218,0.7700258397932817,15.400494430118357,0.9098608590441621,0.0021842178641137654,9.09859537678243,0.810077519379845,8.100763429265276,0.3976032154081078,0.8585125054848619,0.2819548872180451,28.101503759398497,0.5676691729323309,11.354357162202247,0.6766917293233082,6.76749764634571
2019-09-20,262,6885750,1536,699,0.00022306938242021567,0.2325762493277867,0.9347890984457642,0.00706834518715541,0.5540364583333334,0.12358408364798142,554.0163437363855,0.18025751072961374,180.25096638199793,0.6412760416666666,0.07152192855068254,320.6263798944416,0.2703862660944206,135.18822478649844,0.724609375,0.03232739841412763,144.92082267583288,0.40772532188841204,81.54447225284304,0.76171875,0.016991489732492957,76.17132189161028,0.48068669527896996,48.06832048588642,0.7890625,0.008800720322983532,39.452838518218655,0.5393419170243204,26.96690003449283,0.8294270833333334,0.003700368875076244,16.58842121195068,0.6266094420600858,12.532097840963244,0.861328125,0.001921359329049123,8.61328125,0.6952789699570815,6.952789699570816,0.3634596092576541,0.8376483493204725,0.27075812274368233,26.985559566787007,0.49097472924187724,9.820336737031786,0.6028880866425993,6.029397923104074
2019-09-21,263,6885750,1912,841,0.00027767490832516427,0.28586642688277075,0.9349566236306576,0.009934191609162878,0.5821129707112971,0.161632297415045,582.0918367811958,0.17717003567181927,177.16360341667578,0.6652719665271967,0.09236131280859715,332.62390673211183,0.28894173602853745,144.46562292030944,0.7646443514644351,0.04246420169043539,152.92775982736165,0.4780023781212842,95.59978143857307,0.7965481171548117,0.022117981933834848,79.65423331637203,0.5457788347205708,54.577487164558505,0.8200836820083682,0.01138583306103184,41.00418410041841,0.5980975029726516,29.90487514863258,0.8467573221757322,0.004702431090069418,16.935023471990323,0.6563614744351962,13.12713416768466,0.875,0.0024296483908117757,8.74997458526788,0.7193816884661117,7.193795989926368,0.3645093777564705,0.8356380359327096,0.2391304347826087,23.833333333333336,0.4751552795031056,9.503920607694194,0.5838509316770186,5.839010046557217
2019-09-22,264,6885750,2106,1144,0.0003058490360527176,0.23052290732984085,0.930506756719116,0.013560139661389572,0.4919278252611586,0.15045018878884694,491.9099655521381,0.16346153846153846,163.45560390089142,0.6134852801519468,0.0938135347081034,306.73150361648766,0.31993006993006995,159.95922734686167,0.7212725546058879,0.044119782741293675,144.25346344295485,0.4982517482517482,99.64962605723302,0.7597340930674265,0.023236225275204043,75.97285763947589,0.5629370629370629,56.29329752706847,0.7891737891737892,0.0120684021348437,39.458689458689456,0.6136363636363636,30.68181818181818,0.8300094966761633,0.005077144716051678,16.600165825523664,0.6888111888111889,13.77620376939261,0.8641975308641975,0.0026431244635691767,8.641925106847795,0.7508741258741258,7.508697639977057,0.3382685391757117,0.8449579831932773,0.199438202247191,19.877340823970037,0.449438202247191,8.989534950951105,0.5758426966292135,5.758920827953052
2019-09-23,265,6885750,1929,994,0.000280143775187888,0.23229246134893447,0.9312893187770869,0.012037632826237304,0.5147744945567652,0.14420563462097008,514.7558053869076,0.18209255533199195,182.08594436207719,0.6236391912908242,0.0873511472553006,311.80827486427484,0.32796780684104626,163.9779498951303,0.7133229652669777,0.039966307473350955,142.66355712007586,0.45875251509054327,91.74983678830951,0.7641264904095386,0.021406061662237325,76.41098449494592,0.5482897384305835,54.82777946816525,0.7910834629341628,0.011080855389754202,39.55417314670814,0.5985915492957746,29.929577464788736,0.8310005184033178,0.00465595863951901,16.619889684846047,0.6740442655935613,13.480787422843722,0.8724727838258165,0.002444156896574259,8.724651814715504,0.7535211267605634,7.535145609001046,0.3332208718930699,0.8471861785390109,0.2125748502994012,21.186626746506985,0.44011976047904194,8.803150131983033,0.5808383233532934,5.808881379607851
2019-09-24,266,6885750,1992,785,0.0002892931053262172,0.31062801594682526,0.9557841171567921,0.011525176989651156,0.6255020080321285,0.18094684867847807,625.4792988392722,0.24076433121019108,240.755590129331,0.7083333333333334,0.10245425501016556,354.15380845193147,0.3184713375796178,159.22988765167392,0.7826305220883534,0.04528159400505388,156.52496783147578,0.4636942675159236,92.73818009665605,0.8197791164658634,0.023715472421505127,81.97731637870429,0.5503184713375796,55.031447529883806,0.8529116465863453,0.012337072940493047,42.64558232931727,0.6280254777070063,31.401273885350317,0.8905622489959839,0.005152662886885398,17.81121911313812,0.7235668789808917,14.471316563291998,0.9186746987951807,0.002657647125456919,9.186693621543665,0.7949044585987262,7.94899840947252,0.40445076307344274,0.8706415915792096,0.25077399380804954,24.993808049535602,0.5325077399380805,10.651068191111417,0.6346749226006192,6.34729354412163
2019-09-25,267,6885750,2032,920,0.0002951022038267436,0.2628520839687875,0.9574265953715988,0.012864084875101111,0.5378937007874016,0.15872785361603253,537.8741722621044,0.2,199.99273889050247,0.6481299212598425,0.0956288120824862,324.05319527410404,0.32065217391304346,160.3202662301582,0.7460629921259843,0.04403264689651166,149.21151494471218,0.47282608695652173,94.56453072296232,0.8056102362204725,0.023773562984693138,80.5604386426431,0.5869565217391305,58.69522596597661,0.843011811023622,0.012438641842632664,42.15028448223813,0.6630434782608695,33.151933184486786,0.8951771653543307,0.005283352067594375,17.90346530484152,0.7739130434782608,15.478193433802517,0.922244094488189,0.0027215626474966417,9.22244094488189,0.8304347826086956,8.304347826086955,0.4359898296332829,0.873242687627963,0.2626582278481013,26.178270042194093,0.5443037974683544,10.887009575091733,0.6487341772151899,6.487898147947109
2019-09-26,268,6885750,2456,1293,0.000356678647932324,0.2689873326297295,0.9429762272076576,0.015264605283650914,0.495114006514658,0.17659018297995935,495.09603112958274,0.17633410672853828,176.32770482225274,0.5985342019543974,0.10673830961370898,299.2562359212527,0.2846094354215004,142.29955126006362,0.7056188925081434,0.05033547300241076,141.12275375665712,0.45552977571539055,91.10529359354761,0.7630293159609121,0.027215428853582736,76.30237753605755,0.5576179427687549,55.76138937262124,0.7956026058631922,0.014188517031303326,39.779552584811434,0.6187161639597835,30.935358931621213,0.8558631921824105,0.006105335924179976,17.11718926706933,0.731631863882444,14.632573526103181,0.8892508143322475,0.003171753962514051,8.892469400399483,0.7950502706883217,7.950468068094117,0.4027428109627528,0.8436308923002758,0.25,24.916666666666664,0.5091463414634146,10.18380015060871,0.6189024390243902,6.1895551813579885
2019-09-27,269,6885750,2889,1535,0.0004195621392005228,0.2885502118659303,0.9258623233175378,0.017314478417360193,0.5223260643821391,0.21914028463549232,522.3071010484048,0.1986970684039088,198.6898545980562,0.6123226029768086,0.12844902701132732,306.1501861347342,0.30749185667752443,153.74034650865988,0.6860505365178262,0.057567748119318016,137.2091109770142,0.4234527687296417,84.68993878068287,0.7407407407407407,0.031078451305585408,74.07353619848901,0.5198697068403909,51.9865931899884,0.7781239183108342,0.016323566786479324,38.906195915541716,0.5882736156351791,29.41368078175896,0.8134302526825892,0.006825680825355516,16.268581427203788,0.654071661237785,13.081414226949757,0.8435444790584977,0.0035391829817144633,8.4354202894913,0.7107491856677525,7.107471212677342,0.4040138355680464,0.819977394200679,0.24396782841823056,24.315460232350315,0.4906166219839142,9.813173977623368,0.5737265415549598,5.737757462326233
2019-09-28,270,6885750,3418,2024,0.0004963874668699851,0.26819899413725,0.9070870760986602,0.017065526201298396,0.45904037448800467,0.22785361603252977,459.02370877589,0.166501976284585,166.4959313391782,0.5377413692217671,0.13345919256462388,268.8609231134754,0.24555335968379446,122.77222236731687,0.6167349327091867,0.06122745360016266,123.34609087984788,0.3591897233201581,71.83742302569864,0.6732007021650088,0.03341659647390281,67.31958138390179,0.44861660079051385,44.86133432416394,0.7170860152135752,0.01779762553098791,35.85430076067876,0.5222332015810277,26.111660079051383,0.7638970157987127,0.007583745051395775,15.277873752969121,0.6012845849802372,12.025639306012298,0.791691047396138,0.003929855135606143,7.916910473961381,0.6482213438735178,6.482213438735178,0.42164355143822463,0.8054282292188661,0.2379746835443038,23.718143459915613,0.48860759493670886,9.772989990663742,0.5670886075949367,5.671372429815229
2019-09-29,271,6885750,3424,2052,0.0004972588316450641,0.2316991382057025,0.9155293257991965,0.02334169809451869,0.4448014018691589,0.22117339529480104,444.7852531107407,0.17641325536062377,176.40685058080382,0.5630841121495327,0.13999419111240197,281.53183453627975,0.31237816764132553,156.18341329046305,0.6705607476635514,0.06668796653983561,134.1111757014232,0.4605263157894737,92.10459435206856,0.71875,0.03574021900142322,71.87447809259635,0.5355750487329435,53.55711597509171,0.7555490654205608,0.01878503587092277,37.777178956835996,0.5955165692007798,29.775612248208407,0.7978971962616822,0.007935217027604797,15.95792074995027,0.6642300194931774,13.284581097003514,0.8288551401869159,0.004121537429310841,8.288515290267851,0.7158869395711501,7.158838205914286,0.4122445031905244,0.78715379308848,0.22966507177033493,22.88995215311005,0.48086124401913877,9.618049685261026,0.569377990430622,5.694268221622199
2019-09-30,272,6885750,3597,1901,0.000522383182659841,0.2632788846991046,0.9264456181473546,0.022291248378623146,0.47039199332777315,0.24571594539645658,470.37491548892154,0.17990531299316148,179.8987814322773,0.5835418404225744,0.15241068835318036,291.7603273082879,0.29931614939505524,149.65264127918974,0.7078120656102308,0.07394928693833687,141.5613851920081,0.46764860599684377,93.52904205009634,0.7634139560745066,0.03987917162856894,76.34084126811747,0.563387690689111,56.338359975058026,0.7992771754239644,0.02087644773626693,39.96385877119822,0.6259863229879011,31.299316149395054,0.8407005838198499,0.008783293154027129,16.81388958447103,0.7022619673855865,14.045137360728752,0.8626633305532388,0.0045063754393098844,8.626570664783996,0.7438190426091531,7.438136415007661,0.4297302080191595,0.8220446852816579,0.23173803526448364,23.096557514693533,0.5062972292191436,10.126813018738307,0.6120906801007556,6.1214317501328575
2019-10-01,273,6885750,3831,2148,0.0005563664088879207,0.22057599973437217,0.8934720786305618,0.02142174327348503,0.42156095014356565,0.2345338367702585,421.5456451424713,0.15735567970204842,157.34996681794655,0.5554685460715217,0.15451641010746442,277.72418974092227,0.28677839851024206,143.38399343173828,0.6718872357086922,0.07476255482296901,134.37647138404043,0.430633147113594,86.12600402966773,0.7460193161054555,0.04150570739783322,74.60138990201779,0.5521415270018621,55.21375177253294,0.7776037588097102,0.021631630541335368,38.88018794048552,0.6070763500931099,30.353817504655492,0.804489689376142,0.008951781787974638,16.08972368743053,0.6536312849162011,13.072568743444407,0.8243278517358392,0.004586283266165632,8.243278517358393,0.6890130353817505,6.890130353817504,0.4542677197276354,0.85842467212585,0.25405405405405407,25.320720720720722,0.5432432432432432,10.86579667145705,0.6594594594594595,6.595160168745075
2019-10-02,274,6885750,4428,2877,0.0006430672040082779,0.17064443493244472,0.8777139219009499,0.02062777738866808,0.32362240289069555,0.20810339819924484,323.61065360217935,0.1153979840111227,115.3937944241342,0.4577687443541102,0.1471826895149579,228.87606240461187,0.23531456378171706,117.65301027882359,0.5878500451671184,0.07560486798919515,117.56915531991882,0.38373305526590196,76.74605377144803,0.6553748870822041,0.04214470359290133,65.53701281951679,0.4765380604796663,47.65346001841271,0.688572719060524,0.02213992666013143,34.428635953026195,0.5238095238095238,26.19047619047619,0.7172538392050587,0.009224808227971268,14.345014285400444,0.5672575599582899,11.345101770555535,0.7488708220415538,0.004815714681975489,7.488664718024554,0.6152241918665277,6.152206179893581,0.4721951780665577,0.8807740170531599,0.27058823529411763,26.968627450980392,0.5882352941176471,11.76571486227424,0.7058823529411765,7.059428917364545
2019-10-03,275,6885750,4180,2547,0.000607050793305014,0.2305096843265492,0.936701512554722,0.01752306391860609,0.3861244019138756,0.23438861458030788,386.1103834560658,0.11896348645465253,118.95916742014576,0.4937799043062201,0.14986930002904444,246.88098867822796,0.22575579112681587,112.87379746961024,0.6102870813397129,0.07409451334630689,122.05652996993605,0.3773066352571653,75.46077910255964,0.6655502392344498,0.04040198669726103,66.55454064609214,0.4562230074597566,45.62196946783263,0.6899521531100479,0.02094180009439785,34.49760765550239,0.49469964664310956,24.734982332155475,0.730622009569378,0.008870428998809143,14.612334085777526,0.5610522182960346,11.220962886322345,0.807177033492823,0.004899946120924397,8.071723445491667,0.6859049862583432,6.859010017918622,0.5238728110959293,0.89325663305012,0.30303030303030304,30.2020202020202,0.6,12.001029159519724,0.693939393939394,6.939989084671761
2019-10-04,276,6885750,3696,1598,0.0005367607014486439,0.30756077999433445,0.963040789813182,0.023774294323552544,0.5075757575757576,0.2724368283473715,507.55732975998734,0.1276595744680851,127.654939717342,0.6799242424242424,0.18247168167295963,339.94977870118555,0.35294117647058826,176.46418137397276,0.8281926406926406,0.08890760695924947,165.637325384105,0.6170212765957447,123.40335924131253,0.8733766233766234,0.046879084492724155,87.33702815091324,0.7115143929912391,71.15092264572634,0.8958333333333334,0.024042406419053843,44.79166666666667,0.7622027534418022,38.11013767209011,0.9101731601731602,0.00977086110796453,18.20338389452564,0.7934918648310388,15.869768154835983,0.9253246753246753,0.004966757578662113,9.253206438656019,0.8285356695869838,8.285320598187239,0.5358886010093233,0.8845951931879712,0.29737609329446063,29.63848396501458,0.6239067055393586,12.479204276662884,0.717201166180758,7.172626757147358
2019-10-05,277,6885750,3478,1493,0.0005051011146207748,0.2727163718471143,0.9545916662367745,0.009725126819950258,0.46003450258769407,0.23235550392099913,460.01780078321445,0.09845947756195579,98.45590293671756,0.582806210465785,0.1471826895149579,291.3925256836174,0.19156061620897522,95.77683074796333,0.7006900517538815,0.07078335124459031,140.13699276378316,0.3362357669122572,67.24666507932484,0.7642323174238068,0.03860117923843272,76.42267680880911,0.4608171466845278,46.081380054358064,0.8145485911443359,0.02057132068895408,40.72713382230177,0.5726724715338245,28.633415658776265,0.8637147786083956,0.008725227933509348,17.27422031143243,0.6865371734762223,13.730683647354107,0.9048303622771708,0.004570281696072637,9.04825106059004,0.78231748158071,7.8231293704780045,0.5217134723426705,0.9020485888011808,0.28486646884273,28.39169139465875,0.6261127596439169,12.523329142723352,0.712166172106825,7.1222724982312915
2019-10-06,278,6885750,3716,1715,0.0005396652506989072,0.3079753019262934,0.9665799315293547,0.015031044935741731,0.4970398277717976,0.26822538483880337,497.02178246872717,0.15160349854227406,151.59799449425844,0.5888051668460711,0.15887307580598314,294.39189497606253,0.22332361516034985,111.65775363711728,0.7053283100107642,0.07612768305788725,141.06463767918382,0.3877551020408163,77.55045728535686,0.7699138858988159,0.041548671923786286,76.98971143681685,0.5107871720116618,51.07760452053182,0.8215823466092572,0.022168972152634064,41.079117330462864,0.6180758017492711,30.90379008746356,0.8824004305705059,0.009524003160144994,17.647982981692248,0.746938775510204,14.938753815030987,0.9292249730893434,0.005014660584593534,9.292168762207998,0.8483965014577259,8.483891088938755,0.5603493834301011,0.9010446902180819,0.28450704225352114,28.355868544600938,0.6338028169014085,12.677143478365908,0.7605633802816901,7.606286087019544
2019-10-07,279,6885750,4079,1936,0.0005923828195911847,0.3289530267624576,0.9595340770186789,0.016837357270798773,0.4805099289041432,0.28463549230322394,480.4924837281011,0.13894628099173553,138.94123647093278,0.5756312821770042,0.17049085100203312,287.8051917840769,0.2184917355371901,109.24190153755494,0.690365285609218,0.08179151296871823,138.07205452913743,0.3755165289256198,75.10276043595768,0.7683255699926452,0.04551395625780592,76.83199909345112,0.518595041322314,51.859127563756196,0.8310860505025741,0.02461605489598083,41.55430252512871,0.6477272727272727,32.38636363636364,0.8926207403775435,0.010575448461752951,17.8523888809795,0.7753099173553719,15.50617582788175,0.915665604314783,0.005424222092486254,9.156616149383973,0.8238636363636364,8.238600469505139,0.5278681836428507,0.8926106575096036,0.2612359550561798,26.036516853932582,0.6320224719101124,12.641533524774992,0.7415730337078652,7.416366334534662
2019-10-08,280,6885750,4047,1749,0.0005877355407907636,0.27902741311045726,0.9473799900502665,0.014516867770770287,0.47714356313318507,0.2804240487946558,477.1262401748953,0.1126357918810749,112.63170257698397,0.616506053867062,0.18116468196340402,308.24183563862346,0.2538593481989708,126.92506584817482,0.7333827526562886,0.086206395771007,146.67548546582935,0.41223556317895943,82.44651396089111,0.7877440079070916,0.04629817886084406,78.77382878454583,0.5168667810177244,51.686302788242415,0.8257968865826538,0.024267508985949243,41.28984432913269,0.6009148084619783,30.045740423098916,0.8653323449468743,0.010171687158172349,17.306571497253582,0.6912521440823327,13.824982648632178,0.8870768470471955,0.005213635617699639,8.870716939603481,0.7415666094911378,7.415623016826831,0.5513313912622159,0.8709903636330731,0.2661290322580645,26.524193548387096,0.6344086021505376,12.689260222431251,0.717741935483871,7.178034913960051
2019-10-09,281,6885750,3934,1727,0.0005713248375267763,0.2655203064561551,0.9592502787038794,0.022100988595092807,0.4499237417386884,0.2570432762126053,449.90740701091687,0.14244354371742907,142.4383722265883,0.6156583629893239,0.1758640720302062,307.81800558769504,0.30631152287203245,153.15020103224637,0.7707168276563294,0.08806529379302332,154.14224624690144,0.5176606832657789,103.53138487313997,0.8502796136248093,0.04857823346597345,85.02734394721065,0.671685002895194,67.1680125575181,0.8932384341637011,0.02551646516356243,44.66192170818505,0.7631731325998842,38.158656629994205,0.9176410777834265,0.0104854075657589,18.352794902370192,0.815865662999421,16.317289562802834,0.9300965937976614,0.005313872853356569,9.300965937976613,0.8442385639837869,8.44238563983787,0.5553030822056239,0.8699274160768853,0.2638522427440633,26.297273526824977,0.6385224274406333,12.771543784537263,0.7150395778364116,7.151009019854542
2019-10-10,282,6885750,4086,1915,0.0005933994118287768,0.2759759252988584,0.9610096126662827,0.02215431093655616,0.44150758688203623,0.26198083067092653,441.49155770737457,0.13211488250652742,132.11008600338675,0.5775819872736172,0.17136218414173685,288.7805089216751,0.26579634464751956,132.89334738285348,0.7508565834557024,0.08911092393040751,150.17022624909532,0.4960835509138381,99.2159897384461,0.8404307391091532,0.049870748496906675,84.04246364722837,0.6642297650130549,66.42249418279128,0.877875673029858,0.02604654540173547,43.8937836514929,0.7404699738903394,37.023498694516974,0.9069995105237396,0.010764243888837252,18.139963866265568,0.802088772845953,16.041752159889455,0.9287812041116006,0.00551135819035752,9.287771575931055,0.8485639686684073,8.485602716407561,0.5275481369996975,0.8576537297674375,0.2712765957446808,27.03723404255319,0.6170212765957447,12.341483887449362,0.7101063829787234,7.101672840407284
2019-10-11,283,6885750,4210,2085,0.0006114076171804088,0.270890894926855,0.9568967742554341,0.020037061325955747,0.4194774346793349,0.2564623874528028,419.46220532141024,0.12278177458033573,122.77731692078808,0.5520190023752969,0.16874818472262562,275.99948051159606,0.24412470023980815,122.05791857945533,0.7009501187648456,0.08571262598390891,140.18900578829,0.4378896882494005,87.57730171841497,0.790498812351544,0.04833134857242441,79.0493072286393,0.5937649880095923,59.376067649177294,0.8342042755344418,0.025501942417311112,41.71021377672209,0.6762589928057554,33.81294964028776,0.8624703087885985,0.010546403011432288,17.249381124933464,0.7318944844124701,14.637868430044511,0.9009501187648457,0.0055084376543030585,9.009435766773702,0.807673860911271,8.076679961325894,0.5275581970215264,0.8626236090392905,0.2639593908629442,26.307952622673433,0.6091370558375635,12.18378594875099,0.6751269035532995,6.751848046599507
2019-10-12,284,6885750,3952,1754,0.0005739389318520132,0.2955887624016554,0.9407995651228002,0.01609040994635428,0.48709514170040485,0.2795527156549521,487.0774574446069,0.14310148232611175,143.0962869484496,0.6123481781376519,0.1757188498402556,306.1629732508958,0.26738882554161914,133.6895589219579,0.7317813765182186,0.08399895436986261,146.35521256383643,0.42474344355758265,84.94807187187037,0.7897267206477733,0.04532516192744489,78.97209861890275,0.5381984036488028,53.819449561775585,0.8236336032388664,0.02363576952401699,41.18168016194332,0.6088939566704675,30.444697833523374,0.840334008097166,0.009645994051491774,16.806655754063637,0.645381984036488,12.907620935319406,0.8608299595141701,0.00494062392441223,8.60827459198419,0.6915621436716077,6.915601350011362,0.5096616137730863,0.8485314590429879,0.2558139534883721,25.49612403100775,0.5762273901808785,11.525536186791124,0.6692506459948321,6.693080431342827
2019-10-13,285,6885750,3717,1563,0.0005398104781614203,0.30520779369916523,0.9613197320401066,0.017844874794025137,0.5065913370998116,0.2734533836770259,506.5729450239658,0.15419065898912349,154.18506101283137,0.6373419424266882,0.17201568399651468,318.6594016892658,0.2891874600127959,144.5884804518668,0.7600215227333872,0.08205292050306427,152.00320079472016,0.46449136276391556,92.89759798866164,0.8283562012375572,0.04471521101397078,82.83501862777759,0.6014075495841331,60.140318257122544,0.8738229755178908,0.023584939912137386,43.69114877589454,0.708253358925144,35.412667946257194,0.9015334947538337,0.009733102132220315,18.03059133896584,0.7722328854766475,15.44459042017266,0.9184826472962067,0.0049580583697369646,9.184813134091016,0.8119001919385797,8.118990128382451,0.49726055468587044,0.8575655341689626,0.26575342465753427,26.486757990867584,0.5808219178082191,11.617434620174347,0.6575342465753424,6.575906388777932
2019-10-14,286,6885750,3493,1414,0.0005072795265584722,0.27999633932604107,0.9522147492921387,0.0124328612522767,0.48726023475522473,0.24716816729596283,487.242544505633,0.12588401697312587,125.87944668496972,0.6198110506727741,0.15720302062155098,309.8942740466203,0.2538896746817539,126.94022853905655,0.7477812768393931,0.07586627552354121,149.5551693919908,0.42503536067892506,85.00645487219808,0.800458058975093,0.040605303668419065,80.04522465926613,0.5240452616690241,52.404145640847574,0.8290867449184083,0.021028936571905747,41.454337245920414,0.5912305516265912,29.56152758132956,0.8668766103635843,0.008794911266664731,17.33740631389541,0.6803394625176803,13.606690447097264,0.8949327225880332,0.004539803885119435,8.949314229018364,0.7475247524752475,7.475236668655944,0.483695050548882,0.8718721345845384,0.26857142857142857,26.767619047619046,0.5942857142857143,11.886733643714775,0.6857142857142857,6.857730948296986
2019-10-15,287,6885750,3774,1785,0.0005480884435246705,0.25445378044730155,0.939072316922319,0.01239795195919991,0.44435612082670906,0.24353761254719722,444.33998823446296,0.11876750700280111,118.76319508343563,0.5678325384207737,0.15560557653209411,283.90596147479255,0.22240896358543416,111.20044445312251,0.6767355590885002,0.07418164919108891,135.34612901895613,0.35294117647058826,70.58772273032481,0.7352941176470589,0.040300328211682016,73.52887784408836,0.4526610644257703,45.26577775087495,0.7829888712241654,0.021457357586319573,39.149443561208265,0.5495798319327732,27.478991596638654,0.8177000529941706,0.00896337389990996,16.353882308241918,0.6218487394957983,12.436884481057227,0.8516163222045575,0.00466759708790738,8.51613848650192,0.692436974789916,6.9243496357846155,0.48097660205028636,0.8744363710020381,0.24661246612466126,24.579042457091237,0.5528455284552846,11.057858846169937,0.6612466124661247,6.613033231533001
2019-10-16,288,6885750,4146,2200,0.0006021130595795665,0.2349494517649302,0.919765658379571,0.012397304486353242,0.4257115291847564,0.25631716526285214,425.6960734946175,0.10227272727272728,102.26901420537058,0.5306319343945972,0.1597444089456869,265.3063347558523,0.20227272727272727,101.1326918253109,0.6314520019295706,0.07604054721310523,126.28948335085367,0.3327272727272727,66.54497133758802,0.6808972503617945,0.04099741496993813,68.08923061487012,0.4059090909090909,40.590614347312915,0.7161119150988905,0.021559016810078786,35.80559575494453,0.47045454545454546,23.522727272727273,0.7563917028461168,0.009108653220559532,15.127812087184708,0.545,10.899984170229576,0.8055957549445248,0.004850583159181907,8.05593415058775,0.6363636363636364,6.36361788019482,0.4745310476034432,0.8609076351171825,0.25675675675675674,25.59009009009009,0.5513513513513514,11.027972741180289,0.6432432432432432,6.432984099021835
2019-10-17,289,6885750,4651,2338,0.0006754529281487129,0.2863261001235994,0.9443514781792737,0.02141659787709044,0.430875080627822,0.2910252686610514,430.85943747212093,0.1176218990590248,117.61762873158294,0.5738550849279724,0.19379901248910833,286.9171254024678,0.25021385799828916,125.10238692359277,0.708449795742851,0.09570420285224665,141.68893029237955,0.4388366124893071,87.76668519121225,0.7742420984734466,0.0522960295100061,77.42364764535036,0.5573139435414884,55.73098967063819,0.8150935282734896,0.027527865519369712,40.754676413674474,0.6355859709153122,31.779298545765613,0.8497097398408945,0.011478761966725532,16.99417011661585,0.7040205303678357,14.080390158763377,0.8740055901956568,0.005903496351160004,8.740055901956568,0.7523524379811805,7.523524379811806,0.49889699016449995,0.8588351158731717,0.23459715639810427,23.381516587677723,0.5687203791469194,11.375383089592157,0.6421800947867299,6.422351702665572
2019-10-18,290,6885750,5512,3040,0.0008004937733725447,0.2636360233428309,0.9267145372694776,0.021134076396433627,0.3902394775036285,0.31237293058379323,390.22530964574645,0.11019736842105263,110.19336764526041,0.5103410740203193,0.2042550101655533,255.1612729041108,0.21414473684210528,107.0684811000963,0.636066763425254,0.10183275726858172,127.212428948138,0.36348684210526316,72.6968405421684,0.70355587808418,0.0563188010107758,70.3550769339531,0.4723684210526316,47.23649910341802,0.760522496371553,0.030439676142758595,38.02612481857765,0.5713815789473684,28.56907894736842,0.8095065312046444,0.012960079933079283,16.190107111611155,0.6592105263157895,13.184191379249196,0.8367198838896952,0.0066978905711069965,8.367198838896952,0.7082236842105263,7.082236842105263,0.4610474864685436,0.825735262109083,0.19076305220883535,19.012717536813923,0.5060240963855421,10.121349893570853,0.5843373493975904,5.84387464093079
2019-10-19,291,6885750,6051,3394,0.0008787713756671387,0.2590386300296617,0.9165711589761484,0.02165932324695102,0.35845314823996033,0.31498693000290445,358.4401344021648,0.10341779611078374,103.41404147107596,0.48768798545694925,0.2142753412721464,243.83513983881707,0.199469652327637,99.73120523635104,0.6291522062469014,0.11057538702837724,125.82952755423048,0.3632881555686506,72.6571035233912,0.7048421748471327,0.061939062999215776,70.48370567622707,0.48232174425456686,48.23182419618467,0.7471492315319782,0.032828667901100096,37.35746157659891,0.5530347672362994,27.651738361814967,0.7782184762849116,0.013677502555999628,15.56434692199214,0.6072480848556275,12.14494405931847,0.8168897702859031,0.007178583046751557,8.168885839393411,0.6756040070713023,6.756030259101711,0.4491196833832709,0.8085708535971827,0.1884328358208955,18.780472636815922,0.4832089552238806,9.665007936304756,0.5503731343283582,5.504203361409079
2019-10-20,292,6885750,5951,3151,0.0008642486294158225,0.2590275518240967,0.9141966129689167,0.015869882583376266,0.3817845740211729,0.32994481556781874,381.7707131231907,0.10695017454776261,106.94629166312177,0.48781717358427157,0.2107900087133314,243.89973155735535,0.17613456045699777,88.06408289767444,0.6193916988741388,0.10706090795550263,123.87744025451224,0.3113297365915582,62.26549518531825,0.673332213073433,0.058192221673589124,67.33273237924993,0.3925737860996509,39.25709354956099,0.7013947235758696,0.03030897142649675,35.069736178793484,0.4411298000634719,22.056490003173593,0.7319778188539742,0.012652161410907697,14.63949259538862,0.49603300539511264,9.920616885521747,0.7827255923374222,0.006764695203863051,7.827255923374223,0.5912408759124088,5.912408759124087,0.4343126461734546,0.8036211959323656,0.18714555765595464,18.652173913043477,0.4669187145557656,9.339175180848683,0.5519848771266541,5.52032217167574
2019-10-21,293,6885750,5129,2457,0.000744871655230004,0.23149652532787393,0.9294747377443227,0.0099048231729958,0.38038604016377464,0.2833284925936683,380.37223004032984,0.05291005291005291,52.90813198161441,0.520959251316046,0.19401684577403427,260.4701688026041,0.1628001628001628,81.39712612556063,0.645349970754533,0.09613988207615673,129.06905693232525,0.29833129833129834,59.66582641043125,0.693702476116202,0.05167155595573499,69.36974389202618,0.36955636955636956,36.95536860891649,0.7196334568141938,0.026801728206803908,35.98167284070969,0.4183964183964184,20.91982091982092,0.742054981477871,0.01105469839204387,14.841078076236318,0.4635734635734636,9.271455806769264,0.7777344511600702,0.005793123479650002,7.7773445116007025,0.5376475376475377,5.376475376475376,0.5036871197970691,0.8516671264994566,0.20850202429149797,20.780701754385962,0.5425101214574899,10.851132978243207,0.6295546558704453,6.296086485510517
2019-10-22,294,6885750,4236,2025,0.000615183531205751,0.19166328554178494,0.9280704819660975,0.008787381045957193,0.37110481586402266,0.22828928260238165,371.0913427005074,0.056296296296296296,56.29425242843772,0.5056657223796034,0.15553296543711878,252.82368195435333,0.1639506172839506,81.97233248351459,0.648961284230406,0.07984547910191989,129.791314382919,0.3111111111111111,62.221770406730755,0.7065627950897073,0.043466263905428563,70.65576645108705,0.3960493827160494,39.60465068745878,0.7360717658168083,0.022640961405801838,36.803588290840416,0.4533333333333333,22.666666666666664,0.7596789423984891,0.009346771616950826,15.193468522525768,0.5017283950617284,10.034495037021976,0.78328611898017,0.004818640208197788,7.832849814352672,0.5506172839506173,5.506164843042689,0.508381971822302,0.8610441709212584,0.2021505376344086,20.147670250896056,0.578494623655914,11.57088474520002,0.6537634408602151,6.538195097659491
2019-10-23,295,6885750,3606,1748,0.0005236902298224594,0.19909801846673475,0.9081206609150535,0.005583859739904613,0.39905712701053797,0.2089747313389486,399.04263902306303,0.05320366132723112,53.20172973917829,0.5174708818635607,0.1354923032239326,258.72604739994284,0.14016018306636155,70.07754723708968,0.6356073211314476,0.06657178541345958,127.12054115660824,0.2683066361556064,53.66093757903124,0.6738768718801996,0.03529001713671614,67.38719786443238,0.3340961098398169,33.40936838609195,0.6957848031059346,0.018218785172276077,34.78924015529673,0.37643020594965676,18.82151029748284,0.7210205213533001,0.007551773214441314,14.420305715845613,0.42620137299771166,8.523965564259761,0.7415418746533555,0.003883371068159407,7.415397208147154,0.4685354691075515,4.685341082271587,0.45757334758162205,0.8490590903649485,0.2283653846153846,22.760416666666668,0.5288461538461539,10.577830188679247,0.625,6.250536020583191
2019-10-24,296,6885750,3217,1489,0.0004671967469048397,0.19958001922225757,0.9171274675946093,0.0075195031298746955,0.42493005906123715,0.19851873366250364,424.91463174279903,0.08797850906648758,87.97531495854876,0.5396331986322661,0.12605286087714201,269.8068034767736,0.18132975151108127,90.66158411758843,0.6680136773391359,0.06241831014551686,133.6017653355588,0.32505036937541976,65.0096018161084,0.722101336649052,0.03373609457143687,72.20960932398863,0.40899932840832776,40.899635853316134,0.7603357165060616,0.01776131866535962,38.01678582530308,0.48488918737407655,24.244459368703826,0.792353124028598,0.007403685286736686,15.847039466318662,0.5527199462726662,11.054382871453583,0.8119365868821884,0.0037933413208437717,8.119365868821884,0.5943586299529886,5.943586299529886,0.46606862888394357,0.8534769115991434,0.24050632911392406,23.970464135021096,0.5772151898734177,11.545293874981,0.6531645569620254,6.53220574505504
2019-10-25,297,6885750,3123,1705,0.00045354536542860255,0.17450670500699242,0.9132481595475082,0.008819207591505543,0.3861671469740634,0.1751379610804531,386.15312696437076,0.07917888563049853,79.17601099770626,0.49343579891130324,0.11189369735695615,246.7089422272369,0.17653958944281525,88.26659003818364,0.6256804354787063,0.05675448023468588,125.13517844251946,0.34134897360703814,68.26929899255461,0.6845981428113993,0.031049406023991404,68.45931717249401,0.43049853372434016,43.04954077365557,0.7156580211335255,0.016229168935845768,35.78290105667627,0.4809384164222874,24.04692082111437,0.7470381043868075,0.006776283877788719,14.940696993750775,0.5378299120234604,10.756551376069357,0.7861031059878322,0.00356531349344084,7.860985394639854,0.6087976539589443,6.087941174139497,0.4213295684331029,0.8393614021845306,0.2275,22.674166666666668,0.515,10.300883361921098,0.62,6.200531732418525
2019-10-26,298,6885750,3156,1548,0.0004583378716915369,0.23309334450497718,0.9363104062262597,0.007639593837900108,0.4508871989860583,0.2066511762997386,450.8708292794439,0.09560723514211886,95.60376406910324,0.54404309252218,0.1246732500726111,272.01167036992456,0.1847545219638243,92.37390717487678,0.6438529784537389,0.05901829799593378,128.76592060377092,0.30103359173126615,60.204532508381234,0.6967680608365019,0.031935287112608554,69.67630013803686,0.3888888888888889,38.88860650420673,0.7259188846641318,0.01663580583088262,36.29594423320659,0.4450904392764858,22.25452196382429,0.764575411913815,0.007008646805445425,15.291441616158375,0.5232558139534884,10.46507068459995,0.8346007604562737,0.0038252858072311555,8.345995483885275,0.6660206718346253,6.660197045911085,0.4150919608823662,0.8374522529320227,0.24390243902439024,24.308943089430894,0.5149051490514905,10.298986180256314,0.6476964769647696,6.477520255476997
2019-10-27,299,6885750,3262,1636,0.00047373198271793195,0.2365440198395698,0.9339704791958938,0.009292898392528183,0.43408951563458004,0.20563462097008423,434.07375577705625,0.07518337408312958,75.18064450957154,0.5481299816063765,0.12982863781585827,274.05504072364994,0.19621026894865526,98.10157271370919,0.664316370324954,0.06294112521420896,132.86230930218863,0.347799511002445,69.55939710375223,0.721030042918455,0.03415725115454994,72.10248072882963,0.44682151589242053,44.68182713782327,0.7526057633353771,0.01782667102349054,37.63028816676885,0.508557457212714,25.4278728606357,0.7795830778663396,0.007386258016544288,15.591638913985234,0.5623471882640587,11.246927431653853,0.8240343347639485,0.003903714192353774,8.240343347639485,0.6503667481662592,6.503667481662592,0.40148298828519396,0.8221220302106362,0.2610062893081761,26.013626834381554,0.5723270440251572,11.44752257354607,0.6226415094339622,6.226949092203631
2019-10-28,300,6885750,2648,1230,0.00038456232073485097,0.2198000978201296,0.9577338797528879,0.009248679087897492,0.4652567975830816,0.17891373801916932,465.2399061803229,0.0959349593495935,95.9314763783711,0.5913897280966768,0.11370897473133895,295.6841286844098,0.22032520325203253,110.15860211245156,0.7137462235649547,0.054895582212669554,142.74820816498843,0.4024390243902439,80.48722043030939,0.774546827794562,0.029785936274652182,77.45412035618816,0.5211382113821138,52.1134427230589,0.8138217522658611,0.015648145458770222,40.69079214226853,0.6008130081300813,30.040432271716483,0.8496978851963746,0.006535226322148899,16.99393302406978,0.6780487804878049,13.560955915523929,0.895392749244713,0.003443338135514453,8.953914488904323,0.775609756097561,7.75608629700829,0.4535466239890447,0.8652778774850373,0.3106060606060606,30.957070707070702,0.6325757575757576,12.652600187119912,0.6856060606060606,6.856648604397318
2019-10-29,301,6885750,2497,1148,0.0003626329738953636,0.21167731882371074,0.9456252018935484,0.011995934474491822,0.513015618742491,0.18602962532674994,512.9969934295829,0.1445993031358885,144.59405337902183,0.6427713255907088,0.11654080743537612,321.37399471291195,0.289198606271777,144.59405337902183,0.7533039647577092,0.05463417467832351,150.65969895525276,0.47473867595818814,94.94704574571129,0.8009611533840608,0.029045281594005053,80.09553373484994,0.5722996515679443,57.22954959168102,0.828594313175811,0.015023562813595997,41.42911399428059,0.6297909407665505,31.48908973026769,0.8554265118141771,0.006204054128629561,17.10835631406127,0.6881533101045296,13.76292628925027,0.8782539046856227,0.003184838252913626,8.782539046856227,0.7378048780487805,7.378048780487805,0.46192498886128486,0.8393896401009583,0.3231939163498099,32.21166032953105,0.6083650190114068,12.168343887979443,0.6806083650190115,6.8066673623385014
2019-10-30,302,6885750,2217,1116,0.00032196928439167847,0.1581736019926787,0.9284230302275513,0.008594472304597284,0.45241317095173655,0.14565785652047633,452.39674584387456,0.13440860215053763,134.4037223726495,0.5814163283716735,0.09359570142317745,290.6976098667768,0.25627240143369173,128.13154866192585,0.6792963464140731,0.04374219408057161,135.85828276513124,0.3763440860215054,75.26827065330335,0.7338746053225079,0.02362833657672311,73.38692764238662,0.4767025089605735,47.66990474709211,0.7564276048714479,0.01217732273172857,37.82138024357239,0.5197132616487455,25.985663082437274,0.7731168245376635,0.004978361265212466,15.4622242137739,0.5510752688172043,11.021425345662275,0.8128101037437979,0.0026169950738916255,8.128089233220235,0.6299283154121864,6.299274005846068,0.4388411452556984,0.8256365486722788,0.31851851851851853,31.74567901234568,0.5740740740740741,11.482466171145417,0.6555555555555556,6.55611778158948
2019-10-31,303,6885750,2702,1351,0.0003924046037105617,0.2456022125451241,0.9204900966119678,0.006887714155068324,0.44892672094744634,0.17615451641010746,448.9104224170605,0.07994078460399703,79.9378823100454,0.5495928941524797,0.10782747603833866,274.78647044078104,0.17690599555884529,88.44978644491133,0.6650629163582531,0.05219437102442708,133.01161742466644,0.34122871946706146,68.24524833920005,0.7065136935603257,0.027723721281477823,70.65085633380308,0.41820873427091043,41.82056975232974,0.7216876387860843,0.014159677595033221,36.084381939304215,0.4478164322723908,22.39082161361954,0.7479644707623982,0.005870000261405256,14.959050444104825,0.4996299037749815,9.992438446086847,0.7986676535899334,0.0031339995381780106,7.986653338271368,0.6010362694300518,6.010345236956766,0.43101592764023156,0.827910769346234,0.3202846975088968,31.921708185053383,0.5516014234875445,11.032974612844352,0.608540925266904,6.08593115740769
2019-11-01,304,6885750,2887,1392,0.0004192716842754965,0.2616496758786344,0.9091939931370587,0.013461216199036402,0.5015587114651888,0.2102817310485042,501.5405021015718,0.15229885057471265,152.2933212815608,0.6328368548666435,0.13266047051989543,316.4069396890786,0.29813218390804597,149.06068002794277,0.7374437131970905,0.06183740451363676,147.4876716764026,0.4640804597701149,92.81541798664118,0.7634222376169033,0.03200790031659357,76.34166941634368,0.5129310344827587,51.29273099261749,0.7769310703152061,0.016287259920851033,38.846553515760306,0.5387931034482759,26.939655172413794,0.7897471423623138,0.00662230496876189,15.794782278715687,0.5653735632183908,11.307356314661245,0.8011776931070316,0.0033591014512538175,8.011753660537227,0.5890804597701149,5.890787487618769,0.4516821655764176,0.8374747789208036,0.3346456692913386,33.35301837270341,0.562992125984252,11.260808200861685,0.6181102362204725,6.181632473899596
2019-11-02,305,6885750,2929,1425,0.0004253712377010493,0.22568212061463697,0.9590464739418335,0.01758682297722412,0.4779788323659952,0.20331106593087422,477.96147908279863,0.15157894736842106,151.57344421174926,0.6254694434960737,0.133023525994772,312.7233677427454,0.3192982456140351,159.64332665820814,0.7644247183339024,0.06503238548897732,152.88383352022038,0.5333333333333333,106.66589212582416,0.806077159440082,0.034287954921722964,80.60713062555612,0.6070175438596491,60.701313611077566,0.8299761010583817,0.01765226988875657,41.49850371679943,0.6540350877192982,32.701516928048726,0.8671901672925914,0.007377522953100448,17.343727782284535,0.7305263157894737,14.610462660576925,0.896210310686241,0.0038122153545868576,8.962090091446383,0.7901754385964912,7.901742910464189,0.45652635371666506,0.8641819538312999,0.3246268656716418,32.354477611940304,0.5708955223880597,11.41888968536392,0.6455223880597015,6.455777501856072
2019-11-03,306,6885750,3451,1796,0.0005011799731329194,0.23437447016135293,0.9607250967511888,0.017521999496829213,0.4488554042306578,0.2249491722335173,448.83910828946443,0.14699331848552338,146.98798181261873,0.5711388003477254,0.1431164681963404,285.55903242044366,0.27839643652561247,139.19316459528287,0.6960301361924079,0.06976676638880014,139.20501641891641,0.4287305122494432,85.74547981996582,0.7473196175021732,0.03745389061546952,74.73141909749906,0.5206013363028953,52.05975560497925,0.7780353520718633,0.019496786842391898,38.901767603593164,0.5785077951002228,28.925389755011132,0.834830483917705,0.008367994237382657,16.696585430326756,0.6865256124721604,13.730492308997635,0.8974210373804694,0.004497681450295319,8.974184307844391,0.8067928730512249,8.067905296883968,0.42126653342121884,0.871748106443443,0.28716216216216217,28.620495495495494,0.5168918918918919,10.33872444485652,0.6385135135135135,6.385682745352556
2019-11-04,307,6885750,4607,2620,0.0006690629197981338,0.21502956681756882,0.950484358200366,0.016566310340071035,0.3742131538962448,0.2503630554748766,374.1995678828156,0.08015267175572519,80.1497617690945,0.49750379856739746,0.16642462968341562,248.74286820980663,0.1851145038167939,92.55389156669246,0.6340351638810505,0.08484126753608877,126.80611198971636,0.3648854961832061,72.9765693265419,0.6982852181462991,0.04671933544395713,69.82801476736006,0.4732824427480916,47.32790060926358,0.7471239418276536,0.02499364629851505,37.35619709138268,0.5576335877862595,27.881679389312975,0.8220099848057304,0.010999480087949367,16.44012806937212,0.6889312977099237,13.77856592341349,0.8827870631647493,0.005906400900410267,8.827870631647492,0.7958015267175572,7.958015267175572,0.44910130573033347,0.8708423998738568,0.27380952380952384,27.28968253968254,0.5476190476190477,10.95332026464102,0.6428571428571429,6.429122764028425
2019-11-05,308,6885750,8168,5690,0.001186217913807501,0.1576181478213375,0.9148301109497288,0.020315872324984576,0.21890303623898139,0.25965727563171653,218.89508884440403,0.033391915641476276,33.390703329697246,0.31341821743388837,0.1858844031367993,156.70341930695588,0.09507908611599297,47.537817108858455,0.4593535749265426,0.10897789654070696,91.87004788261176,0.24042179261862917,48.08400936779244,0.5653770812928501,0.06706555520055767,56.53729759087169,0.3829525483304042,38.29497675892534,0.6420176297747306,0.03807836416974063,32.10064839395097,0.49015817223198593,24.50773065182257,0.7387365328109696,0.01752592291382265,14.774623372166294,0.6282952548330404,12.565813851597802,0.8224779627815867,0.009756380931634173,8.224779627815867,0.7476274165202109,7.476274165202109,0.467329473198706,0.8754866778346422,0.26956521739130435,26.866666666666667,0.5420289855072464,10.841509433962264,0.6840579710144927,6.841166380789023
2019-11-06,309,6885750,9104,6285,0.0013221508187198198,0.18468550878809123,0.9177947162773985,0.018273285270763943,0.23659929701230228,0.31280859715364506,236.59070714528906,0.03882259347653142,38.82118400102037,0.3182117750439367,0.21035434214347953,159.10011109561339,0.08480509148766906,42.40100629619643,0.4439806678383128,0.11740102820296842,88.79548879048659,0.20875099443118536,41.74989572466626,0.5346001757469244,0.0706816927590113,53.45962938437633,0.32967382657120126,32.96714327039196,0.6010544815465729,0.03973423374360092,30.05272407732865,0.4243436754176611,21.217183770883054,0.6983743409490334,0.018466990037468413,13.967385396583714,0.5648369132856006,11.296656236476007,0.797231985940246,0.010540609229205243,7.972319859402461,0.7078758949880668,7.078758949880668,0.48231489957678186,0.8917330996250488,0.26426426426426425,26.33833833833834,0.5765765765765766,11.532520513652589,0.6846846846846847,6.847434054981225
2019-11-07,310,6885750,10005,5463,0.0014530007624441782,0.35144860229383984,0.9546081694821235,0.028595580435412937,0.33823088455772116,0.49143189079291316,338.21860490028007,0.038257367746659346,38.25597879197787,0.4662668665667166,0.33873075805983155,233.1249692464253,0.12099578985905181,60.49569852032864,0.6206896551724138,0.18037119869877138,124.13702962919191,0.3174080175727622,63.48114255428991,0.7105447276361819,0.10324145342589096,71.0539568143257,0.4735493318689365,47.35458932755133,0.777111444277861,0.05645717605199143,38.855572213893055,0.5936298736957716,29.681493684788578,0.8518740629685158,0.024755365405226423,17.03740703038859,0.7300018304960645,14.59997300041034,0.8976511744127936,0.013042802641381744,8.976459598989939,0.8136555006406736,8.13650774063182,0.5377676123166006,0.8877004685704182,0.29714285714285715,29.61523809523809,0.6171428571428571,12.343915706934576,0.6885714285714286,6.886304827248223
2019-11-08,311,6885750,7578,2567,0.0011005337109247359,0.36982656961430366,0.9805156452321994,0.020518771362372224,0.38796516231195566,0.4269532384548359,387.9510770243318,0.012465913517724971,12.465460935909775,0.6046450250725786,0.33270403717688063,302.3115365519538,0.14257888585897935,71.28685472723403,0.8053576141462128,0.17726335356821285,161.0703532373082,0.4589014413712505,91.77962182817068,0.8647400369490631,0.09516686514275756,86.47337577945933,0.6077132839890923,60.770887118822685,0.9014251781472684,0.04960243982137022,45.07125890736342,0.712115309700039,35.605765485001946,0.9308524676695699,0.020488660656194813,18.61702231636229,0.7974289053369692,15.94855494505773,0.9518342570599103,0.010475226445263202,9.518314924184626,0.8593689131281652,8.593664170560828,0.5602886221321132,0.8878392971265702,0.311046511627907,31.000968992248062,0.6191860465116279,12.384782998922972,0.6976744186046512,6.977342534604492
2019-11-09,312,6885750,8346,2881,0.0012120684021348436,0.40537528536606043,0.9780774366046087,0.02172408989209775,0.38054157680325906,0.46122567528318326,380.5277610329714,0.018049288441513364,18.048633152214734,0.5629043853342919,0.34112692419401686,281.4419743911996,0.09128774730996182,45.642216529158404,0.7928348909657321,0.19219262830753145,158.56582678751315,0.43734814300590075,87.46899345618174,0.8734723220704529,0.10587005141014842,87.34659795080633,0.6393613328705311,63.935669026304275,0.9016295231248502,0.054641832770576916,45.081476156242516,0.7174592155501562,35.872960777507814,0.924634555475677,0.022414178703480486,18.492503116162325,0.7827143353002429,15.654127567359147,0.945123412413132,0.011455492333475656,9.45119294694824,0.8420687261367581,8.420650574076113,0.5772326766243239,0.8844010237199651,0.28532608695652173,28.4375,0.6277173913043478,12.555424528301886,0.7119565217391305,7.120175814751287
2019-11-10,313,6885750,7600,2584,0.0011037287151000254,0.3864717673875133,0.965349576299395,0.013146660107162195,0.4080263157894737,0.4503340110368864,408.01150217068954,0.03637770897832817,36.37638826568737,0.5630263157894737,0.31070287539936103,281.5029374054145,0.0936532507739938,46.82492532072523,0.7560526315789474,0.16689418803915304,151.20942832771027,0.32004643962848295,64.00882313374849,0.8317105263157895,0.09179761247785297,83.1704486999179,0.5104489164086687,51.044520987553966,0.8607894736842105,0.04750390298805504,43.03947368421053,0.5936532507739938,29.682662538699688,0.8919736842105264,0.019689910772376615,17.839447776433193,0.6845975232198143,13.691930579952935,0.9161842105263158,0.010112173529138395,9.161828799771671,0.7550309597523219,7.550298632416103,0.5907778575068625,0.8882724266103844,0.307909604519774,30.688323917137478,0.6497175141242938,12.995464720760532,0.7344632768361582,7.345262668255953
2019-11-11,314,6885750,7523,2585,0.001092546200486512,0.4181352426249689,0.9625897243570491,0.01602802648475706,0.43599627808055297,0.4763287830380482,435.9804489969747,0.06382978723404255,63.827469858671,0.6065399441712083,0.3313244263723497,303.258961703231,0.1528046421663443,76.39954725507589,0.7716336567858567,0.16860785965319933,154.3256107413289,0.3798839458413926,75.97623747646954,0.8322477734946165,0.09092625403003282,83.22417302768822,0.5218568665377176,52.185307716780756,0.8569719526784527,0.046814072541117524,42.84859763392264,0.5891682785299807,29.45841392649903,0.8828924631131198,0.01929198810298355,17.65782361825322,0.6630560928433269,13.261102598103733,0.906021533962515,0.00989870384489707,9.06021533962515,0.7299806576402321,7.299806576402321,0.6023682797076497,0.9011772858043292,0.311614730878187,31.057601510859303,0.6345609065155807,12.69230657097459,0.71671388101983,7.1677534876262765
2019-11-12,315,6885750,7152,2046,0.0010386668118941291,0.48258556765930066,0.9769662118685066,0.01526432514599176,0.4928691275167785,0.5119082195759512,492.8512336332643,0.04056695992179863,40.565487116108756,0.6717002237136466,0.3488237002613999,335.8379186346385,0.16617790811339198,83.08593746672878,0.8231263982102909,0.17098957274390775,164.624084245157,0.4281524926686217,85.62987674323861,0.879334451901566,0.0913328879723489,87.93280667723734,0.592375366568915,59.237106514158214,0.9035234899328859,0.0469229931380024,45.1761744966443,0.6705767350928641,33.5288367546432,0.9210011185682326,0.019132182555934112,18.419942118921046,0.7297165200391007,14.594266816131903,0.9423937360178971,0.009788330973387067,9.423937360178972,0.804496578690127,8.04496578690127,0.6208018880593716,0.9131138615990118,0.30446927374301674,30.34543761638734,0.6564245810055865,13.12961756278927,0.7513966480446927,7.514610902958115
2019-11-13,316,6885750,6587,2194,0.0009566132955741931,0.42111303485294466,0.9678040875452387,0.009761927518407654,0.47366023986640354,0.4530932326459483,473.64304337207204,0.02552415679124886,25.523230122762392,0.6268407469257629,0.2998112111530642,313.4089945646291,0.11531449407474932,57.65515375945433,0.7660543494762411,0.1465624909233495,153.20975738203336,0.32315405651777573,64.63034199852666,0.8129649309245484,0.07776874146794853,81.29590277257121,0.4425706472196901,44.256743357242165,0.8322453317139821,0.03980684747485749,41.6122665856991,0.4977210574293528,24.886052871467637,0.8563837862456354,0.016384538525885305,17.127650850859986,0.5692798541476755,11.385580547963787,0.908911492333384,0.008694755553490101,9.089101723462042,0.726982680036463,7.269816242594972,0.5979549708106413,0.9047338254764824,0.29971181556195964,29.87127761767531,0.6628242074927954,13.257621069594316,0.7319884726224783,7.320512503645557
2019-11-14,317,6885750,7334,3038,0.0010650982100715246,0.36361934903160814,0.9528183144136021,0.01192027004602306,0.4046904826833924,0.4310194597734534,404.67579017385555,0.02040816326530612,20.40742233576556,0.5409053722388873,0.28804821376706363,270.4428671866046,0.08393680052666228,41.9668765775824,0.6861194436869376,0.14615585698103342,137.22289231076505,0.271889400921659,54.377485329121185,0.7611126261248977,0.0810653809288681,76.110709944226,0.4292297564186965,42.922663964391056,0.7999727297518407,0.04260247612823585,39.99863648759204,0.521724818959842,26.0862409479921,0.8414235069539133,0.017923895332119237,16.82839682071721,0.619486504279131,12.389676105945952,0.8928279247341151,0.009509480434984664,8.928266281046584,0.7432521395655036,7.432510601608489,0.5583404751702707,0.86721259903007,0.2860824742268041,28.51288659793814,0.5927835051546392,11.856686884405226,0.6752577319587629,6.75315644285689
2019-11-15,318,6885750,6880,2808,0.0009991649420905493,0.3830429592657228,0.9606058283711656,0.014943181917507835,0.4206395348837209,0.4202730177171072,420.624263335112,0.01745014245014245,17.44950891316706,0.5617732558139535,0.28064188207958174,280.8764301641686,0.10042735042735043,50.211852178705215,0.7229651162790698,0.14447123064858114,144.5919733195447,0.3522079772079772,70.44108394260155,0.7931686046511628,0.07925005082924279,79.31628451997943,0.5024928774928775,50.248922873109606,0.8350290697674418,0.041716588606905566,41.75145348837209,0.6011396011396012,30.056980056980056,0.8719476744186047,0.017424264428243633,17.4388268585434,0.6887464387464387,13.774828750757473,0.90625,0.009054919137466307,9.062486838780323,0.7724358974358975,7.7243477564847325,0.5704496895214904,0.8699285680988815,0.2747524752475248,27.38366336633663,0.6039603960396039,12.080243873443948,0.6782178217821783,6.78275987976156
2019-11-16,319,6885750,7247,2875,0.0010524634208328794,0.35773540964376555,0.9562828645179757,0.01712395781980869,0.40030357389264526,0.42128957304676157,400.28904065223384,0.03826086956521739,38.259480483400466,0.5680971436456465,0.2989398780133604,284.0382592839101,0.14573913043478262,72.8669196479309,0.7360287015316683,0.15492753202242296,147.2046713982888,0.3770434782608696,75.40814808547395,0.8010211121843521,0.08430392982659966,80.10152957134106,0.5067826086956522,50.6778928784758,0.8359321098385539,0.04398939839523654,41.79660549192769,0.5906086956521739,29.530434782608694,0.8724989650890024,0.01836538489466698,17.449903275624834,0.6820869565217391,13.641679696038983,0.8952670070373948,0.009422344084022679,8.95265706865726,0.7391304347826086,7.391293613637925,0.5228847651605129,0.8191068294686532,0.23417721518987342,23.339662447257382,0.5253164556962026,10.507230171309464,0.6075949367088608,6.076470460516316
2019-11-17,320,6885750,7178,2934,0.0010424427259194714,0.3019373009937994,0.9186644987114627,0.009982395646164563,0.37071607690164393,0.38643624745861166,370.7026178515095,0.023176550783912748,23.175709346547663,0.5119810532181667,0.26684577403427245,255.9812327328631,0.08077709611451943,40.38708172891027,0.6840345500139314,0.1426123326265648,136.80591660398002,0.27471029311520107,54.9416596711492,0.7495123989969351,0.0781318074878736,74.95069565472633,0.3960463531015678,39.604347728210534,0.7853162440791307,0.040932360309334496,39.265812203956536,0.4775051124744376,23.875255623721884,0.8129005293953747,0.016947971035961067,16.257939754927403,0.5439672801635992,10.879298204085822,0.8425745332961828,0.00878334417696812,8.425733096483453,0.6158827539195637,6.158818594899672,0.42417605616626525,0.7471985155830683,0.16507936507936508,16.452910052910052,0.4158730158730159,8.318173650249122,0.4888888888888889,4.889308176100629
2019-11-18,321,6885750,7428,3430,0.0010787495915477617,0.33412788051850373,0.9120290543372693,0.013239077796599536,0.3797792137856758,0.4096717978507116,379.76542569339495,0.022157434402332362,22.156629964545466,0.5092891760904685,0.2746877722916062,254.63534303405052,0.09912536443148688,49.560882815430645,0.6553581044695745,0.1413924307996166,131.07066914088045,0.28833819241982506,57.66721974076536,0.730479267635972,0.07879984896453571,73.04739633919652,0.42419825072886297,42.419517048945195,0.7718093699515347,0.04162945212939767,38.59046849757674,0.5104956268221574,25.524781341107875,0.807619816908993,0.017424315037657317,16.152325965340452,0.5862973760932945,11.725896434200346,0.8231017770597738,0.008879207058054677,8.231017770597738,0.6192419825072887,6.1924198250728875,0.40734748515084884,0.7472842477839865,0.15987460815047022,15.934169278996865,0.4043887147335423,8.088467928829909,0.4592476489028213,4.5928703549363625
2019-11-19,322,6885750,6622,3213,0.0009616962567621537,0.2851524811927508,0.9090437387974856,0.0114243929734588,0.3633343400785261,0.3494045890212024,363.32114902638847,0.03734827264239029,37.34691669290429,0.48414376321353064,0.232791170490851,242.06309305457222,0.10115157173980703,50.57394968830789,0.6170341286620357,0.11867902059310464,123.40592963590612,0.2608154372860255,52.162708684314104,0.6961643008154637,0.06694937407418165,69.61592457434254,0.39060068471833176,39.05978484416122,0.7532467532467533,0.03621972915078241,37.66233766233766,0.49828820417055714,24.91441020852786,0.7843551797040169,0.015086119259926225,15.686989684995018,0.5596016184251479,11.19195109957002,0.8150105708245243,0.007837903386258907,8.150082035930575,0.621537503890445,6.215356986093976,0.3812122248622728,0.7527786407331911,0.16080402010050251,16.02680067001675,0.4036850921273032,8.074394269805287,0.4623115577889447,4.623512071506762
2019-11-20,323,6885750,5899,2591,0.0008566968013651382,0.2727891002329704,0.9282779854873812,0.005813845262624977,0.3927784370232243,0.33647981411559685,392.76417698702676,0.04091084523350058,40.909359942866196,0.4936429903373453,0.2114435085681092,246.8125341791588,0.10150521034349672,50.750762570631174,0.5692490252585184,0.09753405559266898,113.8489783517919,0.1648012350443844,32.960007673962934,0.6524834717748771,0.055896832658040345,65.24692583066643,0.2620609803164801,26.205527167315864,0.71520596711307,0.030635733217151365,35.7602983556535,0.365881898880741,18.294094944037052,0.7708086116290896,0.013206966260804908,15.416149844098557,0.48128135854882287,9.625613191942668,0.8164095609425326,0.0069941545946338455,8.164095609425326,0.5847163257429564,5.847163257429564,0.2773942224907823,0.8294415621149157,0.10643015521064302,10.607538802660754,0.4611973392461197,9.22473786097599,0.5787139689578714,5.787636013737339
2019-11-21,324,6885750,5148,2381,0.000747630977017754,0.23472561526478075,0.9275495251451464,0.006001676817942762,0.38655788655788653,0.28899215800174266,386.5438523621794,0.03989920201595968,39.897753453586176,0.4797979797979798,0.1793494045890212,239.8902802348199,0.08147837043259135,40.737706157872196,0.6041181041181041,0.09033082575735572,120.82274348459833,0.1973960520789584,39.478923744595775,0.6717171717171717,0.05021929187603474,67.17122941635708,0.3061738765224695,30.61716532958545,0.7233877233877234,0.02704135351995062,36.16938616938617,0.40571188576228473,20.28559428811424,0.7750582750582751,0.011589101016878262,15.50109796561179,0.5157496850062999,10.314948759710967,0.8218725718725719,0.006144573938931852,8.21872571872572,0.6165476690466191,6.165476690466191,0.3505599448601264,0.8370395000510005,0.17792792792792791,17.733483483483486,0.509009009009009,10.181053265958926,0.5878378378378378,5.878882527467433
2019-11-22,325,6885750,4518,2249,0.0006561376756344624,0.20712687382844283,0.9224110516989507,0.0063364459256557626,0.3857901726427623,0.2531222770839384,385.77616631932915,0.037349933303690526,37.348577293913316,0.5,0.1640284635492303,249.99092361312807,0.10182303245887062,50.909667858965165,0.6080123948649845,0.07978738853873188,121.60159597843582,0.23921742996887504,47.84313858689423,0.6553784860557769,0.04300153939992448,65.53737271426074,0.31836371720764783,31.836140546669395,0.6903497122620629,0.022648222778927495,34.51748561310315,0.3810582481102712,19.052912405513563,0.7397078353253652,0.009706961302858936,14.794092251252971,0.47799021787461093,9.559762707289813,0.7868525896414342,0.0051628287944976295,7.868514469170441,0.5722543352601156,5.722535041908723,0.4025744890449525,0.8280204122141115,0.20227272727272727,20.15984848484848,0.4659090909090909,9.31898097614221,0.5704545454545454,5.705034695150475
2019-11-23,326,6885750,4350,2176,0.0006317394619322514,0.18138812309194363,0.9005626097369255,0.005484462158680598,0.34183908045977013,0.21594539645657856,341.8266698048013,0.027573529411764705,27.57252833968324,0.46206896551724136,0.14594830090037758,231.0260949252356,0.08363970588235294,41.81833464851959,0.5917241379310345,0.07476255482296901,118.34396824649627,0.22104779411764705,44.20923780375812,0.6595402298850574,0.041665456446600246,65.95354407521324,0.32950367647058826,32.95012838388209,0.7020689655172414,0.02217623352575972,35.103448275862064,0.40762867647058826,20.381433823529413,0.733103448275862,0.009262540300328212,14.661962499536777,0.46829044117647056,9.365740815390755,0.772183908045977,0.004878162128092782,7.721794223796523,0.5454963235294118,5.454931547059447,0.4232412355545785,0.8156188247240667,0.20489977728285078,20.421677802524126,0.48329621380846327,9.666753257668079,0.5657015590200446,5.657500754487769
2019-11-24,327,6885750,4025,2072,0.000584540536615474,0.16549130531372475,0.8976046602139086,0.004807043308015229,0.32546583850931676,0.19024106883531805,325.45402229386116,0.024613899613899613,24.61300599279832,0.44422360248447207,0.12982863781585827,222.10373735168847,0.08156370656370657,40.780372674342324,0.5759006211180124,0.06732696273490371,115.17928786381695,0.2133204633204633,42.66378286644631,0.639751552795031,0.037395800052281505,63.97469073540307,0.3093629343629344,30.936068797954853,0.6737888198757764,0.019692843916784664,33.68944099378882,0.36776061776061775,18.388030888030887,0.7090683229813665,0.00828957152151687,14.181345864418581,0.4362934362934363,8.725856053529396,0.7592546583850932,0.004438151254402207,7.592546583850931,0.5333011583011583,5.333011583011583,0.42673665358515395,0.8143753661116098,0.21076233183856502,21.00597907324365,0.49551569506726456,9.911163842503212,0.57847533632287,5.785249482728119
2019-11-25,328,6885750,3868,1965,0.0005617398250009077,0.1845962362687195,0.9172601640256443,0.005021270832091267,0.36168562564632883,0.2031658437409236,361.67249445167135,0.03104325699745547,31.042129955014374,0.45837642192347466,0.12873947139122857,229.17989015826063,0.08702290076335878,43.509870674651296,0.5858324715615305,0.06581660809201545,117.16564352885092,0.22544529262086513,45.088731118072616,0.6525336091003102,0.036654613049855504,65.25193945399238,0.3236641221374046,32.365707155312066,0.6851085832471562,0.019242638782993864,34.25542916235781,0.3837150127226463,19.185750636132315,0.7194932781799379,0.008083348824240172,14.389844665592493,0.45038167938931295,9.007620506247566,0.7748190279214064,0.004352467051519442,7.748190279214064,0.5587786259541985,5.587786259541984,0.38407177836524725,0.8263290035154169,0.18468468468468469,18.406906906906908,0.49324324324324326,9.865710908163738,0.5630630630630631,5.631113532056928
2019-11-26,329,6885750,3820,1776,0.0005547689068002759,0.22450941179084655,0.945833462925059,0.00563100138663973,0.4049738219895288,0.22465872785361604,404.9591191932033,0.018018018018018018,18.01736386400923,0.4965968586387435,0.1377432471681673,248.28941470895498,0.0625,31.24886545164101,0.6295811518324608,0.06985390223358215,125.91531604840009,0.24042792792792791,48.0852364207421,0.694240837696335,0.038513484076155624,69.42257146004937,0.3552927927927928,35.52850532207806,0.7515706806282723,0.020847402243764294,37.57853403141361,0.47128378378378377,23.564189189189186,0.8047120418848167,0.008928519561997153,16.09412397225704,0.5838963963963963,11.677843130751652,0.8641361256544503,0.004793930689143875,8.641311058317392,0.7111486486486487,7.1114451754009815,0.45085687172336886,0.8459981263537426,0.22443890274314215,22.36907730673317,0.5486284289276808,10.97350962217099,0.6334164588528678,6.334707827344161
2019-11-27,330,6885750,3651,1474,0.0005302254656355517,0.29204130283856977,0.951298813166094,0.007425580573020432,0.4617912900575185,0.24484461225675283,461.77452447190797,0.03459972862957938,34.598472467488556,0.5880580662832101,0.15589602091199536,294.01835825657963,0.13704206241519673,68.51854351404596,0.7085729937003561,0.07514014348369108,141.71356970496464,0.31614654002713705,63.22884887716341,0.7660914817858121,0.04061982630921607,76.60859189501083,0.4362279511533243,43.62247835624042,0.8301835113667488,0.022009221943869586,41.50917556833745,0.587516960651289,29.37584803256445,0.8783894823336073,0.009314875917836231,17.567764133454077,0.7042062415196744,14.084104376406083,0.8981101068200493,0.004762008495806557,8.981101068200493,0.7523744911804613,7.523744911804613,0.5064542165352428,0.8532410748576662,0.2566137566137566,25.57583774250441,0.5873015873015873,11.747039124397613,0.6878306878306878,6.878896784557162
2019-11-28,331,6885750,4114,1794,0.0005974657807791454,0.24191098479469103,0.9548690139802666,0.010634397442152235,0.4149246475449684,0.24789427824571594,414.9095834784731,0.05239687848383501,52.39497618647501,0.5403500243072435,0.1614144641301191,270.165203301888,0.1454849498327759,72.73983396101053,0.6976178901312591,0.08335995817479451,139.52256490084864,0.34838350055741363,69.67619416663891,0.7756441419543024,0.04634174678323506,77.56385097536725,0.5005574136008919,50.05537788931339,0.8281477880408362,0.024739498239117017,41.40738940204181,0.6153846153846154,30.769230769230774,0.8743315508021391,0.010447648480342039,17.486605620689158,0.7168338907469343,14.336656994175526,0.9039863879436072,0.0054009779560515205,9.039811366281418,0.7837235228539576,7.837189701532634,0.5040673580057384,0.8683265676685061,0.2521246458923513,25.128423040604343,0.6402266288951841,12.805630736786865,0.6940509915014165,6.94110515600173
2019-11-29,332,6885750,4608,2012,0.000669208147260647,0.2643978892238109,0.9499035547798304,0.010277642677087862,0.4396701388888889,0.29422015683996516,439.6541764237826,0.05616302186878728,56.16098283952977,0.5748697916666666,0.19234679058960208,287.424460352073,0.15357852882703776,76.78647653723317,0.6963975694444444,0.09320630863516222,139.2785025357136,0.3260437375745527,65.20827401330205,0.7604166666666666,0.05088733335269686,76.04111450376138,0.45825049701789267,45.8247169514211,0.7966579861111112,0.026656500744290747,39.83289930555556,0.536779324055666,26.8389662027833,0.8361545138888888,0.01119121200855098,16.723065991293385,0.6267395626242545,12.534773048552259,0.8695746527777778,0.005819247520611348,8.695721270627082,0.702286282306163,7.02284242486993,0.5085208389963574,0.8689853023293936,0.26956521739130435,26.866666666666667,0.5826086956521739,11.653173241852489,0.6753623188405797,6.754202401372214
2019-11-30,333,6885750,5679,2512,0.0008247467596122427,0.2716564605860762,0.9507268276454705,0.009923239891449678,0.3981334742032048,0.3283473714783619,398.1190197494507,0.027070063694267517,27.069080900784574,0.5282620179609087,0.21783328492593668,264.1214195595648,0.10071656050955415,50.356451969841885,0.6670188413453073,0.11002352667809115,133.4027995815577,0.27388535031847133,54.77667230983805,0.7393907378059518,0.060980568706613614,73.93853688529049,0.4179936305732484,41.799059538757234,0.7805951752069026,0.03218966706604219,39.02975876034513,0.5067675159235668,25.338375796178344,0.8330692023243529,0.013741362634298511,16.66131145608751,0.6253980891719745,12.507907288690383,0.882549744673358,0.007278800421159641,8.82549744673358,0.7364649681528662,7.364649681528663,0.5350253599956638,0.8918496723813778,0.2677165354330709,26.68241469816273,0.5958005249343832,11.917032454991155,0.7139107611548556,7.139719884928621
2019-12-01,334,6885750,6793,2900,0.0009865301528519043,0.3168115073046765,0.9539501600875326,0.012613320220265924,0.38657441483880467,0.3813534708103398,386.5603800430292,0.027586206896551724,27.585205364207237,0.5265714706315324,0.25972988672669184,263.2761765829999,0.1096551724137931,54.82559566136188,0.6755483586044457,0.1332887972348892,135.10869064627386,0.2848275862068966,56.96510359650696,0.7572501104077727,0.074704464259781,75.72446117720992,0.4437931034482759,44.37898809243611,0.801854850581481,0.03955269941545946,40.092742529074044,0.5427586206896552,27.137931034482758,0.8469012218460179,0.016709847569476716,16.937999838292992,0.6475862068965518,12.951705328498033,0.8891505962019726,0.008771725996839855,8.891493049129991,0.7448275862068966,7.448265045142639,0.5007660210149266,0.8785160926223621,0.23076923076923078,23.0,0.5528846153846154,11.05864065180103,0.6706730769230769,6.707305960548886
2019-12-02,335,6885750,8105,3632,0.0011770685836691719,0.38491321662946837,0.9484244323407316,0.017520858922688662,0.3922270203578038,0.46166134185303515,392.21278034109025,0.022852422907488987,22.85159323776391,0.5367057371992597,0.3158582631426082,268.3431259018154,0.1211453744493392,60.570488100097116,0.6836520666255398,0.160939905312382,136.72942048176859,0.3229625550660793,64.59204198629806,0.7595311536088835,0.08940137674634756,75.95256384098244,0.47109030837004406,47.108688763237836,0.7972856261566934,0.0469229931380024,39.864281307834666,0.552863436123348,27.643171806167402,0.8313386798272672,0.0195708244260619,16.626749449939016,0.6274779735682819,12.54954124598533,0.8697100555212831,0.010237039231575798,8.697062663642573,0.7120044052863436,7.1200130322206645,0.44548188291085106,0.8222853927558407,0.19603960396039605,19.53861386138614,0.47128712871287126,9.42655095698249,0.5544554455445545,5.5450299746955825
2019-12-03,336,6885750,9940,4398,0.0014435609773808227,0.41506063405342764,0.9495719892311825,0.01831791264271492,0.38199195171026157,0.551408655242521,381.9780832833188,0.020691223283310595,20.690472077121107,0.5230382293762575,0.3775050827766483,261.50962009349155,0.082537517053206,41.26726024173056,0.6763581488933602,0.19527142815649598,135.27064752802738,0.29104138244656663,58.20785382036789,0.7523138832997988,0.1086003078799849,75.23084205076519,0.44520236471123237,44.519913195422006,0.7956740442655935,0.05743020005082961,39.783702213279675,0.540700318326512,27.035015916325605,0.8347082494969819,0.024099010131053072,16.694140745462644,0.6282401091405184,12.56478393529349,0.8777665995975855,0.012671077702388699,8.777653248412774,0.7246475670759436,7.246465146901982,0.4500968213695094,0.8080464398009246,0.1890359168241966,18.840579710144926,0.48015122873345933,9.603848161682452,0.5482041587901701,5.482511745842345
2019-12-04,337,6885750,10483,4577,0.0015224194895254693,0.38640526929366853,0.9389295598835192,0.015094122846738582,0.359343699322713,0.5470519895440024,359.33065315297284,0.00917631636443085,9.17598321324132,0.5018601545359153,0.38200697066511763,250.9209671141213,0.06292331221324012,31.46051387397024,0.6582085280931032,0.20041244299863487,131.6407497260183,0.24950841162333406,49.90131997256303,0.7327101020700181,0.11154840396177641,73.27047816272078,0.3948000873934892,39.479722062356124,0.7775445960125918,0.0591870225681838,38.8769475006078,0.49311776272667684,24.655709102030375,0.815129256892111,0.02481926521033202,16.302514110659516,0.5776709635132182,11.55336893427075,0.8591052179719546,0.0130791092961011,8.591002273741118,0.6781734760760323,6.781695365223946,0.4850996768648671,0.807901459536498,0.1912280701754386,19.05906432748538,0.48596491228070177,9.720131804640246,0.5684210526315789,5.684698022930397
2019-12-05,338,6885750,9668,4216,0.001404059107577243,0.3235636989100463,0.9368299040241306,0.010954203423761518,0.32705833678113366,0.45919256462387453,327.0464627491564,0.006878557874762809,6.878308144953239,0.4692800992966487,0.3294365379029916,234.63153091285935,0.04174573055028463,20.872107474340865,0.6315680595779892,0.17735048941299486,126.31269471199103,0.2030360531309298,40.60691576421911,0.7053165080678527,0.09902988759476024,70.53113865387053,0.33610056925996207,33.60981287260425,0.7541373603640877,0.05294267145917293,37.70686801820438,0.43999051233396586,21.99952561669829,0.8037856847331403,0.022571219444186264,16.07569034834563,0.5524193548387096,11.048371051505265,0.8450558543649151,0.011865049224705443,8.45053399865696,0.646584440227704,6.465825621968077,0.5045886658596971,0.8364162281645112,0.20224719101123595,20.15730337078652,0.5205992509363296,10.412877984851697,0.6198501872659176,6.199033476593367
2019-12-06,339,6885750,9288,3828,0.0013488726718222416,0.33854102845087114,0.9500391168840285,0.009224173193329745,0.3422695951765719,0.46166134185303515,342.2571688915307,0.0023510971786833857,2.3510118208131168,0.4762058570198105,0.321158873075806,238.0942840527273,0.02821316614420063,14.106070924878704,0.6347975882859603,0.1712509802782538,126.95859576345673,0.1724137931034483,34.48250823033109,0.710055986218777,0.09577681605623166,71.005083027476,0.30851619644723094,30.85139562122804,0.7685185185185185,0.05183168137094725,38.42592592592593,0.44148380355276906,22.074190177638457,0.8181524547803618,0.02207163769867088,16.363025332000756,0.5600835945663531,11.201655623446843,0.8672480620155039,0.011698072105435138,8.672480620155039,0.6786833855799373,6.786833855799373,0.5137938141542027,0.8506280670757647,0.1988527724665392,19.81899298916507,0.5315487571701721,10.631886890842841,0.6443594646271511,6.4441472701691325
2019-12-07,340,6885750,7854,2778,0.0011406164905783684,0.35414447309795666,0.9628575356100979,0.008729905994576908,0.37815126050420167,0.43130990415335463,378.1375315156559,0.003599712023038157,3.5995813335223628,0.5285204991087344,0.3014086552425211,264.2506554413279,0.04175665946724262,20.877571734429704,0.693659281894576,0.15823869412413955,138.73084900245655,0.20050395968322535,40.10050075194658,0.7742551566080977,0.08831217868657236,77.42495344933354,0.37257019438444927,37.25674890328969,0.8270944741532977,0.04716987982427477,41.35472370766488,0.5147588192944564,25.737940964722824,0.8673287496816908,0.019785760758434797,17.346549801679704,0.6263498920086393,12.526979647558115,0.9150751209574739,0.010437482572729808,9.150737920190256,0.7613390928725702,7.613379872007302,0.5883413318550044,0.8647191073226577,0.21893491124260356,21.82051282051282,0.6035502958579881,12.07204116638079,0.6903353057199211,6.903945111492281
2019-12-08,341,6885750,7245,2517,0.0010521729659078531,0.2965185459485611,0.9496306121464798,0.009515962961484286,0.37708764665286404,0.396747022945106,377.0739562794015,0.015891934843067144,15.891357877672027,0.538992408557626,0.28354632587859424,269.48642007157076,0.06793802145411204,33.96777746352396,0.7134575569358178,0.15013506055941211,142.69047525838124,0.2586412395709178,51.7278722988018,0.7946169772256729,0.08360684306834355,79.46112072572072,0.4251092570520461,42.51061701975262,0.8405797101449275,0.0442217623352576,42.028985507246375,0.5466825586015097,27.334127930075486,0.8687370600414078,0.01828120643182452,17.37471596796904,0.6253476360746921,12.506934557990144,0.8981366459627329,0.009449923537963074,8.981340372881883,0.709574890742948,7.095728297537173,0.5988035165279854,0.8638209281682196,0.2147117296222664,21.399602385685885,0.6182902584493042,12.36686570116181,0.6679920477137177,6.680493369116348
2019-12-09,342,6885750,5543,2127,0.0008049958247104528,0.22458949671189166,0.9372135916158597,0.006232037038398589,0.349810571892477,0.2815858263142608,349.79787182814744,0.015984955336154207,15.984374993599165,0.5136207829695111,0.20672378739471392,256.80106784289217,0.07146215326751293,35.72977939745695,0.6886162727764749,0.11086583984431729,137.72225450261732,0.24917724494593324,49.83508711802433,0.7382283961753563,0.05942664614133434,73.82230356624443,0.3389750822755054,33.89726208688259,0.7712430092007938,0.031042370112188213,38.56215046003969,0.4123178185237424,20.615890926187117,0.8379938661374707,0.013491611673947393,16.759852982840204,0.5825105782792666,11.650194646303268,0.8670395092909976,0.0069796014394883366,8.670357317690206,0.6577338975082275,6.5773103188996425,0.5732455811887667,0.8658513824465237,0.2045028142589118,20.382113821138212,0.5909943714821764,11.820901142116051,0.6547842401500938,6.548403966029369
2019-12-10,343,6885750,5022,2559,0.0007293323167410958,0.14783056375279566,0.917347872051989,0.0067456831011188205,0.3022700119474313,0.22044728434504793,302.2590378691584,0.01875732708089097,18.756646085861895,0.41776184786937476,0.15233807725820506,208.8733403983842,0.06955842125830403,34.777947950868935,0.5766626841895659,0.08411513549623864,115.33169937141083,0.22313403673309887,44.626483297073264,0.6497411389884508,0.04738737692061924,64.97364210098645,0.32590855803048063,32.59061915040202,0.6939466348068498,0.025305885342918347,34.69733174034249,0.4056271981242673,20.281359906213364,0.7526881720430108,0.010979180221210149,15.053741578693305,0.5181711606096131,10.36340816167756,0.8162086818000797,0.005952856398049891,8.162063110886507,0.6428292301680344,6.42827363044299,0.4923202475744835,0.8510391939066436,0.1881918819188192,18.756457564575648,0.518450184501845,10.369892969941708,0.6107011070110702,6.1075348274923575
2019-12-11,344,6885750,6056,2980,0.0008794975129797044,0.1849086003305306,0.9293074531743588,0.006758468763106023,0.2973910171730515,0.26154516410107465,297.38022022935513,0.02214765100671141,22.146846924116044,0.42073976221928666,0.18501306999709555,210.36224351593472,0.0697986577181208,34.898061819819226,0.5696829590488771,0.10020622149931743,113.93576447967719,0.18288590604026847,36.57691560942166,0.642668428005284,0.056522117981933837,64.26637613839183,0.2895973154362416,28.959521257734764,0.6928665785997358,0.030468721635261226,34.64332892998679,0.3825503355704698,19.12751677852349,0.7539630118890357,0.013262152616414166,15.07923833858551,0.5033557046979866,10.067099473766616,0.821664464993395,0.007226508039780649,8.216632717126751,0.6406040268456376,6.4060309651401575,0.4967218117200226,0.8600777761314148,0.18100358422939067,18.040023894862603,0.510752688172043,10.215929840092956,0.6129032258064516,6.1295579040557735
2019-12-12,345,6885750,7551,3674,0.0010966125694368805,0.21418751245693057,0.9447375441853199,0.01010374548818834,0.29453052575817773,0.3229741504501888,294.5198326661882,0.029123571039738703,29.12251369254731,0.42259303403522713,0.23170200406622132,211.288845781881,0.07729994556341861,38.648569573287084,0.5706528936564693,0.12515611838856777,114.12974999259443,0.19515514425694067,39.03074543458216,0.6534233876307773,0.07165470969241047,65.34186429142039,0.30865541643984756,30.865317519397607,0.7225533041981195,0.03961805177359039,36.12766520990597,0.437125748502994,21.856287425149702,0.7894318633293603,0.017313992936146484,15.78861433718324,0.5721284703320632,11.4425527889122,0.859091511058138,0.009420905493228769,8.59091511058138,0.7147523135547088,7.147523135547088,0.5326159970785943,0.8941227769408374,0.1757469244288225,17.516110134739307,0.5307557117750439,10.616024622656584,0.648506151142355,6.485617691656091
2019-12-13,346,6885750,9018,4785,0.001309661256943688,0.18446701238721092,0.9313945508592463,0.011921989488572326,0.2274340208471945,0.2978507115887308,227.42576373055033,0.022152560083594567,22.151755822772476,0.3384342426258594,0.22160906186465293,169.21097779269616,0.06938349007314525,34.690485533775764,0.5146373918829009,0.13479915187777747,102.92673098718188,0.19017763845350052,38.03525150254701,0.6119982257706809,0.08015045455865695,61.19937818554803,0.2988505747126437,29.88484046628694,0.677533821246396,0.04436698979777076,33.87669106231981,0.40146290491118075,20.073145245559036,0.7593701485917055,0.01989020883557466,15.18729269123511,0.5519331243469174,11.03858233167326,0.8373253493013972,0.010966109768565852,8.373241332768053,0.6973876698014629,6.97386657004517,0.533233638036987,0.8954086159626368,0.16722408026755853,16.666666666666668,0.5183946488294314,10.368782161234993,0.6672240802675585,6.6728130360205835
2019-12-14,347,6885750,9923,4804,0.001441092110518099,0.3114427226013366,0.9422362692545935,0.013551693462247875,0.30907991534818097,0.4453964565785652,309.0686940326368,0.015403830141548709,15.403270897062011,0.43212738083240954,0.31135637525413884,216.055846105632,0.07077435470441298,35.38589260135868,0.5750277133931271,0.16573237677539285,115.00470758653243,0.20253955037468777,40.507615934023825,0.6687493701501562,0.09637224432890877,66.87445141467133,0.33638634471273937,33.63839021037127,0.7336490980550237,0.05286279635479069,36.68245490275119,0.4546211490424646,22.731057452123228,0.792199939534415,0.022832628497072217,15.843975780884312,0.5730641132389676,11.46126561987412,0.8483321576136249,0.012225212285626735,8.483296935982494,0.6883846794338052,6.88382679992408,0.5549646455395857,0.8737682330652746,0.17073170731707318,17.016260162601625,0.5235772357723577,10.472442789608,0.6552845528455284,6.553407522068359
2019-12-15,348,6885750,10923,5203,0.0015863195730312601,0.31257487096776027,0.9420387681489748,0.016777774907794762,0.2953401080289298,0.4684867847807145,295.32938554461276,0.003075148952527388,3.0750373075610606,0.4232353748970063,0.33568109207086844,211.6100045525023,0.049586776859504134,24.79248829221105,0.595166163141994,0.18882337564262686,119.03236828995861,0.22487026715356526,44.97372685970147,0.696969696969697,0.11056086438758024,69.69646360494193,0.3857389967326542,38.57361957582088,0.7648997528151606,0.06066877246487311,38.24498764075803,0.5137420718816068,25.687103594080337,0.8117733223473405,0.025754376385092842,16.235301400133025,0.6075341149336921,12.15055877703649,0.8524214959260277,0.013522070121322494,8.52417782091883,0.6921007111281953,6.920976957804301,0.6056174954008733,0.8623901847511753,0.1664167916041979,16.586206896551722,0.5622188905547226,11.24534216596676,0.6761619190404797,6.762199089134678
2019-12-16,349,6885750,13307,6244,0.0019325418436626366,0.31423418820546395,0.9137782612481846,0.017306964068468277,0.26339520553092355,0.5090037757769387,263.38564282378115,0.01137091607943626,11.370503252102559,0.40241977906365073,0.38883241359279697,201.20258449662597,0.06390134529147982,31.94951265907691,0.5815736078755542,0.2247814342560051,116.31387697665042,0.2033952594490711,40.678756506184946,0.6843766438716465,0.13225768973830201,68.43716743935622,0.3508968609865471,35.08943130120126,0.746073495152927,0.07209091239153324,37.303674757646355,0.4676489429852659,23.382447149263296,0.7973247163147216,0.030817133280470768,15.946424850529917,0.573190262652146,11.463755307480096,0.8304651687081986,0.01604908688232945,8.304651687081988,0.6426969891095452,6.426969891095452,0.6062357546709934,0.8545852324231231,0.1615720524017467,16.10334788937409,0.5574963609898108,11.150883474274757,0.6754002911208151,6.754582156740845
2019-12-17,350,6885750,14349,6722,0.0020838688596013506,0.3417751182560927,0.9263347355282814,0.01799357388020472,0.26670848142727716,0.5557653209410398,266.69879842983937,0.0194882475453734,19.48754001387669,0.399749111436337,0.41649724077839095,199.86729916299433,0.07185361499553704,35.92550315535283,0.5797616558645202,0.24162769758052804,115.95148920587644,0.20217197262719427,40.43410091834509,0.6775385044253955,0.14118911382845856,67.75335846012325,0.3335316869979173,33.35292651174749,0.7401212628057704,0.07711578259448862,37.006063140288525,0.4503124070217197,22.51562035108599,0.7849327479266848,0.03271389069616135,15.698632159808561,0.5432906872954478,10.865797965786287,0.8261202871280229,0.017215213403874947,8.261178876279317,0.6309134186254091,6.309115861116347,0.5872454218803508,0.8551145911822662,0.16028368794326242,15.974940898345155,0.5446808510638298,10.894551293748405,0.6539007092198581,6.539567898981789
2019-12-18,351,6885750,13999,6304,0.002033039247721744,0.3360007950225022,0.9247728631459756,0.01623735155047577,0.27316236874062433,0.5553296543711879,273.1524514312742,0.014276649746192893,14.27613142460757,0.40938638474176725,0.41613418530351437,204.68576087246763,0.05139593908629442,25.697036564293626,0.5852560897206943,0.23796799209968342,117.05036799774236,0.19098984771573604,38.197692175451785,0.6811915136795486,0.1384879026402161,68.1186567329715,0.3188451776649746,31.88428624279821,0.7466247589113508,0.07589587190937806,37.331237945567544,0.4447969543147208,22.239847715736044,0.8089863561682977,0.03289397248814946,16.17970362599294,0.5796319796954315,11.59262275823676,0.8591327951996571,0.017466506916457902,8.591327951996572,0.6906725888324873,6.906725888324873,0.6182394843854804,0.8707278902367579,0.16516516516516516,16.46146146146146,0.5795795795795796,11.592585724661197,0.6891891891891891,6.89248296323768
2019-12-19,352,6885750,11444,4541,0.0016619830810006171,0.34149813763548204,0.923476625076409,0.008371499430568488,0.30863334498427125,0.5129247749056056,308.6221398817087,0.016736401673640166,16.735794049414434,0.44328905976931143,0.36835608480975895,221.63648295865065,0.04998898920942524,24.99358716590182,0.5988290807409996,0.19904731476371662,119.76494649023608,0.14710416207883725,29.42061878167689,0.6917161831527437,0.114961224549072,69.17111603799131,0.2627174631138516,26.271555543817758,0.747465921006641,0.06211378571687906,37.37329605033205,0.37348601629597006,18.674300814798503,0.7932541069556099,0.026367459801096758,15.865059098689445,0.48161197974014536,9.632225606166074,0.8316148199930095,0.013821257462854553,8.316124045338233,0.5776260735520811,5.776243958135752,0.6331763492870048,0.8628728907526888,0.17647058823529413,17.588235294117645,0.586687306501548,11.73475245474194,0.6934984520123839,6.935579287235341
2019-12-20,353,6885750,9252,3054,0.0013436444831717677,0.32294731702173546,0.9568620140744942,0.010209368754721344,0.33506268914829224,0.4501887888469358,335.05052451392004,0.01768172888015717,17.68108693530965,0.49956766104626027,0.33560848097589313,249.77476198440945,0.05926653569089718,29.632191993435615,0.687094682230869,0.18464085509309014,137.41793860324745,0.21185330713817943,42.37035376068777,0.7796152183311716,0.10475180806877922,77.96095572952838,0.3791748526522593,37.917209934216714,0.8352788586251622,0.0561158915150855,41.76394293125811,0.5173542894564506,25.86771447282253,0.8914829226113273,0.023956617841406493,17.82958077188335,0.6787819253438114,13.575579360467948,0.9154777345438824,0.012300766074864756,9.154777345438823,0.7511460379829732,7.511460379829732,0.6612653728527426,0.8948951911993184,0.19270833333333334,19.20659722222222,0.6510416666666666,13.021950042881647,0.7777777777777778,7.778444825614637
2019-12-21,354,6885750,7357,2729,0.0010684384417093272,0.2206162024461412,0.9530101585985393,0.0092928231671655,0.2918309093380454,0.31179204182399073,291.82031425710807,0.008427995602784902,8.42768961979032,0.4412124507271986,0.2356956142898635,220.59821613380828,0.054598754122389154,27.2983859423643,0.6427891803724344,0.1373551366580499,128.55690257484943,0.20080615610113595,40.1609395966597,0.7509854560282724,0.08023759040343896,75.09800028822616,0.38548919017955297,38.54863910190329,0.8264238140546418,0.044149148604001015,41.32119070273209,0.5536826676438256,27.68413338219128,0.8826967513932309,0.018862115438237754,17.65390938953998,0.6921949432026383,13.843878758938931,0.9086584205518554,0.00970841357115679,9.086544617044021,0.7610846463906192,7.610813304933075,0.6215401227693431,0.8837469248400424,0.19597069597069597,19.53174603174603,0.6318681318681318,12.638446459201177,0.73992673992674,7.399901984807645
2019-12-22,355,6885750,7222,2625,0.0010488327342700506,0.26152021532108743,0.9575971009818105,0.008849602191459261,0.329410135696483,0.3454835898925356,329.3981762811585,0.016,15.999419111240197,0.46662974245361394,0.24469939006680222,233.30640060267007,0.05714285714285714,28.57039127007178,0.643727499307671,0.1350315141305295,128.74456499920984,0.2019047619047619,40.38065916191914,0.7551924674605373,0.07920648290685178,75.51869837660685,0.37866666666666665,37.86639170466758,0.8313486568817502,0.043597284246451005,41.567432844087506,0.556952380952381,27.847619047619045,0.8751038493492107,0.01835672460265824,17.502051569198834,0.664,13.279980713820986,0.9003046247576848,0.009442675899247141,9.00303317270022,0.7318095238095238,7.318084610226654,0.5987312213223898,0.8647036530215444,0.1935483870967742,19.29032258064516,0.6164874551971327,12.330806543831496,0.6971326164874552,6.971924048765192
2019-12-23,356,6885750,7635,3094,0.001108811676287986,0.25978132423064826,0.9384345280163704,0.01006343271170782,0.3185330713817944,0.3531803659599187,318.52150686424494,0.03361344537815126,33.61222502361386,0.4534381139489195,0.2513796108045309,226.71082581497038,0.07627666451195864,38.136947622946494,0.6309102815979044,0.13991112143832235,126.1811400712414,0.21590174531351003,43.18003551635254,0.7356908971840209,0.08157367335676319,73.56855550967022,0.38461538461538464,38.461259179984665,0.7952848722986248,0.04409105761899575,39.76424361493124,0.5074337427278603,25.371687136393017,0.8311722331368697,0.018432189236368284,16.62337223763234,0.5911441499676794,11.822831489359078,0.8510805500982318,0.00943686680918301,8.5107931409734,0.6393018745959922,6.393009461554502,0.5357761078113732,0.8364464738657102,0.1794425087108014,17.88443670150987,0.5749128919860628,11.49924396818092,0.6306620209059234,6.307161085578021
2019-12-24,357,6885750,7397,3227,0.0010742475402098536,0.19104049318676894,0.9251746048987858,0.009885103951893404,0.2752467216439097,0.2956723787394714,275.2367286609863,0.025410598078710878,25.40967553303564,0.415979451128836,0.22342433923903574,207.98217438355962,0.07561202355128602,37.804639207687174,0.6080843585237259,0.13064567660983473,121.61598860567386,0.22838549736597458,45.676767797140776,0.7048803569014466,0.07572104911557118,70.48752385393325,0.36318562132011156,36.3182984112951,0.7596322833581182,0.04080165559307265,37.98161416790591,0.4651378989773784,23.256894948868922,0.8032986345815871,0.017258806580537224,16.06594935946116,0.5584133870467927,11.168251521567562,0.8360146005137218,0.008980827153931725,8.360109581612193,0.6315463278586922,6.315435763345605,0.5360112064736933,0.8441807779531899,0.17708333333333334,17.649305555555554,0.5520833333333334,11.042613636363635,0.640625,6.40679942109777
2019-12-25,358,6885750,7647,3705,0.001110554405838144,0.2543712695545831,0.8989543404672952,0.006458965860544445,0.31594089185301427,0.3508568109207087,315.9294214459618,0.007017543859649123,7.017289083877279,0.4239571073623643,0.23540516990996224,211.97085768373512,0.04264507422402159,21.321762985627117,0.5561658166601282,0.1235295826193035,111.23235563238774,0.14520917678812414,29.041624475553338,0.6290048384987577,0.06985390223358215,62.900027109309306,0.25479082321187585,25.478897309407387,0.6849744998038446,0.03803507243219693,34.24872499019223,0.35384615384615387,17.69230769230769,0.7468288217601674,0.01658785667812994,14.936554743223908,0.4801619433198381,9.60322491987689,0.7772982869098993,0.008632270226074278,7.772937715338166,0.5430499325236168,5.4304677791139335,0.46849098682643486,0.8379088029908798,0.18552875695732837,18.491032776747062,0.5120593692022264,10.242065702001991,0.5955473098330241,5.955983859316376
2019-12-26,359,6885750,8897,5020,0.0012920887339795955,0.24649672887718474,0.891282081893625,0.008220887555825479,0.27964482409801056,0.36131280859715365,279.6346714395696,0.008167330677290837,8.167034157879085,0.37136113296616835,0.2399070577984316,185.67382524846022,0.04063745019920319,20.317987417162602,0.49668427559851636,0.12835109936390834,99.33613380297088,0.15,29.999782160388044,0.5617623918174666,0.07258415870341862,56.17583126807517,0.23884462151394423,23.884288718662198,0.619309879734742,0.04000987539574196,30.96526913636397,0.33346613545816733,16.673185702685785,0.6862987523884455,0.017735100453398163,13.725915246373654,0.449601593625498,8.991992695981494,0.7391255479375071,0.00955014406543359,7.391244745257879,0.5428286852589641,5.428278969237836,0.4050441978471556,0.8331926618732867,0.16666666666666666,16.61111111111111,0.48823529411764705,9.748821514907332,0.5666666666666667,5.667152658662092
2019-12-27,360,6885750,13585,8879,0.0019729150782412954,0.2184182025559714,0.842828770719474,0.011392501567925388,0.227603974972396,0.4490270113273308,227.59571168547427,0.011938281337988512,11.937847912148476,0.3089436878910563,0.3047487656113854,154.4662357606623,0.048428877125802454,24.213559444452095,0.4086860507913139,0.16125940340991607,81.73661663819136,0.13255997296992905,26.511802081898658,0.46779536253220466,0.09229138226495105,46.779196572019636,0.2020497803806735,20.204831323248168,0.5180714022819286,0.05110554405838144,25.903570114096432,0.26996283365243834,13.498141682621918,0.5997791682002208,0.02366616418183561,11.995531101588115,0.3924991553102827,7.849948905360843,0.6643356643356644,0.01310672138813613,6.64332769954791,0.4903705372226602,4.90368400773904,0.4503875716994167,0.8282475482854237,0.17482517482517482,17.424242424242426,0.46678321678321677,9.336464992983004,0.5769230769230769,5.769725557461407
2019-12-28,361,6885750,16730,11478,0.0024296554478451873,0.1979347916067878,0.8465417708859204,0.012027223019831008,0.19372384937238493,0.4706651176299739,193.71681612197207,0.005837253876982053,5.837041952284224,0.2718469814704124,0.33023525994772,135.91855595845865,0.030493117267816693,15.246005099249839,0.3614465032875075,0.17563681779894857,72.28877574172805,0.09583551141313817,19.16696310415685,0.41709503885236104,0.10133898748148364,41.70920101916474,0.15987105767555324,15.9869896800581,0.47346084877465633,0.05751733652833751,23.673042438732818,0.23775919149677643,11.887959574838822,0.5774656306037059,0.028060646547968283,11.54922874881486,0.3877853284544346,7.755650252418377,0.6680812910938434,0.0162320263383761,6.680793506244665,0.5194284718592089,5.1942696315801244,0.4715869318237691,0.8280208089728951,0.17766497461928935,17.707275803722506,0.4703891708967851,9.408590260424376,0.560067681895093,5.601157151439692
