epoch,lr-AdamW,pos_weight_now,step,train_lc_pixels,train_loss_aux,train_loss_bce,train_loss_dice,train_loss_epoch,train_loss_main,train_loss_phase,train_loss_step,train_p_mean,train_pos_rate,val_ap,val_ap_newfire,val_cond_frac,val_cond_n,val_last_pos_pixels_mean,val_last_pos_rate,val_lc_pixels,val_loss,val_loss_bce,val_loss_dice,val_loss_phase,val_p_mean,val_pos_pixels_mean,val_pos_rate,val_roc_auc,val_top15p0_f1_cond,val_top15p0_k,val_top15p0_precision,val_top15p0_precision_cond,val_top15p0_recall,val_top15p0_recall_cond,val_top1p0_f1_cond,val_top1p0_k,val_top1p0_precision,val_top1p0_precision_cond,val_top1p0_recall,val_top1p0_recall_cond,val_top5p0_f1_cond,val_top5p0_k,val_top5p0_precision,val_top5p0_precision_cond,val_top5p0_recall,val_top5p0_recall_cond,val_topk_f1_composite_cond,val_y_mean
,0.0003,,0,,,,,,,,,,,,,,,,,,,,,,,,,,,,,,,,,,,,,,,,,,,,,
0,,,4,,,,,,,,2.1736159324645996,,,,,,,,,,,,,,,,,,,,,,,,,,,,,,,,,,,,,
0,,,9,,,,,,,,2.126232147216797,,,,,,,,,,,,,,,,,,,,,,,,,,,,,,,,,,,,,
0,,,14,,,,,,,,2.1707077026367188,,,,,,,,,,,,,,,,,,,,,,,,,,,,,,,,,,,,,
0,,,19,,,,,,,,2.1165525913238525,,,,,,,,,,,,,,,,,,,,,,,,,,,,,,,,,,,,,
0,,,24,,,,,,,,2.153649091720581,,,,,,,,,,,,,,,,,,,,,,,,,,,,,,,,,,,,,
0,,,29,,,,,,,,2.1803624629974365,,,,,,,,,,,,,,,,,,,,,,,,,,,,,,,,,,,,,
0,,,34,,,,,,,,2.1433205604553223,,,,,,,,,,,,,,,,,,,,,,,,,,,,,,,,,,,,,
0,,,39,,,,,,,,2.130190849304199,,,,,,,,,,,,,,,,,,,,,,,,,,,,,,,,,,,,,
0,,,44,,,,,,,,2.14133358001709,,,,,,,,,,,,,,,,,,,,,,,,,,,,,,,,,,,,,
0,,,49,,,,,,,,2.1177501678466797,,,,,,,,,,,,,,,,,,,,,,,,,,,,,,,,,,,,,
0,,,54,,,,,,,,2.12432861328125,,,,,,,,,,,,,,,,,,,,,,,,,,,,,,,,,,,,,
0,,,59,,,,,,,,2.2199034690856934,,,,,,,,,,,,,,,,,,,,,,,,,,,,,,,,,,,,,
0,,,64,,,,,,,,2.1147372722625732,,,,,,,,,,,,,,,,,,,,,,,,,,,,,,,,,,,,,
0,,,69,,,,,,,,2.141423225402832,,,,,,,,,,,,,,,,,,,,,,,,,,,,,,,,,,,,,
0,,,74,,,,,,,,2.1234633922576904,,,,,,,,,,,,,,,,,,,,,,,,,,,,,,,,,,,,,
0,,,79,,,,,,,,2.134080410003662,,,,,,,,,,,,,,,,,,,,,,,,,,,,,,,,,,,,,
0,,,84,,,,,,,,2.144660234451294,,,,,,,,,,,,,,,,,,,,,,,,,,,,,,,,,,,,,
0,,,89,,,,,,,,2.128528594970703,,,,,,,,,,,,,,,,,,,,,,,,,,,,,,,,,,,,,
0,,,94,,,,,,,,2.1204068660736084,,,,,,,,,,,,,,,,,,,,,,,,,,,,,,,,,,,,,
0,,,99,,,,,,,,2.3209662437438965,,,,,,,,,,,,,,,,,,,,,,,,,,,,,,,,,,,,,
0,,,104,,,,,,,,2.1841650009155273,,,,,,,,,,,,,,,,,,,,,,,,,,,,,,,,,,,,,
0,,,109,,,,,,,,2.1185686588287354,,,,,,,,,,,,,,,,,,,,,,,,,,,,,,,,,,,,,
0,,,114,,,,,,,,2.1676394939422607,,,,,,,,,,,,,,,,,,,,,,,,,,,,,,,,,,,,,
0,,,119,,,,,,,,2.169348955154419,,,,,,,,,,,,,,,,,,,,,,,,,,,,,,,,,,,,,
0,,,124,,,,,,,,2.1333746910095215,,,,,,,,,,,,,,,,,,,,,,,,,,,,,,,,,,,,,
0,,,129,,,,,,,,2.1095778942108154,,,,,,,,,,,,,,,,,,,,,,,,,,,,,,,,,,,,,
0,,,134,,,,,,,,2.124920606613159,,,,,,,,,,,,,,,,,,,,,,,,,,,,,,,,,,,,,
0,,,139,,,,,,,,2.129430055618286,,,,,,,,,,,,,,,,,,,,,,,,,,,,,,,,,,,,,
0,,,144,,,,,,,,2.1256346702575684,,,,,,,,,,,,,,,,,,,,,,,,,,,,,,,,,,,,,
0,,,149,,,,,,,,2.1368041038513184,,,,,,,,,,,,,,,,,,,,,,,,,,,,,,,,,,,,,
0,,,154,,,,,,,,2.1370511054992676,,,,,,,,,,,,,,,,,,,,,,,,,,,,,,,,,,,,,
0,,,159,,,,,,,,2.1280312538146973,,,,,,,,,,,,,,,,,,,,,,,,,,,,,,,,,,,,,
0,,,164,,,,,,,,2.1215100288391113,,,,,,,,,,,,,,,,,,,,,,,,,,,,,,,,,,,,,
0,,,169,,,,,,,,2.1297342777252197,,,,,,,,,,,,,,,,,,,,,,,,,,,,,,,,,,,,,
0,,,174,,,,,,,,2.159285068511963,,,,,,,,,,,,,,,,,,,,,,,,,,,,,,,,,,,,,
0,,,179,,,,,,,,2.1114041805267334,,,,,,,,,,,,,,,,,,,,,,,,,,,,,,,,,,,,,
0,,,184,,,,,,,,2.1329588890075684,,,,,,,,,,,,,,,,,,,,,,,,,,,,,,,,,,,,,
0,,,189,,,,,,,,2.115506887435913,,,,,,,,,,,,,,,,,,,,,,,,,,,,,,,,,,,,,
0,,,194,,,,,,,,2.1355135440826416,,,,,,,,,,,,,,,,,,,,,,,,,,,,,,,,,,,,,
0,,,199,,,,,,,,2.1274325847625732,,,,,,,,,,,,,,,,,,,,,,,,,,,,,,,,,,,,,
0,,,204,,,,,,,,2.152503728866577,,,,,,,,,,,,,,,,,,,,,,,,,,,,,,,,,,,,,
0,,,209,,,,,,,,2.1372015476226807,,,,,,,,,,,,,,,,,,,,,,,,,,,,,,,,,,,,,
0,,,214,,,,,,,,2.2300865650177,,,,,,,,,,,,,,,,,,,,,,,,,,,,,,,,,,,,,
0,,,219,,,,,,,,2.119788885116577,,,,,,,,,,,,,,,,,,,,,,,,,,,,,,,,,,,,,
0,,,224,,,,,,,,2.140960931777954,,,,,,,,,,,,,,,,,,,,,,,,,,,,,,,,,,,,,
0,,,229,,,,,,,,2.1212289333343506,,,,,,,,,,,,,,,,,,,,,,,,,,,,,,,,,,,,,
0,,,234,,,,,,,,2.1232500076293945,,,,,,,,,,,,,,,,,,,,,,,,,,,,,,,,,,,,,
0,,,239,,,,,,,,2.1251885890960693,,,,,,,,,,,,,,,,,,,,,,,,,,,,,,,,,,,,,
0,,,244,,,,,,,,2.1146771907806396,,,,,,,,,,,,,,,,,,,,,,,,,,,,,,,,,,,,,
0,,,249,,,,,,,,2.130739450454712,,,,,,,,,,,,,,,,,,,,,,,,,,,,,,,,,,,,,
0,,,249,,,,,,,,,,,0.14467518031597137,0.002104727318510413,0.669921875,1.33984375,54.966796875,0.669921875,271790.65625,1.629126787185669,1.8992834091186523,0.998757004737854,0.0,0.6714706420898438,54.966796875,0.669921875,0.9186065196990967,0.04024195298552513,22118.0,0.0017745294608175755,0.0026488604489713907,0.33618712425231934,0.5018303394317627,0.005269904155284166,1475.0,0.014390232041478157,0.021480463445186615,0.21298132836818695,0.31791967153549194,0.013010917231440544,7373.0,0.004429827444255352,0.006612454075366259,0.2693391442298889,0.4020456075668335,0.014586618170142174,0.00037276724469847977
0,,100.0,249,264959.65625,1.650071382522583,1.9326543807983398,0.9969522356987,2.1469674110412598,1.6519427299499512,0.0,,0.6743769645690918,0.9200000166893005,,,,,,,,,,,,,,,,,,,,,,,,,,,,,,,,,,,
,0.0002997040092642407,,250,,,,,,,,,,,,,,,,,,,,,,,,,,,,,,,,,,,,,,,,,,,,,
1,,,254,,,,,,,,2.053197145462036,,,,,,,,,,,,,,,,,,,,,,,,,,,,,,,,,,,,,
1,,,259,,,,,,,,2.0433614253997803,,,,,,,,,,,,,,,,,,,,,,,,,,,,,,,,,,,,,
1,,,264,,,,,,,,2.055917501449585,,,,,,,,,,,,,,,,,,,,,,,,,,,,,,,,,,,,,
1,,,269,,,,,,,,2.0624890327453613,,,,,,,,,,,,,,,,,,,,,,,,,,,,,,,,,,,,,
1,,,274,,,,,,,,2.0955121517181396,,,,,,,,,,,,,,,,,,,,,,,,,,,,,,,,,,,,,
1,,,279,,,,,,,,2.043506145477295,,,,,,,,,,,,,,,,,,,,,,,,,,,,,,,,,,,,,
1,,,284,,,,,,,,2.049689292907715,,,,,,,,,,,,,,,,,,,,,,,,,,,,,,,,,,,,,
1,,,289,,,,,,,,2.0630414485931396,,,,,,,,,,,,,,,,,,,,,,,,,,,,,,,,,,,,,
1,,,294,,,,,,,,2.056601047515869,,,,,,,,,,,,,,,,,,,,,,,,,,,,,,,,,,,,,
1,,,299,,,,,,,,2.0501108169555664,,,,,,,,,,,,,,,,,,,,,,,,,,,,,,,,,,,,,
1,,,304,,,,,,,,2.060447931289673,,,,,,,,,,,,,,,,,,,,,,,,,,,,,,,,,,,,,
1,,,309,,,,,,,,2.1064293384552,,,,,,,,,,,,,,,,,,,,,,,,,,,,,,,,,,,,,
1,,,314,,,,,,,,2.0411698818206787,,,,,,,,,,,,,,,,,,,,,,,,,,,,,,,,,,,,,
1,,,319,,,,,,,,2.079360008239746,,,,,,,,,,,,,,,,,,,,,,,,,,,,,,,,,,,,,
1,,,324,,,,,,,,2.035494804382324,,,,,,,,,,,,,,,,,,,,,,,,,,,,,,,,,,,,,
1,,,329,,,,,,,,2.035398483276367,,,,,,,,,,,,,,,,,,,,,,,,,,,,,,,,,,,,,
1,,,334,,,,,,,,2.0631301403045654,,,,,,,,,,,,,,,,,,,,,,,,,,,,,,,,,,,,,
1,,,339,,,,,,,,2.065023422241211,,,,,,,,,,,,,,,,,,,,,,,,,,,,,,,,,,,,,
1,,,344,,,,,,,,2.1261439323425293,,,,,,,,,,,,,,,,,,,,,,,,,,,,,,,,,,,,,
1,,,349,,,,,,,,2.0745651721954346,,,,,,,,,,,,,,,,,,,,,,,,,,,,,,,,,,,,,
1,,,354,,,,,,,,2.049520969390869,,,,,,,,,,,,,,,,,,,,,,,,,,,,,,,,,,,,,
1,,,359,,,,,,,,2.033341407775879,,,,,,,,,,,,,,,,,,,,,,,,,,,,,,,,,,,,,
1,,,364,,,,,,,,2.062716007232666,,,,,,,,,,,,,,,,,,,,,,,,,,,,,,,,,,,,,
1,,,369,,,,,,,,2.0643014907836914,,,,,,,,,,,,,,,,,,,,,,,,,,,,,,,,,,,,,
1,,,374,,,,,,,,2.0470633506774902,,,,,,,,,,,,,,,,,,,,,,,,,,,,,,,,,,,,,
1,,,379,,,,,,,,2.1389570236206055,,,,,,,,,,,,,,,,,,,,,,,,,,,,,,,,,,,,,
1,,,384,,,,,,,,2.042747974395752,,,,,,,,,,,,,,,,,,,,,,,,,,,,,,,,,,,,,
1,,,389,,,,,,,,2.03551983833313,,,,,,,,,,,,,,,,,,,,,,,,,,,,,,,,,,,,,
1,,,394,,,,,,,,2.0855326652526855,,,,,,,,,,,,,,,,,,,,,,,,,,,,,,,,,,,,,
1,,,399,,,,,,,,2.072622060775757,,,,,,,,,,,,,,,,,,,,,,,,,,,,,,,,,,,,,
1,,,404,,,,,,,,2.047544240951538,,,,,,,,,,,,,,,,,,,,,,,,,,,,,,,,,,,,,
1,,,409,,,,,,,,2.035923480987549,,,,,,,,,,,,,,,,,,,,,,,,,,,,,,,,,,,,,
1,,,414,,,,,,,,2.093607187271118,,,,,,,,,,,,,,,,,,,,,,,,,,,,,,,,,,,,,
1,,,419,,,,,,,,2.071667432785034,,,,,,,,,,,,,,,,,,,,,,,,,,,,,,,,,,,,,
1,,,424,,,,,,,,2.0750157833099365,,,,,,,,,,,,,,,,,,,,,,,,,,,,,,,,,,,,,
1,,,429,,,,,,,,2.0445117950439453,,,,,,,,,,,,,,,,,,,,,,,,,,,,,,,,,,,,,
1,,,434,,,,,,,,2.0688650608062744,,,,,,,,,,,,,,,,,,,,,,,,,,,,,,,,,,,,,
1,,,439,,,,,,,,2.044675827026367,,,,,,,,,,,,,,,,,,,,,,,,,,,,,,,,,,,,,
1,,,444,,,,,,,,2.0454657077789307,,,,,,,,,,,,,,,,,,,,,,,,,,,,,,,,,,,,,
1,,,449,,,,,,,,2.043760061264038,,,,,,,,,,,,,,,,,,,,,,,,,,,,,,,,,,,,,
1,,,454,,,,,,,,2.03974986076355,,,,,,,,,,,,,,,,,,,,,,,,,,,,,,,,,,,,,
1,,,459,,,,,,,,2.045116424560547,,,,,,,,,,,,,,,,,,,,,,,,,,,,,,,,,,,,,
1,,,464,,,,,,,,2.06703519821167,,,,,,,,,,,,,,,,,,,,,,,,,,,,,,,,,,,,,
1,,,469,,,,,,,,2.042065143585205,,,,,,,,,,,,,,,,,,,,,,,,,,,,,,,,,,,,,
1,,,474,,,,,,,,2.0403153896331787,,,,,,,,,,,,,,,,,,,,,,,,,,,,,,,,,,,,,
1,,,479,,,,,,,,2.0490739345550537,,,,,,,,,,,,,,,,,,,,,,,,,,,,,,,,,,,,,
1,,,484,,,,,,,,2.065032482147217,,,,,,,,,,,,,,,,,,,,,,,,,,,,,,,,,,,,,
1,,,489,,,,,,,,2.048213243484497,,,,,,,,,,,,,,,,,,,,,,,,,,,,,,,,,,,,,
1,,,494,,,,,,,,2.0391576290130615,,,,,,,,,,,,,,,,,,,,,,,,,,,,,,,,,,,,,
1,,,499,,,,,,,,2.0438292026519775,,,,,,,,,,,,,,,,,,,,,,,,,,,,,,,,,,,,,
1,,,499,,,,,,,,,,,0.2068522423505783,0.0019573327153921127,0.669921875,1.33984375,54.966796875,0.669921875,271790.65625,1.5719014406204224,1.8175472021102905,0.9987321496009827,0.0,0.6335830688476562,54.966796875,0.669921875,0.9234826564788818,0.042606476694345474,22118.0,0.0017528058961033821,0.0026164334267377853,0.34232136607170105,0.5109870433807373,0.005206209607422352,1475.0,0.015264836139976978,0.02278599515557289,0.21931469440460205,0.32737356424331665,0.013154176063835621,7373.0,0.004476715810596943,0.006682444829493761,0.27946779131889343,0.41716477274894714,0.015070652589201927,0.00037276724469847977
1,,90.0,499,265363.53125,1.5854969024658203,1.839762568473816,0.9968922138214111,2.062551975250244,1.5869019031524658,0.0,,0.6539843678474426,0.921999990940094,,,,,,,,,,,,,,,,,,,,,,,,,,,,,,,,,,,
,0.0002988172051971717,,500,,,,,,,,,,,,,,,,,,,,,,,,,,,,,,,,,,,,,,,,,,,,,
2,,,504,,,,,,,,1.956360101699829,,,,,,,,,,,,,,,,,,,,,,,,,,,,,,,,,,,,,
2,,,509,,,,,,,,2.1550254821777344,,,,,,,,,,,,,,,,,,,,,,,,,,,,,,,,,,,,,
2,,,514,,,,,,,,1.950047492980957,,,,,,,,,,,,,,,,,,,,,,,,,,,,,,,,,,,,,
2,,,519,,,,,,,,1.9632424116134644,,,,,,,,,,,,,,,,,,,,,,,,,,,,,,,,,,,,,
2,,,524,,,,,,,,1.9806389808654785,,,,,,,,,,,,,,,,,,,,,,,,,,,,,,,,,,,,,
2,,,529,,,,,,,,1.9559924602508545,,,,,,,,,,,,,,,,,,,,,,,,,,,,,,,,,,,,,
2,,,534,,,,,,,,1.9595791101455688,,,,,,,,,,,,,,,,,,,,,,,,,,,,,,,,,,,,,
2,,,539,,,,,,,,1.951291561126709,,,,,,,,,,,,,,,,,,,,,,,,,,,,,,,,,,,,,
2,,,544,,,,,,,,1.9667731523513794,,,,,,,,,,,,,,,,,,,,,,,,,,,,,,,,,,,,,
2,,,549,,,,,,,,1.9924147129058838,,,,,,,,,,,,,,,,,,,,,,,,,,,,,,,,,,,,,
2,,,554,,,,,,,,1.9753001928329468,,,,,,,,,,,,,,,,,,,,,,,,,,,,,,,,,,,,,
2,,,559,,,,,,,,1.9859344959259033,,,,,,,,,,,,,,,,,,,,,,,,,,,,,,,,,,,,,
2,,,564,,,,,,,,1.9726072549819946,,,,,,,,,,,,,,,,,,,,,,,,,,,,,,,,,,,,,
2,,,569,,,,,,,,1.951854944229126,,,,,,,,,,,,,,,,,,,,,,,,,,,,,,,,,,,,,
2,,,574,,,,,,,,1.9688782691955566,,,,,,,,,,,,,,,,,,,,,,,,,,,,,,,,,,,,,
2,,,579,,,,,,,,1.9674201011657715,,,,,,,,,,,,,,,,,,,,,,,,,,,,,,,,,,,,,
2,,,584,,,,,,,,1.9698647260665894,,,,,,,,,,,,,,,,,,,,,,,,,,,,,,,,,,,,,
2,,,589,,,,,,,,1.9908427000045776,,,,,,,,,,,,,,,,,,,,,,,,,,,,,,,,,,,,,
2,,,594,,,,,,,,2.0287301540374756,,,,,,,,,,,,,,,,,,,,,,,,,,,,,,,,,,,,,
2,,,599,,,,,,,,1.9500771760940552,,,,,,,,,,,,,,,,,,,,,,,,,,,,,,,,,,,,,
2,,,604,,,,,,,,1.9962786436080933,,,,,,,,,,,,,,,,,,,,,,,,,,,,,,,,,,,,,
2,,,609,,,,,,,,1.964355230331421,,,,,,,,,,,,,,,,,,,,,,,,,,,,,,,,,,,,,
2,,,614,,,,,,,,1.9711956977844238,,,,,,,,,,,,,,,,,,,,,,,,,,,,,,,,,,,,,
2,,,619,,,,,,,,2.0444982051849365,,,,,,,,,,,,,,,,,,,,,,,,,,,,,,,,,,,,,
2,,,624,,,,,,,,1.9651377201080322,,,,,,,,,,,,,,,,,,,,,,,,,,,,,,,,,,,,,
2,,,629,,,,,,,,1.9571329355239868,,,,,,,,,,,,,,,,,,,,,,,,,,,,,,,,,,,,,
2,,,634,,,,,,,,1.9701777696609497,,,,,,,,,,,,,,,,,,,,,,,,,,,,,,,,,,,,,
2,,,639,,,,,,,,1.9623249769210815,,,,,,,,,,,,,,,,,,,,,,,,,,,,,,,,,,,,,
2,,,644,,,,,,,,1.9498860836029053,,,,,,,,,,,,,,,,,,,,,,,,,,,,,,,,,,,,,
2,,,649,,,,,,,,2.0033164024353027,,,,,,,,,,,,,,,,,,,,,,,,,,,,,,,,,,,,,
2,,,654,,,,,,,,2.073497772216797,,,,,,,,,,,,,,,,,,,,,,,,,,,,,,,,,,,,,
2,,,659,,,,,,,,2.068927049636841,,,,,,,,,,,,,,,,,,,,,,,,,,,,,,,,,,,,,
2,,,664,,,,,,,,1.9985296726226807,,,,,,,,,,,,,,,,,,,,,,,,,,,,,,,,,,,,,
2,,,669,,,,,,,,2.0154001712799072,,,,,,,,,,,,,,,,,,,,,,,,,,,,,,,,,,,,,
2,,,674,,,,,,,,1.965259313583374,,,,,,,,,,,,,,,,,,,,,,,,,,,,,,,,,,,,,
2,,,679,,,,,,,,1.9712250232696533,,,,,,,,,,,,,,,,,,,,,,,,,,,,,,,,,,,,,
2,,,684,,,,,,,,2.000621795654297,,,,,,,,,,,,,,,,,,,,,,,,,,,,,,,,,,,,,
2,,,689,,,,,,,,1.9901361465454102,,,,,,,,,,,,,,,,,,,,,,,,,,,,,,,,,,,,,
2,,,694,,,,,,,,2.0117595195770264,,,,,,,,,,,,,,,,,,,,,,,,,,,,,,,,,,,,,
2,,,699,,,,,,,,1.9544812440872192,,,,,,,,,,,,,,,,,,,,,,,,,,,,,,,,,,,,,
2,,,704,,,,,,,,1.9909858703613281,,,,,,,,,,,,,,,,,,,,,,,,,,,,,,,,,,,,,
2,,,709,,,,,,,,2.0198793411254883,,,,,,,,,,,,,,,,,,,,,,,,,,,,,,,,,,,,,
2,,,714,,,,,,,,1.9505181312561035,,,,,,,,,,,,,,,,,,,,,,,,,,,,,,,,,,,,,
2,,,719,,,,,,,,1.950853943824768,,,,,,,,,,,,,,,,,,,,,,,,,,,,,,,,,,,,,
2,,,724,,,,,,,,1.9734429121017456,,,,,,,,,,,,,,,,,,,,,,,,,,,,,,,,,,,,,
2,,,729,,,,,,,,1.9548258781433105,,,,,,,,,,,,,,,,,,,,,,,,,,,,,,,,,,,,,
2,,,734,,,,,,,,1.9791171550750732,,,,,,,,,,,,,,,,,,,,,,,,,,,,,,,,,,,,,
2,,,739,,,,,,,,1.967204213142395,,,,,,,,,,,,,,,,,,,,,,,,,,,,,,,,,,,,,
2,,,744,,,,,,,,2.014660596847534,,,,,,,,,,,,,,,,,,,,,,,,,,,,,,,,,,,,,
2,,,749,,,,,,,,1.9908957481384277,,,,,,,,,,,,,,,,,,,,,,,,,,,,,,,,,,,,,
2,,,749,,,,,,,,,,,0.2514345645904541,0.0023078692611306906,0.669921875,1.33984375,54.966796875,0.669921875,271790.65625,1.5071877241134644,1.7251070737838745,0.9987101554870605,0.0,0.6107635498046875,54.966796875,0.669921875,0.9152067303657532,0.043194711208343506,22118.0,0.001768128713592887,0.0026393060106784105,0.354276180267334,0.5288320779800415,0.005252398084849119,1475.0,0.015467430464923382,0.02308841049671173,0.22403974831104279,0.3344267010688782,0.013193964026868343,7373.0,0.0044896965846419334,0.006701821461319923,0.28251221776008606,0.42170920968055725,0.015223330818116665,0.00037276724469847977
2,,80.0,749,262777.96875,1.52104914188385,1.7492400407791138,0.996665358543396,1.9797825813293457,1.5234688520431519,0.0,,0.6277265548706055,0.9175000190734863,,,,,,,,,,,,,,,,,,,,,,,,,,,,,,,,,,,
,0.0002973430876093033,,750,,,,,,,,,,,,,,,,,,,,,,,,,,,,,,,,,,,,,,,,,,,,,
3,,,754,,,,,,,,2.112191677093506,,,,,,,,,,,,,,,,,,,,,,,,,,,,,,,,,,,,,
3,,,759,,,,,,,,2.1466422080993652,,,,,,,,,,,,,,,,,,,,,,,,,,,,,,,,,,,,,
3,,,764,,,,,,,,2.138720989227295,,,,,,,,,,,,,,,,,,,,,,,,,,,,,,,,,,,,,
3,,,769,,,,,,,,2.118553400039673,,,,,,,,,,,,,,,,,,,,,,,,,,,,,,,,,,,,,
3,,,774,,,,,,,,2.1493232250213623,,,,,,,,,,,,,,,,,,,,,,,,,,,,,,,,,,,,,
3,,,779,,,,,,,,2.1176395416259766,,,,,,,,,,,,,,,,,,,,,,,,,,,,,,,,,,,,,
3,,,784,,,,,,,,2.121364116668701,,,,,,,,,,,,,,,,,,,,,,,,,,,,,,,,,,,,,
3,,,789,,,,,,,,2.1373085975646973,,,,,,,,,,,,,,,,,,,,,,,,,,,,,,,,,,,,,
3,,,794,,,,,,,,2.1224236488342285,,,,,,,,,,,,,,,,,,,,,,,,,,,,,,,,,,,,,
3,,,799,,,,,,,,2.190706729888916,,,,,,,,,,,,,,,,,,,,,,,,,,,,,,,,,,,,,
3,,,804,,,,,,,,2.1110105514526367,,,,,,,,,,,,,,,,,,,,,,,,,,,,,,,,,,,,,
3,,,809,,,,,,,,2.132823944091797,,,,,,,,,,,,,,,,,,,,,,,,,,,,,,,,,,,,,
3,,,814,,,,,,,,2.1337356567382812,,,,,,,,,,,,,,,,,,,,,,,,,,,,,,,,,,,,,
3,,,819,,,,,,,,2.1060304641723633,,,,,,,,,,,,,,,,,,,,,,,,,,,,,,,,,,,,,
3,,,824,,,,,,,,2.1453094482421875,,,,,,,,,,,,,,,,,,,,,,,,,,,,,,,,,,,,,
3,,,829,,,,,,,,2.1136250495910645,,,,,,,,,,,,,,,,,,,,,,,,,,,,,,,,,,,,,
3,,,834,,,,,,,,2.1937012672424316,,,,,,,,,,,,,,,,,,,,,,,,,,,,,,,,,,,,,
3,,,839,,,,,,,,2.122598171234131,,,,,,,,,,,,,,,,,,,,,,,,,,,,,,,,,,,,,
3,,,844,,,,,,,,2.1258058547973633,,,,,,,,,,,,,,,,,,,,,,,,,,,,,,,,,,,,,
3,,,849,,,,,,,,2.168747663497925,,,,,,,,,,,,,,,,,,,,,,,,,,,,,,,,,,,,,
3,,,854,,,,,,,,2.150242805480957,,,,,,,,,,,,,,,,,,,,,,,,,,,,,,,,,,,,,
3,,,859,,,,,,,,2.135066509246826,,,,,,,,,,,,,,,,,,,,,,,,,,,,,,,,,,,,,
3,,,864,,,,,,,,2.119418144226074,,,,,,,,,,,,,,,,,,,,,,,,,,,,,,,,,,,,,
3,,,869,,,,,,,,2.1372368335723877,,,,,,,,,,,,,,,,,,,,,,,,,,,,,,,,,,,,,
3,,,874,,,,,,,,2.1250100135803223,,,,,,,,,,,,,,,,,,,,,,,,,,,,,,,,,,,,,
3,,,879,,,,,,,,2.194689989089966,,,,,,,,,,,,,,,,,,,,,,,,,,,,,,,,,,,,,
3,,,884,,,,,,,,2.1185495853424072,,,,,,,,,,,,,,,,,,,,,,,,,,,,,,,,,,,,,
3,,,889,,,,,,,,2.1038880348205566,,,,,,,,,,,,,,,,,,,,,,,,,,,,,,,,,,,,,
3,,,894,,,,,,,,2.111536741256714,,,,,,,,,,,,,,,,,,,,,,,,,,,,,,,,,,,,,
3,,,899,,,,,,,,2.105025053024292,,,,,,,,,,,,,,,,,,,,,,,,,,,,,,,,,,,,,
3,,,904,,,,,,,,2.1840715408325195,,,,,,,,,,,,,,,,,,,,,,,,,,,,,,,,,,,,,
3,,,909,,,,,,,,2.128061294555664,,,,,,,,,,,,,,,,,,,,,,,,,,,,,,,,,,,,,
3,,,914,,,,,,,,2.128312349319458,,,,,,,,,,,,,,,,,,,,,,,,,,,,,,,,,,,,,
3,,,919,,,,,,,,2.145885467529297,,,,,,,,,,,,,,,,,,,,,,,,,,,,,,,,,,,,,
3,,,924,,,,,,,,2.119584321975708,,,,,,,,,,,,,,,,,,,,,,,,,,,,,,,,,,,,,
3,,,929,,,,,,,,2.1212546825408936,,,,,,,,,,,,,,,,,,,,,,,,,,,,,,,,,,,,,
3,,,934,,,,,,,,2.1015450954437256,,,,,,,,,,,,,,,,,,,,,,,,,,,,,,,,,,,,,
3,,,939,,,,,,,,2.111462116241455,,,,,,,,,,,,,,,,,,,,,,,,,,,,,,,,,,,,,
3,,,944,,,,,,,,2.1127586364746094,,,,,,,,,,,,,,,,,,,,,,,,,,,,,,,,,,,,,
3,,,949,,,,,,,,2.1155989170074463,,,,,,,,,,,,,,,,,,,,,,,,,,,,,,,,,,,,,
3,,,954,,,,,,,,2.1983702182769775,,,,,,,,,,,,,,,,,,,,,,,,,,,,,,,,,,,,,
3,,,959,,,,,,,,2.141350030899048,,,,,,,,,,,,,,,,,,,,,,,,,,,,,,,,,,,,,
3,,,964,,,,,,,,2.2290196418762207,,,,,,,,,,,,,,,,,,,,,,,,,,,,,,,,,,,,,
3,,,969,,,,,,,,2.099355697631836,,,,,,,,,,,,,,,,,,,,,,,,,,,,,,,,,,,,,
3,,,974,,,,,,,,2.1161370277404785,,,,,,,,,,,,,,,,,,,,,,,,,,,,,,,,,,,,,
3,,,979,,,,,,,,2.1264660358428955,,,,,,,,,,,,,,,,,,,,,,,,,,,,,,,,,,,,,
3,,,984,,,,,,,,2.1026177406311035,,,,,,,,,,,,,,,,,,,,,,,,,,,,,,,,,,,,,
3,,,989,,,,,,,,2.1125285625457764,,,,,,,,,,,,,,,,,,,,,,,,,,,,,,,,,,,,,
3,,,994,,,,,,,,2.2009692192077637,,,,,,,,,,,,,,,,,,,,,,,,,,,,,,,,,,,,,
3,,,999,,,,,,,,2.2628824710845947,,,,,,,,,,,,,,,,,,,,,,,,,,,,,,,,,,,,,
3,,,999,,,,,,,,,,,0.23084455728530884,0.003410209668800235,0.669921875,1.33984375,54.966796875,0.669921875,271790.65625,1.6249144077301025,1.6249144077301025,,1.0,0.5749435424804688,54.966796875,0.669921875,0.917630136013031,0.04336755350232124,22118.0,0.001767774228937924,0.0026387767866253853,0.3575868606567383,0.5337740182876587,0.0052515920251607895,1475.0,0.015535624697804451,0.023190204054117203,0.2236226201057434,0.33380404114723206,0.013224447146058083,7373.0,0.004499232396483421,0.006716055795550346,0.28651878237724304,0.4276898503303528,0.015266641043126583,0.00037276724469847977
3,,70.0,999,265657.5,1.6435027122497559,1.6461551189422607,,2.1392064094543457,1.6461551189422607,1.0,,0.5967031121253967,0.9135000109672546,,,,,,,,,,,,,,,,,,,,,,,,,,,,,,,,,,,
,0.00029528747416929463,,1000,,,,,,,,,,,,,,,,,,,,,,,,,,,,,,,,,,,,,,,,,,,,,
4,,,1004,,,,,,,,2.011859893798828,,,,,,,,,,,,,,,,,,,,,,,,,,,,,,,,,,,,,
4,,,1009,,,,,,,,1.978586196899414,,,,,,,,,,,,,,,,,,,,,,,,,,,,,,,,,,,,,
4,,,1014,,,,,,,,1.9524736404418945,,,,,,,,,,,,,,,,,,,,,,,,,,,,,,,,,,,,,
4,,,1019,,,,,,,,1.9572876691818237,,,,,,,,,,,,,,,,,,,,,,,,,,,,,,,,,,,,,
4,,,1024,,,,,,,,1.9583994150161743,,,,,,,,,,,,,,,,,,,,,,,,,,,,,,,,,,,,,
4,,,1029,,,,,,,,1.9901882410049438,,,,,,,,,,,,,,,,,,,,,,,,,,,,,,,,,,,,,
4,,,1034,,,,,,,,2.0812723636627197,,,,,,,,,,,,,,,,,,,,,,,,,,,,,,,,,,,,,
4,,,1039,,,,,,,,1.9834026098251343,,,,,,,,,,,,,,,,,,,,,,,,,,,,,,,,,,,,,
4,,,1044,,,,,,,,2.0114142894744873,,,,,,,,,,,,,,,,,,,,,,,,,,,,,,,,,,,,,
4,,,1049,,,,,,,,1.968390703201294,,,,,,,,,,,,,,,,,,,,,,,,,,,,,,,,,,,,,
4,,,1054,,,,,,,,1.9726747274398804,,,,,,,,,,,,,,,,,,,,,,,,,,,,,,,,,,,,,
4,,,1059,,,,,,,,1.9674171209335327,,,,,,,,,,,,,,,,,,,,,,,,,,,,,,,,,,,,,
4,,,1064,,,,,,,,2.008037805557251,,,,,,,,,,,,,,,,,,,,,,,,,,,,,,,,,,,,,
4,,,1069,,,,,,,,1.976435661315918,,,,,,,,,,,,,,,,,,,,,,,,,,,,,,,,,,,,,
4,,,1074,,,,,,,,1.99306058883667,,,,,,,,,,,,,,,,,,,,,,,,,,,,,,,,,,,,,
4,,,1079,,,,,,,,1.9739179611206055,,,,,,,,,,,,,,,,,,,,,,,,,,,,,,,,,,,,,
4,,,1084,,,,,,,,2.012288808822632,,,,,,,,,,,,,,,,,,,,,,,,,,,,,,,,,,,,,
4,,,1089,,,,,,,,1.9707562923431396,,,,,,,,,,,,,,,,,,,,,,,,,,,,,,,,,,,,,
4,,,1094,,,,,,,,1.992762565612793,,,,,,,,,,,,,,,,,,,,,,,,,,,,,,,,,,,,,
4,,,1099,,,,,,,,1.9803317785263062,,,,,,,,,,,,,,,,,,,,,,,,,,,,,,,,,,,,,
4,,,1104,,,,,,,,1.9872342348098755,,,,,,,,,,,,,,,,,,,,,,,,,,,,,,,,,,,,,
4,,,1109,,,,,,,,1.957836627960205,,,,,,,,,,,,,,,,,,,,,,,,,,,,,,,,,,,,,
4,,,1114,,,,,,,,1.9522919654846191,,,,,,,,,,,,,,,,,,,,,,,,,,,,,,,,,,,,,
4,,,1119,,,,,,,,1.995917797088623,,,,,,,,,,,,,,,,,,,,,,,,,,,,,,,,,,,,,
4,,,1124,,,,,,,,2.0106117725372314,,,,,,,,,,,,,,,,,,,,,,,,,,,,,,,,,,,,,
4,,,1129,,,,,,,,1.9584811925888062,,,,,,,,,,,,,,,,,,,,,,,,,,,,,,,,,,,,,
4,,,1134,,,,,,,,1.9721612930297852,,,,,,,,,,,,,,,,,,,,,,,,,,,,,,,,,,,,,
4,,,1139,,,,,,,,1.9535900354385376,,,,,,,,,,,,,,,,,,,,,,,,,,,,,,,,,,,,,
4,,,1144,,,,,,,,1.9893807172775269,,,,,,,,,,,,,,,,,,,,,,,,,,,,,,,,,,,,,
4,,,1149,,,,,,,,2.0762438774108887,,,,,,,,,,,,,,,,,,,,,,,,,,,,,,,,,,,,,
4,,,1154,,,,,,,,1.9666705131530762,,,,,,,,,,,,,,,,,,,,,,,,,,,,,,,,,,,,,
4,,,1159,,,,,,,,2.003664970397949,,,,,,,,,,,,,,,,,,,,,,,,,,,,,,,,,,,,,
4,,,1164,,,,,,,,1.9994382858276367,,,,,,,,,,,,,,,,,,,,,,,,,,,,,,,,,,,,,
4,,,1169,,,,,,,,2.013627052307129,,,,,,,,,,,,,,,,,,,,,,,,,,,,,,,,,,,,,
4,,,1174,,,,,,,,1.9848036766052246,,,,,,,,,,,,,,,,,,,,,,,,,,,,,,,,,,,,,
4,,,1179,,,,,,,,1.98057222366333,,,,,,,,,,,,,,,,,,,,,,,,,,,,,,,,,,,,,
4,,,1184,,,,,,,,1.9641603231430054,,,,,,,,,,,,,,,,,,,,,,,,,,,,,,,,,,,,,
4,,,1189,,,,,,,,1.9902836084365845,,,,,,,,,,,,,,,,,,,,,,,,,,,,,,,,,,,,,
4,,,1194,,,,,,,,2.016209840774536,,,,,,,,,,,,,,,,,,,,,,,,,,,,,,,,,,,,,
4,,,1199,,,,,,,,1.9607172012329102,,,,,,,,,,,,,,,,,,,,,,,,,,,,,,,,,,,,,
4,,,1204,,,,,,,,1.9793317317962646,,,,,,,,,,,,,,,,,,,,,,,,,,,,,,,,,,,,,
4,,,1209,,,,,,,,2.0186080932617188,,,,,,,,,,,,,,,,,,,,,,,,,,,,,,,,,,,,,
4,,,1214,,,,,,,,1.9629313945770264,,,,,,,,,,,,,,,,,,,,,,,,,,,,,,,,,,,,,
4,,,1219,,,,,,,,1.9550721645355225,,,,,,,,,,,,,,,,,,,,,,,,,,,,,,,,,,,,,
4,,,1224,,,,,,,,1.9540921449661255,,,,,,,,,,,,,,,,,,,,,,,,,,,,,,,,,,,,,
4,,,1229,,,,,,,,1.9570748805999756,,,,,,,,,,,,,,,,,,,,,,,,,,,,,,,,,,,,,
4,,,1234,,,,,,,,1.9765986204147339,,,,,,,,,,,,,,,,,,,,,,,,,,,,,,,,,,,,,
4,,,1239,,,,,,,,1.9952571392059326,,,,,,,,,,,,,,,,,,,,,,,,,,,,,,,,,,,,,
4,,,1244,,,,,,,,1.9732716083526611,,,,,,,,,,,,,,,,,,,,,,,,,,,,,,,,,,,,,
4,,,1249,,,,,,,,1.9582951068878174,,,,,,,,,,,,,,,,,,,,,,,,,,,,,,,,,,,,,
4,,,1249,,,,,,,,,,,0.2700774073600769,0.0023472062312066555,0.669921875,1.33984375,54.966796875,0.669921875,271790.65625,1.5103585720062256,1.5103585720062256,,1.0,0.5465469360351562,54.966796875,0.669921875,0.935452401638031,0.0444197803735733,22118.0,0.0018190789269283414,0.0027153599075973034,0.3906402885913849,0.5831131935119629,0.005405548494309187,1475.0,0.01586798205971718,0.02368631772696972,0.2387022227048874,0.3563135266304016,0.013602317310869694,7373.0,0.004623868502676487,0.0069021014496684074,0.31153935194015503,0.46503835916519165,0.015667425468564034,0.00037276724469847977
4,,60.0,1249,265266.53125,1.5292408466339111,1.53156316280365,,1.9903345108032227,1.53156316280365,1.0,,0.5594765543937683,0.9125000238418579,,,,,,,,,,,,,,,,,,,,,,,,,,,,,,,,,,,
,0.00029265847744427303,,1250,,,,,,,,,,,,,,,,,,,,,,,,,,,,,,,,,,,,,,,,,,,,,
5,,,1254,,,,,,,,1.853095531463623,,,,,,,,,,,,,,,,,,,,,,,,,,,,,,,,,,,,,
5,,,1259,,,,,,,,1.7885513305664062,,,,,,,,,,,,,,,,,,,,,,,,,,,,,,,,,,,,,
5,,,1264,,,,,,,,1.8089399337768555,,,,,,,,,,,,,,,,,,,,,,,,,,,,,,,,,,,,,
5,,,1269,,,,,,,,1.8150320053100586,,,,,,,,,,,,,,,,,,,,,,,,,,,,,,,,,,,,,
5,,,1274,,,,,,,,1.8105865716934204,,,,,,,,,,,,,,,,,,,,,,,,,,,,,,,,,,,,,
5,,,1279,,,,,,,,1.8117241859436035,,,,,,,,,,,,,,,,,,,,,,,,,,,,,,,,,,,,,
5,,,1284,,,,,,,,1.8248839378356934,,,,,,,,,,,,,,,,,,,,,,,,,,,,,,,,,,,,,
5,,,1289,,,,,,,,1.7950284481048584,,,,,,,,,,,,,,,,,,,,,,,,,,,,,,,,,,,,,
5,,,1294,,,,,,,,1.8137118816375732,,,,,,,,,,,,,,,,,,,,,,,,,,,,,,,,,,,,,
5,,,1299,,,,,,,,1.7875410318374634,,,,,,,,,,,,,,,,,,,,,,,,,,,,,,,,,,,,,
5,,,1304,,,,,,,,1.7936670780181885,,,,,,,,,,,,,,,,,,,,,,,,,,,,,,,,,,,,,
5,,,1309,,,,,,,,1.8155442476272583,,,,,,,,,,,,,,,,,,,,,,,,,,,,,,,,,,,,,
5,,,1314,,,,,,,,1.8378169536590576,,,,,,,,,,,,,,,,,,,,,,,,,,,,,,,,,,,,,
5,,,1319,,,,,,,,1.798100471496582,,,,,,,,,,,,,,,,,,,,,,,,,,,,,,,,,,,,,
5,,,1324,,,,,,,,1.9271912574768066,,,,,,,,,,,,,,,,,,,,,,,,,,,,,,,,,,,,,
5,,,1329,,,,,,,,1.7868160009384155,,,,,,,,,,,,,,,,,,,,,,,,,,,,,,,,,,,,,
5,,,1334,,,,,,,,1.807372808456421,,,,,,,,,,,,,,,,,,,,,,,,,,,,,,,,,,,,,
5,,,1339,,,,,,,,1.8772108554840088,,,,,,,,,,,,,,,,,,,,,,,,,,,,,,,,,,,,,
5,,,1344,,,,,,,,1.7985612154006958,,,,,,,,,,,,,,,,,,,,,,,,,,,,,,,,,,,,,
5,,,1349,,,,,,,,1.840952754020691,,,,,,,,,,,,,,,,,,,,,,,,,,,,,,,,,,,,,
5,,,1354,,,,,,,,1.8132646083831787,,,,,,,,,,,,,,,,,,,,,,,,,,,,,,,,,,,,,
5,,,1359,,,,,,,,1.79274320602417,,,,,,,,,,,,,,,,,,,,,,,,,,,,,,,,,,,,,
5,,,1364,,,,,,,,1.8174808025360107,,,,,,,,,,,,,,,,,,,,,,,,,,,,,,,,,,,,,
5,,,1369,,,,,,,,1.8536348342895508,,,,,,,,,,,,,,,,,,,,,,,,,,,,,,,,,,,,,
5,,,1374,,,,,,,,1.8379942178726196,,,,,,,,,,,,,,,,,,,,,,,,,,,,,,,,,,,,,
5,,,1379,,,,,,,,1.7979167699813843,,,,,,,,,,,,,,,,,,,,,,,,,,,,,,,,,,,,,
5,,,1384,,,,,,,,1.828118920326233,,,,,,,,,,,,,,,,,,,,,,,,,,,,,,,,,,,,,
5,,,1389,,,,,,,,1.7994171380996704,,,,,,,,,,,,,,,,,,,,,,,,,,,,,,,,,,,,,
5,,,1394,,,,,,,,1.7959636449813843,,,,,,,,,,,,,,,,,,,,,,,,,,,,,,,,,,,,,
5,,,1399,,,,,,,,1.8015174865722656,,,,,,,,,,,,,,,,,,,,,,,,,,,,,,,,,,,,,
5,,,1404,,,,,,,,1.8339173793792725,,,,,,,,,,,,,,,,,,,,,,,,,,,,,,,,,,,,,
5,,,1409,,,,,,,,1.799837589263916,,,,,,,,,,,,,,,,,,,,,,,,,,,,,,,,,,,,,
5,,,1414,,,,,,,,1.8185328245162964,,,,,,,,,,,,,,,,,,,,,,,,,,,,,,,,,,,,,
5,,,1419,,,,,,,,1.830703616142273,,,,,,,,,,,,,,,,,,,,,,,,,,,,,,,,,,,,,
5,,,1424,,,,,,,,1.7922754287719727,,,,,,,,,,,,,,,,,,,,,,,,,,,,,,,,,,,,,
5,,,1429,,,,,,,,1.797115683555603,,,,,,,,,,,,,,,,,,,,,,,,,,,,,,,,,,,,,
5,,,1434,,,,,,,,1.8116768598556519,,,,,,,,,,,,,,,,,,,,,,,,,,,,,,,,,,,,,
5,,,1439,,,,,,,,1.7985293865203857,,,,,,,,,,,,,,,,,,,,,,,,,,,,,,,,,,,,,
5,,,1444,,,,,,,,1.8046038150787354,,,,,,,,,,,,,,,,,,,,,,,,,,,,,,,,,,,,,
5,,,1449,,,,,,,,1.826633334159851,,,,,,,,,,,,,,,,,,,,,,,,,,,,,,,,,,,,,
5,,,1454,,,,,,,,1.8030089139938354,,,,,,,,,,,,,,,,,,,,,,,,,,,,,,,,,,,,,
5,,,1459,,,,,,,,1.7923626899719238,,,,,,,,,,,,,,,,,,,,,,,,,,,,,,,,,,,,,
5,,,1464,,,,,,,,1.7936872243881226,,,,,,,,,,,,,,,,,,,,,,,,,,,,,,,,,,,,,
5,,,1469,,,,,,,,1.7926769256591797,,,,,,,,,,,,,,,,,,,,,,,,,,,,,,,,,,,,,
5,,,1474,,,,,,,,1.8270498514175415,,,,,,,,,,,,,,,,,,,,,,,,,,,,,,,,,,,,,
5,,,1479,,,,,,,,1.8108946084976196,,,,,,,,,,,,,,,,,,,,,,,,,,,,,,,,,,,,,
5,,,1484,,,,,,,,1.8930063247680664,,,,,,,,,,,,,,,,,,,,,,,,,,,,,,,,,,,,,
5,,,1489,,,,,,,,1.8278307914733887,,,,,,,,,,,,,,,,,,,,,,,,,,,,,,,,,,,,,
5,,,1494,,,,,,,,1.8025740385055542,,,,,,,,,,,,,,,,,,,,,,,,,,,,,,,,,,,,,
5,,,1499,,,,,,,,1.8009774684906006,,,,,,,,,,,,,,,,,,,,,,,,,,,,,,,,,,,,,
5,,,1499,,,,,,,,,,,0.28542304039001465,0.0036126908380538225,0.669921875,1.33984375,54.966796875,0.669921875,271790.65625,1.3827693462371826,1.3827693462371826,,1.0,0.5223236083984375,54.966796875,0.669921875,0.9358596205711365,0.04489247873425484,22118.0,0.0018216399475932121,0.0027191827539354563,0.3851408064365387,0.5749040842056274,0.005412764381617308,1475.0,0.01603483222424984,0.023935377597808838,0.24169792234897614,0.36078524589538574,0.01370779424905777,7373.0,0.004661086946725845,0.006957657635211945,0.30788877606391907,0.4595890939235687,0.015797216445207596,0.00037276724469847977
5,,50.0,1499,265457.6875,1.3994197845458984,1.4018754959106445,,1.8217006921768188,1.4018754959106445,1.0,,0.5144843459129333,0.9175000190734863,,,,,,,,,,,,,,,,,,,,,,,,,,,,,,,,,,,
,0.0002894664728832377,,1500,,,,,,,,,,,,,,,,,,,,,,,,,,,,,,,,,,,,,,,,,,,,,
6,,,1504,,,,,,,,1.632605791091919,,,,,,,,,,,,,,,,,,,,,,,,,,,,,,,,,,,,,
6,,,1509,,,,,,,,1.6395580768585205,,,,,,,,,,,,,,,,,,,,,,,,,,,,,,,,,,,,,
6,,,1514,,,,,,,,1.7457852363586426,,,,,,,,,,,,,,,,,,,,,,,,,,,,,,,,,,,,,
6,,,1519,,,,,,,,1.59823739528656,,,,,,,,,,,,,,,,,,,,,,,,,,,,,,,,,,,,,
6,,,1524,,,,,,,,1.5975457429885864,,,,,,,,,,,,,,,,,,,,,,,,,,,,,,,,,,,,,
6,,,1529,,,,,,,,1.667043924331665,,,,,,,,,,,,,,,,,,,,,,,,,,,,,,,,,,,,,
6,,,1534,,,,,,,,1.638777732849121,,,,,,,,,,,,,,,,,,,,,,,,,,,,,,,,,,,,,
6,,,1539,,,,,,,,1.6177315711975098,,,,,,,,,,,,,,,,,,,,,,,,,,,,,,,,,,,,,
6,,,1544,,,,,,,,1.6466124057769775,,,,,,,,,,,,,,,,,,,,,,,,,,,,,,,,,,,,,
6,,,1549,,,,,,,,1.6064740419387817,,,,,,,,,,,,,,,,,,,,,,,,,,,,,,,,,,,,,
6,,,1554,,,,,,,,1.6072144508361816,,,,,,,,,,,,,,,,,,,,,,,,,,,,,,,,,,,,,
6,,,1559,,,,,,,,1.5935777425765991,,,,,,,,,,,,,,,,,,,,,,,,,,,,,,,,,,,,,
6,,,1564,,,,,,,,1.6113929748535156,,,,,,,,,,,,,,,,,,,,,,,,,,,,,,,,,,,,,
6,,,1569,,,,,,,,1.6160211563110352,,,,,,,,,,,,,,,,,,,,,,,,,,,,,,,,,,,,,
6,,,1574,,,,,,,,1.6080988645553589,,,,,,,,,,,,,,,,,,,,,,,,,,,,,,,,,,,,,
6,,,1579,,,,,,,,1.6282613277435303,,,,,,,,,,,,,,,,,,,,,,,,,,,,,,,,,,,,,
6,,,1584,,,,,,,,1.6205679178237915,,,,,,,,,,,,,,,,,,,,,,,,,,,,,,,,,,,,,
6,,,1589,,,,,,,,1.7842108011245728,,,,,,,,,,,,,,,,,,,,,,,,,,,,,,,,,,,,,
6,,,1594,,,,,,,,1.8693405389785767,,,,,,,,,,,,,,,,,,,,,,,,,,,,,,,,,,,,,
6,,,1599,,,,,,,,1.6132807731628418,,,,,,,,,,,,,,,,,,,,,,,,,,,,,,,,,,,,,
6,,,1604,,,,,,,,1.6111195087432861,,,,,,,,,,,,,,,,,,,,,,,,,,,,,,,,,,,,,
6,,,1609,,,,,,,,1.6435706615447998,,,,,,,,,,,,,,,,,,,,,,,,,,,,,,,,,,,,,
6,,,1614,,,,,,,,1.6265591382980347,,,,,,,,,,,,,,,,,,,,,,,,,,,,,,,,,,,,,
6,,,1619,,,,,,,,1.6380559206008911,,,,,,,,,,,,,,,,,,,,,,,,,,,,,,,,,,,,,
6,,,1624,,,,,,,,1.5987273454666138,,,,,,,,,,,,,,,,,,,,,,,,,,,,,,,,,,,,,
6,,,1629,,,,,,,,1.617956280708313,,,,,,,,,,,,,,,,,,,,,,,,,,,,,,,,,,,,,
6,,,1634,,,,,,,,1.6251332759857178,,,,,,,,,,,,,,,,,,,,,,,,,,,,,,,,,,,,,
6,,,1639,,,,,,,,1.6029452085494995,,,,,,,,,,,,,,,,,,,,,,,,,,,,,,,,,,,,,
6,,,1644,,,,,,,,1.6151349544525146,,,,,,,,,,,,,,,,,,,,,,,,,,,,,,,,,,,,,
6,,,1649,,,,,,,,1.599748134613037,,,,,,,,,,,,,,,,,,,,,,,,,,,,,,,,,,,,,
6,,,1654,,,,,,,,1.607904314994812,,,,,,,,,,,,,,,,,,,,,,,,,,,,,,,,,,,,,
6,,,1659,,,,,,,,1.6842687129974365,,,,,,,,,,,,,,,,,,,,,,,,,,,,,,,,,,,,,
6,,,1664,,,,,,,,1.611170768737793,,,,,,,,,,,,,,,,,,,,,,,,,,,,,,,,,,,,,
6,,,1669,,,,,,,,1.6155036687850952,,,,,,,,,,,,,,,,,,,,,,,,,,,,,,,,,,,,,
6,,,1674,,,,,,,,1.6313329935073853,,,,,,,,,,,,,,,,,,,,,,,,,,,,,,,,,,,,,
6,,,1679,,,,,,,,1.6130725145339966,,,,,,,,,,,,,,,,,,,,,,,,,,,,,,,,,,,,,
6,,,1684,,,,,,,,1.6094133853912354,,,,,,,,,,,,,,,,,,,,,,,,,,,,,,,,,,,,,
6,,,1689,,,,,,,,1.6326870918273926,,,,,,,,,,,,,,,,,,,,,,,,,,,,,,,,,,,,,
6,,,1694,,,,,,,,1.7657594680786133,,,,,,,,,,,,,,,,,,,,,,,,,,,,,,,,,,,,,
6,,,1699,,,,,,,,1.7144701480865479,,,,,,,,,,,,,,,,,,,,,,,,,,,,,,,,,,,,,
6,,,1704,,,,,,,,1.6248011589050293,,,,,,,,,,,,,,,,,,,,,,,,,,,,,,,,,,,,,
6,,,1709,,,,,,,,1.5964667797088623,,,,,,,,,,,,,,,,,,,,,,,,,,,,,,,,,,,,,
6,,,1714,,,,,,,,1.599298357963562,,,,,,,,,,,,,,,,,,,,,,,,,,,,,,,,,,,,,
6,,,1719,,,,,,,,1.6316578388214111,,,,,,,,,,,,,,,,,,,,,,,,,,,,,,,,,,,,,
6,,,1724,,,,,,,,1.602310299873352,,,,,,,,,,,,,,,,,,,,,,,,,,,,,,,,,,,,,
6,,,1729,,,,,,,,1.607396125793457,,,,,,,,,,,,,,,,,,,,,,,,,,,,,,,,,,,,,
6,,,1734,,,,,,,,1.6069828271865845,,,,,,,,,,,,,,,,,,,,,,,,,,,,,,,,,,,,,
6,,,1739,,,,,,,,1.6020900011062622,,,,,,,,,,,,,,,,,,,,,,,,,,,,,,,,,,,,,
6,,,1744,,,,,,,,1.5923691987991333,,,,,,,,,,,,,,,,,,,,,,,,,,,,,,,,,,,,,
6,,,1749,,,,,,,,1.6371359825134277,,,,,,,,,,,,,,,,,,,,,,,,,,,,,,,,,,,,,
6,,,1749,,,,,,,,,,,0.2882438600063324,0.0035132449120283127,0.669921875,1.33984375,54.966796875,0.669921875,271790.65625,1.2343411445617676,1.2343411445617676,,1.0,0.4644508361816406,54.966796875,0.669921875,0.9276089072227478,0.04456517845392227,22118.0,0.0018094980623573065,0.002701058518141508,0.3773869574069977,0.563329815864563,0.005376338493078947,1475.0,0.01590837351977825,0.023746611550450325,0.24212758243083954,0.36142662167549133,0.01359955407679081,7373.0,0.004622410051524639,0.006899924483150244,0.31385108828544617,0.4684891104698181,0.0156810712069273,0.00037276724469847977
6,,40.0,1749,264153.6875,1.2531377077102661,1.2547626495361328,,1.63070547580719,1.2547626495361328,1.0,,0.46006640791893005,0.9185000061988831,,,,,,,,,,,,,,,,,,,,,,,,,,,,,,,,,,,
,0.000285724057869903,,1750,,,,,,,,,,,,,,,,,,,,,,,,,,,,,,,,,,,,,,,,,,,,,
7,,,1754,,,,,,,,1.3925065994262695,,,,,,,,,,,,,,,,,,,,,,,,,,,,,,,,,,,,,
7,,,1759,,,,,,,,1.381596565246582,,,,,,,,,,,,,,,,,,,,,,,,,,,,,,,,,,,,,
7,,,1764,,,,,,,,1.4115118980407715,,,,,,,,,,,,,,,,,,,,,,,,,,,,,,,,,,,,,
7,,,1769,,,,,,,,1.387326955795288,,,,,,,,,,,,,,,,,,,,,,,,,,,,,,,,,,,,,
7,,,1774,,,,,,,,1.461133360862732,,,,,,,,,,,,,,,,,,,,,,,,,,,,,,,,,,,,,
7,,,1779,,,,,,,,1.3874845504760742,,,,,,,,,,,,,,,,,,,,,,,,,,,,,,,,,,,,,
7,,,1784,,,,,,,,1.475122094154358,,,,,,,,,,,,,,,,,,,,,,,,,,,,,,,,,,,,,
7,,,1789,,,,,,,,1.4350793361663818,,,,,,,,,,,,,,,,,,,,,,,,,,,,,,,,,,,,,
7,,,1794,,,,,,,,1.3969721794128418,,,,,,,,,,,,,,,,,,,,,,,,,,,,,,,,,,,,,
7,,,1799,,,,,,,,1.3843690156936646,,,,,,,,,,,,,,,,,,,,,,,,,,,,,,,,,,,,,
7,,,1804,,,,,,,,1.376883625984192,,,,,,,,,,,,,,,,,,,,,,,,,,,,,,,,,,,,,
7,,,1809,,,,,,,,1.408536434173584,,,,,,,,,,,,,,,,,,,,,,,,,,,,,,,,,,,,,
7,,,1814,,,,,,,,1.3724912405014038,,,,,,,,,,,,,,,,,,,,,,,,,,,,,,,,,,,,,
7,,,1819,,,,,,,,1.3850808143615723,,,,,,,,,,,,,,,,,,,,,,,,,,,,,,,,,,,,,
7,,,1824,,,,,,,,1.3758697509765625,,,,,,,,,,,,,,,,,,,,,,,,,,,,,,,,,,,,,
7,,,1829,,,,,,,,1.39174222946167,,,,,,,,,,,,,,,,,,,,,,,,,,,,,,,,,,,,,
7,,,1834,,,,,,,,1.4487550258636475,,,,,,,,,,,,,,,,,,,,,,,,,,,,,,,,,,,,,
7,,,1839,,,,,,,,1.3852832317352295,,,,,,,,,,,,,,,,,,,,,,,,,,,,,,,,,,,,,
7,,,1844,,,,,,,,1.4171003103256226,,,,,,,,,,,,,,,,,,,,,,,,,,,,,,,,,,,,,
7,,,1849,,,,,,,,1.3839190006256104,,,,,,,,,,,,,,,,,,,,,,,,,,,,,,,,,,,,,
7,,,1854,,,,,,,,1.4370572566986084,,,,,,,,,,,,,,,,,,,,,,,,,,,,,,,,,,,,,
7,,,1859,,,,,,,,1.3858678340911865,,,,,,,,,,,,,,,,,,,,,,,,,,,,,,,,,,,,,
7,,,1864,,,,,,,,1.376722812652588,,,,,,,,,,,,,,,,,,,,,,,,,,,,,,,,,,,,,
7,,,1869,,,,,,,,1.4057412147521973,,,,,,,,,,,,,,,,,,,,,,,,,,,,,,,,,,,,,
7,,,1874,,,,,,,,1.3730833530426025,,,,,,,,,,,,,,,,,,,,,,,,,,,,,,,,,,,,,
7,,,1879,,,,,,,,1.3807129859924316,,,,,,,,,,,,,,,,,,,,,,,,,,,,,,,,,,,,,
7,,,1884,,,,,,,,1.3741357326507568,,,,,,,,,,,,,,,,,,,,,,,,,,,,,,,,,,,,,
7,,,1889,,,,,,,,1.364574670791626,,,,,,,,,,,,,,,,,,,,,,,,,,,,,,,,,,,,,
7,,,1894,,,,,,,,1.370126485824585,,,,,,,,,,,,,,,,,,,,,,,,,,,,,,,,,,,,,
7,,,1899,,,,,,,,1.3648030757904053,,,,,,,,,,,,,,,,,,,,,,,,,,,,,,,,,,,,,
7,,,1904,,,,,,,,1.393953561782837,,,,,,,,,,,,,,,,,,,,,,,,,,,,,,,,,,,,,
7,,,1909,,,,,,,,1.4136039018630981,,,,,,,,,,,,,,,,,,,,,,,,,,,,,,,,,,,,,
7,,,1914,,,,,,,,1.399951457977295,,,,,,,,,,,,,,,,,,,,,,,,,,,,,,,,,,,,,
7,,,1919,,,,,,,,1.3648085594177246,,,,,,,,,,,,,,,,,,,,,,,,,,,,,,,,,,,,,
7,,,1924,,,,,,,,1.4015061855316162,,,,,,,,,,,,,,,,,,,,,,,,,,,,,,,,,,,,,
7,,,1929,,,,,,,,1.3812744617462158,,,,,,,,,,,,,,,,,,,,,,,,,,,,,,,,,,,,,
7,,,1934,,,,,,,,1.397297739982605,,,,,,,,,,,,,,,,,,,,,,,,,,,,,,,,,,,,,
7,,,1939,,,,,,,,1.381341814994812,,,,,,,,,,,,,,,,,,,,,,,,,,,,,,,,,,,,,
7,,,1944,,,,,,,,1.3839269876480103,,,,,,,,,,,,,,,,,,,,,,,,,,,,,,,,,,,,,
7,,,1949,,,,,,,,1.3735010623931885,,,,,,,,,,,,,,,,,,,,,,,,,,,,,,,,,,,,,
7,,,1954,,,,,,,,1.5150425434112549,,,,,,,,,,,,,,,,,,,,,,,,,,,,,,,,,,,,,
7,,,1959,,,,,,,,1.3719027042388916,,,,,,,,,,,,,,,,,,,,,,,,,,,,,,,,,,,,,
7,,,1964,,,,,,,,1.4239904880523682,,,,,,,,,,,,,,,,,,,,,,,,,,,,,,,,,,,,,
7,,,1969,,,,,,,,1.3752975463867188,,,,,,,,,,,,,,,,,,,,,,,,,,,,,,,,,,,,,
7,,,1974,,,,,,,,1.3822932243347168,,,,,,,,,,,,,,,,,,,,,,,,,,,,,,,,,,,,,
7,,,1979,,,,,,,,1.3783996105194092,,,,,,,,,,,,,,,,,,,,,,,,,,,,,,,,,,,,,
7,,,1984,,,,,,,,1.3846324682235718,,,,,,,,,,,,,,,,,,,,,,,,,,,,,,,,,,,,,
7,,,1989,,,,,,,,1.4006646871566772,,,,,,,,,,,,,,,,,,,,,,,,,,,,,,,,,,,,,
7,,,1994,,,,,,,,1.3814784288406372,,,,,,,,,,,,,,,,,,,,,,,,,,,,,,,,,,,,,
7,,,1999,,,,,,,,1.3973629474639893,,,,,,,,,,,,,,,,,,,,,,,,,,,,,,,,,,,,,
7,,,1999,,,,,,,,,,,0.30579328536987305,0.0032036674674600363,0.669921875,1.33984375,54.966796875,0.669921875,271790.65625,1.0587188005447388,1.0587188005447388,,1.0,0.36707305908203125,54.966796875,0.669921875,0.9371713399887085,0.04512754827737808,22118.0,0.00181382498703897,0.0027075172401964664,0.3898518979549408,0.5819363594055176,0.005389956757426262,1475.0,0.01611759141087532,0.024058911949396133,0.24323733150959015,0.363083153963089,0.013610918074846268,7373.0,0.004627180751413107,0.006907045375555754,0.3099833130836487,0.46271562576293945,0.015803763642907143,0.00037276724469847977
7,,30.0,1999,266510.875,1.0740299224853516,1.076168179512024,,1.3983778953552246,1.076168179512024,1.0,,0.39204296469688416,0.9229999780654907,,,,,,,,,,,,,,,,,,,,,,,,,,,,,,,,,,,
,0.00028144600200657956,,2000,,,,,,,,,,,,,,,,,,,,,,,,,,,,,,,,,,,,,,,,,,,,,
8,,,2004,,,,,,,,1.1003367900848389,,,,,,,,,,,,,,,,,,,,,,,,,,,,,,,,,,,,,
8,,,2009,,,,,,,,1.092958927154541,,,,,,,,,,,,,,,,,,,,,,,,,,,,,,,,,,,,,
8,,,2014,,,,,,,,1.0986813306808472,,,,,,,,,,,,,,,,,,,,,,,,,,,,,,,,,,,,,
8,,,2019,,,,,,,,1.0915284156799316,,,,,,,,,,,,,,,,,,,,,,,,,,,,,,,,,,,,,
8,,,2024,,,,,,,,1.1231073141098022,,,,,,,,,,,,,,,,,,,,,,,,,,,,,,,,,,,,,
8,,,2029,,,,,,,,1.092616081237793,,,,,,,,,,,,,,,,,,,,,,,,,,,,,,,,,,,,,
8,,,2034,,,,,,,,1.1203840970993042,,,,,,,,,,,,,,,,,,,,,,,,,,,,,,,,,,,,,
8,,,2039,,,,,,,,1.104222297668457,,,,,,,,,,,,,,,,,,,,,,,,,,,,,,,,,,,,,
8,,,2044,,,,,,,,1.1229538917541504,,,,,,,,,,,,,,,,,,,,,,,,,,,,,,,,,,,,,
8,,,2049,,,,,,,,1.0890491008758545,,,,,,,,,,,,,,,,,,,,,,,,,,,,,,,,,,,,,
8,,,2054,,,,,,,,1.1095856428146362,,,,,,,,,,,,,,,,,,,,,,,,,,,,,,,,,,,,,
8,,,2059,,,,,,,,1.1062132120132446,,,,,,,,,,,,,,,,,,,,,,,,,,,,,,,,,,,,,
8,,,2064,,,,,,,,1.1990634202957153,,,,,,,,,,,,,,,,,,,,,,,,,,,,,,,,,,,,,
8,,,2069,,,,,,,,1.0945907831192017,,,,,,,,,,,,,,,,,,,,,,,,,,,,,,,,,,,,,
8,,,2074,,,,,,,,1.0927692651748657,,,,,,,,,,,,,,,,,,,,,,,,,,,,,,,,,,,,,
8,,,2079,,,,,,,,1.1048448085784912,,,,,,,,,,,,,,,,,,,,,,,,,,,,,,,,,,,,,
8,,,2084,,,,,,,,1.0882511138916016,,,,,,,,,,,,,,,,,,,,,,,,,,,,,,,,,,,,,
8,,,2089,,,,,,,,1.1019188165664673,,,,,,,,,,,,,,,,,,,,,,,,,,,,,,,,,,,,,
8,,,2094,,,,,,,,1.0816395282745361,,,,,,,,,,,,,,,,,,,,,,,,,,,,,,,,,,,,,
8,,,2099,,,,,,,,1.0942485332489014,,,,,,,,,,,,,,,,,,,,,,,,,,,,,,,,,,,,,
8,,,2104,,,,,,,,1.127212405204773,,,,,,,,,,,,,,,,,,,,,,,,,,,,,,,,,,,,,
8,,,2109,,,,,,,,1.0861284732818604,,,,,,,,,,,,,,,,,,,,,,,,,,,,,,,,,,,,,
8,,,2114,,,,,,,,1.1547991037368774,,,,,,,,,,,,,,,,,,,,,,,,,,,,,,,,,,,,,
8,,,2119,,,,,,,,1.0949196815490723,,,,,,,,,,,,,,,,,,,,,,,,,,,,,,,,,,,,,
8,,,2124,,,,,,,,1.0983555316925049,,,,,,,,,,,,,,,,,,,,,,,,,,,,,,,,,,,,,
8,,,2129,,,,,,,,1.1204906702041626,,,,,,,,,,,,,,,,,,,,,,,,,,,,,,,,,,,,,
8,,,2134,,,,,,,,1.088979721069336,,,,,,,,,,,,,,,,,,,,,,,,,,,,,,,,,,,,,
8,,,2139,,,,,,,,1.119835376739502,,,,,,,,,,,,,,,,,,,,,,,,,,,,,,,,,,,,,
8,,,2144,,,,,,,,1.0911610126495361,,,,,,,,,,,,,,,,,,,,,,,,,,,,,,,,,,,,,
8,,,2149,,,,,,,,1.1217434406280518,,,,,,,,,,,,,,,,,,,,,,,,,,,,,,,,,,,,,
8,,,2154,,,,,,,,1.0919140577316284,,,,,,,,,,,,,,,,,,,,,,,,,,,,,,,,,,,,,
8,,,2159,,,,,,,,1.1478289365768433,,,,,,,,,,,,,,,,,,,,,,,,,,,,,,,,,,,,,
8,,,2164,,,,,,,,1.1242890357971191,,,,,,,,,,,,,,,,,,,,,,,,,,,,,,,,,,,,,
8,,,2169,,,,,,,,1.1632150411605835,,,,,,,,,,,,,,,,,,,,,,,,,,,,,,,,,,,,,
8,,,2174,,,,,,,,1.0802618265151978,,,,,,,,,,,,,,,,,,,,,,,,,,,,,,,,,,,,,
8,,,2179,,,,,,,,1.1003050804138184,,,,,,,,,,,,,,,,,,,,,,,,,,,,,,,,,,,,,
8,,,2184,,,,,,,,1.1313490867614746,,,,,,,,,,,,,,,,,,,,,,,,,,,,,,,,,,,,,
8,,,2189,,,,,,,,1.0975823402404785,,,,,,,,,,,,,,,,,,,,,,,,,,,,,,,,,,,,,
8,,,2194,,,,,,,,1.097399353981018,,,,,,,,,,,,,,,,,,,,,,,,,,,,,,,,,,,,,
8,,,2199,,,,,,,,1.083434820175171,,,,,,,,,,,,,,,,,,,,,,,,,,,,,,,,,,,,,
8,,,2204,,,,,,,,1.1378382444381714,,,,,,,,,,,,,,,,,,,,,,,,,,,,,,,,,,,,,
8,,,2209,,,,,,,,1.0813161134719849,,,,,,,,,,,,,,,,,,,,,,,,,,,,,,,,,,,,,
8,,,2214,,,,,,,,1.1066498756408691,,,,,,,,,,,,,,,,,,,,,,,,,,,,,,,,,,,,,
8,,,2219,,,,,,,,1.249887466430664,,,,,,,,,,,,,,,,,,,,,,,,,,,,,,,,,,,,,
8,,,2224,,,,,,,,1.1134676933288574,,,,,,,,,,,,,,,,,,,,,,,,,,,,,,,,,,,,,
8,,,2229,,,,,,,,1.0971317291259766,,,,,,,,,,,,,,,,,,,,,,,,,,,,,,,,,,,,,
8,,,2234,,,,,,,,1.0932676792144775,,,,,,,,,,,,,,,,,,,,,,,,,,,,,,,,,,,,,
8,,,2239,,,,,,,,1.0953725576400757,,,,,,,,,,,,,,,,,,,,,,,,,,,,,,,,,,,,,
8,,,2244,,,,,,,,1.1109309196472168,,,,,,,,,,,,,,,,,,,,,,,,,,,,,,,,,,,,,
8,,,2249,,,,,,,,1.0844885110855103,,,,,,,,,,,,,,,,,,,,,,,,,,,,,,,,,,,,,
8,,,2249,,,,,,,,,,,0.3157615661621094,0.003652655053883791,0.669921875,1.33984375,54.966796875,0.669921875,271790.65625,0.8381602764129639,0.8381602764129639,,1.0,0.2990264892578125,54.966796875,0.669921875,0.9458348751068115,0.0458519272506237,22118.0,0.001844555139541626,0.0027533886022865772,0.4035138189792633,0.602329671382904,0.00548171903938055,1475.0,0.016351306810975075,0.024407781660556793,0.2529793381690979,0.37762513756752014,0.013852732256054878,7373.0,0.004706517327576876,0.007025472354143858,0.3289313018321991,0.4909995198249817,0.01606706529855728,0.00037276724469847977
8,,20.0,2249,264930.875,0.8531286120414734,0.8548193573951721,,1.110758662223816,0.8548193573951721,1.0,,0.30161523818969727,0.9240000247955322,,,,,,,,,,,,,,,,,,,,,,,,,,,,,,,,,,,
,0.0002766491888253023,,2250,,,,,,,,,,,,,,,,,,,,,,,,,,,,,,,,,,,,,,,,,,,,,
9,,,2254,,,,,,,,1.098698377609253,,,,,,,,,,,,,,,,,,,,,,,,,,,,,,,,,,,,,
9,,,2259,,,,,,,,1.0881166458129883,,,,,,,,,,,,,,,,,,,,,,,,,,,,,,,,,,,,,
9,,,2264,,,,,,,,1.0924417972564697,,,,,,,,,,,,,,,,,,,,,,,,,,,,,,,,,,,,,
9,,,2269,,,,,,,,1.080994963645935,,,,,,,,,,,,,,,,,,,,,,,,,,,,,,,,,,,,,
9,,,2274,,,,,,,,1.0980826616287231,,,,,,,,,,,,,,,,,,,,,,,,,,,,,,,,,,,,,
9,,,2279,,,,,,,,1.0908312797546387,,,,,,,,,,,,,,,,,,,,,,,,,,,,,,,,,,,,,
9,,,2284,,,,,,,,1.1244810819625854,,,,,,,,,,,,,,,,,,,,,,,,,,,,,,,,,,,,,
9,,,2289,,,,,,,,1.2851800918579102,,,,,,,,,,,,,,,,,,,,,,,,,,,,,,,,,,,,,
9,,,2294,,,,,,,,1.1104316711425781,,,,,,,,,,,,,,,,,,,,,,,,,,,,,,,,,,,,,
9,,,2299,,,,,,,,1.1566832065582275,,,,,,,,,,,,,,,,,,,,,,,,,,,,,,,,,,,,,
9,,,2304,,,,,,,,1.1480673551559448,,,,,,,,,,,,,,,,,,,,,,,,,,,,,,,,,,,,,
9,,,2309,,,,,,,,1.102015733718872,,,,,,,,,,,,,,,,,,,,,,,,,,,,,,,,,,,,,
9,,,2314,,,,,,,,1.1020047664642334,,,,,,,,,,,,,,,,,,,,,,,,,,,,,,,,,,,,,
9,,,2319,,,,,,,,1.1390975713729858,,,,,,,,,,,,,,,,,,,,,,,,,,,,,,,,,,,,,
9,,,2324,,,,,,,,1.084769606590271,,,,,,,,,,,,,,,,,,,,,,,,,,,,,,,,,,,,,
9,,,2329,,,,,,,,1.131422519683838,,,,,,,,,,,,,,,,,,,,,,,,,,,,,,,,,,,,,
9,,,2334,,,,,,,,1.0868372917175293,,,,,,,,,,,,,,,,,,,,,,,,,,,,,,,,,,,,,
9,,,2339,,,,,,,,1.1439871788024902,,,,,,,,,,,,,,,,,,,,,,,,,,,,,,,,,,,,,
9,,,2344,,,,,,,,1.106669545173645,,,,,,,,,,,,,,,,,,,,,,,,,,,,,,,,,,,,,
9,,,2349,,,,,,,,1.096906304359436,,,,,,,,,,,,,,,,,,,,,,,,,,,,,,,,,,,,,
9,,,2354,,,,,,,,1.1304675340652466,,,,,,,,,,,,,,,,,,,,,,,,,,,,,,,,,,,,,
9,,,2359,,,,,,,,1.0999016761779785,,,,,,,,,,,,,,,,,,,,,,,,,,,,,,,,,,,,,
9,,,2364,,,,,,,,1.0980467796325684,,,,,,,,,,,,,,,,,,,,,,,,,,,,,,,,,,,,,
9,,,2369,,,,,,,,1.0840965509414673,,,,,,,,,,,,,,,,,,,,,,,,,,,,,,,,,,,,,
9,,,2374,,,,,,,,1.0871200561523438,,,,,,,,,,,,,,,,,,,,,,,,,,,,,,,,,,,,,
9,,,2379,,,,,,,,1.1013777256011963,,,,,,,,,,,,,,,,,,,,,,,,,,,,,,,,,,,,,
9,,,2384,,,,,,,,1.1121816635131836,,,,,,,,,,,,,,,,,,,,,,,,,,,,,,,,,,,,,
9,,,2389,,,,,,,,1.088862419128418,,,,,,,,,,,,,,,,,,,,,,,,,,,,,,,,,,,,,
9,,,2394,,,,,,,,1.0930366516113281,,,,,,,,,,,,,,,,,,,,,,,,,,,,,,,,,,,,,
9,,,2399,,,,,,,,1.1114797592163086,,,,,,,,,,,,,,,,,,,,,,,,,,,,,,,,,,,,,
9,,,2404,,,,,,,,1.081418752670288,,,,,,,,,,,,,,,,,,,,,,,,,,,,,,,,,,,,,
9,,,2409,,,,,,,,1.0897927284240723,,,,,,,,,,,,,,,,,,,,,,,,,,,,,,,,,,,,,
9,,,2414,,,,,,,,1.1058127880096436,,,,,,,,,,,,,,,,,,,,,,,,,,,,,,,,,,,,,
9,,,2419,,,,,,,,1.0911182165145874,,,,,,,,,,,,,,,,,,,,,,,,,,,,,,,,,,,,,
9,,,2424,,,,,,,,1.0987522602081299,,,,,,,,,,,,,,,,,,,,,,,,,,,,,,,,,,,,,
9,,,2429,,,,,,,,1.0807037353515625,,,,,,,,,,,,,,,,,,,,,,,,,,,,,,,,,,,,,
9,,,2434,,,,,,,,1.0908528566360474,,,,,,,,,,,,,,,,,,,,,,,,,,,,,,,,,,,,,
9,,,2439,,,,,,,,1.142906665802002,,,,,,,,,,,,,,,,,,,,,,,,,,,,,,,,,,,,,
9,,,2444,,,,,,,,1.1025595664978027,,,,,,,,,,,,,,,,,,,,,,,,,,,,,,,,,,,,,
9,,,2449,,,,,,,,1.1012133359909058,,,,,,,,,,,,,,,,,,,,,,,,,,,,,,,,,,,,,
9,,,2454,,,,,,,,1.0900596380233765,,,,,,,,,,,,,,,,,,,,,,,,,,,,,,,,,,,,,
9,,,2459,,,,,,,,1.0832000970840454,,,,,,,,,,,,,,,,,,,,,,,,,,,,,,,,,,,,,
9,,,2464,,,,,,,,1.0959607362747192,,,,,,,,,,,,,,,,,,,,,,,,,,,,,,,,,,,,,
9,,,2469,,,,,,,,1.0987803936004639,,,,,,,,,,,,,,,,,,,,,,,,,,,,,,,,,,,,,
9,,,2474,,,,,,,,1.0867804288864136,,,,,,,,,,,,,,,,,,,,,,,,,,,,,,,,,,,,,
9,,,2479,,,,,,,,1.0815682411193848,,,,,,,,,,,,,,,,,,,,,,,,,,,,,,,,,,,,,
9,,,2484,,,,,,,,1.094860553741455,,,,,,,,,,,,,,,,,,,,,,,,,,,,,,,,,,,,,
9,,,2489,,,,,,,,1.0991902351379395,,,,,,,,,,,,,,,,,,,,,,,,,,,,,,,,,,,,,
9,,,2494,,,,,,,,1.102483868598938,,,,,,,,,,,,,,,,,,,,,,,,,,,,,,,,,,,,,
9,,,2499,,,,,,,,1.0816525220870972,,,,,,,,,,,,,,,,,,,,,,,,,,,,,,,,,,,,,
9,,,2499,,,,,,,,,,,0.31872302293777466,0.0035217246040701866,0.669921875,1.33984375,54.966796875,0.669921875,271790.65625,0.8382283449172974,0.8382283449172974,,1.0,0.300323486328125,54.966796875,0.669921875,0.9327734708786011,0.04565282538533211,22118.0,0.0018280420918017626,0.0027287392877042294,0.38893991708755493,0.5805750489234924,0.005431947764009237,1475.0,0.01629701256752014,0.024326736107468605,0.24794834852218628,0.37011533975601196,0.013706421479582787,7373.0,0.0046580396592617035,0.006953109055757523,0.31955066323280334,0.47699692845344543,0.01595846563577652,0.00037276724469847977
9,,20.0,2499,266566.9375,0.8516435623168945,0.8536143898963928,,1.1091078519821167,0.8536143898963928,1.0,,0.3005644679069519,0.9240000247955322,,,,,,,,,,,,,,,,,,,,,,,,,,,,,,,,,,,
,0.00027135254915624217,,2500,,,,,,,,,,,,,,,,,,,,,,,,,,,,,,,,,,,,,,,,,,,,,
10,,,2504,,,,,,,,1.0850082635879517,,,,,,,,,,,,,,,,,,,,,,,,,,,,,,,,,,,,,
10,,,2509,,,,,,,,1.0925729274749756,,,,,,,,,,,,,,,,,,,,,,,,,,,,,,,,,,,,,
10,,,2514,,,,,,,,1.195749044418335,,,,,,,,,,,,,,,,,,,,,,,,,,,,,,,,,,,,,
10,,,2519,,,,,,,,1.09040367603302,,,,,,,,,,,,,,,,,,,,,,,,,,,,,,,,,,,,,
10,,,2524,,,,,,,,1.1077429056167603,,,,,,,,,,,,,,,,,,,,,,,,,,,,,,,,,,,,,
10,,,2529,,,,,,,,1.1361758708953857,,,,,,,,,,,,,,,,,,,,,,,,,,,,,,,,,,,,,
10,,,2534,,,,,,,,1.0844529867172241,,,,,,,,,,,,,,,,,,,,,,,,,,,,,,,,,,,,,
10,,,2539,,,,,,,,1.0864912271499634,,,,,,,,,,,,,,,,,,,,,,,,,,,,,,,,,,,,,
10,,,2544,,,,,,,,1.1058077812194824,,,,,,,,,,,,,,,,,,,,,,,,,,,,,,,,,,,,,
10,,,2549,,,,,,,,1.1057353019714355,,,,,,,,,,,,,,,,,,,,,,,,,,,,,,,,,,,,,
10,,,2554,,,,,,,,1.08243727684021,,,,,,,,,,,,,,,,,,,,,,,,,,,,,,,,,,,,,
10,,,2559,,,,,,,,1.1128463745117188,,,,,,,,,,,,,,,,,,,,,,,,,,,,,,,,,,,,,
10,,,2564,,,,,,,,1.1035528182983398,,,,,,,,,,,,,,,,,,,,,,,,,,,,,,,,,,,,,
10,,,2569,,,,,,,,1.1303095817565918,,,,,,,,,,,,,,,,,,,,,,,,,,,,,,,,,,,,,
10,,,2574,,,,,,,,1.1476037502288818,,,,,,,,,,,,,,,,,,,,,,,,,,,,,,,,,,,,,
10,,,2579,,,,,,,,1.090097188949585,,,,,,,,,,,,,,,,,,,,,,,,,,,,,,,,,,,,,
10,,,2584,,,,,,,,1.1013376712799072,,,,,,,,,,,,,,,,,,,,,,,,,,,,,,,,,,,,,
10,,,2589,,,,,,,,1.1689770221710205,,,,,,,,,,,,,,,,,,,,,,,,,,,,,,,,,,,,,
10,,,2594,,,,,,,,1.0818854570388794,,,,,,,,,,,,,,,,,,,,,,,,,,,,,,,,,,,,,
10,,,2599,,,,,,,,1.1204075813293457,,,,,,,,,,,,,,,,,,,,,,,,,,,,,,,,,,,,,
10,,,2604,,,,,,,,1.113261342048645,,,,,,,,,,,,,,,,,,,,,,,,,,,,,,,,,,,,,
10,,,2609,,,,,,,,1.0829473733901978,,,,,,,,,,,,,,,,,,,,,,,,,,,,,,,,,,,,,
10,,,2614,,,,,,,,1.090071678161621,,,,,,,,,,,,,,,,,,,,,,,,,,,,,,,,,,,,,
10,,,2619,,,,,,,,1.0910686254501343,,,,,,,,,,,,,,,,,,,,,,,,,,,,,,,,,,,,,
10,,,2624,,,,,,,,1.1300766468048096,,,,,,,,,,,,,,,,,,,,,,,,,,,,,,,,,,,,,
10,,,2629,,,,,,,,1.2871184349060059,,,,,,,,,,,,,,,,,,,,,,,,,,,,,,,,,,,,,
10,,,2634,,,,,,,,1.083533763885498,,,,,,,,,,,,,,,,,,,,,,,,,,,,,,,,,,,,,
10,,,2639,,,,,,,,1.095766544342041,,,,,,,,,,,,,,,,,,,,,,,,,,,,,,,,,,,,,
10,,,2644,,,,,,,,1.082108736038208,,,,,,,,,,,,,,,,,,,,,,,,,,,,,,,,,,,,,
10,,,2649,,,,,,,,1.0807676315307617,,,,,,,,,,,,,,,,,,,,,,,,,,,,,,,,,,,,,
10,,,2654,,,,,,,,1.0818793773651123,,,,,,,,,,,,,,,,,,,,,,,,,,,,,,,,,,,,,
10,,,2659,,,,,,,,1.1587128639221191,,,,,,,,,,,,,,,,,,,,,,,,,,,,,,,,,,,,,
10,,,2664,,,,,,,,1.089301586151123,,,,,,,,,,,,,,,,,,,,,,,,,,,,,,,,,,,,,
10,,,2669,,,,,,,,1.087468147277832,,,,,,,,,,,,,,,,,,,,,,,,,,,,,,,,,,,,,
10,,,2674,,,,,,,,1.0874497890472412,,,,,,,,,,,,,,,,,,,,,,,,,,,,,,,,,,,,,
10,,,2679,,,,,,,,1.0924899578094482,,,,,,,,,,,,,,,,,,,,,,,,,,,,,,,,,,,,,
10,,,2684,,,,,,,,1.0815025568008423,,,,,,,,,,,,,,,,,,,,,,,,,,,,,,,,,,,,,
10,,,2689,,,,,,,,1.0861550569534302,,,,,,,,,,,,,,,,,,,,,,,,,,,,,,,,,,,,,
10,,,2694,,,,,,,,1.0958532094955444,,,,,,,,,,,,,,,,,,,,,,,,,,,,,,,,,,,,,
10,,,2699,,,,,,,,1.095393180847168,,,,,,,,,,,,,,,,,,,,,,,,,,,,,,,,,,,,,
10,,,2704,,,,,,,,1.0983184576034546,,,,,,,,,,,,,,,,,,,,,,,,,,,,,,,,,,,,,
10,,,2709,,,,,,,,1.1272523403167725,,,,,,,,,,,,,,,,,,,,,,,,,,,,,,,,,,,,,
10,,,2714,,,,,,,,1.0854343175888062,,,,,,,,,,,,,,,,,,,,,,,,,,,,,,,,,,,,,
10,,,2719,,,,,,,,1.1079597473144531,,,,,,,,,,,,,,,,,,,,,,,,,,,,,,,,,,,,,
10,,,2724,,,,,,,,1.1068058013916016,,,,,,,,,,,,,,,,,,,,,,,,,,,,,,,,,,,,,
10,,,2729,,,,,,,,1.1112830638885498,,,,,,,,,,,,,,,,,,,,,,,,,,,,,,,,,,,,,
10,,,2734,,,,,,,,1.0825259685516357,,,,,,,,,,,,,,,,,,,,,,,,,,,,,,,,,,,,,
10,,,2739,,,,,,,,1.0918527841567993,,,,,,,,,,,,,,,,,,,,,,,,,,,,,,,,,,,,,
10,,,2744,,,,,,,,1.10464608669281,,,,,,,,,,,,,,,,,,,,,,,,,,,,,,,,,,,,,
10,,,2749,,,,,,,,1.11860990524292,,,,,,,,,,,,,,,,,,,,,,,,,,,,,,,,,,,,,
10,,,2749,,,,,,,,,,,0.32759085297584534,0.0038482793606817722,0.669921875,1.33984375,54.966796875,0.669921875,271790.65625,0.8379870653152466,0.8379870653152466,,1.0,0.2903289794921875,54.966796875,0.669921875,0.9120133519172668,0.0459773913025856,22118.0,0.0018685735994949937,0.002789241261780262,0.40689125657081604,0.6073712110519409,0.00555298151448369,1475.0,0.01639566197991371,0.024473991245031357,0.25376418232917786,0.37879669666290283,0.013949098996818066,7373.0,0.004740159027278423,0.007075689733028412,0.32687684893608093,0.48793280124664307,0.016156699508428574,0.00037276724469847977
10,,20.0,2749,265283.78125,0.8521053791046143,0.8530471324920654,,1.1086786985397339,0.8530471324920654,1.0,,0.3009277284145355,0.9210000038146973,,,,,,,,,,,,,,,,,,,,,,,,,,,,,,,,,,,
,0.0002655769864163684,,2750,,,,,,,,,,,,,,,,,,,,,,,,,,,,,,,,,,,,,,,,,,,,,
11,,,2754,,,,,,,,1.216737151145935,,,,,,,,,,,,,,,,,,,,,,,,,,,,,,,,,,,,,
11,,,2759,,,,,,,,1.0899887084960938,,,,,,,,,,,,,,,,,,,,,,,,,,,,,,,,,,,,,
11,,,2764,,,,,,,,1.0807645320892334,,,,,,,,,,,,,,,,,,,,,,,,,,,,,,,,,,,,,
11,,,2769,,,,,,,,1.109602928161621,,,,,,,,,,,,,,,,,,,,,,,,,,,,,,,,,,,,,
11,,,2774,,,,,,,,1.098522663116455,,,,,,,,,,,,,,,,,,,,,,,,,,,,,,,,,,,,,
11,,,2779,,,,,,,,1.112258791923523,,,,,,,,,,,,,,,,,,,,,,,,,,,,,,,,,,,,,
11,,,2784,,,,,,,,1.092257022857666,,,,,,,,,,,,,,,,,,,,,,,,,,,,,,,,,,,,,
11,,,2789,,,,,,,,1.0969544649124146,,,,,,,,,,,,,,,,,,,,,,,,,,,,,,,,,,,,,
11,,,2794,,,,,,,,1.139901876449585,,,,,,,,,,,,,,,,,,,,,,,,,,,,,,,,,,,,,
11,,,2799,,,,,,,,1.1080522537231445,,,,,,,,,,,,,,,,,,,,,,,,,,,,,,,,,,,,,
11,,,2804,,,,,,,,1.0945004224777222,,,,,,,,,,,,,,,,,,,,,,,,,,,,,,,,,,,,,
11,,,2809,,,,,,,,1.088350534439087,,,,,,,,,,,,,,,,,,,,,,,,,,,,,,,,,,,,,
11,,,2814,,,,,,,,1.1917543411254883,,,,,,,,,,,,,,,,,,,,,,,,,,,,,,,,,,,,,
11,,,2819,,,,,,,,1.1051089763641357,,,,,,,,,,,,,,,,,,,,,,,,,,,,,,,,,,,,,
11,,,2824,,,,,,,,1.1190738677978516,,,,,,,,,,,,,,,,,,,,,,,,,,,,,,,,,,,,,
11,,,2829,,,,,,,,1.1256473064422607,,,,,,,,,,,,,,,,,,,,,,,,,,,,,,,,,,,,,
11,,,2834,,,,,,,,1.1162563562393188,,,,,,,,,,,,,,,,,,,,,,,,,,,,,,,,,,,,,
11,,,2839,,,,,,,,1.0949819087982178,,,,,,,,,,,,,,,,,,,,,,,,,,,,,,,,,,,,,
11,,,2844,,,,,,,,1.0837081670761108,,,,,,,,,,,,,,,,,,,,,,,,,,,,,,,,,,,,,
11,,,2849,,,,,,,,1.159915804862976,,,,,,,,,,,,,,,,,,,,,,,,,,,,,,,,,,,,,
11,,,2854,,,,,,,,1.0929456949234009,,,,,,,,,,,,,,,,,,,,,,,,,,,,,,,,,,,,,
11,,,2859,,,,,,,,1.0863739252090454,,,,,,,,,,,,,,,,,,,,,,,,,,,,,,,,,,,,,
11,,,2864,,,,,,,,1.1309136152267456,,,,,,,,,,,,,,,,,,,,,,,,,,,,,,,,,,,,,
11,,,2869,,,,,,,,1.0905811786651611,,,,,,,,,,,,,,,,,,,,,,,,,,,,,,,,,,,,,
11,,,2874,,,,,,,,1.1200072765350342,,,,,,,,,,,,,,,,,,,,,,,,,,,,,,,,,,,,,
11,,,2879,,,,,,,,1.0902639627456665,,,,,,,,,,,,,,,,,,,,,,,,,,,,,,,,,,,,,
11,,,2884,,,,,,,,1.0949621200561523,,,,,,,,,,,,,,,,,,,,,,,,,,,,,,,,,,,,,
11,,,2889,,,,,,,,1.0992403030395508,,,,,,,,,,,,,,,,,,,,,,,,,,,,,,,,,,,,,
11,,,2894,,,,,,,,1.0914950370788574,,,,,,,,,,,,,,,,,,,,,,,,,,,,,,,,,,,,,
11,,,2899,,,,,,,,1.3651809692382812,,,,,,,,,,,,,,,,,,,,,,,,,,,,,,,,,,,,,
11,,,2904,,,,,,,,1.0846099853515625,,,,,,,,,,,,,,,,,,,,,,,,,,,,,,,,,,,,,
11,,,2909,,,,,,,,1.0921329259872437,,,,,,,,,,,,,,,,,,,,,,,,,,,,,,,,,,,,,
11,,,2914,,,,,,,,1.1199076175689697,,,,,,,,,,,,,,,,,,,,,,,,,,,,,,,,,,,,,
11,,,2919,,,,,,,,1.0908052921295166,,,,,,,,,,,,,,,,,,,,,,,,,,,,,,,,,,,,,
11,,,2924,,,,,,,,1.121325969696045,,,,,,,,,,,,,,,,,,,,,,,,,,,,,,,,,,,,,
11,,,2929,,,,,,,,1.0868945121765137,,,,,,,,,,,,,,,,,,,,,,,,,,,,,,,,,,,,,
11,,,2934,,,,,,,,1.1104364395141602,,,,,,,,,,,,,,,,,,,,,,,,,,,,,,,,,,,,,
11,,,2939,,,,,,,,1.0891906023025513,,,,,,,,,,,,,,,,,,,,,,,,,,,,,,,,,,,,,
11,,,2944,,,,,,,,1.1147053241729736,,,,,,,,,,,,,,,,,,,,,,,,,,,,,,,,,,,,,
11,,,2949,,,,,,,,1.157174825668335,,,,,,,,,,,,,,,,,,,,,,,,,,,,,,,,,,,,,
11,,,2954,,,,,,,,1.1459872722625732,,,,,,,,,,,,,,,,,,,,,,,,,,,,,,,,,,,,,
11,,,2959,,,,,,,,1.0919520854949951,,,,,,,,,,,,,,,,,,,,,,,,,,,,,,,,,,,,,
11,,,2964,,,,,,,,1.088818073272705,,,,,,,,,,,,,,,,,,,,,,,,,,,,,,,,,,,,,
11,,,2969,,,,,,,,1.083861231803894,,,,,,,,,,,,,,,,,,,,,,,,,,,,,,,,,,,,,
11,,,2974,,,,,,,,1.0877856016159058,,,,,,,,,,,,,,,,,,,,,,,,,,,,,,,,,,,,,
11,,,2979,,,,,,,,1.106302261352539,,,,,,,,,,,,,,,,,,,,,,,,,,,,,,,,,,,,,
11,,,2984,,,,,,,,1.0934115648269653,,,,,,,,,,,,,,,,,,,,,,,,,,,,,,,,,,,,,
11,,,2989,,,,,,,,1.0926868915557861,,,,,,,,,,,,,,,,,,,,,,,,,,,,,,,,,,,,,
11,,,2994,,,,,,,,1.1208877563476562,,,,,,,,,,,,,,,,,,,,,,,,,,,,,,,,,,,,,
11,,,2999,,,,,,,,1.0988152027130127,,,,,,,,,,,,,,,,,,,,,,,,,,,,,,,,,,,,,
11,,,2999,,,,,,,,,,,0.3345608711242676,0.004251112230122089,0.669921875,1.33984375,54.966796875,0.669921875,271790.65625,0.8381544947624207,0.8381544947624207,,1.0,0.3004264831542969,54.966796875,0.669921875,0.9481596946716309,0.04637770354747772,22118.0,0.0018465874018147588,0.0027564221527427435,0.3953762352466583,0.5901826024055481,0.0054872166365385056,1475.0,0.016538668423891068,0.02468745969235897,0.255912721157074,0.3820038437843323,0.013952665962278843,7373.0,0.004741881508380175,0.007078260648995638,0.32455363869667053,0.4844649136066437,0.016204949468374252,0.00037276724469847977
11,,20.0,2999,264587.84375,0.8523158431053162,0.8537133932113647,,1.1094082593917847,0.8537133932113647,1.0,,0.30070897936820984,0.9144999980926514,,,,,,,,,,,,,,,,,,,,,,,,,,,,,,,,,,,
,0.0002593452941132117,,3000,,,,,,,,,,,,,,,,,,,,,,,,,,,,,,,,,,,,,,,,,,,,,
12,,,3004,,,,,,,,1.0996692180633545,,,,,,,,,,,,,,,,,,,,,,,,,,,,,,,,,,,,,
12,,,3009,,,,,,,,1.1367908716201782,,,,,,,,,,,,,,,,,,,,,,,,,,,,,,,,,,,,,
12,,,3014,,,,,,,,1.1039921045303345,,,,,,,,,,,,,,,,,,,,,,,,,,,,,,,,,,,,,
12,,,3019,,,,,,,,1.090736746788025,,,,,,,,,,,,,,,,,,,,,,,,,,,,,,,,,,,,,
12,,,3024,,,,,,,,1.0977035760879517,,,,,,,,,,,,,,,,,,,,,,,,,,,,,,,,,,,,,
12,,,3029,,,,,,,,1.1066056489944458,,,,,,,,,,,,,,,,,,,,,,,,,,,,,,,,,,,,,
12,,,3034,,,,,,,,1.0919982194900513,,,,,,,,,,,,,,,,,,,,,,,,,,,,,,,,,,,,,
12,,,3039,,,,,,,,1.0897209644317627,,,,,,,,,,,,,,,,,,,,,,,,,,,,,,,,,,,,,
12,,,3044,,,,,,,,1.137435793876648,,,,,,,,,,,,,,,,,,,,,,,,,,,,,,,,,,,,,
12,,,3049,,,,,,,,1.1191357374191284,,,,,,,,,,,,,,,,,,,,,,,,,,,,,,,,,,,,,
12,,,3054,,,,,,,,1.0907678604125977,,,,,,,,,,,,,,,,,,,,,,,,,,,,,,,,,,,,,
12,,,3059,,,,,,,,1.0993930101394653,,,,,,,,,,,,,,,,,,,,,,,,,,,,,,,,,,,,,
12,,,3064,,,,,,,,1.099086046218872,,,,,,,,,,,,,,,,,,,,,,,,,,,,,,,,,,,,,
12,,,3069,,,,,,,,1.1193153858184814,,,,,,,,,,,,,,,,,,,,,,,,,,,,,,,,,,,,,
12,,,3074,,,,,,,,1.094834566116333,,,,,,,,,,,,,,,,,,,,,,,,,,,,,,,,,,,,,
12,,,3079,,,,,,,,1.0881617069244385,,,,,,,,,,,,,,,,,,,,,,,,,,,,,,,,,,,,,
12,,,3084,,,,,,,,1.090975046157837,,,,,,,,,,,,,,,,,,,,,,,,,,,,,,,,,,,,,
12,,,3089,,,,,,,,1.087775707244873,,,,,,,,,,,,,,,,,,,,,,,,,,,,,,,,,,,,,
12,,,3094,,,,,,,,1.101588487625122,,,,,,,,,,,,,,,,,,,,,,,,,,,,,,,,,,,,,
12,,,3099,,,,,,,,1.1162681579589844,,,,,,,,,,,,,,,,,,,,,,,,,,,,,,,,,,,,,
12,,,3104,,,,,,,,1.0882453918457031,,,,,,,,,,,,,,,,,,,,,,,,,,,,,,,,,,,,,
12,,,3109,,,,,,,,1.1569359302520752,,,,,,,,,,,,,,,,,,,,,,,,,,,,,,,,,,,,,
12,,,3114,,,,,,,,1.0834486484527588,,,,,,,,,,,,,,,,,,,,,,,,,,,,,,,,,,,,,
12,,,3119,,,,,,,,1.087733507156372,,,,,,,,,,,,,,,,,,,,,,,,,,,,,,,,,,,,,
12,,,3124,,,,,,,,1.0810985565185547,,,,,,,,,,,,,,,,,,,,,,,,,,,,,,,,,,,,,
12,,,3129,,,,,,,,1.203195571899414,,,,,,,,,,,,,,,,,,,,,,,,,,,,,,,,,,,,,
12,,,3134,,,,,,,,1.1390695571899414,,,,,,,,,,,,,,,,,,,,,,,,,,,,,,,,,,,,,
12,,,3139,,,,,,,,1.0815560817718506,,,,,,,,,,,,,,,,,,,,,,,,,,,,,,,,,,,,,
12,,,3144,,,,,,,,1.0994267463684082,,,,,,,,,,,,,,,,,,,,,,,,,,,,,,,,,,,,,
12,,,3149,,,,,,,,1.1161985397338867,,,,,,,,,,,,,,,,,,,,,,,,,,,,,,,,,,,,,
12,,,3154,,,,,,,,1.0907740592956543,,,,,,,,,,,,,,,,,,,,,,,,,,,,,,,,,,,,,
12,,,3159,,,,,,,,1.0842070579528809,,,,,,,,,,,,,,,,,,,,,,,,,,,,,,,,,,,,,
12,,,3164,,,,,,,,1.113863229751587,,,,,,,,,,,,,,,,,,,,,,,,,,,,,,,,,,,,,
12,,,3169,,,,,,,,1.1104729175567627,,,,,,,,,,,,,,,,,,,,,,,,,,,,,,,,,,,,,
12,,,3174,,,,,,,,1.0933820009231567,,,,,,,,,,,,,,,,,,,,,,,,,,,,,,,,,,,,,
12,,,3179,,,,,,,,1.0909512042999268,,,,,,,,,,,,,,,,,,,,,,,,,,,,,,,,,,,,,
12,,,3184,,,,,,,,1.092695713043213,,,,,,,,,,,,,,,,,,,,,,,,,,,,,,,,,,,,,
12,,,3189,,,,,,,,1.098097324371338,,,,,,,,,,,,,,,,,,,,,,,,,,,,,,,,,,,,,
12,,,3194,,,,,,,,1.081713318824768,,,,,,,,,,,,,,,,,,,,,,,,,,,,,,,,,,,,,
12,,,3199,,,,,,,,1.0882642269134521,,,,,,,,,,,,,,,,,,,,,,,,,,,,,,,,,,,,,
12,,,3204,,,,,,,,1.0875966548919678,,,,,,,,,,,,,,,,,,,,,,,,,,,,,,,,,,,,,
12,,,3209,,,,,,,,1.0906000137329102,,,,,,,,,,,,,,,,,,,,,,,,,,,,,,,,,,,,,
12,,,3214,,,,,,,,1.111136794090271,,,,,,,,,,,,,,,,,,,,,,,,,,,,,,,,,,,,,
12,,,3219,,,,,,,,1.0850437879562378,,,,,,,,,,,,,,,,,,,,,,,,,,,,,,,,,,,,,
12,,,3224,,,,,,,,1.1253037452697754,,,,,,,,,,,,,,,,,,,,,,,,,,,,,,,,,,,,,
12,,,3229,,,,,,,,1.0943098068237305,,,,,,,,,,,,,,,,,,,,,,,,,,,,,,,,,,,,,
12,,,3234,,,,,,,,1.1868253946304321,,,,,,,,,,,,,,,,,,,,,,,,,,,,,,,,,,,,,
12,,,3239,,,,,,,,1.223291039466858,,,,,,,,,,,,,,,,,,,,,,,,,,,,,,,,,,,,,
12,,,3244,,,,,,,,1.1101853847503662,,,,,,,,,,,,,,,,,,,,,,,,,,,,,,,,,,,,,
12,,,3249,,,,,,,,1.1068394184112549,,,,,,,,,,,,,,,,,,,,,,,,,,,,,,,,,,,,,
12,,,3249,,,,,,,,,,,0.31596672534942627,0.004507121630012989,0.669921875,1.33984375,54.966796875,0.669921875,271790.65625,0.8379603624343872,0.8379603624343872,,1.0,0.2953834533691406,54.966796875,0.669921875,0.9451339840888977,0.046177737414836884,22118.0,0.0018604936776682734,0.0027771801687777042,0.4014417827129364,0.5992367267608643,0.0055287373252213,1475.0,0.01647047884762287,0.024585671722888947,0.2540644407272339,0.3792448937892914,0.013945188373327255,7373.0,0.0047396281734108925,0.007074897177517414,0.323036253452301,0.48219990730285645,0.01618347316980362,0.00037276724469847977
12,,20.0,3249,266650.40625,0.850129246711731,0.8526269793510437,,1.1076651811599731,0.8526269793510437,1.0,,0.30006250739097595,0.9200000166893005,,,,,,,,,,,,,,,,,,,,,,,,,,,,,,,,,,,
,0.0002526820658893033,,3250,,,,,,,,,,,,,,,,,,,,,,,,,,,,,,,,,,,,,,,,,,,,,
13,,,3254,,,,,,,,1.0976457595825195,,,,,,,,,,,,,,,,,,,,,,,,,,,,,,,,,,,,,
13,,,3259,,,,,,,,1.0866858959197998,,,,,,,,,,,,,,,,,,,,,,,,,,,,,,,,,,,,,
13,,,3264,,,,,,,,1.1026021242141724,,,,,,,,,,,,,,,,,,,,,,,,,,,,,,,,,,,,,
13,,,3269,,,,,,,,1.169011116027832,,,,,,,,,,,,,,,,,,,,,,,,,,,,,,,,,,,,,
13,,,3274,,,,,,,,1.1095051765441895,,,,,,,,,,,,,,,,,,,,,,,,,,,,,,,,,,,,,
13,,,3279,,,,,,,,1.0929054021835327,,,,,,,,,,,,,,,,,,,,,,,,,,,,,,,,,,,,,
13,,,3284,,,,,,,,1.1331655979156494,,,,,,,,,,,,,,,,,,,,,,,,,,,,,,,,,,,,,
13,,,3289,,,,,,,,1.0900352001190186,,,,,,,,,,,,,,,,,,,,,,,,,,,,,,,,,,,,,
13,,,3294,,,,,,,,1.1151463985443115,,,,,,,,,,,,,,,,,,,,,,,,,,,,,,,,,,,,,
13,,,3299,,,,,,,,1.1046820878982544,,,,,,,,,,,,,,,,,,,,,,,,,,,,,,,,,,,,,
13,,,3304,,,,,,,,1.143326997756958,,,,,,,,,,,,,,,,,,,,,,,,,,,,,,,,,,,,,
13,,,3309,,,,,,,,1.0823343992233276,,,,,,,,,,,,,,,,,,,,,,,,,,,,,,,,,,,,,
13,,,3314,,,,,,,,1.200969934463501,,,,,,,,,,,,,,,,,,,,,,,,,,,,,,,,,,,,,
13,,,3319,,,,,,,,1.1004663705825806,,,,,,,,,,,,,,,,,,,,,,,,,,,,,,,,,,,,,
13,,,3324,,,,,,,,1.1304774284362793,,,,,,,,,,,,,,,,,,,,,,,,,,,,,,,,,,,,,
13,,,3329,,,,,,,,1.0843753814697266,,,,,,,,,,,,,,,,,,,,,,,,,,,,,,,,,,,,,
13,,,3334,,,,,,,,1.0857889652252197,,,,,,,,,,,,,,,,,,,,,,,,,,,,,,,,,,,,,
13,,,3339,,,,,,,,1.11012864112854,,,,,,,,,,,,,,,,,,,,,,,,,,,,,,,,,,,,,
13,,,3344,,,,,,,,1.090205192565918,,,,,,,,,,,,,,,,,,,,,,,,,,,,,,,,,,,,,
13,,,3349,,,,,,,,1.1865226030349731,,,,,,,,,,,,,,,,,,,,,,,,,,,,,,,,,,,,,
13,,,3354,,,,,,,,1.0847587585449219,,,,,,,,,,,,,,,,,,,,,,,,,,,,,,,,,,,,,
13,,,3359,,,,,,,,1.102195382118225,,,,,,,,,,,,,,,,,,,,,,,,,,,,,,,,,,,,,
13,,,3364,,,,,,,,1.0869991779327393,,,,,,,,,,,,,,,,,,,,,,,,,,,,,,,,,,,,,
13,,,3369,,,,,,,,1.0808470249176025,,,,,,,,,,,,,,,,,,,,,,,,,,,,,,,,,,,,,
13,,,3374,,,,,,,,1.0806291103363037,,,,,,,,,,,,,,,,,,,,,,,,,,,,,,,,,,,,,
13,,,3379,,,,,,,,1.116927981376648,,,,,,,,,,,,,,,,,,,,,,,,,,,,,,,,,,,,,
13,,,3384,,,,,,,,1.18875253200531,,,,,,,,,,,,,,,,,,,,,,,,,,,,,,,,,,,,,
13,,,3389,,,,,,,,1.1195274591445923,,,,,,,,,,,,,,,,,,,,,,,,,,,,,,,,,,,,,
13,,,3394,,,,,,,,1.0853297710418701,,,,,,,,,,,,,,,,,,,,,,,,,,,,,,,,,,,,,
13,,,3399,,,,,,,,1.088486671447754,,,,,,,,,,,,,,,,,,,,,,,,,,,,,,,,,,,,,
13,,,3404,,,,,,,,1.0913777351379395,,,,,,,,,,,,,,,,,,,,,,,,,,,,,,,,,,,,,
13,,,3409,,,,,,,,1.1128199100494385,,,,,,,,,,,,,,,,,,,,,,,,,,,,,,,,,,,,,
13,,,3414,,,,,,,,1.09403657913208,,,,,,,,,,,,,,,,,,,,,,,,,,,,,,,,,,,,,
13,,,3419,,,,,,,,1.1322910785675049,,,,,,,,,,,,,,,,,,,,,,,,,,,,,,,,,,,,,
13,,,3424,,,,,,,,1.090100884437561,,,,,,,,,,,,,,,,,,,,,,,,,,,,,,,,,,,,,
13,,,3429,,,,,,,,1.0820950269699097,,,,,,,,,,,,,,,,,,,,,,,,,,,,,,,,,,,,,
13,,,3434,,,,,,,,1.1078200340270996,,,,,,,,,,,,,,,,,,,,,,,,,,,,,,,,,,,,,
13,,,3439,,,,,,,,1.1149944067001343,,,,,,,,,,,,,,,,,,,,,,,,,,,,,,,,,,,,,
13,,,3444,,,,,,,,1.1313015222549438,,,,,,,,,,,,,,,,,,,,,,,,,,,,,,,,,,,,,
13,,,3449,,,,,,,,1.1233651638031006,,,,,,,,,,,,,,,,,,,,,,,,,,,,,,,,,,,,,
13,,,3454,,,,,,,,1.136931300163269,,,,,,,,,,,,,,,,,,,,,,,,,,,,,,,,,,,,,
13,,,3459,,,,,,,,1.1954824924468994,,,,,,,,,,,,,,,,,,,,,,,,,,,,,,,,,,,,,
13,,,3464,,,,,,,,1.0802538394927979,,,,,,,,,,,,,,,,,,,,,,,,,,,,,,,,,,,,,
13,,,3469,,,,,,,,1.08645761013031,,,,,,,,,,,,,,,,,,,,,,,,,,,,,,,,,,,,,
13,,,3474,,,,,,,,1.0978691577911377,,,,,,,,,,,,,,,,,,,,,,,,,,,,,,,,,,,,,
13,,,3479,,,,,,,,1.1353716850280762,,,,,,,,,,,,,,,,,,,,,,,,,,,,,,,,,,,,,
13,,,3484,,,,,,,,1.1668131351470947,,,,,,,,,,,,,,,,,,,,,,,,,,,,,,,,,,,,,
13,,,3489,,,,,,,,1.0807442665100098,,,,,,,,,,,,,,,,,,,,,,,,,,,,,,,,,,,,,
13,,,3494,,,,,,,,1.0806347131729126,,,,,,,,,,,,,,,,,,,,,,,,,,,,,,,,,,,,,
13,,,3499,,,,,,,,1.0906776189804077,,,,,,,,,,,,,,,,,,,,,,,,,,,,,,,,,,,,,
13,,,3499,,,,,,,,,,,0.3256930112838745,0.004308296367526054,0.669921875,1.33984375,54.966796875,0.669921875,271790.65625,0.8382459282875061,0.8382459282875061,,1.0,0.3010711669921875,54.966796875,0.669921875,0.9383037686347961,0.04616665840148926,22118.0,0.0018608031095936894,0.0027776421047747135,0.3831597566604614,0.571946918964386,0.005528435576707125,1475.0,0.0165121890604496,0.02464793249964714,0.24361203610897064,0.36364248394966125,0.014003947377204895,7373.0,0.004762147553265095,0.007108511868864298,0.3129805326461792,0.46718961000442505,0.016198735684156418,0.00037276724469847977
13,,20.0,3499,265363.09375,0.8509524464607239,0.8519783616065979,,1.1072635650634766,0.8519783616065979,1.0,,0.30061718821525574,0.9100000262260437,,,,,,,,,,,,,,,,,,,,,,,,,,,,,,,,,,,
,0.0002456135984623034,,3500,,,,,,,,,,,,,,,,,,,,,,,,,,,,,,,,,,,,,,,,,,,,,
14,,,3504,,,,,,,,1.0931485891342163,,,,,,,,,,,,,,,,,,,,,,,,,,,,,,,,,,,,,
14,,,3509,,,,,,,,1.0914585590362549,,,,,,,,,,,,,,,,,,,,,,,,,,,,,,,,,,,,,
14,,,3514,,,,,,,,1.1038951873779297,,,,,,,,,,,,,,,,,,,,,,,,,,,,,,,,,,,,,
14,,,3519,,,,,,,,1.1092935800552368,,,,,,,,,,,,,,,,,,,,,,,,,,,,,,,,,,,,,
14,,,3524,,,,,,,,1.1347630023956299,,,,,,,,,,,,,,,,,,,,,,,,,,,,,,,,,,,,,
14,,,3529,,,,,,,,1.1089376211166382,,,,,,,,,,,,,,,,,,,,,,,,,,,,,,,,,,,,,
14,,,3534,,,,,,,,1.1136212348937988,,,,,,,,,,,,,,,,,,,,,,,,,,,,,,,,,,,,,
14,,,3539,,,,,,,,1.0926079750061035,,,,,,,,,,,,,,,,,,,,,,,,,,,,,,,,,,,,,
14,,,3544,,,,,,,,1.1078941822052002,,,,,,,,,,,,,,,,,,,,,,,,,,,,,,,,,,,,,
14,,,3549,,,,,,,,1.0834028720855713,,,,,,,,,,,,,,,,,,,,,,,,,,,,,,,,,,,,,
14,,,3554,,,,,,,,1.0909477472305298,,,,,,,,,,,,,,,,,,,,,,,,,,,,,,,,,,,,,
14,,,3559,,,,,,,,1.0965025424957275,,,,,,,,,,,,,,,,,,,,,,,,,,,,,,,,,,,,,
14,,,3564,,,,,,,,1.1098508834838867,,,,,,,,,,,,,,,,,,,,,,,,,,,,,,,,,,,,,
14,,,3569,,,,,,,,1.0900150537490845,,,,,,,,,,,,,,,,,,,,,,,,,,,,,,,,,,,,,
14,,,3574,,,,,,,,1.1414560079574585,,,,,,,,,,,,,,,,,,,,,,,,,,,,,,,,,,,,,
14,,,3579,,,,,,,,1.0919950008392334,,,,,,,,,,,,,,,,,,,,,,,,,,,,,,,,,,,,,
14,,,3584,,,,,,,,1.0805771350860596,,,,,,,,,,,,,,,,,,,,,,,,,,,,,,,,,,,,,
14,,,3589,,,,,,,,1.1294894218444824,,,,,,,,,,,,,,,,,,,,,,,,,,,,,,,,,,,,,
14,,,3594,,,,,,,,1.1002590656280518,,,,,,,,,,,,,,,,,,,,,,,,,,,,,,,,,,,,,
14,,,3599,,,,,,,,1.1109378337860107,,,,,,,,,,,,,,,,,,,,,,,,,,,,,,,,,,,,,
14,,,3604,,,,,,,,1.1187951564788818,,,,,,,,,,,,,,,,,,,,,,,,,,,,,,,,,,,,,
14,,,3609,,,,,,,,1.1009044647216797,,,,,,,,,,,,,,,,,,,,,,,,,,,,,,,,,,,,,
14,,,3614,,,,,,,,1.0936274528503418,,,,,,,,,,,,,,,,,,,,,,,,,,,,,,,,,,,,,
14,,,3619,,,,,,,,1.0969648361206055,,,,,,,,,,,,,,,,,,,,,,,,,,,,,,,,,,,,,
14,,,3624,,,,,,,,1.0976313352584839,,,,,,,,,,,,,,,,,,,,,,,,,,,,,,,,,,,,,
14,,,3629,,,,,,,,1.0914249420166016,,,,,,,,,,,,,,,,,,,,,,,,,,,,,,,,,,,,,
14,,,3634,,,,,,,,1.0959504842758179,,,,,,,,,,,,,,,,,,,,,,,,,,,,,,,,,,,,,
14,,,3639,,,,,,,,1.342327356338501,,,,,,,,,,,,,,,,,,,,,,,,,,,,,,,,,,,,,
14,,,3644,,,,,,,,1.0853815078735352,,,,,,,,,,,,,,,,,,,,,,,,,,,,,,,,,,,,,
14,,,3649,,,,,,,,1.1010710000991821,,,,,,,,,,,,,,,,,,,,,,,,,,,,,,,,,,,,,
14,,,3654,,,,,,,,1.0810796022415161,,,,,,,,,,,,,,,,,,,,,,,,,,,,,,,,,,,,,
14,,,3659,,,,,,,,1.0896776914596558,,,,,,,,,,,,,,,,,,,,,,,,,,,,,,,,,,,,,
14,,,3664,,,,,,,,1.0810388326644897,,,,,,,,,,,,,,,,,,,,,,,,,,,,,,,,,,,,,
14,,,3669,,,,,,,,1.0817993879318237,,,,,,,,,,,,,,,,,,,,,,,,,,,,,,,,,,,,,
14,,,3674,,,,,,,,1.2165815830230713,,,,,,,,,,,,,,,,,,,,,,,,,,,,,,,,,,,,,
14,,,3679,,,,,,,,1.094015121459961,,,,,,,,,,,,,,,,,,,,,,,,,,,,,,,,,,,,,
14,,,3684,,,,,,,,1.099839210510254,,,,,,,,,,,,,,,,,,,,,,,,,,,,,,,,,,,,,
14,,,3689,,,,,,,,1.0871131420135498,,,,,,,,,,,,,,,,,,,,,,,,,,,,,,,,,,,,,
14,,,3694,,,,,,,,1.1152966022491455,,,,,,,,,,,,,,,,,,,,,,,,,,,,,,,,,,,,,
14,,,3699,,,,,,,,1.0962746143341064,,,,,,,,,,,,,,,,,,,,,,,,,,,,,,,,,,,,,
14,,,3704,,,,,,,,1.0819711685180664,,,,,,,,,,,,,,,,,,,,,,,,,,,,,,,,,,,,,
14,,,3709,,,,,,,,1.156956672668457,,,,,,,,,,,,,,,,,,,,,,,,,,,,,,,,,,,,,
14,,,3714,,,,,,,,1.1082149744033813,,,,,,,,,,,,,,,,,,,,,,,,,,,,,,,,,,,,,
14,,,3719,,,,,,,,1.0973507165908813,,,,,,,,,,,,,,,,,,,,,,,,,,,,,,,,,,,,,
14,,,3724,,,,,,,,1.0917761325836182,,,,,,,,,,,,,,,,,,,,,,,,,,,,,,,,,,,,,
14,,,3729,,,,,,,,1.0913310050964355,,,,,,,,,,,,,,,,,,,,,,,,,,,,,,,,,,,,,
14,,,3734,,,,,,,,1.1877219676971436,,,,,,,,,,,,,,,,,,,,,,,,,,,,,,,,,,,,,
14,,,3739,,,,,,,,1.0839937925338745,,,,,,,,,,,,,,,,,,,,,,,,,,,,,,,,,,,,,
14,,,3744,,,,,,,,1.106125831604004,,,,,,,,,,,,,,,,,,,,,,,,,,,,,,,,,,,,,
14,,,3749,,,,,,,,1.1032203435897827,,,,,,,,,,,,,,,,,,,,,,,,,,,,,,,,,,,,,
14,,,3749,,,,,,,,,,,0.3313577473163605,0.003953717183321714,0.669921875,1.33984375,54.966796875,0.669921875,271790.65625,0.83806312084198,0.83806312084198,,1.0,0.2969207763671875,54.966796875,0.669921875,0.9560314416885376,0.0464642196893692,22118.0,0.0018641581991687417,0.0027826502919197083,0.39862778782844543,0.5950362682342529,0.005539395846426487,1475.0,0.016594277694821358,0.024770468473434448,0.2506048381328583,0.37408071756362915,0.01398069504648447,7373.0,0.004752082284539938,0.007093487307429314,0.32207420468330383,0.48076385259628296,0.016256749629974365,0.00037276724469847977
14,,20.0,3749,264328.84375,0.851794958114624,0.8542622923851013,,1.1098005771636963,0.8542622923851013,1.0,,0.30091798305511475,0.9185000061988831,,,,,,,,,,,,,,,,,,,,,,,,,,,,,,,,,,,
,0.00023816778784387096,,3750,,,,,,,,,,,,,,,,,,,,,,,,,,,,,,,,,,,,,,,,,,,,,
15,,,3754,,,,,,,,1.1112761497497559,,,,,,,,,,,,,,,,,,,,,,,,,,,,,,,,,,,,,
15,,,3759,,,,,,,,1.1171939373016357,,,,,,,,,,,,,,,,,,,,,,,,,,,,,,,,,,,,,
15,,,3764,,,,,,,,1.1135413646697998,,,,,,,,,,,,,,,,,,,,,,,,,,,,,,,,,,,,,
15,,,3769,,,,,,,,1.204233169555664,,,,,,,,,,,,,,,,,,,,,,,,,,,,,,,,,,,,,
15,,,3774,,,,,,,,1.0865817070007324,,,,,,,,,,,,,,,,,,,,,,,,,,,,,,,,,,,,,
15,,,3779,,,,,,,,1.0851353406906128,,,,,,,,,,,,,,,,,,,,,,,,,,,,,,,,,,,,,
15,,,3784,,,,,,,,1.0861849784851074,,,,,,,,,,,,,,,,,,,,,,,,,,,,,,,,,,,,,
15,,,3789,,,,,,,,1.096325397491455,,,,,,,,,,,,,,,,,,,,,,,,,,,,,,,,,,,,,
15,,,3794,,,,,,,,1.1012415885925293,,,,,,,,,,,,,,,,,,,,,,,,,,,,,,,,,,,,,
15,,,3799,,,,,,,,1.083038091659546,,,,,,,,,,,,,,,,,,,,,,,,,,,,,,,,,,,,,
15,,,3804,,,,,,,,1.1158487796783447,,,,,,,,,,,,,,,,,,,,,,,,,,,,,,,,,,,,,
15,,,3809,,,,,,,,1.0889064073562622,,,,,,,,,,,,,,,,,,,,,,,,,,,,,,,,,,,,,
15,,,3814,,,,,,,,1.1225297451019287,,,,,,,,,,,,,,,,,,,,,,,,,,,,,,,,,,,,,
15,,,3819,,,,,,,,1.1559433937072754,,,,,,,,,,,,,,,,,,,,,,,,,,,,,,,,,,,,,
15,,,3824,,,,,,,,1.108999490737915,,,,,,,,,,,,,,,,,,,,,,,,,,,,,,,,,,,,,
15,,,3829,,,,,,,,1.0904103517532349,,,,,,,,,,,,,,,,,,,,,,,,,,,,,,,,,,,,,
15,,,3834,,,,,,,,1.1148130893707275,,,,,,,,,,,,,,,,,,,,,,,,,,,,,,,,,,,,,
15,,,3839,,,,,,,,1.0831021070480347,,,,,,,,,,,,,,,,,,,,,,,,,,,,,,,,,,,,,
15,,,3844,,,,,,,,1.08597993850708,,,,,,,,,,,,,,,,,,,,,,,,,,,,,,,,,,,,,
15,,,3849,,,,,,,,1.089919090270996,,,,,,,,,,,,,,,,,,,,,,,,,,,,,,,,,,,,,
15,,,3854,,,,,,,,1.1289973258972168,,,,,,,,,,,,,,,,,,,,,,,,,,,,,,,,,,,,,
15,,,3859,,,,,,,,1.0982524156570435,,,,,,,,,,,,,,,,,,,,,,,,,,,,,,,,,,,,,
15,,,3864,,,,,,,,1.105416178703308,,,,,,,,,,,,,,,,,,,,,,,,,,,,,,,,,,,,,
15,,,3869,,,,,,,,1.0863971710205078,,,,,,,,,,,,,,,,,,,,,,,,,,,,,,,,,,,,,
15,,,3874,,,,,,,,1.0848498344421387,,,,,,,,,,,,,,,,,,,,,,,,,,,,,,,,,,,,,
15,,,3879,,,,,,,,1.1734002828598022,,,,,,,,,,,,,,,,,,,,,,,,,,,,,,,,,,,,,
15,,,3884,,,,,,,,1.112783670425415,,,,,,,,,,,,,,,,,,,,,,,,,,,,,,,,,,,,,
15,,,3889,,,,,,,,1.0812432765960693,,,,,,,,,,,,,,,,,,,,,,,,,,,,,,,,,,,,,
15,,,3894,,,,,,,,1.0974254608154297,,,,,,,,,,,,,,,,,,,,,,,,,,,,,,,,,,,,,
15,,,3899,,,,,,,,1.1094849109649658,,,,,,,,,,,,,,,,,,,,,,,,,,,,,,,,,,,,,
15,,,3904,,,,,,,,1.0914664268493652,,,,,,,,,,,,,,,,,,,,,,,,,,,,,,,,,,,,,
15,,,3909,,,,,,,,1.0951350927352905,,,,,,,,,,,,,,,,,,,,,,,,,,,,,,,,,,,,,
15,,,3914,,,,,,,,1.1185671091079712,,,,,,,,,,,,,,,,,,,,,,,,,,,,,,,,,,,,,
15,,,3919,,,,,,,,1.0807355642318726,,,,,,,,,,,,,,,,,,,,,,,,,,,,,,,,,,,,,
15,,,3924,,,,,,,,1.0940654277801514,,,,,,,,,,,,,,,,,,,,,,,,,,,,,,,,,,,,,
15,,,3929,,,,,,,,1.0931954383850098,,,,,,,,,,,,,,,,,,,,,,,,,,,,,,,,,,,,,
15,,,3934,,,,,,,,1.108919620513916,,,,,,,,,,,,,,,,,,,,,,,,,,,,,,,,,,,,,
15,,,3939,,,,,,,,1.097901463508606,,,,,,,,,,,,,,,,,,,,,,,,,,,,,,,,,,,,,
15,,,3944,,,,,,,,1.143075704574585,,,,,,,,,,,,,,,,,,,,,,,,,,,,,,,,,,,,,
15,,,3949,,,,,,,,1.0823947191238403,,,,,,,,,,,,,,,,,,,,,,,,,,,,,,,,,,,,,
15,,,3954,,,,,,,,1.1024020910263062,,,,,,,,,,,,,,,,,,,,,,,,,,,,,,,,,,,,,
15,,,3959,,,,,,,,1.1420223712921143,,,,,,,,,,,,,,,,,,,,,,,,,,,,,,,,,,,,,
15,,,3964,,,,,,,,1.1003990173339844,,,,,,,,,,,,,,,,,,,,,,,,,,,,,,,,,,,,,
15,,,3969,,,,,,,,1.0888748168945312,,,,,,,,,,,,,,,,,,,,,,,,,,,,,,,,,,,,,
15,,,3974,,,,,,,,1.0914735794067383,,,,,,,,,,,,,,,,,,,,,,,,,,,,,,,,,,,,,
15,,,3979,,,,,,,,1.1305291652679443,,,,,,,,,,,,,,,,,,,,,,,,,,,,,,,,,,,,,
15,,,3984,,,,,,,,1.0940849781036377,,,,,,,,,,,,,,,,,,,,,,,,,,,,,,,,,,,,,
15,,,3989,,,,,,,,1.1050022840499878,,,,,,,,,,,,,,,,,,,,,,,,,,,,,,,,,,,,,
15,,,3994,,,,,,,,1.0816209316253662,,,,,,,,,,,,,,,,,,,,,,,,,,,,,,,,,,,,,
15,,,3999,,,,,,,,1.1004502773284912,,,,,,,,,,,,,,,,,,,,,,,,,,,,,,,,,,,,,
15,,,3999,,,,,,,,,,,0.32262134552001953,0.004846525378525257,0.669921875,1.33984375,54.966796875,0.669921875,271790.65625,0.8379754424095154,0.8379754424095154,,1.0,0.29113006591796875,54.966796875,0.669921875,0.9314590096473694,0.04649864137172699,22118.0,0.001864997437223792,0.002783902920782566,0.40033724904060364,0.5975880026817322,0.005541988182812929,1475.0,0.01657772623002529,0.0247457604855299,0.2575586140155792,0.3844606876373291,0.013982480391860008,7373.0,0.004750624764710665,0.007091311737895012,0.3318895399570465,0.4954153001308441,0.016265466809272766,0.00037276724469847977
15,,20.0,3999,263694.75,0.8516072034835815,0.8525245189666748,,1.108007788658142,0.8525245189666748,1.0,,0.2997792959213257,0.9194999933242798,,,,,,,,,,,,,,,,,,,,,,,,,,,,,,,,,,,
,0.00023037401924684944,,4000,,,,,,,,,,,,,,,,,,,,,,,,,,,,,,,,,,,,,,,,,,,,,
16,,,4004,,,,,,,,1.099927306175232,,,,,,,,,,,,,,,,,,,,,,,,,,,,,,,,,,,,,
16,,,4009,,,,,,,,1.105149507522583,,,,,,,,,,,,,,,,,,,,,,,,,,,,,,,,,,,,,
16,,,4014,,,,,,,,1.1032533645629883,,,,,,,,,,,,,,,,,,,,,,,,,,,,,,,,,,,,,
16,,,4019,,,,,,,,1.0870627164840698,,,,,,,,,,,,,,,,,,,,,,,,,,,,,,,,,,,,,
16,,,4024,,,,,,,,1.123929500579834,,,,,,,,,,,,,,,,,,,,,,,,,,,,,,,,,,,,,
16,,,4029,,,,,,,,1.1791445016860962,,,,,,,,,,,,,,,,,,,,,,,,,,,,,,,,,,,,,
16,,,4034,,,,,,,,1.1287922859191895,,,,,,,,,,,,,,,,,,,,,,,,,,,,,,,,,,,,,
16,,,4039,,,,,,,,1.0809924602508545,,,,,,,,,,,,,,,,,,,,,,,,,,,,,,,,,,,,,
16,,,4044,,,,,,,,1.0938291549682617,,,,,,,,,,,,,,,,,,,,,,,,,,,,,,,,,,,,,
16,,,4049,,,,,,,,1.0984594821929932,,,,,,,,,,,,,,,,,,,,,,,,,,,,,,,,,,,,,
16,,,4054,,,,,,,,1.081563949584961,,,,,,,,,,,,,,,,,,,,,,,,,,,,,,,,,,,,,
16,,,4059,,,,,,,,1.090445637702942,,,,,,,,,,,,,,,,,,,,,,,,,,,,,,,,,,,,,
16,,,4064,,,,,,,,1.1047711372375488,,,,,,,,,,,,,,,,,,,,,,,,,,,,,,,,,,,,,
16,,,4069,,,,,,,,1.0949840545654297,,,,,,,,,,,,,,,,,,,,,,,,,,,,,,,,,,,,,
16,,,4074,,,,,,,,1.112492561340332,,,,,,,,,,,,,,,,,,,,,,,,,,,,,,,,,,,,,
16,,,4079,,,,,,,,1.0923349857330322,,,,,,,,,,,,,,,,,,,,,,,,,,,,,,,,,,,,,
16,,,4084,,,,,,,,1.0912739038467407,,,,,,,,,,,,,,,,,,,,,,,,,,,,,,,,,,,,,
16,,,4089,,,,,,,,1.0890311002731323,,,,,,,,,,,,,,,,,,,,,,,,,,,,,,,,,,,,,
16,,,4094,,,,,,,,1.1069931983947754,,,,,,,,,,,,,,,,,,,,,,,,,,,,,,,,,,,,,
16,,,4099,,,,,,,,1.1354963779449463,,,,,,,,,,,,,,,,,,,,,,,,,,,,,,,,,,,,,
16,,,4104,,,,,,,,1.169090747833252,,,,,,,,,,,,,,,,,,,,,,,,,,,,,,,,,,,,,
16,,,4109,,,,,,,,1.1009917259216309,,,,,,,,,,,,,,,,,,,,,,,,,,,,,,,,,,,,,
16,,,4114,,,,,,,,1.0889779329299927,,,,,,,,,,,,,,,,,,,,,,,,,,,,,,,,,,,,,
16,,,4119,,,,,,,,1.1229474544525146,,,,,,,,,,,,,,,,,,,,,,,,,,,,,,,,,,,,,
16,,,4124,,,,,,,,1.1697885990142822,,,,,,,,,,,,,,,,,,,,,,,,,,,,,,,,,,,,,
16,,,4129,,,,,,,,1.103161096572876,,,,,,,,,,,,,,,,,,,,,,,,,,,,,,,,,,,,,
16,,,4134,,,,,,,,1.11117422580719,,,,,,,,,,,,,,,,,,,,,,,,,,,,,,,,,,,,,
16,,,4139,,,,,,,,1.1768321990966797,,,,,,,,,,,,,,,,,,,,,,,,,,,,,,,,,,,,,
16,,,4144,,,,,,,,1.0813177824020386,,,,,,,,,,,,,,,,,,,,,,,,,,,,,,,,,,,,,
16,,,4149,,,,,,,,1.102226972579956,,,,,,,,,,,,,,,,,,,,,,,,,,,,,,,,,,,,,
16,,,4154,,,,,,,,1.0990046262741089,,,,,,,,,,,,,,,,,,,,,,,,,,,,,,,,,,,,,
16,,,4159,,,,,,,,1.1171009540557861,,,,,,,,,,,,,,,,,,,,,,,,,,,,,,,,,,,,,
16,,,4164,,,,,,,,1.0866267681121826,,,,,,,,,,,,,,,,,,,,,,,,,,,,,,,,,,,,,
16,,,4169,,,,,,,,1.122523307800293,,,,,,,,,,,,,,,,,,,,,,,,,,,,,,,,,,,,,
16,,,4174,,,,,,,,1.0998961925506592,,,,,,,,,,,,,,,,,,,,,,,,,,,,,,,,,,,,,
16,,,4179,,,,,,,,1.090444803237915,,,,,,,,,,,,,,,,,,,,,,,,,,,,,,,,,,,,,
16,,,4184,,,,,,,,1.0890212059020996,,,,,,,,,,,,,,,,,,,,,,,,,,,,,,,,,,,,,
16,,,4189,,,,,,,,1.1444151401519775,,,,,,,,,,,,,,,,,,,,,,,,,,,,,,,,,,,,,
16,,,4194,,,,,,,,1.0802569389343262,,,,,,,,,,,,,,,,,,,,,,,,,,,,,,,,,,,,,
16,,,4199,,,,,,,,1.0914909839630127,,,,,,,,,,,,,,,,,,,,,,,,,,,,,,,,,,,,,
16,,,4204,,,,,,,,1.1018083095550537,,,,,,,,,,,,,,,,,,,,,,,,,,,,,,,,,,,,,
16,,,4209,,,,,,,,1.0866551399230957,,,,,,,,,,,,,,,,,,,,,,,,,,,,,,,,,,,,,
16,,,4214,,,,,,,,1.150200366973877,,,,,,,,,,,,,,,,,,,,,,,,,,,,,,,,,,,,,
16,,,4219,,,,,,,,1.0987794399261475,,,,,,,,,,,,,,,,,,,,,,,,,,,,,,,,,,,,,
16,,,4224,,,,,,,,1.1438595056533813,,,,,,,,,,,,,,,,,,,,,,,,,,,,,,,,,,,,,
16,,,4229,,,,,,,,1.090444803237915,,,,,,,,,,,,,,,,,,,,,,,,,,,,,,,,,,,,,
16,,,4234,,,,,,,,1.0819662809371948,,,,,,,,,,,,,,,,,,,,,,,,,,,,,,,,,,,,,
16,,,4239,,,,,,,,1.1664090156555176,,,,,,,,,,,,,,,,,,,,,,,,,,,,,,,,,,,,,
16,,,4244,,,,,,,,1.1228994131088257,,,,,,,,,,,,,,,,,,,,,,,,,,,,,,,,,,,,,
16,,,4249,,,,,,,,1.1067941188812256,,,,,,,,,,,,,,,,,,,,,,,,,,,,,,,,,,,,,
16,,,4249,,,,,,,,,,,0.34079647064208984,0.005859187804162502,0.669921875,1.33984375,54.966796875,0.669921875,271790.65625,0.8379325866699219,0.8379325866699219,,1.0,0.28987884521484375,54.966796875,0.669921875,0.9472066760063171,0.046584855765104294,22118.0,0.001880848198197782,0.0028075636364519596,0.40236446261405945,0.6006140112876892,0.005589001812040806,1475.0,0.016618121415376663,0.024806059896945953,0.25572651624679565,0.38172590732574463,0.01411248929798603,7373.0,0.004796057008206844,0.007159129250794649,0.32893267273902893,0.49100154638290405,0.016345219686627388,0.00037276724469847977
16,,20.0,4249,268392.375,0.8504691123962402,0.8525171875953674,,1.1076585054397583,0.8525171875953674,1.0,,0.2999804615974426,0.9100000262260437,,,,,,,,,,,,,,,,,,,,,,,,,,,,,,,,,,,
,0.00022226305111525726,,4250,,,,,,,,,,,,,,,,,,,,,,,,,,,,,,,,,,,,,,,,,,,,,
17,,,4254,,,,,,,,1.0967581272125244,,,,,,,,,,,,,,,,,,,,,,,,,,,,,,,,,,,,,
17,,,4259,,,,,,,,1.0984288454055786,,,,,,,,,,,,,,,,,,,,,,,,,,,,,,,,,,,,,
17,,,4264,,,,,,,,1.105818748474121,,,,,,,,,,,,,,,,,,,,,,,,,,,,,,,,,,,,,
17,,,4269,,,,,,,,1.0955290794372559,,,,,,,,,,,,,,,,,,,,,,,,,,,,,,,,,,,,,
17,,,4274,,,,,,,,1.094118356704712,,,,,,,,,,,,,,,,,,,,,,,,,,,,,,,,,,,,,
17,,,4279,,,,,,,,1.1242461204528809,,,,,,,,,,,,,,,,,,,,,,,,,,,,,,,,,,,,,
17,,,4284,,,,,,,,1.085829257965088,,,,,,,,,,,,,,,,,,,,,,,,,,,,,,,,,,,,,
17,,,4289,,,,,,,,1.2249348163604736,,,,,,,,,,,,,,,,,,,,,,,,,,,,,,,,,,,,,
17,,,4294,,,,,,,,1.0919238328933716,,,,,,,,,,,,,,,,,,,,,,,,,,,,,,,,,,,,,
17,,,4299,,,,,,,,1.0929155349731445,,,,,,,,,,,,,,,,,,,,,,,,,,,,,,,,,,,,,
17,,,4304,,,,,,,,1.087677240371704,,,,,,,,,,,,,,,,,,,,,,,,,,,,,,,,,,,,,
17,,,4309,,,,,,,,1.1292856931686401,,,,,,,,,,,,,,,,,,,,,,,,,,,,,,,,,,,,,
17,,,4314,,,,,,,,1.0972034931182861,,,,,,,,,,,,,,,,,,,,,,,,,,,,,,,,,,,,,
17,,,4319,,,,,,,,1.100090503692627,,,,,,,,,,,,,,,,,,,,,,,,,,,,,,,,,,,,,
17,,,4324,,,,,,,,1.116551399230957,,,,,,,,,,,,,,,,,,,,,,,,,,,,,,,,,,,,,
17,,,4329,,,,,,,,1.083392858505249,,,,,,,,,,,,,,,,,,,,,,,,,,,,,,,,,,,,,
17,,,4334,,,,,,,,1.129310965538025,,,,,,,,,,,,,,,,,,,,,,,,,,,,,,,,,,,,,
17,,,4339,,,,,,,,1.0909267663955688,,,,,,,,,,,,,,,,,,,,,,,,,,,,,,,,,,,,,
17,,,4344,,,,,,,,1.0875742435455322,,,,,,,,,,,,,,,,,,,,,,,,,,,,,,,,,,,,,
17,,,4349,,,,,,,,1.093430519104004,,,,,,,,,,,,,,,,,,,,,,,,,,,,,,,,,,,,,
17,,,4354,,,,,,,,1.0975401401519775,,,,,,,,,,,,,,,,,,,,,,,,,,,,,,,,,,,,,
17,,,4359,,,,,,,,1.1020336151123047,,,,,,,,,,,,,,,,,,,,,,,,,,,,,,,,,,,,,
17,,,4364,,,,,,,,1.0850474834442139,,,,,,,,,,,,,,,,,,,,,,,,,,,,,,,,,,,,,
17,,,4369,,,,,,,,1.2656573057174683,,,,,,,,,,,,,,,,,,,,,,,,,,,,,,,,,,,,,
17,,,4374,,,,,,,,1.092416763305664,,,,,,,,,,,,,,,,,,,,,,,,,,,,,,,,,,,,,
17,,,4379,,,,,,,,1.1026315689086914,,,,,,,,,,,,,,,,,,,,,,,,,,,,,,,,,,,,,
17,,,4384,,,,,,,,1.1057178974151611,,,,,,,,,,,,,,,,,,,,,,,,,,,,,,,,,,,,,
17,,,4389,,,,,,,,1.0891867876052856,,,,,,,,,,,,,,,,,,,,,,,,,,,,,,,,,,,,,
17,,,4394,,,,,,,,1.1053162813186646,,,,,,,,,,,,,,,,,,,,,,,,,,,,,,,,,,,,,
17,,,4399,,,,,,,,1.181281328201294,,,,,,,,,,,,,,,,,,,,,,,,,,,,,,,,,,,,,
17,,,4404,,,,,,,,1.1203364133834839,,,,,,,,,,,,,,,,,,,,,,,,,,,,,,,,,,,,,
17,,,4409,,,,,,,,1.0957043170928955,,,,,,,,,,,,,,,,,,,,,,,,,,,,,,,,,,,,,
17,,,4414,,,,,,,,1.108916997909546,,,,,,,,,,,,,,,,,,,,,,,,,,,,,,,,,,,,,
17,,,4419,,,,,,,,1.1166754961013794,,,,,,,,,,,,,,,,,,,,,,,,,,,,,,,,,,,,,
17,,,4424,,,,,,,,1.1935417652130127,,,,,,,,,,,,,,,,,,,,,,,,,,,,,,,,,,,,,
17,,,4429,,,,,,,,1.0816792249679565,,,,,,,,,,,,,,,,,,,,,,,,,,,,,,,,,,,,,
17,,,4434,,,,,,,,1.109372854232788,,,,,,,,,,,,,,,,,,,,,,,,,,,,,,,,,,,,,
17,,,4439,,,,,,,,1.1243565082550049,,,,,,,,,,,,,,,,,,,,,,,,,,,,,,,,,,,,,
17,,,4444,,,,,,,,1.1095595359802246,,,,,,,,,,,,,,,,,,,,,,,,,,,,,,,,,,,,,
17,,,4449,,,,,,,,1.2312254905700684,,,,,,,,,,,,,,,,,,,,,,,,,,,,,,,,,,,,,
17,,,4454,,,,,,,,1.1067678928375244,,,,,,,,,,,,,,,,,,,,,,,,,,,,,,,,,,,,,
17,,,4459,,,,,,,,1.0983105897903442,,,,,,,,,,,,,,,,,,,,,,,,,,,,,,,,,,,,,
17,,,4464,,,,,,,,1.154030680656433,,,,,,,,,,,,,,,,,,,,,,,,,,,,,,,,,,,,,
17,,,4469,,,,,,,,1.1241257190704346,,,,,,,,,,,,,,,,,,,,,,,,,,,,,,,,,,,,,
17,,,4474,,,,,,,,1.1029293537139893,,,,,,,,,,,,,,,,,,,,,,,,,,,,,,,,,,,,,
17,,,4479,,,,,,,,1.0817917585372925,,,,,,,,,,,,,,,,,,,,,,,,,,,,,,,,,,,,,
17,,,4484,,,,,,,,1.086470365524292,,,,,,,,,,,,,,,,,,,,,,,,,,,,,,,,,,,,,
17,,,4489,,,,,,,,1.0956292152404785,,,,,,,,,,,,,,,,,,,,,,,,,,,,,,,,,,,,,
17,,,4494,,,,,,,,1.1016799211502075,,,,,,,,,,,,,,,,,,,,,,,,,,,,,,,,,,,,,
17,,,4499,,,,,,,,1.0823277235031128,,,,,,,,,,,,,,,,,,,,,,,,,,,,,,,,,,,,,
17,,,4499,,,,,,,,,,,0.3291430175304413,0.00463310768827796,0.669921875,1.33984375,54.966796875,0.669921875,271790.65625,0.8379163146018982,0.8379163146018982,,1.0,0.29161834716796875,54.966796875,0.669921875,0.9350526332855225,0.04672083258628845,22118.0,0.0018762119580060244,0.002800642978399992,0.4098876118659973,0.6118439435958862,0.005575763527303934,1475.0,0.016669759526848793,0.02488313987851143,0.25573426485061646,0.38173747062683105,0.014038341119885445,7373.0,0.0047696963883936405,0.007119780406355858,0.33276286721229553,0.4967189431190491,0.016343552619218826,0.00037276724469847977
17,,20.0,4499,263358.5,0.8531854748725891,0.8549503087997437,,1.1109051704406738,0.8549503087997437,1.0,,0.30119532346725464,0.9160000085830688,,,,,,,,,,,,,,,,,,,,,,,,,,,,,,,,,,,
,0.00021386689373476087,,4500,,,,,,,,,,,,,,,,,,,,,,,,,,,,,,,,,,,,,,,,,,,,,
18,,,4504,,,,,,,,1.106010913848877,,,,,,,,,,,,,,,,,,,,,,,,,,,,,,,,,,,,,
18,,,4509,,,,,,,,1.0827363729476929,,,,,,,,,,,,,,,,,,,,,,,,,,,,,,,,,,,,,
18,,,4514,,,,,,,,1.084317922592163,,,,,,,,,,,,,,,,,,,,,,,,,,,,,,,,,,,,,
18,,,4519,,,,,,,,1.0809571743011475,,,,,,,,,,,,,,,,,,,,,,,,,,,,,,,,,,,,,
18,,,4524,,,,,,,,1.0885746479034424,,,,,,,,,,,,,,,,,,,,,,,,,,,,,,,,,,,,,
18,,,4529,,,,,,,,1.4247467517852783,,,,,,,,,,,,,,,,,,,,,,,,,,,,,,,,,,,,,
18,,,4534,,,,,,,,1.0808006525039673,,,,,,,,,,,,,,,,,,,,,,,,,,,,,,,,,,,,,
18,,,4539,,,,,,,,1.0848562717437744,,,,,,,,,,,,,,,,,,,,,,,,,,,,,,,,,,,,,
18,,,4544,,,,,,,,1.2205508947372437,,,,,,,,,,,,,,,,,,,,,,,,,,,,,,,,,,,,,
18,,,4549,,,,,,,,1.1943994760513306,,,,,,,,,,,,,,,,,,,,,,,,,,,,,,,,,,,,,
18,,,4554,,,,,,,,1.1027240753173828,,,,,,,,,,,,,,,,,,,,,,,,,,,,,,,,,,,,,
18,,,4559,,,,,,,,1.1022659540176392,,,,,,,,,,,,,,,,,,,,,,,,,,,,,,,,,,,,,
18,,,4564,,,,,,,,1.1173017024993896,,,,,,,,,,,,,,,,,,,,,,,,,,,,,,,,,,,,,
18,,,4569,,,,,,,,1.085219144821167,,,,,,,,,,,,,,,,,,,,,,,,,,,,,,,,,,,,,
18,,,4574,,,,,,,,1.1282174587249756,,,,,,,,,,,,,,,,,,,,,,,,,,,,,,,,,,,,,
18,,,4579,,,,,,,,1.088608741760254,,,,,,,,,,,,,,,,,,,,,,,,,,,,,,,,,,,,,
18,,,4584,,,,,,,,1.0816078186035156,,,,,,,,,,,,,,,,,,,,,,,,,,,,,,,,,,,,,
18,,,4589,,,,,,,,1.0808345079421997,,,,,,,,,,,,,,,,,,,,,,,,,,,,,,,,,,,,,
18,,,4594,,,,,,,,1.1284420490264893,,,,,,,,,,,,,,,,,,,,,,,,,,,,,,,,,,,,,
18,,,4599,,,,,,,,1.1265840530395508,,,,,,,,,,,,,,,,,,,,,,,,,,,,,,,,,,,,,
18,,,4604,,,,,,,,1.2482218742370605,,,,,,,,,,,,,,,,,,,,,,,,,,,,,,,,,,,,,
18,,,4609,,,,,,,,1.0856151580810547,,,,,,,,,,,,,,,,,,,,,,,,,,,,,,,,,,,,,
18,,,4614,,,,,,,,1.094462275505066,,,,,,,,,,,,,,,,,,,,,,,,,,,,,,,,,,,,,
18,,,4619,,,,,,,,1.1004680395126343,,,,,,,,,,,,,,,,,,,,,,,,,,,,,,,,,,,,,
18,,,4624,,,,,,,,1.123064398765564,,,,,,,,,,,,,,,,,,,,,,,,,,,,,,,,,,,,,
18,,,4629,,,,,,,,1.0982753038406372,,,,,,,,,,,,,,,,,,,,,,,,,,,,,,,,,,,,,
18,,,4634,,,,,,,,1.0839171409606934,,,,,,,,,,,,,,,,,,,,,,,,,,,,,,,,,,,,,
18,,,4639,,,,,,,,1.1143513917922974,,,,,,,,,,,,,,,,,,,,,,,,,,,,,,,,,,,,,
18,,,4644,,,,,,,,1.0886013507843018,,,,,,,,,,,,,,,,,,,,,,,,,,,,,,,,,,,,,
18,,,4649,,,,,,,,1.0952324867248535,,,,,,,,,,,,,,,,,,,,,,,,,,,,,,,,,,,,,
18,,,4654,,,,,,,,1.1071126461029053,,,,,,,,,,,,,,,,,,,,,,,,,,,,,,,,,,,,,
18,,,4659,,,,,,,,1.1233094930648804,,,,,,,,,,,,,,,,,,,,,,,,,,,,,,,,,,,,,
18,,,4664,,,,,,,,1.0901782512664795,,,,,,,,,,,,,,,,,,,,,,,,,,,,,,,,,,,,,
18,,,4669,,,,,,,,1.0906552076339722,,,,,,,,,,,,,,,,,,,,,,,,,,,,,,,,,,,,,
18,,,4674,,,,,,,,1.118553638458252,,,,,,,,,,,,,,,,,,,,,,,,,,,,,,,,,,,,,
18,,,4679,,,,,,,,1.0892915725708008,,,,,,,,,,,,,,,,,,,,,,,,,,,,,,,,,,,,,
18,,,4684,,,,,,,,1.0950191020965576,,,,,,,,,,,,,,,,,,,,,,,,,,,,,,,,,,,,,
18,,,4689,,,,,,,,1.0983614921569824,,,,,,,,,,,,,,,,,,,,,,,,,,,,,,,,,,,,,
18,,,4694,,,,,,,,1.099001407623291,,,,,,,,,,,,,,,,,,,,,,,,,,,,,,,,,,,,,
18,,,4699,,,,,,,,1.0888423919677734,,,,,,,,,,,,,,,,,,,,,,,,,,,,,,,,,,,,,
18,,,4704,,,,,,,,1.081275224685669,,,,,,,,,,,,,,,,,,,,,,,,,,,,,,,,,,,,,
18,,,4709,,,,,,,,1.122208595275879,,,,,,,,,,,,,,,,,,,,,,,,,,,,,,,,,,,,,
18,,,4714,,,,,,,,1.116126537322998,,,,,,,,,,,,,,,,,,,,,,,,,,,,,,,,,,,,,
18,,,4719,,,,,,,,1.0818607807159424,,,,,,,,,,,,,,,,,,,,,,,,,,,,,,,,,,,,,
18,,,4724,,,,,,,,1.0969808101654053,,,,,,,,,,,,,,,,,,,,,,,,,,,,,,,,,,,,,
18,,,4729,,,,,,,,1.2513761520385742,,,,,,,,,,,,,,,,,,,,,,,,,,,,,,,,,,,,,
18,,,4734,,,,,,,,1.0868606567382812,,,,,,,,,,,,,,,,,,,,,,,,,,,,,,,,,,,,,
18,,,4739,,,,,,,,1.1621599197387695,,,,,,,,,,,,,,,,,,,,,,,,,,,,,,,,,,,,,
18,,,4744,,,,,,,,1.0888948440551758,,,,,,,,,,,,,,,,,,,,,,,,,,,,,,,,,,,,,
18,,,4749,,,,,,,,1.0836460590362549,,,,,,,,,,,,,,,,,,,,,,,,,,,,,,,,,,,,,
18,,,4749,,,,,,,,,,,0.3486122190952301,0.005572513677179813,0.669921875,1.33984375,54.966796875,0.669921875,271790.65625,0.8379974961280823,0.8379974961280823,,1.0,0.2965087890625,54.966796875,0.669921875,0.9517590999603271,0.0465141125023365,22118.0,0.0018732987809926271,0.0027962944004684687,0.40161779522895813,0.5994994640350342,0.005566623993217945,1475.0,0.016618115827441216,0.024806050583720207,0.24950948357582092,0.37244564294815063,0.01408454217016697,7373.0,0.004786917474120855,0.007145486306399107,0.32660791277885437,0.4875313639640808,0.01631149835884571,0.00037276724469847977
18,,20.0,4749,264881.9375,0.8509888052940369,0.8530656099319458,,1.108361840248108,0.8530656099319458,1.0,,0.30009764432907104,0.921500027179718,,,,,,,,,,,,,,,,,,,,,,,,,,,,,,,,,,,
,0.00020521868290270169,,4750,,,,,,,,,,,,,,,,,,,,,,,,,,,,,,,,,,,,,,,,,,,,,
19,,,4754,,,,,,,,1.1125168800354004,,,,,,,,,,,,,,,,,,,,,,,,,,,,,,,,,,,,,
19,,,4759,,,,,,,,1.091315746307373,,,,,,,,,,,,,,,,,,,,,,,,,,,,,,,,,,,,,
19,,,4764,,,,,,,,1.1017979383468628,,,,,,,,,,,,,,,,,,,,,,,,,,,,,,,,,,,,,
19,,,4769,,,,,,,,1.0905604362487793,,,,,,,,,,,,,,,,,,,,,,,,,,,,,,,,,,,,,
19,,,4774,,,,,,,,1.1326780319213867,,,,,,,,,,,,,,,,,,,,,,,,,,,,,,,,,,,,,
19,,,4779,,,,,,,,1.1120457649230957,,,,,,,,,,,,,,,,,,,,,,,,,,,,,,,,,,,,,
19,,,4784,,,,,,,,1.1148757934570312,,,,,,,,,,,,,,,,,,,,,,,,,,,,,,,,,,,,,
19,,,4789,,,,,,,,1.1283788681030273,,,,,,,,,,,,,,,,,,,,,,,,,,,,,,,,,,,,,
19,,,4794,,,,,,,,1.196292757987976,,,,,,,,,,,,,,,,,,,,,,,,,,,,,,,,,,,,,
19,,,4799,,,,,,,,1.0981051921844482,,,,,,,,,,,,,,,,,,,,,,,,,,,,,,,,,,,,,
19,,,4804,,,,,,,,1.099101185798645,,,,,,,,,,,,,,,,,,,,,,,,,,,,,,,,,,,,,
19,,,4809,,,,,,,,1.0988597869873047,,,,,,,,,,,,,,,,,,,,,,,,,,,,,,,,,,,,,
19,,,4814,,,,,,,,1.105201005935669,,,,,,,,,,,,,,,,,,,,,,,,,,,,,,,,,,,,,
19,,,4819,,,,,,,,1.0924036502838135,,,,,,,,,,,,,,,,,,,,,,,,,,,,,,,,,,,,,
19,,,4824,,,,,,,,1.207693099975586,,,,,,,,,,,,,,,,,,,,,,,,,,,,,,,,,,,,,
19,,,4829,,,,,,,,1.1234005689620972,,,,,,,,,,,,,,,,,,,,,,,,,,,,,,,,,,,,,
19,,,4834,,,,,,,,1.0928916931152344,,,,,,,,,,,,,,,,,,,,,,,,,,,,,,,,,,,,,
19,,,4839,,,,,,,,1.0930824279785156,,,,,,,,,,,,,,,,,,,,,,,,,,,,,,,,,,,,,
19,,,4844,,,,,,,,1.1204395294189453,,,,,,,,,,,,,,,,,,,,,,,,,,,,,,,,,,,,,
19,,,4849,,,,,,,,1.1482876539230347,,,,,,,,,,,,,,,,,,,,,,,,,,,,,,,,,,,,,
19,,,4854,,,,,,,,1.0900168418884277,,,,,,,,,,,,,,,,,,,,,,,,,,,,,,,,,,,,,
19,,,4859,,,,,,,,1.081274390220642,,,,,,,,,,,,,,,,,,,,,,,,,,,,,,,,,,,,,
19,,,4864,,,,,,,,1.1064093112945557,,,,,,,,,,,,,,,,,,,,,,,,,,,,,,,,,,,,,
19,,,4869,,,,,,,,1.1035947799682617,,,,,,,,,,,,,,,,,,,,,,,,,,,,,,,,,,,,,
19,,,4874,,,,,,,,1.1355082988739014,,,,,,,,,,,,,,,,,,,,,,,,,,,,,,,,,,,,,
19,,,4879,,,,,,,,1.1053762435913086,,,,,,,,,,,,,,,,,,,,,,,,,,,,,,,,,,,,,
19,,,4884,,,,,,,,1.093032717704773,,,,,,,,,,,,,,,,,,,,,,,,,,,,,,,,,,,,,
19,,,4889,,,,,,,,1.1321992874145508,,,,,,,,,,,,,,,,,,,,,,,,,,,,,,,,,,,,,
19,,,4894,,,,,,,,1.1309908628463745,,,,,,,,,,,,,,,,,,,,,,,,,,,,,,,,,,,,,
19,,,4899,,,,,,,,1.0826442241668701,,,,,,,,,,,,,,,,,,,,,,,,,,,,,,,,,,,,,
19,,,4904,,,,,,,,1.0876412391662598,,,,,,,,,,,,,,,,,,,,,,,,,,,,,,,,,,,,,
19,,,4909,,,,,,,,1.085040807723999,,,,,,,,,,,,,,,,,,,,,,,,,,,,,,,,,,,,,
19,,,4914,,,,,,,,1.1599493026733398,,,,,,,,,,,,,,,,,,,,,,,,,,,,,,,,,,,,,
19,,,4919,,,,,,,,1.0955679416656494,,,,,,,,,,,,,,,,,,,,,,,,,,,,,,,,,,,,,
19,,,4924,,,,,,,,1.1129637956619263,,,,,,,,,,,,,,,,,,,,,,,,,,,,,,,,,,,,,
19,,,4929,,,,,,,,1.12575364112854,,,,,,,,,,,,,,,,,,,,,,,,,,,,,,,,,,,,,
19,,,4934,,,,,,,,1.2637851238250732,,,,,,,,,,,,,,,,,,,,,,,,,,,,,,,,,,,,,
19,,,4939,,,,,,,,1.0968202352523804,,,,,,,,,,,,,,,,,,,,,,,,,,,,,,,,,,,,,
19,,,4944,,,,,,,,1.0819882154464722,,,,,,,,,,,,,,,,,,,,,,,,,,,,,,,,,,,,,
19,,,4949,,,,,,,,1.0810168981552124,,,,,,,,,,,,,,,,,,,,,,,,,,,,,,,,,,,,,
19,,,4954,,,,,,,,1.1018476486206055,,,,,,,,,,,,,,,,,,,,,,,,,,,,,,,,,,,,,
19,,,4959,,,,,,,,1.0956714153289795,,,,,,,,,,,,,,,,,,,,,,,,,,,,,,,,,,,,,
19,,,4964,,,,,,,,1.1121066808700562,,,,,,,,,,,,,,,,,,,,,,,,,,,,,,,,,,,,,
19,,,4969,,,,,,,,1.1220765113830566,,,,,,,,,,,,,,,,,,,,,,,,,,,,,,,,,,,,,
19,,,4974,,,,,,,,1.1051867008209229,,,,,,,,,,,,,,,,,,,,,,,,,,,,,,,,,,,,,
19,,,4979,,,,,,,,1.108609914779663,,,,,,,,,,,,,,,,,,,,,,,,,,,,,,,,,,,,,
19,,,4984,,,,,,,,1.1112405061721802,,,,,,,,,,,,,,,,,,,,,,,,,,,,,,,,,,,,,
19,,,4989,,,,,,,,1.1233981847763062,,,,,,,,,,,,,,,,,,,,,,,,,,,,,,,,,,,,,
19,,,4994,,,,,,,,1.0956294536590576,,,,,,,,,,,,,,,,,,,,,,,,,,,,,,,,,,,,,
19,,,4999,,,,,,,,1.09245765209198,,,,,,,,,,,,,,,,,,,,,,,,,,,,,,,,,,,,,
19,,,4999,,,,,,,,,,,0.34011322259902954,0.005081279203295708,0.669921875,1.33984375,54.966796875,0.669921875,271790.65625,0.8379437327384949,0.8379437327384949,,1.0,0.2955360412597656,54.966796875,0.669921875,0.9367514848709106,0.046849362552165985,22118.0,0.0018613324500620365,0.002778432099148631,0.4078442454338074,0.6087937355041504,0.00553161883726716,1475.0,0.016702858731150627,0.02493254840373993,0.25947874784469604,0.3873268961906433,0.014047788456082344,7373.0,0.004772611428052187,0.007124131545424461,0.3344302773475647,0.49920788407325745,0.016350019723176956,0.00037276724469847977
19,,20.0,4999,265684.21875,0.8518290519714355,0.8535683751106262,,1.109116792678833,0.8535683751106262,1.0,,0.2999042868614197,0.925000011920929,,,,,,,,,,,,,,,,,,,,,,,,,,,,,,,,,,,
,0.00019635254915624208,,5000,,,,,,,,,,,,,,,,,,,,,,,,,,,,,,,,,,,,,,,,,,,,,
20,,,5004,,,,,,,,1.085616111755371,,,,,,,,,,,,,,,,,,,,,,,,,,,,,,,,,,,,,
20,,,5009,,,,,,,,1.0866035223007202,,,,,,,,,,,,,,,,,,,,,,,,,,,,,,,,,,,,,
20,,,5014,,,,,,,,1.0861921310424805,,,,,,,,,,,,,,,,,,,,,,,,,,,,,,,,,,,,,
20,,,5019,,,,,,,,1.1019268035888672,,,,,,,,,,,,,,,,,,,,,,,,,,,,,,,,,,,,,
20,,,5024,,,,,,,,1.1031122207641602,,,,,,,,,,,,,,,,,,,,,,,,,,,,,,,,,,,,,
20,,,5029,,,,,,,,1.0934922695159912,,,,,,,,,,,,,,,,,,,,,,,,,,,,,,,,,,,,,
20,,,5034,,,,,,,,1.1438504457473755,,,,,,,,,,,,,,,,,,,,,,,,,,,,,,,,,,,,,
20,,,5039,,,,,,,,1.1022868156433105,,,,,,,,,,,,,,,,,,,,,,,,,,,,,,,,,,,,,
20,,,5044,,,,,,,,1.0924512147903442,,,,,,,,,,,,,,,,,,,,,,,,,,,,,,,,,,,,,
20,,,5049,,,,,,,,1.0990116596221924,,,,,,,,,,,,,,,,,,,,,,,,,,,,,,,,,,,,,
20,,,5054,,,,,,,,1.101117491722107,,,,,,,,,,,,,,,,,,,,,,,,,,,,,,,,,,,,,
20,,,5059,,,,,,,,1.0875489711761475,,,,,,,,,,,,,,,,,,,,,,,,,,,,,,,,,,,,,
20,,,5064,,,,,,,,1.108331322669983,,,,,,,,,,,,,,,,,,,,,,,,,,,,,,,,,,,,,
20,,,5069,,,,,,,,1.1364458799362183,,,,,,,,,,,,,,,,,,,,,,,,,,,,,,,,,,,,,
20,,,5074,,,,,,,,1.0836361646652222,,,,,,,,,,,,,,,,,,,,,,,,,,,,,,,,,,,,,
20,,,5079,,,,,,,,1.1042619943618774,,,,,,,,,,,,,,,,,,,,,,,,,,,,,,,,,,,,,
20,,,5084,,,,,,,,1.1188931465148926,,,,,,,,,,,,,,,,,,,,,,,,,,,,,,,,,,,,,
20,,,5089,,,,,,,,1.1790164709091187,,,,,,,,,,,,,,,,,,,,,,,,,,,,,,,,,,,,,
20,,,5094,,,,,,,,1.0887906551361084,,,,,,,,,,,,,,,,,,,,,,,,,,,,,,,,,,,,,
20,,,5099,,,,,,,,1.1202527284622192,,,,,,,,,,,,,,,,,,,,,,,,,,,,,,,,,,,,,
20,,,5104,,,,,,,,1.1032721996307373,,,,,,,,,,,,,,,,,,,,,,,,,,,,,,,,,,,,,
20,,,5109,,,,,,,,1.0989091396331787,,,,,,,,,,,,,,,,,,,,,,,,,,,,,,,,,,,,,
20,,,5114,,,,,,,,1.094343900680542,,,,,,,,,,,,,,,,,,,,,,,,,,,,,,,,,,,,,
20,,,5119,,,,,,,,1.086500644683838,,,,,,,,,,,,,,,,,,,,,,,,,,,,,,,,,,,,,
20,,,5124,,,,,,,,1.107941746711731,,,,,,,,,,,,,,,,,,,,,,,,,,,,,,,,,,,,,
20,,,5129,,,,,,,,1.0832425355911255,,,,,,,,,,,,,,,,,,,,,,,,,,,,,,,,,,,,,
20,,,5134,,,,,,,,1.0878148078918457,,,,,,,,,,,,,,,,,,,,,,,,,,,,,,,,,,,,,
20,,,5139,,,,,,,,1.1093676090240479,,,,,,,,,,,,,,,,,,,,,,,,,,,,,,,,,,,,,
20,,,5144,,,,,,,,1.0804591178894043,,,,,,,,,,,,,,,,,,,,,,,,,,,,,,,,,,,,,
20,,,5149,,,,,,,,1.1078360080718994,,,,,,,,,,,,,,,,,,,,,,,,,,,,,,,,,,,,,
20,,,5154,,,,,,,,1.0981225967407227,,,,,,,,,,,,,,,,,,,,,,,,,,,,,,,,,,,,,
20,,,5159,,,,,,,,1.0921176671981812,,,,,,,,,,,,,,,,,,,,,,,,,,,,,,,,,,,,,
20,,,5164,,,,,,,,1.0978546142578125,,,,,,,,,,,,,,,,,,,,,,,,,,,,,,,,,,,,,
20,,,5169,,,,,,,,1.0905029773712158,,,,,,,,,,,,,,,,,,,,,,,,,,,,,,,,,,,,,
20,,,5174,,,,,,,,1.0931329727172852,,,,,,,,,,,,,,,,,,,,,,,,,,,,,,,,,,,,,
20,,,5179,,,,,,,,1.0869944095611572,,,,,,,,,,,,,,,,,,,,,,,,,,,,,,,,,,,,,
20,,,5184,,,,,,,,1.1230430603027344,,,,,,,,,,,,,,,,,,,,,,,,,,,,,,,,,,,,,
20,,,5189,,,,,,,,1.0843855142593384,,,,,,,,,,,,,,,,,,,,,,,,,,,,,,,,,,,,,
20,,,5194,,,,,,,,1.0865353345870972,,,,,,,,,,,,,,,,,,,,,,,,,,,,,,,,,,,,,
20,,,5199,,,,,,,,1.1037187576293945,,,,,,,,,,,,,,,,,,,,,,,,,,,,,,,,,,,,,
20,,,5204,,,,,,,,1.0987880229949951,,,,,,,,,,,,,,,,,,,,,,,,,,,,,,,,,,,,,
20,,,5209,,,,,,,,1.1291011571884155,,,,,,,,,,,,,,,,,,,,,,,,,,,,,,,,,,,,,
20,,,5214,,,,,,,,1.1243711709976196,,,,,,,,,,,,,,,,,,,,,,,,,,,,,,,,,,,,,
20,,,5219,,,,,,,,1.137226939201355,,,,,,,,,,,,,,,,,,,,,,,,,,,,,,,,,,,,,
20,,,5224,,,,,,,,1.0939569473266602,,,,,,,,,,,,,,,,,,,,,,,,,,,,,,,,,,,,,
20,,,5229,,,,,,,,1.0937511920928955,,,,,,,,,,,,,,,,,,,,,,,,,,,,,,,,,,,,,
20,,,5234,,,,,,,,1.118463397026062,,,,,,,,,,,,,,,,,,,,,,,,,,,,,,,,,,,,,
20,,,5239,,,,,,,,1.0811365842819214,,,,,,,,,,,,,,,,,,,,,,,,,,,,,,,,,,,,,
20,,,5244,,,,,,,,1.1103698015213013,,,,,,,,,,,,,,,,,,,,,,,,,,,,,,,,,,,,,
20,,,5249,,,,,,,,1.116988182067871,,,,,,,,,,,,,,,,,,,,,,,,,,,,,,,,,,,,,
20,,,5249,,,,,,,,,,,0.35294464230537415,0.005630511324852705,0.669921875,1.33984375,54.966796875,0.669921875,271790.65625,0.8378462195396423,0.8378462195396423,,1.0,0.293121337890625,54.966796875,0.669921875,0.9483117461204529,0.046932440251111984,22118.0,0.0018727241549640894,0.002795436652377248,0.403919517993927,0.602935254573822,0.005565071478486061,1475.0,0.016749201342463493,0.02500172331929207,0.25596848130226135,0.3820870816707611,0.014084762893617153,7373.0,0.004785856697708368,0.007143903058022261,0.33198782801628113,0.49556201696395874,0.01639445312321186,0.00037276724469847977
20,,20.0,5249,265475.09375,0.8513549566268921,0.8534142374992371,,1.1088205575942993,0.8534142374992371,1.0,,0.30000975728034973,0.9144999980926514,,,,,,,,,,,,,,,,,,,,,,,,,,,,,,,,,,,
,0.00018730348307472816,,5250,,,,,,,,,,,,,,,,,,,,,,,,,,,,,,,,,,,,,,,,,,,,,
21,,,5254,,,,,,,,1.0818510055541992,,,,,,,,,,,,,,,,,,,,,,,,,,,,,,,,,,,,,
21,,,5259,,,,,,,,1.0901389122009277,,,,,,,,,,,,,,,,,,,,,,,,,,,,,,,,,,,,,
21,,,5264,,,,,,,,1.0943939685821533,,,,,,,,,,,,,,,,,,,,,,,,,,,,,,,,,,,,,
21,,,5269,,,,,,,,1.1398537158966064,,,,,,,,,,,,,,,,,,,,,,,,,,,,,,,,,,,,,
21,,,5274,,,,,,,,1.0801689624786377,,,,,,,,,,,,,,,,,,,,,,,,,,,,,,,,,,,,,
21,,,5279,,,,,,,,1.118636131286621,,,,,,,,,,,,,,,,,,,,,,,,,,,,,,,,,,,,,
21,,,5284,,,,,,,,1.118896722793579,,,,,,,,,,,,,,,,,,,,,,,,,,,,,,,,,,,,,
21,,,5289,,,,,,,,1.144884467124939,,,,,,,,,,,,,,,,,,,,,,,,,,,,,,,,,,,,,
21,,,5294,,,,,,,,1.1820520162582397,,,,,,,,,,,,,,,,,,,,,,,,,,,,,,,,,,,,,
21,,,5299,,,,,,,,1.1411528587341309,,,,,,,,,,,,,,,,,,,,,,,,,,,,,,,,,,,,,
21,,,5304,,,,,,,,1.2486921548843384,,,,,,,,,,,,,,,,,,,,,,,,,,,,,,,,,,,,,
21,,,5309,,,,,,,,1.1706159114837646,,,,,,,,,,,,,,,,,,,,,,,,,,,,,,,,,,,,,
21,,,5314,,,,,,,,1.0928887128829956,,,,,,,,,,,,,,,,,,,,,,,,,,,,,,,,,,,,,
21,,,5319,,,,,,,,1.1168543100357056,,,,,,,,,,,,,,,,,,,,,,,,,,,,,,,,,,,,,
21,,,5324,,,,,,,,1.1361641883850098,,,,,,,,,,,,,,,,,,,,,,,,,,,,,,,,,,,,,
21,,,5329,,,,,,,,1.095120906829834,,,,,,,,,,,,,,,,,,,,,,,,,,,,,,,,,,,,,
21,,,5334,,,,,,,,1.1024196147918701,,,,,,,,,,,,,,,,,,,,,,,,,,,,,,,,,,,,,
21,,,5339,,,,,,,,1.094597339630127,,,,,,,,,,,,,,,,,,,,,,,,,,,,,,,,,,,,,
21,,,5344,,,,,,,,1.0847439765930176,,,,,,,,,,,,,,,,,,,,,,,,,,,,,,,,,,,,,
21,,,5349,,,,,,,,1.094363808631897,,,,,,,,,,,,,,,,,,,,,,,,,,,,,,,,,,,,,
21,,,5354,,,,,,,,1.081112027168274,,,,,,,,,,,,,,,,,,,,,,,,,,,,,,,,,,,,,
21,,,5359,,,,,,,,1.1032706499099731,,,,,,,,,,,,,,,,,,,,,,,,,,,,,,,,,,,,,
21,,,5364,,,,,,,,1.124467134475708,,,,,,,,,,,,,,,,,,,,,,,,,,,,,,,,,,,,,
21,,,5369,,,,,,,,1.1149287223815918,,,,,,,,,,,,,,,,,,,,,,,,,,,,,,,,,,,,,
21,,,5374,,,,,,,,1.1401435136795044,,,,,,,,,,,,,,,,,,,,,,,,,,,,,,,,,,,,,
21,,,5379,,,,,,,,1.0927315950393677,,,,,,,,,,,,,,,,,,,,,,,,,,,,,,,,,,,,,
21,,,5384,,,,,,,,1.1210486888885498,,,,,,,,,,,,,,,,,,,,,,,,,,,,,,,,,,,,,
21,,,5389,,,,,,,,1.0815491676330566,,,,,,,,,,,,,,,,,,,,,,,,,,,,,,,,,,,,,
21,,,5394,,,,,,,,1.0969122648239136,,,,,,,,,,,,,,,,,,,,,,,,,,,,,,,,,,,,,
21,,,5399,,,,,,,,1.084876537322998,,,,,,,,,,,,,,,,,,,,,,,,,,,,,,,,,,,,,
21,,,5404,,,,,,,,1.0996392965316772,,,,,,,,,,,,,,,,,,,,,,,,,,,,,,,,,,,,,
21,,,5409,,,,,,,,1.097952961921692,,,,,,,,,,,,,,,,,,,,,,,,,,,,,,,,,,,,,
21,,,5414,,,,,,,,1.1077136993408203,,,,,,,,,,,,,,,,,,,,,,,,,,,,,,,,,,,,,
21,,,5419,,,,,,,,1.0872666835784912,,,,,,,,,,,,,,,,,,,,,,,,,,,,,,,,,,,,,
21,,,5424,,,,,,,,1.1508504152297974,,,,,,,,,,,,,,,,,,,,,,,,,,,,,,,,,,,,,
21,,,5429,,,,,,,,1.0978840589523315,,,,,,,,,,,,,,,,,,,,,,,,,,,,,,,,,,,,,
21,,,5434,,,,,,,,1.0802078247070312,,,,,,,,,,,,,,,,,,,,,,,,,,,,,,,,,,,,,
21,,,5439,,,,,,,,1.0890971422195435,,,,,,,,,,,,,,,,,,,,,,,,,,,,,,,,,,,,,
21,,,5444,,,,,,,,1.1010668277740479,,,,,,,,,,,,,,,,,,,,,,,,,,,,,,,,,,,,,
21,,,5449,,,,,,,,1.1106804609298706,,,,,,,,,,,,,,,,,,,,,,,,,,,,,,,,,,,,,
21,,,5454,,,,,,,,1.0984723567962646,,,,,,,,,,,,,,,,,,,,,,,,,,,,,,,,,,,,,
21,,,5459,,,,,,,,1.137297511100769,,,,,,,,,,,,,,,,,,,,,,,,,,,,,,,,,,,,,
21,,,5464,,,,,,,,1.083638310432434,,,,,,,,,,,,,,,,,,,,,,,,,,,,,,,,,,,,,
21,,,5469,,,,,,,,1.1199016571044922,,,,,,,,,,,,,,,,,,,,,,,,,,,,,,,,,,,,,
21,,,5474,,,,,,,,1.0819493532180786,,,,,,,,,,,,,,,,,,,,,,,,,,,,,,,,,,,,,
21,,,5479,,,,,,,,1.1359838247299194,,,,,,,,,,,,,,,,,,,,,,,,,,,,,,,,,,,,,
21,,,5484,,,,,,,,1.1039669513702393,,,,,,,,,,,,,,,,,,,,,,,,,,,,,,,,,,,,,
21,,,5489,,,,,,,,1.1266679763793945,,,,,,,,,,,,,,,,,,,,,,,,,,,,,,,,,,,,,
21,,,5494,,,,,,,,1.1014623641967773,,,,,,,,,,,,,,,,,,,,,,,,,,,,,,,,,,,,,
21,,,5499,,,,,,,,1.0819923877716064,,,,,,,,,,,,,,,,,,,,,,,,,,,,,,,,,,,,,
21,,,5499,,,,,,,,,,,0.3447514474391937,0.0051483954302966595,0.669921875,1.33984375,54.966796875,0.669921875,271790.65625,0.8386302590370178,0.8386302590370178,,1.0,0.27799224853515625,54.966796875,0.669921875,0.9439918398857117,0.046719055622816086,22118.0,0.001876874710433185,0.0028016322758048773,0.4067135751247406,0.6071060299873352,0.005577525589615107,1475.0,0.016692932695150375,0.024917731061577797,0.2502489984035492,0.37354955077171326,0.014047512784600258,7373.0,0.004773538559675217,0.00712551549077034,0.3294867277145386,0.491828590631485,0.016346827149391174,0.00037276724469847977
21,,20.0,5499,263866.15625,0.8528047204017639,0.8553524017333984,,1.1111946105957031,0.8553524017333984,1.0,,0.3012988269329071,0.9190000295639038,,,,,,,,,,,,,,,,,,,,,,,,,,,,,,,,,,,
,0.00017810719718785867,,5500,,,,,,,,,,,,,,,,,,,,,,,,,,,,,,,,,,,,,,,,,,,,,
22,,,5504,,,,,,,,1.0906676054000854,,,,,,,,,,,,,,,,,,,,,,,,,,,,,,,,,,,,,
22,,,5509,,,,,,,,1.101189374923706,,,,,,,,,,,,,,,,,,,,,,,,,,,,,,,,,,,,,
22,,,5514,,,,,,,,1.0959616899490356,,,,,,,,,,,,,,,,,,,,,,,,,,,,,,,,,,,,,
22,,,5519,,,,,,,,1.1243999004364014,,,,,,,,,,,,,,,,,,,,,,,,,,,,,,,,,,,,,
22,,,5524,,,,,,,,1.0804224014282227,,,,,,,,,,,,,,,,,,,,,,,,,,,,,,,,,,,,,
22,,,5529,,,,,,,,1.1073052883148193,,,,,,,,,,,,,,,,,,,,,,,,,,,,,,,,,,,,,
22,,,5534,,,,,,,,1.0855672359466553,,,,,,,,,,,,,,,,,,,,,,,,,,,,,,,,,,,,,
22,,,5539,,,,,,,,1.154762864112854,,,,,,,,,,,,,,,,,,,,,,,,,,,,,,,,,,,,,
22,,,5544,,,,,,,,1.0902372598648071,,,,,,,,,,,,,,,,,,,,,,,,,,,,,,,,,,,,,
22,,,5549,,,,,,,,1.089367389678955,,,,,,,,,,,,,,,,,,,,,,,,,,,,,,,,,,,,,
22,,,5554,,,,,,,,1.1967629194259644,,,,,,,,,,,,,,,,,,,,,,,,,,,,,,,,,,,,,
22,,,5559,,,,,,,,1.1071079969406128,,,,,,,,,,,,,,,,,,,,,,,,,,,,,,,,,,,,,
22,,,5564,,,,,,,,1.0937660932540894,,,,,,,,,,,,,,,,,,,,,,,,,,,,,,,,,,,,,
22,,,5569,,,,,,,,1.100167989730835,,,,,,,,,,,,,,,,,,,,,,,,,,,,,,,,,,,,,
22,,,5574,,,,,,,,1.0964365005493164,,,,,,,,,,,,,,,,,,,,,,,,,,,,,,,,,,,,,
22,,,5579,,,,,,,,1.1173468828201294,,,,,,,,,,,,,,,,,,,,,,,,,,,,,,,,,,,,,
22,,,5584,,,,,,,,1.0879954099655151,,,,,,,,,,,,,,,,,,,,,,,,,,,,,,,,,,,,,
22,,,5589,,,,,,,,1.0884815454483032,,,,,,,,,,,,,,,,,,,,,,,,,,,,,,,,,,,,,
22,,,5594,,,,,,,,1.098246693611145,,,,,,,,,,,,,,,,,,,,,,,,,,,,,,,,,,,,,
22,,,5599,,,,,,,,1.1511225700378418,,,,,,,,,,,,,,,,,,,,,,,,,,,,,,,,,,,,,
22,,,5604,,,,,,,,1.1058764457702637,,,,,,,,,,,,,,,,,,,,,,,,,,,,,,,,,,,,,
22,,,5609,,,,,,,,1.1095753908157349,,,,,,,,,,,,,,,,,,,,,,,,,,,,,,,,,,,,,
22,,,5614,,,,,,,,1.0863640308380127,,,,,,,,,,,,,,,,,,,,,,,,,,,,,,,,,,,,,
22,,,5619,,,,,,,,1.081378698348999,,,,,,,,,,,,,,,,,,,,,,,,,,,,,,,,,,,,,
22,,,5624,,,,,,,,1.090555191040039,,,,,,,,,,,,,,,,,,,,,,,,,,,,,,,,,,,,,
22,,,5629,,,,,,,,1.1378158330917358,,,,,,,,,,,,,,,,,,,,,,,,,,,,,,,,,,,,,
22,,,5634,,,,,,,,1.114956021308899,,,,,,,,,,,,,,,,,,,,,,,,,,,,,,,,,,,,,
22,,,5639,,,,,,,,1.0847452878952026,,,,,,,,,,,,,,,,,,,,,,,,,,,,,,,,,,,,,
22,,,5644,,,,,,,,1.0912498235702515,,,,,,,,,,,,,,,,,,,,,,,,,,,,,,,,,,,,,
22,,,5649,,,,,,,,1.129666805267334,,,,,,,,,,,,,,,,,,,,,,,,,,,,,,,,,,,,,
22,,,5654,,,,,,,,1.09354567527771,,,,,,,,,,,,,,,,,,,,,,,,,,,,,,,,,,,,,
22,,,5659,,,,,,,,1.0803771018981934,,,,,,,,,,,,,,,,,,,,,,,,,,,,,,,,,,,,,
22,,,5664,,,,,,,,1.086477518081665,,,,,,,,,,,,,,,,,,,,,,,,,,,,,,,,,,,,,
22,,,5669,,,,,,,,1.0846798419952393,,,,,,,,,,,,,,,,,,,,,,,,,,,,,,,,,,,,,
22,,,5674,,,,,,,,1.1343014240264893,,,,,,,,,,,,,,,,,,,,,,,,,,,,,,,,,,,,,
22,,,5679,,,,,,,,1.162716031074524,,,,,,,,,,,,,,,,,,,,,,,,,,,,,,,,,,,,,
22,,,5684,,,,,,,,1.0847364664077759,,,,,,,,,,,,,,,,,,,,,,,,,,,,,,,,,,,,,
22,,,5689,,,,,,,,1.1438570022583008,,,,,,,,,,,,,,,,,,,,,,,,,,,,,,,,,,,,,
22,,,5694,,,,,,,,1.100677251815796,,,,,,,,,,,,,,,,,,,,,,,,,,,,,,,,,,,,,
22,,,5699,,,,,,,,1.0897161960601807,,,,,,,,,,,,,,,,,,,,,,,,,,,,,,,,,,,,,
22,,,5704,,,,,,,,1.0870161056518555,,,,,,,,,,,,,,,,,,,,,,,,,,,,,,,,,,,,,
22,,,5709,,,,,,,,1.0889034271240234,,,,,,,,,,,,,,,,,,,,,,,,,,,,,,,,,,,,,
22,,,5714,,,,,,,,1.0840457677841187,,,,,,,,,,,,,,,,,,,,,,,,,,,,,,,,,,,,,
22,,,5719,,,,,,,,1.102435827255249,,,,,,,,,,,,,,,,,,,,,,,,,,,,,,,,,,,,,
22,,,5724,,,,,,,,1.081904649734497,,,,,,,,,,,,,,,,,,,,,,,,,,,,,,,,,,,,,
22,,,5729,,,,,,,,1.1180346012115479,,,,,,,,,,,,,,,,,,,,,,,,,,,,,,,,,,,,,
22,,,5734,,,,,,,,1.089548110961914,,,,,,,,,,,,,,,,,,,,,,,,,,,,,,,,,,,,,
22,,,5739,,,,,,,,1.1076480150222778,,,,,,,,,,,,,,,,,,,,,,,,,,,,,,,,,,,,,
22,,,5744,,,,,,,,1.1991691589355469,,,,,,,,,,,,,,,,,,,,,,,,,,,,,,,,,,,,,
22,,,5749,,,,,,,,1.0960739850997925,,,,,,,,,,,,,,,,,,,,,,,,,,,,,,,,,,,,,
22,,,5749,,,,,,,,,,,0.3434077799320221,0.004559075925499201,0.669921875,1.33984375,54.966796875,0.669921875,271790.65625,0.8379195332527161,0.8379195332527161,,1.0,0.28977203369140625,54.966796875,0.669921875,0.9265391230583191,0.04686114564538002,22118.0,0.0018683538073673844,0.00278891297057271,0.40273311734199524,0.6011643409729004,0.005552069284021854,1475.0,0.016741260886192322,0.024989871308207512,0.2515600621700287,0.37550657987594604,0.01405119989067316,7373.0,0.00477460166439414,0.007127102464437485,0.33047839999198914,0.4933088719844818,0.01636362448334694,0.00037276724469847977
22,,20.0,5749,265341.40625,0.8515951037406921,0.8535342216491699,,1.109012246131897,0.8535342216491699,1.0,,0.2999277412891388,0.921500027179718,,,,,,,,,,,,,,,,,,,,,,,,,,,,,,,,,,,
,0.00016879998503464564,,5750,,,,,,,,,,,,,,,,,,,,,,,,,,,,,,,,,,,,,,,,,,,,,
23,,,5754,,,,,,,,1.1196379661560059,,,,,,,,,,,,,,,,,,,,,,,,,,,,,,,,,,,,,
23,,,5759,,,,,,,,1.1209633350372314,,,,,,,,,,,,,,,,,,,,,,,,,,,,,,,,,,,,,
23,,,5764,,,,,,,,1.0908523797988892,,,,,,,,,,,,,,,,,,,,,,,,,,,,,,,,,,,,,
23,,,5769,,,,,,,,1.0897338390350342,,,,,,,,,,,,,,,,,,,,,,,,,,,,,,,,,,,,,
23,,,5774,,,,,,,,1.1022937297821045,,,,,,,,,,,,,,,,,,,,,,,,,,,,,,,,,,,,,
23,,,5779,,,,,,,,1.0949211120605469,,,,,,,,,,,,,,,,,,,,,,,,,,,,,,,,,,,,,
23,,,5784,,,,,,,,1.0985922813415527,,,,,,,,,,,,,,,,,,,,,,,,,,,,,,,,,,,,,
23,,,5789,,,,,,,,1.0937116146087646,,,,,,,,,,,,,,,,,,,,,,,,,,,,,,,,,,,,,
23,,,5794,,,,,,,,1.0951811075210571,,,,,,,,,,,,,,,,,,,,,,,,,,,,,,,,,,,,,
23,,,5799,,,,,,,,1.0948959589004517,,,,,,,,,,,,,,,,,,,,,,,,,,,,,,,,,,,,,
23,,,5804,,,,,,,,1.0870944261550903,,,,,,,,,,,,,,,,,,,,,,,,,,,,,,,,,,,,,
23,,,5809,,,,,,,,1.085430383682251,,,,,,,,,,,,,,,,,,,,,,,,,,,,,,,,,,,,,
23,,,5814,,,,,,,,1.085272192955017,,,,,,,,,,,,,,,,,,,,,,,,,,,,,,,,,,,,,
23,,,5819,,,,,,,,1.0866044759750366,,,,,,,,,,,,,,,,,,,,,,,,,,,,,,,,,,,,,
23,,,5824,,,,,,,,1.134714126586914,,,,,,,,,,,,,,,,,,,,,,,,,,,,,,,,,,,,,
23,,,5829,,,,,,,,1.0874152183532715,,,,,,,,,,,,,,,,,,,,,,,,,,,,,,,,,,,,,
23,,,5834,,,,,,,,1.1208841800689697,,,,,,,,,,,,,,,,,,,,,,,,,,,,,,,,,,,,,
23,,,5839,,,,,,,,1.0826388597488403,,,,,,,,,,,,,,,,,,,,,,,,,,,,,,,,,,,,,
23,,,5844,,,,,,,,1.1201919317245483,,,,,,,,,,,,,,,,,,,,,,,,,,,,,,,,,,,,,
23,,,5849,,,,,,,,1.0913753509521484,,,,,,,,,,,,,,,,,,,,,,,,,,,,,,,,,,,,,
23,,,5854,,,,,,,,1.0969191789627075,,,,,,,,,,,,,,,,,,,,,,,,,,,,,,,,,,,,,
23,,,5859,,,,,,,,1.1256866455078125,,,,,,,,,,,,,,,,,,,,,,,,,,,,,,,,,,,,,
23,,,5864,,,,,,,,1.2471253871917725,,,,,,,,,,,,,,,,,,,,,,,,,,,,,,,,,,,,,
23,,,5869,,,,,,,,1.0928624868392944,,,,,,,,,,,,,,,,,,,,,,,,,,,,,,,,,,,,,
23,,,5874,,,,,,,,1.111649751663208,,,,,,,,,,,,,,,,,,,,,,,,,,,,,,,,,,,,,
23,,,5879,,,,,,,,1.0957143306732178,,,,,,,,,,,,,,,,,,,,,,,,,,,,,,,,,,,,,
23,,,5884,,,,,,,,1.0875142812728882,,,,,,,,,,,,,,,,,,,,,,,,,,,,,,,,,,,,,
23,,,5889,,,,,,,,1.1557440757751465,,,,,,,,,,,,,,,,,,,,,,,,,,,,,,,,,,,,,
23,,,5894,,,,,,,,1.0832819938659668,,,,,,,,,,,,,,,,,,,,,,,,,,,,,,,,,,,,,
23,,,5899,,,,,,,,1.0833253860473633,,,,,,,,,,,,,,,,,,,,,,,,,,,,,,,,,,,,,
23,,,5904,,,,,,,,1.311182975769043,,,,,,,,,,,,,,,,,,,,,,,,,,,,,,,,,,,,,
23,,,5909,,,,,,,,1.1003752946853638,,,,,,,,,,,,,,,,,,,,,,,,,,,,,,,,,,,,,
23,,,5914,,,,,,,,1.1115070581436157,,,,,,,,,,,,,,,,,,,,,,,,,,,,,,,,,,,,,
23,,,5919,,,,,,,,1.0855283737182617,,,,,,,,,,,,,,,,,,,,,,,,,,,,,,,,,,,,,
23,,,5924,,,,,,,,1.0973689556121826,,,,,,,,,,,,,,,,,,,,,,,,,,,,,,,,,,,,,
23,,,5929,,,,,,,,1.1176831722259521,,,,,,,,,,,,,,,,,,,,,,,,,,,,,,,,,,,,,
23,,,5934,,,,,,,,1.0848299264907837,,,,,,,,,,,,,,,,,,,,,,,,,,,,,,,,,,,,,
23,,,5939,,,,,,,,1.0970207452774048,,,,,,,,,,,,,,,,,,,,,,,,,,,,,,,,,,,,,
23,,,5944,,,,,,,,1.098514199256897,,,,,,,,,,,,,,,,,,,,,,,,,,,,,,,,,,,,,
23,,,5949,,,,,,,,1.0963146686553955,,,,,,,,,,,,,,,,,,,,,,,,,,,,,,,,,,,,,
23,,,5954,,,,,,,,1.1309795379638672,,,,,,,,,,,,,,,,,,,,,,,,,,,,,,,,,,,,,
23,,,5959,,,,,,,,1.095980167388916,,,,,,,,,,,,,,,,,,,,,,,,,,,,,,,,,,,,,
23,,,5964,,,,,,,,1.0812064409255981,,,,,,,,,,,,,,,,,,,,,,,,,,,,,,,,,,,,,
23,,,5969,,,,,,,,1.1690696477890015,,,,,,,,,,,,,,,,,,,,,,,,,,,,,,,,,,,,,
23,,,5974,,,,,,,,1.1512939929962158,,,,,,,,,,,,,,,,,,,,,,,,,,,,,,,,,,,,,
23,,,5979,,,,,,,,1.1033861637115479,,,,,,,,,,,,,,,,,,,,,,,,,,,,,,,,,,,,,
23,,,5984,,,,,,,,1.1191757917404175,,,,,,,,,,,,,,,,,,,,,,,,,,,,,,,,,,,,,
23,,,5989,,,,,,,,1.0858113765716553,,,,,,,,,,,,,,,,,,,,,,,,,,,,,,,,,,,,,
23,,,5994,,,,,,,,1.115586519241333,,,,,,,,,,,,,,,,,,,,,,,,,,,,,,,,,,,,,
23,,,5999,,,,,,,,1.1135039329528809,,,,,,,,,,,,,,,,,,,,,,,,,,,,,,,,,,,,,
23,,,5999,,,,,,,,,,,0.32451125979423523,0.00493156211450696,0.669921875,1.33984375,54.966796875,0.669921875,271790.65625,0.8378905653953552,0.8378905653953552,,1.0,0.2958030700683594,54.966796875,0.669921875,0.9525939226150513,0.04675619676709175,22118.0,0.0018795232754200697,0.0028055859729647636,0.4151265323162079,0.6196641325950623,0.005585881415754557,1475.0,0.016667768359184265,0.024880168959498405,0.2594158947467804,0.38723307847976685,0.014134805649518967,7373.0,0.004802414681762457,0.007168619427829981,0.3353254199028015,0.5005440711975098,0.01638462208211422,0.00037276724469847977
23,,20.0,5999,264912.125,0.8514668941497803,0.8530161380767822,,1.1084568500518799,0.8530161380767822,1.0,,0.3000507950782776,0.9179999828338623,,,,,,,,,,,,,,,,,,,,,,,,,,,,,,,,,,,
,0.000159418577929397,,6000,,,,,,,,,,,,,,,,,,,,,,,,,,,,,,,,,,,,,,,,,,,,,
24,,,6004,,,,,,,,1.0924479961395264,,,,,,,,,,,,,,,,,,,,,,,,,,,,,,,,,,,,,
24,,,6009,,,,,,,,1.090235948562622,,,,,,,,,,,,,,,,,,,,,,,,,,,,,,,,,,,,,
24,,,6014,,,,,,,,1.0889301300048828,,,,,,,,,,,,,,,,,,,,,,,,,,,,,,,,,,,,,
24,,,6019,,,,,,,,1.0850764513015747,,,,,,,,,,,,,,,,,,,,,,,,,,,,,,,,,,,,,
24,,,6024,,,,,,,,1.0895546674728394,,,,,,,,,,,,,,,,,,,,,,,,,,,,,,,,,,,,,
24,,,6029,,,,,,,,1.080873727798462,,,,,,,,,,,,,,,,,,,,,,,,,,,,,,,,,,,,,
24,,,6034,,,,,,,,1.0870211124420166,,,,,,,,,,,,,,,,,,,,,,,,,,,,,,,,,,,,,
24,,,6039,,,,,,,,1.1412804126739502,,,,,,,,,,,,,,,,,,,,,,,,,,,,,,,,,,,,,
24,,,6044,,,,,,,,1.086202621459961,,,,,,,,,,,,,,,,,,,,,,,,,,,,,,,,,,,,,
24,,,6049,,,,,,,,1.1631739139556885,,,,,,,,,,,,,,,,,,,,,,,,,,,,,,,,,,,,,
24,,,6054,,,,,,,,1.1096442937850952,,,,,,,,,,,,,,,,,,,,,,,,,,,,,,,,,,,,,
24,,,6059,,,,,,,,1.0854027271270752,,,,,,,,,,,,,,,,,,,,,,,,,,,,,,,,,,,,,
24,,,6064,,,,,,,,1.0848352909088135,,,,,,,,,,,,,,,,,,,,,,,,,,,,,,,,,,,,,
24,,,6069,,,,,,,,1.0977216958999634,,,,,,,,,,,,,,,,,,,,,,,,,,,,,,,,,,,,,
24,,,6074,,,,,,,,1.1163170337677002,,,,,,,,,,,,,,,,,,,,,,,,,,,,,,,,,,,,,
24,,,6079,,,,,,,,1.0993692874908447,,,,,,,,,,,,,,,,,,,,,,,,,,,,,,,,,,,,,
24,,,6084,,,,,,,,1.1220098733901978,,,,,,,,,,,,,,,,,,,,,,,,,,,,,,,,,,,,,
24,,,6089,,,,,,,,1.0961265563964844,,,,,,,,,,,,,,,,,,,,,,,,,,,,,,,,,,,,,
24,,,6094,,,,,,,,1.1182912588119507,,,,,,,,,,,,,,,,,,,,,,,,,,,,,,,,,,,,,
24,,,6099,,,,,,,,1.172802448272705,,,,,,,,,,,,,,,,,,,,,,,,,,,,,,,,,,,,,
24,,,6104,,,,,,,,1.1608633995056152,,,,,,,,,,,,,,,,,,,,,,,,,,,,,,,,,,,,,
24,,,6109,,,,,,,,1.1156703233718872,,,,,,,,,,,,,,,,,,,,,,,,,,,,,,,,,,,,,
24,,,6114,,,,,,,,1.091766357421875,,,,,,,,,,,,,,,,,,,,,,,,,,,,,,,,,,,,,
24,,,6119,,,,,,,,1.080238699913025,,,,,,,,,,,,,,,,,,,,,,,,,,,,,,,,,,,,,
24,,,6124,,,,,,,,1.1122843027114868,,,,,,,,,,,,,,,,,,,,,,,,,,,,,,,,,,,,,
24,,,6129,,,,,,,,1.088498830795288,,,,,,,,,,,,,,,,,,,,,,,,,,,,,,,,,,,,,
24,,,6134,,,,,,,,1.1135367155075073,,,,,,,,,,,,,,,,,,,,,,,,,,,,,,,,,,,,,
24,,,6139,,,,,,,,1.0845450162887573,,,,,,,,,,,,,,,,,,,,,,,,,,,,,,,,,,,,,
24,,,6144,,,,,,,,1.080106496810913,,,,,,,,,,,,,,,,,,,,,,,,,,,,,,,,,,,,,
24,,,6149,,,,,,,,1.1729117631912231,,,,,,,,,,,,,,,,,,,,,,,,,,,,,,,,,,,,,
24,,,6154,,,,,,,,1.095310926437378,,,,,,,,,,,,,,,,,,,,,,,,,,,,,,,,,,,,,
24,,,6159,,,,,,,,1.1118440628051758,,,,,,,,,,,,,,,,,,,,,,,,,,,,,,,,,,,,,
24,,,6164,,,,,,,,1.08226478099823,,,,,,,,,,,,,,,,,,,,,,,,,,,,,,,,,,,,,
24,,,6169,,,,,,,,1.1077320575714111,,,,,,,,,,,,,,,,,,,,,,,,,,,,,,,,,,,,,
24,,,6174,,,,,,,,1.0852469205856323,,,,,,,,,,,,,,,,,,,,,,,,,,,,,,,,,,,,,
24,,,6179,,,,,,,,1.1218385696411133,,,,,,,,,,,,,,,,,,,,,,,,,,,,,,,,,,,,,
24,,,6184,,,,,,,,1.0967804193496704,,,,,,,,,,,,,,,,,,,,,,,,,,,,,,,,,,,,,
24,,,6189,,,,,,,,1.116052269935608,,,,,,,,,,,,,,,,,,,,,,,,,,,,,,,,,,,,,
24,,,6194,,,,,,,,1.1498713493347168,,,,,,,,,,,,,,,,,,,,,,,,,,,,,,,,,,,,,
24,,,6199,,,,,,,,1.1140825748443604,,,,,,,,,,,,,,,,,,,,,,,,,,,,,,,,,,,,,
24,,,6204,,,,,,,,1.0955820083618164,,,,,,,,,,,,,,,,,,,,,,,,,,,,,,,,,,,,,
24,,,6209,,,,,,,,1.0972950458526611,,,,,,,,,,,,,,,,,,,,,,,,,,,,,,,,,,,,,
24,,,6214,,,,,,,,1.0838260650634766,,,,,,,,,,,,,,,,,,,,,,,,,,,,,,,,,,,,,
24,,,6219,,,,,,,,1.1271154880523682,,,,,,,,,,,,,,,,,,,,,,,,,,,,,,,,,,,,,
24,,,6224,,,,,,,,1.0874040126800537,,,,,,,,,,,,,,,,,,,,,,,,,,,,,,,,,,,,,
24,,,6229,,,,,,,,1.1014974117279053,,,,,,,,,,,,,,,,,,,,,,,,,,,,,,,,,,,,,
24,,,6234,,,,,,,,1.0901803970336914,,,,,,,,,,,,,,,,,,,,,,,,,,,,,,,,,,,,,
24,,,6239,,,,,,,,1.084893822669983,,,,,,,,,,,,,,,,,,,,,,,,,,,,,,,,,,,,,
24,,,6244,,,,,,,,1.1257046461105347,,,,,,,,,,,,,,,,,,,,,,,,,,,,,,,,,,,,,
24,,,6249,,,,,,,,1.0951958894729614,,,,,,,,,,,,,,,,,,,,,,,,,,,,,,,,,,,,,
24,,,6249,,,,,,,,,,,0.33839401602745056,0.005368233658373356,0.669921875,1.33984375,54.966796875,0.669921875,271790.65625,0.8379650712013245,0.8379650712013245,,1.0,0.29723358154296875,54.966796875,0.669921875,0.9441197514533997,0.04667341709136963,22118.0,0.001869897823780775,0.0027912177611142397,0.4041629731655121,0.6032986640930176,0.005556726828217506,1475.0,0.01664923131465912,0.02485249750316143,0.2563271224498749,0.3826224207878113,0.014042923226952553,7373.0,0.0047716847620904446,0.007122748531401157,0.3307836651802063,0.4937645494937897,0.016325924545526505,0.00037276724469847977
24,,20.0,6249,264594.375,0.8511809706687927,0.8537302017211914,,1.1090843677520752,0.8537302017211914,1.0,,0.29991602897644043,0.9229999780654907,,,,,,,,,,,,,,,,,,,,,,,,,,,,,,,,,,,
,0.00015,,6250,,,,,,,,,,,,,,,,,,,,,,,,,,,,,,,,,,,,,,,,,,,,,
25,,,6254,,,,,,,,1.1458520889282227,,,,,,,,,,,,,,,,,,,,,,,,,,,,,,,,,,,,,
25,,,6259,,,,,,,,1.084301471710205,,,,,,,,,,,,,,,,,,,,,,,,,,,,,,,,,,,,,
25,,,6264,,,,,,,,1.0998413562774658,,,,,,,,,,,,,,,,,,,,,,,,,,,,,,,,,,,,,
25,,,6269,,,,,,,,1.1137431859970093,,,,,,,,,,,,,,,,,,,,,,,,,,,,,,,,,,,,,
25,,,6274,,,,,,,,1.0810294151306152,,,,,,,,,,,,,,,,,,,,,,,,,,,,,,,,,,,,,
25,,,6279,,,,,,,,1.0898187160491943,,,,,,,,,,,,,,,,,,,,,,,,,,,,,,,,,,,,,
25,,,6284,,,,,,,,1.087939739227295,,,,,,,,,,,,,,,,,,,,,,,,,,,,,,,,,,,,,
25,,,6289,,,,,,,,1.1026883125305176,,,,,,,,,,,,,,,,,,,,,,,,,,,,,,,,,,,,,
25,,,6294,,,,,,,,1.102035403251648,,,,,,,,,,,,,,,,,,,,,,,,,,,,,,,,,,,,,
25,,,6299,,,,,,,,1.0961472988128662,,,,,,,,,,,,,,,,,,,,,,,,,,,,,,,,,,,,,
25,,,6304,,,,,,,,1.1618704795837402,,,,,,,,,,,,,,,,,,,,,,,,,,,,,,,,,,,,,
25,,,6309,,,,,,,,1.1179753541946411,,,,,,,,,,,,,,,,,,,,,,,,,,,,,,,,,,,,,
25,,,6314,,,,,,,,1.0893430709838867,,,,,,,,,,,,,,,,,,,,,,,,,,,,,,,,,,,,,
25,,,6319,,,,,,,,1.104943037033081,,,,,,,,,,,,,,,,,,,,,,,,,,,,,,,,,,,,,
25,,,6324,,,,,,,,1.1019293069839478,,,,,,,,,,,,,,,,,,,,,,,,,,,,,,,,,,,,,
25,,,6329,,,,,,,,1.0983150005340576,,,,,,,,,,,,,,,,,,,,,,,,,,,,,,,,,,,,,
25,,,6334,,,,,,,,1.1180583238601685,,,,,,,,,,,,,,,,,,,,,,,,,,,,,,,,,,,,,
25,,,6339,,,,,,,,1.0979559421539307,,,,,,,,,,,,,,,,,,,,,,,,,,,,,,,,,,,,,
25,,,6344,,,,,,,,1.1342324018478394,,,,,,,,,,,,,,,,,,,,,,,,,,,,,,,,,,,,,
25,,,6349,,,,,,,,1.0806715488433838,,,,,,,,,,,,,,,,,,,,,,,,,,,,,,,,,,,,,
25,,,6354,,,,,,,,1.0879671573638916,,,,,,,,,,,,,,,,,,,,,,,,,,,,,,,,,,,,,
25,,,6359,,,,,,,,1.0935335159301758,,,,,,,,,,,,,,,,,,,,,,,,,,,,,,,,,,,,,
25,,,6364,,,,,,,,1.08073890209198,,,,,,,,,,,,,,,,,,,,,,,,,,,,,,,,,,,,,
25,,,6369,,,,,,,,1.086485743522644,,,,,,,,,,,,,,,,,,,,,,,,,,,,,,,,,,,,,
25,,,6374,,,,,,,,1.1119188070297241,,,,,,,,,,,,,,,,,,,,,,,,,,,,,,,,,,,,,
25,,,6379,,,,,,,,1.1227669715881348,,,,,,,,,,,,,,,,,,,,,,,,,,,,,,,,,,,,,
25,,,6384,,,,,,,,1.0921884775161743,,,,,,,,,,,,,,,,,,,,,,,,,,,,,,,,,,,,,
25,,,6389,,,,,,,,1.0890411138534546,,,,,,,,,,,,,,,,,,,,,,,,,,,,,,,,,,,,,
25,,,6394,,,,,,,,1.0868489742279053,,,,,,,,,,,,,,,,,,,,,,,,,,,,,,,,,,,,,
25,,,6399,,,,,,,,1.1334757804870605,,,,,,,,,,,,,,,,,,,,,,,,,,,,,,,,,,,,,
25,,,6404,,,,,,,,1.1212506294250488,,,,,,,,,,,,,,,,,,,,,,,,,,,,,,,,,,,,,
25,,,6409,,,,,,,,1.1246304512023926,,,,,,,,,,,,,,,,,,,,,,,,,,,,,,,,,,,,,
25,,,6414,,,,,,,,1.085622787475586,,,,,,,,,,,,,,,,,,,,,,,,,,,,,,,,,,,,,
25,,,6419,,,,,,,,1.0854551792144775,,,,,,,,,,,,,,,,,,,,,,,,,,,,,,,,,,,,,
25,,,6424,,,,,,,,1.0916359424591064,,,,,,,,,,,,,,,,,,,,,,,,,,,,,,,,,,,,,
25,,,6429,,,,,,,,1.1512598991394043,,,,,,,,,,,,,,,,,,,,,,,,,,,,,,,,,,,,,
25,,,6434,,,,,,,,1.082436442375183,,,,,,,,,,,,,,,,,,,,,,,,,,,,,,,,,,,,,
25,,,6439,,,,,,,,1.0958635807037354,,,,,,,,,,,,,,,,,,,,,,,,,,,,,,,,,,,,,
25,,,6444,,,,,,,,1.0903677940368652,,,,,,,,,,,,,,,,,,,,,,,,,,,,,,,,,,,,,
25,,,6449,,,,,,,,1.0912951231002808,,,,,,,,,,,,,,,,,,,,,,,,,,,,,,,,,,,,,
25,,,6454,,,,,,,,1.0881843566894531,,,,,,,,,,,,,,,,,,,,,,,,,,,,,,,,,,,,,
25,,,6459,,,,,,,,1.1505467891693115,,,,,,,,,,,,,,,,,,,,,,,,,,,,,,,,,,,,,
25,,,6464,,,,,,,,1.1098103523254395,,,,,,,,,,,,,,,,,,,,,,,,,,,,,,,,,,,,,
25,,,6469,,,,,,,,1.1231189966201782,,,,,,,,,,,,,,,,,,,,,,,,,,,,,,,,,,,,,
25,,,6474,,,,,,,,1.1062692403793335,,,,,,,,,,,,,,,,,,,,,,,,,,,,,,,,,,,,,
25,,,6479,,,,,,,,1.086087942123413,,,,,,,,,,,,,,,,,,,,,,,,,,,,,,,,,,,,,
25,,,6484,,,,,,,,1.08278226852417,,,,,,,,,,,,,,,,,,,,,,,,,,,,,,,,,,,,,
25,,,6489,,,,,,,,1.1027889251708984,,,,,,,,,,,,,,,,,,,,,,,,,,,,,,,,,,,,,
25,,,6494,,,,,,,,1.1265771389007568,,,,,,,,,,,,,,,,,,,,,,,,,,,,,,,,,,,,,
25,,,6499,,,,,,,,1.1076128482818604,,,,,,,,,,,,,,,,,,,,,,,,,,,,,,,,,,,,,
25,,,6499,,,,,,,,,,,0.3455742299556732,0.004504145588725805,0.669921875,1.33984375,54.966796875,0.669921875,271790.65625,0.837931215763092,0.837931215763092,,1.0,0.2956657409667969,54.966796875,0.669921875,0.9294853210449219,0.0469648614525795,22118.0,0.0018809358589351177,0.002807694487273693,0.4041310250759125,0.6032509803771973,0.005589374806731939,1475.0,0.016755826771259308,0.025011613965034485,0.25730571150779724,0.38408318161964417,0.014065293595194817,7373.0,0.004779099952429533,0.007133817300200462,0.3322085440158844,0.4958914816379547,0.016407247632741928,0.00037276724469847977
25,,20.0,6499,265239.0,0.8521549701690674,0.8533350825309753,,1.108981728553772,0.8533350825309753,1.0,,0.2999824285507202,0.9169999957084656,,,,,,,,,,,,,,,,,,,,,,,,,,,,,,,,,,,
,0.000140581422070603,,6500,,,,,,,,,,,,,,,,,,,,,,,,,,,,,,,,,,,,,,,,,,,,,
26,,,6504,,,,,,,,1.1123632192611694,,,,,,,,,,,,,,,,,,,,,,,,,,,,,,,,,,,,,
26,,,6509,,,,,,,,1.1160283088684082,,,,,,,,,,,,,,,,,,,,,,,,,,,,,,,,,,,,,
26,,,6514,,,,,,,,1.0844789743423462,,,,,,,,,,,,,,,,,,,,,,,,,,,,,,,,,,,,,
26,,,6519,,,,,,,,1.1166298389434814,,,,,,,,,,,,,,,,,,,,,,,,,,,,,,,,,,,,,
26,,,6524,,,,,,,,1.1047817468643188,,,,,,,,,,,,,,,,,,,,,,,,,,,,,,,,,,,,,
26,,,6529,,,,,,,,1.0840643644332886,,,,,,,,,,,,,,,,,,,,,,,,,,,,,,,,,,,,,
26,,,6534,,,,,,,,1.1433144807815552,,,,,,,,,,,,,,,,,,,,,,,,,,,,,,,,,,,,,
26,,,6539,,,,,,,,1.0904884338378906,,,,,,,,,,,,,,,,,,,,,,,,,,,,,,,,,,,,,
26,,,6544,,,,,,,,1.1056387424468994,,,,,,,,,,,,,,,,,,,,,,,,,,,,,,,,,,,,,
26,,,6549,,,,,,,,1.1491353511810303,,,,,,,,,,,,,,,,,,,,,,,,,,,,,,,,,,,,,
26,,,6554,,,,,,,,1.1367425918579102,,,,,,,,,,,,,,,,,,,,,,,,,,,,,,,,,,,,,
26,,,6559,,,,,,,,1.0891094207763672,,,,,,,,,,,,,,,,,,,,,,,,,,,,,,,,,,,,,
26,,,6564,,,,,,,,1.100416660308838,,,,,,,,,,,,,,,,,,,,,,,,,,,,,,,,,,,,,
26,,,6569,,,,,,,,1.1104265451431274,,,,,,,,,,,,,,,,,,,,,,,,,,,,,,,,,,,,,
26,,,6574,,,,,,,,1.0864903926849365,,,,,,,,,,,,,,,,,,,,,,,,,,,,,,,,,,,,,
26,,,6579,,,,,,,,1.0865039825439453,,,,,,,,,,,,,,,,,,,,,,,,,,,,,,,,,,,,,
26,,,6584,,,,,,,,1.0900392532348633,,,,,,,,,,,,,,,,,,,,,,,,,,,,,,,,,,,,,
26,,,6589,,,,,,,,1.0988266468048096,,,,,,,,,,,,,,,,,,,,,,,,,,,,,,,,,,,,,
26,,,6594,,,,,,,,1.1055546998977661,,,,,,,,,,,,,,,,,,,,,,,,,,,,,,,,,,,,,
26,,,6599,,,,,,,,1.1038274765014648,,,,,,,,,,,,,,,,,,,,,,,,,,,,,,,,,,,,,
26,,,6604,,,,,,,,1.0819425582885742,,,,,,,,,,,,,,,,,,,,,,,,,,,,,,,,,,,,,
26,,,6609,,,,,,,,1.0822006464004517,,,,,,,,,,,,,,,,,,,,,,,,,,,,,,,,,,,,,
26,,,6614,,,,,,,,1.0901947021484375,,,,,,,,,,,,,,,,,,,,,,,,,,,,,,,,,,,,,
26,,,6619,,,,,,,,1.0927350521087646,,,,,,,,,,,,,,,,,,,,,,,,,,,,,,,,,,,,,
26,,,6624,,,,,,,,1.2104042768478394,,,,,,,,,,,,,,,,,,,,,,,,,,,,,,,,,,,,,
26,,,6629,,,,,,,,1.305976152420044,,,,,,,,,,,,,,,,,,,,,,,,,,,,,,,,,,,,,
26,,,6634,,,,,,,,1.1058212518692017,,,,,,,,,,,,,,,,,,,,,,,,,,,,,,,,,,,,,
26,,,6639,,,,,,,,1.1289955377578735,,,,,,,,,,,,,,,,,,,,,,,,,,,,,,,,,,,,,
26,,,6644,,,,,,,,1.180392861366272,,,,,,,,,,,,,,,,,,,,,,,,,,,,,,,,,,,,,
26,,,6649,,,,,,,,1.0900907516479492,,,,,,,,,,,,,,,,,,,,,,,,,,,,,,,,,,,,,
26,,,6654,,,,,,,,1.100104570388794,,,,,,,,,,,,,,,,,,,,,,,,,,,,,,,,,,,,,
26,,,6659,,,,,,,,1.080559492111206,,,,,,,,,,,,,,,,,,,,,,,,,,,,,,,,,,,,,
26,,,6664,,,,,,,,1.1189645528793335,,,,,,,,,,,,,,,,,,,,,,,,,,,,,,,,,,,,,
26,,,6669,,,,,,,,1.0849264860153198,,,,,,,,,,,,,,,,,,,,,,,,,,,,,,,,,,,,,
26,,,6674,,,,,,,,1.0983586311340332,,,,,,,,,,,,,,,,,,,,,,,,,,,,,,,,,,,,,
26,,,6679,,,,,,,,1.1004124879837036,,,,,,,,,,,,,,,,,,,,,,,,,,,,,,,,,,,,,
26,,,6684,,,,,,,,1.1790509223937988,,,,,,,,,,,,,,,,,,,,,,,,,,,,,,,,,,,,,
26,,,6689,,,,,,,,1.097920536994934,,,,,,,,,,,,,,,,,,,,,,,,,,,,,,,,,,,,,
26,,,6694,,,,,,,,1.0807907581329346,,,,,,,,,,,,,,,,,,,,,,,,,,,,,,,,,,,,,
26,,,6699,,,,,,,,1.086162805557251,,,,,,,,,,,,,,,,,,,,,,,,,,,,,,,,,,,,,
26,,,6704,,,,,,,,1.1765438318252563,,,,,,,,,,,,,,,,,,,,,,,,,,,,,,,,,,,,,
26,,,6709,,,,,,,,1.096197485923767,,,,,,,,,,,,,,,,,,,,,,,,,,,,,,,,,,,,,
26,,,6714,,,,,,,,1.0967994928359985,,,,,,,,,,,,,,,,,,,,,,,,,,,,,,,,,,,,,
26,,,6719,,,,,,,,1.1065669059753418,,,,,,,,,,,,,,,,,,,,,,,,,,,,,,,,,,,,,
26,,,6724,,,,,,,,1.0901252031326294,,,,,,,,,,,,,,,,,,,,,,,,,,,,,,,,,,,,,
26,,,6729,,,,,,,,1.0864547491073608,,,,,,,,,,,,,,,,,,,,,,,,,,,,,,,,,,,,,
26,,,6734,,,,,,,,1.1038482189178467,,,,,,,,,,,,,,,,,,,,,,,,,,,,,,,,,,,,,
26,,,6739,,,,,,,,1.0971885919570923,,,,,,,,,,,,,,,,,,,,,,,,,,,,,,,,,,,,,
26,,,6744,,,,,,,,1.086690902709961,,,,,,,,,,,,,,,,,,,,,,,,,,,,,,,,,,,,,
26,,,6749,,,,,,,,1.093022108078003,,,,,,,,,,,,,,,,,,,,,,,,,,,,,,,,,,,,,
26,,,6749,,,,,,,,,,,0.34719812870025635,0.005020682234317064,0.669921875,1.33984375,54.966796875,0.669921875,271790.65625,0.8378506302833557,0.8378506302833557,,1.0,0.2917289733886719,54.966796875,0.669921875,0.9489411115646362,0.04711126908659935,22118.0,0.0018673375016078353,0.002787396078929305,0.40885621309280396,0.6103043556213379,0.005549446679651737,1475.0,0.01681475341320038,0.02509957365691662,0.2565402090549469,0.38294050097465515,0.014096490107476711,7373.0,0.004789563827216625,0.0071494365110993385,0.3336041569709778,0.4979747235774994,0.016425924375653267,0.00037276724469847977
26,,20.0,6749,264886.21875,0.8513084053993225,0.8543147444725037,,1.1097060441970825,0.8543147444725037,1.0,,0.299986332654953,0.9150000214576721,,,,,,,,,,,,,,,,,,,,,,,,,,,,,,,,,,,
,0.00013120001496535436,,6750,,,,,,,,,,,,,,,,,,,,,,,,,,,,,,,,,,,,,,,,,,,,,
27,,,6754,,,,,,,,1.112924575805664,,,,,,,,,,,,,,,,,,,,,,,,,,,,,,,,,,,,,
27,,,6759,,,,,,,,1.1069263219833374,,,,,,,,,,,,,,,,,,,,,,,,,,,,,,,,,,,,,
27,,,6764,,,,,,,,1.1368403434753418,,,,,,,,,,,,,,,,,,,,,,,,,,,,,,,,,,,,,
27,,,6769,,,,,,,,1.191786766052246,,,,,,,,,,,,,,,,,,,,,,,,,,,,,,,,,,,,,
27,,,6774,,,,,,,,1.1140470504760742,,,,,,,,,,,,,,,,,,,,,,,,,,,,,,,,,,,,,
27,,,6779,,,,,,,,1.086247444152832,,,,,,,,,,,,,,,,,,,,,,,,,,,,,,,,,,,,,
27,,,6784,,,,,,,,1.144964575767517,,,,,,,,,,,,,,,,,,,,,,,,,,,,,,,,,,,,,
27,,,6789,,,,,,,,1.0920699834823608,,,,,,,,,,,,,,,,,,,,,,,,,,,,,,,,,,,,,
27,,,6794,,,,,,,,1.0942296981811523,,,,,,,,,,,,,,,,,,,,,,,,,,,,,,,,,,,,,
27,,,6799,,,,,,,,1.0988469123840332,,,,,,,,,,,,,,,,,,,,,,,,,,,,,,,,,,,,,
27,,,6804,,,,,,,,1.197354793548584,,,,,,,,,,,,,,,,,,,,,,,,,,,,,,,,,,,,,
27,,,6809,,,,,,,,1.0841219425201416,,,,,,,,,,,,,,,,,,,,,,,,,,,,,,,,,,,,,
27,,,6814,,,,,,,,1.0944608449935913,,,,,,,,,,,,,,,,,,,,,,,,,,,,,,,,,,,,,
27,,,6819,,,,,,,,1.1252495050430298,,,,,,,,,,,,,,,,,,,,,,,,,,,,,,,,,,,,,
27,,,6824,,,,,,,,1.095738172531128,,,,,,,,,,,,,,,,,,,,,,,,,,,,,,,,,,,,,
27,,,6829,,,,,,,,1.1220009326934814,,,,,,,,,,,,,,,,,,,,,,,,,,,,,,,,,,,,,
27,,,6834,,,,,,,,1.134124517440796,,,,,,,,,,,,,,,,,,,,,,,,,,,,,,,,,,,,,
27,,,6839,,,,,,,,1.111793041229248,,,,,,,,,,,,,,,,,,,,,,,,,,,,,,,,,,,,,
27,,,6844,,,,,,,,1.1551636457443237,,,,,,,,,,,,,,,,,,,,,,,,,,,,,,,,,,,,,
27,,,6849,,,,,,,,1.0829967260360718,,,,,,,,,,,,,,,,,,,,,,,,,,,,,,,,,,,,,
27,,,6854,,,,,,,,1.1046290397644043,,,,,,,,,,,,,,,,,,,,,,,,,,,,,,,,,,,,,
27,,,6859,,,,,,,,1.1136722564697266,,,,,,,,,,,,,,,,,,,,,,,,,,,,,,,,,,,,,
27,,,6864,,,,,,,,1.1317384243011475,,,,,,,,,,,,,,,,,,,,,,,,,,,,,,,,,,,,,
27,,,6869,,,,,,,,1.0817564725875854,,,,,,,,,,,,,,,,,,,,,,,,,,,,,,,,,,,,,
27,,,6874,,,,,,,,1.084803581237793,,,,,,,,,,,,,,,,,,,,,,,,,,,,,,,,,,,,,
27,,,6879,,,,,,,,1.1099255084991455,,,,,,,,,,,,,,,,,,,,,,,,,,,,,,,,,,,,,
27,,,6884,,,,,,,,1.0803526639938354,,,,,,,,,,,,,,,,,,,,,,,,,,,,,,,,,,,,,
27,,,6889,,,,,,,,1.0840705633163452,,,,,,,,,,,,,,,,,,,,,,,,,,,,,,,,,,,,,
27,,,6894,,,,,,,,1.0896074771881104,,,,,,,,,,,,,,,,,,,,,,,,,,,,,,,,,,,,,
27,,,6899,,,,,,,,1.0821727514266968,,,,,,,,,,,,,,,,,,,,,,,,,,,,,,,,,,,,,
27,,,6904,,,,,,,,1.121349811553955,,,,,,,,,,,,,,,,,,,,,,,,,,,,,,,,,,,,,
27,,,6909,,,,,,,,1.1014573574066162,,,,,,,,,,,,,,,,,,,,,,,,,,,,,,,,,,,,,
27,,,6914,,,,,,,,1.0966849327087402,,,,,,,,,,,,,,,,,,,,,,,,,,,,,,,,,,,,,
27,,,6919,,,,,,,,1.0999493598937988,,,,,,,,,,,,,,,,,,,,,,,,,,,,,,,,,,,,,
27,,,6924,,,,,,,,1.0821871757507324,,,,,,,,,,,,,,,,,,,,,,,,,,,,,,,,,,,,,
27,,,6929,,,,,,,,1.0820732116699219,,,,,,,,,,,,,,,,,,,,,,,,,,,,,,,,,,,,,
27,,,6934,,,,,,,,1.0899291038513184,,,,,,,,,,,,,,,,,,,,,,,,,,,,,,,,,,,,,
27,,,6939,,,,,,,,1.1202590465545654,,,,,,,,,,,,,,,,,,,,,,,,,,,,,,,,,,,,,
27,,,6944,,,,,,,,1.0834097862243652,,,,,,,,,,,,,,,,,,,,,,,,,,,,,,,,,,,,,
27,,,6949,,,,,,,,1.0956937074661255,,,,,,,,,,,,,,,,,,,,,,,,,,,,,,,,,,,,,
27,,,6954,,,,,,,,1.082310676574707,,,,,,,,,,,,,,,,,,,,,,,,,,,,,,,,,,,,,
27,,,6959,,,,,,,,1.0881226062774658,,,,,,,,,,,,,,,,,,,,,,,,,,,,,,,,,,,,,
27,,,6964,,,,,,,,1.1346510648727417,,,,,,,,,,,,,,,,,,,,,,,,,,,,,,,,,,,,,
27,,,6969,,,,,,,,1.085955023765564,,,,,,,,,,,,,,,,,,,,,,,,,,,,,,,,,,,,,
27,,,6974,,,,,,,,1.1560094356536865,,,,,,,,,,,,,,,,,,,,,,,,,,,,,,,,,,,,,
27,,,6979,,,,,,,,1.094079852104187,,,,,,,,,,,,,,,,,,,,,,,,,,,,,,,,,,,,,
27,,,6984,,,,,,,,1.082066297531128,,,,,,,,,,,,,,,,,,,,,,,,,,,,,,,,,,,,,
27,,,6989,,,,,,,,1.1036721467971802,,,,,,,,,,,,,,,,,,,,,,,,,,,,,,,,,,,,,
27,,,6994,,,,,,,,1.0991127490997314,,,,,,,,,,,,,,,,,,,,,,,,,,,,,,,,,,,,,
27,,,6999,,,,,,,,1.0920600891113281,,,,,,,,,,,,,,,,,,,,,,,,,,,,,,,,,,,,,
27,,,6999,,,,,,,,,,,0.33595144748687744,0.004219333175569773,0.669921875,1.33984375,54.966796875,0.669921875,271790.65625,0.8379614353179932,0.8379614353179932,,1.0,0.2967796325683594,54.966796875,0.669921875,0.916549801826477,0.04699363559484482,22118.0,0.0018693681340664625,0.002790427068248391,0.40345898270606995,0.6022478342056274,0.005555115174502134,1475.0,0.016779661178588867,0.025047192350029945,0.25430548191070557,0.379604697227478,0.01404012180864811,7373.0,0.004771685227751732,0.007122748997062445,0.32620611786842346,0.48693159222602844,0.01638832315802574,0.00037276724469847977
27,,20.0,6999,266573.5,0.8519664406776428,0.8533263802528381,,1.1089158058166504,0.8533263802528381,1.0,,0.30009180307388306,0.9200000166893005,,,,,,,,,,,,,,,,,,,,,,,,,,,,,,,,,,,
,0.0001218928028121413,,7000,,,,,,,,,,,,,,,,,,,,,,,,,,,,,,,,,,,,,,,,,,,,,
28,,,7000,,,,,,,,1.1159366369247437,,,,,,,,,,,,,,,,,,,,,,,,,,,,,,,,,,,,,
28,,,7001,,,,,,,,1.0814335346221924,,,,,,,,,,,,,,,,,,,,,,,,,,,,,,,,,,,,,
28,,,7002,,,,,,,,1.1102476119995117,,,,,,,,,,,,,,,,,,,,,,,,,,,,,,,,,,,,,
28,,,7003,,,,,,,,1.0908691883087158,,,,,,,,,,,,,,,,,,,,,,,,,,,,,,,,,,,,,
28,,,7004,,,,,,,,1.092141032218933,,,,,,,,,,,,,,,,,,,,,,,,,,,,,,,,,,,,,
28,,,7005,,,,,,,,1.1049754619598389,,,,,,,,,,,,,,,,,,,,,,,,,,,,,,,,,,,,,
28,,,7006,,,,,,,,1.0806196928024292,,,,,,,,,,,,,,,,,,,,,,,,,,,,,,,,,,,,,
28,,,7007,,,,,,,,1.1101341247558594,,,,,,,,,,,,,,,,,,,,,,,,,,,,,,,,,,,,,
28,,,7008,,,,,,,,1.0861228704452515,,,,,,,,,,,,,,,,,,,,,,,,,,,,,,,,,,,,,
28,,,7009,,,,,,,,1.0803477764129639,,,,,,,,,,,,,,,,,,,,,,,,,,,,,,,,,,,,,
28,,,7010,,,,,,,,1.100836992263794,,,,,,,,,,,,,,,,,,,,,,,,,,,,,,,,,,,,,
28,,,7011,,,,,,,,1.1130446195602417,,,,,,,,,,,,,,,,,,,,,,,,,,,,,,,,,,,,,
28,,,7012,,,,,,,,1.0845634937286377,,,,,,,,,,,,,,,,,,,,,,,,,,,,,,,,,,,,,
28,,,7013,,,,,,,,1.1558380126953125,,,,,,,,,,,,,,,,,,,,,,,,,,,,,,,,,,,,,
28,,,7014,,,,,,,,1.0982465744018555,,,,,,,,,,,,,,,,,,,,,,,,,,,,,,,,,,,,,
28,,,7015,,,,,,,,1.1616454124450684,,,,,,,,,,,,,,,,,,,,,,,,,,,,,,,,,,,,,
28,,,7016,,,,,,,,1.0870996713638306,,,,,,,,,,,,,,,,,,,,,,,,,,,,,,,,,,,,,
28,,,7017,,,,,,,,1.0919182300567627,,,,,,,,,,,,,,,,,,,,,,,,,,,,,,,,,,,,,
28,,,7018,,,,,,,,1.091680884361267,,,,,,,,,,,,,,,,,,,,,,,,,,,,,,,,,,,,,
28,,,7019,,,,,,,,1.1937741041183472,,,,,,,,,,,,,,,,,,,,,,,,,,,,,,,,,,,,,
28,,,7020,,,,,,,,1.0937622785568237,,,,,,,,,,,,,,,,,,,,,,,,,,,,,,,,,,,,,
28,,,7021,,,,,,,,1.1303637027740479,,,,,,,,,,,,,,,,,,,,,,,,,,,,,,,,,,,,,
28,,,7022,,,,,,,,1.1094470024108887,,,,,,,,,,,,,,,,,,,,,,,,,,,,,,,,,,,,,
28,,,7023,,,,,,,,1.104872703552246,,,,,,,,,,,,,,,,,,,,,,,,,,,,,,,,,,,,,
28,,,7024,,,,,,,,1.0871856212615967,,,,,,,,,,,,,,,,,,,,,,,,,,,,,,,,,,,,,
28,,,7025,,,,,,,,1.0982688665390015,,,,,,,,,,,,,,,,,,,,,,,,,,,,,,,,,,,,,
28,,,7026,,,,,,,,1.1098886728286743,,,,,,,,,,,,,,,,,,,,,,,,,,,,,,,,,,,,,
28,,,7027,,,,,,,,1.1204631328582764,,,,,,,,,,,,,,,,,,,,,,,,,,,,,,,,,,,,,
28,,,7028,,,,,,,,1.1204538345336914,,,,,,,,,,,,,,,,,,,,,,,,,,,,,,,,,,,,,
28,,,7029,,,,,,,,1.0894505977630615,,,,,,,,,,,,,,,,,,,,,,,,,,,,,,,,,,,,,
28,,,7030,,,,,,,,1.1001288890838623,,,,,,,,,,,,,,,,,,,,,,,,,,,,,,,,,,,,,
28,,,7031,,,,,,,,1.0802713632583618,,,,,,,,,,,,,,,,,,,,,,,,,,,,,,,,,,,,,
28,,,7032,,,,,,,,1.0852969884872437,,,,,,,,,,,,,,,,,,,,,,,,,,,,,,,,,,,,,
28,,,7033,,,,,,,,1.0803136825561523,,,,,,,,,,,,,,,,,,,,,,,,,,,,,,,,,,,,,
28,,,7034,,,,,,,,1.2152472734451294,,,,,,,,,,,,,,,,,,,,,,,,,,,,,,,,,,,,,
28,,,7035,,,,,,,,1.113222599029541,,,,,,,,,,,,,,,,,,,,,,,,,,,,,,,,,,,,,
28,,,7036,,,,,,,,1.0987913608551025,,,,,,,,,,,,,,,,,,,,,,,,,,,,,,,,,,,,,
28,,,7037,,,,,,,,1.0982309579849243,,,,,,,,,,,,,,,,,,,,,,,,,,,,,,,,,,,,,
28,,,7038,,,,,,,,1.1126735210418701,,,,,,,,,,,,,,,,,,,,,,,,,,,,,,,,,,,,,
28,,,7039,,,,,,,,1.0986618995666504,,,,,,,,,,,,,,,,,,,,,,,,,,,,,,,,,,,,,
28,,,7040,,,,,,,,1.0882741212844849,,,,,,,,,,,,,,,,,,,,,,,,,,,,,,,,,,,,,
28,,,7041,,,,,,,,1.1235090494155884,,,,,,,,,,,,,,,,,,,,,,,,,,,,,,,,,,,,,
28,,,7042,,,,,,,,1.1108887195587158,,,,,,,,,,,,,,,,,,,,,,,,,,,,,,,,,,,,,
28,,,7043,,,,,,,,1.0872046947479248,,,,,,,,,,,,,,,,,,,,,,,,,,,,,,,,,,,,,
28,,,7044,,,,,,,,1.1190036535263062,,,,,,,,,,,,,,,,,,,,,,,,,,,,,,,,,,,,,
28,,,7045,,,,,,,,1.1271507740020752,,,,,,,,,,,,,,,,,,,,,,,,,,,,,,,,,,,,,
28,,,7046,,,,,,,,1.0827101469039917,,,,,,,,,,,,,,,,,,,,,,,,,,,,,,,,,,,,,
28,,,7047,,,,,,,,1.1169977188110352,,,,,,,,,,,,,,,,,,,,,,,,,,,,,,,,,,,,,
28,,,7048,,,,,,,,1.1110180616378784,,,,,,,,,,,,,,,,,,,,,,,,,,,,,,,,,,,,,
28,,,7049,,,,,,,,1.0860588550567627,,,,,,,,,,,,,,,,,,,,,,,,,,,,,,,,,,,,,
28,,,7050,,,,,,,,1.092525839805603,,,,,,,,,,,,,,,,,,,,,,,,,,,,,,,,,,,,,
28,,,7051,,,,,,,,1.135921597480774,,,,,,,,,,,,,,,,,,,,,,,,,,,,,,,,,,,,,
28,,,7052,,,,,,,,1.3162670135498047,,,,,,,,,,,,,,,,,,,,,,,,,,,,,,,,,,,,,
28,,,7053,,,,,,,,1.0861247777938843,,,,,,,,,,,,,,,,,,,,,,,,,,,,,,,,,,,,,
28,,,7054,,,,,,,,1.0868221521377563,,,,,,,,,,,,,,,,,,,,,,,,,,,,,,,,,,,,,
28,,,7055,,,,,,,,1.1048778295516968,,,,,,,,,,,,,,,,,,,,,,,,,,,,,,,,,,,,,
28,,,7056,,,,,,,,1.1183241605758667,,,,,,,,,,,,,,,,,,,,,,,,,,,,,,,,,,,,,
28,,,7057,,,,,,,,1.1108906269073486,,,,,,,,,,,,,,,,,,,,,,,,,,,,,,,,,,,,,
28,,,7058,,,,,,,,1.1050604581832886,,,,,,,,,,,,,,,,,,,,,,,,,,,,,,,,,,,,,
28,,,7059,,,,,,,,1.0900217294692993,,,,,,,,,,,,,,,,,,,,,,,,,,,,,,,,,,,,,
28,,,7060,,,,,,,,1.089455008506775,,,,,,,,,,,,,,,,,,,,,,,,,,,,,,,,,,,,,
28,,,7061,,,,,,,,1.0994832515716553,,,,,,,,,,,,,,,,,,,,,,,,,,,,,,,,,,,,,
28,,,7062,,,,,,,,1.0887051820755005,,,,,,,,,,,,,,,,,,,,,,,,,,,,,,,,,,,,,
28,,,7063,,,,,,,,1.0971640348434448,,,,,,,,,,,,,,,,,,,,,,,,,,,,,,,,,,,,,
28,,,7064,,,,,,,,1.083587646484375,,,,,,,,,,,,,,,,,,,,,,,,,,,,,,,,,,,,,
28,,,7065,,,,,,,,1.092381477355957,,,,,,,,,,,,,,,,,,,,,,,,,,,,,,,,,,,,,
28,,,7066,,,,,,,,1.0927835702896118,,,,,,,,,,,,,,,,,,,,,,,,,,,,,,,,,,,,,
28,,,7067,,,,,,,,1.0990495681762695,,,,,,,,,,,,,,,,,,,,,,,,,,,,,,,,,,,,,
28,,,7068,,,,,,,,1.1310094594955444,,,,,,,,,,,,,,,,,,,,,,,,,,,,,,,,,,,,,
28,,,7069,,,,,,,,1.1076759099960327,,,,,,,,,,,,,,,,,,,,,,,,,,,,,,,,,,,,,
28,,,7070,,,,,,,,1.170911192893982,,,,,,,,,,,,,,,,,,,,,,,,,,,,,,,,,,,,,
28,,,7071,,,,,,,,1.0858407020568848,,,,,,,,,,,,,,,,,,,,,,,,,,,,,,,,,,,,,
28,,,7072,,,,,,,,1.118121862411499,,,,,,,,,,,,,,,,,,,,,,,,,,,,,,,,,,,,,
28,,,7073,,,,,,,,1.0822361707687378,,,,,,,,,,,,,,,,,,,,,,,,,,,,,,,,,,,,,
28,,,7074,,,,,,,,1.0813173055648804,,,,,,,,,,,,,,,,,,,,,,,,,,,,,,,,,,,,,
28,,,7075,,,,,,,,1.2116409540176392,,,,,,,,,,,,,,,,,,,,,,,,,,,,,,,,,,,,,
28,,,7076,,,,,,,,1.097976565361023,,,,,,,,,,,,,,,,,,,,,,,,,,,,,,,,,,,,,
28,,,7077,,,,,,,,1.1274714469909668,,,,,,,,,,,,,,,,,,,,,,,,,,,,,,,,,,,,,
28,,,7078,,,,,,,,1.1371300220489502,,,,,,,,,,,,,,,,,,,,,,,,,,,,,,,,,,,,,
28,,,7079,,,,,,,,1.1662589311599731,,,,,,,,,,,,,,,,,,,,,,,,,,,,,,,,,,,,,
28,,,7080,,,,,,,,1.0952216386795044,,,,,,,,,,,,,,,,,,,,,,,,,,,,,,,,,,,,,
28,,,7081,,,,,,,,1.080337643623352,,,,,,,,,,,,,,,,,,,,,,,,,,,,,,,,,,,,,
28,,,7082,,,,,,,,1.106162667274475,,,,,,,,,,,,,,,,,,,,,,,,,,,,,,,,,,,,,
28,,,7083,,,,,,,,1.0866016149520874,,,,,,,,,,,,,,,,,,,,,,,,,,,,,,,,,,,,,
28,,,7084,,,,,,,,1.1051713228225708,,,,,,,,,,,,,,,,,,,,,,,,,,,,,,,,,,,,,
28,,,7085,,,,,,,,1.0919421911239624,,,,,,,,,,,,,,,,,,,,,,,,,,,,,,,,,,,,,
28,,,7086,,,,,,,,1.090160608291626,,,,,,,,,,,,,,,,,,,,,,,,,,,,,,,,,,,,,
28,,,7087,,,,,,,,1.080216884613037,,,,,,,,,,,,,,,,,,,,,,,,,,,,,,,,,,,,,
28,,,7088,,,,,,,,1.1039860248565674,,,,,,,,,,,,,,,,,,,,,,,,,,,,,,,,,,,,,
28,,,7089,,,,,,,,1.0962612628936768,,,,,,,,,,,,,,,,,,,,,,,,,,,,,,,,,,,,,
28,,,7090,,,,,,,,1.1083793640136719,,,,,,,,,,,,,,,,,,,,,,,,,,,,,,,,,,,,,
28,,,7091,,,,,,,,1.0929635763168335,,,,,,,,,,,,,,,,,,,,,,,,,,,,,,,,,,,,,
28,,,7092,,,,,,,,1.1431076526641846,,,,,,,,,,,,,,,,,,,,,,,,,,,,,,,,,,,,,
28,,,7093,,,,,,,,1.109297275543213,,,,,,,,,,,,,,,,,,,,,,,,,,,,,,,,,,,,,
28,,,7094,,,,,,,,1.096308708190918,,,,,,,,,,,,,,,,,,,,,,,,,,,,,,,,,,,,,
28,,,7095,,,,,,,,1.1082794666290283,,,,,,,,,,,,,,,,,,,,,,,,,,,,,,,,,,,,,
28,,,7096,,,,,,,,1.0812722444534302,,,,,,,,,,,,,,,,,,,,,,,,,,,,,,,,,,,,,
28,,,7097,,,,,,,,1.1178942918777466,,,,,,,,,,,,,,,,,,,,,,,,,,,,,,,,,,,,,
28,,,7098,,,,,,,,1.0894215106964111,,,,,,,,,,,,,,,,,,,,,,,,,,,,,,,,,,,,,
28,,,7099,,,,,,,,1.092641830444336,,,,,,,,,,,,,,,,,,,,,,,,,,,,,,,,,,,,,
28,,,7100,,,,,,,,1.093167781829834,,,,,,,,,,,,,,,,,,,,,,,,,,,,,,,,,,,,,
28,,,7101,,,,,,,,1.0857151746749878,,,,,,,,,,,,,,,,,,,,,,,,,,,,,,,,,,,,,
28,,,7102,,,,,,,,1.1402086019515991,,,,,,,,,,,,,,,,,,,,,,,,,,,,,,,,,,,,,
28,,,7103,,,,,,,,1.0880701541900635,,,,,,,,,,,,,,,,,,,,,,,,,,,,,,,,,,,,,
28,,,7104,,,,,,,,1.101386547088623,,,,,,,,,,,,,,,,,,,,,,,,,,,,,,,,,,,,,
28,,,7105,,,,,,,,1.0833323001861572,,,,,,,,,,,,,,,,,,,,,,,,,,,,,,,,,,,,,
28,,,7106,,,,,,,,1.0987164974212646,,,,,,,,,,,,,,,,,,,,,,,,,,,,,,,,,,,,,
28,,,7107,,,,,,,,1.152022361755371,,,,,,,,,,,,,,,,,,,,,,,,,,,,,,,,,,,,,
28,,,7108,,,,,,,,1.1217870712280273,,,,,,,,,,,,,,,,,,,,,,,,,,,,,,,,,,,,,
28,,,7109,,,,,,,,1.0898768901824951,,,,,,,,,,,,,,,,,,,,,,,,,,,,,,,,,,,,,
28,,,7110,,,,,,,,1.1161738634109497,,,,,,,,,,,,,,,,,,,,,,,,,,,,,,,,,,,,,
28,,,7111,,,,,,,,1.1852905750274658,,,,,,,,,,,,,,,,,,,,,,,,,,,,,,,,,,,,,
28,,,7112,,,,,,,,1.096081018447876,,,,,,,,,,,,,,,,,,,,,,,,,,,,,,,,,,,,,
28,,,7113,,,,,,,,1.114723801612854,,,,,,,,,,,,,,,,,,,,,,,,,,,,,,,,,,,,,
28,,,7114,,,,,,,,1.080142855644226,,,,,,,,,,,,,,,,,,,,,,,,,,,,,,,,,,,,,
28,,,7115,,,,,,,,1.1472077369689941,,,,,,,,,,,,,,,,,,,,,,,,,,,,,,,,,,,,,
28,,,7116,,,,,,,,1.0887869596481323,,,,,,,,,,,,,,,,,,,,,,,,,,,,,,,,,,,,,
28,,,7117,,,,,,,,1.0887460708618164,,,,,,,,,,,,,,,,,,,,,,,,,,,,,,,,,,,,,
28,,,7118,,,,,,,,1.0925586223602295,,,,,,,,,,,,,,,,,,,,,,,,,,,,,,,,,,,,,
28,,,7119,,,,,,,,1.0808110237121582,,,,,,,,,,,,,,,,,,,,,,,,,,,,,,,,,,,,,
28,,,7120,,,,,,,,1.0957409143447876,,,,,,,,,,,,,,,,,,,,,,,,,,,,,,,,,,,,,
28,,,7121,,,,,,,,1.1033315658569336,,,,,,,,,,,,,,,,,,,,,,,,,,,,,,,,,,,,,
28,,,7122,,,,,,,,1.0818579196929932,,,,,,,,,,,,,,,,,,,,,,,,,,,,,,,,,,,,,
28,,,7123,,,,,,,,1.089782476425171,,,,,,,,,,,,,,,,,,,,,,,,,,,,,,,,,,,,,
28,,,7124,,,,,,,,1.1590911149978638,,,,,,,,,,,,,,,,,,,,,,,,,,,,,,,,,,,,,
28,,,7125,,,,,,,,1.0886867046356201,,,,,,,,,,,,,,,,,,,,,,,,,,,,,,,,,,,,,
28,,,7126,,,,,,,,1.1124842166900635,,,,,,,,,,,,,,,,,,,,,,,,,,,,,,,,,,,,,
28,,,7127,,,,,,,,1.1051325798034668,,,,,,,,,,,,,,,,,,,,,,,,,,,,,,,,,,,,,
28,,,7128,,,,,,,,1.1091508865356445,,,,,,,,,,,,,,,,,,,,,,,,,,,,,,,,,,,,,
28,,,7129,,,,,,,,1.0923802852630615,,,,,,,,,,,,,,,,,,,,,,,,,,,,,,,,,,,,,
28,,,7130,,,,,,,,1.0825740098953247,,,,,,,,,,,,,,,,,,,,,,,,,,,,,,,,,,,,,
28,,,7131,,,,,,,,1.1062546968460083,,,,,,,,,,,,,,,,,,,,,,,,,,,,,,,,,,,,,
28,,,7132,,,,,,,,1.1357994079589844,,,,,,,,,,,,,,,,,,,,,,,,,,,,,,,,,,,,,
28,,,7133,,,,,,,,1.1162749528884888,,,,,,,,,,,,,,,,,,,,,,,,,,,,,,,,,,,,,
28,,,7134,,,,,,,,1.1191837787628174,,,,,,,,,,,,,,,,,,,,,,,,,,,,,,,,,,,,,
28,,,7135,,,,,,,,1.1120781898498535,,,,,,,,,,,,,,,,,,,,,,,,,,,,,,,,,,,,,
28,,,7136,,,,,,,,1.1417956352233887,,,,,,,,,,,,,,,,,,,,,,,,,,,,,,,,,,,,,
28,,,7137,,,,,,,,1.156961441040039,,,,,,,,,,,,,,,,,,,,,,,,,,,,,,,,,,,,,
28,,,7138,,,,,,,,1.0851881504058838,,,,,,,,,,,,,,,,,,,,,,,,,,,,,,,,,,,,,
28,,,7139,,,,,,,,1.1070939302444458,,,,,,,,,,,,,,,,,,,,,,,,,,,,,,,,,,,,,
28,,,7140,,,,,,,,1.104074478149414,,,,,,,,,,,,,,,,,,,,,,,,,,,,,,,,,,,,,
28,,,7141,,,,,,,,1.119325876235962,,,,,,,,,,,,,,,,,,,,,,,,,,,,,,,,,,,,,
28,,,7142,,,,,,,,1.0809547901153564,,,,,,,,,,,,,,,,,,,,,,,,,,,,,,,,,,,,,
28,,,7143,,,,,,,,1.083613634109497,,,,,,,,,,,,,,,,,,,,,,,,,,,,,,,,,,,,,
28,,,7144,,,,,,,,1.083722472190857,,,,,,,,,,,,,,,,,,,,,,,,,,,,,,,,,,,,,
28,,,7145,,,,,,,,1.1290502548217773,,,,,,,,,,,,,,,,,,,,,,,,,,,,,,,,,,,,,
28,,,7146,,,,,,,,1.0888030529022217,,,,,,,,,,,,,,,,,,,,,,,,,,,,,,,,,,,,,
28,,,7147,,,,,,,,1.0851868391036987,,,,,,,,,,,,,,,,,,,,,,,,,,,,,,,,,,,,,
28,,,7148,,,,,,,,1.0802873373031616,,,,,,,,,,,,,,,,,,,,,,,,,,,,,,,,,,,,,
28,,,7149,,,,,,,,1.109739899635315,,,,,,,,,,,,,,,,,,,,,,,,,,,,,,,,,,,,,
28,,,7150,,,,,,,,1.0883251428604126,,,,,,,,,,,,,,,,,,,,,,,,,,,,,,,,,,,,,
28,,,7151,,,,,,,,1.0995357036590576,,,,,,,,,,,,,,,,,,,,,,,,,,,,,,,,,,,,,
28,,,7152,,,,,,,,1.089417576789856,,,,,,,,,,,,,,,,,,,,,,,,,,,,,,,,,,,,,
28,,,7153,,,,,,,,1.1034220457077026,,,,,,,,,,,,,,,,,,,,,,,,,,,,,,,,,,,,,
28,,,7154,,,,,,,,1.0951656103134155,,,,,,,,,,,,,,,,,,,,,,,,,,,,,,,,,,,,,
28,,,7155,,,,,,,,1.1143555641174316,,,,,,,,,,,,,,,,,,,,,,,,,,,,,,,,,,,,,
28,,,7156,,,,,,,,1.0873196125030518,,,,,,,,,,,,,,,,,,,,,,,,,,,,,,,,,,,,,
28,,,7157,,,,,,,,1.0903632640838623,,,,,,,,,,,,,,,,,,,,,,,,,,,,,,,,,,,,,
28,,,7158,,,,,,,,1.1057260036468506,,,,,,,,,,,,,,,,,,,,,,,,,,,,,,,,,,,,,
28,,,7159,,,,,,,,1.0896327495574951,,,,,,,,,,,,,,,,,,,,,,,,,,,,,,,,,,,,,
28,,,7160,,,,,,,,1.0855339765548706,,,,,,,,,,,,,,,,,,,,,,,,,,,,,,,,,,,,,
28,,,7161,,,,,,,,1.1011899709701538,,,,,,,,,,,,,,,,,,,,,,,,,,,,,,,,,,,,,
28,,,7162,,,,,,,,1.0944197177886963,,,,,,,,,,,,,,,,,,,,,,,,,,,,,,,,,,,,,
28,,,7163,,,,,,,,1.0893712043762207,,,,,,,,,,,,,,,,,,,,,,,,,,,,,,,,,,,,,
28,,,7164,,,,,,,,1.0800960063934326,,,,,,,,,,,,,,,,,,,,,,,,,,,,,,,,,,,,,
28,,,7165,,,,,,,,1.0940756797790527,,,,,,,,,,,,,,,,,,,,,,,,,,,,,,,,,,,,,
28,,,7166,,,,,,,,1.1420916318893433,,,,,,,,,,,,,,,,,,,,,,,,,,,,,,,,,,,,,
28,,,7167,,,,,,,,1.1005948781967163,,,,,,,,,,,,,,,,,,,,,,,,,,,,,,,,,,,,,
28,,,7168,,,,,,,,1.0984076261520386,,,,,,,,,,,,,,,,,,,,,,,,,,,,,,,,,,,,,
28,,,7169,,,,,,,,1.088560700416565,,,,,,,,,,,,,,,,,,,,,,,,,,,,,,,,,,,,,
28,,,7170,,,,,,,,1.1100558042526245,,,,,,,,,,,,,,,,,,,,,,,,,,,,,,,,,,,,,
28,,,7171,,,,,,,,1.1075825691223145,,,,,,,,,,,,,,,,,,,,,,,,,,,,,,,,,,,,,
28,,,7172,,,,,,,,1.0988709926605225,,,,,,,,,,,,,,,,,,,,,,,,,,,,,,,,,,,,,
28,,,7173,,,,,,,,1.0987905263900757,,,,,,,,,,,,,,,,,,,,,,,,,,,,,,,,,,,,,
28,,,7174,,,,,,,,1.080725908279419,,,,,,,,,,,,,,,,,,,,,,,,,,,,,,,,,,,,,
28,,,7175,,,,,,,,1.097110390663147,,,,,,,,,,,,,,,,,,,,,,,,,,,,,,,,,,,,,
28,,,7176,,,,,,,,1.185370683670044,,,,,,,,,,,,,,,,,,,,,,,,,,,,,,,,,,,,,
28,,,7177,,,,,,,,1.0803749561309814,,,,,,,,,,,,,,,,,,,,,,,,,,,,,,,,,,,,,
28,,,7178,,,,,,,,1.1794759035110474,,,,,,,,,,,,,,,,,,,,,,,,,,,,,,,,,,,,,
28,,,7179,,,,,,,,1.1847550868988037,,,,,,,,,,,,,,,,,,,,,,,,,,,,,,,,,,,,,
28,,,7180,,,,,,,,1.115906000137329,,,,,,,,,,,,,,,,,,,,,,,,,,,,,,,,,,,,,
28,,,7181,,,,,,,,1.1136118173599243,,,,,,,,,,,,,,,,,,,,,,,,,,,,,,,,,,,,,
28,,,7182,,,,,,,,1.103708028793335,,,,,,,,,,,,,,,,,,,,,,,,,,,,,,,,,,,,,
28,,,7183,,,,,,,,1.0914270877838135,,,,,,,,,,,,,,,,,,,,,,,,,,,,,,,,,,,,,
28,,,7184,,,,,,,,1.120384931564331,,,,,,,,,,,,,,,,,,,,,,,,,,,,,,,,,,,,,
28,,,7185,,,,,,,,1.0883265733718872,,,,,,,,,,,,,,,,,,,,,,,,,,,,,,,,,,,,,
28,,,7186,,,,,,,,1.1050751209259033,,,,,,,,,,,,,,,,,,,,,,,,,,,,,,,,,,,,,
28,,,7187,,,,,,,,1.1489826440811157,,,,,,,,,,,,,,,,,,,,,,,,,,,,,,,,,,,,,
28,,,7188,,,,,,,,1.2039721012115479,,,,,,,,,,,,,,,,,,,,,,,,,,,,,,,,,,,,,
28,,,7189,,,,,,,,1.108655571937561,,,,,,,,,,,,,,,,,,,,,,,,,,,,,,,,,,,,,
28,,,7190,,,,,,,,1.1387180089950562,,,,,,,,,,,,,,,,,,,,,,,,,,,,,,,,,,,,,
28,,,7191,,,,,,,,1.0836176872253418,,,,,,,,,,,,,,,,,,,,,,,,,,,,,,,,,,,,,
28,,,7192,,,,,,,,1.0872933864593506,,,,,,,,,,,,,,,,,,,,,,,,,,,,,,,,,,,,,
28,,,7193,,,,,,,,1.1012035608291626,,,,,,,,,,,,,,,,,,,,,,,,,,,,,,,,,,,,,
28,,,7194,,,,,,,,1.1390175819396973,,,,,,,,,,,,,,,,,,,,,,,,,,,,,,,,,,,,,
28,,,7195,,,,,,,,1.1059389114379883,,,,,,,,,,,,,,,,,,,,,,,,,,,,,,,,,,,,,
28,,,7196,,,,,,,,1.1148593425750732,,,,,,,,,,,,,,,,,,,,,,,,,,,,,,,,,,,,,
28,,,7197,,,,,,,,1.0847185850143433,,,,,,,,,,,,,,,,,,,,,,,,,,,,,,,,,,,,,
28,,,7198,,,,,,,,1.0866973400115967,,,,,,,,,,,,,,,,,,,,,,,,,,,,,,,,,,,,,
28,,,7199,,,,,,,,1.0843415260314941,,,,,,,,,,,,,,,,,,,,,,,,,,,,,,,,,,,,,
28,,,7200,,,,,,,,1.1210875511169434,,,,,,,,,,,,,,,,,,,,,,,,,,,,,,,,,,,,,
28,,,7201,,,,,,,,1.100667119026184,,,,,,,,,,,,,,,,,,,,,,,,,,,,,,,,,,,,,
28,,,7202,,,,,,,,1.0912117958068848,,,,,,,,,,,,,,,,,,,,,,,,,,,,,,,,,,,,,
28,,,7203,,,,,,,,1.1130036115646362,,,,,,,,,,,,,,,,,,,,,,,,,,,,,,,,,,,,,
28,,,7204,,,,,,,,1.088459849357605,,,,,,,,,,,,,,,,,,,,,,,,,,,,,,,,,,,,,
28,,,7205,,,,,,,,1.1059339046478271,,,,,,,,,,,,,,,,,,,,,,,,,,,,,,,,,,,,,
28,,,7206,,,,,,,,1.0855615139007568,,,,,,,,,,,,,,,,,,,,,,,,,,,,,,,,,,,,,
28,,,7207,,,,,,,,1.0870997905731201,,,,,,,,,,,,,,,,,,,,,,,,,,,,,,,,,,,,,
28,,,7208,,,,,,,,1.093337059020996,,,,,,,,,,,,,,,,,,,,,,,,,,,,,,,,,,,,,
28,,,7209,,,,,,,,1.0840703248977661,,,,,,,,,,,,,,,,,,,,,,,,,,,,,,,,,,,,,
28,,,7210,,,,,,,,1.110180377960205,,,,,,,,,,,,,,,,,,,,,,,,,,,,,,,,,,,,,
28,,,7211,,,,,,,,1.1045619249343872,,,,,,,,,,,,,,,,,,,,,,,,,,,,,,,,,,,,,
28,,,7212,,,,,,,,1.0868167877197266,,,,,,,,,,,,,,,,,,,,,,,,,,,,,,,,,,,,,
28,,,7213,,,,,,,,1.0922080278396606,,,,,,,,,,,,,,,,,,,,,,,,,,,,,,,,,,,,,
28,,,7214,,,,,,,,1.0805721282958984,,,,,,,,,,,,,,,,,,,,,,,,,,,,,,,,,,,,,
28,,,7215,,,,,,,,1.0896673202514648,,,,,,,,,,,,,,,,,,,,,,,,,,,,,,,,,,,,,
28,,,7216,,,,,,,,1.081088662147522,,,,,,,,,,,,,,,,,,,,,,,,,,,,,,,,,,,,,
28,,,7217,,,,,,,,1.1258666515350342,,,,,,,,,,,,,,,,,,,,,,,,,,,,,,,,,,,,,
28,,,7218,,,,,,,,1.2310752868652344,,,,,,,,,,,,,,,,,,,,,,,,,,,,,,,,,,,,,
28,,,7219,,,,,,,,1.0807818174362183,,,,,,,,,,,,,,,,,,,,,,,,,,,,,,,,,,,,,
28,,,7220,,,,,,,,1.0939226150512695,,,,,,,,,,,,,,,,,,,,,,,,,,,,,,,,,,,,,
28,,,7221,,,,,,,,1.0813846588134766,,,,,,,,,,,,,,,,,,,,,,,,,,,,,,,,,,,,,
28,,,7222,,,,,,,,1.0828969478607178,,,,,,,,,,,,,,,,,,,,,,,,,,,,,,,,,,,,,
28,,,7223,,,,,,,,1.1598237752914429,,,,,,,,,,,,,,,,,,,,,,,,,,,,,,,,,,,,,
28,,,7224,,,,,,,,1.0898126363754272,,,,,,,,,,,,,,,,,,,,,,,,,,,,,,,,,,,,,
28,,,7225,,,,,,,,1.1282060146331787,,,,,,,,,,,,,,,,,,,,,,,,,,,,,,,,,,,,,
28,,,7226,,,,,,,,1.1890240907669067,,,,,,,,,,,,,,,,,,,,,,,,,,,,,,,,,,,,,
28,,,7227,,,,,,,,1.1103899478912354,,,,,,,,,,,,,,,,,,,,,,,,,,,,,,,,,,,,,
28,,,7228,,,,,,,,1.081020712852478,,,,,,,,,,,,,,,,,,,,,,,,,,,,,,,,,,,,,
28,,,7229,,,,,,,,1.0932624340057373,,,,,,,,,,,,,,,,,,,,,,,,,,,,,,,,,,,,,
28,,,7230,,,,,,,,1.0812901258468628,,,,,,,,,,,,,,,,,,,,,,,,,,,,,,,,,,,,,
28,,,7231,,,,,,,,1.1612470149993896,,,,,,,,,,,,,,,,,,,,,,,,,,,,,,,,,,,,,
28,,,7232,,,,,,,,1.0804576873779297,,,,,,,,,,,,,,,,,,,,,,,,,,,,,,,,,,,,,
28,,,7233,,,,,,,,1.0819315910339355,,,,,,,,,,,,,,,,,,,,,,,,,,,,,,,,,,,,,
28,,,7234,,,,,,,,1.103047251701355,,,,,,,,,,,,,,,,,,,,,,,,,,,,,,,,,,,,,
28,,,7235,,,,,,,,1.088403344154358,,,,,,,,,,,,,,,,,,,,,,,,,,,,,,,,,,,,,
28,,,7236,,,,,,,,1.0954052209854126,,,,,,,,,,,,,,,,,,,,,,,,,,,,,,,,,,,,,
28,,,7237,,,,,,,,1.1097931861877441,,,,,,,,,,,,,,,,,,,,,,,,,,,,,,,,,,,,,
28,,,7238,,,,,,,,1.0981218814849854,,,,,,,,,,,,,,,,,,,,,,,,,,,,,,,,,,,,,
28,,,7239,,,,,,,,1.0932230949401855,,,,,,,,,,,,,,,,,,,,,,,,,,,,,,,,,,,,,
28,,,7240,,,,,,,,1.1114437580108643,,,,,,,,,,,,,,,,,,,,,,,,,,,,,,,,,,,,,
28,,,7241,,,,,,,,1.1367074251174927,,,,,,,,,,,,,,,,,,,,,,,,,,,,,,,,,,,,,
28,,,7242,,,,,,,,1.1060960292816162,,,,,,,,,,,,,,,,,,,,,,,,,,,,,,,,,,,,,
28,,,7243,,,,,,,,1.1042734384536743,,,,,,,,,,,,,,,,,,,,,,,,,,,,,,,,,,,,,
28,,,7244,,,,,,,,1.0998189449310303,,,,,,,,,,,,,,,,,,,,,,,,,,,,,,,,,,,,,
28,,,7245,,,,,,,,1.0961918830871582,,,,,,,,,,,,,,,,,,,,,,,,,,,,,,,,,,,,,
28,,,7246,,,,,,,,1.1099443435668945,,,,,,,,,,,,,,,,,,,,,,,,,,,,,,,,,,,,,
28,,,7247,,,,,,,,1.0838556289672852,,,,,,,,,,,,,,,,,,,,,,,,,,,,,,,,,,,,,
28,,,7248,,,,,,,,1.0838109254837036,,,,,,,,,,,,,,,,,,,,,,,,,,,,,,,,,,,,,
28,,,7249,,,,,,,,1.120072603225708,,,,,,,,,,,,,,,,,,,,,,,,,,,,,,,,,,,,,
28,,,7249,,,,,,,,,,,0.3372785151004791,0.005007257219403982,0.669921875,1.33984375,54.966796875,0.669921875,271790.65625,0.8378329277038574,0.8378329277038574,,1.0,0.2941856384277344,54.966796875,0.669921875,0.9435746669769287,0.047292329370975494,22118.0,0.001880141906440258,0.002806509379297495,0.40567636489868164,0.6055577397346497,0.005587125197052956,1475.0,0.01686970144510269,0.025181595236063004,0.2597992718219757,0.38780534267425537,0.014113593846559525,7373.0,0.004795657936483622,0.007158533204346895,0.3326433598995209,0.49654054641723633,0.01648610830307007,0.00037276724469847977
28,,20.0,7249,265924.78125,0.8513974547386169,0.8532876968383789,,1.1087068319320679,0.8532876968383789,1.0,,0.29960742592811584,0.906000018119812,,,,,,,,,,,,,,,,,,,,,,,,,,,,,,,,,,,
,0.00011269651692527177,,7250,,,,,,,,,,,,,,,,,,,,,,,,,,,,,,,,,,,,,,,,,,,,,
29,,,7250,,,,,,,,1.088703989982605,,,,,,,,,,,,,,,,,,,,,,,,,,,,,,,,,,,,,
29,,,7251,,,,,,,,1.0871163606643677,,,,,,,,,,,,,,,,,,,,,,,,,,,,,,,,,,,,,
29,,,7252,,,,,,,,1.090545654296875,,,,,,,,,,,,,,,,,,,,,,,,,,,,,,,,,,,,,
29,,,7253,,,,,,,,1.1019036769866943,,,,,,,,,,,,,,,,,,,,,,,,,,,,,,,,,,,,,
29,,,7254,,,,,,,,1.0917152166366577,,,,,,,,,,,,,,,,,,,,,,,,,,,,,,,,,,,,,
29,,,7255,,,,,,,,1.1107027530670166,,,,,,,,,,,,,,,,,,,,,,,,,,,,,,,,,,,,,
29,,,7256,,,,,,,,1.1240832805633545,,,,,,,,,,,,,,,,,,,,,,,,,,,,,,,,,,,,,
29,,,7257,,,,,,,,1.1515655517578125,,,,,,,,,,,,,,,,,,,,,,,,,,,,,,,,,,,,,
29,,,7258,,,,,,,,1.1019008159637451,,,,,,,,,,,,,,,,,,,,,,,,,,,,,,,,,,,,,
29,,,7259,,,,,,,,1.0941901206970215,,,,,,,,,,,,,,,,,,,,,,,,,,,,,,,,,,,,,
29,,,7260,,,,,,,,1.0909196138381958,,,,,,,,,,,,,,,,,,,,,,,,,,,,,,,,,,,,,
29,,,7261,,,,,,,,1.0813286304473877,,,,,,,,,,,,,,,,,,,,,,,,,,,,,,,,,,,,,
29,,,7262,,,,,,,,1.159704327583313,,,,,,,,,,,,,,,,,,,,,,,,,,,,,,,,,,,,,
29,,,7263,,,,,,,,1.0995923280715942,,,,,,,,,,,,,,,,,,,,,,,,,,,,,,,,,,,,,
29,,,7264,,,,,,,,1.0987015962600708,,,,,,,,,,,,,,,,,,,,,,,,,,,,,,,,,,,,,
29,,,7265,,,,,,,,1.0859266519546509,,,,,,,,,,,,,,,,,,,,,,,,,,,,,,,,,,,,,
29,,,7266,,,,,,,,1.1174558401107788,,,,,,,,,,,,,,,,,,,,,,,,,,,,,,,,,,,,,
29,,,7267,,,,,,,,1.0855008363723755,,,,,,,,,,,,,,,,,,,,,,,,,,,,,,,,,,,,,
29,,,7268,,,,,,,,1.085452675819397,,,,,,,,,,,,,,,,,,,,,,,,,,,,,,,,,,,,,
29,,,7269,,,,,,,,1.1812634468078613,,,,,,,,,,,,,,,,,,,,,,,,,,,,,,,,,,,,,
29,,,7270,,,,,,,,1.1128036975860596,,,,,,,,,,,,,,,,,,,,,,,,,,,,,,,,,,,,,
29,,,7271,,,,,,,,1.15675950050354,,,,,,,,,,,,,,,,,,,,,,,,,,,,,,,,,,,,,
29,,,7272,,,,,,,,1.0869184732437134,,,,,,,,,,,,,,,,,,,,,,,,,,,,,,,,,,,,,
29,,,7273,,,,,,,,1.092549204826355,,,,,,,,,,,,,,,,,,,,,,,,,,,,,,,,,,,,,
29,,,7274,,,,,,,,1.0974748134613037,,,,,,,,,,,,,,,,,,,,,,,,,,,,,,,,,,,,,
29,,,7275,,,,,,,,1.1159240007400513,,,,,,,,,,,,,,,,,,,,,,,,,,,,,,,,,,,,,
29,,,7276,,,,,,,,1.098307728767395,,,,,,,,,,,,,,,,,,,,,,,,,,,,,,,,,,,,,
29,,,7277,,,,,,,,1.0996263027191162,,,,,,,,,,,,,,,,,,,,,,,,,,,,,,,,,,,,,
29,,,7278,,,,,,,,1.2144862413406372,,,,,,,,,,,,,,,,,,,,,,,,,,,,,,,,,,,,,
29,,,7279,,,,,,,,1.0863481760025024,,,,,,,,,,,,,,,,,,,,,,,,,,,,,,,,,,,,,
29,,,7280,,,,,,,,1.0962510108947754,,,,,,,,,,,,,,,,,,,,,,,,,,,,,,,,,,,,,
29,,,7281,,,,,,,,1.0957913398742676,,,,,,,,,,,,,,,,,,,,,,,,,,,,,,,,,,,,,
29,,,7282,,,,,,,,1.0985562801361084,,,,,,,,,,,,,,,,,,,,,,,,,,,,,,,,,,,,,
29,,,7283,,,,,,,,1.0837030410766602,,,,,,,,,,,,,,,,,,,,,,,,,,,,,,,,,,,,,
29,,,7284,,,,,,,,1.0881977081298828,,,,,,,,,,,,,,,,,,,,,,,,,,,,,,,,,,,,,
29,,,7285,,,,,,,,1.1995548009872437,,,,,,,,,,,,,,,,,,,,,,,,,,,,,,,,,,,,,
29,,,7286,,,,,,,,1.1027522087097168,,,,,,,,,,,,,,,,,,,,,,,,,,,,,,,,,,,,,
29,,,7287,,,,,,,,1.1131718158721924,,,,,,,,,,,,,,,,,,,,,,,,,,,,,,,,,,,,,
29,,,7288,,,,,,,,1.088429570198059,,,,,,,,,,,,,,,,,,,,,,,,,,,,,,,,,,,,,
29,,,7289,,,,,,,,1.08455228805542,,,,,,,,,,,,,,,,,,,,,,,,,,,,,,,,,,,,,
29,,,7290,,,,,,,,1.0808768272399902,,,,,,,,,,,,,,,,,,,,,,,,,,,,,,,,,,,,,
29,,,7291,,,,,,,,1.1018893718719482,,,,,,,,,,,,,,,,,,,,,,,,,,,,,,,,,,,,,
29,,,7292,,,,,,,,1.1362346410751343,,,,,,,,,,,,,,,,,,,,,,,,,,,,,,,,,,,,,
29,,,7293,,,,,,,,1.0869470834732056,,,,,,,,,,,,,,,,,,,,,,,,,,,,,,,,,,,,,
29,,,7294,,,,,,,,1.0835331678390503,,,,,,,,,,,,,,,,,,,,,,,,,,,,,,,,,,,,,
29,,,7295,,,,,,,,1.0916097164154053,,,,,,,,,,,,,,,,,,,,,,,,,,,,,,,,,,,,,
29,,,7296,,,,,,,,1.1098744869232178,,,,,,,,,,,,,,,,,,,,,,,,,,,,,,,,,,,,,
29,,,7297,,,,,,,,1.1129615306854248,,,,,,,,,,,,,,,,,,,,,,,,,,,,,,,,,,,,,
29,,,7298,,,,,,,,1.0833871364593506,,,,,,,,,,,,,,,,,,,,,,,,,,,,,,,,,,,,,
29,,,7299,,,,,,,,1.1261647939682007,,,,,,,,,,,,,,,,,,,,,,,,,,,,,,,,,,,,,
29,,,7300,,,,,,,,1.1134607791900635,,,,,,,,,,,,,,,,,,,,,,,,,,,,,,,,,,,,,
29,,,7301,,,,,,,,1.0890628099441528,,,,,,,,,,,,,,,,,,,,,,,,,,,,,,,,,,,,,
29,,,7302,,,,,,,,1.0934975147247314,,,,,,,,,,,,,,,,,,,,,,,,,,,,,,,,,,,,,
29,,,7303,,,,,,,,1.0986953973770142,,,,,,,,,,,,,,,,,,,,,,,,,,,,,,,,,,,,,
29,,,7304,,,,,,,,1.102646827697754,,,,,,,,,,,,,,,,,,,,,,,,,,,,,,,,,,,,,
29,,,7305,,,,,,,,1.1168001890182495,,,,,,,,,,,,,,,,,,,,,,,,,,,,,,,,,,,,,
29,,,7306,,,,,,,,1.1033293008804321,,,,,,,,,,,,,,,,,,,,,,,,,,,,,,,,,,,,,
29,,,7307,,,,,,,,1.1014788150787354,,,,,,,,,,,,,,,,,,,,,,,,,,,,,,,,,,,,,
29,,,7308,,,,,,,,1.0914232730865479,,,,,,,,,,,,,,,,,,,,,,,,,,,,,,,,,,,,,
29,,,7309,,,,,,,,1.1189059019088745,,,,,,,,,,,,,,,,,,,,,,,,,,,,,,,,,,,,,
29,,,7310,,,,,,,,1.0854573249816895,,,,,,,,,,,,,,,,,,,,,,,,,,,,,,,,,,,,,
29,,,7311,,,,,,,,1.0837055444717407,,,,,,,,,,,,,,,,,,,,,,,,,,,,,,,,,,,,,
29,,,7312,,,,,,,,1.0982362031936646,,,,,,,,,,,,,,,,,,,,,,,,,,,,,,,,,,,,,
29,,,7313,,,,,,,,1.1075847148895264,,,,,,,,,,,,,,,,,,,,,,,,,,,,,,,,,,,,,
29,,,7314,,,,,,,,1.1289879083633423,,,,,,,,,,,,,,,,,,,,,,,,,,,,,,,,,,,,,
29,,,7315,,,,,,,,1.0800875425338745,,,,,,,,,,,,,,,,,,,,,,,,,,,,,,,,,,,,,
29,,,7316,,,,,,,,1.1280829906463623,,,,,,,,,,,,,,,,,,,,,,,,,,,,,,,,,,,,,
29,,,7317,,,,,,,,1.0867012739181519,,,,,,,,,,,,,,,,,,,,,,,,,,,,,,,,,,,,,
29,,,7318,,,,,,,,1.0873785018920898,,,,,,,,,,,,,,,,,,,,,,,,,,,,,,,,,,,,,
29,,,7319,,,,,,,,1.087456226348877,,,,,,,,,,,,,,,,,,,,,,,,,,,,,,,,,,,,,
29,,,7320,,,,,,,,1.1237159967422485,,,,,,,,,,,,,,,,,,,,,,,,,,,,,,,,,,,,,
29,,,7321,,,,,,,,1.085789680480957,,,,,,,,,,,,,,,,,,,,,,,,,,,,,,,,,,,,,
29,,,7322,,,,,,,,1.09352707862854,,,,,,,,,,,,,,,,,,,,,,,,,,,,,,,,,,,,,
29,,,7323,,,,,,,,1.091384768486023,,,,,,,,,,,,,,,,,,,,,,,,,,,,,,,,,,,,,
29,,,7324,,,,,,,,1.0931363105773926,,,,,,,,,,,,,,,,,,,,,,,,,,,,,,,,,,,,,
29,,,7325,,,,,,,,1.0893476009368896,,,,,,,,,,,,,,,,,,,,,,,,,,,,,,,,,,,,,
29,,,7326,,,,,,,,1.11277174949646,,,,,,,,,,,,,,,,,,,,,,,,,,,,,,,,,,,,,
29,,,7327,,,,,,,,1.104081153869629,,,,,,,,,,,,,,,,,,,,,,,,,,,,,,,,,,,,,
29,,,7328,,,,,,,,1.0856283903121948,,,,,,,,,,,,,,,,,,,,,,,,,,,,,,,,,,,,,
29,,,7329,,,,,,,,1.1207430362701416,,,,,,,,,,,,,,,,,,,,,,,,,,,,,,,,,,,,,
29,,,7330,,,,,,,,1.0968201160430908,,,,,,,,,,,,,,,,,,,,,,,,,,,,,,,,,,,,,
29,,,7331,,,,,,,,1.110730767250061,,,,,,,,,,,,,,,,,,,,,,,,,,,,,,,,,,,,,
29,,,7332,,,,,,,,1.093881607055664,,,,,,,,,,,,,,,,,,,,,,,,,,,,,,,,,,,,,
29,,,7333,,,,,,,,1.0862981081008911,,,,,,,,,,,,,,,,,,,,,,,,,,,,,,,,,,,,,
29,,,7334,,,,,,,,1.2261173725128174,,,,,,,,,,,,,,,,,,,,,,,,,,,,,,,,,,,,,
29,,,7335,,,,,,,,1.2355469465255737,,,,,,,,,,,,,,,,,,,,,,,,,,,,,,,,,,,,,
29,,,7336,,,,,,,,1.1696434020996094,,,,,,,,,,,,,,,,,,,,,,,,,,,,,,,,,,,,,
29,,,7337,,,,,,,,1.092657208442688,,,,,,,,,,,,,,,,,,,,,,,,,,,,,,,,,,,,,
29,,,7338,,,,,,,,1.0902749300003052,,,,,,,,,,,,,,,,,,,,,,,,,,,,,,,,,,,,,
29,,,7339,,,,,,,,1.1111648082733154,,,,,,,,,,,,,,,,,,,,,,,,,,,,,,,,,,,,,
29,,,7340,,,,,,,,1.1623520851135254,,,,,,,,,,,,,,,,,,,,,,,,,,,,,,,,,,,,,
29,,,7341,,,,,,,,1.08237886428833,,,,,,,,,,,,,,,,,,,,,,,,,,,,,,,,,,,,,
29,,,7342,,,,,,,,1.0806248188018799,,,,,,,,,,,,,,,,,,,,,,,,,,,,,,,,,,,,,
29,,,7343,,,,,,,,1.081482172012329,,,,,,,,,,,,,,,,,,,,,,,,,,,,,,,,,,,,,
29,,,7344,,,,,,,,1.092077612876892,,,,,,,,,,,,,,,,,,,,,,,,,,,,,,,,,,,,,
29,,,7345,,,,,,,,1.1103723049163818,,,,,,,,,,,,,,,,,,,,,,,,,,,,,,,,,,,,,
29,,,7346,,,,,,,,1.0887458324432373,,,,,,,,,,,,,,,,,,,,,,,,,,,,,,,,,,,,,
29,,,7347,,,,,,,,1.0888766050338745,,,,,,,,,,,,,,,,,,,,,,,,,,,,,,,,,,,,,
29,,,7348,,,,,,,,1.1333184242248535,,,,,,,,,,,,,,,,,,,,,,,,,,,,,,,,,,,,,
29,,,7349,,,,,,,,1.0908751487731934,,,,,,,,,,,,,,,,,,,,,,,,,,,,,,,,,,,,,
29,,,7350,,,,,,,,1.0815227031707764,,,,,,,,,,,,,,,,,,,,,,,,,,,,,,,,,,,,,
29,,,7351,,,,,,,,1.117690086364746,,,,,,,,,,,,,,,,,,,,,,,,,,,,,,,,,,,,,
29,,,7352,,,,,,,,1.0905845165252686,,,,,,,,,,,,,,,,,,,,,,,,,,,,,,,,,,,,,
29,,,7353,,,,,,,,1.1144624948501587,,,,,,,,,,,,,,,,,,,,,,,,,,,,,,,,,,,,,
29,,,7354,,,,,,,,1.1203460693359375,,,,,,,,,,,,,,,,,,,,,,,,,,,,,,,,,,,,,
29,,,7355,,,,,,,,1.0870180130004883,,,,,,,,,,,,,,,,,,,,,,,,,,,,,,,,,,,,,
29,,,7356,,,,,,,,1.1100454330444336,,,,,,,,,,,,,,,,,,,,,,,,,,,,,,,,,,,,,
29,,,7357,,,,,,,,1.0867409706115723,,,,,,,,,,,,,,,,,,,,,,,,,,,,,,,,,,,,,
29,,,7358,,,,,,,,1.0925766229629517,,,,,,,,,,,,,,,,,,,,,,,,,,,,,,,,,,,,,
29,,,7359,,,,,,,,1.1564717292785645,,,,,,,,,,,,,,,,,,,,,,,,,,,,,,,,,,,,,
29,,,7360,,,,,,,,1.1053354740142822,,,,,,,,,,,,,,,,,,,,,,,,,,,,,,,,,,,,,
29,,,7361,,,,,,,,1.0925238132476807,,,,,,,,,,,,,,,,,,,,,,,,,,,,,,,,,,,,,
29,,,7362,,,,,,,,1.1143745183944702,,,,,,,,,,,,,,,,,,,,,,,,,,,,,,,,,,,,,
29,,,7363,,,,,,,,1.123070240020752,,,,,,,,,,,,,,,,,,,,,,,,,,,,,,,,,,,,,
29,,,7364,,,,,,,,1.109896183013916,,,,,,,,,,,,,,,,,,,,,,,,,,,,,,,,,,,,,
29,,,7365,,,,,,,,1.0813974142074585,,,,,,,,,,,,,,,,,,,,,,,,,,,,,,,,,,,,,
29,,,7366,,,,,,,,1.1071319580078125,,,,,,,,,,,,,,,,,,,,,,,,,,,,,,,,,,,,,
29,,,7367,,,,,,,,1.0950753688812256,,,,,,,,,,,,,,,,,,,,,,,,,,,,,,,,,,,,,
29,,,7368,,,,,,,,1.097359299659729,,,,,,,,,,,,,,,,,,,,,,,,,,,,,,,,,,,,,
29,,,7369,,,,,,,,1.0949337482452393,,,,,,,,,,,,,,,,,,,,,,,,,,,,,,,,,,,,,
29,,,7370,,,,,,,,1.1157312393188477,,,,,,,,,,,,,,,,,,,,,,,,,,,,,,,,,,,,,
29,,,7371,,,,,,,,1.0909889936447144,,,,,,,,,,,,,,,,,,,,,,,,,,,,,,,,,,,,,
29,,,7372,,,,,,,,1.0830122232437134,,,,,,,,,,,,,,,,,,,,,,,,,,,,,,,,,,,,,
29,,,7373,,,,,,,,1.1938910484313965,,,,,,,,,,,,,,,,,,,,,,,,,,,,,,,,,,,,,
29,,,7374,,,,,,,,1.0926427841186523,,,,,,,,,,,,,,,,,,,,,,,,,,,,,,,,,,,,,
29,,,7375,,,,,,,,1.1175785064697266,,,,,,,,,,,,,,,,,,,,,,,,,,,,,,,,,,,,,
29,,,7376,,,,,,,,1.1132278442382812,,,,,,,,,,,,,,,,,,,,,,,,,,,,,,,,,,,,,
29,,,7377,,,,,,,,1.1314966678619385,,,,,,,,,,,,,,,,,,,,,,,,,,,,,,,,,,,,,
29,,,7378,,,,,,,,1.157741904258728,,,,,,,,,,,,,,,,,,,,,,,,,,,,,,,,,,,,,
29,,,7379,,,,,,,,1.0862773656845093,,,,,,,,,,,,,,,,,,,,,,,,,,,,,,,,,,,,,
29,,,7380,,,,,,,,1.1137783527374268,,,,,,,,,,,,,,,,,,,,,,,,,,,,,,,,,,,,,
29,,,7381,,,,,,,,1.0977940559387207,,,,,,,,,,,,,,,,,,,,,,,,,,,,,,,,,,,,,
29,,,7382,,,,,,,,1.127363920211792,,,,,,,,,,,,,,,,,,,,,,,,,,,,,,,,,,,,,
29,,,7383,,,,,,,,1.0817744731903076,,,,,,,,,,,,,,,,,,,,,,,,,,,,,,,,,,,,,
29,,,7384,,,,,,,,1.0808662176132202,,,,,,,,,,,,,,,,,,,,,,,,,,,,,,,,,,,,,
29,,,7385,,,,,,,,1.120538592338562,,,,,,,,,,,,,,,,,,,,,,,,,,,,,,,,,,,,,
29,,,7386,,,,,,,,1.0836955308914185,,,,,,,,,,,,,,,,,,,,,,,,,,,,,,,,,,,,,
29,,,7387,,,,,,,,1.2792556285858154,,,,,,,,,,,,,,,,,,,,,,,,,,,,,,,,,,,,,
29,,,7388,,,,,,,,1.171067237854004,,,,,,,,,,,,,,,,,,,,,,,,,,,,,,,,,,,,,
29,,,7389,,,,,,,,1.1979901790618896,,,,,,,,,,,,,,,,,,,,,,,,,,,,,,,,,,,,,
29,,,7390,,,,,,,,1.1057573556900024,,,,,,,,,,,,,,,,,,,,,,,,,,,,,,,,,,,,,
29,,,7391,,,,,,,,1.0807783603668213,,,,,,,,,,,,,,,,,,,,,,,,,,,,,,,,,,,,,
29,,,7392,,,,,,,,1.0935713052749634,,,,,,,,,,,,,,,,,,,,,,,,,,,,,,,,,,,,,
29,,,7393,,,,,,,,1.1550557613372803,,,,,,,,,,,,,,,,,,,,,,,,,,,,,,,,,,,,,
29,,,7394,,,,,,,,1.32479727268219,,,,,,,,,,,,,,,,,,,,,,,,,,,,,,,,,,,,,
29,,,7395,,,,,,,,1.0906968116760254,,,,,,,,,,,,,,,,,,,,,,,,,,,,,,,,,,,,,
29,,,7396,,,,,,,,1.0891199111938477,,,,,,,,,,,,,,,,,,,,,,,,,,,,,,,,,,,,,
29,,,7397,,,,,,,,1.1695045232772827,,,,,,,,,,,,,,,,,,,,,,,,,,,,,,,,,,,,,
29,,,7398,,,,,,,,1.0963194370269775,,,,,,,,,,,,,,,,,,,,,,,,,,,,,,,,,,,,,
29,,,7399,,,,,,,,1.1035590171813965,,,,,,,,,,,,,,,,,,,,,,,,,,,,,,,,,,,,,
29,,,7400,,,,,,,,1.0925376415252686,,,,,,,,,,,,,,,,,,,,,,,,,,,,,,,,,,,,,
29,,,7401,,,,,,,,1.1861923933029175,,,,,,,,,,,,,,,,,,,,,,,,,,,,,,,,,,,,,
29,,,7402,,,,,,,,1.1528196334838867,,,,,,,,,,,,,,,,,,,,,,,,,,,,,,,,,,,,,
29,,,7403,,,,,,,,1.1576337814331055,,,,,,,,,,,,,,,,,,,,,,,,,,,,,,,,,,,,,
29,,,7404,,,,,,,,1.2433971166610718,,,,,,,,,,,,,,,,,,,,,,,,,,,,,,,,,,,,,
29,,,7405,,,,,,,,1.1344571113586426,,,,,,,,,,,,,,,,,,,,,,,,,,,,,,,,,,,,,
29,,,7406,,,,,,,,1.1018157005310059,,,,,,,,,,,,,,,,,,,,,,,,,,,,,,,,,,,,,
29,,,7407,,,,,,,,1.0957530736923218,,,,,,,,,,,,,,,,,,,,,,,,,,,,,,,,,,,,,
29,,,7408,,,,,,,,1.126637578010559,,,,,,,,,,,,,,,,,,,,,,,,,,,,,,,,,,,,,
29,,,7409,,,,,,,,1.0868895053863525,,,,,,,,,,,,,,,,,,,,,,,,,,,,,,,,,,,,,
29,,,7410,,,,,,,,1.0969511270523071,,,,,,,,,,,,,,,,,,,,,,,,,,,,,,,,,,,,,
29,,,7411,,,,,,,,1.0968881845474243,,,,,,,,,,,,,,,,,,,,,,,,,,,,,,,,,,,,,
29,,,7412,,,,,,,,1.114211082458496,,,,,,,,,,,,,,,,,,,,,,,,,,,,,,,,,,,,,
29,,,7413,,,,,,,,1.0971413850784302,,,,,,,,,,,,,,,,,,,,,,,,,,,,,,,,,,,,,
29,,,7414,,,,,,,,1.0954331159591675,,,,,,,,,,,,,,,,,,,,,,,,,,,,,,,,,,,,,
29,,,7415,,,,,,,,1.1179651021957397,,,,,,,,,,,,,,,,,,,,,,,,,,,,,,,,,,,,,
29,,,7416,,,,,,,,1.1008061170578003,,,,,,,,,,,,,,,,,,,,,,,,,,,,,,,,,,,,,
29,,,7417,,,,,,,,1.0883030891418457,,,,,,,,,,,,,,,,,,,,,,,,,,,,,,,,,,,,,
29,,,7418,,,,,,,,1.1016852855682373,,,,,,,,,,,,,,,,,,,,,,,,,,,,,,,,,,,,,
29,,,7419,,,,,,,,1.120308756828308,,,,,,,,,,,,,,,,,,,,,,,,,,,,,,,,,,,,,
29,,,7420,,,,,,,,1.0968258380889893,,,,,,,,,,,,,,,,,,,,,,,,,,,,,,,,,,,,,
29,,,7421,,,,,,,,1.098616600036621,,,,,,,,,,,,,,,,,,,,,,,,,,,,,,,,,,,,,
29,,,7422,,,,,,,,1.1135414838790894,,,,,,,,,,,,,,,,,,,,,,,,,,,,,,,,,,,,,
29,,,7423,,,,,,,,1.0839192867279053,,,,,,,,,,,,,,,,,,,,,,,,,,,,,,,,,,,,,
29,,,7424,,,,,,,,1.0940032005310059,,,,,,,,,,,,,,,,,,,,,,,,,,,,,,,,,,,,,
29,,,7425,,,,,,,,1.0868780612945557,,,,,,,,,,,,,,,,,,,,,,,,,,,,,,,,,,,,,
29,,,7426,,,,,,,,1.0861462354660034,,,,,,,,,,,,,,,,,,,,,,,,,,,,,,,,,,,,,
29,,,7427,,,,,,,,1.120631456375122,,,,,,,,,,,,,,,,,,,,,,,,,,,,,,,,,,,,,
29,,,7428,,,,,,,,1.102998971939087,,,,,,,,,,,,,,,,,,,,,,,,,,,,,,,,,,,,,
29,,,7429,,,,,,,,1.0968337059020996,,,,,,,,,,,,,,,,,,,,,,,,,,,,,,,,,,,,,
29,,,7430,,,,,,,,1.0928826332092285,,,,,,,,,,,,,,,,,,,,,,,,,,,,,,,,,,,,,
29,,,7431,,,,,,,,1.0817656517028809,,,,,,,,,,,,,,,,,,,,,,,,,,,,,,,,,,,,,
29,,,7432,,,,,,,,1.091325044631958,,,,,,,,,,,,,,,,,,,,,,,,,,,,,,,,,,,,,
29,,,7433,,,,,,,,1.0808945894241333,,,,,,,,,,,,,,,,,,,,,,,,,,,,,,,,,,,,,
29,,,7434,,,,,,,,1.0976459980010986,,,,,,,,,,,,,,,,,,,,,,,,,,,,,,,,,,,,,
29,,,7435,,,,,,,,1.1018047332763672,,,,,,,,,,,,,,,,,,,,,,,,,,,,,,,,,,,,,
29,,,7436,,,,,,,,1.0827327966690063,,,,,,,,,,,,,,,,,,,,,,,,,,,,,,,,,,,,,
29,,,7437,,,,,,,,1.0957111120224,,,,,,,,,,,,,,,,,,,,,,,,,,,,,,,,,,,,,
29,,,7438,,,,,,,,1.1322449445724487,,,,,,,,,,,,,,,,,,,,,,,,,,,,,,,,,,,,,
29,,,7439,,,,,,,,1.1149888038635254,,,,,,,,,,,,,,,,,,,,,,,,,,,,,,,,,,,,,
29,,,7440,,,,,,,,1.0972096920013428,,,,,,,,,,,,,,,,,,,,,,,,,,,,,,,,,,,,,
29,,,7441,,,,,,,,1.1007189750671387,,,,,,,,,,,,,,,,,,,,,,,,,,,,,,,,,,,,,
29,,,7442,,,,,,,,1.0805294513702393,,,,,,,,,,,,,,,,,,,,,,,,,,,,,,,,,,,,,
29,,,7443,,,,,,,,1.1004393100738525,,,,,,,,,,,,,,,,,,,,,,,,,,,,,,,,,,,,,
29,,,7444,,,,,,,,1.1113539934158325,,,,,,,,,,,,,,,,,,,,,,,,,,,,,,,,,,,,,
29,,,7445,,,,,,,,1.0855610370635986,,,,,,,,,,,,,,,,,,,,,,,,,,,,,,,,,,,,,
29,,,7446,,,,,,,,1.0912920236587524,,,,,,,,,,,,,,,,,,,,,,,,,,,,,,,,,,,,,
29,,,7447,,,,,,,,1.1008473634719849,,,,,,,,,,,,,,,,,,,,,,,,,,,,,,,,,,,,,
29,,,7448,,,,,,,,1.0806854963302612,,,,,,,,,,,,,,,,,,,,,,,,,,,,,,,,,,,,,
29,,,7449,,,,,,,,1.1192336082458496,,,,,,,,,,,,,,,,,,,,,,,,,,,,,,,,,,,,,
29,,,7450,,,,,,,,1.0825636386871338,,,,,,,,,,,,,,,,,,,,,,,,,,,,,,,,,,,,,
29,,,7451,,,,,,,,1.1350018978118896,,,,,,,,,,,,,,,,,,,,,,,,,,,,,,,,,,,,,
29,,,7452,,,,,,,,1.0948102474212646,,,,,,,,,,,,,,,,,,,,,,,,,,,,,,,,,,,,,
29,,,7453,,,,,,,,1.0828325748443604,,,,,,,,,,,,,,,,,,,,,,,,,,,,,,,,,,,,,
29,,,7454,,,,,,,,1.089637279510498,,,,,,,,,,,,,,,,,,,,,,,,,,,,,,,,,,,,,
29,,,7455,,,,,,,,1.0837113857269287,,,,,,,,,,,,,,,,,,,,,,,,,,,,,,,,,,,,,
29,,,7456,,,,,,,,1.1845589876174927,,,,,,,,,,,,,,,,,,,,,,,,,,,,,,,,,,,,,
29,,,7457,,,,,,,,1.0936810970306396,,,,,,,,,,,,,,,,,,,,,,,,,,,,,,,,,,,,,
29,,,7458,,,,,,,,1.1011630296707153,,,,,,,,,,,,,,,,,,,,,,,,,,,,,,,,,,,,,
29,,,7459,,,,,,,,1.0817689895629883,,,,,,,,,,,,,,,,,,,,,,,,,,,,,,,,,,,,,
29,,,7460,,,,,,,,1.1327441930770874,,,,,,,,,,,,,,,,,,,,,,,,,,,,,,,,,,,,,
29,,,7461,,,,,,,,1.0900532007217407,,,,,,,,,,,,,,,,,,,,,,,,,,,,,,,,,,,,,
29,,,7462,,,,,,,,1.0926294326782227,,,,,,,,,,,,,,,,,,,,,,,,,,,,,,,,,,,,,
29,,,7463,,,,,,,,1.1266155242919922,,,,,,,,,,,,,,,,,,,,,,,,,,,,,,,,,,,,,
29,,,7464,,,,,,,,1.1008549928665161,,,,,,,,,,,,,,,,,,,,,,,,,,,,,,,,,,,,,
29,,,7465,,,,,,,,1.2314069271087646,,,,,,,,,,,,,,,,,,,,,,,,,,,,,,,,,,,,,
29,,,7466,,,,,,,,1.1131457090377808,,,,,,,,,,,,,,,,,,,,,,,,,,,,,,,,,,,,,
29,,,7467,,,,,,,,1.1259009838104248,,,,,,,,,,,,,,,,,,,,,,,,,,,,,,,,,,,,,
29,,,7468,,,,,,,,1.2320464849472046,,,,,,,,,,,,,,,,,,,,,,,,,,,,,,,,,,,,,
29,,,7469,,,,,,,,1.0956752300262451,,,,,,,,,,,,,,,,,,,,,,,,,,,,,,,,,,,,,
29,,,7470,,,,,,,,1.1058976650238037,,,,,,,,,,,,,,,,,,,,,,,,,,,,,,,,,,,,,
29,,,7471,,,,,,,,1.0913845300674438,,,,,,,,,,,,,,,,,,,,,,,,,,,,,,,,,,,,,
29,,,7472,,,,,,,,1.0832709074020386,,,,,,,,,,,,,,,,,,,,,,,,,,,,,,,,,,,,,
29,,,7473,,,,,,,,1.2266292572021484,,,,,,,,,,,,,,,,,,,,,,,,,,,,,,,,,,,,,
29,,,7474,,,,,,,,1.085670828819275,,,,,,,,,,,,,,,,,,,,,,,,,,,,,,,,,,,,,
29,,,7475,,,,,,,,1.1014072895050049,,,,,,,,,,,,,,,,,,,,,,,,,,,,,,,,,,,,,
29,,,7476,,,,,,,,1.1245603561401367,,,,,,,,,,,,,,,,,,,,,,,,,,,,,,,,,,,,,
29,,,7477,,,,,,,,1.1065326929092407,,,,,,,,,,,,,,,,,,,,,,,,,,,,,,,,,,,,,
29,,,7478,,,,,,,,1.098696231842041,,,,,,,,,,,,,,,,,,,,,,,,,,,,,,,,,,,,,
29,,,7479,,,,,,,,1.0886971950531006,,,,,,,,,,,,,,,,,,,,,,,,,,,,,,,,,,,,,
29,,,7480,,,,,,,,1.1086515188217163,,,,,,,,,,,,,,,,,,,,,,,,,,,,,,,,,,,,,
29,,,7481,,,,,,,,1.138939619064331,,,,,,,,,,,,,,,,,,,,,,,,,,,,,,,,,,,,,
29,,,7482,,,,,,,,1.0897459983825684,,,,,,,,,,,,,,,,,,,,,,,,,,,,,,,,,,,,,
29,,,7483,,,,,,,,1.087052583694458,,,,,,,,,,,,,,,,,,,,,,,,,,,,,,,,,,,,,
29,,,7484,,,,,,,,1.0968612432479858,,,,,,,,,,,,,,,,,,,,,,,,,,,,,,,,,,,,,
29,,,7485,,,,,,,,1.0941798686981201,,,,,,,,,,,,,,,,,,,,,,,,,,,,,,,,,,,,,
29,,,7486,,,,,,,,1.0915684700012207,,,,,,,,,,,,,,,,,,,,,,,,,,,,,,,,,,,,,
29,,,7487,,,,,,,,1.0945665836334229,,,,,,,,,,,,,,,,,,,,,,,,,,,,,,,,,,,,,
29,,,7488,,,,,,,,1.0850011110305786,,,,,,,,,,,,,,,,,,,,,,,,,,,,,,,,,,,,,
29,,,7489,,,,,,,,1.1949915885925293,,,,,,,,,,,,,,,,,,,,,,,,,,,,,,,,,,,,,
29,,,7490,,,,,,,,1.086127519607544,,,,,,,,,,,,,,,,,,,,,,,,,,,,,,,,,,,,,
29,,,7491,,,,,,,,1.1404993534088135,,,,,,,,,,,,,,,,,,,,,,,,,,,,,,,,,,,,,
29,,,7492,,,,,,,,1.0981457233428955,,,,,,,,,,,,,,,,,,,,,,,,,,,,,,,,,,,,,
29,,,7493,,,,,,,,1.0905877351760864,,,,,,,,,,,,,,,,,,,,,,,,,,,,,,,,,,,,,
29,,,7494,,,,,,,,1.1342600584030151,,,,,,,,,,,,,,,,,,,,,,,,,,,,,,,,,,,,,
29,,,7495,,,,,,,,1.0991066694259644,,,,,,,,,,,,,,,,,,,,,,,,,,,,,,,,,,,,,
29,,,7496,,,,,,,,1.1081198453903198,,,,,,,,,,,,,,,,,,,,,,,,,,,,,,,,,,,,,
29,,,7497,,,,,,,,1.1271889209747314,,,,,,,,,,,,,,,,,,,,,,,,,,,,,,,,,,,,,
29,,,7498,,,,,,,,1.1268680095672607,,,,,,,,,,,,,,,,,,,,,,,,,,,,,,,,,,,,,
29,,,7499,,,,,,,,1.0805882215499878,,,,,,,,,,,,,,,,,,,,,,,,,,,,,,,,,,,,,
29,,,7499,,,,,,,,,,,0.3338274657726288,0.004583993926644325,0.669921875,1.33984375,54.966796875,0.669921875,271790.65625,0.8378859162330627,0.8378859162330627,,1.0,0.2899322509765625,54.966796875,0.669921875,0.9352960586547852,0.047184791415929794,22118.0,0.0018923275638371706,0.00282469904050231,0.4172009229660034,0.6227605938911438,0.005623889155685902,1475.0,0.016828658059239388,0.025120330974459648,0.2598460614681244,0.38787519931793213,0.014173964038491249,7373.0,0.004815391264855862,0.007187989540398121,0.33786097168922424,0.5043289065361023,0.016501091420650482,0.00037276724469847977
29,,20.0,7499,264614.375,0.8507470488548279,0.8536330461502075,,1.1088570356369019,0.8536330461502075,1.0,,0.29959961771965027,0.921999990940094,,,,,,,,,,,,,,,,,,,,,,,,,,,,,,,,,,,
,0.00010364745084375793,,7500,,,,,,,,,,,,,,,,,,,,,,,,,,,,,,,,,,,,,,,,,,,,,
30,,,7500,,,,,,,,1.127742052078247,,,,,,,,,,,,,,,,,,,,,,,,,,,,,,,,,,,,,
30,,,7501,,,,,,,,1.1252747774124146,,,,,,,,,,,,,,,,,,,,,,,,,,,,,,,,,,,,,
30,,,7502,,,,,,,,1.1287425756454468,,,,,,,,,,,,,,,,,,,,,,,,,,,,,,,,,,,,,
30,,,7503,,,,,,,,1.0858933925628662,,,,,,,,,,,,,,,,,,,,,,,,,,,,,,,,,,,,,
30,,,7504,,,,,,,,1.1273462772369385,,,,,,,,,,,,,,,,,,,,,,,,,,,,,,,,,,,,,
30,,,7505,,,,,,,,1.0908772945404053,,,,,,,,,,,,,,,,,,,,,,,,,,,,,,,,,,,,,
30,,,7506,,,,,,,,1.118114709854126,,,,,,,,,,,,,,,,,,,,,,,,,,,,,,,,,,,,,
30,,,7507,,,,,,,,1.1042494773864746,,,,,,,,,,,,,,,,,,,,,,,,,,,,,,,,,,,,,
30,,,7508,,,,,,,,1.0847768783569336,,,,,,,,,,,,,,,,,,,,,,,,,,,,,,,,,,,,,
30,,,7509,,,,,,,,1.1330517530441284,,,,,,,,,,,,,,,,,,,,,,,,,,,,,,,,,,,,,
30,,,7510,,,,,,,,1.08692467212677,,,,,,,,,,,,,,,,,,,,,,,,,,,,,,,,,,,,,
30,,,7511,,,,,,,,1.0961965322494507,,,,,,,,,,,,,,,,,,,,,,,,,,,,,,,,,,,,,
30,,,7512,,,,,,,,1.1848865747451782,,,,,,,,,,,,,,,,,,,,,,,,,,,,,,,,,,,,,
30,,,7513,,,,,,,,1.0810134410858154,,,,,,,,,,,,,,,,,,,,,,,,,,,,,,,,,,,,,
30,,,7514,,,,,,,,1.0947866439819336,,,,,,,,,,,,,,,,,,,,,,,,,,,,,,,,,,,,,
30,,,7515,,,,,,,,1.1432008743286133,,,,,,,,,,,,,,,,,,,,,,,,,,,,,,,,,,,,,
30,,,7516,,,,,,,,1.091902494430542,,,,,,,,,,,,,,,,,,,,,,,,,,,,,,,,,,,,,
30,,,7517,,,,,,,,1.1170141696929932,,,,,,,,,,,,,,,,,,,,,,,,,,,,,,,,,,,,,
30,,,7518,,,,,,,,1.1784017086029053,,,,,,,,,,,,,,,,,,,,,,,,,,,,,,,,,,,,,
30,,,7519,,,,,,,,1.115633249282837,,,,,,,,,,,,,,,,,,,,,,,,,,,,,,,,,,,,,
30,,,7520,,,,,,,,1.0934745073318481,,,,,,,,,,,,,,,,,,,,,,,,,,,,,,,,,,,,,
30,,,7521,,,,,,,,1.0917108058929443,,,,,,,,,,,,,,,,,,,,,,,,,,,,,,,,,,,,,
30,,,7522,,,,,,,,1.1423733234405518,,,,,,,,,,,,,,,,,,,,,,,,,,,,,,,,,,,,,
30,,,7523,,,,,,,,1.1039665937423706,,,,,,,,,,,,,,,,,,,,,,,,,,,,,,,,,,,,,
30,,,7524,,,,,,,,1.1671282052993774,,,,,,,,,,,,,,,,,,,,,,,,,,,,,,,,,,,,,
30,,,7525,,,,,,,,1.1046942472457886,,,,,,,,,,,,,,,,,,,,,,,,,,,,,,,,,,,,,
30,,,7526,,,,,,,,1.094717025756836,,,,,,,,,,,,,,,,,,,,,,,,,,,,,,,,,,,,,
30,,,7527,,,,,,,,1.0957310199737549,,,,,,,,,,,,,,,,,,,,,,,,,,,,,,,,,,,,,
30,,,7528,,,,,,,,1.1152558326721191,,,,,,,,,,,,,,,,,,,,,,,,,,,,,,,,,,,,,
30,,,7529,,,,,,,,1.1291348934173584,,,,,,,,,,,,,,,,,,,,,,,,,,,,,,,,,,,,,
30,,,7530,,,,,,,,1.1262428760528564,,,,,,,,,,,,,,,,,,,,,,,,,,,,,,,,,,,,,
30,,,7531,,,,,,,,1.1305279731750488,,,,,,,,,,,,,,,,,,,,,,,,,,,,,,,,,,,,,
30,,,7532,,,,,,,,1.1131160259246826,,,,,,,,,,,,,,,,,,,,,,,,,,,,,,,,,,,,,
30,,,7533,,,,,,,,1.087317705154419,,,,,,,,,,,,,,,,,,,,,,,,,,,,,,,,,,,,,
30,,,7534,,,,,,,,1.1014072895050049,,,,,,,,,,,,,,,,,,,,,,,,,,,,,,,,,,,,,
30,,,7535,,,,,,,,1.081125259399414,,,,,,,,,,,,,,,,,,,,,,,,,,,,,,,,,,,,,
30,,,7536,,,,,,,,1.0814791917800903,,,,,,,,,,,,,,,,,,,,,,,,,,,,,,,,,,,,,
30,,,7537,,,,,,,,1.1933075189590454,,,,,,,,,,,,,,,,,,,,,,,,,,,,,,,,,,,,,
30,,,7538,,,,,,,,1.0932142734527588,,,,,,,,,,,,,,,,,,,,,,,,,,,,,,,,,,,,,
30,,,7539,,,,,,,,1.0923010110855103,,,,,,,,,,,,,,,,,,,,,,,,,,,,,,,,,,,,,
30,,,7540,,,,,,,,1.1499147415161133,,,,,,,,,,,,,,,,,,,,,,,,,,,,,,,,,,,,,
30,,,7541,,,,,,,,1.115163803100586,,,,,,,,,,,,,,,,,,,,,,,,,,,,,,,,,,,,,
30,,,7542,,,,,,,,1.1576511859893799,,,,,,,,,,,,,,,,,,,,,,,,,,,,,,,,,,,,,
30,,,7543,,,,,,,,1.0843634605407715,,,,,,,,,,,,,,,,,,,,,,,,,,,,,,,,,,,,,
30,,,7544,,,,,,,,1.1306380033493042,,,,,,,,,,,,,,,,,,,,,,,,,,,,,,,,,,,,,
30,,,7545,,,,,,,,1.0821433067321777,,,,,,,,,,,,,,,,,,,,,,,,,,,,,,,,,,,,,
30,,,7546,,,,,,,,1.2364174127578735,,,,,,,,,,,,,,,,,,,,,,,,,,,,,,,,,,,,,
30,,,7547,,,,,,,,1.100130319595337,,,,,,,,,,,,,,,,,,,,,,,,,,,,,,,,,,,,,
30,,,7548,,,,,,,,1.0955246686935425,,,,,,,,,,,,,,,,,,,,,,,,,,,,,,,,,,,,,
30,,,7549,,,,,,,,1.1070373058319092,,,,,,,,,,,,,,,,,,,,,,,,,,,,,,,,,,,,,
30,,,7550,,,,,,,,1.0971893072128296,,,,,,,,,,,,,,,,,,,,,,,,,,,,,,,,,,,,,
30,,,7551,,,,,,,,1.081411600112915,,,,,,,,,,,,,,,,,,,,,,,,,,,,,,,,,,,,,
30,,,7552,,,,,,,,1.0828237533569336,,,,,,,,,,,,,,,,,,,,,,,,,,,,,,,,,,,,,
30,,,7553,,,,,,,,1.1354598999023438,,,,,,,,,,,,,,,,,,,,,,,,,,,,,,,,,,,,,
30,,,7554,,,,,,,,1.122271180152893,,,,,,,,,,,,,,,,,,,,,,,,,,,,,,,,,,,,,
30,,,7555,,,,,,,,1.093564510345459,,,,,,,,,,,,,,,,,,,,,,,,,,,,,,,,,,,,,
30,,,7556,,,,,,,,1.0808370113372803,,,,,,,,,,,,,,,,,,,,,,,,,,,,,,,,,,,,,
30,,,7557,,,,,,,,1.080784559249878,,,,,,,,,,,,,,,,,,,,,,,,,,,,,,,,,,,,,
30,,,7558,,,,,,,,1.082911729812622,,,,,,,,,,,,,,,,,,,,,,,,,,,,,,,,,,,,,
30,,,7559,,,,,,,,1.1732056140899658,,,,,,,,,,,,,,,,,,,,,,,,,,,,,,,,,,,,,
30,,,7560,,,,,,,,1.1011056900024414,,,,,,,,,,,,,,,,,,,,,,,,,,,,,,,,,,,,,
30,,,7561,,,,,,,,1.0830695629119873,,,,,,,,,,,,,,,,,,,,,,,,,,,,,,,,,,,,,
30,,,7562,,,,,,,,1.0827105045318604,,,,,,,,,,,,,,,,,,,,,,,,,,,,,,,,,,,,,
30,,,7563,,,,,,,,1.0921545028686523,,,,,,,,,,,,,,,,,,,,,,,,,,,,,,,,,,,,,
30,,,7564,,,,,,,,1.186263918876648,,,,,,,,,,,,,,,,,,,,,,,,,,,,,,,,,,,,,
30,,,7565,,,,,,,,1.0878618955612183,,,,,,,,,,,,,,,,,,,,,,,,,,,,,,,,,,,,,
30,,,7566,,,,,,,,1.0956449508666992,,,,,,,,,,,,,,,,,,,,,,,,,,,,,,,,,,,,,
30,,,7567,,,,,,,,1.1323179006576538,,,,,,,,,,,,,,,,,,,,,,,,,,,,,,,,,,,,,
30,,,7568,,,,,,,,1.1153122186660767,,,,,,,,,,,,,,,,,,,,,,,,,,,,,,,,,,,,,
30,,,7569,,,,,,,,1.1358784437179565,,,,,,,,,,,,,,,,,,,,,,,,,,,,,,,,,,,,,
30,,,7570,,,,,,,,1.1254440546035767,,,,,,,,,,,,,,,,,,,,,,,,,,,,,,,,,,,,,
30,,,7571,,,,,,,,1.1354671716690063,,,,,,,,,,,,,,,,,,,,,,,,,,,,,,,,,,,,,
30,,,7572,,,,,,,,1.0824861526489258,,,,,,,,,,,,,,,,,,,,,,,,,,,,,,,,,,,,,
30,,,7573,,,,,,,,1.132096767425537,,,,,,,,,,,,,,,,,,,,,,,,,,,,,,,,,,,,,
30,,,7574,,,,,,,,1.088431715965271,,,,,,,,,,,,,,,,,,,,,,,,,,,,,,,,,,,,,
30,,,7575,,,,,,,,1.1083383560180664,,,,,,,,,,,,,,,,,,,,,,,,,,,,,,,,,,,,,
30,,,7576,,,,,,,,1.113908290863037,,,,,,,,,,,,,,,,,,,,,,,,,,,,,,,,,,,,,
30,,,7577,,,,,,,,1.1075859069824219,,,,,,,,,,,,,,,,,,,,,,,,,,,,,,,,,,,,,
30,,,7578,,,,,,,,1.1357086896896362,,,,,,,,,,,,,,,,,,,,,,,,,,,,,,,,,,,,,
30,,,7579,,,,,,,,1.141061782836914,,,,,,,,,,,,,,,,,,,,,,,,,,,,,,,,,,,,,
30,,,7580,,,,,,,,1.128615379333496,,,,,,,,,,,,,,,,,,,,,,,,,,,,,,,,,,,,,
30,,,7581,,,,,,,,1.1258207559585571,,,,,,,,,,,,,,,,,,,,,,,,,,,,,,,,,,,,,
30,,,7582,,,,,,,,1.08040452003479,,,,,,,,,,,,,,,,,,,,,,,,,,,,,,,,,,,,,
30,,,7583,,,,,,,,1.0977916717529297,,,,,,,,,,,,,,,,,,,,,,,,,,,,,,,,,,,,,
30,,,7584,,,,,,,,1.0810610055923462,,,,,,,,,,,,,,,,,,,,,,,,,,,,,,,,,,,,,
30,,,7585,,,,,,,,1.1019487380981445,,,,,,,,,,,,,,,,,,,,,,,,,,,,,,,,,,,,,
30,,,7586,,,,,,,,1.0996007919311523,,,,,,,,,,,,,,,,,,,,,,,,,,,,,,,,,,,,,
30,,,7587,,,,,,,,1.1008670330047607,,,,,,,,,,,,,,,,,,,,,,,,,,,,,,,,,,,,,
30,,,7588,,,,,,,,1.0875507593154907,,,,,,,,,,,,,,,,,,,,,,,,,,,,,,,,,,,,,
30,,,7589,,,,,,,,1.0852255821228027,,,,,,,,,,,,,,,,,,,,,,,,,,,,,,,,,,,,,
30,,,7590,,,,,,,,1.0920921564102173,,,,,,,,,,,,,,,,,,,,,,,,,,,,,,,,,,,,,
30,,,7591,,,,,,,,1.120893955230713,,,,,,,,,,,,,,,,,,,,,,,,,,,,,,,,,,,,,
30,,,7592,,,,,,,,1.093342900276184,,,,,,,,,,,,,,,,,,,,,,,,,,,,,,,,,,,,,
30,,,7593,,,,,,,,1.1095848083496094,,,,,,,,,,,,,,,,,,,,,,,,,,,,,,,,,,,,,
30,,,7594,,,,,,,,1.1134830713272095,,,,,,,,,,,,,,,,,,,,,,,,,,,,,,,,,,,,,
30,,,7595,,,,,,,,1.086167812347412,,,,,,,,,,,,,,,,,,,,,,,,,,,,,,,,,,,,,
30,,,7596,,,,,,,,1.0850803852081299,,,,,,,,,,,,,,,,,,,,,,,,,,,,,,,,,,,,,
30,,,7597,,,,,,,,1.0976072549819946,,,,,,,,,,,,,,,,,,,,,,,,,,,,,,,,,,,,,
30,,,7598,,,,,,,,1.0855695009231567,,,,,,,,,,,,,,,,,,,,,,,,,,,,,,,,,,,,,
30,,,7599,,,,,,,,1.0982835292816162,,,,,,,,,,,,,,,,,,,,,,,,,,,,,,,,,,,,,
30,,,7600,,,,,,,,1.0872085094451904,,,,,,,,,,,,,,,,,,,,,,,,,,,,,,,,,,,,,
30,,,7601,,,,,,,,1.1293296813964844,,,,,,,,,,,,,,,,,,,,,,,,,,,,,,,,,,,,,
30,,,7602,,,,,,,,1.0907280445098877,,,,,,,,,,,,,,,,,,,,,,,,,,,,,,,,,,,,,
30,,,7603,,,,,,,,1.1495640277862549,,,,,,,,,,,,,,,,,,,,,,,,,,,,,,,,,,,,,
30,,,7604,,,,,,,,1.1187211275100708,,,,,,,,,,,,,,,,,,,,,,,,,,,,,,,,,,,,,
30,,,7605,,,,,,,,1.080775260925293,,,,,,,,,,,,,,,,,,,,,,,,,,,,,,,,,,,,,
30,,,7606,,,,,,,,1.0896456241607666,,,,,,,,,,,,,,,,,,,,,,,,,,,,,,,,,,,,,
30,,,7607,,,,,,,,1.0816717147827148,,,,,,,,,,,,,,,,,,,,,,,,,,,,,,,,,,,,,
30,,,7608,,,,,,,,1.3382105827331543,,,,,,,,,,,,,,,,,,,,,,,,,,,,,,,,,,,,,
30,,,7609,,,,,,,,1.1565942764282227,,,,,,,,,,,,,,,,,,,,,,,,,,,,,,,,,,,,,
30,,,7610,,,,,,,,1.0871280431747437,,,,,,,,,,,,,,,,,,,,,,,,,,,,,,,,,,,,,
30,,,7611,,,,,,,,1.093481183052063,,,,,,,,,,,,,,,,,,,,,,,,,,,,,,,,,,,,,
30,,,7612,,,,,,,,1.1306613683700562,,,,,,,,,,,,,,,,,,,,,,,,,,,,,,,,,,,,,
30,,,7613,,,,,,,,1.1594351530075073,,,,,,,,,,,,,,,,,,,,,,,,,,,,,,,,,,,,,
30,,,7614,,,,,,,,1.0845763683319092,,,,,,,,,,,,,,,,,,,,,,,,,,,,,,,,,,,,,
30,,,7615,,,,,,,,1.1390551328659058,,,,,,,,,,,,,,,,,,,,,,,,,,,,,,,,,,,,,
30,,,7616,,,,,,,,1.1571567058563232,,,,,,,,,,,,,,,,,,,,,,,,,,,,,,,,,,,,,
30,,,7617,,,,,,,,1.1088664531707764,,,,,,,,,,,,,,,,,,,,,,,,,,,,,,,,,,,,,
30,,,7618,,,,,,,,1.0973502397537231,,,,,,,,,,,,,,,,,,,,,,,,,,,,,,,,,,,,,
30,,,7619,,,,,,,,1.1051528453826904,,,,,,,,,,,,,,,,,,,,,,,,,,,,,,,,,,,,,
30,,,7620,,,,,,,,1.125838041305542,,,,,,,,,,,,,,,,,,,,,,,,,,,,,,,,,,,,,
30,,,7621,,,,,,,,1.1023974418640137,,,,,,,,,,,,,,,,,,,,,,,,,,,,,,,,,,,,,
30,,,7622,,,,,,,,1.1055729389190674,,,,,,,,,,,,,,,,,,,,,,,,,,,,,,,,,,,,,
30,,,7623,,,,,,,,1.1018638610839844,,,,,,,,,,,,,,,,,,,,,,,,,,,,,,,,,,,,,
30,,,7624,,,,,,,,1.1096735000610352,,,,,,,,,,,,,,,,,,,,,,,,,,,,,,,,,,,,,
30,,,7625,,,,,,,,1.1021697521209717,,,,,,,,,,,,,,,,,,,,,,,,,,,,,,,,,,,,,
30,,,7626,,,,,,,,1.0864678621292114,,,,,,,,,,,,,,,,,,,,,,,,,,,,,,,,,,,,,
30,,,7627,,,,,,,,1.1256481409072876,,,,,,,,,,,,,,,,,,,,,,,,,,,,,,,,,,,,,
30,,,7628,,,,,,,,1.1737241744995117,,,,,,,,,,,,,,,,,,,,,,,,,,,,,,,,,,,,,
30,,,7629,,,,,,,,1.0803824663162231,,,,,,,,,,,,,,,,,,,,,,,,,,,,,,,,,,,,,
30,,,7630,,,,,,,,1.191893458366394,,,,,,,,,,,,,,,,,,,,,,,,,,,,,,,,,,,,,
30,,,7631,,,,,,,,1.093395709991455,,,,,,,,,,,,,,,,,,,,,,,,,,,,,,,,,,,,,
30,,,7632,,,,,,,,1.1369606256484985,,,,,,,,,,,,,,,,,,,,,,,,,,,,,,,,,,,,,
30,,,7633,,,,,,,,1.1037015914916992,,,,,,,,,,,,,,,,,,,,,,,,,,,,,,,,,,,,,
30,,,7634,,,,,,,,1.1050890684127808,,,,,,,,,,,,,,,,,,,,,,,,,,,,,,,,,,,,,
30,,,7635,,,,,,,,1.1976349353790283,,,,,,,,,,,,,,,,,,,,,,,,,,,,,,,,,,,,,
30,,,7636,,,,,,,,1.08766770362854,,,,,,,,,,,,,,,,,,,,,,,,,,,,,,,,,,,,,
30,,,7637,,,,,,,,1.1138643026351929,,,,,,,,,,,,,,,,,,,,,,,,,,,,,,,,,,,,,
30,,,7638,,,,,,,,1.1090196371078491,,,,,,,,,,,,,,,,,,,,,,,,,,,,,,,,,,,,,
30,,,7639,,,,,,,,1.0816045999526978,,,,,,,,,,,,,,,,,,,,,,,,,,,,,,,,,,,,,
30,,,7640,,,,,,,,1.121567964553833,,,,,,,,,,,,,,,,,,,,,,,,,,,,,,,,,,,,,
30,,,7641,,,,,,,,1.1039535999298096,,,,,,,,,,,,,,,,,,,,,,,,,,,,,,,,,,,,,
30,,,7642,,,,,,,,1.0854392051696777,,,,,,,,,,,,,,,,,,,,,,,,,,,,,,,,,,,,,
30,,,7643,,,,,,,,1.0907422304153442,,,,,,,,,,,,,,,,,,,,,,,,,,,,,,,,,,,,,
30,,,7644,,,,,,,,1.1023187637329102,,,,,,,,,,,,,,,,,,,,,,,,,,,,,,,,,,,,,
30,,,7645,,,,,,,,1.1001229286193848,,,,,,,,,,,,,,,,,,,,,,,,,,,,,,,,,,,,,
30,,,7646,,,,,,,,1.1143463850021362,,,,,,,,,,,,,,,,,,,,,,,,,,,,,,,,,,,,,
30,,,7647,,,,,,,,1.1536531448364258,,,,,,,,,,,,,,,,,,,,,,,,,,,,,,,,,,,,,
30,,,7648,,,,,,,,1.0818291902542114,,,,,,,,,,,,,,,,,,,,,,,,,,,,,,,,,,,,,
30,,,7649,,,,,,,,1.0990896224975586,,,,,,,,,,,,,,,,,,,,,,,,,,,,,,,,,,,,,
30,,,7650,,,,,,,,1.0930616855621338,,,,,,,,,,,,,,,,,,,,,,,,,,,,,,,,,,,,,
30,,,7651,,,,,,,,1.1224323511123657,,,,,,,,,,,,,,,,,,,,,,,,,,,,,,,,,,,,,
30,,,7652,,,,,,,,1.1044058799743652,,,,,,,,,,,,,,,,,,,,,,,,,,,,,,,,,,,,,
30,,,7653,,,,,,,,1.086625337600708,,,,,,,,,,,,,,,,,,,,,,,,,,,,,,,,,,,,,
30,,,7654,,,,,,,,1.1120491027832031,,,,,,,,,,,,,,,,,,,,,,,,,,,,,,,,,,,,,
30,,,7655,,,,,,,,1.0902278423309326,,,,,,,,,,,,,,,,,,,,,,,,,,,,,,,,,,,,,
30,,,7656,,,,,,,,1.0872995853424072,,,,,,,,,,,,,,,,,,,,,,,,,,,,,,,,,,,,,
30,,,7657,,,,,,,,1.0807700157165527,,,,,,,,,,,,,,,,,,,,,,,,,,,,,,,,,,,,,
30,,,7658,,,,,,,,1.1833815574645996,,,,,,,,,,,,,,,,,,,,,,,,,,,,,,,,,,,,,
30,,,7659,,,,,,,,1.0881803035736084,,,,,,,,,,,,,,,,,,,,,,,,,,,,,,,,,,,,,
30,,,7660,,,,,,,,1.1268129348754883,,,,,,,,,,,,,,,,,,,,,,,,,,,,,,,,,,,,,
30,,,7661,,,,,,,,1.1125428676605225,,,,,,,,,,,,,,,,,,,,,,,,,,,,,,,,,,,,,
30,,,7662,,,,,,,,1.0818240642547607,,,,,,,,,,,,,,,,,,,,,,,,,,,,,,,,,,,,,
30,,,7663,,,,,,,,1.1213791370391846,,,,,,,,,,,,,,,,,,,,,,,,,,,,,,,,,,,,,
30,,,7664,,,,,,,,1.083918571472168,,,,,,,,,,,,,,,,,,,,,,,,,,,,,,,,,,,,,
30,,,7665,,,,,,,,1.0906012058258057,,,,,,,,,,,,,,,,,,,,,,,,,,,,,,,,,,,,,
30,,,7666,,,,,,,,1.0905201435089111,,,,,,,,,,,,,,,,,,,,,,,,,,,,,,,,,,,,,
30,,,7667,,,,,,,,1.0994654893875122,,,,,,,,,,,,,,,,,,,,,,,,,,,,,,,,,,,,,
30,,,7668,,,,,,,,1.0871071815490723,,,,,,,,,,,,,,,,,,,,,,,,,,,,,,,,,,,,,
30,,,7669,,,,,,,,1.1150176525115967,,,,,,,,,,,,,,,,,,,,,,,,,,,,,,,,,,,,,
30,,,7670,,,,,,,,1.0882551670074463,,,,,,,,,,,,,,,,,,,,,,,,,,,,,,,,,,,,,
30,,,7671,,,,,,,,1.0886154174804688,,,,,,,,,,,,,,,,,,,,,,,,,,,,,,,,,,,,,
30,,,7672,,,,,,,,1.1211309432983398,,,,,,,,,,,,,,,,,,,,,,,,,,,,,,,,,,,,,
30,,,7673,,,,,,,,1.1081515550613403,,,,,,,,,,,,,,,,,,,,,,,,,,,,,,,,,,,,,
30,,,7674,,,,,,,,1.128929615020752,,,,,,,,,,,,,,,,,,,,,,,,,,,,,,,,,,,,,
30,,,7675,,,,,,,,1.1782704591751099,,,,,,,,,,,,,,,,,,,,,,,,,,,,,,,,,,,,,
30,,,7676,,,,,,,,1.0804766416549683,,,,,,,,,,,,,,,,,,,,,,,,,,,,,,,,,,,,,
30,,,7677,,,,,,,,1.092814326286316,,,,,,,,,,,,,,,,,,,,,,,,,,,,,,,,,,,,,
30,,,7678,,,,,,,,1.1192495822906494,,,,,,,,,,,,,,,,,,,,,,,,,,,,,,,,,,,,,
30,,,7679,,,,,,,,1.089622974395752,,,,,,,,,,,,,,,,,,,,,,,,,,,,,,,,,,,,,
30,,,7680,,,,,,,,1.085800290107727,,,,,,,,,,,,,,,,,,,,,,,,,,,,,,,,,,,,,
30,,,7681,,,,,,,,1.0805106163024902,,,,,,,,,,,,,,,,,,,,,,,,,,,,,,,,,,,,,
30,,,7682,,,,,,,,1.097410798072815,,,,,,,,,,,,,,,,,,,,,,,,,,,,,,,,,,,,,
30,,,7683,,,,,,,,1.118404746055603,,,,,,,,,,,,,,,,,,,,,,,,,,,,,,,,,,,,,
30,,,7684,,,,,,,,1.081388235092163,,,,,,,,,,,,,,,,,,,,,,,,,,,,,,,,,,,,,
30,,,7685,,,,,,,,1.11310613155365,,,,,,,,,,,,,,,,,,,,,,,,,,,,,,,,,,,,,
30,,,7686,,,,,,,,1.1175647974014282,,,,,,,,,,,,,,,,,,,,,,,,,,,,,,,,,,,,,
30,,,7687,,,,,,,,1.0950909852981567,,,,,,,,,,,,,,,,,,,,,,,,,,,,,,,,,,,,,
30,,,7688,,,,,,,,1.087964653968811,,,,,,,,,,,,,,,,,,,,,,,,,,,,,,,,,,,,,
30,,,7689,,,,,,,,1.1103196144104004,,,,,,,,,,,,,,,,,,,,,,,,,,,,,,,,,,,,,
30,,,7690,,,,,,,,1.0911585092544556,,,,,,,,,,,,,,,,,,,,,,,,,,,,,,,,,,,,,
30,,,7691,,,,,,,,1.0858205556869507,,,,,,,,,,,,,,,,,,,,,,,,,,,,,,,,,,,,,
30,,,7692,,,,,,,,1.1312311887741089,,,,,,,,,,,,,,,,,,,,,,,,,,,,,,,,,,,,,
30,,,7693,,,,,,,,1.0975666046142578,,,,,,,,,,,,,,,,,,,,,,,,,,,,,,,,,,,,,
30,,,7694,,,,,,,,1.0877100229263306,,,,,,,,,,,,,,,,,,,,,,,,,,,,,,,,,,,,,
30,,,7695,,,,,,,,1.1185790300369263,,,,,,,,,,,,,,,,,,,,,,,,,,,,,,,,,,,,,
30,,,7696,,,,,,,,1.085220217704773,,,,,,,,,,,,,,,,,,,,,,,,,,,,,,,,,,,,,
30,,,7697,,,,,,,,1.1654915809631348,,,,,,,,,,,,,,,,,,,,,,,,,,,,,,,,,,,,,
30,,,7698,,,,,,,,1.0817313194274902,,,,,,,,,,,,,,,,,,,,,,,,,,,,,,,,,,,,,
30,,,7699,,,,,,,,1.1330745220184326,,,,,,,,,,,,,,,,,,,,,,,,,,,,,,,,,,,,,
30,,,7700,,,,,,,,1.0920352935791016,,,,,,,,,,,,,,,,,,,,,,,,,,,,,,,,,,,,,
30,,,7701,,,,,,,,1.097170114517212,,,,,,,,,,,,,,,,,,,,,,,,,,,,,,,,,,,,,
30,,,7702,,,,,,,,1.0996205806732178,,,,,,,,,,,,,,,,,,,,,,,,,,,,,,,,,,,,,
30,,,7703,,,,,,,,1.095042109489441,,,,,,,,,,,,,,,,,,,,,,,,,,,,,,,,,,,,,
30,,,7704,,,,,,,,1.086145281791687,,,,,,,,,,,,,,,,,,,,,,,,,,,,,,,,,,,,,
30,,,7705,,,,,,,,1.1132562160491943,,,,,,,,,,,,,,,,,,,,,,,,,,,,,,,,,,,,,
30,,,7706,,,,,,,,1.0816084146499634,,,,,,,,,,,,,,,,,,,,,,,,,,,,,,,,,,,,,
30,,,7707,,,,,,,,1.0818228721618652,,,,,,,,,,,,,,,,,,,,,,,,,,,,,,,,,,,,,
30,,,7708,,,,,,,,1.0864721536636353,,,,,,,,,,,,,,,,,,,,,,,,,,,,,,,,,,,,,
30,,,7709,,,,,,,,1.1242597103118896,,,,,,,,,,,,,,,,,,,,,,,,,,,,,,,,,,,,,
30,,,7710,,,,,,,,1.169288158416748,,,,,,,,,,,,,,,,,,,,,,,,,,,,,,,,,,,,,
30,,,7711,,,,,,,,1.0919283628463745,,,,,,,,,,,,,,,,,,,,,,,,,,,,,,,,,,,,,
30,,,7712,,,,,,,,1.1283302307128906,,,,,,,,,,,,,,,,,,,,,,,,,,,,,,,,,,,,,
30,,,7713,,,,,,,,1.1163051128387451,,,,,,,,,,,,,,,,,,,,,,,,,,,,,,,,,,,,,
30,,,7714,,,,,,,,1.0982693433761597,,,,,,,,,,,,,,,,,,,,,,,,,,,,,,,,,,,,,
30,,,7715,,,,,,,,1.1305209398269653,,,,,,,,,,,,,,,,,,,,,,,,,,,,,,,,,,,,,
30,,,7716,,,,,,,,1.1196873188018799,,,,,,,,,,,,,,,,,,,,,,,,,,,,,,,,,,,,,
30,,,7717,,,,,,,,1.1407299041748047,,,,,,,,,,,,,,,,,,,,,,,,,,,,,,,,,,,,,
30,,,7718,,,,,,,,1.0971264839172363,,,,,,,,,,,,,,,,,,,,,,,,,,,,,,,,,,,,,
30,,,7719,,,,,,,,1.1020705699920654,,,,,,,,,,,,,,,,,,,,,,,,,,,,,,,,,,,,,
30,,,7720,,,,,,,,1.1079413890838623,,,,,,,,,,,,,,,,,,,,,,,,,,,,,,,,,,,,,
30,,,7721,,,,,,,,1.2418283224105835,,,,,,,,,,,,,,,,,,,,,,,,,,,,,,,,,,,,,
30,,,7722,,,,,,,,1.121684193611145,,,,,,,,,,,,,,,,,,,,,,,,,,,,,,,,,,,,,
30,,,7723,,,,,,,,1.1229920387268066,,,,,,,,,,,,,,,,,,,,,,,,,,,,,,,,,,,,,
30,,,7724,,,,,,,,1.0903078317642212,,,,,,,,,,,,,,,,,,,,,,,,,,,,,,,,,,,,,
30,,,7725,,,,,,,,1.1073079109191895,,,,,,,,,,,,,,,,,,,,,,,,,,,,,,,,,,,,,
30,,,7726,,,,,,,,1.100996494293213,,,,,,,,,,,,,,,,,,,,,,,,,,,,,,,,,,,,,
30,,,7727,,,,,,,,1.1125290393829346,,,,,,,,,,,,,,,,,,,,,,,,,,,,,,,,,,,,,
30,,,7728,,,,,,,,1.0842931270599365,,,,,,,,,,,,,,,,,,,,,,,,,,,,,,,,,,,,,
30,,,7729,,,,,,,,1.093951940536499,,,,,,,,,,,,,,,,,,,,,,,,,,,,,,,,,,,,,
30,,,7730,,,,,,,,1.0858197212219238,,,,,,,,,,,,,,,,,,,,,,,,,,,,,,,,,,,,,
30,,,7731,,,,,,,,1.0845438241958618,,,,,,,,,,,,,,,,,,,,,,,,,,,,,,,,,,,,,
30,,,7732,,,,,,,,1.1226142644882202,,,,,,,,,,,,,,,,,,,,,,,,,,,,,,,,,,,,,
30,,,7733,,,,,,,,1.1280784606933594,,,,,,,,,,,,,,,,,,,,,,,,,,,,,,,,,,,,,
30,,,7734,,,,,,,,1.0800776481628418,,,,,,,,,,,,,,,,,,,,,,,,,,,,,,,,,,,,,
30,,,7735,,,,,,,,1.2093470096588135,,,,,,,,,,,,,,,,,,,,,,,,,,,,,,,,,,,,,
30,,,7736,,,,,,,,1.0912245512008667,,,,,,,,,,,,,,,,,,,,,,,,,,,,,,,,,,,,,
30,,,7737,,,,,,,,1.0947248935699463,,,,,,,,,,,,,,,,,,,,,,,,,,,,,,,,,,,,,
30,,,7738,,,,,,,,1.1084885597229004,,,,,,,,,,,,,,,,,,,,,,,,,,,,,,,,,,,,,
30,,,7739,,,,,,,,1.0892904996871948,,,,,,,,,,,,,,,,,,,,,,,,,,,,,,,,,,,,,
30,,,7740,,,,,,,,1.1007277965545654,,,,,,,,,,,,,,,,,,,,,,,,,,,,,,,,,,,,,
30,,,7741,,,,,,,,1.105491280555725,,,,,,,,,,,,,,,,,,,,,,,,,,,,,,,,,,,,,
30,,,7742,,,,,,,,1.1275699138641357,,,,,,,,,,,,,,,,,,,,,,,,,,,,,,,,,,,,,
30,,,7743,,,,,,,,1.0895590782165527,,,,,,,,,,,,,,,,,,,,,,,,,,,,,,,,,,,,,
30,,,7744,,,,,,,,1.0958420038223267,,,,,,,,,,,,,,,,,,,,,,,,,,,,,,,,,,,,,
30,,,7745,,,,,,,,1.088742971420288,,,,,,,,,,,,,,,,,,,,,,,,,,,,,,,,,,,,,
30,,,7746,,,,,,,,1.1233030557632446,,,,,,,,,,,,,,,,,,,,,,,,,,,,,,,,,,,,,
30,,,7747,,,,,,,,1.2013306617736816,,,,,,,,,,,,,,,,,,,,,,,,,,,,,,,,,,,,,
30,,,7748,,,,,,,,1.1478430032730103,,,,,,,,,,,,,,,,,,,,,,,,,,,,,,,,,,,,,
30,,,7749,,,,,,,,1.0828864574432373,,,,,,,,,,,,,,,,,,,,,,,,,,,,,,,,,,,,,
30,,,7749,,,,,,,,,,,0.340591162443161,0.0053823888301849365,0.669921875,1.33984375,54.966796875,0.669921875,271790.65625,0.8378487229347229,0.8378487229347229,,1.0,0.29332733154296875,54.966796875,0.669921875,0.9637473225593567,0.04726680368185043,22118.0,0.0019047781825065613,0.002843284048140049,0.41702455282211304,0.6224973201751709,0.005660712718963623,1475.0,0.01685049757361412,0.02515293098986149,0.26207754015922546,0.39120614528656006,0.01421901024878025,7373.0,0.004830624908208847,0.00721072917804122,0.33928123116493225,0.5064489841461182,0.01654941961169243,0.00037276724469847977
30,,20.0,7749,264139.375,0.8511743545532227,0.8533826470375061,,1.1087361574172974,0.8533826470375061,1.0,,0.30012890696525574,0.9104999899864197,,,,,,,,,,,,,,,,,,,,,,,,,,,,,,,,,,,
,9.478131709729836e-05,,7750,,,,,,,,,,,,,,,,,,,,,,,,,,,,,,,,,,,,,,,,,,,,,
31,,,7750,,,,,,,,1.0846481323242188,,,,,,,,,,,,,,,,,,,,,,,,,,,,,,,,,,,,,
31,,,7751,,,,,,,,1.0868788957595825,,,,,,,,,,,,,,,,,,,,,,,,,,,,,,,,,,,,,
31,,,7752,,,,,,,,1.107691764831543,,,,,,,,,,,,,,,,,,,,,,,,,,,,,,,,,,,,,
31,,,7753,,,,,,,,1.1320936679840088,,,,,,,,,,,,,,,,,,,,,,,,,,,,,,,,,,,,,
31,,,7754,,,,,,,,1.1111875772476196,,,,,,,,,,,,,,,,,,,,,,,,,,,,,,,,,,,,,
31,,,7755,,,,,,,,1.1196744441986084,,,,,,,,,,,,,,,,,,,,,,,,,,,,,,,,,,,,,
31,,,7756,,,,,,,,1.0971717834472656,,,,,,,,,,,,,,,,,,,,,,,,,,,,,,,,,,,,,
31,,,7757,,,,,,,,1.1433274745941162,,,,,,,,,,,,,,,,,,,,,,,,,,,,,,,,,,,,,
31,,,7758,,,,,,,,1.0947641134262085,,,,,,,,,,,,,,,,,,,,,,,,,,,,,,,,,,,,,
31,,,7759,,,,,,,,1.0929667949676514,,,,,,,,,,,,,,,,,,,,,,,,,,,,,,,,,,,,,
31,,,7760,,,,,,,,1.1054649353027344,,,,,,,,,,,,,,,,,,,,,,,,,,,,,,,,,,,,,
31,,,7761,,,,,,,,1.0964714288711548,,,,,,,,,,,,,,,,,,,,,,,,,,,,,,,,,,,,,
31,,,7762,,,,,,,,1.1480218172073364,,,,,,,,,,,,,,,,,,,,,,,,,,,,,,,,,,,,,
31,,,7763,,,,,,,,1.0935537815093994,,,,,,,,,,,,,,,,,,,,,,,,,,,,,,,,,,,,,
31,,,7764,,,,,,,,1.1155970096588135,,,,,,,,,,,,,,,,,,,,,,,,,,,,,,,,,,,,,
31,,,7765,,,,,,,,1.1181187629699707,,,,,,,,,,,,,,,,,,,,,,,,,,,,,,,,,,,,,
31,,,7766,,,,,,,,1.0806987285614014,,,,,,,,,,,,,,,,,,,,,,,,,,,,,,,,,,,,,
31,,,7767,,,,,,,,1.0896663665771484,,,,,,,,,,,,,,,,,,,,,,,,,,,,,,,,,,,,,
31,,,7768,,,,,,,,1.0870243310928345,,,,,,,,,,,,,,,,,,,,,,,,,,,,,,,,,,,,,
31,,,7769,,,,,,,,1.0883395671844482,,,,,,,,,,,,,,,,,,,,,,,,,,,,,,,,,,,,,
31,,,7770,,,,,,,,1.0855430364608765,,,,,,,,,,,,,,,,,,,,,,,,,,,,,,,,,,,,,
31,,,7771,,,,,,,,1.0998950004577637,,,,,,,,,,,,,,,,,,,,,,,,,,,,,,,,,,,,,
31,,,7772,,,,,,,,1.0915166139602661,,,,,,,,,,,,,,,,,,,,,,,,,,,,,,,,,,,,,
31,,,7773,,,,,,,,1.080795168876648,,,,,,,,,,,,,,,,,,,,,,,,,,,,,,,,,,,,,
31,,,7774,,,,,,,,1.0989757776260376,,,,,,,,,,,,,,,,,,,,,,,,,,,,,,,,,,,,,
31,,,7775,,,,,,,,1.0916094779968262,,,,,,,,,,,,,,,,,,,,,,,,,,,,,,,,,,,,,
31,,,7776,,,,,,,,1.0860742330551147,,,,,,,,,,,,,,,,,,,,,,,,,,,,,,,,,,,,,
31,,,7777,,,,,,,,1.1114896535873413,,,,,,,,,,,,,,,,,,,,,,,,,,,,,,,,,,,,,
31,,,7778,,,,,,,,1.1054173707962036,,,,,,,,,,,,,,,,,,,,,,,,,,,,,,,,,,,,,
31,,,7779,,,,,,,,1.083375096321106,,,,,,,,,,,,,,,,,,,,,,,,,,,,,,,,,,,,,
31,,,7780,,,,,,,,1.1069846153259277,,,,,,,,,,,,,,,,,,,,,,,,,,,,,,,,,,,,,
31,,,7781,,,,,,,,1.1008870601654053,,,,,,,,,,,,,,,,,,,,,,,,,,,,,,,,,,,,,
31,,,7782,,,,,,,,1.1126104593276978,,,,,,,,,,,,,,,,,,,,,,,,,,,,,,,,,,,,,
31,,,7783,,,,,,,,1.1184766292572021,,,,,,,,,,,,,,,,,,,,,,,,,,,,,,,,,,,,,
31,,,7784,,,,,,,,1.1169718503952026,,,,,,,,,,,,,,,,,,,,,,,,,,,,,,,,,,,,,
31,,,7785,,,,,,,,1.1375058889389038,,,,,,,,,,,,,,,,,,,,,,,,,,,,,,,,,,,,,
31,,,7786,,,,,,,,1.0919523239135742,,,,,,,,,,,,,,,,,,,,,,,,,,,,,,,,,,,,,
31,,,7787,,,,,,,,1.175832986831665,,,,,,,,,,,,,,,,,,,,,,,,,,,,,,,,,,,,,
31,,,7788,,,,,,,,1.0803370475769043,,,,,,,,,,,,,,,,,,,,,,,,,,,,,,,,,,,,,
31,,,7789,,,,,,,,1.1231995820999146,,,,,,,,,,,,,,,,,,,,,,,,,,,,,,,,,,,,,
31,,,7790,,,,,,,,1.1686605215072632,,,,,,,,,,,,,,,,,,,,,,,,,,,,,,,,,,,,,
31,,,7791,,,,,,,,1.091091275215149,,,,,,,,,,,,,,,,,,,,,,,,,,,,,,,,,,,,,
31,,,7792,,,,,,,,1.1104611158370972,,,,,,,,,,,,,,,,,,,,,,,,,,,,,,,,,,,,,
31,,,7793,,,,,,,,1.108093023300171,,,,,,,,,,,,,,,,,,,,,,,,,,,,,,,,,,,,,
31,,,7794,,,,,,,,1.2005605697631836,,,,,,,,,,,,,,,,,,,,,,,,,,,,,,,,,,,,,
31,,,7795,,,,,,,,1.1125024557113647,,,,,,,,,,,,,,,,,,,,,,,,,,,,,,,,,,,,,
31,,,7796,,,,,,,,1.0897228717803955,,,,,,,,,,,,,,,,,,,,,,,,,,,,,,,,,,,,,
31,,,7797,,,,,,,,1.1168928146362305,,,,,,,,,,,,,,,,,,,,,,,,,,,,,,,,,,,,,
31,,,7798,,,,,,,,1.0980682373046875,,,,,,,,,,,,,,,,,,,,,,,,,,,,,,,,,,,,,
31,,,7799,,,,,,,,1.08303701877594,,,,,,,,,,,,,,,,,,,,,,,,,,,,,,,,,,,,,
31,,,7800,,,,,,,,1.1125627756118774,,,,,,,,,,,,,,,,,,,,,,,,,,,,,,,,,,,,,
31,,,7801,,,,,,,,1.107875108718872,,,,,,,,,,,,,,,,,,,,,,,,,,,,,,,,,,,,,
31,,,7802,,,,,,,,1.0948323011398315,,,,,,,,,,,,,,,,,,,,,,,,,,,,,,,,,,,,,
31,,,7803,,,,,,,,1.0800875425338745,,,,,,,,,,,,,,,,,,,,,,,,,,,,,,,,,,,,,
31,,,7804,,,,,,,,1.0877726078033447,,,,,,,,,,,,,,,,,,,,,,,,,,,,,,,,,,,,,
31,,,7805,,,,,,,,1.1007704734802246,,,,,,,,,,,,,,,,,,,,,,,,,,,,,,,,,,,,,
31,,,7806,,,,,,,,1.0964758396148682,,,,,,,,,,,,,,,,,,,,,,,,,,,,,,,,,,,,,
31,,,7807,,,,,,,,1.083491563796997,,,,,,,,,,,,,,,,,,,,,,,,,,,,,,,,,,,,,
31,,,7808,,,,,,,,1.0868892669677734,,,,,,,,,,,,,,,,,,,,,,,,,,,,,,,,,,,,,
31,,,7809,,,,,,,,1.097217321395874,,,,,,,,,,,,,,,,,,,,,,,,,,,,,,,,,,,,,
31,,,7810,,,,,,,,1.1598949432373047,,,,,,,,,,,,,,,,,,,,,,,,,,,,,,,,,,,,,
31,,,7811,,,,,,,,1.1055207252502441,,,,,,,,,,,,,,,,,,,,,,,,,,,,,,,,,,,,,
31,,,7812,,,,,,,,1.106415033340454,,,,,,,,,,,,,,,,,,,,,,,,,,,,,,,,,,,,,
31,,,7813,,,,,,,,1.1052284240722656,,,,,,,,,,,,,,,,,,,,,,,,,,,,,,,,,,,,,
31,,,7814,,,,,,,,1.1247938871383667,,,,,,,,,,,,,,,,,,,,,,,,,,,,,,,,,,,,,
31,,,7815,,,,,,,,1.1020511388778687,,,,,,,,,,,,,,,,,,,,,,,,,,,,,,,,,,,,,
31,,,7816,,,,,,,,1.1548359394073486,,,,,,,,,,,,,,,,,,,,,,,,,,,,,,,,,,,,,
31,,,7817,,,,,,,,1.0842405557632446,,,,,,,,,,,,,,,,,,,,,,,,,,,,,,,,,,,,,
31,,,7818,,,,,,,,1.1026650667190552,,,,,,,,,,,,,,,,,,,,,,,,,,,,,,,,,,,,,
31,,,7819,,,,,,,,1.0912227630615234,,,,,,,,,,,,,,,,,,,,,,,,,,,,,,,,,,,,,
31,,,7820,,,,,,,,1.085972547531128,,,,,,,,,,,,,,,,,,,,,,,,,,,,,,,,,,,,,
31,,,7821,,,,,,,,1.2604360580444336,,,,,,,,,,,,,,,,,,,,,,,,,,,,,,,,,,,,,
31,,,7822,,,,,,,,1.106725811958313,,,,,,,,,,,,,,,,,,,,,,,,,,,,,,,,,,,,,
31,,,7823,,,,,,,,1.1145195960998535,,,,,,,,,,,,,,,,,,,,,,,,,,,,,,,,,,,,,
31,,,7824,,,,,,,,1.0913983583450317,,,,,,,,,,,,,,,,,,,,,,,,,,,,,,,,,,,,,
31,,,7825,,,,,,,,1.1482287645339966,,,,,,,,,,,,,,,,,,,,,,,,,,,,,,,,,,,,,
31,,,7826,,,,,,,,1.0924701690673828,,,,,,,,,,,,,,,,,,,,,,,,,,,,,,,,,,,,,
31,,,7827,,,,,,,,1.0873022079467773,,,,,,,,,,,,,,,,,,,,,,,,,,,,,,,,,,,,,
31,,,7828,,,,,,,,1.099052906036377,,,,,,,,,,,,,,,,,,,,,,,,,,,,,,,,,,,,,
31,,,7829,,,,,,,,1.0989017486572266,,,,,,,,,,,,,,,,,,,,,,,,,,,,,,,,,,,,,
31,,,7830,,,,,,,,1.0958168506622314,,,,,,,,,,,,,,,,,,,,,,,,,,,,,,,,,,,,,
31,,,7831,,,,,,,,1.1934163570404053,,,,,,,,,,,,,,,,,,,,,,,,,,,,,,,,,,,,,
31,,,7832,,,,,,,,1.1095818281173706,,,,,,,,,,,,,,,,,,,,,,,,,,,,,,,,,,,,,
31,,,7833,,,,,,,,1.0958088636398315,,,,,,,,,,,,,,,,,,,,,,,,,,,,,,,,,,,,,
31,,,7834,,,,,,,,1.118330955505371,,,,,,,,,,,,,,,,,,,,,,,,,,,,,,,,,,,,,
31,,,7835,,,,,,,,1.0867998600006104,,,,,,,,,,,,,,,,,,,,,,,,,,,,,,,,,,,,,
31,,,7836,,,,,,,,1.1533399820327759,,,,,,,,,,,,,,,,,,,,,,,,,,,,,,,,,,,,,
31,,,7837,,,,,,,,1.1029348373413086,,,,,,,,,,,,,,,,,,,,,,,,,,,,,,,,,,,,,
31,,,7838,,,,,,,,1.0832747220993042,,,,,,,,,,,,,,,,,,,,,,,,,,,,,,,,,,,,,
31,,,7839,,,,,,,,1.0930736064910889,,,,,,,,,,,,,,,,,,,,,,,,,,,,,,,,,,,,,
31,,,7840,,,,,,,,1.1240394115447998,,,,,,,,,,,,,,,,,,,,,,,,,,,,,,,,,,,,,
31,,,7841,,,,,,,,1.1122181415557861,,,,,,,,,,,,,,,,,,,,,,,,,,,,,,,,,,,,,
31,,,7842,,,,,,,,1.0931731462478638,,,,,,,,,,,,,,,,,,,,,,,,,,,,,,,,,,,,,
31,,,7843,,,,,,,,1.0947154760360718,,,,,,,,,,,,,,,,,,,,,,,,,,,,,,,,,,,,,
31,,,7844,,,,,,,,1.0928525924682617,,,,,,,,,,,,,,,,,,,,,,,,,,,,,,,,,,,,,
31,,,7845,,,,,,,,1.0909518003463745,,,,,,,,,,,,,,,,,,,,,,,,,,,,,,,,,,,,,
31,,,7846,,,,,,,,1.0875715017318726,,,,,,,,,,,,,,,,,,,,,,,,,,,,,,,,,,,,,
31,,,7847,,,,,,,,1.1403744220733643,,,,,,,,,,,,,,,,,,,,,,,,,,,,,,,,,,,,,
31,,,7848,,,,,,,,1.1536684036254883,,,,,,,,,,,,,,,,,,,,,,,,,,,,,,,,,,,,,
31,,,7849,,,,,,,,1.1253135204315186,,,,,,,,,,,,,,,,,,,,,,,,,,,,,,,,,,,,,
31,,,7850,,,,,,,,1.0953007936477661,,,,,,,,,,,,,,,,,,,,,,,,,,,,,,,,,,,,,
31,,,7851,,,,,,,,1.0979351997375488,,,,,,,,,,,,,,,,,,,,,,,,,,,,,,,,,,,,,
31,,,7852,,,,,,,,1.0934518575668335,,,,,,,,,,,,,,,,,,,,,,,,,,,,,,,,,,,,,
31,,,7853,,,,,,,,1.0926127433776855,,,,,,,,,,,,,,,,,,,,,,,,,,,,,,,,,,,,,
31,,,7854,,,,,,,,1.0938172340393066,,,,,,,,,,,,,,,,,,,,,,,,,,,,,,,,,,,,,
31,,,7855,,,,,,,,1.1042667627334595,,,,,,,,,,,,,,,,,,,,,,,,,,,,,,,,,,,,,
31,,,7856,,,,,,,,1.092848777770996,,,,,,,,,,,,,,,,,,,,,,,,,,,,,,,,,,,,,
31,,,7857,,,,,,,,1.1545608043670654,,,,,,,,,,,,,,,,,,,,,,,,,,,,,,,,,,,,,
31,,,7858,,,,,,,,1.119825839996338,,,,,,,,,,,,,,,,,,,,,,,,,,,,,,,,,,,,,
31,,,7859,,,,,,,,1.1217117309570312,,,,,,,,,,,,,,,,,,,,,,,,,,,,,,,,,,,,,
31,,,7860,,,,,,,,1.0984022617340088,,,,,,,,,,,,,,,,,,,,,,,,,,,,,,,,,,,,,
31,,,7861,,,,,,,,1.087577223777771,,,,,,,,,,,,,,,,,,,,,,,,,,,,,,,,,,,,,
31,,,7862,,,,,,,,1.1150598526000977,,,,,,,,,,,,,,,,,,,,,,,,,,,,,,,,,,,,,
31,,,7863,,,,,,,,1.1165461540222168,,,,,,,,,,,,,,,,,,,,,,,,,,,,,,,,,,,,,
31,,,7864,,,,,,,,1.0842154026031494,,,,,,,,,,,,,,,,,,,,,,,,,,,,,,,,,,,,,
31,,,7865,,,,,,,,1.1267030239105225,,,,,,,,,,,,,,,,,,,,,,,,,,,,,,,,,,,,,
31,,,7866,,,,,,,,1.0838950872421265,,,,,,,,,,,,,,,,,,,,,,,,,,,,,,,,,,,,,
31,,,7867,,,,,,,,1.0947624444961548,,,,,,,,,,,,,,,,,,,,,,,,,,,,,,,,,,,,,
31,,,7868,,,,,,,,1.2686947584152222,,,,,,,,,,,,,,,,,,,,,,,,,,,,,,,,,,,,,
31,,,7869,,,,,,,,1.1224290132522583,,,,,,,,,,,,,,,,,,,,,,,,,,,,,,,,,,,,,
31,,,7870,,,,,,,,1.0937927961349487,,,,,,,,,,,,,,,,,,,,,,,,,,,,,,,,,,,,,
31,,,7871,,,,,,,,1.1269831657409668,,,,,,,,,,,,,,,,,,,,,,,,,,,,,,,,,,,,,
31,,,7872,,,,,,,,1.2093126773834229,,,,,,,,,,,,,,,,,,,,,,,,,,,,,,,,,,,,,
31,,,7873,,,,,,,,1.1083606481552124,,,,,,,,,,,,,,,,,,,,,,,,,,,,,,,,,,,,,
31,,,7874,,,,,,,,1.1713390350341797,,,,,,,,,,,,,,,,,,,,,,,,,,,,,,,,,,,,,
31,,,7875,,,,,,,,1.1008564233779907,,,,,,,,,,,,,,,,,,,,,,,,,,,,,,,,,,,,,
31,,,7876,,,,,,,,1.0910210609436035,,,,,,,,,,,,,,,,,,,,,,,,,,,,,,,,,,,,,
31,,,7877,,,,,,,,1.1030521392822266,,,,,,,,,,,,,,,,,,,,,,,,,,,,,,,,,,,,,
31,,,7878,,,,,,,,1.0915119647979736,,,,,,,,,,,,,,,,,,,,,,,,,,,,,,,,,,,,,
31,,,7879,,,,,,,,1.0923155546188354,,,,,,,,,,,,,,,,,,,,,,,,,,,,,,,,,,,,,
31,,,7880,,,,,,,,1.1440433263778687,,,,,,,,,,,,,,,,,,,,,,,,,,,,,,,,,,,,,
31,,,7881,,,,,,,,1.1046173572540283,,,,,,,,,,,,,,,,,,,,,,,,,,,,,,,,,,,,,
31,,,7882,,,,,,,,1.1176791191101074,,,,,,,,,,,,,,,,,,,,,,,,,,,,,,,,,,,,,
31,,,7883,,,,,,,,1.0852351188659668,,,,,,,,,,,,,,,,,,,,,,,,,,,,,,,,,,,,,
31,,,7884,,,,,,,,1.0851999521255493,,,,,,,,,,,,,,,,,,,,,,,,,,,,,,,,,,,,,
31,,,7885,,,,,,,,1.0852776765823364,,,,,,,,,,,,,,,,,,,,,,,,,,,,,,,,,,,,,
31,,,7886,,,,,,,,1.122478723526001,,,,,,,,,,,,,,,,,,,,,,,,,,,,,,,,,,,,,
31,,,7887,,,,,,,,1.0907986164093018,,,,,,,,,,,,,,,,,,,,,,,,,,,,,,,,,,,,,
31,,,7888,,,,,,,,1.0866694450378418,,,,,,,,,,,,,,,,,,,,,,,,,,,,,,,,,,,,,
31,,,7889,,,,,,,,1.159237265586853,,,,,,,,,,,,,,,,,,,,,,,,,,,,,,,,,,,,,
31,,,7890,,,,,,,,1.1118524074554443,,,,,,,,,,,,,,,,,,,,,,,,,,,,,,,,,,,,,
31,,,7891,,,,,,,,1.0811042785644531,,,,,,,,,,,,,,,,,,,,,,,,,,,,,,,,,,,,,
31,,,7892,,,,,,,,1.1790616512298584,,,,,,,,,,,,,,,,,,,,,,,,,,,,,,,,,,,,,
31,,,7893,,,,,,,,1.2505266666412354,,,,,,,,,,,,,,,,,,,,,,,,,,,,,,,,,,,,,
31,,,7894,,,,,,,,1.0847234725952148,,,,,,,,,,,,,,,,,,,,,,,,,,,,,,,,,,,,,
31,,,7895,,,,,,,,1.1818606853485107,,,,,,,,,,,,,,,,,,,,,,,,,,,,,,,,,,,,,
31,,,7896,,,,,,,,1.0935789346694946,,,,,,,,,,,,,,,,,,,,,,,,,,,,,,,,,,,,,
31,,,7897,,,,,,,,1.0826752185821533,,,,,,,,,,,,,,,,,,,,,,,,,,,,,,,,,,,,,
31,,,7898,,,,,,,,1.0969860553741455,,,,,,,,,,,,,,,,,,,,,,,,,,,,,,,,,,,,,
31,,,7899,,,,,,,,1.0951319932937622,,,,,,,,,,,,,,,,,,,,,,,,,,,,,,,,,,,,,
31,,,7900,,,,,,,,1.0987613201141357,,,,,,,,,,,,,,,,,,,,,,,,,,,,,,,,,,,,,
31,,,7901,,,,,,,,1.1128032207489014,,,,,,,,,,,,,,,,,,,,,,,,,,,,,,,,,,,,,
31,,,7902,,,,,,,,1.1046240329742432,,,,,,,,,,,,,,,,,,,,,,,,,,,,,,,,,,,,,
31,,,7903,,,,,,,,1.080596685409546,,,,,,,,,,,,,,,,,,,,,,,,,,,,,,,,,,,,,
31,,,7904,,,,,,,,1.1202012300491333,,,,,,,,,,,,,,,,,,,,,,,,,,,,,,,,,,,,,
31,,,7905,,,,,,,,1.1121466159820557,,,,,,,,,,,,,,,,,,,,,,,,,,,,,,,,,,,,,
31,,,7906,,,,,,,,1.0876368284225464,,,,,,,,,,,,,,,,,,,,,,,,,,,,,,,,,,,,,
31,,,7907,,,,,,,,1.0947506427764893,,,,,,,,,,,,,,,,,,,,,,,,,,,,,,,,,,,,,
31,,,7908,,,,,,,,1.1440086364746094,,,,,,,,,,,,,,,,,,,,,,,,,,,,,,,,,,,,,
31,,,7909,,,,,,,,1.170649528503418,,,,,,,,,,,,,,,,,,,,,,,,,,,,,,,,,,,,,
31,,,7910,,,,,,,,1.0900328159332275,,,,,,,,,,,,,,,,,,,,,,,,,,,,,,,,,,,,,
31,,,7911,,,,,,,,1.0938444137573242,,,,,,,,,,,,,,,,,,,,,,,,,,,,,,,,,,,,,
31,,,7912,,,,,,,,1.1108431816101074,,,,,,,,,,,,,,,,,,,,,,,,,,,,,,,,,,,,,
31,,,7913,,,,,,,,1.1624040603637695,,,,,,,,,,,,,,,,,,,,,,,,,,,,,,,,,,,,,
31,,,7914,,,,,,,,1.1363438367843628,,,,,,,,,,,,,,,,,,,,,,,,,,,,,,,,,,,,,
31,,,7915,,,,,,,,1.4401538372039795,,,,,,,,,,,,,,,,,,,,,,,,,,,,,,,,,,,,,
31,,,7916,,,,,,,,1.0858299732208252,,,,,,,,,,,,,,,,,,,,,,,,,,,,,,,,,,,,,
31,,,7917,,,,,,,,1.0812169313430786,,,,,,,,,,,,,,,,,,,,,,,,,,,,,,,,,,,,,
31,,,7918,,,,,,,,1.090735912322998,,,,,,,,,,,,,,,,,,,,,,,,,,,,,,,,,,,,,
31,,,7919,,,,,,,,1.0878218412399292,,,,,,,,,,,,,,,,,,,,,,,,,,,,,,,,,,,,,
31,,,7920,,,,,,,,1.1057084798812866,,,,,,,,,,,,,,,,,,,,,,,,,,,,,,,,,,,,,
31,,,7921,,,,,,,,1.0927674770355225,,,,,,,,,,,,,,,,,,,,,,,,,,,,,,,,,,,,,
31,,,7922,,,,,,,,1.1001451015472412,,,,,,,,,,,,,,,,,,,,,,,,,,,,,,,,,,,,,
31,,,7923,,,,,,,,1.1122430562973022,,,,,,,,,,,,,,,,,,,,,,,,,,,,,,,,,,,,,
31,,,7924,,,,,,,,1.1298052072525024,,,,,,,,,,,,,,,,,,,,,,,,,,,,,,,,,,,,,
31,,,7925,,,,,,,,1.1423280239105225,,,,,,,,,,,,,,,,,,,,,,,,,,,,,,,,,,,,,
31,,,7926,,,,,,,,1.091361403465271,,,,,,,,,,,,,,,,,,,,,,,,,,,,,,,,,,,,,
31,,,7927,,,,,,,,1.0949538946151733,,,,,,,,,,,,,,,,,,,,,,,,,,,,,,,,,,,,,
31,,,7928,,,,,,,,1.1549932956695557,,,,,,,,,,,,,,,,,,,,,,,,,,,,,,,,,,,,,
31,,,7929,,,,,,,,1.26860773563385,,,,,,,,,,,,,,,,,,,,,,,,,,,,,,,,,,,,,
31,,,7930,,,,,,,,1.1317753791809082,,,,,,,,,,,,,,,,,,,,,,,,,,,,,,,,,,,,,
31,,,7931,,,,,,,,1.090380311012268,,,,,,,,,,,,,,,,,,,,,,,,,,,,,,,,,,,,,
31,,,7932,,,,,,,,1.095786690711975,,,,,,,,,,,,,,,,,,,,,,,,,,,,,,,,,,,,,
31,,,7933,,,,,,,,1.1891489028930664,,,,,,,,,,,,,,,,,,,,,,,,,,,,,,,,,,,,,
31,,,7934,,,,,,,,1.1339532136917114,,,,,,,,,,,,,,,,,,,,,,,,,,,,,,,,,,,,,
31,,,7935,,,,,,,,1.1332427263259888,,,,,,,,,,,,,,,,,,,,,,,,,,,,,,,,,,,,,
31,,,7936,,,,,,,,1.1338934898376465,,,,,,,,,,,,,,,,,,,,,,,,,,,,,,,,,,,,,
31,,,7937,,,,,,,,1.0844764709472656,,,,,,,,,,,,,,,,,,,,,,,,,,,,,,,,,,,,,
31,,,7938,,,,,,,,1.116654872894287,,,,,,,,,,,,,,,,,,,,,,,,,,,,,,,,,,,,,
31,,,7939,,,,,,,,1.0830577611923218,,,,,,,,,,,,,,,,,,,,,,,,,,,,,,,,,,,,,
31,,,7940,,,,,,,,1.0826447010040283,,,,,,,,,,,,,,,,,,,,,,,,,,,,,,,,,,,,,
31,,,7941,,,,,,,,1.0952883958816528,,,,,,,,,,,,,,,,,,,,,,,,,,,,,,,,,,,,,
31,,,7942,,,,,,,,1.112501621246338,,,,,,,,,,,,,,,,,,,,,,,,,,,,,,,,,,,,,
31,,,7943,,,,,,,,1.0930933952331543,,,,,,,,,,,,,,,,,,,,,,,,,,,,,,,,,,,,,
31,,,7944,,,,,,,,1.0877277851104736,,,,,,,,,,,,,,,,,,,,,,,,,,,,,,,,,,,,,
31,,,7945,,,,,,,,1.0892963409423828,,,,,,,,,,,,,,,,,,,,,,,,,,,,,,,,,,,,,
31,,,7946,,,,,,,,1.0882787704467773,,,,,,,,,,,,,,,,,,,,,,,,,,,,,,,,,,,,,
31,,,7947,,,,,,,,1.0865163803100586,,,,,,,,,,,,,,,,,,,,,,,,,,,,,,,,,,,,,
31,,,7948,,,,,,,,1.088165283203125,,,,,,,,,,,,,,,,,,,,,,,,,,,,,,,,,,,,,
31,,,7949,,,,,,,,1.1659032106399536,,,,,,,,,,,,,,,,,,,,,,,,,,,,,,,,,,,,,
31,,,7950,,,,,,,,1.1054022312164307,,,,,,,,,,,,,,,,,,,,,,,,,,,,,,,,,,,,,
31,,,7951,,,,,,,,1.154280662536621,,,,,,,,,,,,,,,,,,,,,,,,,,,,,,,,,,,,,
31,,,7952,,,,,,,,1.0947153568267822,,,,,,,,,,,,,,,,,,,,,,,,,,,,,,,,,,,,,
31,,,7953,,,,,,,,1.0974889993667603,,,,,,,,,,,,,,,,,,,,,,,,,,,,,,,,,,,,,
31,,,7954,,,,,,,,1.147857904434204,,,,,,,,,,,,,,,,,,,,,,,,,,,,,,,,,,,,,
31,,,7955,,,,,,,,1.0815914869308472,,,,,,,,,,,,,,,,,,,,,,,,,,,,,,,,,,,,,
31,,,7956,,,,,,,,1.1148428916931152,,,,,,,,,,,,,,,,,,,,,,,,,,,,,,,,,,,,,
31,,,7957,,,,,,,,1.093026041984558,,,,,,,,,,,,,,,,,,,,,,,,,,,,,,,,,,,,,
31,,,7958,,,,,,,,1.0969687700271606,,,,,,,,,,,,,,,,,,,,,,,,,,,,,,,,,,,,,
31,,,7959,,,,,,,,1.081239938735962,,,,,,,,,,,,,,,,,,,,,,,,,,,,,,,,,,,,,
31,,,7960,,,,,,,,1.1091458797454834,,,,,,,,,,,,,,,,,,,,,,,,,,,,,,,,,,,,,
31,,,7961,,,,,,,,1.1240215301513672,,,,,,,,,,,,,,,,,,,,,,,,,,,,,,,,,,,,,
31,,,7962,,,,,,,,1.14211905002594,,,,,,,,,,,,,,,,,,,,,,,,,,,,,,,,,,,,,
31,,,7963,,,,,,,,1.1524338722229004,,,,,,,,,,,,,,,,,,,,,,,,,,,,,,,,,,,,,
31,,,7964,,,,,,,,1.1145001649856567,,,,,,,,,,,,,,,,,,,,,,,,,,,,,,,,,,,,,
31,,,7965,,,,,,,,1.0888134241104126,,,,,,,,,,,,,,,,,,,,,,,,,,,,,,,,,,,,,
31,,,7966,,,,,,,,1.0829213857650757,,,,,,,,,,,,,,,,,,,,,,,,,,,,,,,,,,,,,
31,,,7967,,,,,,,,1.094257116317749,,,,,,,,,,,,,,,,,,,,,,,,,,,,,,,,,,,,,
31,,,7968,,,,,,,,1.1128013134002686,,,,,,,,,,,,,,,,,,,,,,,,,,,,,,,,,,,,,
31,,,7969,,,,,,,,1.115673542022705,,,,,,,,,,,,,,,,,,,,,,,,,,,,,,,,,,,,,
31,,,7970,,,,,,,,1.0831122398376465,,,,,,,,,,,,,,,,,,,,,,,,,,,,,,,,,,,,,
31,,,7971,,,,,,,,1.0958608388900757,,,,,,,,,,,,,,,,,,,,,,,,,,,,,,,,,,,,,
31,,,7972,,,,,,,,1.110395908355713,,,,,,,,,,,,,,,,,,,,,,,,,,,,,,,,,,,,,
31,,,7973,,,,,,,,1.1042557954788208,,,,,,,,,,,,,,,,,,,,,,,,,,,,,,,,,,,,,
31,,,7974,,,,,,,,1.0972986221313477,,,,,,,,,,,,,,,,,,,,,,,,,,,,,,,,,,,,,
31,,,7975,,,,,,,,1.0832138061523438,,,,,,,,,,,,,,,,,,,,,,,,,,,,,,,,,,,,,
31,,,7976,,,,,,,,1.0931378602981567,,,,,,,,,,,,,,,,,,,,,,,,,,,,,,,,,,,,,
31,,,7977,,,,,,,,1.1949032545089722,,,,,,,,,,,,,,,,,,,,,,,,,,,,,,,,,,,,,
31,,,7978,,,,,,,,1.116363286972046,,,,,,,,,,,,,,,,,,,,,,,,,,,,,,,,,,,,,
31,,,7979,,,,,,,,1.0848488807678223,,,,,,,,,,,,,,,,,,,,,,,,,,,,,,,,,,,,,
31,,,7980,,,,,,,,1.0808526277542114,,,,,,,,,,,,,,,,,,,,,,,,,,,,,,,,,,,,,
31,,,7981,,,,,,,,1.0874124765396118,,,,,,,,,,,,,,,,,,,,,,,,,,,,,,,,,,,,,
31,,,7982,,,,,,,,1.0888184309005737,,,,,,,,,,,,,,,,,,,,,,,,,,,,,,,,,,,,,
31,,,7983,,,,,,,,1.1059808731079102,,,,,,,,,,,,,,,,,,,,,,,,,,,,,,,,,,,,,
31,,,7984,,,,,,,,1.0816079378128052,,,,,,,,,,,,,,,,,,,,,,,,,,,,,,,,,,,,,
31,,,7985,,,,,,,,1.0894348621368408,,,,,,,,,,,,,,,,,,,,,,,,,,,,,,,,,,,,,
31,,,7986,,,,,,,,1.0936803817749023,,,,,,,,,,,,,,,,,,,,,,,,,,,,,,,,,,,,,
31,,,7987,,,,,,,,1.11936354637146,,,,,,,,,,,,,,,,,,,,,,,,,,,,,,,,,,,,,
31,,,7988,,,,,,,,1.161440372467041,,,,,,,,,,,,,,,,,,,,,,,,,,,,,,,,,,,,,
31,,,7989,,,,,,,,1.091341257095337,,,,,,,,,,,,,,,,,,,,,,,,,,,,,,,,,,,,,
31,,,7990,,,,,,,,1.089651107788086,,,,,,,,,,,,,,,,,,,,,,,,,,,,,,,,,,,,,
31,,,7991,,,,,,,,1.0919233560562134,,,,,,,,,,,,,,,,,,,,,,,,,,,,,,,,,,,,,
31,,,7992,,,,,,,,1.0902233123779297,,,,,,,,,,,,,,,,,,,,,,,,,,,,,,,,,,,,,
31,,,7993,,,,,,,,1.1128870248794556,,,,,,,,,,,,,,,,,,,,,,,,,,,,,,,,,,,,,
31,,,7994,,,,,,,,1.081223487854004,,,,,,,,,,,,,,,,,,,,,,,,,,,,,,,,,,,,,
31,,,7995,,,,,,,,1.0954220294952393,,,,,,,,,,,,,,,,,,,,,,,,,,,,,,,,,,,,,
31,,,7996,,,,,,,,1.1178879737854004,,,,,,,,,,,,,,,,,,,,,,,,,,,,,,,,,,,,,
31,,,7997,,,,,,,,1.085721731185913,,,,,,,,,,,,,,,,,,,,,,,,,,,,,,,,,,,,,
31,,,7998,,,,,,,,1.1056218147277832,,,,,,,,,,,,,,,,,,,,,,,,,,,,,,,,,,,,,
31,,,7999,,,,,,,,1.0903240442276,,,,,,,,,,,,,,,,,,,,,,,,,,,,,,,,,,,,,
31,,,7999,,,,,,,,,,,0.3377344608306885,0.005069029051810503,0.669921875,1.33984375,54.966796875,0.669921875,271790.65625,0.8378478288650513,0.8378478288650513,,1.0,0.29515838623046875,54.966796875,0.669921875,0.9515673518180847,0.04739167168736458,22118.0,0.0018756380304694176,0.0027997863944619894,0.4101899564266205,0.6122952103614807,0.005574084352701902,1475.0,0.0168822780251503,0.025200368836522102,0.26588958501815796,0.3968964219093323,0.01417587697505951,7373.0,0.004815657157450914,0.007188386283814907,0.33980894088745117,0.507236659526825,0.016518140211701393,0.00037276724469847977
31,,20.0,7999,265548.96875,0.8519185185432434,0.8533252477645874,,1.1088998317718506,0.8533252477645874,1.0,,0.3000195324420929,0.9164999723434448,,,,,,,,,,,,,,,,,,,,,,,,,,,,,,,,,,,
,8.61331062652391e-05,,8000,,,,,,,,,,,,,,,,,,,,,,,,,,,,,,,,,,,,,,,,,,,,,
32,,,8000,,,,,,,,1.0801326036453247,,,,,,,,,,,,,,,,,,,,,,,,,,,,,,,,,,,,,
32,,,8001,,,,,,,,1.0965193510055542,,,,,,,,,,,,,,,,,,,,,,,,,,,,,,,,,,,,,
32,,,8002,,,,,,,,1.0929580926895142,,,,,,,,,,,,,,,,,,,,,,,,,,,,,,,,,,,,,
32,,,8003,,,,,,,,1.1005711555480957,,,,,,,,,,,,,,,,,,,,,,,,,,,,,,,,,,,,,
32,,,8004,,,,,,,,1.090193748474121,,,,,,,,,,,,,,,,,,,,,,,,,,,,,,,,,,,,,
32,,,8005,,,,,,,,1.085113525390625,,,,,,,,,,,,,,,,,,,,,,,,,,,,,,,,,,,,,
32,,,8006,,,,,,,,1.0856298208236694,,,,,,,,,,,,,,,,,,,,,,,,,,,,,,,,,,,,,
32,,,8007,,,,,,,,1.1185368299484253,,,,,,,,,,,,,,,,,,,,,,,,,,,,,,,,,,,,,
32,,,8008,,,,,,,,1.1088136434555054,,,,,,,,,,,,,,,,,,,,,,,,,,,,,,,,,,,,,
32,,,8009,,,,,,,,1.1619174480438232,,,,,,,,,,,,,,,,,,,,,,,,,,,,,,,,,,,,,
32,,,8010,,,,,,,,1.135141372680664,,,,,,,,,,,,,,,,,,,,,,,,,,,,,,,,,,,,,
32,,,8011,,,,,,,,1.0845506191253662,,,,,,,,,,,,,,,,,,,,,,,,,,,,,,,,,,,,,
32,,,8012,,,,,,,,1.1125919818878174,,,,,,,,,,,,,,,,,,,,,,,,,,,,,,,,,,,,,
32,,,8013,,,,,,,,1.1337063312530518,,,,,,,,,,,,,,,,,,,,,,,,,,,,,,,,,,,,,
32,,,8014,,,,,,,,1.0818966627120972,,,,,,,,,,,,,,,,,,,,,,,,,,,,,,,,,,,,,
32,,,8015,,,,,,,,1.0884921550750732,,,,,,,,,,,,,,,,,,,,,,,,,,,,,,,,,,,,,
32,,,8016,,,,,,,,1.11445951461792,,,,,,,,,,,,,,,,,,,,,,,,,,,,,,,,,,,,,
32,,,8017,,,,,,,,1.1076372861862183,,,,,,,,,,,,,,,,,,,,,,,,,,,,,,,,,,,,,
32,,,8018,,,,,,,,1.095911979675293,,,,,,,,,,,,,,,,,,,,,,,,,,,,,,,,,,,,,
32,,,8019,,,,,,,,1.095582127571106,,,,,,,,,,,,,,,,,,,,,,,,,,,,,,,,,,,,,
32,,,8020,,,,,,,,1.1172913312911987,,,,,,,,,,,,,,,,,,,,,,,,,,,,,,,,,,,,,
32,,,8021,,,,,,,,1.1063449382781982,,,,,,,,,,,,,,,,,,,,,,,,,,,,,,,,,,,,,
32,,,8022,,,,,,,,1.1406283378601074,,,,,,,,,,,,,,,,,,,,,,,,,,,,,,,,,,,,,
32,,,8023,,,,,,,,1.0863302946090698,,,,,,,,,,,,,,,,,,,,,,,,,,,,,,,,,,,,,
32,,,8024,,,,,,,,1.0949723720550537,,,,,,,,,,,,,,,,,,,,,,,,,,,,,,,,,,,,,
32,,,8025,,,,,,,,1.0968751907348633,,,,,,,,,,,,,,,,,,,,,,,,,,,,,,,,,,,,,
32,,,8026,,,,,,,,1.0852762460708618,,,,,,,,,,,,,,,,,,,,,,,,,,,,,,,,,,,,,
32,,,8027,,,,,,,,1.0826793909072876,,,,,,,,,,,,,,,,,,,,,,,,,,,,,,,,,,,,,
32,,,8028,,,,,,,,1.0887281894683838,,,,,,,,,,,,,,,,,,,,,,,,,,,,,,,,,,,,,
32,,,8029,,,,,,,,1.093872308731079,,,,,,,,,,,,,,,,,,,,,,,,,,,,,,,,,,,,,
32,,,8030,,,,,,,,1.120339274406433,,,,,,,,,,,,,,,,,,,,,,,,,,,,,,,,,,,,,
32,,,8031,,,,,,,,1.161306619644165,,,,,,,,,,,,,,,,,,,,,,,,,,,,,,,,,,,,,
32,,,8032,,,,,,,,1.1203638315200806,,,,,,,,,,,,,,,,,,,,,,,,,,,,,,,,,,,,,
32,,,8033,,,,,,,,1.0905108451843262,,,,,,,,,,,,,,,,,,,,,,,,,,,,,,,,,,,,,
32,,,8034,,,,,,,,1.1080212593078613,,,,,,,,,,,,,,,,,,,,,,,,,,,,,,,,,,,,,
32,,,8035,,,,,,,,1.1228669881820679,,,,,,,,,,,,,,,,,,,,,,,,,,,,,,,,,,,,,
32,,,8036,,,,,,,,1.0812256336212158,,,,,,,,,,,,,,,,,,,,,,,,,,,,,,,,,,,,,
32,,,8037,,,,,,,,1.0927093029022217,,,,,,,,,,,,,,,,,,,,,,,,,,,,,,,,,,,,,
32,,,8038,,,,,,,,1.087186574935913,,,,,,,,,,,,,,,,,,,,,,,,,,,,,,,,,,,,,
32,,,8039,,,,,,,,1.0903446674346924,,,,,,,,,,,,,,,,,,,,,,,,,,,,,,,,,,,,,
32,,,8040,,,,,,,,1.0881760120391846,,,,,,,,,,,,,,,,,,,,,,,,,,,,,,,,,,,,,
32,,,8041,,,,,,,,1.116117238998413,,,,,,,,,,,,,,,,,,,,,,,,,,,,,,,,,,,,,
32,,,8042,,,,,,,,1.0978498458862305,,,,,,,,,,,,,,,,,,,,,,,,,,,,,,,,,,,,,
32,,,8043,,,,,,,,1.1634256839752197,,,,,,,,,,,,,,,,,,,,,,,,,,,,,,,,,,,,,
32,,,8044,,,,,,,,1.082748532295227,,,,,,,,,,,,,,,,,,,,,,,,,,,,,,,,,,,,,
32,,,8045,,,,,,,,1.0872931480407715,,,,,,,,,,,,,,,,,,,,,,,,,,,,,,,,,,,,,
32,,,8046,,,,,,,,1.1806244850158691,,,,,,,,,,,,,,,,,,,,,,,,,,,,,,,,,,,,,
32,,,8047,,,,,,,,1.0884814262390137,,,,,,,,,,,,,,,,,,,,,,,,,,,,,,,,,,,,,
32,,,8048,,,,,,,,1.1045660972595215,,,,,,,,,,,,,,,,,,,,,,,,,,,,,,,,,,,,,
32,,,8049,,,,,,,,1.104722023010254,,,,,,,,,,,,,,,,,,,,,,,,,,,,,,,,,,,,,
32,,,8050,,,,,,,,1.1711211204528809,,,,,,,,,,,,,,,,,,,,,,,,,,,,,,,,,,,,,
32,,,8051,,,,,,,,1.129272222518921,,,,,,,,,,,,,,,,,,,,,,,,,,,,,,,,,,,,,
32,,,8052,,,,,,,,1.1058686971664429,,,,,,,,,,,,,,,,,,,,,,,,,,,,,,,,,,,,,
32,,,8053,,,,,,,,1.0802327394485474,,,,,,,,,,,,,,,,,,,,,,,,,,,,,,,,,,,,,
32,,,8054,,,,,,,,1.089514136314392,,,,,,,,,,,,,,,,,,,,,,,,,,,,,,,,,,,,,
32,,,8055,,,,,,,,1.115976333618164,,,,,,,,,,,,,,,,,,,,,,,,,,,,,,,,,,,,,
32,,,8056,,,,,,,,1.088392734527588,,,,,,,,,,,,,,,,,,,,,,,,,,,,,,,,,,,,,
32,,,8057,,,,,,,,1.0934813022613525,,,,,,,,,,,,,,,,,,,,,,,,,,,,,,,,,,,,,
32,,,8058,,,,,,,,1.0832700729370117,,,,,,,,,,,,,,,,,,,,,,,,,,,,,,,,,,,,,
32,,,8059,,,,,,,,1.1271913051605225,,,,,,,,,,,,,,,,,,,,,,,,,,,,,,,,,,,,,
32,,,8060,,,,,,,,1.0995512008666992,,,,,,,,,,,,,,,,,,,,,,,,,,,,,,,,,,,,,
32,,,8061,,,,,,,,1.0803382396697998,,,,,,,,,,,,,,,,,,,,,,,,,,,,,,,,,,,,,
32,,,8062,,,,,,,,1.1789284944534302,,,,,,,,,,,,,,,,,,,,,,,,,,,,,,,,,,,,,
32,,,8063,,,,,,,,1.0990204811096191,,,,,,,,,,,,,,,,,,,,,,,,,,,,,,,,,,,,,
32,,,8064,,,,,,,,1.0870472192764282,,,,,,,,,,,,,,,,,,,,,,,,,,,,,,,,,,,,,
32,,,8065,,,,,,,,1.1243470907211304,,,,,,,,,,,,,,,,,,,,,,,,,,,,,,,,,,,,,
32,,,8066,,,,,,,,1.0865663290023804,,,,,,,,,,,,,,,,,,,,,,,,,,,,,,,,,,,,,
32,,,8067,,,,,,,,1.094977617263794,,,,,,,,,,,,,,,,,,,,,,,,,,,,,,,,,,,,,
32,,,8068,,,,,,,,1.1011382341384888,,,,,,,,,,,,,,,,,,,,,,,,,,,,,,,,,,,,,
32,,,8069,,,,,,,,1.0814769268035889,,,,,,,,,,,,,,,,,,,,,,,,,,,,,,,,,,,,,
32,,,8070,,,,,,,,1.1624804735183716,,,,,,,,,,,,,,,,,,,,,,,,,,,,,,,,,,,,,
32,,,8071,,,,,,,,1.088226079940796,,,,,,,,,,,,,,,,,,,,,,,,,,,,,,,,,,,,,
32,,,8072,,,,,,,,1.1515671014785767,,,,,,,,,,,,,,,,,,,,,,,,,,,,,,,,,,,,,
32,,,8073,,,,,,,,1.1078022718429565,,,,,,,,,,,,,,,,,,,,,,,,,,,,,,,,,,,,,
32,,,8074,,,,,,,,1.1633232831954956,,,,,,,,,,,,,,,,,,,,,,,,,,,,,,,,,,,,,
32,,,8075,,,,,,,,1.0832059383392334,,,,,,,,,,,,,,,,,,,,,,,,,,,,,,,,,,,,,
32,,,8076,,,,,,,,1.118402361869812,,,,,,,,,,,,,,,,,,,,,,,,,,,,,,,,,,,,,
32,,,8077,,,,,,,,1.0828030109405518,,,,,,,,,,,,,,,,,,,,,,,,,,,,,,,,,,,,,
32,,,8078,,,,,,,,1.08639657497406,,,,,,,,,,,,,,,,,,,,,,,,,,,,,,,,,,,,,
32,,,8079,,,,,,,,1.0912575721740723,,,,,,,,,,,,,,,,,,,,,,,,,,,,,,,,,,,,,
32,,,8080,,,,,,,,1.0871351957321167,,,,,,,,,,,,,,,,,,,,,,,,,,,,,,,,,,,,,
32,,,8081,,,,,,,,1.10326087474823,,,,,,,,,,,,,,,,,,,,,,,,,,,,,,,,,,,,,
32,,,8082,,,,,,,,1.0956742763519287,,,,,,,,,,,,,,,,,,,,,,,,,,,,,,,,,,,,,
32,,,8083,,,,,,,,1.177694320678711,,,,,,,,,,,,,,,,,,,,,,,,,,,,,,,,,,,,,
32,,,8084,,,,,,,,1.1097567081451416,,,,,,,,,,,,,,,,,,,,,,,,,,,,,,,,,,,,,
32,,,8085,,,,,,,,1.0983017683029175,,,,,,,,,,,,,,,,,,,,,,,,,,,,,,,,,,,,,
32,,,8086,,,,,,,,1.0966626405715942,,,,,,,,,,,,,,,,,,,,,,,,,,,,,,,,,,,,,
32,,,8087,,,,,,,,1.0985538959503174,,,,,,,,,,,,,,,,,,,,,,,,,,,,,,,,,,,,,
32,,,8088,,,,,,,,1.105813980102539,,,,,,,,,,,,,,,,,,,,,,,,,,,,,,,,,,,,,
32,,,8089,,,,,,,,1.1132891178131104,,,,,,,,,,,,,,,,,,,,,,,,,,,,,,,,,,,,,
32,,,8090,,,,,,,,1.0928508043289185,,,,,,,,,,,,,,,,,,,,,,,,,,,,,,,,,,,,,
32,,,8091,,,,,,,,1.0898194313049316,,,,,,,,,,,,,,,,,,,,,,,,,,,,,,,,,,,,,
32,,,8092,,,,,,,,1.091018557548523,,,,,,,,,,,,,,,,,,,,,,,,,,,,,,,,,,,,,
32,,,8093,,,,,,,,1.0908969640731812,,,,,,,,,,,,,,,,,,,,,,,,,,,,,,,,,,,,,
32,,,8094,,,,,,,,1.1218593120574951,,,,,,,,,,,,,,,,,,,,,,,,,,,,,,,,,,,,,
32,,,8095,,,,,,,,1.1281429529190063,,,,,,,,,,,,,,,,,,,,,,,,,,,,,,,,,,,,,
32,,,8096,,,,,,,,1.082322597503662,,,,,,,,,,,,,,,,,,,,,,,,,,,,,,,,,,,,,
32,,,8097,,,,,,,,1.1107791662216187,,,,,,,,,,,,,,,,,,,,,,,,,,,,,,,,,,,,,
32,,,8098,,,,,,,,1.0959718227386475,,,,,,,,,,,,,,,,,,,,,,,,,,,,,,,,,,,,,
32,,,8099,,,,,,,,1.1936532258987427,,,,,,,,,,,,,,,,,,,,,,,,,,,,,,,,,,,,,
32,,,8100,,,,,,,,1.0905817747116089,,,,,,,,,,,,,,,,,,,,,,,,,,,,,,,,,,,,,
32,,,8101,,,,,,,,1.0910475254058838,,,,,,,,,,,,,,,,,,,,,,,,,,,,,,,,,,,,,
32,,,8102,,,,,,,,1.111991286277771,,,,,,,,,,,,,,,,,,,,,,,,,,,,,,,,,,,,,
32,,,8103,,,,,,,,1.1075267791748047,,,,,,,,,,,,,,,,,,,,,,,,,,,,,,,,,,,,,
32,,,8104,,,,,,,,1.1027003526687622,,,,,,,,,,,,,,,,,,,,,,,,,,,,,,,,,,,,,
32,,,8105,,,,,,,,1.0901799201965332,,,,,,,,,,,,,,,,,,,,,,,,,,,,,,,,,,,,,
32,,,8106,,,,,,,,1.0892980098724365,,,,,,,,,,,,,,,,,,,,,,,,,,,,,,,,,,,,,
32,,,8107,,,,,,,,1.094181776046753,,,,,,,,,,,,,,,,,,,,,,,,,,,,,,,,,,,,,
32,,,8108,,,,,,,,1.0801055431365967,,,,,,,,,,,,,,,,,,,,,,,,,,,,,,,,,,,,,
32,,,8109,,,,,,,,1.0960495471954346,,,,,,,,,,,,,,,,,,,,,,,,,,,,,,,,,,,,,
32,,,8110,,,,,,,,1.0985991954803467,,,,,,,,,,,,,,,,,,,,,,,,,,,,,,,,,,,,,
32,,,8111,,,,,,,,1.0945335626602173,,,,,,,,,,,,,,,,,,,,,,,,,,,,,,,,,,,,,
32,,,8112,,,,,,,,1.1126525402069092,,,,,,,,,,,,,,,,,,,,,,,,,,,,,,,,,,,,,
32,,,8113,,,,,,,,1.0929980278015137,,,,,,,,,,,,,,,,,,,,,,,,,,,,,,,,,,,,,
32,,,8114,,,,,,,,1.1129120588302612,,,,,,,,,,,,,,,,,,,,,,,,,,,,,,,,,,,,,
32,,,8115,,,,,,,,1.0978318452835083,,,,,,,,,,,,,,,,,,,,,,,,,,,,,,,,,,,,,
32,,,8116,,,,,,,,1.0885555744171143,,,,,,,,,,,,,,,,,,,,,,,,,,,,,,,,,,,,,
32,,,8117,,,,,,,,1.0888757705688477,,,,,,,,,,,,,,,,,,,,,,,,,,,,,,,,,,,,,
32,,,8118,,,,,,,,1.1108815670013428,,,,,,,,,,,,,,,,,,,,,,,,,,,,,,,,,,,,,
32,,,8119,,,,,,,,1.199973225593567,,,,,,,,,,,,,,,,,,,,,,,,,,,,,,,,,,,,,
32,,,8120,,,,,,,,1.0960355997085571,,,,,,,,,,,,,,,,,,,,,,,,,,,,,,,,,,,,,
32,,,8121,,,,,,,,1.0955086946487427,,,,,,,,,,,,,,,,,,,,,,,,,,,,,,,,,,,,,
32,,,8122,,,,,,,,1.086330533027649,,,,,,,,,,,,,,,,,,,,,,,,,,,,,,,,,,,,,
32,,,8123,,,,,,,,1.1059341430664062,,,,,,,,,,,,,,,,,,,,,,,,,,,,,,,,,,,,,
32,,,8124,,,,,,,,1.0921580791473389,,,,,,,,,,,,,,,,,,,,,,,,,,,,,,,,,,,,,
32,,,8125,,,,,,,,1.0811415910720825,,,,,,,,,,,,,,,,,,,,,,,,,,,,,,,,,,,,,
32,,,8126,,,,,,,,1.0885065793991089,,,,,,,,,,,,,,,,,,,,,,,,,,,,,,,,,,,,,
32,,,8127,,,,,,,,1.085897445678711,,,,,,,,,,,,,,,,,,,,,,,,,,,,,,,,,,,,,
32,,,8128,,,,,,,,1.0831882953643799,,,,,,,,,,,,,,,,,,,,,,,,,,,,,,,,,,,,,
32,,,8129,,,,,,,,1.101318359375,,,,,,,,,,,,,,,,,,,,,,,,,,,,,,,,,,,,,
32,,,8130,,,,,,,,1.1098647117614746,,,,,,,,,,,,,,,,,,,,,,,,,,,,,,,,,,,,,
32,,,8131,,,,,,,,1.0909368991851807,,,,,,,,,,,,,,,,,,,,,,,,,,,,,,,,,,,,,
32,,,8132,,,,,,,,1.089593529701233,,,,,,,,,,,,,,,,,,,,,,,,,,,,,,,,,,,,,
32,,,8133,,,,,,,,1.0820112228393555,,,,,,,,,,,,,,,,,,,,,,,,,,,,,,,,,,,,,
32,,,8134,,,,,,,,1.1083173751831055,,,,,,,,,,,,,,,,,,,,,,,,,,,,,,,,,,,,,
32,,,8135,,,,,,,,1.0912222862243652,,,,,,,,,,,,,,,,,,,,,,,,,,,,,,,,,,,,,
32,,,8136,,,,,,,,1.0809935331344604,,,,,,,,,,,,,,,,,,,,,,,,,,,,,,,,,,,,,
32,,,8137,,,,,,,,1.1064711809158325,,,,,,,,,,,,,,,,,,,,,,,,,,,,,,,,,,,,,
32,,,8138,,,,,,,,1.125211238861084,,,,,,,,,,,,,,,,,,,,,,,,,,,,,,,,,,,,,
32,,,8139,,,,,,,,1.0959296226501465,,,,,,,,,,,,,,,,,,,,,,,,,,,,,,,,,,,,,
32,,,8140,,,,,,,,1.1051675081253052,,,,,,,,,,,,,,,,,,,,,,,,,,,,,,,,,,,,,
32,,,8141,,,,,,,,1.0912072658538818,,,,,,,,,,,,,,,,,,,,,,,,,,,,,,,,,,,,,
32,,,8142,,,,,,,,1.1440837383270264,,,,,,,,,,,,,,,,,,,,,,,,,,,,,,,,,,,,,
32,,,8143,,,,,,,,1.095747947692871,,,,,,,,,,,,,,,,,,,,,,,,,,,,,,,,,,,,,
32,,,8144,,,,,,,,1.0873003005981445,,,,,,,,,,,,,,,,,,,,,,,,,,,,,,,,,,,,,
32,,,8145,,,,,,,,1.2092247009277344,,,,,,,,,,,,,,,,,,,,,,,,,,,,,,,,,,,,,
32,,,8146,,,,,,,,1.1026415824890137,,,,,,,,,,,,,,,,,,,,,,,,,,,,,,,,,,,,,
32,,,8147,,,,,,,,1.0866162776947021,,,,,,,,,,,,,,,,,,,,,,,,,,,,,,,,,,,,,
32,,,8148,,,,,,,,1.119781494140625,,,,,,,,,,,,,,,,,,,,,,,,,,,,,,,,,,,,,
32,,,8149,,,,,,,,1.0947843790054321,,,,,,,,,,,,,,,,,,,,,,,,,,,,,,,,,,,,,
32,,,8150,,,,,,,,1.0936871767044067,,,,,,,,,,,,,,,,,,,,,,,,,,,,,,,,,,,,,
32,,,8151,,,,,,,,1.1548539400100708,,,,,,,,,,,,,,,,,,,,,,,,,,,,,,,,,,,,,
32,,,8152,,,,,,,,1.1027578115463257,,,,,,,,,,,,,,,,,,,,,,,,,,,,,,,,,,,,,
32,,,8153,,,,,,,,1.104057788848877,,,,,,,,,,,,,,,,,,,,,,,,,,,,,,,,,,,,,
32,,,8154,,,,,,,,1.1241220235824585,,,,,,,,,,,,,,,,,,,,,,,,,,,,,,,,,,,,,
32,,,8155,,,,,,,,1.0917487144470215,,,,,,,,,,,,,,,,,,,,,,,,,,,,,,,,,,,,,
32,,,8156,,,,,,,,1.0817639827728271,,,,,,,,,,,,,,,,,,,,,,,,,,,,,,,,,,,,,
32,,,8157,,,,,,,,1.1255556344985962,,,,,,,,,,,,,,,,,,,,,,,,,,,,,,,,,,,,,
32,,,8158,,,,,,,,1.1499768495559692,,,,,,,,,,,,,,,,,,,,,,,,,,,,,,,,,,,,,
32,,,8159,,,,,,,,1.1021021604537964,,,,,,,,,,,,,,,,,,,,,,,,,,,,,,,,,,,,,
32,,,8160,,,,,,,,1.096110463142395,,,,,,,,,,,,,,,,,,,,,,,,,,,,,,,,,,,,,
32,,,8161,,,,,,,,1.0853856801986694,,,,,,,,,,,,,,,,,,,,,,,,,,,,,,,,,,,,,
32,,,8162,,,,,,,,1.1372565031051636,,,,,,,,,,,,,,,,,,,,,,,,,,,,,,,,,,,,,
32,,,8163,,,,,,,,1.0964971780776978,,,,,,,,,,,,,,,,,,,,,,,,,,,,,,,,,,,,,
32,,,8164,,,,,,,,1.0806424617767334,,,,,,,,,,,,,,,,,,,,,,,,,,,,,,,,,,,,,
32,,,8165,,,,,,,,1.1895015239715576,,,,,,,,,,,,,,,,,,,,,,,,,,,,,,,,,,,,,
32,,,8166,,,,,,,,1.1451621055603027,,,,,,,,,,,,,,,,,,,,,,,,,,,,,,,,,,,,,
32,,,8167,,,,,,,,1.1521717309951782,,,,,,,,,,,,,,,,,,,,,,,,,,,,,,,,,,,,,
32,,,8168,,,,,,,,1.1321327686309814,,,,,,,,,,,,,,,,,,,,,,,,,,,,,,,,,,,,,
32,,,8169,,,,,,,,1.0835672616958618,,,,,,,,,,,,,,,,,,,,,,,,,,,,,,,,,,,,,
32,,,8170,,,,,,,,1.0843364000320435,,,,,,,,,,,,,,,,,,,,,,,,,,,,,,,,,,,,,
32,,,8171,,,,,,,,1.0998033285140991,,,,,,,,,,,,,,,,,,,,,,,,,,,,,,,,,,,,,
32,,,8172,,,,,,,,1.1456552743911743,,,,,,,,,,,,,,,,,,,,,,,,,,,,,,,,,,,,,
32,,,8173,,,,,,,,1.1834652423858643,,,,,,,,,,,,,,,,,,,,,,,,,,,,,,,,,,,,,
32,,,8174,,,,,,,,1.1640695333480835,,,,,,,,,,,,,,,,,,,,,,,,,,,,,,,,,,,,,
32,,,8175,,,,,,,,1.0923292636871338,,,,,,,,,,,,,,,,,,,,,,,,,,,,,,,,,,,,,
32,,,8176,,,,,,,,1.0856060981750488,,,,,,,,,,,,,,,,,,,,,,,,,,,,,,,,,,,,,
32,,,8177,,,,,,,,1.1032755374908447,,,,,,,,,,,,,,,,,,,,,,,,,,,,,,,,,,,,,
32,,,8178,,,,,,,,1.0995261669158936,,,,,,,,,,,,,,,,,,,,,,,,,,,,,,,,,,,,,
32,,,8179,,,,,,,,1.0836793184280396,,,,,,,,,,,,,,,,,,,,,,,,,,,,,,,,,,,,,
32,,,8180,,,,,,,,1.1360937356948853,,,,,,,,,,,,,,,,,,,,,,,,,,,,,,,,,,,,,
32,,,8181,,,,,,,,1.0850414037704468,,,,,,,,,,,,,,,,,,,,,,,,,,,,,,,,,,,,,
32,,,8182,,,,,,,,1.1081156730651855,,,,,,,,,,,,,,,,,,,,,,,,,,,,,,,,,,,,,
32,,,8183,,,,,,,,1.0808255672454834,,,,,,,,,,,,,,,,,,,,,,,,,,,,,,,,,,,,,
32,,,8184,,,,,,,,1.1014392375946045,,,,,,,,,,,,,,,,,,,,,,,,,,,,,,,,,,,,,
32,,,8185,,,,,,,,1.1012828350067139,,,,,,,,,,,,,,,,,,,,,,,,,,,,,,,,,,,,,
32,,,8186,,,,,,,,1.1716781854629517,,,,,,,,,,,,,,,,,,,,,,,,,,,,,,,,,,,,,
32,,,8187,,,,,,,,1.0901540517807007,,,,,,,,,,,,,,,,,,,,,,,,,,,,,,,,,,,,,
32,,,8188,,,,,,,,1.104039192199707,,,,,,,,,,,,,,,,,,,,,,,,,,,,,,,,,,,,,
32,,,8189,,,,,,,,1.1094858646392822,,,,,,,,,,,,,,,,,,,,,,,,,,,,,,,,,,,,,
32,,,8190,,,,,,,,1.1140954494476318,,,,,,,,,,,,,,,,,,,,,,,,,,,,,,,,,,,,,
32,,,8191,,,,,,,,1.0813690423965454,,,,,,,,,,,,,,,,,,,,,,,,,,,,,,,,,,,,,
32,,,8192,,,,,,,,1.086092472076416,,,,,,,,,,,,,,,,,,,,,,,,,,,,,,,,,,,,,
32,,,8193,,,,,,,,1.1058136224746704,,,,,,,,,,,,,,,,,,,,,,,,,,,,,,,,,,,,,
32,,,8194,,,,,,,,1.0881518125534058,,,,,,,,,,,,,,,,,,,,,,,,,,,,,,,,,,,,,
32,,,8195,,,,,,,,1.10783052444458,,,,,,,,,,,,,,,,,,,,,,,,,,,,,,,,,,,,,
32,,,8196,,,,,,,,1.0900284051895142,,,,,,,,,,,,,,,,,,,,,,,,,,,,,,,,,,,,,
32,,,8197,,,,,,,,1.0893793106079102,,,,,,,,,,,,,,,,,,,,,,,,,,,,,,,,,,,,,
32,,,8198,,,,,,,,1.092302680015564,,,,,,,,,,,,,,,,,,,,,,,,,,,,,,,,,,,,,
32,,,8199,,,,,,,,1.0849835872650146,,,,,,,,,,,,,,,,,,,,,,,,,,,,,,,,,,,,,
32,,,8200,,,,,,,,1.1058650016784668,,,,,,,,,,,,,,,,,,,,,,,,,,,,,,,,,,,,,
32,,,8201,,,,,,,,1.0923153162002563,,,,,,,,,,,,,,,,,,,,,,,,,,,,,,,,,,,,,
32,,,8202,,,,,,,,1.091221809387207,,,,,,,,,,,,,,,,,,,,,,,,,,,,,,,,,,,,,
32,,,8203,,,,,,,,1.0805920362472534,,,,,,,,,,,,,,,,,,,,,,,,,,,,,,,,,,,,,
32,,,8204,,,,,,,,1.0854637622833252,,,,,,,,,,,,,,,,,,,,,,,,,,,,,,,,,,,,,
32,,,8205,,,,,,,,1.082050085067749,,,,,,,,,,,,,,,,,,,,,,,,,,,,,,,,,,,,,
32,,,8206,,,,,,,,1.1911591291427612,,,,,,,,,,,,,,,,,,,,,,,,,,,,,,,,,,,,,
32,,,8207,,,,,,,,1.0949714183807373,,,,,,,,,,,,,,,,,,,,,,,,,,,,,,,,,,,,,
32,,,8208,,,,,,,,1.1101996898651123,,,,,,,,,,,,,,,,,,,,,,,,,,,,,,,,,,,,,
32,,,8209,,,,,,,,1.1111841201782227,,,,,,,,,,,,,,,,,,,,,,,,,,,,,,,,,,,,,
32,,,8210,,,,,,,,1.0853840112686157,,,,,,,,,,,,,,,,,,,,,,,,,,,,,,,,,,,,,
32,,,8211,,,,,,,,1.0986096858978271,,,,,,,,,,,,,,,,,,,,,,,,,,,,,,,,,,,,,
32,,,8212,,,,,,,,1.1061434745788574,,,,,,,,,,,,,,,,,,,,,,,,,,,,,,,,,,,,,
32,,,8213,,,,,,,,1.1011464595794678,,,,,,,,,,,,,,,,,,,,,,,,,,,,,,,,,,,,,
32,,,8214,,,,,,,,1.122699499130249,,,,,,,,,,,,,,,,,,,,,,,,,,,,,,,,,,,,,
32,,,8215,,,,,,,,1.0988144874572754,,,,,,,,,,,,,,,,,,,,,,,,,,,,,,,,,,,,,
32,,,8216,,,,,,,,1.1214704513549805,,,,,,,,,,,,,,,,,,,,,,,,,,,,,,,,,,,,,
32,,,8217,,,,,,,,1.1095658540725708,,,,,,,,,,,,,,,,,,,,,,,,,,,,,,,,,,,,,
32,,,8218,,,,,,,,1.1194641590118408,,,,,,,,,,,,,,,,,,,,,,,,,,,,,,,,,,,,,
32,,,8219,,,,,,,,1.1126766204833984,,,,,,,,,,,,,,,,,,,,,,,,,,,,,,,,,,,,,
32,,,8220,,,,,,,,1.1463078260421753,,,,,,,,,,,,,,,,,,,,,,,,,,,,,,,,,,,,,
32,,,8221,,,,,,,,1.108250617980957,,,,,,,,,,,,,,,,,,,,,,,,,,,,,,,,,,,,,
32,,,8222,,,,,,,,1.0800944566726685,,,,,,,,,,,,,,,,,,,,,,,,,,,,,,,,,,,,,
32,,,8223,,,,,,,,1.0966920852661133,,,,,,,,,,,,,,,,,,,,,,,,,,,,,,,,,,,,,
32,,,8224,,,,,,,,1.0897642374038696,,,,,,,,,,,,,,,,,,,,,,,,,,,,,,,,,,,,,
32,,,8225,,,,,,,,1.0901468992233276,,,,,,,,,,,,,,,,,,,,,,,,,,,,,,,,,,,,,
32,,,8226,,,,,,,,1.098854422569275,,,,,,,,,,,,,,,,,,,,,,,,,,,,,,,,,,,,,
32,,,8227,,,,,,,,1.0817756652832031,,,,,,,,,,,,,,,,,,,,,,,,,,,,,,,,,,,,,
32,,,8228,,,,,,,,1.1544780731201172,,,,,,,,,,,,,,,,,,,,,,,,,,,,,,,,,,,,,
32,,,8229,,,,,,,,1.0854294300079346,,,,,,,,,,,,,,,,,,,,,,,,,,,,,,,,,,,,,
32,,,8230,,,,,,,,1.0890636444091797,,,,,,,,,,,,,,,,,,,,,,,,,,,,,,,,,,,,,
32,,,8231,,,,,,,,1.0819343328475952,,,,,,,,,,,,,,,,,,,,,,,,,,,,,,,,,,,,,
32,,,8232,,,,,,,,1.1237525939941406,,,,,,,,,,,,,,,,,,,,,,,,,,,,,,,,,,,,,
32,,,8233,,,,,,,,1.1516609191894531,,,,,,,,,,,,,,,,,,,,,,,,,,,,,,,,,,,,,
32,,,8234,,,,,,,,1.1023696660995483,,,,,,,,,,,,,,,,,,,,,,,,,,,,,,,,,,,,,
32,,,8235,,,,,,,,1.1101069450378418,,,,,,,,,,,,,,,,,,,,,,,,,,,,,,,,,,,,,
32,,,8236,,,,,,,,1.121573805809021,,,,,,,,,,,,,,,,,,,,,,,,,,,,,,,,,,,,,
32,,,8237,,,,,,,,1.1305491924285889,,,,,,,,,,,,,,,,,,,,,,,,,,,,,,,,,,,,,
32,,,8238,,,,,,,,1.1197412014007568,,,,,,,,,,,,,,,,,,,,,,,,,,,,,,,,,,,,,
32,,,8239,,,,,,,,1.1695672273635864,,,,,,,,,,,,,,,,,,,,,,,,,,,,,,,,,,,,,
32,,,8240,,,,,,,,1.09138023853302,,,,,,,,,,,,,,,,,,,,,,,,,,,,,,,,,,,,,
32,,,8241,,,,,,,,1.1643714904785156,,,,,,,,,,,,,,,,,,,,,,,,,,,,,,,,,,,,,
32,,,8242,,,,,,,,1.085939884185791,,,,,,,,,,,,,,,,,,,,,,,,,,,,,,,,,,,,,
32,,,8243,,,,,,,,1.0852802991867065,,,,,,,,,,,,,,,,,,,,,,,,,,,,,,,,,,,,,
32,,,8244,,,,,,,,1.089518666267395,,,,,,,,,,,,,,,,,,,,,,,,,,,,,,,,,,,,,
32,,,8245,,,,,,,,1.0847690105438232,,,,,,,,,,,,,,,,,,,,,,,,,,,,,,,,,,,,,
32,,,8246,,,,,,,,1.0937271118164062,,,,,,,,,,,,,,,,,,,,,,,,,,,,,,,,,,,,,
32,,,8247,,,,,,,,1.0943307876586914,,,,,,,,,,,,,,,,,,,,,,,,,,,,,,,,,,,,,
32,,,8248,,,,,,,,1.0911253690719604,,,,,,,,,,,,,,,,,,,,,,,,,,,,,,,,,,,,,
32,,,8249,,,,,,,,1.095534086227417,,,,,,,,,,,,,,,,,,,,,,,,,,,,,,,,,,,,,
32,,,8249,,,,,,,,,,,0.34612196683883667,0.0048279226757586,0.669921875,1.33984375,54.966796875,0.669921875,271790.65625,0.8378609418869019,0.8378609418869019,,1.0,0.2894744873046875,54.966796875,0.669921875,0.9529954791069031,0.04726551100611687,22118.0,0.0018981120083481073,0.0028333335649222136,0.42413660883903503,0.6331135630607605,0.005641420837491751,1475.0,0.016855794936418533,0.025160837918519974,0.2606857419013977,0.38912859559059143,0.014177161268889904,7373.0,0.004816850181668997,0.007190167438238859,0.33611351251602173,0.5017204880714417,0.016526959836483,0.00037276724469847977
32,,20.0,8249,264755.8125,0.851983904838562,0.8529734015464783,,1.1085684299468994,0.8529734015464783,1.0,,0.29967188835144043,0.9164999723434448,,,,,,,,,,,,,,,,,,,,,,,,,,,,,,,,,,,
,7.773694888474269e-05,,8250,,,,,,,,,,,,,,,,,,,,,,,,,,,,,,,,,,,,,,,,,,,,,
33,,,8250,,,,,,,,1.132822036743164,,,,,,,,,,,,,,,,,,,,,,,,,,,,,,,,,,,,,
33,,,8251,,,,,,,,1.0871506929397583,,,,,,,,,,,,,,,,,,,,,,,,,,,,,,,,,,,,,
33,,,8252,,,,,,,,1.0951942205429077,,,,,,,,,,,,,,,,,,,,,,,,,,,,,,,,,,,,,
33,,,8253,,,,,,,,1.2390669584274292,,,,,,,,,,,,,,,,,,,,,,,,,,,,,,,,,,,,,
33,,,8254,,,,,,,,1.1585057973861694,,,,,,,,,,,,,,,,,,,,,,,,,,,,,,,,,,,,,
33,,,8255,,,,,,,,1.086599349975586,,,,,,,,,,,,,,,,,,,,,,,,,,,,,,,,,,,,,
33,,,8256,,,,,,,,1.1522364616394043,,,,,,,,,,,,,,,,,,,,,,,,,,,,,,,,,,,,,
33,,,8257,,,,,,,,1.089025855064392,,,,,,,,,,,,,,,,,,,,,,,,,,,,,,,,,,,,,
33,,,8258,,,,,,,,1.1046515703201294,,,,,,,,,,,,,,,,,,,,,,,,,,,,,,,,,,,,,
33,,,8259,,,,,,,,1.1903903484344482,,,,,,,,,,,,,,,,,,,,,,,,,,,,,,,,,,,,,
33,,,8260,,,,,,,,1.1034327745437622,,,,,,,,,,,,,,,,,,,,,,,,,,,,,,,,,,,,,
33,,,8261,,,,,,,,1.0875016450881958,,,,,,,,,,,,,,,,,,,,,,,,,,,,,,,,,,,,,
33,,,8262,,,,,,,,1.1065293550491333,,,,,,,,,,,,,,,,,,,,,,,,,,,,,,,,,,,,,
33,,,8263,,,,,,,,1.0820482969284058,,,,,,,,,,,,,,,,,,,,,,,,,,,,,,,,,,,,,
33,,,8264,,,,,,,,1.090617060661316,,,,,,,,,,,,,,,,,,,,,,,,,,,,,,,,,,,,,
33,,,8265,,,,,,,,1.1325602531433105,,,,,,,,,,,,,,,,,,,,,,,,,,,,,,,,,,,,,
33,,,8266,,,,,,,,1.0893927812576294,,,,,,,,,,,,,,,,,,,,,,,,,,,,,,,,,,,,,
33,,,8267,,,,,,,,1.085626244544983,,,,,,,,,,,,,,,,,,,,,,,,,,,,,,,,,,,,,
33,,,8268,,,,,,,,1.151873230934143,,,,,,,,,,,,,,,,,,,,,,,,,,,,,,,,,,,,,
33,,,8269,,,,,,,,1.160219430923462,,,,,,,,,,,,,,,,,,,,,,,,,,,,,,,,,,,,,
33,,,8270,,,,,,,,1.1902917623519897,,,,,,,,,,,,,,,,,,,,,,,,,,,,,,,,,,,,,
33,,,8271,,,,,,,,1.1458895206451416,,,,,,,,,,,,,,,,,,,,,,,,,,,,,,,,,,,,,
33,,,8272,,,,,,,,1.0858718156814575,,,,,,,,,,,,,,,,,,,,,,,,,,,,,,,,,,,,,
33,,,8273,,,,,,,,1.0918282270431519,,,,,,,,,,,,,,,,,,,,,,,,,,,,,,,,,,,,,
33,,,8274,,,,,,,,1.083957552909851,,,,,,,,,,,,,,,,,,,,,,,,,,,,,,,,,,,,,
33,,,8275,,,,,,,,1.1065868139266968,,,,,,,,,,,,,,,,,,,,,,,,,,,,,,,,,,,,,
33,,,8276,,,,,,,,1.0875316858291626,,,,,,,,,,,,,,,,,,,,,,,,,,,,,,,,,,,,,
33,,,8277,,,,,,,,1.0935885906219482,,,,,,,,,,,,,,,,,,,,,,,,,,,,,,,,,,,,,
33,,,8278,,,,,,,,1.222454309463501,,,,,,,,,,,,,,,,,,,,,,,,,,,,,,,,,,,,,
33,,,8279,,,,,,,,1.1143841743469238,,,,,,,,,,,,,,,,,,,,,,,,,,,,,,,,,,,,,
33,,,8280,,,,,,,,1.0900428295135498,,,,,,,,,,,,,,,,,,,,,,,,,,,,,,,,,,,,,
33,,,8281,,,,,,,,1.0869660377502441,,,,,,,,,,,,,,,,,,,,,,,,,,,,,,,,,,,,,
33,,,8282,,,,,,,,1.092250943183899,,,,,,,,,,,,,,,,,,,,,,,,,,,,,,,,,,,,,
33,,,8283,,,,,,,,1.1237075328826904,,,,,,,,,,,,,,,,,,,,,,,,,,,,,,,,,,,,,
33,,,8284,,,,,,,,1.1218280792236328,,,,,,,,,,,,,,,,,,,,,,,,,,,,,,,,,,,,,
33,,,8285,,,,,,,,1.1134294271469116,,,,,,,,,,,,,,,,,,,,,,,,,,,,,,,,,,,,,
33,,,8286,,,,,,,,1.0885322093963623,,,,,,,,,,,,,,,,,,,,,,,,,,,,,,,,,,,,,
33,,,8287,,,,,,,,1.1178932189941406,,,,,,,,,,,,,,,,,,,,,,,,,,,,,,,,,,,,,
33,,,8288,,,,,,,,1.1025358438491821,,,,,,,,,,,,,,,,,,,,,,,,,,,,,,,,,,,,,
33,,,8289,,,,,,,,1.0883381366729736,,,,,,,,,,,,,,,,,,,,,,,,,,,,,,,,,,,,,
33,,,8290,,,,,,,,1.0811736583709717,,,,,,,,,,,,,,,,,,,,,,,,,,,,,,,,,,,,,
33,,,8291,,,,,,,,1.1676493883132935,,,,,,,,,,,,,,,,,,,,,,,,,,,,,,,,,,,,,
33,,,8292,,,,,,,,1.2695953845977783,,,,,,,,,,,,,,,,,,,,,,,,,,,,,,,,,,,,,
33,,,8293,,,,,,,,1.1004819869995117,,,,,,,,,,,,,,,,,,,,,,,,,,,,,,,,,,,,,
33,,,8294,,,,,,,,1.099479079246521,,,,,,,,,,,,,,,,,,,,,,,,,,,,,,,,,,,,,
33,,,8295,,,,,,,,1.0850298404693604,,,,,,,,,,,,,,,,,,,,,,,,,,,,,,,,,,,,,
33,,,8296,,,,,,,,1.0976659059524536,,,,,,,,,,,,,,,,,,,,,,,,,,,,,,,,,,,,,
33,,,8297,,,,,,,,1.1113730669021606,,,,,,,,,,,,,,,,,,,,,,,,,,,,,,,,,,,,,
33,,,8298,,,,,,,,1.1064550876617432,,,,,,,,,,,,,,,,,,,,,,,,,,,,,,,,,,,,,
33,,,8299,,,,,,,,1.087393045425415,,,,,,,,,,,,,,,,,,,,,,,,,,,,,,,,,,,,,
33,,,8300,,,,,,,,1.0814310312271118,,,,,,,,,,,,,,,,,,,,,,,,,,,,,,,,,,,,,
33,,,8301,,,,,,,,1.084965467453003,,,,,,,,,,,,,,,,,,,,,,,,,,,,,,,,,,,,,
33,,,8302,,,,,,,,1.109376072883606,,,,,,,,,,,,,,,,,,,,,,,,,,,,,,,,,,,,,
33,,,8303,,,,,,,,1.121488094329834,,,,,,,,,,,,,,,,,,,,,,,,,,,,,,,,,,,,,
33,,,8304,,,,,,,,1.0878539085388184,,,,,,,,,,,,,,,,,,,,,,,,,,,,,,,,,,,,,
33,,,8305,,,,,,,,1.0961668491363525,,,,,,,,,,,,,,,,,,,,,,,,,,,,,,,,,,,,,
33,,,8306,,,,,,,,1.1618313789367676,,,,,,,,,,,,,,,,,,,,,,,,,,,,,,,,,,,,,
33,,,8307,,,,,,,,1.1262420415878296,,,,,,,,,,,,,,,,,,,,,,,,,,,,,,,,,,,,,
33,,,8308,,,,,,,,1.1304718255996704,,,,,,,,,,,,,,,,,,,,,,,,,,,,,,,,,,,,,
33,,,8309,,,,,,,,1.087774395942688,,,,,,,,,,,,,,,,,,,,,,,,,,,,,,,,,,,,,
33,,,8310,,,,,,,,1.1052454710006714,,,,,,,,,,,,,,,,,,,,,,,,,,,,,,,,,,,,,
33,,,8311,,,,,,,,1.10310959815979,,,,,,,,,,,,,,,,,,,,,,,,,,,,,,,,,,,,,
33,,,8312,,,,,,,,1.108142375946045,,,,,,,,,,,,,,,,,,,,,,,,,,,,,,,,,,,,,
33,,,8313,,,,,,,,1.0852619409561157,,,,,,,,,,,,,,,,,,,,,,,,,,,,,,,,,,,,,
33,,,8314,,,,,,,,1.1035069227218628,,,,,,,,,,,,,,,,,,,,,,,,,,,,,,,,,,,,,
33,,,8315,,,,,,,,1.0882819890975952,,,,,,,,,,,,,,,,,,,,,,,,,,,,,,,,,,,,,
33,,,8316,,,,,,,,1.0849080085754395,,,,,,,,,,,,,,,,,,,,,,,,,,,,,,,,,,,,,
33,,,8317,,,,,,,,1.0825304985046387,,,,,,,,,,,,,,,,,,,,,,,,,,,,,,,,,,,,,
33,,,8318,,,,,,,,1.142313003540039,,,,,,,,,,,,,,,,,,,,,,,,,,,,,,,,,,,,,
33,,,8319,,,,,,,,1.0940728187561035,,,,,,,,,,,,,,,,,,,,,,,,,,,,,,,,,,,,,
33,,,8320,,,,,,,,1.1919325590133667,,,,,,,,,,,,,,,,,,,,,,,,,,,,,,,,,,,,,
33,,,8321,,,,,,,,1.0936315059661865,,,,,,,,,,,,,,,,,,,,,,,,,,,,,,,,,,,,,
33,,,8322,,,,,,,,1.1015431880950928,,,,,,,,,,,,,,,,,,,,,,,,,,,,,,,,,,,,,
33,,,8323,,,,,,,,1.1375441551208496,,,,,,,,,,,,,,,,,,,,,,,,,,,,,,,,,,,,,
33,,,8324,,,,,,,,1.1268936395645142,,,,,,,,,,,,,,,,,,,,,,,,,,,,,,,,,,,,,
33,,,8325,,,,,,,,1.099034309387207,,,,,,,,,,,,,,,,,,,,,,,,,,,,,,,,,,,,,
33,,,8326,,,,,,,,1.129861831665039,,,,,,,,,,,,,,,,,,,,,,,,,,,,,,,,,,,,,
33,,,8327,,,,,,,,1.0931642055511475,,,,,,,,,,,,,,,,,,,,,,,,,,,,,,,,,,,,,
33,,,8328,,,,,,,,1.0869847536087036,,,,,,,,,,,,,,,,,,,,,,,,,,,,,,,,,,,,,
33,,,8329,,,,,,,,1.0927484035491943,,,,,,,,,,,,,,,,,,,,,,,,,,,,,,,,,,,,,
33,,,8330,,,,,,,,1.1180704832077026,,,,,,,,,,,,,,,,,,,,,,,,,,,,,,,,,,,,,
33,,,8331,,,,,,,,1.093412160873413,,,,,,,,,,,,,,,,,,,,,,,,,,,,,,,,,,,,,
33,,,8332,,,,,,,,1.0802377462387085,,,,,,,,,,,,,,,,,,,,,,,,,,,,,,,,,,,,,
33,,,8333,,,,,,,,1.0806407928466797,,,,,,,,,,,,,,,,,,,,,,,,,,,,,,,,,,,,,
33,,,8334,,,,,,,,1.103193759918213,,,,,,,,,,,,,,,,,,,,,,,,,,,,,,,,,,,,,
33,,,8335,,,,,,,,1.1096007823944092,,,,,,,,,,,,,,,,,,,,,,,,,,,,,,,,,,,,,
33,,,8336,,,,,,,,1.091032862663269,,,,,,,,,,,,,,,,,,,,,,,,,,,,,,,,,,,,,
33,,,8337,,,,,,,,1.1092336177825928,,,,,,,,,,,,,,,,,,,,,,,,,,,,,,,,,,,,,
33,,,8338,,,,,,,,1.0933070182800293,,,,,,,,,,,,,,,,,,,,,,,,,,,,,,,,,,,,,
33,,,8339,,,,,,,,1.090848684310913,,,,,,,,,,,,,,,,,,,,,,,,,,,,,,,,,,,,,
33,,,8340,,,,,,,,1.0935900211334229,,,,,,,,,,,,,,,,,,,,,,,,,,,,,,,,,,,,,
33,,,8341,,,,,,,,1.1266337633132935,,,,,,,,,,,,,,,,,,,,,,,,,,,,,,,,,,,,,
33,,,8342,,,,,,,,1.0814149379730225,,,,,,,,,,,,,,,,,,,,,,,,,,,,,,,,,,,,,
33,,,8343,,,,,,,,1.163200855255127,,,,,,,,,,,,,,,,,,,,,,,,,,,,,,,,,,,,,
33,,,8344,,,,,,,,1.1227880716323853,,,,,,,,,,,,,,,,,,,,,,,,,,,,,,,,,,,,,
33,,,8345,,,,,,,,1.1067582368850708,,,,,,,,,,,,,,,,,,,,,,,,,,,,,,,,,,,,,
33,,,8346,,,,,,,,1.0898723602294922,,,,,,,,,,,,,,,,,,,,,,,,,,,,,,,,,,,,,
33,,,8347,,,,,,,,1.096618413925171,,,,,,,,,,,,,,,,,,,,,,,,,,,,,,,,,,,,,
33,,,8348,,,,,,,,1.1025935411453247,,,,,,,,,,,,,,,,,,,,,,,,,,,,,,,,,,,,,
33,,,8349,,,,,,,,1.0976946353912354,,,,,,,,,,,,,,,,,,,,,,,,,,,,,,,,,,,,,
33,,,8350,,,,,,,,1.0946701765060425,,,,,,,,,,,,,,,,,,,,,,,,,,,,,,,,,,,,,
33,,,8351,,,,,,,,1.088449239730835,,,,,,,,,,,,,,,,,,,,,,,,,,,,,,,,,,,,,
33,,,8352,,,,,,,,1.094857931137085,,,,,,,,,,,,,,,,,,,,,,,,,,,,,,,,,,,,,
33,,,8353,,,,,,,,1.0866279602050781,,,,,,,,,,,,,,,,,,,,,,,,,,,,,,,,,,,,,
33,,,8354,,,,,,,,1.0988290309906006,,,,,,,,,,,,,,,,,,,,,,,,,,,,,,,,,,,,,
33,,,8355,,,,,,,,1.105945348739624,,,,,,,,,,,,,,,,,,,,,,,,,,,,,,,,,,,,,
33,,,8356,,,,,,,,1.0931148529052734,,,,,,,,,,,,,,,,,,,,,,,,,,,,,,,,,,,,,
33,,,8357,,,,,,,,1.0918705463409424,,,,,,,,,,,,,,,,,,,,,,,,,,,,,,,,,,,,,
33,,,8358,,,,,,,,1.1097978353500366,,,,,,,,,,,,,,,,,,,,,,,,,,,,,,,,,,,,,
33,,,8359,,,,,,,,1.0965032577514648,,,,,,,,,,,,,,,,,,,,,,,,,,,,,,,,,,,,,
33,,,8360,,,,,,,,1.101261019706726,,,,,,,,,,,,,,,,,,,,,,,,,,,,,,,,,,,,,
33,,,8361,,,,,,,,1.1161282062530518,,,,,,,,,,,,,,,,,,,,,,,,,,,,,,,,,,,,,
33,,,8362,,,,,,,,1.088209867477417,,,,,,,,,,,,,,,,,,,,,,,,,,,,,,,,,,,,,
33,,,8363,,,,,,,,1.1230891942977905,,,,,,,,,,,,,,,,,,,,,,,,,,,,,,,,,,,,,
33,,,8364,,,,,,,,1.1008808612823486,,,,,,,,,,,,,,,,,,,,,,,,,,,,,,,,,,,,,
33,,,8365,,,,,,,,1.0880221128463745,,,,,,,,,,,,,,,,,,,,,,,,,,,,,,,,,,,,,
33,,,8366,,,,,,,,1.087257981300354,,,,,,,,,,,,,,,,,,,,,,,,,,,,,,,,,,,,,
33,,,8367,,,,,,,,1.150291919708252,,,,,,,,,,,,,,,,,,,,,,,,,,,,,,,,,,,,,
33,,,8368,,,,,,,,1.094888687133789,,,,,,,,,,,,,,,,,,,,,,,,,,,,,,,,,,,,,
33,,,8369,,,,,,,,1.1101102828979492,,,,,,,,,,,,,,,,,,,,,,,,,,,,,,,,,,,,,
33,,,8370,,,,,,,,1.1090004444122314,,,,,,,,,,,,,,,,,,,,,,,,,,,,,,,,,,,,,
33,,,8371,,,,,,,,1.0996427536010742,,,,,,,,,,,,,,,,,,,,,,,,,,,,,,,,,,,,,
33,,,8372,,,,,,,,1.1204190254211426,,,,,,,,,,,,,,,,,,,,,,,,,,,,,,,,,,,,,
33,,,8373,,,,,,,,1.1226619482040405,,,,,,,,,,,,,,,,,,,,,,,,,,,,,,,,,,,,,
33,,,8374,,,,,,,,1.0977020263671875,,,,,,,,,,,,,,,,,,,,,,,,,,,,,,,,,,,,,
33,,,8375,,,,,,,,1.1298456192016602,,,,,,,,,,,,,,,,,,,,,,,,,,,,,,,,,,,,,
33,,,8376,,,,,,,,1.0839492082595825,,,,,,,,,,,,,,,,,,,,,,,,,,,,,,,,,,,,,
33,,,8377,,,,,,,,1.0964974164962769,,,,,,,,,,,,,,,,,,,,,,,,,,,,,,,,,,,,,
33,,,8378,,,,,,,,1.1213405132293701,,,,,,,,,,,,,,,,,,,,,,,,,,,,,,,,,,,,,
33,,,8379,,,,,,,,1.1239019632339478,,,,,,,,,,,,,,,,,,,,,,,,,,,,,,,,,,,,,
33,,,8380,,,,,,,,1.090911865234375,,,,,,,,,,,,,,,,,,,,,,,,,,,,,,,,,,,,,
33,,,8381,,,,,,,,1.1373376846313477,,,,,,,,,,,,,,,,,,,,,,,,,,,,,,,,,,,,,
33,,,8382,,,,,,,,1.08809232711792,,,,,,,,,,,,,,,,,,,,,,,,,,,,,,,,,,,,,
33,,,8383,,,,,,,,1.0939477682113647,,,,,,,,,,,,,,,,,,,,,,,,,,,,,,,,,,,,,
33,,,8384,,,,,,,,1.1035460233688354,,,,,,,,,,,,,,,,,,,,,,,,,,,,,,,,,,,,,
33,,,8385,,,,,,,,1.0898714065551758,,,,,,,,,,,,,,,,,,,,,,,,,,,,,,,,,,,,,
33,,,8386,,,,,,,,1.080614447593689,,,,,,,,,,,,,,,,,,,,,,,,,,,,,,,,,,,,,
33,,,8387,,,,,,,,1.1002447605133057,,,,,,,,,,,,,,,,,,,,,,,,,,,,,,,,,,,,,
33,,,8388,,,,,,,,1.0937919616699219,,,,,,,,,,,,,,,,,,,,,,,,,,,,,,,,,,,,,
33,,,8389,,,,,,,,1.0992035865783691,,,,,,,,,,,,,,,,,,,,,,,,,,,,,,,,,,,,,
33,,,8390,,,,,,,,1.1444851160049438,,,,,,,,,,,,,,,,,,,,,,,,,,,,,,,,,,,,,
33,,,8391,,,,,,,,1.0938094854354858,,,,,,,,,,,,,,,,,,,,,,,,,,,,,,,,,,,,,
33,,,8392,,,,,,,,1.1305464506149292,,,,,,,,,,,,,,,,,,,,,,,,,,,,,,,,,,,,,
33,,,8393,,,,,,,,1.0808563232421875,,,,,,,,,,,,,,,,,,,,,,,,,,,,,,,,,,,,,
33,,,8394,,,,,,,,1.1378027200698853,,,,,,,,,,,,,,,,,,,,,,,,,,,,,,,,,,,,,
33,,,8395,,,,,,,,1.1862983703613281,,,,,,,,,,,,,,,,,,,,,,,,,,,,,,,,,,,,,
33,,,8396,,,,,,,,1.159793496131897,,,,,,,,,,,,,,,,,,,,,,,,,,,,,,,,,,,,,
33,,,8397,,,,,,,,1.0924944877624512,,,,,,,,,,,,,,,,,,,,,,,,,,,,,,,,,,,,,
33,,,8398,,,,,,,,1.0847206115722656,,,,,,,,,,,,,,,,,,,,,,,,,,,,,,,,,,,,,
33,,,8399,,,,,,,,1.1364006996154785,,,,,,,,,,,,,,,,,,,,,,,,,,,,,,,,,,,,,
33,,,8400,,,,,,,,1.10508131980896,,,,,,,,,,,,,,,,,,,,,,,,,,,,,,,,,,,,,
33,,,8401,,,,,,,,1.0916447639465332,,,,,,,,,,,,,,,,,,,,,,,,,,,,,,,,,,,,,
33,,,8402,,,,,,,,1.0889840126037598,,,,,,,,,,,,,,,,,,,,,,,,,,,,,,,,,,,,,
33,,,8403,,,,,,,,1.111846923828125,,,,,,,,,,,,,,,,,,,,,,,,,,,,,,,,,,,,,
33,,,8404,,,,,,,,1.1267627477645874,,,,,,,,,,,,,,,,,,,,,,,,,,,,,,,,,,,,,
33,,,8405,,,,,,,,1.1741430759429932,,,,,,,,,,,,,,,,,,,,,,,,,,,,,,,,,,,,,
33,,,8406,,,,,,,,1.100125789642334,,,,,,,,,,,,,,,,,,,,,,,,,,,,,,,,,,,,,
33,,,8407,,,,,,,,1.0995820760726929,,,,,,,,,,,,,,,,,,,,,,,,,,,,,,,,,,,,,
33,,,8408,,,,,,,,1.0979125499725342,,,,,,,,,,,,,,,,,,,,,,,,,,,,,,,,,,,,,
33,,,8409,,,,,,,,1.0836460590362549,,,,,,,,,,,,,,,,,,,,,,,,,,,,,,,,,,,,,
33,,,8410,,,,,,,,1.1211836338043213,,,,,,,,,,,,,,,,,,,,,,,,,,,,,,,,,,,,,
33,,,8411,,,,,,,,1.1054893732070923,,,,,,,,,,,,,,,,,,,,,,,,,,,,,,,,,,,,,
33,,,8412,,,,,,,,1.0933845043182373,,,,,,,,,,,,,,,,,,,,,,,,,,,,,,,,,,,,,
33,,,8413,,,,,,,,1.0984750986099243,,,,,,,,,,,,,,,,,,,,,,,,,,,,,,,,,,,,,
33,,,8414,,,,,,,,1.233473539352417,,,,,,,,,,,,,,,,,,,,,,,,,,,,,,,,,,,,,
33,,,8415,,,,,,,,1.1119000911712646,,,,,,,,,,,,,,,,,,,,,,,,,,,,,,,,,,,,,
33,,,8416,,,,,,,,1.0846995115280151,,,,,,,,,,,,,,,,,,,,,,,,,,,,,,,,,,,,,
33,,,8417,,,,,,,,1.0980427265167236,,,,,,,,,,,,,,,,,,,,,,,,,,,,,,,,,,,,,
33,,,8418,,,,,,,,1.093430995941162,,,,,,,,,,,,,,,,,,,,,,,,,,,,,,,,,,,,,
33,,,8419,,,,,,,,1.1114883422851562,,,,,,,,,,,,,,,,,,,,,,,,,,,,,,,,,,,,,
33,,,8420,,,,,,,,1.1087281703948975,,,,,,,,,,,,,,,,,,,,,,,,,,,,,,,,,,,,,
33,,,8421,,,,,,,,1.091201901435852,,,,,,,,,,,,,,,,,,,,,,,,,,,,,,,,,,,,,
33,,,8422,,,,,,,,1.1136727333068848,,,,,,,,,,,,,,,,,,,,,,,,,,,,,,,,,,,,,
33,,,8423,,,,,,,,1.1178710460662842,,,,,,,,,,,,,,,,,,,,,,,,,,,,,,,,,,,,,
33,,,8424,,,,,,,,1.0887136459350586,,,,,,,,,,,,,,,,,,,,,,,,,,,,,,,,,,,,,
33,,,8425,,,,,,,,1.093376636505127,,,,,,,,,,,,,,,,,,,,,,,,,,,,,,,,,,,,,
33,,,8426,,,,,,,,1.1433764696121216,,,,,,,,,,,,,,,,,,,,,,,,,,,,,,,,,,,,,
33,,,8427,,,,,,,,1.1150245666503906,,,,,,,,,,,,,,,,,,,,,,,,,,,,,,,,,,,,,
33,,,8428,,,,,,,,1.0870251655578613,,,,,,,,,,,,,,,,,,,,,,,,,,,,,,,,,,,,,
33,,,8429,,,,,,,,1.0898005962371826,,,,,,,,,,,,,,,,,,,,,,,,,,,,,,,,,,,,,
33,,,8430,,,,,,,,1.0886640548706055,,,,,,,,,,,,,,,,,,,,,,,,,,,,,,,,,,,,,
33,,,8431,,,,,,,,1.0830771923065186,,,,,,,,,,,,,,,,,,,,,,,,,,,,,,,,,,,,,
33,,,8432,,,,,,,,1.1024001836776733,,,,,,,,,,,,,,,,,,,,,,,,,,,,,,,,,,,,,
33,,,8433,,,,,,,,1.0852396488189697,,,,,,,,,,,,,,,,,,,,,,,,,,,,,,,,,,,,,
33,,,8434,,,,,,,,1.087628960609436,,,,,,,,,,,,,,,,,,,,,,,,,,,,,,,,,,,,,
33,,,8435,,,,,,,,1.093113899230957,,,,,,,,,,,,,,,,,,,,,,,,,,,,,,,,,,,,,
33,,,8436,,,,,,,,1.0951086282730103,,,,,,,,,,,,,,,,,,,,,,,,,,,,,,,,,,,,,
33,,,8437,,,,,,,,1.1057546138763428,,,,,,,,,,,,,,,,,,,,,,,,,,,,,,,,,,,,,
33,,,8438,,,,,,,,1.120828628540039,,,,,,,,,,,,,,,,,,,,,,,,,,,,,,,,,,,,,
33,,,8439,,,,,,,,1.0879864692687988,,,,,,,,,,,,,,,,,,,,,,,,,,,,,,,,,,,,,
33,,,8440,,,,,,,,1.0984363555908203,,,,,,,,,,,,,,,,,,,,,,,,,,,,,,,,,,,,,
33,,,8441,,,,,,,,1.0961463451385498,,,,,,,,,,,,,,,,,,,,,,,,,,,,,,,,,,,,,
33,,,8442,,,,,,,,1.084120512008667,,,,,,,,,,,,,,,,,,,,,,,,,,,,,,,,,,,,,
33,,,8443,,,,,,,,1.081590175628662,,,,,,,,,,,,,,,,,,,,,,,,,,,,,,,,,,,,,
33,,,8444,,,,,,,,1.0870827436447144,,,,,,,,,,,,,,,,,,,,,,,,,,,,,,,,,,,,,
33,,,8445,,,,,,,,1.0841312408447266,,,,,,,,,,,,,,,,,,,,,,,,,,,,,,,,,,,,,
33,,,8446,,,,,,,,1.1027345657348633,,,,,,,,,,,,,,,,,,,,,,,,,,,,,,,,,,,,,
33,,,8447,,,,,,,,1.1315784454345703,,,,,,,,,,,,,,,,,,,,,,,,,,,,,,,,,,,,,
33,,,8448,,,,,,,,1.0988954305648804,,,,,,,,,,,,,,,,,,,,,,,,,,,,,,,,,,,,,
33,,,8449,,,,,,,,1.0811150074005127,,,,,,,,,,,,,,,,,,,,,,,,,,,,,,,,,,,,,
33,,,8450,,,,,,,,1.1088932752609253,,,,,,,,,,,,,,,,,,,,,,,,,,,,,,,,,,,,,
33,,,8451,,,,,,,,1.0953490734100342,,,,,,,,,,,,,,,,,,,,,,,,,,,,,,,,,,,,,
33,,,8452,,,,,,,,1.1121385097503662,,,,,,,,,,,,,,,,,,,,,,,,,,,,,,,,,,,,,
33,,,8453,,,,,,,,1.0924383401870728,,,,,,,,,,,,,,,,,,,,,,,,,,,,,,,,,,,,,
33,,,8454,,,,,,,,1.089990496635437,,,,,,,,,,,,,,,,,,,,,,,,,,,,,,,,,,,,,
33,,,8455,,,,,,,,1.1079392433166504,,,,,,,,,,,,,,,,,,,,,,,,,,,,,,,,,,,,,
33,,,8456,,,,,,,,1.087393045425415,,,,,,,,,,,,,,,,,,,,,,,,,,,,,,,,,,,,,
33,,,8457,,,,,,,,1.1219308376312256,,,,,,,,,,,,,,,,,,,,,,,,,,,,,,,,,,,,,
33,,,8458,,,,,,,,1.0835871696472168,,,,,,,,,,,,,,,,,,,,,,,,,,,,,,,,,,,,,
33,,,8459,,,,,,,,1.0922150611877441,,,,,,,,,,,,,,,,,,,,,,,,,,,,,,,,,,,,,
33,,,8460,,,,,,,,1.1432287693023682,,,,,,,,,,,,,,,,,,,,,,,,,,,,,,,,,,,,,
33,,,8461,,,,,,,,1.1072436571121216,,,,,,,,,,,,,,,,,,,,,,,,,,,,,,,,,,,,,
33,,,8462,,,,,,,,1.2768489122390747,,,,,,,,,,,,,,,,,,,,,,,,,,,,,,,,,,,,,
33,,,8463,,,,,,,,1.0902187824249268,,,,,,,,,,,,,,,,,,,,,,,,,,,,,,,,,,,,,
33,,,8464,,,,,,,,1.150653600692749,,,,,,,,,,,,,,,,,,,,,,,,,,,,,,,,,,,,,
33,,,8465,,,,,,,,1.1124143600463867,,,,,,,,,,,,,,,,,,,,,,,,,,,,,,,,,,,,,
33,,,8466,,,,,,,,1.091590404510498,,,,,,,,,,,,,,,,,,,,,,,,,,,,,,,,,,,,,
33,,,8467,,,,,,,,1.105058193206787,,,,,,,,,,,,,,,,,,,,,,,,,,,,,,,,,,,,,
33,,,8468,,,,,,,,1.0878642797470093,,,,,,,,,,,,,,,,,,,,,,,,,,,,,,,,,,,,,
33,,,8469,,,,,,,,1.0863850116729736,,,,,,,,,,,,,,,,,,,,,,,,,,,,,,,,,,,,,
33,,,8470,,,,,,,,1.1656861305236816,,,,,,,,,,,,,,,,,,,,,,,,,,,,,,,,,,,,,
33,,,8471,,,,,,,,1.1038309335708618,,,,,,,,,,,,,,,,,,,,,,,,,,,,,,,,,,,,,
33,,,8472,,,,,,,,1.1324784755706787,,,,,,,,,,,,,,,,,,,,,,,,,,,,,,,,,,,,,
33,,,8473,,,,,,,,1.1107372045516968,,,,,,,,,,,,,,,,,,,,,,,,,,,,,,,,,,,,,
33,,,8474,,,,,,,,1.0952799320220947,,,,,,,,,,,,,,,,,,,,,,,,,,,,,,,,,,,,,
33,,,8475,,,,,,,,1.1291180849075317,,,,,,,,,,,,,,,,,,,,,,,,,,,,,,,,,,,,,
33,,,8476,,,,,,,,1.0919907093048096,,,,,,,,,,,,,,,,,,,,,,,,,,,,,,,,,,,,,
33,,,8477,,,,,,,,1.11749267578125,,,,,,,,,,,,,,,,,,,,,,,,,,,,,,,,,,,,,
33,,,8478,,,,,,,,1.1507980823516846,,,,,,,,,,,,,,,,,,,,,,,,,,,,,,,,,,,,,
33,,,8479,,,,,,,,1.099855899810791,,,,,,,,,,,,,,,,,,,,,,,,,,,,,,,,,,,,,
33,,,8480,,,,,,,,1.0845214128494263,,,,,,,,,,,,,,,,,,,,,,,,,,,,,,,,,,,,,
33,,,8481,,,,,,,,1.0916407108306885,,,,,,,,,,,,,,,,,,,,,,,,,,,,,,,,,,,,,
33,,,8482,,,,,,,,1.0863698720932007,,,,,,,,,,,,,,,,,,,,,,,,,,,,,,,,,,,,,
33,,,8483,,,,,,,,1.1011611223220825,,,,,,,,,,,,,,,,,,,,,,,,,,,,,,,,,,,,,
33,,,8484,,,,,,,,1.1104695796966553,,,,,,,,,,,,,,,,,,,,,,,,,,,,,,,,,,,,,
33,,,8485,,,,,,,,1.104529857635498,,,,,,,,,,,,,,,,,,,,,,,,,,,,,,,,,,,,,
33,,,8486,,,,,,,,1.0916695594787598,,,,,,,,,,,,,,,,,,,,,,,,,,,,,,,,,,,,,
33,,,8487,,,,,,,,1.0978997945785522,,,,,,,,,,,,,,,,,,,,,,,,,,,,,,,,,,,,,
33,,,8488,,,,,,,,1.084615707397461,,,,,,,,,,,,,,,,,,,,,,,,,,,,,,,,,,,,,
33,,,8489,,,,,,,,1.097957968711853,,,,,,,,,,,,,,,,,,,,,,,,,,,,,,,,,,,,,
33,,,8490,,,,,,,,1.096937894821167,,,,,,,,,,,,,,,,,,,,,,,,,,,,,,,,,,,,,
33,,,8491,,,,,,,,1.086405873298645,,,,,,,,,,,,,,,,,,,,,,,,,,,,,,,,,,,,,
33,,,8492,,,,,,,,1.1473535299301147,,,,,,,,,,,,,,,,,,,,,,,,,,,,,,,,,,,,,
33,,,8493,,,,,,,,1.173327088356018,,,,,,,,,,,,,,,,,,,,,,,,,,,,,,,,,,,,,
33,,,8494,,,,,,,,1.3333473205566406,,,,,,,,,,,,,,,,,,,,,,,,,,,,,,,,,,,,,
33,,,8495,,,,,,,,1.1102144718170166,,,,,,,,,,,,,,,,,,,,,,,,,,,,,,,,,,,,,
33,,,8496,,,,,,,,1.134273648262024,,,,,,,,,,,,,,,,,,,,,,,,,,,,,,,,,,,,,
33,,,8497,,,,,,,,1.1035981178283691,,,,,,,,,,,,,,,,,,,,,,,,,,,,,,,,,,,,,
33,,,8498,,,,,,,,1.0929806232452393,,,,,,,,,,,,,,,,,,,,,,,,,,,,,,,,,,,,,
33,,,8499,,,,,,,,1.0919628143310547,,,,,,,,,,,,,,,,,,,,,,,,,,,,,,,,,,,,,
33,,,8499,,,,,,,,,,,0.3473478853702545,0.004603714216500521,0.669921875,1.33984375,54.966796875,0.669921875,271790.65625,0.8378413319587708,0.8378413319587708,,1.0,0.2922401428222656,54.966796875,0.669921875,0.9455307722091675,0.04745198413729668,22118.0,0.001900451723486185,0.0028368260245770216,0.4163895547389984,0.6215494275093079,0.005647874437272549,1475.0,0.016908103600144386,0.025238920003175735,0.26515597105026245,0.3958013355731964,0.014205638319253922,7373.0,0.004825990181416273,0.007203810848295689,0.33941516280174255,0.5066488981246948,0.016576025635004044,0.00037276724469847977
33,,20.0,8499,263653.03125,0.8514635562896729,0.8534594178199768,,1.108898401260376,0.8534594178199768,1.0,,0.300230473279953,0.9179999828338623,,,,,,,,,,,,,,,,,,,,,,,,,,,,,,,,,,,
,6.962598075315047e-05,,8500,,,,,,,,,,,,,,,,,,,,,,,,,,,,,,,,,,,,,,,,,,,,,
34,,,8500,,,,,,,,1.0889140367507935,,,,,,,,,,,,,,,,,,,,,,,,,,,,,,,,,,,,,
34,,,8501,,,,,,,,1.0858186483383179,,,,,,,,,,,,,,,,,,,,,,,,,,,,,,,,,,,,,
34,,,8502,,,,,,,,1.0823734998703003,,,,,,,,,,,,,,,,,,,,,,,,,,,,,,,,,,,,,
34,,,8503,,,,,,,,1.0957826375961304,,,,,,,,,,,,,,,,,,,,,,,,,,,,,,,,,,,,,
34,,,8504,,,,,,,,1.0862152576446533,,,,,,,,,,,,,,,,,,,,,,,,,,,,,,,,,,,,,
34,,,8505,,,,,,,,1.080723762512207,,,,,,,,,,,,,,,,,,,,,,,,,,,,,,,,,,,,,
34,,,8506,,,,,,,,1.0812456607818604,,,,,,,,,,,,,,,,,,,,,,,,,,,,,,,,,,,,,
34,,,8507,,,,,,,,1.0950008630752563,,,,,,,,,,,,,,,,,,,,,,,,,,,,,,,,,,,,,
34,,,8508,,,,,,,,1.0885846614837646,,,,,,,,,,,,,,,,,,,,,,,,,,,,,,,,,,,,,
34,,,8509,,,,,,,,1.1402422189712524,,,,,,,,,,,,,,,,,,,,,,,,,,,,,,,,,,,,,
34,,,8510,,,,,,,,1.0958482027053833,,,,,,,,,,,,,,,,,,,,,,,,,,,,,,,,,,,,,
34,,,8511,,,,,,,,1.1429497003555298,,,,,,,,,,,,,,,,,,,,,,,,,,,,,,,,,,,,,
34,,,8512,,,,,,,,1.096846103668213,,,,,,,,,,,,,,,,,,,,,,,,,,,,,,,,,,,,,
34,,,8513,,,,,,,,1.0949764251708984,,,,,,,,,,,,,,,,,,,,,,,,,,,,,,,,,,,,,
34,,,8514,,,,,,,,1.277967095375061,,,,,,,,,,,,,,,,,,,,,,,,,,,,,,,,,,,,,
34,,,8515,,,,,,,,1.0978267192840576,,,,,,,,,,,,,,,,,,,,,,,,,,,,,,,,,,,,,
34,,,8516,,,,,,,,1.0838124752044678,,,,,,,,,,,,,,,,,,,,,,,,,,,,,,,,,,,,,
34,,,8517,,,,,,,,1.1057727336883545,,,,,,,,,,,,,,,,,,,,,,,,,,,,,,,,,,,,,
34,,,8518,,,,,,,,1.1591181755065918,,,,,,,,,,,,,,,,,,,,,,,,,,,,,,,,,,,,,
34,,,8519,,,,,,,,1.206981897354126,,,,,,,,,,,,,,,,,,,,,,,,,,,,,,,,,,,,,
34,,,8520,,,,,,,,1.1086368560791016,,,,,,,,,,,,,,,,,,,,,,,,,,,,,,,,,,,,,
34,,,8521,,,,,,,,1.0811306238174438,,,,,,,,,,,,,,,,,,,,,,,,,,,,,,,,,,,,,
34,,,8522,,,,,,,,1.100139856338501,,,,,,,,,,,,,,,,,,,,,,,,,,,,,,,,,,,,,
34,,,8523,,,,,,,,1.1081172227859497,,,,,,,,,,,,,,,,,,,,,,,,,,,,,,,,,,,,,
34,,,8524,,,,,,,,1.0957053899765015,,,,,,,,,,,,,,,,,,,,,,,,,,,,,,,,,,,,,
34,,,8525,,,,,,,,1.092899203300476,,,,,,,,,,,,,,,,,,,,,,,,,,,,,,,,,,,,,
34,,,8526,,,,,,,,1.0804443359375,,,,,,,,,,,,,,,,,,,,,,,,,,,,,,,,,,,,,
34,,,8527,,,,,,,,1.0807512998580933,,,,,,,,,,,,,,,,,,,,,,,,,,,,,,,,,,,,,
34,,,8528,,,,,,,,1.0912821292877197,,,,,,,,,,,,,,,,,,,,,,,,,,,,,,,,,,,,,
34,,,8529,,,,,,,,1.1397416591644287,,,,,,,,,,,,,,,,,,,,,,,,,,,,,,,,,,,,,
34,,,8530,,,,,,,,1.0872759819030762,,,,,,,,,,,,,,,,,,,,,,,,,,,,,,,,,,,,,
34,,,8531,,,,,,,,1.0996397733688354,,,,,,,,,,,,,,,,,,,,,,,,,,,,,,,,,,,,,
34,,,8532,,,,,,,,1.0970969200134277,,,,,,,,,,,,,,,,,,,,,,,,,,,,,,,,,,,,,
34,,,8533,,,,,,,,1.0812010765075684,,,,,,,,,,,,,,,,,,,,,,,,,,,,,,,,,,,,,
34,,,8534,,,,,,,,1.0921404361724854,,,,,,,,,,,,,,,,,,,,,,,,,,,,,,,,,,,,,
34,,,8535,,,,,,,,1.134591817855835,,,,,,,,,,,,,,,,,,,,,,,,,,,,,,,,,,,,,
34,,,8536,,,,,,,,1.101036548614502,,,,,,,,,,,,,,,,,,,,,,,,,,,,,,,,,,,,,
34,,,8537,,,,,,,,1.1078753471374512,,,,,,,,,,,,,,,,,,,,,,,,,,,,,,,,,,,,,
34,,,8538,,,,,,,,1.0874508619308472,,,,,,,,,,,,,,,,,,,,,,,,,,,,,,,,,,,,,
34,,,8539,,,,,,,,1.0875985622406006,,,,,,,,,,,,,,,,,,,,,,,,,,,,,,,,,,,,,
34,,,8540,,,,,,,,1.1563308238983154,,,,,,,,,,,,,,,,,,,,,,,,,,,,,,,,,,,,,
34,,,8541,,,,,,,,1.0800883769989014,,,,,,,,,,,,,,,,,,,,,,,,,,,,,,,,,,,,,
34,,,8542,,,,,,,,1.1463953256607056,,,,,,,,,,,,,,,,,,,,,,,,,,,,,,,,,,,,,
34,,,8543,,,,,,,,1.1316494941711426,,,,,,,,,,,,,,,,,,,,,,,,,,,,,,,,,,,,,
34,,,8544,,,,,,,,1.1002062559127808,,,,,,,,,,,,,,,,,,,,,,,,,,,,,,,,,,,,,
34,,,8545,,,,,,,,1.1474539041519165,,,,,,,,,,,,,,,,,,,,,,,,,,,,,,,,,,,,,
34,,,8546,,,,,,,,1.094168782234192,,,,,,,,,,,,,,,,,,,,,,,,,,,,,,,,,,,,,
34,,,8547,,,,,,,,1.092165470123291,,,,,,,,,,,,,,,,,,,,,,,,,,,,,,,,,,,,,
34,,,8548,,,,,,,,1.1024012565612793,,,,,,,,,,,,,,,,,,,,,,,,,,,,,,,,,,,,,
34,,,8549,,,,,,,,1.111377239227295,,,,,,,,,,,,,,,,,,,,,,,,,,,,,,,,,,,,,
34,,,8550,,,,,,,,1.089695692062378,,,,,,,,,,,,,,,,,,,,,,,,,,,,,,,,,,,,,
34,,,8551,,,,,,,,1.1049938201904297,,,,,,,,,,,,,,,,,,,,,,,,,,,,,,,,,,,,,
34,,,8552,,,,,,,,1.0906082391738892,,,,,,,,,,,,,,,,,,,,,,,,,,,,,,,,,,,,,
34,,,8553,,,,,,,,1.0801219940185547,,,,,,,,,,,,,,,,,,,,,,,,,,,,,,,,,,,,,
34,,,8554,,,,,,,,1.1052464246749878,,,,,,,,,,,,,,,,,,,,,,,,,,,,,,,,,,,,,
34,,,8555,,,,,,,,1.0986464023590088,,,,,,,,,,,,,,,,,,,,,,,,,,,,,,,,,,,,,
34,,,8556,,,,,,,,1.102161169052124,,,,,,,,,,,,,,,,,,,,,,,,,,,,,,,,,,,,,
34,,,8557,,,,,,,,1.086926817893982,,,,,,,,,,,,,,,,,,,,,,,,,,,,,,,,,,,,,
34,,,8558,,,,,,,,1.0951719284057617,,,,,,,,,,,,,,,,,,,,,,,,,,,,,,,,,,,,,
34,,,8559,,,,,,,,1.0973701477050781,,,,,,,,,,,,,,,,,,,,,,,,,,,,,,,,,,,,,
34,,,8560,,,,,,,,1.0926393270492554,,,,,,,,,,,,,,,,,,,,,,,,,,,,,,,,,,,,,
34,,,8561,,,,,,,,1.0807831287384033,,,,,,,,,,,,,,,,,,,,,,,,,,,,,,,,,,,,,
34,,,8562,,,,,,,,1.106213092803955,,,,,,,,,,,,,,,,,,,,,,,,,,,,,,,,,,,,,
34,,,8563,,,,,,,,1.1631990671157837,,,,,,,,,,,,,,,,,,,,,,,,,,,,,,,,,,,,,
34,,,8564,,,,,,,,1.0915597677230835,,,,,,,,,,,,,,,,,,,,,,,,,,,,,,,,,,,,,
34,,,8565,,,,,,,,1.0867133140563965,,,,,,,,,,,,,,,,,,,,,,,,,,,,,,,,,,,,,
34,,,8566,,,,,,,,1.088966965675354,,,,,,,,,,,,,,,,,,,,,,,,,,,,,,,,,,,,,
34,,,8567,,,,,,,,1.085921287536621,,,,,,,,,,,,,,,,,,,,,,,,,,,,,,,,,,,,,
34,,,8568,,,,,,,,1.0918519496917725,,,,,,,,,,,,,,,,,,,,,,,,,,,,,,,,,,,,,
34,,,8569,,,,,,,,1.0882267951965332,,,,,,,,,,,,,,,,,,,,,,,,,,,,,,,,,,,,,
34,,,8570,,,,,,,,1.1127172708511353,,,,,,,,,,,,,,,,,,,,,,,,,,,,,,,,,,,,,
34,,,8571,,,,,,,,1.1209423542022705,,,,,,,,,,,,,,,,,,,,,,,,,,,,,,,,,,,,,
34,,,8572,,,,,,,,1.0892837047576904,,,,,,,,,,,,,,,,,,,,,,,,,,,,,,,,,,,,,
34,,,8573,,,,,,,,1.1049034595489502,,,,,,,,,,,,,,,,,,,,,,,,,,,,,,,,,,,,,
34,,,8574,,,,,,,,1.1019519567489624,,,,,,,,,,,,,,,,,,,,,,,,,,,,,,,,,,,,,
34,,,8575,,,,,,,,1.1454553604125977,,,,,,,,,,,,,,,,,,,,,,,,,,,,,,,,,,,,,
34,,,8576,,,,,,,,1.107621192932129,,,,,,,,,,,,,,,,,,,,,,,,,,,,,,,,,,,,,
34,,,8577,,,,,,,,1.1192766427993774,,,,,,,,,,,,,,,,,,,,,,,,,,,,,,,,,,,,,
34,,,8578,,,,,,,,1.2021526098251343,,,,,,,,,,,,,,,,,,,,,,,,,,,,,,,,,,,,,
34,,,8579,,,,,,,,1.086745023727417,,,,,,,,,,,,,,,,,,,,,,,,,,,,,,,,,,,,,
34,,,8580,,,,,,,,1.0929481983184814,,,,,,,,,,,,,,,,,,,,,,,,,,,,,,,,,,,,,
34,,,8581,,,,,,,,1.108518123626709,,,,,,,,,,,,,,,,,,,,,,,,,,,,,,,,,,,,,
34,,,8582,,,,,,,,1.1284079551696777,,,,,,,,,,,,,,,,,,,,,,,,,,,,,,,,,,,,,
34,,,8583,,,,,,,,1.0930345058441162,,,,,,,,,,,,,,,,,,,,,,,,,,,,,,,,,,,,,
34,,,8584,,,,,,,,1.0811008214950562,,,,,,,,,,,,,,,,,,,,,,,,,,,,,,,,,,,,,
34,,,8585,,,,,,,,1.0833635330200195,,,,,,,,,,,,,,,,,,,,,,,,,,,,,,,,,,,,,
34,,,8586,,,,,,,,1.1075329780578613,,,,,,,,,,,,,,,,,,,,,,,,,,,,,,,,,,,,,
34,,,8587,,,,,,,,1.1600749492645264,,,,,,,,,,,,,,,,,,,,,,,,,,,,,,,,,,,,,
34,,,8588,,,,,,,,1.0928246974945068,,,,,,,,,,,,,,,,,,,,,,,,,,,,,,,,,,,,,
34,,,8589,,,,,,,,1.107666015625,,,,,,,,,,,,,,,,,,,,,,,,,,,,,,,,,,,,,
34,,,8590,,,,,,,,1.083294153213501,,,,,,,,,,,,,,,,,,,,,,,,,,,,,,,,,,,,,
34,,,8591,,,,,,,,1.1612811088562012,,,,,,,,,,,,,,,,,,,,,,,,,,,,,,,,,,,,,
34,,,8592,,,,,,,,1.0956217050552368,,,,,,,,,,,,,,,,,,,,,,,,,,,,,,,,,,,,,
34,,,8593,,,,,,,,1.0894277095794678,,,,,,,,,,,,,,,,,,,,,,,,,,,,,,,,,,,,,
34,,,8594,,,,,,,,1.080440878868103,,,,,,,,,,,,,,,,,,,,,,,,,,,,,,,,,,,,,
34,,,8595,,,,,,,,1.1716872453689575,,,,,,,,,,,,,,,,,,,,,,,,,,,,,,,,,,,,,
34,,,8596,,,,,,,,1.0956212282180786,,,,,,,,,,,,,,,,,,,,,,,,,,,,,,,,,,,,,
34,,,8597,,,,,,,,1.0828735828399658,,,,,,,,,,,,,,,,,,,,,,,,,,,,,,,,,,,,,
34,,,8598,,,,,,,,1.0911214351654053,,,,,,,,,,,,,,,,,,,,,,,,,,,,,,,,,,,,,
34,,,8599,,,,,,,,1.0875170230865479,,,,,,,,,,,,,,,,,,,,,,,,,,,,,,,,,,,,,
34,,,8600,,,,,,,,1.0804555416107178,,,,,,,,,,,,,,,,,,,,,,,,,,,,,,,,,,,,,
34,,,8601,,,,,,,,1.1577908992767334,,,,,,,,,,,,,,,,,,,,,,,,,,,,,,,,,,,,,
34,,,8602,,,,,,,,1.0929714441299438,,,,,,,,,,,,,,,,,,,,,,,,,,,,,,,,,,,,,
34,,,8603,,,,,,,,1.0895133018493652,,,,,,,,,,,,,,,,,,,,,,,,,,,,,,,,,,,,,
34,,,8604,,,,,,,,1.0945587158203125,,,,,,,,,,,,,,,,,,,,,,,,,,,,,,,,,,,,,
34,,,8605,,,,,,,,1.1061387062072754,,,,,,,,,,,,,,,,,,,,,,,,,,,,,,,,,,,,,
34,,,8606,,,,,,,,1.1044492721557617,,,,,,,,,,,,,,,,,,,,,,,,,,,,,,,,,,,,,
34,,,8607,,,,,,,,1.083554983139038,,,,,,,,,,,,,,,,,,,,,,,,,,,,,,,,,,,,,
34,,,8608,,,,,,,,1.0995036363601685,,,,,,,,,,,,,,,,,,,,,,,,,,,,,,,,,,,,,
34,,,8609,,,,,,,,1.1077059507369995,,,,,,,,,,,,,,,,,,,,,,,,,,,,,,,,,,,,,
34,,,8610,,,,,,,,1.1233690977096558,,,,,,,,,,,,,,,,,,,,,,,,,,,,,,,,,,,,,
34,,,8611,,,,,,,,1.0937215089797974,,,,,,,,,,,,,,,,,,,,,,,,,,,,,,,,,,,,,
34,,,8612,,,,,,,,1.0824675559997559,,,,,,,,,,,,,,,,,,,,,,,,,,,,,,,,,,,,,
34,,,8613,,,,,,,,1.1202569007873535,,,,,,,,,,,,,,,,,,,,,,,,,,,,,,,,,,,,,
34,,,8614,,,,,,,,1.0960259437561035,,,,,,,,,,,,,,,,,,,,,,,,,,,,,,,,,,,,,
34,,,8615,,,,,,,,1.0974777936935425,,,,,,,,,,,,,,,,,,,,,,,,,,,,,,,,,,,,,
34,,,8616,,,,,,,,1.160364031791687,,,,,,,,,,,,,,,,,,,,,,,,,,,,,,,,,,,,,
34,,,8617,,,,,,,,1.1071522235870361,,,,,,,,,,,,,,,,,,,,,,,,,,,,,,,,,,,,,
34,,,8618,,,,,,,,1.0825272798538208,,,,,,,,,,,,,,,,,,,,,,,,,,,,,,,,,,,,,
34,,,8619,,,,,,,,1.1078804731369019,,,,,,,,,,,,,,,,,,,,,,,,,,,,,,,,,,,,,
34,,,8620,,,,,,,,1.1120531558990479,,,,,,,,,,,,,,,,,,,,,,,,,,,,,,,,,,,,,
34,,,8621,,,,,,,,1.185275912284851,,,,,,,,,,,,,,,,,,,,,,,,,,,,,,,,,,,,,
34,,,8622,,,,,,,,1.0915040969848633,,,,,,,,,,,,,,,,,,,,,,,,,,,,,,,,,,,,,
34,,,8623,,,,,,,,1.0814838409423828,,,,,,,,,,,,,,,,,,,,,,,,,,,,,,,,,,,,,
34,,,8624,,,,,,,,1.0911431312561035,,,,,,,,,,,,,,,,,,,,,,,,,,,,,,,,,,,,,
34,,,8625,,,,,,,,1.0801482200622559,,,,,,,,,,,,,,,,,,,,,,,,,,,,,,,,,,,,,
34,,,8626,,,,,,,,1.1298229694366455,,,,,,,,,,,,,,,,,,,,,,,,,,,,,,,,,,,,,
34,,,8627,,,,,,,,1.0834276676177979,,,,,,,,,,,,,,,,,,,,,,,,,,,,,,,,,,,,,
34,,,8628,,,,,,,,1.0856678485870361,,,,,,,,,,,,,,,,,,,,,,,,,,,,,,,,,,,,,
34,,,8629,,,,,,,,1.091382384300232,,,,,,,,,,,,,,,,,,,,,,,,,,,,,,,,,,,,,
34,,,8630,,,,,,,,1.092468023300171,,,,,,,,,,,,,,,,,,,,,,,,,,,,,,,,,,,,,
34,,,8631,,,,,,,,1.0811169147491455,,,,,,,,,,,,,,,,,,,,,,,,,,,,,,,,,,,,,
34,,,8632,,,,,,,,1.1775916814804077,,,,,,,,,,,,,,,,,,,,,,,,,,,,,,,,,,,,,
34,,,8633,,,,,,,,1.0813528299331665,,,,,,,,,,,,,,,,,,,,,,,,,,,,,,,,,,,,,
34,,,8634,,,,,,,,1.1296257972717285,,,,,,,,,,,,,,,,,,,,,,,,,,,,,,,,,,,,,
34,,,8635,,,,,,,,1.1278210878372192,,,,,,,,,,,,,,,,,,,,,,,,,,,,,,,,,,,,,
34,,,8636,,,,,,,,1.1285666227340698,,,,,,,,,,,,,,,,,,,,,,,,,,,,,,,,,,,,,
34,,,8637,,,,,,,,1.0985530614852905,,,,,,,,,,,,,,,,,,,,,,,,,,,,,,,,,,,,,
34,,,8638,,,,,,,,1.0996897220611572,,,,,,,,,,,,,,,,,,,,,,,,,,,,,,,,,,,,,
34,,,8639,,,,,,,,1.0949583053588867,,,,,,,,,,,,,,,,,,,,,,,,,,,,,,,,,,,,,
34,,,8640,,,,,,,,1.1215018033981323,,,,,,,,,,,,,,,,,,,,,,,,,,,,,,,,,,,,,
34,,,8641,,,,,,,,1.0919866561889648,,,,,,,,,,,,,,,,,,,,,,,,,,,,,,,,,,,,,
34,,,8642,,,,,,,,1.0845394134521484,,,,,,,,,,,,,,,,,,,,,,,,,,,,,,,,,,,,,
34,,,8643,,,,,,,,1.0918303728103638,,,,,,,,,,,,,,,,,,,,,,,,,,,,,,,,,,,,,
34,,,8644,,,,,,,,1.0846163034439087,,,,,,,,,,,,,,,,,,,,,,,,,,,,,,,,,,,,,
34,,,8645,,,,,,,,1.1014728546142578,,,,,,,,,,,,,,,,,,,,,,,,,,,,,,,,,,,,,
34,,,8646,,,,,,,,1.084639072418213,,,,,,,,,,,,,,,,,,,,,,,,,,,,,,,,,,,,,
34,,,8647,,,,,,,,1.1449774503707886,,,,,,,,,,,,,,,,,,,,,,,,,,,,,,,,,,,,,
34,,,8648,,,,,,,,1.0983452796936035,,,,,,,,,,,,,,,,,,,,,,,,,,,,,,,,,,,,,
34,,,8649,,,,,,,,1.0840562582015991,,,,,,,,,,,,,,,,,,,,,,,,,,,,,,,,,,,,,
34,,,8650,,,,,,,,1.0951974391937256,,,,,,,,,,,,,,,,,,,,,,,,,,,,,,,,,,,,,
34,,,8651,,,,,,,,1.0807517766952515,,,,,,,,,,,,,,,,,,,,,,,,,,,,,,,,,,,,,
34,,,8652,,,,,,,,1.1302103996276855,,,,,,,,,,,,,,,,,,,,,,,,,,,,,,,,,,,,,
34,,,8653,,,,,,,,1.139001727104187,,,,,,,,,,,,,,,,,,,,,,,,,,,,,,,,,,,,,
34,,,8654,,,,,,,,1.1783595085144043,,,,,,,,,,,,,,,,,,,,,,,,,,,,,,,,,,,,,
34,,,8655,,,,,,,,1.0992467403411865,,,,,,,,,,,,,,,,,,,,,,,,,,,,,,,,,,,,,
34,,,8656,,,,,,,,1.1161730289459229,,,,,,,,,,,,,,,,,,,,,,,,,,,,,,,,,,,,,
34,,,8657,,,,,,,,1.0845491886138916,,,,,,,,,,,,,,,,,,,,,,,,,,,,,,,,,,,,,
34,,,8658,,,,,,,,1.1135728359222412,,,,,,,,,,,,,,,,,,,,,,,,,,,,,,,,,,,,,
34,,,8659,,,,,,,,1.1136796474456787,,,,,,,,,,,,,,,,,,,,,,,,,,,,,,,,,,,,,
34,,,8660,,,,,,,,1.1423614025115967,,,,,,,,,,,,,,,,,,,,,,,,,,,,,,,,,,,,,
34,,,8661,,,,,,,,1.0815433263778687,,,,,,,,,,,,,,,,,,,,,,,,,,,,,,,,,,,,,
34,,,8662,,,,,,,,1.2056732177734375,,,,,,,,,,,,,,,,,,,,,,,,,,,,,,,,,,,,,
34,,,8663,,,,,,,,1.1568210124969482,,,,,,,,,,,,,,,,,,,,,,,,,,,,,,,,,,,,,
34,,,8664,,,,,,,,1.1530057191848755,,,,,,,,,,,,,,,,,,,,,,,,,,,,,,,,,,,,,
34,,,8665,,,,,,,,1.1167575120925903,,,,,,,,,,,,,,,,,,,,,,,,,,,,,,,,,,,,,
34,,,8666,,,,,,,,1.096004605293274,,,,,,,,,,,,,,,,,,,,,,,,,,,,,,,,,,,,,
34,,,8667,,,,,,,,1.0804201364517212,,,,,,,,,,,,,,,,,,,,,,,,,,,,,,,,,,,,,
34,,,8668,,,,,,,,1.167090654373169,,,,,,,,,,,,,,,,,,,,,,,,,,,,,,,,,,,,,
34,,,8669,,,,,,,,1.124908447265625,,,,,,,,,,,,,,,,,,,,,,,,,,,,,,,,,,,,,
34,,,8670,,,,,,,,1.0902425050735474,,,,,,,,,,,,,,,,,,,,,,,,,,,,,,,,,,,,,
34,,,8671,,,,,,,,1.093381643295288,,,,,,,,,,,,,,,,,,,,,,,,,,,,,,,,,,,,,
34,,,8672,,,,,,,,1.0880534648895264,,,,,,,,,,,,,,,,,,,,,,,,,,,,,,,,,,,,,
34,,,8673,,,,,,,,1.1139107942581177,,,,,,,,,,,,,,,,,,,,,,,,,,,,,,,,,,,,,
34,,,8674,,,,,,,,1.1877217292785645,,,,,,,,,,,,,,,,,,,,,,,,,,,,,,,,,,,,,
34,,,8675,,,,,,,,1.0970239639282227,,,,,,,,,,,,,,,,,,,,,,,,,,,,,,,,,,,,,
34,,,8676,,,,,,,,1.088881492614746,,,,,,,,,,,,,,,,,,,,,,,,,,,,,,,,,,,,,
34,,,8677,,,,,,,,1.0927882194519043,,,,,,,,,,,,,,,,,,,,,,,,,,,,,,,,,,,,,
34,,,8678,,,,,,,,1.083797574043274,,,,,,,,,,,,,,,,,,,,,,,,,,,,,,,,,,,,,
34,,,8679,,,,,,,,1.0901880264282227,,,,,,,,,,,,,,,,,,,,,,,,,,,,,,,,,,,,,
34,,,8680,,,,,,,,1.09576416015625,,,,,,,,,,,,,,,,,,,,,,,,,,,,,,,,,,,,,
34,,,8681,,,,,,,,1.082085371017456,,,,,,,,,,,,,,,,,,,,,,,,,,,,,,,,,,,,,
34,,,8682,,,,,,,,1.0922796726226807,,,,,,,,,,,,,,,,,,,,,,,,,,,,,,,,,,,,,
34,,,8683,,,,,,,,1.091602087020874,,,,,,,,,,,,,,,,,,,,,,,,,,,,,,,,,,,,,
34,,,8684,,,,,,,,1.0845410823822021,,,,,,,,,,,,,,,,,,,,,,,,,,,,,,,,,,,,,
34,,,8685,,,,,,,,1.099000096321106,,,,,,,,,,,,,,,,,,,,,,,,,,,,,,,,,,,,,
34,,,8686,,,,,,,,1.0863829851150513,,,,,,,,,,,,,,,,,,,,,,,,,,,,,,,,,,,,,
34,,,8687,,,,,,,,1.134286642074585,,,,,,,,,,,,,,,,,,,,,,,,,,,,,,,,,,,,,
34,,,8688,,,,,,,,1.1441025733947754,,,,,,,,,,,,,,,,,,,,,,,,,,,,,,,,,,,,,
34,,,8689,,,,,,,,1.1002252101898193,,,,,,,,,,,,,,,,,,,,,,,,,,,,,,,,,,,,,
34,,,8690,,,,,,,,1.1055582761764526,,,,,,,,,,,,,,,,,,,,,,,,,,,,,,,,,,,,,
34,,,8691,,,,,,,,1.160483717918396,,,,,,,,,,,,,,,,,,,,,,,,,,,,,,,,,,,,,
34,,,8692,,,,,,,,1.1156595945358276,,,,,,,,,,,,,,,,,,,,,,,,,,,,,,,,,,,,,
34,,,8693,,,,,,,,1.0917235612869263,,,,,,,,,,,,,,,,,,,,,,,,,,,,,,,,,,,,,
34,,,8694,,,,,,,,1.1068553924560547,,,,,,,,,,,,,,,,,,,,,,,,,,,,,,,,,,,,,
34,,,8695,,,,,,,,1.0903221368789673,,,,,,,,,,,,,,,,,,,,,,,,,,,,,,,,,,,,,
34,,,8696,,,,,,,,1.1047561168670654,,,,,,,,,,,,,,,,,,,,,,,,,,,,,,,,,,,,,
34,,,8697,,,,,,,,1.098797082901001,,,,,,,,,,,,,,,,,,,,,,,,,,,,,,,,,,,,,
34,,,8698,,,,,,,,1.0925847291946411,,,,,,,,,,,,,,,,,,,,,,,,,,,,,,,,,,,,,
34,,,8699,,,,,,,,1.101365566253662,,,,,,,,,,,,,,,,,,,,,,,,,,,,,,,,,,,,,
34,,,8700,,,,,,,,1.1177953481674194,,,,,,,,,,,,,,,,,,,,,,,,,,,,,,,,,,,,,
34,,,8701,,,,,,,,1.099553108215332,,,,,,,,,,,,,,,,,,,,,,,,,,,,,,,,,,,,,
34,,,8702,,,,,,,,1.0928871631622314,,,,,,,,,,,,,,,,,,,,,,,,,,,,,,,,,,,,,
34,,,8703,,,,,,,,1.0825695991516113,,,,,,,,,,,,,,,,,,,,,,,,,,,,,,,,,,,,,
34,,,8704,,,,,,,,1.0978400707244873,,,,,,,,,,,,,,,,,,,,,,,,,,,,,,,,,,,,,
34,,,8705,,,,,,,,1.0850576162338257,,,,,,,,,,,,,,,,,,,,,,,,,,,,,,,,,,,,,
34,,,8706,,,,,,,,1.1467232704162598,,,,,,,,,,,,,,,,,,,,,,,,,,,,,,,,,,,,,
34,,,8707,,,,,,,,1.185530185699463,,,,,,,,,,,,,,,,,,,,,,,,,,,,,,,,,,,,,
34,,,8708,,,,,,,,1.092270851135254,,,,,,,,,,,,,,,,,,,,,,,,,,,,,,,,,,,,,
34,,,8709,,,,,,,,1.114964485168457,,,,,,,,,,,,,,,,,,,,,,,,,,,,,,,,,,,,,
34,,,8710,,,,,,,,1.093557357788086,,,,,,,,,,,,,,,,,,,,,,,,,,,,,,,,,,,,,
34,,,8711,,,,,,,,1.0966567993164062,,,,,,,,,,,,,,,,,,,,,,,,,,,,,,,,,,,,,
34,,,8712,,,,,,,,1.1088099479675293,,,,,,,,,,,,,,,,,,,,,,,,,,,,,,,,,,,,,
34,,,8713,,,,,,,,1.098262071609497,,,,,,,,,,,,,,,,,,,,,,,,,,,,,,,,,,,,,
34,,,8714,,,,,,,,1.0941694974899292,,,,,,,,,,,,,,,,,,,,,,,,,,,,,,,,,,,,,
34,,,8715,,,,,,,,1.0951452255249023,,,,,,,,,,,,,,,,,,,,,,,,,,,,,,,,,,,,,
34,,,8716,,,,,,,,1.0927767753601074,,,,,,,,,,,,,,,,,,,,,,,,,,,,,,,,,,,,,
34,,,8717,,,,,,,,1.1418399810791016,,,,,,,,,,,,,,,,,,,,,,,,,,,,,,,,,,,,,
34,,,8718,,,,,,,,1.0802921056747437,,,,,,,,,,,,,,,,,,,,,,,,,,,,,,,,,,,,,
34,,,8719,,,,,,,,1.0956566333770752,,,,,,,,,,,,,,,,,,,,,,,,,,,,,,,,,,,,,
34,,,8720,,,,,,,,1.0945217609405518,,,,,,,,,,,,,,,,,,,,,,,,,,,,,,,,,,,,,
34,,,8721,,,,,,,,1.0818413496017456,,,,,,,,,,,,,,,,,,,,,,,,,,,,,,,,,,,,,
34,,,8722,,,,,,,,1.0916955471038818,,,,,,,,,,,,,,,,,,,,,,,,,,,,,,,,,,,,,
34,,,8723,,,,,,,,1.0901451110839844,,,,,,,,,,,,,,,,,,,,,,,,,,,,,,,,,,,,,
34,,,8724,,,,,,,,1.1023889780044556,,,,,,,,,,,,,,,,,,,,,,,,,,,,,,,,,,,,,
34,,,8725,,,,,,,,1.0859878063201904,,,,,,,,,,,,,,,,,,,,,,,,,,,,,,,,,,,,,
34,,,8726,,,,,,,,1.0989463329315186,,,,,,,,,,,,,,,,,,,,,,,,,,,,,,,,,,,,,
34,,,8727,,,,,,,,1.1193246841430664,,,,,,,,,,,,,,,,,,,,,,,,,,,,,,,,,,,,,
34,,,8728,,,,,,,,1.081087589263916,,,,,,,,,,,,,,,,,,,,,,,,,,,,,,,,,,,,,
34,,,8729,,,,,,,,1.1730365753173828,,,,,,,,,,,,,,,,,,,,,,,,,,,,,,,,,,,,,
34,,,8730,,,,,,,,1.12288498878479,,,,,,,,,,,,,,,,,,,,,,,,,,,,,,,,,,,,,
34,,,8731,,,,,,,,1.0919910669326782,,,,,,,,,,,,,,,,,,,,,,,,,,,,,,,,,,,,,
34,,,8732,,,,,,,,1.1137107610702515,,,,,,,,,,,,,,,,,,,,,,,,,,,,,,,,,,,,,
34,,,8733,,,,,,,,1.0906758308410645,,,,,,,,,,,,,,,,,,,,,,,,,,,,,,,,,,,,,
34,,,8734,,,,,,,,1.087923526763916,,,,,,,,,,,,,,,,,,,,,,,,,,,,,,,,,,,,,
34,,,8735,,,,,,,,1.1019258499145508,,,,,,,,,,,,,,,,,,,,,,,,,,,,,,,,,,,,,
34,,,8736,,,,,,,,1.113993525505066,,,,,,,,,,,,,,,,,,,,,,,,,,,,,,,,,,,,,
34,,,8737,,,,,,,,1.112326741218567,,,,,,,,,,,,,,,,,,,,,,,,,,,,,,,,,,,,,
34,,,8738,,,,,,,,1.1639633178710938,,,,,,,,,,,,,,,,,,,,,,,,,,,,,,,,,,,,,
34,,,8739,,,,,,,,1.0954530239105225,,,,,,,,,,,,,,,,,,,,,,,,,,,,,,,,,,,,,
34,,,8740,,,,,,,,1.0948357582092285,,,,,,,,,,,,,,,,,,,,,,,,,,,,,,,,,,,,,
34,,,8741,,,,,,,,1.1348634958267212,,,,,,,,,,,,,,,,,,,,,,,,,,,,,,,,,,,,,
34,,,8742,,,,,,,,1.0955960750579834,,,,,,,,,,,,,,,,,,,,,,,,,,,,,,,,,,,,,
34,,,8743,,,,,,,,1.1072323322296143,,,,,,,,,,,,,,,,,,,,,,,,,,,,,,,,,,,,,
34,,,8744,,,,,,,,1.099191427230835,,,,,,,,,,,,,,,,,,,,,,,,,,,,,,,,,,,,,
34,,,8745,,,,,,,,1.0812596082687378,,,,,,,,,,,,,,,,,,,,,,,,,,,,,,,,,,,,,
34,,,8746,,,,,,,,1.096637487411499,,,,,,,,,,,,,,,,,,,,,,,,,,,,,,,,,,,,,
34,,,8747,,,,,,,,1.0908634662628174,,,,,,,,,,,,,,,,,,,,,,,,,,,,,,,,,,,,,
34,,,8748,,,,,,,,1.0866414308547974,,,,,,,,,,,,,,,,,,,,,,,,,,,,,,,,,,,,,
34,,,8749,,,,,,,,1.1758475303649902,,,,,,,,,,,,,,,,,,,,,,,,,,,,,,,,,,,,,
34,,,8749,,,,,,,,,,,0.35238343477249146,0.005550865083932877,0.669921875,1.33984375,54.966796875,0.669921875,271790.65625,0.8378123641014099,0.8378123641014099,,1.0,0.2933769226074219,54.966796875,0.669921875,0.9387596845626831,0.047503042966127396,22118.0,0.0018906060140579939,0.002822129288688302,0.417949914932251,0.6238785982131958,0.005618841852992773,1475.0,0.01694120280444622,0.025288326665759087,0.2618284523487091,0.39083433151245117,0.014201541431248188,7373.0,0.004824929405003786,0.007202227134257555,0.33768728375434875,0.5040696859359741,0.016570493578910828,0.00037276724469847977
34,,20.0,8749,264772.09375,0.850499153137207,0.8528542518615723,,1.108003854751587,0.8528542518615723,1.0,,0.29924023151397705,0.9259999990463257,,,,,,,,,,,,,,,,,,,,,,,,,,,,,,,,,,,
,6.183221215612905e-05,,8750,,,,,,,,,,,,,,,,,,,,,,,,,,,,,,,,,,,,,,,,,,,,,
35,,,8750,,,,,,,,1.0888954401016235,,,,,,,,,,,,,,,,,,,,,,,,,,,,,,,,,,,,,
35,,,8751,,,,,,,,1.0878888368606567,,,,,,,,,,,,,,,,,,,,,,,,,,,,,,,,,,,,,
35,,,8752,,,,,,,,1.086535930633545,,,,,,,,,,,,,,,,,,,,,,,,,,,,,,,,,,,,,
35,,,8753,,,,,,,,1.3372782468795776,,,,,,,,,,,,,,,,,,,,,,,,,,,,,,,,,,,,,
35,,,8754,,,,,,,,1.0925066471099854,,,,,,,,,,,,,,,,,,,,,,,,,,,,,,,,,,,,,
35,,,8755,,,,,,,,1.0963354110717773,,,,,,,,,,,,,,,,,,,,,,,,,,,,,,,,,,,,,
35,,,8756,,,,,,,,1.1321003437042236,,,,,,,,,,,,,,,,,,,,,,,,,,,,,,,,,,,,,
35,,,8757,,,,,,,,1.0844619274139404,,,,,,,,,,,,,,,,,,,,,,,,,,,,,,,,,,,,,
35,,,8758,,,,,,,,1.0997648239135742,,,,,,,,,,,,,,,,,,,,,,,,,,,,,,,,,,,,,
35,,,8759,,,,,,,,1.103654146194458,,,,,,,,,,,,,,,,,,,,,,,,,,,,,,,,,,,,,
35,,,8760,,,,,,,,1.0871094465255737,,,,,,,,,,,,,,,,,,,,,,,,,,,,,,,,,,,,,
35,,,8761,,,,,,,,1.1189154386520386,,,,,,,,,,,,,,,,,,,,,,,,,,,,,,,,,,,,,
35,,,8762,,,,,,,,1.1546072959899902,,,,,,,,,,,,,,,,,,,,,,,,,,,,,,,,,,,,,
35,,,8763,,,,,,,,1.0880951881408691,,,,,,,,,,,,,,,,,,,,,,,,,,,,,,,,,,,,,
35,,,8764,,,,,,,,1.0802397727966309,,,,,,,,,,,,,,,,,,,,,,,,,,,,,,,,,,,,,
35,,,8765,,,,,,,,1.10660982131958,,,,,,,,,,,,,,,,,,,,,,,,,,,,,,,,,,,,,
35,,,8766,,,,,,,,1.114843487739563,,,,,,,,,,,,,,,,,,,,,,,,,,,,,,,,,,,,,
35,,,8767,,,,,,,,1.1664366722106934,,,,,,,,,,,,,,,,,,,,,,,,,,,,,,,,,,,,,
35,,,8768,,,,,,,,1.1009564399719238,,,,,,,,,,,,,,,,,,,,,,,,,,,,,,,,,,,,,
35,,,8769,,,,,,,,1.1170167922973633,,,,,,,,,,,,,,,,,,,,,,,,,,,,,,,,,,,,,
35,,,8770,,,,,,,,1.0918978452682495,,,,,,,,,,,,,,,,,,,,,,,,,,,,,,,,,,,,,
35,,,8771,,,,,,,,1.0884429216384888,,,,,,,,,,,,,,,,,,,,,,,,,,,,,,,,,,,,,
35,,,8772,,,,,,,,1.087256908416748,,,,,,,,,,,,,,,,,,,,,,,,,,,,,,,,,,,,,
35,,,8773,,,,,,,,1.0826045274734497,,,,,,,,,,,,,,,,,,,,,,,,,,,,,,,,,,,,,
35,,,8774,,,,,,,,1.1761151552200317,,,,,,,,,,,,,,,,,,,,,,,,,,,,,,,,,,,,,
35,,,8775,,,,,,,,1.0940091609954834,,,,,,,,,,,,,,,,,,,,,,,,,,,,,,,,,,,,,
35,,,8776,,,,,,,,1.1313145160675049,,,,,,,,,,,,,,,,,,,,,,,,,,,,,,,,,,,,,
35,,,8777,,,,,,,,1.1268820762634277,,,,,,,,,,,,,,,,,,,,,,,,,,,,,,,,,,,,,
35,,,8778,,,,,,,,1.1065634489059448,,,,,,,,,,,,,,,,,,,,,,,,,,,,,,,,,,,,,
35,,,8779,,,,,,,,1.0877618789672852,,,,,,,,,,,,,,,,,,,,,,,,,,,,,,,,,,,,,
35,,,8780,,,,,,,,1.0929927825927734,,,,,,,,,,,,,,,,,,,,,,,,,,,,,,,,,,,,,
35,,,8781,,,,,,,,1.133205771446228,,,,,,,,,,,,,,,,,,,,,,,,,,,,,,,,,,,,,
35,,,8782,,,,,,,,1.0900766849517822,,,,,,,,,,,,,,,,,,,,,,,,,,,,,,,,,,,,,
35,,,8783,,,,,,,,1.1200095415115356,,,,,,,,,,,,,,,,,,,,,,,,,,,,,,,,,,,,,
35,,,8784,,,,,,,,1.0943102836608887,,,,,,,,,,,,,,,,,,,,,,,,,,,,,,,,,,,,,
35,,,8785,,,,,,,,1.1207808256149292,,,,,,,,,,,,,,,,,,,,,,,,,,,,,,,,,,,,,
35,,,8786,,,,,,,,1.0836197137832642,,,,,,,,,,,,,,,,,,,,,,,,,,,,,,,,,,,,,
35,,,8787,,,,,,,,1.0989588499069214,,,,,,,,,,,,,,,,,,,,,,,,,,,,,,,,,,,,,
35,,,8788,,,,,,,,1.1267263889312744,,,,,,,,,,,,,,,,,,,,,,,,,,,,,,,,,,,,,
35,,,8789,,,,,,,,1.1156378984451294,,,,,,,,,,,,,,,,,,,,,,,,,,,,,,,,,,,,,
35,,,8790,,,,,,,,1.083411693572998,,,,,,,,,,,,,,,,,,,,,,,,,,,,,,,,,,,,,
35,,,8791,,,,,,,,1.0913300514221191,,,,,,,,,,,,,,,,,,,,,,,,,,,,,,,,,,,,,
35,,,8792,,,,,,,,1.1077368259429932,,,,,,,,,,,,,,,,,,,,,,,,,,,,,,,,,,,,,
35,,,8793,,,,,,,,1.0881624221801758,,,,,,,,,,,,,,,,,,,,,,,,,,,,,,,,,,,,,
35,,,8794,,,,,,,,1.1009953022003174,,,,,,,,,,,,,,,,,,,,,,,,,,,,,,,,,,,,,
35,,,8795,,,,,,,,1.1204729080200195,,,,,,,,,,,,,,,,,,,,,,,,,,,,,,,,,,,,,
35,,,8796,,,,,,,,1.0868276357650757,,,,,,,,,,,,,,,,,,,,,,,,,,,,,,,,,,,,,
35,,,8797,,,,,,,,1.160860538482666,,,,,,,,,,,,,,,,,,,,,,,,,,,,,,,,,,,,,
35,,,8798,,,,,,,,1.121957540512085,,,,,,,,,,,,,,,,,,,,,,,,,,,,,,,,,,,,,
35,,,8799,,,,,,,,1.0914080142974854,,,,,,,,,,,,,,,,,,,,,,,,,,,,,,,,,,,,,
35,,,8800,,,,,,,,1.0830820798873901,,,,,,,,,,,,,,,,,,,,,,,,,,,,,,,,,,,,,
35,,,8801,,,,,,,,1.1454734802246094,,,,,,,,,,,,,,,,,,,,,,,,,,,,,,,,,,,,,
35,,,8802,,,,,,,,1.0914082527160645,,,,,,,,,,,,,,,,,,,,,,,,,,,,,,,,,,,,,
35,,,8803,,,,,,,,1.1039220094680786,,,,,,,,,,,,,,,,,,,,,,,,,,,,,,,,,,,,,
35,,,8804,,,,,,,,1.1069955825805664,,,,,,,,,,,,,,,,,,,,,,,,,,,,,,,,,,,,,
35,,,8805,,,,,,,,1.084380865097046,,,,,,,,,,,,,,,,,,,,,,,,,,,,,,,,,,,,,
35,,,8806,,,,,,,,1.1132862567901611,,,,,,,,,,,,,,,,,,,,,,,,,,,,,,,,,,,,,
35,,,8807,,,,,,,,1.0953023433685303,,,,,,,,,,,,,,,,,,,,,,,,,,,,,,,,,,,,,
35,,,8808,,,,,,,,1.1113258600234985,,,,,,,,,,,,,,,,,,,,,,,,,,,,,,,,,,,,,
35,,,8809,,,,,,,,1.0955123901367188,,,,,,,,,,,,,,,,,,,,,,,,,,,,,,,,,,,,,
35,,,8810,,,,,,,,1.108431339263916,,,,,,,,,,,,,,,,,,,,,,,,,,,,,,,,,,,,,
35,,,8811,,,,,,,,1.0906040668487549,,,,,,,,,,,,,,,,,,,,,,,,,,,,,,,,,,,,,
35,,,8812,,,,,,,,1.0862467288970947,,,,,,,,,,,,,,,,,,,,,,,,,,,,,,,,,,,,,
35,,,8813,,,,,,,,1.166633129119873,,,,,,,,,,,,,,,,,,,,,,,,,,,,,,,,,,,,,
35,,,8814,,,,,,,,1.1037620306015015,,,,,,,,,,,,,,,,,,,,,,,,,,,,,,,,,,,,,
35,,,8815,,,,,,,,1.0845741033554077,,,,,,,,,,,,,,,,,,,,,,,,,,,,,,,,,,,,,
35,,,8816,,,,,,,,1.1638059616088867,,,,,,,,,,,,,,,,,,,,,,,,,,,,,,,,,,,,,
35,,,8817,,,,,,,,1.0978240966796875,,,,,,,,,,,,,,,,,,,,,,,,,,,,,,,,,,,,,
35,,,8818,,,,,,,,1.1297211647033691,,,,,,,,,,,,,,,,,,,,,,,,,,,,,,,,,,,,,
35,,,8819,,,,,,,,1.0840988159179688,,,,,,,,,,,,,,,,,,,,,,,,,,,,,,,,,,,,,
35,,,8820,,,,,,,,1.0939600467681885,,,,,,,,,,,,,,,,,,,,,,,,,,,,,,,,,,,,,
35,,,8821,,,,,,,,1.088940143585205,,,,,,,,,,,,,,,,,,,,,,,,,,,,,,,,,,,,,
35,,,8822,,,,,,,,1.120539665222168,,,,,,,,,,,,,,,,,,,,,,,,,,,,,,,,,,,,,
35,,,8823,,,,,,,,1.0990056991577148,,,,,,,,,,,,,,,,,,,,,,,,,,,,,,,,,,,,,
35,,,8824,,,,,,,,1.1144931316375732,,,,,,,,,,,,,,,,,,,,,,,,,,,,,,,,,,,,,
35,,,8825,,,,,,,,1.0893657207489014,,,,,,,,,,,,,,,,,,,,,,,,,,,,,,,,,,,,,
35,,,8826,,,,,,,,1.0884456634521484,,,,,,,,,,,,,,,,,,,,,,,,,,,,,,,,,,,,,
35,,,8827,,,,,,,,1.1214978694915771,,,,,,,,,,,,,,,,,,,,,,,,,,,,,,,,,,,,,
35,,,8828,,,,,,,,1.1071932315826416,,,,,,,,,,,,,,,,,,,,,,,,,,,,,,,,,,,,,
35,,,8829,,,,,,,,1.0983084440231323,,,,,,,,,,,,,,,,,,,,,,,,,,,,,,,,,,,,,
35,,,8830,,,,,,,,1.0893373489379883,,,,,,,,,,,,,,,,,,,,,,,,,,,,,,,,,,,,,
35,,,8831,,,,,,,,1.0942671298980713,,,,,,,,,,,,,,,,,,,,,,,,,,,,,,,,,,,,,
35,,,8832,,,,,,,,1.114919900894165,,,,,,,,,,,,,,,,,,,,,,,,,,,,,,,,,,,,,
35,,,8833,,,,,,,,1.0919252634048462,,,,,,,,,,,,,,,,,,,,,,,,,,,,,,,,,,,,,
35,,,8834,,,,,,,,1.1097525358200073,,,,,,,,,,,,,,,,,,,,,,,,,,,,,,,,,,,,,
35,,,8835,,,,,,,,1.1038109064102173,,,,,,,,,,,,,,,,,,,,,,,,,,,,,,,,,,,,,
35,,,8836,,,,,,,,1.098137617111206,,,,,,,,,,,,,,,,,,,,,,,,,,,,,,,,,,,,,
35,,,8837,,,,,,,,1.1823310852050781,,,,,,,,,,,,,,,,,,,,,,,,,,,,,,,,,,,,,
35,,,8838,,,,,,,,1.0819430351257324,,,,,,,,,,,,,,,,,,,,,,,,,,,,,,,,,,,,,
35,,,8839,,,,,,,,1.1166143417358398,,,,,,,,,,,,,,,,,,,,,,,,,,,,,,,,,,,,,
35,,,8840,,,,,,,,1.0981568098068237,,,,,,,,,,,,,,,,,,,,,,,,,,,,,,,,,,,,,
35,,,8841,,,,,,,,1.1113128662109375,,,,,,,,,,,,,,,,,,,,,,,,,,,,,,,,,,,,,
35,,,8842,,,,,,,,1.0818045139312744,,,,,,,,,,,,,,,,,,,,,,,,,,,,,,,,,,,,,
35,,,8843,,,,,,,,1.0808908939361572,,,,,,,,,,,,,,,,,,,,,,,,,,,,,,,,,,,,,
35,,,8844,,,,,,,,1.1016948223114014,,,,,,,,,,,,,,,,,,,,,,,,,,,,,,,,,,,,,
35,,,8845,,,,,,,,1.1338934898376465,,,,,,,,,,,,,,,,,,,,,,,,,,,,,,,,,,,,,
35,,,8846,,,,,,,,1.104109525680542,,,,,,,,,,,,,,,,,,,,,,,,,,,,,,,,,,,,,
35,,,8847,,,,,,,,1.0910327434539795,,,,,,,,,,,,,,,,,,,,,,,,,,,,,,,,,,,,,
35,,,8848,,,,,,,,1.192480444908142,,,,,,,,,,,,,,,,,,,,,,,,,,,,,,,,,,,,,
35,,,8849,,,,,,,,1.0837818384170532,,,,,,,,,,,,,,,,,,,,,,,,,,,,,,,,,,,,,
35,,,8850,,,,,,,,1.0905176401138306,,,,,,,,,,,,,,,,,,,,,,,,,,,,,,,,,,,,,
35,,,8851,,,,,,,,1.0813490152359009,,,,,,,,,,,,,,,,,,,,,,,,,,,,,,,,,,,,,
35,,,8852,,,,,,,,1.1369969844818115,,,,,,,,,,,,,,,,,,,,,,,,,,,,,,,,,,,,,
35,,,8853,,,,,,,,1.0937424898147583,,,,,,,,,,,,,,,,,,,,,,,,,,,,,,,,,,,,,
35,,,8854,,,,,,,,1.0942091941833496,,,,,,,,,,,,,,,,,,,,,,,,,,,,,,,,,,,,,
35,,,8855,,,,,,,,1.0931980609893799,,,,,,,,,,,,,,,,,,,,,,,,,,,,,,,,,,,,,
35,,,8856,,,,,,,,1.0915470123291016,,,,,,,,,,,,,,,,,,,,,,,,,,,,,,,,,,,,,
35,,,8857,,,,,,,,1.0917953252792358,,,,,,,,,,,,,,,,,,,,,,,,,,,,,,,,,,,,,
35,,,8858,,,,,,,,1.0988025665283203,,,,,,,,,,,,,,,,,,,,,,,,,,,,,,,,,,,,,
35,,,8859,,,,,,,,1.0854841470718384,,,,,,,,,,,,,,,,,,,,,,,,,,,,,,,,,,,,,
35,,,8860,,,,,,,,1.1131845712661743,,,,,,,,,,,,,,,,,,,,,,,,,,,,,,,,,,,,,
35,,,8861,,,,,,,,1.0900131464004517,,,,,,,,,,,,,,,,,,,,,,,,,,,,,,,,,,,,,
35,,,8862,,,,,,,,1.0891878604888916,,,,,,,,,,,,,,,,,,,,,,,,,,,,,,,,,,,,,
35,,,8863,,,,,,,,1.0912671089172363,,,,,,,,,,,,,,,,,,,,,,,,,,,,,,,,,,,,,
35,,,8864,,,,,,,,1.0876013040542603,,,,,,,,,,,,,,,,,,,,,,,,,,,,,,,,,,,,,
35,,,8865,,,,,,,,1.089057445526123,,,,,,,,,,,,,,,,,,,,,,,,,,,,,,,,,,,,,
35,,,8866,,,,,,,,1.0970282554626465,,,,,,,,,,,,,,,,,,,,,,,,,,,,,,,,,,,,,
35,,,8867,,,,,,,,1.0883315801620483,,,,,,,,,,,,,,,,,,,,,,,,,,,,,,,,,,,,,
35,,,8868,,,,,,,,1.0852792263031006,,,,,,,,,,,,,,,,,,,,,,,,,,,,,,,,,,,,,
35,,,8869,,,,,,,,1.148971438407898,,,,,,,,,,,,,,,,,,,,,,,,,,,,,,,,,,,,,
35,,,8870,,,,,,,,1.0850905179977417,,,,,,,,,,,,,,,,,,,,,,,,,,,,,,,,,,,,,
35,,,8871,,,,,,,,1.1011096239089966,,,,,,,,,,,,,,,,,,,,,,,,,,,,,,,,,,,,,
35,,,8872,,,,,,,,1.173325538635254,,,,,,,,,,,,,,,,,,,,,,,,,,,,,,,,,,,,,
35,,,8873,,,,,,,,1.1054733991622925,,,,,,,,,,,,,,,,,,,,,,,,,,,,,,,,,,,,,
35,,,8874,,,,,,,,1.0904178619384766,,,,,,,,,,,,,,,,,,,,,,,,,,,,,,,,,,,,,
35,,,8875,,,,,,,,1.0932174921035767,,,,,,,,,,,,,,,,,,,,,,,,,,,,,,,,,,,,,
35,,,8876,,,,,,,,1.0818588733673096,,,,,,,,,,,,,,,,,,,,,,,,,,,,,,,,,,,,,
35,,,8877,,,,,,,,1.0897226333618164,,,,,,,,,,,,,,,,,,,,,,,,,,,,,,,,,,,,,
35,,,8878,,,,,,,,1.1257396936416626,,,,,,,,,,,,,,,,,,,,,,,,,,,,,,,,,,,,,
35,,,8879,,,,,,,,1.1063605546951294,,,,,,,,,,,,,,,,,,,,,,,,,,,,,,,,,,,,,
35,,,8880,,,,,,,,1.1042594909667969,,,,,,,,,,,,,,,,,,,,,,,,,,,,,,,,,,,,,
35,,,8881,,,,,,,,1.1711535453796387,,,,,,,,,,,,,,,,,,,,,,,,,,,,,,,,,,,,,
35,,,8882,,,,,,,,1.0861926078796387,,,,,,,,,,,,,,,,,,,,,,,,,,,,,,,,,,,,,
35,,,8883,,,,,,,,1.1038460731506348,,,,,,,,,,,,,,,,,,,,,,,,,,,,,,,,,,,,,
35,,,8884,,,,,,,,1.0994547605514526,,,,,,,,,,,,,,,,,,,,,,,,,,,,,,,,,,,,,
35,,,8885,,,,,,,,1.0825207233428955,,,,,,,,,,,,,,,,,,,,,,,,,,,,,,,,,,,,,
35,,,8886,,,,,,,,1.0987004041671753,,,,,,,,,,,,,,,,,,,,,,,,,,,,,,,,,,,,,
35,,,8887,,,,,,,,1.0843584537506104,,,,,,,,,,,,,,,,,,,,,,,,,,,,,,,,,,,,,
35,,,8888,,,,,,,,1.1048222780227661,,,,,,,,,,,,,,,,,,,,,,,,,,,,,,,,,,,,,
35,,,8889,,,,,,,,1.0888200998306274,,,,,,,,,,,,,,,,,,,,,,,,,,,,,,,,,,,,,
35,,,8890,,,,,,,,1.0925869941711426,,,,,,,,,,,,,,,,,,,,,,,,,,,,,,,,,,,,,
35,,,8891,,,,,,,,1.0902222394943237,,,,,,,,,,,,,,,,,,,,,,,,,,,,,,,,,,,,,
35,,,8892,,,,,,,,1.0937727689743042,,,,,,,,,,,,,,,,,,,,,,,,,,,,,,,,,,,,,
35,,,8893,,,,,,,,1.0963194370269775,,,,,,,,,,,,,,,,,,,,,,,,,,,,,,,,,,,,,
35,,,8894,,,,,,,,1.1114338636398315,,,,,,,,,,,,,,,,,,,,,,,,,,,,,,,,,,,,,
35,,,8895,,,,,,,,1.085619330406189,,,,,,,,,,,,,,,,,,,,,,,,,,,,,,,,,,,,,
35,,,8896,,,,,,,,1.0914065837860107,,,,,,,,,,,,,,,,,,,,,,,,,,,,,,,,,,,,,
35,,,8897,,,,,,,,1.0904802083969116,,,,,,,,,,,,,,,,,,,,,,,,,,,,,,,,,,,,,
35,,,8898,,,,,,,,1.1066632270812988,,,,,,,,,,,,,,,,,,,,,,,,,,,,,,,,,,,,,
35,,,8899,,,,,,,,1.124825358390808,,,,,,,,,,,,,,,,,,,,,,,,,,,,,,,,,,,,,
35,,,8900,,,,,,,,1.1555315256118774,,,,,,,,,,,,,,,,,,,,,,,,,,,,,,,,,,,,,
35,,,8901,,,,,,,,1.0818642377853394,,,,,,,,,,,,,,,,,,,,,,,,,,,,,,,,,,,,,
35,,,8902,,,,,,,,1.0912052392959595,,,,,,,,,,,,,,,,,,,,,,,,,,,,,,,,,,,,,
35,,,8903,,,,,,,,1.092942237854004,,,,,,,,,,,,,,,,,,,,,,,,,,,,,,,,,,,,,
35,,,8904,,,,,,,,1.117799997329712,,,,,,,,,,,,,,,,,,,,,,,,,,,,,,,,,,,,,
35,,,8905,,,,,,,,1.0872893333435059,,,,,,,,,,,,,,,,,,,,,,,,,,,,,,,,,,,,,
35,,,8906,,,,,,,,1.1235977411270142,,,,,,,,,,,,,,,,,,,,,,,,,,,,,,,,,,,,,
35,,,8907,,,,,,,,1.1197692155838013,,,,,,,,,,,,,,,,,,,,,,,,,,,,,,,,,,,,,
35,,,8908,,,,,,,,1.100077748298645,,,,,,,,,,,,,,,,,,,,,,,,,,,,,,,,,,,,,
35,,,8909,,,,,,,,1.1148200035095215,,,,,,,,,,,,,,,,,,,,,,,,,,,,,,,,,,,,,
35,,,8910,,,,,,,,1.096191167831421,,,,,,,,,,,,,,,,,,,,,,,,,,,,,,,,,,,,,
35,,,8911,,,,,,,,1.110713243484497,,,,,,,,,,,,,,,,,,,,,,,,,,,,,,,,,,,,,
35,,,8912,,,,,,,,1.0956019163131714,,,,,,,,,,,,,,,,,,,,,,,,,,,,,,,,,,,,,
35,,,8913,,,,,,,,1.1187896728515625,,,,,,,,,,,,,,,,,,,,,,,,,,,,,,,,,,,,,
35,,,8914,,,,,,,,1.1057409048080444,,,,,,,,,,,,,,,,,,,,,,,,,,,,,,,,,,,,,
35,,,8915,,,,,,,,1.1647262573242188,,,,,,,,,,,,,,,,,,,,,,,,,,,,,,,,,,,,,
35,,,8916,,,,,,,,1.0961610078811646,,,,,,,,,,,,,,,,,,,,,,,,,,,,,,,,,,,,,
35,,,8917,,,,,,,,1.1719552278518677,,,,,,,,,,,,,,,,,,,,,,,,,,,,,,,,,,,,,
35,,,8918,,,,,,,,1.0996733903884888,,,,,,,,,,,,,,,,,,,,,,,,,,,,,,,,,,,,,
35,,,8919,,,,,,,,1.08342444896698,,,,,,,,,,,,,,,,,,,,,,,,,,,,,,,,,,,,,
35,,,8920,,,,,,,,1.0936750173568726,,,,,,,,,,,,,,,,,,,,,,,,,,,,,,,,,,,,,
35,,,8921,,,,,,,,1.0920287370681763,,,,,,,,,,,,,,,,,,,,,,,,,,,,,,,,,,,,,
35,,,8922,,,,,,,,1.0940463542938232,,,,,,,,,,,,,,,,,,,,,,,,,,,,,,,,,,,,,
35,,,8923,,,,,,,,1.0951871871948242,,,,,,,,,,,,,,,,,,,,,,,,,,,,,,,,,,,,,
35,,,8924,,,,,,,,1.0931150913238525,,,,,,,,,,,,,,,,,,,,,,,,,,,,,,,,,,,,,
35,,,8925,,,,,,,,1.1579680442810059,,,,,,,,,,,,,,,,,,,,,,,,,,,,,,,,,,,,,
35,,,8926,,,,,,,,1.0916341543197632,,,,,,,,,,,,,,,,,,,,,,,,,,,,,,,,,,,,,
35,,,8927,,,,,,,,1.1020503044128418,,,,,,,,,,,,,,,,,,,,,,,,,,,,,,,,,,,,,
35,,,8928,,,,,,,,1.084723949432373,,,,,,,,,,,,,,,,,,,,,,,,,,,,,,,,,,,,,
35,,,8929,,,,,,,,1.0900499820709229,,,,,,,,,,,,,,,,,,,,,,,,,,,,,,,,,,,,,
35,,,8930,,,,,,,,1.166516661643982,,,,,,,,,,,,,,,,,,,,,,,,,,,,,,,,,,,,,
35,,,8931,,,,,,,,1.108158826828003,,,,,,,,,,,,,,,,,,,,,,,,,,,,,,,,,,,,,
35,,,8932,,,,,,,,1.2126169204711914,,,,,,,,,,,,,,,,,,,,,,,,,,,,,,,,,,,,,
35,,,8933,,,,,,,,1.0935808420181274,,,,,,,,,,,,,,,,,,,,,,,,,,,,,,,,,,,,,
35,,,8934,,,,,,,,1.0926744937896729,,,,,,,,,,,,,,,,,,,,,,,,,,,,,,,,,,,,,
35,,,8935,,,,,,,,1.1056814193725586,,,,,,,,,,,,,,,,,,,,,,,,,,,,,,,,,,,,,
35,,,8936,,,,,,,,1.22455894947052,,,,,,,,,,,,,,,,,,,,,,,,,,,,,,,,,,,,,
35,,,8937,,,,,,,,1.0952610969543457,,,,,,,,,,,,,,,,,,,,,,,,,,,,,,,,,,,,,
35,,,8938,,,,,,,,1.1037315130233765,,,,,,,,,,,,,,,,,,,,,,,,,,,,,,,,,,,,,
35,,,8939,,,,,,,,1.0801441669464111,,,,,,,,,,,,,,,,,,,,,,,,,,,,,,,,,,,,,
35,,,8940,,,,,,,,1.0975104570388794,,,,,,,,,,,,,,,,,,,,,,,,,,,,,,,,,,,,,
35,,,8941,,,,,,,,1.1646902561187744,,,,,,,,,,,,,,,,,,,,,,,,,,,,,,,,,,,,,
35,,,8942,,,,,,,,1.101080060005188,,,,,,,,,,,,,,,,,,,,,,,,,,,,,,,,,,,,,
35,,,8943,,,,,,,,1.0980966091156006,,,,,,,,,,,,,,,,,,,,,,,,,,,,,,,,,,,,,
35,,,8944,,,,,,,,1.1048156023025513,,,,,,,,,,,,,,,,,,,,,,,,,,,,,,,,,,,,,
35,,,8945,,,,,,,,1.1093767881393433,,,,,,,,,,,,,,,,,,,,,,,,,,,,,,,,,,,,,
35,,,8946,,,,,,,,1.2356891632080078,,,,,,,,,,,,,,,,,,,,,,,,,,,,,,,,,,,,,
35,,,8947,,,,,,,,1.093443512916565,,,,,,,,,,,,,,,,,,,,,,,,,,,,,,,,,,,,,
35,,,8948,,,,,,,,1.1251640319824219,,,,,,,,,,,,,,,,,,,,,,,,,,,,,,,,,,,,,
35,,,8949,,,,,,,,1.0919150114059448,,,,,,,,,,,,,,,,,,,,,,,,,,,,,,,,,,,,,
35,,,8950,,,,,,,,1.0834872722625732,,,,,,,,,,,,,,,,,,,,,,,,,,,,,,,,,,,,,
35,,,8951,,,,,,,,1.0884957313537598,,,,,,,,,,,,,,,,,,,,,,,,,,,,,,,,,,,,,
35,,,8952,,,,,,,,1.0841090679168701,,,,,,,,,,,,,,,,,,,,,,,,,,,,,,,,,,,,,
35,,,8953,,,,,,,,1.0882357358932495,,,,,,,,,,,,,,,,,,,,,,,,,,,,,,,,,,,,,
35,,,8954,,,,,,,,1.1621739864349365,,,,,,,,,,,,,,,,,,,,,,,,,,,,,,,,,,,,,
35,,,8955,,,,,,,,1.090298056602478,,,,,,,,,,,,,,,,,,,,,,,,,,,,,,,,,,,,,
35,,,8956,,,,,,,,1.099387288093567,,,,,,,,,,,,,,,,,,,,,,,,,,,,,,,,,,,,,
35,,,8957,,,,,,,,1.0916697978973389,,,,,,,,,,,,,,,,,,,,,,,,,,,,,,,,,,,,,
35,,,8958,,,,,,,,1.1360857486724854,,,,,,,,,,,,,,,,,,,,,,,,,,,,,,,,,,,,,
35,,,8959,,,,,,,,1.1694560050964355,,,,,,,,,,,,,,,,,,,,,,,,,,,,,,,,,,,,,
35,,,8960,,,,,,,,1.0876367092132568,,,,,,,,,,,,,,,,,,,,,,,,,,,,,,,,,,,,,
35,,,8961,,,,,,,,1.0849248170852661,,,,,,,,,,,,,,,,,,,,,,,,,,,,,,,,,,,,,
35,,,8962,,,,,,,,1.1054233312606812,,,,,,,,,,,,,,,,,,,,,,,,,,,,,,,,,,,,,
35,,,8963,,,,,,,,1.1235817670822144,,,,,,,,,,,,,,,,,,,,,,,,,,,,,,,,,,,,,
35,,,8964,,,,,,,,1.0938124656677246,,,,,,,,,,,,,,,,,,,,,,,,,,,,,,,,,,,,,
35,,,8965,,,,,,,,1.0960023403167725,,,,,,,,,,,,,,,,,,,,,,,,,,,,,,,,,,,,,
35,,,8966,,,,,,,,1.0828639268875122,,,,,,,,,,,,,,,,,,,,,,,,,,,,,,,,,,,,,
35,,,8967,,,,,,,,1.0946507453918457,,,,,,,,,,,,,,,,,,,,,,,,,,,,,,,,,,,,,
35,,,8968,,,,,,,,1.1112582683563232,,,,,,,,,,,,,,,,,,,,,,,,,,,,,,,,,,,,,
35,,,8969,,,,,,,,1.1284339427947998,,,,,,,,,,,,,,,,,,,,,,,,,,,,,,,,,,,,,
35,,,8970,,,,,,,,1.082020878791809,,,,,,,,,,,,,,,,,,,,,,,,,,,,,,,,,,,,,
35,,,8971,,,,,,,,1.1217048168182373,,,,,,,,,,,,,,,,,,,,,,,,,,,,,,,,,,,,,
35,,,8972,,,,,,,,1.0884169340133667,,,,,,,,,,,,,,,,,,,,,,,,,,,,,,,,,,,,,
35,,,8973,,,,,,,,1.1066992282867432,,,,,,,,,,,,,,,,,,,,,,,,,,,,,,,,,,,,,
35,,,8974,,,,,,,,1.1041646003723145,,,,,,,,,,,,,,,,,,,,,,,,,,,,,,,,,,,,,
35,,,8975,,,,,,,,1.1049655675888062,,,,,,,,,,,,,,,,,,,,,,,,,,,,,,,,,,,,,
35,,,8976,,,,,,,,1.221677541732788,,,,,,,,,,,,,,,,,,,,,,,,,,,,,,,,,,,,,
35,,,8977,,,,,,,,1.0804681777954102,,,,,,,,,,,,,,,,,,,,,,,,,,,,,,,,,,,,,
35,,,8978,,,,,,,,1.1279923915863037,,,,,,,,,,,,,,,,,,,,,,,,,,,,,,,,,,,,,
35,,,8979,,,,,,,,1.1076226234436035,,,,,,,,,,,,,,,,,,,,,,,,,,,,,,,,,,,,,
35,,,8980,,,,,,,,1.0839227437973022,,,,,,,,,,,,,,,,,,,,,,,,,,,,,,,,,,,,,
35,,,8981,,,,,,,,1.0954147577285767,,,,,,,,,,,,,,,,,,,,,,,,,,,,,,,,,,,,,
35,,,8982,,,,,,,,1.0830804109573364,,,,,,,,,,,,,,,,,,,,,,,,,,,,,,,,,,,,,
35,,,8983,,,,,,,,1.0902824401855469,,,,,,,,,,,,,,,,,,,,,,,,,,,,,,,,,,,,,
35,,,8984,,,,,,,,1.101635456085205,,,,,,,,,,,,,,,,,,,,,,,,,,,,,,,,,,,,,
35,,,8985,,,,,,,,1.103466272354126,,,,,,,,,,,,,,,,,,,,,,,,,,,,,,,,,,,,,
35,,,8986,,,,,,,,1.0867655277252197,,,,,,,,,,,,,,,,,,,,,,,,,,,,,,,,,,,,,
35,,,8987,,,,,,,,1.088069200515747,,,,,,,,,,,,,,,,,,,,,,,,,,,,,,,,,,,,,
35,,,8988,,,,,,,,1.11614990234375,,,,,,,,,,,,,,,,,,,,,,,,,,,,,,,,,,,,,
35,,,8989,,,,,,,,1.1271615028381348,,,,,,,,,,,,,,,,,,,,,,,,,,,,,,,,,,,,,
35,,,8990,,,,,,,,1.0969270467758179,,,,,,,,,,,,,,,,,,,,,,,,,,,,,,,,,,,,,
35,,,8991,,,,,,,,1.1395063400268555,,,,,,,,,,,,,,,,,,,,,,,,,,,,,,,,,,,,,
35,,,8992,,,,,,,,1.1129796504974365,,,,,,,,,,,,,,,,,,,,,,,,,,,,,,,,,,,,,
35,,,8993,,,,,,,,1.1011958122253418,,,,,,,,,,,,,,,,,,,,,,,,,,,,,,,,,,,,,
35,,,8994,,,,,,,,1.1016716957092285,,,,,,,,,,,,,,,,,,,,,,,,,,,,,,,,,,,,,
35,,,8995,,,,,,,,1.0918755531311035,,,,,,,,,,,,,,,,,,,,,,,,,,,,,,,,,,,,,
35,,,8996,,,,,,,,1.0831449031829834,,,,,,,,,,,,,,,,,,,,,,,,,,,,,,,,,,,,,
35,,,8997,,,,,,,,1.0831102132797241,,,,,,,,,,,,,,,,,,,,,,,,,,,,,,,,,,,,,
35,,,8998,,,,,,,,1.088385820388794,,,,,,,,,,,,,,,,,,,,,,,,,,,,,,,,,,,,,
35,,,8999,,,,,,,,1.099648118019104,,,,,,,,,,,,,,,,,,,,,,,,,,,,,,,,,,,,,
35,,,8999,,,,,,,,,,,0.3483324646949768,0.005554842296987772,0.669921875,1.33984375,54.966796875,0.669921875,271790.65625,0.8378317356109619,0.8378317356109619,,1.0,0.29300689697265625,54.966796875,0.669921875,0.9511160254478455,0.047519393265247345,22118.0,0.0019003640627488494,0.002836695173755288,0.41797804832458496,0.6239206194877625,0.005647712387144566,1475.0,0.01694517210125923,0.02529425173997879,0.2623642086982727,0.3916340470314026,0.014221475459635258,7373.0,0.004831685684621334,0.007212312426418066,0.3382439613342285,0.5049006342887878,0.0165941771119833,0.00037276724469847977
35,,20.0,8999,266836.03125,0.8512923717498779,0.8536422252655029,,1.1090303659439087,0.8536422252655029,1.0,,0.2993222773075104,0.9279999732971191,,,,,,,,,,,,,,,,,,,,,,,,,,,,,,,,,,,
,5.438640153769654e-05,,9000,,,,,,,,,,,,,,,,,,,,,,,,,,,,,,,,,,,,,,,,,,,,,
36,,,9000,,,,,,,,1.0803760290145874,,,,,,,,,,,,,,,,,,,,,,,,,,,,,,,,,,,,,
36,,,9001,,,,,,,,1.100273847579956,,,,,,,,,,,,,,,,,,,,,,,,,,,,,,,,,,,,,
36,,,9002,,,,,,,,1.0867387056350708,,,,,,,,,,,,,,,,,,,,,,,,,,,,,,,,,,,,,
36,,,9003,,,,,,,,1.1172075271606445,,,,,,,,,,,,,,,,,,,,,,,,,,,,,,,,,,,,,
36,,,9004,,,,,,,,1.1327497959136963,,,,,,,,,,,,,,,,,,,,,,,,,,,,,,,,,,,,,
36,,,9005,,,,,,,,1.241668462753296,,,,,,,,,,,,,,,,,,,,,,,,,,,,,,,,,,,,,
36,,,9006,,,,,,,,1.1115103960037231,,,,,,,,,,,,,,,,,,,,,,,,,,,,,,,,,,,,,
36,,,9007,,,,,,,,1.0883949995040894,,,,,,,,,,,,,,,,,,,,,,,,,,,,,,,,,,,,,
36,,,9008,,,,,,,,1.1226826906204224,,,,,,,,,,,,,,,,,,,,,,,,,,,,,,,,,,,,,
36,,,9009,,,,,,,,1.1296210289001465,,,,,,,,,,,,,,,,,,,,,,,,,,,,,,,,,,,,,
36,,,9010,,,,,,,,1.0830426216125488,,,,,,,,,,,,,,,,,,,,,,,,,,,,,,,,,,,,,
36,,,9011,,,,,,,,1.0890265703201294,,,,,,,,,,,,,,,,,,,,,,,,,,,,,,,,,,,,,
36,,,9012,,,,,,,,1.100903034210205,,,,,,,,,,,,,,,,,,,,,,,,,,,,,,,,,,,,,
36,,,9013,,,,,,,,1.0862852334976196,,,,,,,,,,,,,,,,,,,,,,,,,,,,,,,,,,,,,
36,,,9014,,,,,,,,1.123995304107666,,,,,,,,,,,,,,,,,,,,,,,,,,,,,,,,,,,,,
36,,,9015,,,,,,,,1.1085379123687744,,,,,,,,,,,,,,,,,,,,,,,,,,,,,,,,,,,,,
36,,,9016,,,,,,,,1.2095041275024414,,,,,,,,,,,,,,,,,,,,,,,,,,,,,,,,,,,,,
36,,,9017,,,,,,,,1.0848027467727661,,,,,,,,,,,,,,,,,,,,,,,,,,,,,,,,,,,,,
36,,,9018,,,,,,,,1.099043846130371,,,,,,,,,,,,,,,,,,,,,,,,,,,,,,,,,,,,,
36,,,9019,,,,,,,,1.0913152694702148,,,,,,,,,,,,,,,,,,,,,,,,,,,,,,,,,,,,,
36,,,9020,,,,,,,,1.1297121047973633,,,,,,,,,,,,,,,,,,,,,,,,,,,,,,,,,,,,,
36,,,9021,,,,,,,,1.0983810424804688,,,,,,,,,,,,,,,,,,,,,,,,,,,,,,,,,,,,,
36,,,9022,,,,,,,,1.0925780534744263,,,,,,,,,,,,,,,,,,,,,,,,,,,,,,,,,,,,,
36,,,9023,,,,,,,,1.0812426805496216,,,,,,,,,,,,,,,,,,,,,,,,,,,,,,,,,,,,,
36,,,9024,,,,,,,,1.097809076309204,,,,,,,,,,,,,,,,,,,,,,,,,,,,,,,,,,,,,
36,,,9025,,,,,,,,1.0944149494171143,,,,,,,,,,,,,,,,,,,,,,,,,,,,,,,,,,,,,
36,,,9026,,,,,,,,1.1362721920013428,,,,,,,,,,,,,,,,,,,,,,,,,,,,,,,,,,,,,
36,,,9027,,,,,,,,1.1111178398132324,,,,,,,,,,,,,,,,,,,,,,,,,,,,,,,,,,,,,
36,,,9028,,,,,,,,1.093447208404541,,,,,,,,,,,,,,,,,,,,,,,,,,,,,,,,,,,,,
36,,,9029,,,,,,,,1.0886802673339844,,,,,,,,,,,,,,,,,,,,,,,,,,,,,,,,,,,,,
36,,,9030,,,,,,,,1.1351925134658813,,,,,,,,,,,,,,,,,,,,,,,,,,,,,,,,,,,,,
36,,,9031,,,,,,,,1.0948636531829834,,,,,,,,,,,,,,,,,,,,,,,,,,,,,,,,,,,,,
36,,,9032,,,,,,,,1.0869317054748535,,,,,,,,,,,,,,,,,,,,,,,,,,,,,,,,,,,,,
36,,,9033,,,,,,,,1.1681829690933228,,,,,,,,,,,,,,,,,,,,,,,,,,,,,,,,,,,,,
36,,,9034,,,,,,,,1.0915327072143555,,,,,,,,,,,,,,,,,,,,,,,,,,,,,,,,,,,,,
36,,,9035,,,,,,,,1.0855438709259033,,,,,,,,,,,,,,,,,,,,,,,,,,,,,,,,,,,,,
36,,,9036,,,,,,,,1.1151186227798462,,,,,,,,,,,,,,,,,,,,,,,,,,,,,,,,,,,,,
36,,,9037,,,,,,,,1.1016244888305664,,,,,,,,,,,,,,,,,,,,,,,,,,,,,,,,,,,,,
36,,,9038,,,,,,,,1.1175363063812256,,,,,,,,,,,,,,,,,,,,,,,,,,,,,,,,,,,,,
36,,,9039,,,,,,,,1.148642659187317,,,,,,,,,,,,,,,,,,,,,,,,,,,,,,,,,,,,,
36,,,9040,,,,,,,,1.191663384437561,,,,,,,,,,,,,,,,,,,,,,,,,,,,,,,,,,,,,
36,,,9041,,,,,,,,1.1394983530044556,,,,,,,,,,,,,,,,,,,,,,,,,,,,,,,,,,,,,
36,,,9042,,,,,,,,1.0832056999206543,,,,,,,,,,,,,,,,,,,,,,,,,,,,,,,,,,,,,
36,,,9043,,,,,,,,1.0835514068603516,,,,,,,,,,,,,,,,,,,,,,,,,,,,,,,,,,,,,
36,,,9044,,,,,,,,1.1102250814437866,,,,,,,,,,,,,,,,,,,,,,,,,,,,,,,,,,,,,
36,,,9045,,,,,,,,1.1047228574752808,,,,,,,,,,,,,,,,,,,,,,,,,,,,,,,,,,,,,
36,,,9046,,,,,,,,1.0903964042663574,,,,,,,,,,,,,,,,,,,,,,,,,,,,,,,,,,,,,
36,,,9047,,,,,,,,1.1002167463302612,,,,,,,,,,,,,,,,,,,,,,,,,,,,,,,,,,,,,
36,,,9048,,,,,,,,1.0860366821289062,,,,,,,,,,,,,,,,,,,,,,,,,,,,,,,,,,,,,
36,,,9049,,,,,,,,1.106053352355957,,,,,,,,,,,,,,,,,,,,,,,,,,,,,,,,,,,,,
36,,,9050,,,,,,,,1.101122260093689,,,,,,,,,,,,,,,,,,,,,,,,,,,,,,,,,,,,,
36,,,9051,,,,,,,,1.1093502044677734,,,,,,,,,,,,,,,,,,,,,,,,,,,,,,,,,,,,,
36,,,9052,,,,,,,,1.160563588142395,,,,,,,,,,,,,,,,,,,,,,,,,,,,,,,,,,,,,
36,,,9053,,,,,,,,1.0888687372207642,,,,,,,,,,,,,,,,,,,,,,,,,,,,,,,,,,,,,
36,,,9054,,,,,,,,1.1605157852172852,,,,,,,,,,,,,,,,,,,,,,,,,,,,,,,,,,,,,
36,,,9055,,,,,,,,1.09171724319458,,,,,,,,,,,,,,,,,,,,,,,,,,,,,,,,,,,,,
36,,,9056,,,,,,,,1.095180630683899,,,,,,,,,,,,,,,,,,,,,,,,,,,,,,,,,,,,,
36,,,9057,,,,,,,,1.0921183824539185,,,,,,,,,,,,,,,,,,,,,,,,,,,,,,,,,,,,,
36,,,9058,,,,,,,,1.148297667503357,,,,,,,,,,,,,,,,,,,,,,,,,,,,,,,,,,,,,
36,,,9059,,,,,,,,1.0943717956542969,,,,,,,,,,,,,,,,,,,,,,,,,,,,,,,,,,,,,
36,,,9060,,,,,,,,1.1336054801940918,,,,,,,,,,,,,,,,,,,,,,,,,,,,,,,,,,,,,
36,,,9061,,,,,,,,1.1242334842681885,,,,,,,,,,,,,,,,,,,,,,,,,,,,,,,,,,,,,
36,,,9062,,,,,,,,1.0820246934890747,,,,,,,,,,,,,,,,,,,,,,,,,,,,,,,,,,,,,
36,,,9063,,,,,,,,1.1722229719161987,,,,,,,,,,,,,,,,,,,,,,,,,,,,,,,,,,,,,
36,,,9064,,,,,,,,1.0889713764190674,,,,,,,,,,,,,,,,,,,,,,,,,,,,,,,,,,,,,
36,,,9065,,,,,,,,1.1249749660491943,,,,,,,,,,,,,,,,,,,,,,,,,,,,,,,,,,,,,
36,,,9066,,,,,,,,1.1259716749191284,,,,,,,,,,,,,,,,,,,,,,,,,,,,,,,,,,,,,
36,,,9067,,,,,,,,1.098354458808899,,,,,,,,,,,,,,,,,,,,,,,,,,,,,,,,,,,,,
36,,,9068,,,,,,,,1.0879619121551514,,,,,,,,,,,,,,,,,,,,,,,,,,,,,,,,,,,,,
36,,,9069,,,,,,,,1.0956025123596191,,,,,,,,,,,,,,,,,,,,,,,,,,,,,,,,,,,,,
36,,,9070,,,,,,,,1.0880928039550781,,,,,,,,,,,,,,,,,,,,,,,,,,,,,,,,,,,,,
36,,,9071,,,,,,,,1.129316806793213,,,,,,,,,,,,,,,,,,,,,,,,,,,,,,,,,,,,,
36,,,9072,,,,,,,,1.0900616645812988,,,,,,,,,,,,,,,,,,,,,,,,,,,,,,,,,,,,,
36,,,9073,,,,,,,,1.095931053161621,,,,,,,,,,,,,,,,,,,,,,,,,,,,,,,,,,,,,
36,,,9074,,,,,,,,1.2408629655838013,,,,,,,,,,,,,,,,,,,,,,,,,,,,,,,,,,,,,
36,,,9075,,,,,,,,1.1063613891601562,,,,,,,,,,,,,,,,,,,,,,,,,,,,,,,,,,,,,
36,,,9076,,,,,,,,1.1180601119995117,,,,,,,,,,,,,,,,,,,,,,,,,,,,,,,,,,,,,
36,,,9077,,,,,,,,1.0933351516723633,,,,,,,,,,,,,,,,,,,,,,,,,,,,,,,,,,,,,
36,,,9078,,,,,,,,1.0864651203155518,,,,,,,,,,,,,,,,,,,,,,,,,,,,,,,,,,,,,
36,,,9079,,,,,,,,1.0879878997802734,,,,,,,,,,,,,,,,,,,,,,,,,,,,,,,,,,,,,
36,,,9080,,,,,,,,1.0969631671905518,,,,,,,,,,,,,,,,,,,,,,,,,,,,,,,,,,,,,
36,,,9081,,,,,,,,1.084208369255066,,,,,,,,,,,,,,,,,,,,,,,,,,,,,,,,,,,,,
36,,,9082,,,,,,,,1.09601891040802,,,,,,,,,,,,,,,,,,,,,,,,,,,,,,,,,,,,,
36,,,9083,,,,,,,,1.1018359661102295,,,,,,,,,,,,,,,,,,,,,,,,,,,,,,,,,,,,,
36,,,9084,,,,,,,,1.0901522636413574,,,,,,,,,,,,,,,,,,,,,,,,,,,,,,,,,,,,,
36,,,9085,,,,,,,,1.081069827079773,,,,,,,,,,,,,,,,,,,,,,,,,,,,,,,,,,,,,
36,,,9086,,,,,,,,1.1139296293258667,,,,,,,,,,,,,,,,,,,,,,,,,,,,,,,,,,,,,
36,,,9087,,,,,,,,1.091212511062622,,,,,,,,,,,,,,,,,,,,,,,,,,,,,,,,,,,,,
36,,,9088,,,,,,,,1.1273454427719116,,,,,,,,,,,,,,,,,,,,,,,,,,,,,,,,,,,,,
36,,,9089,,,,,,,,1.0845001935958862,,,,,,,,,,,,,,,,,,,,,,,,,,,,,,,,,,,,,
36,,,9090,,,,,,,,1.1461913585662842,,,,,,,,,,,,,,,,,,,,,,,,,,,,,,,,,,,,,
36,,,9091,,,,,,,,1.1359918117523193,,,,,,,,,,,,,,,,,,,,,,,,,,,,,,,,,,,,,
36,,,9092,,,,,,,,1.0857053995132446,,,,,,,,,,,,,,,,,,,,,,,,,,,,,,,,,,,,,
36,,,9093,,,,,,,,1.1036592721939087,,,,,,,,,,,,,,,,,,,,,,,,,,,,,,,,,,,,,
36,,,9094,,,,,,,,1.0903663635253906,,,,,,,,,,,,,,,,,,,,,,,,,,,,,,,,,,,,,
36,,,9095,,,,,,,,1.1409941911697388,,,,,,,,,,,,,,,,,,,,,,,,,,,,,,,,,,,,,
36,,,9096,,,,,,,,1.0936150550842285,,,,,,,,,,,,,,,,,,,,,,,,,,,,,,,,,,,,,
36,,,9097,,,,,,,,1.100966453552246,,,,,,,,,,,,,,,,,,,,,,,,,,,,,,,,,,,,,
36,,,9098,,,,,,,,1.0923901796340942,,,,,,,,,,,,,,,,,,,,,,,,,,,,,,,,,,,,,
36,,,9099,,,,,,,,1.1091090440750122,,,,,,,,,,,,,,,,,,,,,,,,,,,,,,,,,,,,,
36,,,9100,,,,,,,,1.1561939716339111,,,,,,,,,,,,,,,,,,,,,,,,,,,,,,,,,,,,,
36,,,9101,,,,,,,,1.1384869813919067,,,,,,,,,,,,,,,,,,,,,,,,,,,,,,,,,,,,,
36,,,9102,,,,,,,,1.0970568656921387,,,,,,,,,,,,,,,,,,,,,,,,,,,,,,,,,,,,,
36,,,9103,,,,,,,,1.0929934978485107,,,,,,,,,,,,,,,,,,,,,,,,,,,,,,,,,,,,,
36,,,9104,,,,,,,,1.0978389978408813,,,,,,,,,,,,,,,,,,,,,,,,,,,,,,,,,,,,,
36,,,9105,,,,,,,,1.0903747081756592,,,,,,,,,,,,,,,,,,,,,,,,,,,,,,,,,,,,,
36,,,9106,,,,,,,,1.1695733070373535,,,,,,,,,,,,,,,,,,,,,,,,,,,,,,,,,,,,,
36,,,9107,,,,,,,,1.136802315711975,,,,,,,,,,,,,,,,,,,,,,,,,,,,,,,,,,,,,
36,,,9108,,,,,,,,1.0889939069747925,,,,,,,,,,,,,,,,,,,,,,,,,,,,,,,,,,,,,
36,,,9109,,,,,,,,1.1104093790054321,,,,,,,,,,,,,,,,,,,,,,,,,,,,,,,,,,,,,
36,,,9110,,,,,,,,1.0919581651687622,,,,,,,,,,,,,,,,,,,,,,,,,,,,,,,,,,,,,
36,,,9111,,,,,,,,1.0895687341690063,,,,,,,,,,,,,,,,,,,,,,,,,,,,,,,,,,,,,
36,,,9112,,,,,,,,1.1160123348236084,,,,,,,,,,,,,,,,,,,,,,,,,,,,,,,,,,,,,
36,,,9113,,,,,,,,1.104791283607483,,,,,,,,,,,,,,,,,,,,,,,,,,,,,,,,,,,,,
36,,,9114,,,,,,,,1.0925862789154053,,,,,,,,,,,,,,,,,,,,,,,,,,,,,,,,,,,,,
36,,,9115,,,,,,,,1.0974987745285034,,,,,,,,,,,,,,,,,,,,,,,,,,,,,,,,,,,,,
36,,,9116,,,,,,,,1.105898141860962,,,,,,,,,,,,,,,,,,,,,,,,,,,,,,,,,,,,,
36,,,9117,,,,,,,,1.0802239179611206,,,,,,,,,,,,,,,,,,,,,,,,,,,,,,,,,,,,,
36,,,9118,,,,,,,,1.1220064163208008,,,,,,,,,,,,,,,,,,,,,,,,,,,,,,,,,,,,,
36,,,9119,,,,,,,,1.125130534172058,,,,,,,,,,,,,,,,,,,,,,,,,,,,,,,,,,,,,
36,,,9120,,,,,,,,1.0837231874465942,,,,,,,,,,,,,,,,,,,,,,,,,,,,,,,,,,,,,
36,,,9121,,,,,,,,1.0906912088394165,,,,,,,,,,,,,,,,,,,,,,,,,,,,,,,,,,,,,
36,,,9122,,,,,,,,1.0899662971496582,,,,,,,,,,,,,,,,,,,,,,,,,,,,,,,,,,,,,
36,,,9123,,,,,,,,1.1053521633148193,,,,,,,,,,,,,,,,,,,,,,,,,,,,,,,,,,,,,
36,,,9124,,,,,,,,1.0814129114151,,,,,,,,,,,,,,,,,,,,,,,,,,,,,,,,,,,,,
36,,,9125,,,,,,,,1.101883888244629,,,,,,,,,,,,,,,,,,,,,,,,,,,,,,,,,,,,,
36,,,9126,,,,,,,,1.1075021028518677,,,,,,,,,,,,,,,,,,,,,,,,,,,,,,,,,,,,,
36,,,9127,,,,,,,,1.144453763961792,,,,,,,,,,,,,,,,,,,,,,,,,,,,,,,,,,,,,
36,,,9128,,,,,,,,1.0966776609420776,,,,,,,,,,,,,,,,,,,,,,,,,,,,,,,,,,,,,
36,,,9129,,,,,,,,1.0835092067718506,,,,,,,,,,,,,,,,,,,,,,,,,,,,,,,,,,,,,
36,,,9130,,,,,,,,1.0875366926193237,,,,,,,,,,,,,,,,,,,,,,,,,,,,,,,,,,,,,
36,,,9131,,,,,,,,1.1053776741027832,,,,,,,,,,,,,,,,,,,,,,,,,,,,,,,,,,,,,
36,,,9132,,,,,,,,1.1087839603424072,,,,,,,,,,,,,,,,,,,,,,,,,,,,,,,,,,,,,
36,,,9133,,,,,,,,1.1074957847595215,,,,,,,,,,,,,,,,,,,,,,,,,,,,,,,,,,,,,
36,,,9134,,,,,,,,1.1046721935272217,,,,,,,,,,,,,,,,,,,,,,,,,,,,,,,,,,,,,
36,,,9135,,,,,,,,1.0883479118347168,,,,,,,,,,,,,,,,,,,,,,,,,,,,,,,,,,,,,
36,,,9136,,,,,,,,1.1036759614944458,,,,,,,,,,,,,,,,,,,,,,,,,,,,,,,,,,,,,
36,,,9137,,,,,,,,1.0875542163848877,,,,,,,,,,,,,,,,,,,,,,,,,,,,,,,,,,,,,
36,,,9138,,,,,,,,1.1592514514923096,,,,,,,,,,,,,,,,,,,,,,,,,,,,,,,,,,,,,
36,,,9139,,,,,,,,1.0921543836593628,,,,,,,,,,,,,,,,,,,,,,,,,,,,,,,,,,,,,
36,,,9140,,,,,,,,1.0898964405059814,,,,,,,,,,,,,,,,,,,,,,,,,,,,,,,,,,,,,
36,,,9141,,,,,,,,1.1144585609436035,,,,,,,,,,,,,,,,,,,,,,,,,,,,,,,,,,,,,
36,,,9142,,,,,,,,1.1111066341400146,,,,,,,,,,,,,,,,,,,,,,,,,,,,,,,,,,,,,
36,,,9143,,,,,,,,1.1040849685668945,,,,,,,,,,,,,,,,,,,,,,,,,,,,,,,,,,,,,
36,,,9144,,,,,,,,1.193195104598999,,,,,,,,,,,,,,,,,,,,,,,,,,,,,,,,,,,,,
36,,,9145,,,,,,,,1.1125071048736572,,,,,,,,,,,,,,,,,,,,,,,,,,,,,,,,,,,,,
36,,,9146,,,,,,,,1.1102451086044312,,,,,,,,,,,,,,,,,,,,,,,,,,,,,,,,,,,,,
36,,,9147,,,,,,,,1.0831291675567627,,,,,,,,,,,,,,,,,,,,,,,,,,,,,,,,,,,,,
36,,,9148,,,,,,,,1.0960460901260376,,,,,,,,,,,,,,,,,,,,,,,,,,,,,,,,,,,,,
36,,,9149,,,,,,,,1.080405354499817,,,,,,,,,,,,,,,,,,,,,,,,,,,,,,,,,,,,,
36,,,9150,,,,,,,,1.1276865005493164,,,,,,,,,,,,,,,,,,,,,,,,,,,,,,,,,,,,,
36,,,9151,,,,,,,,1.117514967918396,,,,,,,,,,,,,,,,,,,,,,,,,,,,,,,,,,,,,
36,,,9152,,,,,,,,1.0862910747528076,,,,,,,,,,,,,,,,,,,,,,,,,,,,,,,,,,,,,
36,,,9153,,,,,,,,1.0823949575424194,,,,,,,,,,,,,,,,,,,,,,,,,,,,,,,,,,,,,
36,,,9154,,,,,,,,1.080519676208496,,,,,,,,,,,,,,,,,,,,,,,,,,,,,,,,,,,,,
36,,,9155,,,,,,,,1.0941977500915527,,,,,,,,,,,,,,,,,,,,,,,,,,,,,,,,,,,,,
36,,,9156,,,,,,,,1.0936620235443115,,,,,,,,,,,,,,,,,,,,,,,,,,,,,,,,,,,,,
36,,,9157,,,,,,,,1.0918304920196533,,,,,,,,,,,,,,,,,,,,,,,,,,,,,,,,,,,,,
36,,,9158,,,,,,,,1.1352663040161133,,,,,,,,,,,,,,,,,,,,,,,,,,,,,,,,,,,,,
36,,,9159,,,,,,,,1.1023565530776978,,,,,,,,,,,,,,,,,,,,,,,,,,,,,,,,,,,,,
36,,,9160,,,,,,,,1.1253297328948975,,,,,,,,,,,,,,,,,,,,,,,,,,,,,,,,,,,,,
36,,,9161,,,,,,,,1.103946328163147,,,,,,,,,,,,,,,,,,,,,,,,,,,,,,,,,,,,,
36,,,9162,,,,,,,,1.082832932472229,,,,,,,,,,,,,,,,,,,,,,,,,,,,,,,,,,,,,
36,,,9163,,,,,,,,1.0933771133422852,,,,,,,,,,,,,,,,,,,,,,,,,,,,,,,,,,,,,
36,,,9164,,,,,,,,1.0893579721450806,,,,,,,,,,,,,,,,,,,,,,,,,,,,,,,,,,,,,
36,,,9165,,,,,,,,1.1044750213623047,,,,,,,,,,,,,,,,,,,,,,,,,,,,,,,,,,,,,
36,,,9166,,,,,,,,1.127479076385498,,,,,,,,,,,,,,,,,,,,,,,,,,,,,,,,,,,,,
36,,,9167,,,,,,,,1.151901125907898,,,,,,,,,,,,,,,,,,,,,,,,,,,,,,,,,,,,,
36,,,9168,,,,,,,,1.0854113101959229,,,,,,,,,,,,,,,,,,,,,,,,,,,,,,,,,,,,,
36,,,9169,,,,,,,,1.0821893215179443,,,,,,,,,,,,,,,,,,,,,,,,,,,,,,,,,,,,,
36,,,9170,,,,,,,,1.1265811920166016,,,,,,,,,,,,,,,,,,,,,,,,,,,,,,,,,,,,,
36,,,9171,,,,,,,,1.1096272468566895,,,,,,,,,,,,,,,,,,,,,,,,,,,,,,,,,,,,,
36,,,9172,,,,,,,,1.1098817586898804,,,,,,,,,,,,,,,,,,,,,,,,,,,,,,,,,,,,,
36,,,9173,,,,,,,,1.105168342590332,,,,,,,,,,,,,,,,,,,,,,,,,,,,,,,,,,,,,
36,,,9174,,,,,,,,1.1154427528381348,,,,,,,,,,,,,,,,,,,,,,,,,,,,,,,,,,,,,
36,,,9175,,,,,,,,1.104398488998413,,,,,,,,,,,,,,,,,,,,,,,,,,,,,,,,,,,,,
36,,,9176,,,,,,,,1.1028755903244019,,,,,,,,,,,,,,,,,,,,,,,,,,,,,,,,,,,,,
36,,,9177,,,,,,,,1.106911301612854,,,,,,,,,,,,,,,,,,,,,,,,,,,,,,,,,,,,,
36,,,9178,,,,,,,,1.136780858039856,,,,,,,,,,,,,,,,,,,,,,,,,,,,,,,,,,,,,
36,,,9179,,,,,,,,1.103152871131897,,,,,,,,,,,,,,,,,,,,,,,,,,,,,,,,,,,,,
36,,,9180,,,,,,,,1.098325252532959,,,,,,,,,,,,,,,,,,,,,,,,,,,,,,,,,,,,,
36,,,9181,,,,,,,,1.1248655319213867,,,,,,,,,,,,,,,,,,,,,,,,,,,,,,,,,,,,,
36,,,9182,,,,,,,,1.098251223564148,,,,,,,,,,,,,,,,,,,,,,,,,,,,,,,,,,,,,
36,,,9183,,,,,,,,1.123410940170288,,,,,,,,,,,,,,,,,,,,,,,,,,,,,,,,,,,,,
36,,,9184,,,,,,,,1.110633373260498,,,,,,,,,,,,,,,,,,,,,,,,,,,,,,,,,,,,,
36,,,9185,,,,,,,,1.1759029626846313,,,,,,,,,,,,,,,,,,,,,,,,,,,,,,,,,,,,,
36,,,9186,,,,,,,,1.0895962715148926,,,,,,,,,,,,,,,,,,,,,,,,,,,,,,,,,,,,,
36,,,9187,,,,,,,,1.0894240140914917,,,,,,,,,,,,,,,,,,,,,,,,,,,,,,,,,,,,,
36,,,9188,,,,,,,,1.09220290184021,,,,,,,,,,,,,,,,,,,,,,,,,,,,,,,,,,,,,
36,,,9189,,,,,,,,1.1027858257293701,,,,,,,,,,,,,,,,,,,,,,,,,,,,,,,,,,,,,
36,,,9190,,,,,,,,1.117377519607544,,,,,,,,,,,,,,,,,,,,,,,,,,,,,,,,,,,,,
36,,,9191,,,,,,,,1.0934597253799438,,,,,,,,,,,,,,,,,,,,,,,,,,,,,,,,,,,,,
36,,,9192,,,,,,,,1.0882078409194946,,,,,,,,,,,,,,,,,,,,,,,,,,,,,,,,,,,,,
36,,,9193,,,,,,,,1.100900411605835,,,,,,,,,,,,,,,,,,,,,,,,,,,,,,,,,,,,,
36,,,9194,,,,,,,,1.0838854312896729,,,,,,,,,,,,,,,,,,,,,,,,,,,,,,,,,,,,,
36,,,9195,,,,,,,,1.0971155166625977,,,,,,,,,,,,,,,,,,,,,,,,,,,,,,,,,,,,,
36,,,9196,,,,,,,,1.2425743341445923,,,,,,,,,,,,,,,,,,,,,,,,,,,,,,,,,,,,,
36,,,9197,,,,,,,,1.1027345657348633,,,,,,,,,,,,,,,,,,,,,,,,,,,,,,,,,,,,,
36,,,9198,,,,,,,,1.1049938201904297,,,,,,,,,,,,,,,,,,,,,,,,,,,,,,,,,,,,,
36,,,9199,,,,,,,,1.1329240798950195,,,,,,,,,,,,,,,,,,,,,,,,,,,,,,,,,,,,,
36,,,9200,,,,,,,,1.1000465154647827,,,,,,,,,,,,,,,,,,,,,,,,,,,,,,,,,,,,,
36,,,9201,,,,,,,,1.1028903722763062,,,,,,,,,,,,,,,,,,,,,,,,,,,,,,,,,,,,,
36,,,9202,,,,,,,,1.1098726987838745,,,,,,,,,,,,,,,,,,,,,,,,,,,,,,,,,,,,,
36,,,9203,,,,,,,,1.0804064273834229,,,,,,,,,,,,,,,,,,,,,,,,,,,,,,,,,,,,,
36,,,9204,,,,,,,,1.1454529762268066,,,,,,,,,,,,,,,,,,,,,,,,,,,,,,,,,,,,,
36,,,9205,,,,,,,,1.082723617553711,,,,,,,,,,,,,,,,,,,,,,,,,,,,,,,,,,,,,
36,,,9206,,,,,,,,1.0994396209716797,,,,,,,,,,,,,,,,,,,,,,,,,,,,,,,,,,,,,
36,,,9207,,,,,,,,1.1132136583328247,,,,,,,,,,,,,,,,,,,,,,,,,,,,,,,,,,,,,
36,,,9208,,,,,,,,1.093910574913025,,,,,,,,,,,,,,,,,,,,,,,,,,,,,,,,,,,,,
36,,,9209,,,,,,,,1.0924361944198608,,,,,,,,,,,,,,,,,,,,,,,,,,,,,,,,,,,,,
36,,,9210,,,,,,,,1.0918705463409424,,,,,,,,,,,,,,,,,,,,,,,,,,,,,,,,,,,,,
36,,,9211,,,,,,,,1.09732985496521,,,,,,,,,,,,,,,,,,,,,,,,,,,,,,,,,,,,,
36,,,9212,,,,,,,,1.1717474460601807,,,,,,,,,,,,,,,,,,,,,,,,,,,,,,,,,,,,,
36,,,9213,,,,,,,,1.1100705862045288,,,,,,,,,,,,,,,,,,,,,,,,,,,,,,,,,,,,,
36,,,9214,,,,,,,,1.0894575119018555,,,,,,,,,,,,,,,,,,,,,,,,,,,,,,,,,,,,,
36,,,9215,,,,,,,,1.1018383502960205,,,,,,,,,,,,,,,,,,,,,,,,,,,,,,,,,,,,,
36,,,9216,,,,,,,,1.082346796989441,,,,,,,,,,,,,,,,,,,,,,,,,,,,,,,,,,,,,
36,,,9217,,,,,,,,1.1149336099624634,,,,,,,,,,,,,,,,,,,,,,,,,,,,,,,,,,,,,
36,,,9218,,,,,,,,1.1180639266967773,,,,,,,,,,,,,,,,,,,,,,,,,,,,,,,,,,,,,
36,,,9219,,,,,,,,1.0908836126327515,,,,,,,,,,,,,,,,,,,,,,,,,,,,,,,,,,,,,
36,,,9220,,,,,,,,1.0947424173355103,,,,,,,,,,,,,,,,,,,,,,,,,,,,,,,,,,,,,
36,,,9221,,,,,,,,1.1011666059494019,,,,,,,,,,,,,,,,,,,,,,,,,,,,,,,,,,,,,
36,,,9222,,,,,,,,1.0921008586883545,,,,,,,,,,,,,,,,,,,,,,,,,,,,,,,,,,,,,
36,,,9223,,,,,,,,1.0962222814559937,,,,,,,,,,,,,,,,,,,,,,,,,,,,,,,,,,,,,
36,,,9224,,,,,,,,1.0980790853500366,,,,,,,,,,,,,,,,,,,,,,,,,,,,,,,,,,,,,
36,,,9225,,,,,,,,1.083030104637146,,,,,,,,,,,,,,,,,,,,,,,,,,,,,,,,,,,,,
36,,,9226,,,,,,,,1.0908613204956055,,,,,,,,,,,,,,,,,,,,,,,,,,,,,,,,,,,,,
36,,,9227,,,,,,,,1.0975351333618164,,,,,,,,,,,,,,,,,,,,,,,,,,,,,,,,,,,,,
36,,,9228,,,,,,,,1.1062495708465576,,,,,,,,,,,,,,,,,,,,,,,,,,,,,,,,,,,,,
36,,,9229,,,,,,,,1.10642409324646,,,,,,,,,,,,,,,,,,,,,,,,,,,,,,,,,,,,,
36,,,9230,,,,,,,,1.1653505563735962,,,,,,,,,,,,,,,,,,,,,,,,,,,,,,,,,,,,,
36,,,9231,,,,,,,,1.088919758796692,,,,,,,,,,,,,,,,,,,,,,,,,,,,,,,,,,,,,
36,,,9232,,,,,,,,1.0816409587860107,,,,,,,,,,,,,,,,,,,,,,,,,,,,,,,,,,,,,
36,,,9233,,,,,,,,1.1034775972366333,,,,,,,,,,,,,,,,,,,,,,,,,,,,,,,,,,,,,
36,,,9234,,,,,,,,1.0859655141830444,,,,,,,,,,,,,,,,,,,,,,,,,,,,,,,,,,,,,
36,,,9235,,,,,,,,1.0831036567687988,,,,,,,,,,,,,,,,,,,,,,,,,,,,,,,,,,,,,
36,,,9236,,,,,,,,1.0960067510604858,,,,,,,,,,,,,,,,,,,,,,,,,,,,,,,,,,,,,
36,,,9237,,,,,,,,1.1983277797698975,,,,,,,,,,,,,,,,,,,,,,,,,,,,,,,,,,,,,
36,,,9238,,,,,,,,1.0972259044647217,,,,,,,,,,,,,,,,,,,,,,,,,,,,,,,,,,,,,
36,,,9239,,,,,,,,1.114185094833374,,,,,,,,,,,,,,,,,,,,,,,,,,,,,,,,,,,,,
36,,,9240,,,,,,,,1.095286250114441,,,,,,,,,,,,,,,,,,,,,,,,,,,,,,,,,,,,,
36,,,9241,,,,,,,,1.1325280666351318,,,,,,,,,,,,,,,,,,,,,,,,,,,,,,,,,,,,,
36,,,9242,,,,,,,,1.115936040878296,,,,,,,,,,,,,,,,,,,,,,,,,,,,,,,,,,,,,
36,,,9243,,,,,,,,1.0823739767074585,,,,,,,,,,,,,,,,,,,,,,,,,,,,,,,,,,,,,
36,,,9244,,,,,,,,1.0836453437805176,,,,,,,,,,,,,,,,,,,,,,,,,,,,,,,,,,,,,
36,,,9245,,,,,,,,1.0937036275863647,,,,,,,,,,,,,,,,,,,,,,,,,,,,,,,,,,,,,
36,,,9246,,,,,,,,1.12563157081604,,,,,,,,,,,,,,,,,,,,,,,,,,,,,,,,,,,,,
36,,,9247,,,,,,,,1.1198956966400146,,,,,,,,,,,,,,,,,,,,,,,,,,,,,,,,,,,,,
36,,,9248,,,,,,,,1.0856178998947144,,,,,,,,,,,,,,,,,,,,,,,,,,,,,,,,,,,,,
36,,,9249,,,,,,,,1.0910484790802002,,,,,,,,,,,,,,,,,,,,,,,,,,,,,,,,,,,,,
36,,,9249,,,,,,,,,,,0.3484107553958893,0.005455055274069309,0.669921875,1.33984375,54.966796875,0.669921875,271790.65625,0.8378505706787109,0.8378505706787109,,1.0,0.2950553894042969,54.966796875,0.669921875,0.9480108022689819,0.04749153554439545,22118.0,0.0018948884680867195,0.002828521654009819,0.4170683026313782,0.6225626468658447,0.005631457548588514,1475.0,0.01692795380949974,0.0252685509622097,0.26396867632865906,0.39402905106544495,0.01422637514770031,7373.0,0.004833537619560957,0.007215077057480812,0.3374425172805786,0.503704309463501,0.016581948846578598,0.00037276724469847977
36,,20.0,9249,265522.78125,0.8511302471160889,0.8523481488227844,,1.1076858043670654,0.8523481488227844,1.0,,0.2990078032016754,0.9160000085830688,,,,,,,,,,,,,,,,,,,,,,,,,,,,,,,,,,,
,4.73179341106967e-05,,9250,,,,,,,,,,,,,,,,,,,,,,,,,,,,,,,,,,,,,,,,,,,,,
37,,,9250,,,,,,,,1.1739329099655151,,,,,,,,,,,,,,,,,,,,,,,,,,,,,,,,,,,,,
37,,,9251,,,,,,,,1.0890016555786133,,,,,,,,,,,,,,,,,,,,,,,,,,,,,,,,,,,,,
37,,,9252,,,,,,,,1.0966956615447998,,,,,,,,,,,,,,,,,,,,,,,,,,,,,,,,,,,,,
37,,,9253,,,,,,,,1.12369704246521,,,,,,,,,,,,,,,,,,,,,,,,,,,,,,,,,,,,,
37,,,9254,,,,,,,,1.11295485496521,,,,,,,,,,,,,,,,,,,,,,,,,,,,,,,,,,,,,
37,,,9255,,,,,,,,1.2550578117370605,,,,,,,,,,,,,,,,,,,,,,,,,,,,,,,,,,,,,
37,,,9256,,,,,,,,1.1034412384033203,,,,,,,,,,,,,,,,,,,,,,,,,,,,,,,,,,,,,
37,,,9257,,,,,,,,1.0871891975402832,,,,,,,,,,,,,,,,,,,,,,,,,,,,,,,,,,,,,
37,,,9258,,,,,,,,1.0887818336486816,,,,,,,,,,,,,,,,,,,,,,,,,,,,,,,,,,,,,
37,,,9259,,,,,,,,1.17851722240448,,,,,,,,,,,,,,,,,,,,,,,,,,,,,,,,,,,,,
37,,,9260,,,,,,,,1.095146894454956,,,,,,,,,,,,,,,,,,,,,,,,,,,,,,,,,,,,,
37,,,9261,,,,,,,,1.086753010749817,,,,,,,,,,,,,,,,,,,,,,,,,,,,,,,,,,,,,
37,,,9262,,,,,,,,1.0993510484695435,,,,,,,,,,,,,,,,,,,,,,,,,,,,,,,,,,,,,
37,,,9263,,,,,,,,1.1120460033416748,,,,,,,,,,,,,,,,,,,,,,,,,,,,,,,,,,,,,
37,,,9264,,,,,,,,1.1086047887802124,,,,,,,,,,,,,,,,,,,,,,,,,,,,,,,,,,,,,
37,,,9265,,,,,,,,1.1055762767791748,,,,,,,,,,,,,,,,,,,,,,,,,,,,,,,,,,,,,
37,,,9266,,,,,,,,1.1869001388549805,,,,,,,,,,,,,,,,,,,,,,,,,,,,,,,,,,,,,
37,,,9267,,,,,,,,1.0841643810272217,,,,,,,,,,,,,,,,,,,,,,,,,,,,,,,,,,,,,
37,,,9268,,,,,,,,1.0811296701431274,,,,,,,,,,,,,,,,,,,,,,,,,,,,,,,,,,,,,
37,,,9269,,,,,,,,1.0855979919433594,,,,,,,,,,,,,,,,,,,,,,,,,,,,,,,,,,,,,
37,,,9270,,,,,,,,1.0908348560333252,,,,,,,,,,,,,,,,,,,,,,,,,,,,,,,,,,,,,
37,,,9271,,,,,,,,1.094278335571289,,,,,,,,,,,,,,,,,,,,,,,,,,,,,,,,,,,,,
37,,,9272,,,,,,,,1.1147303581237793,,,,,,,,,,,,,,,,,,,,,,,,,,,,,,,,,,,,,
37,,,9273,,,,,,,,1.0925120115280151,,,,,,,,,,,,,,,,,,,,,,,,,,,,,,,,,,,,,
37,,,9274,,,,,,,,1.2340388298034668,,,,,,,,,,,,,,,,,,,,,,,,,,,,,,,,,,,,,
37,,,9275,,,,,,,,1.124909520149231,,,,,,,,,,,,,,,,,,,,,,,,,,,,,,,,,,,,,
37,,,9276,,,,,,,,1.0840245485305786,,,,,,,,,,,,,,,,,,,,,,,,,,,,,,,,,,,,,
37,,,9277,,,,,,,,1.0896987915039062,,,,,,,,,,,,,,,,,,,,,,,,,,,,,,,,,,,,,
37,,,9278,,,,,,,,1.0819957256317139,,,,,,,,,,,,,,,,,,,,,,,,,,,,,,,,,,,,,
37,,,9279,,,,,,,,1.0923250913619995,,,,,,,,,,,,,,,,,,,,,,,,,,,,,,,,,,,,,
37,,,9280,,,,,,,,1.0847522020339966,,,,,,,,,,,,,,,,,,,,,,,,,,,,,,,,,,,,,
37,,,9281,,,,,,,,1.0829875469207764,,,,,,,,,,,,,,,,,,,,,,,,,,,,,,,,,,,,,
37,,,9282,,,,,,,,1.0925413370132446,,,,,,,,,,,,,,,,,,,,,,,,,,,,,,,,,,,,,
37,,,9283,,,,,,,,1.124063491821289,,,,,,,,,,,,,,,,,,,,,,,,,,,,,,,,,,,,,
37,,,9284,,,,,,,,1.106943130493164,,,,,,,,,,,,,,,,,,,,,,,,,,,,,,,,,,,,,
37,,,9285,,,,,,,,1.0971858501434326,,,,,,,,,,,,,,,,,,,,,,,,,,,,,,,,,,,,,
37,,,9286,,,,,,,,1.1046608686447144,,,,,,,,,,,,,,,,,,,,,,,,,,,,,,,,,,,,,
37,,,9287,,,,,,,,1.0935397148132324,,,,,,,,,,,,,,,,,,,,,,,,,,,,,,,,,,,,,
37,,,9288,,,,,,,,1.0827178955078125,,,,,,,,,,,,,,,,,,,,,,,,,,,,,,,,,,,,,
37,,,9289,,,,,,,,1.1347217559814453,,,,,,,,,,,,,,,,,,,,,,,,,,,,,,,,,,,,,
37,,,9290,,,,,,,,1.121462345123291,,,,,,,,,,,,,,,,,,,,,,,,,,,,,,,,,,,,,
37,,,9291,,,,,,,,1.1092280149459839,,,,,,,,,,,,,,,,,,,,,,,,,,,,,,,,,,,,,
37,,,9292,,,,,,,,1.0915776491165161,,,,,,,,,,,,,,,,,,,,,,,,,,,,,,,,,,,,,
37,,,9293,,,,,,,,1.1185022592544556,,,,,,,,,,,,,,,,,,,,,,,,,,,,,,,,,,,,,
37,,,9294,,,,,,,,1.0891497135162354,,,,,,,,,,,,,,,,,,,,,,,,,,,,,,,,,,,,,
37,,,9295,,,,,,,,1.0879185199737549,,,,,,,,,,,,,,,,,,,,,,,,,,,,,,,,,,,,,
37,,,9296,,,,,,,,1.1008944511413574,,,,,,,,,,,,,,,,,,,,,,,,,,,,,,,,,,,,,
37,,,9297,,,,,,,,1.0861308574676514,,,,,,,,,,,,,,,,,,,,,,,,,,,,,,,,,,,,,
37,,,9298,,,,,,,,1.112090826034546,,,,,,,,,,,,,,,,,,,,,,,,,,,,,,,,,,,,,
37,,,9299,,,,,,,,1.1300921440124512,,,,,,,,,,,,,,,,,,,,,,,,,,,,,,,,,,,,,
37,,,9300,,,,,,,,1.1038415431976318,,,,,,,,,,,,,,,,,,,,,,,,,,,,,,,,,,,,,
37,,,9301,,,,,,,,1.088895320892334,,,,,,,,,,,,,,,,,,,,,,,,,,,,,,,,,,,,,
37,,,9302,,,,,,,,1.090678095817566,,,,,,,,,,,,,,,,,,,,,,,,,,,,,,,,,,,,,
37,,,9303,,,,,,,,1.162585735321045,,,,,,,,,,,,,,,,,,,,,,,,,,,,,,,,,,,,,
37,,,9304,,,,,,,,1.0854700803756714,,,,,,,,,,,,,,,,,,,,,,,,,,,,,,,,,,,,,
37,,,9305,,,,,,,,1.092881679534912,,,,,,,,,,,,,,,,,,,,,,,,,,,,,,,,,,,,,
37,,,9306,,,,,,,,1.1338335275650024,,,,,,,,,,,,,,,,,,,,,,,,,,,,,,,,,,,,,
37,,,9307,,,,,,,,1.176709771156311,,,,,,,,,,,,,,,,,,,,,,,,,,,,,,,,,,,,,
37,,,9308,,,,,,,,1.09330153465271,,,,,,,,,,,,,,,,,,,,,,,,,,,,,,,,,,,,,
37,,,9309,,,,,,,,1.0801976919174194,,,,,,,,,,,,,,,,,,,,,,,,,,,,,,,,,,,,,
37,,,9310,,,,,,,,1.0907752513885498,,,,,,,,,,,,,,,,,,,,,,,,,,,,,,,,,,,,,
37,,,9311,,,,,,,,1.081155776977539,,,,,,,,,,,,,,,,,,,,,,,,,,,,,,,,,,,,,
37,,,9312,,,,,,,,1.1024309396743774,,,,,,,,,,,,,,,,,,,,,,,,,,,,,,,,,,,,,
37,,,9313,,,,,,,,1.0979247093200684,,,,,,,,,,,,,,,,,,,,,,,,,,,,,,,,,,,,,
37,,,9314,,,,,,,,1.1197788715362549,,,,,,,,,,,,,,,,,,,,,,,,,,,,,,,,,,,,,
37,,,9315,,,,,,,,1.091273546218872,,,,,,,,,,,,,,,,,,,,,,,,,,,,,,,,,,,,,
37,,,9316,,,,,,,,1.0800814628601074,,,,,,,,,,,,,,,,,,,,,,,,,,,,,,,,,,,,,
37,,,9317,,,,,,,,1.0964443683624268,,,,,,,,,,,,,,,,,,,,,,,,,,,,,,,,,,,,,
37,,,9318,,,,,,,,1.1082781553268433,,,,,,,,,,,,,,,,,,,,,,,,,,,,,,,,,,,,,
37,,,9319,,,,,,,,1.0897139310836792,,,,,,,,,,,,,,,,,,,,,,,,,,,,,,,,,,,,,
37,,,9320,,,,,,,,1.0886945724487305,,,,,,,,,,,,,,,,,,,,,,,,,,,,,,,,,,,,,
37,,,9321,,,,,,,,1.1021013259887695,,,,,,,,,,,,,,,,,,,,,,,,,,,,,,,,,,,,,
37,,,9322,,,,,,,,1.0970401763916016,,,,,,,,,,,,,,,,,,,,,,,,,,,,,,,,,,,,,
37,,,9323,,,,,,,,1.0889403820037842,,,,,,,,,,,,,,,,,,,,,,,,,,,,,,,,,,,,,
37,,,9324,,,,,,,,1.1003270149230957,,,,,,,,,,,,,,,,,,,,,,,,,,,,,,,,,,,,,
37,,,9325,,,,,,,,1.0887420177459717,,,,,,,,,,,,,,,,,,,,,,,,,,,,,,,,,,,,,
37,,,9326,,,,,,,,1.0937676429748535,,,,,,,,,,,,,,,,,,,,,,,,,,,,,,,,,,,,,
37,,,9327,,,,,,,,1.0941232442855835,,,,,,,,,,,,,,,,,,,,,,,,,,,,,,,,,,,,,
37,,,9328,,,,,,,,1.0897449254989624,,,,,,,,,,,,,,,,,,,,,,,,,,,,,,,,,,,,,
37,,,9329,,,,,,,,1.1031744480133057,,,,,,,,,,,,,,,,,,,,,,,,,,,,,,,,,,,,,
37,,,9330,,,,,,,,1.134547233581543,,,,,,,,,,,,,,,,,,,,,,,,,,,,,,,,,,,,,
37,,,9331,,,,,,,,1.093644142150879,,,,,,,,,,,,,,,,,,,,,,,,,,,,,,,,,,,,,
37,,,9332,,,,,,,,1.0903024673461914,,,,,,,,,,,,,,,,,,,,,,,,,,,,,,,,,,,,,
37,,,9333,,,,,,,,1.1127220392227173,,,,,,,,,,,,,,,,,,,,,,,,,,,,,,,,,,,,,
37,,,9334,,,,,,,,1.0923285484313965,,,,,,,,,,,,,,,,,,,,,,,,,,,,,,,,,,,,,
37,,,9335,,,,,,,,1.1468544006347656,,,,,,,,,,,,,,,,,,,,,,,,,,,,,,,,,,,,,
37,,,9336,,,,,,,,1.0951426029205322,,,,,,,,,,,,,,,,,,,,,,,,,,,,,,,,,,,,,
37,,,9337,,,,,,,,1.0806385278701782,,,,,,,,,,,,,,,,,,,,,,,,,,,,,,,,,,,,,
37,,,9338,,,,,,,,1.0804835557937622,,,,,,,,,,,,,,,,,,,,,,,,,,,,,,,,,,,,,
37,,,9339,,,,,,,,1.0855294466018677,,,,,,,,,,,,,,,,,,,,,,,,,,,,,,,,,,,,,
37,,,9340,,,,,,,,1.0853880643844604,,,,,,,,,,,,,,,,,,,,,,,,,,,,,,,,,,,,,
37,,,9341,,,,,,,,1.0882039070129395,,,,,,,,,,,,,,,,,,,,,,,,,,,,,,,,,,,,,
37,,,9342,,,,,,,,1.1142699718475342,,,,,,,,,,,,,,,,,,,,,,,,,,,,,,,,,,,,,
37,,,9343,,,,,,,,1.0863282680511475,,,,,,,,,,,,,,,,,,,,,,,,,,,,,,,,,,,,,
37,,,9344,,,,,,,,1.0809228420257568,,,,,,,,,,,,,,,,,,,,,,,,,,,,,,,,,,,,,
37,,,9345,,,,,,,,1.1032058000564575,,,,,,,,,,,,,,,,,,,,,,,,,,,,,,,,,,,,,
37,,,9346,,,,,,,,1.092181921005249,,,,,,,,,,,,,,,,,,,,,,,,,,,,,,,,,,,,,
37,,,9347,,,,,,,,1.0839910507202148,,,,,,,,,,,,,,,,,,,,,,,,,,,,,,,,,,,,,
37,,,9348,,,,,,,,1.0924791097640991,,,,,,,,,,,,,,,,,,,,,,,,,,,,,,,,,,,,,
37,,,9349,,,,,,,,1.1373064517974854,,,,,,,,,,,,,,,,,,,,,,,,,,,,,,,,,,,,,
37,,,9350,,,,,,,,1.0930404663085938,,,,,,,,,,,,,,,,,,,,,,,,,,,,,,,,,,,,,
37,,,9351,,,,,,,,1.080280065536499,,,,,,,,,,,,,,,,,,,,,,,,,,,,,,,,,,,,,
37,,,9352,,,,,,,,1.0814803838729858,,,,,,,,,,,,,,,,,,,,,,,,,,,,,,,,,,,,,
37,,,9353,,,,,,,,1.0894243717193604,,,,,,,,,,,,,,,,,,,,,,,,,,,,,,,,,,,,,
37,,,9354,,,,,,,,1.1471681594848633,,,,,,,,,,,,,,,,,,,,,,,,,,,,,,,,,,,,,
37,,,9355,,,,,,,,1.0854334831237793,,,,,,,,,,,,,,,,,,,,,,,,,,,,,,,,,,,,,
37,,,9356,,,,,,,,1.1187772750854492,,,,,,,,,,,,,,,,,,,,,,,,,,,,,,,,,,,,,
37,,,9357,,,,,,,,1.1655303239822388,,,,,,,,,,,,,,,,,,,,,,,,,,,,,,,,,,,,,
37,,,9358,,,,,,,,1.096662163734436,,,,,,,,,,,,,,,,,,,,,,,,,,,,,,,,,,,,,
37,,,9359,,,,,,,,1.0900049209594727,,,,,,,,,,,,,,,,,,,,,,,,,,,,,,,,,,,,,
37,,,9360,,,,,,,,1.0879180431365967,,,,,,,,,,,,,,,,,,,,,,,,,,,,,,,,,,,,,
37,,,9361,,,,,,,,1.1872859001159668,,,,,,,,,,,,,,,,,,,,,,,,,,,,,,,,,,,,,
37,,,9362,,,,,,,,1.0801819562911987,,,,,,,,,,,,,,,,,,,,,,,,,,,,,,,,,,,,,
37,,,9363,,,,,,,,1.1609394550323486,,,,,,,,,,,,,,,,,,,,,,,,,,,,,,,,,,,,,
37,,,9364,,,,,,,,1.080841064453125,,,,,,,,,,,,,,,,,,,,,,,,,,,,,,,,,,,,,
37,,,9365,,,,,,,,1.096489429473877,,,,,,,,,,,,,,,,,,,,,,,,,,,,,,,,,,,,,
37,,,9366,,,,,,,,1.1054165363311768,,,,,,,,,,,,,,,,,,,,,,,,,,,,,,,,,,,,,
37,,,9367,,,,,,,,1.0862061977386475,,,,,,,,,,,,,,,,,,,,,,,,,,,,,,,,,,,,,
37,,,9368,,,,,,,,1.092693567276001,,,,,,,,,,,,,,,,,,,,,,,,,,,,,,,,,,,,,
37,,,9369,,,,,,,,1.1850686073303223,,,,,,,,,,,,,,,,,,,,,,,,,,,,,,,,,,,,,
37,,,9370,,,,,,,,1.086414098739624,,,,,,,,,,,,,,,,,,,,,,,,,,,,,,,,,,,,,
37,,,9371,,,,,,,,1.1069329977035522,,,,,,,,,,,,,,,,,,,,,,,,,,,,,,,,,,,,,
37,,,9372,,,,,,,,1.1121783256530762,,,,,,,,,,,,,,,,,,,,,,,,,,,,,,,,,,,,,
37,,,9373,,,,,,,,1.0959042310714722,,,,,,,,,,,,,,,,,,,,,,,,,,,,,,,,,,,,,
37,,,9374,,,,,,,,1.127064824104309,,,,,,,,,,,,,,,,,,,,,,,,,,,,,,,,,,,,,
37,,,9375,,,,,,,,1.0909124612808228,,,,,,,,,,,,,,,,,,,,,,,,,,,,,,,,,,,,,
37,,,9376,,,,,,,,1.0813970565795898,,,,,,,,,,,,,,,,,,,,,,,,,,,,,,,,,,,,,
37,,,9377,,,,,,,,1.0861411094665527,,,,,,,,,,,,,,,,,,,,,,,,,,,,,,,,,,,,,
37,,,9378,,,,,,,,1.0958342552185059,,,,,,,,,,,,,,,,,,,,,,,,,,,,,,,,,,,,,
37,,,9379,,,,,,,,1.1358906030654907,,,,,,,,,,,,,,,,,,,,,,,,,,,,,,,,,,,,,
37,,,9380,,,,,,,,1.0998728275299072,,,,,,,,,,,,,,,,,,,,,,,,,,,,,,,,,,,,,
37,,,9381,,,,,,,,1.099275827407837,,,,,,,,,,,,,,,,,,,,,,,,,,,,,,,,,,,,,
37,,,9382,,,,,,,,1.0853667259216309,,,,,,,,,,,,,,,,,,,,,,,,,,,,,,,,,,,,,
37,,,9383,,,,,,,,1.1758410930633545,,,,,,,,,,,,,,,,,,,,,,,,,,,,,,,,,,,,,
37,,,9384,,,,,,,,1.0804142951965332,,,,,,,,,,,,,,,,,,,,,,,,,,,,,,,,,,,,,
37,,,9385,,,,,,,,1.0975443124771118,,,,,,,,,,,,,,,,,,,,,,,,,,,,,,,,,,,,,
37,,,9386,,,,,,,,1.097362995147705,,,,,,,,,,,,,,,,,,,,,,,,,,,,,,,,,,,,,
37,,,9387,,,,,,,,1.1337637901306152,,,,,,,,,,,,,,,,,,,,,,,,,,,,,,,,,,,,,
37,,,9388,,,,,,,,1.085200548171997,,,,,,,,,,,,,,,,,,,,,,,,,,,,,,,,,,,,,
37,,,9389,,,,,,,,1.1606171131134033,,,,,,,,,,,,,,,,,,,,,,,,,,,,,,,,,,,,,
37,,,9390,,,,,,,,1.0947184562683105,,,,,,,,,,,,,,,,,,,,,,,,,,,,,,,,,,,,,
37,,,9391,,,,,,,,1.0816503763198853,,,,,,,,,,,,,,,,,,,,,,,,,,,,,,,,,,,,,
37,,,9392,,,,,,,,1.0915601253509521,,,,,,,,,,,,,,,,,,,,,,,,,,,,,,,,,,,,,
37,,,9393,,,,,,,,1.138863205909729,,,,,,,,,,,,,,,,,,,,,,,,,,,,,,,,,,,,,
37,,,9394,,,,,,,,1.1012753248214722,,,,,,,,,,,,,,,,,,,,,,,,,,,,,,,,,,,,,
37,,,9395,,,,,,,,1.1455237865447998,,,,,,,,,,,,,,,,,,,,,,,,,,,,,,,,,,,,,
37,,,9396,,,,,,,,1.0974407196044922,,,,,,,,,,,,,,,,,,,,,,,,,,,,,,,,,,,,,
37,,,9397,,,,,,,,1.1063448190689087,,,,,,,,,,,,,,,,,,,,,,,,,,,,,,,,,,,,,
37,,,9398,,,,,,,,1.1500670909881592,,,,,,,,,,,,,,,,,,,,,,,,,,,,,,,,,,,,,
37,,,9399,,,,,,,,1.1497150659561157,,,,,,,,,,,,,,,,,,,,,,,,,,,,,,,,,,,,,
37,,,9400,,,,,,,,1.1011033058166504,,,,,,,,,,,,,,,,,,,,,,,,,,,,,,,,,,,,,
37,,,9401,,,,,,,,1.090126633644104,,,,,,,,,,,,,,,,,,,,,,,,,,,,,,,,,,,,,
37,,,9402,,,,,,,,1.1038416624069214,,,,,,,,,,,,,,,,,,,,,,,,,,,,,,,,,,,,,
37,,,9403,,,,,,,,1.1392587423324585,,,,,,,,,,,,,,,,,,,,,,,,,,,,,,,,,,,,,
37,,,9404,,,,,,,,1.0979760885238647,,,,,,,,,,,,,,,,,,,,,,,,,,,,,,,,,,,,,
37,,,9405,,,,,,,,1.0982636213302612,,,,,,,,,,,,,,,,,,,,,,,,,,,,,,,,,,,,,
37,,,9406,,,,,,,,1.1219542026519775,,,,,,,,,,,,,,,,,,,,,,,,,,,,,,,,,,,,,
37,,,9407,,,,,,,,1.0805903673171997,,,,,,,,,,,,,,,,,,,,,,,,,,,,,,,,,,,,,
37,,,9408,,,,,,,,1.0980353355407715,,,,,,,,,,,,,,,,,,,,,,,,,,,,,,,,,,,,,
37,,,9409,,,,,,,,1.0948846340179443,,,,,,,,,,,,,,,,,,,,,,,,,,,,,,,,,,,,,
37,,,9410,,,,,,,,1.2072125673294067,,,,,,,,,,,,,,,,,,,,,,,,,,,,,,,,,,,,,
37,,,9411,,,,,,,,1.1197891235351562,,,,,,,,,,,,,,,,,,,,,,,,,,,,,,,,,,,,,
37,,,9412,,,,,,,,1.108585238456726,,,,,,,,,,,,,,,,,,,,,,,,,,,,,,,,,,,,,
37,,,9413,,,,,,,,1.0990333557128906,,,,,,,,,,,,,,,,,,,,,,,,,,,,,,,,,,,,,
37,,,9414,,,,,,,,1.1499240398406982,,,,,,,,,,,,,,,,,,,,,,,,,,,,,,,,,,,,,
37,,,9415,,,,,,,,1.0825892686843872,,,,,,,,,,,,,,,,,,,,,,,,,,,,,,,,,,,,,
37,,,9416,,,,,,,,1.0866562128067017,,,,,,,,,,,,,,,,,,,,,,,,,,,,,,,,,,,,,
37,,,9417,,,,,,,,1.1073005199432373,,,,,,,,,,,,,,,,,,,,,,,,,,,,,,,,,,,,,
37,,,9418,,,,,,,,1.092691421508789,,,,,,,,,,,,,,,,,,,,,,,,,,,,,,,,,,,,,
37,,,9419,,,,,,,,1.0865386724472046,,,,,,,,,,,,,,,,,,,,,,,,,,,,,,,,,,,,,
37,,,9420,,,,,,,,1.0937576293945312,,,,,,,,,,,,,,,,,,,,,,,,,,,,,,,,,,,,,
37,,,9421,,,,,,,,1.1135365962982178,,,,,,,,,,,,,,,,,,,,,,,,,,,,,,,,,,,,,
37,,,9422,,,,,,,,1.0933703184127808,,,,,,,,,,,,,,,,,,,,,,,,,,,,,,,,,,,,,
37,,,9423,,,,,,,,1.146399974822998,,,,,,,,,,,,,,,,,,,,,,,,,,,,,,,,,,,,,
37,,,9424,,,,,,,,1.0859086513519287,,,,,,,,,,,,,,,,,,,,,,,,,,,,,,,,,,,,,
37,,,9425,,,,,,,,1.1094006299972534,,,,,,,,,,,,,,,,,,,,,,,,,,,,,,,,,,,,,
37,,,9426,,,,,,,,1.1600356101989746,,,,,,,,,,,,,,,,,,,,,,,,,,,,,,,,,,,,,
37,,,9427,,,,,,,,1.0999414920806885,,,,,,,,,,,,,,,,,,,,,,,,,,,,,,,,,,,,,
37,,,9428,,,,,,,,1.0993471145629883,,,,,,,,,,,,,,,,,,,,,,,,,,,,,,,,,,,,,
37,,,9429,,,,,,,,1.104131817817688,,,,,,,,,,,,,,,,,,,,,,,,,,,,,,,,,,,,,
37,,,9430,,,,,,,,1.089141845703125,,,,,,,,,,,,,,,,,,,,,,,,,,,,,,,,,,,,,
37,,,9431,,,,,,,,1.0980387926101685,,,,,,,,,,,,,,,,,,,,,,,,,,,,,,,,,,,,,
37,,,9432,,,,,,,,1.110741376876831,,,,,,,,,,,,,,,,,,,,,,,,,,,,,,,,,,,,,
37,,,9433,,,,,,,,1.1003496646881104,,,,,,,,,,,,,,,,,,,,,,,,,,,,,,,,,,,,,
37,,,9434,,,,,,,,1.130053162574768,,,,,,,,,,,,,,,,,,,,,,,,,,,,,,,,,,,,,
37,,,9435,,,,,,,,1.1780555248260498,,,,,,,,,,,,,,,,,,,,,,,,,,,,,,,,,,,,,
37,,,9436,,,,,,,,1.1115765571594238,,,,,,,,,,,,,,,,,,,,,,,,,,,,,,,,,,,,,
37,,,9437,,,,,,,,1.0873860120773315,,,,,,,,,,,,,,,,,,,,,,,,,,,,,,,,,,,,,
37,,,9438,,,,,,,,1.0911197662353516,,,,,,,,,,,,,,,,,,,,,,,,,,,,,,,,,,,,,
37,,,9439,,,,,,,,1.144754409790039,,,,,,,,,,,,,,,,,,,,,,,,,,,,,,,,,,,,,
37,,,9440,,,,,,,,1.212892770767212,,,,,,,,,,,,,,,,,,,,,,,,,,,,,,,,,,,,,
37,,,9441,,,,,,,,1.1673755645751953,,,,,,,,,,,,,,,,,,,,,,,,,,,,,,,,,,,,,
37,,,9442,,,,,,,,1.1370311975479126,,,,,,,,,,,,,,,,,,,,,,,,,,,,,,,,,,,,,
37,,,9443,,,,,,,,1.0960665941238403,,,,,,,,,,,,,,,,,,,,,,,,,,,,,,,,,,,,,
37,,,9444,,,,,,,,1.0820368528366089,,,,,,,,,,,,,,,,,,,,,,,,,,,,,,,,,,,,,
37,,,9445,,,,,,,,1.083044409751892,,,,,,,,,,,,,,,,,,,,,,,,,,,,,,,,,,,,,
37,,,9446,,,,,,,,1.0953123569488525,,,,,,,,,,,,,,,,,,,,,,,,,,,,,,,,,,,,,
37,,,9447,,,,,,,,1.1243484020233154,,,,,,,,,,,,,,,,,,,,,,,,,,,,,,,,,,,,,
37,,,9448,,,,,,,,1.113161563873291,,,,,,,,,,,,,,,,,,,,,,,,,,,,,,,,,,,,,
37,,,9449,,,,,,,,1.1000972986221313,,,,,,,,,,,,,,,,,,,,,,,,,,,,,,,,,,,,,
37,,,9450,,,,,,,,1.0999407768249512,,,,,,,,,,,,,,,,,,,,,,,,,,,,,,,,,,,,,
37,,,9451,,,,,,,,1.0855181217193604,,,,,,,,,,,,,,,,,,,,,,,,,,,,,,,,,,,,,
37,,,9452,,,,,,,,1.1253188848495483,,,,,,,,,,,,,,,,,,,,,,,,,,,,,,,,,,,,,
37,,,9453,,,,,,,,1.0914393663406372,,,,,,,,,,,,,,,,,,,,,,,,,,,,,,,,,,,,,
37,,,9454,,,,,,,,1.1699090003967285,,,,,,,,,,,,,,,,,,,,,,,,,,,,,,,,,,,,,
37,,,9455,,,,,,,,1.0920002460479736,,,,,,,,,,,,,,,,,,,,,,,,,,,,,,,,,,,,,
37,,,9456,,,,,,,,1.1074236631393433,,,,,,,,,,,,,,,,,,,,,,,,,,,,,,,,,,,,,
37,,,9457,,,,,,,,1.080108880996704,,,,,,,,,,,,,,,,,,,,,,,,,,,,,,,,,,,,,
37,,,9458,,,,,,,,1.154897689819336,,,,,,,,,,,,,,,,,,,,,,,,,,,,,,,,,,,,,
37,,,9459,,,,,,,,1.0816283226013184,,,,,,,,,,,,,,,,,,,,,,,,,,,,,,,,,,,,,
37,,,9460,,,,,,,,1.0954711437225342,,,,,,,,,,,,,,,,,,,,,,,,,,,,,,,,,,,,,
37,,,9461,,,,,,,,1.1347225904464722,,,,,,,,,,,,,,,,,,,,,,,,,,,,,,,,,,,,,
37,,,9462,,,,,,,,1.0922573804855347,,,,,,,,,,,,,,,,,,,,,,,,,,,,,,,,,,,,,
37,,,9463,,,,,,,,1.0910298824310303,,,,,,,,,,,,,,,,,,,,,,,,,,,,,,,,,,,,,
37,,,9464,,,,,,,,1.0823837518692017,,,,,,,,,,,,,,,,,,,,,,,,,,,,,,,,,,,,,
37,,,9465,,,,,,,,1.1193952560424805,,,,,,,,,,,,,,,,,,,,,,,,,,,,,,,,,,,,,
37,,,9466,,,,,,,,1.0940783023834229,,,,,,,,,,,,,,,,,,,,,,,,,,,,,,,,,,,,,
37,,,9467,,,,,,,,1.1304080486297607,,,,,,,,,,,,,,,,,,,,,,,,,,,,,,,,,,,,,
37,,,9468,,,,,,,,1.0903875827789307,,,,,,,,,,,,,,,,,,,,,,,,,,,,,,,,,,,,,
37,,,9469,,,,,,,,1.119889259338379,,,,,,,,,,,,,,,,,,,,,,,,,,,,,,,,,,,,,
37,,,9470,,,,,,,,1.0841363668441772,,,,,,,,,,,,,,,,,,,,,,,,,,,,,,,,,,,,,
37,,,9471,,,,,,,,1.0913993120193481,,,,,,,,,,,,,,,,,,,,,,,,,,,,,,,,,,,,,
37,,,9472,,,,,,,,1.1258704662322998,,,,,,,,,,,,,,,,,,,,,,,,,,,,,,,,,,,,,
37,,,9473,,,,,,,,1.0948952436447144,,,,,,,,,,,,,,,,,,,,,,,,,,,,,,,,,,,,,
37,,,9474,,,,,,,,1.0816437005996704,,,,,,,,,,,,,,,,,,,,,,,,,,,,,,,,,,,,,
37,,,9475,,,,,,,,1.1078001260757446,,,,,,,,,,,,,,,,,,,,,,,,,,,,,,,,,,,,,
37,,,9476,,,,,,,,1.100258469581604,,,,,,,,,,,,,,,,,,,,,,,,,,,,,,,,,,,,,
37,,,9477,,,,,,,,1.0994205474853516,,,,,,,,,,,,,,,,,,,,,,,,,,,,,,,,,,,,,
37,,,9478,,,,,,,,1.0877158641815186,,,,,,,,,,,,,,,,,,,,,,,,,,,,,,,,,,,,,
37,,,9479,,,,,,,,1.0905749797821045,,,,,,,,,,,,,,,,,,,,,,,,,,,,,,,,,,,,,
37,,,9480,,,,,,,,1.0869901180267334,,,,,,,,,,,,,,,,,,,,,,,,,,,,,,,,,,,,,
37,,,9481,,,,,,,,1.1132056713104248,,,,,,,,,,,,,,,,,,,,,,,,,,,,,,,,,,,,,
37,,,9482,,,,,,,,1.1214981079101562,,,,,,,,,,,,,,,,,,,,,,,,,,,,,,,,,,,,,
37,,,9483,,,,,,,,1.09629225730896,,,,,,,,,,,,,,,,,,,,,,,,,,,,,,,,,,,,,
37,,,9484,,,,,,,,1.0934613943099976,,,,,,,,,,,,,,,,,,,,,,,,,,,,,,,,,,,,,
37,,,9485,,,,,,,,1.0974712371826172,,,,,,,,,,,,,,,,,,,,,,,,,,,,,,,,,,,,,
37,,,9486,,,,,,,,1.0936897993087769,,,,,,,,,,,,,,,,,,,,,,,,,,,,,,,,,,,,,
37,,,9487,,,,,,,,1.1077600717544556,,,,,,,,,,,,,,,,,,,,,,,,,,,,,,,,,,,,,
37,,,9488,,,,,,,,1.0812525749206543,,,,,,,,,,,,,,,,,,,,,,,,,,,,,,,,,,,,,
37,,,9489,,,,,,,,1.0816714763641357,,,,,,,,,,,,,,,,,,,,,,,,,,,,,,,,,,,,,
37,,,9490,,,,,,,,1.0933079719543457,,,,,,,,,,,,,,,,,,,,,,,,,,,,,,,,,,,,,
37,,,9491,,,,,,,,1.1515376567840576,,,,,,,,,,,,,,,,,,,,,,,,,,,,,,,,,,,,,
37,,,9492,,,,,,,,1.0849635601043701,,,,,,,,,,,,,,,,,,,,,,,,,,,,,,,,,,,,,
37,,,9493,,,,,,,,1.0818063020706177,,,,,,,,,,,,,,,,,,,,,,,,,,,,,,,,,,,,,
37,,,9494,,,,,,,,1.0917751789093018,,,,,,,,,,,,,,,,,,,,,,,,,,,,,,,,,,,,,
37,,,9495,,,,,,,,1.212799072265625,,,,,,,,,,,,,,,,,,,,,,,,,,,,,,,,,,,,,
37,,,9496,,,,,,,,1.1435236930847168,,,,,,,,,,,,,,,,,,,,,,,,,,,,,,,,,,,,,
37,,,9497,,,,,,,,1.0806702375411987,,,,,,,,,,,,,,,,,,,,,,,,,,,,,,,,,,,,,
37,,,9498,,,,,,,,1.1041369438171387,,,,,,,,,,,,,,,,,,,,,,,,,,,,,,,,,,,,,
37,,,9499,,,,,,,,1.0811223983764648,,,,,,,,,,,,,,,,,,,,,,,,,,,,,,,,,,,,,
37,,,9499,,,,,,,,,,,0.35197168588638306,0.005379135254770517,0.669921875,1.33984375,54.966796875,0.669921875,271790.65625,0.8378667831420898,0.8378667831420898,,1.0,0.29599761962890625,54.966796875,0.669921875,0.9520478844642639,0.047456976026296616,22118.0,0.0019021296175196767,0.0028393305838108063,0.41891589760780334,0.625320553779602,0.005652992986142635,1475.0,0.016923990100622177,0.025262633338570595,0.26176199316978455,0.39073511958122253,0.014243919402360916,7373.0,0.004839101806282997,0.007223382592201233,0.3398039937019348,0.5072293281555176,0.016591068357229233,0.00037276724469847977
37,,20.0,9499,266605.15625,0.8506821990013123,0.852657675743103,,1.107862114906311,0.852657675743103,1.0,,0.29944726824760437,0.9154999852180481,,,,,,,,,,,,,,,,,,,,,,,,,,,,,,,,,,,
,4.0654705886788306e-05,,9500,,,,,,,,,,,,,,,,,,,,,,,,,,,,,,,,,,,,,,,,,,,,,
38,,,9500,,,,,,,,1.114903450012207,,,,,,,,,,,,,,,,,,,,,,,,,,,,,,,,,,,,,
38,,,9501,,,,,,,,1.1138195991516113,,,,,,,,,,,,,,,,,,,,,,,,,,,,,,,,,,,,,
38,,,9502,,,,,,,,1.0844063758850098,,,,,,,,,,,,,,,,,,,,,,,,,,,,,,,,,,,,,
38,,,9503,,,,,,,,1.1122654676437378,,,,,,,,,,,,,,,,,,,,,,,,,,,,,,,,,,,,,
38,,,9504,,,,,,,,1.0864534378051758,,,,,,,,,,,,,,,,,,,,,,,,,,,,,,,,,,,,,
38,,,9505,,,,,,,,1.0806612968444824,,,,,,,,,,,,,,,,,,,,,,,,,,,,,,,,,,,,,
38,,,9506,,,,,,,,1.0889666080474854,,,,,,,,,,,,,,,,,,,,,,,,,,,,,,,,,,,,,
38,,,9507,,,,,,,,1.0892829895019531,,,,,,,,,,,,,,,,,,,,,,,,,,,,,,,,,,,,,
38,,,9508,,,,,,,,1.081075668334961,,,,,,,,,,,,,,,,,,,,,,,,,,,,,,,,,,,,,
38,,,9509,,,,,,,,1.0885634422302246,,,,,,,,,,,,,,,,,,,,,,,,,,,,,,,,,,,,,
38,,,9510,,,,,,,,1.097719669342041,,,,,,,,,,,,,,,,,,,,,,,,,,,,,,,,,,,,,
38,,,9511,,,,,,,,1.0889490842819214,,,,,,,,,,,,,,,,,,,,,,,,,,,,,,,,,,,,,
38,,,9512,,,,,,,,1.0939692258834839,,,,,,,,,,,,,,,,,,,,,,,,,,,,,,,,,,,,,
38,,,9513,,,,,,,,1.1076099872589111,,,,,,,,,,,,,,,,,,,,,,,,,,,,,,,,,,,,,
38,,,9514,,,,,,,,1.097815990447998,,,,,,,,,,,,,,,,,,,,,,,,,,,,,,,,,,,,,
38,,,9515,,,,,,,,1.098299264907837,,,,,,,,,,,,,,,,,,,,,,,,,,,,,,,,,,,,,
38,,,9516,,,,,,,,1.1095271110534668,,,,,,,,,,,,,,,,,,,,,,,,,,,,,,,,,,,,,
38,,,9517,,,,,,,,1.1046624183654785,,,,,,,,,,,,,,,,,,,,,,,,,,,,,,,,,,,,,
38,,,9518,,,,,,,,1.2244658470153809,,,,,,,,,,,,,,,,,,,,,,,,,,,,,,,,,,,,,
38,,,9519,,,,,,,,1.0811901092529297,,,,,,,,,,,,,,,,,,,,,,,,,,,,,,,,,,,,,
38,,,9520,,,,,,,,1.1203765869140625,,,,,,,,,,,,,,,,,,,,,,,,,,,,,,,,,,,,,
38,,,9521,,,,,,,,1.1016095876693726,,,,,,,,,,,,,,,,,,,,,,,,,,,,,,,,,,,,,
38,,,9522,,,,,,,,1.0904794931411743,,,,,,,,,,,,,,,,,,,,,,,,,,,,,,,,,,,,,
38,,,9523,,,,,,,,1.1830166578292847,,,,,,,,,,,,,,,,,,,,,,,,,,,,,,,,,,,,,
38,,,9524,,,,,,,,1.271054983139038,,,,,,,,,,,,,,,,,,,,,,,,,,,,,,,,,,,,,
38,,,9525,,,,,,,,1.0826568603515625,,,,,,,,,,,,,,,,,,,,,,,,,,,,,,,,,,,,,
38,,,9526,,,,,,,,1.0875589847564697,,,,,,,,,,,,,,,,,,,,,,,,,,,,,,,,,,,,,
38,,,9527,,,,,,,,1.1713507175445557,,,,,,,,,,,,,,,,,,,,,,,,,,,,,,,,,,,,,
38,,,9528,,,,,,,,1.0812077522277832,,,,,,,,,,,,,,,,,,,,,,,,,,,,,,,,,,,,,
38,,,9529,,,,,,,,1.0880635976791382,,,,,,,,,,,,,,,,,,,,,,,,,,,,,,,,,,,,,
38,,,9530,,,,,,,,1.162923812866211,,,,,,,,,,,,,,,,,,,,,,,,,,,,,,,,,,,,,
38,,,9531,,,,,,,,1.0952649116516113,,,,,,,,,,,,,,,,,,,,,,,,,,,,,,,,,,,,,
38,,,9532,,,,,,,,1.092848777770996,,,,,,,,,,,,,,,,,,,,,,,,,,,,,,,,,,,,,
38,,,9533,,,,,,,,1.0934314727783203,,,,,,,,,,,,,,,,,,,,,,,,,,,,,,,,,,,,,
38,,,9534,,,,,,,,1.1103469133377075,,,,,,,,,,,,,,,,,,,,,,,,,,,,,,,,,,,,,
38,,,9535,,,,,,,,1.1852024793624878,,,,,,,,,,,,,,,,,,,,,,,,,,,,,,,,,,,,,
38,,,9536,,,,,,,,1.0992323160171509,,,,,,,,,,,,,,,,,,,,,,,,,,,,,,,,,,,,,
38,,,9537,,,,,,,,1.1011053323745728,,,,,,,,,,,,,,,,,,,,,,,,,,,,,,,,,,,,,
38,,,9538,,,,,,,,1.1019037961959839,,,,,,,,,,,,,,,,,,,,,,,,,,,,,,,,,,,,,
38,,,9539,,,,,,,,1.0829576253890991,,,,,,,,,,,,,,,,,,,,,,,,,,,,,,,,,,,,,
38,,,9540,,,,,,,,1.1140201091766357,,,,,,,,,,,,,,,,,,,,,,,,,,,,,,,,,,,,,
38,,,9541,,,,,,,,1.1011323928833008,,,,,,,,,,,,,,,,,,,,,,,,,,,,,,,,,,,,,
38,,,9542,,,,,,,,1.1156607866287231,,,,,,,,,,,,,,,,,,,,,,,,,,,,,,,,,,,,,
38,,,9543,,,,,,,,1.118387222290039,,,,,,,,,,,,,,,,,,,,,,,,,,,,,,,,,,,,,
38,,,9544,,,,,,,,1.0849428176879883,,,,,,,,,,,,,,,,,,,,,,,,,,,,,,,,,,,,,
38,,,9545,,,,,,,,1.1068350076675415,,,,,,,,,,,,,,,,,,,,,,,,,,,,,,,,,,,,,
38,,,9546,,,,,,,,1.11795973777771,,,,,,,,,,,,,,,,,,,,,,,,,,,,,,,,,,,,,
38,,,9547,,,,,,,,1.0934486389160156,,,,,,,,,,,,,,,,,,,,,,,,,,,,,,,,,,,,,
38,,,9548,,,,,,,,1.0932936668395996,,,,,,,,,,,,,,,,,,,,,,,,,,,,,,,,,,,,,
38,,,9549,,,,,,,,1.1043004989624023,,,,,,,,,,,,,,,,,,,,,,,,,,,,,,,,,,,,,
38,,,9550,,,,,,,,1.1036381721496582,,,,,,,,,,,,,,,,,,,,,,,,,,,,,,,,,,,,,
38,,,9551,,,,,,,,1.1028382778167725,,,,,,,,,,,,,,,,,,,,,,,,,,,,,,,,,,,,,
38,,,9552,,,,,,,,1.106623888015747,,,,,,,,,,,,,,,,,,,,,,,,,,,,,,,,,,,,,
38,,,9553,,,,,,,,1.0938555002212524,,,,,,,,,,,,,,,,,,,,,,,,,,,,,,,,,,,,,
38,,,9554,,,,,,,,1.1688776016235352,,,,,,,,,,,,,,,,,,,,,,,,,,,,,,,,,,,,,
38,,,9555,,,,,,,,1.0951316356658936,,,,,,,,,,,,,,,,,,,,,,,,,,,,,,,,,,,,,
38,,,9556,,,,,,,,1.1121153831481934,,,,,,,,,,,,,,,,,,,,,,,,,,,,,,,,,,,,,
38,,,9557,,,,,,,,1.083741307258606,,,,,,,,,,,,,,,,,,,,,,,,,,,,,,,,,,,,,
38,,,9558,,,,,,,,1.1528451442718506,,,,,,,,,,,,,,,,,,,,,,,,,,,,,,,,,,,,,
38,,,9559,,,,,,,,1.1218138933181763,,,,,,,,,,,,,,,,,,,,,,,,,,,,,,,,,,,,,
38,,,9560,,,,,,,,1.085320234298706,,,,,,,,,,,,,,,,,,,,,,,,,,,,,,,,,,,,,
38,,,9561,,,,,,,,1.0948851108551025,,,,,,,,,,,,,,,,,,,,,,,,,,,,,,,,,,,,,
38,,,9562,,,,,,,,1.151892900466919,,,,,,,,,,,,,,,,,,,,,,,,,,,,,,,,,,,,,
38,,,9563,,,,,,,,1.1005966663360596,,,,,,,,,,,,,,,,,,,,,,,,,,,,,,,,,,,,,
38,,,9564,,,,,,,,1.0922880172729492,,,,,,,,,,,,,,,,,,,,,,,,,,,,,,,,,,,,,
38,,,9565,,,,,,,,1.0870180130004883,,,,,,,,,,,,,,,,,,,,,,,,,,,,,,,,,,,,,
38,,,9566,,,,,,,,1.1826475858688354,,,,,,,,,,,,,,,,,,,,,,,,,,,,,,,,,,,,,
38,,,9567,,,,,,,,1.0989733934402466,,,,,,,,,,,,,,,,,,,,,,,,,,,,,,,,,,,,,
38,,,9568,,,,,,,,1.1365010738372803,,,,,,,,,,,,,,,,,,,,,,,,,,,,,,,,,,,,,
38,,,9569,,,,,,,,1.094637155532837,,,,,,,,,,,,,,,,,,,,,,,,,,,,,,,,,,,,,
38,,,9570,,,,,,,,1.0988328456878662,,,,,,,,,,,,,,,,,,,,,,,,,,,,,,,,,,,,,
38,,,9571,,,,,,,,1.1093530654907227,,,,,,,,,,,,,,,,,,,,,,,,,,,,,,,,,,,,,
38,,,9572,,,,,,,,1.0948328971862793,,,,,,,,,,,,,,,,,,,,,,,,,,,,,,,,,,,,,
38,,,9573,,,,,,,,1.1013000011444092,,,,,,,,,,,,,,,,,,,,,,,,,,,,,,,,,,,,,
38,,,9574,,,,,,,,1.0884262323379517,,,,,,,,,,,,,,,,,,,,,,,,,,,,,,,,,,,,,
38,,,9575,,,,,,,,1.1021678447723389,,,,,,,,,,,,,,,,,,,,,,,,,,,,,,,,,,,,,
38,,,9576,,,,,,,,1.0958722829818726,,,,,,,,,,,,,,,,,,,,,,,,,,,,,,,,,,,,,
38,,,9577,,,,,,,,1.09281587600708,,,,,,,,,,,,,,,,,,,,,,,,,,,,,,,,,,,,,
38,,,9578,,,,,,,,1.1203240156173706,,,,,,,,,,,,,,,,,,,,,,,,,,,,,,,,,,,,,
38,,,9579,,,,,,,,1.1185282468795776,,,,,,,,,,,,,,,,,,,,,,,,,,,,,,,,,,,,,
38,,,9580,,,,,,,,1.120941400527954,,,,,,,,,,,,,,,,,,,,,,,,,,,,,,,,,,,,,
38,,,9581,,,,,,,,1.1049649715423584,,,,,,,,,,,,,,,,,,,,,,,,,,,,,,,,,,,,,
38,,,9582,,,,,,,,1.0939058065414429,,,,,,,,,,,,,,,,,,,,,,,,,,,,,,,,,,,,,
38,,,9583,,,,,,,,1.1104059219360352,,,,,,,,,,,,,,,,,,,,,,,,,,,,,,,,,,,,,
38,,,9584,,,,,,,,1.2177348136901855,,,,,,,,,,,,,,,,,,,,,,,,,,,,,,,,,,,,,
38,,,9585,,,,,,,,1.0945727825164795,,,,,,,,,,,,,,,,,,,,,,,,,,,,,,,,,,,,,
38,,,9586,,,,,,,,1.0985907316207886,,,,,,,,,,,,,,,,,,,,,,,,,,,,,,,,,,,,,
38,,,9587,,,,,,,,1.1177089214324951,,,,,,,,,,,,,,,,,,,,,,,,,,,,,,,,,,,,,
38,,,9588,,,,,,,,1.1013752222061157,,,,,,,,,,,,,,,,,,,,,,,,,,,,,,,,,,,,,
38,,,9589,,,,,,,,1.1113393306732178,,,,,,,,,,,,,,,,,,,,,,,,,,,,,,,,,,,,,
38,,,9590,,,,,,,,1.0888080596923828,,,,,,,,,,,,,,,,,,,,,,,,,,,,,,,,,,,,,
38,,,9591,,,,,,,,1.3254351615905762,,,,,,,,,,,,,,,,,,,,,,,,,,,,,,,,,,,,,
38,,,9592,,,,,,,,1.1061906814575195,,,,,,,,,,,,,,,,,,,,,,,,,,,,,,,,,,,,,
38,,,9593,,,,,,,,1.0921635627746582,,,,,,,,,,,,,,,,,,,,,,,,,,,,,,,,,,,,,
38,,,9594,,,,,,,,1.1012380123138428,,,,,,,,,,,,,,,,,,,,,,,,,,,,,,,,,,,,,
38,,,9595,,,,,,,,1.1766818761825562,,,,,,,,,,,,,,,,,,,,,,,,,,,,,,,,,,,,,
38,,,9596,,,,,,,,1.0909605026245117,,,,,,,,,,,,,,,,,,,,,,,,,,,,,,,,,,,,,
38,,,9597,,,,,,,,1.2247037887573242,,,,,,,,,,,,,,,,,,,,,,,,,,,,,,,,,,,,,
38,,,9598,,,,,,,,1.097609519958496,,,,,,,,,,,,,,,,,,,,,,,,,,,,,,,,,,,,,
38,,,9599,,,,,,,,1.0933587551116943,,,,,,,,,,,,,,,,,,,,,,,,,,,,,,,,,,,,,
38,,,9600,,,,,,,,1.0859880447387695,,,,,,,,,,,,,,,,,,,,,,,,,,,,,,,,,,,,,
38,,,9601,,,,,,,,1.0887982845306396,,,,,,,,,,,,,,,,,,,,,,,,,,,,,,,,,,,,,
38,,,9602,,,,,,,,1.1480756998062134,,,,,,,,,,,,,,,,,,,,,,,,,,,,,,,,,,,,,
38,,,9603,,,,,,,,1.0905201435089111,,,,,,,,,,,,,,,,,,,,,,,,,,,,,,,,,,,,,
38,,,9604,,,,,,,,1.093171238899231,,,,,,,,,,,,,,,,,,,,,,,,,,,,,,,,,,,,,
38,,,9605,,,,,,,,1.0864185094833374,,,,,,,,,,,,,,,,,,,,,,,,,,,,,,,,,,,,,
38,,,9606,,,,,,,,1.0832880735397339,,,,,,,,,,,,,,,,,,,,,,,,,,,,,,,,,,,,,
38,,,9607,,,,,,,,1.0821783542633057,,,,,,,,,,,,,,,,,,,,,,,,,,,,,,,,,,,,,
38,,,9608,,,,,,,,1.1093404293060303,,,,,,,,,,,,,,,,,,,,,,,,,,,,,,,,,,,,,
38,,,9609,,,,,,,,1.0901436805725098,,,,,,,,,,,,,,,,,,,,,,,,,,,,,,,,,,,,,
38,,,9610,,,,,,,,1.1054067611694336,,,,,,,,,,,,,,,,,,,,,,,,,,,,,,,,,,,,,
38,,,9611,,,,,,,,1.1217296123504639,,,,,,,,,,,,,,,,,,,,,,,,,,,,,,,,,,,,,
38,,,9612,,,,,,,,1.0966529846191406,,,,,,,,,,,,,,,,,,,,,,,,,,,,,,,,,,,,,
38,,,9613,,,,,,,,1.1096913814544678,,,,,,,,,,,,,,,,,,,,,,,,,,,,,,,,,,,,,
38,,,9614,,,,,,,,1.094720482826233,,,,,,,,,,,,,,,,,,,,,,,,,,,,,,,,,,,,,
38,,,9615,,,,,,,,1.0869325399398804,,,,,,,,,,,,,,,,,,,,,,,,,,,,,,,,,,,,,
38,,,9616,,,,,,,,1.085228681564331,,,,,,,,,,,,,,,,,,,,,,,,,,,,,,,,,,,,,
38,,,9617,,,,,,,,1.1286087036132812,,,,,,,,,,,,,,,,,,,,,,,,,,,,,,,,,,,,,
38,,,9618,,,,,,,,1.1409292221069336,,,,,,,,,,,,,,,,,,,,,,,,,,,,,,,,,,,,,
38,,,9619,,,,,,,,1.0876045227050781,,,,,,,,,,,,,,,,,,,,,,,,,,,,,,,,,,,,,
38,,,9620,,,,,,,,1.0919334888458252,,,,,,,,,,,,,,,,,,,,,,,,,,,,,,,,,,,,,
38,,,9621,,,,,,,,1.1464734077453613,,,,,,,,,,,,,,,,,,,,,,,,,,,,,,,,,,,,,
38,,,9622,,,,,,,,1.0964577198028564,,,,,,,,,,,,,,,,,,,,,,,,,,,,,,,,,,,,,
38,,,9623,,,,,,,,1.113832950592041,,,,,,,,,,,,,,,,,,,,,,,,,,,,,,,,,,,,,
38,,,9624,,,,,,,,1.0909576416015625,,,,,,,,,,,,,,,,,,,,,,,,,,,,,,,,,,,,,
38,,,9625,,,,,,,,1.1008827686309814,,,,,,,,,,,,,,,,,,,,,,,,,,,,,,,,,,,,,
38,,,9626,,,,,,,,1.1276671886444092,,,,,,,,,,,,,,,,,,,,,,,,,,,,,,,,,,,,,
38,,,9627,,,,,,,,1.1387720108032227,,,,,,,,,,,,,,,,,,,,,,,,,,,,,,,,,,,,,
38,,,9628,,,,,,,,1.081712245941162,,,,,,,,,,,,,,,,,,,,,,,,,,,,,,,,,,,,,
38,,,9629,,,,,,,,1.1030850410461426,,,,,,,,,,,,,,,,,,,,,,,,,,,,,,,,,,,,,
38,,,9630,,,,,,,,1.0877671241760254,,,,,,,,,,,,,,,,,,,,,,,,,,,,,,,,,,,,,
38,,,9631,,,,,,,,1.1222376823425293,,,,,,,,,,,,,,,,,,,,,,,,,,,,,,,,,,,,,
38,,,9632,,,,,,,,1.0940213203430176,,,,,,,,,,,,,,,,,,,,,,,,,,,,,,,,,,,,,
38,,,9633,,,,,,,,1.0844746828079224,,,,,,,,,,,,,,,,,,,,,,,,,,,,,,,,,,,,,
38,,,9634,,,,,,,,1.1383304595947266,,,,,,,,,,,,,,,,,,,,,,,,,,,,,,,,,,,,,
38,,,9635,,,,,,,,1.1199241876602173,,,,,,,,,,,,,,,,,,,,,,,,,,,,,,,,,,,,,
38,,,9636,,,,,,,,1.118780255317688,,,,,,,,,,,,,,,,,,,,,,,,,,,,,,,,,,,,,
38,,,9637,,,,,,,,1.1204957962036133,,,,,,,,,,,,,,,,,,,,,,,,,,,,,,,,,,,,,
38,,,9638,,,,,,,,1.1540191173553467,,,,,,,,,,,,,,,,,,,,,,,,,,,,,,,,,,,,,
38,,,9639,,,,,,,,1.085121750831604,,,,,,,,,,,,,,,,,,,,,,,,,,,,,,,,,,,,,
38,,,9640,,,,,,,,1.0818512439727783,,,,,,,,,,,,,,,,,,,,,,,,,,,,,,,,,,,,,
38,,,9641,,,,,,,,1.0964725017547607,,,,,,,,,,,,,,,,,,,,,,,,,,,,,,,,,,,,,
38,,,9642,,,,,,,,1.1254656314849854,,,,,,,,,,,,,,,,,,,,,,,,,,,,,,,,,,,,,
38,,,9643,,,,,,,,1.0919067859649658,,,,,,,,,,,,,,,,,,,,,,,,,,,,,,,,,,,,,
38,,,9644,,,,,,,,1.0867316722869873,,,,,,,,,,,,,,,,,,,,,,,,,,,,,,,,,,,,,
38,,,9645,,,,,,,,1.1009087562561035,,,,,,,,,,,,,,,,,,,,,,,,,,,,,,,,,,,,,
38,,,9646,,,,,,,,1.0894031524658203,,,,,,,,,,,,,,,,,,,,,,,,,,,,,,,,,,,,,
38,,,9647,,,,,,,,1.1406607627868652,,,,,,,,,,,,,,,,,,,,,,,,,,,,,,,,,,,,,
38,,,9648,,,,,,,,1.093161702156067,,,,,,,,,,,,,,,,,,,,,,,,,,,,,,,,,,,,,
38,,,9649,,,,,,,,1.0930957794189453,,,,,,,,,,,,,,,,,,,,,,,,,,,,,,,,,,,,,
38,,,9650,,,,,,,,1.149812936782837,,,,,,,,,,,,,,,,,,,,,,,,,,,,,,,,,,,,,
38,,,9651,,,,,,,,1.0968616008758545,,,,,,,,,,,,,,,,,,,,,,,,,,,,,,,,,,,,,
38,,,9652,,,,,,,,1.2102646827697754,,,,,,,,,,,,,,,,,,,,,,,,,,,,,,,,,,,,,
38,,,9653,,,,,,,,1.0867936611175537,,,,,,,,,,,,,,,,,,,,,,,,,,,,,,,,,,,,,
38,,,9654,,,,,,,,1.109169602394104,,,,,,,,,,,,,,,,,,,,,,,,,,,,,,,,,,,,,
38,,,9655,,,,,,,,1.159245252609253,,,,,,,,,,,,,,,,,,,,,,,,,,,,,,,,,,,,,
38,,,9656,,,,,,,,1.0817184448242188,,,,,,,,,,,,,,,,,,,,,,,,,,,,,,,,,,,,,
38,,,9657,,,,,,,,1.0802838802337646,,,,,,,,,,,,,,,,,,,,,,,,,,,,,,,,,,,,,
38,,,9658,,,,,,,,1.0841327905654907,,,,,,,,,,,,,,,,,,,,,,,,,,,,,,,,,,,,,
38,,,9659,,,,,,,,1.0801197290420532,,,,,,,,,,,,,,,,,,,,,,,,,,,,,,,,,,,,,
38,,,9660,,,,,,,,1.1193856000900269,,,,,,,,,,,,,,,,,,,,,,,,,,,,,,,,,,,,,
38,,,9661,,,,,,,,1.0861401557922363,,,,,,,,,,,,,,,,,,,,,,,,,,,,,,,,,,,,,
38,,,9662,,,,,,,,1.1434974670410156,,,,,,,,,,,,,,,,,,,,,,,,,,,,,,,,,,,,,
38,,,9663,,,,,,,,1.0840694904327393,,,,,,,,,,,,,,,,,,,,,,,,,,,,,,,,,,,,,
38,,,9664,,,,,,,,1.0869570970535278,,,,,,,,,,,,,,,,,,,,,,,,,,,,,,,,,,,,,
38,,,9665,,,,,,,,1.118953824043274,,,,,,,,,,,,,,,,,,,,,,,,,,,,,,,,,,,,,
38,,,9666,,,,,,,,1.0934302806854248,,,,,,,,,,,,,,,,,,,,,,,,,,,,,,,,,,,,,
38,,,9667,,,,,,,,1.0998914241790771,,,,,,,,,,,,,,,,,,,,,,,,,,,,,,,,,,,,,
38,,,9668,,,,,,,,1.0909810066223145,,,,,,,,,,,,,,,,,,,,,,,,,,,,,,,,,,,,,
38,,,9669,,,,,,,,1.104602336883545,,,,,,,,,,,,,,,,,,,,,,,,,,,,,,,,,,,,,
38,,,9670,,,,,,,,1.129790186882019,,,,,,,,,,,,,,,,,,,,,,,,,,,,,,,,,,,,,
38,,,9671,,,,,,,,1.0841166973114014,,,,,,,,,,,,,,,,,,,,,,,,,,,,,,,,,,,,,
38,,,9672,,,,,,,,1.0915086269378662,,,,,,,,,,,,,,,,,,,,,,,,,,,,,,,,,,,,,
38,,,9673,,,,,,,,1.088442087173462,,,,,,,,,,,,,,,,,,,,,,,,,,,,,,,,,,,,,
38,,,9674,,,,,,,,1.0953112840652466,,,,,,,,,,,,,,,,,,,,,,,,,,,,,,,,,,,,,
38,,,9675,,,,,,,,1.1032928228378296,,,,,,,,,,,,,,,,,,,,,,,,,,,,,,,,,,,,,
38,,,9676,,,,,,,,1.096672773361206,,,,,,,,,,,,,,,,,,,,,,,,,,,,,,,,,,,,,
38,,,9677,,,,,,,,1.1084760427474976,,,,,,,,,,,,,,,,,,,,,,,,,,,,,,,,,,,,,
38,,,9678,,,,,,,,1.0941619873046875,,,,,,,,,,,,,,,,,,,,,,,,,,,,,,,,,,,,,
38,,,9679,,,,,,,,1.0976896286010742,,,,,,,,,,,,,,,,,,,,,,,,,,,,,,,,,,,,,
38,,,9680,,,,,,,,1.0872869491577148,,,,,,,,,,,,,,,,,,,,,,,,,,,,,,,,,,,,,
38,,,9681,,,,,,,,1.0924739837646484,,,,,,,,,,,,,,,,,,,,,,,,,,,,,,,,,,,,,
38,,,9682,,,,,,,,1.0889852046966553,,,,,,,,,,,,,,,,,,,,,,,,,,,,,,,,,,,,,
38,,,9683,,,,,,,,1.0987857580184937,,,,,,,,,,,,,,,,,,,,,,,,,,,,,,,,,,,,,
38,,,9684,,,,,,,,1.0940932035446167,,,,,,,,,,,,,,,,,,,,,,,,,,,,,,,,,,,,,
38,,,9685,,,,,,,,1.0968111753463745,,,,,,,,,,,,,,,,,,,,,,,,,,,,,,,,,,,,,
38,,,9686,,,,,,,,1.0907946825027466,,,,,,,,,,,,,,,,,,,,,,,,,,,,,,,,,,,,,
38,,,9687,,,,,,,,1.1116092205047607,,,,,,,,,,,,,,,,,,,,,,,,,,,,,,,,,,,,,
38,,,9688,,,,,,,,1.0855913162231445,,,,,,,,,,,,,,,,,,,,,,,,,,,,,,,,,,,,,
38,,,9689,,,,,,,,1.1369560956954956,,,,,,,,,,,,,,,,,,,,,,,,,,,,,,,,,,,,,
38,,,9690,,,,,,,,1.0944985151290894,,,,,,,,,,,,,,,,,,,,,,,,,,,,,,,,,,,,,
38,,,9691,,,,,,,,1.0972157716751099,,,,,,,,,,,,,,,,,,,,,,,,,,,,,,,,,,,,,
38,,,9692,,,,,,,,1.089411735534668,,,,,,,,,,,,,,,,,,,,,,,,,,,,,,,,,,,,,
38,,,9693,,,,,,,,1.0874420404434204,,,,,,,,,,,,,,,,,,,,,,,,,,,,,,,,,,,,,
38,,,9694,,,,,,,,1.151702880859375,,,,,,,,,,,,,,,,,,,,,,,,,,,,,,,,,,,,,
38,,,9695,,,,,,,,1.0813194513320923,,,,,,,,,,,,,,,,,,,,,,,,,,,,,,,,,,,,,
38,,,9696,,,,,,,,1.101711630821228,,,,,,,,,,,,,,,,,,,,,,,,,,,,,,,,,,,,,
38,,,9697,,,,,,,,1.1151763200759888,,,,,,,,,,,,,,,,,,,,,,,,,,,,,,,,,,,,,
38,,,9698,,,,,,,,1.0802545547485352,,,,,,,,,,,,,,,,,,,,,,,,,,,,,,,,,,,,,
38,,,9699,,,,,,,,1.1040148735046387,,,,,,,,,,,,,,,,,,,,,,,,,,,,,,,,,,,,,
38,,,9700,,,,,,,,1.0883046388626099,,,,,,,,,,,,,,,,,,,,,,,,,,,,,,,,,,,,,
38,,,9701,,,,,,,,1.0924583673477173,,,,,,,,,,,,,,,,,,,,,,,,,,,,,,,,,,,,,
38,,,9702,,,,,,,,1.091408133506775,,,,,,,,,,,,,,,,,,,,,,,,,,,,,,,,,,,,,
38,,,9703,,,,,,,,1.1153570413589478,,,,,,,,,,,,,,,,,,,,,,,,,,,,,,,,,,,,,
38,,,9704,,,,,,,,1.1238542795181274,,,,,,,,,,,,,,,,,,,,,,,,,,,,,,,,,,,,,
38,,,9705,,,,,,,,1.1118929386138916,,,,,,,,,,,,,,,,,,,,,,,,,,,,,,,,,,,,,
38,,,9706,,,,,,,,1.088746428489685,,,,,,,,,,,,,,,,,,,,,,,,,,,,,,,,,,,,,
38,,,9707,,,,,,,,1.103455901145935,,,,,,,,,,,,,,,,,,,,,,,,,,,,,,,,,,,,,
38,,,9708,,,,,,,,1.1205785274505615,,,,,,,,,,,,,,,,,,,,,,,,,,,,,,,,,,,,,
38,,,9709,,,,,,,,1.0926713943481445,,,,,,,,,,,,,,,,,,,,,,,,,,,,,,,,,,,,,
38,,,9710,,,,,,,,1.146357774734497,,,,,,,,,,,,,,,,,,,,,,,,,,,,,,,,,,,,,
38,,,9711,,,,,,,,1.1175271272659302,,,,,,,,,,,,,,,,,,,,,,,,,,,,,,,,,,,,,
38,,,9712,,,,,,,,1.0806742906570435,,,,,,,,,,,,,,,,,,,,,,,,,,,,,,,,,,,,,
38,,,9713,,,,,,,,1.1051080226898193,,,,,,,,,,,,,,,,,,,,,,,,,,,,,,,,,,,,,
38,,,9714,,,,,,,,1.1213661432266235,,,,,,,,,,,,,,,,,,,,,,,,,,,,,,,,,,,,,
38,,,9715,,,,,,,,1.1403266191482544,,,,,,,,,,,,,,,,,,,,,,,,,,,,,,,,,,,,,
38,,,9716,,,,,,,,1.2676076889038086,,,,,,,,,,,,,,,,,,,,,,,,,,,,,,,,,,,,,
38,,,9717,,,,,,,,1.1164214611053467,,,,,,,,,,,,,,,,,,,,,,,,,,,,,,,,,,,,,
38,,,9718,,,,,,,,1.0816351175308228,,,,,,,,,,,,,,,,,,,,,,,,,,,,,,,,,,,,,
38,,,9719,,,,,,,,1.1315383911132812,,,,,,,,,,,,,,,,,,,,,,,,,,,,,,,,,,,,,
38,,,9720,,,,,,,,1.1764997243881226,,,,,,,,,,,,,,,,,,,,,,,,,,,,,,,,,,,,,
38,,,9721,,,,,,,,1.141208291053772,,,,,,,,,,,,,,,,,,,,,,,,,,,,,,,,,,,,,
38,,,9722,,,,,,,,1.0991580486297607,,,,,,,,,,,,,,,,,,,,,,,,,,,,,,,,,,,,,
38,,,9723,,,,,,,,1.1588387489318848,,,,,,,,,,,,,,,,,,,,,,,,,,,,,,,,,,,,,
38,,,9724,,,,,,,,1.0915740728378296,,,,,,,,,,,,,,,,,,,,,,,,,,,,,,,,,,,,,
38,,,9725,,,,,,,,1.0934747457504272,,,,,,,,,,,,,,,,,,,,,,,,,,,,,,,,,,,,,
38,,,9726,,,,,,,,1.1027079820632935,,,,,,,,,,,,,,,,,,,,,,,,,,,,,,,,,,,,,
38,,,9727,,,,,,,,1.0871731042861938,,,,,,,,,,,,,,,,,,,,,,,,,,,,,,,,,,,,,
38,,,9728,,,,,,,,1.1364481449127197,,,,,,,,,,,,,,,,,,,,,,,,,,,,,,,,,,,,,
38,,,9729,,,,,,,,1.1001440286636353,,,,,,,,,,,,,,,,,,,,,,,,,,,,,,,,,,,,,
38,,,9730,,,,,,,,1.1053657531738281,,,,,,,,,,,,,,,,,,,,,,,,,,,,,,,,,,,,,
38,,,9731,,,,,,,,1.1295884847640991,,,,,,,,,,,,,,,,,,,,,,,,,,,,,,,,,,,,,
38,,,9732,,,,,,,,1.0817101001739502,,,,,,,,,,,,,,,,,,,,,,,,,,,,,,,,,,,,,
38,,,9733,,,,,,,,1.1021174192428589,,,,,,,,,,,,,,,,,,,,,,,,,,,,,,,,,,,,,
38,,,9734,,,,,,,,1.193042516708374,,,,,,,,,,,,,,,,,,,,,,,,,,,,,,,,,,,,,
38,,,9735,,,,,,,,1.0806185007095337,,,,,,,,,,,,,,,,,,,,,,,,,,,,,,,,,,,,,
38,,,9736,,,,,,,,1.1064211130142212,,,,,,,,,,,,,,,,,,,,,,,,,,,,,,,,,,,,,
38,,,9737,,,,,,,,1.089381456375122,,,,,,,,,,,,,,,,,,,,,,,,,,,,,,,,,,,,,
38,,,9738,,,,,,,,1.1300761699676514,,,,,,,,,,,,,,,,,,,,,,,,,,,,,,,,,,,,,
38,,,9739,,,,,,,,1.0899770259857178,,,,,,,,,,,,,,,,,,,,,,,,,,,,,,,,,,,,,
38,,,9740,,,,,,,,1.0967918634414673,,,,,,,,,,,,,,,,,,,,,,,,,,,,,,,,,,,,,
38,,,9741,,,,,,,,1.1152617931365967,,,,,,,,,,,,,,,,,,,,,,,,,,,,,,,,,,,,,
38,,,9742,,,,,,,,1.1665010452270508,,,,,,,,,,,,,,,,,,,,,,,,,,,,,,,,,,,,,
38,,,9743,,,,,,,,1.0932849645614624,,,,,,,,,,,,,,,,,,,,,,,,,,,,,,,,,,,,,
38,,,9744,,,,,,,,1.1031805276870728,,,,,,,,,,,,,,,,,,,,,,,,,,,,,,,,,,,,,
38,,,9745,,,,,,,,1.0817899703979492,,,,,,,,,,,,,,,,,,,,,,,,,,,,,,,,,,,,,
38,,,9746,,,,,,,,1.0836961269378662,,,,,,,,,,,,,,,,,,,,,,,,,,,,,,,,,,,,,
38,,,9747,,,,,,,,1.0896910429000854,,,,,,,,,,,,,,,,,,,,,,,,,,,,,,,,,,,,,
38,,,9748,,,,,,,,1.0808130502700806,,,,,,,,,,,,,,,,,,,,,,,,,,,,,,,,,,,,,
38,,,9749,,,,,,,,1.0965393781661987,,,,,,,,,,,,,,,,,,,,,,,,,,,,,,,,,,,,,
38,,,9749,,,,,,,,,,,0.35162678360939026,0.005441154353320599,0.669921875,1.33984375,54.966796875,0.669921875,271790.65625,0.837817907333374,0.837817907333374,,1.0,0.29016876220703125,54.966796875,0.669921875,0.9395685791969299,0.0474572516977787,22118.0,0.0018932103412225842,0.002826016629114747,0.4158194363117218,0.6206984519958496,0.005626416299492121,1475.0,0.0169147290289402,0.025248808786273003,0.2640228271484375,0.39410990476608276,0.014215780422091484,7373.0,0.004829165991395712,0.007208551280200481,0.3409966826438904,0.5090096592903137,0.016569392755627632,0.00037276724469847977
38,,20.0,9749,264534.78125,0.8511762619018555,0.8529644012451172,,1.1083179712295532,0.8529644012451172,1.0,,0.29945117235183716,0.9179999828338623,,,,,,,,,,,,,,,,,,,,,,,,,,,,,,,,,,,
,3.4423013583631635e-05,,9750,,,,,,,,,,,,,,,,,,,,,,,,,,,,,,,,,,,,,,,,,,,,,
39,,,9750,,,,,,,,1.1125104427337646,,,,,,,,,,,,,,,,,,,,,,,,,,,,,,,,,,,,,
39,,,9751,,,,,,,,1.10300874710083,,,,,,,,,,,,,,,,,,,,,,,,,,,,,,,,,,,,,
39,,,9752,,,,,,,,1.0822598934173584,,,,,,,,,,,,,,,,,,,,,,,,,,,,,,,,,,,,,
39,,,9753,,,,,,,,1.0942444801330566,,,,,,,,,,,,,,,,,,,,,,,,,,,,,,,,,,,,,
39,,,9754,,,,,,,,1.099671721458435,,,,,,,,,,,,,,,,,,,,,,,,,,,,,,,,,,,,,
39,,,9755,,,,,,,,1.1222796440124512,,,,,,,,,,,,,,,,,,,,,,,,,,,,,,,,,,,,,
39,,,9756,,,,,,,,1.1015299558639526,,,,,,,,,,,,,,,,,,,,,,,,,,,,,,,,,,,,,
39,,,9757,,,,,,,,1.2261039018630981,,,,,,,,,,,,,,,,,,,,,,,,,,,,,,,,,,,,,
39,,,9758,,,,,,,,1.0969492197036743,,,,,,,,,,,,,,,,,,,,,,,,,,,,,,,,,,,,,
39,,,9759,,,,,,,,1.0992368459701538,,,,,,,,,,,,,,,,,,,,,,,,,,,,,,,,,,,,,
39,,,9760,,,,,,,,1.0943245887756348,,,,,,,,,,,,,,,,,,,,,,,,,,,,,,,,,,,,,
39,,,9761,,,,,,,,1.0948705673217773,,,,,,,,,,,,,,,,,,,,,,,,,,,,,,,,,,,,,
39,,,9762,,,,,,,,1.1125552654266357,,,,,,,,,,,,,,,,,,,,,,,,,,,,,,,,,,,,,
39,,,9763,,,,,,,,1.088326334953308,,,,,,,,,,,,,,,,,,,,,,,,,,,,,,,,,,,,,
39,,,9764,,,,,,,,1.104559063911438,,,,,,,,,,,,,,,,,,,,,,,,,,,,,,,,,,,,,
39,,,9765,,,,,,,,1.1021487712860107,,,,,,,,,,,,,,,,,,,,,,,,,,,,,,,,,,,,,
39,,,9766,,,,,,,,1.0987797975540161,,,,,,,,,,,,,,,,,,,,,,,,,,,,,,,,,,,,,
39,,,9767,,,,,,,,1.0926618576049805,,,,,,,,,,,,,,,,,,,,,,,,,,,,,,,,,,,,,
39,,,9768,,,,,,,,1.0951733589172363,,,,,,,,,,,,,,,,,,,,,,,,,,,,,,,,,,,,,
39,,,9769,,,,,,,,1.1106911897659302,,,,,,,,,,,,,,,,,,,,,,,,,,,,,,,,,,,,,
39,,,9770,,,,,,,,1.2070262432098389,,,,,,,,,,,,,,,,,,,,,,,,,,,,,,,,,,,,,
39,,,9771,,,,,,,,1.1181955337524414,,,,,,,,,,,,,,,,,,,,,,,,,,,,,,,,,,,,,
39,,,9772,,,,,,,,1.093503475189209,,,,,,,,,,,,,,,,,,,,,,,,,,,,,,,,,,,,,
39,,,9773,,,,,,,,1.1106557846069336,,,,,,,,,,,,,,,,,,,,,,,,,,,,,,,,,,,,,
39,,,9774,,,,,,,,1.0911612510681152,,,,,,,,,,,,,,,,,,,,,,,,,,,,,,,,,,,,,
39,,,9775,,,,,,,,1.0976228713989258,,,,,,,,,,,,,,,,,,,,,,,,,,,,,,,,,,,,,
39,,,9776,,,,,,,,1.0857425928115845,,,,,,,,,,,,,,,,,,,,,,,,,,,,,,,,,,,,,
39,,,9777,,,,,,,,1.0804816484451294,,,,,,,,,,,,,,,,,,,,,,,,,,,,,,,,,,,,,
39,,,9778,,,,,,,,1.1048293113708496,,,,,,,,,,,,,,,,,,,,,,,,,,,,,,,,,,,,,
39,,,9779,,,,,,,,1.0804811716079712,,,,,,,,,,,,,,,,,,,,,,,,,,,,,,,,,,,,,
39,,,9780,,,,,,,,1.1213343143463135,,,,,,,,,,,,,,,,,,,,,,,,,,,,,,,,,,,,,
39,,,9781,,,,,,,,1.0917267799377441,,,,,,,,,,,,,,,,,,,,,,,,,,,,,,,,,,,,,
39,,,9782,,,,,,,,1.0979301929473877,,,,,,,,,,,,,,,,,,,,,,,,,,,,,,,,,,,,,
39,,,9783,,,,,,,,1.1078287363052368,,,,,,,,,,,,,,,,,,,,,,,,,,,,,,,,,,,,,
39,,,9784,,,,,,,,1.0808082818984985,,,,,,,,,,,,,,,,,,,,,,,,,,,,,,,,,,,,,
39,,,9785,,,,,,,,1.0894025564193726,,,,,,,,,,,,,,,,,,,,,,,,,,,,,,,,,,,,,
39,,,9786,,,,,,,,1.1549232006072998,,,,,,,,,,,,,,,,,,,,,,,,,,,,,,,,,,,,,
39,,,9787,,,,,,,,1.0914578437805176,,,,,,,,,,,,,,,,,,,,,,,,,,,,,,,,,,,,,
39,,,9788,,,,,,,,1.0969840288162231,,,,,,,,,,,,,,,,,,,,,,,,,,,,,,,,,,,,,
39,,,9789,,,,,,,,1.2258015871047974,,,,,,,,,,,,,,,,,,,,,,,,,,,,,,,,,,,,,
39,,,9790,,,,,,,,1.0982904434204102,,,,,,,,,,,,,,,,,,,,,,,,,,,,,,,,,,,,,
39,,,9791,,,,,,,,1.0925641059875488,,,,,,,,,,,,,,,,,,,,,,,,,,,,,,,,,,,,,
39,,,9792,,,,,,,,1.1543875932693481,,,,,,,,,,,,,,,,,,,,,,,,,,,,,,,,,,,,,
39,,,9793,,,,,,,,1.0882748365402222,,,,,,,,,,,,,,,,,,,,,,,,,,,,,,,,,,,,,
39,,,9794,,,,,,,,1.0870330333709717,,,,,,,,,,,,,,,,,,,,,,,,,,,,,,,,,,,,,
39,,,9795,,,,,,,,1.0905884504318237,,,,,,,,,,,,,,,,,,,,,,,,,,,,,,,,,,,,,
39,,,9796,,,,,,,,1.1216939687728882,,,,,,,,,,,,,,,,,,,,,,,,,,,,,,,,,,,,,
39,,,9797,,,,,,,,1.1037530899047852,,,,,,,,,,,,,,,,,,,,,,,,,,,,,,,,,,,,,
39,,,9798,,,,,,,,1.118130087852478,,,,,,,,,,,,,,,,,,,,,,,,,,,,,,,,,,,,,
39,,,9799,,,,,,,,1.0919891595840454,,,,,,,,,,,,,,,,,,,,,,,,,,,,,,,,,,,,,
39,,,9800,,,,,,,,1.1124603748321533,,,,,,,,,,,,,,,,,,,,,,,,,,,,,,,,,,,,,
39,,,9801,,,,,,,,1.0945348739624023,,,,,,,,,,,,,,,,,,,,,,,,,,,,,,,,,,,,,
39,,,9802,,,,,,,,1.1052113771438599,,,,,,,,,,,,,,,,,,,,,,,,,,,,,,,,,,,,,
39,,,9803,,,,,,,,1.1028472185134888,,,,,,,,,,,,,,,,,,,,,,,,,,,,,,,,,,,,,
39,,,9804,,,,,,,,1.100634217262268,,,,,,,,,,,,,,,,,,,,,,,,,,,,,,,,,,,,,
39,,,9805,,,,,,,,1.1230573654174805,,,,,,,,,,,,,,,,,,,,,,,,,,,,,,,,,,,,,
39,,,9806,,,,,,,,1.0910333395004272,,,,,,,,,,,,,,,,,,,,,,,,,,,,,,,,,,,,,
39,,,9807,,,,,,,,1.107007384300232,,,,,,,,,,,,,,,,,,,,,,,,,,,,,,,,,,,,,
39,,,9808,,,,,,,,1.0887713432312012,,,,,,,,,,,,,,,,,,,,,,,,,,,,,,,,,,,,,
39,,,9809,,,,,,,,1.150704026222229,,,,,,,,,,,,,,,,,,,,,,,,,,,,,,,,,,,,,
39,,,9810,,,,,,,,1.118520736694336,,,,,,,,,,,,,,,,,,,,,,,,,,,,,,,,,,,,,
39,,,9811,,,,,,,,1.125254511833191,,,,,,,,,,,,,,,,,,,,,,,,,,,,,,,,,,,,,
39,,,9812,,,,,,,,1.098020076751709,,,,,,,,,,,,,,,,,,,,,,,,,,,,,,,,,,,,,
39,,,9813,,,,,,,,1.0936681032180786,,,,,,,,,,,,,,,,,,,,,,,,,,,,,,,,,,,,,
39,,,9814,,,,,,,,1.1490073204040527,,,,,,,,,,,,,,,,,,,,,,,,,,,,,,,,,,,,,
39,,,9815,,,,,,,,1.2159086465835571,,,,,,,,,,,,,,,,,,,,,,,,,,,,,,,,,,,,,
39,,,9816,,,,,,,,1.085737943649292,,,,,,,,,,,,,,,,,,,,,,,,,,,,,,,,,,,,,
39,,,9817,,,,,,,,1.1071653366088867,,,,,,,,,,,,,,,,,,,,,,,,,,,,,,,,,,,,,
39,,,9818,,,,,,,,1.0965242385864258,,,,,,,,,,,,,,,,,,,,,,,,,,,,,,,,,,,,,
39,,,9819,,,,,,,,1.0921872854232788,,,,,,,,,,,,,,,,,,,,,,,,,,,,,,,,,,,,,
39,,,9820,,,,,,,,1.1246323585510254,,,,,,,,,,,,,,,,,,,,,,,,,,,,,,,,,,,,,
39,,,9821,,,,,,,,1.0910942554473877,,,,,,,,,,,,,,,,,,,,,,,,,,,,,,,,,,,,,
39,,,9822,,,,,,,,1.1006736755371094,,,,,,,,,,,,,,,,,,,,,,,,,,,,,,,,,,,,,
39,,,9823,,,,,,,,1.0981261730194092,,,,,,,,,,,,,,,,,,,,,,,,,,,,,,,,,,,,,
39,,,9824,,,,,,,,1.081040620803833,,,,,,,,,,,,,,,,,,,,,,,,,,,,,,,,,,,,,
39,,,9825,,,,,,,,1.144333004951477,,,,,,,,,,,,,,,,,,,,,,,,,,,,,,,,,,,,,
39,,,9826,,,,,,,,1.124159812927246,,,,,,,,,,,,,,,,,,,,,,,,,,,,,,,,,,,,,
39,,,9827,,,,,,,,1.08864164352417,,,,,,,,,,,,,,,,,,,,,,,,,,,,,,,,,,,,,
39,,,9828,,,,,,,,1.082801342010498,,,,,,,,,,,,,,,,,,,,,,,,,,,,,,,,,,,,,
39,,,9829,,,,,,,,1.0975098609924316,,,,,,,,,,,,,,,,,,,,,,,,,,,,,,,,,,,,,
39,,,9830,,,,,,,,1.1033992767333984,,,,,,,,,,,,,,,,,,,,,,,,,,,,,,,,,,,,,
39,,,9831,,,,,,,,1.0892372131347656,,,,,,,,,,,,,,,,,,,,,,,,,,,,,,,,,,,,,
39,,,9832,,,,,,,,1.0839602947235107,,,,,,,,,,,,,,,,,,,,,,,,,,,,,,,,,,,,,
39,,,9833,,,,,,,,1.1105846166610718,,,,,,,,,,,,,,,,,,,,,,,,,,,,,,,,,,,,,
39,,,9834,,,,,,,,1.115788459777832,,,,,,,,,,,,,,,,,,,,,,,,,,,,,,,,,,,,,
39,,,9835,,,,,,,,1.1076072454452515,,,,,,,,,,,,,,,,,,,,,,,,,,,,,,,,,,,,,
39,,,9836,,,,,,,,1.0838665962219238,,,,,,,,,,,,,,,,,,,,,,,,,,,,,,,,,,,,,
39,,,9837,,,,,,,,1.1657898426055908,,,,,,,,,,,,,,,,,,,,,,,,,,,,,,,,,,,,,
39,,,9838,,,,,,,,1.112151026725769,,,,,,,,,,,,,,,,,,,,,,,,,,,,,,,,,,,,,
39,,,9839,,,,,,,,1.083277702331543,,,,,,,,,,,,,,,,,,,,,,,,,,,,,,,,,,,,,
39,,,9840,,,,,,,,1.0803221464157104,,,,,,,,,,,,,,,,,,,,,,,,,,,,,,,,,,,,,
39,,,9841,,,,,,,,1.0802960395812988,,,,,,,,,,,,,,,,,,,,,,,,,,,,,,,,,,,,,
39,,,9842,,,,,,,,1.2258142232894897,,,,,,,,,,,,,,,,,,,,,,,,,,,,,,,,,,,,,
39,,,9843,,,,,,,,1.0802206993103027,,,,,,,,,,,,,,,,,,,,,,,,,,,,,,,,,,,,,
39,,,9844,,,,,,,,1.0838764905929565,,,,,,,,,,,,,,,,,,,,,,,,,,,,,,,,,,,,,
39,,,9845,,,,,,,,1.103389859199524,,,,,,,,,,,,,,,,,,,,,,,,,,,,,,,,,,,,,
39,,,9846,,,,,,,,1.0868808031082153,,,,,,,,,,,,,,,,,,,,,,,,,,,,,,,,,,,,,
39,,,9847,,,,,,,,1.086531639099121,,,,,,,,,,,,,,,,,,,,,,,,,,,,,,,,,,,,,
39,,,9848,,,,,,,,1.1265466213226318,,,,,,,,,,,,,,,,,,,,,,,,,,,,,,,,,,,,,
39,,,9849,,,,,,,,1.0812076330184937,,,,,,,,,,,,,,,,,,,,,,,,,,,,,,,,,,,,,
39,,,9850,,,,,,,,1.088118314743042,,,,,,,,,,,,,,,,,,,,,,,,,,,,,,,,,,,,,
39,,,9851,,,,,,,,1.0844621658325195,,,,,,,,,,,,,,,,,,,,,,,,,,,,,,,,,,,,,
39,,,9852,,,,,,,,1.103503942489624,,,,,,,,,,,,,,,,,,,,,,,,,,,,,,,,,,,,,
39,,,9853,,,,,,,,1.1471858024597168,,,,,,,,,,,,,,,,,,,,,,,,,,,,,,,,,,,,,
39,,,9854,,,,,,,,1.0849403142929077,,,,,,,,,,,,,,,,,,,,,,,,,,,,,,,,,,,,,
39,,,9855,,,,,,,,1.0845670700073242,,,,,,,,,,,,,,,,,,,,,,,,,,,,,,,,,,,,,
39,,,9856,,,,,,,,1.0987622737884521,,,,,,,,,,,,,,,,,,,,,,,,,,,,,,,,,,,,,
39,,,9857,,,,,,,,1.0894969701766968,,,,,,,,,,,,,,,,,,,,,,,,,,,,,,,,,,,,,
39,,,9858,,,,,,,,1.0959255695343018,,,,,,,,,,,,,,,,,,,,,,,,,,,,,,,,,,,,,
39,,,9859,,,,,,,,1.1044175624847412,,,,,,,,,,,,,,,,,,,,,,,,,,,,,,,,,,,,,
39,,,9860,,,,,,,,1.0998265743255615,,,,,,,,,,,,,,,,,,,,,,,,,,,,,,,,,,,,,
39,,,9861,,,,,,,,1.123225450515747,,,,,,,,,,,,,,,,,,,,,,,,,,,,,,,,,,,,,
39,,,9862,,,,,,,,1.0858213901519775,,,,,,,,,,,,,,,,,,,,,,,,,,,,,,,,,,,,,
39,,,9863,,,,,,,,1.1091036796569824,,,,,,,,,,,,,,,,,,,,,,,,,,,,,,,,,,,,,
39,,,9864,,,,,,,,1.0998588800430298,,,,,,,,,,,,,,,,,,,,,,,,,,,,,,,,,,,,,
39,,,9865,,,,,,,,1.1008249521255493,,,,,,,,,,,,,,,,,,,,,,,,,,,,,,,,,,,,,
39,,,9866,,,,,,,,1.0803533792495728,,,,,,,,,,,,,,,,,,,,,,,,,,,,,,,,,,,,,
39,,,9867,,,,,,,,1.1099497079849243,,,,,,,,,,,,,,,,,,,,,,,,,,,,,,,,,,,,,
39,,,9868,,,,,,,,1.0991052389144897,,,,,,,,,,,,,,,,,,,,,,,,,,,,,,,,,,,,,
39,,,9869,,,,,,,,1.1161881685256958,,,,,,,,,,,,,,,,,,,,,,,,,,,,,,,,,,,,,
39,,,9870,,,,,,,,1.1531823873519897,,,,,,,,,,,,,,,,,,,,,,,,,,,,,,,,,,,,,
39,,,9871,,,,,,,,1.1641557216644287,,,,,,,,,,,,,,,,,,,,,,,,,,,,,,,,,,,,,
39,,,9872,,,,,,,,1.1030017137527466,,,,,,,,,,,,,,,,,,,,,,,,,,,,,,,,,,,,,
39,,,9873,,,,,,,,1.0899215936660767,,,,,,,,,,,,,,,,,,,,,,,,,,,,,,,,,,,,,
39,,,9874,,,,,,,,1.080951452255249,,,,,,,,,,,,,,,,,,,,,,,,,,,,,,,,,,,,,
39,,,9875,,,,,,,,1.0812331438064575,,,,,,,,,,,,,,,,,,,,,,,,,,,,,,,,,,,,,
39,,,9876,,,,,,,,1.1496269702911377,,,,,,,,,,,,,,,,,,,,,,,,,,,,,,,,,,,,,
39,,,9877,,,,,,,,1.1005216836929321,,,,,,,,,,,,,,,,,,,,,,,,,,,,,,,,,,,,,
39,,,9878,,,,,,,,1.088598370552063,,,,,,,,,,,,,,,,,,,,,,,,,,,,,,,,,,,,,
39,,,9879,,,,,,,,1.080525279045105,,,,,,,,,,,,,,,,,,,,,,,,,,,,,,,,,,,,,
39,,,9880,,,,,,,,1.0873394012451172,,,,,,,,,,,,,,,,,,,,,,,,,,,,,,,,,,,,,
39,,,9881,,,,,,,,1.0811599493026733,,,,,,,,,,,,,,,,,,,,,,,,,,,,,,,,,,,,,
39,,,9882,,,,,,,,1.0957731008529663,,,,,,,,,,,,,,,,,,,,,,,,,,,,,,,,,,,,,
39,,,9883,,,,,,,,1.1139856576919556,,,,,,,,,,,,,,,,,,,,,,,,,,,,,,,,,,,,,
39,,,9884,,,,,,,,1.0851616859436035,,,,,,,,,,,,,,,,,,,,,,,,,,,,,,,,,,,,,
39,,,9885,,,,,,,,1.1080137491226196,,,,,,,,,,,,,,,,,,,,,,,,,,,,,,,,,,,,,
39,,,9886,,,,,,,,1.0936715602874756,,,,,,,,,,,,,,,,,,,,,,,,,,,,,,,,,,,,,
39,,,9887,,,,,,,,1.0815874338150024,,,,,,,,,,,,,,,,,,,,,,,,,,,,,,,,,,,,,
39,,,9888,,,,,,,,1.1038159132003784,,,,,,,,,,,,,,,,,,,,,,,,,,,,,,,,,,,,,
39,,,9889,,,,,,,,1.1069709062576294,,,,,,,,,,,,,,,,,,,,,,,,,,,,,,,,,,,,,
39,,,9890,,,,,,,,1.105562686920166,,,,,,,,,,,,,,,,,,,,,,,,,,,,,,,,,,,,,
39,,,9891,,,,,,,,1.0969839096069336,,,,,,,,,,,,,,,,,,,,,,,,,,,,,,,,,,,,,
39,,,9892,,,,,,,,1.0880742073059082,,,,,,,,,,,,,,,,,,,,,,,,,,,,,,,,,,,,,
39,,,9893,,,,,,,,1.0922702550888062,,,,,,,,,,,,,,,,,,,,,,,,,,,,,,,,,,,,,
39,,,9894,,,,,,,,1.1118491888046265,,,,,,,,,,,,,,,,,,,,,,,,,,,,,,,,,,,,,
39,,,9895,,,,,,,,1.0867880582809448,,,,,,,,,,,,,,,,,,,,,,,,,,,,,,,,,,,,,
39,,,9896,,,,,,,,1.1501579284667969,,,,,,,,,,,,,,,,,,,,,,,,,,,,,,,,,,,,,
39,,,9897,,,,,,,,1.1361613273620605,,,,,,,,,,,,,,,,,,,,,,,,,,,,,,,,,,,,,
39,,,9898,,,,,,,,1.0824029445648193,,,,,,,,,,,,,,,,,,,,,,,,,,,,,,,,,,,,,
39,,,9899,,,,,,,,1.0877960920333862,,,,,,,,,,,,,,,,,,,,,,,,,,,,,,,,,,,,,
39,,,9900,,,,,,,,1.110158085823059,,,,,,,,,,,,,,,,,,,,,,,,,,,,,,,,,,,,,
39,,,9901,,,,,,,,1.0925743579864502,,,,,,,,,,,,,,,,,,,,,,,,,,,,,,,,,,,,,
39,,,9902,,,,,,,,1.2058484554290771,,,,,,,,,,,,,,,,,,,,,,,,,,,,,,,,,,,,,
39,,,9903,,,,,,,,1.1039578914642334,,,,,,,,,,,,,,,,,,,,,,,,,,,,,,,,,,,,,
39,,,9904,,,,,,,,1.0889554023742676,,,,,,,,,,,,,,,,,,,,,,,,,,,,,,,,,,,,,
39,,,9905,,,,,,,,1.0809415578842163,,,,,,,,,,,,,,,,,,,,,,,,,,,,,,,,,,,,,
39,,,9906,,,,,,,,1.1066875457763672,,,,,,,,,,,,,,,,,,,,,,,,,,,,,,,,,,,,,
39,,,9907,,,,,,,,1.0918127298355103,,,,,,,,,,,,,,,,,,,,,,,,,,,,,,,,,,,,,
39,,,9908,,,,,,,,1.0952305793762207,,,,,,,,,,,,,,,,,,,,,,,,,,,,,,,,,,,,,
39,,,9909,,,,,,,,1.1088005304336548,,,,,,,,,,,,,,,,,,,,,,,,,,,,,,,,,,,,,
39,,,9910,,,,,,,,1.138486385345459,,,,,,,,,,,,,,,,,,,,,,,,,,,,,,,,,,,,,
39,,,9911,,,,,,,,1.0840630531311035,,,,,,,,,,,,,,,,,,,,,,,,,,,,,,,,,,,,,
39,,,9912,,,,,,,,1.091107964515686,,,,,,,,,,,,,,,,,,,,,,,,,,,,,,,,,,,,,
39,,,9913,,,,,,,,1.0817381143569946,,,,,,,,,,,,,,,,,,,,,,,,,,,,,,,,,,,,,
39,,,9914,,,,,,,,1.0920578241348267,,,,,,,,,,,,,,,,,,,,,,,,,,,,,,,,,,,,,
39,,,9915,,,,,,,,1.1384780406951904,,,,,,,,,,,,,,,,,,,,,,,,,,,,,,,,,,,,,
39,,,9916,,,,,,,,1.0915940999984741,,,,,,,,,,,,,,,,,,,,,,,,,,,,,,,,,,,,,
39,,,9917,,,,,,,,1.0946972370147705,,,,,,,,,,,,,,,,,,,,,,,,,,,,,,,,,,,,,
39,,,9918,,,,,,,,1.1097246408462524,,,,,,,,,,,,,,,,,,,,,,,,,,,,,,,,,,,,,
39,,,9919,,,,,,,,1.09660005569458,,,,,,,,,,,,,,,,,,,,,,,,,,,,,,,,,,,,,
39,,,9920,,,,,,,,1.16336190700531,,,,,,,,,,,,,,,,,,,,,,,,,,,,,,,,,,,,,
39,,,9921,,,,,,,,1.2401632070541382,,,,,,,,,,,,,,,,,,,,,,,,,,,,,,,,,,,,,
39,,,9922,,,,,,,,1.0840256214141846,,,,,,,,,,,,,,,,,,,,,,,,,,,,,,,,,,,,,
39,,,9923,,,,,,,,1.1582624912261963,,,,,,,,,,,,,,,,,,,,,,,,,,,,,,,,,,,,,
39,,,9924,,,,,,,,1.0870037078857422,,,,,,,,,,,,,,,,,,,,,,,,,,,,,,,,,,,,,
39,,,9925,,,,,,,,1.1044001579284668,,,,,,,,,,,,,,,,,,,,,,,,,,,,,,,,,,,,,
39,,,9926,,,,,,,,1.0863721370697021,,,,,,,,,,,,,,,,,,,,,,,,,,,,,,,,,,,,,
39,,,9927,,,,,,,,1.1069951057434082,,,,,,,,,,,,,,,,,,,,,,,,,,,,,,,,,,,,,
39,,,9928,,,,,,,,1.104472041130066,,,,,,,,,,,,,,,,,,,,,,,,,,,,,,,,,,,,,
39,,,9929,,,,,,,,1.1724579334259033,,,,,,,,,,,,,,,,,,,,,,,,,,,,,,,,,,,,,
39,,,9930,,,,,,,,1.0828509330749512,,,,,,,,,,,,,,,,,,,,,,,,,,,,,,,,,,,,,
39,,,9931,,,,,,,,1.1004786491394043,,,,,,,,,,,,,,,,,,,,,,,,,,,,,,,,,,,,,
39,,,9932,,,,,,,,1.092972993850708,,,,,,,,,,,,,,,,,,,,,,,,,,,,,,,,,,,,,
39,,,9933,,,,,,,,1.154801368713379,,,,,,,,,,,,,,,,,,,,,,,,,,,,,,,,,,,,,
39,,,9934,,,,,,,,1.1010339260101318,,,,,,,,,,,,,,,,,,,,,,,,,,,,,,,,,,,,,
39,,,9935,,,,,,,,1.1170117855072021,,,,,,,,,,,,,,,,,,,,,,,,,,,,,,,,,,,,,
39,,,9936,,,,,,,,1.1008986234664917,,,,,,,,,,,,,,,,,,,,,,,,,,,,,,,,,,,,,
39,,,9937,,,,,,,,1.09524405002594,,,,,,,,,,,,,,,,,,,,,,,,,,,,,,,,,,,,,
39,,,9938,,,,,,,,1.0912177562713623,,,,,,,,,,,,,,,,,,,,,,,,,,,,,,,,,,,,,
39,,,9939,,,,,,,,1.0963404178619385,,,,,,,,,,,,,,,,,,,,,,,,,,,,,,,,,,,,,
39,,,9940,,,,,,,,1.0850318670272827,,,,,,,,,,,,,,,,,,,,,,,,,,,,,,,,,,,,,
39,,,9941,,,,,,,,1.0831971168518066,,,,,,,,,,,,,,,,,,,,,,,,,,,,,,,,,,,,,
39,,,9942,,,,,,,,1.0999794006347656,,,,,,,,,,,,,,,,,,,,,,,,,,,,,,,,,,,,,
39,,,9943,,,,,,,,1.0849366188049316,,,,,,,,,,,,,,,,,,,,,,,,,,,,,,,,,,,,,
39,,,9944,,,,,,,,1.0847488641738892,,,,,,,,,,,,,,,,,,,,,,,,,,,,,,,,,,,,,
39,,,9945,,,,,,,,1.1257781982421875,,,,,,,,,,,,,,,,,,,,,,,,,,,,,,,,,,,,,
39,,,9946,,,,,,,,1.1033437252044678,,,,,,,,,,,,,,,,,,,,,,,,,,,,,,,,,,,,,
39,,,9947,,,,,,,,1.1323491334915161,,,,,,,,,,,,,,,,,,,,,,,,,,,,,,,,,,,,,
39,,,9948,,,,,,,,1.0917420387268066,,,,,,,,,,,,,,,,,,,,,,,,,,,,,,,,,,,,,
39,,,9949,,,,,,,,1.0940862894058228,,,,,,,,,,,,,,,,,,,,,,,,,,,,,,,,,,,,,
39,,,9950,,,,,,,,1.0838702917099,,,,,,,,,,,,,,,,,,,,,,,,,,,,,,,,,,,,,
39,,,9951,,,,,,,,1.1814078092575073,,,,,,,,,,,,,,,,,,,,,,,,,,,,,,,,,,,,,
39,,,9952,,,,,,,,1.0863242149353027,,,,,,,,,,,,,,,,,,,,,,,,,,,,,,,,,,,,,
39,,,9953,,,,,,,,1.0981736183166504,,,,,,,,,,,,,,,,,,,,,,,,,,,,,,,,,,,,,
39,,,9954,,,,,,,,1.0991684198379517,,,,,,,,,,,,,,,,,,,,,,,,,,,,,,,,,,,,,
39,,,9955,,,,,,,,1.1547272205352783,,,,,,,,,,,,,,,,,,,,,,,,,,,,,,,,,,,,,
39,,,9956,,,,,,,,1.1111423969268799,,,,,,,,,,,,,,,,,,,,,,,,,,,,,,,,,,,,,
39,,,9957,,,,,,,,1.249451756477356,,,,,,,,,,,,,,,,,,,,,,,,,,,,,,,,,,,,,
39,,,9958,,,,,,,,1.0815743207931519,,,,,,,,,,,,,,,,,,,,,,,,,,,,,,,,,,,,,
39,,,9959,,,,,,,,1.1045454740524292,,,,,,,,,,,,,,,,,,,,,,,,,,,,,,,,,,,,,
39,,,9960,,,,,,,,1.0974321365356445,,,,,,,,,,,,,,,,,,,,,,,,,,,,,,,,,,,,,
39,,,9961,,,,,,,,1.1098496913909912,,,,,,,,,,,,,,,,,,,,,,,,,,,,,,,,,,,,,
39,,,9962,,,,,,,,1.1278584003448486,,,,,,,,,,,,,,,,,,,,,,,,,,,,,,,,,,,,,
39,,,9963,,,,,,,,1.1089328527450562,,,,,,,,,,,,,,,,,,,,,,,,,,,,,,,,,,,,,
39,,,9964,,,,,,,,1.1199315786361694,,,,,,,,,,,,,,,,,,,,,,,,,,,,,,,,,,,,,
39,,,9965,,,,,,,,1.0849965810775757,,,,,,,,,,,,,,,,,,,,,,,,,,,,,,,,,,,,,
39,,,9966,,,,,,,,1.085097312927246,,,,,,,,,,,,,,,,,,,,,,,,,,,,,,,,,,,,,
39,,,9967,,,,,,,,1.0978953838348389,,,,,,,,,,,,,,,,,,,,,,,,,,,,,,,,,,,,,
39,,,9968,,,,,,,,1.0821959972381592,,,,,,,,,,,,,,,,,,,,,,,,,,,,,,,,,,,,,
39,,,9969,,,,,,,,1.124476671218872,,,,,,,,,,,,,,,,,,,,,,,,,,,,,,,,,,,,,
39,,,9970,,,,,,,,1.1046772003173828,,,,,,,,,,,,,,,,,,,,,,,,,,,,,,,,,,,,,
39,,,9971,,,,,,,,1.1057298183441162,,,,,,,,,,,,,,,,,,,,,,,,,,,,,,,,,,,,,
39,,,9972,,,,,,,,1.0896172523498535,,,,,,,,,,,,,,,,,,,,,,,,,,,,,,,,,,,,,
39,,,9973,,,,,,,,1.0952788591384888,,,,,,,,,,,,,,,,,,,,,,,,,,,,,,,,,,,,,
39,,,9974,,,,,,,,1.1041752099990845,,,,,,,,,,,,,,,,,,,,,,,,,,,,,,,,,,,,,
39,,,9975,,,,,,,,1.1274936199188232,,,,,,,,,,,,,,,,,,,,,,,,,,,,,,,,,,,,,
39,,,9976,,,,,,,,1.0902596712112427,,,,,,,,,,,,,,,,,,,,,,,,,,,,,,,,,,,,,
39,,,9977,,,,,,,,1.100282907485962,,,,,,,,,,,,,,,,,,,,,,,,,,,,,,,,,,,,,
39,,,9978,,,,,,,,1.1014307737350464,,,,,,,,,,,,,,,,,,,,,,,,,,,,,,,,,,,,,
39,,,9979,,,,,,,,1.121765375137329,,,,,,,,,,,,,,,,,,,,,,,,,,,,,,,,,,,,,
39,,,9980,,,,,,,,1.1214580535888672,,,,,,,,,,,,,,,,,,,,,,,,,,,,,,,,,,,,,
39,,,9981,,,,,,,,1.100605845451355,,,,,,,,,,,,,,,,,,,,,,,,,,,,,,,,,,,,,
39,,,9982,,,,,,,,1.146860957145691,,,,,,,,,,,,,,,,,,,,,,,,,,,,,,,,,,,,,
39,,,9983,,,,,,,,1.0949174165725708,,,,,,,,,,,,,,,,,,,,,,,,,,,,,,,,,,,,,
39,,,9984,,,,,,,,1.101595401763916,,,,,,,,,,,,,,,,,,,,,,,,,,,,,,,,,,,,,
39,,,9985,,,,,,,,1.0845427513122559,,,,,,,,,,,,,,,,,,,,,,,,,,,,,,,,,,,,,
39,,,9986,,,,,,,,1.1009211540222168,,,,,,,,,,,,,,,,,,,,,,,,,,,,,,,,,,,,,
39,,,9987,,,,,,,,1.0819485187530518,,,,,,,,,,,,,,,,,,,,,,,,,,,,,,,,,,,,,
39,,,9988,,,,,,,,1.0891155004501343,,,,,,,,,,,,,,,,,,,,,,,,,,,,,,,,,,,,,
39,,,9989,,,,,,,,1.140817403793335,,,,,,,,,,,,,,,,,,,,,,,,,,,,,,,,,,,,,
39,,,9990,,,,,,,,1.0808671712875366,,,,,,,,,,,,,,,,,,,,,,,,,,,,,,,,,,,,,
39,,,9991,,,,,,,,1.081301212310791,,,,,,,,,,,,,,,,,,,,,,,,,,,,,,,,,,,,,
39,,,9992,,,,,,,,1.1210440397262573,,,,,,,,,,,,,,,,,,,,,,,,,,,,,,,,,,,,,
39,,,9993,,,,,,,,1.1028200387954712,,,,,,,,,,,,,,,,,,,,,,,,,,,,,,,,,,,,,
39,,,9994,,,,,,,,1.1051249504089355,,,,,,,,,,,,,,,,,,,,,,,,,,,,,,,,,,,,,
39,,,9995,,,,,,,,1.0837740898132324,,,,,,,,,,,,,,,,,,,,,,,,,,,,,,,,,,,,,
39,,,9996,,,,,,,,1.0948801040649414,,,,,,,,,,,,,,,,,,,,,,,,,,,,,,,,,,,,,
39,,,9997,,,,,,,,1.1185158491134644,,,,,,,,,,,,,,,,,,,,,,,,,,,,,,,,,,,,,
39,,,9998,,,,,,,,1.1002082824707031,,,,,,,,,,,,,,,,,,,,,,,,,,,,,,,,,,,,,
39,,,9999,,,,,,,,1.0852798223495483,,,,,,,,,,,,,,,,,,,,,,,,,,,,,,,,,,,,,
39,,,9999,,,,,,,,,,,0.3499283790588379,0.005481388419866562,0.669921875,1.33984375,54.966796875,0.669921875,271790.65625,0.837826132774353,0.837826132774353,,1.0,0.296356201171875,54.966796875,0.669921875,0.9445210099220276,0.047454800456762314,22118.0,0.0019009375246241689,0.0028375510592013597,0.4197833836078644,0.6266154646873474,0.00564951915293932,1475.0,0.01690545678138733,0.025234969332814217,0.2660723626613617,0.3971692621707916,0.0142735056579113,7373.0,0.004848638083785772,0.007237617392092943,0.34306979179382324,0.5121042132377625,0.016597772017121315,0.00037276724469847977
39,,20.0,9999,262573.96875,0.8521973490715027,0.8528338074684143,,1.1084939241409302,0.8528338074684143,1.0,,0.2995879054069519,0.921500027179718,,,,,,,,,,,,,,,,,,,,,,,,,,,,,,,,,,,
,2.86474508437579e-05,,10000,,,,,,,,,,,,,,,,,,,,,,,,,,,,,,,,,,,,,,,,,,,,,
40,,,10000,,,,,,,,1.1367202997207642,,,,,,,,,,,,,,,,,,,,,,,,,,,,,,,,,,,,,
40,,,10001,,,,,,,,1.0913711786270142,,,,,,,,,,,,,,,,,,,,,,,,,,,,,,,,,,,,,
40,,,10002,,,,,,,,1.092116117477417,,,,,,,,,,,,,,,,,,,,,,,,,,,,,,,,,,,,,
40,,,10003,,,,,,,,1.1094930171966553,,,,,,,,,,,,,,,,,,,,,,,,,,,,,,,,,,,,,
40,,,10004,,,,,,,,1.0892510414123535,,,,,,,,,,,,,,,,,,,,,,,,,,,,,,,,,,,,,
40,,,10005,,,,,,,,1.103853464126587,,,,,,,,,,,,,,,,,,,,,,,,,,,,,,,,,,,,,
40,,,10006,,,,,,,,1.0845162868499756,,,,,,,,,,,,,,,,,,,,,,,,,,,,,,,,,,,,,
40,,,10007,,,,,,,,1.1127445697784424,,,,,,,,,,,,,,,,,,,,,,,,,,,,,,,,,,,,,
40,,,10008,,,,,,,,1.1222643852233887,,,,,,,,,,,,,,,,,,,,,,,,,,,,,,,,,,,,,
40,,,10009,,,,,,,,1.0823942422866821,,,,,,,,,,,,,,,,,,,,,,,,,,,,,,,,,,,,,
40,,,10010,,,,,,,,1.096926212310791,,,,,,,,,,,,,,,,,,,,,,,,,,,,,,,,,,,,,
40,,,10011,,,,,,,,1.0963821411132812,,,,,,,,,,,,,,,,,,,,,,,,,,,,,,,,,,,,,
40,,,10012,,,,,,,,1.0953657627105713,,,,,,,,,,,,,,,,,,,,,,,,,,,,,,,,,,,,,
40,,,10013,,,,,,,,1.0819185972213745,,,,,,,,,,,,,,,,,,,,,,,,,,,,,,,,,,,,,
40,,,10014,,,,,,,,1.1069777011871338,,,,,,,,,,,,,,,,,,,,,,,,,,,,,,,,,,,,,
40,,,10015,,,,,,,,1.1399469375610352,,,,,,,,,,,,,,,,,,,,,,,,,,,,,,,,,,,,,
40,,,10016,,,,,,,,1.0896251201629639,,,,,,,,,,,,,,,,,,,,,,,,,,,,,,,,,,,,,
40,,,10017,,,,,,,,1.0920535326004028,,,,,,,,,,,,,,,,,,,,,,,,,,,,,,,,,,,,,
40,,,10018,,,,,,,,1.1330475807189941,,,,,,,,,,,,,,,,,,,,,,,,,,,,,,,,,,,,,
40,,,10019,,,,,,,,1.0858197212219238,,,,,,,,,,,,,,,,,,,,,,,,,,,,,,,,,,,,,
40,,,10020,,,,,,,,1.080754041671753,,,,,,,,,,,,,,,,,,,,,,,,,,,,,,,,,,,,,
40,,,10021,,,,,,,,1.0906541347503662,,,,,,,,,,,,,,,,,,,,,,,,,,,,,,,,,,,,,
40,,,10022,,,,,,,,1.110271692276001,,,,,,,,,,,,,,,,,,,,,,,,,,,,,,,,,,,,,
40,,,10023,,,,,,,,1.1030949354171753,,,,,,,,,,,,,,,,,,,,,,,,,,,,,,,,,,,,,
40,,,10024,,,,,,,,1.0965243577957153,,,,,,,,,,,,,,,,,,,,,,,,,,,,,,,,,,,,,
40,,,10025,,,,,,,,1.1093552112579346,,,,,,,,,,,,,,,,,,,,,,,,,,,,,,,,,,,,,
40,,,10026,,,,,,,,1.1027038097381592,,,,,,,,,,,,,,,,,,,,,,,,,,,,,,,,,,,,,
40,,,10027,,,,,,,,1.153872013092041,,,,,,,,,,,,,,,,,,,,,,,,,,,,,,,,,,,,,
40,,,10028,,,,,,,,1.1118717193603516,,,,,,,,,,,,,,,,,,,,,,,,,,,,,,,,,,,,,
40,,,10029,,,,,,,,1.1185147762298584,,,,,,,,,,,,,,,,,,,,,,,,,,,,,,,,,,,,,
40,,,10030,,,,,,,,1.1757066249847412,,,,,,,,,,,,,,,,,,,,,,,,,,,,,,,,,,,,,
40,,,10031,,,,,,,,1.1100918054580688,,,,,,,,,,,,,,,,,,,,,,,,,,,,,,,,,,,,,
40,,,10032,,,,,,,,1.098730444908142,,,,,,,,,,,,,,,,,,,,,,,,,,,,,,,,,,,,,
40,,,10033,,,,,,,,1.081143856048584,,,,,,,,,,,,,,,,,,,,,,,,,,,,,,,,,,,,,
40,,,10034,,,,,,,,1.0985039472579956,,,,,,,,,,,,,,,,,,,,,,,,,,,,,,,,,,,,,
40,,,10035,,,,,,,,1.1025443077087402,,,,,,,,,,,,,,,,,,,,,,,,,,,,,,,,,,,,,
40,,,10036,,,,,,,,1.1026427745819092,,,,,,,,,,,,,,,,,,,,,,,,,,,,,,,,,,,,,
40,,,10037,,,,,,,,1.1149555444717407,,,,,,,,,,,,,,,,,,,,,,,,,,,,,,,,,,,,,
40,,,10038,,,,,,,,1.1035624742507935,,,,,,,,,,,,,,,,,,,,,,,,,,,,,,,,,,,,,
40,,,10039,,,,,,,,1.0985393524169922,,,,,,,,,,,,,,,,,,,,,,,,,,,,,,,,,,,,,
40,,,10040,,,,,,,,1.0862807035446167,,,,,,,,,,,,,,,,,,,,,,,,,,,,,,,,,,,,,
40,,,10041,,,,,,,,1.0804249048233032,,,,,,,,,,,,,,,,,,,,,,,,,,,,,,,,,,,,,
40,,,10042,,,,,,,,1.0895380973815918,,,,,,,,,,,,,,,,,,,,,,,,,,,,,,,,,,,,,
40,,,10043,,,,,,,,1.0902988910675049,,,,,,,,,,,,,,,,,,,,,,,,,,,,,,,,,,,,,
40,,,10044,,,,,,,,1.1167172193527222,,,,,,,,,,,,,,,,,,,,,,,,,,,,,,,,,,,,,
40,,,10045,,,,,,,,1.1128480434417725,,,,,,,,,,,,,,,,,,,,,,,,,,,,,,,,,,,,,
40,,,10046,,,,,,,,1.113900899887085,,,,,,,,,,,,,,,,,,,,,,,,,,,,,,,,,,,,,
40,,,10047,,,,,,,,1.098442792892456,,,,,,,,,,,,,,,,,,,,,,,,,,,,,,,,,,,,,
40,,,10048,,,,,,,,1.141930103302002,,,,,,,,,,,,,,,,,,,,,,,,,,,,,,,,,,,,,
40,,,10049,,,,,,,,1.1361234188079834,,,,,,,,,,,,,,,,,,,,,,,,,,,,,,,,,,,,,
40,,,10050,,,,,,,,1.0974509716033936,,,,,,,,,,,,,,,,,,,,,,,,,,,,,,,,,,,,,
40,,,10051,,,,,,,,1.1419519186019897,,,,,,,,,,,,,,,,,,,,,,,,,,,,,,,,,,,,,
40,,,10052,,,,,,,,1.1010568141937256,,,,,,,,,,,,,,,,,,,,,,,,,,,,,,,,,,,,,
40,,,10053,,,,,,,,1.0800445079803467,,,,,,,,,,,,,,,,,,,,,,,,,,,,,,,,,,,,,
40,,,10054,,,,,,,,1.090696096420288,,,,,,,,,,,,,,,,,,,,,,,,,,,,,,,,,,,,,
40,,,10055,,,,,,,,1.0869232416152954,,,,,,,,,,,,,,,,,,,,,,,,,,,,,,,,,,,,,
40,,,10056,,,,,,,,1.124324083328247,,,,,,,,,,,,,,,,,,,,,,,,,,,,,,,,,,,,,
40,,,10057,,,,,,,,1.095314621925354,,,,,,,,,,,,,,,,,,,,,,,,,,,,,,,,,,,,,
40,,,10058,,,,,,,,1.2150413990020752,,,,,,,,,,,,,,,,,,,,,,,,,,,,,,,,,,,,,
40,,,10059,,,,,,,,1.08614182472229,,,,,,,,,,,,,,,,,,,,,,,,,,,,,,,,,,,,,
40,,,10060,,,,,,,,1.0894864797592163,,,,,,,,,,,,,,,,,,,,,,,,,,,,,,,,,,,,,
40,,,10061,,,,,,,,1.089552402496338,,,,,,,,,,,,,,,,,,,,,,,,,,,,,,,,,,,,,
40,,,10062,,,,,,,,1.098152756690979,,,,,,,,,,,,,,,,,,,,,,,,,,,,,,,,,,,,,
40,,,10063,,,,,,,,1.1211811304092407,,,,,,,,,,,,,,,,,,,,,,,,,,,,,,,,,,,,,
40,,,10064,,,,,,,,1.1604889631271362,,,,,,,,,,,,,,,,,,,,,,,,,,,,,,,,,,,,,
40,,,10065,,,,,,,,1.10783851146698,,,,,,,,,,,,,,,,,,,,,,,,,,,,,,,,,,,,,
40,,,10066,,,,,,,,1.0852867364883423,,,,,,,,,,,,,,,,,,,,,,,,,,,,,,,,,,,,,
40,,,10067,,,,,,,,1.2278599739074707,,,,,,,,,,,,,,,,,,,,,,,,,,,,,,,,,,,,,
40,,,10068,,,,,,,,1.0959751605987549,,,,,,,,,,,,,,,,,,,,,,,,,,,,,,,,,,,,,
40,,,10069,,,,,,,,1.095907211303711,,,,,,,,,,,,,,,,,,,,,,,,,,,,,,,,,,,,,
40,,,10070,,,,,,,,1.0928210020065308,,,,,,,,,,,,,,,,,,,,,,,,,,,,,,,,,,,,,
40,,,10071,,,,,,,,1.1087164878845215,,,,,,,,,,,,,,,,,,,,,,,,,,,,,,,,,,,,,
40,,,10072,,,,,,,,1.0834256410598755,,,,,,,,,,,,,,,,,,,,,,,,,,,,,,,,,,,,,
40,,,10073,,,,,,,,1.0873708724975586,,,,,,,,,,,,,,,,,,,,,,,,,,,,,,,,,,,,,
40,,,10074,,,,,,,,1.0919818878173828,,,,,,,,,,,,,,,,,,,,,,,,,,,,,,,,,,,,,
40,,,10075,,,,,,,,1.1892821788787842,,,,,,,,,,,,,,,,,,,,,,,,,,,,,,,,,,,,,
40,,,10076,,,,,,,,1.097158432006836,,,,,,,,,,,,,,,,,,,,,,,,,,,,,,,,,,,,,
40,,,10077,,,,,,,,1.160184621810913,,,,,,,,,,,,,,,,,,,,,,,,,,,,,,,,,,,,,
40,,,10078,,,,,,,,1.1077921390533447,,,,,,,,,,,,,,,,,,,,,,,,,,,,,,,,,,,,,
40,,,10079,,,,,,,,1.114374041557312,,,,,,,,,,,,,,,,,,,,,,,,,,,,,,,,,,,,,
40,,,10080,,,,,,,,1.24764084815979,,,,,,,,,,,,,,,,,,,,,,,,,,,,,,,,,,,,,
40,,,10081,,,,,,,,1.1394824981689453,,,,,,,,,,,,,,,,,,,,,,,,,,,,,,,,,,,,,
40,,,10082,,,,,,,,1.1511949300765991,,,,,,,,,,,,,,,,,,,,,,,,,,,,,,,,,,,,,
40,,,10083,,,,,,,,1.0929865837097168,,,,,,,,,,,,,,,,,,,,,,,,,,,,,,,,,,,,,
40,,,10084,,,,,,,,1.10898756980896,,,,,,,,,,,,,,,,,,,,,,,,,,,,,,,,,,,,,
40,,,10085,,,,,,,,1.0975435972213745,,,,,,,,,,,,,,,,,,,,,,,,,,,,,,,,,,,,,
40,,,10086,,,,,,,,1.0983076095581055,,,,,,,,,,,,,,,,,,,,,,,,,,,,,,,,,,,,,
40,,,10087,,,,,,,,1.0875579118728638,,,,,,,,,,,,,,,,,,,,,,,,,,,,,,,,,,,,,
40,,,10088,,,,,,,,1.0827406644821167,,,,,,,,,,,,,,,,,,,,,,,,,,,,,,,,,,,,,
40,,,10089,,,,,,,,1.0856966972351074,,,,,,,,,,,,,,,,,,,,,,,,,,,,,,,,,,,,,
40,,,10090,,,,,,,,1.0989961624145508,,,,,,,,,,,,,,,,,,,,,,,,,,,,,,,,,,,,,
40,,,10091,,,,,,,,1.095372200012207,,,,,,,,,,,,,,,,,,,,,,,,,,,,,,,,,,,,,
40,,,10092,,,,,,,,1.113010287284851,,,,,,,,,,,,,,,,,,,,,,,,,,,,,,,,,,,,,
40,,,10093,,,,,,,,1.0915806293487549,,,,,,,,,,,,,,,,,,,,,,,,,,,,,,,,,,,,,
40,,,10094,,,,,,,,1.1013011932373047,,,,,,,,,,,,,,,,,,,,,,,,,,,,,,,,,,,,,
40,,,10095,,,,,,,,1.1050348281860352,,,,,,,,,,,,,,,,,,,,,,,,,,,,,,,,,,,,,
40,,,10096,,,,,,,,1.091322422027588,,,,,,,,,,,,,,,,,,,,,,,,,,,,,,,,,,,,,
40,,,10097,,,,,,,,1.1083860397338867,,,,,,,,,,,,,,,,,,,,,,,,,,,,,,,,,,,,,
40,,,10098,,,,,,,,1.1065096855163574,,,,,,,,,,,,,,,,,,,,,,,,,,,,,,,,,,,,,
40,,,10099,,,,,,,,1.0939695835113525,,,,,,,,,,,,,,,,,,,,,,,,,,,,,,,,,,,,,
40,,,10100,,,,,,,,1.0967447757720947,,,,,,,,,,,,,,,,,,,,,,,,,,,,,,,,,,,,,
40,,,10101,,,,,,,,1.0880072116851807,,,,,,,,,,,,,,,,,,,,,,,,,,,,,,,,,,,,,
40,,,10102,,,,,,,,1.0886437892913818,,,,,,,,,,,,,,,,,,,,,,,,,,,,,,,,,,,,,
40,,,10103,,,,,,,,1.0870517492294312,,,,,,,,,,,,,,,,,,,,,,,,,,,,,,,,,,,,,
40,,,10104,,,,,,,,1.085667610168457,,,,,,,,,,,,,,,,,,,,,,,,,,,,,,,,,,,,,
40,,,10105,,,,,,,,1.1033861637115479,,,,,,,,,,,,,,,,,,,,,,,,,,,,,,,,,,,,,
40,,,10106,,,,,,,,1.102186918258667,,,,,,,,,,,,,,,,,,,,,,,,,,,,,,,,,,,,,
40,,,10107,,,,,,,,1.165647029876709,,,,,,,,,,,,,,,,,,,,,,,,,,,,,,,,,,,,,
40,,,10108,,,,,,,,1.0975518226623535,,,,,,,,,,,,,,,,,,,,,,,,,,,,,,,,,,,,,
40,,,10109,,,,,,,,1.1419042348861694,,,,,,,,,,,,,,,,,,,,,,,,,,,,,,,,,,,,,
40,,,10110,,,,,,,,1.083688497543335,,,,,,,,,,,,,,,,,,,,,,,,,,,,,,,,,,,,,
40,,,10111,,,,,,,,1.1220159530639648,,,,,,,,,,,,,,,,,,,,,,,,,,,,,,,,,,,,,
40,,,10112,,,,,,,,1.1319302320480347,,,,,,,,,,,,,,,,,,,,,,,,,,,,,,,,,,,,,
40,,,10113,,,,,,,,1.1408185958862305,,,,,,,,,,,,,,,,,,,,,,,,,,,,,,,,,,,,,
40,,,10114,,,,,,,,1.0812350511550903,,,,,,,,,,,,,,,,,,,,,,,,,,,,,,,,,,,,,
40,,,10115,,,,,,,,1.1015772819519043,,,,,,,,,,,,,,,,,,,,,,,,,,,,,,,,,,,,,
40,,,10116,,,,,,,,1.1876463890075684,,,,,,,,,,,,,,,,,,,,,,,,,,,,,,,,,,,,,
40,,,10117,,,,,,,,1.123197078704834,,,,,,,,,,,,,,,,,,,,,,,,,,,,,,,,,,,,,
40,,,10118,,,,,,,,1.108923077583313,,,,,,,,,,,,,,,,,,,,,,,,,,,,,,,,,,,,,
40,,,10119,,,,,,,,1.0962181091308594,,,,,,,,,,,,,,,,,,,,,,,,,,,,,,,,,,,,,
40,,,10120,,,,,,,,1.201998233795166,,,,,,,,,,,,,,,,,,,,,,,,,,,,,,,,,,,,,
40,,,10121,,,,,,,,1.0912405252456665,,,,,,,,,,,,,,,,,,,,,,,,,,,,,,,,,,,,,
40,,,10122,,,,,,,,1.0811285972595215,,,,,,,,,,,,,,,,,,,,,,,,,,,,,,,,,,,,,
40,,,10123,,,,,,,,1.0878946781158447,,,,,,,,,,,,,,,,,,,,,,,,,,,,,,,,,,,,,
40,,,10124,,,,,,,,1.0895079374313354,,,,,,,,,,,,,,,,,,,,,,,,,,,,,,,,,,,,,
40,,,10125,,,,,,,,1.114819049835205,,,,,,,,,,,,,,,,,,,,,,,,,,,,,,,,,,,,,
40,,,10126,,,,,,,,1.1079163551330566,,,,,,,,,,,,,,,,,,,,,,,,,,,,,,,,,,,,,
40,,,10127,,,,,,,,1.1805753707885742,,,,,,,,,,,,,,,,,,,,,,,,,,,,,,,,,,,,,
40,,,10128,,,,,,,,1.0944774150848389,,,,,,,,,,,,,,,,,,,,,,,,,,,,,,,,,,,,,
40,,,10129,,,,,,,,1.1052498817443848,,,,,,,,,,,,,,,,,,,,,,,,,,,,,,,,,,,,,
40,,,10130,,,,,,,,1.1038343906402588,,,,,,,,,,,,,,,,,,,,,,,,,,,,,,,,,,,,,
40,,,10131,,,,,,,,1.0923449993133545,,,,,,,,,,,,,,,,,,,,,,,,,,,,,,,,,,,,,
40,,,10132,,,,,,,,1.0877008438110352,,,,,,,,,,,,,,,,,,,,,,,,,,,,,,,,,,,,,
40,,,10133,,,,,,,,1.0931651592254639,,,,,,,,,,,,,,,,,,,,,,,,,,,,,,,,,,,,,
40,,,10134,,,,,,,,1.1094399690628052,,,,,,,,,,,,,,,,,,,,,,,,,,,,,,,,,,,,,
40,,,10135,,,,,,,,1.1157493591308594,,,,,,,,,,,,,,,,,,,,,,,,,,,,,,,,,,,,,
40,,,10136,,,,,,,,1.1080305576324463,,,,,,,,,,,,,,,,,,,,,,,,,,,,,,,,,,,,,
40,,,10137,,,,,,,,1.0931825637817383,,,,,,,,,,,,,,,,,,,,,,,,,,,,,,,,,,,,,
40,,,10138,,,,,,,,1.1163265705108643,,,,,,,,,,,,,,,,,,,,,,,,,,,,,,,,,,,,,
40,,,10139,,,,,,,,1.0914883613586426,,,,,,,,,,,,,,,,,,,,,,,,,,,,,,,,,,,,,
40,,,10140,,,,,,,,1.0900954008102417,,,,,,,,,,,,,,,,,,,,,,,,,,,,,,,,,,,,,
40,,,10141,,,,,,,,1.0948853492736816,,,,,,,,,,,,,,,,,,,,,,,,,,,,,,,,,,,,,
40,,,10142,,,,,,,,1.0876836776733398,,,,,,,,,,,,,,,,,,,,,,,,,,,,,,,,,,,,,
40,,,10143,,,,,,,,1.0874769687652588,,,,,,,,,,,,,,,,,,,,,,,,,,,,,,,,,,,,,
40,,,10144,,,,,,,,1.1336673498153687,,,,,,,,,,,,,,,,,,,,,,,,,,,,,,,,,,,,,
40,,,10145,,,,,,,,1.08681058883667,,,,,,,,,,,,,,,,,,,,,,,,,,,,,,,,,,,,,
40,,,10146,,,,,,,,1.1054455041885376,,,,,,,,,,,,,,,,,,,,,,,,,,,,,,,,,,,,,
40,,,10147,,,,,,,,1.1271674633026123,,,,,,,,,,,,,,,,,,,,,,,,,,,,,,,,,,,,,
40,,,10148,,,,,,,,1.1460692882537842,,,,,,,,,,,,,,,,,,,,,,,,,,,,,,,,,,,,,
40,,,10149,,,,,,,,1.1448442935943604,,,,,,,,,,,,,,,,,,,,,,,,,,,,,,,,,,,,,
40,,,10150,,,,,,,,1.103952169418335,,,,,,,,,,,,,,,,,,,,,,,,,,,,,,,,,,,,,
40,,,10151,,,,,,,,1.1824066638946533,,,,,,,,,,,,,,,,,,,,,,,,,,,,,,,,,,,,,
40,,,10152,,,,,,,,1.0874736309051514,,,,,,,,,,,,,,,,,,,,,,,,,,,,,,,,,,,,,
40,,,10153,,,,,,,,1.0941847562789917,,,,,,,,,,,,,,,,,,,,,,,,,,,,,,,,,,,,,
40,,,10154,,,,,,,,1.1022424697875977,,,,,,,,,,,,,,,,,,,,,,,,,,,,,,,,,,,,,
40,,,10155,,,,,,,,1.1404798030853271,,,,,,,,,,,,,,,,,,,,,,,,,,,,,,,,,,,,,
40,,,10156,,,,,,,,1.0813075304031372,,,,,,,,,,,,,,,,,,,,,,,,,,,,,,,,,,,,,
40,,,10157,,,,,,,,1.1000876426696777,,,,,,,,,,,,,,,,,,,,,,,,,,,,,,,,,,,,,
40,,,10158,,,,,,,,1.2960212230682373,,,,,,,,,,,,,,,,,,,,,,,,,,,,,,,,,,,,,
40,,,10159,,,,,,,,1.0868853330612183,,,,,,,,,,,,,,,,,,,,,,,,,,,,,,,,,,,,,
40,,,10160,,,,,,,,1.0895994901657104,,,,,,,,,,,,,,,,,,,,,,,,,,,,,,,,,,,,,
40,,,10161,,,,,,,,1.0811506509780884,,,,,,,,,,,,,,,,,,,,,,,,,,,,,,,,,,,,,
40,,,10162,,,,,,,,1.0928126573562622,,,,,,,,,,,,,,,,,,,,,,,,,,,,,,,,,,,,,
40,,,10163,,,,,,,,1.0897777080535889,,,,,,,,,,,,,,,,,,,,,,,,,,,,,,,,,,,,,
40,,,10164,,,,,,,,1.0910024642944336,,,,,,,,,,,,,,,,,,,,,,,,,,,,,,,,,,,,,
40,,,10165,,,,,,,,1.1326848268508911,,,,,,,,,,,,,,,,,,,,,,,,,,,,,,,,,,,,,
40,,,10166,,,,,,,,1.0934391021728516,,,,,,,,,,,,,,,,,,,,,,,,,,,,,,,,,,,,,
40,,,10167,,,,,,,,1.1094977855682373,,,,,,,,,,,,,,,,,,,,,,,,,,,,,,,,,,,,,
40,,,10168,,,,,,,,1.0960408449172974,,,,,,,,,,,,,,,,,,,,,,,,,,,,,,,,,,,,,
40,,,10169,,,,,,,,1.1158069372177124,,,,,,,,,,,,,,,,,,,,,,,,,,,,,,,,,,,,,
40,,,10170,,,,,,,,1.0980125665664673,,,,,,,,,,,,,,,,,,,,,,,,,,,,,,,,,,,,,
40,,,10171,,,,,,,,1.0811975002288818,,,,,,,,,,,,,,,,,,,,,,,,,,,,,,,,,,,,,
40,,,10172,,,,,,,,1.0964858531951904,,,,,,,,,,,,,,,,,,,,,,,,,,,,,,,,,,,,,
40,,,10173,,,,,,,,1.1616127490997314,,,,,,,,,,,,,,,,,,,,,,,,,,,,,,,,,,,,,
40,,,10174,,,,,,,,1.0884125232696533,,,,,,,,,,,,,,,,,,,,,,,,,,,,,,,,,,,,,
40,,,10175,,,,,,,,1.0863234996795654,,,,,,,,,,,,,,,,,,,,,,,,,,,,,,,,,,,,,
40,,,10176,,,,,,,,1.1159924268722534,,,,,,,,,,,,,,,,,,,,,,,,,,,,,,,,,,,,,
40,,,10177,,,,,,,,1.1275959014892578,,,,,,,,,,,,,,,,,,,,,,,,,,,,,,,,,,,,,
40,,,10178,,,,,,,,1.0917868614196777,,,,,,,,,,,,,,,,,,,,,,,,,,,,,,,,,,,,,
40,,,10179,,,,,,,,1.087680459022522,,,,,,,,,,,,,,,,,,,,,,,,,,,,,,,,,,,,,
40,,,10180,,,,,,,,1.0841610431671143,,,,,,,,,,,,,,,,,,,,,,,,,,,,,,,,,,,,,
40,,,10181,,,,,,,,1.0835235118865967,,,,,,,,,,,,,,,,,,,,,,,,,,,,,,,,,,,,,
40,,,10182,,,,,,,,1.0807400941848755,,,,,,,,,,,,,,,,,,,,,,,,,,,,,,,,,,,,,
40,,,10183,,,,,,,,1.0809714794158936,,,,,,,,,,,,,,,,,,,,,,,,,,,,,,,,,,,,,
40,,,10184,,,,,,,,1.0870698690414429,,,,,,,,,,,,,,,,,,,,,,,,,,,,,,,,,,,,,
40,,,10185,,,,,,,,1.1192762851715088,,,,,,,,,,,,,,,,,,,,,,,,,,,,,,,,,,,,,
40,,,10186,,,,,,,,1.093838095664978,,,,,,,,,,,,,,,,,,,,,,,,,,,,,,,,,,,,,
40,,,10187,,,,,,,,1.080953598022461,,,,,,,,,,,,,,,,,,,,,,,,,,,,,,,,,,,,,
40,,,10188,,,,,,,,1.1414718627929688,,,,,,,,,,,,,,,,,,,,,,,,,,,,,,,,,,,,,
40,,,10189,,,,,,,,1.081474781036377,,,,,,,,,,,,,,,,,,,,,,,,,,,,,,,,,,,,,
40,,,10190,,,,,,,,1.3184723854064941,,,,,,,,,,,,,,,,,,,,,,,,,,,,,,,,,,,,,
40,,,10191,,,,,,,,1.0806330442428589,,,,,,,,,,,,,,,,,,,,,,,,,,,,,,,,,,,,,
40,,,10192,,,,,,,,1.086483120918274,,,,,,,,,,,,,,,,,,,,,,,,,,,,,,,,,,,,,
40,,,10193,,,,,,,,1.0805268287658691,,,,,,,,,,,,,,,,,,,,,,,,,,,,,,,,,,,,,
40,,,10194,,,,,,,,1.084399938583374,,,,,,,,,,,,,,,,,,,,,,,,,,,,,,,,,,,,,
40,,,10195,,,,,,,,1.1119059324264526,,,,,,,,,,,,,,,,,,,,,,,,,,,,,,,,,,,,,
40,,,10196,,,,,,,,1.1118755340576172,,,,,,,,,,,,,,,,,,,,,,,,,,,,,,,,,,,,,
40,,,10197,,,,,,,,1.0850892066955566,,,,,,,,,,,,,,,,,,,,,,,,,,,,,,,,,,,,,
40,,,10198,,,,,,,,1.0963335037231445,,,,,,,,,,,,,,,,,,,,,,,,,,,,,,,,,,,,,
40,,,10199,,,,,,,,1.1162866353988647,,,,,,,,,,,,,,,,,,,,,,,,,,,,,,,,,,,,,
40,,,10200,,,,,,,,1.1173323392868042,,,,,,,,,,,,,,,,,,,,,,,,,,,,,,,,,,,,,
40,,,10201,,,,,,,,1.0879439115524292,,,,,,,,,,,,,,,,,,,,,,,,,,,,,,,,,,,,,
40,,,10202,,,,,,,,1.0910117626190186,,,,,,,,,,,,,,,,,,,,,,,,,,,,,,,,,,,,,
40,,,10203,,,,,,,,1.0869364738464355,,,,,,,,,,,,,,,,,,,,,,,,,,,,,,,,,,,,,
40,,,10204,,,,,,,,1.0851690769195557,,,,,,,,,,,,,,,,,,,,,,,,,,,,,,,,,,,,,
40,,,10205,,,,,,,,1.110666275024414,,,,,,,,,,,,,,,,,,,,,,,,,,,,,,,,,,,,,
40,,,10206,,,,,,,,1.0800780057907104,,,,,,,,,,,,,,,,,,,,,,,,,,,,,,,,,,,,,
40,,,10207,,,,,,,,1.0813603401184082,,,,,,,,,,,,,,,,,,,,,,,,,,,,,,,,,,,,,
40,,,10208,,,,,,,,1.1198937892913818,,,,,,,,,,,,,,,,,,,,,,,,,,,,,,,,,,,,,
40,,,10209,,,,,,,,1.103555679321289,,,,,,,,,,,,,,,,,,,,,,,,,,,,,,,,,,,,,
40,,,10210,,,,,,,,1.1080348491668701,,,,,,,,,,,,,,,,,,,,,,,,,,,,,,,,,,,,,
40,,,10211,,,,,,,,1.0961883068084717,,,,,,,,,,,,,,,,,,,,,,,,,,,,,,,,,,,,,
40,,,10212,,,,,,,,1.094437599182129,,,,,,,,,,,,,,,,,,,,,,,,,,,,,,,,,,,,,
40,,,10213,,,,,,,,1.087132453918457,,,,,,,,,,,,,,,,,,,,,,,,,,,,,,,,,,,,,
40,,,10214,,,,,,,,1.092960000038147,,,,,,,,,,,,,,,,,,,,,,,,,,,,,,,,,,,,,
40,,,10215,,,,,,,,1.1029973030090332,,,,,,,,,,,,,,,,,,,,,,,,,,,,,,,,,,,,,
40,,,10216,,,,,,,,1.1484315395355225,,,,,,,,,,,,,,,,,,,,,,,,,,,,,,,,,,,,,
40,,,10217,,,,,,,,1.1035723686218262,,,,,,,,,,,,,,,,,,,,,,,,,,,,,,,,,,,,,
40,,,10218,,,,,,,,1.1354097127914429,,,,,,,,,,,,,,,,,,,,,,,,,,,,,,,,,,,,,
40,,,10219,,,,,,,,1.0956848859786987,,,,,,,,,,,,,,,,,,,,,,,,,,,,,,,,,,,,,
40,,,10220,,,,,,,,1.1044633388519287,,,,,,,,,,,,,,,,,,,,,,,,,,,,,,,,,,,,,
40,,,10221,,,,,,,,1.0801208019256592,,,,,,,,,,,,,,,,,,,,,,,,,,,,,,,,,,,,,
40,,,10222,,,,,,,,1.1192454099655151,,,,,,,,,,,,,,,,,,,,,,,,,,,,,,,,,,,,,
40,,,10223,,,,,,,,1.0978219509124756,,,,,,,,,,,,,,,,,,,,,,,,,,,,,,,,,,,,,
40,,,10224,,,,,,,,1.112131118774414,,,,,,,,,,,,,,,,,,,,,,,,,,,,,,,,,,,,,
40,,,10225,,,,,,,,1.0836430788040161,,,,,,,,,,,,,,,,,,,,,,,,,,,,,,,,,,,,,
40,,,10226,,,,,,,,1.1806645393371582,,,,,,,,,,,,,,,,,,,,,,,,,,,,,,,,,,,,,
40,,,10227,,,,,,,,1.0908021926879883,,,,,,,,,,,,,,,,,,,,,,,,,,,,,,,,,,,,,
40,,,10228,,,,,,,,1.1284291744232178,,,,,,,,,,,,,,,,,,,,,,,,,,,,,,,,,,,,,
40,,,10229,,,,,,,,1.1016192436218262,,,,,,,,,,,,,,,,,,,,,,,,,,,,,,,,,,,,,
40,,,10230,,,,,,,,1.093971610069275,,,,,,,,,,,,,,,,,,,,,,,,,,,,,,,,,,,,,
40,,,10231,,,,,,,,1.0815035104751587,,,,,,,,,,,,,,,,,,,,,,,,,,,,,,,,,,,,,
40,,,10232,,,,,,,,1.2183494567871094,,,,,,,,,,,,,,,,,,,,,,,,,,,,,,,,,,,,,
40,,,10233,,,,,,,,1.1926698684692383,,,,,,,,,,,,,,,,,,,,,,,,,,,,,,,,,,,,,
40,,,10234,,,,,,,,1.0882631540298462,,,,,,,,,,,,,,,,,,,,,,,,,,,,,,,,,,,,,
40,,,10235,,,,,,,,1.0885517597198486,,,,,,,,,,,,,,,,,,,,,,,,,,,,,,,,,,,,,
40,,,10236,,,,,,,,1.095395565032959,,,,,,,,,,,,,,,,,,,,,,,,,,,,,,,,,,,,,
40,,,10237,,,,,,,,1.0816770792007446,,,,,,,,,,,,,,,,,,,,,,,,,,,,,,,,,,,,,
40,,,10238,,,,,,,,1.120524525642395,,,,,,,,,,,,,,,,,,,,,,,,,,,,,,,,,,,,,
40,,,10239,,,,,,,,1.0832736492156982,,,,,,,,,,,,,,,,,,,,,,,,,,,,,,,,,,,,,
40,,,10240,,,,,,,,1.101271629333496,,,,,,,,,,,,,,,,,,,,,,,,,,,,,,,,,,,,,
40,,,10241,,,,,,,,1.0860047340393066,,,,,,,,,,,,,,,,,,,,,,,,,,,,,,,,,,,,,
40,,,10242,,,,,,,,1.0994423627853394,,,,,,,,,,,,,,,,,,,,,,,,,,,,,,,,,,,,,
40,,,10243,,,,,,,,1.0804893970489502,,,,,,,,,,,,,,,,,,,,,,,,,,,,,,,,,,,,,
40,,,10244,,,,,,,,1.101314663887024,,,,,,,,,,,,,,,,,,,,,,,,,,,,,,,,,,,,,
40,,,10245,,,,,,,,1.189483404159546,,,,,,,,,,,,,,,,,,,,,,,,,,,,,,,,,,,,,
40,,,10246,,,,,,,,1.0992131233215332,,,,,,,,,,,,,,,,,,,,,,,,,,,,,,,,,,,,,
40,,,10247,,,,,,,,1.0884698629379272,,,,,,,,,,,,,,,,,,,,,,,,,,,,,,,,,,,,,
40,,,10248,,,,,,,,1.1202750205993652,,,,,,,,,,,,,,,,,,,,,,,,,,,,,,,,,,,,,
40,,,10249,,,,,,,,1.111134648323059,,,,,,,,,,,,,,,,,,,,,,,,,,,,,,,,,,,,,
40,,,10249,,,,,,,,,,,0.3499409258365631,0.005701431073248386,0.669921875,1.33984375,54.966796875,0.669921875,271790.65625,0.8378019332885742,0.8378019332885742,,1.0,0.29364776611328125,54.966796875,0.669921875,0.9514617323875427,0.04755338281393051,22118.0,0.0019051324343308806,0.0028438130393624306,0.41857361793518066,0.6248096227645874,0.005661856383085251,1475.0,0.01694054715335369,0.02528734877705574,0.2666325271129608,0.3980054259300232,0.014294789172708988,7373.0,0.004855791572481394,0.007248295471072197,0.3439631760120392,0.5134377479553223,0.01663004234433174,0.00037276724469847977
40,,20.0,10249,266882.96875,0.8507310152053833,0.8520110249519348,,1.1072304248809814,0.8520110249519348,1.0,,0.2989433705806732,0.9125000238418579,,,,,,,,,,,,,,,,,,,,,,,,,,,,,,,,,,,
,2.3350811174697774e-05,,10250,,,,,,,,,,,,,,,,,,,,,,,,,,,,,,,,,,,,,,,,,,,,,
41,,,10250,,,,,,,,1.1048059463500977,,,,,,,,,,,,,,,,,,,,,,,,,,,,,,,,,,,,,
41,,,10251,,,,,,,,1.09699547290802,,,,,,,,,,,,,,,,,,,,,,,,,,,,,,,,,,,,,
41,,,10252,,,,,,,,1.0991872549057007,,,,,,,,,,,,,,,,,,,,,,,,,,,,,,,,,,,,,
41,,,10253,,,,,,,,1.0936249494552612,,,,,,,,,,,,,,,,,,,,,,,,,,,,,,,,,,,,,
41,,,10254,,,,,,,,1.1037001609802246,,,,,,,,,,,,,,,,,,,,,,,,,,,,,,,,,,,,,
41,,,10255,,,,,,,,1.1016454696655273,,,,,,,,,,,,,,,,,,,,,,,,,,,,,,,,,,,,,
41,,,10256,,,,,,,,1.1609848737716675,,,,,,,,,,,,,,,,,,,,,,,,,,,,,,,,,,,,,
41,,,10257,,,,,,,,1.0803132057189941,,,,,,,,,,,,,,,,,,,,,,,,,,,,,,,,,,,,,
41,,,10258,,,,,,,,1.105262041091919,,,,,,,,,,,,,,,,,,,,,,,,,,,,,,,,,,,,,
41,,,10259,,,,,,,,1.0871554613113403,,,,,,,,,,,,,,,,,,,,,,,,,,,,,,,,,,,,,
41,,,10260,,,,,,,,1.1939468383789062,,,,,,,,,,,,,,,,,,,,,,,,,,,,,,,,,,,,,
41,,,10261,,,,,,,,1.0816410779953003,,,,,,,,,,,,,,,,,,,,,,,,,,,,,,,,,,,,,
41,,,10262,,,,,,,,1.1011011600494385,,,,,,,,,,,,,,,,,,,,,,,,,,,,,,,,,,,,,
41,,,10263,,,,,,,,1.108801245689392,,,,,,,,,,,,,,,,,,,,,,,,,,,,,,,,,,,,,
41,,,10264,,,,,,,,1.0861152410507202,,,,,,,,,,,,,,,,,,,,,,,,,,,,,,,,,,,,,
41,,,10265,,,,,,,,1.1052948236465454,,,,,,,,,,,,,,,,,,,,,,,,,,,,,,,,,,,,,
41,,,10266,,,,,,,,1.14005446434021,,,,,,,,,,,,,,,,,,,,,,,,,,,,,,,,,,,,,
41,,,10267,,,,,,,,1.183138132095337,,,,,,,,,,,,,,,,,,,,,,,,,,,,,,,,,,,,,
41,,,10268,,,,,,,,1.0856831073760986,,,,,,,,,,,,,,,,,,,,,,,,,,,,,,,,,,,,,
41,,,10269,,,,,,,,1.123822569847107,,,,,,,,,,,,,,,,,,,,,,,,,,,,,,,,,,,,,
41,,,10270,,,,,,,,1.0845963954925537,,,,,,,,,,,,,,,,,,,,,,,,,,,,,,,,,,,,,
41,,,10271,,,,,,,,1.0825371742248535,,,,,,,,,,,,,,,,,,,,,,,,,,,,,,,,,,,,,
41,,,10272,,,,,,,,1.1421122550964355,,,,,,,,,,,,,,,,,,,,,,,,,,,,,,,,,,,,,
41,,,10273,,,,,,,,1.150068759918213,,,,,,,,,,,,,,,,,,,,,,,,,,,,,,,,,,,,,
41,,,10274,,,,,,,,1.1147602796554565,,,,,,,,,,,,,,,,,,,,,,,,,,,,,,,,,,,,,
41,,,10275,,,,,,,,1.0910645723342896,,,,,,,,,,,,,,,,,,,,,,,,,,,,,,,,,,,,,
41,,,10276,,,,,,,,1.1089011430740356,,,,,,,,,,,,,,,,,,,,,,,,,,,,,,,,,,,,,
41,,,10277,,,,,,,,1.1280248165130615,,,,,,,,,,,,,,,,,,,,,,,,,,,,,,,,,,,,,
41,,,10278,,,,,,,,1.121928334236145,,,,,,,,,,,,,,,,,,,,,,,,,,,,,,,,,,,,,
41,,,10279,,,,,,,,1.1045459508895874,,,,,,,,,,,,,,,,,,,,,,,,,,,,,,,,,,,,,
41,,,10280,,,,,,,,1.0926687717437744,,,,,,,,,,,,,,,,,,,,,,,,,,,,,,,,,,,,,
41,,,10281,,,,,,,,1.1915884017944336,,,,,,,,,,,,,,,,,,,,,,,,,,,,,,,,,,,,,
41,,,10282,,,,,,,,1.084737777709961,,,,,,,,,,,,,,,,,,,,,,,,,,,,,,,,,,,,,
41,,,10283,,,,,,,,1.0824294090270996,,,,,,,,,,,,,,,,,,,,,,,,,,,,,,,,,,,,,
41,,,10284,,,,,,,,1.0934032201766968,,,,,,,,,,,,,,,,,,,,,,,,,,,,,,,,,,,,,
41,,,10285,,,,,,,,1.096452236175537,,,,,,,,,,,,,,,,,,,,,,,,,,,,,,,,,,,,,
41,,,10286,,,,,,,,1.1051514148712158,,,,,,,,,,,,,,,,,,,,,,,,,,,,,,,,,,,,,
41,,,10287,,,,,,,,1.0805739164352417,,,,,,,,,,,,,,,,,,,,,,,,,,,,,,,,,,,,,
41,,,10288,,,,,,,,1.090189814567566,,,,,,,,,,,,,,,,,,,,,,,,,,,,,,,,,,,,,
41,,,10289,,,,,,,,1.0981781482696533,,,,,,,,,,,,,,,,,,,,,,,,,,,,,,,,,,,,,
41,,,10290,,,,,,,,1.0875087976455688,,,,,,,,,,,,,,,,,,,,,,,,,,,,,,,,,,,,,
41,,,10291,,,,,,,,1.1396385431289673,,,,,,,,,,,,,,,,,,,,,,,,,,,,,,,,,,,,,
41,,,10292,,,,,,,,1.0811368227005005,,,,,,,,,,,,,,,,,,,,,,,,,,,,,,,,,,,,,
41,,,10293,,,,,,,,1.1186126470565796,,,,,,,,,,,,,,,,,,,,,,,,,,,,,,,,,,,,,
41,,,10294,,,,,,,,1.0802946090698242,,,,,,,,,,,,,,,,,,,,,,,,,,,,,,,,,,,,,
41,,,10295,,,,,,,,1.0910565853118896,,,,,,,,,,,,,,,,,,,,,,,,,,,,,,,,,,,,,
41,,,10296,,,,,,,,1.0898526906967163,,,,,,,,,,,,,,,,,,,,,,,,,,,,,,,,,,,,,
41,,,10297,,,,,,,,1.1038627624511719,,,,,,,,,,,,,,,,,,,,,,,,,,,,,,,,,,,,,
41,,,10298,,,,,,,,1.0968031883239746,,,,,,,,,,,,,,,,,,,,,,,,,,,,,,,,,,,,,
41,,,10299,,,,,,,,1.1026198863983154,,,,,,,,,,,,,,,,,,,,,,,,,,,,,,,,,,,,,
41,,,10300,,,,,,,,1.1065362691879272,,,,,,,,,,,,,,,,,,,,,,,,,,,,,,,,,,,,,
41,,,10301,,,,,,,,1.1044636964797974,,,,,,,,,,,,,,,,,,,,,,,,,,,,,,,,,,,,,
41,,,10302,,,,,,,,1.0970630645751953,,,,,,,,,,,,,,,,,,,,,,,,,,,,,,,,,,,,,
41,,,10303,,,,,,,,1.0835973024368286,,,,,,,,,,,,,,,,,,,,,,,,,,,,,,,,,,,,,
41,,,10304,,,,,,,,1.0973427295684814,,,,,,,,,,,,,,,,,,,,,,,,,,,,,,,,,,,,,
41,,,10305,,,,,,,,1.0825823545455933,,,,,,,,,,,,,,,,,,,,,,,,,,,,,,,,,,,,,
41,,,10306,,,,,,,,1.1161465644836426,,,,,,,,,,,,,,,,,,,,,,,,,,,,,,,,,,,,,
41,,,10307,,,,,,,,1.0826352834701538,,,,,,,,,,,,,,,,,,,,,,,,,,,,,,,,,,,,,
41,,,10308,,,,,,,,1.088862657546997,,,,,,,,,,,,,,,,,,,,,,,,,,,,,,,,,,,,,
41,,,10309,,,,,,,,1.1249799728393555,,,,,,,,,,,,,,,,,,,,,,,,,,,,,,,,,,,,,
41,,,10310,,,,,,,,1.0930733680725098,,,,,,,,,,,,,,,,,,,,,,,,,,,,,,,,,,,,,
41,,,10311,,,,,,,,1.0876046419143677,,,,,,,,,,,,,,,,,,,,,,,,,,,,,,,,,,,,,
41,,,10312,,,,,,,,1.0959086418151855,,,,,,,,,,,,,,,,,,,,,,,,,,,,,,,,,,,,,
41,,,10313,,,,,,,,1.095751166343689,,,,,,,,,,,,,,,,,,,,,,,,,,,,,,,,,,,,,
41,,,10314,,,,,,,,1.081056833267212,,,,,,,,,,,,,,,,,,,,,,,,,,,,,,,,,,,,,
41,,,10315,,,,,,,,1.083752989768982,,,,,,,,,,,,,,,,,,,,,,,,,,,,,,,,,,,,,
41,,,10316,,,,,,,,1.109304428100586,,,,,,,,,,,,,,,,,,,,,,,,,,,,,,,,,,,,,
41,,,10317,,,,,,,,1.0946115255355835,,,,,,,,,,,,,,,,,,,,,,,,,,,,,,,,,,,,,
41,,,10318,,,,,,,,1.0897936820983887,,,,,,,,,,,,,,,,,,,,,,,,,,,,,,,,,,,,,
41,,,10319,,,,,,,,1.083430528640747,,,,,,,,,,,,,,,,,,,,,,,,,,,,,,,,,,,,,
41,,,10320,,,,,,,,1.0944068431854248,,,,,,,,,,,,,,,,,,,,,,,,,,,,,,,,,,,,,
41,,,10321,,,,,,,,1.2204327583312988,,,,,,,,,,,,,,,,,,,,,,,,,,,,,,,,,,,,,
41,,,10322,,,,,,,,1.151308536529541,,,,,,,,,,,,,,,,,,,,,,,,,,,,,,,,,,,,,
41,,,10323,,,,,,,,1.0930728912353516,,,,,,,,,,,,,,,,,,,,,,,,,,,,,,,,,,,,,
41,,,10324,,,,,,,,1.0830148458480835,,,,,,,,,,,,,,,,,,,,,,,,,,,,,,,,,,,,,
41,,,10325,,,,,,,,1.1333013772964478,,,,,,,,,,,,,,,,,,,,,,,,,,,,,,,,,,,,,
41,,,10326,,,,,,,,1.0964555740356445,,,,,,,,,,,,,,,,,,,,,,,,,,,,,,,,,,,,,
41,,,10327,,,,,,,,1.0975319147109985,,,,,,,,,,,,,,,,,,,,,,,,,,,,,,,,,,,,,
41,,,10328,,,,,,,,1.0806231498718262,,,,,,,,,,,,,,,,,,,,,,,,,,,,,,,,,,,,,
41,,,10329,,,,,,,,1.1940205097198486,,,,,,,,,,,,,,,,,,,,,,,,,,,,,,,,,,,,,
41,,,10330,,,,,,,,1.0924675464630127,,,,,,,,,,,,,,,,,,,,,,,,,,,,,,,,,,,,,
41,,,10331,,,,,,,,1.0826520919799805,,,,,,,,,,,,,,,,,,,,,,,,,,,,,,,,,,,,,
41,,,10332,,,,,,,,1.0892829895019531,,,,,,,,,,,,,,,,,,,,,,,,,,,,,,,,,,,,,
41,,,10333,,,,,,,,1.1193934679031372,,,,,,,,,,,,,,,,,,,,,,,,,,,,,,,,,,,,,
41,,,10334,,,,,,,,1.0920639038085938,,,,,,,,,,,,,,,,,,,,,,,,,,,,,,,,,,,,,
41,,,10335,,,,,,,,1.0861060619354248,,,,,,,,,,,,,,,,,,,,,,,,,,,,,,,,,,,,,
41,,,10336,,,,,,,,1.085691213607788,,,,,,,,,,,,,,,,,,,,,,,,,,,,,,,,,,,,,
41,,,10337,,,,,,,,1.1072354316711426,,,,,,,,,,,,,,,,,,,,,,,,,,,,,,,,,,,,,
41,,,10338,,,,,,,,1.0947141647338867,,,,,,,,,,,,,,,,,,,,,,,,,,,,,,,,,,,,,
41,,,10339,,,,,,,,1.0901575088500977,,,,,,,,,,,,,,,,,,,,,,,,,,,,,,,,,,,,,
41,,,10340,,,,,,,,1.1013708114624023,,,,,,,,,,,,,,,,,,,,,,,,,,,,,,,,,,,,,
41,,,10341,,,,,,,,1.0865540504455566,,,,,,,,,,,,,,,,,,,,,,,,,,,,,,,,,,,,,
41,,,10342,,,,,,,,1.0956274271011353,,,,,,,,,,,,,,,,,,,,,,,,,,,,,,,,,,,,,
41,,,10343,,,,,,,,1.0959545373916626,,,,,,,,,,,,,,,,,,,,,,,,,,,,,,,,,,,,,
41,,,10344,,,,,,,,1.100118637084961,,,,,,,,,,,,,,,,,,,,,,,,,,,,,,,,,,,,,
41,,,10345,,,,,,,,1.089023232460022,,,,,,,,,,,,,,,,,,,,,,,,,,,,,,,,,,,,,
41,,,10346,,,,,,,,1.1009882688522339,,,,,,,,,,,,,,,,,,,,,,,,,,,,,,,,,,,,,
41,,,10347,,,,,,,,1.0913933515548706,,,,,,,,,,,,,,,,,,,,,,,,,,,,,,,,,,,,,
41,,,10348,,,,,,,,1.1275560855865479,,,,,,,,,,,,,,,,,,,,,,,,,,,,,,,,,,,,,
41,,,10349,,,,,,,,1.0809314250946045,,,,,,,,,,,,,,,,,,,,,,,,,,,,,,,,,,,,,
41,,,10350,,,,,,,,1.0887318849563599,,,,,,,,,,,,,,,,,,,,,,,,,,,,,,,,,,,,,
41,,,10351,,,,,,,,1.1103787422180176,,,,,,,,,,,,,,,,,,,,,,,,,,,,,,,,,,,,,
41,,,10352,,,,,,,,1.0932340621948242,,,,,,,,,,,,,,,,,,,,,,,,,,,,,,,,,,,,,
41,,,10353,,,,,,,,1.1170449256896973,,,,,,,,,,,,,,,,,,,,,,,,,,,,,,,,,,,,,
41,,,10354,,,,,,,,1.1092052459716797,,,,,,,,,,,,,,,,,,,,,,,,,,,,,,,,,,,,,
41,,,10355,,,,,,,,1.1054304838180542,,,,,,,,,,,,,,,,,,,,,,,,,,,,,,,,,,,,,
41,,,10356,,,,,,,,1.1091187000274658,,,,,,,,,,,,,,,,,,,,,,,,,,,,,,,,,,,,,
41,,,10357,,,,,,,,1.1365315914154053,,,,,,,,,,,,,,,,,,,,,,,,,,,,,,,,,,,,,
41,,,10358,,,,,,,,1.092393398284912,,,,,,,,,,,,,,,,,,,,,,,,,,,,,,,,,,,,,
41,,,10359,,,,,,,,1.1068538427352905,,,,,,,,,,,,,,,,,,,,,,,,,,,,,,,,,,,,,
41,,,10360,,,,,,,,1.0904903411865234,,,,,,,,,,,,,,,,,,,,,,,,,,,,,,,,,,,,,
41,,,10361,,,,,,,,1.1028861999511719,,,,,,,,,,,,,,,,,,,,,,,,,,,,,,,,,,,,,
41,,,10362,,,,,,,,1.0876880884170532,,,,,,,,,,,,,,,,,,,,,,,,,,,,,,,,,,,,,
41,,,10363,,,,,,,,1.135951280593872,,,,,,,,,,,,,,,,,,,,,,,,,,,,,,,,,,,,,
41,,,10364,,,,,,,,1.0990062952041626,,,,,,,,,,,,,,,,,,,,,,,,,,,,,,,,,,,,,
41,,,10365,,,,,,,,1.096967101097107,,,,,,,,,,,,,,,,,,,,,,,,,,,,,,,,,,,,,
41,,,10366,,,,,,,,1.100416898727417,,,,,,,,,,,,,,,,,,,,,,,,,,,,,,,,,,,,,
41,,,10367,,,,,,,,1.173288345336914,,,,,,,,,,,,,,,,,,,,,,,,,,,,,,,,,,,,,
41,,,10368,,,,,,,,1.123360276222229,,,,,,,,,,,,,,,,,,,,,,,,,,,,,,,,,,,,,
41,,,10369,,,,,,,,1.0997772216796875,,,,,,,,,,,,,,,,,,,,,,,,,,,,,,,,,,,,,
41,,,10370,,,,,,,,1.0804692506790161,,,,,,,,,,,,,,,,,,,,,,,,,,,,,,,,,,,,,
41,,,10371,,,,,,,,1.0866752862930298,,,,,,,,,,,,,,,,,,,,,,,,,,,,,,,,,,,,,
41,,,10372,,,,,,,,1.0972905158996582,,,,,,,,,,,,,,,,,,,,,,,,,,,,,,,,,,,,,
41,,,10373,,,,,,,,1.0907118320465088,,,,,,,,,,,,,,,,,,,,,,,,,,,,,,,,,,,,,
41,,,10374,,,,,,,,1.1045444011688232,,,,,,,,,,,,,,,,,,,,,,,,,,,,,,,,,,,,,
41,,,10375,,,,,,,,1.1184718608856201,,,,,,,,,,,,,,,,,,,,,,,,,,,,,,,,,,,,,
41,,,10376,,,,,,,,1.2030918598175049,,,,,,,,,,,,,,,,,,,,,,,,,,,,,,,,,,,,,
41,,,10377,,,,,,,,1.0864306688308716,,,,,,,,,,,,,,,,,,,,,,,,,,,,,,,,,,,,,
41,,,10378,,,,,,,,1.1018321514129639,,,,,,,,,,,,,,,,,,,,,,,,,,,,,,,,,,,,,
41,,,10379,,,,,,,,1.0933650732040405,,,,,,,,,,,,,,,,,,,,,,,,,,,,,,,,,,,,,
41,,,10380,,,,,,,,1.0903785228729248,,,,,,,,,,,,,,,,,,,,,,,,,,,,,,,,,,,,,
41,,,10381,,,,,,,,1.0876483917236328,,,,,,,,,,,,,,,,,,,,,,,,,,,,,,,,,,,,,
41,,,10382,,,,,,,,1.1006022691726685,,,,,,,,,,,,,,,,,,,,,,,,,,,,,,,,,,,,,
41,,,10383,,,,,,,,1.0986192226409912,,,,,,,,,,,,,,,,,,,,,,,,,,,,,,,,,,,,,
41,,,10384,,,,,,,,1.086358904838562,,,,,,,,,,,,,,,,,,,,,,,,,,,,,,,,,,,,,
41,,,10385,,,,,,,,1.1150095462799072,,,,,,,,,,,,,,,,,,,,,,,,,,,,,,,,,,,,,
41,,,10386,,,,,,,,1.0956053733825684,,,,,,,,,,,,,,,,,,,,,,,,,,,,,,,,,,,,,
41,,,10387,,,,,,,,1.1058024168014526,,,,,,,,,,,,,,,,,,,,,,,,,,,,,,,,,,,,,
41,,,10388,,,,,,,,1.0929147005081177,,,,,,,,,,,,,,,,,,,,,,,,,,,,,,,,,,,,,
41,,,10389,,,,,,,,1.1249935626983643,,,,,,,,,,,,,,,,,,,,,,,,,,,,,,,,,,,,,
41,,,10390,,,,,,,,1.0924510955810547,,,,,,,,,,,,,,,,,,,,,,,,,,,,,,,,,,,,,
41,,,10391,,,,,,,,1.1183074712753296,,,,,,,,,,,,,,,,,,,,,,,,,,,,,,,,,,,,,
41,,,10392,,,,,,,,1.1381878852844238,,,,,,,,,,,,,,,,,,,,,,,,,,,,,,,,,,,,,
41,,,10393,,,,,,,,1.0802407264709473,,,,,,,,,,,,,,,,,,,,,,,,,,,,,,,,,,,,,
41,,,10394,,,,,,,,1.1060760021209717,,,,,,,,,,,,,,,,,,,,,,,,,,,,,,,,,,,,,
41,,,10395,,,,,,,,1.1160807609558105,,,,,,,,,,,,,,,,,,,,,,,,,,,,,,,,,,,,,
41,,,10396,,,,,,,,1.235837459564209,,,,,,,,,,,,,,,,,,,,,,,,,,,,,,,,,,,,,
41,,,10397,,,,,,,,1.108843445777893,,,,,,,,,,,,,,,,,,,,,,,,,,,,,,,,,,,,,
41,,,10398,,,,,,,,1.2081654071807861,,,,,,,,,,,,,,,,,,,,,,,,,,,,,,,,,,,,,
41,,,10399,,,,,,,,1.112808346748352,,,,,,,,,,,,,,,,,,,,,,,,,,,,,,,,,,,,,
41,,,10400,,,,,,,,1.1006219387054443,,,,,,,,,,,,,,,,,,,,,,,,,,,,,,,,,,,,,
41,,,10401,,,,,,,,1.1008611917495728,,,,,,,,,,,,,,,,,,,,,,,,,,,,,,,,,,,,,
41,,,10402,,,,,,,,1.1384731531143188,,,,,,,,,,,,,,,,,,,,,,,,,,,,,,,,,,,,,
41,,,10403,,,,,,,,1.128808617591858,,,,,,,,,,,,,,,,,,,,,,,,,,,,,,,,,,,,,
41,,,10404,,,,,,,,1.1354334354400635,,,,,,,,,,,,,,,,,,,,,,,,,,,,,,,,,,,,,
41,,,10405,,,,,,,,1.0801362991333008,,,,,,,,,,,,,,,,,,,,,,,,,,,,,,,,,,,,,
41,,,10406,,,,,,,,1.0885920524597168,,,,,,,,,,,,,,,,,,,,,,,,,,,,,,,,,,,,,
41,,,10407,,,,,,,,1.0967764854431152,,,,,,,,,,,,,,,,,,,,,,,,,,,,,,,,,,,,,
41,,,10408,,,,,,,,1.0900617837905884,,,,,,,,,,,,,,,,,,,,,,,,,,,,,,,,,,,,,
41,,,10409,,,,,,,,1.0964906215667725,,,,,,,,,,,,,,,,,,,,,,,,,,,,,,,,,,,,,
41,,,10410,,,,,,,,1.1002947092056274,,,,,,,,,,,,,,,,,,,,,,,,,,,,,,,,,,,,,
41,,,10411,,,,,,,,1.1328697204589844,,,,,,,,,,,,,,,,,,,,,,,,,,,,,,,,,,,,,
41,,,10412,,,,,,,,1.0802675485610962,,,,,,,,,,,,,,,,,,,,,,,,,,,,,,,,,,,,,
41,,,10413,,,,,,,,1.0929110050201416,,,,,,,,,,,,,,,,,,,,,,,,,,,,,,,,,,,,,
41,,,10414,,,,,,,,1.0937340259552002,,,,,,,,,,,,,,,,,,,,,,,,,,,,,,,,,,,,,
41,,,10415,,,,,,,,1.106391429901123,,,,,,,,,,,,,,,,,,,,,,,,,,,,,,,,,,,,,
41,,,10416,,,,,,,,1.1710542440414429,,,,,,,,,,,,,,,,,,,,,,,,,,,,,,,,,,,,,
41,,,10417,,,,,,,,1.0812348127365112,,,,,,,,,,,,,,,,,,,,,,,,,,,,,,,,,,,,,
41,,,10418,,,,,,,,1.2185511589050293,,,,,,,,,,,,,,,,,,,,,,,,,,,,,,,,,,,,,
41,,,10419,,,,,,,,1.0928325653076172,,,,,,,,,,,,,,,,,,,,,,,,,,,,,,,,,,,,,
41,,,10420,,,,,,,,1.0972826480865479,,,,,,,,,,,,,,,,,,,,,,,,,,,,,,,,,,,,,
41,,,10421,,,,,,,,1.086666464805603,,,,,,,,,,,,,,,,,,,,,,,,,,,,,,,,,,,,,
41,,,10422,,,,,,,,1.2458834648132324,,,,,,,,,,,,,,,,,,,,,,,,,,,,,,,,,,,,,
41,,,10423,,,,,,,,1.1077381372451782,,,,,,,,,,,,,,,,,,,,,,,,,,,,,,,,,,,,,
41,,,10424,,,,,,,,1.0981426239013672,,,,,,,,,,,,,,,,,,,,,,,,,,,,,,,,,,,,,
41,,,10425,,,,,,,,1.148393154144287,,,,,,,,,,,,,,,,,,,,,,,,,,,,,,,,,,,,,
41,,,10426,,,,,,,,1.167782187461853,,,,,,,,,,,,,,,,,,,,,,,,,,,,,,,,,,,,,
41,,,10427,,,,,,,,1.1228928565979004,,,,,,,,,,,,,,,,,,,,,,,,,,,,,,,,,,,,,
41,,,10428,,,,,,,,1.107041597366333,,,,,,,,,,,,,,,,,,,,,,,,,,,,,,,,,,,,,
41,,,10429,,,,,,,,1.1401597261428833,,,,,,,,,,,,,,,,,,,,,,,,,,,,,,,,,,,,,
41,,,10430,,,,,,,,1.0815012454986572,,,,,,,,,,,,,,,,,,,,,,,,,,,,,,,,,,,,,
41,,,10431,,,,,,,,1.1115987300872803,,,,,,,,,,,,,,,,,,,,,,,,,,,,,,,,,,,,,
41,,,10432,,,,,,,,1.0925942659378052,,,,,,,,,,,,,,,,,,,,,,,,,,,,,,,,,,,,,
41,,,10433,,,,,,,,1.0882338285446167,,,,,,,,,,,,,,,,,,,,,,,,,,,,,,,,,,,,,
41,,,10434,,,,,,,,1.1048758029937744,,,,,,,,,,,,,,,,,,,,,,,,,,,,,,,,,,,,,
41,,,10435,,,,,,,,1.1077046394348145,,,,,,,,,,,,,,,,,,,,,,,,,,,,,,,,,,,,,
41,,,10436,,,,,,,,1.0819156169891357,,,,,,,,,,,,,,,,,,,,,,,,,,,,,,,,,,,,,
41,,,10437,,,,,,,,1.1292824745178223,,,,,,,,,,,,,,,,,,,,,,,,,,,,,,,,,,,,,
41,,,10438,,,,,,,,1.1062300205230713,,,,,,,,,,,,,,,,,,,,,,,,,,,,,,,,,,,,,
41,,,10439,,,,,,,,1.1108698844909668,,,,,,,,,,,,,,,,,,,,,,,,,,,,,,,,,,,,,
41,,,10440,,,,,,,,1.132854700088501,,,,,,,,,,,,,,,,,,,,,,,,,,,,,,,,,,,,,
41,,,10441,,,,,,,,1.0874145030975342,,,,,,,,,,,,,,,,,,,,,,,,,,,,,,,,,,,,,
41,,,10442,,,,,,,,1.1126083135604858,,,,,,,,,,,,,,,,,,,,,,,,,,,,,,,,,,,,,
41,,,10443,,,,,,,,1.1076674461364746,,,,,,,,,,,,,,,,,,,,,,,,,,,,,,,,,,,,,
41,,,10444,,,,,,,,1.086976408958435,,,,,,,,,,,,,,,,,,,,,,,,,,,,,,,,,,,,,
41,,,10445,,,,,,,,1.0879268646240234,,,,,,,,,,,,,,,,,,,,,,,,,,,,,,,,,,,,,
41,,,10446,,,,,,,,1.0911386013031006,,,,,,,,,,,,,,,,,,,,,,,,,,,,,,,,,,,,,
41,,,10447,,,,,,,,1.1369370222091675,,,,,,,,,,,,,,,,,,,,,,,,,,,,,,,,,,,,,
41,,,10448,,,,,,,,1.12855064868927,,,,,,,,,,,,,,,,,,,,,,,,,,,,,,,,,,,,,
41,,,10449,,,,,,,,1.0855971574783325,,,,,,,,,,,,,,,,,,,,,,,,,,,,,,,,,,,,,
41,,,10450,,,,,,,,1.0839415788650513,,,,,,,,,,,,,,,,,,,,,,,,,,,,,,,,,,,,,
41,,,10451,,,,,,,,1.1570343971252441,,,,,,,,,,,,,,,,,,,,,,,,,,,,,,,,,,,,,
41,,,10452,,,,,,,,1.0999507904052734,,,,,,,,,,,,,,,,,,,,,,,,,,,,,,,,,,,,,
41,,,10453,,,,,,,,1.0990114212036133,,,,,,,,,,,,,,,,,,,,,,,,,,,,,,,,,,,,,
41,,,10454,,,,,,,,1.0880389213562012,,,,,,,,,,,,,,,,,,,,,,,,,,,,,,,,,,,,,
41,,,10455,,,,,,,,1.1262675523757935,,,,,,,,,,,,,,,,,,,,,,,,,,,,,,,,,,,,,
41,,,10456,,,,,,,,1.0865062475204468,,,,,,,,,,,,,,,,,,,,,,,,,,,,,,,,,,,,,
41,,,10457,,,,,,,,1.0882048606872559,,,,,,,,,,,,,,,,,,,,,,,,,,,,,,,,,,,,,
41,,,10458,,,,,,,,1.0854064226150513,,,,,,,,,,,,,,,,,,,,,,,,,,,,,,,,,,,,,
41,,,10459,,,,,,,,1.0831077098846436,,,,,,,,,,,,,,,,,,,,,,,,,,,,,,,,,,,,,
41,,,10460,,,,,,,,1.1514230966567993,,,,,,,,,,,,,,,,,,,,,,,,,,,,,,,,,,,,,
41,,,10461,,,,,,,,1.0875204801559448,,,,,,,,,,,,,,,,,,,,,,,,,,,,,,,,,,,,,
41,,,10462,,,,,,,,1.1014522314071655,,,,,,,,,,,,,,,,,,,,,,,,,,,,,,,,,,,,,
41,,,10463,,,,,,,,1.0942192077636719,,,,,,,,,,,,,,,,,,,,,,,,,,,,,,,,,,,,,
41,,,10464,,,,,,,,1.1474337577819824,,,,,,,,,,,,,,,,,,,,,,,,,,,,,,,,,,,,,
41,,,10465,,,,,,,,1.1117537021636963,,,,,,,,,,,,,,,,,,,,,,,,,,,,,,,,,,,,,
41,,,10466,,,,,,,,1.092679500579834,,,,,,,,,,,,,,,,,,,,,,,,,,,,,,,,,,,,,
41,,,10467,,,,,,,,1.0980682373046875,,,,,,,,,,,,,,,,,,,,,,,,,,,,,,,,,,,,,
41,,,10468,,,,,,,,1.1030081510543823,,,,,,,,,,,,,,,,,,,,,,,,,,,,,,,,,,,,,
41,,,10469,,,,,,,,1.3270729780197144,,,,,,,,,,,,,,,,,,,,,,,,,,,,,,,,,,,,,
41,,,10470,,,,,,,,1.0977848768234253,,,,,,,,,,,,,,,,,,,,,,,,,,,,,,,,,,,,,
41,,,10471,,,,,,,,1.0871121883392334,,,,,,,,,,,,,,,,,,,,,,,,,,,,,,,,,,,,,
41,,,10472,,,,,,,,1.0819284915924072,,,,,,,,,,,,,,,,,,,,,,,,,,,,,,,,,,,,,
41,,,10473,,,,,,,,1.102568507194519,,,,,,,,,,,,,,,,,,,,,,,,,,,,,,,,,,,,,
41,,,10474,,,,,,,,1.1143591403961182,,,,,,,,,,,,,,,,,,,,,,,,,,,,,,,,,,,,,
41,,,10475,,,,,,,,1.092295527458191,,,,,,,,,,,,,,,,,,,,,,,,,,,,,,,,,,,,,
41,,,10476,,,,,,,,1.0907769203186035,,,,,,,,,,,,,,,,,,,,,,,,,,,,,,,,,,,,,
41,,,10477,,,,,,,,1.1172423362731934,,,,,,,,,,,,,,,,,,,,,,,,,,,,,,,,,,,,,
41,,,10478,,,,,,,,1.1145622730255127,,,,,,,,,,,,,,,,,,,,,,,,,,,,,,,,,,,,,
41,,,10479,,,,,,,,1.1270546913146973,,,,,,,,,,,,,,,,,,,,,,,,,,,,,,,,,,,,,
41,,,10480,,,,,,,,1.1414365768432617,,,,,,,,,,,,,,,,,,,,,,,,,,,,,,,,,,,,,
41,,,10481,,,,,,,,1.1020197868347168,,,,,,,,,,,,,,,,,,,,,,,,,,,,,,,,,,,,,
41,,,10482,,,,,,,,1.149880290031433,,,,,,,,,,,,,,,,,,,,,,,,,,,,,,,,,,,,,
41,,,10483,,,,,,,,1.11150324344635,,,,,,,,,,,,,,,,,,,,,,,,,,,,,,,,,,,,,
41,,,10484,,,,,,,,1.1041102409362793,,,,,,,,,,,,,,,,,,,,,,,,,,,,,,,,,,,,,
41,,,10485,,,,,,,,1.093324065208435,,,,,,,,,,,,,,,,,,,,,,,,,,,,,,,,,,,,,
41,,,10486,,,,,,,,1.10799241065979,,,,,,,,,,,,,,,,,,,,,,,,,,,,,,,,,,,,,
41,,,10487,,,,,,,,1.0921390056610107,,,,,,,,,,,,,,,,,,,,,,,,,,,,,,,,,,,,,
41,,,10488,,,,,,,,1.1068153381347656,,,,,,,,,,,,,,,,,,,,,,,,,,,,,,,,,,,,,
41,,,10489,,,,,,,,1.0884283781051636,,,,,,,,,,,,,,,,,,,,,,,,,,,,,,,,,,,,,
41,,,10490,,,,,,,,1.1448489427566528,,,,,,,,,,,,,,,,,,,,,,,,,,,,,,,,,,,,,
41,,,10491,,,,,,,,1.1014536619186401,,,,,,,,,,,,,,,,,,,,,,,,,,,,,,,,,,,,,
41,,,10492,,,,,,,,1.0906306505203247,,,,,,,,,,,,,,,,,,,,,,,,,,,,,,,,,,,,,
41,,,10493,,,,,,,,1.2211697101593018,,,,,,,,,,,,,,,,,,,,,,,,,,,,,,,,,,,,,
41,,,10494,,,,,,,,1.096574068069458,,,,,,,,,,,,,,,,,,,,,,,,,,,,,,,,,,,,,
41,,,10495,,,,,,,,1.1235277652740479,,,,,,,,,,,,,,,,,,,,,,,,,,,,,,,,,,,,,
41,,,10496,,,,,,,,1.1001312732696533,,,,,,,,,,,,,,,,,,,,,,,,,,,,,,,,,,,,,
41,,,10497,,,,,,,,1.0992200374603271,,,,,,,,,,,,,,,,,,,,,,,,,,,,,,,,,,,,,
41,,,10498,,,,,,,,1.1057792901992798,,,,,,,,,,,,,,,,,,,,,,,,,,,,,,,,,,,,,
41,,,10499,,,,,,,,1.0920913219451904,,,,,,,,,,,,,,,,,,,,,,,,,,,,,,,,,,,,,
41,,,10499,,,,,,,,,,,0.349479079246521,0.005797751247882843,0.669921875,1.33984375,54.966796875,0.669921875,271790.65625,0.8378469944000244,0.8378469944000244,,1.0,0.2960166931152344,54.966796875,0.669921875,0.9470852613449097,0.04760874807834625,22118.0,0.0019101654179394245,0.00285132578574121,0.4219423830509186,0.629838228225708,0.005676951725035906,1475.0,0.016967689618468285,0.025327865034341812,0.2651180624961853,0.39574477076530457,0.014284749515354633,7373.0,0.004851816687732935,0.007242362014949322,0.34657883644104004,0.517342209815979,0.016645651310682297,0.00037276724469847977
41,,20.0,10499,265567.875,0.850868821144104,0.8525113463401794,,1.107772707939148,0.8525113463401794,1.0,,0.2993847727775574,0.9235000014305115,,,,,,,,,,,,,,,,,,,,,,,,,,,,,,,,,,,
,1.8553997993420465e-05,,10500,,,,,,,,,,,,,,,,,,,,,,,,,,,,,,,,,,,,,,,,,,,,,
42,,,10500,,,,,,,,1.095961332321167,,,,,,,,,,,,,,,,,,,,,,,,,,,,,,,,,,,,,
42,,,10501,,,,,,,,1.105591893196106,,,,,,,,,,,,,,,,,,,,,,,,,,,,,,,,,,,,,
42,,,10502,,,,,,,,1.1071422100067139,,,,,,,,,,,,,,,,,,,,,,,,,,,,,,,,,,,,,
42,,,10503,,,,,,,,1.0903116464614868,,,,,,,,,,,,,,,,,,,,,,,,,,,,,,,,,,,,,
42,,,10504,,,,,,,,1.1294291019439697,,,,,,,,,,,,,,,,,,,,,,,,,,,,,,,,,,,,,
42,,,10505,,,,,,,,1.0947688817977905,,,,,,,,,,,,,,,,,,,,,,,,,,,,,,,,,,,,,
42,,,10506,,,,,,,,1.082495927810669,,,,,,,,,,,,,,,,,,,,,,,,,,,,,,,,,,,,,
42,,,10507,,,,,,,,1.0859737396240234,,,,,,,,,,,,,,,,,,,,,,,,,,,,,,,,,,,,,
42,,,10508,,,,,,,,1.0875152349472046,,,,,,,,,,,,,,,,,,,,,,,,,,,,,,,,,,,,,
42,,,10509,,,,,,,,1.1020164489746094,,,,,,,,,,,,,,,,,,,,,,,,,,,,,,,,,,,,,
42,,,10510,,,,,,,,1.091477632522583,,,,,,,,,,,,,,,,,,,,,,,,,,,,,,,,,,,,,
42,,,10511,,,,,,,,1.0998163223266602,,,,,,,,,,,,,,,,,,,,,,,,,,,,,,,,,,,,,
42,,,10512,,,,,,,,1.1146891117095947,,,,,,,,,,,,,,,,,,,,,,,,,,,,,,,,,,,,,
42,,,10513,,,,,,,,1.0820103883743286,,,,,,,,,,,,,,,,,,,,,,,,,,,,,,,,,,,,,
42,,,10514,,,,,,,,1.1153305768966675,,,,,,,,,,,,,,,,,,,,,,,,,,,,,,,,,,,,,
42,,,10515,,,,,,,,1.207247257232666,,,,,,,,,,,,,,,,,,,,,,,,,,,,,,,,,,,,,
42,,,10516,,,,,,,,1.1470974683761597,,,,,,,,,,,,,,,,,,,,,,,,,,,,,,,,,,,,,
42,,,10517,,,,,,,,1.0869563817977905,,,,,,,,,,,,,,,,,,,,,,,,,,,,,,,,,,,,,
42,,,10518,,,,,,,,1.1039800643920898,,,,,,,,,,,,,,,,,,,,,,,,,,,,,,,,,,,,,
42,,,10519,,,,,,,,1.0886964797973633,,,,,,,,,,,,,,,,,,,,,,,,,,,,,,,,,,,,,
42,,,10520,,,,,,,,1.0923253297805786,,,,,,,,,,,,,,,,,,,,,,,,,,,,,,,,,,,,,
42,,,10521,,,,,,,,1.1026318073272705,,,,,,,,,,,,,,,,,,,,,,,,,,,,,,,,,,,,,
42,,,10522,,,,,,,,1.1104921102523804,,,,,,,,,,,,,,,,,,,,,,,,,,,,,,,,,,,,,
42,,,10523,,,,,,,,1.0807013511657715,,,,,,,,,,,,,,,,,,,,,,,,,,,,,,,,,,,,,
42,,,10524,,,,,,,,1.0878591537475586,,,,,,,,,,,,,,,,,,,,,,,,,,,,,,,,,,,,,
42,,,10525,,,,,,,,1.1026051044464111,,,,,,,,,,,,,,,,,,,,,,,,,,,,,,,,,,,,,
42,,,10526,,,,,,,,1.0866810083389282,,,,,,,,,,,,,,,,,,,,,,,,,,,,,,,,,,,,,
42,,,10527,,,,,,,,1.0813170671463013,,,,,,,,,,,,,,,,,,,,,,,,,,,,,,,,,,,,,
42,,,10528,,,,,,,,1.1778053045272827,,,,,,,,,,,,,,,,,,,,,,,,,,,,,,,,,,,,,
42,,,10529,,,,,,,,1.159659504890442,,,,,,,,,,,,,,,,,,,,,,,,,,,,,,,,,,,,,
42,,,10530,,,,,,,,1.0934638977050781,,,,,,,,,,,,,,,,,,,,,,,,,,,,,,,,,,,,,
42,,,10531,,,,,,,,1.087615966796875,,,,,,,,,,,,,,,,,,,,,,,,,,,,,,,,,,,,,
42,,,10532,,,,,,,,1.0889434814453125,,,,,,,,,,,,,,,,,,,,,,,,,,,,,,,,,,,,,
42,,,10533,,,,,,,,1.0981987714767456,,,,,,,,,,,,,,,,,,,,,,,,,,,,,,,,,,,,,
42,,,10534,,,,,,,,1.1085175275802612,,,,,,,,,,,,,,,,,,,,,,,,,,,,,,,,,,,,,
42,,,10535,,,,,,,,1.1630760431289673,,,,,,,,,,,,,,,,,,,,,,,,,,,,,,,,,,,,,
42,,,10536,,,,,,,,1.1058913469314575,,,,,,,,,,,,,,,,,,,,,,,,,,,,,,,,,,,,,
42,,,10537,,,,,,,,1.127855658531189,,,,,,,,,,,,,,,,,,,,,,,,,,,,,,,,,,,,,
42,,,10538,,,,,,,,1.0859146118164062,,,,,,,,,,,,,,,,,,,,,,,,,,,,,,,,,,,,,
42,,,10539,,,,,,,,1.1139106750488281,,,,,,,,,,,,,,,,,,,,,,,,,,,,,,,,,,,,,
42,,,10540,,,,,,,,1.087064504623413,,,,,,,,,,,,,,,,,,,,,,,,,,,,,,,,,,,,,
42,,,10541,,,,,,,,1.080972671508789,,,,,,,,,,,,,,,,,,,,,,,,,,,,,,,,,,,,,
42,,,10542,,,,,,,,1.0875259637832642,,,,,,,,,,,,,,,,,,,,,,,,,,,,,,,,,,,,,
42,,,10543,,,,,,,,1.0904719829559326,,,,,,,,,,,,,,,,,,,,,,,,,,,,,,,,,,,,,
42,,,10544,,,,,,,,1.0802284479141235,,,,,,,,,,,,,,,,,,,,,,,,,,,,,,,,,,,,,
42,,,10545,,,,,,,,1.1222437620162964,,,,,,,,,,,,,,,,,,,,,,,,,,,,,,,,,,,,,
42,,,10546,,,,,,,,1.1273257732391357,,,,,,,,,,,,,,,,,,,,,,,,,,,,,,,,,,,,,
42,,,10547,,,,,,,,1.085003137588501,,,,,,,,,,,,,,,,,,,,,,,,,,,,,,,,,,,,,
42,,,10548,,,,,,,,1.0823674201965332,,,,,,,,,,,,,,,,,,,,,,,,,,,,,,,,,,,,,
42,,,10549,,,,,,,,1.0964856147766113,,,,,,,,,,,,,,,,,,,,,,,,,,,,,,,,,,,,,
42,,,10550,,,,,,,,1.1067276000976562,,,,,,,,,,,,,,,,,,,,,,,,,,,,,,,,,,,,,
42,,,10551,,,,,,,,1.083398461341858,,,,,,,,,,,,,,,,,,,,,,,,,,,,,,,,,,,,,
42,,,10552,,,,,,,,1.1029000282287598,,,,,,,,,,,,,,,,,,,,,,,,,,,,,,,,,,,,,
42,,,10553,,,,,,,,1.0829768180847168,,,,,,,,,,,,,,,,,,,,,,,,,,,,,,,,,,,,,
42,,,10554,,,,,,,,1.0899131298065186,,,,,,,,,,,,,,,,,,,,,,,,,,,,,,,,,,,,,
42,,,10555,,,,,,,,1.1092796325683594,,,,,,,,,,,,,,,,,,,,,,,,,,,,,,,,,,,,,
42,,,10556,,,,,,,,1.0911071300506592,,,,,,,,,,,,,,,,,,,,,,,,,,,,,,,,,,,,,
42,,,10557,,,,,,,,1.0950672626495361,,,,,,,,,,,,,,,,,,,,,,,,,,,,,,,,,,,,,
42,,,10558,,,,,,,,1.1028056144714355,,,,,,,,,,,,,,,,,,,,,,,,,,,,,,,,,,,,,
42,,,10559,,,,,,,,1.1004101037979126,,,,,,,,,,,,,,,,,,,,,,,,,,,,,,,,,,,,,
42,,,10560,,,,,,,,1.1157596111297607,,,,,,,,,,,,,,,,,,,,,,,,,,,,,,,,,,,,,
42,,,10561,,,,,,,,1.1017848253250122,,,,,,,,,,,,,,,,,,,,,,,,,,,,,,,,,,,,,
42,,,10562,,,,,,,,1.0808196067810059,,,,,,,,,,,,,,,,,,,,,,,,,,,,,,,,,,,,,
42,,,10563,,,,,,,,1.1050270795822144,,,,,,,,,,,,,,,,,,,,,,,,,,,,,,,,,,,,,
42,,,10564,,,,,,,,1.0916718244552612,,,,,,,,,,,,,,,,,,,,,,,,,,,,,,,,,,,,,
42,,,10565,,,,,,,,1.0831319093704224,,,,,,,,,,,,,,,,,,,,,,,,,,,,,,,,,,,,,
42,,,10566,,,,,,,,1.0800658464431763,,,,,,,,,,,,,,,,,,,,,,,,,,,,,,,,,,,,,
42,,,10567,,,,,,,,1.1060006618499756,,,,,,,,,,,,,,,,,,,,,,,,,,,,,,,,,,,,,
42,,,10568,,,,,,,,1.0920133590698242,,,,,,,,,,,,,,,,,,,,,,,,,,,,,,,,,,,,,
42,,,10569,,,,,,,,1.1153367757797241,,,,,,,,,,,,,,,,,,,,,,,,,,,,,,,,,,,,,
42,,,10570,,,,,,,,1.0908123254776,,,,,,,,,,,,,,,,,,,,,,,,,,,,,,,,,,,,,
42,,,10571,,,,,,,,1.108078122138977,,,,,,,,,,,,,,,,,,,,,,,,,,,,,,,,,,,,,
42,,,10572,,,,,,,,1.0871047973632812,,,,,,,,,,,,,,,,,,,,,,,,,,,,,,,,,,,,,
42,,,10573,,,,,,,,1.0820364952087402,,,,,,,,,,,,,,,,,,,,,,,,,,,,,,,,,,,,,
42,,,10574,,,,,,,,1.0963361263275146,,,,,,,,,,,,,,,,,,,,,,,,,,,,,,,,,,,,,
42,,,10575,,,,,,,,1.0930290222167969,,,,,,,,,,,,,,,,,,,,,,,,,,,,,,,,,,,,,
42,,,10576,,,,,,,,1.0877468585968018,,,,,,,,,,,,,,,,,,,,,,,,,,,,,,,,,,,,,
42,,,10577,,,,,,,,1.0914218425750732,,,,,,,,,,,,,,,,,,,,,,,,,,,,,,,,,,,,,
42,,,10578,,,,,,,,1.1155239343643188,,,,,,,,,,,,,,,,,,,,,,,,,,,,,,,,,,,,,
42,,,10579,,,,,,,,1.0914955139160156,,,,,,,,,,,,,,,,,,,,,,,,,,,,,,,,,,,,,
42,,,10580,,,,,,,,1.0987292528152466,,,,,,,,,,,,,,,,,,,,,,,,,,,,,,,,,,,,,
42,,,10581,,,,,,,,1.1009348630905151,,,,,,,,,,,,,,,,,,,,,,,,,,,,,,,,,,,,,
42,,,10582,,,,,,,,1.0919805765151978,,,,,,,,,,,,,,,,,,,,,,,,,,,,,,,,,,,,,
42,,,10583,,,,,,,,1.0803879499435425,,,,,,,,,,,,,,,,,,,,,,,,,,,,,,,,,,,,,
42,,,10584,,,,,,,,1.0971318483352661,,,,,,,,,,,,,,,,,,,,,,,,,,,,,,,,,,,,,
42,,,10585,,,,,,,,1.097973346710205,,,,,,,,,,,,,,,,,,,,,,,,,,,,,,,,,,,,,
42,,,10586,,,,,,,,1.1218674182891846,,,,,,,,,,,,,,,,,,,,,,,,,,,,,,,,,,,,,
42,,,10587,,,,,,,,1.0815422534942627,,,,,,,,,,,,,,,,,,,,,,,,,,,,,,,,,,,,,
42,,,10588,,,,,,,,1.0928370952606201,,,,,,,,,,,,,,,,,,,,,,,,,,,,,,,,,,,,,
42,,,10589,,,,,,,,1.0957460403442383,,,,,,,,,,,,,,,,,,,,,,,,,,,,,,,,,,,,,
42,,,10590,,,,,,,,1.2165344953536987,,,,,,,,,,,,,,,,,,,,,,,,,,,,,,,,,,,,,
42,,,10591,,,,,,,,1.1191405057907104,,,,,,,,,,,,,,,,,,,,,,,,,,,,,,,,,,,,,
42,,,10592,,,,,,,,1.0842770338058472,,,,,,,,,,,,,,,,,,,,,,,,,,,,,,,,,,,,,
42,,,10593,,,,,,,,1.1452583074569702,,,,,,,,,,,,,,,,,,,,,,,,,,,,,,,,,,,,,
42,,,10594,,,,,,,,1.0801831483840942,,,,,,,,,,,,,,,,,,,,,,,,,,,,,,,,,,,,,
42,,,10595,,,,,,,,1.153061866760254,,,,,,,,,,,,,,,,,,,,,,,,,,,,,,,,,,,,,
42,,,10596,,,,,,,,1.1210699081420898,,,,,,,,,,,,,,,,,,,,,,,,,,,,,,,,,,,,,
42,,,10597,,,,,,,,1.0995866060256958,,,,,,,,,,,,,,,,,,,,,,,,,,,,,,,,,,,,,
42,,,10598,,,,,,,,1.0820120573043823,,,,,,,,,,,,,,,,,,,,,,,,,,,,,,,,,,,,,
42,,,10599,,,,,,,,1.0955479145050049,,,,,,,,,,,,,,,,,,,,,,,,,,,,,,,,,,,,,
42,,,10600,,,,,,,,1.1073155403137207,,,,,,,,,,,,,,,,,,,,,,,,,,,,,,,,,,,,,
42,,,10601,,,,,,,,1.0896869897842407,,,,,,,,,,,,,,,,,,,,,,,,,,,,,,,,,,,,,
42,,,10602,,,,,,,,1.0884137153625488,,,,,,,,,,,,,,,,,,,,,,,,,,,,,,,,,,,,,
42,,,10603,,,,,,,,1.092142105102539,,,,,,,,,,,,,,,,,,,,,,,,,,,,,,,,,,,,,
42,,,10604,,,,,,,,1.0874552726745605,,,,,,,,,,,,,,,,,,,,,,,,,,,,,,,,,,,,,
42,,,10605,,,,,,,,1.1411809921264648,,,,,,,,,,,,,,,,,,,,,,,,,,,,,,,,,,,,,
42,,,10606,,,,,,,,1.1112991571426392,,,,,,,,,,,,,,,,,,,,,,,,,,,,,,,,,,,,,
42,,,10607,,,,,,,,1.142988920211792,,,,,,,,,,,,,,,,,,,,,,,,,,,,,,,,,,,,,
42,,,10608,,,,,,,,1.0971815586090088,,,,,,,,,,,,,,,,,,,,,,,,,,,,,,,,,,,,,
42,,,10609,,,,,,,,1.0915783643722534,,,,,,,,,,,,,,,,,,,,,,,,,,,,,,,,,,,,,
42,,,10610,,,,,,,,1.0811512470245361,,,,,,,,,,,,,,,,,,,,,,,,,,,,,,,,,,,,,
42,,,10611,,,,,,,,1.105013370513916,,,,,,,,,,,,,,,,,,,,,,,,,,,,,,,,,,,,,
42,,,10612,,,,,,,,1.1050591468811035,,,,,,,,,,,,,,,,,,,,,,,,,,,,,,,,,,,,,
42,,,10613,,,,,,,,1.0886880159378052,,,,,,,,,,,,,,,,,,,,,,,,,,,,,,,,,,,,,
42,,,10614,,,,,,,,1.0901148319244385,,,,,,,,,,,,,,,,,,,,,,,,,,,,,,,,,,,,,
42,,,10615,,,,,,,,1.0903551578521729,,,,,,,,,,,,,,,,,,,,,,,,,,,,,,,,,,,,,
42,,,10616,,,,,,,,1.132185697555542,,,,,,,,,,,,,,,,,,,,,,,,,,,,,,,,,,,,,
42,,,10617,,,,,,,,1.1237351894378662,,,,,,,,,,,,,,,,,,,,,,,,,,,,,,,,,,,,,
42,,,10618,,,,,,,,1.0880080461502075,,,,,,,,,,,,,,,,,,,,,,,,,,,,,,,,,,,,,
42,,,10619,,,,,,,,1.0970888137817383,,,,,,,,,,,,,,,,,,,,,,,,,,,,,,,,,,,,,
42,,,10620,,,,,,,,1.119048833847046,,,,,,,,,,,,,,,,,,,,,,,,,,,,,,,,,,,,,
42,,,10621,,,,,,,,1.088155746459961,,,,,,,,,,,,,,,,,,,,,,,,,,,,,,,,,,,,,
42,,,10622,,,,,,,,1.0972576141357422,,,,,,,,,,,,,,,,,,,,,,,,,,,,,,,,,,,,,
42,,,10623,,,,,,,,1.137648582458496,,,,,,,,,,,,,,,,,,,,,,,,,,,,,,,,,,,,,
42,,,10624,,,,,,,,1.10190749168396,,,,,,,,,,,,,,,,,,,,,,,,,,,,,,,,,,,,,
42,,,10625,,,,,,,,1.080869436264038,,,,,,,,,,,,,,,,,,,,,,,,,,,,,,,,,,,,,
42,,,10626,,,,,,,,1.086209774017334,,,,,,,,,,,,,,,,,,,,,,,,,,,,,,,,,,,,,
42,,,10627,,,,,,,,1.088126540184021,,,,,,,,,,,,,,,,,,,,,,,,,,,,,,,,,,,,,
42,,,10628,,,,,,,,1.0934300422668457,,,,,,,,,,,,,,,,,,,,,,,,,,,,,,,,,,,,,
42,,,10629,,,,,,,,1.1128381490707397,,,,,,,,,,,,,,,,,,,,,,,,,,,,,,,,,,,,,
42,,,10630,,,,,,,,1.0929054021835327,,,,,,,,,,,,,,,,,,,,,,,,,,,,,,,,,,,,,
42,,,10631,,,,,,,,1.1571800708770752,,,,,,,,,,,,,,,,,,,,,,,,,,,,,,,,,,,,,
42,,,10632,,,,,,,,1.1284117698669434,,,,,,,,,,,,,,,,,,,,,,,,,,,,,,,,,,,,,
42,,,10633,,,,,,,,1.1241403818130493,,,,,,,,,,,,,,,,,,,,,,,,,,,,,,,,,,,,,
42,,,10634,,,,,,,,1.1082946062088013,,,,,,,,,,,,,,,,,,,,,,,,,,,,,,,,,,,,,
42,,,10635,,,,,,,,1.0807620286941528,,,,,,,,,,,,,,,,,,,,,,,,,,,,,,,,,,,,,
42,,,10636,,,,,,,,1.0856776237487793,,,,,,,,,,,,,,,,,,,,,,,,,,,,,,,,,,,,,
42,,,10637,,,,,,,,1.1070160865783691,,,,,,,,,,,,,,,,,,,,,,,,,,,,,,,,,,,,,
42,,,10638,,,,,,,,1.2100284099578857,,,,,,,,,,,,,,,,,,,,,,,,,,,,,,,,,,,,,
42,,,10639,,,,,,,,1.1406846046447754,,,,,,,,,,,,,,,,,,,,,,,,,,,,,,,,,,,,,
42,,,10640,,,,,,,,1.1308958530426025,,,,,,,,,,,,,,,,,,,,,,,,,,,,,,,,,,,,,
42,,,10641,,,,,,,,1.090583086013794,,,,,,,,,,,,,,,,,,,,,,,,,,,,,,,,,,,,,
42,,,10642,,,,,,,,1.0820677280426025,,,,,,,,,,,,,,,,,,,,,,,,,,,,,,,,,,,,,
42,,,10643,,,,,,,,1.1880911588668823,,,,,,,,,,,,,,,,,,,,,,,,,,,,,,,,,,,,,
42,,,10644,,,,,,,,1.0965675115585327,,,,,,,,,,,,,,,,,,,,,,,,,,,,,,,,,,,,,
42,,,10645,,,,,,,,1.0869078636169434,,,,,,,,,,,,,,,,,,,,,,,,,,,,,,,,,,,,,
42,,,10646,,,,,,,,1.0974669456481934,,,,,,,,,,,,,,,,,,,,,,,,,,,,,,,,,,,,,
42,,,10647,,,,,,,,1.0828487873077393,,,,,,,,,,,,,,,,,,,,,,,,,,,,,,,,,,,,,
42,,,10648,,,,,,,,1.080348253250122,,,,,,,,,,,,,,,,,,,,,,,,,,,,,,,,,,,,,
42,,,10649,,,,,,,,1.106586217880249,,,,,,,,,,,,,,,,,,,,,,,,,,,,,,,,,,,,,
42,,,10650,,,,,,,,1.0895726680755615,,,,,,,,,,,,,,,,,,,,,,,,,,,,,,,,,,,,,
42,,,10651,,,,,,,,1.0907707214355469,,,,,,,,,,,,,,,,,,,,,,,,,,,,,,,,,,,,,
42,,,10652,,,,,,,,1.1681339740753174,,,,,,,,,,,,,,,,,,,,,,,,,,,,,,,,,,,,,
42,,,10653,,,,,,,,1.1096030473709106,,,,,,,,,,,,,,,,,,,,,,,,,,,,,,,,,,,,,
42,,,10654,,,,,,,,1.0827208757400513,,,,,,,,,,,,,,,,,,,,,,,,,,,,,,,,,,,,,
42,,,10655,,,,,,,,1.1962778568267822,,,,,,,,,,,,,,,,,,,,,,,,,,,,,,,,,,,,,
42,,,10656,,,,,,,,1.103516936302185,,,,,,,,,,,,,,,,,,,,,,,,,,,,,,,,,,,,,
42,,,10657,,,,,,,,1.097739338874817,,,,,,,,,,,,,,,,,,,,,,,,,,,,,,,,,,,,,
42,,,10658,,,,,,,,1.0960545539855957,,,,,,,,,,,,,,,,,,,,,,,,,,,,,,,,,,,,,
42,,,10659,,,,,,,,1.1292638778686523,,,,,,,,,,,,,,,,,,,,,,,,,,,,,,,,,,,,,
42,,,10660,,,,,,,,1.0881832838058472,,,,,,,,,,,,,,,,,,,,,,,,,,,,,,,,,,,,,
42,,,10661,,,,,,,,1.081730842590332,,,,,,,,,,,,,,,,,,,,,,,,,,,,,,,,,,,,,
42,,,10662,,,,,,,,1.08221435546875,,,,,,,,,,,,,,,,,,,,,,,,,,,,,,,,,,,,,
42,,,10663,,,,,,,,1.0818740129470825,,,,,,,,,,,,,,,,,,,,,,,,,,,,,,,,,,,,,
42,,,10664,,,,,,,,1.0930101871490479,,,,,,,,,,,,,,,,,,,,,,,,,,,,,,,,,,,,,
42,,,10665,,,,,,,,1.0842764377593994,,,,,,,,,,,,,,,,,,,,,,,,,,,,,,,,,,,,,
42,,,10666,,,,,,,,1.0819690227508545,,,,,,,,,,,,,,,,,,,,,,,,,,,,,,,,,,,,,
42,,,10667,,,,,,,,1.0832140445709229,,,,,,,,,,,,,,,,,,,,,,,,,,,,,,,,,,,,,
42,,,10668,,,,,,,,1.115236520767212,,,,,,,,,,,,,,,,,,,,,,,,,,,,,,,,,,,,,
42,,,10669,,,,,,,,1.1034982204437256,,,,,,,,,,,,,,,,,,,,,,,,,,,,,,,,,,,,,
42,,,10670,,,,,,,,1.097419023513794,,,,,,,,,,,,,,,,,,,,,,,,,,,,,,,,,,,,,
42,,,10671,,,,,,,,1.1072821617126465,,,,,,,,,,,,,,,,,,,,,,,,,,,,,,,,,,,,,
42,,,10672,,,,,,,,1.0805959701538086,,,,,,,,,,,,,,,,,,,,,,,,,,,,,,,,,,,,,
42,,,10673,,,,,,,,1.1018328666687012,,,,,,,,,,,,,,,,,,,,,,,,,,,,,,,,,,,,,
42,,,10674,,,,,,,,1.0913665294647217,,,,,,,,,,,,,,,,,,,,,,,,,,,,,,,,,,,,,
42,,,10675,,,,,,,,1.0979458093643188,,,,,,,,,,,,,,,,,,,,,,,,,,,,,,,,,,,,,
42,,,10676,,,,,,,,1.0853029489517212,,,,,,,,,,,,,,,,,,,,,,,,,,,,,,,,,,,,,
42,,,10677,,,,,,,,1.0907726287841797,,,,,,,,,,,,,,,,,,,,,,,,,,,,,,,,,,,,,
42,,,10678,,,,,,,,1.100326657295227,,,,,,,,,,,,,,,,,,,,,,,,,,,,,,,,,,,,,
42,,,10679,,,,,,,,1.0999739170074463,,,,,,,,,,,,,,,,,,,,,,,,,,,,,,,,,,,,,
42,,,10680,,,,,,,,1.088891863822937,,,,,,,,,,,,,,,,,,,,,,,,,,,,,,,,,,,,,
42,,,10681,,,,,,,,1.1034259796142578,,,,,,,,,,,,,,,,,,,,,,,,,,,,,,,,,,,,,
42,,,10682,,,,,,,,1.1420716047286987,,,,,,,,,,,,,,,,,,,,,,,,,,,,,,,,,,,,,
42,,,10683,,,,,,,,1.1389238834381104,,,,,,,,,,,,,,,,,,,,,,,,,,,,,,,,,,,,,
42,,,10684,,,,,,,,1.1066495180130005,,,,,,,,,,,,,,,,,,,,,,,,,,,,,,,,,,,,,
42,,,10685,,,,,,,,1.1750150918960571,,,,,,,,,,,,,,,,,,,,,,,,,,,,,,,,,,,,,
42,,,10686,,,,,,,,1.0909446477890015,,,,,,,,,,,,,,,,,,,,,,,,,,,,,,,,,,,,,
42,,,10687,,,,,,,,1.0931401252746582,,,,,,,,,,,,,,,,,,,,,,,,,,,,,,,,,,,,,
42,,,10688,,,,,,,,1.0975816249847412,,,,,,,,,,,,,,,,,,,,,,,,,,,,,,,,,,,,,
42,,,10689,,,,,,,,1.1039388179779053,,,,,,,,,,,,,,,,,,,,,,,,,,,,,,,,,,,,,
42,,,10690,,,,,,,,1.1087661981582642,,,,,,,,,,,,,,,,,,,,,,,,,,,,,,,,,,,,,
42,,,10691,,,,,,,,1.1013758182525635,,,,,,,,,,,,,,,,,,,,,,,,,,,,,,,,,,,,,
42,,,10692,,,,,,,,1.0906025171279907,,,,,,,,,,,,,,,,,,,,,,,,,,,,,,,,,,,,,
42,,,10693,,,,,,,,1.0888340473175049,,,,,,,,,,,,,,,,,,,,,,,,,,,,,,,,,,,,,
42,,,10694,,,,,,,,1.0932507514953613,,,,,,,,,,,,,,,,,,,,,,,,,,,,,,,,,,,,,
42,,,10695,,,,,,,,1.0970607995986938,,,,,,,,,,,,,,,,,,,,,,,,,,,,,,,,,,,,,
42,,,10696,,,,,,,,1.0808621644973755,,,,,,,,,,,,,,,,,,,,,,,,,,,,,,,,,,,,,
42,,,10697,,,,,,,,1.12709641456604,,,,,,,,,,,,,,,,,,,,,,,,,,,,,,,,,,,,,
42,,,10698,,,,,,,,1.0814337730407715,,,,,,,,,,,,,,,,,,,,,,,,,,,,,,,,,,,,,
42,,,10699,,,,,,,,1.1275780200958252,,,,,,,,,,,,,,,,,,,,,,,,,,,,,,,,,,,,,
42,,,10700,,,,,,,,1.0976431369781494,,,,,,,,,,,,,,,,,,,,,,,,,,,,,,,,,,,,,
42,,,10701,,,,,,,,1.1038565635681152,,,,,,,,,,,,,,,,,,,,,,,,,,,,,,,,,,,,,
42,,,10702,,,,,,,,1.1027873754501343,,,,,,,,,,,,,,,,,,,,,,,,,,,,,,,,,,,,,
42,,,10703,,,,,,,,1.137514352798462,,,,,,,,,,,,,,,,,,,,,,,,,,,,,,,,,,,,,
42,,,10704,,,,,,,,1.0908799171447754,,,,,,,,,,,,,,,,,,,,,,,,,,,,,,,,,,,,,
42,,,10705,,,,,,,,1.0807030200958252,,,,,,,,,,,,,,,,,,,,,,,,,,,,,,,,,,,,,
42,,,10706,,,,,,,,1.0813888311386108,,,,,,,,,,,,,,,,,,,,,,,,,,,,,,,,,,,,,
42,,,10707,,,,,,,,1.086118221282959,,,,,,,,,,,,,,,,,,,,,,,,,,,,,,,,,,,,,
42,,,10708,,,,,,,,1.0889666080474854,,,,,,,,,,,,,,,,,,,,,,,,,,,,,,,,,,,,,
42,,,10709,,,,,,,,1.08866548538208,,,,,,,,,,,,,,,,,,,,,,,,,,,,,,,,,,,,,
42,,,10710,,,,,,,,1.1063525676727295,,,,,,,,,,,,,,,,,,,,,,,,,,,,,,,,,,,,,
42,,,10711,,,,,,,,1.0878381729125977,,,,,,,,,,,,,,,,,,,,,,,,,,,,,,,,,,,,,
42,,,10712,,,,,,,,1.0971448421478271,,,,,,,,,,,,,,,,,,,,,,,,,,,,,,,,,,,,,
42,,,10713,,,,,,,,1.09119713306427,,,,,,,,,,,,,,,,,,,,,,,,,,,,,,,,,,,,,
42,,,10714,,,,,,,,1.0901451110839844,,,,,,,,,,,,,,,,,,,,,,,,,,,,,,,,,,,,,
42,,,10715,,,,,,,,1.0941016674041748,,,,,,,,,,,,,,,,,,,,,,,,,,,,,,,,,,,,,
42,,,10716,,,,,,,,1.0986378192901611,,,,,,,,,,,,,,,,,,,,,,,,,,,,,,,,,,,,,
42,,,10717,,,,,,,,1.1037760972976685,,,,,,,,,,,,,,,,,,,,,,,,,,,,,,,,,,,,,
42,,,10718,,,,,,,,1.1330337524414062,,,,,,,,,,,,,,,,,,,,,,,,,,,,,,,,,,,,,
42,,,10719,,,,,,,,1.0974657535552979,,,,,,,,,,,,,,,,,,,,,,,,,,,,,,,,,,,,,
42,,,10720,,,,,,,,1.0803561210632324,,,,,,,,,,,,,,,,,,,,,,,,,,,,,,,,,,,,,
42,,,10721,,,,,,,,1.0954209566116333,,,,,,,,,,,,,,,,,,,,,,,,,,,,,,,,,,,,,
42,,,10722,,,,,,,,1.0931791067123413,,,,,,,,,,,,,,,,,,,,,,,,,,,,,,,,,,,,,
42,,,10723,,,,,,,,1.086836576461792,,,,,,,,,,,,,,,,,,,,,,,,,,,,,,,,,,,,,
42,,,10724,,,,,,,,1.103492021560669,,,,,,,,,,,,,,,,,,,,,,,,,,,,,,,,,,,,,
42,,,10725,,,,,,,,1.0981955528259277,,,,,,,,,,,,,,,,,,,,,,,,,,,,,,,,,,,,,
42,,,10726,,,,,,,,1.135968804359436,,,,,,,,,,,,,,,,,,,,,,,,,,,,,,,,,,,,,
42,,,10727,,,,,,,,1.109538197517395,,,,,,,,,,,,,,,,,,,,,,,,,,,,,,,,,,,,,
42,,,10728,,,,,,,,1.1420587301254272,,,,,,,,,,,,,,,,,,,,,,,,,,,,,,,,,,,,,
42,,,10729,,,,,,,,1.0812727212905884,,,,,,,,,,,,,,,,,,,,,,,,,,,,,,,,,,,,,
42,,,10730,,,,,,,,1.0906589031219482,,,,,,,,,,,,,,,,,,,,,,,,,,,,,,,,,,,,,
42,,,10731,,,,,,,,1.0818101167678833,,,,,,,,,,,,,,,,,,,,,,,,,,,,,,,,,,,,,
42,,,10732,,,,,,,,1.0845937728881836,,,,,,,,,,,,,,,,,,,,,,,,,,,,,,,,,,,,,
42,,,10733,,,,,,,,1.119446039199829,,,,,,,,,,,,,,,,,,,,,,,,,,,,,,,,,,,,,
42,,,10734,,,,,,,,1.1216740608215332,,,,,,,,,,,,,,,,,,,,,,,,,,,,,,,,,,,,,
42,,,10735,,,,,,,,1.1160796880722046,,,,,,,,,,,,,,,,,,,,,,,,,,,,,,,,,,,,,
42,,,10736,,,,,,,,1.082442045211792,,,,,,,,,,,,,,,,,,,,,,,,,,,,,,,,,,,,,
42,,,10737,,,,,,,,1.0994117259979248,,,,,,,,,,,,,,,,,,,,,,,,,,,,,,,,,,,,,
42,,,10738,,,,,,,,1.0924853086471558,,,,,,,,,,,,,,,,,,,,,,,,,,,,,,,,,,,,,
42,,,10739,,,,,,,,1.1184358596801758,,,,,,,,,,,,,,,,,,,,,,,,,,,,,,,,,,,,,
42,,,10740,,,,,,,,1.0848196744918823,,,,,,,,,,,,,,,,,,,,,,,,,,,,,,,,,,,,,
42,,,10741,,,,,,,,1.0879528522491455,,,,,,,,,,,,,,,,,,,,,,,,,,,,,,,,,,,,,
42,,,10742,,,,,,,,1.0921838283538818,,,,,,,,,,,,,,,,,,,,,,,,,,,,,,,,,,,,,
42,,,10743,,,,,,,,1.1126673221588135,,,,,,,,,,,,,,,,,,,,,,,,,,,,,,,,,,,,,
42,,,10744,,,,,,,,1.091583490371704,,,,,,,,,,,,,,,,,,,,,,,,,,,,,,,,,,,,,
42,,,10745,,,,,,,,1.1028637886047363,,,,,,,,,,,,,,,,,,,,,,,,,,,,,,,,,,,,,
42,,,10746,,,,,,,,1.1060023307800293,,,,,,,,,,,,,,,,,,,,,,,,,,,,,,,,,,,,,
42,,,10747,,,,,,,,1.0907635688781738,,,,,,,,,,,,,,,,,,,,,,,,,,,,,,,,,,,,,
42,,,10748,,,,,,,,1.080092191696167,,,,,,,,,,,,,,,,,,,,,,,,,,,,,,,,,,,,,
42,,,10749,,,,,,,,1.0919904708862305,,,,,,,,,,,,,,,,,,,,,,,,,,,,,,,,,,,,,
42,,,10749,,,,,,,,,,,0.3493250012397766,0.005565720610320568,0.669921875,1.33984375,54.966796875,0.669921875,271790.65625,0.8378282189369202,0.8378282189369202,,1.0,0.2958488464355469,54.966796875,0.669921875,0.9471919536590576,0.04757731407880783,22118.0,0.0019064127700403333,0.0028457241132855415,0.42432254552841187,0.6333910822868347,0.005665992386639118,1475.0,0.01695246808230877,0.025305142626166344,0.2659285366535187,0.39695456624031067,0.014292745850980282,7373.0,0.004854599945247173,0.007246516644954681,0.3464285135269165,0.5171177983283997,0.016636284068226814,0.00037276724469847977
42,,20.0,10749,265763.71875,0.8502143621444702,0.8518845438957214,,1.1069492101669312,0.8518845438957214,1.0,,0.29896485805511475,0.9169999957084656,,,,,,,,,,,,,,,,,,,,,,,,,,,,,,,,,,,
,1.42759421300971e-05,,10750,,,,,,,,,,,,,,,,,,,,,,,,,,,,,,,,,,,,,,,,,,,,,
43,,,10750,,,,,,,,1.0867643356323242,,,,,,,,,,,,,,,,,,,,,,,,,,,,,,,,,,,,,
43,,,10751,,,,,,,,1.0890713930130005,,,,,,,,,,,,,,,,,,,,,,,,,,,,,,,,,,,,,
43,,,10752,,,,,,,,1.151782751083374,,,,,,,,,,,,,,,,,,,,,,,,,,,,,,,,,,,,,
43,,,10753,,,,,,,,1.10187828540802,,,,,,,,,,,,,,,,,,,,,,,,,,,,,,,,,,,,,
43,,,10754,,,,,,,,1.1163849830627441,,,,,,,,,,,,,,,,,,,,,,,,,,,,,,,,,,,,,
43,,,10755,,,,,,,,1.0804059505462646,,,,,,,,,,,,,,,,,,,,,,,,,,,,,,,,,,,,,
43,,,10756,,,,,,,,1.0886892080307007,,,,,,,,,,,,,,,,,,,,,,,,,,,,,,,,,,,,,
43,,,10757,,,,,,,,1.0827889442443848,,,,,,,,,,,,,,,,,,,,,,,,,,,,,,,,,,,,,
43,,,10758,,,,,,,,1.091144323348999,,,,,,,,,,,,,,,,,,,,,,,,,,,,,,,,,,,,,
43,,,10759,,,,,,,,1.1365809440612793,,,,,,,,,,,,,,,,,,,,,,,,,,,,,,,,,,,,,
43,,,10760,,,,,,,,1.0907707214355469,,,,,,,,,,,,,,,,,,,,,,,,,,,,,,,,,,,,,
43,,,10761,,,,,,,,1.1315521001815796,,,,,,,,,,,,,,,,,,,,,,,,,,,,,,,,,,,,,
43,,,10762,,,,,,,,1.093151569366455,,,,,,,,,,,,,,,,,,,,,,,,,,,,,,,,,,,,,
43,,,10763,,,,,,,,1.0938987731933594,,,,,,,,,,,,,,,,,,,,,,,,,,,,,,,,,,,,,
43,,,10764,,,,,,,,1.0802785158157349,,,,,,,,,,,,,,,,,,,,,,,,,,,,,,,,,,,,,
43,,,10765,,,,,,,,1.1324959993362427,,,,,,,,,,,,,,,,,,,,,,,,,,,,,,,,,,,,,
43,,,10766,,,,,,,,1.1077618598937988,,,,,,,,,,,,,,,,,,,,,,,,,,,,,,,,,,,,,
43,,,10767,,,,,,,,1.0814768075942993,,,,,,,,,,,,,,,,,,,,,,,,,,,,,,,,,,,,,
43,,,10768,,,,,,,,1.1079312562942505,,,,,,,,,,,,,,,,,,,,,,,,,,,,,,,,,,,,,
43,,,10769,,,,,,,,1.099877119064331,,,,,,,,,,,,,,,,,,,,,,,,,,,,,,,,,,,,,
43,,,10770,,,,,,,,1.1012977361679077,,,,,,,,,,,,,,,,,,,,,,,,,,,,,,,,,,,,,
43,,,10771,,,,,,,,1.1287819147109985,,,,,,,,,,,,,,,,,,,,,,,,,,,,,,,,,,,,,
43,,,10772,,,,,,,,1.1127653121948242,,,,,,,,,,,,,,,,,,,,,,,,,,,,,,,,,,,,,
43,,,10773,,,,,,,,1.1115543842315674,,,,,,,,,,,,,,,,,,,,,,,,,,,,,,,,,,,,,
43,,,10774,,,,,,,,1.166277289390564,,,,,,,,,,,,,,,,,,,,,,,,,,,,,,,,,,,,,
43,,,10775,,,,,,,,1.1135244369506836,,,,,,,,,,,,,,,,,,,,,,,,,,,,,,,,,,,,,
43,,,10776,,,,,,,,1.0837886333465576,,,,,,,,,,,,,,,,,,,,,,,,,,,,,,,,,,,,,
43,,,10777,,,,,,,,1.1387405395507812,,,,,,,,,,,,,,,,,,,,,,,,,,,,,,,,,,,,,
43,,,10778,,,,,,,,1.1688379049301147,,,,,,,,,,,,,,,,,,,,,,,,,,,,,,,,,,,,,
43,,,10779,,,,,,,,1.0807523727416992,,,,,,,,,,,,,,,,,,,,,,,,,,,,,,,,,,,,,
43,,,10780,,,,,,,,1.0891404151916504,,,,,,,,,,,,,,,,,,,,,,,,,,,,,,,,,,,,,
43,,,10781,,,,,,,,1.1641831398010254,,,,,,,,,,,,,,,,,,,,,,,,,,,,,,,,,,,,,
43,,,10782,,,,,,,,1.0975953340530396,,,,,,,,,,,,,,,,,,,,,,,,,,,,,,,,,,,,,
43,,,10783,,,,,,,,1.1552906036376953,,,,,,,,,,,,,,,,,,,,,,,,,,,,,,,,,,,,,
43,,,10784,,,,,,,,1.1267715692520142,,,,,,,,,,,,,,,,,,,,,,,,,,,,,,,,,,,,,
43,,,10785,,,,,,,,1.2359086275100708,,,,,,,,,,,,,,,,,,,,,,,,,,,,,,,,,,,,,
43,,,10786,,,,,,,,1.1127554178237915,,,,,,,,,,,,,,,,,,,,,,,,,,,,,,,,,,,,,
43,,,10787,,,,,,,,1.136686086654663,,,,,,,,,,,,,,,,,,,,,,,,,,,,,,,,,,,,,
43,,,10788,,,,,,,,1.0951929092407227,,,,,,,,,,,,,,,,,,,,,,,,,,,,,,,,,,,,,
43,,,10789,,,,,,,,1.1215389966964722,,,,,,,,,,,,,,,,,,,,,,,,,,,,,,,,,,,,,
43,,,10790,,,,,,,,1.0993045568466187,,,,,,,,,,,,,,,,,,,,,,,,,,,,,,,,,,,,,
43,,,10791,,,,,,,,1.1636817455291748,,,,,,,,,,,,,,,,,,,,,,,,,,,,,,,,,,,,,
43,,,10792,,,,,,,,1.1066316366195679,,,,,,,,,,,,,,,,,,,,,,,,,,,,,,,,,,,,,
43,,,10793,,,,,,,,1.0949304103851318,,,,,,,,,,,,,,,,,,,,,,,,,,,,,,,,,,,,,
43,,,10794,,,,,,,,1.1130561828613281,,,,,,,,,,,,,,,,,,,,,,,,,,,,,,,,,,,,,
43,,,10795,,,,,,,,1.1168439388275146,,,,,,,,,,,,,,,,,,,,,,,,,,,,,,,,,,,,,
43,,,10796,,,,,,,,1.0916237831115723,,,,,,,,,,,,,,,,,,,,,,,,,,,,,,,,,,,,,
43,,,10797,,,,,,,,1.0857170820236206,,,,,,,,,,,,,,,,,,,,,,,,,,,,,,,,,,,,,
43,,,10798,,,,,,,,1.1662452220916748,,,,,,,,,,,,,,,,,,,,,,,,,,,,,,,,,,,,,
43,,,10799,,,,,,,,1.0866358280181885,,,,,,,,,,,,,,,,,,,,,,,,,,,,,,,,,,,,,
43,,,10800,,,,,,,,1.0904908180236816,,,,,,,,,,,,,,,,,,,,,,,,,,,,,,,,,,,,,
43,,,10801,,,,,,,,1.1075332164764404,,,,,,,,,,,,,,,,,,,,,,,,,,,,,,,,,,,,,
43,,,10802,,,,,,,,1.0873610973358154,,,,,,,,,,,,,,,,,,,,,,,,,,,,,,,,,,,,,
43,,,10803,,,,,,,,1.0974582433700562,,,,,,,,,,,,,,,,,,,,,,,,,,,,,,,,,,,,,
43,,,10804,,,,,,,,1.1258127689361572,,,,,,,,,,,,,,,,,,,,,,,,,,,,,,,,,,,,,
43,,,10805,,,,,,,,1.0936901569366455,,,,,,,,,,,,,,,,,,,,,,,,,,,,,,,,,,,,,
43,,,10806,,,,,,,,1.1008830070495605,,,,,,,,,,,,,,,,,,,,,,,,,,,,,,,,,,,,,
43,,,10807,,,,,,,,1.122451901435852,,,,,,,,,,,,,,,,,,,,,,,,,,,,,,,,,,,,,
43,,,10808,,,,,,,,1.1558493375778198,,,,,,,,,,,,,,,,,,,,,,,,,,,,,,,,,,,,,
43,,,10809,,,,,,,,1.0896337032318115,,,,,,,,,,,,,,,,,,,,,,,,,,,,,,,,,,,,,
43,,,10810,,,,,,,,1.0890285968780518,,,,,,,,,,,,,,,,,,,,,,,,,,,,,,,,,,,,,
43,,,10811,,,,,,,,1.0813428163528442,,,,,,,,,,,,,,,,,,,,,,,,,,,,,,,,,,,,,
43,,,10812,,,,,,,,1.0925581455230713,,,,,,,,,,,,,,,,,,,,,,,,,,,,,,,,,,,,,
43,,,10813,,,,,,,,1.0830923318862915,,,,,,,,,,,,,,,,,,,,,,,,,,,,,,,,,,,,,
43,,,10814,,,,,,,,1.0853320360183716,,,,,,,,,,,,,,,,,,,,,,,,,,,,,,,,,,,,,
43,,,10815,,,,,,,,1.0983697175979614,,,,,,,,,,,,,,,,,,,,,,,,,,,,,,,,,,,,,
43,,,10816,,,,,,,,1.0801236629486084,,,,,,,,,,,,,,,,,,,,,,,,,,,,,,,,,,,,,
43,,,10817,,,,,,,,1.091536045074463,,,,,,,,,,,,,,,,,,,,,,,,,,,,,,,,,,,,,
43,,,10818,,,,,,,,1.0828399658203125,,,,,,,,,,,,,,,,,,,,,,,,,,,,,,,,,,,,,
43,,,10819,,,,,,,,1.0883619785308838,,,,,,,,,,,,,,,,,,,,,,,,,,,,,,,,,,,,,
43,,,10820,,,,,,,,1.1353206634521484,,,,,,,,,,,,,,,,,,,,,,,,,,,,,,,,,,,,,
43,,,10821,,,,,,,,1.106067419052124,,,,,,,,,,,,,,,,,,,,,,,,,,,,,,,,,,,,,
43,,,10822,,,,,,,,1.106036901473999,,,,,,,,,,,,,,,,,,,,,,,,,,,,,,,,,,,,,
43,,,10823,,,,,,,,1.0805641412734985,,,,,,,,,,,,,,,,,,,,,,,,,,,,,,,,,,,,,
43,,,10824,,,,,,,,1.1662033796310425,,,,,,,,,,,,,,,,,,,,,,,,,,,,,,,,,,,,,
43,,,10825,,,,,,,,1.0933165550231934,,,,,,,,,,,,,,,,,,,,,,,,,,,,,,,,,,,,,
43,,,10826,,,,,,,,1.1307382583618164,,,,,,,,,,,,,,,,,,,,,,,,,,,,,,,,,,,,,
43,,,10827,,,,,,,,1.0876541137695312,,,,,,,,,,,,,,,,,,,,,,,,,,,,,,,,,,,,,
43,,,10828,,,,,,,,1.0815849304199219,,,,,,,,,,,,,,,,,,,,,,,,,,,,,,,,,,,,,
43,,,10829,,,,,,,,1.1098886728286743,,,,,,,,,,,,,,,,,,,,,,,,,,,,,,,,,,,,,
43,,,10830,,,,,,,,1.0822983980178833,,,,,,,,,,,,,,,,,,,,,,,,,,,,,,,,,,,,,
43,,,10831,,,,,,,,1.0952816009521484,,,,,,,,,,,,,,,,,,,,,,,,,,,,,,,,,,,,,
43,,,10832,,,,,,,,1.0930895805358887,,,,,,,,,,,,,,,,,,,,,,,,,,,,,,,,,,,,,
43,,,10833,,,,,,,,1.1079621315002441,,,,,,,,,,,,,,,,,,,,,,,,,,,,,,,,,,,,,
43,,,10834,,,,,,,,1.0933616161346436,,,,,,,,,,,,,,,,,,,,,,,,,,,,,,,,,,,,,
43,,,10835,,,,,,,,1.0802421569824219,,,,,,,,,,,,,,,,,,,,,,,,,,,,,,,,,,,,,
43,,,10836,,,,,,,,1.0903433561325073,,,,,,,,,,,,,,,,,,,,,,,,,,,,,,,,,,,,,
43,,,10837,,,,,,,,1.0926239490509033,,,,,,,,,,,,,,,,,,,,,,,,,,,,,,,,,,,,,
43,,,10838,,,,,,,,1.083340048789978,,,,,,,,,,,,,,,,,,,,,,,,,,,,,,,,,,,,,
43,,,10839,,,,,,,,1.0982595682144165,,,,,,,,,,,,,,,,,,,,,,,,,,,,,,,,,,,,,
43,,,10840,,,,,,,,1.1062390804290771,,,,,,,,,,,,,,,,,,,,,,,,,,,,,,,,,,,,,
43,,,10841,,,,,,,,1.0991334915161133,,,,,,,,,,,,,,,,,,,,,,,,,,,,,,,,,,,,,
43,,,10842,,,,,,,,1.0871423482894897,,,,,,,,,,,,,,,,,,,,,,,,,,,,,,,,,,,,,
43,,,10843,,,,,,,,1.1282691955566406,,,,,,,,,,,,,,,,,,,,,,,,,,,,,,,,,,,,,
43,,,10844,,,,,,,,1.1011457443237305,,,,,,,,,,,,,,,,,,,,,,,,,,,,,,,,,,,,,
43,,,10845,,,,,,,,1.1309765577316284,,,,,,,,,,,,,,,,,,,,,,,,,,,,,,,,,,,,,
43,,,10846,,,,,,,,1.1722358465194702,,,,,,,,,,,,,,,,,,,,,,,,,,,,,,,,,,,,,
43,,,10847,,,,,,,,1.1818705797195435,,,,,,,,,,,,,,,,,,,,,,,,,,,,,,,,,,,,,
43,,,10848,,,,,,,,1.102623462677002,,,,,,,,,,,,,,,,,,,,,,,,,,,,,,,,,,,,,
43,,,10849,,,,,,,,1.1269981861114502,,,,,,,,,,,,,,,,,,,,,,,,,,,,,,,,,,,,,
43,,,10850,,,,,,,,1.1244080066680908,,,,,,,,,,,,,,,,,,,,,,,,,,,,,,,,,,,,,
43,,,10851,,,,,,,,1.0833016633987427,,,,,,,,,,,,,,,,,,,,,,,,,,,,,,,,,,,,,
43,,,10852,,,,,,,,1.098315954208374,,,,,,,,,,,,,,,,,,,,,,,,,,,,,,,,,,,,,
43,,,10853,,,,,,,,1.0802987813949585,,,,,,,,,,,,,,,,,,,,,,,,,,,,,,,,,,,,,
43,,,10854,,,,,,,,1.0930031538009644,,,,,,,,,,,,,,,,,,,,,,,,,,,,,,,,,,,,,
43,,,10855,,,,,,,,1.1055141687393188,,,,,,,,,,,,,,,,,,,,,,,,,,,,,,,,,,,,,
43,,,10856,,,,,,,,1.10506272315979,,,,,,,,,,,,,,,,,,,,,,,,,,,,,,,,,,,,,
43,,,10857,,,,,,,,1.0958586931228638,,,,,,,,,,,,,,,,,,,,,,,,,,,,,,,,,,,,,
43,,,10858,,,,,,,,1.0919855833053589,,,,,,,,,,,,,,,,,,,,,,,,,,,,,,,,,,,,,
43,,,10859,,,,,,,,1.092297911643982,,,,,,,,,,,,,,,,,,,,,,,,,,,,,,,,,,,,,
43,,,10860,,,,,,,,1.0868831872940063,,,,,,,,,,,,,,,,,,,,,,,,,,,,,,,,,,,,,
43,,,10861,,,,,,,,1.123009443283081,,,,,,,,,,,,,,,,,,,,,,,,,,,,,,,,,,,,,
43,,,10862,,,,,,,,1.1086276769638062,,,,,,,,,,,,,,,,,,,,,,,,,,,,,,,,,,,,,
43,,,10863,,,,,,,,1.1582509279251099,,,,,,,,,,,,,,,,,,,,,,,,,,,,,,,,,,,,,
43,,,10864,,,,,,,,1.099652647972107,,,,,,,,,,,,,,,,,,,,,,,,,,,,,,,,,,,,,
43,,,10865,,,,,,,,1.0928246974945068,,,,,,,,,,,,,,,,,,,,,,,,,,,,,,,,,,,,,
43,,,10866,,,,,,,,1.0941903591156006,,,,,,,,,,,,,,,,,,,,,,,,,,,,,,,,,,,,,
43,,,10867,,,,,,,,1.0880048274993896,,,,,,,,,,,,,,,,,,,,,,,,,,,,,,,,,,,,,
43,,,10868,,,,,,,,1.0902994871139526,,,,,,,,,,,,,,,,,,,,,,,,,,,,,,,,,,,,,
43,,,10869,,,,,,,,1.0862125158309937,,,,,,,,,,,,,,,,,,,,,,,,,,,,,,,,,,,,,
43,,,10870,,,,,,,,1.096313238143921,,,,,,,,,,,,,,,,,,,,,,,,,,,,,,,,,,,,,
43,,,10871,,,,,,,,1.1107921600341797,,,,,,,,,,,,,,,,,,,,,,,,,,,,,,,,,,,,,
43,,,10872,,,,,,,,1.1296758651733398,,,,,,,,,,,,,,,,,,,,,,,,,,,,,,,,,,,,,
43,,,10873,,,,,,,,1.0849754810333252,,,,,,,,,,,,,,,,,,,,,,,,,,,,,,,,,,,,,
43,,,10874,,,,,,,,1.162781000137329,,,,,,,,,,,,,,,,,,,,,,,,,,,,,,,,,,,,,
43,,,10875,,,,,,,,1.081336498260498,,,,,,,,,,,,,,,,,,,,,,,,,,,,,,,,,,,,,
43,,,10876,,,,,,,,1.0854096412658691,,,,,,,,,,,,,,,,,,,,,,,,,,,,,,,,,,,,,
43,,,10877,,,,,,,,1.0869605541229248,,,,,,,,,,,,,,,,,,,,,,,,,,,,,,,,,,,,,
43,,,10878,,,,,,,,1.100409984588623,,,,,,,,,,,,,,,,,,,,,,,,,,,,,,,,,,,,,
43,,,10879,,,,,,,,1.1149046421051025,,,,,,,,,,,,,,,,,,,,,,,,,,,,,,,,,,,,,
43,,,10880,,,,,,,,1.1129556894302368,,,,,,,,,,,,,,,,,,,,,,,,,,,,,,,,,,,,,
43,,,10881,,,,,,,,1.102600336074829,,,,,,,,,,,,,,,,,,,,,,,,,,,,,,,,,,,,,
43,,,10882,,,,,,,,1.0873030424118042,,,,,,,,,,,,,,,,,,,,,,,,,,,,,,,,,,,,,
43,,,10883,,,,,,,,1.1087983846664429,,,,,,,,,,,,,,,,,,,,,,,,,,,,,,,,,,,,,
43,,,10884,,,,,,,,1.086205005645752,,,,,,,,,,,,,,,,,,,,,,,,,,,,,,,,,,,,,
43,,,10885,,,,,,,,1.092207908630371,,,,,,,,,,,,,,,,,,,,,,,,,,,,,,,,,,,,,
43,,,10886,,,,,,,,1.0800566673278809,,,,,,,,,,,,,,,,,,,,,,,,,,,,,,,,,,,,,
43,,,10887,,,,,,,,1.0992225408554077,,,,,,,,,,,,,,,,,,,,,,,,,,,,,,,,,,,,,
43,,,10888,,,,,,,,1.089775562286377,,,,,,,,,,,,,,,,,,,,,,,,,,,,,,,,,,,,,
43,,,10889,,,,,,,,1.1039656400680542,,,,,,,,,,,,,,,,,,,,,,,,,,,,,,,,,,,,,
43,,,10890,,,,,,,,1.0812458992004395,,,,,,,,,,,,,,,,,,,,,,,,,,,,,,,,,,,,,
43,,,10891,,,,,,,,1.0815858840942383,,,,,,,,,,,,,,,,,,,,,,,,,,,,,,,,,,,,,
43,,,10892,,,,,,,,1.0901379585266113,,,,,,,,,,,,,,,,,,,,,,,,,,,,,,,,,,,,,
43,,,10893,,,,,,,,1.1163218021392822,,,,,,,,,,,,,,,,,,,,,,,,,,,,,,,,,,,,,
43,,,10894,,,,,,,,1.0920705795288086,,,,,,,,,,,,,,,,,,,,,,,,,,,,,,,,,,,,,
43,,,10895,,,,,,,,1.0960745811462402,,,,,,,,,,,,,,,,,,,,,,,,,,,,,,,,,,,,,
43,,,10896,,,,,,,,1.1581859588623047,,,,,,,,,,,,,,,,,,,,,,,,,,,,,,,,,,,,,
43,,,10897,,,,,,,,1.0927937030792236,,,,,,,,,,,,,,,,,,,,,,,,,,,,,,,,,,,,,
43,,,10898,,,,,,,,1.1118005514144897,,,,,,,,,,,,,,,,,,,,,,,,,,,,,,,,,,,,,
43,,,10899,,,,,,,,1.1884589195251465,,,,,,,,,,,,,,,,,,,,,,,,,,,,,,,,,,,,,
43,,,10900,,,,,,,,1.1168174743652344,,,,,,,,,,,,,,,,,,,,,,,,,,,,,,,,,,,,,
43,,,10901,,,,,,,,1.085344910621643,,,,,,,,,,,,,,,,,,,,,,,,,,,,,,,,,,,,,
43,,,10902,,,,,,,,1.0805765390396118,,,,,,,,,,,,,,,,,,,,,,,,,,,,,,,,,,,,,
43,,,10903,,,,,,,,1.0978779792785645,,,,,,,,,,,,,,,,,,,,,,,,,,,,,,,,,,,,,
43,,,10904,,,,,,,,1.1041897535324097,,,,,,,,,,,,,,,,,,,,,,,,,,,,,,,,,,,,,
43,,,10905,,,,,,,,1.0972881317138672,,,,,,,,,,,,,,,,,,,,,,,,,,,,,,,,,,,,,
43,,,10906,,,,,,,,1.1169772148132324,,,,,,,,,,,,,,,,,,,,,,,,,,,,,,,,,,,,,
43,,,10907,,,,,,,,1.0805957317352295,,,,,,,,,,,,,,,,,,,,,,,,,,,,,,,,,,,,,
43,,,10908,,,,,,,,1.12462317943573,,,,,,,,,,,,,,,,,,,,,,,,,,,,,,,,,,,,,
43,,,10909,,,,,,,,1.1024762392044067,,,,,,,,,,,,,,,,,,,,,,,,,,,,,,,,,,,,,
43,,,10910,,,,,,,,1.1018229722976685,,,,,,,,,,,,,,,,,,,,,,,,,,,,,,,,,,,,,
43,,,10911,,,,,,,,1.0845863819122314,,,,,,,,,,,,,,,,,,,,,,,,,,,,,,,,,,,,,
43,,,10912,,,,,,,,1.1525030136108398,,,,,,,,,,,,,,,,,,,,,,,,,,,,,,,,,,,,,
43,,,10913,,,,,,,,1.0853910446166992,,,,,,,,,,,,,,,,,,,,,,,,,,,,,,,,,,,,,
43,,,10914,,,,,,,,1.109302043914795,,,,,,,,,,,,,,,,,,,,,,,,,,,,,,,,,,,,,
43,,,10915,,,,,,,,1.0952637195587158,,,,,,,,,,,,,,,,,,,,,,,,,,,,,,,,,,,,,
43,,,10916,,,,,,,,1.1184812784194946,,,,,,,,,,,,,,,,,,,,,,,,,,,,,,,,,,,,,
43,,,10917,,,,,,,,1.1304633617401123,,,,,,,,,,,,,,,,,,,,,,,,,,,,,,,,,,,,,
43,,,10918,,,,,,,,1.0821577310562134,,,,,,,,,,,,,,,,,,,,,,,,,,,,,,,,,,,,,
43,,,10919,,,,,,,,1.1252362728118896,,,,,,,,,,,,,,,,,,,,,,,,,,,,,,,,,,,,,
43,,,10920,,,,,,,,1.1841511726379395,,,,,,,,,,,,,,,,,,,,,,,,,,,,,,,,,,,,,
43,,,10921,,,,,,,,1.0869135856628418,,,,,,,,,,,,,,,,,,,,,,,,,,,,,,,,,,,,,
43,,,10922,,,,,,,,1.101163625717163,,,,,,,,,,,,,,,,,,,,,,,,,,,,,,,,,,,,,
43,,,10923,,,,,,,,1.1097220182418823,,,,,,,,,,,,,,,,,,,,,,,,,,,,,,,,,,,,,
43,,,10924,,,,,,,,1.0841784477233887,,,,,,,,,,,,,,,,,,,,,,,,,,,,,,,,,,,,,
43,,,10925,,,,,,,,1.0829747915267944,,,,,,,,,,,,,,,,,,,,,,,,,,,,,,,,,,,,,
43,,,10926,,,,,,,,1.1396793127059937,,,,,,,,,,,,,,,,,,,,,,,,,,,,,,,,,,,,,
43,,,10927,,,,,,,,1.110019326210022,,,,,,,,,,,,,,,,,,,,,,,,,,,,,,,,,,,,,
43,,,10928,,,,,,,,1.128309726715088,,,,,,,,,,,,,,,,,,,,,,,,,,,,,,,,,,,,,
43,,,10929,,,,,,,,1.096602201461792,,,,,,,,,,,,,,,,,,,,,,,,,,,,,,,,,,,,,
43,,,10930,,,,,,,,1.1008410453796387,,,,,,,,,,,,,,,,,,,,,,,,,,,,,,,,,,,,,
43,,,10931,,,,,,,,1.1590723991394043,,,,,,,,,,,,,,,,,,,,,,,,,,,,,,,,,,,,,
43,,,10932,,,,,,,,1.177370548248291,,,,,,,,,,,,,,,,,,,,,,,,,,,,,,,,,,,,,
43,,,10933,,,,,,,,1.1161558628082275,,,,,,,,,,,,,,,,,,,,,,,,,,,,,,,,,,,,,
43,,,10934,,,,,,,,1.0888667106628418,,,,,,,,,,,,,,,,,,,,,,,,,,,,,,,,,,,,,
43,,,10935,,,,,,,,1.2101986408233643,,,,,,,,,,,,,,,,,,,,,,,,,,,,,,,,,,,,,
43,,,10936,,,,,,,,1.0919383764266968,,,,,,,,,,,,,,,,,,,,,,,,,,,,,,,,,,,,,
43,,,10937,,,,,,,,1.113173484802246,,,,,,,,,,,,,,,,,,,,,,,,,,,,,,,,,,,,,
43,,,10938,,,,,,,,1.179190993309021,,,,,,,,,,,,,,,,,,,,,,,,,,,,,,,,,,,,,
43,,,10939,,,,,,,,1.0898404121398926,,,,,,,,,,,,,,,,,,,,,,,,,,,,,,,,,,,,,
43,,,10940,,,,,,,,1.1236718893051147,,,,,,,,,,,,,,,,,,,,,,,,,,,,,,,,,,,,,
43,,,10941,,,,,,,,1.1071159839630127,,,,,,,,,,,,,,,,,,,,,,,,,,,,,,,,,,,,,
43,,,10942,,,,,,,,1.0936808586120605,,,,,,,,,,,,,,,,,,,,,,,,,,,,,,,,,,,,,
43,,,10943,,,,,,,,1.1484278440475464,,,,,,,,,,,,,,,,,,,,,,,,,,,,,,,,,,,,,
43,,,10944,,,,,,,,1.2087671756744385,,,,,,,,,,,,,,,,,,,,,,,,,,,,,,,,,,,,,
43,,,10945,,,,,,,,1.196351170539856,,,,,,,,,,,,,,,,,,,,,,,,,,,,,,,,,,,,,
43,,,10946,,,,,,,,1.0876399278640747,,,,,,,,,,,,,,,,,,,,,,,,,,,,,,,,,,,,,
43,,,10947,,,,,,,,1.0848889350891113,,,,,,,,,,,,,,,,,,,,,,,,,,,,,,,,,,,,,
43,,,10948,,,,,,,,1.0888597965240479,,,,,,,,,,,,,,,,,,,,,,,,,,,,,,,,,,,,,
43,,,10949,,,,,,,,1.0912489891052246,,,,,,,,,,,,,,,,,,,,,,,,,,,,,,,,,,,,,
43,,,10950,,,,,,,,1.1026452779769897,,,,,,,,,,,,,,,,,,,,,,,,,,,,,,,,,,,,,
43,,,10951,,,,,,,,1.08242666721344,,,,,,,,,,,,,,,,,,,,,,,,,,,,,,,,,,,,,
43,,,10952,,,,,,,,1.1251754760742188,,,,,,,,,,,,,,,,,,,,,,,,,,,,,,,,,,,,,
43,,,10953,,,,,,,,1.1214079856872559,,,,,,,,,,,,,,,,,,,,,,,,,,,,,,,,,,,,,
43,,,10954,,,,,,,,1.0887106657028198,,,,,,,,,,,,,,,,,,,,,,,,,,,,,,,,,,,,,
43,,,10955,,,,,,,,1.085313320159912,,,,,,,,,,,,,,,,,,,,,,,,,,,,,,,,,,,,,
43,,,10956,,,,,,,,1.0933496952056885,,,,,,,,,,,,,,,,,,,,,,,,,,,,,,,,,,,,,
43,,,10957,,,,,,,,1.0964068174362183,,,,,,,,,,,,,,,,,,,,,,,,,,,,,,,,,,,,,
43,,,10958,,,,,,,,1.1034337282180786,,,,,,,,,,,,,,,,,,,,,,,,,,,,,,,,,,,,,
43,,,10959,,,,,,,,1.0968031883239746,,,,,,,,,,,,,,,,,,,,,,,,,,,,,,,,,,,,,
43,,,10960,,,,,,,,1.0981484651565552,,,,,,,,,,,,,,,,,,,,,,,,,,,,,,,,,,,,,
43,,,10961,,,,,,,,1.0803383588790894,,,,,,,,,,,,,,,,,,,,,,,,,,,,,,,,,,,,,
43,,,10962,,,,,,,,1.082008957862854,,,,,,,,,,,,,,,,,,,,,,,,,,,,,,,,,,,,,
43,,,10963,,,,,,,,1.0808327198028564,,,,,,,,,,,,,,,,,,,,,,,,,,,,,,,,,,,,,
43,,,10964,,,,,,,,1.0884917974472046,,,,,,,,,,,,,,,,,,,,,,,,,,,,,,,,,,,,,
43,,,10965,,,,,,,,1.0924416780471802,,,,,,,,,,,,,,,,,,,,,,,,,,,,,,,,,,,,,
43,,,10966,,,,,,,,1.0845144987106323,,,,,,,,,,,,,,,,,,,,,,,,,,,,,,,,,,,,,
43,,,10967,,,,,,,,1.0943771600723267,,,,,,,,,,,,,,,,,,,,,,,,,,,,,,,,,,,,,
43,,,10968,,,,,,,,1.0895895957946777,,,,,,,,,,,,,,,,,,,,,,,,,,,,,,,,,,,,,
43,,,10969,,,,,,,,1.082466959953308,,,,,,,,,,,,,,,,,,,,,,,,,,,,,,,,,,,,,
43,,,10970,,,,,,,,1.0981552600860596,,,,,,,,,,,,,,,,,,,,,,,,,,,,,,,,,,,,,
43,,,10971,,,,,,,,1.0829946994781494,,,,,,,,,,,,,,,,,,,,,,,,,,,,,,,,,,,,,
43,,,10972,,,,,,,,1.0883967876434326,,,,,,,,,,,,,,,,,,,,,,,,,,,,,,,,,,,,,
43,,,10973,,,,,,,,1.087345838546753,,,,,,,,,,,,,,,,,,,,,,,,,,,,,,,,,,,,,
43,,,10974,,,,,,,,1.1034809350967407,,,,,,,,,,,,,,,,,,,,,,,,,,,,,,,,,,,,,
43,,,10975,,,,,,,,1.1445958614349365,,,,,,,,,,,,,,,,,,,,,,,,,,,,,,,,,,,,,
43,,,10976,,,,,,,,1.1052902936935425,,,,,,,,,,,,,,,,,,,,,,,,,,,,,,,,,,,,,
43,,,10977,,,,,,,,1.1326558589935303,,,,,,,,,,,,,,,,,,,,,,,,,,,,,,,,,,,,,
43,,,10978,,,,,,,,1.0866305828094482,,,,,,,,,,,,,,,,,,,,,,,,,,,,,,,,,,,,,
43,,,10979,,,,,,,,1.0835883617401123,,,,,,,,,,,,,,,,,,,,,,,,,,,,,,,,,,,,,
43,,,10980,,,,,,,,1.0805957317352295,,,,,,,,,,,,,,,,,,,,,,,,,,,,,,,,,,,,,
43,,,10981,,,,,,,,1.102917194366455,,,,,,,,,,,,,,,,,,,,,,,,,,,,,,,,,,,,,
43,,,10982,,,,,,,,1.084609866142273,,,,,,,,,,,,,,,,,,,,,,,,,,,,,,,,,,,,,
43,,,10983,,,,,,,,1.085682988166809,,,,,,,,,,,,,,,,,,,,,,,,,,,,,,,,,,,,,
43,,,10984,,,,,,,,1.0937778949737549,,,,,,,,,,,,,,,,,,,,,,,,,,,,,,,,,,,,,
43,,,10985,,,,,,,,1.0874403715133667,,,,,,,,,,,,,,,,,,,,,,,,,,,,,,,,,,,,,
43,,,10986,,,,,,,,1.0910861492156982,,,,,,,,,,,,,,,,,,,,,,,,,,,,,,,,,,,,,
43,,,10987,,,,,,,,1.1769579648971558,,,,,,,,,,,,,,,,,,,,,,,,,,,,,,,,,,,,,
43,,,10988,,,,,,,,1.1852842569351196,,,,,,,,,,,,,,,,,,,,,,,,,,,,,,,,,,,,,
43,,,10989,,,,,,,,1.2686653137207031,,,,,,,,,,,,,,,,,,,,,,,,,,,,,,,,,,,,,
43,,,10990,,,,,,,,1.0928436517715454,,,,,,,,,,,,,,,,,,,,,,,,,,,,,,,,,,,,,
43,,,10991,,,,,,,,1.0881524085998535,,,,,,,,,,,,,,,,,,,,,,,,,,,,,,,,,,,,,
43,,,10992,,,,,,,,1.1257648468017578,,,,,,,,,,,,,,,,,,,,,,,,,,,,,,,,,,,,,
43,,,10993,,,,,,,,1.1315889358520508,,,,,,,,,,,,,,,,,,,,,,,,,,,,,,,,,,,,,
43,,,10994,,,,,,,,1.1188513040542603,,,,,,,,,,,,,,,,,,,,,,,,,,,,,,,,,,,,,
43,,,10995,,,,,,,,1.1057937145233154,,,,,,,,,,,,,,,,,,,,,,,,,,,,,,,,,,,,,
43,,,10996,,,,,,,,1.1660335063934326,,,,,,,,,,,,,,,,,,,,,,,,,,,,,,,,,,,,,
43,,,10997,,,,,,,,1.0947115421295166,,,,,,,,,,,,,,,,,,,,,,,,,,,,,,,,,,,,,
43,,,10998,,,,,,,,1.1046812534332275,,,,,,,,,,,,,,,,,,,,,,,,,,,,,,,,,,,,,
43,,,10999,,,,,,,,1.0988082885742188,,,,,,,,,,,,,,,,,,,,,,,,,,,,,,,,,,,,,
43,,,10999,,,,,,,,,,,0.3456087112426758,0.0053638494573533535,0.669921875,1.33984375,54.966796875,0.669921875,271790.65625,0.8378587961196899,0.8378587961196899,,1.0,0.2966499328613281,54.966796875,0.669921875,0.9400861859321594,0.0475720539689064,22118.0,0.001903984579257667,0.0028420996386557817,0.41993364691734314,0.6268397569656372,0.005658543203026056,1475.0,0.016939887776970863,0.025286363437771797,0.2685616910457611,0.40088510513305664,0.01428199466317892,7373.0,0.004850756376981735,0.007240779232233763,0.3471487760543823,0.5181929469108582,0.01662828028202057,0.00037276724469847977
43,,20.0,10999,265703.15625,0.8513646721839905,0.8528925776481628,,1.1083016395568848,0.8528925776481628,1.0,,0.2994023561477661,0.909500002861023,,,,,,,,,,,,,,,,,,,,,,,,,,,,,,,,,,,
,1.05335271167623e-05,,11000,,,,,,,,,,,,,,,,,,,,,,,,,,,,,,,,,,,,,,,,,,,,,
44,,,11000,,,,,,,,1.0897471904754639,,,,,,,,,,,,,,,,,,,,,,,,,,,,,,,,,,,,,
44,,,11001,,,,,,,,1.1017475128173828,,,,,,,,,,,,,,,,,,,,,,,,,,,,,,,,,,,,,
44,,,11002,,,,,,,,1.3934565782546997,,,,,,,,,,,,,,,,,,,,,,,,,,,,,,,,,,,,,
44,,,11003,,,,,,,,1.0951749086380005,,,,,,,,,,,,,,,,,,,,,,,,,,,,,,,,,,,,,
44,,,11004,,,,,,,,1.1010271310806274,,,,,,,,,,,,,,,,,,,,,,,,,,,,,,,,,,,,,
44,,,11005,,,,,,,,1.2094247341156006,,,,,,,,,,,,,,,,,,,,,,,,,,,,,,,,,,,,,
44,,,11006,,,,,,,,1.08799147605896,,,,,,,,,,,,,,,,,,,,,,,,,,,,,,,,,,,,,
44,,,11007,,,,,,,,1.080780029296875,,,,,,,,,,,,,,,,,,,,,,,,,,,,,,,,,,,,,
44,,,11008,,,,,,,,1.0896646976470947,,,,,,,,,,,,,,,,,,,,,,,,,,,,,,,,,,,,,
44,,,11009,,,,,,,,1.1182396411895752,,,,,,,,,,,,,,,,,,,,,,,,,,,,,,,,,,,,,
44,,,11010,,,,,,,,1.0801888704299927,,,,,,,,,,,,,,,,,,,,,,,,,,,,,,,,,,,,,
44,,,11011,,,,,,,,1.106948733329773,,,,,,,,,,,,,,,,,,,,,,,,,,,,,,,,,,,,,
44,,,11012,,,,,,,,1.0857151746749878,,,,,,,,,,,,,,,,,,,,,,,,,,,,,,,,,,,,,
44,,,11013,,,,,,,,1.089026927947998,,,,,,,,,,,,,,,,,,,,,,,,,,,,,,,,,,,,,
44,,,11014,,,,,,,,1.0956084728240967,,,,,,,,,,,,,,,,,,,,,,,,,,,,,,,,,,,,,
44,,,11015,,,,,,,,1.0959805250167847,,,,,,,,,,,,,,,,,,,,,,,,,,,,,,,,,,,,,
44,,,11016,,,,,,,,1.1255711317062378,,,,,,,,,,,,,,,,,,,,,,,,,,,,,,,,,,,,,
44,,,11017,,,,,,,,1.0912439823150635,,,,,,,,,,,,,,,,,,,,,,,,,,,,,,,,,,,,,
44,,,11018,,,,,,,,1.1708946228027344,,,,,,,,,,,,,,,,,,,,,,,,,,,,,,,,,,,,,
44,,,11019,,,,,,,,1.0964500904083252,,,,,,,,,,,,,,,,,,,,,,,,,,,,,,,,,,,,,
44,,,11020,,,,,,,,1.1429190635681152,,,,,,,,,,,,,,,,,,,,,,,,,,,,,,,,,,,,,
44,,,11021,,,,,,,,1.1035513877868652,,,,,,,,,,,,,,,,,,,,,,,,,,,,,,,,,,,,,
44,,,11022,,,,,,,,1.1508558988571167,,,,,,,,,,,,,,,,,,,,,,,,,,,,,,,,,,,,,
44,,,11023,,,,,,,,1.1268672943115234,,,,,,,,,,,,,,,,,,,,,,,,,,,,,,,,,,,,,
44,,,11024,,,,,,,,1.0908995866775513,,,,,,,,,,,,,,,,,,,,,,,,,,,,,,,,,,,,,
44,,,11025,,,,,,,,1.090653419494629,,,,,,,,,,,,,,,,,,,,,,,,,,,,,,,,,,,,,
44,,,11026,,,,,,,,1.1168887615203857,,,,,,,,,,,,,,,,,,,,,,,,,,,,,,,,,,,,,
44,,,11027,,,,,,,,1.1685868501663208,,,,,,,,,,,,,,,,,,,,,,,,,,,,,,,,,,,,,
44,,,11028,,,,,,,,1.0891669988632202,,,,,,,,,,,,,,,,,,,,,,,,,,,,,,,,,,,,,
44,,,11029,,,,,,,,1.090268611907959,,,,,,,,,,,,,,,,,,,,,,,,,,,,,,,,,,,,,
44,,,11030,,,,,,,,1.2251596450805664,,,,,,,,,,,,,,,,,,,,,,,,,,,,,,,,,,,,,
44,,,11031,,,,,,,,1.1455256938934326,,,,,,,,,,,,,,,,,,,,,,,,,,,,,,,,,,,,,
44,,,11032,,,,,,,,1.0898659229278564,,,,,,,,,,,,,,,,,,,,,,,,,,,,,,,,,,,,,
44,,,11033,,,,,,,,1.0918314456939697,,,,,,,,,,,,,,,,,,,,,,,,,,,,,,,,,,,,,
44,,,11034,,,,,,,,1.090431571006775,,,,,,,,,,,,,,,,,,,,,,,,,,,,,,,,,,,,,
44,,,11035,,,,,,,,1.091888666152954,,,,,,,,,,,,,,,,,,,,,,,,,,,,,,,,,,,,,
44,,,11036,,,,,,,,1.0972281694412231,,,,,,,,,,,,,,,,,,,,,,,,,,,,,,,,,,,,,
44,,,11037,,,,,,,,1.1144282817840576,,,,,,,,,,,,,,,,,,,,,,,,,,,,,,,,,,,,,
44,,,11038,,,,,,,,1.1132582426071167,,,,,,,,,,,,,,,,,,,,,,,,,,,,,,,,,,,,,
44,,,11039,,,,,,,,1.0860099792480469,,,,,,,,,,,,,,,,,,,,,,,,,,,,,,,,,,,,,
44,,,11040,,,,,,,,1.0905015468597412,,,,,,,,,,,,,,,,,,,,,,,,,,,,,,,,,,,,,
44,,,11041,,,,,,,,1.10304856300354,,,,,,,,,,,,,,,,,,,,,,,,,,,,,,,,,,,,,
44,,,11042,,,,,,,,1.1109951734542847,,,,,,,,,,,,,,,,,,,,,,,,,,,,,,,,,,,,,
44,,,11043,,,,,,,,1.0956189632415771,,,,,,,,,,,,,,,,,,,,,,,,,,,,,,,,,,,,,
44,,,11044,,,,,,,,1.0884671211242676,,,,,,,,,,,,,,,,,,,,,,,,,,,,,,,,,,,,,
44,,,11045,,,,,,,,1.1083741188049316,,,,,,,,,,,,,,,,,,,,,,,,,,,,,,,,,,,,,
44,,,11046,,,,,,,,1.1098061800003052,,,,,,,,,,,,,,,,,,,,,,,,,,,,,,,,,,,,,
44,,,11047,,,,,,,,1.1225725412368774,,,,,,,,,,,,,,,,,,,,,,,,,,,,,,,,,,,,,
44,,,11048,,,,,,,,1.0952582359313965,,,,,,,,,,,,,,,,,,,,,,,,,,,,,,,,,,,,,
44,,,11049,,,,,,,,1.1639131307601929,,,,,,,,,,,,,,,,,,,,,,,,,,,,,,,,,,,,,
44,,,11050,,,,,,,,1.0803371667861938,,,,,,,,,,,,,,,,,,,,,,,,,,,,,,,,,,,,,
44,,,11051,,,,,,,,1.0850416421890259,,,,,,,,,,,,,,,,,,,,,,,,,,,,,,,,,,,,,
44,,,11052,,,,,,,,1.114998698234558,,,,,,,,,,,,,,,,,,,,,,,,,,,,,,,,,,,,,
44,,,11053,,,,,,,,1.1045660972595215,,,,,,,,,,,,,,,,,,,,,,,,,,,,,,,,,,,,,
44,,,11054,,,,,,,,1.1095058917999268,,,,,,,,,,,,,,,,,,,,,,,,,,,,,,,,,,,,,
44,,,11055,,,,,,,,1.0921190977096558,,,,,,,,,,,,,,,,,,,,,,,,,,,,,,,,,,,,,
44,,,11056,,,,,,,,1.08010995388031,,,,,,,,,,,,,,,,,,,,,,,,,,,,,,,,,,,,,
44,,,11057,,,,,,,,1.0994184017181396,,,,,,,,,,,,,,,,,,,,,,,,,,,,,,,,,,,,,
44,,,11058,,,,,,,,1.2081916332244873,,,,,,,,,,,,,,,,,,,,,,,,,,,,,,,,,,,,,
44,,,11059,,,,,,,,1.1878656148910522,,,,,,,,,,,,,,,,,,,,,,,,,,,,,,,,,,,,,
44,,,11060,,,,,,,,1.0861809253692627,,,,,,,,,,,,,,,,,,,,,,,,,,,,,,,,,,,,,
44,,,11061,,,,,,,,1.093329906463623,,,,,,,,,,,,,,,,,,,,,,,,,,,,,,,,,,,,,
44,,,11062,,,,,,,,1.088526964187622,,,,,,,,,,,,,,,,,,,,,,,,,,,,,,,,,,,,,
44,,,11063,,,,,,,,1.088876724243164,,,,,,,,,,,,,,,,,,,,,,,,,,,,,,,,,,,,,
44,,,11064,,,,,,,,1.0913071632385254,,,,,,,,,,,,,,,,,,,,,,,,,,,,,,,,,,,,,
44,,,11065,,,,,,,,1.0814778804779053,,,,,,,,,,,,,,,,,,,,,,,,,,,,,,,,,,,,,
44,,,11066,,,,,,,,1.0828962326049805,,,,,,,,,,,,,,,,,,,,,,,,,,,,,,,,,,,,,
44,,,11067,,,,,,,,1.107574224472046,,,,,,,,,,,,,,,,,,,,,,,,,,,,,,,,,,,,,
44,,,11068,,,,,,,,1.1257156133651733,,,,,,,,,,,,,,,,,,,,,,,,,,,,,,,,,,,,,
44,,,11069,,,,,,,,1.0923322439193726,,,,,,,,,,,,,,,,,,,,,,,,,,,,,,,,,,,,,
44,,,11070,,,,,,,,1.083702802658081,,,,,,,,,,,,,,,,,,,,,,,,,,,,,,,,,,,,,
44,,,11071,,,,,,,,1.089343547821045,,,,,,,,,,,,,,,,,,,,,,,,,,,,,,,,,,,,,
44,,,11072,,,,,,,,1.1052067279815674,,,,,,,,,,,,,,,,,,,,,,,,,,,,,,,,,,,,,
44,,,11073,,,,,,,,1.0866591930389404,,,,,,,,,,,,,,,,,,,,,,,,,,,,,,,,,,,,,
44,,,11074,,,,,,,,1.086584210395813,,,,,,,,,,,,,,,,,,,,,,,,,,,,,,,,,,,,,
44,,,11075,,,,,,,,1.0947999954223633,,,,,,,,,,,,,,,,,,,,,,,,,,,,,,,,,,,,,
44,,,11076,,,,,,,,1.1079063415527344,,,,,,,,,,,,,,,,,,,,,,,,,,,,,,,,,,,,,
44,,,11077,,,,,,,,1.1120636463165283,,,,,,,,,,,,,,,,,,,,,,,,,,,,,,,,,,,,,
44,,,11078,,,,,,,,1.1129810810089111,,,,,,,,,,,,,,,,,,,,,,,,,,,,,,,,,,,,,
44,,,11079,,,,,,,,1.08233642578125,,,,,,,,,,,,,,,,,,,,,,,,,,,,,,,,,,,,,
44,,,11080,,,,,,,,1.0877991914749146,,,,,,,,,,,,,,,,,,,,,,,,,,,,,,,,,,,,,
44,,,11081,,,,,,,,1.0934641361236572,,,,,,,,,,,,,,,,,,,,,,,,,,,,,,,,,,,,,
44,,,11082,,,,,,,,1.0921484231948853,,,,,,,,,,,,,,,,,,,,,,,,,,,,,,,,,,,,,
44,,,11083,,,,,,,,1.1023250818252563,,,,,,,,,,,,,,,,,,,,,,,,,,,,,,,,,,,,,
44,,,11084,,,,,,,,1.086909294128418,,,,,,,,,,,,,,,,,,,,,,,,,,,,,,,,,,,,,
44,,,11085,,,,,,,,1.0888570547103882,,,,,,,,,,,,,,,,,,,,,,,,,,,,,,,,,,,,,
44,,,11086,,,,,,,,1.127472996711731,,,,,,,,,,,,,,,,,,,,,,,,,,,,,,,,,,,,,
44,,,11087,,,,,,,,1.1647777557373047,,,,,,,,,,,,,,,,,,,,,,,,,,,,,,,,,,,,,
44,,,11088,,,,,,,,1.094327688217163,,,,,,,,,,,,,,,,,,,,,,,,,,,,,,,,,,,,,
44,,,11089,,,,,,,,1.090314507484436,,,,,,,,,,,,,,,,,,,,,,,,,,,,,,,,,,,,,
44,,,11090,,,,,,,,1.2901884317398071,,,,,,,,,,,,,,,,,,,,,,,,,,,,,,,,,,,,,
44,,,11091,,,,,,,,1.0994319915771484,,,,,,,,,,,,,,,,,,,,,,,,,,,,,,,,,,,,,
44,,,11092,,,,,,,,1.1186809539794922,,,,,,,,,,,,,,,,,,,,,,,,,,,,,,,,,,,,,
44,,,11093,,,,,,,,1.0884332656860352,,,,,,,,,,,,,,,,,,,,,,,,,,,,,,,,,,,,,
44,,,11094,,,,,,,,1.097249984741211,,,,,,,,,,,,,,,,,,,,,,,,,,,,,,,,,,,,,
44,,,11095,,,,,,,,1.0867770910263062,,,,,,,,,,,,,,,,,,,,,,,,,,,,,,,,,,,,,
44,,,11096,,,,,,,,1.083381175994873,,,,,,,,,,,,,,,,,,,,,,,,,,,,,,,,,,,,,
44,,,11097,,,,,,,,1.1109294891357422,,,,,,,,,,,,,,,,,,,,,,,,,,,,,,,,,,,,,
44,,,11098,,,,,,,,1.0808398723602295,,,,,,,,,,,,,,,,,,,,,,,,,,,,,,,,,,,,,
44,,,11099,,,,,,,,1.0891902446746826,,,,,,,,,,,,,,,,,,,,,,,,,,,,,,,,,,,,,
44,,,11100,,,,,,,,1.1586203575134277,,,,,,,,,,,,,,,,,,,,,,,,,,,,,,,,,,,,,
44,,,11101,,,,,,,,1.1295274496078491,,,,,,,,,,,,,,,,,,,,,,,,,,,,,,,,,,,,,
44,,,11102,,,,,,,,1.089109182357788,,,,,,,,,,,,,,,,,,,,,,,,,,,,,,,,,,,,,
44,,,11103,,,,,,,,1.1184568405151367,,,,,,,,,,,,,,,,,,,,,,,,,,,,,,,,,,,,,
44,,,11104,,,,,,,,1.094285011291504,,,,,,,,,,,,,,,,,,,,,,,,,,,,,,,,,,,,,
44,,,11105,,,,,,,,1.0875682830810547,,,,,,,,,,,,,,,,,,,,,,,,,,,,,,,,,,,,,
44,,,11106,,,,,,,,1.0970133543014526,,,,,,,,,,,,,,,,,,,,,,,,,,,,,,,,,,,,,
44,,,11107,,,,,,,,1.0949267148971558,,,,,,,,,,,,,,,,,,,,,,,,,,,,,,,,,,,,,
44,,,11108,,,,,,,,1.1038994789123535,,,,,,,,,,,,,,,,,,,,,,,,,,,,,,,,,,,,,
44,,,11109,,,,,,,,1.098095178604126,,,,,,,,,,,,,,,,,,,,,,,,,,,,,,,,,,,,,
44,,,11110,,,,,,,,1.09902822971344,,,,,,,,,,,,,,,,,,,,,,,,,,,,,,,,,,,,,
44,,,11111,,,,,,,,1.102022409439087,,,,,,,,,,,,,,,,,,,,,,,,,,,,,,,,,,,,,
44,,,11112,,,,,,,,1.1263383626937866,,,,,,,,,,,,,,,,,,,,,,,,,,,,,,,,,,,,,
44,,,11113,,,,,,,,1.0845558643341064,,,,,,,,,,,,,,,,,,,,,,,,,,,,,,,,,,,,,
44,,,11114,,,,,,,,1.1082048416137695,,,,,,,,,,,,,,,,,,,,,,,,,,,,,,,,,,,,,
44,,,11115,,,,,,,,1.0872209072113037,,,,,,,,,,,,,,,,,,,,,,,,,,,,,,,,,,,,,
44,,,11116,,,,,,,,1.1055271625518799,,,,,,,,,,,,,,,,,,,,,,,,,,,,,,,,,,,,,
44,,,11117,,,,,,,,1.1145888566970825,,,,,,,,,,,,,,,,,,,,,,,,,,,,,,,,,,,,,
44,,,11118,,,,,,,,1.0814346075057983,,,,,,,,,,,,,,,,,,,,,,,,,,,,,,,,,,,,,
44,,,11119,,,,,,,,1.0961554050445557,,,,,,,,,,,,,,,,,,,,,,,,,,,,,,,,,,,,,
44,,,11120,,,,,,,,1.1233359575271606,,,,,,,,,,,,,,,,,,,,,,,,,,,,,,,,,,,,,
44,,,11121,,,,,,,,1.137832522392273,,,,,,,,,,,,,,,,,,,,,,,,,,,,,,,,,,,,,
44,,,11122,,,,,,,,1.0937566757202148,,,,,,,,,,,,,,,,,,,,,,,,,,,,,,,,,,,,,
44,,,11123,,,,,,,,1.1097594499588013,,,,,,,,,,,,,,,,,,,,,,,,,,,,,,,,,,,,,
44,,,11124,,,,,,,,1.0933624505996704,,,,,,,,,,,,,,,,,,,,,,,,,,,,,,,,,,,,,
44,,,11125,,,,,,,,1.1275715827941895,,,,,,,,,,,,,,,,,,,,,,,,,,,,,,,,,,,,,
44,,,11126,,,,,,,,1.093169093132019,,,,,,,,,,,,,,,,,,,,,,,,,,,,,,,,,,,,,
44,,,11127,,,,,,,,1.120887041091919,,,,,,,,,,,,,,,,,,,,,,,,,,,,,,,,,,,,,
44,,,11128,,,,,,,,1.1446270942687988,,,,,,,,,,,,,,,,,,,,,,,,,,,,,,,,,,,,,
44,,,11129,,,,,,,,1.1155234575271606,,,,,,,,,,,,,,,,,,,,,,,,,,,,,,,,,,,,,
44,,,11130,,,,,,,,1.0802165269851685,,,,,,,,,,,,,,,,,,,,,,,,,,,,,,,,,,,,,
44,,,11131,,,,,,,,1.1505495309829712,,,,,,,,,,,,,,,,,,,,,,,,,,,,,,,,,,,,,
44,,,11132,,,,,,,,1.0832701921463013,,,,,,,,,,,,,,,,,,,,,,,,,,,,,,,,,,,,,
44,,,11133,,,,,,,,1.1229835748672485,,,,,,,,,,,,,,,,,,,,,,,,,,,,,,,,,,,,,
44,,,11134,,,,,,,,1.1618273258209229,,,,,,,,,,,,,,,,,,,,,,,,,,,,,,,,,,,,,
44,,,11135,,,,,,,,1.0918519496917725,,,,,,,,,,,,,,,,,,,,,,,,,,,,,,,,,,,,,
44,,,11136,,,,,,,,1.090569257736206,,,,,,,,,,,,,,,,,,,,,,,,,,,,,,,,,,,,,
44,,,11137,,,,,,,,1.0896016359329224,,,,,,,,,,,,,,,,,,,,,,,,,,,,,,,,,,,,,
44,,,11138,,,,,,,,1.1068642139434814,,,,,,,,,,,,,,,,,,,,,,,,,,,,,,,,,,,,,
44,,,11139,,,,,,,,1.081507921218872,,,,,,,,,,,,,,,,,,,,,,,,,,,,,,,,,,,,,
44,,,11140,,,,,,,,1.1119093894958496,,,,,,,,,,,,,,,,,,,,,,,,,,,,,,,,,,,,,
44,,,11141,,,,,,,,1.0919280052185059,,,,,,,,,,,,,,,,,,,,,,,,,,,,,,,,,,,,,
44,,,11142,,,,,,,,1.0902185440063477,,,,,,,,,,,,,,,,,,,,,,,,,,,,,,,,,,,,,
44,,,11143,,,,,,,,1.1151134967803955,,,,,,,,,,,,,,,,,,,,,,,,,,,,,,,,,,,,,
44,,,11144,,,,,,,,1.2260161638259888,,,,,,,,,,,,,,,,,,,,,,,,,,,,,,,,,,,,,
44,,,11145,,,,,,,,1.1955876350402832,,,,,,,,,,,,,,,,,,,,,,,,,,,,,,,,,,,,,
44,,,11146,,,,,,,,1.090225338935852,,,,,,,,,,,,,,,,,,,,,,,,,,,,,,,,,,,,,
44,,,11147,,,,,,,,1.0957664251327515,,,,,,,,,,,,,,,,,,,,,,,,,,,,,,,,,,,,,
44,,,11148,,,,,,,,1.1146423816680908,,,,,,,,,,,,,,,,,,,,,,,,,,,,,,,,,,,,,
44,,,11149,,,,,,,,1.1678998470306396,,,,,,,,,,,,,,,,,,,,,,,,,,,,,,,,,,,,,
44,,,11150,,,,,,,,1.089065670967102,,,,,,,,,,,,,,,,,,,,,,,,,,,,,,,,,,,,,
44,,,11151,,,,,,,,1.095153570175171,,,,,,,,,,,,,,,,,,,,,,,,,,,,,,,,,,,,,
44,,,11152,,,,,,,,1.1679227352142334,,,,,,,,,,,,,,,,,,,,,,,,,,,,,,,,,,,,,
44,,,11153,,,,,,,,1.102528691291809,,,,,,,,,,,,,,,,,,,,,,,,,,,,,,,,,,,,,
44,,,11154,,,,,,,,1.156323790550232,,,,,,,,,,,,,,,,,,,,,,,,,,,,,,,,,,,,,
44,,,11155,,,,,,,,1.092796802520752,,,,,,,,,,,,,,,,,,,,,,,,,,,,,,,,,,,,,
44,,,11156,,,,,,,,1.0888664722442627,,,,,,,,,,,,,,,,,,,,,,,,,,,,,,,,,,,,,
44,,,11157,,,,,,,,1.091713547706604,,,,,,,,,,,,,,,,,,,,,,,,,,,,,,,,,,,,,
44,,,11158,,,,,,,,1.0834180116653442,,,,,,,,,,,,,,,,,,,,,,,,,,,,,,,,,,,,,
44,,,11159,,,,,,,,1.170628547668457,,,,,,,,,,,,,,,,,,,,,,,,,,,,,,,,,,,,,
44,,,11160,,,,,,,,1.1022331714630127,,,,,,,,,,,,,,,,,,,,,,,,,,,,,,,,,,,,,
44,,,11161,,,,,,,,1.1189546585083008,,,,,,,,,,,,,,,,,,,,,,,,,,,,,,,,,,,,,
44,,,11162,,,,,,,,1.0802843570709229,,,,,,,,,,,,,,,,,,,,,,,,,,,,,,,,,,,,,
44,,,11163,,,,,,,,1.084228754043579,,,,,,,,,,,,,,,,,,,,,,,,,,,,,,,,,,,,,
44,,,11164,,,,,,,,1.148733377456665,,,,,,,,,,,,,,,,,,,,,,,,,,,,,,,,,,,,,
44,,,11165,,,,,,,,1.1208757162094116,,,,,,,,,,,,,,,,,,,,,,,,,,,,,,,,,,,,,
44,,,11166,,,,,,,,1.0914983749389648,,,,,,,,,,,,,,,,,,,,,,,,,,,,,,,,,,,,,
44,,,11167,,,,,,,,1.1174273490905762,,,,,,,,,,,,,,,,,,,,,,,,,,,,,,,,,,,,,
44,,,11168,,,,,,,,1.088003396987915,,,,,,,,,,,,,,,,,,,,,,,,,,,,,,,,,,,,,
44,,,11169,,,,,,,,1.095402479171753,,,,,,,,,,,,,,,,,,,,,,,,,,,,,,,,,,,,,
44,,,11170,,,,,,,,1.0809813737869263,,,,,,,,,,,,,,,,,,,,,,,,,,,,,,,,,,,,,
44,,,11171,,,,,,,,1.0973117351531982,,,,,,,,,,,,,,,,,,,,,,,,,,,,,,,,,,,,,
44,,,11172,,,,,,,,1.0964523553848267,,,,,,,,,,,,,,,,,,,,,,,,,,,,,,,,,,,,,
44,,,11173,,,,,,,,1.096329689025879,,,,,,,,,,,,,,,,,,,,,,,,,,,,,,,,,,,,,
44,,,11174,,,,,,,,1.128011703491211,,,,,,,,,,,,,,,,,,,,,,,,,,,,,,,,,,,,,
44,,,11175,,,,,,,,1.1184866428375244,,,,,,,,,,,,,,,,,,,,,,,,,,,,,,,,,,,,,
44,,,11176,,,,,,,,1.090427279472351,,,,,,,,,,,,,,,,,,,,,,,,,,,,,,,,,,,,,
44,,,11177,,,,,,,,1.0914069414138794,,,,,,,,,,,,,,,,,,,,,,,,,,,,,,,,,,,,,
44,,,11178,,,,,,,,1.0846867561340332,,,,,,,,,,,,,,,,,,,,,,,,,,,,,,,,,,,,,
44,,,11179,,,,,,,,1.1152892112731934,,,,,,,,,,,,,,,,,,,,,,,,,,,,,,,,,,,,,
44,,,11180,,,,,,,,1.1159433126449585,,,,,,,,,,,,,,,,,,,,,,,,,,,,,,,,,,,,,
44,,,11181,,,,,,,,1.0929267406463623,,,,,,,,,,,,,,,,,,,,,,,,,,,,,,,,,,,,,
44,,,11182,,,,,,,,1.1117119789123535,,,,,,,,,,,,,,,,,,,,,,,,,,,,,,,,,,,,,
44,,,11183,,,,,,,,1.0947843790054321,,,,,,,,,,,,,,,,,,,,,,,,,,,,,,,,,,,,,
44,,,11184,,,,,,,,1.1892483234405518,,,,,,,,,,,,,,,,,,,,,,,,,,,,,,,,,,,,,
44,,,11185,,,,,,,,1.0943171977996826,,,,,,,,,,,,,,,,,,,,,,,,,,,,,,,,,,,,,
44,,,11186,,,,,,,,1.0899416208267212,,,,,,,,,,,,,,,,,,,,,,,,,,,,,,,,,,,,,
44,,,11187,,,,,,,,1.145114541053772,,,,,,,,,,,,,,,,,,,,,,,,,,,,,,,,,,,,,
44,,,11188,,,,,,,,1.119394063949585,,,,,,,,,,,,,,,,,,,,,,,,,,,,,,,,,,,,,
44,,,11189,,,,,,,,1.1388643980026245,,,,,,,,,,,,,,,,,,,,,,,,,,,,,,,,,,,,,
44,,,11190,,,,,,,,1.0920923948287964,,,,,,,,,,,,,,,,,,,,,,,,,,,,,,,,,,,,,
44,,,11191,,,,,,,,1.091675043106079,,,,,,,,,,,,,,,,,,,,,,,,,,,,,,,,,,,,,
44,,,11192,,,,,,,,1.125242829322815,,,,,,,,,,,,,,,,,,,,,,,,,,,,,,,,,,,,,
44,,,11193,,,,,,,,1.1044847965240479,,,,,,,,,,,,,,,,,,,,,,,,,,,,,,,,,,,,,
44,,,11194,,,,,,,,1.1058448553085327,,,,,,,,,,,,,,,,,,,,,,,,,,,,,,,,,,,,,
44,,,11195,,,,,,,,1.13263738155365,,,,,,,,,,,,,,,,,,,,,,,,,,,,,,,,,,,,,
44,,,11196,,,,,,,,1.087219476699829,,,,,,,,,,,,,,,,,,,,,,,,,,,,,,,,,,,,,
44,,,11197,,,,,,,,1.082335114479065,,,,,,,,,,,,,,,,,,,,,,,,,,,,,,,,,,,,,
44,,,11198,,,,,,,,1.0915677547454834,,,,,,,,,,,,,,,,,,,,,,,,,,,,,,,,,,,,,
44,,,11199,,,,,,,,1.1075972318649292,,,,,,,,,,,,,,,,,,,,,,,,,,,,,,,,,,,,,
44,,,11200,,,,,,,,1.1011626720428467,,,,,,,,,,,,,,,,,,,,,,,,,,,,,,,,,,,,,
44,,,11201,,,,,,,,1.090074896812439,,,,,,,,,,,,,,,,,,,,,,,,,,,,,,,,,,,,,
44,,,11202,,,,,,,,1.089645504951477,,,,,,,,,,,,,,,,,,,,,,,,,,,,,,,,,,,,,
44,,,11203,,,,,,,,1.1668307781219482,,,,,,,,,,,,,,,,,,,,,,,,,,,,,,,,,,,,,
44,,,11204,,,,,,,,1.0987952947616577,,,,,,,,,,,,,,,,,,,,,,,,,,,,,,,,,,,,,
44,,,11205,,,,,,,,1.1013065576553345,,,,,,,,,,,,,,,,,,,,,,,,,,,,,,,,,,,,,
44,,,11206,,,,,,,,1.0888713598251343,,,,,,,,,,,,,,,,,,,,,,,,,,,,,,,,,,,,,
44,,,11207,,,,,,,,1.0918463468551636,,,,,,,,,,,,,,,,,,,,,,,,,,,,,,,,,,,,,
44,,,11208,,,,,,,,1.0864671468734741,,,,,,,,,,,,,,,,,,,,,,,,,,,,,,,,,,,,,
44,,,11209,,,,,,,,1.0889161825180054,,,,,,,,,,,,,,,,,,,,,,,,,,,,,,,,,,,,,
44,,,11210,,,,,,,,1.1539793014526367,,,,,,,,,,,,,,,,,,,,,,,,,,,,,,,,,,,,,
44,,,11211,,,,,,,,1.0805772542953491,,,,,,,,,,,,,,,,,,,,,,,,,,,,,,,,,,,,,
44,,,11212,,,,,,,,1.0802096128463745,,,,,,,,,,,,,,,,,,,,,,,,,,,,,,,,,,,,,
44,,,11213,,,,,,,,1.123262643814087,,,,,,,,,,,,,,,,,,,,,,,,,,,,,,,,,,,,,
44,,,11214,,,,,,,,1.1142032146453857,,,,,,,,,,,,,,,,,,,,,,,,,,,,,,,,,,,,,
44,,,11215,,,,,,,,1.089531660079956,,,,,,,,,,,,,,,,,,,,,,,,,,,,,,,,,,,,,
44,,,11216,,,,,,,,1.105074405670166,,,,,,,,,,,,,,,,,,,,,,,,,,,,,,,,,,,,,
44,,,11217,,,,,,,,1.0816328525543213,,,,,,,,,,,,,,,,,,,,,,,,,,,,,,,,,,,,,
44,,,11218,,,,,,,,1.0980228185653687,,,,,,,,,,,,,,,,,,,,,,,,,,,,,,,,,,,,,
44,,,11219,,,,,,,,1.0863116979599,,,,,,,,,,,,,,,,,,,,,,,,,,,,,,,,,,,,,
44,,,11220,,,,,,,,1.121243953704834,,,,,,,,,,,,,,,,,,,,,,,,,,,,,,,,,,,,,
44,,,11221,,,,,,,,1.0821447372436523,,,,,,,,,,,,,,,,,,,,,,,,,,,,,,,,,,,,,
44,,,11222,,,,,,,,1.1089763641357422,,,,,,,,,,,,,,,,,,,,,,,,,,,,,,,,,,,,,
44,,,11223,,,,,,,,1.0967923402786255,,,,,,,,,,,,,,,,,,,,,,,,,,,,,,,,,,,,,
44,,,11224,,,,,,,,1.1460856199264526,,,,,,,,,,,,,,,,,,,,,,,,,,,,,,,,,,,,,
44,,,11225,,,,,,,,1.080694317817688,,,,,,,,,,,,,,,,,,,,,,,,,,,,,,,,,,,,,
44,,,11226,,,,,,,,1.1846075057983398,,,,,,,,,,,,,,,,,,,,,,,,,,,,,,,,,,,,,
44,,,11227,,,,,,,,1.0906764268875122,,,,,,,,,,,,,,,,,,,,,,,,,,,,,,,,,,,,,
44,,,11228,,,,,,,,1.0984524488449097,,,,,,,,,,,,,,,,,,,,,,,,,,,,,,,,,,,,,
44,,,11229,,,,,,,,1.093050241470337,,,,,,,,,,,,,,,,,,,,,,,,,,,,,,,,,,,,,
44,,,11230,,,,,,,,1.0874910354614258,,,,,,,,,,,,,,,,,,,,,,,,,,,,,,,,,,,,,
44,,,11231,,,,,,,,1.1123400926589966,,,,,,,,,,,,,,,,,,,,,,,,,,,,,,,,,,,,,
44,,,11232,,,,,,,,1.0880463123321533,,,,,,,,,,,,,,,,,,,,,,,,,,,,,,,,,,,,,
44,,,11233,,,,,,,,1.1174864768981934,,,,,,,,,,,,,,,,,,,,,,,,,,,,,,,,,,,,,
44,,,11234,,,,,,,,1.087558388710022,,,,,,,,,,,,,,,,,,,,,,,,,,,,,,,,,,,,,
44,,,11235,,,,,,,,1.0861480236053467,,,,,,,,,,,,,,,,,,,,,,,,,,,,,,,,,,,,,
44,,,11236,,,,,,,,1.1589381694793701,,,,,,,,,,,,,,,,,,,,,,,,,,,,,,,,,,,,,
44,,,11237,,,,,,,,1.1364816427230835,,,,,,,,,,,,,,,,,,,,,,,,,,,,,,,,,,,,,
44,,,11238,,,,,,,,1.0944944620132446,,,,,,,,,,,,,,,,,,,,,,,,,,,,,,,,,,,,,
44,,,11239,,,,,,,,1.087449550628662,,,,,,,,,,,,,,,,,,,,,,,,,,,,,,,,,,,,,
44,,,11240,,,,,,,,1.0954654216766357,,,,,,,,,,,,,,,,,,,,,,,,,,,,,,,,,,,,,
44,,,11241,,,,,,,,1.107767105102539,,,,,,,,,,,,,,,,,,,,,,,,,,,,,,,,,,,,,
44,,,11242,,,,,,,,1.1215895414352417,,,,,,,,,,,,,,,,,,,,,,,,,,,,,,,,,,,,,
44,,,11243,,,,,,,,1.113940954208374,,,,,,,,,,,,,,,,,,,,,,,,,,,,,,,,,,,,,
44,,,11244,,,,,,,,1.0935635566711426,,,,,,,,,,,,,,,,,,,,,,,,,,,,,,,,,,,,,
44,,,11245,,,,,,,,1.0998499393463135,,,,,,,,,,,,,,,,,,,,,,,,,,,,,,,,,,,,,
44,,,11246,,,,,,,,1.1055954694747925,,,,,,,,,,,,,,,,,,,,,,,,,,,,,,,,,,,,,
44,,,11247,,,,,,,,1.1132510900497437,,,,,,,,,,,,,,,,,,,,,,,,,,,,,,,,,,,,,
44,,,11248,,,,,,,,1.1061123609542847,,,,,,,,,,,,,,,,,,,,,,,,,,,,,,,,,,,,,
44,,,11249,,,,,,,,1.0803827047348022,,,,,,,,,,,,,,,,,,,,,,,,,,,,,,,,,,,,,
44,,,11249,,,,,,,,,,,0.3482469618320465,0.005582509096711874,0.669921875,1.33984375,54.966796875,0.669921875,271790.65625,0.8378015160560608,0.8378015160560608,,1.0,0.2915992736816406,54.966796875,0.669921875,0.9425370693206787,0.04761805385351181,22118.0,0.0019076039316132665,0.002847502240911126,0.42654627561569214,0.636710524559021,0.0056696487590670586,1475.0,0.016963720321655273,0.02532193996012211,0.2669614553451538,0.3984964191913605,0.014264176599681377,7373.0,0.0048451959155499935,0.00723247928544879,0.3442186713218689,0.51381915807724,0.016637688502669334,0.00037276724469847977
44,,20.0,11249,266142.15625,0.8515127301216125,0.8536176085472107,,1.1090713739395142,0.8536176085472107,1.0,,0.29954296350479126,0.9200000166893005,,,,,,,,,,,,,,,,,,,,,,,,,,,,,,,,,,,
,7.341522555726972e-06,,11250,,,,,,,,,,,,,,,,,,,,,,,,,,,,,,,,,,,,,,,,,,,,,
45,,,11250,,,,,,,,1.0887608528137207,,,,,,,,,,,,,,,,,,,,,,,,,,,,,,,,,,,,,
45,,,11251,,,,,,,,1.0917404890060425,,,,,,,,,,,,,,,,,,,,,,,,,,,,,,,,,,,,,
45,,,11252,,,,,,,,1.0953354835510254,,,,,,,,,,,,,,,,,,,,,,,,,,,,,,,,,,,,,
45,,,11253,,,,,,,,1.0940008163452148,,,,,,,,,,,,,,,,,,,,,,,,,,,,,,,,,,,,,
45,,,11254,,,,,,,,1.1351768970489502,,,,,,,,,,,,,,,,,,,,,,,,,,,,,,,,,,,,,
45,,,11255,,,,,,,,1.1359386444091797,,,,,,,,,,,,,,,,,,,,,,,,,,,,,,,,,,,,,
45,,,11256,,,,,,,,1.0965663194656372,,,,,,,,,,,,,,,,,,,,,,,,,,,,,,,,,,,,,
45,,,11257,,,,,,,,1.094391942024231,,,,,,,,,,,,,,,,,,,,,,,,,,,,,,,,,,,,,
45,,,11258,,,,,,,,1.0801113843917847,,,,,,,,,,,,,,,,,,,,,,,,,,,,,,,,,,,,,
45,,,11259,,,,,,,,1.0919814109802246,,,,,,,,,,,,,,,,,,,,,,,,,,,,,,,,,,,,,
45,,,11260,,,,,,,,1.0913020372390747,,,,,,,,,,,,,,,,,,,,,,,,,,,,,,,,,,,,,
45,,,11261,,,,,,,,1.1544451713562012,,,,,,,,,,,,,,,,,,,,,,,,,,,,,,,,,,,,,
45,,,11262,,,,,,,,1.1099684238433838,,,,,,,,,,,,,,,,,,,,,,,,,,,,,,,,,,,,,
45,,,11263,,,,,,,,1.1026549339294434,,,,,,,,,,,,,,,,,,,,,,,,,,,,,,,,,,,,,
45,,,11264,,,,,,,,1.100970983505249,,,,,,,,,,,,,,,,,,,,,,,,,,,,,,,,,,,,,
45,,,11265,,,,,,,,1.0873090028762817,,,,,,,,,,,,,,,,,,,,,,,,,,,,,,,,,,,,,
45,,,11266,,,,,,,,1.0881685018539429,,,,,,,,,,,,,,,,,,,,,,,,,,,,,,,,,,,,,
45,,,11267,,,,,,,,1.0904136896133423,,,,,,,,,,,,,,,,,,,,,,,,,,,,,,,,,,,,,
45,,,11268,,,,,,,,1.1004185676574707,,,,,,,,,,,,,,,,,,,,,,,,,,,,,,,,,,,,,
45,,,11269,,,,,,,,1.0915488004684448,,,,,,,,,,,,,,,,,,,,,,,,,,,,,,,,,,,,,
45,,,11270,,,,,,,,1.0812277793884277,,,,,,,,,,,,,,,,,,,,,,,,,,,,,,,,,,,,,
45,,,11271,,,,,,,,1.1413850784301758,,,,,,,,,,,,,,,,,,,,,,,,,,,,,,,,,,,,,
45,,,11272,,,,,,,,1.1227550506591797,,,,,,,,,,,,,,,,,,,,,,,,,,,,,,,,,,,,,
45,,,11273,,,,,,,,1.0979119539260864,,,,,,,,,,,,,,,,,,,,,,,,,,,,,,,,,,,,,
45,,,11274,,,,,,,,1.0846905708312988,,,,,,,,,,,,,,,,,,,,,,,,,,,,,,,,,,,,,
45,,,11275,,,,,,,,1.1192317008972168,,,,,,,,,,,,,,,,,,,,,,,,,,,,,,,,,,,,,
45,,,11276,,,,,,,,1.085056185722351,,,,,,,,,,,,,,,,,,,,,,,,,,,,,,,,,,,,,
45,,,11277,,,,,,,,1.1165083646774292,,,,,,,,,,,,,,,,,,,,,,,,,,,,,,,,,,,,,
45,,,11278,,,,,,,,1.149725317955017,,,,,,,,,,,,,,,,,,,,,,,,,,,,,,,,,,,,,
45,,,11279,,,,,,,,1.0800743103027344,,,,,,,,,,,,,,,,,,,,,,,,,,,,,,,,,,,,,
45,,,11280,,,,,,,,1.0875359773635864,,,,,,,,,,,,,,,,,,,,,,,,,,,,,,,,,,,,,
45,,,11281,,,,,,,,1.0953972339630127,,,,,,,,,,,,,,,,,,,,,,,,,,,,,,,,,,,,,
45,,,11282,,,,,,,,1.0995151996612549,,,,,,,,,,,,,,,,,,,,,,,,,,,,,,,,,,,,,
45,,,11283,,,,,,,,1.1397042274475098,,,,,,,,,,,,,,,,,,,,,,,,,,,,,,,,,,,,,
45,,,11284,,,,,,,,1.1418020725250244,,,,,,,,,,,,,,,,,,,,,,,,,,,,,,,,,,,,,
45,,,11285,,,,,,,,1.0903397798538208,,,,,,,,,,,,,,,,,,,,,,,,,,,,,,,,,,,,,
45,,,11286,,,,,,,,1.1104674339294434,,,,,,,,,,,,,,,,,,,,,,,,,,,,,,,,,,,,,
45,,,11287,,,,,,,,1.0822383165359497,,,,,,,,,,,,,,,,,,,,,,,,,,,,,,,,,,,,,
45,,,11288,,,,,,,,1.082800030708313,,,,,,,,,,,,,,,,,,,,,,,,,,,,,,,,,,,,,
45,,,11289,,,,,,,,1.0891101360321045,,,,,,,,,,,,,,,,,,,,,,,,,,,,,,,,,,,,,
45,,,11290,,,,,,,,1.1803648471832275,,,,,,,,,,,,,,,,,,,,,,,,,,,,,,,,,,,,,
45,,,11291,,,,,,,,1.0890530347824097,,,,,,,,,,,,,,,,,,,,,,,,,,,,,,,,,,,,,
45,,,11292,,,,,,,,1.0994961261749268,,,,,,,,,,,,,,,,,,,,,,,,,,,,,,,,,,,,,
45,,,11293,,,,,,,,1.0879943370819092,,,,,,,,,,,,,,,,,,,,,,,,,,,,,,,,,,,,,
45,,,11294,,,,,,,,1.08175790309906,,,,,,,,,,,,,,,,,,,,,,,,,,,,,,,,,,,,,
45,,,11295,,,,,,,,1.1035165786743164,,,,,,,,,,,,,,,,,,,,,,,,,,,,,,,,,,,,,
45,,,11296,,,,,,,,1.0900745391845703,,,,,,,,,,,,,,,,,,,,,,,,,,,,,,,,,,,,,
45,,,11297,,,,,,,,1.1108227968215942,,,,,,,,,,,,,,,,,,,,,,,,,,,,,,,,,,,,,
45,,,11298,,,,,,,,1.0911948680877686,,,,,,,,,,,,,,,,,,,,,,,,,,,,,,,,,,,,,
45,,,11299,,,,,,,,1.1019244194030762,,,,,,,,,,,,,,,,,,,,,,,,,,,,,,,,,,,,,
45,,,11300,,,,,,,,1.0964809656143188,,,,,,,,,,,,,,,,,,,,,,,,,,,,,,,,,,,,,
45,,,11301,,,,,,,,1.0941193103790283,,,,,,,,,,,,,,,,,,,,,,,,,,,,,,,,,,,,,
45,,,11302,,,,,,,,1.0845317840576172,,,,,,,,,,,,,,,,,,,,,,,,,,,,,,,,,,,,,
45,,,11303,,,,,,,,1.111281156539917,,,,,,,,,,,,,,,,,,,,,,,,,,,,,,,,,,,,,
45,,,11304,,,,,,,,1.0842472314834595,,,,,,,,,,,,,,,,,,,,,,,,,,,,,,,,,,,,,
45,,,11305,,,,,,,,1.1796849966049194,,,,,,,,,,,,,,,,,,,,,,,,,,,,,,,,,,,,,
45,,,11306,,,,,,,,1.0916187763214111,,,,,,,,,,,,,,,,,,,,,,,,,,,,,,,,,,,,,
45,,,11307,,,,,,,,1.1106268167495728,,,,,,,,,,,,,,,,,,,,,,,,,,,,,,,,,,,,,
45,,,11308,,,,,,,,1.084410309791565,,,,,,,,,,,,,,,,,,,,,,,,,,,,,,,,,,,,,
45,,,11309,,,,,,,,1.1044890880584717,,,,,,,,,,,,,,,,,,,,,,,,,,,,,,,,,,,,,
45,,,11310,,,,,,,,1.0912610292434692,,,,,,,,,,,,,,,,,,,,,,,,,,,,,,,,,,,,,
45,,,11311,,,,,,,,1.0862605571746826,,,,,,,,,,,,,,,,,,,,,,,,,,,,,,,,,,,,,
45,,,11312,,,,,,,,1.098772644996643,,,,,,,,,,,,,,,,,,,,,,,,,,,,,,,,,,,,,
45,,,11313,,,,,,,,1.1014330387115479,,,,,,,,,,,,,,,,,,,,,,,,,,,,,,,,,,,,,
45,,,11314,,,,,,,,1.0827970504760742,,,,,,,,,,,,,,,,,,,,,,,,,,,,,,,,,,,,,
45,,,11315,,,,,,,,1.0850083827972412,,,,,,,,,,,,,,,,,,,,,,,,,,,,,,,,,,,,,
45,,,11316,,,,,,,,1.103855013847351,,,,,,,,,,,,,,,,,,,,,,,,,,,,,,,,,,,,,
45,,,11317,,,,,,,,1.086101770401001,,,,,,,,,,,,,,,,,,,,,,,,,,,,,,,,,,,,,
45,,,11318,,,,,,,,1.1116628646850586,,,,,,,,,,,,,,,,,,,,,,,,,,,,,,,,,,,,,
45,,,11319,,,,,,,,1.1763603687286377,,,,,,,,,,,,,,,,,,,,,,,,,,,,,,,,,,,,,
45,,,11320,,,,,,,,1.1254432201385498,,,,,,,,,,,,,,,,,,,,,,,,,,,,,,,,,,,,,
45,,,11321,,,,,,,,1.1355866193771362,,,,,,,,,,,,,,,,,,,,,,,,,,,,,,,,,,,,,
45,,,11322,,,,,,,,1.0859473943710327,,,,,,,,,,,,,,,,,,,,,,,,,,,,,,,,,,,,,
45,,,11323,,,,,,,,1.1447802782058716,,,,,,,,,,,,,,,,,,,,,,,,,,,,,,,,,,,,,
45,,,11324,,,,,,,,1.1216880083084106,,,,,,,,,,,,,,,,,,,,,,,,,,,,,,,,,,,,,
45,,,11325,,,,,,,,1.0846480131149292,,,,,,,,,,,,,,,,,,,,,,,,,,,,,,,,,,,,,
45,,,11326,,,,,,,,1.1057226657867432,,,,,,,,,,,,,,,,,,,,,,,,,,,,,,,,,,,,,
45,,,11327,,,,,,,,1.2044646739959717,,,,,,,,,,,,,,,,,,,,,,,,,,,,,,,,,,,,,
45,,,11328,,,,,,,,1.0902833938598633,,,,,,,,,,,,,,,,,,,,,,,,,,,,,,,,,,,,,
45,,,11329,,,,,,,,1.0808895826339722,,,,,,,,,,,,,,,,,,,,,,,,,,,,,,,,,,,,,
45,,,11330,,,,,,,,1.086710810661316,,,,,,,,,,,,,,,,,,,,,,,,,,,,,,,,,,,,,
45,,,11331,,,,,,,,1.1957277059555054,,,,,,,,,,,,,,,,,,,,,,,,,,,,,,,,,,,,,
45,,,11332,,,,,,,,1.0895862579345703,,,,,,,,,,,,,,,,,,,,,,,,,,,,,,,,,,,,,
45,,,11333,,,,,,,,1.1147427558898926,,,,,,,,,,,,,,,,,,,,,,,,,,,,,,,,,,,,,
45,,,11334,,,,,,,,1.1082369089126587,,,,,,,,,,,,,,,,,,,,,,,,,,,,,,,,,,,,,
45,,,11335,,,,,,,,1.0921061038970947,,,,,,,,,,,,,,,,,,,,,,,,,,,,,,,,,,,,,
45,,,11336,,,,,,,,1.1572738885879517,,,,,,,,,,,,,,,,,,,,,,,,,,,,,,,,,,,,,
45,,,11337,,,,,,,,1.0872960090637207,,,,,,,,,,,,,,,,,,,,,,,,,,,,,,,,,,,,,
45,,,11338,,,,,,,,1.0999705791473389,,,,,,,,,,,,,,,,,,,,,,,,,,,,,,,,,,,,,
45,,,11339,,,,,,,,1.0910813808441162,,,,,,,,,,,,,,,,,,,,,,,,,,,,,,,,,,,,,
45,,,11340,,,,,,,,1.0896233320236206,,,,,,,,,,,,,,,,,,,,,,,,,,,,,,,,,,,,,
45,,,11341,,,,,,,,1.087502121925354,,,,,,,,,,,,,,,,,,,,,,,,,,,,,,,,,,,,,
45,,,11342,,,,,,,,1.095705509185791,,,,,,,,,,,,,,,,,,,,,,,,,,,,,,,,,,,,,
45,,,11343,,,,,,,,1.1061989068984985,,,,,,,,,,,,,,,,,,,,,,,,,,,,,,,,,,,,,
45,,,11344,,,,,,,,1.0817303657531738,,,,,,,,,,,,,,,,,,,,,,,,,,,,,,,,,,,,,
45,,,11345,,,,,,,,1.0852797031402588,,,,,,,,,,,,,,,,,,,,,,,,,,,,,,,,,,,,,
45,,,11346,,,,,,,,1.1304535865783691,,,,,,,,,,,,,,,,,,,,,,,,,,,,,,,,,,,,,
45,,,11347,,,,,,,,1.0984997749328613,,,,,,,,,,,,,,,,,,,,,,,,,,,,,,,,,,,,,
45,,,11348,,,,,,,,1.0858489274978638,,,,,,,,,,,,,,,,,,,,,,,,,,,,,,,,,,,,,
45,,,11349,,,,,,,,1.0987598896026611,,,,,,,,,,,,,,,,,,,,,,,,,,,,,,,,,,,,,
45,,,11350,,,,,,,,1.093855619430542,,,,,,,,,,,,,,,,,,,,,,,,,,,,,,,,,,,,,
45,,,11351,,,,,,,,1.0816072225570679,,,,,,,,,,,,,,,,,,,,,,,,,,,,,,,,,,,,,
45,,,11352,,,,,,,,1.0911222696304321,,,,,,,,,,,,,,,,,,,,,,,,,,,,,,,,,,,,,
45,,,11353,,,,,,,,1.0904393196105957,,,,,,,,,,,,,,,,,,,,,,,,,,,,,,,,,,,,,
45,,,11354,,,,,,,,1.0959323644638062,,,,,,,,,,,,,,,,,,,,,,,,,,,,,,,,,,,,,
45,,,11355,,,,,,,,1.0870275497436523,,,,,,,,,,,,,,,,,,,,,,,,,,,,,,,,,,,,,
45,,,11356,,,,,,,,1.0857713222503662,,,,,,,,,,,,,,,,,,,,,,,,,,,,,,,,,,,,,
45,,,11357,,,,,,,,1.098226547241211,,,,,,,,,,,,,,,,,,,,,,,,,,,,,,,,,,,,,
45,,,11358,,,,,,,,1.1380460262298584,,,,,,,,,,,,,,,,,,,,,,,,,,,,,,,,,,,,,
45,,,11359,,,,,,,,1.091742992401123,,,,,,,,,,,,,,,,,,,,,,,,,,,,,,,,,,,,,
45,,,11360,,,,,,,,1.118756890296936,,,,,,,,,,,,,,,,,,,,,,,,,,,,,,,,,,,,,
45,,,11361,,,,,,,,1.0823713541030884,,,,,,,,,,,,,,,,,,,,,,,,,,,,,,,,,,,,,
45,,,11362,,,,,,,,1.152787685394287,,,,,,,,,,,,,,,,,,,,,,,,,,,,,,,,,,,,,
45,,,11363,,,,,,,,1.1094951629638672,,,,,,,,,,,,,,,,,,,,,,,,,,,,,,,,,,,,,
45,,,11364,,,,,,,,1.1015454530715942,,,,,,,,,,,,,,,,,,,,,,,,,,,,,,,,,,,,,
45,,,11365,,,,,,,,1.101837396621704,,,,,,,,,,,,,,,,,,,,,,,,,,,,,,,,,,,,,
45,,,11366,,,,,,,,1.080065131187439,,,,,,,,,,,,,,,,,,,,,,,,,,,,,,,,,,,,,
45,,,11367,,,,,,,,1.0965834856033325,,,,,,,,,,,,,,,,,,,,,,,,,,,,,,,,,,,,,
45,,,11368,,,,,,,,1.104664921760559,,,,,,,,,,,,,,,,,,,,,,,,,,,,,,,,,,,,,
45,,,11369,,,,,,,,1.0864393711090088,,,,,,,,,,,,,,,,,,,,,,,,,,,,,,,,,,,,,
45,,,11370,,,,,,,,1.097820520401001,,,,,,,,,,,,,,,,,,,,,,,,,,,,,,,,,,,,,
45,,,11371,,,,,,,,1.1690106391906738,,,,,,,,,,,,,,,,,,,,,,,,,,,,,,,,,,,,,
45,,,11372,,,,,,,,1.1097737550735474,,,,,,,,,,,,,,,,,,,,,,,,,,,,,,,,,,,,,
45,,,11373,,,,,,,,1.097989559173584,,,,,,,,,,,,,,,,,,,,,,,,,,,,,,,,,,,,,
45,,,11374,,,,,,,,1.0922778844833374,,,,,,,,,,,,,,,,,,,,,,,,,,,,,,,,,,,,,
45,,,11375,,,,,,,,1.0877255201339722,,,,,,,,,,,,,,,,,,,,,,,,,,,,,,,,,,,,,
45,,,11376,,,,,,,,1.0860093832015991,,,,,,,,,,,,,,,,,,,,,,,,,,,,,,,,,,,,,
45,,,11377,,,,,,,,1.1010849475860596,,,,,,,,,,,,,,,,,,,,,,,,,,,,,,,,,,,,,
45,,,11378,,,,,,,,1.1209498643875122,,,,,,,,,,,,,,,,,,,,,,,,,,,,,,,,,,,,,
45,,,11379,,,,,,,,1.1014063358306885,,,,,,,,,,,,,,,,,,,,,,,,,,,,,,,,,,,,,
45,,,11380,,,,,,,,1.0972802639007568,,,,,,,,,,,,,,,,,,,,,,,,,,,,,,,,,,,,,
45,,,11381,,,,,,,,1.1024872064590454,,,,,,,,,,,,,,,,,,,,,,,,,,,,,,,,,,,,,
45,,,11382,,,,,,,,1.0802689790725708,,,,,,,,,,,,,,,,,,,,,,,,,,,,,,,,,,,,,
45,,,11383,,,,,,,,1.105055332183838,,,,,,,,,,,,,,,,,,,,,,,,,,,,,,,,,,,,,
45,,,11384,,,,,,,,1.0971002578735352,,,,,,,,,,,,,,,,,,,,,,,,,,,,,,,,,,,,,
45,,,11385,,,,,,,,1.1408315896987915,,,,,,,,,,,,,,,,,,,,,,,,,,,,,,,,,,,,,
45,,,11386,,,,,,,,1.1275917291641235,,,,,,,,,,,,,,,,,,,,,,,,,,,,,,,,,,,,,
45,,,11387,,,,,,,,1.18442964553833,,,,,,,,,,,,,,,,,,,,,,,,,,,,,,,,,,,,,
45,,,11388,,,,,,,,1.0901098251342773,,,,,,,,,,,,,,,,,,,,,,,,,,,,,,,,,,,,,
45,,,11389,,,,,,,,1.1548161506652832,,,,,,,,,,,,,,,,,,,,,,,,,,,,,,,,,,,,,
45,,,11390,,,,,,,,1.0993969440460205,,,,,,,,,,,,,,,,,,,,,,,,,,,,,,,,,,,,,
45,,,11391,,,,,,,,1.115211009979248,,,,,,,,,,,,,,,,,,,,,,,,,,,,,,,,,,,,,
45,,,11392,,,,,,,,1.0948278903961182,,,,,,,,,,,,,,,,,,,,,,,,,,,,,,,,,,,,,
45,,,11393,,,,,,,,1.1468589305877686,,,,,,,,,,,,,,,,,,,,,,,,,,,,,,,,,,,,,
45,,,11394,,,,,,,,1.10145902633667,,,,,,,,,,,,,,,,,,,,,,,,,,,,,,,,,,,,,
45,,,11395,,,,,,,,1.1296402215957642,,,,,,,,,,,,,,,,,,,,,,,,,,,,,,,,,,,,,
45,,,11396,,,,,,,,1.0822904109954834,,,,,,,,,,,,,,,,,,,,,,,,,,,,,,,,,,,,,
45,,,11397,,,,,,,,1.084319829940796,,,,,,,,,,,,,,,,,,,,,,,,,,,,,,,,,,,,,
45,,,11398,,,,,,,,1.1043858528137207,,,,,,,,,,,,,,,,,,,,,,,,,,,,,,,,,,,,,
45,,,11399,,,,,,,,1.11455237865448,,,,,,,,,,,,,,,,,,,,,,,,,,,,,,,,,,,,,
45,,,11400,,,,,,,,1.1078394651412964,,,,,,,,,,,,,,,,,,,,,,,,,,,,,,,,,,,,,
45,,,11401,,,,,,,,1.0991839170455933,,,,,,,,,,,,,,,,,,,,,,,,,,,,,,,,,,,,,
45,,,11402,,,,,,,,1.086937665939331,,,,,,,,,,,,,,,,,,,,,,,,,,,,,,,,,,,,,
45,,,11403,,,,,,,,1.0937427282333374,,,,,,,,,,,,,,,,,,,,,,,,,,,,,,,,,,,,,
45,,,11404,,,,,,,,1.099208116531372,,,,,,,,,,,,,,,,,,,,,,,,,,,,,,,,,,,,,
45,,,11405,,,,,,,,1.101013422012329,,,,,,,,,,,,,,,,,,,,,,,,,,,,,,,,,,,,,
45,,,11406,,,,,,,,1.0928058624267578,,,,,,,,,,,,,,,,,,,,,,,,,,,,,,,,,,,,,
45,,,11407,,,,,,,,1.1005626916885376,,,,,,,,,,,,,,,,,,,,,,,,,,,,,,,,,,,,,
45,,,11408,,,,,,,,1.1018017530441284,,,,,,,,,,,,,,,,,,,,,,,,,,,,,,,,,,,,,
45,,,11409,,,,,,,,1.3521473407745361,,,,,,,,,,,,,,,,,,,,,,,,,,,,,,,,,,,,,
45,,,11410,,,,,,,,1.1037358045578003,,,,,,,,,,,,,,,,,,,,,,,,,,,,,,,,,,,,,
45,,,11411,,,,,,,,1.0864555835723877,,,,,,,,,,,,,,,,,,,,,,,,,,,,,,,,,,,,,
45,,,11412,,,,,,,,1.1342089176177979,,,,,,,,,,,,,,,,,,,,,,,,,,,,,,,,,,,,,
45,,,11413,,,,,,,,1.0893880128860474,,,,,,,,,,,,,,,,,,,,,,,,,,,,,,,,,,,,,
45,,,11414,,,,,,,,1.0825575590133667,,,,,,,,,,,,,,,,,,,,,,,,,,,,,,,,,,,,,
45,,,11415,,,,,,,,1.0856326818466187,,,,,,,,,,,,,,,,,,,,,,,,,,,,,,,,,,,,,
45,,,11416,,,,,,,,1.087036371231079,,,,,,,,,,,,,,,,,,,,,,,,,,,,,,,,,,,,,
45,,,11417,,,,,,,,1.1075820922851562,,,,,,,,,,,,,,,,,,,,,,,,,,,,,,,,,,,,,
45,,,11418,,,,,,,,1.0955307483673096,,,,,,,,,,,,,,,,,,,,,,,,,,,,,,,,,,,,,
45,,,11419,,,,,,,,1.1333835124969482,,,,,,,,,,,,,,,,,,,,,,,,,,,,,,,,,,,,,
45,,,11420,,,,,,,,1.1101746559143066,,,,,,,,,,,,,,,,,,,,,,,,,,,,,,,,,,,,,
45,,,11421,,,,,,,,1.0999748706817627,,,,,,,,,,,,,,,,,,,,,,,,,,,,,,,,,,,,,
45,,,11422,,,,,,,,1.1319091320037842,,,,,,,,,,,,,,,,,,,,,,,,,,,,,,,,,,,,,
45,,,11423,,,,,,,,1.0916087627410889,,,,,,,,,,,,,,,,,,,,,,,,,,,,,,,,,,,,,
45,,,11424,,,,,,,,1.0887786149978638,,,,,,,,,,,,,,,,,,,,,,,,,,,,,,,,,,,,,
45,,,11425,,,,,,,,1.0942821502685547,,,,,,,,,,,,,,,,,,,,,,,,,,,,,,,,,,,,,
45,,,11426,,,,,,,,1.0800905227661133,,,,,,,,,,,,,,,,,,,,,,,,,,,,,,,,,,,,,
45,,,11427,,,,,,,,1.2548165321350098,,,,,,,,,,,,,,,,,,,,,,,,,,,,,,,,,,,,,
45,,,11428,,,,,,,,1.0948206186294556,,,,,,,,,,,,,,,,,,,,,,,,,,,,,,,,,,,,,
45,,,11429,,,,,,,,1.0917397737503052,,,,,,,,,,,,,,,,,,,,,,,,,,,,,,,,,,,,,
45,,,11430,,,,,,,,1.1181793212890625,,,,,,,,,,,,,,,,,,,,,,,,,,,,,,,,,,,,,
45,,,11431,,,,,,,,1.1134549379348755,,,,,,,,,,,,,,,,,,,,,,,,,,,,,,,,,,,,,
45,,,11432,,,,,,,,1.0925697088241577,,,,,,,,,,,,,,,,,,,,,,,,,,,,,,,,,,,,,
45,,,11433,,,,,,,,1.100400686264038,,,,,,,,,,,,,,,,,,,,,,,,,,,,,,,,,,,,,
45,,,11434,,,,,,,,1.086275577545166,,,,,,,,,,,,,,,,,,,,,,,,,,,,,,,,,,,,,
45,,,11435,,,,,,,,1.1513758897781372,,,,,,,,,,,,,,,,,,,,,,,,,,,,,,,,,,,,,
45,,,11436,,,,,,,,1.0957635641098022,,,,,,,,,,,,,,,,,,,,,,,,,,,,,,,,,,,,,
45,,,11437,,,,,,,,1.1043719053268433,,,,,,,,,,,,,,,,,,,,,,,,,,,,,,,,,,,,,
45,,,11438,,,,,,,,1.1015583276748657,,,,,,,,,,,,,,,,,,,,,,,,,,,,,,,,,,,,,
45,,,11439,,,,,,,,1.0883309841156006,,,,,,,,,,,,,,,,,,,,,,,,,,,,,,,,,,,,,
45,,,11440,,,,,,,,1.1501778364181519,,,,,,,,,,,,,,,,,,,,,,,,,,,,,,,,,,,,,
45,,,11441,,,,,,,,1.112579584121704,,,,,,,,,,,,,,,,,,,,,,,,,,,,,,,,,,,,,
45,,,11442,,,,,,,,1.0876609086990356,,,,,,,,,,,,,,,,,,,,,,,,,,,,,,,,,,,,,
45,,,11443,,,,,,,,1.0949316024780273,,,,,,,,,,,,,,,,,,,,,,,,,,,,,,,,,,,,,
45,,,11444,,,,,,,,1.1066144704818726,,,,,,,,,,,,,,,,,,,,,,,,,,,,,,,,,,,,,
45,,,11445,,,,,,,,1.144783854484558,,,,,,,,,,,,,,,,,,,,,,,,,,,,,,,,,,,,,
45,,,11446,,,,,,,,1.1147470474243164,,,,,,,,,,,,,,,,,,,,,,,,,,,,,,,,,,,,,
45,,,11447,,,,,,,,1.1027549505233765,,,,,,,,,,,,,,,,,,,,,,,,,,,,,,,,,,,,,
45,,,11448,,,,,,,,1.097740888595581,,,,,,,,,,,,,,,,,,,,,,,,,,,,,,,,,,,,,
45,,,11449,,,,,,,,1.1142276525497437,,,,,,,,,,,,,,,,,,,,,,,,,,,,,,,,,,,,,
45,,,11450,,,,,,,,1.1412875652313232,,,,,,,,,,,,,,,,,,,,,,,,,,,,,,,,,,,,,
45,,,11451,,,,,,,,1.0969452857971191,,,,,,,,,,,,,,,,,,,,,,,,,,,,,,,,,,,,,
45,,,11452,,,,,,,,1.1190892457962036,,,,,,,,,,,,,,,,,,,,,,,,,,,,,,,,,,,,,
45,,,11453,,,,,,,,1.1360952854156494,,,,,,,,,,,,,,,,,,,,,,,,,,,,,,,,,,,,,
45,,,11454,,,,,,,,1.1128098964691162,,,,,,,,,,,,,,,,,,,,,,,,,,,,,,,,,,,,,
45,,,11455,,,,,,,,1.0875506401062012,,,,,,,,,,,,,,,,,,,,,,,,,,,,,,,,,,,,,
45,,,11456,,,,,,,,1.1328184604644775,,,,,,,,,,,,,,,,,,,,,,,,,,,,,,,,,,,,,
45,,,11457,,,,,,,,1.0914831161499023,,,,,,,,,,,,,,,,,,,,,,,,,,,,,,,,,,,,,
45,,,11458,,,,,,,,1.141435980796814,,,,,,,,,,,,,,,,,,,,,,,,,,,,,,,,,,,,,
45,,,11459,,,,,,,,1.1150448322296143,,,,,,,,,,,,,,,,,,,,,,,,,,,,,,,,,,,,,
45,,,11460,,,,,,,,1.0901386737823486,,,,,,,,,,,,,,,,,,,,,,,,,,,,,,,,,,,,,
45,,,11461,,,,,,,,1.0823731422424316,,,,,,,,,,,,,,,,,,,,,,,,,,,,,,,,,,,,,
45,,,11462,,,,,,,,1.0866597890853882,,,,,,,,,,,,,,,,,,,,,,,,,,,,,,,,,,,,,
45,,,11463,,,,,,,,1.0841861963272095,,,,,,,,,,,,,,,,,,,,,,,,,,,,,,,,,,,,,
45,,,11464,,,,,,,,1.0904024839401245,,,,,,,,,,,,,,,,,,,,,,,,,,,,,,,,,,,,,
45,,,11465,,,,,,,,1.1208548545837402,,,,,,,,,,,,,,,,,,,,,,,,,,,,,,,,,,,,,
45,,,11466,,,,,,,,1.085200548171997,,,,,,,,,,,,,,,,,,,,,,,,,,,,,,,,,,,,,
45,,,11467,,,,,,,,1.089436650276184,,,,,,,,,,,,,,,,,,,,,,,,,,,,,,,,,,,,,
45,,,11468,,,,,,,,1.0818910598754883,,,,,,,,,,,,,,,,,,,,,,,,,,,,,,,,,,,,,
45,,,11469,,,,,,,,1.120578646659851,,,,,,,,,,,,,,,,,,,,,,,,,,,,,,,,,,,,,
45,,,11470,,,,,,,,1.1118738651275635,,,,,,,,,,,,,,,,,,,,,,,,,,,,,,,,,,,,,
45,,,11471,,,,,,,,1.0995125770568848,,,,,,,,,,,,,,,,,,,,,,,,,,,,,,,,,,,,,
45,,,11472,,,,,,,,1.093288540840149,,,,,,,,,,,,,,,,,,,,,,,,,,,,,,,,,,,,,
45,,,11473,,,,,,,,1.1033048629760742,,,,,,,,,,,,,,,,,,,,,,,,,,,,,,,,,,,,,
45,,,11474,,,,,,,,1.111701250076294,,,,,,,,,,,,,,,,,,,,,,,,,,,,,,,,,,,,,
45,,,11475,,,,,,,,1.123063087463379,,,,,,,,,,,,,,,,,,,,,,,,,,,,,,,,,,,,,
45,,,11476,,,,,,,,1.1180859804153442,,,,,,,,,,,,,,,,,,,,,,,,,,,,,,,,,,,,,
45,,,11477,,,,,,,,1.271246314048767,,,,,,,,,,,,,,,,,,,,,,,,,,,,,,,,,,,,,
45,,,11478,,,,,,,,1.1406681537628174,,,,,,,,,,,,,,,,,,,,,,,,,,,,,,,,,,,,,
45,,,11479,,,,,,,,1.0848454236984253,,,,,,,,,,,,,,,,,,,,,,,,,,,,,,,,,,,,,
45,,,11480,,,,,,,,1.0872538089752197,,,,,,,,,,,,,,,,,,,,,,,,,,,,,,,,,,,,,
45,,,11481,,,,,,,,1.0993260145187378,,,,,,,,,,,,,,,,,,,,,,,,,,,,,,,,,,,,,
45,,,11482,,,,,,,,1.08480703830719,,,,,,,,,,,,,,,,,,,,,,,,,,,,,,,,,,,,,
45,,,11483,,,,,,,,1.0949296951293945,,,,,,,,,,,,,,,,,,,,,,,,,,,,,,,,,,,,,
45,,,11484,,,,,,,,1.0931637287139893,,,,,,,,,,,,,,,,,,,,,,,,,,,,,,,,,,,,,
45,,,11485,,,,,,,,1.1011877059936523,,,,,,,,,,,,,,,,,,,,,,,,,,,,,,,,,,,,,
45,,,11486,,,,,,,,1.0804076194763184,,,,,,,,,,,,,,,,,,,,,,,,,,,,,,,,,,,,,
45,,,11487,,,,,,,,1.102760672569275,,,,,,,,,,,,,,,,,,,,,,,,,,,,,,,,,,,,,
45,,,11488,,,,,,,,1.0829408168792725,,,,,,,,,,,,,,,,,,,,,,,,,,,,,,,,,,,,,
45,,,11489,,,,,,,,1.1210803985595703,,,,,,,,,,,,,,,,,,,,,,,,,,,,,,,,,,,,,
45,,,11490,,,,,,,,1.1311941146850586,,,,,,,,,,,,,,,,,,,,,,,,,,,,,,,,,,,,,
45,,,11491,,,,,,,,1.0830342769622803,,,,,,,,,,,,,,,,,,,,,,,,,,,,,,,,,,,,,
45,,,11492,,,,,,,,1.089564561843872,,,,,,,,,,,,,,,,,,,,,,,,,,,,,,,,,,,,,
45,,,11493,,,,,,,,1.183210849761963,,,,,,,,,,,,,,,,,,,,,,,,,,,,,,,,,,,,,
45,,,11494,,,,,,,,1.135608196258545,,,,,,,,,,,,,,,,,,,,,,,,,,,,,,,,,,,,,
45,,,11495,,,,,,,,1.0959233045578003,,,,,,,,,,,,,,,,,,,,,,,,,,,,,,,,,,,,,
45,,,11496,,,,,,,,1.0956213474273682,,,,,,,,,,,,,,,,,,,,,,,,,,,,,,,,,,,,,
45,,,11497,,,,,,,,1.1011892557144165,,,,,,,,,,,,,,,,,,,,,,,,,,,,,,,,,,,,,
45,,,11498,,,,,,,,1.103732943534851,,,,,,,,,,,,,,,,,,,,,,,,,,,,,,,,,,,,,
45,,,11499,,,,,,,,1.240142822265625,,,,,,,,,,,,,,,,,,,,,,,,,,,,,,,,,,,,,
45,,,11499,,,,,,,,,,,0.3487617075443268,0.005480662453919649,0.669921875,1.33984375,54.966796875,0.669921875,271790.65625,0.8378112316131592,0.8378112316131592,,1.0,0.29514312744140625,54.966796875,0.669921875,0.942131757736206,0.04752710089087486,22118.0,0.001904690288938582,0.002843152964487672,0.42505908012390137,0.6344905495643616,0.005660939496010542,1475.0,0.01693061739206314,0.02527252584695816,0.2666255533695221,0.3979949951171875,0.01429036259651184,7373.0,0.0048538073897361755,0.00724533386528492,0.34628620743751526,0.5169053673744202,0.01662299782037735,0.00037276724469847977
45,,20.0,11499,265201.46875,0.8514642715454102,0.8527629971504211,,1.1082017421722412,0.8527629971504211,1.0,,0.2987949252128601,0.921999990940094,,,,,,,,,,,,,,,,,,,,,,,,,,,,,,,,,,,
,4.712525830705356e-06,,11500,,,,,,,,,,,,,,,,,,,,,,,,,,,,,,,,,,,,,,,,,,,,,
46,,,11500,,,,,,,,1.105449914932251,,,,,,,,,,,,,,,,,,,,,,,,,,,,,,,,,,,,,
46,,,11501,,,,,,,,1.0883315801620483,,,,,,,,,,,,,,,,,,,,,,,,,,,,,,,,,,,,,
46,,,11502,,,,,,,,1.1358044147491455,,,,,,,,,,,,,,,,,,,,,,,,,,,,,,,,,,,,,
46,,,11503,,,,,,,,1.0925507545471191,,,,,,,,,,,,,,,,,,,,,,,,,,,,,,,,,,,,,
46,,,11504,,,,,,,,1.121213674545288,,,,,,,,,,,,,,,,,,,,,,,,,,,,,,,,,,,,,
46,,,11505,,,,,,,,1.0864181518554688,,,,,,,,,,,,,,,,,,,,,,,,,,,,,,,,,,,,,
46,,,11506,,,,,,,,1.0970215797424316,,,,,,,,,,,,,,,,,,,,,,,,,,,,,,,,,,,,,
46,,,11507,,,,,,,,1.1950905323028564,,,,,,,,,,,,,,,,,,,,,,,,,,,,,,,,,,,,,
46,,,11508,,,,,,,,1.083155632019043,,,,,,,,,,,,,,,,,,,,,,,,,,,,,,,,,,,,,
46,,,11509,,,,,,,,1.0854617357254028,,,,,,,,,,,,,,,,,,,,,,,,,,,,,,,,,,,,,
46,,,11510,,,,,,,,1.108794927597046,,,,,,,,,,,,,,,,,,,,,,,,,,,,,,,,,,,,,
46,,,11511,,,,,,,,1.1235679388046265,,,,,,,,,,,,,,,,,,,,,,,,,,,,,,,,,,,,,
46,,,11512,,,,,,,,1.0866397619247437,,,,,,,,,,,,,,,,,,,,,,,,,,,,,,,,,,,,,
46,,,11513,,,,,,,,1.0973873138427734,,,,,,,,,,,,,,,,,,,,,,,,,,,,,,,,,,,,,
46,,,11514,,,,,,,,1.0859932899475098,,,,,,,,,,,,,,,,,,,,,,,,,,,,,,,,,,,,,
46,,,11515,,,,,,,,1.0876514911651611,,,,,,,,,,,,,,,,,,,,,,,,,,,,,,,,,,,,,
46,,,11516,,,,,,,,1.1330246925354004,,,,,,,,,,,,,,,,,,,,,,,,,,,,,,,,,,,,,
46,,,11517,,,,,,,,1.1678540706634521,,,,,,,,,,,,,,,,,,,,,,,,,,,,,,,,,,,,,
46,,,11518,,,,,,,,1.2077369689941406,,,,,,,,,,,,,,,,,,,,,,,,,,,,,,,,,,,,,
46,,,11519,,,,,,,,1.0996493101119995,,,,,,,,,,,,,,,,,,,,,,,,,,,,,,,,,,,,,
46,,,11520,,,,,,,,1.0843405723571777,,,,,,,,,,,,,,,,,,,,,,,,,,,,,,,,,,,,,
46,,,11521,,,,,,,,1.0963472127914429,,,,,,,,,,,,,,,,,,,,,,,,,,,,,,,,,,,,,
46,,,11522,,,,,,,,1.0943281650543213,,,,,,,,,,,,,,,,,,,,,,,,,,,,,,,,,,,,,
46,,,11523,,,,,,,,1.108299970626831,,,,,,,,,,,,,,,,,,,,,,,,,,,,,,,,,,,,,
46,,,11524,,,,,,,,1.1500060558319092,,,,,,,,,,,,,,,,,,,,,,,,,,,,,,,,,,,,,
46,,,11525,,,,,,,,1.0934081077575684,,,,,,,,,,,,,,,,,,,,,,,,,,,,,,,,,,,,,
46,,,11526,,,,,,,,1.1381499767303467,,,,,,,,,,,,,,,,,,,,,,,,,,,,,,,,,,,,,
46,,,11527,,,,,,,,1.1922498941421509,,,,,,,,,,,,,,,,,,,,,,,,,,,,,,,,,,,,,
46,,,11528,,,,,,,,1.2080066204071045,,,,,,,,,,,,,,,,,,,,,,,,,,,,,,,,,,,,,
46,,,11529,,,,,,,,1.0909289121627808,,,,,,,,,,,,,,,,,,,,,,,,,,,,,,,,,,,,,
46,,,11530,,,,,,,,1.1184258460998535,,,,,,,,,,,,,,,,,,,,,,,,,,,,,,,,,,,,,
46,,,11531,,,,,,,,1.0844022035598755,,,,,,,,,,,,,,,,,,,,,,,,,,,,,,,,,,,,,
46,,,11532,,,,,,,,1.1109039783477783,,,,,,,,,,,,,,,,,,,,,,,,,,,,,,,,,,,,,
46,,,11533,,,,,,,,1.1006156206130981,,,,,,,,,,,,,,,,,,,,,,,,,,,,,,,,,,,,,
46,,,11534,,,,,,,,1.1034051179885864,,,,,,,,,,,,,,,,,,,,,,,,,,,,,,,,,,,,,
46,,,11535,,,,,,,,1.087785005569458,,,,,,,,,,,,,,,,,,,,,,,,,,,,,,,,,,,,,
46,,,11536,,,,,,,,1.1434967517852783,,,,,,,,,,,,,,,,,,,,,,,,,,,,,,,,,,,,,
46,,,11537,,,,,,,,1.0933421850204468,,,,,,,,,,,,,,,,,,,,,,,,,,,,,,,,,,,,,
46,,,11538,,,,,,,,1.1045928001403809,,,,,,,,,,,,,,,,,,,,,,,,,,,,,,,,,,,,,
46,,,11539,,,,,,,,1.1127792596817017,,,,,,,,,,,,,,,,,,,,,,,,,,,,,,,,,,,,,
46,,,11540,,,,,,,,1.162585973739624,,,,,,,,,,,,,,,,,,,,,,,,,,,,,,,,,,,,,
46,,,11541,,,,,,,,1.0807561874389648,,,,,,,,,,,,,,,,,,,,,,,,,,,,,,,,,,,,,
46,,,11542,,,,,,,,1.1844971179962158,,,,,,,,,,,,,,,,,,,,,,,,,,,,,,,,,,,,,
46,,,11543,,,,,,,,1.088029146194458,,,,,,,,,,,,,,,,,,,,,,,,,,,,,,,,,,,,,
46,,,11544,,,,,,,,1.0892391204833984,,,,,,,,,,,,,,,,,,,,,,,,,,,,,,,,,,,,,
46,,,11545,,,,,,,,1.080366849899292,,,,,,,,,,,,,,,,,,,,,,,,,,,,,,,,,,,,,
46,,,11546,,,,,,,,1.0833083391189575,,,,,,,,,,,,,,,,,,,,,,,,,,,,,,,,,,,,,
46,,,11547,,,,,,,,1.0802916288375854,,,,,,,,,,,,,,,,,,,,,,,,,,,,,,,,,,,,,
46,,,11548,,,,,,,,1.1289393901824951,,,,,,,,,,,,,,,,,,,,,,,,,,,,,,,,,,,,,
46,,,11549,,,,,,,,1.1116623878479004,,,,,,,,,,,,,,,,,,,,,,,,,,,,,,,,,,,,,
46,,,11550,,,,,,,,1.283797025680542,,,,,,,,,,,,,,,,,,,,,,,,,,,,,,,,,,,,,
46,,,11551,,,,,,,,1.0817242860794067,,,,,,,,,,,,,,,,,,,,,,,,,,,,,,,,,,,,,
46,,,11552,,,,,,,,1.0913903713226318,,,,,,,,,,,,,,,,,,,,,,,,,,,,,,,,,,,,,
46,,,11553,,,,,,,,1.1132007837295532,,,,,,,,,,,,,,,,,,,,,,,,,,,,,,,,,,,,,
46,,,11554,,,,,,,,1.0926620960235596,,,,,,,,,,,,,,,,,,,,,,,,,,,,,,,,,,,,,
46,,,11555,,,,,,,,1.129510760307312,,,,,,,,,,,,,,,,,,,,,,,,,,,,,,,,,,,,,
46,,,11556,,,,,,,,1.0827158689498901,,,,,,,,,,,,,,,,,,,,,,,,,,,,,,,,,,,,,
46,,,11557,,,,,,,,1.105698585510254,,,,,,,,,,,,,,,,,,,,,,,,,,,,,,,,,,,,,
46,,,11558,,,,,,,,1.1112927198410034,,,,,,,,,,,,,,,,,,,,,,,,,,,,,,,,,,,,,
46,,,11559,,,,,,,,1.0806243419647217,,,,,,,,,,,,,,,,,,,,,,,,,,,,,,,,,,,,,
46,,,11560,,,,,,,,1.1238089799880981,,,,,,,,,,,,,,,,,,,,,,,,,,,,,,,,,,,,,
46,,,11561,,,,,,,,1.0996637344360352,,,,,,,,,,,,,,,,,,,,,,,,,,,,,,,,,,,,,
46,,,11562,,,,,,,,1.0941632986068726,,,,,,,,,,,,,,,,,,,,,,,,,,,,,,,,,,,,,
46,,,11563,,,,,,,,1.1194615364074707,,,,,,,,,,,,,,,,,,,,,,,,,,,,,,,,,,,,,
46,,,11564,,,,,,,,1.0893537998199463,,,,,,,,,,,,,,,,,,,,,,,,,,,,,,,,,,,,,
46,,,11565,,,,,,,,1.091202735900879,,,,,,,,,,,,,,,,,,,,,,,,,,,,,,,,,,,,,
46,,,11566,,,,,,,,1.0893585681915283,,,,,,,,,,,,,,,,,,,,,,,,,,,,,,,,,,,,,
46,,,11567,,,,,,,,1.0999181270599365,,,,,,,,,,,,,,,,,,,,,,,,,,,,,,,,,,,,,
46,,,11568,,,,,,,,1.0930662155151367,,,,,,,,,,,,,,,,,,,,,,,,,,,,,,,,,,,,,
46,,,11569,,,,,,,,1.0974018573760986,,,,,,,,,,,,,,,,,,,,,,,,,,,,,,,,,,,,,
46,,,11570,,,,,,,,1.0860977172851562,,,,,,,,,,,,,,,,,,,,,,,,,,,,,,,,,,,,,
46,,,11571,,,,,,,,1.0815900564193726,,,,,,,,,,,,,,,,,,,,,,,,,,,,,,,,,,,,,
46,,,11572,,,,,,,,1.1016814708709717,,,,,,,,,,,,,,,,,,,,,,,,,,,,,,,,,,,,,
46,,,11573,,,,,,,,1.080427885055542,,,,,,,,,,,,,,,,,,,,,,,,,,,,,,,,,,,,,
46,,,11574,,,,,,,,1.090852975845337,,,,,,,,,,,,,,,,,,,,,,,,,,,,,,,,,,,,,
46,,,11575,,,,,,,,1.0845307111740112,,,,,,,,,,,,,,,,,,,,,,,,,,,,,,,,,,,,,
46,,,11576,,,,,,,,1.0861274003982544,,,,,,,,,,,,,,,,,,,,,,,,,,,,,,,,,,,,,
46,,,11577,,,,,,,,1.095839023590088,,,,,,,,,,,,,,,,,,,,,,,,,,,,,,,,,,,,,
46,,,11578,,,,,,,,1.0932397842407227,,,,,,,,,,,,,,,,,,,,,,,,,,,,,,,,,,,,,
46,,,11579,,,,,,,,1.0856561660766602,,,,,,,,,,,,,,,,,,,,,,,,,,,,,,,,,,,,,
46,,,11580,,,,,,,,1.1013058423995972,,,,,,,,,,,,,,,,,,,,,,,,,,,,,,,,,,,,,
46,,,11581,,,,,,,,1.084969162940979,,,,,,,,,,,,,,,,,,,,,,,,,,,,,,,,,,,,,
46,,,11582,,,,,,,,1.089505910873413,,,,,,,,,,,,,,,,,,,,,,,,,,,,,,,,,,,,,
46,,,11583,,,,,,,,1.1132138967514038,,,,,,,,,,,,,,,,,,,,,,,,,,,,,,,,,,,,,
46,,,11584,,,,,,,,1.1223806142807007,,,,,,,,,,,,,,,,,,,,,,,,,,,,,,,,,,,,,
46,,,11585,,,,,,,,1.0960215330123901,,,,,,,,,,,,,,,,,,,,,,,,,,,,,,,,,,,,,
46,,,11586,,,,,,,,1.1193861961364746,,,,,,,,,,,,,,,,,,,,,,,,,,,,,,,,,,,,,
46,,,11587,,,,,,,,1.1033912897109985,,,,,,,,,,,,,,,,,,,,,,,,,,,,,,,,,,,,,
46,,,11588,,,,,,,,1.0935684442520142,,,,,,,,,,,,,,,,,,,,,,,,,,,,,,,,,,,,,
46,,,11589,,,,,,,,1.0877269506454468,,,,,,,,,,,,,,,,,,,,,,,,,,,,,,,,,,,,,
46,,,11590,,,,,,,,1.0905686616897583,,,,,,,,,,,,,,,,,,,,,,,,,,,,,,,,,,,,,
46,,,11591,,,,,,,,1.0804481506347656,,,,,,,,,,,,,,,,,,,,,,,,,,,,,,,,,,,,,
46,,,11592,,,,,,,,1.0819059610366821,,,,,,,,,,,,,,,,,,,,,,,,,,,,,,,,,,,,,
46,,,11593,,,,,,,,1.0836238861083984,,,,,,,,,,,,,,,,,,,,,,,,,,,,,,,,,,,,,
46,,,11594,,,,,,,,1.0875914096832275,,,,,,,,,,,,,,,,,,,,,,,,,,,,,,,,,,,,,
46,,,11595,,,,,,,,1.1247801780700684,,,,,,,,,,,,,,,,,,,,,,,,,,,,,,,,,,,,,
46,,,11596,,,,,,,,1.0869462490081787,,,,,,,,,,,,,,,,,,,,,,,,,,,,,,,,,,,,,
46,,,11597,,,,,,,,1.1812660694122314,,,,,,,,,,,,,,,,,,,,,,,,,,,,,,,,,,,,,
46,,,11598,,,,,,,,1.0979458093643188,,,,,,,,,,,,,,,,,,,,,,,,,,,,,,,,,,,,,
46,,,11599,,,,,,,,1.0884339809417725,,,,,,,,,,,,,,,,,,,,,,,,,,,,,,,,,,,,,
46,,,11600,,,,,,,,1.102651596069336,,,,,,,,,,,,,,,,,,,,,,,,,,,,,,,,,,,,,
46,,,11601,,,,,,,,1.1480516195297241,,,,,,,,,,,,,,,,,,,,,,,,,,,,,,,,,,,,,
46,,,11602,,,,,,,,1.1076562404632568,,,,,,,,,,,,,,,,,,,,,,,,,,,,,,,,,,,,,
46,,,11603,,,,,,,,1.1008933782577515,,,,,,,,,,,,,,,,,,,,,,,,,,,,,,,,,,,,,
46,,,11604,,,,,,,,1.098035454750061,,,,,,,,,,,,,,,,,,,,,,,,,,,,,,,,,,,,,
46,,,11605,,,,,,,,1.099362850189209,,,,,,,,,,,,,,,,,,,,,,,,,,,,,,,,,,,,,
46,,,11606,,,,,,,,1.0985004901885986,,,,,,,,,,,,,,,,,,,,,,,,,,,,,,,,,,,,,
46,,,11607,,,,,,,,1.1055041551589966,,,,,,,,,,,,,,,,,,,,,,,,,,,,,,,,,,,,,
46,,,11608,,,,,,,,1.1053261756896973,,,,,,,,,,,,,,,,,,,,,,,,,,,,,,,,,,,,,
46,,,11609,,,,,,,,1.1038405895233154,,,,,,,,,,,,,,,,,,,,,,,,,,,,,,,,,,,,,
46,,,11610,,,,,,,,1.0801249742507935,,,,,,,,,,,,,,,,,,,,,,,,,,,,,,,,,,,,,
46,,,11611,,,,,,,,1.1028228998184204,,,,,,,,,,,,,,,,,,,,,,,,,,,,,,,,,,,,,
46,,,11612,,,,,,,,1.103861689567566,,,,,,,,,,,,,,,,,,,,,,,,,,,,,,,,,,,,,
46,,,11613,,,,,,,,1.1010843515396118,,,,,,,,,,,,,,,,,,,,,,,,,,,,,,,,,,,,,
46,,,11614,,,,,,,,1.1418240070343018,,,,,,,,,,,,,,,,,,,,,,,,,,,,,,,,,,,,,
46,,,11615,,,,,,,,1.1573076248168945,,,,,,,,,,,,,,,,,,,,,,,,,,,,,,,,,,,,,
46,,,11616,,,,,,,,1.1159780025482178,,,,,,,,,,,,,,,,,,,,,,,,,,,,,,,,,,,,,
46,,,11617,,,,,,,,1.14711332321167,,,,,,,,,,,,,,,,,,,,,,,,,,,,,,,,,,,,,
46,,,11618,,,,,,,,1.0919256210327148,,,,,,,,,,,,,,,,,,,,,,,,,,,,,,,,,,,,,
46,,,11619,,,,,,,,1.0958881378173828,,,,,,,,,,,,,,,,,,,,,,,,,,,,,,,,,,,,,
46,,,11620,,,,,,,,1.0801525115966797,,,,,,,,,,,,,,,,,,,,,,,,,,,,,,,,,,,,,
46,,,11621,,,,,,,,1.0933153629302979,,,,,,,,,,,,,,,,,,,,,,,,,,,,,,,,,,,,,
46,,,11622,,,,,,,,1.1255309581756592,,,,,,,,,,,,,,,,,,,,,,,,,,,,,,,,,,,,,
46,,,11623,,,,,,,,1.1063036918640137,,,,,,,,,,,,,,,,,,,,,,,,,,,,,,,,,,,,,
46,,,11624,,,,,,,,1.107666254043579,,,,,,,,,,,,,,,,,,,,,,,,,,,,,,,,,,,,,
46,,,11625,,,,,,,,1.0854666233062744,,,,,,,,,,,,,,,,,,,,,,,,,,,,,,,,,,,,,
46,,,11626,,,,,,,,1.1305092573165894,,,,,,,,,,,,,,,,,,,,,,,,,,,,,,,,,,,,,
46,,,11627,,,,,,,,1.131183385848999,,,,,,,,,,,,,,,,,,,,,,,,,,,,,,,,,,,,,
46,,,11628,,,,,,,,1.090484857559204,,,,,,,,,,,,,,,,,,,,,,,,,,,,,,,,,,,,,
46,,,11629,,,,,,,,1.1032836437225342,,,,,,,,,,,,,,,,,,,,,,,,,,,,,,,,,,,,,
46,,,11630,,,,,,,,1.1607918739318848,,,,,,,,,,,,,,,,,,,,,,,,,,,,,,,,,,,,,
46,,,11631,,,,,,,,1.0842862129211426,,,,,,,,,,,,,,,,,,,,,,,,,,,,,,,,,,,,,
46,,,11632,,,,,,,,1.1666864156723022,,,,,,,,,,,,,,,,,,,,,,,,,,,,,,,,,,,,,
46,,,11633,,,,,,,,1.127684235572815,,,,,,,,,,,,,,,,,,,,,,,,,,,,,,,,,,,,,
46,,,11634,,,,,,,,1.1021597385406494,,,,,,,,,,,,,,,,,,,,,,,,,,,,,,,,,,,,,
46,,,11635,,,,,,,,1.243222951889038,,,,,,,,,,,,,,,,,,,,,,,,,,,,,,,,,,,,,
46,,,11636,,,,,,,,1.0939933061599731,,,,,,,,,,,,,,,,,,,,,,,,,,,,,,,,,,,,,
46,,,11637,,,,,,,,1.1057682037353516,,,,,,,,,,,,,,,,,,,,,,,,,,,,,,,,,,,,,
46,,,11638,,,,,,,,1.128305196762085,,,,,,,,,,,,,,,,,,,,,,,,,,,,,,,,,,,,,
46,,,11639,,,,,,,,1.0921154022216797,,,,,,,,,,,,,,,,,,,,,,,,,,,,,,,,,,,,,
46,,,11640,,,,,,,,1.094541072845459,,,,,,,,,,,,,,,,,,,,,,,,,,,,,,,,,,,,,
46,,,11641,,,,,,,,1.1866323947906494,,,,,,,,,,,,,,,,,,,,,,,,,,,,,,,,,,,,,
46,,,11642,,,,,,,,1.092527985572815,,,,,,,,,,,,,,,,,,,,,,,,,,,,,,,,,,,,,
46,,,11643,,,,,,,,1.091176986694336,,,,,,,,,,,,,,,,,,,,,,,,,,,,,,,,,,,,,
46,,,11644,,,,,,,,1.1105061769485474,,,,,,,,,,,,,,,,,,,,,,,,,,,,,,,,,,,,,
46,,,11645,,,,,,,,1.10940420627594,,,,,,,,,,,,,,,,,,,,,,,,,,,,,,,,,,,,,
46,,,11646,,,,,,,,1.090894103050232,,,,,,,,,,,,,,,,,,,,,,,,,,,,,,,,,,,,,
46,,,11647,,,,,,,,1.0965042114257812,,,,,,,,,,,,,,,,,,,,,,,,,,,,,,,,,,,,,
46,,,11648,,,,,,,,1.0848519802093506,,,,,,,,,,,,,,,,,,,,,,,,,,,,,,,,,,,,,
46,,,11649,,,,,,,,1.0828347206115723,,,,,,,,,,,,,,,,,,,,,,,,,,,,,,,,,,,,,
46,,,11650,,,,,,,,1.1146125793457031,,,,,,,,,,,,,,,,,,,,,,,,,,,,,,,,,,,,,
46,,,11651,,,,,,,,1.1021463871002197,,,,,,,,,,,,,,,,,,,,,,,,,,,,,,,,,,,,,
46,,,11652,,,,,,,,1.0816174745559692,,,,,,,,,,,,,,,,,,,,,,,,,,,,,,,,,,,,,
46,,,11653,,,,,,,,1.0996830463409424,,,,,,,,,,,,,,,,,,,,,,,,,,,,,,,,,,,,,
46,,,11654,,,,,,,,1.0866910219192505,,,,,,,,,,,,,,,,,,,,,,,,,,,,,,,,,,,,,
46,,,11655,,,,,,,,1.1305623054504395,,,,,,,,,,,,,,,,,,,,,,,,,,,,,,,,,,,,,
46,,,11656,,,,,,,,1.0857133865356445,,,,,,,,,,,,,,,,,,,,,,,,,,,,,,,,,,,,,
46,,,11657,,,,,,,,1.1608587503433228,,,,,,,,,,,,,,,,,,,,,,,,,,,,,,,,,,,,,
46,,,11658,,,,,,,,1.0917515754699707,,,,,,,,,,,,,,,,,,,,,,,,,,,,,,,,,,,,,
46,,,11659,,,,,,,,1.0920320749282837,,,,,,,,,,,,,,,,,,,,,,,,,,,,,,,,,,,,,
46,,,11660,,,,,,,,1.1378194093704224,,,,,,,,,,,,,,,,,,,,,,,,,,,,,,,,,,,,,
46,,,11661,,,,,,,,1.1178483963012695,,,,,,,,,,,,,,,,,,,,,,,,,,,,,,,,,,,,,
46,,,11662,,,,,,,,1.0908489227294922,,,,,,,,,,,,,,,,,,,,,,,,,,,,,,,,,,,,,
46,,,11663,,,,,,,,1.0962170362472534,,,,,,,,,,,,,,,,,,,,,,,,,,,,,,,,,,,,,
46,,,11664,,,,,,,,1.0867154598236084,,,,,,,,,,,,,,,,,,,,,,,,,,,,,,,,,,,,,
46,,,11665,,,,,,,,1.0824263095855713,,,,,,,,,,,,,,,,,,,,,,,,,,,,,,,,,,,,,
46,,,11666,,,,,,,,1.0980170965194702,,,,,,,,,,,,,,,,,,,,,,,,,,,,,,,,,,,,,
46,,,11667,,,,,,,,1.0896110534667969,,,,,,,,,,,,,,,,,,,,,,,,,,,,,,,,,,,,,
46,,,11668,,,,,,,,1.0973615646362305,,,,,,,,,,,,,,,,,,,,,,,,,,,,,,,,,,,,,
46,,,11669,,,,,,,,1.0860403776168823,,,,,,,,,,,,,,,,,,,,,,,,,,,,,,,,,,,,,
46,,,11670,,,,,,,,1.1959965229034424,,,,,,,,,,,,,,,,,,,,,,,,,,,,,,,,,,,,,
46,,,11671,,,,,,,,1.0968782901763916,,,,,,,,,,,,,,,,,,,,,,,,,,,,,,,,,,,,,
46,,,11672,,,,,,,,1.1224796772003174,,,,,,,,,,,,,,,,,,,,,,,,,,,,,,,,,,,,,
46,,,11673,,,,,,,,1.080993413925171,,,,,,,,,,,,,,,,,,,,,,,,,,,,,,,,,,,,,
46,,,11674,,,,,,,,1.0898877382278442,,,,,,,,,,,,,,,,,,,,,,,,,,,,,,,,,,,,,
46,,,11675,,,,,,,,1.2503323554992676,,,,,,,,,,,,,,,,,,,,,,,,,,,,,,,,,,,,,
46,,,11676,,,,,,,,1.0828349590301514,,,,,,,,,,,,,,,,,,,,,,,,,,,,,,,,,,,,,
46,,,11677,,,,,,,,1.1050469875335693,,,,,,,,,,,,,,,,,,,,,,,,,,,,,,,,,,,,,
46,,,11678,,,,,,,,1.0891999006271362,,,,,,,,,,,,,,,,,,,,,,,,,,,,,,,,,,,,,
46,,,11679,,,,,,,,1.0982609987258911,,,,,,,,,,,,,,,,,,,,,,,,,,,,,,,,,,,,,
46,,,11680,,,,,,,,1.0932540893554688,,,,,,,,,,,,,,,,,,,,,,,,,,,,,,,,,,,,,
46,,,11681,,,,,,,,1.0904825925827026,,,,,,,,,,,,,,,,,,,,,,,,,,,,,,,,,,,,,
46,,,11682,,,,,,,,1.0859668254852295,,,,,,,,,,,,,,,,,,,,,,,,,,,,,,,,,,,,,
46,,,11683,,,,,,,,1.0980921983718872,,,,,,,,,,,,,,,,,,,,,,,,,,,,,,,,,,,,,
46,,,11684,,,,,,,,1.107680082321167,,,,,,,,,,,,,,,,,,,,,,,,,,,,,,,,,,,,,
46,,,11685,,,,,,,,1.1169073581695557,,,,,,,,,,,,,,,,,,,,,,,,,,,,,,,,,,,,,
46,,,11686,,,,,,,,1.1040782928466797,,,,,,,,,,,,,,,,,,,,,,,,,,,,,,,,,,,,,
46,,,11687,,,,,,,,1.0935438871383667,,,,,,,,,,,,,,,,,,,,,,,,,,,,,,,,,,,,,
46,,,11688,,,,,,,,1.1834264993667603,,,,,,,,,,,,,,,,,,,,,,,,,,,,,,,,,,,,,
46,,,11689,,,,,,,,1.0942445993423462,,,,,,,,,,,,,,,,,,,,,,,,,,,,,,,,,,,,,
46,,,11690,,,,,,,,1.090905785560608,,,,,,,,,,,,,,,,,,,,,,,,,,,,,,,,,,,,,
46,,,11691,,,,,,,,1.1383566856384277,,,,,,,,,,,,,,,,,,,,,,,,,,,,,,,,,,,,,
46,,,11692,,,,,,,,1.1179198026657104,,,,,,,,,,,,,,,,,,,,,,,,,,,,,,,,,,,,,
46,,,11693,,,,,,,,1.0873327255249023,,,,,,,,,,,,,,,,,,,,,,,,,,,,,,,,,,,,,
46,,,11694,,,,,,,,1.0868480205535889,,,,,,,,,,,,,,,,,,,,,,,,,,,,,,,,,,,,,
46,,,11695,,,,,,,,1.1071017980575562,,,,,,,,,,,,,,,,,,,,,,,,,,,,,,,,,,,,,
46,,,11696,,,,,,,,1.093411922454834,,,,,,,,,,,,,,,,,,,,,,,,,,,,,,,,,,,,,
46,,,11697,,,,,,,,1.087296962738037,,,,,,,,,,,,,,,,,,,,,,,,,,,,,,,,,,,,,
46,,,11698,,,,,,,,1.0859053134918213,,,,,,,,,,,,,,,,,,,,,,,,,,,,,,,,,,,,,
46,,,11699,,,,,,,,1.086298942565918,,,,,,,,,,,,,,,,,,,,,,,,,,,,,,,,,,,,,
46,,,11700,,,,,,,,1.0857733488082886,,,,,,,,,,,,,,,,,,,,,,,,,,,,,,,,,,,,,
46,,,11701,,,,,,,,1.0853972434997559,,,,,,,,,,,,,,,,,,,,,,,,,,,,,,,,,,,,,
46,,,11702,,,,,,,,1.1075763702392578,,,,,,,,,,,,,,,,,,,,,,,,,,,,,,,,,,,,,
46,,,11703,,,,,,,,1.221415400505066,,,,,,,,,,,,,,,,,,,,,,,,,,,,,,,,,,,,,
46,,,11704,,,,,,,,1.0858122110366821,,,,,,,,,,,,,,,,,,,,,,,,,,,,,,,,,,,,,
46,,,11705,,,,,,,,1.1146050691604614,,,,,,,,,,,,,,,,,,,,,,,,,,,,,,,,,,,,,
46,,,11706,,,,,,,,1.090890645980835,,,,,,,,,,,,,,,,,,,,,,,,,,,,,,,,,,,,,
46,,,11707,,,,,,,,1.0889670848846436,,,,,,,,,,,,,,,,,,,,,,,,,,,,,,,,,,,,,
46,,,11708,,,,,,,,1.0823966264724731,,,,,,,,,,,,,,,,,,,,,,,,,,,,,,,,,,,,,
46,,,11709,,,,,,,,1.0923187732696533,,,,,,,,,,,,,,,,,,,,,,,,,,,,,,,,,,,,,
46,,,11710,,,,,,,,1.0999538898468018,,,,,,,,,,,,,,,,,,,,,,,,,,,,,,,,,,,,,
46,,,11711,,,,,,,,1.1081972122192383,,,,,,,,,,,,,,,,,,,,,,,,,,,,,,,,,,,,,
46,,,11712,,,,,,,,1.0870513916015625,,,,,,,,,,,,,,,,,,,,,,,,,,,,,,,,,,,,,
46,,,11713,,,,,,,,1.0813424587249756,,,,,,,,,,,,,,,,,,,,,,,,,,,,,,,,,,,,,
46,,,11714,,,,,,,,1.0916097164154053,,,,,,,,,,,,,,,,,,,,,,,,,,,,,,,,,,,,,
46,,,11715,,,,,,,,1.086119294166565,,,,,,,,,,,,,,,,,,,,,,,,,,,,,,,,,,,,,
46,,,11716,,,,,,,,1.144960641860962,,,,,,,,,,,,,,,,,,,,,,,,,,,,,,,,,,,,,
46,,,11717,,,,,,,,1.097191572189331,,,,,,,,,,,,,,,,,,,,,,,,,,,,,,,,,,,,,
46,,,11718,,,,,,,,1.0816413164138794,,,,,,,,,,,,,,,,,,,,,,,,,,,,,,,,,,,,,
46,,,11719,,,,,,,,1.1381124258041382,,,,,,,,,,,,,,,,,,,,,,,,,,,,,,,,,,,,,
46,,,11720,,,,,,,,1.0996719598770142,,,,,,,,,,,,,,,,,,,,,,,,,,,,,,,,,,,,,
46,,,11721,,,,,,,,1.1459118127822876,,,,,,,,,,,,,,,,,,,,,,,,,,,,,,,,,,,,,
46,,,11722,,,,,,,,1.0803711414337158,,,,,,,,,,,,,,,,,,,,,,,,,,,,,,,,,,,,,
46,,,11723,,,,,,,,1.1013556718826294,,,,,,,,,,,,,,,,,,,,,,,,,,,,,,,,,,,,,
46,,,11724,,,,,,,,1.1109623908996582,,,,,,,,,,,,,,,,,,,,,,,,,,,,,,,,,,,,,
46,,,11725,,,,,,,,1.0986756086349487,,,,,,,,,,,,,,,,,,,,,,,,,,,,,,,,,,,,,
46,,,11726,,,,,,,,1.0813812017440796,,,,,,,,,,,,,,,,,,,,,,,,,,,,,,,,,,,,,
46,,,11727,,,,,,,,1.0854692459106445,,,,,,,,,,,,,,,,,,,,,,,,,,,,,,,,,,,,,
46,,,11728,,,,,,,,1.2850091457366943,,,,,,,,,,,,,,,,,,,,,,,,,,,,,,,,,,,,,
46,,,11729,,,,,,,,1.083978533744812,,,,,,,,,,,,,,,,,,,,,,,,,,,,,,,,,,,,,
46,,,11730,,,,,,,,1.0948524475097656,,,,,,,,,,,,,,,,,,,,,,,,,,,,,,,,,,,,,
46,,,11731,,,,,,,,1.092598795890808,,,,,,,,,,,,,,,,,,,,,,,,,,,,,,,,,,,,,
46,,,11732,,,,,,,,1.1295509338378906,,,,,,,,,,,,,,,,,,,,,,,,,,,,,,,,,,,,,
46,,,11733,,,,,,,,1.0842825174331665,,,,,,,,,,,,,,,,,,,,,,,,,,,,,,,,,,,,,
46,,,11734,,,,,,,,1.101582407951355,,,,,,,,,,,,,,,,,,,,,,,,,,,,,,,,,,,,,
46,,,11735,,,,,,,,1.0893502235412598,,,,,,,,,,,,,,,,,,,,,,,,,,,,,,,,,,,,,
46,,,11736,,,,,,,,1.082808256149292,,,,,,,,,,,,,,,,,,,,,,,,,,,,,,,,,,,,,
46,,,11737,,,,,,,,1.1204767227172852,,,,,,,,,,,,,,,,,,,,,,,,,,,,,,,,,,,,,
46,,,11738,,,,,,,,1.0915417671203613,,,,,,,,,,,,,,,,,,,,,,,,,,,,,,,,,,,,,
46,,,11739,,,,,,,,1.0952168703079224,,,,,,,,,,,,,,,,,,,,,,,,,,,,,,,,,,,,,
46,,,11740,,,,,,,,1.094834804534912,,,,,,,,,,,,,,,,,,,,,,,,,,,,,,,,,,,,,
46,,,11741,,,,,,,,1.0978883504867554,,,,,,,,,,,,,,,,,,,,,,,,,,,,,,,,,,,,,
46,,,11742,,,,,,,,1.093947172164917,,,,,,,,,,,,,,,,,,,,,,,,,,,,,,,,,,,,,
46,,,11743,,,,,,,,1.0862376689910889,,,,,,,,,,,,,,,,,,,,,,,,,,,,,,,,,,,,,
46,,,11744,,,,,,,,1.0898199081420898,,,,,,,,,,,,,,,,,,,,,,,,,,,,,,,,,,,,,
46,,,11745,,,,,,,,1.0819969177246094,,,,,,,,,,,,,,,,,,,,,,,,,,,,,,,,,,,,,
46,,,11746,,,,,,,,1.152915358543396,,,,,,,,,,,,,,,,,,,,,,,,,,,,,,,,,,,,,
46,,,11747,,,,,,,,1.0869930982589722,,,,,,,,,,,,,,,,,,,,,,,,,,,,,,,,,,,,,
46,,,11748,,,,,,,,1.0862681865692139,,,,,,,,,,,,,,,,,,,,,,,,,,,,,,,,,,,,,
46,,,11749,,,,,,,,1.119218349456787,,,,,,,,,,,,,,,,,,,,,,,,,,,,,,,,,,,,,
46,,,11749,,,,,,,,,,,0.3492334187030792,0.005576770287007093,0.669921875,1.33984375,54.966796875,0.669921875,271790.65625,0.837794303894043,0.837794303894043,,1.0,0.29264068603515625,54.966796875,0.669921875,0.9439665675163269,0.04755270481109619,22118.0,0.0019037192687392235,0.0028417035937309265,0.42094314098358154,0.6283466219902039,0.00565781956538558,1475.0,0.01693856343626976,0.025284387171268463,0.2670609951019287,0.39864498376846313,0.01428982987999916,7373.0,0.0048543354496359825,0.007246121764183044,0.34270215034484863,0.5115554332733154,0.016626399010419846,0.00037276724469847977
46,,20.0,11749,266107.375,0.8504958152770996,0.8529873490333557,,1.10813570022583,0.8529873490333557,1.0,,0.2992168068885803,0.9269999861717224,,,,,,,,,,,,,,,,,,,,,,,,,,,,,,,,,,,
,2.656912390696692e-06,,11750,,,,,,,,,,,,,,,,,,,,,,,,,,,,,,,,,,,,,,,,,,,,,
47,,,11750,,,,,,,,1.0917870998382568,,,,,,,,,,,,,,,,,,,,,,,,,,,,,,,,,,,,,
47,,,11751,,,,,,,,1.1831492185592651,,,,,,,,,,,,,,,,,,,,,,,,,,,,,,,,,,,,,
47,,,11752,,,,,,,,1.0918158292770386,,,,,,,,,,,,,,,,,,,,,,,,,,,,,,,,,,,,,
47,,,11753,,,,,,,,1.1143391132354736,,,,,,,,,,,,,,,,,,,,,,,,,,,,,,,,,,,,,
47,,,11754,,,,,,,,1.1147936582565308,,,,,,,,,,,,,,,,,,,,,,,,,,,,,,,,,,,,,
47,,,11755,,,,,,,,1.1182246208190918,,,,,,,,,,,,,,,,,,,,,,,,,,,,,,,,,,,,,
47,,,11756,,,,,,,,1.133327841758728,,,,,,,,,,,,,,,,,,,,,,,,,,,,,,,,,,,,,
47,,,11757,,,,,,,,1.1166764497756958,,,,,,,,,,,,,,,,,,,,,,,,,,,,,,,,,,,,,
47,,,11758,,,,,,,,1.089563012123108,,,,,,,,,,,,,,,,,,,,,,,,,,,,,,,,,,,,,
47,,,11759,,,,,,,,1.1158744096755981,,,,,,,,,,,,,,,,,,,,,,,,,,,,,,,,,,,,,
47,,,11760,,,,,,,,1.0878177881240845,,,,,,,,,,,,,,,,,,,,,,,,,,,,,,,,,,,,,
47,,,11761,,,,,,,,1.2417079210281372,,,,,,,,,,,,,,,,,,,,,,,,,,,,,,,,,,,,,
47,,,11762,,,,,,,,1.1139397621154785,,,,,,,,,,,,,,,,,,,,,,,,,,,,,,,,,,,,,
47,,,11763,,,,,,,,1.087713360786438,,,,,,,,,,,,,,,,,,,,,,,,,,,,,,,,,,,,,
47,,,11764,,,,,,,,1.0983718633651733,,,,,,,,,,,,,,,,,,,,,,,,,,,,,,,,,,,,,
47,,,11765,,,,,,,,1.097461223602295,,,,,,,,,,,,,,,,,,,,,,,,,,,,,,,,,,,,,
47,,,11766,,,,,,,,1.147573471069336,,,,,,,,,,,,,,,,,,,,,,,,,,,,,,,,,,,,,
47,,,11767,,,,,,,,1.082146406173706,,,,,,,,,,,,,,,,,,,,,,,,,,,,,,,,,,,,,
47,,,11768,,,,,,,,1.087665319442749,,,,,,,,,,,,,,,,,,,,,,,,,,,,,,,,,,,,,
47,,,11769,,,,,,,,1.088556170463562,,,,,,,,,,,,,,,,,,,,,,,,,,,,,,,,,,,,,
47,,,11770,,,,,,,,1.0903247594833374,,,,,,,,,,,,,,,,,,,,,,,,,,,,,,,,,,,,,
47,,,11771,,,,,,,,1.1193937063217163,,,,,,,,,,,,,,,,,,,,,,,,,,,,,,,,,,,,,
47,,,11772,,,,,,,,1.1068449020385742,,,,,,,,,,,,,,,,,,,,,,,,,,,,,,,,,,,,,
47,,,11773,,,,,,,,1.0972027778625488,,,,,,,,,,,,,,,,,,,,,,,,,,,,,,,,,,,,,
47,,,11774,,,,,,,,1.0881171226501465,,,,,,,,,,,,,,,,,,,,,,,,,,,,,,,,,,,,,
47,,,11775,,,,,,,,1.0884491205215454,,,,,,,,,,,,,,,,,,,,,,,,,,,,,,,,,,,,,
47,,,11776,,,,,,,,1.1000622510910034,,,,,,,,,,,,,,,,,,,,,,,,,,,,,,,,,,,,,
47,,,11777,,,,,,,,1.082451343536377,,,,,,,,,,,,,,,,,,,,,,,,,,,,,,,,,,,,,
47,,,11778,,,,,,,,1.1191482543945312,,,,,,,,,,,,,,,,,,,,,,,,,,,,,,,,,,,,,
47,,,11779,,,,,,,,1.103555679321289,,,,,,,,,,,,,,,,,,,,,,,,,,,,,,,,,,,,,
47,,,11780,,,,,,,,1.101689338684082,,,,,,,,,,,,,,,,,,,,,,,,,,,,,,,,,,,,,
47,,,11781,,,,,,,,1.0987952947616577,,,,,,,,,,,,,,,,,,,,,,,,,,,,,,,,,,,,,
47,,,11782,,,,,,,,1.0886175632476807,,,,,,,,,,,,,,,,,,,,,,,,,,,,,,,,,,,,,
47,,,11783,,,,,,,,1.0923261642456055,,,,,,,,,,,,,,,,,,,,,,,,,,,,,,,,,,,,,
47,,,11784,,,,,,,,1.1543985605239868,,,,,,,,,,,,,,,,,,,,,,,,,,,,,,,,,,,,,
47,,,11785,,,,,,,,1.0878208875656128,,,,,,,,,,,,,,,,,,,,,,,,,,,,,,,,,,,,,
47,,,11786,,,,,,,,1.1009442806243896,,,,,,,,,,,,,,,,,,,,,,,,,,,,,,,,,,,,,
47,,,11787,,,,,,,,1.1730735301971436,,,,,,,,,,,,,,,,,,,,,,,,,,,,,,,,,,,,,
47,,,11788,,,,,,,,1.0888655185699463,,,,,,,,,,,,,,,,,,,,,,,,,,,,,,,,,,,,,
47,,,11789,,,,,,,,1.1426564455032349,,,,,,,,,,,,,,,,,,,,,,,,,,,,,,,,,,,,,
47,,,11790,,,,,,,,1.121591567993164,,,,,,,,,,,,,,,,,,,,,,,,,,,,,,,,,,,,,
47,,,11791,,,,,,,,1.0942760705947876,,,,,,,,,,,,,,,,,,,,,,,,,,,,,,,,,,,,,
47,,,11792,,,,,,,,1.0918231010437012,,,,,,,,,,,,,,,,,,,,,,,,,,,,,,,,,,,,,
47,,,11793,,,,,,,,1.0816973447799683,,,,,,,,,,,,,,,,,,,,,,,,,,,,,,,,,,,,,
47,,,11794,,,,,,,,1.1107661724090576,,,,,,,,,,,,,,,,,,,,,,,,,,,,,,,,,,,,,
47,,,11795,,,,,,,,1.1109023094177246,,,,,,,,,,,,,,,,,,,,,,,,,,,,,,,,,,,,,
47,,,11796,,,,,,,,1.0936657190322876,,,,,,,,,,,,,,,,,,,,,,,,,,,,,,,,,,,,,
47,,,11797,,,,,,,,1.117799997329712,,,,,,,,,,,,,,,,,,,,,,,,,,,,,,,,,,,,,
47,,,11798,,,,,,,,1.093420386314392,,,,,,,,,,,,,,,,,,,,,,,,,,,,,,,,,,,,,
47,,,11799,,,,,,,,1.0854110717773438,,,,,,,,,,,,,,,,,,,,,,,,,,,,,,,,,,,,,
47,,,11800,,,,,,,,1.089200735092163,,,,,,,,,,,,,,,,,,,,,,,,,,,,,,,,,,,,,
47,,,11801,,,,,,,,1.09031081199646,,,,,,,,,,,,,,,,,,,,,,,,,,,,,,,,,,,,,
47,,,11802,,,,,,,,1.1527276039123535,,,,,,,,,,,,,,,,,,,,,,,,,,,,,,,,,,,,,
47,,,11803,,,,,,,,1.0813220739364624,,,,,,,,,,,,,,,,,,,,,,,,,,,,,,,,,,,,,
47,,,11804,,,,,,,,1.0875942707061768,,,,,,,,,,,,,,,,,,,,,,,,,,,,,,,,,,,,,
47,,,11805,,,,,,,,1.1004362106323242,,,,,,,,,,,,,,,,,,,,,,,,,,,,,,,,,,,,,
47,,,11806,,,,,,,,1.098689079284668,,,,,,,,,,,,,,,,,,,,,,,,,,,,,,,,,,,,,
47,,,11807,,,,,,,,1.1186456680297852,,,,,,,,,,,,,,,,,,,,,,,,,,,,,,,,,,,,,
47,,,11808,,,,,,,,1.0970185995101929,,,,,,,,,,,,,,,,,,,,,,,,,,,,,,,,,,,,,
47,,,11809,,,,,,,,1.0843966007232666,,,,,,,,,,,,,,,,,,,,,,,,,,,,,,,,,,,,,
47,,,11810,,,,,,,,1.1067267656326294,,,,,,,,,,,,,,,,,,,,,,,,,,,,,,,,,,,,,
47,,,11811,,,,,,,,1.10188889503479,,,,,,,,,,,,,,,,,,,,,,,,,,,,,,,,,,,,,
47,,,11812,,,,,,,,1.2086234092712402,,,,,,,,,,,,,,,,,,,,,,,,,,,,,,,,,,,,,
47,,,11813,,,,,,,,1.1067816019058228,,,,,,,,,,,,,,,,,,,,,,,,,,,,,,,,,,,,,
47,,,11814,,,,,,,,1.0841422080993652,,,,,,,,,,,,,,,,,,,,,,,,,,,,,,,,,,,,,
47,,,11815,,,,,,,,1.0853798389434814,,,,,,,,,,,,,,,,,,,,,,,,,,,,,,,,,,,,,
47,,,11816,,,,,,,,1.2004725933074951,,,,,,,,,,,,,,,,,,,,,,,,,,,,,,,,,,,,,
47,,,11817,,,,,,,,1.0924394130706787,,,,,,,,,,,,,,,,,,,,,,,,,,,,,,,,,,,,,
47,,,11818,,,,,,,,1.0906140804290771,,,,,,,,,,,,,,,,,,,,,,,,,,,,,,,,,,,,,
47,,,11819,,,,,,,,1.088249683380127,,,,,,,,,,,,,,,,,,,,,,,,,,,,,,,,,,,,,
47,,,11820,,,,,,,,1.0904793739318848,,,,,,,,,,,,,,,,,,,,,,,,,,,,,,,,,,,,,
47,,,11821,,,,,,,,1.0998523235321045,,,,,,,,,,,,,,,,,,,,,,,,,,,,,,,,,,,,,
47,,,11822,,,,,,,,1.1016136407852173,,,,,,,,,,,,,,,,,,,,,,,,,,,,,,,,,,,,,
47,,,11823,,,,,,,,1.0935351848602295,,,,,,,,,,,,,,,,,,,,,,,,,,,,,,,,,,,,,
47,,,11824,,,,,,,,1.0972020626068115,,,,,,,,,,,,,,,,,,,,,,,,,,,,,,,,,,,,,
47,,,11825,,,,,,,,1.0940719842910767,,,,,,,,,,,,,,,,,,,,,,,,,,,,,,,,,,,,,
47,,,11826,,,,,,,,1.1545014381408691,,,,,,,,,,,,,,,,,,,,,,,,,,,,,,,,,,,,,
47,,,11827,,,,,,,,1.1357866525650024,,,,,,,,,,,,,,,,,,,,,,,,,,,,,,,,,,,,,
47,,,11828,,,,,,,,1.0840177536010742,,,,,,,,,,,,,,,,,,,,,,,,,,,,,,,,,,,,,
47,,,11829,,,,,,,,1.0895172357559204,,,,,,,,,,,,,,,,,,,,,,,,,,,,,,,,,,,,,
47,,,11830,,,,,,,,1.0830953121185303,,,,,,,,,,,,,,,,,,,,,,,,,,,,,,,,,,,,,
47,,,11831,,,,,,,,1.0904372930526733,,,,,,,,,,,,,,,,,,,,,,,,,,,,,,,,,,,,,
47,,,11832,,,,,,,,1.0827511548995972,,,,,,,,,,,,,,,,,,,,,,,,,,,,,,,,,,,,,
47,,,11833,,,,,,,,1.2562873363494873,,,,,,,,,,,,,,,,,,,,,,,,,,,,,,,,,,,,,
47,,,11834,,,,,,,,1.0885918140411377,,,,,,,,,,,,,,,,,,,,,,,,,,,,,,,,,,,,,
47,,,11835,,,,,,,,1.1040451526641846,,,,,,,,,,,,,,,,,,,,,,,,,,,,,,,,,,,,,
47,,,11836,,,,,,,,1.08226478099823,,,,,,,,,,,,,,,,,,,,,,,,,,,,,,,,,,,,,
47,,,11837,,,,,,,,1.084737777709961,,,,,,,,,,,,,,,,,,,,,,,,,,,,,,,,,,,,,
47,,,11838,,,,,,,,1.1546456813812256,,,,,,,,,,,,,,,,,,,,,,,,,,,,,,,,,,,,,
47,,,11839,,,,,,,,1.1028262376785278,,,,,,,,,,,,,,,,,,,,,,,,,,,,,,,,,,,,,
47,,,11840,,,,,,,,1.1036975383758545,,,,,,,,,,,,,,,,,,,,,,,,,,,,,,,,,,,,,
47,,,11841,,,,,,,,1.095350742340088,,,,,,,,,,,,,,,,,,,,,,,,,,,,,,,,,,,,,
47,,,11842,,,,,,,,1.0975899696350098,,,,,,,,,,,,,,,,,,,,,,,,,,,,,,,,,,,,,
47,,,11843,,,,,,,,1.0803682804107666,,,,,,,,,,,,,,,,,,,,,,,,,,,,,,,,,,,,,
47,,,11844,,,,,,,,1.1416043043136597,,,,,,,,,,,,,,,,,,,,,,,,,,,,,,,,,,,,,
47,,,11845,,,,,,,,1.0938048362731934,,,,,,,,,,,,,,,,,,,,,,,,,,,,,,,,,,,,,
47,,,11846,,,,,,,,1.1547682285308838,,,,,,,,,,,,,,,,,,,,,,,,,,,,,,,,,,,,,
47,,,11847,,,,,,,,1.0808416604995728,,,,,,,,,,,,,,,,,,,,,,,,,,,,,,,,,,,,,
47,,,11848,,,,,,,,1.093003273010254,,,,,,,,,,,,,,,,,,,,,,,,,,,,,,,,,,,,,
47,,,11849,,,,,,,,1.1082258224487305,,,,,,,,,,,,,,,,,,,,,,,,,,,,,,,,,,,,,
47,,,11850,,,,,,,,1.1140426397323608,,,,,,,,,,,,,,,,,,,,,,,,,,,,,,,,,,,,,
47,,,11851,,,,,,,,1.176995873451233,,,,,,,,,,,,,,,,,,,,,,,,,,,,,,,,,,,,,
47,,,11852,,,,,,,,1.1977242231369019,,,,,,,,,,,,,,,,,,,,,,,,,,,,,,,,,,,,,
47,,,11853,,,,,,,,1.080559492111206,,,,,,,,,,,,,,,,,,,,,,,,,,,,,,,,,,,,,
47,,,11854,,,,,,,,1.0922696590423584,,,,,,,,,,,,,,,,,,,,,,,,,,,,,,,,,,,,,
47,,,11855,,,,,,,,1.139196753501892,,,,,,,,,,,,,,,,,,,,,,,,,,,,,,,,,,,,,
47,,,11856,,,,,,,,1.0831117630004883,,,,,,,,,,,,,,,,,,,,,,,,,,,,,,,,,,,,,
47,,,11857,,,,,,,,1.102182149887085,,,,,,,,,,,,,,,,,,,,,,,,,,,,,,,,,,,,,
47,,,11858,,,,,,,,1.1125671863555908,,,,,,,,,,,,,,,,,,,,,,,,,,,,,,,,,,,,,
47,,,11859,,,,,,,,1.1260175704956055,,,,,,,,,,,,,,,,,,,,,,,,,,,,,,,,,,,,,
47,,,11860,,,,,,,,1.0956382751464844,,,,,,,,,,,,,,,,,,,,,,,,,,,,,,,,,,,,,
47,,,11861,,,,,,,,1.1625864505767822,,,,,,,,,,,,,,,,,,,,,,,,,,,,,,,,,,,,,
47,,,11862,,,,,,,,1.1169238090515137,,,,,,,,,,,,,,,,,,,,,,,,,,,,,,,,,,,,,
47,,,11863,,,,,,,,1.100292444229126,,,,,,,,,,,,,,,,,,,,,,,,,,,,,,,,,,,,,
47,,,11864,,,,,,,,1.1895520687103271,,,,,,,,,,,,,,,,,,,,,,,,,,,,,,,,,,,,,
47,,,11865,,,,,,,,1.129272699356079,,,,,,,,,,,,,,,,,,,,,,,,,,,,,,,,,,,,,
47,,,11866,,,,,,,,1.0809763669967651,,,,,,,,,,,,,,,,,,,,,,,,,,,,,,,,,,,,,
47,,,11867,,,,,,,,1.1249746084213257,,,,,,,,,,,,,,,,,,,,,,,,,,,,,,,,,,,,,
47,,,11868,,,,,,,,1.0929226875305176,,,,,,,,,,,,,,,,,,,,,,,,,,,,,,,,,,,,,
47,,,11869,,,,,,,,1.0965700149536133,,,,,,,,,,,,,,,,,,,,,,,,,,,,,,,,,,,,,
47,,,11870,,,,,,,,1.0899263620376587,,,,,,,,,,,,,,,,,,,,,,,,,,,,,,,,,,,,,
47,,,11871,,,,,,,,1.0836750268936157,,,,,,,,,,,,,,,,,,,,,,,,,,,,,,,,,,,,,
47,,,11872,,,,,,,,1.082375168800354,,,,,,,,,,,,,,,,,,,,,,,,,,,,,,,,,,,,,
47,,,11873,,,,,,,,1.1071456670761108,,,,,,,,,,,,,,,,,,,,,,,,,,,,,,,,,,,,,
47,,,11874,,,,,,,,1.0819106101989746,,,,,,,,,,,,,,,,,,,,,,,,,,,,,,,,,,,,,
47,,,11875,,,,,,,,1.192627191543579,,,,,,,,,,,,,,,,,,,,,,,,,,,,,,,,,,,,,
47,,,11876,,,,,,,,1.1086344718933105,,,,,,,,,,,,,,,,,,,,,,,,,,,,,,,,,,,,,
47,,,11877,,,,,,,,1.0845928192138672,,,,,,,,,,,,,,,,,,,,,,,,,,,,,,,,,,,,,
47,,,11878,,,,,,,,1.1063448190689087,,,,,,,,,,,,,,,,,,,,,,,,,,,,,,,,,,,,,
47,,,11879,,,,,,,,1.0975799560546875,,,,,,,,,,,,,,,,,,,,,,,,,,,,,,,,,,,,,
47,,,11880,,,,,,,,1.1062357425689697,,,,,,,,,,,,,,,,,,,,,,,,,,,,,,,,,,,,,
47,,,11881,,,,,,,,1.18479323387146,,,,,,,,,,,,,,,,,,,,,,,,,,,,,,,,,,,,,
47,,,11882,,,,,,,,1.0927544832229614,,,,,,,,,,,,,,,,,,,,,,,,,,,,,,,,,,,,,
47,,,11883,,,,,,,,1.0832983255386353,,,,,,,,,,,,,,,,,,,,,,,,,,,,,,,,,,,,,
47,,,11884,,,,,,,,1.1586885452270508,,,,,,,,,,,,,,,,,,,,,,,,,,,,,,,,,,,,,
47,,,11885,,,,,,,,1.089924931526184,,,,,,,,,,,,,,,,,,,,,,,,,,,,,,,,,,,,,
47,,,11886,,,,,,,,1.0978349447250366,,,,,,,,,,,,,,,,,,,,,,,,,,,,,,,,,,,,,
47,,,11887,,,,,,,,1.111728549003601,,,,,,,,,,,,,,,,,,,,,,,,,,,,,,,,,,,,,
47,,,11888,,,,,,,,1.0858685970306396,,,,,,,,,,,,,,,,,,,,,,,,,,,,,,,,,,,,,
47,,,11889,,,,,,,,1.0882916450500488,,,,,,,,,,,,,,,,,,,,,,,,,,,,,,,,,,,,,
47,,,11890,,,,,,,,1.0891679525375366,,,,,,,,,,,,,,,,,,,,,,,,,,,,,,,,,,,,,
47,,,11891,,,,,,,,1.0899949073791504,,,,,,,,,,,,,,,,,,,,,,,,,,,,,,,,,,,,,
47,,,11892,,,,,,,,1.094444751739502,,,,,,,,,,,,,,,,,,,,,,,,,,,,,,,,,,,,,
47,,,11893,,,,,,,,1.0865039825439453,,,,,,,,,,,,,,,,,,,,,,,,,,,,,,,,,,,,,
47,,,11894,,,,,,,,1.0934197902679443,,,,,,,,,,,,,,,,,,,,,,,,,,,,,,,,,,,,,
47,,,11895,,,,,,,,1.0922343730926514,,,,,,,,,,,,,,,,,,,,,,,,,,,,,,,,,,,,,
47,,,11896,,,,,,,,1.0846834182739258,,,,,,,,,,,,,,,,,,,,,,,,,,,,,,,,,,,,,
47,,,11897,,,,,,,,1.104706883430481,,,,,,,,,,,,,,,,,,,,,,,,,,,,,,,,,,,,,
47,,,11898,,,,,,,,1.097031831741333,,,,,,,,,,,,,,,,,,,,,,,,,,,,,,,,,,,,,
47,,,11899,,,,,,,,1.08645761013031,,,,,,,,,,,,,,,,,,,,,,,,,,,,,,,,,,,,,
47,,,11900,,,,,,,,1.0888619422912598,,,,,,,,,,,,,,,,,,,,,,,,,,,,,,,,,,,,,
47,,,11901,,,,,,,,1.0934385061264038,,,,,,,,,,,,,,,,,,,,,,,,,,,,,,,,,,,,,
47,,,11902,,,,,,,,1.1701494455337524,,,,,,,,,,,,,,,,,,,,,,,,,,,,,,,,,,,,,
47,,,11903,,,,,,,,1.1156336069107056,,,,,,,,,,,,,,,,,,,,,,,,,,,,,,,,,,,,,
47,,,11904,,,,,,,,1.0947160720825195,,,,,,,,,,,,,,,,,,,,,,,,,,,,,,,,,,,,,
47,,,11905,,,,,,,,1.0803759098052979,,,,,,,,,,,,,,,,,,,,,,,,,,,,,,,,,,,,,
47,,,11906,,,,,,,,1.143537163734436,,,,,,,,,,,,,,,,,,,,,,,,,,,,,,,,,,,,,
47,,,11907,,,,,,,,1.0932725667953491,,,,,,,,,,,,,,,,,,,,,,,,,,,,,,,,,,,,,
47,,,11908,,,,,,,,1.1060956716537476,,,,,,,,,,,,,,,,,,,,,,,,,,,,,,,,,,,,,
47,,,11909,,,,,,,,1.093471884727478,,,,,,,,,,,,,,,,,,,,,,,,,,,,,,,,,,,,,
47,,,11910,,,,,,,,1.0990979671478271,,,,,,,,,,,,,,,,,,,,,,,,,,,,,,,,,,,,,
47,,,11911,,,,,,,,1.0890229940414429,,,,,,,,,,,,,,,,,,,,,,,,,,,,,,,,,,,,,
47,,,11912,,,,,,,,1.0959362983703613,,,,,,,,,,,,,,,,,,,,,,,,,,,,,,,,,,,,,
47,,,11913,,,,,,,,1.0918617248535156,,,,,,,,,,,,,,,,,,,,,,,,,,,,,,,,,,,,,
47,,,11914,,,,,,,,1.108237385749817,,,,,,,,,,,,,,,,,,,,,,,,,,,,,,,,,,,,,
47,,,11915,,,,,,,,1.103944182395935,,,,,,,,,,,,,,,,,,,,,,,,,,,,,,,,,,,,,
47,,,11916,,,,,,,,1.150444507598877,,,,,,,,,,,,,,,,,,,,,,,,,,,,,,,,,,,,,
47,,,11917,,,,,,,,1.1029303073883057,,,,,,,,,,,,,,,,,,,,,,,,,,,,,,,,,,,,,
47,,,11918,,,,,,,,1.098946213722229,,,,,,,,,,,,,,,,,,,,,,,,,,,,,,,,,,,,,
47,,,11919,,,,,,,,1.1693860292434692,,,,,,,,,,,,,,,,,,,,,,,,,,,,,,,,,,,,,
47,,,11920,,,,,,,,1.095935583114624,,,,,,,,,,,,,,,,,,,,,,,,,,,,,,,,,,,,,
47,,,11921,,,,,,,,1.1531943082809448,,,,,,,,,,,,,,,,,,,,,,,,,,,,,,,,,,,,,
47,,,11922,,,,,,,,1.147303581237793,,,,,,,,,,,,,,,,,,,,,,,,,,,,,,,,,,,,,
47,,,11923,,,,,,,,1.0977516174316406,,,,,,,,,,,,,,,,,,,,,,,,,,,,,,,,,,,,,
47,,,11924,,,,,,,,1.1326220035552979,,,,,,,,,,,,,,,,,,,,,,,,,,,,,,,,,,,,,
47,,,11925,,,,,,,,1.090911626815796,,,,,,,,,,,,,,,,,,,,,,,,,,,,,,,,,,,,,
47,,,11926,,,,,,,,1.1323919296264648,,,,,,,,,,,,,,,,,,,,,,,,,,,,,,,,,,,,,
47,,,11927,,,,,,,,1.0824713706970215,,,,,,,,,,,,,,,,,,,,,,,,,,,,,,,,,,,,,
47,,,11928,,,,,,,,1.1584844589233398,,,,,,,,,,,,,,,,,,,,,,,,,,,,,,,,,,,,,
47,,,11929,,,,,,,,1.081723928451538,,,,,,,,,,,,,,,,,,,,,,,,,,,,,,,,,,,,,
47,,,11930,,,,,,,,1.0862854719161987,,,,,,,,,,,,,,,,,,,,,,,,,,,,,,,,,,,,,
47,,,11931,,,,,,,,1.095845103263855,,,,,,,,,,,,,,,,,,,,,,,,,,,,,,,,,,,,,
47,,,11932,,,,,,,,1.1239750385284424,,,,,,,,,,,,,,,,,,,,,,,,,,,,,,,,,,,,,
47,,,11933,,,,,,,,1.2069525718688965,,,,,,,,,,,,,,,,,,,,,,,,,,,,,,,,,,,,,
47,,,11934,,,,,,,,1.0994071960449219,,,,,,,,,,,,,,,,,,,,,,,,,,,,,,,,,,,,,
47,,,11935,,,,,,,,1.083467721939087,,,,,,,,,,,,,,,,,,,,,,,,,,,,,,,,,,,,,
47,,,11936,,,,,,,,1.1270396709442139,,,,,,,,,,,,,,,,,,,,,,,,,,,,,,,,,,,,,
47,,,11937,,,,,,,,1.1248064041137695,,,,,,,,,,,,,,,,,,,,,,,,,,,,,,,,,,,,,
47,,,11938,,,,,,,,1.0886247158050537,,,,,,,,,,,,,,,,,,,,,,,,,,,,,,,,,,,,,
47,,,11939,,,,,,,,1.117403507232666,,,,,,,,,,,,,,,,,,,,,,,,,,,,,,,,,,,,,
47,,,11940,,,,,,,,1.0952730178833008,,,,,,,,,,,,,,,,,,,,,,,,,,,,,,,,,,,,,
47,,,11941,,,,,,,,1.0821980237960815,,,,,,,,,,,,,,,,,,,,,,,,,,,,,,,,,,,,,
47,,,11942,,,,,,,,1.0917686223983765,,,,,,,,,,,,,,,,,,,,,,,,,,,,,,,,,,,,,
47,,,11943,,,,,,,,1.1089904308319092,,,,,,,,,,,,,,,,,,,,,,,,,,,,,,,,,,,,,
47,,,11944,,,,,,,,1.1881200075149536,,,,,,,,,,,,,,,,,,,,,,,,,,,,,,,,,,,,,
47,,,11945,,,,,,,,1.1005034446716309,,,,,,,,,,,,,,,,,,,,,,,,,,,,,,,,,,,,,
47,,,11946,,,,,,,,1.1002531051635742,,,,,,,,,,,,,,,,,,,,,,,,,,,,,,,,,,,,,
47,,,11947,,,,,,,,1.0807743072509766,,,,,,,,,,,,,,,,,,,,,,,,,,,,,,,,,,,,,
47,,,11948,,,,,,,,1.1839172840118408,,,,,,,,,,,,,,,,,,,,,,,,,,,,,,,,,,,,,
47,,,11949,,,,,,,,1.0805485248565674,,,,,,,,,,,,,,,,,,,,,,,,,,,,,,,,,,,,,
47,,,11950,,,,,,,,1.1083518266677856,,,,,,,,,,,,,,,,,,,,,,,,,,,,,,,,,,,,,
47,,,11951,,,,,,,,1.3064048290252686,,,,,,,,,,,,,,,,,,,,,,,,,,,,,,,,,,,,,
47,,,11952,,,,,,,,1.1029382944107056,,,,,,,,,,,,,,,,,,,,,,,,,,,,,,,,,,,,,
47,,,11953,,,,,,,,1.1086586713790894,,,,,,,,,,,,,,,,,,,,,,,,,,,,,,,,,,,,,
47,,,11954,,,,,,,,1.1264737844467163,,,,,,,,,,,,,,,,,,,,,,,,,,,,,,,,,,,,,
47,,,11955,,,,,,,,1.1318109035491943,,,,,,,,,,,,,,,,,,,,,,,,,,,,,,,,,,,,,
47,,,11956,,,,,,,,1.0808783769607544,,,,,,,,,,,,,,,,,,,,,,,,,,,,,,,,,,,,,
47,,,11957,,,,,,,,1.0805423259735107,,,,,,,,,,,,,,,,,,,,,,,,,,,,,,,,,,,,,
47,,,11958,,,,,,,,1.0886896848678589,,,,,,,,,,,,,,,,,,,,,,,,,,,,,,,,,,,,,
47,,,11959,,,,,,,,1.1015689373016357,,,,,,,,,,,,,,,,,,,,,,,,,,,,,,,,,,,,,
47,,,11960,,,,,,,,1.0962474346160889,,,,,,,,,,,,,,,,,,,,,,,,,,,,,,,,,,,,,
47,,,11961,,,,,,,,1.1043952703475952,,,,,,,,,,,,,,,,,,,,,,,,,,,,,,,,,,,,,
47,,,11962,,,,,,,,1.1154276132583618,,,,,,,,,,,,,,,,,,,,,,,,,,,,,,,,,,,,,
47,,,11963,,,,,,,,1.176026701927185,,,,,,,,,,,,,,,,,,,,,,,,,,,,,,,,,,,,,
47,,,11964,,,,,,,,1.0962510108947754,,,,,,,,,,,,,,,,,,,,,,,,,,,,,,,,,,,,,
47,,,11965,,,,,,,,1.1100542545318604,,,,,,,,,,,,,,,,,,,,,,,,,,,,,,,,,,,,,
47,,,11966,,,,,,,,1.103994369506836,,,,,,,,,,,,,,,,,,,,,,,,,,,,,,,,,,,,,
47,,,11967,,,,,,,,1.1057193279266357,,,,,,,,,,,,,,,,,,,,,,,,,,,,,,,,,,,,,
47,,,11968,,,,,,,,1.107824683189392,,,,,,,,,,,,,,,,,,,,,,,,,,,,,,,,,,,,,
47,,,11969,,,,,,,,1.1080656051635742,,,,,,,,,,,,,,,,,,,,,,,,,,,,,,,,,,,,,
47,,,11970,,,,,,,,1.0814130306243896,,,,,,,,,,,,,,,,,,,,,,,,,,,,,,,,,,,,,
47,,,11971,,,,,,,,1.0850696563720703,,,,,,,,,,,,,,,,,,,,,,,,,,,,,,,,,,,,,
47,,,11972,,,,,,,,1.1060142517089844,,,,,,,,,,,,,,,,,,,,,,,,,,,,,,,,,,,,,
47,,,11973,,,,,,,,1.1057860851287842,,,,,,,,,,,,,,,,,,,,,,,,,,,,,,,,,,,,,
47,,,11974,,,,,,,,1.0812022686004639,,,,,,,,,,,,,,,,,,,,,,,,,,,,,,,,,,,,,
47,,,11975,,,,,,,,1.0936945676803589,,,,,,,,,,,,,,,,,,,,,,,,,,,,,,,,,,,,,
47,,,11976,,,,,,,,1.1056212186813354,,,,,,,,,,,,,,,,,,,,,,,,,,,,,,,,,,,,,
47,,,11977,,,,,,,,1.0977919101715088,,,,,,,,,,,,,,,,,,,,,,,,,,,,,,,,,,,,,
47,,,11978,,,,,,,,1.163608431816101,,,,,,,,,,,,,,,,,,,,,,,,,,,,,,,,,,,,,
47,,,11979,,,,,,,,1.0826387405395508,,,,,,,,,,,,,,,,,,,,,,,,,,,,,,,,,,,,,
47,,,11980,,,,,,,,1.1073698997497559,,,,,,,,,,,,,,,,,,,,,,,,,,,,,,,,,,,,,
47,,,11981,,,,,,,,1.0858666896820068,,,,,,,,,,,,,,,,,,,,,,,,,,,,,,,,,,,,,
47,,,11982,,,,,,,,1.0880496501922607,,,,,,,,,,,,,,,,,,,,,,,,,,,,,,,,,,,,,
47,,,11983,,,,,,,,1.1187511682510376,,,,,,,,,,,,,,,,,,,,,,,,,,,,,,,,,,,,,
47,,,11984,,,,,,,,1.0938258171081543,,,,,,,,,,,,,,,,,,,,,,,,,,,,,,,,,,,,,
47,,,11985,,,,,,,,1.0801949501037598,,,,,,,,,,,,,,,,,,,,,,,,,,,,,,,,,,,,,
47,,,11986,,,,,,,,1.1186422109603882,,,,,,,,,,,,,,,,,,,,,,,,,,,,,,,,,,,,,
47,,,11987,,,,,,,,1.118582010269165,,,,,,,,,,,,,,,,,,,,,,,,,,,,,,,,,,,,,
47,,,11988,,,,,,,,1.1401252746582031,,,,,,,,,,,,,,,,,,,,,,,,,,,,,,,,,,,,,
47,,,11989,,,,,,,,1.0853809118270874,,,,,,,,,,,,,,,,,,,,,,,,,,,,,,,,,,,,,
47,,,11990,,,,,,,,1.0860285758972168,,,,,,,,,,,,,,,,,,,,,,,,,,,,,,,,,,,,,
47,,,11991,,,,,,,,1.195012092590332,,,,,,,,,,,,,,,,,,,,,,,,,,,,,,,,,,,,,
47,,,11992,,,,,,,,1.1311284303665161,,,,,,,,,,,,,,,,,,,,,,,,,,,,,,,,,,,,,
47,,,11993,,,,,,,,1.082072377204895,,,,,,,,,,,,,,,,,,,,,,,,,,,,,,,,,,,,,
47,,,11994,,,,,,,,1.0875614881515503,,,,,,,,,,,,,,,,,,,,,,,,,,,,,,,,,,,,,
47,,,11995,,,,,,,,1.1704505681991577,,,,,,,,,,,,,,,,,,,,,,,,,,,,,,,,,,,,,
47,,,11996,,,,,,,,1.0875476598739624,,,,,,,,,,,,,,,,,,,,,,,,,,,,,,,,,,,,,
47,,,11997,,,,,,,,1.0811694860458374,,,,,,,,,,,,,,,,,,,,,,,,,,,,,,,,,,,,,
47,,,11998,,,,,,,,1.0833759307861328,,,,,,,,,,,,,,,,,,,,,,,,,,,,,,,,,,,,,
47,,,11999,,,,,,,,1.0964359045028687,,,,,,,,,,,,,,,,,,,,,,,,,,,,,,,,,,,,,
47,,,11999,,,,,,,,,,,0.34908759593963623,0.005550503730773926,0.669921875,1.33984375,54.966796875,0.669921875,271790.65625,0.8378023505210876,0.8378023505210876,,1.0,0.2946510314941406,54.966796875,0.669921875,0.9437025189399719,0.047623563557863235,22118.0,0.0019068095134571195,0.002846316434442997,0.42503610253334045,0.634456217288971,0.005667208228260279,1475.0,0.016955113038420677,0.025309091433882713,0.2696375846862793,0.40249109268188477,0.01427639089524746,7373.0,0.004848505835980177,0.007237419951707125,0.34880244731903076,0.5206614136695862,0.01664123497903347,0.00037276724469847977
47,,20.0,11999,264388.3125,0.8513164520263672,0.8525333404541016,,1.1079281568527222,0.8525333404541016,1.0,,0.29914453625679016,0.9204999804496765,,,,,,,,,,,,,,,,,,,,,,,,,,,,,,,,,,,
,1.1827948028283352e-06,,12000,,,,,,,,,,,,,,,,,,,,,,,,,,,,,,,,,,,,,,,,,,,,,
48,,,12000,,,,,,,,1.1401281356811523,,,,,,,,,,,,,,,,,,,,,,,,,,,,,,,,,,,,,
48,,,12001,,,,,,,,1.0916579961776733,,,,,,,,,,,,,,,,,,,,,,,,,,,,,,,,,,,,,
48,,,12002,,,,,,,,1.099672555923462,,,,,,,,,,,,,,,,,,,,,,,,,,,,,,,,,,,,,
48,,,12003,,,,,,,,1.1013848781585693,,,,,,,,,,,,,,,,,,,,,,,,,,,,,,,,,,,,,
48,,,12004,,,,,,,,1.1488393545150757,,,,,,,,,,,,,,,,,,,,,,,,,,,,,,,,,,,,,
48,,,12005,,,,,,,,1.0901782512664795,,,,,,,,,,,,,,,,,,,,,,,,,,,,,,,,,,,,,
48,,,12006,,,,,,,,1.0807507038116455,,,,,,,,,,,,,,,,,,,,,,,,,,,,,,,,,,,,,
48,,,12007,,,,,,,,1.0867669582366943,,,,,,,,,,,,,,,,,,,,,,,,,,,,,,,,,,,,,
48,,,12008,,,,,,,,1.1104276180267334,,,,,,,,,,,,,,,,,,,,,,,,,,,,,,,,,,,,,
48,,,12009,,,,,,,,1.1132656335830688,,,,,,,,,,,,,,,,,,,,,,,,,,,,,,,,,,,,,
48,,,12010,,,,,,,,1.0904524326324463,,,,,,,,,,,,,,,,,,,,,,,,,,,,,,,,,,,,,
48,,,12011,,,,,,,,1.0852175951004028,,,,,,,,,,,,,,,,,,,,,,,,,,,,,,,,,,,,,
48,,,12012,,,,,,,,1.1008825302124023,,,,,,,,,,,,,,,,,,,,,,,,,,,,,,,,,,,,,
48,,,12013,,,,,,,,1.1546467542648315,,,,,,,,,,,,,,,,,,,,,,,,,,,,,,,,,,,,,
48,,,12014,,,,,,,,1.110215663909912,,,,,,,,,,,,,,,,,,,,,,,,,,,,,,,,,,,,,
48,,,12015,,,,,,,,1.0937519073486328,,,,,,,,,,,,,,,,,,,,,,,,,,,,,,,,,,,,,
48,,,12016,,,,,,,,1.085054874420166,,,,,,,,,,,,,,,,,,,,,,,,,,,,,,,,,,,,,
48,,,12017,,,,,,,,1.103548526763916,,,,,,,,,,,,,,,,,,,,,,,,,,,,,,,,,,,,,
48,,,12018,,,,,,,,1.0901389122009277,,,,,,,,,,,,,,,,,,,,,,,,,,,,,,,,,,,,,
48,,,12019,,,,,,,,1.085324764251709,,,,,,,,,,,,,,,,,,,,,,,,,,,,,,,,,,,,,
48,,,12020,,,,,,,,1.0929088592529297,,,,,,,,,,,,,,,,,,,,,,,,,,,,,,,,,,,,,
48,,,12021,,,,,,,,1.106583595275879,,,,,,,,,,,,,,,,,,,,,,,,,,,,,,,,,,,,,
48,,,12022,,,,,,,,1.1036312580108643,,,,,,,,,,,,,,,,,,,,,,,,,,,,,,,,,,,,,
48,,,12023,,,,,,,,1.087302565574646,,,,,,,,,,,,,,,,,,,,,,,,,,,,,,,,,,,,,
48,,,12024,,,,,,,,1.0915156602859497,,,,,,,,,,,,,,,,,,,,,,,,,,,,,,,,,,,,,
48,,,12025,,,,,,,,1.1412079334259033,,,,,,,,,,,,,,,,,,,,,,,,,,,,,,,,,,,,,
48,,,12026,,,,,,,,1.0837103128433228,,,,,,,,,,,,,,,,,,,,,,,,,,,,,,,,,,,,,
48,,,12027,,,,,,,,1.1230658292770386,,,,,,,,,,,,,,,,,,,,,,,,,,,,,,,,,,,,,
48,,,12028,,,,,,,,1.0830051898956299,,,,,,,,,,,,,,,,,,,,,,,,,,,,,,,,,,,,,
48,,,12029,,,,,,,,1.1260007619857788,,,,,,,,,,,,,,,,,,,,,,,,,,,,,,,,,,,,,
48,,,12030,,,,,,,,1.0809247493743896,,,,,,,,,,,,,,,,,,,,,,,,,,,,,,,,,,,,,
48,,,12031,,,,,,,,1.1164811849594116,,,,,,,,,,,,,,,,,,,,,,,,,,,,,,,,,,,,,
48,,,12032,,,,,,,,1.1338706016540527,,,,,,,,,,,,,,,,,,,,,,,,,,,,,,,,,,,,,
48,,,12033,,,,,,,,1.1263248920440674,,,,,,,,,,,,,,,,,,,,,,,,,,,,,,,,,,,,,
48,,,12034,,,,,,,,1.0899523496627808,,,,,,,,,,,,,,,,,,,,,,,,,,,,,,,,,,,,,
48,,,12035,,,,,,,,1.1061750650405884,,,,,,,,,,,,,,,,,,,,,,,,,,,,,,,,,,,,,
48,,,12036,,,,,,,,1.0883593559265137,,,,,,,,,,,,,,,,,,,,,,,,,,,,,,,,,,,,,
48,,,12037,,,,,,,,1.086946725845337,,,,,,,,,,,,,,,,,,,,,,,,,,,,,,,,,,,,,
48,,,12038,,,,,,,,1.1124296188354492,,,,,,,,,,,,,,,,,,,,,,,,,,,,,,,,,,,,,
48,,,12039,,,,,,,,1.0903253555297852,,,,,,,,,,,,,,,,,,,,,,,,,,,,,,,,,,,,,
48,,,12040,,,,,,,,1.110695481300354,,,,,,,,,,,,,,,,,,,,,,,,,,,,,,,,,,,,,
48,,,12041,,,,,,,,1.0975213050842285,,,,,,,,,,,,,,,,,,,,,,,,,,,,,,,,,,,,,
48,,,12042,,,,,,,,1.0802518129348755,,,,,,,,,,,,,,,,,,,,,,,,,,,,,,,,,,,,,
48,,,12043,,,,,,,,1.119895577430725,,,,,,,,,,,,,,,,,,,,,,,,,,,,,,,,,,,,,
48,,,12044,,,,,,,,1.0802006721496582,,,,,,,,,,,,,,,,,,,,,,,,,,,,,,,,,,,,,
48,,,12045,,,,,,,,1.0945088863372803,,,,,,,,,,,,,,,,,,,,,,,,,,,,,,,,,,,,,
48,,,12046,,,,,,,,1.0805506706237793,,,,,,,,,,,,,,,,,,,,,,,,,,,,,,,,,,,,,
48,,,12047,,,,,,,,1.0909233093261719,,,,,,,,,,,,,,,,,,,,,,,,,,,,,,,,,,,,,
48,,,12048,,,,,,,,1.184218168258667,,,,,,,,,,,,,,,,,,,,,,,,,,,,,,,,,,,,,
48,,,12049,,,,,,,,1.1646960973739624,,,,,,,,,,,,,,,,,,,,,,,,,,,,,,,,,,,,,
48,,,12050,,,,,,,,1.1409248113632202,,,,,,,,,,,,,,,,,,,,,,,,,,,,,,,,,,,,,
48,,,12051,,,,,,,,1.1562670469284058,,,,,,,,,,,,,,,,,,,,,,,,,,,,,,,,,,,,,
48,,,12052,,,,,,,,1.0918560028076172,,,,,,,,,,,,,,,,,,,,,,,,,,,,,,,,,,,,,
48,,,12053,,,,,,,,1.0931031703948975,,,,,,,,,,,,,,,,,,,,,,,,,,,,,,,,,,,,,
48,,,12054,,,,,,,,1.0858099460601807,,,,,,,,,,,,,,,,,,,,,,,,,,,,,,,,,,,,,
48,,,12055,,,,,,,,1.0905654430389404,,,,,,,,,,,,,,,,,,,,,,,,,,,,,,,,,,,,,
48,,,12056,,,,,,,,1.0940970182418823,,,,,,,,,,,,,,,,,,,,,,,,,,,,,,,,,,,,,
48,,,12057,,,,,,,,1.1683135032653809,,,,,,,,,,,,,,,,,,,,,,,,,,,,,,,,,,,,,
48,,,12058,,,,,,,,1.087996244430542,,,,,,,,,,,,,,,,,,,,,,,,,,,,,,,,,,,,,
48,,,12059,,,,,,,,1.1186796426773071,,,,,,,,,,,,,,,,,,,,,,,,,,,,,,,,,,,,,
48,,,12060,,,,,,,,1.1065622568130493,,,,,,,,,,,,,,,,,,,,,,,,,,,,,,,,,,,,,
48,,,12061,,,,,,,,1.0914932489395142,,,,,,,,,,,,,,,,,,,,,,,,,,,,,,,,,,,,,
48,,,12062,,,,,,,,1.107182264328003,,,,,,,,,,,,,,,,,,,,,,,,,,,,,,,,,,,,,
48,,,12063,,,,,,,,1.1001999378204346,,,,,,,,,,,,,,,,,,,,,,,,,,,,,,,,,,,,,
48,,,12064,,,,,,,,1.1077699661254883,,,,,,,,,,,,,,,,,,,,,,,,,,,,,,,,,,,,,
48,,,12065,,,,,,,,1.0931488275527954,,,,,,,,,,,,,,,,,,,,,,,,,,,,,,,,,,,,,
48,,,12066,,,,,,,,1.110595703125,,,,,,,,,,,,,,,,,,,,,,,,,,,,,,,,,,,,,
48,,,12067,,,,,,,,1.090571403503418,,,,,,,,,,,,,,,,,,,,,,,,,,,,,,,,,,,,,
48,,,12068,,,,,,,,1.0975329875946045,,,,,,,,,,,,,,,,,,,,,,,,,,,,,,,,,,,,,
48,,,12069,,,,,,,,1.1163629293441772,,,,,,,,,,,,,,,,,,,,,,,,,,,,,,,,,,,,,
48,,,12070,,,,,,,,1.100738525390625,,,,,,,,,,,,,,,,,,,,,,,,,,,,,,,,,,,,,
48,,,12071,,,,,,,,1.0989980697631836,,,,,,,,,,,,,,,,,,,,,,,,,,,,,,,,,,,,,
48,,,12072,,,,,,,,1.0892372131347656,,,,,,,,,,,,,,,,,,,,,,,,,,,,,,,,,,,,,
48,,,12073,,,,,,,,1.0990138053894043,,,,,,,,,,,,,,,,,,,,,,,,,,,,,,,,,,,,,
48,,,12074,,,,,,,,1.0919750928878784,,,,,,,,,,,,,,,,,,,,,,,,,,,,,,,,,,,,,
48,,,12075,,,,,,,,1.110560417175293,,,,,,,,,,,,,,,,,,,,,,,,,,,,,,,,,,,,,
48,,,12076,,,,,,,,1.1079766750335693,,,,,,,,,,,,,,,,,,,,,,,,,,,,,,,,,,,,,
48,,,12077,,,,,,,,1.196427583694458,,,,,,,,,,,,,,,,,,,,,,,,,,,,,,,,,,,,,
48,,,12078,,,,,,,,1.0861055850982666,,,,,,,,,,,,,,,,,,,,,,,,,,,,,,,,,,,,,
48,,,12079,,,,,,,,1.0873854160308838,,,,,,,,,,,,,,,,,,,,,,,,,,,,,,,,,,,,,
48,,,12080,,,,,,,,1.1100010871887207,,,,,,,,,,,,,,,,,,,,,,,,,,,,,,,,,,,,,
48,,,12081,,,,,,,,1.1393918991088867,,,,,,,,,,,,,,,,,,,,,,,,,,,,,,,,,,,,,
48,,,12082,,,,,,,,1.0876144170761108,,,,,,,,,,,,,,,,,,,,,,,,,,,,,,,,,,,,,
48,,,12083,,,,,,,,1.0839035511016846,,,,,,,,,,,,,,,,,,,,,,,,,,,,,,,,,,,,,
48,,,12084,,,,,,,,1.1050704717636108,,,,,,,,,,,,,,,,,,,,,,,,,,,,,,,,,,,,,
48,,,12085,,,,,,,,1.0945371389389038,,,,,,,,,,,,,,,,,,,,,,,,,,,,,,,,,,,,,
48,,,12086,,,,,,,,1.0886611938476562,,,,,,,,,,,,,,,,,,,,,,,,,,,,,,,,,,,,,
48,,,12087,,,,,,,,1.0913586616516113,,,,,,,,,,,,,,,,,,,,,,,,,,,,,,,,,,,,,
48,,,12088,,,,,,,,1.0950578451156616,,,,,,,,,,,,,,,,,,,,,,,,,,,,,,,,,,,,,
48,,,12089,,,,,,,,1.0948232412338257,,,,,,,,,,,,,,,,,,,,,,,,,,,,,,,,,,,,,
48,,,12090,,,,,,,,1.1218149662017822,,,,,,,,,,,,,,,,,,,,,,,,,,,,,,,,,,,,,
48,,,12091,,,,,,,,1.1114410161972046,,,,,,,,,,,,,,,,,,,,,,,,,,,,,,,,,,,,,
48,,,12092,,,,,,,,1.1095333099365234,,,,,,,,,,,,,,,,,,,,,,,,,,,,,,,,,,,,,
48,,,12093,,,,,,,,1.143262505531311,,,,,,,,,,,,,,,,,,,,,,,,,,,,,,,,,,,,,
48,,,12094,,,,,,,,1.1185308694839478,,,,,,,,,,,,,,,,,,,,,,,,,,,,,,,,,,,,,
48,,,12095,,,,,,,,1.1426174640655518,,,,,,,,,,,,,,,,,,,,,,,,,,,,,,,,,,,,,
48,,,12096,,,,,,,,1.1344695091247559,,,,,,,,,,,,,,,,,,,,,,,,,,,,,,,,,,,,,
48,,,12097,,,,,,,,1.0845744609832764,,,,,,,,,,,,,,,,,,,,,,,,,,,,,,,,,,,,,
48,,,12098,,,,,,,,1.1338253021240234,,,,,,,,,,,,,,,,,,,,,,,,,,,,,,,,,,,,,
48,,,12099,,,,,,,,1.0972379446029663,,,,,,,,,,,,,,,,,,,,,,,,,,,,,,,,,,,,,
48,,,12100,,,,,,,,1.0936568975448608,,,,,,,,,,,,,,,,,,,,,,,,,,,,,,,,,,,,,
48,,,12101,,,,,,,,1.149216890335083,,,,,,,,,,,,,,,,,,,,,,,,,,,,,,,,,,,,,
48,,,12102,,,,,,,,1.1392563581466675,,,,,,,,,,,,,,,,,,,,,,,,,,,,,,,,,,,,,
48,,,12103,,,,,,,,1.0860615968704224,,,,,,,,,,,,,,,,,,,,,,,,,,,,,,,,,,,,,
48,,,12104,,,,,,,,1.0911200046539307,,,,,,,,,,,,,,,,,,,,,,,,,,,,,,,,,,,,,
48,,,12105,,,,,,,,1.0967280864715576,,,,,,,,,,,,,,,,,,,,,,,,,,,,,,,,,,,,,
48,,,12106,,,,,,,,1.0860675573349,,,,,,,,,,,,,,,,,,,,,,,,,,,,,,,,,,,,,
48,,,12107,,,,,,,,1.0872974395751953,,,,,,,,,,,,,,,,,,,,,,,,,,,,,,,,,,,,,
48,,,12108,,,,,,,,1.0824708938598633,,,,,,,,,,,,,,,,,,,,,,,,,,,,,,,,,,,,,
48,,,12109,,,,,,,,1.0805243253707886,,,,,,,,,,,,,,,,,,,,,,,,,,,,,,,,,,,,,
48,,,12110,,,,,,,,1.1197766065597534,,,,,,,,,,,,,,,,,,,,,,,,,,,,,,,,,,,,,
48,,,12111,,,,,,,,1.1479910612106323,,,,,,,,,,,,,,,,,,,,,,,,,,,,,,,,,,,,,
48,,,12112,,,,,,,,1.122391939163208,,,,,,,,,,,,,,,,,,,,,,,,,,,,,,,,,,,,,
48,,,12113,,,,,,,,1.0837198495864868,,,,,,,,,,,,,,,,,,,,,,,,,,,,,,,,,,,,,
48,,,12114,,,,,,,,1.3447623252868652,,,,,,,,,,,,,,,,,,,,,,,,,,,,,,,,,,,,,
48,,,12115,,,,,,,,1.0863301753997803,,,,,,,,,,,,,,,,,,,,,,,,,,,,,,,,,,,,,
48,,,12116,,,,,,,,1.135304570198059,,,,,,,,,,,,,,,,,,,,,,,,,,,,,,,,,,,,,
48,,,12117,,,,,,,,1.1217355728149414,,,,,,,,,,,,,,,,,,,,,,,,,,,,,,,,,,,,,
48,,,12118,,,,,,,,1.0881962776184082,,,,,,,,,,,,,,,,,,,,,,,,,,,,,,,,,,,,,
48,,,12119,,,,,,,,1.089799165725708,,,,,,,,,,,,,,,,,,,,,,,,,,,,,,,,,,,,,
48,,,12120,,,,,,,,1.1150522232055664,,,,,,,,,,,,,,,,,,,,,,,,,,,,,,,,,,,,,
48,,,12121,,,,,,,,1.1549160480499268,,,,,,,,,,,,,,,,,,,,,,,,,,,,,,,,,,,,,
48,,,12122,,,,,,,,1.110676646232605,,,,,,,,,,,,,,,,,,,,,,,,,,,,,,,,,,,,,
48,,,12123,,,,,,,,1.098814845085144,,,,,,,,,,,,,,,,,,,,,,,,,,,,,,,,,,,,,
48,,,12124,,,,,,,,1.1121325492858887,,,,,,,,,,,,,,,,,,,,,,,,,,,,,,,,,,,,,
48,,,12125,,,,,,,,1.0934996604919434,,,,,,,,,,,,,,,,,,,,,,,,,,,,,,,,,,,,,
48,,,12126,,,,,,,,1.1542668342590332,,,,,,,,,,,,,,,,,,,,,,,,,,,,,,,,,,,,,
48,,,12127,,,,,,,,1.0828646421432495,,,,,,,,,,,,,,,,,,,,,,,,,,,,,,,,,,,,,
48,,,12128,,,,,,,,1.1213659048080444,,,,,,,,,,,,,,,,,,,,,,,,,,,,,,,,,,,,,
48,,,12129,,,,,,,,1.1244291067123413,,,,,,,,,,,,,,,,,,,,,,,,,,,,,,,,,,,,,
48,,,12130,,,,,,,,1.104906678199768,,,,,,,,,,,,,,,,,,,,,,,,,,,,,,,,,,,,,
48,,,12131,,,,,,,,1.104553461074829,,,,,,,,,,,,,,,,,,,,,,,,,,,,,,,,,,,,,
48,,,12132,,,,,,,,1.092655897140503,,,,,,,,,,,,,,,,,,,,,,,,,,,,,,,,,,,,,
48,,,12133,,,,,,,,1.096766471862793,,,,,,,,,,,,,,,,,,,,,,,,,,,,,,,,,,,,,
48,,,12134,,,,,,,,1.0886417627334595,,,,,,,,,,,,,,,,,,,,,,,,,,,,,,,,,,,,,
48,,,12135,,,,,,,,1.0929323434829712,,,,,,,,,,,,,,,,,,,,,,,,,,,,,,,,,,,,,
48,,,12136,,,,,,,,1.1195363998413086,,,,,,,,,,,,,,,,,,,,,,,,,,,,,,,,,,,,,
48,,,12137,,,,,,,,1.1022754907608032,,,,,,,,,,,,,,,,,,,,,,,,,,,,,,,,,,,,,
48,,,12138,,,,,,,,1.0869721174240112,,,,,,,,,,,,,,,,,,,,,,,,,,,,,,,,,,,,,
48,,,12139,,,,,,,,1.0953221321105957,,,,,,,,,,,,,,,,,,,,,,,,,,,,,,,,,,,,,
48,,,12140,,,,,,,,1.1040923595428467,,,,,,,,,,,,,,,,,,,,,,,,,,,,,,,,,,,,,
48,,,12141,,,,,,,,1.0914630889892578,,,,,,,,,,,,,,,,,,,,,,,,,,,,,,,,,,,,,
48,,,12142,,,,,,,,1.0918039083480835,,,,,,,,,,,,,,,,,,,,,,,,,,,,,,,,,,,,,
48,,,12143,,,,,,,,1.1060216426849365,,,,,,,,,,,,,,,,,,,,,,,,,,,,,,,,,,,,,
48,,,12144,,,,,,,,1.0815712213516235,,,,,,,,,,,,,,,,,,,,,,,,,,,,,,,,,,,,,
48,,,12145,,,,,,,,1.085538387298584,,,,,,,,,,,,,,,,,,,,,,,,,,,,,,,,,,,,,
48,,,12146,,,,,,,,1.1198288202285767,,,,,,,,,,,,,,,,,,,,,,,,,,,,,,,,,,,,,
48,,,12147,,,,,,,,1.0996167659759521,,,,,,,,,,,,,,,,,,,,,,,,,,,,,,,,,,,,,
48,,,12148,,,,,,,,1.1116001605987549,,,,,,,,,,,,,,,,,,,,,,,,,,,,,,,,,,,,,
48,,,12149,,,,,,,,1.081336498260498,,,,,,,,,,,,,,,,,,,,,,,,,,,,,,,,,,,,,
48,,,12150,,,,,,,,1.100609302520752,,,,,,,,,,,,,,,,,,,,,,,,,,,,,,,,,,,,,
48,,,12151,,,,,,,,1.1001681089401245,,,,,,,,,,,,,,,,,,,,,,,,,,,,,,,,,,,,,
48,,,12152,,,,,,,,1.1011124849319458,,,,,,,,,,,,,,,,,,,,,,,,,,,,,,,,,,,,,
48,,,12153,,,,,,,,1.1933610439300537,,,,,,,,,,,,,,,,,,,,,,,,,,,,,,,,,,,,,
48,,,12154,,,,,,,,1.0907330513000488,,,,,,,,,,,,,,,,,,,,,,,,,,,,,,,,,,,,,
48,,,12155,,,,,,,,1.1004952192306519,,,,,,,,,,,,,,,,,,,,,,,,,,,,,,,,,,,,,
48,,,12156,,,,,,,,1.106783390045166,,,,,,,,,,,,,,,,,,,,,,,,,,,,,,,,,,,,,
48,,,12157,,,,,,,,1.1028075218200684,,,,,,,,,,,,,,,,,,,,,,,,,,,,,,,,,,,,,
48,,,12158,,,,,,,,1.1199724674224854,,,,,,,,,,,,,,,,,,,,,,,,,,,,,,,,,,,,,
48,,,12159,,,,,,,,1.117900013923645,,,,,,,,,,,,,,,,,,,,,,,,,,,,,,,,,,,,,
48,,,12160,,,,,,,,1.0857422351837158,,,,,,,,,,,,,,,,,,,,,,,,,,,,,,,,,,,,,
48,,,12161,,,,,,,,1.0915268659591675,,,,,,,,,,,,,,,,,,,,,,,,,,,,,,,,,,,,,
48,,,12162,,,,,,,,1.1579303741455078,,,,,,,,,,,,,,,,,,,,,,,,,,,,,,,,,,,,,
48,,,12163,,,,,,,,1.094485878944397,,,,,,,,,,,,,,,,,,,,,,,,,,,,,,,,,,,,,
48,,,12164,,,,,,,,1.0951380729675293,,,,,,,,,,,,,,,,,,,,,,,,,,,,,,,,,,,,,
48,,,12165,,,,,,,,1.1639378070831299,,,,,,,,,,,,,,,,,,,,,,,,,,,,,,,,,,,,,
48,,,12166,,,,,,,,1.0946522951126099,,,,,,,,,,,,,,,,,,,,,,,,,,,,,,,,,,,,,
48,,,12167,,,,,,,,1.0854531526565552,,,,,,,,,,,,,,,,,,,,,,,,,,,,,,,,,,,,,
48,,,12168,,,,,,,,1.0813590288162231,,,,,,,,,,,,,,,,,,,,,,,,,,,,,,,,,,,,,
48,,,12169,,,,,,,,1.1039140224456787,,,,,,,,,,,,,,,,,,,,,,,,,,,,,,,,,,,,,
48,,,12170,,,,,,,,1.098934292793274,,,,,,,,,,,,,,,,,,,,,,,,,,,,,,,,,,,,,
48,,,12171,,,,,,,,1.1162840127944946,,,,,,,,,,,,,,,,,,,,,,,,,,,,,,,,,,,,,
48,,,12172,,,,,,,,1.109243631362915,,,,,,,,,,,,,,,,,,,,,,,,,,,,,,,,,,,,,
48,,,12173,,,,,,,,1.1262933015823364,,,,,,,,,,,,,,,,,,,,,,,,,,,,,,,,,,,,,
48,,,12174,,,,,,,,1.0841368436813354,,,,,,,,,,,,,,,,,,,,,,,,,,,,,,,,,,,,,
48,,,12175,,,,,,,,1.1161659955978394,,,,,,,,,,,,,,,,,,,,,,,,,,,,,,,,,,,,,
48,,,12176,,,,,,,,1.0865802764892578,,,,,,,,,,,,,,,,,,,,,,,,,,,,,,,,,,,,,
48,,,12177,,,,,,,,1.0972191095352173,,,,,,,,,,,,,,,,,,,,,,,,,,,,,,,,,,,,,
48,,,12178,,,,,,,,1.0920579433441162,,,,,,,,,,,,,,,,,,,,,,,,,,,,,,,,,,,,,
48,,,12179,,,,,,,,1.0872505903244019,,,,,,,,,,,,,,,,,,,,,,,,,,,,,,,,,,,,,
48,,,12180,,,,,,,,1.1140589714050293,,,,,,,,,,,,,,,,,,,,,,,,,,,,,,,,,,,,,
48,,,12181,,,,,,,,1.1982462406158447,,,,,,,,,,,,,,,,,,,,,,,,,,,,,,,,,,,,,
48,,,12182,,,,,,,,1.0851167440414429,,,,,,,,,,,,,,,,,,,,,,,,,,,,,,,,,,,,,
48,,,12183,,,,,,,,1.08829927444458,,,,,,,,,,,,,,,,,,,,,,,,,,,,,,,,,,,,,
48,,,12184,,,,,,,,1.086319088935852,,,,,,,,,,,,,,,,,,,,,,,,,,,,,,,,,,,,,
48,,,12185,,,,,,,,1.087139368057251,,,,,,,,,,,,,,,,,,,,,,,,,,,,,,,,,,,,,
48,,,12186,,,,,,,,1.0930936336517334,,,,,,,,,,,,,,,,,,,,,,,,,,,,,,,,,,,,,
48,,,12187,,,,,,,,1.1830003261566162,,,,,,,,,,,,,,,,,,,,,,,,,,,,,,,,,,,,,
48,,,12188,,,,,,,,1.0807280540466309,,,,,,,,,,,,,,,,,,,,,,,,,,,,,,,,,,,,,
48,,,12189,,,,,,,,1.1392266750335693,,,,,,,,,,,,,,,,,,,,,,,,,,,,,,,,,,,,,
48,,,12190,,,,,,,,1.1117480993270874,,,,,,,,,,,,,,,,,,,,,,,,,,,,,,,,,,,,,
48,,,12191,,,,,,,,1.0877137184143066,,,,,,,,,,,,,,,,,,,,,,,,,,,,,,,,,,,,,
48,,,12192,,,,,,,,1.0893723964691162,,,,,,,,,,,,,,,,,,,,,,,,,,,,,,,,,,,,,
48,,,12193,,,,,,,,1.1293537616729736,,,,,,,,,,,,,,,,,,,,,,,,,,,,,,,,,,,,,
48,,,12194,,,,,,,,1.0841706991195679,,,,,,,,,,,,,,,,,,,,,,,,,,,,,,,,,,,,,
48,,,12195,,,,,,,,1.1035128831863403,,,,,,,,,,,,,,,,,,,,,,,,,,,,,,,,,,,,,
48,,,12196,,,,,,,,1.0893645286560059,,,,,,,,,,,,,,,,,,,,,,,,,,,,,,,,,,,,,
48,,,12197,,,,,,,,1.1990950107574463,,,,,,,,,,,,,,,,,,,,,,,,,,,,,,,,,,,,,
48,,,12198,,,,,,,,1.1064209938049316,,,,,,,,,,,,,,,,,,,,,,,,,,,,,,,,,,,,,
48,,,12199,,,,,,,,1.0904536247253418,,,,,,,,,,,,,,,,,,,,,,,,,,,,,,,,,,,,,
48,,,12200,,,,,,,,1.0902509689331055,,,,,,,,,,,,,,,,,,,,,,,,,,,,,,,,,,,,,
48,,,12201,,,,,,,,1.1076371669769287,,,,,,,,,,,,,,,,,,,,,,,,,,,,,,,,,,,,,
48,,,12202,,,,,,,,1.0951018333435059,,,,,,,,,,,,,,,,,,,,,,,,,,,,,,,,,,,,,
48,,,12203,,,,,,,,1.0806907415390015,,,,,,,,,,,,,,,,,,,,,,,,,,,,,,,,,,,,,
48,,,12204,,,,,,,,1.1044304370880127,,,,,,,,,,,,,,,,,,,,,,,,,,,,,,,,,,,,,
48,,,12205,,,,,,,,1.1033172607421875,,,,,,,,,,,,,,,,,,,,,,,,,,,,,,,,,,,,,
48,,,12206,,,,,,,,1.1018409729003906,,,,,,,,,,,,,,,,,,,,,,,,,,,,,,,,,,,,,
48,,,12207,,,,,,,,1.082350254058838,,,,,,,,,,,,,,,,,,,,,,,,,,,,,,,,,,,,,
48,,,12208,,,,,,,,1.133584976196289,,,,,,,,,,,,,,,,,,,,,,,,,,,,,,,,,,,,,
48,,,12209,,,,,,,,1.1181886196136475,,,,,,,,,,,,,,,,,,,,,,,,,,,,,,,,,,,,,
48,,,12210,,,,,,,,1.1178796291351318,,,,,,,,,,,,,,,,,,,,,,,,,,,,,,,,,,,,,
48,,,12211,,,,,,,,1.0937002897262573,,,,,,,,,,,,,,,,,,,,,,,,,,,,,,,,,,,,,
48,,,12212,,,,,,,,1.1069424152374268,,,,,,,,,,,,,,,,,,,,,,,,,,,,,,,,,,,,,
48,,,12213,,,,,,,,1.1180317401885986,,,,,,,,,,,,,,,,,,,,,,,,,,,,,,,,,,,,,
48,,,12214,,,,,,,,1.12941575050354,,,,,,,,,,,,,,,,,,,,,,,,,,,,,,,,,,,,,
48,,,12215,,,,,,,,1.09187912940979,,,,,,,,,,,,,,,,,,,,,,,,,,,,,,,,,,,,,
48,,,12216,,,,,,,,1.0952048301696777,,,,,,,,,,,,,,,,,,,,,,,,,,,,,,,,,,,,,
48,,,12217,,,,,,,,1.0949078798294067,,,,,,,,,,,,,,,,,,,,,,,,,,,,,,,,,,,,,
48,,,12218,,,,,,,,1.125856637954712,,,,,,,,,,,,,,,,,,,,,,,,,,,,,,,,,,,,,
48,,,12219,,,,,,,,1.088538646697998,,,,,,,,,,,,,,,,,,,,,,,,,,,,,,,,,,,,,
48,,,12220,,,,,,,,1.0826629400253296,,,,,,,,,,,,,,,,,,,,,,,,,,,,,,,,,,,,,
48,,,12221,,,,,,,,1.0823060274124146,,,,,,,,,,,,,,,,,,,,,,,,,,,,,,,,,,,,,
48,,,12222,,,,,,,,1.0963281393051147,,,,,,,,,,,,,,,,,,,,,,,,,,,,,,,,,,,,,
48,,,12223,,,,,,,,1.1286256313323975,,,,,,,,,,,,,,,,,,,,,,,,,,,,,,,,,,,,,
48,,,12224,,,,,,,,1.2546741962432861,,,,,,,,,,,,,,,,,,,,,,,,,,,,,,,,,,,,,
48,,,12225,,,,,,,,1.3312175273895264,,,,,,,,,,,,,,,,,,,,,,,,,,,,,,,,,,,,,
48,,,12226,,,,,,,,1.1204968690872192,,,,,,,,,,,,,,,,,,,,,,,,,,,,,,,,,,,,,
48,,,12227,,,,,,,,1.1054491996765137,,,,,,,,,,,,,,,,,,,,,,,,,,,,,,,,,,,,,
48,,,12228,,,,,,,,1.084781289100647,,,,,,,,,,,,,,,,,,,,,,,,,,,,,,,,,,,,,
48,,,12229,,,,,,,,1.0901589393615723,,,,,,,,,,,,,,,,,,,,,,,,,,,,,,,,,,,,,
48,,,12230,,,,,,,,1.101592779159546,,,,,,,,,,,,,,,,,,,,,,,,,,,,,,,,,,,,,
48,,,12231,,,,,,,,1.0816500186920166,,,,,,,,,,,,,,,,,,,,,,,,,,,,,,,,,,,,,
48,,,12232,,,,,,,,1.0887901782989502,,,,,,,,,,,,,,,,,,,,,,,,,,,,,,,,,,,,,
48,,,12233,,,,,,,,1.090632677078247,,,,,,,,,,,,,,,,,,,,,,,,,,,,,,,,,,,,,
48,,,12234,,,,,,,,1.106820821762085,,,,,,,,,,,,,,,,,,,,,,,,,,,,,,,,,,,,,
48,,,12235,,,,,,,,1.0960803031921387,,,,,,,,,,,,,,,,,,,,,,,,,,,,,,,,,,,,,
48,,,12236,,,,,,,,1.0920450687408447,,,,,,,,,,,,,,,,,,,,,,,,,,,,,,,,,,,,,
48,,,12237,,,,,,,,1.0968410968780518,,,,,,,,,,,,,,,,,,,,,,,,,,,,,,,,,,,,,
48,,,12238,,,,,,,,1.1030768156051636,,,,,,,,,,,,,,,,,,,,,,,,,,,,,,,,,,,,,
48,,,12239,,,,,,,,1.1212499141693115,,,,,,,,,,,,,,,,,,,,,,,,,,,,,,,,,,,,,
48,,,12240,,,,,,,,1.1178724765777588,,,,,,,,,,,,,,,,,,,,,,,,,,,,,,,,,,,,,
48,,,12241,,,,,,,,1.100526213645935,,,,,,,,,,,,,,,,,,,,,,,,,,,,,,,,,,,,,
48,,,12242,,,,,,,,1.0947927236557007,,,,,,,,,,,,,,,,,,,,,,,,,,,,,,,,,,,,,
48,,,12243,,,,,,,,1.1061522960662842,,,,,,,,,,,,,,,,,,,,,,,,,,,,,,,,,,,,,
48,,,12244,,,,,,,,1.1051886081695557,,,,,,,,,,,,,,,,,,,,,,,,,,,,,,,,,,,,,
48,,,12245,,,,,,,,1.0917282104492188,,,,,,,,,,,,,,,,,,,,,,,,,,,,,,,,,,,,,
48,,,12246,,,,,,,,1.0808545351028442,,,,,,,,,,,,,,,,,,,,,,,,,,,,,,,,,,,,,
48,,,12247,,,,,,,,1.1412445306777954,,,,,,,,,,,,,,,,,,,,,,,,,,,,,,,,,,,,,
48,,,12248,,,,,,,,1.089369297027588,,,,,,,,,,,,,,,,,,,,,,,,,,,,,,,,,,,,,
48,,,12249,,,,,,,,1.1052186489105225,,,,,,,,,,,,,,,,,,,,,,,,,,,,,,,,,,,,,
48,,,12249,,,,,,,,,,,0.34991031885147095,0.00557972164824605,0.669921875,1.33984375,54.966796875,0.669921875,271790.65625,0.837799072265625,0.837799072265625,,1.0,0.2943458557128906,54.966796875,0.669921875,0.943716287612915,0.04759259521961212,22118.0,0.001907471683807671,0.0028473048005253077,0.4206394553184509,0.627893328666687,0.0056689027696847916,1475.0,0.016949817538261414,0.025301186367869377,0.2680218815803528,0.40007930994033813,0.014282812364399433,7373.0,0.004850889090448618,0.007240977603942156,0.34791088104248047,0.5193305611610413,0.016637813299894333,0.00037276724469847977
48,,20.0,12249,265971.0625,0.8518791794776917,0.8539368510246277,,1.1095002889633179,0.8539368510246277,1.0,,0.2994648516178131,0.9129999876022339,,,,,,,,,,,,,,,,,,,,,,,,,,,,,,,,,,,
,2.9599073575926616e-07,,12250,,,,,,,,,,,,,,,,,,,,,,,,,,,,,,,,,,,,,,,,,,,,,
49,,,12250,,,,,,,,1.1018903255462646,,,,,,,,,,,,,,,,,,,,,,,,,,,,,,,,,,,,,
49,,,12251,,,,,,,,1.118662714958191,,,,,,,,,,,,,,,,,,,,,,,,,,,,,,,,,,,,,
49,,,12252,,,,,,,,1.0974842309951782,,,,,,,,,,,,,,,,,,,,,,,,,,,,,,,,,,,,,
49,,,12253,,,,,,,,1.1178044080734253,,,,,,,,,,,,,,,,,,,,,,,,,,,,,,,,,,,,,
49,,,12254,,,,,,,,1.1059030294418335,,,,,,,,,,,,,,,,,,,,,,,,,,,,,,,,,,,,,
49,,,12255,,,,,,,,1.087854027748108,,,,,,,,,,,,,,,,,,,,,,,,,,,,,,,,,,,,,
49,,,12256,,,,,,,,1.0865364074707031,,,,,,,,,,,,,,,,,,,,,,,,,,,,,,,,,,,,,
49,,,12257,,,,,,,,1.084897518157959,,,,,,,,,,,,,,,,,,,,,,,,,,,,,,,,,,,,,
49,,,12258,,,,,,,,1.1025656461715698,,,,,,,,,,,,,,,,,,,,,,,,,,,,,,,,,,,,,
49,,,12259,,,,,,,,1.1006653308868408,,,,,,,,,,,,,,,,,,,,,,,,,,,,,,,,,,,,,
49,,,12260,,,,,,,,1.0808064937591553,,,,,,,,,,,,,,,,,,,,,,,,,,,,,,,,,,,,,
49,,,12261,,,,,,,,1.0870240926742554,,,,,,,,,,,,,,,,,,,,,,,,,,,,,,,,,,,,,
49,,,12262,,,,,,,,1.090527057647705,,,,,,,,,,,,,,,,,,,,,,,,,,,,,,,,,,,,,
49,,,12263,,,,,,,,1.1174088716506958,,,,,,,,,,,,,,,,,,,,,,,,,,,,,,,,,,,,,
49,,,12264,,,,,,,,1.1416525840759277,,,,,,,,,,,,,,,,,,,,,,,,,,,,,,,,,,,,,
49,,,12265,,,,,,,,1.1393678188323975,,,,,,,,,,,,,,,,,,,,,,,,,,,,,,,,,,,,,
49,,,12266,,,,,,,,1.1315548419952393,,,,,,,,,,,,,,,,,,,,,,,,,,,,,,,,,,,,,
49,,,12267,,,,,,,,1.081544280052185,,,,,,,,,,,,,,,,,,,,,,,,,,,,,,,,,,,,,
49,,,12268,,,,,,,,1.1023812294006348,,,,,,,,,,,,,,,,,,,,,,,,,,,,,,,,,,,,,
49,,,12269,,,,,,,,1.0930583477020264,,,,,,,,,,,,,,,,,,,,,,,,,,,,,,,,,,,,,
49,,,12270,,,,,,,,1.1279982328414917,,,,,,,,,,,,,,,,,,,,,,,,,,,,,,,,,,,,,
49,,,12271,,,,,,,,1.099216103553772,,,,,,,,,,,,,,,,,,,,,,,,,,,,,,,,,,,,,
49,,,12272,,,,,,,,1.0849474668502808,,,,,,,,,,,,,,,,,,,,,,,,,,,,,,,,,,,,,
49,,,12273,,,,,,,,1.1058183908462524,,,,,,,,,,,,,,,,,,,,,,,,,,,,,,,,,,,,,
49,,,12274,,,,,,,,1.0901648998260498,,,,,,,,,,,,,,,,,,,,,,,,,,,,,,,,,,,,,
49,,,12275,,,,,,,,1.1391785144805908,,,,,,,,,,,,,,,,,,,,,,,,,,,,,,,,,,,,,
49,,,12276,,,,,,,,1.154473066329956,,,,,,,,,,,,,,,,,,,,,,,,,,,,,,,,,,,,,
49,,,12277,,,,,,,,1.0913703441619873,,,,,,,,,,,,,,,,,,,,,,,,,,,,,,,,,,,,,
49,,,12278,,,,,,,,1.1011295318603516,,,,,,,,,,,,,,,,,,,,,,,,,,,,,,,,,,,,,
49,,,12279,,,,,,,,1.0941030979156494,,,,,,,,,,,,,,,,,,,,,,,,,,,,,,,,,,,,,
49,,,12280,,,,,,,,1.1096515655517578,,,,,,,,,,,,,,,,,,,,,,,,,,,,,,,,,,,,,
49,,,12281,,,,,,,,1.0901514291763306,,,,,,,,,,,,,,,,,,,,,,,,,,,,,,,,,,,,,
49,,,12282,,,,,,,,1.1038036346435547,,,,,,,,,,,,,,,,,,,,,,,,,,,,,,,,,,,,,
49,,,12283,,,,,,,,1.1014020442962646,,,,,,,,,,,,,,,,,,,,,,,,,,,,,,,,,,,,,
49,,,12284,,,,,,,,1.0913395881652832,,,,,,,,,,,,,,,,,,,,,,,,,,,,,,,,,,,,,
49,,,12285,,,,,,,,1.1940287351608276,,,,,,,,,,,,,,,,,,,,,,,,,,,,,,,,,,,,,
49,,,12286,,,,,,,,1.095461130142212,,,,,,,,,,,,,,,,,,,,,,,,,,,,,,,,,,,,,
49,,,12287,,,,,,,,1.1003438234329224,,,,,,,,,,,,,,,,,,,,,,,,,,,,,,,,,,,,,
49,,,12288,,,,,,,,1.1523197889328003,,,,,,,,,,,,,,,,,,,,,,,,,,,,,,,,,,,,,
49,,,12289,,,,,,,,1.2287402153015137,,,,,,,,,,,,,,,,,,,,,,,,,,,,,,,,,,,,,
49,,,12290,,,,,,,,1.0962828397750854,,,,,,,,,,,,,,,,,,,,,,,,,,,,,,,,,,,,,
49,,,12291,,,,,,,,1.0866377353668213,,,,,,,,,,,,,,,,,,,,,,,,,,,,,,,,,,,,,
49,,,12292,,,,,,,,1.1126461029052734,,,,,,,,,,,,,,,,,,,,,,,,,,,,,,,,,,,,,
49,,,12293,,,,,,,,1.0859763622283936,,,,,,,,,,,,,,,,,,,,,,,,,,,,,,,,,,,,,
49,,,12294,,,,,,,,1.2564222812652588,,,,,,,,,,,,,,,,,,,,,,,,,,,,,,,,,,,,,
49,,,12295,,,,,,,,1.1043365001678467,,,,,,,,,,,,,,,,,,,,,,,,,,,,,,,,,,,,,
49,,,12296,,,,,,,,1.0930159091949463,,,,,,,,,,,,,,,,,,,,,,,,,,,,,,,,,,,,,
49,,,12297,,,,,,,,1.1013442277908325,,,,,,,,,,,,,,,,,,,,,,,,,,,,,,,,,,,,,
49,,,12298,,,,,,,,1.1145873069763184,,,,,,,,,,,,,,,,,,,,,,,,,,,,,,,,,,,,,
49,,,12299,,,,,,,,1.1020028591156006,,,,,,,,,,,,,,,,,,,,,,,,,,,,,,,,,,,,,
49,,,12300,,,,,,,,1.1076856851577759,,,,,,,,,,,,,,,,,,,,,,,,,,,,,,,,,,,,,
49,,,12301,,,,,,,,1.110582947731018,,,,,,,,,,,,,,,,,,,,,,,,,,,,,,,,,,,,,
49,,,12302,,,,,,,,1.1208508014678955,,,,,,,,,,,,,,,,,,,,,,,,,,,,,,,,,,,,,
49,,,12303,,,,,,,,1.1118913888931274,,,,,,,,,,,,,,,,,,,,,,,,,,,,,,,,,,,,,
49,,,12304,,,,,,,,1.1081454753875732,,,,,,,,,,,,,,,,,,,,,,,,,,,,,,,,,,,,,
49,,,12305,,,,,,,,1.0892475843429565,,,,,,,,,,,,,,,,,,,,,,,,,,,,,,,,,,,,,
49,,,12306,,,,,,,,1.126346468925476,,,,,,,,,,,,,,,,,,,,,,,,,,,,,,,,,,,,,
49,,,12307,,,,,,,,1.0953850746154785,,,,,,,,,,,,,,,,,,,,,,,,,,,,,,,,,,,,,
49,,,12308,,,,,,,,1.1668542623519897,,,,,,,,,,,,,,,,,,,,,,,,,,,,,,,,,,,,,
49,,,12309,,,,,,,,1.09002685546875,,,,,,,,,,,,,,,,,,,,,,,,,,,,,,,,,,,,,
49,,,12310,,,,,,,,1.0847715139389038,,,,,,,,,,,,,,,,,,,,,,,,,,,,,,,,,,,,,
49,,,12311,,,,,,,,1.1003972291946411,,,,,,,,,,,,,,,,,,,,,,,,,,,,,,,,,,,,,
49,,,12312,,,,,,,,1.0847668647766113,,,,,,,,,,,,,,,,,,,,,,,,,,,,,,,,,,,,,
49,,,12313,,,,,,,,1.1511272192001343,,,,,,,,,,,,,,,,,,,,,,,,,,,,,,,,,,,,,
49,,,12314,,,,,,,,1.1258431673049927,,,,,,,,,,,,,,,,,,,,,,,,,,,,,,,,,,,,,
49,,,12315,,,,,,,,1.130346417427063,,,,,,,,,,,,,,,,,,,,,,,,,,,,,,,,,,,,,
49,,,12316,,,,,,,,1.0891352891921997,,,,,,,,,,,,,,,,,,,,,,,,,,,,,,,,,,,,,
49,,,12317,,,,,,,,1.1115965843200684,,,,,,,,,,,,,,,,,,,,,,,,,,,,,,,,,,,,,
49,,,12318,,,,,,,,1.1184732913970947,,,,,,,,,,,,,,,,,,,,,,,,,,,,,,,,,,,,,
49,,,12319,,,,,,,,1.0868244171142578,,,,,,,,,,,,,,,,,,,,,,,,,,,,,,,,,,,,,
49,,,12320,,,,,,,,1.121384620666504,,,,,,,,,,,,,,,,,,,,,,,,,,,,,,,,,,,,,
49,,,12321,,,,,,,,1.1129604578018188,,,,,,,,,,,,,,,,,,,,,,,,,,,,,,,,,,,,,
49,,,12322,,,,,,,,1.0928831100463867,,,,,,,,,,,,,,,,,,,,,,,,,,,,,,,,,,,,,
49,,,12323,,,,,,,,1.1062301397323608,,,,,,,,,,,,,,,,,,,,,,,,,,,,,,,,,,,,,
49,,,12324,,,,,,,,1.1063553094863892,,,,,,,,,,,,,,,,,,,,,,,,,,,,,,,,,,,,,
49,,,12325,,,,,,,,1.0815455913543701,,,,,,,,,,,,,,,,,,,,,,,,,,,,,,,,,,,,,
49,,,12326,,,,,,,,1.0991817712783813,,,,,,,,,,,,,,,,,,,,,,,,,,,,,,,,,,,,,
49,,,12327,,,,,,,,1.0947444438934326,,,,,,,,,,,,,,,,,,,,,,,,,,,,,,,,,,,,,
49,,,12328,,,,,,,,1.089949131011963,,,,,,,,,,,,,,,,,,,,,,,,,,,,,,,,,,,,,
49,,,12329,,,,,,,,1.0836644172668457,,,,,,,,,,,,,,,,,,,,,,,,,,,,,,,,,,,,,
49,,,12330,,,,,,,,1.0899170637130737,,,,,,,,,,,,,,,,,,,,,,,,,,,,,,,,,,,,,
49,,,12331,,,,,,,,1.1329467296600342,,,,,,,,,,,,,,,,,,,,,,,,,,,,,,,,,,,,,
49,,,12332,,,,,,,,1.109088659286499,,,,,,,,,,,,,,,,,,,,,,,,,,,,,,,,,,,,,
49,,,12333,,,,,,,,1.094353437423706,,,,,,,,,,,,,,,,,,,,,,,,,,,,,,,,,,,,,
49,,,12334,,,,,,,,1.0867700576782227,,,,,,,,,,,,,,,,,,,,,,,,,,,,,,,,,,,,,
49,,,12335,,,,,,,,1.130707025527954,,,,,,,,,,,,,,,,,,,,,,,,,,,,,,,,,,,,,
49,,,12336,,,,,,,,1.1225287914276123,,,,,,,,,,,,,,,,,,,,,,,,,,,,,,,,,,,,,
49,,,12337,,,,,,,,1.0924404859542847,,,,,,,,,,,,,,,,,,,,,,,,,,,,,,,,,,,,,
49,,,12338,,,,,,,,1.1082961559295654,,,,,,,,,,,,,,,,,,,,,,,,,,,,,,,,,,,,,
49,,,12339,,,,,,,,1.0897839069366455,,,,,,,,,,,,,,,,,,,,,,,,,,,,,,,,,,,,,
49,,,12340,,,,,,,,1.0915900468826294,,,,,,,,,,,,,,,,,,,,,,,,,,,,,,,,,,,,,
49,,,12341,,,,,,,,1.0946494340896606,,,,,,,,,,,,,,,,,,,,,,,,,,,,,,,,,,,,,
49,,,12342,,,,,,,,1.0934776067733765,,,,,,,,,,,,,,,,,,,,,,,,,,,,,,,,,,,,,
49,,,12343,,,,,,,,1.0811412334442139,,,,,,,,,,,,,,,,,,,,,,,,,,,,,,,,,,,,,
49,,,12344,,,,,,,,1.1269890069961548,,,,,,,,,,,,,,,,,,,,,,,,,,,,,,,,,,,,,
49,,,12345,,,,,,,,1.088792324066162,,,,,,,,,,,,,,,,,,,,,,,,,,,,,,,,,,,,,
49,,,12346,,,,,,,,1.0961894989013672,,,,,,,,,,,,,,,,,,,,,,,,,,,,,,,,,,,,,
49,,,12347,,,,,,,,1.0840840339660645,,,,,,,,,,,,,,,,,,,,,,,,,,,,,,,,,,,,,
49,,,12348,,,,,,,,1.0844606161117554,,,,,,,,,,,,,,,,,,,,,,,,,,,,,,,,,,,,,
49,,,12349,,,,,,,,1.117262840270996,,,,,,,,,,,,,,,,,,,,,,,,,,,,,,,,,,,,,
49,,,12350,,,,,,,,1.1033421754837036,,,,,,,,,,,,,,,,,,,,,,,,,,,,,,,,,,,,,
49,,,12351,,,,,,,,1.193457007408142,,,,,,,,,,,,,,,,,,,,,,,,,,,,,,,,,,,,,
49,,,12352,,,,,,,,1.1441833972930908,,,,,,,,,,,,,,,,,,,,,,,,,,,,,,,,,,,,,
49,,,12353,,,,,,,,1.0941821336746216,,,,,,,,,,,,,,,,,,,,,,,,,,,,,,,,,,,,,
49,,,12354,,,,,,,,1.1457287073135376,,,,,,,,,,,,,,,,,,,,,,,,,,,,,,,,,,,,,
49,,,12355,,,,,,,,1.0899784564971924,,,,,,,,,,,,,,,,,,,,,,,,,,,,,,,,,,,,,
49,,,12356,,,,,,,,1.0874766111373901,,,,,,,,,,,,,,,,,,,,,,,,,,,,,,,,,,,,,
49,,,12357,,,,,,,,1.0950934886932373,,,,,,,,,,,,,,,,,,,,,,,,,,,,,,,,,,,,,
49,,,12358,,,,,,,,1.1091440916061401,,,,,,,,,,,,,,,,,,,,,,,,,,,,,,,,,,,,,
49,,,12359,,,,,,,,1.1102752685546875,,,,,,,,,,,,,,,,,,,,,,,,,,,,,,,,,,,,,
49,,,12360,,,,,,,,1.1276668310165405,,,,,,,,,,,,,,,,,,,,,,,,,,,,,,,,,,,,,
49,,,12361,,,,,,,,1.1253911256790161,,,,,,,,,,,,,,,,,,,,,,,,,,,,,,,,,,,,,
49,,,12362,,,,,,,,1.0974420309066772,,,,,,,,,,,,,,,,,,,,,,,,,,,,,,,,,,,,,
49,,,12363,,,,,,,,1.158163070678711,,,,,,,,,,,,,,,,,,,,,,,,,,,,,,,,,,,,,
49,,,12364,,,,,,,,1.0883831977844238,,,,,,,,,,,,,,,,,,,,,,,,,,,,,,,,,,,,,
49,,,12365,,,,,,,,1.081650972366333,,,,,,,,,,,,,,,,,,,,,,,,,,,,,,,,,,,,,
49,,,12366,,,,,,,,1.097254753112793,,,,,,,,,,,,,,,,,,,,,,,,,,,,,,,,,,,,,
49,,,12367,,,,,,,,1.0801036357879639,,,,,,,,,,,,,,,,,,,,,,,,,,,,,,,,,,,,,
49,,,12368,,,,,,,,1.083398461341858,,,,,,,,,,,,,,,,,,,,,,,,,,,,,,,,,,,,,
49,,,12369,,,,,,,,1.0867879390716553,,,,,,,,,,,,,,,,,,,,,,,,,,,,,,,,,,,,,
49,,,12370,,,,,,,,1.0829118490219116,,,,,,,,,,,,,,,,,,,,,,,,,,,,,,,,,,,,,
49,,,12371,,,,,,,,1.095071792602539,,,,,,,,,,,,,,,,,,,,,,,,,,,,,,,,,,,,,
49,,,12372,,,,,,,,1.0832834243774414,,,,,,,,,,,,,,,,,,,,,,,,,,,,,,,,,,,,,
49,,,12373,,,,,,,,1.0863841772079468,,,,,,,,,,,,,,,,,,,,,,,,,,,,,,,,,,,,,
49,,,12374,,,,,,,,1.1116936206817627,,,,,,,,,,,,,,,,,,,,,,,,,,,,,,,,,,,,,
49,,,12375,,,,,,,,1.0866611003875732,,,,,,,,,,,,,,,,,,,,,,,,,,,,,,,,,,,,,
49,,,12376,,,,,,,,1.0818977355957031,,,,,,,,,,,,,,,,,,,,,,,,,,,,,,,,,,,,,
49,,,12377,,,,,,,,1.1064594984054565,,,,,,,,,,,,,,,,,,,,,,,,,,,,,,,,,,,,,
49,,,12378,,,,,,,,1.1038410663604736,,,,,,,,,,,,,,,,,,,,,,,,,,,,,,,,,,,,,
49,,,12379,,,,,,,,1.1074680089950562,,,,,,,,,,,,,,,,,,,,,,,,,,,,,,,,,,,,,
49,,,12380,,,,,,,,1.0967514514923096,,,,,,,,,,,,,,,,,,,,,,,,,,,,,,,,,,,,,
49,,,12381,,,,,,,,1.1047712564468384,,,,,,,,,,,,,,,,,,,,,,,,,,,,,,,,,,,,,
49,,,12382,,,,,,,,1.1066880226135254,,,,,,,,,,,,,,,,,,,,,,,,,,,,,,,,,,,,,
49,,,12383,,,,,,,,1.0938899517059326,,,,,,,,,,,,,,,,,,,,,,,,,,,,,,,,,,,,,
49,,,12384,,,,,,,,1.1009364128112793,,,,,,,,,,,,,,,,,,,,,,,,,,,,,,,,,,,,,
49,,,12385,,,,,,,,1.1152677536010742,,,,,,,,,,,,,,,,,,,,,,,,,,,,,,,,,,,,,
49,,,12386,,,,,,,,1.0950710773468018,,,,,,,,,,,,,,,,,,,,,,,,,,,,,,,,,,,,,
49,,,12387,,,,,,,,1.0955471992492676,,,,,,,,,,,,,,,,,,,,,,,,,,,,,,,,,,,,,
49,,,12388,,,,,,,,1.0955339670181274,,,,,,,,,,,,,,,,,,,,,,,,,,,,,,,,,,,,,
49,,,12389,,,,,,,,1.1434669494628906,,,,,,,,,,,,,,,,,,,,,,,,,,,,,,,,,,,,,
49,,,12390,,,,,,,,1.1333271265029907,,,,,,,,,,,,,,,,,,,,,,,,,,,,,,,,,,,,,
49,,,12391,,,,,,,,1.086647391319275,,,,,,,,,,,,,,,,,,,,,,,,,,,,,,,,,,,,,
49,,,12392,,,,,,,,1.0818564891815186,,,,,,,,,,,,,,,,,,,,,,,,,,,,,,,,,,,,,
49,,,12393,,,,,,,,1.110314130783081,,,,,,,,,,,,,,,,,,,,,,,,,,,,,,,,,,,,,
49,,,12394,,,,,,,,1.1408964395523071,,,,,,,,,,,,,,,,,,,,,,,,,,,,,,,,,,,,,
49,,,12395,,,,,,,,1.1006226539611816,,,,,,,,,,,,,,,,,,,,,,,,,,,,,,,,,,,,,
49,,,12396,,,,,,,,1.1003999710083008,,,,,,,,,,,,,,,,,,,,,,,,,,,,,,,,,,,,,
49,,,12397,,,,,,,,1.1720857620239258,,,,,,,,,,,,,,,,,,,,,,,,,,,,,,,,,,,,,
49,,,12398,,,,,,,,1.0905015468597412,,,,,,,,,,,,,,,,,,,,,,,,,,,,,,,,,,,,,
49,,,12399,,,,,,,,1.1118338108062744,,,,,,,,,,,,,,,,,,,,,,,,,,,,,,,,,,,,,
49,,,12400,,,,,,,,1.1184731721878052,,,,,,,,,,,,,,,,,,,,,,,,,,,,,,,,,,,,,
49,,,12401,,,,,,,,1.0811192989349365,,,,,,,,,,,,,,,,,,,,,,,,,,,,,,,,,,,,,
49,,,12402,,,,,,,,1.0943049192428589,,,,,,,,,,,,,,,,,,,,,,,,,,,,,,,,,,,,,
49,,,12403,,,,,,,,1.1336252689361572,,,,,,,,,,,,,,,,,,,,,,,,,,,,,,,,,,,,,
49,,,12404,,,,,,,,1.0860565900802612,,,,,,,,,,,,,,,,,,,,,,,,,,,,,,,,,,,,,
49,,,12405,,,,,,,,1.1181756258010864,,,,,,,,,,,,,,,,,,,,,,,,,,,,,,,,,,,,,
49,,,12406,,,,,,,,1.139775037765503,,,,,,,,,,,,,,,,,,,,,,,,,,,,,,,,,,,,,
49,,,12407,,,,,,,,1.151273488998413,,,,,,,,,,,,,,,,,,,,,,,,,,,,,,,,,,,,,
49,,,12408,,,,,,,,1.126162052154541,,,,,,,,,,,,,,,,,,,,,,,,,,,,,,,,,,,,,
49,,,12409,,,,,,,,1.0860142707824707,,,,,,,,,,,,,,,,,,,,,,,,,,,,,,,,,,,,,
49,,,12410,,,,,,,,1.1247498989105225,,,,,,,,,,,,,,,,,,,,,,,,,,,,,,,,,,,,,
49,,,12411,,,,,,,,1.0862551927566528,,,,,,,,,,,,,,,,,,,,,,,,,,,,,,,,,,,,,
49,,,12412,,,,,,,,1.2897754907608032,,,,,,,,,,,,,,,,,,,,,,,,,,,,,,,,,,,,,
49,,,12413,,,,,,,,1.0986307859420776,,,,,,,,,,,,,,,,,,,,,,,,,,,,,,,,,,,,,
49,,,12414,,,,,,,,1.0964850187301636,,,,,,,,,,,,,,,,,,,,,,,,,,,,,,,,,,,,,
49,,,12415,,,,,,,,1.1041336059570312,,,,,,,,,,,,,,,,,,,,,,,,,,,,,,,,,,,,,
49,,,12416,,,,,,,,1.0822192430496216,,,,,,,,,,,,,,,,,,,,,,,,,,,,,,,,,,,,,
49,,,12417,,,,,,,,1.1560440063476562,,,,,,,,,,,,,,,,,,,,,,,,,,,,,,,,,,,,,
49,,,12418,,,,,,,,1.1000176668167114,,,,,,,,,,,,,,,,,,,,,,,,,,,,,,,,,,,,,
49,,,12419,,,,,,,,1.1736993789672852,,,,,,,,,,,,,,,,,,,,,,,,,,,,,,,,,,,,,
49,,,12420,,,,,,,,1.122651219367981,,,,,,,,,,,,,,,,,,,,,,,,,,,,,,,,,,,,,
49,,,12421,,,,,,,,1.1171369552612305,,,,,,,,,,,,,,,,,,,,,,,,,,,,,,,,,,,,,
49,,,12422,,,,,,,,1.0958176851272583,,,,,,,,,,,,,,,,,,,,,,,,,,,,,,,,,,,,,
49,,,12423,,,,,,,,1.083836317062378,,,,,,,,,,,,,,,,,,,,,,,,,,,,,,,,,,,,,
49,,,12424,,,,,,,,1.0930097103118896,,,,,,,,,,,,,,,,,,,,,,,,,,,,,,,,,,,,,
49,,,12425,,,,,,,,1.094752311706543,,,,,,,,,,,,,,,,,,,,,,,,,,,,,,,,,,,,,
49,,,12426,,,,,,,,1.1052885055541992,,,,,,,,,,,,,,,,,,,,,,,,,,,,,,,,,,,,,
49,,,12427,,,,,,,,1.1292473077774048,,,,,,,,,,,,,,,,,,,,,,,,,,,,,,,,,,,,,
49,,,12428,,,,,,,,1.0807467699050903,,,,,,,,,,,,,,,,,,,,,,,,,,,,,,,,,,,,,
49,,,12429,,,,,,,,1.1162846088409424,,,,,,,,,,,,,,,,,,,,,,,,,,,,,,,,,,,,,
49,,,12430,,,,,,,,1.084478735923767,,,,,,,,,,,,,,,,,,,,,,,,,,,,,,,,,,,,,
49,,,12431,,,,,,,,1.0939130783081055,,,,,,,,,,,,,,,,,,,,,,,,,,,,,,,,,,,,,
49,,,12432,,,,,,,,1.093947410583496,,,,,,,,,,,,,,,,,,,,,,,,,,,,,,,,,,,,,
49,,,12433,,,,,,,,1.094138741493225,,,,,,,,,,,,,,,,,,,,,,,,,,,,,,,,,,,,,
49,,,12434,,,,,,,,1.0943903923034668,,,,,,,,,,,,,,,,,,,,,,,,,,,,,,,,,,,,,
49,,,12435,,,,,,,,1.0910459756851196,,,,,,,,,,,,,,,,,,,,,,,,,,,,,,,,,,,,,
49,,,12436,,,,,,,,1.100946307182312,,,,,,,,,,,,,,,,,,,,,,,,,,,,,,,,,,,,,
49,,,12437,,,,,,,,1.103105068206787,,,,,,,,,,,,,,,,,,,,,,,,,,,,,,,,,,,,,
49,,,12438,,,,,,,,1.093335509300232,,,,,,,,,,,,,,,,,,,,,,,,,,,,,,,,,,,,,
49,,,12439,,,,,,,,1.1113672256469727,,,,,,,,,,,,,,,,,,,,,,,,,,,,,,,,,,,,,
49,,,12440,,,,,,,,1.1124718189239502,,,,,,,,,,,,,,,,,,,,,,,,,,,,,,,,,,,,,
49,,,12441,,,,,,,,1.1482782363891602,,,,,,,,,,,,,,,,,,,,,,,,,,,,,,,,,,,,,
49,,,12442,,,,,,,,1.1031343936920166,,,,,,,,,,,,,,,,,,,,,,,,,,,,,,,,,,,,,
49,,,12443,,,,,,,,1.1117414236068726,,,,,,,,,,,,,,,,,,,,,,,,,,,,,,,,,,,,,
49,,,12444,,,,,,,,1.097490906715393,,,,,,,,,,,,,,,,,,,,,,,,,,,,,,,,,,,,,
49,,,12445,,,,,,,,1.1019024848937988,,,,,,,,,,,,,,,,,,,,,,,,,,,,,,,,,,,,,
49,,,12446,,,,,,,,1.1171350479125977,,,,,,,,,,,,,,,,,,,,,,,,,,,,,,,,,,,,,
49,,,12447,,,,,,,,1.0954209566116333,,,,,,,,,,,,,,,,,,,,,,,,,,,,,,,,,,,,,
49,,,12448,,,,,,,,1.0966246128082275,,,,,,,,,,,,,,,,,,,,,,,,,,,,,,,,,,,,,
49,,,12449,,,,,,,,1.129380226135254,,,,,,,,,,,,,,,,,,,,,,,,,,,,,,,,,,,,,
49,,,12450,,,,,,,,1.0971770286560059,,,,,,,,,,,,,,,,,,,,,,,,,,,,,,,,,,,,,
49,,,12451,,,,,,,,1.0839389562606812,,,,,,,,,,,,,,,,,,,,,,,,,,,,,,,,,,,,,
49,,,12452,,,,,,,,1.0873883962631226,,,,,,,,,,,,,,,,,,,,,,,,,,,,,,,,,,,,,
49,,,12453,,,,,,,,1.142975926399231,,,,,,,,,,,,,,,,,,,,,,,,,,,,,,,,,,,,,
49,,,12454,,,,,,,,1.094002366065979,,,,,,,,,,,,,,,,,,,,,,,,,,,,,,,,,,,,,
49,,,12455,,,,,,,,1.0957509279251099,,,,,,,,,,,,,,,,,,,,,,,,,,,,,,,,,,,,,
49,,,12456,,,,,,,,1.0912977457046509,,,,,,,,,,,,,,,,,,,,,,,,,,,,,,,,,,,,,
49,,,12457,,,,,,,,1.1246654987335205,,,,,,,,,,,,,,,,,,,,,,,,,,,,,,,,,,,,,
49,,,12458,,,,,,,,1.0865460634231567,,,,,,,,,,,,,,,,,,,,,,,,,,,,,,,,,,,,,
49,,,12459,,,,,,,,1.1004376411437988,,,,,,,,,,,,,,,,,,,,,,,,,,,,,,,,,,,,,
49,,,12460,,,,,,,,1.1373299360275269,,,,,,,,,,,,,,,,,,,,,,,,,,,,,,,,,,,,,
49,,,12461,,,,,,,,1.1544067859649658,,,,,,,,,,,,,,,,,,,,,,,,,,,,,,,,,,,,,
49,,,12462,,,,,,,,1.098084807395935,,,,,,,,,,,,,,,,,,,,,,,,,,,,,,,,,,,,,
49,,,12463,,,,,,,,1.0867652893066406,,,,,,,,,,,,,,,,,,,,,,,,,,,,,,,,,,,,,
49,,,12464,,,,,,,,1.1700462102890015,,,,,,,,,,,,,,,,,,,,,,,,,,,,,,,,,,,,,
49,,,12465,,,,,,,,1.1303397417068481,,,,,,,,,,,,,,,,,,,,,,,,,,,,,,,,,,,,,
49,,,12466,,,,,,,,1.092590093612671,,,,,,,,,,,,,,,,,,,,,,,,,,,,,,,,,,,,,
49,,,12467,,,,,,,,1.0844765901565552,,,,,,,,,,,,,,,,,,,,,,,,,,,,,,,,,,,,,
49,,,12468,,,,,,,,1.0957376956939697,,,,,,,,,,,,,,,,,,,,,,,,,,,,,,,,,,,,,
49,,,12469,,,,,,,,1.161889910697937,,,,,,,,,,,,,,,,,,,,,,,,,,,,,,,,,,,,,
49,,,12470,,,,,,,,1.0894910097122192,,,,,,,,,,,,,,,,,,,,,,,,,,,,,,,,,,,,,
49,,,12471,,,,,,,,1.0813040733337402,,,,,,,,,,,,,,,,,,,,,,,,,,,,,,,,,,,,,
49,,,12472,,,,,,,,1.1253268718719482,,,,,,,,,,,,,,,,,,,,,,,,,,,,,,,,,,,,,
49,,,12473,,,,,,,,1.0837990045547485,,,,,,,,,,,,,,,,,,,,,,,,,,,,,,,,,,,,,
49,,,12474,,,,,,,,1.0905325412750244,,,,,,,,,,,,,,,,,,,,,,,,,,,,,,,,,,,,,
49,,,12475,,,,,,,,1.0931520462036133,,,,,,,,,,,,,,,,,,,,,,,,,,,,,,,,,,,,,
49,,,12476,,,,,,,,1.167412281036377,,,,,,,,,,,,,,,,,,,,,,,,,,,,,,,,,,,,,
49,,,12477,,,,,,,,1.0997415781021118,,,,,,,,,,,,,,,,,,,,,,,,,,,,,,,,,,,,,
49,,,12478,,,,,,,,1.1111946105957031,,,,,,,,,,,,,,,,,,,,,,,,,,,,,,,,,,,,,
49,,,12479,,,,,,,,1.0967694520950317,,,,,,,,,,,,,,,,,,,,,,,,,,,,,,,,,,,,,
49,,,12480,,,,,,,,1.1138907670974731,,,,,,,,,,,,,,,,,,,,,,,,,,,,,,,,,,,,,
49,,,12481,,,,,,,,1.0845458507537842,,,,,,,,,,,,,,,,,,,,,,,,,,,,,,,,,,,,,
49,,,12482,,,,,,,,1.0907461643218994,,,,,,,,,,,,,,,,,,,,,,,,,,,,,,,,,,,,,
49,,,12483,,,,,,,,1.0801713466644287,,,,,,,,,,,,,,,,,,,,,,,,,,,,,,,,,,,,,
49,,,12484,,,,,,,,1.100419282913208,,,,,,,,,,,,,,,,,,,,,,,,,,,,,,,,,,,,,
49,,,12485,,,,,,,,1.1044023036956787,,,,,,,,,,,,,,,,,,,,,,,,,,,,,,,,,,,,,
49,,,12486,,,,,,,,1.104116439819336,,,,,,,,,,,,,,,,,,,,,,,,,,,,,,,,,,,,,
49,,,12487,,,,,,,,1.1005444526672363,,,,,,,,,,,,,,,,,,,,,,,,,,,,,,,,,,,,,
49,,,12488,,,,,,,,1.1255664825439453,,,,,,,,,,,,,,,,,,,,,,,,,,,,,,,,,,,,,
49,,,12489,,,,,,,,1.1213078498840332,,,,,,,,,,,,,,,,,,,,,,,,,,,,,,,,,,,,,
49,,,12490,,,,,,,,1.0978609323501587,,,,,,,,,,,,,,,,,,,,,,,,,,,,,,,,,,,,,
49,,,12491,,,,,,,,1.1217799186706543,,,,,,,,,,,,,,,,,,,,,,,,,,,,,,,,,,,,,
49,,,12492,,,,,,,,1.0867841243743896,,,,,,,,,,,,,,,,,,,,,,,,,,,,,,,,,,,,,
49,,,12493,,,,,,,,1.0993229150772095,,,,,,,,,,,,,,,,,,,,,,,,,,,,,,,,,,,,,
49,,,12494,,,,,,,,1.097542405128479,,,,,,,,,,,,,,,,,,,,,,,,,,,,,,,,,,,,,
49,,,12495,,,,,,,,1.085161805152893,,,,,,,,,,,,,,,,,,,,,,,,,,,,,,,,,,,,,
49,,,12496,,,,,,,,1.125964641571045,,,,,,,,,,,,,,,,,,,,,,,,,,,,,,,,,,,,,
49,,,12497,,,,,,,,1.1001251935958862,,,,,,,,,,,,,,,,,,,,,,,,,,,,,,,,,,,,,
49,,,12498,,,,,,,,1.1052210330963135,,,,,,,,,,,,,,,,,,,,,,,,,,,,,,,,,,,,,
49,,,12499,,,,,,,,1.0843970775604248,,,,,,,,,,,,,,,,,,,,,,,,,,,,,,,,,,,,,
49,,,12499,,,,,,,,,,,0.3499172627925873,0.005572376307100058,0.669921875,1.33984375,54.966796875,0.669921875,271790.65625,0.8377974629402161,0.8377974629402161,,1.0,0.2941780090332031,54.966796875,0.669921875,0.9443467259407043,0.04758527874946594,22118.0,0.0019065005471929908,0.0028458551969379187,0.4194924235343933,0.6261811256408691,0.005665959324687719,1475.0,0.016951141878962517,0.02530316263437271,0.26700159907341003,0.39855635166168213,0.01427396945655346,7373.0,0.00484863854944706,0.007237618323415518,0.34386834502220154,0.5132961869239807,0.01663222536444664,0.00037276724469847977
49,,20.0,12499,263141.15625,0.8518401384353638,0.8533546924591064,,1.1089069843292236,0.8533546924591064,1.0,,0.299197256565094,0.9210000038146973,,,,,,,,,,,,,,,,,,,,,,,,,,,,,,,,,,,
