date,day,n_land,n_fire,n_new,base_rate,auc_pr,roc_auc,auc_pr_new,tpr_0.001,prec_0.001,lift_0.001,tpr_new_0.001,lift_new_0.001,tpr_0.002,prec_0.002,lift_0.002,tpr_new_0.002,lift_new_0.002,tpr_0.005,prec_0.005,lift_0.005,tpr_new_0.005,lift_new_0.005,tpr_0.01,prec_0.01,lift_0.01,tpr_new_0.01,lift_new_0.01,tpr_0.02,prec_0.02,lift_0.02,tpr_new_0.02,lift_new_0.02,tpr_0.05,prec_0.05,lift_0.05,tpr_new_0.05,lift_new_0.05,tpr_0.1,prec_0.1,lift_0.1,tpr_new_0.1,lift_new_0.1,cell_auc_pr,cell_roc_auc,cell_tpr_0.01,cell_lift_0.01,cell_tpr_0.05,cell_lift_0.05,cell_tpr_0.1,cell_lift_0.1
2020-01-14,13,6885750,1742,308,0.0002529862396979269,0.18213171414546325,0.9428860192823404,0.000279786242490445,0.6756601607347876,0.17092651757188498,675.6356305227365,0.003246753246753247,3.246635371599066,0.7784156142365097,0.09846064478652337,389.19367671573093,0.003246753246753247,1.623317685799533,0.8404133180252583,0.042522292253623396,168.08144310297777,0.11038961038961038,22.077761763056138,0.8576349024110218,0.021696825350721774,85.76286748492103,0.19805194805194806,19.80505099332977,0.8645235361653272,0.01093562792724104,43.22617680826636,0.237012987012987,11.85064935064935,0.8765786452353617,0.0044351758531251,17.53129284193809,0.3051948051948052,6.103798595586114,0.8869115958668198,0.002243738227635594,8.869012916728927,0.36363636363636365,3.636321388865381,0.42478980087953183,0.8697744936893667,0.3380281690140845,33.690140845070424,0.6619718309859155,13.240572077404392,0.7089201877934272,7.089809871234268
2020-01-15,14,6885750,1030,376,0.00014958428638855607,0.07442312692530278,0.9031440844743337,0.000377412208187393,0.5242718446601942,0.07841998257333721,524.2528106838415,0.0,0.0,0.6184466019417476,0.04625326749927389,309.2120744496361,0.010638297872340425,5.3189558215559165,0.6669902912621359,0.01995410845508147,133.39708960638566,0.09042553191489362,18.084975061226835,0.7009708737864078,0.010485346655435825,70.09657838123033,0.18351063829787234,18.35093057683311,0.7417475728155339,0.0055476085014921905,37.08684003800957,0.29521276595744683,14.760423935980956,0.7669902912621359,0.0022945439230892114,15.339471668360718,0.36436170212765956,7.287075300034946,0.7834951456310679,0.001171965198297383,7.834814916675927,0.4095744680851064,4.095673304342111,0.1705428638281229,0.803218872442316,0.19318181818181818,19.25378787878788,0.4772727272727273,9.54627319507251,0.5284090909090909,5.284544090129425
2020-01-16,15,6885750,861,351,0.00012504084522383182,0.0752380339739695,0.9049248521332365,0.0005210792202813208,0.49825783972125437,0.06230031948881789,498.23975019759325,0.005698005698005698,5.697798828789244,0.5900116144018583,0.03688643624745861,294.9950968535867,0.039886039886039885,19.942295900762357,0.6562137049941928,0.016410584100612854,131.24178800324617,0.15669515669515668,31.338803776283807,0.6991869918699187,0.008742629759795522,69.91819148491523,0.2621082621082621,26.210635885619183,0.718931475029036,0.004494789964782341,35.9465737514518,0.31054131054131057,15.527065527065528,0.7456445993031359,0.0018646962462096127,14.912697070078794,0.37606837606837606,7.521269214831656,0.775842044134727,0.0009701095875291542,7.758341570649098,0.45014245014245013,4.501378740757638,0.20278254758283693,0.8186095201079083,0.24725274725274726,24.642857142857142,0.47802197802197804,9.561259495221758,0.532967032967033,5.330127419750061
2020-01-17,16,6885750,656,346,9.526921540863377e-05,0.06646818581891999,0.8348862910205445,0.0003298717478926158,0.4298780487804878,0.0409526575660761,429.86244182257394,0.023121387283236993,23.120547848613,0.4923780487804878,0.02345338367702585,246.18008636292797,0.049132947976878616,24.565582089151317,0.5289634146341463,0.010078712713119754,105.79191473226273,0.1069364161849711,21.38712793707818,0.5685975609756098,0.005416945017281943,56.85934322065417,0.18208092485549132,18.20796027075575,0.5853658536585366,0.002788347033024485,29.26808015647614,0.2138728323699422,10.69356396853909,0.6234756097560976,0.001187927864605268,12.46916813064897,0.2861271676300578,5.7223854535725565,0.6585365853658537,0.0006273817269262942,6.585356289912699,0.35260115606936415,3.5260064399639606,0.21621027473172252,0.7748623789377425,0.24870466321243523,24.787564766839377,0.44559585492227977,8.912681413805668,0.49740932642487046,4.97451985886828
2020-01-18,17,6885750,521,395,7.5663507969357e-05,0.010712099972213647,0.8040658323428657,0.0006675389301181915,0.2456813819577735,0.01858844031367993,245.67246236069403,0.04050632911392405,40.50485850946885,0.31477927063339733,0.011908219575951205,157.38392119981958,0.10632911392405063,53.16262679367787,0.3550863723608445,0.005373377094890935,71.01675879298513,0.14936708860759493,29.87320080106151,0.39923224568138194,0.0030207092857765256,39.92293467281326,0.20759493670886076,20.75934292955122,0.4510556621880998,0.0017064226845296445,22.55278310940499,0.2759493670886076,13.79746835443038,0.5143953934740882,0.0007784090248974708,10.2877734034314,0.3594936708860759,7.189779443913299,0.5585412667946257,0.00042260577851681346,5.585331553593375,0.4177215189873418,4.177154526118183,0.18267782177273104,0.7776042137050636,0.20603015075376885,20.53433835845896,0.4271356783919598,8.543446219088581,0.47738693467336685,4.774278769490678
2020-01-19,18,6885750,567,500,8.234397124496242e-05,0.003944171496541495,0.8166475649546179,0.0014065537343534282,0.12698412698412698,0.01045599767644496,126.97951675587458,0.018,17.999346500145222,0.23633156966490299,0.009729886726691839,118.16149475893886,0.134,66.99756752831833,0.3403880070546737,0.005605739347642975,68.07710707765894,0.252,50.39963402945192,0.3862433862433862,0.0031804583345435536,38.62405816064069,0.304,30.39977925585989,0.42680776014109345,0.0017572395364373057,21.340233047659925,0.35,17.499872926893026,0.48853615520282184,0.0008045472896631648,9.770567019044334,0.42,8.399865811968295,0.5432098765432098,0.0004473005845405366,5.432098765432099,0.482,4.82,0.09834145729892312,0.8087270260849906,0.12972972972972974,12.92972972972973,0.3567567567567568,7.13574706782254,0.4594594594594595,4.594988642158453
2020-01-20,19,6885750,1189,1095,0.00017267545292814872,0.008714222362838177,0.7675754006985452,0.002910328341217595,0.09167367535744322,0.015829218704618064,91.67034709446916,0.017351598173515982,17.350968214244507,0.15727502102607233,0.013578274760383386,78.63465553516392,0.08493150684931507,42.46421168222997,0.2977291841883936,0.010282029684277789,59.545404456279044,0.2374429223744292,47.4882396450587,0.3894028595458368,0.00672398268901217,38.94000319669096,0.336986301369863,33.698385440435885,0.456686291000841,0.003942896976386186,22.834148742768022,0.4100456621004566,20.502134231376303,0.5147182506307821,0.0017775712335531093,10.294290261932987,0.4730593607305936,9.461118513900155,0.5702270815811606,0.000984636475988957,5.702237690951185,0.5333333333333333,5.333302351654639,0.09270935785522799,0.7537154524145584,0.10362694300518134,10.328151986183075,0.34196891191709844,6.839964805943885,0.43005181347150256,4.300886961313201
2020-01-21,20,6885750,1245,1069,0.00018080819082888575,0.021403034160740148,0.7851533129010343,0.0033248096840991386,0.14216867469879518,0.025704327621260528,142.16351318722462,0.00841908325537886,8.418777595951928,0.1895582329317269,0.017136218414173687,94.77567545814976,0.05612722170252572,28.062591986506423,0.37991967871485943,0.01373841819396439,75.98338399926931,0.2778297474275023,55.56554600333801,0.478714859437751,0.008655493915013506,47.871138333577704,0.3928905519176801,39.28876990135011,0.5397590361445783,0.004879642740442218,26.987951807228917,0.4639850327408793,23.199251637043968,0.5911646586345382,0.002137732725318772,11.82320731997087,0.5238540692235735,10.477005307026694,0.6289156626506024,0.0011371178202192037,6.289083558694283,0.567820392890552,5.67813795918011,0.12058293775467926,0.7735984354628423,0.16666666666666666,16.61111111111111,0.42948717948717946,8.59048027444254,0.4935897435897436,4.936320754716981
2020-01-22,21,6885750,1346,902,0.00019547616454271502,0.11820222602906892,0.881753731970231,0.0054107789780732185,0.3491827637444279,0.0682544292767935,349.17008647301697,0.0565410199556541,56.5389672029691,0.4294205052005943,0.04196921289573047,214.7024574270253,0.15188470066518847,75.9395932039879,0.5854383358098069,0.02288768189607598,117.08681695089538,0.38137472283813745,76.2743907108166,0.6820208023774146,0.01333178425164832,68.20158500058501,0.5254988913525499,52.54950755367307,0.7191679049034175,0.007029009185637004,35.95839524517088,0.5809312638580931,29.046563192904657,0.7622585438335809,0.0029799939586867114,15.244794502991846,0.6452328159645233,12.904337728372436,0.7956909361069836,0.0015553816058334797,7.956886249901845,0.6951219512195121,6.951199322094342,0.22803952630269034,0.8152397508329712,0.23717948717948717,23.63888888888889,0.4935897435897436,9.872641509433961,0.5641025641025641,5.6415094339622645
2020-01-23,22,6885750,1145,414,0.00016628544457756962,0.1932455840509616,0.9513849192586069,0.0036138048865721733,0.6270742358078603,0.10426953238454836,627.0514695344139,0.06038647342995169,60.384281065972964,0.7074235807860262,0.05881498693000291,353.69894869281006,0.1932367149758454,96.61484970555674,0.8174672489082969,0.027186383571988732,163.49226260333748,0.49516908212560384,99.03309730884942,0.8663755458515284,0.014406459670626507,86.63692548211046,0.6304347826086957,63.04302048197488,0.8812227074235808,0.007326725483788985,44.06113537117904,0.6714975845410628,33.57487922705314,0.8908296943231441,0.0029625843029503856,17.81625752317958,0.6980676328502415,13.961089077644544,0.9082969432314411,0.0015103195487629901,9.082692430475772,0.7463768115942029,7.463540494622075,0.2897446863161507,0.8138044329334311,0.3237410071942446,32.26618705035971,0.5179856115107914,10.360600713254438,0.6258992805755396,6.259529597591223
2020-01-24,23,6885750,1181,374,0.00017151363322804342,0.2544878845020277,0.9417583814506126,0.0015981932664828325,0.6714648602878917,0.11516119663084519,671.4404823885202,0.040106951871657755,40.10549576681199,0.7315834038950042,0.06273598605866977,365.77842167949655,0.16310160427807488,81.54784139251773,0.7806943268416596,0.02677974962967266,156.13773159400384,0.31016042780748665,62.03163512664908,0.8094834885690093,0.013883644601934416,80.94776106500416,0.40106951871657753,40.10666064223001,0.8314987298899238,0.007130616631328241,41.574634605561755,0.4679144385026738,23.395552041300835,0.8450465707027942,0.0028987191030817043,16.900808690977854,0.5106951871657754,10.213829576887909,0.8712955122777307,0.0014943645465278898,8.712803282179863,0.5935828877005348,5.935725433364205,0.32805319618205214,0.8320793604530126,0.3493150684931507,34.81506849315068,0.5205479452054794,10.411851782231725,0.5616438356164384,5.616920040414484
2020-01-25,24,6885750,1484,604,0.00021551755436953127,0.23499991024243694,0.9194555271185697,0.0015249887167417616,0.5862533692722371,0.12634330525704326,586.2320850226993,0.03145695364238411,31.455811580459827,0.6327493261455526,0.06818181818181818,316.3631769174222,0.09768211920529801,48.83928640124026,0.6846361185983828,0.029510006099509135,136.92622944723385,0.2251655629139073,45.03278558292246,0.7264150943396226,0.015655406779168723,72.64098196068804,0.32781456953642385,32.781218916980315,0.7486522911051213,0.008067385542606107,37.432614555256066,0.3824503311258278,19.12251655629139,0.7648247978436657,0.003296629885765239,15.296340455463609,0.42218543046357615,8.44362277205785,0.7931266846361186,0.0017093272337799078,7.931266846361186,0.4917218543046358,4.917218543046357,0.309372938631645,0.7641505423792627,0.3081395348837209,30.71124031007752,0.45348837209302323,9.07054529498584,0.4941860465116279,4.942284295344848
2020-01-26,25,6885750,1642,795,0.00023846349344661076,0.20218080471287908,0.885057230538197,0.001577815470507692,0.510353227771011,0.12169619517862329,510.3346991176646,0.011320754716981131,11.32034371078316,0.5554202192448234,0.06622131861748475,277.700027204839,0.08176100628930817,40.87901895560586,0.620584652862363,0.02959714194429115,124.11602931967282,0.21635220125786164,43.27012605104188,0.6546894031668696,0.015611612134942419,65.46751416454309,0.28679245283018867,28.67862054452536,0.6686967113276492,0.007972929797554387,33.43459278532894,0.31572327044025156,15.786048893621382,0.6875761266747868,0.003279193242944942,13.751342796959888,0.35471698113207545,7.094246897488727,0.728380024360536,0.001736895227168759,7.283694464358881,0.4389937106918239,4.389873353901446,0.28619553569915673,0.7257030643051096,0.28502415458937197,28.407407407407405,0.41545893719806765,8.309891366495139,0.42028985507246375,4.199657240788346
2020-01-27,26,6885750,2261,983,0.00032835929274225754,0.29605613091260363,0.8949887897847105,0.004850559240451214,0.567890314020345,0.1864652918966018,567.8696964515816,0.0508646998982706,50.862853227493,0.6421937195931003,0.10543130990415335,321.08520219925873,0.18006103763987794,90.02725021266261,0.7222467934542238,0.047430944843010255,144.44830979776995,0.3621566632756867,72.43080670802404,0.7474568774878373,0.02454326294693427,74.74514499639658,0.4201424211597152,42.01393703709821,0.7655904467049978,0.012569254340422751,38.278966419533816,0.46185147507629704,23.092238391096327,0.7832817337461301,0.005143889489154555,15.665429920365316,0.5025432349949135,10.050733332073431,0.7969924812030075,0.0026169798716198555,7.969866939852464,0.5340793489318413,5.340754708105705,0.2812829849863661,0.6745915527636401,0.25092250922509224,25.008610086100862,0.36162361623616235,7.233092605368592,0.39114391143911437,3.9117745722911774
2020-01-28,27,6885750,3058,1352,0.00044410558036524705,0.2826268771834761,0.8785671337841253,0.004005588811095011,0.5294310006540223,0.235114725530061,529.4117793716865,0.03550295857988166,35.501669625532976,0.6003924133420536,0.13331397037467324,300.1853078833899,0.10576923076923077,52.882695379700166,0.6736429038587312,0.05983328008365041,134.72760246435442,0.2625739644970414,52.51441157267138,0.7155003270111184,0.03177553806384153,71.54951315339987,0.35650887573964496,35.65062870144733,0.7377370830608241,0.01638165777148459,36.886854153041206,0.4068047337278107,20.340236686390533,0.7599738391105297,0.006750103836580102,15.199322267080262,0.45710059171597633,9.14191889828164,0.7776324395029431,0.003453463920160794,7.776222756130538,0.4970414201183432,4.970349236374766,0.29659103742323495,0.6726854234493755,0.24600638977635783,24.51863684771033,0.36741214057507987,7.348873021005157,0.3961661341853035,3.962001106976693
2020-01-29,28,6885750,3836,1880,0.0005570925462004866,0.2614584585567947,0.8743198236120544,0.003602747696729387,0.43795620437956206,0.24397327911704908,437.9403041397864,0.009574468085106383,9.574120478800651,0.5088633993743483,0.14173685739180947,254.42246240501876,0.04680851063829787,23.403405614846033,0.6032325338894682,0.0672107816085277,120.64563072495297,0.1946808510638298,38.93588748475895,0.6543274244004171,0.036451828400476345,65.4322673119343,0.2957446808510638,29.574253335418003,0.6814389989572471,0.018981091521682304,34.07170254051718,0.350531914893617,17.526468478453655,0.7148070907194994,0.007964262477925458,14.296121052496146,0.4186170212765957,8.372328266612021,0.7453076120959332,0.004152041093443435,7.45305447319555,0.4808510638297872,4.8084966717824695,0.32216646440761443,0.7350337695784716,0.23511904761904762,23.43353174603175,0.4255952380952381,8.512634770889488,0.46130952380952384,4.613490872335213
2020-01-30,29,6885750,3584,1555,0.0005204952256471698,0.3157763056824364,0.9197854387209948,0.002882663033771924,0.494140625,0.2571884984025559,494.1226849540735,0.006430868167202572,6.430634691012941,0.5652901785714286,0.14711007841998258,282.63482770100313,0.03729903536977492,18.64884060393753,0.6434151785714286,0.06697841935577566,128.68210130553356,0.1787781350482315,35.755367376582534,0.6886160714285714,0.03584187748700224,68.86110711666453,0.2823151125401929,28.231306255970743,0.712890625,0.01855280833605635,35.64453125000001,0.3382636655948553,16.913183279742768,0.7572544642857143,0.007882820736988554,15.144847346461757,0.4405144694533762,8.810148646758968,0.8077566964285714,0.004204335039756018,8.077566964285715,0.5569131832797428,5.569131832797427,0.39831837311003077,0.8155431589840753,0.25663716814159293,25.57817109144543,0.49262536873156343,9.853352358111083,0.5368731563421829,5.369192003521608
2020-01-31,30,6885750,3003,1198,0.0004361180699270232,0.22767084197660648,0.9196365948778176,0.0027262065501113884,0.5204795204795205,0.22698228289282601,520.4606241855734,0.004173622704507512,4.173471178850218,0.6023976023976024,0.13135347081033982,301.1878660114211,0.05008347245409015,25.040827073101312,0.6793206793206793,0.05925237445177031,135.86314931111468,0.2003338898163606,40.06648702556,0.7279387279387279,0.031746492782247525,72.7933442142394,0.32053422370617696,32.053189620447995,0.7599067599067599,0.016570453472751698,37.995337995338,0.3998330550918197,19.991652754590987,0.7875457875457875,0.006869109339374664,15.750572638561136,0.4691151919866444,9.382099458958269,0.8235098235098235,0.0035914438533738223,8.235026477978288,0.5592654424040067,5.592605692044057,0.3703738738080807,0.8411894737122789,0.24169184290030213,24.08862034239678,0.48942598187311176,9.78935913314298,0.552870090634441,5.5291750659418675
2020-02-01,31,6885750,2020,800,0.0002933594742765857,0.12982136826835752,0.9034839217234186,0.0015354404952404664,0.5014851485148515,0.14711007841998258,501.46694182197774,0.0025,2.499909236131281,0.595049504950495,0.0872785361603253,297.5139506762178,0.05125,25.624069670345627,0.6737623762376238,0.039530628249440876,134.75149676662747,0.185,36.999731331145256,0.7217821782178218,0.021174010282029684,72.17769371261679,0.3025,30.249780345057943,0.7524752475247525,0.011037287151000254,37.62376237623762,0.37875,18.9375,0.7702970297029703,0.004519458942922951,15.405873473382035,0.42375,8.474963076078527,0.7836633663366337,0.002298937376829674,7.836588139853924,0.45625,4.562473496142055,0.36954048593824484,0.8377848198823092,0.24742268041237114,24.659793814432994,0.5189003436426117,10.37889692489965,0.570446735395189,5.704956587858748
2020-02-02,32,6885750,2025,831,0.00029408561158915153,0.14435097304273456,0.9273170203345525,0.0015572053855417239,0.48246913580246914,0.1418820795817601,482.4516194963479,0.0,0.0,0.5555555555555556,0.08168748184722625,277.7676929034756,0.0048134777376654635,2.406651490860439,0.6335802469135803,0.03726509628510848,126.71512925688184,0.12033694344163658,24.067213927306895,0.7140740740740741,0.020999738592465653,71.40688889534339,0.30685920577617326,30.685697757316294,0.7580246913580246,0.01114612681169944,37.90095935489354,0.41155234657039713,20.577467907847396,0.7871604938271605,0.0046298447811134865,15.743187013112191,0.4825511432009627,9.651008848103999,0.8251851851851851,0.002426708607626923,8.251708046897324,0.5752105896510229,5.7520056546079585,0.3352845785462275,0.8557131116186234,0.2727272727272727,27.18181818181818,0.49783549783549785,9.95756387694638,0.5757575757575758,5.758069546234212
2020-02-03,33,6885750,1582,567,0.00022974984569582108,0.21085280308040893,0.9612704874083638,0.00165359175796027,0.5524652338811631,0.12692419401684576,552.445176328379,0.003527336860670194,3.527208798774294,0.6219974715549936,0.07144931745570723,310.9874447981265,0.029982363315696647,14.99063739479075,0.7054361567635904,0.03241453425890964,141.08620687312708,0.18342151675485008,36.68403697448979,0.7718078381795196,0.017732144413140086,77.18022338355205,0.36507936507936506,36.50767141211244,0.8223767383059418,0.009447046436481138,41.11883691529709,0.5044091710758377,25.22045855379189,0.8489254108723135,0.0039007586583481462,16.97828630323688,0.5784832451499118,11.569513683997902,0.900126422250316,0.002068039066187416,9.00126422250316,0.7213403880070547,7.213403880070547,0.38519517824784294,0.8776670162662762,0.3409090909090909,33.97727272727273,0.6022727272727273,12.046487603305785,0.6647727272727273,6.6482974037112115
2020-02-04,34,6885750,1450,635,0.0002105798206440838,0.22472928551257554,0.9341259359752601,0.0008822624441338255,0.5337931034482759,0.11240197502178333,533.7737237974101,0.015748031496062992,15.747459755157674,0.5793103448275863,0.06099331977926227,289.64465632417597,0.05669291338582677,28.345427559283817,0.6296551724137931,0.026518342095326615,125.93012005716913,0.15433070866141732,30.865917603338882,0.6593103448275862,0.013883644601934416,65.93055573639305,0.2220472440944882,22.204563173830522,0.6744827586206896,0.007101622916893585,33.724137931034484,0.2566929133858268,12.834645669291339,0.6979310344827586,0.0029393995724509713,13.958600417933983,0.3102362204724409,6.204715398498089,0.7503448275862069,0.0015800587293888018,7.503371997164788,0.42992125984251967,4.299168893407946,0.3702914382875911,0.8565988630297312,0.38311688311688313,38.183982683982684,0.564935064935065,11.299670312534806,0.6038961038961039,6.039478960147914
2020-02-05,35,6885750,1504,1203,0.0002184221036197945,0.02240315818916337,0.8881722157522733,0.0007439892793561306,0.18284574468085107,0.039936102236421724,182.83910636598463,0.0016625103906899418,1.6624500323400038,0.20545212765957446,0.022436828347371478,102.72233430379863,0.010806317539484621,5.402962605105013,0.22739361702127658,0.009933486305149728,45.478393168673364,0.03408146300914381,6.816243106544249,0.24202127659574468,0.00528624125010892,24.201951920171208,0.05236907730673317,5.236869703808386,0.2559840425531915,0.0027956083534229864,12.79910918855208,0.06982543640897755,3.4912464692055907,0.39095744680851063,0.0017078526367153462,7.819046737541685,0.23857024106400665,4.7713424575839225,0.5871010638297872,0.0012823584939912138,5.871010638297872,0.4837905236907731,4.83790523690773,0.2542465930524486,0.8147190844048756,0.32142857142857145,32.035714285714285,0.4714285714285714,9.429380053908355,0.5357142857142857,5.35760230335702
2020-02-06,36,6885750,1452,1197,0.0002108702755691101,0.0210987003016153,0.8999982802222085,0.0015667733220532324,0.17424242424242425,0.036741214057507986,174.23609827581654,0.02756892230576441,27.567921400946457,0.2265840220385675,0.02388905024687772,113.28789789079771,0.06599832915622389,32.997966525375304,0.2830578512396694,0.011937610735136077,56.61115917318405,0.13032581453634084,26.064973639769065,0.3106060606060606,0.00654971099944814,31.060380519593686,0.16374269005847952,16.374150107034414,0.3347107438016529,0.003529027339069818,16.735537190082646,0.19298245614035087,9.649122807017545,0.4263085399449036,0.001797892486610203,8.526059359281133,0.30409356725146197,6.081791853141387,0.6377410468319559,0.0013447887258489887,6.37732711364647,0.5605680868838764,5.605607600903668,0.18652098920216303,0.7799841743395024,0.25806451612903225,25.720430107526884,0.3870967741935484,7.742599457754662,0.49193548387096775,4.919776738781608
2020-02-07,37,6885750,1265,1039,0.00018371274007914897,0.01769267081497278,0.9317385201664186,0.0054753470972918866,0.20553359683794467,0.03775776938716236,205.52613482818435,0.05389797882579403,53.89602203016428,0.291699604743083,0.026793494045890213,145.84450721461545,0.13763233878729547,68.8136709849419,0.44664031620553357,0.016410584100612854,89.32741460141894,0.3262752646775746,65.25457909766793,0.5628458498023715,0.01033997008379442,56.283358896828005,0.46775745909528393,46.774726963292395,0.6371541501976284,0.005852539246866786,31.85701353289563,0.5582290664100096,27.910845307314393,0.7517786561264822,0.0027621661656428353,15.035245592944785,0.697786333012512,13.955422653657196,0.8347826086956521,0.0015335930953456322,8.347777593894218,0.7988450433108758,7.9884040276829,0.1325128953957107,0.7712533494959806,0.22794117647058823,22.71813725490196,0.33088235294117646,6.618214610029261,0.41911764705882354,4.191535919685198
2020-02-08,38,6885750,832,485,0.00012082924881095015,0.06983851315827616,0.8743342956718528,0.0014780470022134997,0.4579326923076923,0.05532965437118792,457.9160668105856,0.08041237113402062,80.40945171886182,0.5060096153846154,0.030569270984606448,252.99562221424742,0.15257731958762888,76.28589009225352,0.5528846153846154,0.013360829533242325,110.57612014245593,0.2329896907216495,46.59759978177112,0.5877403846153846,0.007101571349734236,58.77361168441408,0.2927835051546392,29.27813791598009,0.609375,0.0036814894420401406,30.46852875664411,0.32989690721649484,16.494725586467652,0.640625,0.001548109012434249,12.812369750443667,0.3835051546391753,7.6700251199035145,0.6935096153846154,0.0008379442048243512,6.934945082174612,0.4742268041237113,4.742164737354369,0.15655827663951183,0.742073848075476,0.20588235294117646,20.519607843137255,0.31176470588235294,6.235828877005348,0.4,4.000343053173243
2020-02-09,39,6885750,839,614,0.00012184584104854228,0.03440167616444564,0.8446509673102865,0.0008972311004697783,0.2896305125148987,0.03528899215800174,289.6199973205727,0.04560260586319218,45.60095023561946,0.33492252681764006,0.020403717688062737,167.455183635969,0.09283387622149837,46.41525291839837,0.38259833134684146,0.009323535391675622,76.51911063555472,0.1563517915309446,31.270131242098287,0.4052443384982122,0.004937697870980859,40.52413958892306,0.18729641693811075,18.729505691881787,0.4195470798569726,0.0025559847802724446,20.977201669560174,0.20684039087947884,10.341944447256466,0.46245530393325385,0.0011269634724416766,9.249092646442522,0.26547231270358307,5.309438543308791,0.5613825983313468,0.0006840024746076789,5.613671084064154,0.4006514657980456,4.006404108398988,0.14312156932071657,0.7505340588012435,0.18324607329842932,18.263525305410123,0.29842931937172773,5.96909827305955,0.38219895287958117,3.822317315204799
2020-02-10,40,6885750,898,827,0.0001304142613368188,0.00263980613120489,0.7886066701086549,0.0005866008255312709,0.08908685968819599,0.011617775196049956,89.08362534098104,0.015719467956469165,15.718897252578792,0.11469933184855234,0.007478399767661366,57.34342004473747,0.03990326481257558,19.9494594992516,0.1447661469933185,0.003775886607220657,28.95301915998846,0.07134220072551391,14.2683365373873,0.17706013363028952,0.002309099886723402,17.705884793992944,0.10640870616686819,10.640793349915953,0.20489977728285078,0.0013360538487790356,10.244691302038133,0.13663845223700122,6.831724181056579,0.32962138084632514,0.0008597203585266252,6.5922265687357555,0.2720677146311971,5.44118834852879,0.4844097995545657,0.0006317293700423767,4.8440206122152505,0.44014510278113667,4.401380715662548,0.10170101870597228,0.7300385412873234,0.14084507042253522,14.037558685446008,0.3192488262910798,6.385524122436161,0.38967136150234744,3.8970478100161867
2020-02-11,41,6885750,962,801,0.00013970881893766112,0.014051765599220336,0.7833855239519001,0.0006407256861011421,0.17775467775467776,0.02483299448155678,177.74822427378336,0.024968789013732832,24.967882508177585,0.2130977130977131,0.014885274469939007,106.54498823428536,0.05493133583021224,27.464670758995346,0.2494802494802495,0.006970867582561213,49.89568758484498,0.0986267166042447,19.725200088811118,0.2796257796257796,0.00390659037439368,27.962374917340206,0.1348314606741573,13.483048161972155,0.3087318087318087,0.0021566278183204443,15.436590436590436,0.16978776529338327,8.489388264669163,0.37733887733887733,0.001054346784242308,7.5467446669402,0.25218476903870163,5.043673406377316,0.45426195426195426,0.0006346301863227755,4.542520587808785,0.3445692883895131,3.4456178241451223,0.19493022744086955,0.7843617832226011,0.19911504424778761,19.845132743362832,0.4247787610619469,8.496303829748479,0.5132743362831859,5.133183563806372
2020-02-12,42,6885750,908,750,0.0001318665359619504,0.010536854977764631,0.7809461497186989,0.0008005333630564149,0.1828193832599119,0.02410688353180366,182.8127459021113,0.02666666666666667,26.665698518733663,0.22687224669603523,0.014957885564914319,113.4320049874546,0.06533333333333333,32.66548068544874,0.28083700440528636,0.007406546806471289,56.16699303156352,0.12933333333333333,25.86647884051236,0.31057268722466963,0.004095384704754713,31.057043205688064,0.16533333333333333,16.533213279502746,0.3392070484581498,0.002236486682738389,16.960229268354475,0.2,9.999927386796015,0.41409691629955947,0.0010920803840869947,8.281709806968088,0.2906666666666667,5.8131729291861385,0.4933920704845815,0.0006506020247083545,4.933791730876159,0.38666666666666666,3.8665655909949708,0.19454710613142884,0.7709548110106472,0.1814516129032258,18.08467741935484,0.39919354838709675,7.984555690809494,0.5080645161290323,5.081080894151497
2020-02-13,43,6885750,908,641,0.0001318665359619504,0.027386798052775486,0.7977027870766502,0.0006748057131698374,0.2720264317180617,0.03586988091780424,272.01655564952705,0.0062402496099844,6.2400230543058495,0.31387665198237885,0.020694162067963984,156.93262825934252,0.0327613104524181,16.380060517552856,0.368942731277533,0.009730169333991692,73.7880104532305,0.1060842433697348,21.21669461161089,0.42180616740088106,0.005562171425251968,42.18031045311535,0.1809672386895476,18.096592462844583,0.4779735682819383,0.0031514130529495484,23.898504878135853,0.26053042121684866,13.026426471099334,0.5671806167400881,0.0014958363467900513,11.343562912896031,0.3868954758190328,7.737875803818608,0.6101321585903083,0.0008045578054451427,6.101303864365519,0.44773790951638065,4.4773660904334855,0.24991766325408177,0.7370054295155155,0.2084942084942085,20.77992277992278,0.4092664092664093,8.186030186030187,0.4671814671814672,4.672215342026663
2020-02-14,44,6885750,893,688,0.00012968812402425298,0.027082921926730348,0.8021742806112352,0.0011821922144929359,0.21500559910414332,0.027882660470519894,214.99779320815495,0.027616279069767442,27.615276445636244,0.26539753639417696,0.017208829509149,132.69395049565816,0.05377906976744186,26.88855864443529,0.3381858902575588,0.008771675041389527,67.63668691629108,0.14098837209302326,28.197469666256207,0.425531914893617,0.00551860350286096,42.55288249700432,0.2543604651162791,25.435861812344513,0.5251959686450168,0.003405583995933631,26.25979843225084,0.38372093023255816,19.186046511627907,0.5699888017917133,0.0014784134213216842,11.399759480252841,0.4418604651162791,8.837196468289394,0.6170212765957447,0.0008001998321177848,6.170185883544274,0.502906976744186,5.029047856766088,0.25191168494364397,0.7710706670302307,0.20848056537102475,20.77856301531213,0.43462897526501765,8.693325009546092,0.48056537102473496,4.8060658589360505
2020-02-15,45,6885750,891,698,0.00012939766909922666,0.01575746647706705,0.792313759994846,0.0015672325473552427,0.2244668911335578,0.02904443799012489,224.45874174018235,0.04871060171919771,48.70883325413384,0.2671156004489338,0.01728144060412431,133.5529513354085,0.07736389684813753,38.68054405475334,0.36251402918069586,0.009381625954863632,72.5022793700362,0.1876790830945559,37.53554405932029,0.4590347923681257,0.005939760085974033,45.90314591694242,0.3108882521489971,31.088599468979012,0.5207631874298541,0.0033692771303053407,26.038159371492704,0.38968481375358166,19.48424068767908,0.5364758698092031,0.0013883684927488244,10.729470649770166,0.40974212034383956,8.19480670354729,0.5757575757575758,0.0007450125548412019,5.7575423114453494,0.45988538681948427,4.5988271531549225,0.208126410281975,0.7609152124646813,0.17777777777777778,17.71851851851852,0.4444444444444444,8.889651229273872,0.48518518518518516,4.852267962645321
2020-02-16,46,6885750,727,546,0.00010558036524706822,0.023316081240201642,0.728435389581012,0.0006235143228593962,0.23521320495185694,0.02483299448155678,235.20466540767484,0.02564102564102564,25.640094729551603,0.2861072902338377,0.015103107754864944,143.0484514760128,0.054945054945054944,27.47153006737671,0.33700137551581844,0.007116093990531238,67.39978568817122,0.11721611721611722,23.44305321446685,0.4030261348005502,0.00425513375352174,40.30232082986564,0.20512820512820512,20.512671562658493,0.45392022008253097,0.0023962531314671606,22.69601100412655,0.27289377289377287,13.644688644688646,0.5034387895460798,0.0010630387805841486,10.068527212389686,0.33882783882783885,6.776389476522502,0.5240715268225584,0.0005533134179229979,5.240684824571228,0.3663003663003663,3.662982384378187,0.20937916224342612,0.7152954224642065,0.16475095785440613,16.420178799489147,0.421455938697318,8.42984168293212,0.46360153256704983,4.636412925612666
2020-02-17,47,6885750,664,530,9.643103510873906e-05,0.01070175902814184,0.6878488880526674,0.0003356762490166656,0.18674698795180722,0.018007551553877434,186.74020800016797,0.013207547169811321,13.207067662580354,0.21536144578313254,0.010383386581469648,107.67681348396782,0.022641509433962263,11.320343710783158,0.2680722891566265,0.0051700601237328996,53.614068519568995,0.0830188679245283,16.603653019585835,0.32680722891566266,0.0031514130529495484,32.680485586366494,0.15660377358490565,15.660263643473007,0.35993975903614456,0.0017354681770322769,17.99698795180723,0.19811320754716982,9.905660377358492,0.39457831325301207,0.0007609819571758856,7.891463119915444,0.24150943396226415,4.830125547226368,0.4186746987951807,0.00040373117312951203,4.186734827374304,0.27169811320754716,2.7169732404928832,0.18908327626210425,0.6979792637074762,0.15261044176706828,15.210174029451139,0.41365461847389556,8.273801897125379,0.4497991967871486,4.4983777304759345
2020-02-18,48,6885750,583,479,8.4667610645173e-05,0.011835671207916211,0.7737905434861365,0.0004665006925520443,0.1835334476843911,0.015538774324716816,183.5267844020906,0.033402922755741124,33.40171004434279,0.21269296740994853,0.009003775776938717,106.34262273765998,0.04801670146137787,24.00747909437138,0.2555746140651801,0.004327746957506753,51.11455165120433,0.09394572025052192,18.789007616109423,0.31732418524871353,0.0026866885474454674,31.732188105613428,0.16910229645093947,16.91010685449848,0.3653516295025729,0.0015466724757651673,18.267581475128647,0.22755741127348644,11.377870563674321,0.4219554030874786,0.0007145180778882796,8.439095805864874,0.2964509394572025,5.929010178593015,0.49056603773584906,0.0004153445108447033,4.905589134732274,0.37995824634655534,3.799527283894934,0.16184371971820197,0.7714224827791512,0.17105263157894737,17.048245614035086,0.39035087719298245,7.807687099395142,0.4649122807017544,4.649521531100478
2020-02-19,49,6885750,454,376,6.59332679809752e-05,0.011570516767844723,0.7242191027036692,0.00027890792101560374,0.19383259911894274,0.012779552715654952,193.82556192031078,0.034574468085106384,34.573212840113456,0.2092511013215859,0.006898054022654662,104.62175217289501,0.04521276595744681,22.60556224161265,0.2444933920704846,0.003224026256934561,48.89832334512589,0.08776595744680851,17.55306403001428,0.28634361233480177,0.0018879433036103285,28.634153310208855,0.13829787234042554,13.829686811526404,0.31497797356828194,0.0010383612771117583,15.74866996447641,0.17287234042553193,8.643491494042902,0.3568281938325991,0.00047053356182288187,7.13651205577513,0.22340425531914893,4.468052662185453,0.4008810572687225,0.00026431014326481117,4.0087523545939945,0.2765957446808511,2.7659172780937284,0.10893936973854737,0.7376952360149321,0.1694915254237288,16.892655367231637,0.3672316384180791,7.345262668255953,0.4011299435028249,4.011643457278251
2020-02-20,50,6885750,254,205,3.688777547834295e-05,0.00540534320227702,0.768094603622766,8.045493993404729e-05,0.1889763779527559,0.0069706651176299735,188.9695170618921,0.0,0.0,0.1968503937007874,0.0036305547487656114,98.42162346973548,0.004878048780487805,2.438935840128079,0.2204724409448819,0.001626535769264283,44.094168004769834,0.03414634146341464,6.829218703177767,0.25984251968503935,0.0009584942926021667,25.98406328852508,0.08292682926829269,8.292622711001574,0.28346456692913385,0.0005228112723919342,14.17302251524709,0.11219512195121951,5.609674629679776,0.3228346456692913,0.00023817130907084145,6.456646029269868,0.16097560975609757,3.2194888172123757,0.3937007874015748,0.0001452251425384774,3.9369449812374837,0.24878048780487805,2.487765135948798,0.09220837181805464,0.7771162370242523,0.2268041237113402,22.604810996563575,0.422680412371134,8.454333256706336,0.4329896907216495,4.330268253434953
2020-02-21,51,6885750,123,64,1.786297788911883e-05,0.03059097730283956,0.8651076264941897,0.00012882240185635538,0.5121951219512195,0.00914899796688934,512.1765264268965,0.0625,62.49773090328202,0.5203252032520326,0.004647110078419983,260.1531562803284,0.078125,39.06108181455126,0.5365853658536586,0.0019169885852043335,107.31629390707919,0.109375,21.874841158616285,0.5691056910569106,0.0010165848557901769,56.91015585981472,0.171875,17.18737519605565,0.6097560975609756,0.0005445950754082647,30.487362117824873,0.25,12.499818468308197,0.6178861788617886,0.00022074542243702945,12.35770563045346,0.265625,5.312492284802258,0.6747967479674797,0.00012053651820827548,6.747840083354739,0.375,3.7499292029486426,0.163023625860086,0.7897804210008,0.2857142857142857,28.476190476190478,0.4107142857142857,8.214990198480765,0.44642857142857145,4.46466858613085
2020-02-22,52,6885750,151,114,2.1929346839487347e-05,0.035061873615136845,0.7550944441680199,0.00027604938894859685,0.33112582781456956,0.007261109497531223,331.11380611010344,0.11403508771929824,114.03094761300581,0.3509933774834437,0.003848388033691548,175.49031723835483,0.14035087719298245,70.1728908387728,0.3841059602649007,0.0016846263324522932,76.82063422969125,0.18421052631578946,36.84183774082742,0.3973509933774834,0.0008713457935781815,39.73423376245671,0.20175438596491227,20.174999101902362,0.41721854304635764,0.0004574665069164579,20.86092715231788,0.22807017543859648,11.403508771929825,0.44370860927152317,0.0001946016910015597,8.874030422609204,0.2631578947368421,5.263073817022741,0.48344370860927155,0.00010601527781811845,4.834401981696087,0.3157894736842105,3.1578718063566367,0.06398045218640439,0.7122373434115357,0.16455696202531644,16.400843881856538,0.25316455696202533,5.063725383763598,0.34177215189873417,3.4180146340404285
2020-02-23,53,6885750,161,142,2.3381621464618958e-05,0.0042861417353081,0.7272612715019912,0.0004505256064777549,0.2236024844720497,0.00522799883822248,223.59436646143135,0.11971830985915492,119.71396342037121,0.2546583850931677,0.002977054893987801,127.32456979053728,0.15492957746478872,77.46197633082842,0.3105590062111801,0.0014522640797002527,62.11135022854668,0.21830985915492956,43.661654787419224,0.3105590062111801,0.0007261320398501263,31.05567511427334,0.21830985915492956,21.830827393709612,0.34782608695652173,0.0004066368950368515,17.39130434782609,0.2605633802816901,13.028169014084506,0.40993788819875776,0.00019169830172731787,8.198674416887448,0.33098591549295775,6.619651015000782,0.45962732919254656,0.00010746738582679452,4.596233241968015,0.3873239436619718,3.8732056868696967,0.02898439293387241,0.6722618822070858,0.09574468085106383,9.542553191489361,0.1595744680851064,3.1917630743403524,0.26595744680851063,2.6598025619502934
2020-02-24,54,6885750,216,188,3.1369131902842826e-05,0.010541673434719174,0.7749169423466218,0.0005978167971142783,0.21296296296296297,0.006680220737728725,212.955231225998,0.09574468085106383,95.7412047880065,0.2824074074074074,0.004429276793494046,141.19857722593346,0.17553191489361702,87.76277105567262,0.3148148148148148,0.001975079148392344,62.96250576871566,0.2127659574468085,42.55288249700431,0.32407407407407407,0.0010165848557901769,32.40717208683894,0.22340425531914893,22.340263310927266,0.3472222222222222,0.0005445950754082647,17.360858983761386,0.25,12.499818468308197,0.4305555555555556,0.0002701219034009219,8.611073594180084,0.34574468085106386,6.914863490178927,0.49074074074074076,0.0001539408866995074,4.907400280514505,0.4148936170212766,4.148930144826795,0.06790420130638182,0.7469240690394536,0.1111111111111111,11.074074074074073,0.23076923076923078,4.615780445969126,0.3504273504273504,3.5045740423098914
2020-02-25,55,6885750,278,235,4.0373234578658826e-05,0.01275954904412817,0.6830644112266875,0.0005037221344694029,0.22302158273381295,0.009003775776938717,223.01348581315023,0.08085106382978724,80.84812848764994,0.26618705035971224,0.0053732210281731045,133.08869314655738,0.13191489361702127,65.95505218729338,0.3057553956834532,0.0024688489354904295,61.150635099112314,0.17872340425531916,35.744421297483626,0.32014388489208634,0.0012925150309332249,32.01415602247645,0.19574468085106383,19.574325948621986,0.3381294964028777,0.0006825690738118578,16.906474820143885,0.2170212765957447,10.851063829787236,0.37050359712230213,0.00029916379362926346,7.409953568283096,0.2553191489361702,5.106301405451851,0.4316546762589928,0.00017427067721585167,4.316490344025362,0.3276595744680851,3.276552918588897,0.09824455941678853,0.7403497125022913,0.19444444444444445,19.37962962962963,0.2638888888888889,5.27823041738136,0.3333333333333333,3.3336192109777016
2020-02-26,56,6885750,357,312,5.1846204117198565e-05,0.012995207668555449,0.7414985668961531,0.000945432276072608,0.21008403361344538,0.010891664246296834,210.07640639758662,0.09615384615384616,96.15035523581848,0.2689075630252101,0.0069706651176299735,134.44890009445544,0.16346153846153846,81.72780195044571,0.32212885154061627,0.003340207383310581,64.42530249196312,0.22435897435897437,44.87146904331545,0.34173669467787116,0.0017717621772343083,34.173421321823916,0.2467948717948718,24.679307973823498,0.3585434173669468,0.0009294557600842319,17.92717086834734,0.266025641025641,13.30128205128205,0.38095238095238093,0.0003950135350225971,7.618948035803495,0.2916666666666667,5.833257089912051,0.4649859943977591,0.00024107513702071795,4.649812674342881,0.38782051282051283,3.878165703073629,0.14691383988120035,0.7901167541500957,0.21965317919075145,21.892100192678228,0.26011560693641617,5.202758306150169,0.36416184971098264,3.641930814305119
2020-02-27,57,6885750,350,289,5.0829611879606435e-05,0.010491821941053109,0.7815422176945837,0.0006510832191363178,0.2057142857142857,0.01045599767644496,205.7068171445168,0.04152249134948097,41.52098385269947,0.2857142857142857,0.007261109497531223,142.8519563503589,0.13494809688581316,67.47159876063664,0.3485714285714286,0.0035435243544686165,69.71377949652079,0.21107266435986158,42.214226338723655,0.36857142857142855,0.001873420662813326,36.856875225619596,0.23529411764705882,23.52924091010827,0.38571428571428573,0.0009802711357348767,19.285434208246933,0.2560553633217993,12.80258223743677,0.42,0.00042696687956919914,8.399963402838894,0.2975778546712803,5.951531163652536,0.5085714285714286,0.00025850413243544293,5.085699514049574,0.40484429065743943,4.048431147706739,0.12455255347635806,0.792840775909009,0.20348837209302326,20.281007751937985,0.28488372093023256,5.698163069927001,0.36627906976744184,3.663104830667358
2020-02-28,58,6885750,322,258,4.6763242929237916e-05,0.021022574839366256,0.7849586848869777,0.0003206107878891148,0.2111801242236025,0.009875108916642464,211.17245721357406,0.015503875968992248,15.503313092287014,0.2360248447204969,0.00551844321812373,118.00813785464433,0.046511627906976744,23.25496963843052,0.33229813664596275,0.0031078451305585407,66.45914474454494,0.16666666666666666,33.33309128932005,0.36335403726708076,0.0016991489732492958,36.33513988369981,0.2054263565891473,20.54248649225538,0.38198757763975155,0.0008931488944559416,19.099378881987576,0.22868217054263565,11.434108527131784,0.4254658385093168,0.00039791689055542807,8.509180835844841,0.28294573643410853,5.658824328845381,0.5186335403726708,0.00024252704466999622,5.186275148560331,0.3992248062015504,3.99220167982992,0.1415856451701479,0.8051952486802186,0.2085889570552147,20.789366053169736,0.3128834355828221,6.258205389933599,0.4171779141104294,4.1721369266224
2020-02-29,59,6885750,269,216,3.906618741604037e-05,0.017224504880188386,0.730917270098695,0.00018002317724952408,0.20817843866171004,0.00813244263723497,208.17088062951933,0.013888888888888888,13.888384645173783,0.22676579925650558,0.004429276793494046,113.37878320000605,0.037037037037037035,18.517846193565045,0.2899628252788104,0.002265531964332394,57.99214395316648,0.11574074074074074,23.147980062027813,0.3271375464684015,0.0012779923901362223,32.71351710178622,0.16203703703703703,16.20358604341947,0.34572490706319703,0.0006753077006861998,17.286245353159853,0.18518518518518517,9.25925925925926,0.3903345724907063,0.0003049772283669486,7.806680112370693,0.24074074074074073,4.8148078223915896,0.44981412639405205,0.000175724208841687,4.498115133946641,0.3148148148148148,3.148129860351697,0.10300439878057584,0.750945217523038,0.208955223880597,20.82587064676617,0.3358208955223881,6.716993932567011,0.40298507462686567,4.030196359540207
2020-03-01,60,6885750,287,233,4.1680281741277275e-05,0.01756385055220981,0.7184616952934939,0.00015006825001471612,0.18815331010452963,0.007841998257333721,188.14647909559469,0.008583690987124463,8.58337935152371,0.20905923344947736,0.004356665698518733,104.5258217197748,0.02575107296137339,12.875069027285566,0.27526132404181186,0.0022945772459263994,55.051865056228934,0.1072961373390558,21.45907164548501,0.30313588850174217,0.00126346974933922,30.31336873349315,0.14163090128755365,14.162987286020106,0.3310104529616725,0.00068982543785762,16.550402469435912,0.1759656652360515,8.798219374648854,0.36585365853658536,0.00030497545673705304,7.3170200391190345,0.21888412017167383,4.377650615678942,0.4076655052264808,0.00016991465056398594,4.07661953003821,0.2703862660944206,2.7038391006427083,0.11943715144060876,0.8069359898019106,0.2644628099173554,26.358126721763085,0.38016528925619836,7.603957869668145,0.4380165289256198,4.380540946656649
2020-03-02,61,6885750,207,179,3.0062084740224377e-05,0.013347963941212742,0.8456833674295923,0.00012067877812286166,0.1497584541062802,0.004501887888469358,149.75301704361297,0.01675977653631285,16.759168063449927,0.1642512077294686,0.002468777229160616,82.12262224972324,0.0335195530726257,16.759168063449927,0.19806763285024154,0.0011908565453542072,39.61323892353977,0.07262569832402235,14.52503419311153,0.20772946859903382,0.0006244735542711087,20.772796020880612,0.08379888268156424,8.379827419102806,0.27053140096618356,0.0004066368950368515,13.526570048309178,0.1564245810055866,7.82122905027933,0.3140096618357488,0.00018879487872107444,6.28016587513835,0.20670391061452514,4.1340602009183165,0.4106280193236715,0.00012344316386281252,4.106274229798847,0.31843575418994413,3.1843529173445018,0.12764303900926077,0.8658252504372714,0.2894736842105263,28.85087719298246,0.40789473684210525,8.158594384761217,0.5,5.0004288164665525
2020-03-03,62,6885750,181,128,2.6286170714882184e-05,0.038953634988373745,0.8269709903302294,0.00011524919139994005,0.3149171270718232,0.008277664827185593,314.90569383311157,0.03125,31.24886545164101,0.3259668508287293,0.004284054603543422,162.97750821187356,0.046875,23.436649088730757,0.35359116022099446,0.0018588980220163235,70.71771853645801,0.0859375,17.18737519605565,0.3701657458563536,0.0009730169333991693,37.01630579642724,0.109375,10.937420579308142,0.425414364640884,0.0005591257306756707,21.270718232044196,0.1875,9.375,0.4530386740331492,0.00023817269262942653,9.060760321950683,0.2265625,4.531243419390162,0.4972375690607735,0.00013070395698968454,4.972346805755361,0.2890625,2.890608208172192,0.08488108203554892,0.8223195734838684,0.22727272727272727,22.65151515151515,0.3484848484848485,6.970294713862466,0.42424242424242425,4.2427880866988925
2020-03-04,63,6885750,137,95,1.989616236430309e-05,0.018947773479693432,0.7600219101081556,0.0001650384393943045,0.36496350364963503,0.007261109497531223,364.950253449822,0.08421052631578947,84.20746900652735,0.38686131386861317,0.003848388033691548,193.42363432840565,0.11578947368421053,57.89263494198755,0.40145985401459855,0.0015974904876702779,80.29138777719427,0.1368421052631579,27.368222321757514,0.40145985401459855,0.0007987452438351389,40.14569388859714,0.1368421052631579,13.684111160878757,0.4233576642335766,0.0004211565831130733,21.167729504896673,0.16842105263157894,8.420991483617698,0.4306569343065693,0.00017136467273704236,8.612951060577295,0.17894736842105263,3.57886940590268,0.48175182481751827,9.584901166598652e-05,4.817462277949391,0.25263157894736843,2.5262864385801596,0.09792873361207917,0.7503567524023247,0.21333333333333335,21.262222222222224,0.30666666666666664,6.133859348198971,0.38666666666666666,3.866998284734134
2020-03-05,64,6885750,150,125,2.1784119376974187e-05,0.009450802235756752,0.6812113483211338,0.00011408501319118685,0.20666666666666667,0.004501887888469358,206.65916352018587,0.048,47.998257333720595,0.22,0.0023961661341853034,109.99600638977634,0.064,31.998838222480398,0.23333333333333334,0.0010165553296543712,46.66497240778391,0.08,15.999419111240199,0.24666666666666667,0.0005373377094890935,24.666487554096836,0.096,9.599930291324174,0.26666666666666666,0.00029045492502632246,13.333333333333332,0.12,6.0,0.2866666666666667,0.00012489253433092454,5.733191788461091,0.144,2.8799288983897577,0.3333333333333333,7.261352034703453e-05,3.33332365153062,0.2,1.9999941909183723,0.04196882112375757,0.6890255663267869,0.10465116279069768,10.430232558139537,0.20930232558139536,4.186405520762695,0.26744186046511625,2.6746479715983886
2020-03-06,65,6885750,213,196,3.093344951530334e-05,0.007835352619332634,0.6546013512008813,9.149305685664638e-05,0.09389671361502347,0.002904443799012489,93.8933046434284,0.02040816326530612,20.40742233576556,0.10328638497652583,0.001597444089456869,51.64131755388562,0.030612244897959183,15.305566751824168,0.13145539906103287,0.0008132678846321415,26.290888904252437,0.061224489795918366,12.244809045056344,0.14553990610328638,0.00045019532668206044,14.553673571366188,0.07653061224489796,7.652894512922147,0.17370892018779344,0.0002686708056493483,8.685446009389672,0.10714285714285714,5.357142857142858,0.24413145539906103,0.00015103502560334135,4.882579472057314,0.1836734693877551,3.6734320439300903,0.3333333333333333,0.00010311089940297337,3.33331396978415,0.28061224489795916,2.806106148032575,0.0486860180742036,0.6775751126523386,0.11538461538461539,11.5,0.21153846153846154,4.231132075471698,0.3076923076923077,3.077186963979417
2020-03-07,66,6885750,329,296,4.7779835166830046e-05,0.03277686000492852,0.7213867954150599,0.00021350294054914726,0.1337386018237082,0.006389776357827476,133.73374637054877,0.04054054054054054,40.53906869402077,0.1398176291793313,0.0033401103688643625,69.90627651187776,0.0472972972972973,23.64779007151212,0.16109422492401215,0.0015393999244822678,32.21861103344612,0.06756756756756757,13.513415387562182,0.182370820668693,0.0008713584478201516,18.236949641573283,0.09121621621621621,9.121555386604474,0.22796352583586627,0.0005445990298875948,11.3980935259833,0.14189189189189189,7.094543078470146,0.2857142857142857,0.0002730240609715009,5.714211026852622,0.20608108108108109,4.12156775078728,0.3829787234042553,0.00018298341386055792,3.829720492371844,0.3141891891891892,3.1418371381676673,0.0699266051924556,0.7065926049054374,0.11347517730496454,11.309692671394801,0.2624113475177305,5.248677055581913,0.36879432624113473,3.688259552571074
2020-03-08,67,6885750,475,423,6.898304469375159e-05,0.023452277974487203,0.7223283627588928,0.0003921732619670079,0.14736842105263157,0.010165553296543712,147.36307076142288,0.04491725768321513,44.9156269375833,0.15578947368421053,0.0053732210281731045,77.8919088310378,0.054373522458628844,27.185774199063577,0.1726315789473684,0.0023817130907084145,34.52606508283256,0.07092198581560284,14.184294165668106,0.2,0.0013795907698116495,19.99898345943277,0.1016548463356974,10.164967952193962,0.2294736842105263,0.0007914839234366378,11.473600896429112,0.1347517730496454,6.73753972869235,0.28421052631578947,0.00039211130151906823,5.684169251441945,0.19621749408983452,3.9243213858348427,0.3936842105263158,0.00027157298850825104,3.9368078013067147,0.3191489361702128,3.1914615524303493,0.09971740021197416,0.7177206946900745,0.13131313131313133,13.087542087542086,0.25252525252525254,5.050938198451062,0.36363636363636365,3.6366755028847653
2020-03-09,68,6885750,510,447,7.406600588171224e-05,0.0068991337244911945,0.7301759163762755,0.0004926889073230296,0.16666666666666666,0.012343886145803078,166.66061574208538,0.049217002237136466,49.21521538692455,0.20392156862745098,0.007551553877432472,101.9570825716287,0.09172259507829977,45.85963251963423,0.22549019607843138,0.003340207383310581,45.09771174437418,0.116331096196868,23.266050295901245,0.23921568627450981,0.0017717621772343083,23.92139492527674,0.1319910514541387,13.199009302482436,0.26862745098039215,0.0009948008945946732,13.431275019520138,0.16554809843400448,8.27734481681102,0.3137254901960784,0.0004647231557025888,6.274446018390393,0.21700223713646533,4.340000622619866,0.39215686274509803,0.0002904532377548546,3.921545846804882,0.30648769574944074,3.0648591534256946,0.10084103617882052,0.7130266755604251,0.1261682242990654,12.574766355140188,0.2336448598130841,4.673297959314535,0.32710280373831774,3.2713085715201746
2020-03-10,69,6885750,484,397,7.029009185637004e-05,0.013217632470555086,0.7124832074644057,0.00033251632613986374,0.19421487603305784,0.013650885855358699,194.20782495565322,0.022670025188916875,22.669202141240834,0.2334710743801653,0.008205053732210282,116.7312990424937,0.06801007556675064,34.00380321186125,0.2768595041322314,0.0038920677335966773,55.371498753333306,0.11838790931989925,23.677409933471676,0.2871900826446281,0.002018647070783351,28.718799726542272,0.1309823677581864,13.098141665324755,0.31611570247933884,0.0011109900882256836,15.805785123966944,0.16624685138539042,8.312342569269521,0.3739669421487603,0.000525722650803978,7.479327980936967,0.2367758186397985,4.735509495535693,0.4380165289256198,0.0003078822205279018,4.380165289256198,0.3148614609571788,3.1486146095717884,0.11171580145725349,0.6946342043532638,0.1506849315068493,15.018264840182647,0.2557077625570776,5.114593857938391,0.3287671232876712,3.2879531943889657
2020-03-11,70,6885750,597,514,8.670079512035726e-05,0.018261505782720112,0.787441136410486,0.0005551518314271454,0.1507537688442211,0.013069997095556202,150.7482956461074,0.019455252918287938,19.45454658467923,0.1708542713567839,0.007406331687481847,85.42403419946085,0.03696498054474708,18.48181925544527,0.21608040201005024,0.0037467325007261108,43.214511418550785,0.08949416342412451,17.89818285790489,0.271356783919598,0.0023526678091144093,27.135481351104765,0.15369649805447472,15.369538201495821,0.3601340033500838,0.0015611838856777716,18.00656941508495,0.25680933852140075,12.840373687325622,0.4723618090452261,0.0008190769409509426,9.447167581495734,0.38715953307393,7.7431344356903,0.5628140703517588,0.00048796427404422174,5.628140703517587,0.49221789883268485,4.9221789883268485,0.09731187278282864,0.713362189865209,0.11538461538461539,11.5,0.2905982905982906,5.812464265294454,0.3547008547008547,3.547312750142939
2020-03-12,71,6885750,774,703,0.0001124060559851868,0.007690503567668934,0.7905902169086205,0.000636283899037525,0.09431524547803617,0.010601219866395586,94.31182131141266,0.007112375533428165,7.112117314740486,0.1124031007751938,0.006317165262852164,56.19950995954042,0.02275960170697013,11.379387703584777,0.13565891472868216,0.0030497545673705308,27.131585933167482,0.04836415362731152,9.672760487939247,0.2054263565891473,0.002309099886723402,20.54248649225538,0.1251778093883357,12.517690043215495,0.29198966408268734,0.0016410226620872936,14.599059167270777,0.22048364153627312,11.023861883315973,0.45478036175710596,0.0010223820339593486,9.095435517229438,0.39971550497866287,7.994159173284541,0.5645994832041343,0.0006346394028290104,5.645953834663899,0.5206258890469416,5.206221086155535,0.09071358482563095,0.6930978752590258,0.0875,8.720833333333333,0.2708333333333333,5.417131217838765,0.35,3.500300171526587
2020-03-13,72,6885750,1126,1020,0.00016352612278981956,0.00863430990202445,0.8376482318833285,0.0009057776424269504,0.09502664298401421,0.015538774324716816,95.02319298971474,0.012745098039215686,12.744635321453588,0.11190053285968028,0.00914899796688934,55.94823512478532,0.025490196078431372,12.744635321453588,0.152753108348135,0.004995788434168869,30.55039983177468,0.06470588235294118,12.941082500559547,0.20603907637655416,0.0033692526649045863,20.603758026080598,0.12352941176470589,12.35285147780684,0.261101243339254,0.002134812695600398,13.054872574360958,0.1843137254901961,9.215552439380161,0.40763765541740676,0.001333178425164832,8.152693908595685,0.346078431372549,6.9215183677235155,0.5799289520426287,0.0009483298212696001,5.79925583197793,0.5362745098039216,5.362713945505676,0.1343522416999825,0.7665690443592139,0.12714776632302405,12.672394043528065,0.25773195876288657,5.15508125408923,0.36769759450171824,3.6772912945836507
2020-03-14,73,6885750,1174,924,0.0001704970409904513,0.038097227667645436,0.8492054441597939,0.0011407176723606922,0.217206132879046,0.037031658437409236,217.19824709147414,0.024891774891774892,24.89087118225951,0.24616695059625213,0.020984606447865234,123.07900668516868,0.046536796536796536,23.267553496459975,0.3040885860306644,0.010369165529059804,60.81727558920234,0.11688311688311688,23.376453631471204,0.35689948892674617,0.006084986493944059,35.6896897365207,0.1829004329004329,18.289910480178857,0.3986371379897785,0.0033982979464985915,19.93171216788984,0.23593073593073594,11.796451138103526,0.5093696763202725,0.0017369128842338849,10.187349141919482,0.37662337662337664,7.532434714976127,0.641396933560477,0.0010935627927241042,6.4139693356047704,0.5443722943722944,5.443722943722944,0.22273374464098258,0.7931591568623579,0.18027210884353742,17.967120181405896,0.3197278911564626,6.395106241467428,0.4421768707482993,4.4221479329296045
2020-03-15,74,6885750,1182,980,0.00017165886069055657,0.022542254131937868,0.8179667209103506,0.0006559134298295797,0.15313028764805414,0.026285216381063025,153.12472816912415,0.004081632653061225,4.081484467153111,0.18104906937394247,0.015538774324716816,90.52124814417836,0.018367346938775512,9.1833400510945,0.20473773265651438,0.007028958145749223,40.94724919804798,0.04183673469387755,8.367286180788502,0.22081218274111675,0.0037904092480176596,22.081057935310998,0.06020408163265306,6.020364447152702,0.2859560067681895,0.0024543084731732468,14.297592698098718,0.13877551020408163,6.938674741591489,0.4373942470389171,0.0015016454199814691,8.747846827950424,0.32142857142857145,6.428543420539969,0.5862944162436549,0.0010064248536109303,5.862935647843878,0.5010204081632653,5.010196805450965,0.1651582423329457,0.7477314313026046,0.14006514657980457,13.959826275787188,0.2703583061889251,5.407629860152754,0.38436482084690554,3.8439778523977406
2020-03-16,75,6885750,1041,824,0.00015118178847620085,0.018058311242602914,0.7860846235919333,0.0006611322350077157,0.1873198847262248,0.02831832704037177,187.31308397525447,0.010922330097087379,10.921933555913363,0.22670509125840538,0.017136218414173687,113.3484303029745,0.038834951456310676,19.4167707660682,0.28434197886647455,0.008597403351825496,56.86798283365265,0.0970873786407767,19.417334731642747,0.3208453410182517,0.004850562026198844,32.084301125743224,0.14320388349514562,14.320284364586525,0.36983669548511044,0.0027956286533783537,18.491834774255523,0.20509708737864077,10.254854368932039,0.425552353506244,0.0012866985001103715,8.510935828179626,0.27427184466019416,5.485365196893718,0.48895292987512007,0.0007392024165674287,4.889493794312365,0.35436893203883496,3.543663588524802,0.18208179688032322,0.7325992298137318,0.13803680981595093,13.757668711656443,0.3067484662576687,6.135495480327058,0.37423312883435583,3.742652242999506
2020-03-17,76,6885750,1282,1054,0.0001861816069418727,0.01502766774164209,0.784872362059992,0.0010452256740186476,0.16770670826833073,0.031222770839384257,167.7006195844697,0.016129032258064516,16.128446684717943,0.20202808112324494,0.018806273598605868,101.01037319157594,0.03700189753320683,18.500277079529404,0.2620904836193448,0.009759214615585697,52.41771609927396,0.10246679316888045,20.49320982493301,0.3221528861154446,0.0059978506491620434,32.215054686012124,0.17552182163187854,17.552054711169475,0.3658346333853354,0.003405583995933631,18.29173166926677,0.2286527514231499,11.432637571157494,0.45553822152886114,0.0016962542987266475,9.11075119926444,0.3377609108159393,6.75520840590103,0.5273010920436817,0.00098173764658897,5.273010920436818,0.4250474383301708,4.250474383301707,0.16375869746888344,0.7029521134890331,0.1175,11.710833333333335,0.275,5.500471698113208,0.34,3.400291595197256
2020-03-18,77,6885750,1383,1160,0.000200849580655702,0.014619776852009051,0.812187749084182,0.0010668627236065595,0.14895155459146783,0.029915771129828638,148.94614682372924,0.01206896551724138,12.068527346840666,0.1749819233550253,0.01757188498402556,87.48778527024872,0.02413793103448276,12.068527346840666,0.2313810556760665,0.009294490110081616,46.27587510881742,0.0853448275862069,17.068841574013888,0.26898047722342733,0.00540242237648494,26.897852407000126,0.13017241379310346,13.017146856949985,0.3362255965292842,0.003376538503430999,16.811279826464208,0.2103448275862069,10.517241379310345,0.46637744034707157,0.0018734315456826842,9.327535260798657,0.3646551724137931,7.293092856702168,0.571945046999277,0.00114874255532045,5.7194172453346255,0.49051724137931035,4.905143919328917,0.20767266969815915,0.761218870116187,0.12646370023419204,12.604215456674474,0.3091334894613583,6.183200035349742,0.40046838407494145,4.005027295624265
2020-03-19,78,6885750,1255,1023,0.00018226046545401735,0.027246223952259684,0.8548419695763663,0.0012264993226928753,0.17051792828685258,0.031077548649433632,170.51173754010966,0.01466275659824047,14.66222425883449,0.20159362549800797,0.018370607028753993,100.79315326553213,0.028347996089931573,14.173483450206675,0.25737051792828686,0.009381625954863632,51.47372981569901,0.09090909090909091,18.181686157810937,0.3083665338645418,0.005620261988439978,30.836429471633927,0.15249266862170088,15.249156132357559,0.38645418326693226,0.0035217403932731126,19.322568854964413,0.24731182795698925,12.365501607328405,0.5490039840637451,0.002001225714443389,10.980031843210014,0.4467253176930596,8.934467427960188,0.6581673306772908,0.0011995788403587118,6.581673306772909,0.5806451612903226,5.806451612903225,0.22678352159228318,0.8113361266294227,0.140625,14.015625,0.359375,7.188116423670668,0.4609375,4.609770315180103
2020-03-20,79,6885750,1187,820,0.0001723849980031224,0.04587640250126962,0.8743280109136186,0.0009762262212759089,0.2889637742207245,0.04981121115306419,288.9532832326973,0.01707317073170732,17.072550880896554,0.3117101937657961,0.026866105140865525,155.849438478277,0.02804878048780488,14.023881080736453,0.36225779275484415,0.012489471085422173,72.45103245698881,0.07682926829268293,15.365742082149973,0.413647851727043,0.007130616631328241,41.36448480974594,0.15121951219512195,15.12184141417934,0.4970513900589722,0.004284210144138256,24.852569502948608,0.27195121951219514,13.597560975609756,0.6310025273799494,0.0021754915913909786,12.619958909368517,0.4658536585365854,9.317005516478238,0.7017691659646167,0.001209744762734633,7.017691659646166,0.5682926829268292,5.682926829268292,0.2880260875593145,0.8402587549424614,0.19021739130434784,18.958333333333332,0.41032608695652173,8.207225557461406,0.5244565217391305,5.245015008576329
2020-03-21,80,6885750,1174,901,0.0001704970409904513,0.015108485873459575,0.8673115673634085,0.0009537709891307703,0.18654173764906304,0.031803659599186754,186.53496514914838,0.004439511653718091,4.439350474816925,0.22402044293015333,0.019096717978507115,112.00615487266215,0.016648168701442843,8.323782140281732,0.27512776831345825,0.009381625954863632,55.025154104516396,0.05549389567147614,11.0986985425039,0.34497444633730834,0.005881669522786024,34.49719413673242,0.146503884572697,14.650282076105148,0.4386712095400341,0.003739607159713902,21.933560477001706,0.2685904550499445,13.429522752497226,0.5579216354344123,0.0019024714701892887,11.158384093574016,0.4239733629300777,8.479430315217106,0.6448040885860307,0.001099370294637048,6.448031521547745,0.537180910099889,5.371801299668171,0.263514139707235,0.8334688069449847,0.14871794871794872,14.822222222222223,0.37435897435897436,7.487821612349914,0.5076923076923077,5.077358490566038
2020-03-22,81,6885750,1368,1162,0.00019867116871800458,0.015008925374502567,0.8591875107490741,0.0015667917495453129,0.12792397660818713,0.025413883241359278,127.91933225817957,0.004302925989672977,4.302769769589124,0.15716374269005848,0.015611385419692128,78.57901838716745,0.019793459552495698,9.896370470054984,0.23026315789473684,0.009149263702111592,46.05229717603428,0.09466437177280551,18.93273687689435,0.3128654970760234,0.006215690261117081,31.286322525940747,0.19104991394148021,19.104852666684298,0.42178362573099415,0.004189812293504702,21.089181286549707,0.3192771084337349,15.963855421686748,0.543859649122807,0.002160975227207375,10.877145592648526,0.4629948364888124,9.259856386212862,0.631578947368421,0.0012547561648610184,6.3157436127132724,0.5662650602409639,5.66260948408931,0.22338724422010708,0.8216486652610927,0.12781954887218044,12.739348370927319,0.3333333333333333,6.667238421955403,0.47869674185463656,4.787377964637151
2020-03-23,82,6885750,1757,1537,0.0002551646516356243,0.009481338694415628,0.8562932501380454,0.0020863669202902534,0.08764940239043825,0.022364217252396165,87.64622023089748,0.00520494469746259,5.204755729095705,0.12293682413204325,0.015683996514667443,61.466180421668376,0.018217306441119064,9.108322525917485,0.2083096186681844,0.010630573063405849,41.66162121306023,0.09629147690305791,19.258155539958494,0.29197495731360273,0.007450114728862296,29.19728371898893,0.19063109954456733,19.06297153110756,0.3881616391576551,0.004952220511777862,19.407941029581337,0.30058555627846456,15.029168681521663,0.5310187820147979,0.002709940514917743,10.620360216616305,0.4638906961613533,9.277800449312895,0.6476949345475241,0.001652683723098506,6.476930532911518,0.5972674040338322,5.972656692462803,0.23018828604827107,0.8280931275171832,0.12121212121212122,12.080808080808081,0.3181818181818182,6.36418213004834,0.4696969696969697,4.697372524559489
2020-03-24,83,6885750,1751,1495,0.00025429328686054535,0.011386196949043276,0.8585772903463179,0.0018469037228332368,0.1182181610508281,0.030060993319779263,118.21386907576816,0.014046822742474917,14.046312764884789,0.14563106796116504,0.018515829218704618,72.81289037275575,0.026755852842809364,13.377440728461703,0.2107367218732153,0.010717708908187865,42.1470383292716,0.0782608695652174,15.652060257593764,0.2958309537407196,0.007522727932847309,29.582880561738065,0.17525083612040135,17.524956356793016,0.36036550542547113,0.0045819264422902375,18.01827527127356,0.2508361204013378,12.54180602006689,0.5356938892061679,0.002724463240078074,10.713862224653111,0.4561872909698997,9.123732569232697,0.6613363792118789,0.0016817193619922712,6.61330616609839,0.6033444816053511,6.0333922431987626,0.2584240795882604,0.84870232519354,0.12527964205816555,12.4862043251305,0.378076062639821,7.562169753761497,0.5346756152125279,5.347214707541413
2020-03-25,84,6885750,1718,1412,0.000249500780597611,0.012771076046218306,0.8692350406380407,0.0014362128308927696,0.12165308498253784,0.03035143769968051,121.64866830068398,0.007082152974504249,7.081895853063118,0.15657741559953434,0.01953238454835899,78.2858654853684,0.015580736543909348,7.79008543836943,0.20954598370197905,0.01045630137384182,41.908892424290634,0.04603399433427762,9.206732013339106,0.2828870779976717,0.007058003427343228,28.288502386396175,0.12960339943342777,12.960245834161972,0.3416763678696158,0.004262426024761282,17.08381839348079,0.1990084985835694,9.95042492917847,0.5436554132712457,0.002712821421413862,10.872997731373982,0.4447592067988669,8.895093709145163,0.6752037252619325,0.0016846361185983828,6.752027446821196,0.6048158640226629,6.048149856652063,0.2728700268064993,0.8511659774537934,0.13100436681222707,13.056768558951964,0.37336244541484714,7.467889324155288,0.5502183406113537,5.502655291482843
2020-03-26,85,6885750,1235,902,0.00017935591620375413,0.02629329759314925,0.8637574266188726,0.0011970191394660953,0.2,0.03586988091780424,199.99273889050247,0.017738359201773836,17.737715200931483,0.24696356275303644,0.02214638396747023,123.4772983028406,0.031042128603104215,15.520500800815048,0.3133603238866397,0.011240523976879956,62.67160969538555,0.06873614190687362,13.747128558344855,0.40728744939271255,0.007304888320892271,40.728449194804824,0.188470066518847,18.846869797730847,0.5020242914979757,0.004502051337907998,25.101214574898783,0.3181818181818182,15.909090909090908,0.6048582995951417,0.002169688836994502,12.097113286910842,0.458980044345898,9.179560893187894,0.6866396761133603,0.00123151815109624,6.866336930292254,0.5709534368070953,5.709484617633157,0.22944328402486106,0.8163444783433543,0.14565826330532214,14.517273576097105,0.3753501400560224,7.507646626403564,0.5014005602240896,5.014435619874022
2020-03-27,86,6885750,1521,1105,0.00022089097048251825,0.04461616387434107,0.8946051999641479,0.0019519182649605437,0.23865877712031558,0.052715654952076675,238.65011248274948,0.027149321266968326,27.14833559599581,0.29520052596975677,0.03260238164391519,147.5949042765214,0.058823529411764705,29.41069689566213,0.3504273504273504,0.015481135089604693,70.08496117241651,0.10950226244343891,21.90029346248539,0.42340565417488496,0.009352580673269627,42.34025796907714,0.2072398190045249,20.723831416979976,0.5193951347797502,0.005736484769269869,25.96975673898751,0.3384615384615385,16.923076923076923,0.6666666666666666,0.0029452086625151035,13.333313969699786,0.5411764705882353,10.823513693050415,0.7495069033530573,0.0016555858595540375,7.4950363789771295,0.6552036199095023,6.552007653151648,0.26407308282230035,0.8155637119062398,0.15885416666666666,15.832465277777777,0.375,7.500643224699828,0.5104166666666666,5.104604416809605
2020-03-28,87,6885750,2153,1688,0.00031267472679083615,0.020138391577793204,0.8574641654092579,0.0019720667661231595,0.1607059916395727,0.05024687772291606,160.70015712056167,0.009478672985781991,9.478328857369785,0.20947515095215977,0.03274760383386582,104.73377292105971,0.032582938388625596,16.290877723604318,0.2768230376219229,0.017310987830027012,55.364205504230604,0.08708530805687204,17.416935140509647,0.3339526242452392,0.010441778733044816,33.39501993082366,0.15106635071090047,15.106525376972654,0.42405945192754296,0.0066295373846366095,21.202664675458212,0.26540284360189575,13.269949463985954,0.5647933116581514,0.003531926758992471,11.295849828486952,0.44490521327014215,8.898091342930575,0.665118439386902,0.002079651222739069,6.651165075232487,0.5728672985781991,5.728656346617495,0.2775872963991483,0.8082152877370726,0.1252302025782689,12.481276856967465,0.3443830570902394,6.888251850307515,0.49355432780847147,4.93596656653052
2020-03-29,88,6885750,2554,2177,0.0003709109392586138,0.017381596665422307,0.8295275539430071,0.0020612087694781207,0.12372748629600626,0.04589021202439733,123.72299430187702,0.0036747818098300414,3.6746483948645374,0.1499608457321848,0.027810049375544585,74.9777006607894,0.01929260450160772,9.645952036519411,0.19224745497259202,0.014261233262656482,38.44921180044513,0.05604042259990813,11.208003134488871,0.25019577133907595,0.009279967469284615,25.01939545874179,0.1208084519981626,12.08075747692858,0.350822239624119,0.006506190320589624,17.54111198120595,0.2388608176389527,11.943040881947635,0.485512920908379,0.0036016253786789586,9.710216112466187,0.39641708773541573,7.928307212470159,0.5931871574001566,0.0022001960570743927,5.9318715740015655,0.5227377124483233,5.227377124483233,0.24767500229177802,0.7828314949025509,0.09868421052631579,9.835526315789473,0.28618421052631576,5.72417509253408,0.4029605263157895,4.029950855376004
2020-03-30,89,6885750,2264,1868,0.00032879497512979704,0.01774427633701788,0.8160861901397258,0.001297531789981381,0.13250883392226148,0.04356665698518734,132.50402311649898,0.006423982869379015,6.42374964316389,0.16386925795053003,0.026938716235840838,81.93165429370188,0.011777301927194861,5.888437172900233,0.20185512367491165,0.01327369368846031,40.37073158803692,0.03640256959314775,7.280461052485322,0.24823321554770317,0.00816172412791542,24.823141304679154,0.08886509635974305,8.886445108180613,0.338339222614841,0.005562211814254076,16.91696113074205,0.1980728051391863,9.903640256959315,0.4381625441696113,0.002881308671809648,8.763238156763817,0.31905781584582443,6.381147049738549,0.5441696113074205,0.0017891997397527651,5.4416882102485,0.4475374732334047,4.475368232870324,0.26920204129946446,0.796673451789314,0.11367380560131796,11.329489291598025,0.2915980230642504,5.832460629420625,0.4332784184514003,4.333155778354871
2020-03-31,90,6885750,1752,1390,0.0002544385143230585,0.018735748525321876,0.8703452459818264,0.0011852865708194959,0.1506849315068493,0.038338658146964855,150.67946080791282,0.0035971223021582736,3.5969917066637134,0.18207762557077625,0.0231629392971246,91.03550757144733,0.007913669064748202,3.9566908773300846,0.22945205479452055,0.011676203200790032,45.89007773392692,0.033093525179856115,6.618656975433334,0.2950913242009132,0.007508205292050306,29.50891814482614,0.11223021582733812,11.222940088778262,0.3789954337899543,0.004821516744604839,18.949634089134,0.21726618705035972,10.86323047054819,0.4857305936073059,0.0024717678222883166,9.714597763882292,0.35179856115107916,7.035961004873952,0.6198630136986302,0.001577170242892931,6.198630136986301,0.520863309352518,5.20863309352518,0.2802853507395694,0.847310197162994,0.12831858407079647,12.789085545722715,0.37389380530973454,7.478517433476525,0.5199115044247787,5.199560937476282
2020-04-01,91,6885750,1532,1219,0.00022248847257016303,0.013280406132748702,0.8870789441197279,0.0008616489385485211,0.14947780678851175,0.033255881498693,149.47237991489902,0.004101722723543888,4.101573808254767,0.18733681462140991,0.02083938425791461,93.66500662789524,0.017227235438884332,8.613304997335012,0.22519582245430808,0.010020622149931744,45.038837447057766,0.03609515996718622,7.218979573732971,0.2643603133159269,0.005881669522786024,26.435839371099124,0.07629204265791632,7.629148867695073,0.31592689295039167,0.0035144790728746113,15.79622994519997,0.140278917145201,7.013894926751922,0.41449086161879894,0.001844380738275112,8.289781115259695,0.2641509433962264,5.282995850842071,0.5724543080939948,0.0012736429965610188,5.724534767343364,0.46267432321575064,4.626736512865471,0.27366114479430625,0.8682301654121005,0.15089514066496162,15.03921568627451,0.3887468030690537,7.775602865502977,0.5626598465473146,5.627081021087681
2020-04-02,92,6885750,1549,1244,0.00022495733943288677,0.013226546819944366,0.8858991841444926,0.001022899434842879,0.1407359586830213,0.03165843740923613,140.7308491869901,0.007234726688102894,7.234464027389559,0.17688831504196256,0.01989544002323555,88.44094650742039,0.01929260450160772,9.645952036519413,0.2278889606197547,0.010252984402683784,45.577461168999264,0.04742765273311897,9.485461669147346,0.27307940606843123,0.006143077057132069,27.307742315136956,0.09646302250803858,9.646232205912556,0.33247256294383476,0.003739607159713902,16.623628147191738,0.16881028938906753,8.440514469453378,0.4615881213686249,0.0020767496979273168,9.23174902033765,0.3295819935691318,6.5916302985252155,0.6145900581020013,0.001382565443125295,6.145900581020013,0.520096463022508,5.200964630225081,0.2511932212028802,0.8389589692410705,0.13881748071979436,13.835475578406172,0.39331619537275064,7.866998549299564,0.5269922879177378,5.2703748451189885
2020-04-03,93,6885750,1458,1204,0.0002117416403441891,0.010815813731684954,0.811582333787214,0.0006941163962676354,0.11865569272976681,0.02512343886145803,118.65138486987972,0.0008305647840531562,0.8305346299439471,0.16323731138545952,0.01728144060412431,81.61569248274964,0.014119601328903655,7.059544354523551,0.21742112482853224,0.009207354265299603,43.48390921281669,0.05564784053156146,11.129487290952376,0.26337448559670784,0.00557669406604897,26.33725731501831,0.10880398671096346,10.88031966503553,0.3065843621399177,0.0032458337871691537,15.329218106995883,0.1611295681063123,8.056478405315614,0.3717421124828532,0.001574263407379868,7.434831452240004,0.23920265780730898,4.784046208397265,0.4547325102880658,0.0009628482882213012,4.547278875596588,0.33970099667774084,3.39697543338884,0.2231905682382514,0.7894964947442304,0.14285714285714285,14.238095238095239,0.3333333333333333,6.667238421955403,0.43609022556390975,4.361276260978347
2020-04-04,94,6885750,1302,1012,0.00018908615619213592,0.019417913079692685,0.8500045847230236,0.000904274595918238,0.16666666666666666,0.031513215219285504,166.66061574208538,0.00691699604743083,6.9167449221023585,0.21044546850998463,0.01989544002323555,105.21891408601704,0.020750988142292492,10.375117383153537,0.27880184331797236,0.010543437218623835,55.75996376969207,0.07707509881422925,15.414907829448403,0.337173579109063,0.006375439309884109,33.71711307836752,0.14723320158102768,14.72321324735777,0.39631336405529954,0.00374686853283956,19.81566820276498,0.22332015810276679,11.16600790513834,0.47772657450076805,0.0018066270099451622,9.554517614231875,0.32806324110671936,6.561255293389816,0.5768049155145929,0.0010906534916886685,5.768024024881144,0.45553359683794464,4.555316121669408,0.25996311890171947,0.8080299958793454,0.1511627906976744,15.065891472868216,0.3627906976744186,7.256436235988671,0.4441860465116279,4.442241413698192
2020-04-05,95,6885750,1118,954,0.00016236430308971426,0.013039163343868891,0.8184044984173102,0.0006380169199702594,0.1001788908765653,0.01626488527446994,100.17525382708533,0.0010482180293501049,1.048179973220663,0.11627906976744186,0.00943944234679059,58.1374240960763,0.005241090146750524,2.620449933051657,0.17889087656529518,0.005809056318801011,35.77791551626481,0.04821802935010482,9.643535844708945,0.23881932021466906,0.0038775450927996747,23.88175860710676,0.1111111111111111,11.11103042977335,0.29964221824686943,0.002432559997095451,14.98211091234347,0.18134171907756813,9.067085953878408,0.37835420393559926,0.0012286118428887192,7.56700715310465,0.27358490566037735,5.471642488914736,0.49821109123434704,0.0008089110923930407,4.982074735639875,0.4140461215932914,4.140431150717428,0.16140553694838597,0.8128191135456841,0.0893719806763285,8.907407407407407,0.28019323671497587,5.604345340194397,0.39371980676328505,3.9375357347055457
2020-04-06,96,6885750,1105,944,0.00016047634607704316,0.01296467795630093,0.785250996932123,0.0004586660169998495,0.12760180995475112,0.02047632878303805,127.59717730118032,0.0031779661016949155,3.1778507238956957,0.14027149321266968,0.011254719721173395,70.13320028965585,0.006355932203389831,3.1778507238956957,0.16832579185520363,0.00540242237648494,33.66491391753953,0.03072033898305085,6.1440231825653475,0.2081447963800905,0.003340207383310581,20.81432849740347,0.07521186440677965,7.521131826933443,0.25429864253393664,0.002040431031978855,12.714839799500815,0.1292372881355932,6.461817485111831,0.3248868778280543,0.0010427256092247815,6.497690374406823,0.2108050847457627,4.216071080450015,0.45339366515837104,0.0007275874738772861,4.533923482579659,0.361228813559322,3.6122776435548984,0.13347146674002022,0.8027977177891029,0.07211538461538461,7.187499999999999,0.24759615384615385,4.952347770154374,0.38221153846153844,3.8224431818181817
2020-04-07,97,6885750,895,764,0.0001299785789492793,0.010745958621417293,0.7458979633334861,0.0003483476991495433,0.13631284916201117,0.017717107173976183,136.30790024939276,0.006544502617801047,6.544265016050473,0.15195530726256984,0.009875108916642464,75.97489522097301,0.011780104712041885,5.889838514445426,0.18100558659217877,0.0047053356182288186,36.20085445052412,0.04319371727748691,8.63868072681331,0.21452513966480447,0.002788347033024485,21.452358192903183,0.08115183246073299,8.115124319127657,0.2569832402234637,0.0016701036916552906,12.84906870929097,0.13089005235602094,6.54445509607069,0.32737430167597764,0.000851026750704348,6.547438490125659,0.21204188481675393,4.240806902253808,0.423463687150838,0.0005504112835765406,4.234630721661636,0.32460732984293195,3.246068584246283,0.1568420621663322,0.7837410956821291,0.10485933503836317,10.450980392156863,0.27621483375959077,5.524770457067905,0.37851662404092073,3.785490868731712
2020-04-08,98,6885750,817,665,0.00011865083687325273,0.025812638156944654,0.7644229975494354,0.00034753569300876734,0.15055079559363524,0.01786232936392681,150.54532976457654,0.0015037593984962407,1.5037048036879885,0.18604651162790697,0.01103688643624746,93.0198785537221,0.016541353383458645,8.270376420283936,0.23745410036719705,0.0056347846292369805,47.49047522737887,0.06466165413533835,12.932236921270036,0.2668298653610771,0.003165889716667393,26.682405283405753,0.09924812030075188,9.924595831494827,0.29865361077111385,0.001771775042660567,14.932680538555692,0.13834586466165413,6.917293233082707,0.3671970624235006,0.0008713609787126512,7.3439092523508425,0.22255639097744362,4.451108426853406,0.4602203182374541,0.0005460552590494862,4.602203182374541,0.3368421052631579,3.3684210526315788,0.13710296449449136,0.77019599508289,0.08290155440414508,8.26252158894646,0.25647668393782386,5.129973604457914,0.37305699481865284,3.73088989415121
2020-04-09,99,6885750,542,458,7.87132846821334e-05,0.005789409383749162,0.7109648216937353,0.000334965901119396,0.12177121771217712,0.009584664536741214,121.76679674144984,0.015283842794759825,15.283287906479446,0.17158671586715868,0.006752831832704038,85.79024315874875,0.04585152838427948,22.92493185971917,0.23062730627306274,0.0036306601992506316,46.12512632285984,0.08951965065502183,17.903800124831292,0.28413284132841327,0.002236486682738389,28.413077814881664,0.15283842794759825,15.28373181388037,0.3173431734317343,0.0012489561776131866,15.867158671586715,0.19213973799126638,9.606986899563319,0.34870848708487084,0.0005489590110605074,6.974159613302378,0.2292576419213974,4.5851461795364985,0.4040590405904059,0.00031804814290382314,4.04059040590406,0.29475982532751094,2.9475982532751086,0.0765935759777408,0.7098336550697482,0.06369426751592357,6.348195329087049,0.1910828025477707,3.821983808764244,0.29936305732484075,2.993887316865324
2020-04-10,100,6885750,851,757,0.0001235885705987002,0.01237311155904292,0.7329317474706807,0.0005082642240610408,0.1045828437132785,0.012924774905605577,104.57904677587968,0.017173051519154558,17.172428042117122,0.12925969447708577,0.007987220447284345,64.62750081655486,0.036988110964332896,18.4933840453569,0.17508813160987075,0.004327746957506753,35.01737204776983,0.07661822985468957,15.323534701034847,0.21739130434782608,0.0026866885474454674,21.738972579991337,0.1202113606340819,12.021048774087681,0.26556991774383076,0.0016410584100612856,13.278399467778494,0.17437252311756934,8.718562847140515,0.3325499412455934,0.0008219814691103431,6.650950529878432,0.24966974900924702,4.993358721544114,0.40540540540540543,0.0005010325627597745,4.054036391331513,0.33157199471598414,3.3157055012149503,0.10876120913570557,0.7315927657778881,0.07397959183673469,7.373299319727892,0.22193877551020408,4.439156194210103,0.32908163265306123,3.2910985577764555
2020-04-11,101,6885750,1280,1142,0.0001858911520168464,0.015537546716287307,0.7802718608649251,0.000843839428790571,0.08359375,0.015538774324716816,83.5907150831397,0.00788091068301226,7.8806245622352105,0.11171875,0.010383386581469648,55.8573469948083,0.03064798598949212,15.323436648790688,0.178125,0.006622324203433152,35.6247413154608,0.08756567425569177,17.513007682655015,0.23671875,0.004400360161491766,23.671703110931194,0.14623467600700527,14.62336141501694,0.275,0.0025559476611626657,13.749700474883458,0.18739054290718038,9.36932304290737,0.32734375,0.0012170043684357282,6.546865492153371,0.24605954465849386,4.921183746259597,0.425,0.0007900328066932044,4.249975311474791,0.3555166374781086,3.5551457225894,0.14612409727436101,0.775877338599671,0.06309751434034416,6.288718929254302,0.21223709369024857,4.245105916847321,0.3231357552581262,3.231634684446835
2020-04-12,102,6885750,1630,1523,0.00023672076389645282,0.008215722258476126,0.7388529306747361,0.0010153984130271553,0.06012269938650307,0.014231774615161197,60.120516598985404,0.010505581089954037,10.505199679080892,0.0834355828220859,0.009875108916642464,41.7162768237858,0.026920551543007223,13.459787088822392,0.149079754601227,0.007058003427343228,29.81573441707278,0.08995403808273145,17.99067697952796,0.18527607361963191,0.004385837520694763,18.527472827069918,0.12803676953381485,12.803583981780847,0.22269938650306748,0.0026358784446138765,11.134969325153374,0.1680892974392646,8.40446487196323,0.29325153374233126,0.0013883644601934415,5.864988086979748,0.24359816152330926,4.871927853580199,0.3773006134969325,0.0008931424090156554,3.7729787379629136,0.3335521996060407,3.3354977757664974,0.1443300428894716,0.7521957701672404,0.05582922824302135,5.564313081554461,0.17733990147783252,3.5471022146363724,0.2955665024630542,2.955918512196977
2020-04-13,103,6885750,1906,1751,0.0002768035435500853,0.006207850737018975,0.7755898267586386,0.0014114773626959058,0.06505771248688352,0.018007551553877434,65.0553505310134,0.006853226727584237,6.852977917435835,0.08656873032528856,0.011980830670926517,43.2827937000694,0.01770416904625928,8.85176314335462,0.14795383001049317,0.008190769409509425,29.59055113406586,0.07252998286693318,14.505891240697816,0.21038824763903463,0.005823578959598013,21.038671994256045,0.14049114791547687,14.049012776423869,0.276495278069255,0.0038266880632020737,13.824563132840336,0.21245002855511136,10.62234716210314,0.3898216159496327,0.0021580581542938967,7.796353061872613,0.33580810965162766,6.716093917743115,0.48898216159496327,0.0013535160192687237,4.889807413263177,0.4437464306110794,4.437451417314606,0.20815925226594661,0.7705976911825002,0.07164634146341463,7.140752032520325,0.22713414634146342,4.543072522277538,0.37652439024390244,3.7655668221562144
2020-04-14,104,6885750,2145,1845,0.0003115129070907309,0.013280363346550339,0.836401172361661,0.001708011759238662,0.11235431235431236,0.03499854777810049,112.35023326948972,0.005962059620596206,5.961843164757526,0.1337995337995338,0.02083938425791461,66.8973380671028,0.013550135501355014,6.774821778133552,0.17435897435897435,0.01086293531615789,34.87154165651943,0.04336043360433604,8.672023750067003,0.23216783216783216,0.007232275116907258,23.216614632281654,0.1073170731707317,10.731629390707917,0.3305361305361305,0.005148313546091566,16.526806526806524,0.221680216802168,11.0840108401084,0.5034965034965035,0.0031369086346314714,10.069915445647391,0.42276422764227645,8.455272273468156,0.6139860139860139,0.001912631792965233,6.139815556368462,0.551219512195122,5.51215509613634,0.2974520743251985,0.8200036003375103,0.109717868338558,10.935214211076278,0.3213166144200627,6.4268834318222146,0.47492163009404387,4.749623609371051
2020-04-15,105,6885750,1959,1668,0.00028450059906328284,0.010145428587308805,0.8516666855564295,0.0014651655632325425,0.1031138335885656,0.02933488237002614,103.11008998438362,0.0005995203836930455,0.5994986177772855,0.12557427258805512,0.01786232936392681,62.78485677266924,0.0017985611510791368,0.8992479266659282,0.16743236345074017,0.009526852362833658,33.48622953414082,0.02817745803357314,5.635450685604469,0.22460438999489535,0.0063899619506811115,22.46027590704567,0.08932853717026379,8.932788852713466,0.3164880040837162,0.004502051337907998,15.82440020418581,0.19724220623501199,9.8621103117506,0.5171005615109749,0.0029423041174830374,10.341996210800831,0.43285371702637887,8.657061768096444,0.6263399693721287,0.001781933201467372,6.263372405310851,0.5611510791366906,5.61148634310923,0.27906346793505976,0.8281760576726533,0.1134020618556701,11.302405498281788,0.35051546391752575,7.010910505561352,0.5017182130584192,5.0176124206468495
2020-04-16,106,6885750,1449,1225,0.00021043459318157063,0.006154159945484967,0.8437929005186842,0.0008231729564495223,0.08281573498964803,0.017426662794074933,82.81272831904863,0.0,0.0,0.11594202898550725,0.012198663955852455,57.96890982333405,0.0032653061224489797,1.6325937868612448,0.158040027605245,0.006651369485027157,31.607776005193752,0.014693877551020407,2.938754170813523,0.19461697722567287,0.004095384704754713,19.461556404944627,0.04816326530612245,4.816291557722162,0.2629399585921325,0.0027665831608757216,13.146997929606625,0.12816326530612246,6.408163265306122,0.45962732919254656,0.001934426991356074,9.192533233768176,0.36081632653061224,7.216316050539558,0.5728088336783989,0.0012053791861512098,5.728046743299305,0.4946938775510204,4.946902854202763,0.22724398900716497,0.8210057739515264,0.10967741935483871,10.931182795698923,0.35053763440860214,7.011353953411165,0.5010752688172043,5.011182426824544
2020-04-17,107,6885750,966,766,0.00014028972878771376,0.0060962942006693,0.8097392136482622,0.00042103988630738567,0.13561076604554864,0.019024106883531802,135.60584262244214,0.005221932114882507,5.221742529778132,0.17701863354037267,0.01241649724077839,88.50610339098323,0.014360313315926894,7.179895978444931,0.2329192546583851,0.006535188358651137,46.58351267141001,0.04960835509138381,9.92159897384461,0.2784679089026915,0.00390659037439368,27.846588685798427,0.09138381201044386,9.13831484433056,0.31573498964803315,0.002214718803325709,15.786749482401657,0.1370757180156658,6.85378590078329,0.4026915113871636,0.0011298614540067966,8.053771746301553,0.24673629242819844,4.934690015938504,0.494824016563147,0.0006941822300967208,4.948204234874218,0.3629242819843342,3.629216466748423,0.1764498370144245,0.7923757413097381,0.09234828496042216,9.204045734388743,0.3034300791556728,6.069122046371013,0.44591029023746703,4.459485329724788
2020-04-18,108,6885750,1215,916,0.00017645136695349092,0.01940296173912099,0.8364394990488628,0.0008612131776983346,0.18436213991769548,0.03252977054893988,184.35544654926977,0.018558951965065504,18.558278172153614,0.23703703703703705,0.02091199535288992,118.51421563881627,0.03820960698689956,19.10410988309931,0.29958847736625516,0.01057248250021784,59.91726039166666,0.07860262008733625,15.720409865705527,0.351440329218107,0.006201167620320079,35.14377772972755,0.14192139737991266,14.192036684317488,0.4156378600823045,0.003666993428457321,20.781893004115226,0.2259825327510917,11.299126637554584,0.5218106995884774,0.001841476201679403,10.436168523221356,0.36572052401746724,7.31437861288997,0.5851851851851851,0.001032565758899526,5.851843353368239,0.4497816593886463,4.497810061831041,0.20535247736734055,0.8077578487272257,0.09574468085106383,9.542553191489363,0.3127659574468085,6.255855625707091,0.41702127659574467,4.170570417138061
2020-04-19,109,6885750,1894,1702,0.0002750608139999274,0.007427259076048234,0.8214118802096965,0.0014954369223146643,0.08289334741288279,0.02279988382224804,82.89033792452187,0.009400705052878966,9.400363755135253,0.10665258711721225,0.01466744118501307,53.32435751832299,0.023501762632197415,11.750454693919064,0.16050686378035903,0.008829765604577537,32.101139657718996,0.06874265569917744,13.748431307345875,0.22544878563885956,0.006201167620320079,22.544714858299358,0.13866039952996476,13.865939267237719,0.2946145723336853,0.004051846204117198,14.730728616684265,0.2156286721504113,10.781433607520563,0.4081309398099261,0.0022452067884829313,8.162583233261005,0.3419506462984724,6.838983129724465,0.4931362196409715,0.0013564166203151708,4.931333549807385,0.43654524089306695,4.365427049734942,0.16993863438155354,0.7827835135372443,0.07534246575342465,7.509132420091324,0.1952054794520548,3.904444418336897,0.3047945205479452,3.0482066072981038
2020-04-20,110,6885750,2566,2320,0.00037265366880877174,0.009982689730011946,0.8329175479658519,0.0021976564179230244,0.08378799688230709,0.031222770839384257,83.78495491320739,0.010775862068965518,10.775470845393452,0.10756040530007795,0.020040662213186174,53.77825013033776,0.022844827586206897,11.421999096117059,0.15315666406858924,0.011414795666443987,30.631110389796056,0.06422413793103449,12.844734315798329,0.22291504286827749,0.008306950535885446,22.291342421072958,0.14051724137931035,14.051622103859918,0.3043647700701481,0.005671132411138946,15.218238503507404,0.23060344827586207,11.530172413793103,0.44621979734996103,0.0033257040617157728,8.924382986344265,0.3875,7.749988744888,0.5284489477786438,0.0019692843916784665,5.284489477786439,0.47844827586206895,4.7844827586206895,0.1898767355939878,0.7774778474371788,0.0712166172106825,7.0979228486646875,0.19881305637982197,3.9766021448458044,0.31602373887240354,3.1605084210901353
2020-04-21,111,6885750,3378,3024,0.0004905783683694586,0.014585893219507606,0.8668158802730336,0.003856398361670219,0.08762581409117821,0.042985768225384836,87.62263278802358,0.013227513227513227,13.227032995403603,0.12078152753108348,0.029625326749927388,60.38857124580004,0.03141534391534392,15.70710168204178,0.16725873297809354,0.016410584100612854,33.45150369176879,0.07208994708994709,14.417884724348752,0.24393132030787448,0.011966656016730082,24.392954904440252,0.15641534391534392,15.64142081334165,0.37448194197750145,0.0091855036052194,18.72382517751317,0.30158730158730157,15.079146088752745,0.529603315571344,0.0051962159697231105,10.592020163860543,0.47453703703703703,9.490699391435038,0.6468324452338662,0.003173220055912573,6.4683244523386625,0.605489417989418,6.05489417989418,0.2544923982748998,0.794466468775592,0.08590604026845637,8.561968680089487,0.24966442953020135,4.993716831478007,0.3718120805369127,3.7184396836543225
2020-04-22,112,6885750,3315,2813,0.0004814290382311295,0.017369382440584582,0.8820643118542872,0.0034326521985451656,0.11101055806938159,0.0534417659018298,111.00652777029399,0.0067543547813722,6.754109560823937,0.1469079939668175,0.035361603252977054,73.45133019583311,0.025595449697831497,12.79726022050851,0.19728506787330316,0.018995614162479305,39.456727064643104,0.06256665481692143,12.513240100078908,0.2558069381598793,0.012315199395858142,25.58050806637412,0.12442232492001422,12.442142144964823,0.3695324283559578,0.008895182078931125,18.476621417797887,0.2573764664059723,12.868823320298613,0.5616892911010558,0.005408247141209856,11.233736878608076,0.4834696054034838,9.669349980414822,0.7288084464555052,0.0035086954943179755,7.288084464555053,0.6804123711340206,6.804123711340206,0.287475959779959,0.8004081650764351,0.0970873786407767,9.676375404530743,0.260748959778086,5.215426449352077,0.4077669902912621,4.0780196173125285
2020-04-23,113,6885750,2982,2238,0.0004330682932142468,0.029277725480739068,0.8991161830615748,0.0027688637500163436,0.1710261569416499,0.07406331687481847,171.0199477433874,0.00804289544235925,8.042603440636828,0.22937625754527163,0.04966598896311356,114.68396495733039,0.025915996425379804,12.957527765470447,0.29711602951039573,0.025734119492288477,59.42277441114198,0.07283288650580876,14.566471528576859,0.35144198524480214,0.015219727555258649,35.14394333119458,0.13717605004468275,13.717505396543237,0.4443326626425218,0.009621319391496932,22.216633132126088,0.25960679177837354,12.980339588918678,0.5892018779342723,0.005103270798660428,11.783986217932945,0.45263628239499554,9.052686206940509,0.7686116700201208,0.003328608606747839,7.686105537865168,0.6916890080428955,6.916880035219594,0.31891816569440923,0.817702017643118,0.12558139534883722,12.516279069767442,0.31007751937984496,6.2020822529817705,0.4294573643410853,4.294941960189877
2020-04-24,114,6885750,2504,1710,0.00036364956613295574,0.027396251873753483,0.9093641101889423,0.00214564095806452,0.1900958466453674,0.06912576241649725,190.08894511157985,0.0011695906432748538,1.1695481806462131,0.26677316293929715,0.04850421144350857,133.3817387967808,0.022222222222222223,11.110707716139025,0.3526357827476038,0.025646983647506463,70.52664442924026,0.07485380116959064,14.97065152643146,0.4073482428115016,0.014813093612942578,40.73452849253968,0.13625730994152047,13.625632053353634,0.4976038338658147,0.009047670914569945,24.880191693290733,0.2649122807017544,13.24561403508772,0.6565495207667732,0.004775072032716795,13.130971345558976,0.4976608187134503,9.953201919486418,0.7659744408945687,0.0027854627310024325,7.659744408945687,0.6578947368421053,6.578947368421051,0.354027386949022,0.8429304083309013,0.129783693843594,12.935108153078202,0.3627287853577371,7.255197883458957,0.49584026622296173,4.95882791117149
2020-04-25,115,6885750,2444,1761,0.00035493591838216607,0.025982958348218,0.9103890936296524,0.0021999863405279835,0.18821603927986907,0.06680220737728725,188.20920599351703,0.005110732538330494,5.110546990387626,0.2483633387888707,0.044074934650014524,124.17716091094006,0.022146507666098807,11.072851812506524,0.3146481178396072,0.022335821545789888,62.92916661576216,0.06814310051107325,13.628521140437499,0.3739770867430442,0.01327369368846031,37.39743711755956,0.1357183418512209,13.571735635685677,0.4644026186579378,0.008241658497621901,23.220130932896893,0.2572402044293015,12.862010221465077,0.6354337152209493,0.0045107584347987735,12.708655847960578,0.4940374787052811,9.880735224564576,0.7430441898527005,0.0026373230590042945,7.430420316505246,0.6433844406587166,6.433825719223497,0.396550540589733,0.8657872621405847,0.16396396396396395,16.341741741741743,0.4,8.000686106346484,0.5387387387387388,5.3878494274720685
2020-04-26,116,6885750,2866,2162,0.0004162219075627201,0.027544470478198465,0.899950150797176,0.002631736833850121,0.15736217725052337,0.06549520766773163,157.35646413052444,0.0032377428307123032,3.23762528268621,0.20655966503838102,0.042985768225384836,103.27608288832646,0.014338575393154487,7.169027411662323,0.2836706210746685,0.02361381393592611,56.73371225028025,0.06845513413506013,13.690927412079649,0.3600837404047453,0.014987365302506607,36.00811257213359,0.15911193339500462,15.911077803227702,0.43824145150034893,0.009120284645826525,21.912072575017444,0.2585568917668825,12.927844588344126,0.599092812281926,0.0049870893348320745,11.981804043028596,0.47178538390379277,9.435666568538469,0.7138869504535938,0.002971340937410141,7.138838401874347,0.623959296947271,6.239565784783527,0.35716243790463614,0.8546373275945236,0.14186851211072665,14.139561707035755,0.36505190311418684,7.301664223352543,0.49480968858131485,4.948521250897695
2020-04-27,117,6885750,3467,2734,0.00050350361253313,0.02926732890157097,0.9141295031227964,0.004004810248735202,0.1410441303720796,0.07101365088585536,141.03900968770654,0.005852231163130944,5.852018694674542,0.18950100951831556,0.04770548939878013,94.74706479020776,0.019385515727871252,9.692405963054709,0.25901355638880874,0.02608266287141654,51.80233512167766,0.07059253840526701,14.11840516204558,0.3510239400057687,0.017674053849952076,35.102139110847276,0.1803218727139722,18.032056333907956,0.4571675800403807,0.011509192831624503,22.858213020005316,0.31419166057059256,15.70946895621393,0.6054225555235073,0.006096640022306906,12.108433525699388,0.5007315288953914,10.01461603393508,0.7311796942601673,0.003681505481594651,7.311775705189031,0.6594732991953182,6.5947138372820495,0.4035444604920738,0.8749536246074328,0.17037037037037037,16.980246913580245,0.387037037037037,7.741404612159329,0.5351851851851852,5.352310844291976
2020-04-28,118,6885750,4341,3358,0.0006304324147696329,0.03312357782639557,0.9224407323243089,0.005013776222862105,0.13476157567380787,0.08495498112111531,134.75668308102274,0.003275759380583681,3.275640452345931,0.19695922598479612,0.06208248620389196,98.476037636132,0.019654556283502083,9.826921357037792,0.28081087307072106,0.03540619826309216,56.161766802600056,0.07891602144133412,15.783089681363574,0.36535360516010135,0.02303290830404601,36.535095221051556,0.18076235854675402,18.076104597335263,0.47592720571296937,0.015001996877609556,23.79636028564847,0.32281119714115547,16.140559857057774,0.6155263764109652,0.007760944325680826,12.310509649978519,0.5029779630732579,10.05954465224372,0.7270214236351071,0.004583372060600428,7.270203678018751,0.6471113758189398,6.47110436036874,0.4061240823674969,0.8810219960285169,0.15371024734982333,15.319787985865725,0.3992932862190813,7.986550618526083,0.5353356890459364,5.353816011976555
2020-04-29,119,6885750,5355,4014,0.0007776930617579785,0.05518128249280014,0.9165766727495329,0.0058290079976727055,0.1546218487394958,0.12024397327911705,154.61623510862375,0.0037369207772795215,3.7367851063247843,0.21755368814192344,0.08459192564623874,108.77289486808372,0.026407573492775286,13.203307375680906,0.3021475256769374,0.046995265619100175,60.42906633738917,0.08594917787742899,17.18971075458209,0.3792717086834734,0.029495483458712134,37.92689546700785,0.17588440458395616,17.588312743094136,0.48366013071895425,0.01880695639545438,24.18300653594771,0.31265570503238665,15.632785251619334,0.6160597572362279,0.009582066229243456,12.321141463681256,0.48878923766816146,9.775742162176376,0.7400560224089636,0.00575536433939658,7.400560224089635,0.6539611360239163,6.539611360239163,0.4172352268548561,0.8670551680312747,0.14463452566096424,14.415241057542767,0.37791601866251945,7.5589685996974945,0.5163297045101088,5.163739866460017
2020-04-30,120,6885750,5342,3666,0.0007758051047453073,0.04950517970185627,0.9205607399030498,0.005322395444915281,0.16510670160988394,0.12808597153645077,165.10070732068812,0.0024549918166939444,2.4549026868719617,0.23343317109696743,0.09053946126479344,116.70387409285874,0.01691216584833606,8.455161982878098,0.3311493822538375,0.05138110313979494,66.22939553441464,0.06792144026186579,13.584189412505225,0.4185698240359416,0.03247262482209765,41.856678466634015,0.1584833606110202,15.848220981256096,0.5441782104080869,0.021108811676287986,27.20891052040434,0.3363338788870704,16.81669394435352,0.6729689254960689,0.010441839390277907,13.459358963235886,0.5237315875613748,10.47461653920769,0.7776113815050543,0.00603274003160145,7.776102522014168,0.6759410801963993,6.759400985457462,0.4649513822339254,0.8690899880936938,0.15634218289085547,15.582104228121928,0.4056047197640118,8.11279011521122,0.5191740412979351,5.192185673735181
2020-05-01,121,6885750,4826,3040,0.0007008677340885161,0.07275574128002707,0.9355274732324032,0.003988109185718429,0.194571073352673,0.13636363636363635,194.5640093433297,0.001644736842105263,1.6446771290337374,0.2782842934106921,0.09751670055184432,139.1370950735313,0.007565789473684211,3.782757396777596,0.37981765437215087,0.05324000116181126,75.9629792788939,0.044407894736842105,8.88151445537804,0.44177372565271444,0.030962270179209387,44.177051779214885,0.11710526315789474,11.71044128190586,0.5547036883547452,0.019438695857386633,27.73518441773726,0.29375,14.6875,0.6854537919602155,0.009608234966074915,13.709055929890251,0.5013157894736842,10.026301228530825,0.8371322005801907,0.005867180964773678,8.371309848361035,0.7414473684210526,7.414462916374173,0.4790144201439414,0.875206154634518,0.16,15.946666666666667,0.4088888888888889,8.17847913093196,0.5348148148148149,5.348606822946445
2020-05-02,122,6885750,3996,2012,0.0005803289402025923,0.0993745136438119,0.9419178288574993,0.002654501269463734,0.2805305305305305,0.16279407493465,280.52034571603264,0.0004970178926441351,0.49699984813743153,0.3816316316316316,0.11073191983735114,190.80888814315333,0.007952286282306162,3.9759987850994523,0.4994994994994995,0.057974382061634085,99.89917449471895,0.055666003976143144,11.133119953490592,0.5593093093093093,0.03245810218130065,55.93052479852126,0.1317097415506958,13.170878516406281,0.6293793793793794,0.018262353411030025,31.46896896896897,0.2659045725646123,13.295228628230616,0.7607607607607607,0.008829791250954866,15.215148925491109,0.5253479125248509,10.506912473729896,0.8400900900900901,0.004875278836323079,8.400888700503414,0.6824055666003976,6.824045755615484,0.4873706135058055,0.8655410761392899,0.16692913385826771,16.63727034120735,0.4519685039370079,9.040145324887563,0.5385826771653544,5.38628867789468
2020-05-03,123,6885750,3573,1999,0.0005188977235595251,0.06999271080265837,0.9255022924693888,0.002332616618647406,0.2502099076406381,0.12982863781585827,250.2008236329544,0.0015007503751875938,1.5006958896235802,0.350405821438567,0.09090909090909091,175.19654988168844,0.014507253626813406,7.253363466513971,0.4520011195074167,0.046908129774318165,90.39956747649352,0.061030515257628815,12.206014419100688,0.5180520570948782,0.02688140811525168,51.804829535290864,0.14207103551775888,14.207000389445064,0.5908200391827596,0.01532875866826417,29.541001959137983,0.2706353176588294,13.53176588294147,0.6884970612930311,0.007145180778882796,13.769921228153434,0.44372186093046523,8.874424330508036,0.7741393786733837,0.00401697994559795,7.741371301539627,0.5962981490745373,5.962964171022261,0.4469522462354099,0.8552040426955485,0.16987179487179488,16.930555555555557,0.42788461538461536,8.558426243567753,0.5208333333333334,5.208780017152658
2020-05-04,124,6885750,3802,2477,0.0005521548124750391,0.0491915055369641,0.9275781725954602,0.0035049653708763636,0.18779589689637033,0.10368864362474586,187.78907886351755,0.002825999192571659,2.8258965931237734,0.26512361914781696,0.07319198373511472,132.5569968448359,0.014129995962858296,7.064741482809433,0.3600736454497633,0.03976299050219292,72.01420616793132,0.055308841340331046,11.06168794502264,0.44371383482377696,0.02449969502454326,44.3710612875457,0.15098909971740007,15.098800333717035,0.5502367175170962,0.015190792578876665,27.51183587585481,0.3112636253532499,15.563181267662495,0.6920042083114151,0.007641857979366112,13.840064066654445,0.5272507064997981,10.54499881576176,0.7819568648079958,0.004317612460516283,7.819568648079956,0.6653209527654421,6.65320952765442,0.4588743557709785,0.8624366868775908,0.15742128935532235,15.689655172413794,0.41379310344827586,8.276571834151534,0.527736131934033,5.2778139232270656
2020-05-05,125,6885750,3758,2494,0.00054576480412446,0.05810250880296238,0.9344826967329833,0.004274333061496846,0.18946248004257585,0.10339819924484461,189.4556015035095,0.0016038492381716118,1.6037910095469323,0.25545502927088876,0.06970665117629973,127.72287741809629,0.008821170809943865,4.410425276254063,0.35018626929217667,0.03822359057771065,70.03674529549524,0.05533279871692061,11.066479385548114,0.4417243214475785,0.024107583723024194,44.17211139457526,0.16439454691259023,16.43933531911133,0.5939329430548164,0.016207384816468794,29.696647152740816,0.3905372894947875,19.526864474739373,0.7083555082490687,0.007731898875360164,14.167089590476648,0.56214915797915,11.242966831707559,0.805747738158595,0.004397481178548192,8.057465679933,0.7085004009623096,7.084993720266496,0.4527426853792216,0.8741952207652453,0.15673981191222572,15.621734587251828,0.4059561128526646,8.119818579716847,0.5329153605015674,5.329610650779397
2020-05-06,126,6885750,3640,2342,0.0005286279635479069,0.0635457350052453,0.9475074212761007,0.004954090448260306,0.20604395604395603,0.10891664246296834,206.03647550532534,0.0012809564474807857,1.280909941655652,0.28214285714285714,0.07457159453964565,141.0663068959794,0.00982066609735269,4.9101547763466655,0.38653846153846155,0.04086671120276511,77.3071309517692,0.07386848847139198,14.773590417725966,0.48736263736263735,0.025763164773882484,48.735909846637725,0.21007685738684884,21.007533195147904,0.6365384615384615,0.01682460153214973,31.826923076923077,0.4363791631084543,21.818958155422713,0.768956043956044,0.00812982154475323,15.379098544446306,0.6409052092228864,12.818085569077311,0.8747252747252747,0.004624028975699159,8.747227340500134,0.8052946199829206,8.052922809718297,0.4918032498390438,0.8810201970189833,0.16993464052287582,16.93681917211329,0.4411764705882353,8.824286146705681,0.5588235294117647,5.588714559580264
2020-05-07,127,6885750,3255,2082,0.0004727153904803398,0.05133655419160455,0.9468194086489479,0.003659160924135284,0.19477726574500767,0.0920708684286959,194.77019424973665,0.0019212295869356388,1.9211598356436357,0.280184331797235,0.06622131861748475,140.08707977583583,0.01536983669548511,7.684639342574543,0.38341013824884795,0.03624851142931831,76.68147083699802,0.06964457252641691,13.928813362972354,0.4608294930875576,0.02178396119550379,46.08261468569592,0.15994236311239193,15.99412017196481,0.589247311827957,0.013927313655012163,29.46236559139785,0.35878962536023057,17.939481268011527,0.7391705069124423,0.006988335347151222,14.78338866870861,0.5926993275696446,11.853969336174018,0.8786482334869432,0.0041534933638503755,8.78645681417288,0.8102785782901056,8.102762248029043,0.4810332325228529,0.8834048155509114,0.1811722912966252,18.056838365896983,0.47424511545293074,9.485715765517368,0.5790408525754884,5.790905130259667
2020-05-08,128,6885750,4043,2696,0.0005871546309407109,0.059902493320816486,0.9432475940726945,0.0044909252301210435,0.18080633193173387,0.10615742085390648,180.79976765886383,0.001483679525222552,1.4836256594250925,0.24981449418748455,0.07333720592506535,124.90271226775134,0.010385756676557863,5.192689807987824,0.3633440514469453,0.04266751866159343,72.66828261787458,0.07010385756676558,14.020669704038925,0.4494187484541182,0.026387638328153593,44.94154850805926,0.17729970326409494,17.729841583414302,0.5560227553796686,0.016323566786479324,27.801137768983427,0.3353115727002967,16.765578635014837,0.7061587929755132,0.008292476066548937,14.123155348810126,0.5600890207715133,11.201764147392439,0.8632203809052683,0.005068431080955479,8.63219127274034,0.7956231454005934,7.956219899389664,0.46376238334142583,0.8748022951709733,0.16065573770491803,16.012021857923497,0.4377049180327869,8.754849140961111,0.5573770491803278,5.574248516716811
2020-05-09,129,6885750,4958,3457,0.0007200377591402535,0.04556261894210753,0.9369582744094985,0.005585242326196695,0.1482452601855587,0.10673830961370898,148.2398780602252,0.0008678044547295343,0.8677729486136929,0.22146026623638565,0.07972698228289282,110.72611300008657,0.009835117153601388,4.917380042144261,0.3303751512706737,0.04757617125098028,66.07455046216971,0.06248192074052647,12.49629340785617,0.41206131504638965,0.02966975514827616,41.20583229371572,0.16025455597338734,16.025339231371106,0.5441710367083501,0.01959118469302545,27.208551835417506,0.3471217818918137,17.356089094590686,0.6986688180718031,0.010061343991077238,13.973356068285616,0.568411917847845,11.368221847176775,0.8331988705123033,0.005999329051071993,8.331964504521778,0.7613537749493781,7.613515635662648,0.45175943410698216,0.8720945037969181,0.15419161676646706,15.367764471057884,0.4086826347305389,8.174353693984244,0.5389221556886228,5.3896837542753255
2020-05-10,130,6885750,5687,4039,0.000825908579312348,0.05528032719186452,0.9300134580026524,0.006604492417200624,0.16423421839282573,0.13563752541388324,164.22825577961078,0.0019806882891804903,1.9806163792077491,0.2307016001406717,0.09526575660760964,115.34661219638615,0.015845506313443922,7.9224655168309965,0.3253033233690874,0.05373377094890935,65.06019224748594,0.06709581579598911,13.419065718354643,0.40917882890803586,0.03379418513462488,40.917585772945884,0.17058677890566973,17.058554022041232,0.5377176015473888,0.022205279018262355,26.88588007736944,0.34959148304035653,17.479574152017825,0.6912256022507474,0.011417733357731441,13.824451814313218,0.5657340925971776,11.314632556082287,0.803059609636012,0.006632538212976074,8.030596096360119,0.722951225550879,7.229512255508789,0.4700666036057233,0.8778805954996511,0.14835948644793154,14.78649548264384,0.4065620542082739,8.131938446179557,0.5263908701854494,5.26436015200045
2020-05-11,131,6885750,5387,3595,0.0007823403405583996,0.0646335665446281,0.9343585018196933,0.005965694835328486,0.17690736959346576,0.1383967470229451,176.90094687455806,0.0002781641168289291,0.2781540179283762,0.2509745684054205,0.09817020040662214,125.48272831815451,0.0058414464534075105,2.92061718824795,0.34341934286244663,0.05373377094890935,68.68336983691341,0.048678720445062586,9.73567339465537,0.4323371078522369,0.03382323041621889,43.233396851397664,0.15465924895688457,15.46581259265253,0.5687766846111008,0.022248847257016303,28.43883423055504,0.35465924895688455,17.73296244784423,0.7371449786523111,0.01153394832233479,14.742878162338366,0.6063977746870653,12.127937880644868,0.8204937813254131,0.006419053843081727,8.20493781325413,0.7310152990264256,7.310152990264256,0.4707432675826762,0.8829893512405714,0.14970930232558138,14.921027131782946,0.42296511627906974,8.460027823207946,0.5479651162790697,5.4801211157206104
2020-05-12,132,6885750,4921,2823,0.0007146643430272665,0.07828888423374325,0.9387818424722415,0.004366591640333537,0.20503962609225768,0.14652918966018008,205.03218201637574,0.00035423308537017357,0.354220224744071,0.29485876854297904,0.10535869880917804,147.42403176697778,0.003188097768331562,1.5939910113483193,0.42186547449705347,0.06029800458915449,84.37248223933561,0.04994686503719448,9.989300471400908,0.5055882950619792,0.03613233030294229,50.55846238233791,0.14984059511158343,14.983950707101362,0.6165413533834586,0.022030846089052834,30.826843823957642,0.3351044987601842,16.755103272952585,0.7557407031091241,0.010802002974254113,15.114792111353436,0.575628763726532,11.51255855513398,0.833570412517781,0.005957221860767729,8.335692019463806,0.7109458023379384,7.109447698508893,0.48631320920814586,0.8769940080534845,0.14627285513361463,14.57852789498359,0.4289732770745429,8.58020134471054,0.5358649789029536,5.35910936448314
2020-05-13,133,6885750,4175,2226,0.0006063246559924482,0.07968805735015323,0.9425556184971148,0.0032652648252470056,0.23089820359281438,0.13999419111240197,230.88982070711901,0.0008984725965858042,0.8984399770462824,0.32622754491017963,0.09889631135637525,163.10785052027805,0.008086253369272238,4.042979896708271,0.4541317365269461,0.05506985390223358,90.82568778618081,0.0426774483378257,8.535427688639905,0.5305389221556887,0.032167649365360595,53.05350697425909,0.1334231805929919,13.342221176452904,0.631377245508982,0.01914097955923465,31.5688622754491,0.31221922731356694,15.610961365678346,0.7693413173652695,0.009329398642996561,15.386804001440376,0.5691823899371069,11.383631266583308,0.8469461077844311,0.005135243074465381,8.469461077844311,0.7147349505840072,7.147349505840072,0.4713419703038354,0.8716111124404776,0.1370223978919631,13.656565656565656,0.4044795783926219,8.090285357866833,0.5138339920948617,5.138780601902386
2020-05-14,134,6885750,3571,2021,0.0005186072686344988,0.07425775167214711,0.9317537582003814,0.002244354853787647,0.24082889946793615,0.12489108335753703,240.82015604289012,0.0009896091044037606,0.9895731761034264,0.3281993839260711,0.08510020331106594,164.0937342338763,0.0039584364176150424,1.9791463522068529,0.42453094371324557,0.04403264689651166,84.90557221160883,0.03859475507174666,7.718894964572877,0.4861383366003921,0.025211304423596387,48.6134806594172,0.10489856506679862,10.489780336470833,0.565387846541585,0.014660712340703628,28.269392327079252,0.23552696684809502,11.77634834240475,0.6975637076449174,0.007235221674876847,13.951253891846331,0.46561108362196935,9.31220814855579,0.8092971156538785,0.004197073666630359,8.092971156538784,0.6630380999505195,6.630380999505196,0.4251770300558273,0.8596157078976566,0.1306122448979592,13.017687074829931,0.38231292517006804,7.646914271712115,0.4993197278911565,4.9936255119543524
2020-05-15,135,6885750,2919,1793,0.00042391896307591764,0.050718930289883966,0.9150244454961789,0.0017244448629235318,0.2069201781431997,0.08771420273017717,206.912665792846,0.002230897936419409,2.230816942448438,0.2946214457005824,0.062445541678768514,147.3053746538473,0.008923591745677636,4.461633884896876,0.38985954093867764,0.03305353045397775,77.97134200872809,0.05242610150585611,10.485144164627165,0.45049674546077423,0.019097272648058324,45.049347425956704,0.11042944785276074,11.042864598915845,0.5179856115107914,0.01097919616599499,25.89928057553957,0.21528165086447296,10.764082543223648,0.6152792052072628,0.005216562877590854,12.305566233083667,0.373675404350251,7.473497233434626,0.763960260363138,0.0032385536009666284,7.639558224685153,0.6157278304517568,6.157242536489182,0.40293859105662816,0.8590439215165121,0.14157973174366617,14.110779930452063,0.3591654247391952,7.183924558977282,0.488822652757079,4.888645757976242
2020-05-16,136,6885750,2542,1670,0.00036916820970845585,0.05071577392845989,0.9264638676768406,0.0020421040237927767,0.20613690007867821,0.07609642753412721,206.12941616566343,0.0005988023952095808,0.5987806553607858,0.2702596380802518,0.0498838222480395,135.12491307806374,0.00718562874251497,3.592683932164715,0.35090479937057434,0.025908391181852508,70.18045026767935,0.043712574850299404,8.742451487857593,0.4240755310778914,0.015655406779168723,42.40724517295871,0.12994011976047903,12.993917622363684,0.5129819040125885,0.009468761799645647,25.648908954331244,0.2592814371257485,12.963977720008007,0.6557828481510621,0.004841862505046633,13.115599820662807,0.47604790419161674,9.520916602875564,0.8095987411487018,0.0029887768379960964,8.095975653907011,0.7101796407185629,7.101786093441892,0.3891291958940564,0.8778453680632795,0.1514629948364888,15.095811818703385,0.39759036144578314,7.952489202091385,0.5215146299483648,5.215593567605389
2020-05-17,137,6885750,2065,1489,0.00029989471008967796,0.03713110839784134,0.9296056090487781,0.0024137130806208785,0.1820823244552058,0.054603543421434794,182.07571385672864,0.0047011417058428475,4.7009710283194,0.23099273607748183,0.034635492303223936,115.49217487986645,0.016118200134318333,8.05880747711897,0.3055690072639225,0.018327572685817188,61.11335768589138,0.05842847548690396,11.68561024380461,0.37094430992736077,0.011124342850503935,37.094161638187636,0.13364674278038952,13.364577232856997,0.5060532687651331,0.00758807981643382,25.302479707510496,0.3169912693082606,15.849448376654529,0.7394673123486682,0.004435227381647395,14.789281812677263,0.638683680322364,12.773617954043603,0.8271186440677966,0.0024804814573845153,8.271174428661224,0.7602417730020148,7.602406689237823,0.3465824273720725,0.8823429303387835,0.14937759336099585,14.887966804979255,0.4045643153526971,8.091980242414753,0.5373443983402489,5.373904827654926
2020-05-18,138,6885750,1360,1063,0.00019750934901789928,0.013959493353843744,0.9020339376259829,0.0013467030678207738,0.11985294117647059,0.023671216961951787,119.84858984982318,0.0,0.0,0.16838235294117648,0.0166279407493465,84.18811986383284,0.00658513640639699,3.2924486647072375,0.23970588235294119,0.009468761799645647,47.940828354345605,0.05079962370649106,10.159850966829442,0.29926470588235293,0.005910714804380029,29.92625328254396,0.1147695202257761,11.476868684751777,0.4088235294117647,0.004037323457865882,20.441176470588236,0.2464722483537159,12.323612417685796,0.6544117647058824,0.002585045078538898,13.088216286433248,0.5578551269990593,11.15708633682781,0.7514705882352941,0.0014842246668845078,7.514705882352941,0.6820319849482597,6.820319849482597,0.20182307595072532,0.8536155885192845,0.1415929203539823,14.112094395280236,0.35693215339233036,7.139255301385875,0.48672566371681414,4.867674069126732
2020-05-19,139,6885750,871,716,0.00012649311984896345,0.003712843425055914,0.8533309705710295,0.0007208178538697137,0.10677382319173363,0.013505663665408075,106.76994670962532,0.008379888268156424,8.379584031724963,0.14580941446613088,0.009221609061864653,72.90206038775491,0.023743016759776536,11.871077378277032,0.2158438576349024,0.00546051293967295,43.168458064699216,0.07402234636871509,14.804361773748289,0.27210103329506313,0.003441815884633817,27.20951059427934,0.12849162011173185,12.848882109591448,0.3685419058553387,0.0023308838479189054,18.426961487723997,0.23184357541899442,11.592094596425548,0.5166475315729047,0.0013070452644297797,10.332935625197882,0.41201117318435754,8.24021149663709,0.5958668197474167,0.0007537305304433069,5.958668197474168,0.5083798882681564,5.083798882681564,0.0815264502653245,0.7957613505589654,0.07421875,7.397135416666667,0.203125,4.062848413379074,0.3671875,3.6721899120926245
2020-05-20,140,6885750,718,543,0.00010427331808444977,0.011547996232353646,0.8636519501101046,0.0005628087785428253,0.15598885793871867,0.01626488527446994,155.98319467782923,0.003683241252302026,3.683107530211832,0.21030640668523676,0.010964275341272147,105.14938569800096,0.01841620626151013,9.207768825529579,0.3064066852367688,0.0063899619506811115,61.280892063931006,0.09760589318600368,19.521036887668096,0.35376044568245124,0.003688750762438642,35.37578769145109,0.14917127071823205,14.91701875378411,0.415041782729805,0.0021638891914461025,20.75208913649025,0.2283609576427256,11.41804788213628,0.5376044568245125,0.0011211511259436114,10.752042291735686,0.3885819521178637,7.771605182842263,0.6044568245125348,0.0006302862719583604,6.044559466765015,0.47697974217311234,4.769790494685421,0.11664698723042453,0.814224168203123,0.09716599190283401,9.68421052631579,0.20647773279352227,4.129908820077638,0.3643724696356275,3.644037194186151
2020-05-21,141,6885750,1438,1184,0.00020883709109392585,0.019782009507971866,0.9311982656575325,0.0026305555971674268,0.14394993045897078,0.030060993319779263,143.94470427793468,0.01097972972972973,10.979331104630626,0.1926286509040334,0.020113273308161487,96.31082870770025,0.03969594594594594,19.84725238144767,0.2579972183588317,0.010775799471375875,51.59906899167346,0.10050675675675676,20.101205388998746,0.32962447844228093,0.006883731737779198,32.96220849333318,0.1866554054054054,18.665405004070266,0.5312934631432545,0.005547689068002759,26.564673157162726,0.43074324324324326,21.53716216216216,0.7343532684283728,0.003067199553861883,14.687044038946079,0.6773648648648649,13.547277622929768,0.847009735744089,0.001768867924528302,8.47008505655129,0.8141891891891891,8.141880067646069,0.25064942763806014,0.8733973935578704,0.16723549488054607,16.667804323094426,0.4232081911262799,8.464889737090136,0.5631399317406144,5.63188228475755
2020-05-22,142,6885750,2097,1906,0.0003045419888900991,0.01602039384970149,0.9455680559889278,0.0051864413914144,0.07343824511206486,0.022364217252396165,73.43557889636952,0.013116474291710388,13.11599809093012,0.11349546971864569,0.01728144060412431,56.74567460174009,0.035676810073452254,17.837757403664966,0.1993323795898903,0.012140927706294113,39.86618643472327,0.12119622245540398,24.23906848216033,0.3090128755364807,0.009410671236457637,30.901063169498414,0.24081846799580273,24.081671933574874,0.5274201239866476,0.008031078676977816,26.371006199332378,0.48006295907660024,24.003147953830013,0.7906533142584645,0.004815721675685253,15.812997390724716,0.7696747114375656,15.393427162300327,0.8898426323319027,0.002709940514917743,8.898413400379042,0.878803777544596,8.78802501282023,0.27490578801415116,0.8834688014879717,0.16666666666666666,16.61111111111111,0.4382716049382716,8.766183851089512,0.5648148148148148,5.648632551934438
2020-05-23,143,6885750,2520,2094,0.00036597320553316635,0.06460436513418039,0.957185373721395,0.006943351348726968,0.1884920634920635,0.06898054022654662,188.48522018450134,0.0329512893982808,32.95009308367877,0.2150793650793651,0.03935521347661923,107.53577825263129,0.060649474689589304,30.32363638860293,0.28849206349206347,0.021115919718841674,57.69799373175161,0.1466093600764088,29.321659099774372,0.42063492063492064,0.015393999244822678,42.063186626999105,0.3037249283667622,30.372272292274435,0.625,0.011436662672911447,31.249999999999996,0.5491881566380133,27.45940783190067,0.8174603174603174,0.005983362766056325,16.34918260570331,0.7803247373447947,15.606472082012502,0.9103174603174603,0.003331517990051919,9.103174603174603,0.89207258834766,8.920725883476601,0.34474712827163884,0.896806415406679,0.17647058823529413,17.58823529411765,0.4572192513368984,9.14516927931316,0.5935828877005348,5.936337953238367
2020-05-24,144,6885750,2789,2209,0.0004050393929492067,0.039432093937191985,0.9578108616890629,0.007510183893304014,0.17640731444962351,0.07144931745570723,176.40090988549161,0.0036215482118605704,3.6214167295699857,0.22696306920043027,0.045962823119372644,113.47741459097173,0.02806699864191942,14.032989827083695,0.30871280028684117,0.025007987452438353,61.74211172485744,0.1276595744680851,25.53172949820259,0.4639655790605952,0.01879229719132127,46.396221005787176,0.3232231779085559,32.32208308815009,0.6704912154894227,0.013578767744980576,33.524560774471134,0.583974649162517,29.198732458125846,0.862674793832915,0.006988335347151222,17.253470819880434,0.8266183793571752,16.53234357764043,0.9078522768017211,0.00367715401059578,9.078509583528108,0.8836577636939792,8.836564803820954,0.3915960655763738,0.8868987147790197,0.20871559633027523,20.801987767584098,0.45642201834862384,9.129223252081138,0.555045871559633,5.550934741215164
2020-05-25,145,6885750,3078,2540,0.0004470101296155103,0.024811581468960064,0.9512162093556068,0.007198706870782949,0.12410656270305392,0.055474876561138545,124.1020569463482,0.001968503937007874,1.9684324693947093,0.16666666666666666,0.037249491722335173,83.33030787104269,0.014173228346456693,7.086356889820954,0.26250812215724495,0.023468587527956084,52.50124320033255,0.10748031496062992,21.495906902325295,0.4191033138401559,0.01873420662813326,41.91002705967141,0.29645669291338583,29.64545402463543,0.5896686159844055,0.013179392223069382,29.483430799220272,0.502755905511811,25.137795275590552,0.804093567251462,0.0071887489543637885,16.08184798976948,0.7625984251968504,15.251946353922335,0.8924626380766731,0.00398939839523654,8.924626380766732,0.8696850393700788,8.696850393700789,0.37414005567153447,0.8853641561024111,0.16255144032921812,16.200960219478738,0.41975308641975306,8.395781716536433,0.5740740740740741,5.741233085572708
2020-05-26,146,6885750,3411,2665,0.000495370874632393,0.030586882228769534,0.9532541202414601,0.00773894993123385,0.13192612137203166,0.06534998547778101,131.92133172196733,0.00300187617260788,3.0017671878499432,0.19730284374083845,0.04886726691838513,98.6478402765378,0.024390243902439025,12.194679200640396,0.3046027557900909,0.030178047576171253,60.92010879437737,0.11632270168855535,23.264371406429753,0.4673116388155966,0.02314908943042203,46.730824551606126,0.3196998123827392,31.969749093997013,0.5954265611257695,0.014747848818211524,29.771328056288482,0.4821763602251407,24.108818011257036,0.8079742011140428,0.008004926108374385,16.15946055430634,0.7542213883677298,15.08440586065473,0.8862503664614483,0.004390187937221619,8.862426440552262,0.8544090056285178,8.544015606742803,0.3711404085505781,0.8760859912754178,0.16342412451361868,16.28793774319066,0.3968871595330739,7.938423957658962,0.5369649805447471,5.37011032429871
2020-05-27,147,6885750,3161,2239,0.00045906400900410266,0.036849355096511084,0.9561926643092157,0.006057274040634215,0.15469788041758936,0.07101365088585536,154.69226402634564,0.0013398838767306833,1.3398352315129687,0.23030686491616578,0.0528608771420273,115.14925174967242,0.011612326931665922,5.805952669889531,0.3495729199620373,0.03209503616137559,69.91407632021257,0.09691826708351943,19.383512665785933,0.4890857323631762,0.022452002672165905,48.90821809549712,0.28137561411344353,28.13735709549571,0.6488453021195824,0.014893076280724685,32.44226510597912,0.506029477445288,25.301473872264403,0.8060740272065802,0.007400759245866118,16.121410305986277,0.7275569450647611,14.551075504822048,0.8899082568807339,0.004085242587601078,8.899069644914308,0.8445734702992407,8.445722437484019,0.42105873336838795,0.8852512291399208,0.17748091603053434,17.688931297709924,0.41412213740458015,8.283153077658335,0.5706106870229007,5.706596244746179
2020-05-28,148,6885750,2438,1507,0.0003540645536070871,0.05931572420319015,0.9587604551682963,0.0040315006035166814,0.22682526661197702,0.08030787104269532,226.81703159648865,0.0026542800265428003,2.654183661453251,0.31009023789991796,0.054893987801336044,155.0394899520302,0.013934970139349702,6.967232111314784,0.41263330598851516,0.029219553283569084,82.52606194517466,0.0650298606502986,13.005877689528992,0.5463494667760459,0.019344157541607367,54.634549955751815,0.26874585268745854,26.87439012377164,0.7005742411812962,0.01240242529862397,35.0287120590648,0.5169210351692104,25.84605175846052,0.8433141919606235,0.00597172724077737,16.8662103561045,0.7471798274717982,14.943531443101392,0.9031993437243643,0.0031978947918754304,9.031954086610437,0.8440610484406105,8.440573710313041,0.4513961998842853,0.8929199172864069,0.21945701357466063,21.872549019607845,0.4751131221719457,9.503077388759964,0.6199095022624435,6.199626677429118
2020-05-29,149,6885750,2189,1384,0.00031790291544130995,0.06325806081623402,0.9600859665032758,0.0031759825310812492,0.23024211968935587,0.07319198373511472,230.23376062314583,0.000722543352601156,0.7225171202691563,0.2964824120603015,0.04712460063897764,148.2358240520056,0.005780346820809248,2.890068481076625,0.3883051621745089,0.024688489354904294,77.66046851326278,0.05057803468208093,10.115533483753193,0.4659661946094107,0.014813093612942578,46.59628110795768,0.15895953757225434,15.895838331612161,0.66925536774783,0.01063791162908906,33.4627683873915,0.47760115606936415,23.88005780346821,0.840109639104614,0.0053414583139696995,16.802168380729494,0.7478323699421965,14.956625677715982,0.9054362722704431,0.0028784041267775817,9.0543495733023,0.8504335260115607,8.50432290950324,0.5071417518497351,0.9083949527435724,0.25060240963855424,24.976706827309236,0.5349397590361445,10.699712744632043,0.6698795180722892,6.699369691458802
2020-05-30,150,6885750,2580,1800,0.000374686853283956,0.0415240008227096,0.9524052120083528,0.0034846918176139495,0.20155038759689922,0.07551553877432472,201.54307019973118,0.0044444444444444444,4.44428308645561,0.25736434108527134,0.04821376706360732,128.6774986659822,0.010555555555555556,5.277586165166038,0.34031007751937986,0.025501757239536436,68.06152128377443,0.0661111111111111,13.222126211430286,0.4263565891472868,0.015974904876702778,42.635349323548894,0.18333333333333332,18.333200209126026,0.5337209302325582,0.009998910794031151,26.686046511627904,0.3333333333333333,16.666666666666668,0.7798449612403101,0.005843944604517148,15.59687657385812,0.6861111111111111,13.72220229381603,0.8906976744186047,0.0033373222418440376,8.90696380882852,0.8438888888888889,8.43887663332249,0.4512660811243595,0.904724154282271,0.22093023255813954,22.01937984496124,0.49767441860465117,9.95434201603574,0.6558139534883721,6.558701982528222
2020-05-31,151,6885750,4259,3456,0.0006185237628435537,0.04639606304957131,0.946336042679053,0.00800397709817968,0.13266024888471473,0.08205053732210282,132.65543258174912,0.003761574074074074,3.7614375080678997,0.1746888941065978,0.0540226546616323,87.34127596532863,0.018518518518518517,9.258923096782523,0.26579009157079125,0.03287925876441372,53.15763231675553,0.0998263888888889,19.96513280349899,0.3899976520309932,0.024122106363821196,38.999482013308715,0.2494212962962963,24.94194851683497,0.517257572200047,0.01599680499582471,25.86287861000235,0.40625,20.3125,0.7588635830007044,0.009387489543637885,15.177249618479589,0.7037037037037037,14.074053634683107,0.8699225170227753,0.005380677486112624,8.699225170227754,0.8405671296296297,8.405671296296298,0.41871185638409064,0.8916222614905527,0.16485507246376813,16.430555555555557,0.4166666666666667,8.334048027444254,0.592391304347826,5.924421097770154
2020-06-01,152,6885750,5219,4229,0.0007579421268561885,0.04256389159465994,0.9489684266270474,0.010057308453713611,0.11822188158651083,0.08960209119953529,118.21758947637481,0.002128162686214235,2.128085422102769,0.16631538608928914,0.06302643043857101,83.15467395907076,0.015133601324190116,7.566525945254291,0.25790381299099446,0.039094949025530804,51.580388053755264,0.0915109955072121,18.30206620331075,0.3870473270741521,0.029335734409945104,38.70445165995009,0.2456845589973989,24.56827750030991,0.5274956888292777,0.019990560214936646,26.374784441463884,0.417592811539371,20.87964057696855,0.7953630963786166,0.012056766428106701,15.90723882589303,0.747694490423268,14.953868091342184,0.8781375742479403,0.006655764940979645,8.781362989528759,0.8496098368408608,8.496086029758454,0.4143867686047672,0.8852403468150247,0.14862681744749595,14.813139472267096,0.40549273021001614,8.110550132039448,0.567043618739903,5.670922502680968
2020-06-02,153,6885750,5266,3967,0.0007647678175943071,0.04560181889433391,0.9508833931130459,0.008945056825525769,0.12856057728826434,0.09831542259657276,128.55590982612057,0.0005041593143433325,0.5041410105634043,0.1980630459551842,0.07573337205925065,99.02792758393186,0.010587345601209983,5.293480610915745,0.29832890239270793,0.04563013738418194,59.6653472261927,0.07764053440887321,15.52799412721539,0.4096088112419294,0.03132533619913445,40.960583694111286,0.21754474413914798,21.75431644770598,0.5548803646031143,0.021217732273172855,27.744018230155714,0.409377363246786,20.4688681623393,0.8032662362324345,0.012286225485639929,16.06530139341913,0.7388454751701538,14.776888043303535,0.8816938853019369,0.0067429012919416305,8.816926048421397,0.8429543735820519,8.429531493825829,0.45777659831827705,0.8856308742502412,0.15683229813664595,15.630952380952383,0.4114906832298137,8.230519480519481,0.562111801242236,5.621600098015193
2020-06-03,154,6885750,4067,2600,0.0005906400900410267,0.07812045789639244,0.9509317097133084,0.0050812407492349144,0.1861322842389968,0.10993319779262271,186.12552660451237,0.0,0.0,0.26383083353823455,0.07791170490851002,131.9106275076894,0.0038461538461538464,1.92300710471637,0.3803786574870912,0.04493305062592582,76.0751790871573,0.05692307692307692,11.384532717275464,0.47332185886402756,0.027956083534229865,47.331842192235875,0.17615384615384616,17.61525670443298,0.6036390459798378,0.01782667102349054,30.181952298991884,0.38,19.0,0.8094418490287681,0.009561762245561855,16.18881346997235,0.7019230769230769,14.038441150789678,0.8903368576346201,0.0052586635065308505,8.903329786106418,0.8284615384615385,8.284579290162537,0.4727347655888502,0.8903172877970603,0.16363636363636364,16.30909090909091,0.44958677685950416,8.992506698042328,0.5801652892561984,5.802150461420693
2020-06-04,155,6885750,3045,1844,0.00044221762335257595,0.05139646626014077,0.9391341144490186,0.0031877048826281116,0.19113300492610838,0.08451931455126344,191.12606573772158,0.0005422993492407809,0.5422796607660045,0.270935960591133,0.05990415335463259,135.46306205637484,0.0070498915401301515,3.52481779497903,0.3927750410509031,0.034738156786430045,78.55443779709711,0.0455531453362256,9.11056291204843,0.47783251231527096,0.021130442359638676,47.78290426203022,0.1420824295010846,14.2081397795041,0.6348111658456486,0.014036234251897034,31.740558292282433,0.39804772234273317,19.902386117136658,0.7720853858784893,0.0068285853703875824,15.441685292002068,0.6241865509761388,12.48371288974332,0.8440065681444991,0.0037323403662050374,8.44005342416957,0.7424078091106291,7.424067309321722,0.44856237361757284,0.8805508250441874,0.1649659863945578,16.441609977324266,0.42346938775510207,8.470114117688242,0.5595238095238095,5.595717961283999
2020-06-05,156,6885750,2552,1786,0.0003706204843335875,0.02702246024554718,0.9231273185023611,0.00251037217514487,0.1426332288401254,0.0528608771420273,142.6280504626624,0.0011198208286674132,1.1197801729591403,0.2061128526645768,0.03819343595701423,103.05268481230827,0.007278835386338186,3.6392855621172067,0.2919278996865204,0.021638734787533764,58.38515598090149,0.03807390817469205,7.614726341569194,0.3777429467084639,0.013999825728310437,37.77402037958996,0.12150055991041434,12.149967765592024,0.5054858934169278,0.0093671713320989,25.27429467084639,0.2978723404255319,14.893617021276597,0.7049373040752351,0.005225246158761509,14.098643705992187,0.5789473684210527,11.578863289974333,0.7938871473354232,0.0029423041174830374,7.9388599439493825,0.7054871220604704,7.054860975009126,0.3964290087911228,0.8709784358893367,0.14846416382252559,14.796928327645052,0.39078498293515357,7.8163699588453275,0.5238907849829352,5.239357155819903
2020-06-06,157,6885750,2673,2017,0.00038819300729768,0.028856058257528645,0.9156366540305924,0.002662170030474937,0.1331836887392443,0.051699099622422306,133.1788534325082,0.002974714923153198,2.974606924499293,0.182566404788627,0.03543421434795237,91.27988830767416,0.008924144769459593,4.46191038674894,0.2618780396558174,0.020331697115803536,52.37522761509323,0.0480912245909767,9.618175077037318,0.3258511036288814,0.0126492201341892,32.584873751961574,0.11502231036192365,11.502147514807515,0.4298540965207632,0.008343257137877952,21.49254876062219,0.24739712444224096,12.369766400622735,0.6722783389450057,0.00521946742262292,13.445547252273016,0.5661874070401587,11.32373169563497,0.7818930041152263,0.003035249558509155,7.81891868593506,0.7109568666336142,7.109558341304968,0.37570161387159595,0.862563005396775,0.15008726003490402,14.958696916812102,0.3787085514834206,7.5748206155200135,0.5078534031413613,5.0789695832173365
2020-06-07,158,6885750,2839,2196,0.0004123007660748648,0.03392803641802923,0.9187493101143486,0.0035090202473165785,0.13631560408594576,0.05620098751089166,136.31065507330828,0.0009107468123861566,0.9107137472245103,0.17787953504755197,0.03666860296253267,88.9365385168226,0.007285974499089253,3.642854988898041,0.25466713631560406,0.020999128666860295,50.9315780971586,0.05145719489981785,10.291065343636967,0.33568157802042975,0.013839875688000117,33.5674265652155,0.14435336976320584,14.435022522066753,0.45262416343783024,0.00933086446647061,22.63120817189151,0.29280510018214934,14.640255009107468,0.7252553716097218,0.0059804408505644965,14.505044236271392,0.645264116575592,12.905226105714625,0.8048608665022895,0.003318447518425734,8.048608665022895,0.7477231329690346,7.477231329690346,0.3886706669068016,0.8682154352324201,0.14802065404475043,14.752725186460127,0.3889845094664372,7.780357401180315,0.5370051635111877,5.370512188425351
2020-06-08,159,6885750,2845,2186,0.00041317213084994374,0.03257266455960493,0.9199096984620805,0.0039077978601270045,0.1413005272407733,0.05837932036015103,141.29539724777152,0.004574565416285453,4.5743993341834965,0.2101933216168717,0.04342143479523671,105.09284521662607,0.020128087831655993,10.063678535203692,0.2843585237258348,0.023497632809550088,56.87129178149719,0.07731015553522415,15.46191883228295,0.35360281195079085,0.014609776641784542,35.36002443274795,0.1614821591948765,16.148098662117995,0.49103690685413004,0.010144138256544312,24.5518453427065,0.3389752973467521,16.948764867337605,0.735676625659051,0.006079212752114509,14.713511145122137,0.6559926806953339,13.119834560303861,0.8017574692442883,0.003312633609071475,8.017563048739511,0.7419945105215004,7.4199343294326585,0.3852873910036938,0.8684274797724904,0.15452930728241562,15.401420959147426,0.40142095914742454,8.029107726617697,0.5293072824156305,5.293526775513437
2020-06-09,160,6885750,2601,1879,0.0003777366299967324,0.03534194312657275,0.9362990608298919,0.0035481487540872264,0.17916186082276048,0.067673540516991,179.15535625331438,0.0031931878658861094,3.1930719354524073,0.23414071510957324,0.04422015683996515,117.06610725136102,0.016498137307078234,8.248769166585387,0.32410611303344866,0.02448517238374626,64.82075191902376,0.0745077168706759,14.901435169254306,0.394079200307574,0.01488570681692759,39.407633877223816,0.16444917509313464,16.444798097498502,0.5290272971933871,0.009991649420905493,26.451364859669354,0.34858967535923363,17.42948376796168,0.7747020376778162,0.005852658239613347,15.494018251986775,0.6881319850984566,13.762619714865744,0.8419838523644751,0.0031804721912001128,8.419814067880113,0.7812666311868015,7.812643619659847,0.40233653119859025,0.8739729973656778,0.1574074074074074,15.68827160493827,0.42962962962962964,8.593329521631409,0.5648148148148148,5.648632551934439
2020-06-10,161,6885750,2025,1430,0.00029408561158915153,0.03282559604880859,0.9378248519174476,0.0027101097825402982,0.18666666666666668,0.054893987801336044,186.65988963113563,0.0013986013986013986,1.3985506216119052,0.24987654320987654,0.036741214057507986,124.93373565258548,0.016083916083916083,8.041666074268456,0.3298765432098765,0.019402248104795378,65.97482957412088,0.07132867132867132,14.265630677667042,0.4167901234567901,0.012257108832670133,41.67870970101648,0.17762237762237762,17.762108784938377,0.5348148148148149,0.007864067095087681,26.74074074074074,0.34335664335664334,17.167832167832167,0.7619753086419753,0.0044817129844781116,15.239484040923534,0.6643356643356644,13.286693990784752,0.8498765432098765,0.002499353740607455,8.49872840463594,0.7888111888111888,7.888077521147413,0.3793216833419758,0.8831821209774207,0.17467248908296942,17.409024745269285,0.4519650655021834,9.040076550293243,0.5873362445414847,5.8738661643209715
2020-06-11,162,6885750,1571,1010,0.0002281523436081763,0.03286647903000186,0.9407431362407352,0.0021828383148954755,0.2259707192870783,0.05155387743247168,225.9625152963984,0.005940594059405941,5.940378382886212,0.3017186505410567,0.034417659018298,150.8538482401308,0.019801980198019802,9.900630638143687,0.41502227880331,0.018937523599291295,83.00385303871421,0.09900990099009901,19.80183640949706,0.4996817313812858,0.011400273025646983,49.967810303213696,0.22673267326732674,22.67310268887413,0.6359007001909611,0.007254111752532404,31.79503500954806,0.43465346534653465,21.73267326732673,0.7772119669000637,0.0035464391833604906,15.544171614783258,0.6544554455445545,13.089051884197334,0.8567791215786124,0.0019547616454271503,8.567791215786123,0.7772277227722773,7.772277227722772,0.38332043008870215,0.8874308074059936,0.20689655172413793,20.620689655172413,0.5039787798408488,10.08044005441533,0.649867374005305,6.499231087715147
2020-06-12,163,6885750,1902,1336,0.0002762226337000327,0.03318217449970335,0.9248207586375489,0.003181879716058321,0.20504731861198738,0.05663665408074354,205.0398742568243,0.006736526946107785,6.73628237280884,0.27129337539432175,0.03746732500726111,135.64176296989916,0.02844311377245509,14.221040564818663,0.36908517350157727,0.020389787678991547,73.81649869117562,0.10778443113772455,21.556729696087217,0.4426919032597266,0.012228063551076128,44.268868873197924,0.20808383233532934,20.808232137195297,0.592534174553102,0.008183567512616636,29.6267087276551,0.4214071856287425,21.070359281437124,0.825446898002103,0.004560135700343898,16.508913984565194,0.7514970059880239,15.029918292191525,0.8753943217665615,0.0024180372508441346,8.753943217665615,0.8226047904191617,8.226047904191617,0.3947500562237516,0.885381242088636,0.22740524781341107,22.66472303206997,0.5539358600583091,11.079667348439008,0.6705539358600583,6.7061144477394
2020-06-13,164,6885750,2894,2242,0.00042028827651308863,0.04307496370443782,0.9358385862501838,0.006003588179169302,0.1551485832757429,0.06520476328783038,155.14295052148518,0.00847457627118644,8.47426859705519,0.20801658604008294,0.04371187917513796,104.00451694202012,0.024977698483496878,12.488395827239227,0.2964754664823773,0.024920851607656336,59.29466273580498,0.09812667261373774,19.62519201690565,0.39357290946786455,0.01654128786778588,39.35700516088688,0.21944692239072258,21.944532891630864,0.61782999308915,0.012983335148676615,30.891499654457498,0.508028545941124,25.4014272970562,0.82930200414651,0.00697088782970121,16.5859678207896,0.7805530776092774,15.610993537836185,0.8921907394609537,0.0037497621907208634,8.921881480565371,0.8608385370205174,8.608360366798525,0.45124079145472784,0.8869670953154477,0.21770334928229665,21.69776714513557,0.5454545454545454,10.910026508654296,0.6722488038277512,6.723064580990916
2020-06-14,165,6885750,3666,2845,0.0005324038775732491,0.049441023014742895,0.9501526016820062,0.008739588951763749,0.16339334424440807,0.08698809178042405,163.38741215958945,0.007381370826010545,7.381102841301497,0.2214948172394981,0.058960209119953526,110.74338787444627,0.032688927943760986,16.3438705771676,0.300872885979269,0.03203694559818757,60.17414024896893,0.10404217926186292,20.808284755652867,0.43617021276595747,0.02322170263440704,43.61670455942943,0.2734622144112478,27.346022871449208,0.6505728314238952,0.017318374904694477,32.52864157119476,0.5497363796133568,27.486818980667834,0.8524277141298418,0.009076703225206803,17.048529523450014,0.809841827768014,16.196813033139705,0.9159847244953628,0.004876738191191954,9.159847244953628,0.8917398945518453,8.917398945518453,0.45762113352443007,0.8851406778599297,0.21252796420581654,21.18195376584638,0.5145413870246085,10.291710315770084,0.6353467561521253,6.35401245582327
2020-06-15,166,6885750,4082,3034,0.0005928185019787242,0.052031182510395166,0.9597006928444854,0.00989523173098804,0.1692797648211661,0.1003485332558815,169.27361902662568,0.0032959789057350032,3.2958592434163227,0.24791768740813327,0.07348242811501597,123.95434331038003,0.02966381015161503,14.831366595373453,0.3466438020578148,0.04109907345551715,69.32825699322078,0.12359920896506263,24.719662294321065,0.492405683488486,0.02919050800197508,49.240210797305224,0.3180619644034278,31.80596548535977,0.6766291033806957,0.020055912573067568,33.83145516903479,0.5659195781147001,28.295978905735,0.8591376776090152,0.010186239427456084,17.182728598139573,0.8114700065919578,16.229376562327392,0.9147476727094561,0.0054227698241884,9.147436873323194,0.8856295319709954,8.856256734559166,0.4937104258121125,0.8951265232331076,0.1935483870967742,19.290322580645164,0.5104364326375711,10.209604186941197,0.6242884250474383,6.24341966078746
2020-06-16,167,6885750,3566,2695,0.000517881131321933,0.03141455309406815,0.9574287860292566,0.008111925283925488,0.13740886146943354,0.07115887307580598,137.40387276548822,0.0011131725417439704,1.113132127405394,0.21144139091418956,0.05474876561138542,105.71685720936543,0.017068645640074213,8.534012976774688,0.31688166012338753,0.03282116820122571,63.375871828824984,0.1012987012987013,20.259593147275044,0.4750420639371845,0.02460135351012228,47.503861450455545,0.3072356215213358,30.723339058505008,0.6508693213684801,0.016853524644921434,32.54322975989,0.5395176252319109,26.975685381078673,0.8373527762198542,0.008672971465749605,16.74703120310862,0.785899814471243,15.717973462610843,0.8984856982613573,0.004653067626325558,8.984817837344702,0.8664192949907236,8.664155201708992,0.48723626091520633,0.8950378894846687,0.19455252918287938,19.390402075226977,0.4961089494163424,9.923029947073703,0.622568093385214,6.226214868752128
2020-06-17,168,6885750,2854,1963,0.0004144791780125622,0.032532234258957064,0.9538673861217889,0.004945748357402436,0.17063770147161877,0.07072320650595411,170.6315063764448,0.0,0.0,0.2431674842326559,0.05039209991286669,121.57932795200483,0.007641365257259297,3.820543916655039,0.34688156972669937,0.028754828778065004,69.37581018169625,0.06571574121242996,13.143052805875556,0.49229152067274,0.02040431031978855,49.22879459862789,0.26490066225165565,26.48987387230732,0.6478626489138052,0.013426278909341756,32.393132445690256,0.489047376464595,24.452368823229747,0.8055360896986685,0.006677549028720141,16.110698396814897,0.717269485481406,14.345368876212913,0.8801681850035038,0.003648103262235015,8.801656285190873,0.825776872134488,8.257744736318598,0.4917219103065753,0.9015780741255995,0.20278330019880716,20.210735586481114,0.5009940357852882,10.02074005367452,0.6322067594433399,6.322609795770829
2020-06-18,169,6885750,2394,1581,0.000347674545256508,0.026163836931831424,0.9547775114513349,0.003732457248040977,0.15998329156223892,0.05562009875108917,159.9774832812499,0.001265022137887413,1.264976210566113,0.24686716791979949,0.042913157130409524,123.42910263605572,0.006957621758380772,3.4786845790568104,0.3654970760233918,0.025414621394754422,73.09888440640363,0.06514864010120178,13.029633407210493,0.48120300751879697,0.016730082198146912,48.11995133495827,0.21948134092346616,21.947974719912825,0.6466165413533834,0.01124060559851868,32.330827067669176,0.4667931688804554,23.33965844402277,0.8145363408521303,0.005663862812529045,16.290703158467785,0.7197975964579381,14.39593102231343,0.8863826232247285,0.0030817133280470767,8.863787614285782,0.8285895003162556,8.285858903134658,0.47736968396006374,0.9050600268574647,0.22142857142857142,22.069047619047616,0.5285714285714286,10.572335211957851,0.6714285714285714,6.714861553540798
2020-06-19,170,6885750,2276,1436,0.00033053770467995496,0.04545463861340404,0.9524737483272976,0.0035729662212750954,0.21704745166959577,0.07173976183560848,217.03957164303213,0.0020891364902506965,2.089060643006641,0.28734622144112476,0.0474876561138542,143.66789458961844,0.008356545961002786,4.178121286013282,0.39806678383128297,0.02631502512416858,79.61277866816512,0.06824512534818941,13.648925959693726,0.5188927943760984,0.017151238781259983,51.888902652926596,0.23885793871866295,23.88562042946402,0.6761862917398945,0.011175253240387758,33.80931458699473,0.48746518105849584,24.37325905292479,0.8383128295254832,0.005541871921182266,16.766232241336024,0.7437325905292479,14.87463020853695,0.905536028119508,0.002993120615063776,9.055307678020824,0.8502785515320335,8.502736122088677,0.4913741418212116,0.91285451689524,0.2430379746835443,24.22278481012658,0.5518987341772152,11.038921336604643,0.6886075949367089,6.886666521918492
2020-06-20,171,6885750,2698,1857,0.000391823693860509,0.05172898067400852,0.9532957761780584,0.00480671131522158,0.20237212750185324,0.07929131571304095,202.36478027096803,0.0059235325794291865,5.92331752233583,0.2590808005930319,0.05075515538774325,129.5356972613614,0.01723209477652127,8.615734577943025,0.3543365455893254,0.027767289203868832,70.8667945276278,0.08077544426494346,16.154971545712463,0.46590066716085987,0.018254959481832176,46.58972841068418,0.22724824986537426,22.7246599743022,0.6501111934766494,0.01273644846240424,32.50555967383247,0.49326871297792135,24.66343564889607,0.8402520385470719,0.006584603587694023,16.805016365442597,0.7689822294022617,15.379622252610094,0.911045218680504,0.003569665107903221,9.110386032892738,0.8712977921378567,8.712914653654256,0.4829856262306855,0.912383927207645,0.2191142191142191,21.838383838383837,0.5151515151515151,10.303913924840167,0.703962703962704,7.0402307812256355
2020-06-21,172,6885750,2645,1882,0.00038412663834731147,0.03527429686423501,0.9318259511262769,0.0038952995582871605,0.19206049149338375,0.07377287249491722,192.05351863208932,0.002656748140276302,2.6566516855805324,0.254820415879017,0.048939878013360444,127.40558224215376,0.015409139213602551,7.704289888183544,0.3277882797731569,0.02518225914200238,65.55717991948691,0.06854410201912858,13.70872085968848,0.4128544423440454,0.01585872375032676,41.28514444756616,0.1758767268862912,17.587544978902663,0.5909262759924385,0.011349526195403551,29.54631379962193,0.4250797024442083,21.253985122210416,0.7776937618147448,0.005974614423886839,15.553762294623366,0.6875664187035069,13.75122852126891,0.8733459357277883,0.0033547543840540244,8.733459357277882,0.8219978746014878,8.219978746014878,0.5010976705798657,0.9045971244803453,0.2217391304347826,22.1,0.5065217391304347,10.13130360205832,0.6760869565217391,6.7614493996569465
2020-06-22,173,6885750,3011,2147,0.0004372798896271285,0.038969888661734224,0.9366499897037928,0.004748132993238518,0.1826635669212886,0.07987220447284345,182.65693522048548,0.0027945971122496508,2.7944956528714826,0.2517436067751578,0.05503920999128667,125.86723354284364,0.02095947834187238,10.479358698268062,0.34407173696446364,0.030090911731389235,68.8138477098683,0.0903586399627387,18.071596767940633,0.4267685154433743,0.01866159342414825,42.67654165404477,0.19934792734047507,19.934647981130386,0.5948189970109599,0.013005024833715764,29.740733891982174,0.4336283185840708,21.681258493495783,0.7861175689139821,0.0068750381220428185,15.722282879062218,0.7005123428039124,14.010185816166187,0.8751245433410827,0.0038267269648463937,8.751207305941898,0.8248719142990218,8.248683204930291,0.4728612811329631,0.8931386422889107,0.19750519750519752,19.684684684684687,0.5031185031185031,10.063233044365122,0.6735966735966736,6.736544434657643
2020-06-23,174,6885750,2898,1912,0.00042086918636314127,0.042347488678556235,0.9440998456805548,0.004506312420094571,0.19358178053830227,0.08146964856230032,193.5747524457762,0.0031380753138075313,3.137961384265206,0.2712215320910973,0.057072320650595414,135.60584262244217,0.015690376569037656,7.844903460663015,0.3940648723257419,0.03316971158035377,78.81240217888923,0.09832635983263599,19.665129170686726,0.49240855762594893,0.020723808417322607,49.24049820896451,0.2337866108786611,23.378491327917462,0.6400966183574879,0.013469847148095704,32.00483091787439,0.4544979079497908,22.724895397489544,0.8019323671497585,0.006750162654521796,16.03862405050844,0.6997907949790795,13.995795573842821,0.8799171842650103,0.003703289537698761,8.799146285096358,0.8179916317991632,8.179892559090833,0.4573057256283272,0.8942741962943593,0.18629550321199143,18.56745182012848,0.5139186295503212,10.2792540980897,0.6745182012847966,6.7457605018713656
2020-06-24,175,6885750,2722,1574,0.0003953091529608249,0.08117052033148352,0.9555121113593992,0.003994956138942727,0.28104335047759,0.11109497531222771,281.03314704488315,0.00698856416772554,6.988310444077278,0.36590742101396034,0.07232065059541098,182.94706827235532,0.026683608640406607,13.341319938692987,0.47354886113152095,0.03743936797467252,94.70908450830319,0.1048284625158831,20.96554026456598,0.5492285084496693,0.02171134799151878,54.92245203254976,0.22490470139771285,22.490306829261687,0.7075679647318148,0.013985404640017428,35.37839823659075,0.49618805590851334,24.80940279542567,0.8508449669360764,0.006726926294265266,17.01687462554631,0.7426937738246506,14.853853904617901,0.9019103600293902,0.0035653290268612323,9.019090502097624,0.8310038119440915,8.310026051000946,0.4821033523013892,0.8989729129403135,0.1921487603305785,19.150826446280988,0.5268595041322314,10.538093786768354,0.6632231404958677,6.632800206965964
2020-06-25,176,6885750,2189,1163,0.00031790291544130995,0.07932916282890959,0.9438127112534933,0.0025171424968698044,0.325262677021471,0.10339819924484461,325.2508681819044,0.007738607050730868,7.7383260963651,0.4093193238921882,0.06505954109787976,204.65223166501852,0.03267411865864144,16.336466203437435,0.5180447693010507,0.03293734932760173,103.6082015224,0.11693895098882201,23.387620371526367,0.5902238465052535,0.018763251909727264,59.02195607007972,0.23215821152192606,23.215652574676906,0.6747373229785291,0.010725048106596958,33.73686614892645,0.3903697334479794,19.518486672398968,0.8232069438099588,0.005233990147783251,16.464114965782787,0.6680997420464316,13.361975435670766,0.8780264961169484,0.0027912677758155963,8.780252209831998,0.7712811693895099,7.712800492790655,0.45664981526233234,0.8952829770001443,0.19700214132762311,19.63454675231977,0.5053533190578159,10.107933196454873,0.6552462526766595,6.553024487532184
2020-06-26,177,6885750,2034,1200,0.00029539265875176994,0.0812628828736234,0.9293505019472537,0.0022556680683940102,0.308259587020649,0.09105431309904154,308.2483954875739,0.0025,2.4999092361312805,0.3785644051130777,0.05591054313099041,189.27533056254535,0.0225,11.249591562590764,0.45968534906588004,0.027157338290394725,91.9364022286556,0.10583333333333333,21.16651296871823,0.5383480825958702,0.015902291672717766,53.83441734779566,0.22083333333333333,22.08317297917453,0.6342182890855457,0.00936710331406663,31.710684191167307,0.38166666666666665,19.083194763135726,0.7561455260570304,0.004467177284200192,15.122844633570047,0.5883333333333334,11.766615401595752,0.8269419862340216,0.0024427152769911325,8.269383834091293,0.7075,7.074969175605377,0.4063185471051031,0.882586815674922,0.16996047430830039,16.93939393939394,0.47035573122529645,9.407921409636677,0.5909090909090909,5.909597692187743
2020-06-27,178,6885750,2479,1694,0.00036001887957012673,0.060723721166736105,0.9311931227148624,0.003928070820943997,0.22146026623638565,0.07972698228289282,221.45222600017314,0.0035419126328217238,3.5417840417444357,0.2855990318676886,0.051408655242521056,142.79433151923735,0.021841794569067298,10.920500795378677,0.37474788221056876,0.026983066600830694,74.94903220922546,0.09386068476977567,18.77200064345415,0.4848729326341267,0.017456214237997036,48.48694118164102,0.2473435655253837,24.734176948450592,0.6317063331988705,0.011371310314780525,31.585316659943526,0.46162927981109797,23.081463990554898,0.7761194029850746,0.005588344641695325,15.52236551696393,0.6729634002361276,13.459248458197541,0.8503428801936265,0.003061390463797751,8.503416452640323,0.781582054309327,7.815809192391906,0.40988698058960366,0.8730129019119268,0.17092337917485265,17.035363457760315,0.45579567779960706,9.116695366760238,0.5972495088408645,5.973007309256707
2020-06-28,179,6885750,2916,2165,0.0004234832806883782,0.04959977789780706,0.9428386318290788,0.005588465690426055,0.1803840877914952,0.07638687191402846,180.37753884842985,0.006466512702078522,6.466277931794537,0.24074074074074073,0.05097298867266918,120.36600025817278,0.024942263279445726,12.470678868460896,0.3216735253772291,0.02724368283473715,64.3323693687556,0.09468822170900693,18.93695680025543,0.43930041152263377,0.018603502860960238,43.92972216215945,0.24665127020785219,24.664947919395253,0.620713305898491,0.013143085357441093,31.035665294924556,0.4896073903002309,24.48036951501155,0.8141289437585734,0.006895389906125105,16.282555228429676,0.7496535796766743,14.993049819507682,0.8635116598079561,0.003656822195371317,8.635104057537053,0.8161662817551963,8.161650964593369,0.42506291767445575,0.8782233911672883,0.16917293233082706,16.860902255639097,0.46616541353383456,9.324107868298533,0.5902255639097744,5.902761835979313
2020-06-29,180,6885750,3385,2620,0.0004915949606070508,0.056038404334811026,0.9539227311723889,0.007238705902725823,0.17548005908419498,0.08626198083067092,175.47368818457676,0.0064885496183206106,6.488314047974317,0.22304283604135894,0.05482137670636073,111.51736917454164,0.02633587786259542,13.167460862065525,0.28094534711964547,0.027622062795898805,56.18866141709312,0.07709923664122137,15.419735359792329,0.41270310192023635,0.02028812919341253,41.27001051507839,0.24236641221374045,24.236465231356753,0.6319054652880355,0.015532077115782595,31.595273264401776,0.5244274809160305,26.221374045801525,0.8389955686853766,0.008248907891067943,16.779887004703426,0.7919847328244275,15.839671652935337,0.9039881831610044,0.004443960352902734,9.039881831610046,0.8759541984732825,8.759541984732824,0.45369765700097353,0.8793165486963535,0.188,18.737333333333336,0.492,9.840843910806177,0.638,6.380547169811321
2020-06-30,181,6885750,2875,2186,0.00041752895472533857,0.04284958072549947,0.9414562795217176,0.005024597743691814,0.16,0.06680220737728725,159.99419111240195,0.0004574565416285453,0.4574399334183497,0.21356521739130435,0.044583212314841705,106.77873189458131,0.008234217749313814,4.116959400765147,0.28104347826086956,0.023468587527956084,56.2082875028256,0.059469350411710885,11.893783717140732,0.3972173913043478,0.016584855790176885,39.72145069816017,0.2090576395242452,20.905612148974285,0.6006956521739131,0.012540391388011473,30.034782608695654,0.4757548032936871,23.787740164684358,0.7850434782608696,0.006555558137373362,15.700846763276044,0.717291857273559,14.345816311406177,0.8643478260869565,0.0036088919612476166,8.643453155534182,0.8215919487648673,8.215895624175198,0.4669379267659161,0.8844687178346999,0.1827309236947791,18.212182061579654,0.5,10.000857632933105,0.6506024096385542,6.5065820744384055
2020-07-01,182,6885750,2754,2004,0.00039995643176124604,0.03575874898781296,0.9430731314009425,0.0045835150797201235,0.15976761074800291,0.06389776357827476,159.7618102974239,0.0014970059880239522,1.4969516384019645,0.21895424836601307,0.043784490270113274,109.47314955607571,0.01347305389221557,6.736282372808842,0.3253449527959332,0.02602457230822853,65.06851807239818,0.08033932135728543,16.067747597546493,0.4310094408133624,0.017238124282955024,43.10000518567813,0.22055888223552894,22.055407765917213,0.6053013798111837,0.012104709000471989,30.265068990559186,0.45808383233532934,22.904191616766468,0.7868554829339143,0.0062941490844874055,15.737086804106447,0.7070858283433133,14.14169602923997,0.8663761801016703,0.0034651121586806435,8.663724054696893,0.8163672654690619,8.163637087161648,0.487860318527072,0.8926583213108926,0.19148936170212766,19.085106382978726,0.4951644100580271,9.904137539771275,0.6576402321083172,6.576966335004363
2020-07-02,183,6885750,2740,1829,0.0003979232472860618,0.03963861460960208,0.9394995006057282,0.0043923172851990325,0.18248175182481752,0.07261109497531222,182.47512672491098,0.004373974849644614,4.3738160500930015,0.27226277372262775,0.05416787685158292,136.1264445367836,0.018589393110989613,9.294359106447628,0.3799270072992701,0.03023613813935926,75.9848497055084,0.08857299070530344,17.714469509687856,0.4791970802919708,0.019068227366464317,47.91936006884367,0.22307271733187534,22.307109752940264,0.6591240875912409,0.01311403986493846,32.956204379562045,0.4904319300164024,24.52159650082012,0.8135036496350365,0.006474230876475509,16.270049364120887,0.7211591033351559,14.423161120312209,0.8543795620437956,0.0033997748974331048,8.543795620437956,0.7823947512301804,7.823947512301804,0.4739285988912007,0.898123706481965,0.1843137254901961,18.369934640522875,0.5098039215686274,10.196952880637674,0.6588235294117647,6.588800322873575
2020-07-03,184,6885750,3508,2353,0.0005094579384961696,0.0571217490999295,0.922173115601419,0.006063879666806169,0.19897377423033066,0.10136508858553588,198.96655037852156,0.004249893752656183,4.249739457936729,0.27166476624857466,0.06919837351147255,135.82745165525148,0.027199320016999574,13.599166265397534,0.40051311288483465,0.0408086206395771,80.10204092615965,0.12324691882702933,24.649204778332717,0.508266818700114,0.025893868541055506,50.82631280118955,0.26986825329366765,26.98662936938151,0.6684720638540479,0.017027919979668155,33.423603192702394,0.5061623459413515,25.308117297067575,0.7998859749144812,0.008150153359977694,15.997696265241279,0.7016574585635359,14.033128791313864,0.8380843785632839,0.004269674996405631,8.38081944313001,0.7586060348491288,7.5860383144693895,0.49110721756883624,0.9004293117121299,0.19215686274509805,19.151633986928104,0.5196078431372549,10.393048128342246,0.6588235294117647,6.588800322873575
2020-07-04,185,6885750,3942,2609,0.0005724866572268816,0.06909009823736774,0.9421708213102078,0.007529685829947759,0.2252663622526636,0.12895730467615452,225.25818383405147,0.011115369873514757,11.114966323925971,0.3039066463723998,0.08698809178042405,151.94780643760905,0.03526255270218474,17.630636237951542,0.4048706240487062,0.046356269424032065,80.973536830677,0.12341893445764661,24.683607654644053,0.5276509386098427,0.030207092857765256,52.76471071673189,0.294365657339977,29.436351985662473,0.6973617453069508,0.01996151472243401,34.86808726534754,0.5450364124185512,27.25182062092756,0.8158295281582952,0.009341016823124826,16.316566867029874,0.7221157531621311,14.442294089065388,0.8663115169964485,0.004959503439702459,8.6630900075929,0.798390187811422,7.983878688545361,0.5092663481958507,0.9042128219790156,0.18853974121996303,18.79112754158965,0.5046210720887245,10.093287001074815,0.6506469500924215,6.507027517176438
2020-07-05,186,6885750,3791,2189,0.0005505573103873943,0.109940348668486,0.9365774694272637,0.005390054451661325,0.2833025586916381,0.15596863200697067,283.29227323714014,0.005025125628140704,5.024943188203579,0.38222104985491956,0.10521347661922742,191.10358655522163,0.0328917313841937,16.44526861593899,0.48667897652334474,0.05358854454093932,97.335088518273,0.11923252626770214,23.8463320964254,0.5729359008177262,0.03154317581108949,57.293174054658245,0.2617633622658748,26.176146151823282,0.7061461355842785,0.019438695857386633,35.307306779213924,0.4915486523526725,24.577432617633622,0.8063835399630704,0.008879194163026304,16.12764737748836,0.6646870717222476,13.293722128309632,0.849116328145608,0.004674865229110512,8.491150949973017,0.7386934673366834,7.3869239455246305,0.5001102159375593,0.8961071599579896,0.1897810218978102,18.914841849148416,0.4927007299270073,9.854859711284446,0.6386861313868614,6.387409072128808
2020-07-06,187,6885750,3355,2072,0.00048723813673165597,0.07863911463361911,0.9362087482697071,0.004223648107067647,0.24947839046199702,0.12155097298867266,249.46933301244493,0.0,0.0,0.3326378539493294,0.08103398199244845,166.3128886749633,0.012548262548262547,6.273903488360357,0.42086438152011924,0.041011937610735134,84.17226509780014,0.08252895752895753,16.50567165195095,0.4977645305514158,0.02425281013099422,49.776091612367644,0.1920849420849421,19.208354729463387,0.6309985096870343,0.015372326907018117,31.549925484351714,0.40395752895752896,20.197876447876446,0.8050670640834575,0.007845176131610744,16.101317898133733,0.6843629343629344,13.687238809629076,0.8545454545454545,0.004163671350252333,8.545454545454547,0.7644787644787645,7.644787644787645,0.4930658475361448,0.8961237632064396,0.1865671641791045,18.59452736318408,0.4925373134328358,9.851591101098283,0.6361940298507462,6.362485919459307
2020-07-07,188,6885750,2377,1361,0.00034520567839378425,0.05425818475965412,0.952212773812763,0.0030927950138737435,0.2503155237694573,0.08640720302062155,250.30643592732218,0.0,0.0,0.3517038283550694,0.06070287539936102,175.84552977751375,0.01322556943423953,6.612544636350192,0.47160286074884306,0.03255976066687966,94.31988725787406,0.09625275532696546,19.25041128097396,0.5515355490113588,0.019039182084870314,55.15315441350264,0.22116091109478325,22.115930517454817,0.6621792175010518,0.011429401299785789,33.10896087505259,0.4114621601763409,20.573108008817048,0.8514934791754312,0.0058787991449019425,17.029844851497078,0.7406318883174137,14.812616254361554,0.8960875052587295,0.0030933404591504785,8.960862038954737,0.8185157972079353,8.185146084999392,0.49135697049457583,0.9077261938961296,0.2052401746724891,20.45560407569141,0.5502183406113537,11.005310582965686,0.6834061135371179,6.8346472469608335
2020-07-08,189,6885750,2065,1207,0.00029989471008967796,0.059474759026891186,0.9603329746692473,0.003157491412821355,0.28135593220338984,0.08437409236131281,281.34571742223227,0.0024855012427506215,2.485411005267222,0.3641646489104116,0.054603543421434794,182.07571385672864,0.030654515327257662,15.326701199147868,0.4721549636803874,0.02831914955415493,94.43030704238367,0.1060480530240265,21.209456595027174,0.5670702179176755,0.01700601237328996,56.70661002391348,0.2609776304888152,26.097573544662342,0.6832929782082324,0.010245797480303525,34.16464891041162,0.45981772990886494,22.99088649544325,0.8595641646489104,0.005155567431917464,17.191258326549967,0.7597348798674399,15.194675530507089,0.9070217917675545,0.0027200985218813266,9.070178400505736,0.8409279204639603,8.409242567050812,0.4907395007289681,0.9228825982560342,0.22797927461139897,22.721934369602764,0.582901554404145,11.65903091922253,0.7227979274611399,7.2285991699179695
2020-07-09,190,6885750,2006,1123,0.0002913262898014014,0.06295527208469053,0.9612687333554429,0.003443071673111064,0.2846460618145563,0.08292187046180656,284.63572758344196,0.006233303650934996,6.233077347433293,0.382851445663011,0.05576532094103979,191.4187730158349,0.034728406055209264,17.363572610707028,0.5064805583250249,0.029510006099509135,101.29537612148307,0.14514692787177205,29.029174782684784,0.5937188434695913,0.01729646518923001,59.371453228684224,0.27960819234194123,27.96061620172706,0.7382851445663011,0.01075409359909959,36.91425722831506,0.5360641139804097,26.80320569902048,0.8673978065802592,0.005053893676533377,17.347880549945017,0.7640249332146037,15.280432090140717,0.9227318045862413,0.002688144715421179,9.227264443774368,0.8628673196794301,8.628623072272951,0.5529425202751785,0.9372130487014338,0.2661064425770308,26.521942110177406,0.6442577030812325,12.886259134871787,0.7871148459383753,7.871823514997766
2020-07-10,191,6885750,2613,1605,0.0003794793595468903,0.09168698463444006,0.9526327263582615,0.005330238952270228,0.27898966704936856,0.105851604472194,278.93903003995786,0.014330218068535825,14.327617114189133,0.36739380022962115,0.06970665117629973,183.6902308982801,0.0529595015576324,26.478789416966837,0.4829697665518561,0.036655145371634376,96.59325191072767,0.16947040498442367,33.89383488110301,0.5931879066207424,0.022510093235353915,59.318359929329596,0.34205607476635513,34.205359098760205,0.7087638729429774,0.01344806302871873,35.43819364714887,0.5283489096573208,26.417445482866047,0.8568694986605434,0.0065032763267961705,17.137365085050416,0.7688473520249222,15.376924708980875,0.900497512437811,0.003417202192934684,9.00497512437811,0.8398753894080997,8.398753894080997,0.5337877508489248,0.9190914113013458,0.2620320855614973,26.11586452762924,0.6176470588235294,12.354000605387954,0.7566844919786097,7.567493877326387
2020-07-11,192,6885750,3132,1938,0.000454852412591221,0.09327034125067193,0.9421438974840376,0.0052872558925099655,0.28991060025542786,0.13186174847516702,289.90007489236314,0.010835913312693499,10.835519908928154,0.38026819923371646,0.08647981411559687,190.12719669427557,0.053147574819401446,26.572822633799994,0.47988505747126436,0.04365505823578959,95.97631457442151,0.16408668730650156,32.81709916409838,0.5552362707535121,0.025254872345987393,55.52322390050533,0.28431372549019607,28.43116609971416,0.671455938697318,0.015270667683258904,33.5727969348659,0.4716202270381837,23.581011351909186,0.7972541507024266,0.007252648945069245,15.945059857442704,0.672858617131063,13.457152799139722,0.8611111111111112,0.003916784663979958,8.61111111111111,0.7760577915376677,7.760577915376677,0.50575308737358,0.9156799219559373,0.2358490566037736,23.5062893081761,0.5566037735849056,11.133030195151946,0.7169811320754716,7.170426227385999
2020-07-12,193,6885750,3799,2419,0.0005517191300874996,0.10652514553573682,0.8872414039185496,0.004455187756794493,0.2648065280336931,0.1460935230903282,264.79691408771447,0.0037205456800330715,3.7204106035852047,0.34824953935246117,0.09606447865233808,174.1184479811363,0.032658123191401406,16.32846876017951,0.4361674124769676,0.04812803160126637,87.23284906512764,0.11905746176105829,23.811319449336523,0.514872334824954,0.028406285398936942,51.48685961719664,0.24018189334435716,24.01801493066757,0.6070018425901553,0.01674472642776749,30.35009212950776,0.3836295990078545,19.181479950392724,0.7130823901026586,0.007868412491867274,14.261627090254036,0.5498139727159983,10.996263484725537,0.7870492234798632,0.0043422885167526655,7.87046937463271,0.6659776767259198,6.6597574236657655,0.5049386521254637,0.9091017645558215,0.2101010101010101,20.940067340067337,0.5070707070707071,10.142283902489734,0.6707070707070707,6.707645927543012
2020-07-13,194,6885750,4188,2847,0.0006082126130051192,0.07227480615729795,0.8720390185004773,0.00428401877478093,0.21585482330468003,0.13128085971536452,215.84698657714213,0.00035124692658939234,0.35123417437741916,0.2834288443170965,0.08618936973569562,141.70927713886488,0.013347383210396909,6.6734493131709645,0.37822349570200575,0.046007726044904,75.64414986000425,0.09097295398665262,18.194458680577224,0.448901623686724,0.02730256469836475,44.8898364068207,0.19037583421145066,19.037445183152233,0.5291308500477555,0.016091202846458267,26.45654250238778,0.3076923076923077,15.384615384615383,0.7043935052531041,0.008568407844595222,14.087849645635519,0.5651563048823323,11.303109682427268,0.772683858643744,0.0046995606869258974,7.726838586437441,0.6656129258868985,6.656129258868984,0.4964515016817084,0.9087805986284769,0.18773946360153257,18.711366538952745,0.5268199233716475,10.537302103665148,0.6743295019157088,6.743873346345695
2020-07-14,195,6885750,4248,2650,0.0006169262607559089,0.10366020962756034,0.9592099592247244,0.007686077513911183,0.2664783427495292,0.1643915190241069,266.4686681074021,0.010566037735849057,10.565654130064281,0.3556967984934087,0.10971536450769677,177.84194236319988,0.047924528301886794,23.96139418782435,0.4635122410546139,0.05719015945859595,92.70177506874461,0.150188679245283,30.037517735432555,0.5546139359698682,0.034215341717737956,55.46099087403817,0.2860377358490566,28.60356588374105,0.6685499058380414,0.020622299676868894,33.42749529190207,0.46867924528301885,23.433962264150942,0.8479284369114878,0.01046217120550237,16.958544109766464,0.7562264150943396,15.12450633695002,0.9138418079096046,0.005637713719743761,9.13839153618776,0.8618867924528302,8.618842890674646,0.5071854839765743,0.909446364248641,0.1731123388581952,17.25352977286679,0.5359116022099447,10.719151275077472,0.6887661141804788,6.888251850307515
2020-07-15,196,6885750,3610,1841,0.000524271139672512,0.11473413671991882,0.9709816470875308,0.005875725456157605,0.31689750692520774,0.16613418530351437,316.8860017877214,0.008147745790331342,8.147449981959632,0.4279778393351801,0.1121841417368574,213.98115068270522,0.047256925583921784,23.627604947682936,0.5537396121883656,0.0580615179064161,110.74711826152485,0.14502987506789788,29.00576439190153,0.6329639889196675,0.03318423422115077,63.295939276534334,0.2813688212927757,28.13667781836141,0.7548476454293629,0.01978724176741822,37.74238227146815,0.5192829983704509,25.96414991852254,0.913573407202216,0.009579133869702867,18.271335469059977,0.830526887561108,16.610417136785557,0.9401662049861496,0.0049289986029178974,9.40162108865427,0.8826724606192287,8.826686149875329,0.5318335219185369,0.9132766615528748,0.18700787401574803,18.638451443569554,0.5807086614173228,11.6151692980916,0.7145669291338582,7.146282127469916
2020-07-16,197,6885750,2656,1033,0.00038572414043495625,0.1300273113515709,0.9689215296557008,0.003358967240537714,0.3802710843373494,0.1466744118501307,380.2572783874388,0.003872216844143272,3.8720762611907547,0.5248493975903614,0.10121986639558525,262.4151713228167,0.036786060019361085,18.392362240656087,0.6622740963855421,0.05109065032385489,132.45385748022733,0.1771539206195547,35.43052684963545,0.7394578313253012,0.028522466525312963,73.94524618850667,0.33688286544046464,33.6880419226042,0.8128765060240963,0.015677304578295755,40.643825301204814,0.5208131655372701,26.040658276863507,0.8975903614457831,0.006924415244169869,17.95172901639408,0.7386253630203291,14.772442899474662,0.927710843373494,0.003578404676324293,9.27710843373494,0.8160696999031946,8.160696999031947,0.5538744547844534,0.91476636602128,0.19718309859154928,19.652582159624412,0.5835010060362174,11.671020980082899,0.7122736418511066,7.123347287843701
2020-07-17,198,6885750,2549,1343,0.000370184801946048,0.08100129582075968,0.9535672286661866,0.0029654439319964187,0.3028638681836014,0.11211153064188208,302.8528725450528,0.004467609828741623,4.467447629720829,0.41074931345625737,0.0760238164391519,205.36720048877606,0.023827252419955324,11.913193679255546,0.5103962338171832,0.03778791135380057,102.07850553331984,0.0953090096798213,19.06166352211303,0.5833660258925069,0.02159516686514276,58.33617898848833,0.2144452717795979,21.44437146237716,0.6865437426441742,0.012707402969901608,34.32718713220871,0.40655249441548774,20.327624720774384,0.8450372695174578,0.006256389999070545,16.900720845861123,0.7073715562174236,14.147410578423079,0.904276186739898,0.003347473565124699,9.042709337409727,0.8190618019359642,8.190570439529184,0.5326224737779414,0.9017712105914258,0.19961612284069097,19.895073576455534,0.5431861804222649,10.864655317159572,0.6775431861804223,6.776012945154291
2020-07-18,199,6885750,2959,2025,0.00042972806157644413,0.051561092549544676,0.9457685765025563,0.004344187535721967,0.2254139912132477,0.09686320069706651,225.40580743488533,0.01037037037037037,10.369993868396424,0.28861101723555255,0.062009875108916646,144.30026952728042,0.03111111111111111,15.554990802594634,0.36600202771206486,0.03145603996630748,73.19987401081504,0.08641975308641975,17.283825112980765,0.4423791821561338,0.019010136803276307,44.23759698991545,0.18962962962962962,18.962825266813184,0.5657316661034133,0.012155538612351595,28.286583305170662,0.3664197530864198,18.320987654320987,0.8097330179114566,0.006959289896830561,16.194636839168986,0.7229629629629629,14.459238260474432,0.8854342683338966,0.003804953992006692,8.854329824420438,0.8330864197530864,8.330852098845755,0.504506724046209,0.8844985793438016,0.1890359168241966,18.840579710144926,0.5141776937618148,10.284435826683572,0.6427221172022685,6.427772391677231
2020-07-19,200,6885750,4268,3281,0.0006198308100061722,0.05616115658716149,0.9501514058321888,0.008113061233774813,0.17455482661668228,0.10819053151321521,174.54848930813534,0.014020115818348064,14.01960681036744,0.22727272727272727,0.07043276212605286,113.63223800596731,0.030783297775068576,15.39109008529469,0.29662605435801315,0.0367713264980104,59.324780092238775,0.09113075281926242,18.22601821793361,0.3858950328022493,0.02391878939266316,38.58922306947759,0.20359646449253277,20.359498611337212,0.5759137769447048,0.017848455142867516,28.795688847235237,0.4501676318195672,22.508381590978363,0.8275538894095595,0.010258853053257739,16.55105375151581,0.7765925022858885,15.531827489238825,0.887535145267104,0.00550120829073334,8.875338563242055,0.8546174946662602,8.546162535287612,0.47902999717400474,0.8874729748221128,0.17523809523809525,17.465396825396827,0.5276190476190477,10.553285959323695,0.6533333333333333,6.533893653516295
2020-07-20,201,6885750,4514,3315,0.0006555567657844098,0.06693518134844215,0.9554350281851007,0.010027024407428734,0.1891891891891892,0.12401975021783329,189.18232057209696,0.009351432880844645,9.351093371954114,0.2638458130261409,0.08647981411559687,131.91811697972335,0.039819004524886875,19.908779437063593,0.35378821444395214,0.04638531470562607,70.75712909487477,0.1257918552036199,25.158188357731152,0.45502879929109435,0.02982950419704319,45.50254951811922,0.2585218702865762,25.8519993076446,0.6825431989366415,0.02237229060015249,34.12715994683208,0.5680241327300151,28.401206636500753,0.8442622950819673,0.011069221117204202,16.8852213796608,0.788235294117647,15.764682987703866,0.895436420026584,0.005870085509805744,8.954351196088814,0.857918552036199,8.57917306104665,0.5009068235542757,0.8912738912134823,0.1970954356846473,19.643845089903184,0.5643153526970954,11.287275004804169,0.6825726141078838,6.826311537831932
2020-07-21,202,6885750,4373,2525,0.0006350796935700541,0.11627611796882865,0.9675543905507373,0.010235093273239113,0.27486851131946033,0.1745570723206506,274.8585320676697,0.006336633663366337,6.33640360841196,0.38371827120969587,0.12184141736857391,191.85217005388927,0.04910891089108911,24.553563982596344,0.5286988337525727,0.06715269104533969,105.73899894018929,0.19683168316831684,39.36605078208016,0.632975074319689,0.040198669726103,63.29704780848701,0.36633663366336633,36.63339735756956,0.7941916304596387,0.02521856574399489,39.70929317898761,0.643960396039604,32.19778600184222,0.9083009375714612,0.011536852867366856,18.165992369419467,0.8411881188118812,16.823737943549908,0.930711182254745,0.005910723388311291,9.30705775693219,0.88,8.799948880230154,0.5276450443157292,0.8937836145864981,0.21193415637860083,21.122770919067214,0.5596707818930041,11.194375622048579,0.6810699588477366,6.811283696503822
2020-07-22,203,6885750,3177,1541,0.00046138764840431327,0.09316761534913749,0.9663641197609352,0.005550224561786153,0.2782499213094114,0.12837641591635202,278.23981929367983,0.001946787800129786,1.9467171209328598,0.4148567831287378,0.09570142317746151,207.42086076304867,0.025957170668397145,12.9781141395524,0.5766446333018571,0.05321095588021726,115.32808922008371,0.15704088254380272,31.407948443927783,0.6833490714510545,0.031528653170292485,68.33441094345027,0.35171966255678133,35.171710860762104,0.8057916273213723,0.018589115201684638,40.28958136606862,0.600259571706684,30.0129785853342,0.9046270066100094,0.008347662422158193,18.09251385690141,0.8033744321868916,16.067465309365673,0.9216241737488197,0.004252260102385361,9.216241737488197,0.8384166125892277,8.384166125892278,0.5192737768239171,0.8960401460539513,0.21218487394957983,21.147759103641455,0.5336134453781513,10.673184196491633,0.6764705882352942,6.765286045807688
2020-07-23,204,6885750,2623,1200,0.0003809316341720219,0.10677587563273391,0.9670249357742535,0.004280597691967548,0.3305375524208921,0.1259076386871914,330.52555207408625,0.008333333333333333,8.333030787104269,0.45024780785360274,0.08575370316584374,225.11573068021676,0.035,17.499364652918967,0.5913076629813191,0.04504923175230184,118.26067386138483,0.14916666666666667,29.833116703941442,0.7049180327868853,0.026852362833657672,70.49129141511945,0.36,35.999738592465654,0.8208158597026306,0.015633736339541807,41.04079298513153,0.6091666666666666,30.458333333333332,0.9043080442241708,0.0068895808160609725,18.086134618449044,0.7916666666666666,15.833310339018494,0.9233701868089973,0.003517409142068765,9.233701868089973,0.8325,8.325,0.5440174925773054,0.9042001001135616,0.22377622377622378,22.3030303030303,0.5710955710955711,11.422891002650864,0.6899766899766899,6.900358646499297
2020-07-24,205,6885750,2444,1157,0.00035493591838216607,0.0874639952166788,0.9658507813714549,0.004266952655117272,0.31260229132569556,0.11094975312227709,312.5909421283631,0.00432152117545376,4.321364280261505,0.4308510638297872,0.07645948300900378,215.41771077301465,0.03543647363872083,17.71759354907217,0.5912438625204582,0.0419704319033373,118.24791386186777,0.17458945548833188,34.917637547671475,0.7000818330605565,0.024848238403671324,70.00767495420614,0.3742437337942956,37.424101629063735,0.8199672667757774,0.014551791743818756,40.99836333878887,0.6214347450302506,31.07173725151253,0.9026186579378068,0.006407426340737987,18.052346941790752,0.7960242005185826,15.92046088949028,0.9251227495908347,0.0032835881587508133,9.251214060604916,0.8435609334485739,8.435597083682145,0.5909496171550493,0.9179336108402594,0.2572944297082228,25.643678160919542,0.6737400530503979,13.475956704323652,0.7586206896551724,7.586857514638907
2020-07-25,206,6885750,3437,2023,0.0004991467886577352,0.10383047056123293,0.9639451189690246,0.007894292705571194,0.25865580448065173,0.12910252686610513,258.6464138400592,0.008897676717745922,8.897353682721315,0.35088740180389877,0.08756898054022655,175.43733132233487,0.033119130004943154,16.558963798398004,0.48879837067209775,0.04879607307792849,97.75896427010362,0.1537320810677212,30.746192953965007,0.6153622345068374,0.030715385285660344,61.53577661644915,0.3509639149777558,35.09613665163208,0.8036077974978179,0.02005576694066049,40.180098112206274,0.6678200692041523,33.390760997433055,0.9074774512656386,0.009059275955014406,18.149522667221547,0.8433020266930301,16.86601603977348,0.9316264183881292,0.0046501833496714225,9.316264183881291,0.8843302026693031,8.84330202669303,0.6090359077558107,0.9296768200550195,0.24878048780487805,24.795121951219514,0.6560975609756098,13.12307660126344,0.7878048780487805,7.87872442789608
2020-07-26,207,6885750,4543,3032,0.0006597683621972915,0.09109585819589473,0.9498495989152572,0.01012658999290331,0.21571648690292758,0.14231774615161197,215.70865519776845,0.004617414248021108,4.6172466102688565,0.2969403477878054,0.0979523671216962,148.4647836029539,0.028693931398416885,14.346444824763946,0.40171692714065593,0.053007638909059226,80.3428020290677,0.11345646437994723,22.691128107241617,0.5395113361215056,0.035594992593453195,53.950741855683546,0.31299472295514513,31.29924502001787,0.7393792648029937,0.02439095232908543,36.968963240149684,0.6114775725593667,30.573878627968337,0.8707902267224301,0.011490280024746507,17.415627488531424,0.8073878627968337,16.147593100758655,0.9016068677085626,0.005948499586829069,9.016042489546173,0.8529023746701847,8.528998973804272,0.5422631848596907,0.9000825307892152,0.20689655172413793,20.620689655172413,0.5598377281947262,11.19771483444031,0.6937119675456389,6.937714625685845
2020-07-27,208,6885750,5140,3441,0.0007464691573176487,0.10878545435738578,0.9540015889093222,0.012256488533365521,0.22957198443579765,0.17136218414173685,229.5636496992149,0.005812263876780006,5.8120528593578165,0.3186770428015564,0.11893697356956143,159.33273652852287,0.04010462074978204,20.05158236478447,0.4303501945525292,0.06424816288593918,86.0694139283766,0.15373437954083116,30.74665264524901,0.546887159533074,0.040823143280374105,54.68831884101868,0.32403371113048535,32.403135821788894,0.7328793774319066,0.02735359256435392,36.643968871595334,0.6012786980528916,30.063934902644583,0.8708171206225681,0.013000705802392758,17.416266532845512,0.8073234524847428,16.146398702679488,0.9093385214007782,0.006787892166330951,9.093332389944232,0.8648648648648649,8.648598408088606,0.5152816179689673,0.8859816290158962,0.18874773139745918,18.811857229280097,0.5081669691470054,10.164211024396621,0.6352087114337568,6.352631890247889
2020-07-28,209,6885750,4866,2608,0.0007066768325890426,0.11930555268113618,0.9594713507395898,0.008305463320973578,0.2704480065762433,0.19111240197502177,270.4381878132976,0.0,0.0,0.3970406905055487,0.14028463549230322,198.5131378629525,0.01495398773006135,7.476722408674844,0.5392519523222359,0.07621481890266926,107.84960732820693,0.15030674846625766,30.061131408159802,0.6413892314015619,0.04532516192744489,64.13845740688525,0.3320552147239264,33.20528035646223,0.7585285655569256,0.026801728206803908,37.926428277846284,0.5498466257668712,27.492331288343557,0.8690916563912865,0.012283285263252675,17.381757398570098,0.7561349693251533,15.122633499852379,0.9021783806000822,0.006375467086469632,9.021757601861543,0.8178680981595092,8.178657226282377,0.5284971941125589,0.8865111919260261,0.1875,18.6875,0.5052083333333334,10.105033233276158,0.6111111111111112,6.111635220125786
2020-07-29,210,6885750,3826,1554,0.0005556402715753549,0.1493564253210526,0.9562578444609848,0.004283478246405542,0.3366440146366963,0.1870461806564043,336.63179259143647,0.001287001287001287,1.2869545617149452,0.47909043387349715,0.13309613708974732,239.53652011649964,0.018018018018018018,9.008681932004617,0.6502875065342394,0.07226466060588457,130.05655691766066,0.1718146718146718,34.36268484265812,0.7328802927339257,0.040721484794795086,73.28749710553065,0.34491634491634493,34.49138403682538,0.7974385781495034,0.022154449406382747,39.871928907475166,0.5019305019305019,25.0965250965251,0.8392577104025092,0.009326494097964495,16.785129831432048,0.6048906048906049,12.097794528492084,0.8810768426555149,0.004895617761318666,8.81076842655515,0.7078507078507078,7.078507078507078,0.5258825067807987,0.8860284136451868,0.1917562724014337,19.111708482676224,0.525089605734767,10.502692782972758,0.6254480286738351,6.255016691565687
2020-07-30,211,6885750,2662,1039,0.0003865955052100352,0.11937533245948127,0.9536023523383349,0.0022051997711531155,0.370022539444027,0.14304385710136508,370.0091055731497,0.0038498556304138597,3.849715859297449,0.5191585274229902,0.1003485332558815,259.56983954420963,0.03176130895091434,15.880077919601975,0.6408715251690458,0.04955125039937262,128.17337431911346,0.11934552454282965,23.868931587347564,0.7208865514650639,0.027868947689447848,72.08813168768427,0.2897016361886429,28.969953257224258,0.775732531930879,0.014994735504483898,38.786626596543954,0.4273339749759384,21.366698748796917,0.8196844477836214,0.006337717259968399,16.393665147568523,0.5380173243503369,10.76033086005127,0.8692712246431255,0.003360563482554551,8.692712246431254,0.6650625601539942,6.650625601539942,0.5275746098496381,0.8947695126577084,0.2066115702479339,20.59228650137741,0.5557851239669421,11.11665579859093,0.6735537190082644,6.73611485193428
2020-07-31,212,6885750,1780,743,0.000258504883273427,0.10005362980698358,0.9480146029859012,0.0015164673658255735,0.36797752808988765,0.09512053441765903,367.96416846426723,0.004037685060565276,4.037538470198569,0.49213483146067416,0.06360731919837351,246.0584821180901,0.020188425302826378,10.093846175496422,0.597752808988764,0.030904179616021377,119.54969370281977,0.09152086137281291,18.30403936210307,0.6719101123595506,0.017369078393215023,67.19052334049458,0.23149394347240915,23.14922625207153,0.7651685393258427,0.00988999019714628,38.258426966292134,0.44414535666218036,22.207267833109018,0.8398876404494382,0.004342294822938935,16.79772841407403,0.6177658142664872,12.355298342043476,0.8769662921348315,0.0022669809361571115,8.769586506260579,0.7065948855989233,7.065887286336372,0.5124274426195781,0.892444687030314,0.232662192393736,23.188665175242352,0.5749440715883669,11.499867613708313,0.6845637583892618,6.846224688316622
2020-08-01,213,6885750,1400,666,0.00020331844751842574,0.07536504717302665,0.9284151427305617,0.0012592105573886495,0.3457142857142857,0.07028753993610223,345.70173436786854,0.0045045045045045045,4.5043409660023075,0.45571428571428574,0.0463258785942492,227.84887037882245,0.025525525525525526,12.762299403673207,0.5628571428571428,0.02288768189607598,112.57061115421799,0.11711711711711711,23.423253338441118,0.6392857142857142,0.012997763513317261,63.92810722273166,0.24924924924924924,24.92474393705914,0.7164285714285714,0.007283157245035036,35.82142857142857,0.4069069069069069,20.345345345345347,0.7892857142857143,0.0032095129382582657,15.785645510437037,0.5570570570570571,11.141092601362898,0.8314285714285714,0.0016904476636531967,8.314285714285713,0.6456456456456456,6.456456456456457,0.4405400968880728,0.8887343514953724,0.1956043956043956,19.495238095238097,0.5340659340659341,10.68223474638569,0.6725274725274726,6.725851506983584
2020-08-02,214,6885750,1405,853,0.00020404458483099154,0.05450653276265332,0.8741708453908251,0.001225316952815244,0.27900355871886123,0.05692709846064479,278.99342934191094,0.007033997655334115,7.03374228219821,0.35871886120996443,0.03659599186755736,179.35291886265702,0.029308323563892145,14.653629754579605,0.4555160142348754,0.018588980220163233,91.10254131742988,0.1160609613130129,23.212023711437404,0.5281138790035588,0.010775799471375875,52.811004419947636,0.223915592028136,22.391396610528002,0.598576512455516,0.00610681479867843,29.9288256227758,0.3388042203985932,16.940211019929656,0.6669039145907474,0.0027215428853582736,13.33798143975497,0.451348182883939,9.026898110003435,0.7181494661921708,0.0014653387125351087,7.181463373550622,0.5357561547479485,5.357538205629116,0.29545289909930056,0.8386813567239438,0.14799154334038056,14.749823819591262,0.4143763213530655,8.288237192621093,0.5560253699788583,5.5559655863954305
2020-08-03,215,6885750,1439,971,0.000208982318556439,0.05088138666631025,0.8385811147251758,0.001081677003439214,0.2717164697706741,0.056781876270694163,271.70660495547764,0.014418125643666324,14.417602185721085,0.3314801945795691,0.034635492303223936,165.73408000481183,0.03913491246138002,19.566745823478616,0.39471855455177207,0.01649771994539487,78.94313767477605,0.10710607621009269,21.421059695711342,0.4461431549687283,0.009323535391675622,44.613991538033645,0.18022657054582905,18.022526186295597,0.5003474635163307,0.005228188650473805,25.01737317581654,0.25952626158599384,12.976313079299691,0.5747046560111189,0.002402044787824218,11.494009657929542,0.36972193614830073,7.394385029577281,0.6546212647671994,0.0013680367365788626,6.546184127100697,0.4881565396498455,4.8815441284704475,0.2698889213297384,0.816606386878052,0.12753036437246965,12.710526315789473,0.37449392712550605,7.490520899160422,0.5242914979757085,5.243364629412296
2020-08-04,216,6885750,1142,753,0.00016584976219003014,0.04160365874909896,0.8662351407712721,0.000947262452941194,0.28371278458844135,0.047051989544002325,283.7024842404676,0.01195219123505976,11.951757304213295,0.3397548161120841,0.028173104850421144,169.87124056373676,0.029216467463479414,14.607703371816248,0.4168126094570928,0.013825554038746406,83.36191656943788,0.12084993359893759,24.16981121376992,0.47197898423817863,0.007827703389584361,47.19755570475527,0.20053120849933598,20.05297523779812,0.5262697022767076,0.004364085248520495,26.313485113835377,0.2815405046480744,14.077025232403718,0.6007005253940455,0.0019925178919973975,12.013993060263642,0.3944223107569721,7.8884347589658095,0.6978984238178634,0.0011574527905939896,6.978923426298216,0.5418326693227091,5.418279480248285,0.2901033412193942,0.842745075552085,0.15458937198067632,15.407407407407408,0.43719806763285024,8.74471126357919,0.5845410628019324,5.845911949685535
2020-08-05,217,6885750,853,544,0.00012387902552372655,0.03186528336857409,0.9155814757897295,0.00118526618883882,0.2801875732708089,0.03470810339819924,280.177400907562,0.001838235294117647,1.838168555978883,0.35756154747948415,0.02214638396747023,178.77428300587118,0.03676470588235294,18.38168555978883,0.45838218053927315,0.011356705103255977,91.67577041587906,0.15625,31.249773083737548,0.5533411488862837,0.0068546864561851925,55.33371308989119,0.29963235294117646,29.963017721466002,0.6178194607268465,0.003826743637221799,30.89097303634232,0.4007352941176471,20.036764705882355,0.7033997655334114,0.0017427270192397063,14.067974880105282,0.5349264705882353,10.69851387458448,0.7854630715123095,0.0009730211726502628,7.854607901027604,0.6636029411764706,6.636010137146438,0.3012398860457992,0.8981375254421291,0.19047619047619047,18.984126984126984,0.5714285714285714,11.429551580494978,0.6938775510204082,6.939370602443379
2020-08-06,218,6885750,628,459,9.120284645826525e-05,0.01607035783723856,0.9559442356864686,0.0016868100897208262,0.22611464968152867,0.02062155097298867,226.10644046537698,0.0196078431372549,19.60713126377475,0.28503184713375795,0.01299738600058089,142.5107494482482,0.05010893246187364,25.053556614823293,0.4251592356687898,0.007755090185599349,85.03122969027184,0.21350762527233116,42.701214985011305,0.5668789808917197,0.0051700601237328996,56.68748646018123,0.4074074074074074,40.74044490916895,0.660828025477707,0.0030134698471480956,33.04140127388535,0.5359477124183006,26.79738562091503,0.8009554140127388,0.001460986151129287,16.01908501614409,0.7276688453159041,14.553355770848787,0.8710191082802548,0.0007943861442791128,8.710102536576276,0.8235294117647058,8.235210399137392,0.2591489701066963,0.9249748376544823,0.25555555555555554,25.470370370370368,0.65,13.001114922813036,0.7444444444444445,7.445082904516867
2020-08-07,219,6885750,944,731,0.00013709472461242422,0.03405100610214569,0.9526843620840157,0.0031149571501105154,0.23516949152542374,0.03223932616903863,235.16095356828149,0.03419972640218878,34.198484762397825,0.2955508474576271,0.020258495498112112,147.77005866114985,0.09575923392612859,47.87787866735695,0.4184322033898305,0.011472886229631996,83.68583300390732,0.24897400820793433,49.79444006557797,0.5561440677966102,0.007624386418426327,55.61400294563462,0.426812585499316,42.68094862763826,0.6673728813559322,0.004574665069164579,33.36864406779661,0.5704514363885089,28.522571819425444,0.7902542372881356,0.002166784300398793,15.805015886092146,0.7291381668946648,14.582699803638626,0.8707627118644068,0.0011937610735136077,8.707563889773649,0.8331053351573188,8.330992857125544,0.33255996690490747,0.9048738953567773,0.2543859649122807,25.353801169590643,0.5789473684210527,11.579940417080437,0.7236842105263158,7.237462760675272
2020-08-08,220,6885750,1207,952,0.00017528954725338561,0.03461449769644059,0.9417280529220147,0.004214513192499914,0.22452361226180614,0.03935521347661923,224.51546080913909,0.03991596638655462,39.914517215541466,0.29577464788732394,0.025922160906186466,147.88195481339972,0.11134453781512606,55.67024769536046,0.4275062137531069,0.014987365302506607,85.50062189870329,0.27415966386554624,54.831534620877314,0.5484672742336372,0.009613988207615673,54.84632916370308,0.4275210084033613,42.751790403634224,0.6313173156586578,0.005533166321751443,31.565865782932892,0.532563025210084,26.628151260504204,0.743993371996686,0.002608281438795427,14.879845830311195,0.6754201680672269,13.508383743461602,0.8450704225352113,0.0014813115125497582,8.450655134664041,0.8035714285714286,8.035667605729648,0.3344038209767817,0.8996370778149141,0.23674911660777384,23.59599528857479,0.5371024734982333,10.742970743504111,0.6643109540636042,6.643679275588069
2020-08-09,221,6885750,1471,1158,0.0002136295973568602,0.04192565629139198,0.9123908843855041,0.004377048010710216,0.2399728076138681,0.05126343305257043,239.96409526970552,0.04231433506044905,42.3127988153481,0.28891910265125764,0.030859715364507698,144.4543066425281,0.09758203799654577,48.78924761361567,0.40720598232494903,0.017398123674809026,81.44060509436862,0.2469775474956822,49.395150822515724,0.53025152957172,0.011327659821661971,53.02476792454719,0.40328151986183075,40.327859150550424,0.6097892590074779,0.006513451693715281,30.48946295037389,0.5043177892918825,25.215889464594127,0.7178789938817132,0.003067199553861883,14.357559026515608,0.6416234887737479,12.832451139231788,0.7940176750509857,0.0016962567621537233,7.940176750509857,0.7383419689119171,7.3834196891191715,0.30905227297255433,0.8667196586925,0.20489296636085627,20.420998980632007,0.43425076452599387,8.685760146033644,0.5565749235474006,5.566226572458181
2020-08-10,222,6885750,1414,1066,0.00020535163199361,0.029500632129684932,0.8928700464095527,0.002863455037204706,0.22772277227722773,0.046761545164101075,227.71450467730477,0.01125703564727955,11.256626954437285,0.27934936350777934,0.02868138251524833,139.66961078809842,0.04784240150093809,23.920332278179234,0.3734087694483734,0.015335908681634668,74.68121160153176,0.16885553470919323,33.77086171901093,0.5035360678925035,0.010340120247465799,50.35324115557823,0.34146341463414637,34.14609351588883,0.6025459688826026,0.006186689903060669,30.12729844413013,0.4727954971857411,23.63977485928705,0.7043847241867044,0.002892901644248615,14.087551270781402,0.6078799249530957,12.15747490711572,0.7687411598302687,0.0015786110546341747,7.687355777544037,0.6932457786116323,6.932407447319188,0.30659471327432775,0.85584793959748,0.19667590027700832,19.60203139427516,0.4404432132963989,8.809619743137748,0.5401662049861495,5.402125314188242
2020-08-11,223,6885750,1351,889,0.00019620230185528085,0.03806637824819052,0.9268616404788887,0.003039194693082417,0.28867505551443373,0.05663665408074354,288.66457500849725,0.014623172103487065,14.622641201217842,0.36787564766839376,0.03608771420273018,183.9311458707989,0.06411698537682789,32.057328787285265,0.47520355292376015,0.018647070783351243,95.04002046370157,0.20247469066366705,40.49464408601311,0.5958549222797928,0.011690725841587033,59.5850595586291,0.3858267716535433,38.5823970041736,0.6965210954848261,0.006832952111244237,34.8260547742413,0.5388076490438695,26.940382452193475,0.7883049592894152,0.003093331474429912,15.766030495970218,0.6782902137232846,13.565745170903243,0.840858623242043,0.0016497791822846248,8.408561809338531,0.7581552305961755,7.581530285033649,0.37393691099550225,0.8766319847678035,0.19827586206896552,19.761494252873565,0.5287356321839081,10.575619565860295,0.6206896551724138,6.207428875613652
2020-08-12,224,6885750,1152,690,0.00016730203681516174,0.045519036508847296,0.9216927430802786,0.001993818993920272,0.3107638888888889,0.05198954400232356,310.7526064357634,0.008695652173913044,8.695336473500108,0.3993055555555556,0.03340110368864362,199.64552927437313,0.04927536231884058,24.636786674916973,0.5182291666666666,0.017340033111621016,103.64508072772952,0.19855072463768117,39.70985657945085,0.6032986111111112,0.010093235353916756,60.32942303665999,0.3391304347826087,33.91279722478649,0.671875,0.005620261988439978,33.59350606501786,0.45217391304347826,22.60853148319099,0.8003472222222222,0.0026779827412435485,16.006874705310562,0.6666666666666666,13.333275242601418,0.8376736111111112,0.0014014429779719306,8.376723945807484,0.7289855072463768,7.289844485607601,0.41217117473811965,0.8939334872153708,0.22189349112426035,22.115384615384617,0.5857988165680473,11.716981132075471,0.6893491124260355,6.894082332761578
2020-08-13,225,6885750,1114,673,0.00016178339323966162,0.048523558483742436,0.9331822120205436,0.0020267409501554317,0.34290843806104127,0.055474876561138545,342.8959885824594,0.04309063893016345,43.0890745009255,0.40574506283662476,0.03282021492884113,202.86516601998906,0.06686478454680535,33.43117849209737,0.5017953321364452,0.016236312411048826,100.35833768795283,0.17830609212481427,35.66095947743007,0.5951526032315978,0.009628510848412675,59.51482816378597,0.3298662704309064,32.98638751662281,0.6768402154398564,0.005475075336746179,33.84201077199282,0.4650817236255572,23.25408618127786,0.8061041292639138,0.002608281438795427,16.122059171620837,0.6790490341753344,13.580960960221699,0.8572710951526032,0.0013868920547786055,8.572524206635352,0.763744427934621,7.637277907972549,0.4258952125070193,0.9160135035960665,0.238562091503268,23.77668845315904,0.6372549019607843,12.746191100797095,0.7450980392156863,7.4516194127736854
2020-08-14,226,6885750,1169,683,0.00016977090367788547,0.06365890780596331,0.938632510208771,0.00218060185112823,0.3823781009409752,0.06491431890792913,382.36421849467325,0.03367496339677892,33.67374080879617,0.4516680923866553,0.038338658146964855,225.82584716463924,0.08638360175695461,43.190232776499435,0.5286569717707442,0.017949984025095123,105.73062660461827,0.19619326500732065,39.238368077032675,0.621043627031651,0.010543437218623835,62.10391174348938,0.3513909224011713,35.13883708390986,0.6946107784431138,0.005896234978034346,34.730538922155695,0.4773060029282577,23.86530014641288,0.7972626176218991,0.00270701238196758,15.945090255888164,0.6530014641288433,13.05989651668264,0.8434559452523525,0.001431926143979738,8.434461459288693,0.7320644216691069,7.320559164992531,0.4242362105483695,0.9058049543757627,0.24528301886792453,24.446540880503143,0.6226415094339622,12.453898184407262,0.7389937106918238,7.390570892261885
2020-08-15,227,6885750,1433,866,0.00020811095378136006,0.06547640435772177,0.9369997113034283,0.004082065664902904,0.3440334961618981,0.07159453964565786,344.0210058374659,0.03348729792147806,33.48608214679314,0.4319609211444522,0.04494626778971827,215.9726192833584,0.09815242494226328,49.07443073236926,0.572923935799023,0.02384617618867815,114.58395512295225,0.2956120092378753,59.12197254087252,0.677599441730635,0.014101484213889454,67.75945214639867,0.4676674364896074,46.76640406065111,0.7508722958827634,0.007813237483208075,37.54361479413817,0.5889145496535797,29.445727482678986,0.829030006978367,0.003450569431091722,16.580431584186897,0.7182448036951501,14.364750042969117,0.8597348220516399,0.0017891919445699042,8.597298277963864,0.76905311778291,7.690486503035487,0.4173599129342517,0.8864936787198302,0.22,21.926666666666666,0.5885714285714285,11.772438127909826,0.6628571428571428,6.629139916687086
2020-08-16,228,6885750,1522,926,0.0002210361979450314,0.08243055378868627,0.9166409670960104,0.004563188771132416,0.3528252299605782,0.07798431600348533,352.81242044743703,0.05399568034557235,53.993720002835445,0.442838370565046,0.048939878013360444,221.41114653777706,0.11231101511879049,56.153468802948865,0.5722733245729303,0.0252984402683784,114.45383382259301,0.30561555075593955,61.12266631670135,0.683311432325887,0.015103546428882628,68.33064705826449,0.48056155507559395,48.05580655641714,0.7424441524310118,0.00820535163199361,37.122207621550594,0.5777537796976242,28.887688984881212,0.7930354796320631,0.003505785853703876,15.860686558568634,0.6609071274298056,13.218123352250977,0.8272010512483574,0.0018284084423383297,8.271986486091429,0.7170626349892009,7.170605522515115,0.3837406828590327,0.8520224869965619,0.20923913043478262,20.854166666666664,0.532608695652174,10.653087478559176,0.6005434782608695,6.005949828473413
2020-08-17,229,6885750,1562,843,0.00022684529644555787,0.11930953485009506,0.9244586142225529,0.0030511971986896345,0.41101152368758004,0.0932326459483009,410.99660168918876,0.036773428232502965,36.77209315305799,0.4942381562099872,0.05605576532094104,247.11010631156833,0.09608540925266904,48.04096040964027,0.5838668373879642,0.026489296813732608,116.77251954875756,0.23843416370106763,47.686486470842205,0.674775928297055,0.015306863400040664,67.47710285328425,0.40213523131672596,40.213231128396785,0.7304737516005122,0.008285106413877735,36.52315716348183,0.5029655990510083,25.14791473576596,0.795774647887324,0.0036103494748582583,15.915469844113478,0.6227758007117438,12.455497925431294,0.822663252240717,0.0018661674729187876,8.226608627817248,0.6714116251482799,6.714096750058118,0.44782066630167455,0.8694844729430209,0.24193548387096775,24.112903225806456,0.5725806451612904,11.452595031262105,0.6290322580645161,6.290862059425663
2020-08-18,230,6885750,1488,732,0.00021609846421958393,0.110379544056726,0.9274912321502681,0.0023060914927532476,0.4274193548387097,0.09236131280859715,427.4038371450254,0.025956284153005466,25.955341795898548,0.5134408602150538,0.055474876561138545,256.7111097317606,0.06420765027322405,32.102659589663986,0.6115591397849462,0.026431206250544598,122.31093981161791,0.21448087431693988,42.89586338051843,0.6922043010752689,0.014958320020912602,69.21992747580575,0.3743169398907104,37.43142218554793,0.7493279569892473,0.008096431035108738,37.46639784946236,0.49043715846994534,24.52185792349727,0.8098118279569892,0.0034999767636397436,16.196213037790567,0.6133879781420765,12.267741746711485,0.8299731182795699,0.0017935591620375413,8.299731182795698,0.6543715846994536,6.543715846994536,0.45898444616526585,0.8796786222540848,0.22802197802197802,22.726190476190478,0.5879120879120879,11.759250183778486,0.6620879120879121,6.6214469492771375
2020-08-19,231,6885750,1638,758,0.00023788258359655812,0.11613693632462141,0.9454900498490433,0.002670659438557882,0.4267399267399267,0.1015103107754865,426.7244337132516,0.018469656992084433,18.468986441075426,0.5372405372405372,0.06389776357827476,268.61051621435007,0.06464379947229551,32.320726271881995,0.6562881562881563,0.031223677713555432,131.25667815391594,0.2638522427440633,52.77006536567818,0.7130647130647131,0.01696244445089895,71.30595352733665,0.3812664907651715,38.126372226702486,0.7673992673992674,0.009127546018952184,38.369963369963365,0.4973614775725594,24.868073878627968,0.8211233211233211,0.003906613068129008,16.42244257256979,0.6134564643799473,12.269111469479684,0.8632478632478633,0.002053495444260814,8.632390876263065,0.7044854881266491,7.044783264546668,0.5309420239067039,0.8994378394803814,0.24603174603174602,24.52116402116402,0.6322751322751323,12.64658716545509,0.716931216931217,7.16992703313458
2020-08-20,232,6885750,1895,932,0.00027520604146244053,0.11597317071926408,0.9361207671786671,0.0021343582132785067,0.39630606860158313,0.10906186465291896,396.29168049278985,0.018240343347639486,18.239681121987886,0.48284960422163586,0.06643915190241069,241.41603705120022,0.0407725321888412,20.385525959868815,0.5920844327176781,0.03258880594847367,118.41602668058185,0.17381974248927037,34.763696065685714,0.658047493403694,0.018109733073862152,65.80427151100069,0.30472103004291845,30.471881736588713,0.7065963060686016,0.009722978615256145,35.32981530343008,0.4034334763948498,20.171673819742487,0.7598944591029023,0.0041825448461752955,15.197867110581289,0.5118025751072961,10.236036636609654,0.8189973614775725,0.00225391057842142,8.189902250852398,0.6319742489270386,6.319687421740298,0.5290345170842367,0.9105832654146591,0.24390243902439024,24.308943089430894,0.6504065040650406,13.009245701376397,0.7344173441734417,7.344803302235423
2020-08-21,233,6885750,2111,1143,0.00030657517336528335,0.10863771352382112,0.9421455529008451,0.0030138629667363,0.3855992420653719,0.1182108626198083,385.5852426737779,0.028871391076115485,28.870342884455734,0.45855045002368544,0.07028753993610223,229.26690104927332,0.06649168853893263,33.244637260888425,0.55139744197063,0.03380870777542188,110.27868761942739,0.18110236220472442,36.220209432489504,0.6267171956418759,0.01921345377443434,62.67126448475191,0.3132108486439195,31.32085743195952,0.6892468024632875,0.01056529789783248,34.46234012316438,0.42782152230971127,21.391076115485564,0.7460918995736617,0.004574631851055796,14.921729639226646,0.5328083989501312,10.656090601152709,0.8304121269540502,0.002545833720606004,8.304109209693413,0.6885389326334208,6.885379326872527,0.4859234839645974,0.8885187261610412,0.2181372549019608,21.741013071895424,0.5735294117647058,11.471571990717385,0.6740196078431373,6.740774139844618
2020-08-22,234,6885750,2512,1460,0.000364811385833061,0.11499661996492251,0.9258033778930843,0.00395470916699417,0.3479299363057325,0.12692419401684576,347.91730451890754,0.017123287671232876,17.122666000899184,0.43113057324840764,0.07863781585826314,215.5574604084536,0.0636986301369863,31.848158761672483,0.5302547770700637,0.038688315083214735,106.05018534404692,0.1952054794520548,39.04081240050499,0.6062898089171974,0.022117981933834848,60.62854064526406,0.32465753424657534,32.465517680419936,0.6584394904458599,0.012010311149838434,32.92197452229299,0.413013698630137,20.65068493150685,0.7710987261146497,0.005626103727112185,15.421952125383251,0.6068493150684932,12.13696867515823,0.8304140127388535,0.0030293920739136813,8.30399541120666,0.708904109589041,7.08891755522939,0.43359542402259627,0.8434645175175876,0.19254658385093168,19.190476190476186,0.5238095238095238,10.477088948787062,0.5942028985507246,5.942538593481989
2020-08-23,235,6885750,2943,1748,0.0004274044221762335,0.10605761708779075,0.8888057945164862,0.0034377462969538905,0.32891607203533807,0.14057507987220447,328.9041305572653,0.01887871853546911,18.87803313325681,0.41012572205232756,0.08764159163520185,205.05541610672483,0.05377574370709382,26.886895674638488,0.4920149507305471,0.04205756774811932,98.4022756104698,0.14988558352402745,29.976899031356474,0.5762827047230717,0.024630398791716284,57.62785201497125,0.2877574370709382,28.775534757199058,0.6207951070336392,0.01326652870057728,31.039755351681958,0.3621281464530893,18.106407322654462,0.7050628610261638,0.0060269309415373175,14.101236741654972,0.5034324942791762,10.068635263160022,0.744818212708121,0.0031833582396261296,7.448117226811289,0.5703661327231121,5.703611627968487,0.4003643502157556,0.810235535025565,0.16468590831918506,16.413695529145446,0.4397283531409168,8.795321313852885,0.5229202037351444,5.229650510939552
2020-08-24,236,6885750,3817,2501,0.0005543332244127365,0.08770410737654796,0.8782193800492722,0.005429364658838477,0.24888656012575322,0.13796108045309324,248.8775241629255,0.011995201919232307,11.994766426859405,0.3261723866911187,0.09040081324426372,163.08027241202223,0.04238304678128749,21.19075402078495,0.43908828923238147,0.04867989195155247,87.81702017432602,0.15113954418232706,30.22768934193438,0.5451925596017815,0.030221615498562258,54.51886007839273,0.30707716913234706,30.707493934663493,0.6232643437254388,0.01727480666594053,31.163217186271936,0.4258296681327469,21.291483406637347,0.7029080429656799,0.007792849051671556,14.058058778503383,0.5465813674530188,10.93154797101172,0.7346083311501179,0.004072154393323061,7.346040637627526,0.5949620151939224,5.949585590210494,0.41669629812968895,0.8237866837806038,0.14573643410852713,14.525064599483205,0.4372093023255814,8.744935976704296,0.5596899224806201,5.597379233316048
2020-08-25,237,6885750,4219,2655,0.0006127146643430273,0.10899870782924272,0.8738911591612288,0.005919501476474569,0.27636880777435413,0.16932907348242812,276.35877405347935,0.01431261770244821,14.312098075026542,0.3643043375207395,0.1116032529770549,182.14555562615683,0.05800376647834275,29.0008303099222,0.46835743067077507,0.05739347642975399,93.67080595548198,0.16911487758945387,33.822729918428706,0.5491822706802559,0.033648958726654854,54.917828289183134,0.28926553672316385,28.926343627342142,0.644465513154776,0.019743530163524935,32.22304167420996,0.43653483992467046,21.82658350526663,0.7072766058307656,0.008667036506696332,14.145306145054342,0.535969868173258,10.719226123604054,0.7385636406731453,0.004525254872345987,7.385582777259156,0.5856873822975518,5.856831294338155,0.46395940688407145,0.8331830369403523,0.15756630265210608,15.704108164326573,0.46801872074882994,9.361177191513047,0.5819032761310452,5.819531820723944
2020-08-26,238,6885750,4215,2517,0.0006121337544929747,0.11686993491891413,0.8941886062154498,0.004822844012331689,0.28612099644128114,0.1751379610804531,286.1106086618576,0.007945967421533572,7.945678938836013,0.39169632265717674,0.11988091780424048,195.84105095386687,0.05919745729042511,29.597654047164152,0.4875444839857651,0.059688053675680385,97.50818875381167,0.15693285657528805,31.386343407107077,0.5501779359430605,0.03367800400824886,55.01739409247914,0.24990067540723082,24.989886079835888,0.6227758007117438,0.01906110445485241,31.138790035587185,0.3694874851013111,18.474374255065555,0.7079478054567022,0.008667112027651108,14.158853296417227,0.5121176003178387,10.24227763335722,0.7544483985765125,0.0046181930666108996,7.54441824636204,0.589590782677791,5.895856452361595,0.4671573596611053,0.8433354565422116,0.1573208722741433,15.679646936656283,0.45794392523364486,9.15966400025649,0.6043613707165109,6.044132027380132
2020-08-27,239,6885750,3553,1753,0.0005159931743092619,0.13899995386536204,0.9297081262689538,0.005367388681257605,0.3543484379397692,0.18283473714783618,354.3355731257284,0.018824871648602397,18.824188201330806,0.4745285674078244,0.12242230612837642,237.25566969419305,0.07929264118653737,39.64488121189367,0.6014635519279482,0.0620697667663888,120.29183690167793,0.22418710781517398,44.837095984150984,0.6740782437376864,0.03478172470882105,67.4073349039585,0.34112949229891615,34.11270152483752,0.7416267942583732,0.019133718186108994,37.08133971291866,0.47632629777524244,23.81631488876212,0.8038277511961722,0.008295380611581003,16.076531676384434,0.6023958927552767,12.047900358245556,0.8471714044469463,0.004371327576541801,8.471677134864256,0.6902452937820879,6.9024228651801405,0.4961392529675301,0.8569079046499714,0.16666666666666666,16.61111111111111,0.5033333333333333,10.06753001715266,0.6316666666666667,6.317208404802745
2020-08-28,240,6885750,2994,1466,0.00043481102276440474,0.13066630433623455,0.9279016521376985,0.003477084013284267,0.38142952571810285,0.16584374092361312,381.4156777103437,0.022510231923601638,22.509414677307575,0.478623914495658,0.10405169909962242,239.30326889620076,0.06002728512960437,30.012552903076767,0.5771543086172345,0.050190246594440734,115.43002354297604,0.16302864938608458,32.605493116565455,0.6479625918503674,0.0281739231461849,64.79578867863817,0.2878581173260573,28.78560270960381,0.7207748830995324,0.015670043205170098,36.03874415497662,0.4304229195088677,21.521145975443385,0.7939211756847028,0.006904103541221303,15.878400453895988,0.5798090040927695,11.596163241041765,0.8406813627254509,0.0036552956040604716,8.406630496212221,0.6753069577080492,6.752922470611248,0.4691747446105271,0.8519863424269875,0.16722972972972974,16.66722972972973,0.47466216216216217,9.494057415047982,0.6199324324324325,6.1998559987946775
2020-08-29,241,6885750,2831,1499,0.00041113894637475945,0.10473680830455646,0.9258963393556657,0.0036784177922906543,0.32921229247615685,0.135347081033982,329.20034024363883,0.019346230820547032,19.345528445045268,0.42493818438714237,0.0873511472553006,212.46137838685488,0.06737825216811208,33.68790298188918,0.5407983044860474,0.04446832612042174,108.1588755152575,0.1734489659773182,34.68954130176069,0.6181561285764747,0.025414621394754422,61.81516399467689,0.2868579052701801,28.685582230302114,0.6937477922995408,0.014261336818792434,34.68738961497704,0.4242828552368246,21.21414276184123,0.7806428823737195,0.006419044520866252,15.612834973350333,0.5863909272848565,11.727801513708584,0.8389261744966443,0.0034491422164841406,8.389237378013307,0.6964643095396932,6.964622866306807,0.4898711030493827,0.8776859491377368,0.16923076923076924,16.866666666666667,0.505982905982906,10.120526014865636,0.6410256410256411,6.410806174957118
2020-08-30,242,6885750,2572,1397,0.0003735250335838507,0.08637469896043291,0.8999756930223947,0.0025715157603300137,0.3265940902021773,0.12198663955852454,326.58223302492627,0.025053686471009307,25.05277688320539,0.4140746500777605,0.07733081614870753,207.02980843544435,0.05798138869005011,28.98964182199481,0.5213841368584758,0.03894972261756078,104.2760701842415,0.1381531853972799,27.63043644454733,0.5917573872472783,0.02210313829709987,59.17444966145235,0.25053686471009307,25.0531407104013,0.6531881804043546,0.012199106851105545,32.65940902021773,0.3614889047959914,18.07444523979957,0.72900466562986,0.00544600611695407,14.580029789975308,0.5010737294201861,10.021430926794194,0.7807153965785381,0.002916158977136907,7.807131289588047,0.5962777380100215,5.96276006096995,0.41799446093428044,0.8470418703843703,0.15229357798165138,15.178593272171256,0.47155963302752296,9.432001510692874,0.618348623853211,6.184016554676067
2020-08-31,243,6885750,2221,1098,0.0003225501942417311,0.12403109754686396,0.9089752289765787,0.0023661358616963975,0.4119765871229176,0.13287830380482138,411.96163008737005,0.017304189435336976,17.303561197265697,0.5051778478162989,0.08146964856230032,252.5797535289777,0.06830601092896176,34.151765520919135,0.5920756416028816,0.03819454529611665,118.41426847038956,0.18123861566484517,36.247459926637646,0.639801891040072,0.02063667257254059,63.97972452335496,0.2750455373406193,27.50435401468485,0.6924808644754615,0.0111679918672621,34.62404322377308,0.377959927140255,18.897996357012747,0.7604682575416479,0.004905776559159773,15.209343062689962,0.5154826958105647,10.309638943784261,0.8113462404322377,0.00261697607107951,8.113391707084977,0.6183970856102003,6.183916971627792,0.4206738836705457,0.8593521167014181,0.1902654867256637,18.963126843657818,0.5243362831858407,10.487625039845778,0.6548672566371682,6.549234202097785
2020-09-01,244,6885750,1680,726,0.00024398213702211087,0.1221807330499514,0.9334995260278959,0.0022803904962978615,0.4595238095238095,0.11211153064188208,459.5071262603212,0.024793388429752067,24.79248829221105,0.5523809523809524,0.06738309613708975,276.1804489440272,0.08539944903581267,42.69817428103015,0.6601190476190476,0.03221121728775161,132.02285085662837,0.22589531680440772,45.17873530122718,0.7142857142857143,0.017427168956403033,71.42805276282868,0.3402203856749311,34.02179152257047,0.7785714285714286,0.009497876048360745,38.92857142857143,0.4889807162534435,24.449035812672175,0.8428571428571429,0.004112835765405707,16.85711837597759,0.6363636363636364,12.727254243804342,0.8636904761904762,0.0021072351796450665,8.636842046572033,0.6845730027548209,6.8456803185091175,0.4495953952838434,0.866283770740653,0.22469135802469137,22.394238683127572,0.5753086419753086,11.50715964678229,0.6987654320987654,6.988253605234737
2020-09-02,245,6885750,1458,713,0.0002117416403441891,0.09437816318066726,0.9018048758815856,0.0024221678198739333,0.44787379972565156,0.09483009003775777,447.85753942214717,0.06591865357643759,65.91626036362985,0.5452674897119342,0.05772582050537322,272.62384673859646,0.12903225806451613,64.51378673887176,0.6248285322359396,0.026460251532138605,124.96479903115458,0.24123422159887797,48.24649398398077,0.6714677640603567,0.014217665340265475,67.14628883177845,0.332398316970547,33.239590331986754,0.7229080932784636,0.007653487274443598,36.14540466392318,0.43478260869565216,21.739130434782606,0.7736625514403292,0.003276298247703251,15.473093730536805,0.5385694249649369,10.77127899931254,0.8052126200274349,0.0017049580295680966,8.052067731206119,0.603085553997195,6.030811747997596,0.372979338284667,0.8254338920872148,0.1976190476190476,19.696031746031746,0.5166666666666667,10.334219554030874,0.6,6.000514579759862
2020-09-03,246,6885750,1774,1033,0.00025763351849834805,0.08475669781224773,0.8936588228473885,0.0021215440764880003,0.36358511837655016,0.09366831251815277,363.57191821976915,0.03581800580832527,35.81670541601448,0.43799323562570464,0.0564188207958176,218.98866702074466,0.07066795740561471,35.33269588336564,0.5118376550169109,0.026373115687356587,102.36678767994115,0.16360116166505323,32.719994740920164,0.5574971815107103,0.014362891748235499,55.7493133345054,0.24104549854791868,24.10437482393231,0.6341600901916573,0.00816904476636532,31.708004509582864,0.3727008712487899,18.635043562439495,0.7170236753100339,0.003694549087835581,14.340327723542194,0.5150048402710552,10.29999209650098,0.7587373167981961,0.001954758806580537,7.587362149048441,0.5866408518877058,5.866399999253198,0.3459767276658035,0.8001235115927442,0.17832957110609482,17.773513920240784,0.4898419864559819,9.797679938358844,0.5711060948081265,5.711550747476468
2020-09-04,247,6885750,1844,1164,0.0002677994408742693,0.0716365009579008,0.8812884800949975,0.0019506306106611354,0.31616052060737526,0.08466453674121406,316.14904222658066,0.019759450171821305,19.758732794164764,0.38503253796095444,0.05155387743247168,192.50927957193161,0.059278350515463915,29.638099191247143,0.4436008676789588,0.023759040343896132,88.7195293101859,0.12714776632302405,25.429368612470967,0.4853579175704989,0.012997763513317261,48.53543932311515,0.1872852233676976,18.728386342968484,0.591648590021692,0.007922158080092945,29.582429501084597,0.3548109965635739,17.740549828178697,0.6865509761388287,0.003677079248899926,13.730720411124006,0.5051546391752577,10.102872701320178,0.7424078091106291,0.0019881524124319796,7.424034964155913,0.5936426116838488,5.936391631754761,0.3421527707825828,0.7933991864573477,0.16452991452991453,16.39814814814815,0.47649572649572647,9.530731846769582,0.5427350427350427,5.4278158947970265
2020-09-05,248,6885750,1960,1183,0.00028464582652579603,0.09856151374171963,0.8979562051069342,0.004251321476485402,0.3607142857142857,0.10267208829509149,360.7011897846562,0.0676246830092984,67.62222785815807,0.45255102040816325,0.06440604124310195,226.26729514780064,0.1293322062552832,64.66375538936364,0.5403061224489796,0.030758953208051353,108.06043982262224,0.2459847844463229,49.19659965439798,0.5959183673469388,0.01696244445089895,59.59140401927421,0.3330515638207946,33.304914542668044,0.6714285714285714,0.00955596703336601,33.57142857142857,0.45731191885038036,22.865595942519022,0.7428571428571429,0.004229017566688354,14.85712128052262,0.5748098055790364,11.496179415971076,0.7775510204081633,0.002213256885930134,7.7754763277007255,0.63229078613694,6.322880313693488,0.3706887062093467,0.8157836590345483,0.18620689655172415,18.55862068965517,0.49195402298850577,9.839924291713492,0.5977011494252874,5.977524102442775
2020-09-06,249,6885750,1818,964,0.0002640235268489271,0.11458892496492175,0.8756510853430456,0.0030454642732289884,0.4207920792079208,0.11109497531222771,420.7768021211067,0.05394190871369295,53.93995032316457,0.5027502750275028,0.06636654080743537,251.36601120175914,0.11618257261410789,58.089177271100304,0.5924092409240924,0.03128176827674344,118.4809878501574,0.237551867219917,47.51002845593957,0.6468646864686468,0.01707862557727497,64.6859989376904,0.3350622406639004,33.50598076696175,0.7051705170517052,0.009309080347093636,35.258525852585265,0.4450207468879668,22.25103734439834,0.7541254125412541,0.003982131238962729,15.082486346912878,0.5373443983402489,10.746872359394953,0.7854785478547854,0.0020738451528952507,7.854774071258786,0.5964730290456431,5.9647216280425654,0.36681529694308573,0.7745946756892432,0.2119815668202765,21.127496159754223,0.4539170506912442,9.079119602248026,0.5414746543778802,5.415210930274838
2020-09-07,250,6885750,1750,953,0.00025414805939803217,0.1258814014478112,0.857471340292189,0.002139967304619718,0.3994285714285714,0.1015103107754865,399.4140699556035,0.03672612801678909,36.72479465460434,0.47714285714285715,0.06063026430438571,238.56276710509937,0.08814270724029381,44.069753585525206,0.5485714285714286,0.027883470330244853,109.71348904370485,0.17733473242392445,35.466688947922904,0.6171428571428571,0.01568445206076273,61.71383758708398,0.2969569779643232,29.695482166456163,0.6765714285714286,0.008597465780779145,33.82857142857143,0.4060860440713536,20.30430220356768,0.7228571428571429,0.003674206777967539,14.456953897937133,0.4910807974816369,9.821487578158022,0.7417142857142857,0.001885038775450928,7.41708899889213,0.5257082896117523,5.257044722754253,0.3645735545223128,0.7813566664694297,0.20665083135391923,20.596199524940616,0.4750593824228028,9.502002501599149,0.5486935866983373,5.487406444673509
2020-09-08,251,6885750,1682,878,0.0002442725919471372,0.12447337310684387,0.8819990503817476,0.002751176002004282,0.42092746730083236,0.10281731048504211,420.9121852986794,0.05353075170842825,53.528808245180045,0.5065398335315101,0.06186465291896602,253.26072166276472,0.10933940774487472,54.66771905890728,0.6058263971462544,0.02959714194429115,121.16439960933577,0.24715261958997722,49.43016498712382,0.6605231866825209,0.016134653925469807,66.05183904120317,0.34965831435079725,34.96557753697468,0.6979785969084423,0.008524852049522564,34.89892984542211,0.4214123006833713,21.070615034168565,0.751486325802616,0.0036712916033727087,15.029486419693,0.5239179954441914,10.478192519539581,0.7687277051129607,0.001877763820007697,7.687165412376931,0.5569476082004556,5.569395199091306,0.35120714548733256,0.7748811076633908,0.19318181818181818,19.25378787878788,0.45454545454545453,9.091688757211912,0.5272727272727272,5.273179479182909
2020-09-09,252,6885750,1603,885,0.00023279962240859746,0.09028736397104228,0.8635975906139954,0.0020317259959326045,0.39925140361821587,0.09294220156839965,399.2369085774223,0.04519774011299435,45.19609918429434,0.4610106051154086,0.05365959918675574,230.49693393649616,0.08587570621468926,42.93629422507963,0.543980037429819,0.025327485549972408,108.79521748329539,0.18305084745762712,36.6099036533549,0.6019962570180911,0.014014348369107438,60.19918857303902,0.2847457627118644,28.474369508164923,0.6637554585152838,0.007726101005700178,33.18777292576419,0.39096045197740115,19.548022598870055,0.7217716781035558,0.003360558602100567,14.435412597887698,0.496045197740113,9.920889546946112,0.7417342482844667,0.0017267244371444712,7.417213220878068,0.5322033898305085,5.321941151263999,0.3190106846508748,0.7587078298745629,0.18588235294117647,18.526274509803923,0.4470588235294118,8.941943295328423,0.52,5.200445969125215
2020-09-10,253,6885750,1646,1005,0.0002390444032966634,0.09604296786688181,0.8447869320563206,0.002178153686705986,0.3675577156743621,0.0878594249201278,367.5443712902612,0.031840796019900496,31.83964002236855,0.42284325637910086,0.05053732210281731,211.4139524115883,0.07263681592039802,36.31708940051413,0.4896719319562576,0.023410496964768074,97.9336752582939,0.1681592039800995,33.63159658444828,0.5656136087484812,0.013520578582009352,56.56095016468463,0.28955223880597014,28.955013627439204,0.6300121506682868,0.00753004393130741,31.500607533414335,0.3940298507462687,19.70149253731343,0.695625759416768,0.0033257040617157728,13.912494983571921,0.5014925373134328,10.029836180192076,0.7260024301336574,0.0017354177709684212,7.259813436479834,0.5512437810945273,5.512277704124545,0.31877199787504207,0.7507577534395745,0.18588235294117647,18.526274509803923,0.45647058823529413,9.130194733124812,0.5388235294117647,5.388697406921603
2020-09-11,254,6885750,1836,1187,0.00026663762117416404,0.08389539336360344,0.8623658554742135,0.00255757424143669,0.3213507625272331,0.08568109207086842,321.33909571186393,0.019376579612468407,19.375876135137137,0.38344226579520696,0.051118210862619806,191.71417235690868,0.06318449873631002,31.591102394245333,0.45206971677559915,0.024107583723024194,90.41328683050862,0.15332771693344566,30.66532071435341,0.5272331154684096,0.014057916291498445,52.72292870598334,0.2687447346251053,26.87427831834818,0.6290849673202614,0.008386885960135062,31.454248366013072,0.42628475147430495,21.314237573715246,0.7091503267973857,0.0037816846795298165,14.182862354069952,0.5501263689974726,11.002415530247223,0.7445533769063181,0.001985213283356884,7.4453607657269405,0.6048862679022746,6.048722128532158,0.33513639278132284,0.7810378166220031,0.18223234624145787,18.162490508731967,0.4715261958997722,9.431332710784295,0.5626423690205011,5.626906230830243
2020-09-12,255,6885750,1966,1241,0.000285517191300875,0.10625134932169021,0.8611625665697207,0.0034310021118796356,0.3570701932858596,0.10194597734533836,357.05722965700085,0.0515713134568896,51.5694411321199,0.41912512716174977,0.059831542259657276,209.55495529727116,0.09830781627719581,49.152123579051775,0.4989827060020346,0.028493421243718956,99.79581654574659,0.20709105560032232,41.41791036916319,0.5656154628687691,0.01614917656626681,56.56113557536708,0.31184528605962936,31.18430216510925,0.6490335707019329,0.009265512108339686,32.45167853509664,0.44399677679290894,22.199838839645448,0.6978636826042727,0.003985001060149699,13.95713176496734,0.5213537469782433,10.42696893980801,0.7141403865717192,0.002038984690187604,7.141372752013883,0.5471394037066881,5.471370199270566,0.3174224723765146,0.765679017061961,0.16533864541832669,16.47875166002656,0.41434262948207173,8.2875632974107,0.4721115537848606,4.72152043626523
2020-09-13,256,6885750,2072,1349,0.0003009113023272701,0.09177060663691834,0.8604736939863523,0.00306647649913697,0.3219111969111969,0.09686320069706651,321.8995097489506,0.025945144551519646,25.944202598842057,0.39044401544401547,0.058742375835027595,195.21492008013573,0.08228317272053373,41.14009269244955,0.4831081081081081,0.02907432687559906,96.6209200210696,0.20681986656782803,41.36367295650242,0.5366795366795367,0.01614917656626681,53.66756396774694,0.2883617494440326,28.835965555697925,0.5936293436293436,0.008931488944559416,29.68146718146718,0.3758339510748703,18.791697553743514,0.6583011583011583,0.00396177640942229,13.165927563310584,0.47516679021497404,9.503266797533351,0.6824324324324325,0.0020535043909268216,6.824284681382413,0.5122312824314307,5.122283068467414,0.32131936657267146,0.7851657113332572,0.14754098360655737,14.704918032786885,0.41530054644808745,8.306723279813289,0.46994535519125685,4.69985659252594
2020-09-14,257,6885750,1803,1147,0.0002618451149112297,0.07090837906687843,0.8723562391808941,0.0019030929799193988,0.3194675540765391,0.08364798141155969,319.4559556320838,0.022667829119442023,22.667006151495485,0.38380476982806433,0.05024687772291606,191.8954177928837,0.05318221447253706,26.59014183156201,0.4514697726012202,0.023642859217520115,90.29329886691023,0.14298169136878813,28.5961306265832,0.49916805324459235,0.013070376717302275,49.91644286254251,0.2136006974716652,21.359914644856353,0.5657237936772047,0.007406600588171223,28.286189683860233,0.31734960767218834,15.867480383609417,0.6799778147531891,0.003560972209313133,13.599536544801946,0.4969485614646905,9.938956795199056,0.7310038824181919,0.0019140868368044915,7.309996359693027,0.5771578029642546,5.771544502172032,0.3442567486513289,0.8072591721027105,0.16184971098265896,16.131021194605008,0.43159922928709055,8.632724893167689,0.5279383429672447,5.279836206982024
2020-09-15,258,6885750,1370,819,0.0001989616236430309,0.06539667101630312,0.8331746797569015,0.0009862580902247342,0.34963503649635036,0.06956142898634911,349.6223428049295,0.014652014652014652,14.651482702600912,0.40802919708029195,0.040589602091199536,204.0071916784505,0.03540903540903541,17.703874932309436,0.46934306569343065,0.01867611606494525,93.86793152861077,0.115995115995116,23.198854743482816,0.5153284671532846,0.010252984402683784,51.532472518817414,0.19047619047619047,19.047480736754313,0.5656934306569343,0.005627564172384998,28.284671532846712,0.27350427350427353,13.675213675213675,0.6423357664233577,0.002555999628218236,12.84669667153556,0.4017094017094017,8.034176366357563,0.6817518248175183,0.0013564087408489609,6.817439041825352,0.46764346764346765,4.676380345326573,0.2930265888343125,0.7873553372422946,0.15261958997722094,15.21108580106302,0.4510250569476082,9.02127476683715,0.5580865603644647,5.581344237058338
2020-09-16,259,6885750,850,497,0.00012344334313618704,0.03754167681425221,0.8388568721148497,0.0006177562898443223,0.3388235294117647,0.04182399070577984,338.81122823802775,0.01006036217303823,10.059996926081613,0.4047058823529412,0.024978216671507406,202.34559464215545,0.022132796780684104,11.065996618689773,0.4682352941176471,0.011560022074414011,93.64637882223091,0.09456740442655935,18.913343548467314,0.5317647058823529,0.0065642336402451425,53.1760844568447,0.2012072434607646,20.120578243050332,0.6023529411764705,0.0037178230403369277,30.117647058823533,0.3199195171026157,15.995975855130785,0.6694117647058824,0.0016526861232456548,13.388215850751491,0.4346076458752515,8.692140294130242,0.7,0.0008640895981039406,6.999888176640246,0.4869215291750503,4.869137507177176,0.2723647976461368,0.816612547869038,0.17133956386292834,17.076843198338526,0.5264797507788161,10.530498068322085,0.6230529595015576,6.231063945752713
2020-09-17,260,6885750,663,409,9.62858076462259e-05,0.030193824551126177,0.8812463100060339,0.0005945493472283234,0.29411764705882354,0.02831832704037177,294.1069689566213,0.0024449877750611247,2.4448990084413507,0.358974358974359,0.01728144060412431,179.48066310686121,0.022004889975550123,11.002045537986078,0.43891402714932126,0.00845217694385547,87.78216801078854,0.097799511002445,19.559760169772154,0.502262443438914,0.004836039385401842,50.22587963503881,0.19315403422982885,19.315263167650006,0.5761689291101055,0.0027738445340013797,28.80844645550528,0.31295843520782396,15.647921760391199,0.6998491704374057,0.0013476932371359195,13.996800463964792,0.5134474327628362,10.26881443700899,0.7450980392156863,0.0007174163716158714,7.450904646838592,0.58679706601467,5.867911007418889,0.2934559188563583,0.8666210116521493,0.21153846153846154,21.083333333333332,0.5538461538461539,11.0778730703259,0.6615384615384615,6.615951972555745
2020-09-18,261,6885750,872,691,0.0001266383473114766,0.01387806116271974,0.8992926976698362,0.0014278958164189017,0.17889908256880735,0.022654661632297415,178.89258753966965,0.01447178002894356,14.471254623046487,0.22247706422018348,0.014086552425210572,111.23449353428175,0.03762662807525326,18.812631009960434,0.31077981651376146,0.00787127131197537,62.155511968388076,0.1316931982633864,26.338448399375903,0.4025229357798165,0.005097446919747887,40.2520012931812,0.2460202604920405,24.601847406010453,0.5286697247706422,0.0033474930109283667,26.43348623853211,0.40520984081041966,20.260492040520983,0.6731651376146789,0.0017049481254284155,13.463126782876962,0.5875542691751086,11.750931793281586,0.7511467889908257,0.000951238498001673,7.511456981209885,0.6859623733719248,6.859613771676228,0.2368372772612935,0.8642293848251447,0.20920502092050208,20.850767085076708,0.5230125523012552,10.461148151603666,0.602510460251046,6.025621335323712
2020-09-19,262,6885750,1178,951,0.00017107795084050394,0.030813857370870494,0.8991209574960989,0.0034078335232660697,0.2164685908319185,0.037031658437409236,216.46073182121447,0.056782334384858045,56.78027287112058,0.2733446519524618,0.023380772582050537,136.66736401260994,0.10935856992639327,54.677299801819814,0.37266553480475384,0.012750878619768218,74.53256575218082,0.22292323869610936,44.58432399580978,0.4770797962648557,0.00816172412791542,47.707633203559936,0.352260778128286,35.22582202499122,0.5704584040747029,0.004879536444037816,28.522298870571642,0.4679284963196635,23.39591515657447,0.7173174872665535,0.0024543334233739678,14.346287241084294,0.6498422712933754,12.996788801147757,0.7699490662139219,0.0013172092590952064,7.699468298654344,0.7150368033648791,7.150347265113004,0.24355517273488744,0.821022468021764,0.17845117845117844,17.78563411896745,0.44107744107744107,8.822305386627857,0.5117845117845118,5.118284041097077
2020-09-20,263,6885750,1421,950,0.00020636822423120211,0.09648142202510873,0.9065140647832207,0.006428897125835496,0.3842364532019704,0.07929131571304095,384.22250328717223,0.1031578947368421,103.15414953299602,0.46235045742434905,0.04770548939878013,231.16683576893053,0.2,99.99636944525123,0.5805770584095707,0.02396235731505417,116.11456853070672,0.3726315789473684,74.52577463001661,0.6544686840253343,0.01350605594121235,65.44639317185288,0.4831578947368421,48.315438637256534,0.7023223082336383,0.007246797757704261,35.11586042231676,0.5547368421052632,27.73664069916579,0.7325826882477129,0.0030235874676510996,14.65141970821855,0.6,11.999808302811848,0.7755102040816326,0.0016003996642355695,7.755068253349805,0.6642105263157895,6.64207632480118,0.2676475756162057,0.8115898931276673,0.1977077363896848,19.70487106017192,0.4183381088825215,8.36747973872913,0.4899713467048711,4.900133682611923
2020-09-21,264,6885750,1356,897,0.00019692843916784664,0.08035057233420714,0.9060089250872493,0.0032241986015051466,0.35103244837758113,0.06912576241649725,351.01970395235685,0.056856187290969896,56.854123095962244,0.41297935103244837,0.04066221318617485,206.48217879550404,0.12151616499442586,60.75587664176357,0.5073746312684366,0.019983153736675478,101.47418941173538,0.2564102564102564,51.281678906646235,0.5803834808259587,0.011429318307240989,58.03792664755504,0.3656633221850613,36.5660666986521,0.640117994100295,0.006302871873071198,32.00589970501475,0.4559643255295429,22.79821627647715,0.6954277286135693,0.002738954143575802,13.908372783279555,0.5395763656633222,10.791386264758463,0.7441002949852508,0.001465321688213237,7.440884081573965,0.6131549609810479,6.131451659742213,0.25834755816116833,0.8286708042345707,0.17183098591549295,17.125821596244133,0.38873239436619716,7.775314666731089,0.4563380281690141,4.563771652211726
2020-09-22,265,6885750,1420,949,0.00020622299676868896,0.06884283155644291,0.8875437667760812,0.0033726520313679263,0.3359154929577465,0.06927098460644787,335.9032973618651,0.05795574288724974,57.95363877227416,0.4140845070422535,0.04269532384548359,207.03473673875962,0.12961011591148577,64.80270517263384,0.5105633802816901,0.021057829155653664,102.11193458348043,0.26765015806111697,53.529642913512916,0.5626760563380282,0.01160358999680502,56.26719705669026,0.34562697576396206,34.56244660557527,0.6225352112676056,0.006419053843081727,31.126760563380284,0.4351949420442571,21.759747102212856,0.6549295774647887,0.0027012033425212975,13.098458391384524,0.48366701791359323,9.673242020844357,0.702112676056338,0.00144790939020795,7.021085974383374,0.5542676501580611,5.542644303813897,0.2836109126261075,0.8305220216403635,0.18662952646239556,18.60074280408542,0.43175487465181056,8.635838067435271,0.49303621169916434,4.93078496108401
2020-09-23,266,6885750,1516,946,0.00022016483316995245,0.07436536308808495,0.8820428739372254,0.0026503484662845577,0.34564643799472294,0.07609642753412721,345.63388911155437,0.049682875264270614,49.68107150028338,0.41358839050131924,0.04552715654952077,206.7866874741838,0.0919661733615222,45.98141723962398,0.5145118733509235,0.022655319643323943,102.90162746307244,0.22410147991543342,44.819970528557185,0.5850923482849604,0.012881582386941242,58.50880997419568,0.33509513742071884,33.5092704187562,0.6431398416886543,0.007079787388538732,32.15675858221014,0.4281183932346723,21.405764226492526,0.6741424802110818,0.002968445022771633,13.482830023449718,0.47780126849894294,9.556011492025851,0.7077836411609498,0.0015582816205547947,7.077795295999457,0.5317124735729387,5.317093848207485,0.3223892188561391,0.8428109161793371,0.20266666666666666,20.199111111111108,0.4693333333333333,9.387471698113206,0.5466666666666666,5.46713550600343
2020-09-24,267,6885750,1707,1001,0.00024790327850996623,0.09030267630256293,0.9131312111590931,0.003674790368471861,0.35442296426479203,0.0878594249201278,354.4100967450322,0.05194805194805195,51.946165945585065,0.44815465729349735,0.05554748765611386,224.0691933966526,0.11488511488511488,57.4404719590604,0.5606326889279437,0.027796334485462836,112.12572359887271,0.26073926073926074,52.147473485589614,0.6303456356180434,0.015626134564835387,63.03319043925909,0.37162837162837165,37.162027620791186,0.6953719976567077,0.008619187313021,34.76834741689183,0.4805194805194805,24.02579956567874,0.7469244288224957,0.003703284159528768,14.93842349236978,0.5684315684315684,11.368581837722589,0.7879320445225542,0.001953298023901397,7.87927467374285,0.6383616383616384,6.383579300775439,0.34623950885074833,0.8237122591244117,0.1925,19.185833333333335,0.49,9.800840480274443,0.58,5.800497427101201
2020-09-25,268,6885750,1831,1136,0.0002659114838615982,0.08457536711295839,0.881953441369268,0.0027051138098028843,0.3375204806116876,0.08974731338948591,337.5082267458507,0.028169014084507043,28.16799139302852,0.4139814309120699,0.05503920999128667,206.98320054478546,0.07746478873239436,38.73098816541421,0.4964500273074823,0.026402160968950594,99.28928448495444,0.19190140845070422,38.380002998618515,0.5614418350628072,0.014929274739318597,56.14377582537577,0.29401408450704225,29.401194957657303,0.6297105406881486,0.008372363213883745,31.485527034407426,0.40316901408450706,20.158450704225352,0.6859639541234298,0.0036481085602751186,13.719259158336646,0.49383802816901406,9.87674621963237,0.738394320043692,0.0019634667386991744,7.383911030037051,0.5783450704225352,5.783425506859023,0.3009080993926419,0.7807509570045228,0.16475972540045766,16.42105263157895,0.4279176201372998,8.559086395233367,0.4874141876430206,4.874559898889591
2020-09-26,269,6885750,2014,1173,0.00029248810950150675,0.10424547193810464,0.919092334283041,0.0038584717669898384,0.3614697120158888,0.1057217542840546,361.4565886600938,0.021312872975277068,21.312099199755163,0.4468718967229394,0.06534998547778101,223.42783639703603,0.08439897698209718,42.19795641551522,0.5501489572989077,0.0321821720061576,110.02899249821235,0.22932651321398123,45.864969600138586,0.6350546176762661,0.01857445757936623,63.50500063412166,0.3742540494458653,37.42513318673018,0.70506454816286,0.010311149838434447,35.253227408143,0.49445865302642794,24.722932651321397,0.7676266137040715,0.004490387491976265,15.352376203016664,0.6010230179028133,12.020338160231598,0.8118172790466733,0.002374458666991975,8.118137421171793,0.6768968456947997,6.768938965873098,0.37005862104219717,0.803147754648347,0.19248826291079812,19.184663536776213,0.4835680751173709,9.672190950160655,0.5469483568075117,5.469952648998624
2020-09-27,270,6885750,1944,1059,0.0002823221871255854,0.11194050526264843,0.9380003550684349,0.005103108875294202,0.4022633744855967,0.11356375254138833,402.2487700935518,0.03871576959395656,38.71436399674505,0.49176954732510286,0.06941620679639848,245.87584668122474,0.11898016997167139,59.487925165730196,0.6203703703703703,0.035028609602370094,124.07317313246908,0.307837582625118,61.56706946355998,0.7031893004115226,0.019852449969502455,70.31841943287117,0.45609065155807366,45.60873397377219,0.7669753086419753,0.010826707330356171,38.34876543209877,0.5722379603399433,28.611898016997166,0.8281893004115226,0.004676317501626545,16.563761953099274,0.6846081208687441,13.692142532623718,0.875,0.002470297612045642,8.749923756246544,0.7705382436260623,7.705315294857335,0.40463112409230895,0.8259886039779434,0.21372031662269128,21.30079155672823,0.5329815303430079,10.660544811886476,0.6174142480211082,6.1746719950035525
2020-09-28,271,6885750,1897,1096,0.00027549649638746685,0.08481355066861843,0.9264678287938867,0.004780016020528442,0.3695308381655245,0.10180075515538774,369.51742214613137,0.04744525547445255,47.443532948476864,0.467053241960991,0.06433343014812663,233.5181426686679,0.11222627737226278,56.11110146791013,0.5677385345282024,0.03128176827674344,113.54688239936013,0.2591240875912409,51.82444120164358,0.6594623089088034,0.018167823637050162,65.94575203416878,0.41058394160583944,41.05809602242889,0.7496046389035319,0.010325672584685764,37.4802319451766,0.5666058394160584,28.330291970802914,0.8228782287822878,0.004533994795055302,16.457540674777043,0.6934306569343066,13.868592997680434,0.8481813389562467,0.0023367064782972395,8.481801071657996,0.7372262773722628,7.372252067188021,0.39939684560936234,0.8307031580292796,0.2388888888888889,23.80925925925926,0.5472222222222223,10.945383076043454,0.6055555555555555,6.056074899942825
2020-09-29,272,6885750,2101,1188,0.00030512289874015176,0.11284225300477162,0.901811258087312,0.0050573365723051355,0.3940980485483103,0.12024397327911705,394.083740602894,0.03535353535353535,35.35225182407872,0.49785816277962874,0.07595120534417658,248.9200438832289,0.13552188552188552,67.75848266281754,0.598286530223703,0.03650991896366435,119.65643717470338,0.2937710437710438,58.75378212107423,0.6711089957163255,0.020476923523773564,67.11041225788854,0.41919191919191917,41.91888753050854,0.7334602570204665,0.011189613482721813,36.67248026589802,0.5286195286195287,26.43059258618703,0.7710613993336506,0.004705198954400232,15.420668110548025,0.5951178451178452,11.901924780773168,0.8000951927653498,0.0024412736448462405,8.0009519276535,0.6464646464646465,6.4646464646464645,0.34631967117866425,0.7624591987154176,0.20987654320987653,20.917695473251026,0.45925925925925926,9.185972936916333,0.4888888888888889,4.889308176100629
2020-09-30,273,6885750,2212,1239,0.00032124314707911264,0.16574954189369556,0.8773612480248283,0.004345913621251492,0.41094032549728754,0.13200697066511763,410.9254060837856,0.0516545601291364,51.65268478205068,0.4909584086799277,0.07885564914318909,245.47029208305347,0.12106537530266344,60.53048997896564,0.5849909584086799,0.03758459438264254,116.99734212038015,0.26150121065375304,52.299862361935574,0.6396925858951176,0.020549536727758576,63.96879408822949,0.35673930589184827,35.673671549344945,0.6998191681735986,0.01124060559851868,34.99095840867993,0.46408393866020986,23.204196933010493,0.7319168173598554,0.004702431090069418,14.638230053546788,0.5213882163034705,10.4276886067316,0.7703435804701627,0.002474668773426937,7.7034134297579255,0.5899919289749799,5.899902153193423,0.3200073525147287,0.7070923146444841,0.18336886993603413,18.27576403695807,0.4136460554371002,8.273630621701589,0.43923240938166314,4.3927007939962035
2020-10-01,274,6885750,2076,1130,0.00030149221217732274,0.17465604312758798,0.8847011326348985,0.00413723311178941,0.4523121387283237,0.13636363636363635,452.2957172884918,0.07345132743362832,73.44866074297214,0.5178227360308285,0.07805692709846064,258.90196809644766,0.13716814159292035,68.58158081422097,0.5886319845857418,0.035493334107874176,117.72554206806099,0.24690265486725663,49.38017240559448,0.6507707129094412,0.019620087716750414,65.07659874547888,0.35929203539823007,35.92894264636445,0.7032755298651252,0.010601527781811844,35.16352115780872,0.45486725663716815,22.743197685013943,0.7408477842003853,0.004467164309157977,14.816848093345154,0.5238938053097345,10.477800022979187,0.7620423892100193,0.002297478437540391,7.620357490989281,0.5628318584070796,5.628269541312567,0.3295318609820587,0.7401483175639372,0.17972350230414746,17.912442396313363,0.4470046082949309,8.940858897645265,0.48847926267281105,4.885211562630918
2020-10-02,275,6885750,1771,872,0.00025719783611080854,0.14722068568026606,0.889588463111421,0.0028405017861191863,0.4618859401468097,0.1187917513796108,461.86917112487583,0.0389908256880734,38.989410104799795,0.5460191981931113,0.07021492884112693,272.99968733359105,0.11811926605504587,59.05748883521145,0.6245059288537549,0.03212408144296959,124.90027882322296,0.2408256880733945,48.16478787218264,0.6758893280632411,0.017383601034012024,67.58844202142761,0.34174311926605505,34.1740637759772,0.7374364765669114,0.00948335330210943,36.87182382834557,0.46674311926605505,23.337155963302752,0.7843026538678712,0.004034366177546966,15.68584805592548,0.5619266055045872,11.238385219096614,0.7995482778091474,0.002056414896228018,7.995459554885418,0.5928899082568807,5.92888186183944,0.36106215019924737,0.7941035432022023,0.2,19.933333333333334,0.52,10.40089193825043,0.5675,5.675486706689537
2020-10-03,276,6885750,1686,838,0.00024485350179718985,0.1154461352647185,0.8985292360163057,0.002381788897757365,0.4033214709371293,0.09875108916642462,403.30682813031336,0.028639618138424822,28.638578361408467,0.498220640569395,0.06099331977926227,249.10127619813474,0.08353221957040573,41.764593443720685,0.599644128113879,0.029364779691539108,119.92795478114793,0.2064439140811456,41.28848300514823,0.6731909845788849,0.01648319730459787,67.31860963234566,0.3448687350835322,34.48662308811514,0.7402135231316725,0.009062193660821262,37.010676156583635,0.477326968973747,23.86634844868735,0.7805456702253856,0.003822347955653793,15.610754706787132,0.5584725536992841,11.169337527367386,0.8090154211150652,0.001980873820951662,8.090036721600182,0.6157517899761337,6.157428476990004,0.3912567029390273,0.840454775931402,0.21246458923512748,21.17563739376771,0.5779036827195467,11.559064912851861,0.6543909348441926,6.544470575658774
2020-10-04,277,6885750,1780,980,0.000258504883273427,0.11626528504132587,0.9393149567976137,0.0032845043649640626,0.3853932584269663,0.09962242230612837,385.37926651372106,0.03469387755102041,34.69261797080145,0.46292134831460674,0.059831542259657276,231.45227085080623,0.08775510204081632,43.87595802189595,0.5657303370786517,0.02924859856516309,113.14524582588301,0.21428571428571427,42.85683165769721,0.6393258426966292,0.016526765226988874,63.93212003468463,0.3448979591836735,34.4895454769087,0.7314606741573034,0.009454307809606797,36.57303370786517,0.5122448979591837,25.612244897959183,0.798876404494382,0.004130251039097967,15.97745847891507,0.6346938775510204,12.693822246272575,0.8398876404494382,0.0021711442583763328,8.398852009615075,0.7091836734693877,7.091816136164636,0.4231747040481292,0.8850524982610306,0.25688073394495414,25.60244648318043,0.5932721712538226,11.866461044581177,0.6483180428134556,6.4837364470392
2020-10-05,278,6885750,1969,1114,0.0002859528736884145,0.14759740127150042,0.9388258201144997,0.0032720564554413814,0.3890299644489589,0.11124019750217834,389.01584050311044,0.02244165170556553,22.44083694911383,0.46470289487049266,0.06643915190241069,232.3430117887376,0.07989228007181329,39.94468976942262,0.5408836973082783,0.030933224897615384,108.17595395569077,0.19030520646319568,38.06076491922361,0.6109700355510411,0.01747073687879404,61.09655991018592,0.3132854578096948,31.328318294360948,0.6993397663788725,0.009998910794031151,34.96698831894363,0.46858168761220825,23.429084380610412,0.7988826815642458,0.004568822794736995,15.977537612422683,0.644524236983842,12.890391137737055,0.8466226510919248,0.0024209277366867127,8.466177330061214,0.7289048473967684,7.289006131413096,0.3818210308463267,0.8949613213180609,0.23076923076923078,23.000000000000004,0.5907692307692308,11.816397941680961,0.6523076923076923,6.5236363636363635
2020-10-06,279,6885750,2369,1320,0.000344043858693679,0.16431809422956428,0.9540764637744922,0.00669009113580849,0.41578725200506544,0.14304385710136508,415.77215662124297,0.04772727272727273,47.72553996250627,0.5027437737441959,0.08647981411559687,251.36276067812204,0.1340909090909091,67.0430204235207,0.5977205571971296,0.041128118737111155,119.543243391331,0.2787878787878788,55.757170883953535,0.6884761502743774,0.02368642713991112,68.84711510284635,0.4409090909090909,44.09058893269152,0.7817644575770367,0.01344806302871873,39.08822287885184,0.6083333333333333,30.416666666666664,0.8649219079780498,0.005951412770703597,17.29841303751469,0.7575757575757576,15.15149314738612,0.8982693119459688,0.003090404497351808,8.982588757973918,0.8174242424242424,8.174147455386972,0.4325594037324273,0.9055565542617086,0.24260355029585798,24.17948717948718,0.6124260355029586,12.24957118353345,0.6863905325443787,6.864493996569468
2020-10-07,280,6885750,2778,1463,0.0004034418908615619,0.18152672477642703,0.9512919830232295,0.007111681193386278,0.4352051835853132,0.17557362765030496,435.1893832228536,0.053998632946001365,53.99667249606868,0.5356371490280778,0.1080453093232646,267.8088512140638,0.14080656185919344,70.40072489993764,0.624910007199424,0.050422608847192775,124.98109390552831,0.2891319207108681,57.82596424627088,0.6814254859611231,0.027491359028725782,68.14205379123418,0.3950786056049214,39.50757368125836,0.7642188624910007,0.015415895145772065,38.210943124550035,0.5522898154477102,27.61449077238551,0.8524118070554355,0.006877902704398314,17.048062831825302,0.719753930280246,14.394932267840879,0.8974082073434125,0.0036205153824704897,8.974069040621373,0.8051948051948052,8.051936358325195,0.4792517774608823,0.8944277124599267,0.23425692695214106,23.347607052896723,0.5743073047858942,11.487131185434498,0.6473551637279596,6.474106830387425
2020-10-08,281,6885750,2848,1472,0.0004136078132374832,0.18148253920732996,0.9468761424101216,0.007591654341554915,0.4280196629213483,0.1770258495498112,428.0041234331505,0.04823369565217391,48.2319445014459,0.5263342696629213,0.10884403136799303,263.1575804045499,0.12703804347826086,63.516715646270306,0.6358848314606742,0.05260100496674315,127.17604281943528,0.296875,59.37456885910134,0.7198033707865169,0.02977141363385518,71.97981440636177,0.4578804347826087,45.78771099660675,0.8030196629213483,0.01660676033837999,40.15098314606742,0.6188858695652174,30.944293478260867,0.8641151685393258,0.007148002277136849,17.282077485883097,0.7370923913043478,14.741655145701651,0.8922050561797753,0.003690229822459427,8.922050561797754,0.7914402173913043,7.914402173913043,0.4948682790570615,0.8737345422484287,0.23774509803921567,23.6952614379085,0.5735294117647058,11.471571990717385,0.6446078431372549,6.446631268287761
2020-10-09,282,6885750,2652,1359,0.0003851432305849036,0.15425683472577384,0.9215510423231249,0.005484205568077522,0.43174962292609353,0.166279407493465,431.7339480196556,0.05739514348785872,57.393059725751264,0.5369532428355958,0.10339819924484461,268.4668742270697,0.13612950699043413,68.06228236707682,0.6187782805429864,0.047663307095762296,123.75475747912716,0.2582781456953642,51.65525405099928,0.6745852187028658,0.02598100438583752,67.45803203234567,0.365710080941869,36.57074254037984,0.7564102564102564,0.014566208719393535,37.8202381936516,0.5253863134657837,26.26912492337143,0.8159879336349924,0.006285344169065302,16.31949796837911,0.6416482707873437,12.832760412131387,0.8420060331825038,0.0032428868518583065,8.419950279103821,0.6924208977189109,6.924118475695036,0.4575260891908934,0.8336768859815689,0.23291139240506328,23.21350210970464,0.5443037974683544,10.887009575091733,0.6177215189873417,6.177744968191589
2020-10-10,283,6885750,2288,1181,0.0003322804342301129,0.13969918158344355,0.9101201633535021,0.003626432965365851,0.4104020979020979,0.13636363636363635,410.38719802924345,0.03556308213378493,35.56179099661772,0.4943181818181818,0.08212314841707813,247.1501176629789,0.07874682472480948,39.37198288911247,0.5861013986013986,0.03894972261756078,117.21942854627147,0.19983065198983913,39.96584019108992,0.6520979020979021,0.02166778006912777,65.20931670061037,0.3259949195596952,32.599255240613594,0.7530594405594405,0.01251134589550884,37.65297202797203,0.5215918712955123,26.079593564775614,0.8033216783216783,0.005338507251133489,16.066270237977456,0.6189669771380186,12.379213696634856,0.8229895104895105,0.002734621204859871,8.22985924884784,0.6570702794242168,6.57067416697208,0.3863706720916573,0.8107779706297347,0.21293800539083557,21.22282120395328,0.5336927223719676,10.674769872349081,0.5902964959568733,5.903471217283962
2020-10-11,284,6885750,2126,1039,0.00030875358530298077,0.1510877111836793,0.9029213257156534,0.004927955932466203,0.4270931326434619,0.13186174847516702,427.07762679345313,0.06063522617901829,60.633024783934815,0.5437441204139228,0.08393842579146094,271.86218974296906,0.15206929740134745,76.03188822112462,0.6636876763875823,0.04098289232914113,132.7365714277439,0.3176130895091434,63.52215664374754,0.7168391345249294,0.02213250457463185,71.68339293262994,0.42059672762271416,42.05936735351163,0.7742238946378175,0.01195222016483317,38.71119473189088,0.5380173243503369,26.900866217516846,0.8033866415804327,0.0049609485054706946,16.067662827631626,0.5976900866217517,11.95374965205315,0.8160865475070554,0.0025196854967774168,8.160829919771919,0.6236766121270453,6.236738948897296,0.3841946422571044,0.8018006522378103,0.22105263157894736,22.031578947368423,0.5473684210526316,10.948307303421505,0.5789473684210527,5.789970208540219
2020-10-12,285,6885750,1899,849,0.00027578695131249317,0.17827557393153803,0.8921539125719335,0.002933204847541583,0.49447077409162715,0.13636363636363635,494.45282205945716,0.061248527679623084,61.24630401829287,0.5908372827804107,0.08146964856230032,295.40791605469167,0.14723203769140164,73.61334617583277,0.6635071090047393,0.03659705480844637,132.70045821340685,0.25323910482921086,50.64745319578665,0.7119536598209584,0.019634610357547416,71.19484900973256,0.3580683156654888,35.80657156167243,0.7493417588204319,0.010332933957811423,37.467087941021596,0.44051825677267376,22.025912838633687,0.7672459189046866,0.004231823779538537,15.344539541841751,0.48056537102473496,9.61107013596896,0.7819905213270142,0.002156618422313812,7.819871143468842,0.5135453474676089,5.135431100507261,0.404673673734131,0.8166575703630045,0.24193548387096775,24.112903225806456,0.5591397849462365,11.18375477231229,0.5994623655913979,5.995137774580867
2020-10-13,286,6885750,1648,808,0.00023933485822168971,0.11563544682219228,0.8949175891659683,0.002726050267842531,0.4399271844660194,0.10528608771420273,439.9112126687327,0.034653465346534656,34.65220723350291,0.5309466019417476,0.0635347081033982,265.46366281733873,0.10396039603960396,51.97831085025436,0.6316747572815534,0.03023613813935926,126.33403409775062,0.25866336633663367,51.73229761981107,0.7002427184466019,0.016759127479740916,70.02376337598666,0.3910891089108911,39.1086269087567,0.7481796116504854,0.008953208051352059,37.408708943930485,0.4876237623762376,24.381011079193254,0.7706310679611651,0.003688750762438642,15.412509443241431,0.5334158415841584,10.668239365616541,0.7991504854368932,0.0019126456812983334,7.991504854368932,0.5915841584158416,5.915841584158415,0.40899829144344485,0.825672757609249,0.2448377581120944,24.402163225172075,0.584070796460177,11.682417765904157,0.6224188790560472,6.224722597489336
2020-10-14,287,6885750,1702,854,0.0002471771411974004,0.11826314040606854,0.8844456128135147,0.002844157611135998,0.43537015276145713,0.10760964275341273,435.3543464097014,0.03747072599531616,37.469365600094136,0.5282021151586369,0.06527737438280569,264.091469245831,0.10187353629976581,50.93491886262797,0.6192714453584018,0.03061372680008133,123.85338972600472,0.24473067915690866,48.94578041780719,0.6968272620446534,0.017223851985245,69.68222021586413,0.3981264637002342,39.81235727764221,0.7479435957696827,0.009243727988962712,37.39717978848414,0.49765807962529274,24.882903981264636,0.7649823736780259,0.0037817176317501626,15.299625254302986,0.531615925058548,10.632303060147018,0.7890716803760282,0.0019503849940893023,7.890636588161231,0.5796252927400468,5.79619400374215,0.4042034246676337,0.8328593581379445,0.25,24.916666666666664,0.5987654320987654,11.976335683882855,0.6388888888888888,6.3894368210405945
2020-10-15,288,6885750,1862,1014,0.00027041353519950624,0.1465926945096877,0.8811937452503079,0.002700163846715044,0.4011815252416756,0.10848097589311646,401.16696012675976,0.028599605522682446,28.598567198346014,0.47207303974221265,0.06382515248329945,236.02795043602535,0.07297830374753451,36.48782711513112,0.5531686358754028,0.029916640041825204,110.63292382814065,0.1844181459566075,36.88336136747248,0.6493018259935553,0.017557872723576055,64.92971112049614,0.35798816568047337,35.79855662137035,0.7073039742212675,0.009563228406491667,35.365198711063364,0.4635108481262327,23.17554240631164,0.7422126745435016,0.004014046257381111,14.844102586875392,0.5276134122287969,10.552160972126597,0.7588614393125671,0.0020520640453109682,7.58861439312567,0.5581854043392505,5.5818540433925055,0.3950753075483356,0.8288495778721305,0.23510971786833856,23.432601880877744,0.54858934169279,10.972727810428172,0.6144200626959248,6.144727573839775
2020-10-16,289,6885750,2146,1231,0.000311658134553244,0.14612617843196646,0.8580671424822066,0.00231221314599115,0.3825722273998136,0.11922741794946268,382.5583379056443,0.025182778229082048,25.18186395453118,0.44967381174277726,0.0700697066511763,224.82874304442555,0.06498781478472786,32.49272768326603,0.5223671947809879,0.03255976066687966,104.47268034108417,0.16978066612510154,33.95588665865747,0.5754892823858341,0.01793546138429812,57.548510357376884,0.2607636068237206,26.07617133356231,0.636067101584343,0.009911702343954224,31.80312414486617,0.36636880584890336,18.318307276381002,0.6784715750232991,0.004228943867740942,13.569175320268963,0.44029244516653127,8.805682655827411,0.700838769804287,0.002184214692038799,7.008367341894762,0.479285134037368,4.792837419341347,0.39499684169757765,0.8118121911122766,0.2536443148688047,25.2798833819242,0.5306122448979592,10.61315503903105,0.5801749271137027,5.802246848261481
2020-10-17,290,6885750,2460,1500,0.00035725955778237667,0.13856531892843094,0.887647004941282,0.004820639515049012,0.35528455284552846,0.12692419401684576,355.27165404532343,0.026,25.999056055765323,0.42804878048780487,0.07645948300900378,214.01661997123892,0.082,40.99851147255301,0.5284552845528455,0.03775886607220657,105.69028945394162,0.22866666666666666,45.73300124894711,0.6231707317073171,0.022263208341804872,62.31662066649711,0.38266666666666665,38.266388800139424,0.7,0.012504084522383182,34.99999999999999,0.508,25.400000000000002,0.7390243902439024,0.005280416856670665,14.780337549113835,0.572,11.439883703030286,0.7565040650406504,0.0027026713023070733,7.565007691000377,0.6006666666666667,6.00664049679194,0.412810386953937,0.8264364507961919,0.2344632768361582,23.368173258003768,0.5790960451977402,11.582914207634389,0.6186440677966102,6.186971247492514
2020-10-18,291,6885750,2561,1573,0.0003719275314962059,0.12570211786511706,0.9263275348167308,0.006405730656798623,0.3432253026161656,0.1276503049665989,343.2128416336425,0.02670057215511761,26.699602776227287,0.42444357672784067,0.07892826023816439,212.214083535705,0.09281627463445645,46.40645244439504,0.5384615384615384,0.04005344331813297,107.6915257039571,0.25111252383979654,50.22214008626098,0.6438891058180398,0.02394783467425717,64.38844303329415,0.4214876033057851,42.14845427492535,0.738773916438891,0.013738517953745054,36.938695821944556,0.575333757151939,28.766687857596953,0.7950019523623585,0.005913636508863194,15.899969773879242,0.6668785759694851,13.337513410192837,0.8289730573994534,0.003083152163652497,8.289658340831778,0.7221869040050858,7.221806111776275,0.41584868936595204,0.8521892735420586,0.23931623931623933,23.85185185185185,0.5783475783475783,11.567943586811511,0.6267806267806267,6.268343815513627
2020-10-19,292,6885750,2583,1424,0.0003751225356714955,0.13395252687781276,0.9461161300918755,0.0078062868873633035,0.40147115756871854,0.15059541097879756,401.4565819385425,0.03932584269662921,39.324414950379705,0.5021293070073558,0.09417659018297996,251.05553846397763,0.13412921348314608,67.06217192430825,0.6202090592334495,0.0465305411135961,124.04091113935128,0.31320224719101125,62.63999458582897,0.7138985675571041,0.02677974962967266,71.3893383710873,0.48103932584269665,48.10358328620274,0.8075880758807588,0.015147224340122717,40.37940379403794,0.6509831460674157,32.54915730337079,0.8524970963995354,0.006395808160609722,17.049917166828646,0.7324438202247191,14.64885513033379,0.8749516066589237,0.0032821168201225713,8.749452533549746,0.7731741573033708,7.7316854303809075,0.39996079209182145,0.8303816807353501,0.24216524216524216,24.1358024691358,0.5299145299145299,10.59919954259577,0.5726495726495726,5.726986849628359
2020-10-20,293,6885750,2098,1033,0.0003046872163526123,0.14409208178164348,0.928142634157664,0.005268435743666218,0.4632983794089609,0.14115596863200697,463.2815591076463,0.057115198451113264,57.11312485256364,0.553860819828408,0.08437409236131281,276.92035580405604,0.15295256534365925,76.47350615851741,0.6534795042897998,0.03982108106538093,130.69495183314905,0.30493707647628265,60.98697244609381,0.7426120114394662,0.022626274361729936,74.26066190957192,0.4791868344627299,47.91833549335942,0.7926596758817922,0.012075575822707602,39.63269600629593,0.5788964181994192,28.94461073235246,0.8231649189704481,0.0050160764232790095,16.46303538207504,0.6408518877057116,12.816833004939406,0.8469971401334604,0.0025806845131336074,8.469946799956976,0.6892545982575025,6.892525962893907,0.39196188018679035,0.8042790402457564,0.27335640138408307,27.244521337946946,0.5432525951557093,10.865983725747386,0.5778546712802768,5.779042299999406
2020-10-21,294,6885750,1760,725,0.00025560033402316376,0.17972318543029636,0.9263127389520003,0.0036014778246735756,0.5318181818181819,0.1359279697937845,531.7988738679271,0.0703448275862069,70.34227367872846,0.6267045454545455,0.08009003775776939,313.3408963014549,0.1696551724137931,84.82450649493725,0.7204545454545455,0.03682941706119841,144.0898628006517,0.3310344827586207,66.20641580223568,0.7636363636363637,0.019518429231171395,76.36308186280593,0.4289655172413793,42.896240238531874,0.7954545454545454,0.010165922375921286,39.77272727272727,0.5048275862068966,25.24137931034483,0.8164772727272728,0.004173794842153876,16.329379451341506,0.5558620689655173,11.117128363446358,0.8392045454545455,0.0021450033910514004,8.392021079506922,0.6110344827586207,6.110327079840268,0.42796001383489174,0.8232670051589743,0.2857142857142857,28.476190476190478,0.5964285714285714,11.929594462141631,0.6214285714285714,6.214818671894143
2020-10-22,295,6885750,1287,521,0.0001869077442544385,0.20656928072584507,0.9390201013129341,0.0017714375741725524,0.526029526029526,0.09831542259657276,526.0104282395889,0.04030710172744722,40.30563835605136,0.6184926184926185,0.05779843160034853,309.2350818897435,0.11132437619961612,55.660167253594736,0.6907536907536908,0.025821255337070494,138.14973499396515,0.2456813819577735,49.135919597308636,0.7412587412587412,0.013854599320340411,74.12533587415228,0.36084452975047987,36.08419095427353,0.7832167832167832,0.007319464110663326,39.16083916083916,0.46449136276391556,23.224568138195778,0.8181818181818182,0.003058477035281406,16.363565070465377,0.5508637236084453,11.017226472053572,0.8531468531468531,0.0015945859595108774,8.531406581742054,0.6372360844529751,6.372314572775964,0.4373755069073839,0.8683532195060722,0.3391304347826087,33.8,0.6260869565217392,12.522813036020583,0.6826086956521739,6.826672384219553
2020-10-23,296,6885750,1241,669,0.0001802272809788331,0.15404435871391203,0.8956891168360195,0.0016959538031858343,0.43674456083803387,0.07871042695323846,436.72870458764044,0.052316890881913304,52.31499148854698,0.49637389202256244,0.04472843450479233,248.177935448327,0.10762331838565023,53.809705531076894,0.5737308622078968,0.020680240494931598,114.74533923285678,0.22122571001494767,44.244820724837375,0.6124093473005641,0.01103720700572192,61.24049004000783,0.2825112107623318,28.250915935791433,0.6486704270749396,0.00584540536615474,32.43352135374698,0.3482810164424514,17.414050822122572,0.6970185334407736,0.0025124168578814373,13.940269443317572,0.43796711509715996,8.759278697552263,0.7252215954875101,0.0013070471626184512,7.252215954875101,0.49028400597907323,4.902840059790733,0.3260470187287843,0.8318130955610077,0.29844961240310075,29.74547803617571,0.47674418604651164,9.535701463959473,0.5116279069767442,5.11671785870996
2020-10-24,297,6885750,1092,686,0.00015858838906437206,0.10153188822022782,0.8619487548354275,0.0015455709192735692,0.38186813186813184,0.060557653209410395,381.8542679365363,0.061224489795918366,61.22226700729668,0.44047619047619047,0.03492593668312518,220.23009937346998,0.11807580174927114,59.035757471321794,0.5027472527472527,0.015945859595108774,100.54872042767423,0.20845481049562684,41.69065936769184,0.5338827838827839,0.008466699584652473,53.38789071888349,0.25801749271137026,25.801561916368726,0.5595238095238095,0.004436666763484272,27.975987332107902,0.2988338192419825,14.941582465693752,0.5879120879120879,0.0018647179105864857,11.758224682070416,0.34402332361516036,6.880456479990851,0.6272893772893773,0.0009947922263885702,6.272793564885621,0.4067055393586006,4.066990423329089,0.2609032142178133,0.8001606340420868,0.24609375,24.527343749999996,0.40234375,8.047565126500857,0.45703125,4.570704465051458
2020-10-25,298,6885750,1301,831,0.00018894092872962276,0.08824482806049287,0.8818549916781115,0.0021547567198096263,0.3697156033820138,0.06985187336625036,369.7021806546183,0.06257521058965103,62.572938762371415,0.4250576479631053,0.04015393552134766,212.5211080062411,0.10709987966305656,53.54799567164476,0.49423520368946966,0.01867611606494525,98.8463229778607,0.20818291215403129,41.63628009424093,0.547271329746349,0.010340120247465799,54.72673558338788,0.29121540312876054,29.12132885204134,0.5964642582628747,0.005634825545510656,29.82321291314374,0.36823104693140796,18.4115523465704,0.6425826287471176,0.0024281855412588223,12.851559254975355,0.4404332129963899,8.808600297394323,0.6787086856264412,0.0012823473200683725,6.787027716495616,0.4969915764139591,4.969872458421622,0.23282956966589563,0.8059600037486597,0.2041522491349481,20.34717416378316,0.3737024221453287,7.474689441915401,0.43944636678200694,4.3948405514965545
2020-10-26,299,6885750,1932,1450,0.0002805794575754275,0.06446716781582966,0.8368975532549798,0.0020343261995178423,0.21894409937888198,0.061428986349114145,218.93615049348486,0.02,19.999273889050247,0.27898550724637683,0.03913738019169329,139.48768926239757,0.05172413793103448,25.861130028944284,0.35610766045548653,0.019983153736675478,71.22101492873352,0.14275862068965517,28.55151681471414,0.4197722567287785,0.011777861686369049,41.976920862792795,0.22758620689655173,22.75845543201852,0.4715320910973085,0.006615110917474494,23.576604554865426,0.29586206896551726,14.793103448275863,0.5248447204968945,0.0029451915536321126,10.496818188624388,0.36689655172413793,7.337877751414455,0.5807453416149069,0.0016294379310495062,5.807402812486614,0.4413793103448276,4.413754643545054,0.2672605771056274,0.8212530591653309,0.1712846347607053,17.07136859781696,0.40302267002518893,8.06114469153298,0.45843828715365237,4.584776043309383
2020-10-27,300,6885750,3023,2302,0.00043902261917728644,0.07890042171161159,0.7737449390716294,0.005142402529929891,0.24710552431359575,0.10848097589311646,247.0965530122483,0.05994787141615986,59.945694975867376,0.30598742970559045,0.06716526285216382,152.98816033221533,0.10382276281494353,51.90949673634892,0.3833939794905723,0.033663481367451856,76.67823910880966,0.19244135534317985,38.48799159296816,0.44128349321865695,0.01937320282320137,44.12802889178261,0.2680278019113814,26.802585567563604,0.4915646708567648,0.01079040046472788,24.578233542838237,0.33318853171155516,16.65942658557776,0.5471386040357261,0.004804047715172832,10.94259727249465,0.4061685490877498,8.123241212807038,0.5911346344690704,0.002595184603744211,5.911277666302249,0.4639443961772372,4.639390060424685,0.2801148948302026,0.7369315611674474,0.15271966527196654,15.221059972105998,0.38493723849372385,7.699405039580299,0.46234309623430964,4.62382748300882
2020-10-28,301,6885750,3273,2324,0.00047532948480557674,0.07831736874621995,0.7696761688835552,0.0033229811144379335,0.25633974946532234,0.12184141736857391,256.33044291037515,0.02710843373493976,27.107449548411477,0.3125572868927589,0.0742811501597444,156.2729696646685,0.06196213425129088,30.979942341041692,0.38038496791934007,0.03616137558453629,76.07644116444264,0.13726333907056798,27.452468471496807,0.45126794989306446,0.02144994045717273,45.12646730918947,0.22762478485370052,22.762313199720705,0.5206232813932172,0.012373289959046152,26.030975049038204,0.32487091222030984,16.243427661426402,0.5643140849373663,0.005364663510412733,11.286199745439804,0.3864027538726334,7.7279989615686935,0.58997861289337,0.002804305647531746,5.89970901695439,0.4225473321858864,4.225418093651562,0.33571619680569337,0.7493442033118918,0.162426614481409,16.188519243313763,0.42857142857142855,8.572163685371232,0.48336594911937375,4.834074041750443
2020-10-29,302,6885750,3525,2122,0.0005119268053588934,0.11173641286151854,0.9109816246390092,0.005806531115365847,0.2936170212765957,0.1503049665988963,293.6063613498866,0.020735155513666354,20.73440271249319,0.38893617021276594,0.09954981121115307,194.4610248360843,0.058435438265786996,29.21665836760404,0.513758865248227,0.05260100496674315,102.75102693609975,0.19792648444863337,39.58500944820289,0.6087943262411347,0.03116558715036742,60.87899055904751,0.3510838831291235,35.10813337965613,0.6811347517730496,0.017434556874705007,34.05673758865248,0.4707822808671065,23.539114043355326,0.7327659574468085,0.007502439817826936,14.655297865418957,0.556550424128181,11.130992317305925,0.7642553191489362,0.0039124221581931405,7.642542092419409,0.6088595664467483,6.08858682216734,0.4603062692377138,0.8562822819306162,0.18326693227091634,18.265604249667994,0.5358565737051793,10.718050610593645,0.6155378486055777,6.1559063915863135
2020-10-30,303,6885750,3606,2024,0.0005236902298224594,0.11333532949745946,0.9337185250471265,0.004884928937478133,0.259567387687188,0.1359279697937845,259.55796395106813,0.009387351778656126,9.387010965710344,0.3649473100388242,0.09555620098751089,182.46703021346454,0.03409090909090909,17.044835700895096,0.5033277870216306,0.05271718609311917,100.66482643946073,0.14377470355731226,28.7547319126249,0.6039933444259568,0.031630311655871504,60.39889586367644,0.2964426877470356,29.644053518170008,0.6988352745424293,0.018298660276658316,34.94176372712147,0.46393280632411066,23.196640316205535,0.7825845812534664,0.00819660227309034,15.651623433702664,0.6131422924901185,12.262792422975565,0.8172490293954521,0.0042798533202628615,8.172490293954521,0.674901185770751,6.74901185770751,0.5101875753196098,0.8635656537554904,0.20038910505836577,19.972114137483786,0.556420233463035,11.129359077894428,0.6361867704280155,6.36241331900608
2020-10-31,304,6885750,4196,2292,0.0006093744327052246,0.1236137429724535,0.9408490587720919,0.00834659493201903,0.29027645376549094,0.1768806273598606,290.2659151199142,0.04450261780104712,44.501002109143215,0.3944232602478551,0.12017136218414173,197.20447024772494,0.09904013961605584,49.51827195478192,0.550047664442326,0.06703650991896366,110.008734074,0.21727748691099477,43.45518183790938,0.6522878932316492,0.039748467861395916,65.22831567602643,0.36954624781849915,36.95435644247917,0.7469018112488084,0.02275697812890296,37.34481938777253,0.5392670157068062,26.963154995811244,0.8024308865586273,0.009779546312701502,16.048501197017245,0.6396160558464223,12.792228227786175,0.8517635843660629,0.005190399358679251,8.517586364162453,0.7299301919720768,7.29925951760325,0.5289370621874977,0.8491084229916728,0.1793478260869565,17.875,0.572463768115942,11.450257289879932,0.6630434782608695,6.631003430531732
2020-11-01,305,6885750,4530,2496,0.0006578804051846205,0.16800370502840709,0.9373380315703684,0.010351164976764075,0.3130242825607064,0.20592506534998548,313.0129180427511,0.03926282051282051,39.261395054625886,0.4194260485651214,0.13796108045309324,209.70541053639883,0.10416666666666667,52.08144241940169,0.5655629139072847,0.07441401144384095,113.11176143475227,0.2512019230769231,50.24001980385497,0.6637969094922738,0.0436695808765866,66.37920894502344,0.3994391025641026,39.943620210879914,0.7600441501103753,0.025000907671640708,38.00220750551876,0.5677083333333334,28.385416666666664,0.8289183222958058,0.010906534916886685,16.578294217208054,0.6927083333333334,13.854106306765537,0.8529801324503311,0.00561153210510876,8.529714612086677,0.7363782051282052,7.363707192406334,0.5147876987159018,0.8299985602392972,0.18100358422939067,18.040023894862603,0.568100358422939,11.362981611612167,0.6523297491039427,6.523856950515502
2020-11-02,306,6885750,4937,2639,0.000716987982427477,0.1607755820553781,0.9261813970330239,0.008717734960652236,0.3094996961717642,0.22189950624455418,309.4884596158475,0.029556650246305417,29.555577175936325,0.43204375126595096,0.15487946558234097,216.0140328405113,0.09928003031451307,49.63821294932895,0.5547903585173182,0.07955502628597984,110.9572660013542,0.21674876847290642,43.34943891813051,0.6364188778610492,0.04563013738418194,63.64142566196694,0.33308071239105724,33.3078293785286,0.7214907838768483,0.025865011073594017,36.07453919384241,0.4835164835164835,24.175824175824175,0.8098035244075349,0.011612269853118438,16.195905841829106,0.6468359226979916,12.936586941621174,0.8610492201741948,0.006173556671536578,8.610404669036459,0.7427055702917772,7.426980200813563,0.5343916925096657,0.8536350738779888,0.18315018315018314,18.253968253968253,0.5915750915750916,11.832516540063711,0.6666666666666666,6.667238421955403
2020-11-03,307,6885750,5208,2834,0.0007563446247685437,0.1505390530917756,0.9120830758684857,0.007221757400054154,0.2847542242703533,0.21536450769677606,284.7438861123417,0.017642907551164433,17.642267015746512,0.39093701996927804,0.1478361893697357,195.46141339336742,0.062103034580098804,31.05038994771386,0.5251536098310292,0.07943884515960382,105.02995930448196,0.17254763585038815,34.50927658534405,0.6178955453149002,0.04673385808475413,61.78910585773728,0.30345800988002825,30.3455806374191,0.6993087557603687,0.02644592092364666,34.965437788018434,0.4488355681016232,22.44177840508116,0.7740015360983102,0.011708187017302325,15.479963278492605,0.5857445306986592,11.714839574480429,0.8291090629800307,0.00627089451013538,8.291054507136078,0.6870148200423429,6.870118268528131,0.5580325528577685,0.8542462142345442,0.1926605504587156,19.201834862385322,0.6128440366972477,12.257931924402412,0.689908256880734,6.899674256849262
2020-11-04,308,6885750,5201,2473,0.0007553280325309516,0.17890315347680244,0.9284520036956136,0.007487564923003415,0.3307056335320131,0.24978216671507406,330.69362708293045,0.023048928427011728,23.04809162304618,0.4597192847529321,0.17361312808597154,229.8512971963043,0.08491710473109583,42.457010884558755,0.6010382618727168,0.09079555026285979,120.20677950826511,0.21027092600080874,42.05387983124891,0.6779465487406268,0.05120683145023091,67.79416259535233,0.32875050545895673,32.87481182962055,0.7458181119015574,0.02816686635442762,37.290905595077874,0.4670440760210271,23.352203801051356,0.8234954816381466,0.012440166372339436,16.46988571396583,0.6300040436716539,12.600062574681926,0.847913862718708,0.006404484591478114,8.479077057444805,0.6813586736756976,6.813537261120617,0.567727874349396,0.8660534049654915,0.18299445471349354,18.23844731977819,0.609981515711645,12.20067659470582,0.7024029574861368,7.024631978770018
2020-11-05,309,6885750,4400,1963,0.0006390008350579095,0.17453612411893651,0.9130440263109051,0.004779530369530101,0.36272727272727273,0.23177461516119663,362.71410371504766,0.020886398369842078,20.885640077714214,0.4934090909090909,0.15763868719140284,246.695588710955,0.07947019867549669,39.733656733212406,0.6225,0.07955502628597984,124.49909596561038,0.19816607233825778,39.632926678182876,0.6879545454545455,0.04396003369252665,68.79495499961713,0.30820173204279167,30.81994940912679,0.7311363636363636,0.023359837345241986,36.55681818181818,0.401935812531839,20.09679062659195,0.7831818181818182,0.010009062180500046,15.66361361576777,0.5170657157412124,10.34129929641769,0.8127272727272727,0.00519331897521991,8.127249121277385,0.5827814569536424,5.82779764241115,0.5245983349102574,0.8530506862579558,0.19385796545105566,19.321177223288547,0.5796545105566219,11.59408447272859,0.6621880998080614,6.622448912402919
2020-11-06,310,6885750,3628,1859,0.000526885233997749,0.12857915870002692,0.8769876678325805,0.002863262104877076,0.31725468577728777,0.16715074063316876,317.2431676722276,0.004841312533620226,4.841136767118134,0.4208930540242558,0.11087714202730177,210.43888663574785,0.038192576654115115,19.095595025854863,0.5339029768467475,0.05626071044758779,106.77982000123419,0.11834319526627218,23.668467187682875,0.6041896361631753,0.03183362862702954,60.418524894864575,0.23292092522861754,23.291923391515194,0.6582138919514884,0.01734015902407145,32.91069459757442,0.33512641204948895,16.75632060247445,0.7243660418963617,0.0076331000029045285,14.487215640848914,0.4631522323830016,9.26297738572498,0.7816979051819184,0.004118650836873253,7.816979051819184,0.5745024206562668,5.745024206562668,0.486576269978075,0.8265658200570261,0.21052631578947367,20.982456140350873,0.5663157894736842,11.327287171616863,0.6463157894736842,6.46371219644308
2020-11-07,311,6885750,3389,1780,0.0004921758704571034,0.10170894003172379,0.8842630482212602,0.004619364714242048,0.29094128061375035,0.14318907929131572,290.93071783127095,0.017977528089887642,17.976875405887863,0.41457657125995867,0.10201858844031368,207.2807599152818,0.0651685393258427,32.58308667317175,0.5579817055178519,0.05492462749426356,111.59553076678233,0.19213483146067414,38.42668726162064,0.643552670404249,0.03167387957826251,64.35479973621159,0.32752808988764043,32.75257116012403,0.7064030687518442,0.017383727262825402,35.32015343759222,0.44269662921348313,22.134831460674157,0.7757450575390971,0.007636004531063929,15.514788492113738,0.5741573033707865,11.483062684612952,0.8020064915904397,0.003947276698577935,8.020053268584544,0.6241573033707866,6.2415639692428915,0.4658015229547345,0.8319506396628051,0.1948608137044968,19.42112776588151,0.5460385438972163,10.921707479220307,0.6295503211991434,6.296043135079942
2020-11-08,312,6885750,3398,1677,0.0004934829176197219,0.11855492255037568,0.9047788619877384,0.005812603755620501,0.32783990582695705,0.16177751960499565,327.82800341968766,0.022063208109719738,22.06240709286998,0.4690994702766333,0.11574208539064769,234.54121968176938,0.10077519379844961,50.385767549932794,0.6141848145968216,0.06061750268668855,122.8360709608198,0.25104353011329755,50.20834144115829,0.6959976456739259,0.03434604548491098,69.5992591812024,0.38878950506857485,38.878668194341095,0.7545615067686875,0.018618160694187272,37.72807533843437,0.5050685748360167,25.253428741800835,0.7913478516774574,0.007810276220627959,15.826842108943193,0.5784138342277877,11.56819268359229,0.8060623896409653,0.003977768644610552,8.06060048399856,0.6082289803220036,6.082272136961061,0.42807087852934733,0.798810044974559,0.1906779661016949,19.004237288135595,0.5360169491525424,10.721258394627439,0.6122881355932204,6.123406474401837
2020-11-09,313,6885750,3330,1629,0.0004836074501688269,0.12384199307538386,0.9011389468836266,0.00471509834743178,0.33993993993993993,0.1643915190241069,339.92759823430754,0.011049723756906077,11.049322590635496,0.46216216216216216,0.11174847516700552,231.0726915559184,0.061387354205033766,30.692562751765266,0.6015015015015015,0.05817769903279212,120.29942676127578,0.21178637200736647,42.35696683173266,0.6903903903903904,0.03338755119230881,69.03853772445657,0.3701657458563536,37.01630579642724,0.7498498498498498,0.01813164869476818,37.492492492492495,0.4892572130141191,24.462860650705956,0.7888888888888889,0.007630239799237847,15.777754864144748,0.569060773480663,11.381198940986835,0.8087087087087087,0.003910969885677107,8.087075342432776,0.6095764272559853,6.095755419848936,0.4574592618074151,0.8173690669000238,0.1987179487179487,19.805555555555554,0.5512820512820513,11.026586620926244,0.6153846153846154,6.154373927958834
2020-11-10,314,6885750,3080,1328,0.0004473005845405366,0.16139275619207283,0.916576062325103,0.0034575665830497513,0.3996753246753247,0.1787685158292187,399.66081424384504,0.010542168674698794,10.541785935493353,0.5191558441558441,0.11610514086552426,259.56849795934534,0.06400602409638555,32.001850161319105,0.6422077922077922,0.057451566992941995,128.4406257862501,0.19352409638554216,38.704538229014695,0.7155844155844155,0.0320074354841052,71.55688275476538,0.34262048192771083,34.26130184048178,0.7675324675324675,0.01716588606905566,38.37662337662338,0.4608433734939759,23.042168674698797,0.8051948051948052,0.007203250757357917,16.103825942362754,0.5481927710843374,10.963807654307793,0.827922077922078,0.003703289537698761,8.279196731886119,0.6009036144578314,6.009018691087579,0.4847722386781055,0.8552527896037728,0.2160919540229885,21.537164750957857,0.5977011494252874,11.95504820488555,0.671264367816092,6.713219376589578
2020-11-11,315,6885750,3020,1453,0.00043858693678974694,0.12695752576010708,0.9243609796351502,0.004048349139120794,0.38112582781456955,0.16715074063316876,381.1119908327291,0.017894012388162423,17.893362736245923,0.4910596026490066,0.10768225384838803,245.52088723064168,0.07501720578114246,37.507241120207794,0.6099337748344371,0.05350140869615731,121.98586918197523,0.21472814865794906,42.94531788961262,0.6798013245033112,0.02981498155624619,67.97963882480867,0.34273916035788027,34.273667161902374,0.7337748344370861,0.016091202846458267,36.688741721854306,0.4473503097040606,22.36751548520303,0.7834437086092715,0.006872113625141596,15.668760395469782,0.5505849965588437,11.011619971695543,0.8069536423841059,0.003539188121572637,8.069524704675095,0.5994494150034412,5.994485444395311,0.4548379213405977,0.8488475364336285,0.19206680584551147,19.14265831593598,0.5407098121085595,10.815123703255425,0.6075156576200418,6.075677601635769
2020-11-12,316,6885750,3668,2118,0.0005326943324982754,0.11645399721451023,0.8576018872163623,0.0025551235523714505,0.32415485278080697,0.17266918385129248,324.14308416140597,0.020302171860245515,20.30143477878094,0.4108505997818975,0.10942492012779553,205.4178418129684,0.05807365439093484,29.035772997558787,0.4904580152671756,0.05225246158761509,98.09089077887693,0.12653446647780925,25.30670953410134,0.5329880043620502,0.02839176275813994,53.29841341653819,0.19263456090651557,19.263316212524902,0.5798800436205016,0.015444828487612187,28.993791646285608,0.2728989612842304,13.644848983871807,0.6267720828789531,0.006677529633534618,12.535387043105505,0.35363550519357884,7.072679289453586,0.6613958560523446,0.0035232182405692918,6.613958560523446,0.41359773371104813,4.135977337110482,0.4195201219795523,0.804033841708401,0.17580340264650285,17.52173913043478,0.4896030245746692,9.79290029084943,0.5368620037807184,5.369080468342158
2020-11-13,317,6885750,4889,3119,0.0007100170642268453,0.11517693076617212,0.838552015866373,0.002499881513058405,0.2640621804049908,0.18748184722625616,264.0525934829604,0.01058031420327028,10.579930079170538,0.34178768664348536,0.12133313970374673,170.88763892719862,0.033664636101314524,16.831706944134947,0.41603599918183676,0.05907810276220628,83.20659564222989,0.09618467457518436,19.23679522948897,0.4538760482716302,0.03222573992854861,45.387275253222256,0.14780378326386662,14.780271001324023,0.4980568623440376,0.01768144356097738,24.902843117201883,0.21449182430266112,10.724591215133055,0.5348742074043772,0.007595297015324202,10.69734432875202,0.2715613978839372,5.431156969895671,0.5731233381059522,0.004069267589924714,5.731225057746799,0.33119589612055145,3.311954151338541,0.4182127424091617,0.8026422406116728,0.16520210896309315,16.465143526654952,0.46924428822495606,9.385690643209626,0.5360281195079086,5.360740910447446
2020-11-14,318,6885750,5842,3821,0.0008484188360018879,0.12162094401570571,0.8890696321425636,0.007490313503693617,0.24477918521054434,0.20766773162939298,244.7702983682117,0.014394137660298352,14.393615073249979,0.33635741184525847,0.14268080162648852,168.17260010263496,0.061240512954723894,30.619144792186322,0.44043135912358783,0.074733509541375,88.08563220207513,0.15938236063857628,31.87624066243796,0.49777473467990413,0.04223183943768335,49.777112017806935,0.23658728081654018,23.658556288049194,0.5838753851420746,0.02476854373161965,29.193769257103735,0.3650876733839309,18.254383669196546,0.6949674768914755,0.011792384327166052,13.899248610199187,0.5346767861816278,10.693458074443475,0.7449503594659364,0.006320244096192024,7.44943868287474,0.6110965715781209,6.110912467442532,0.47990085540355826,0.8375017655401082,0.17375886524822695,17.317966903073287,0.5390070921985816,10.781066384438525,0.6187943262411347,6.188473960804351
2020-11-15,319,6885750,5884,3235,0.0008545183894274408,0.1649344957363601,0.9305654261308165,0.01129540547091491,0.29384772263766146,0.2510891664246297,293.8370543352131,0.010200927357032458,10.200557006779878,0.41655336505778384,0.17796979378449027,208.26912092990378,0.07202472952086553,36.011057311813815,0.568150917743032,0.0970983763687589,113.6293584434367,0.2383307573415765,47.66580534911733,0.6580557443915703,0.05623166516599378,65.80509660379701,0.38361669242658425,38.361390686287024,0.7319850441876274,0.03127473405220927,36.59925220938137,0.5131375579598145,25.656877897990725,0.8223997280761387,0.01405509341016823,16.447970674552327,0.6772797527047913,13.545575382200415,0.8463630183548606,0.007232138578231263,8.46340894205573,0.7208655332302937,7.208466896178867,0.5398728121917397,0.8774414724132148,0.166044776119403,16.54912935323383,0.6044776119402985,12.09058907862062,0.6958955223880597,6.959552046798598
2020-11-16,320,6885750,5305,2593,0.0007704316886323204,0.16906137072307031,0.9323726340363828,0.008362189280891368,0.32214891611687085,0.2481847226256172,322.1372203240987,0.011183956806787505,11.183550767112557,0.4580584354382658,0.1764449607900087,229.02090268799293,0.07713073659853452,38.563968162457094,0.6101790763430726,0.09401957651979435,122.03492912745975,0.23254917084458157,46.509496446108734,0.6852026390197926,0.05278979929710419,68.51976635438929,0.36212880833011957,36.21261787968168,0.7466540999057493,0.028762298950731582,37.332704995287465,0.4824527574238334,24.12263787119167,0.8105560791705938,0.012489543637884562,16.211098040445545,0.6128037022753567,12.256056246347644,0.8554194156456173,0.006590393535663352,8.554156887501211,0.7045892788276128,7.045862090695949,0.5265024088526785,0.8762412058357555,0.18823529411764706,18.760784313725487,0.6019607843137255,12.040248209060637,0.692156862745098,6.922162243971345
2020-11-17,321,6885750,4412,1945,0.0006407435646080674,0.1659403248066381,0.932727772933558,0.005323602747043945,0.36355394378966455,0.23293639268080163,363.540744764694,0.014910025706940874,14.909484390294528,0.5024932003626473,0.1609787975602672,251.23747853594966,0.07866323907455013,39.33019158129419,0.6312330009066183,0.08089110923930408,126.24568346431053,0.20668380462724936,41.336460765984555,0.6897098821396193,0.04419239594527869,68.9704873935183,0.30488431876606686,30.48821049033438,0.7486400725294651,0.023984315434048577,37.432003626473254,0.43136246786632393,21.568123393316196,0.8309156844968268,0.010648031159868598,16.61824128718613,0.6174807197943445,12.349560591026457,0.8531278331822303,0.005466314057460197,8.53120399391581,0.667866323907455,6.67860504406273,0.5223605238849529,0.8585611637907693,0.18568665377176016,18.506769825918763,0.5880077369439072,11.761163328478391,0.6963249516441006,6.963846707651679
2020-11-18,322,6885750,4136,2067,0.0006006607849544349,0.16001928256236123,0.8921893225397748,0.004798029617312457,0.3411508704061896,0.2049085100203311,341.13848473706355,0.01741654571843251,17.415913401204858,0.45140232108317213,0.13556491431890794,225.692966337384,0.06386066763425254,31.929174568875574,0.5664893617021277,0.06805309477475384,113.29704964827398,0.17658442186744072,35.31662792627523,0.6399903288201161,0.03844143018966569,63.998568164528656,0.2888243831640058,28.882228591762072,0.7047872340425532,0.02116690266129325,35.23936170212766,0.41170778906627964,20.585389453313983,0.785541586073501,0.00943686680918301,15.710808905060905,0.5723270440251572,11.44652425700642,0.8157640232108317,0.004899924772939171,8.157557303013997,0.6328011611030478,6.327947281609616,0.4443571819936811,0.8045080411521948,0.18218623481781376,18.157894736842106,0.5425101214574899,10.851132978243207,0.6558704453441295,6.559266949535073
2020-11-19,323,6885750,3759,1889,0.0005459100315869731,0.1366381121119232,0.8981961833254777,0.007077571549200214,0.3354615589252461,0.18312518152773744,335.44937980968825,0.02223398623610376,22.233179019060625,0.4650172918329343,0.12692419401684576,232.50020456278153,0.10164107993647432,50.81869490070999,0.6062782654961426,0.06619419675273752,121.25477262308124,0.24933827421916357,49.86729273881337,0.6940675711625433,0.03788956983937959,69.40625313155309,0.39809422975119113,39.80913390614401,0.7629688747007183,0.02082561812438732,38.14844373503591,0.5320275277924827,26.60137638962414,0.8198989092843841,0.008951807788827959,16.397954371354647,0.6442562202223399,12.88510569173476,0.8347964884277733,0.004557217918667166,8.347928513823474,0.6733721545791425,6.733692208280441,0.43860820705439885,0.8120670922712323,0.19823788546255505,19.757709251101325,0.5462555066079295,10.926047105583304,0.6409691629955947,6.4102413462192365
2020-11-20,324,6885750,3952,1760,0.0005739389318520132,0.21096733670783002,0.9251034793027791,0.009541565633974217,0.4228238866396761,0.24266627940749347,422.8085357869808,0.05284090909090909,52.838990672774806,0.5483299595141701,0.1573482428115016,274.155026047393,0.1431818181818182,71.58830994375941,0.6900303643724697,0.07920648290685178,138.00507076818187,0.3255681818181818,65.11316355266042,0.771002024291498,0.0442504865084667,77.09964257987717,0.48977272727272725,48.97691708760321,0.8188259109311741,0.023497632809550088,40.940998258694215,0.5954545454545455,29.772511083415413,0.8603238866396761,0.009875424425410048,17.206402767527138,0.6886363636363636,13.772667267641694,0.8782894736842105,0.005040793979511518,8.782805451523643,0.7284090909090909,7.284016860340922,0.5017913858340932,0.8506250617921367,0.2146118721461187,21.3896499238965,0.6187214611872146,12.375490495547357,0.6963470319634704,6.964067529782184
2020-11-21,325,6885750,3745,1600,0.0005438768471117888,0.22560324036174764,0.9298389613261524,0.00772826603459971,0.42029372496662215,0.2285797269822829,420.27846597283167,0.04125,41.24850239616613,0.5487316421895861,0.14921580017426664,274.3558600934463,0.1225,61.24777628521638,0.6822429906542056,0.07421069447268291,136.44760733385218,0.29625,59.24956976676639,0.7676902536715621,0.041752592291382264,76.76846792266635,0.46625,46.62466144093642,0.8264352469959947,0.022473949823911703,41.32176234979974,0.59625,29.8125,0.8619492656875835,0.00937578966629973,17.238810065346694,0.678125,13.562362126079393,0.8822429906542056,0.0047982944561109995,8.822391468936265,0.725625,7.256218385934491,0.499654533457403,0.8589673965936739,0.21654501216545013,21.582319545823193,0.6374695863746959,12.750485157316172,0.7299270072992701,7.299896082432922
2020-11-22,326,6885750,3258,1362,0.0004731510728678793,0.24105153154264883,0.9346804077123811,0.005890517809763161,0.44014732965009207,0.20824862038919548,440.13134986031395,0.035976505139500736,35.975198992784954,0.558317986494782,0.13207958176009293,279.1488582273051,0.11160058737151249,55.798267825544016,0.6795580110497238,0.06430625344912719,135.91061531225523,0.2621145374449339,52.42252682945929,0.7645794966236955,0.03617589822533329,76.45739447670003,0.4419970631424376,44.199385366014695,0.8216697360343769,0.019438695857386633,41.08348680171885,0.5748898678414097,28.74449339207049,0.8603437691835482,0.008141368783964728,17.206700461689724,0.6659324522760646,13.31851365054536,0.8710865561694291,0.004121507501637421,8.710764358317947,0.6916299559471366,6.9162192054741345,0.4770546594931251,0.8540234293991404,0.2071269487750557,20.643652561247215,0.5879732739420935,11.760474009328906,0.6659242761692651,6.659813880282846
2020-11-23,327,6885750,2406,1155,0.00034941727480666595,0.1360307315469478,0.9249059783177028,0.0035799800924346307,0.38445552784704906,0.13433052570432763,384.4415699786259,0.045021645021645025,45.02001048617372,0.49833748960931007,0.08706070287539937,249.1596985969581,0.10649350649350649,53.24482009422468,0.6163757273482959,0.043074152603909496,123.27425032933075,0.22337662337662337,44.6750002734783,0.683291770573566,0.023875221470272153,68.32868089730943,0.3437229437229437,34.3720447840521,0.7315045719035744,0.012780016701158189,36.575228595178714,0.4406926406926407,22.034632034632033,0.7822111388196176,0.00546629024200388,15.644018301695018,0.5463203463203463,10.92626411498183,0.7980049875311721,0.0027883308354536267,7.9799455736595215,0.5792207792207792,5.792132086309702,0.43291407540427834,0.8585340484336432,0.2009132420091324,20.02435312024353,0.545662100456621,10.914177964707816,0.634703196347032,6.342137080208003
2020-11-24,328,6885750,1964,1291,0.00028522673637584867,0.03466784227955464,0.8545263531708561,0.0013788025005258447,0.2479633401221996,0.07072320650595411,247.95433767737958,0.010844306738962044,10.843913030468762,0.32179226069246436,0.04589021202439733,160.89028892413134,0.043377226955848176,21.687826060937525,0.40682281059063136,0.02320717999361004,81.36397130397165,0.10689388071262587,21.378620904381872,0.464867617107943,0.013259171047663307,46.48642415552323,0.19054996127033308,19.054857762601237,0.515274949083503,0.007348509603165959,25.763747454175153,0.26336173508907823,13.168086754453912,0.5565173116089613,0.0031746584991097595,11.130297739432296,0.32532920216886135,6.506555695460026,0.6186354378818737,0.001764513669534909,6.186354378818737,0.4198295894655306,4.198295894655306,0.3446385315844021,0.8102270735582711,0.17050691244239632,16.99385560675883,0.46774193548387094,9.35564101145355,0.5414746543778802,5.415210930274838
2020-11-25,329,6885750,1988,1209,0.00028871219547616455,0.05366620355953548,0.8152617462988047,0.0009706124805841893,0.2806841046277666,0.08103398199244845,280.673914237677,0.017369727047146403,17.369096429696246,0.3611670020120724,0.05213476619227418,180.57694482316495,0.043010752688172046,21.504595579623924,0.44014084507042256,0.025414621394754422,88.0275298133452,0.09511993382961124,19.023848626659085,0.47283702213279677,0.013651282349182375,47.283358871168275,0.1381306865177833,13.812968350661164,0.5186116700201208,0.007486475692553462,25.930583501006037,0.20926385442514475,10.463192721257238,0.5784708249496981,0.003340207383310581,11.56933248975394,0.3068651778329198,6.137258991730888,0.6161971830985915,0.0017789924948300299,6.161819703861106,0.36889991728701405,3.688908098640497,0.3564090884099684,0.8024708906964296,0.19753086419753085,19.68724279835391,0.5012345679012346,10.025551108569976,0.5654320987654321,5.654805920843657
2020-11-26,330,6885750,2090,1225,0.000303525396652507,0.07209936749622481,0.8255807131754641,0.001532802830915132,0.31148325358851675,0.09453964565785652,311.471945018462,0.03183673469387755,31.835578843794273,0.3937799043062201,0.059758931164681964,196.88280395560233,0.07102040816326531,35.508914864232075,0.47416267942583734,0.028783874059659008,94.8318472757402,0.12489795918367347,24.97941045191494,0.5181818181818182,0.01572801998315374,51.817805549761175,0.18775510204081633,18.775373869086398,0.5669856459330144,0.008604727153904803,28.34928229665072,0.26448979591836735,13.224489795918368,0.6177033492822966,0.003749691398364774,12.353797869038395,0.35020408163265304,7.003929058226349,0.6660287081339713,0.002021557470613351,6.660258063768365,0.4326530612244898,4.326511762395154,0.33439527454140267,0.7989894475578194,0.20441988950276244,20.373848987108655,0.49171270718232046,9.83509756166902,0.5662983425414365,5.6634691015228915
2020-11-27,331,6885750,2170,1113,0.0003151435936535599,0.09582952624153188,0.8707280406804718,0.0023922069908609116,0.36082949308755763,0.11370897473133895,360.81639297526135,0.020664869721473494,20.664119472064495,0.4552995391705069,0.07173976183560848,227.64150463573324,0.05929919137466307,29.648519242527318,0.5682027649769585,0.035812832205408235,113.63972781492615,0.17969451931716082,35.93864289953644,0.6447004608294931,0.020317174475006534,64.46957794528859,0.31266846361185985,31.266619322596707,0.7009216589861751,0.011044548524125912,35.046082949308754,0.4195867026055705,20.97933513027853,0.7308755760368664,0.004606595040794217,14.617447835091603,0.4779874213836478,9.559706777714226,0.7534562211981567,0.002374455218645936,7.534518443221776,0.5220125786163522,5.2200954621148,0.38415402555648515,0.7989700110360327,0.21823204419889503,21.750460405156538,0.5414364640883977,10.829657989253526,0.5994475138121547,5.99498924405106
2020-11-28,332,6885750,2236,1070,0.0003247286061794285,0.15521494131783056,0.9050632900639332,0.00319461784028945,0.4208407871198569,0.1366540807435376,420.82550826467536,0.041121495327102804,41.12000238870144,0.5192307692307693,0.08430148126633749,259.60595913670994,0.09626168224299066,48.12909370495737,0.6207513416815742,0.04031485085247902,124.1493668414389,0.22149532710280373,44.298743750853376,0.6838103756708408,0.022205117778616865,68.38054103046113,0.34205607476635513,34.2053590987602,0.7343470483005367,0.011923174672330538,36.71735241502684,0.4457943925233645,22.289719626168225,0.789355992844365,0.005126492201341892,15.787005221551848,0.5607476635514018,11.214871835659082,0.8179785330948122,0.002656167857028752,8.179654660794155,0.6205607476635514,6.205508343510177,0.4237796199915555,0.8427292010310323,0.23209169054441262,23.131805157593124,0.5959885386819485,11.920793052436021,0.6590257879656161,6.590823081875685
2020-11-29,333,6885750,2252,1039,0.00032705224557963913,0.1727397705172694,0.9011139434852903,0.00291138224949496,0.4604795737122558,0.15059541097879756,460.46285574922524,0.0356111645813282,35.6098716985014,0.5461811722912966,0.08931164681963404,273.08067144240454,0.10105871029836382,50.52752065327901,0.6287744227353463,0.041128118737111155,125.75397140056089,0.21751684311838307,43.503052731778624,0.6909413854351687,0.022597229080135933,69.09363682883925,0.3320500481231954,33.20476370014076,0.7384547069271759,0.012075663507969356,36.922735346358785,0.4331087584215592,21.655437921077958,0.7739786856127886,0.005062621990891347,15.47955123169631,0.5101058710298364,10.202102604341993,0.7957371225577264,0.002602461010283497,7.957325000692535,0.5572666025024061,5.572633653046264,0.4197655962186426,0.8384562604156487,0.25443786982248523,25.35897435897436,0.5710059171597633,11.421097770154374,0.6301775147928994,6.302315608919383
2020-11-30,334,6885750,2462,1262,0.000357550012707403,0.13999254489730484,0.9158513986218708,0.00473190714359041,0.41754670999187654,0.14928841126924194,417.53155072996856,0.04595879556259905,45.95712700336427,0.5211210398050365,0.0931600348533256,260.55106011018955,0.13312202852614896,66.55859772901033,0.6165718927701056,0.044089456869009586,123.3099015579946,0.2622820919175911,52.45451392452957,0.6831844029244517,0.02442708182055825,68.31794421036108,0.38510301109350237,38.510021473715234,0.7347684809098294,0.013135823984315434,36.73842404549147,0.48335974643423135,24.167987321711568,0.7770105605199025,0.005556362368933167,15.54009836794539,0.5657686212361331,11.315290260178058,0.7973192526401299,0.0028507902483513197,7.9731230514155556,0.6053882725832013,6.053829974890069,0.4173918870887517,0.82267509340047,0.26229508196721313,26.14207650273224,0.5573770491803278,11.148497033433623,0.6196721311475409,6.197252762702808
2020-12-01,335,6885750,2900,1589,0.0004211596412881676,0.1460462065702059,0.9406651094311622,0.007845039816379547,0.38655172413793104,0.16279407493465,386.5376901659539,0.04782882315921964,47.827086707609155,0.4982758620689655,0.10492303223932617,249.12888594549662,0.131529263687854,65.76224422296258,0.6096551724137931,0.051352057858200933,121.93014910245071,0.2976714915040906,59.533866003203464,0.6979310344827586,0.029393824973133115,69.79259665819012,0.4505978602894902,45.059458835405586,0.7724137931034483,0.01626547580147406,38.62068965517241,0.5852737570799245,29.263687853996224,0.8351724137931035,0.007034808067664281,16.703424017903217,0.6998112020138452,13.996203713945402,0.8606896551724138,0.0036248037653810908,8.606721561197533,0.7463813719320327,7.463661969303887,0.4149085927361421,0.8335297993586686,0.27586206896551724,27.494252873563216,0.5329153605015674,10.659221301558794,0.5924764890282131,5.925273017631212
2020-12-02,336,6885750,3150,1490,0.0004574665069164579,0.18694057169461584,0.9520514846502729,0.010033774830850118,0.43746031746031744,0.2001161777519605,437.44443522398797,0.07583892617449664,75.836172800761,0.5723809523809524,0.13091780424048793,286.18008588855236,0.1865771812080537,93.28520371067061,0.7006349206349206,0.06410293647796915,140.1259666200559,0.374496644295302,74.89878499103592,0.7707936507936508,0.035260971855122135,77.07880538139912,0.5154362416107383,51.54324988630429,0.8234920634920635,0.01883600188795701,41.17460317460318,0.6268456375838927,31.34228187919463,0.8641269841269841,0.007906171577284134,17.282514583582294,0.7127516778523489,14.255012854853529,0.8761904761904762,0.004008231396941254,8.761802965551823,0.738255033557047,7.382464564642804,0.4385484358937441,0.8539025992556568,0.2668918918918919,26.600225225225227,0.5912162162162162,11.82533841731955,0.652027027027027,6.520829470121923
2020-12-03,337,6885750,3090,1108,0.0004487528591656682,0.2709276606693074,0.9578406329119555,0.010013772355823429,0.5540453074433657,0.24862038919546905,554.025192525146,0.08303249097472924,83.02947643468515,0.6980582524271844,0.15662213186174848,349.0164545200759,0.2427797833935018,121.3854845702734,0.8032362459546926,0.07209038891632054,160.646082679791,0.4548736462093863,90.97406864522007,0.8511326860841424,0.03819454529611665,85.11265057370072,0.5857400722021661,58.57358189558317,0.8893203883495145,0.019954253349308355,44.466019417475735,0.6913357400722022,34.56678700361011,0.9061488673139159,0.008132678846321415,18.12284574953323,0.7382671480144405,14.765235744402782,0.9184466019417475,0.004121531443741386,9.184412666259627,0.7725631768953068,7.7255868902578495,0.4942324415954604,0.8266490078841702,0.3229166666666667,32.18402777777777,0.6111111111111112,12.223270440251572,0.6631944444444444,6.632513221841052
2020-12-04,338,6885750,2730,854,0.00039647097266093016,0.2615467812362507,0.952466938148572,0.005678213580903789,0.5619047619047619,0.2227708393842579,561.884361644745,0.04215456674473068,42.1530363001059,0.6992673992673992,0.13861458030787105,349.62100599081435,0.1686182669789227,84.3060726002118,0.8095238095238095,0.06419007232275117,161.9035862624117,0.4028103044496487,80.56147590299365,0.8582417582417582,0.03402654738737692,85.82355262733724,0.5491803278688525,54.917634009453515,0.8794871794871795,0.017434556874705007,43.97435897435898,0.6159250585480094,30.796252927400467,0.9018315018315018,0.007150886018594627,18.03634190569156,0.6873536299765808,13.746852993268062,0.9084249084249084,0.003601630609212913,9.084222698676856,0.7084309133489461,7.084288556824444,0.5318865602466525,0.8757479101434856,0.34074074074074073,33.96049382716049,0.6814814814814815,13.63079855155327,0.7111111111111111,7.111720983419097
2020-12-05,339,6885750,2515,991,0.0003652470682206005,0.21495955259770416,0.9589993547595064,0.006866976139281021,0.5021868787276342,0.18341562590763869,502.16864655806086,0.04036326942482341,40.36180401422855,0.6282306163021869,0.11472553006099331,314.10390402285674,0.16145307769929365,80.7236080284571,0.7658051689860835,0.05594121235005373,153.15992164587772,0.42078708375378404,84.15680565678987,0.8218687872763419,0.030018298527404223,82.1862819423752,0.5519677093844602,55.196370137007264,0.8465208747514911,0.015459463384526013,42.32604373757455,0.6115035317860746,30.57517658930373,0.8866799204771372,0.0064771166084307075,17.73352114771441,0.7124117053481333,14.248172030186582,0.9125248508946322,0.0033329702646770504,9.125248508946322,0.7780020181634713,7.780020181634712,0.558810960274364,0.8910317891599001,0.3493150684931507,34.81506849315068,0.6712328767123288,13.425808877088276,0.7294520547945206,7.295146150050518
2020-12-06,340,6885750,2458,1275,0.0003569691028573503,0.1168363521960993,0.9164716667467644,0.005454249384757208,0.3901545972335232,0.13926808016264886,390.14043245726583,0.04156862745098039,41.567118279202475,0.5056956875508544,0.0902555910543131,252.83866399602786,0.14431372549019608,72.15424305069108,0.6305939788445891,0.04502018647070783,126.11787997993346,0.3050980392156863,61.01916476021411,0.6948738812042311,0.024804670481280315,69.48688355023431,0.41411764705882353,41.41146400179055,0.7302685109845403,0.013034164760556221,36.513425549227016,0.4807843137254902,24.039215686274506,0.7807160292921074,0.0055737571596203225,15.614116501975444,0.5780392156862745,11.560633210797127,0.8209926769731489,0.002930681681206314,8.209902923664108,0.6556862745098039,6.5568437004225855,0.4840247924289575,0.8779312539748283,0.29559748427672955,29.461215932914047,0.5849056603773585,11.699116476261368,0.660377358490566,6.604339946276579
2020-12-07,341,6885750,2077,1140,0.0003016374396398359,0.10728453969277542,0.9262052528815395,0.0031280310916345583,0.359653346172364,0.10848097589311646,359.6402887607254,0.02456140350877193,24.560511793570477,0.4597977852672123,0.06934359570142318,229.89054602844232,0.09824561403508772,49.121023587140954,0.5647568608570053,0.03407011530976793,112.95055199529828,0.2219298245614035,44.38564261156827,0.6249398170438132,0.01885038775450928,62.493527915557195,0.31842105263157894,31.841874047429418,0.6701974000962927,0.010107831390916023,33.509870004814644,0.3991228070175439,19.95614035087719,0.7347135291285508,0.004432284223856494,14.694078524034596,0.5166666666666667,10.33319827355849,0.8030813673567646,0.002422362413300338,8.030708708417334,0.6412280701754386,6.412196891316856,0.40671139925453414,0.8737148675247872,0.2706270627062706,26.97249724972497,0.5346534653465347,10.693986379770053,0.6402640264026402,6.403189375541328
2020-12-08,342,6885750,1483,808,0.0002153723269070181,0.07943577088754962,0.9120095748403205,0.0013263208379293422,0.38907619689817935,0.08379320360151031,389.0620712738366,0.012376237623762377,12.375788297679607,0.454484153742414,0.048939878013360444,227.233826723194,0.04950495049504951,24.751576595359214,0.5246122724207687,0.022597229080135933,104.92169260859474,0.13242574257425743,26.484956197702317,0.576534052596089,0.012416857881437161,57.65298661976125,0.22400990099009901,22.40082743824355,0.638570465273095,0.006876520349998185,31.928523263654753,0.3378712871287129,16.893564356435643,0.698583951449764,0.003009099913154356,13.971618157115715,0.4467821782178218,8.935604633500828,0.7707349966284558,0.0016599306111245847,7.707260421814639,0.5792079207920792,5.79201191518533,0.4024398704298349,0.8681257884447016,0.27177700348432055,27.08710801393728,0.5435540069686411,10.872012479007417,0.6306620209059234,6.307161085578021
2020-12-09,343,6885750,843,474,0.00012242675089859493,0.019292268697129755,0.8611129843526395,0.0007261918500727377,0.2823250296559905,0.03456288120824862,282.31477969121937,0.014767932489451477,14.767396331577187,0.4092526690391459,0.02505082776648272,204.6189054484678,0.052742616033755275,26.370350592102117,0.5136417556346382,0.012576606930204189,102.72760518345609,0.1350210970464135,27.004023322993458,0.5634638196915777,0.0068982543785762,56.345972820025,0.22362869198312235,22.362706814353956,0.638196915776987,0.0039066187416040375,31.90984578884935,0.35654008438818563,17.827004219409282,0.6797153024911032,0.0016643043033739194,13.594286307185012,0.43037974683544306,8.607582436135305,0.7034400948991696,0.0008611938499431438,7.03436008570107,0.47257383966244726,4.725710944504111,0.31587640756274965,0.8568585038172666,0.2743362831858407,27.342182890855458,0.5575221238938053,11.151398776544877,0.6106194690265486,6.106718377631719
2020-12-10,344,6885750,663,384,9.62858076462259e-05,0.03131864926305542,0.8562949591052453,0.0005138287088403164,0.3514328808446455,0.0338367702584955,351.4201218815013,0.010416666666666666,10.416288483880336,0.41478129713423834,0.019968051118210862,207.3831191360791,0.041666666666666664,20.832576967760673,0.5113122171945701,0.009846350460367713,102.26170087854747,0.15625,31.249773083737548,0.5490196078431373,0.00528624125010892,54.90156212358597,0.22135416666666666,22.135255934314095,0.5731523378582202,0.00275930175143048,28.65740880077289,0.2630208333333333,13.150946172739552,0.6410256410256411,0.0012344316386281252,12.820494201634409,0.3802083333333333,7.604155623344409,0.6681749622926093,0.0006433557902747259,6.681730215511605,0.4270833333333333,4.270820928523607,0.2268014260390077,0.8786485375985764,0.2781065088757396,27.71794871794872,0.5562130177514792,11.125214408233276,0.6686390532544378,6.686963979416809
2020-12-11,345,6885750,617,290,8.960534437062049e-05,0.11214242468780486,0.9157269000292736,0.0013932278306451862,0.5072933549432739,0.045454545454545456,507.27493738028585,0.05517241379310345,55.170410728414474,0.5818476499189628,0.02606738309613709,290.913262810739,0.15517241379310345,77.58339008683286,0.6855753646677472,0.012286154114264139,137.1140772970734,0.33793103448275863,67.58571613144893,0.7293354943273906,0.006535188358651137,72.93301983886883,0.4241379310344828,42.41348512330723,0.7520259319286872,0.0033692771303053407,37.60129659643436,0.4724137931034483,23.620689655172413,0.8055105348460292,0.0014435504952220511,16.110093715519024,0.5862068965517241,11.72405279831257,0.8282009724473258,0.000742109100203608,8.281973641372762,0.6344827586206897,6.3447999430310205,0.21478621887834323,0.8199641648170422,0.2571428571428571,25.62857142857143,0.55,11.000943396226415,0.6,6.000514579759863
2020-12-12,346,6885750,519,298,7.537305304433069e-05,0.048372071257709905,0.8624693816269506,0.0007867161776665657,0.4277456647398844,0.03223932616903863,427.7301351993405,0.05704697986577181,57.044908743935274,0.4932562620423892,0.01858844031367993,246.61917705187201,0.13087248322147652,65.43386591216104,0.5549132947976878,0.008365041099073456,110.9818530788922,0.22483221476510068,44.96611643727067,0.5934489402697495,0.004472973365476778,59.3444631046854,0.29194630872483224,29.194418880914544,0.6184971098265896,0.002330900773336238,30.924855491329478,0.33557046979865773,16.778523489932887,0.6724470134874759,0.0010136862161910958,13.448920738223194,0.42953020134228187,8.590591550947513,0.7109826589595376,0.0005358831106780156,7.1097439871891055,0.4966442953020134,4.966385252577886,0.20876647562074788,0.8244229153730962,0.2706766917293233,26.977443609022558,0.49624060150375937,9.925663214640375,0.5639097744360902,5.639581371954758
2020-12-13,347,6885750,500,367,7.261373125658062e-05,0.02673765108028786,0.8006818780726915,0.000486432753202893,0.264,0.019169329073482427,263.99041533546324,0.021798365122615803,21.797573721035693,0.318,0.011545164101074644,158.99422741794947,0.07084468664850137,35.421057296683,0.382,0.005547648784454965,76.39944523512156,0.15803814713896458,31.607399914668605,0.408,0.002962575698165817,40.79911122729055,0.19346049046321526,19.345627618860053,0.446,0.0016192862070217478,22.3,0.2452316076294278,12.261580381471392,0.51,0.0007406589831768751,10.199985186820337,0.33242506811989103,6.648491706962019,0.562,0.00040808679904557064,5.619967353056077,0.4032697547683924,4.0326741214827315,0.17987708036515257,0.7973014809536807,0.25170068027210885,25.086167800453513,0.4217687074829932,8.436097595127244,0.4897959183673469,4.898379248783562
2020-12-14,348,6885750,519,407,7.537305304433069e-05,0.009631003265682052,0.7954417817293552,0.0005742189013055647,0.22928709055876687,0.01728144060412431,229.2787661654123,0.04176904176904177,41.76752532111231,0.279383429672447,0.010528608771420273,139.68664325203687,0.08108108108108109,40.53906869402077,0.34104046242774566,0.005141014842138894,68.20759720473582,0.1597051597051597,31.94080000696516,0.36801541425818884,0.0027738243922274825,36.80127419803543,0.1941031941031941,19.410178465771136,0.4046242774566474,0.0015248883563881931,20.23121387283237,0.24078624078624078,12.039312039312039,0.4373795761078998,0.0006593259771530478,8.747502595725624,0.28255528255528256,5.651048202988277,0.5067437379576107,0.00038194323423140823,5.067371146645316,0.371007371007371,3.710025218294362,0.14352324827934843,0.7669529783677693,0.2077922077922078,20.709956709956714,0.3961038961038961,7.922757345570382,0.42857142857142855,4.286081842685617
2020-12-15,349,6885750,609,474,8.84435246705152e-05,0.024683945368500756,0.7798897943682449,0.0007850268868145082,0.2348111658456486,0.020766773162939296,234.80264089771634,0.035864978902953586,35.86367680525888,0.2889983579638752,0.012779552715654952,144.49393286013313,0.08860759493670886,44.30218899473156,0.36617405582922824,0.006477097795463127,73.23427938441745,0.18565400843881857,37.130532069116,0.4088669950738916,0.003616137558453629,40.886402615963995,0.24050632911392406,24.05045827204105,0.43842364532019706,0.0019387866245507025,21.92118226600985,0.27848101265822783,13.924050632911392,0.45977011494252873,0.0008132726089785296,9.195388944620541,0.3059071729957806,6.118134574704016,0.5090311986863711,0.0004502012108960311,5.090267632064608,0.3691983122362869,3.69195095200276,0.19316866515247458,0.7955328559286234,0.23976608187134502,23.89668615984405,0.3567251461988304,7.135114802443502,0.42105263157894735,4.210887424392886
2020-12-16,350,6885750,657,505,9.541444287114693e-05,0.02314554371316259,0.7691690527908938,0.0005207118775790808,0.2343987823439878,0.022364217252396165,234.39027236786438,0.027722772277227723,27.721765786802322,0.2815829528158295,0.013433052570432763,140.78636489628218,0.06930693069306931,34.65220723350291,0.3211567732115677,0.006128554416335067,64.23088823786786,0.11683168316831684,23.366166963206528,0.3561643835616438,0.0033982979464985915,35.61617973379403,0.16237623762376238,16.23750585578759,0.3911719939117199,0.0018661186909576747,19.558031622925128,0.2079207920792079,10.395737654640287,0.4535768645357686,0.0008655343076887329,9.071313332066504,0.2891089108910891,5.782035467064145,0.528158295281583,0.0005039334401226867,5.281521591057519,0.38613861386138615,3.861341276790219,0.19279770934438387,0.782108591365024,0.23469387755102042,23.391156462585034,0.3622448979591837,7.245519305492352,0.44387755102040816,4.439156194210103
2020-12-17,351,6885750,750,573,0.00010892059688487092,0.019103833369567468,0.8651276451222463,0.001076788830272892,0.23066666666666666,0.02512343886145803,230.6582921870462,0.034904013961605584,34.90274675226919,0.2813333333333333,0.01532094103979088,140.6615596863201,0.06457242582897033,32.285040745849,0.3626666666666667,0.007900316593569375,72.53280664556044,0.16579406631762653,33.15857248675816,0.42933333333333334,0.004676290336634813,42.93302158064422,0.2530541012216405,25.305226371473335,0.484,0.002635821025573999,24.199472835794886,0.32460732984293195,16.23001293560732,0.5893333333333334,0.0012838089041732504,11.786649549214612,0.462478184991274,9.249550266938334,0.6493333333333333,0.0007072484983676647,6.49324846351353,0.5410122164048866,5.410051452124864,0.18884653523871886,0.832864874301676,0.23414634146341465,23.336585365853658,0.40487804878048783,8.098255449106809,0.5317073170731708,5.317529180437603
2020-12-18,352,6885750,806,598,0.00011705333478560796,0.03328490135217203,0.8919801962619027,0.0008723310836699791,0.23573200992555832,0.027592216090618647,235.7234515458776,0.010033444816053512,10.033080546346278,0.2853598014888337,0.01670055184432181,142.67472067250486,0.043478260869565216,21.738341183750272,0.3759305210918114,0.008800720322983532,75.18555826797004,0.1588628762541806,31.772344539987337,0.41935483870967744,0.004908652589386854,41.93517936398329,0.21739130434782608,21.738972579991337,0.46029776674937967,0.002693969429619141,23.01488833746898,0.2725752508361204,13.62876254180602,0.5421836228287841,0.001269282492324762,10.843625212810458,0.38294314381270905,7.658829508082922,0.6625310173697271,0.0007755135235616693,6.625300551941395,0.5451505016722408,5.451497099651501,0.23566092952641085,0.8835934954827535,0.22272727272727272,22.19848484848485,0.4727272727272727,9.45535630750039,0.5636363636363636,5.636847029471386
2020-12-19,353,6885750,710,475,0.00010311149838434448,0.045048344278396324,0.8903542076448092,0.0008018021560452967,0.3380281690140845,0.03485332558814987,338.0158967163422,0.029473684210526315,29.472614152284574,0.3676056338028169,0.018951495788556493,183.7961438395111,0.056842105263157895,28.420020789702985,0.4394366197183099,0.009062127857329577,87.88668576564385,0.16210526315789472,32.42081721192813,0.4943661971830986,0.005097446919747887,49.436260743174664,0.24421052631578946,24.42087530249132,0.5267605633802817,0.002715753548996115,26.338028169014084,0.2926315789473684,14.63157894736842,0.6014084507042253,0.0012402335240640158,12.028081673695489,0.40421052631578946,8.084151824272988,0.6830985915492958,0.000704336826940811,6.830827191700972,0.5263157894736842,5.263035600767975,0.22742450189028676,0.9018510168416373,0.23834196891191708,23.75474956822107,0.5284974093264249,10.570854700095094,0.6528497409326425,6.529057314764617
2020-12-20,354,6885750,601,384,8.728170497040991e-05,0.05558899447495353,0.9275774790416672,0.0007647447438570038,0.36938435940099834,0.03223932616903863,369.3709486995969,0.033854166666666664,33.8529375726111,0.41264559068219636,0.018007551553877434,206.31530467905412,0.08072916666666667,40.36311787503631,0.46589018302828616,0.008132678846321415,93.17736001007934,0.1640625,32.81226173792442,0.5108153078202995,0.0044584507246797755,51.08115986266849,0.234375,23.43732981280316,0.5324459234608985,0.0023236394002105797,26.622296173044923,0.2682291666666667,13.411458333333334,0.6772046589018302,0.0011821498280509342,13.54407350832233,0.4947916666666667,9.89581896188656,0.7603993344425957,0.0006636875759718957,7.603971258316939,0.625,6.249981846619913,0.34800198088215123,0.9220851082374715,0.30851063829787234,30.74822695035461,0.5904255319148937,11.809523375059303,0.7127659574468085,7.128270866026787
2020-12-21,355,6885750,323,216,4.690847039175108e-05,0.016825313478077104,0.9241684204983134,0.00048118532991493236,0.34055727554179566,0.01597444089456869,340.5449114234562,0.046296296296296294,46.29461548391261,0.3931888544891641,0.009221609061864653,196.58728977626788,0.09722222222222222,48.609346258108246,0.43034055727554177,0.004037294141566702,86.06748648697499,0.14814814814814814,29.629414479395603,0.5015479876160991,0.0023526678091144093,50.154434571546574,0.25462962962962965,25.462778068230595,0.544891640866873,0.001278001670115819,27.24458204334365,0.3194444444444444,15.972222222222225,0.6470588235294118,0.0006070463853147056,12.941082500559547,0.4722222222222222,9.444375865307348,0.7739938080495357,0.00036306601992506317,7.739881878325089,0.6620370370370371,6.620322297739954,0.2887752533867817,0.9015381194779217,0.38524590163934425,38.396174863387984,0.5901639344262295,11.80429097657678,0.7459016393442623,7.453263938640482
2020-12-22,356,6885750,219,128,3.180481429038231e-05,0.031273455243469056,0.9055522545762361,0.00020096175911218486,0.4292237442922374,0.013650885855358699,429.2081610892062,0.046875,46.873298177461514,0.4474885844748858,0.007115887307580599,223.73616907841603,0.0546875,27.342757270185885,0.4748858447488584,0.0030207092857765256,94.97647929011741,0.1015625,20.312352504429406,0.5296803652968036,0.0016846263324522932,52.967651911796246,0.1953125,19.531108177335966,0.5525114155251142,0.0008786261482046255,27.62557077625571,0.234375,11.718749999999998,0.6164383561643836,0.0003921135793289339,12.328749218558022,0.34375,6.8749900156264525,0.7899543378995434,0.0002512416857881437,7.899486017879957,0.640625,6.406203482166197,0.17904678514839373,0.878542174394054,0.3563218390804598,35.513409961685824,0.5402298850574713,10.805524339031171,0.6781609195402298,6.782190808540841
2020-12-23,357,6885750,142,91,2.0622299676868895e-05,0.014049126428637898,0.827148182755422,0.00018411272433417576,0.352112676056338,0.007261109497531223,352.0998924128565,0.0,0.0,0.4154929577464789,0.004284054603543422,207.73893652358532,0.08791208791208792,43.95444810780274,0.49295774647887325,0.0020331697115803537,98.59083339094663,0.2087912087912088,41.75793853826907,0.5422535211267606,0.0011182433413691945,54.22495836502065,0.2857142857142857,28.57122110513147,0.5704225352112676,0.0005881541399516407,28.520298374450775,0.32967032967032966,16.483037725567804,0.5915492957746479,0.00024397965674385913,11.830865643831183,0.3626373626373626,7.252673522631203,0.6549295774647887,0.0001350605594121235,6.549248218112884,0.46153846153846156,4.6153511015981605,0.11732948512573037,0.8211011052891395,0.2692307692307692,26.833333333333332,0.41025641025641024,8.20583190394511,0.48717948717948717,4.87221269296741
2020-12-24,358,6885750,194,171,2.817412772755328e-05,0.0035579727457832316,0.6923083656016387,0.00013656642218608247,0.12371134020618557,0.0034853325588149867,123.70684879824894,0.005847953216374269,5.847740903231066,0.17010309278350516,0.0023961661341853034,85.04845854879615,0.05847953216374269,29.23870451615533,0.23195876288659795,0.0013070376717302275,46.391415711940276,0.1286549707602339,25.730807311054072,0.23711340206185566,0.0006680317750766058,23.710823686771846,0.13450292397660818,13.44999940126824,0.24742268041237114,0.00034854337912806064,12.371044189850739,0.14619883040935672,7.3098884406403615,0.26804123711340205,0.00015103458692040478,5.360754674676171,0.1695906432748538,3.391768533482696,0.32989690721649484,9.29432813625485e-05,3.2988876270214864,0.23976608187134502,2.3976016251214274,0.049375549519539756,0.6968367788253611,0.11,10.963333333333335,0.18,3.600308747855918,0.3,3.0002572898799316
2020-12-25,359,6885750,257,235,3.732345786588244e-05,0.0022650266925002996,0.6197407445430209,0.00016476973357917223,0.11284046692607004,0.004211443508568109,112.83637019113952,0.029787234042553193,29.786152600713137,0.14396887159533073,0.0026866105140865523,71.98182236331314,0.06382978723404255,31.9137349293355,0.1867704280155642,0.0013941735165122426,37.35381436312908,0.11063829787234042,22.127498898442248,0.19066147859922178,0.0007116093990531239,19.066009414513804,0.1148936170212766,11.489278274191166,0.19844357976653695,0.0003703300294085612,9.922178988326849,0.12340425531914893,6.170212765957447,0.22957198443579765,0.00017136566819540334,4.591366341542796,0.1574468085106383,3.148885866695308,0.26459143968871596,9.875453109025002e-05,2.645910554298401,0.19574468085106383,1.9574439657644367,0.04016590588104245,0.604398790427469,0.0625,6.229166666666667,0.1328125,2.656477808747856,0.1796875,1.7970291059176673
2020-12-26,360,6885750,264,225,3.834005010347457e-05,0.03940340831101935,0.6524174419755973,0.00010683394046736985,0.16666666666666666,0.006389776357827476,166.66061574208538,0.022222222222222223,22.22141543227805,0.1893939393939394,0.0036305547487656114,94.69353167163942,0.04888888888888889,24.443556975505853,0.2159090909090909,0.001655581050858288,43.18150462480097,0.08,15.999883818873624,0.2196969696969697,0.0008422887017136218,21.968899347820347,0.08444444444444445,8.44413786426566,0.22727272727272727,0.0004356792239100758,11.363553848631836,0.09333333333333334,4.6666327805048065,0.24242424242424243,0.00018588980220163233,4.848449642082916,0.1111111111111111,2.2222060859546695,0.3143939393939394,0.00012053774356248575,3.1439119989976754,0.19555555555555557,1.9555385156817664,0.07693601484589796,0.6560436510791632,0.17796610169491525,17.73728813559322,0.2288135593220339,4.576663662528709,0.288135593220339,2.8816030467773355
2020-12-27,361,6885750,232,207,3.369277130305341e-05,0.008500740152012798,0.735463810883895,0.00026908641114068387,0.125,0.004211443508568109,124.99546180656402,0.01932367149758454,19.32296994111135,0.16810344827586207,0.002831832704037177,84.04867259406892,0.06763285024154589,33.81519739694486,0.24568965517241378,0.001655581050858288,49.137574228221794,0.15458937198067632,30.917649891543235,0.29310344827586204,0.000987539574196172,29.310131995781422,0.20772946859903382,20.772796020880612,0.33189655172413796,0.0005591216706845973,16.59470708584683,0.25120772946859904,12.56029526843944,0.375,0.00025269174801695066,7.4998801892574045,0.2995169082125604,5.990242470002695,0.4525862068965517,0.0001524861782171316,4.52578319680437,0.3864734299516908,3.864666948823976,0.07663950130480603,0.7424795309458212,0.19387755102040816,19.32312925170068,0.3163265306122449,6.327073196345434,0.40816326530612246,4.081982707319635
2020-12-28,362,6885750,228,216,3.311186145300076e-05,0.0006026873874482833,0.7490555077206313,0.0001923676376176027,0.07017543859649122,0.0023235550392099913,70.1728908387728,0.018518518518518517,18.517846193565045,0.09210526315789473,0.0015248329944815568,46.05095961294465,0.041666666666666664,20.832576967760676,0.14473684210526316,0.0009584942926021667,28.947158224935833,0.09722222222222222,19.444303252103364,0.20175438596491227,0.0006680414766621162,20.1752920961674,0.1574074074074074,15.740626442178915,0.23684210526315788,0.00039211130151906823,11.842019273837387,0.19444444444444445,9.722151626051682,0.3157894736842105,0.00020912481265902198,6.315706924416056,0.2777777777777778,5.555482942773383,0.42543859649122806,0.00014086900199394988,4.254336537192283,0.39351851851851855,3.9351394659596433,0.03272539318172623,0.759768537426273,0.07692307692307693,7.666666666666667,0.23076923076923078,4.615780445969126,0.37362637362637363,3.736584170546435
