date,day,n_land,n_fire,n_new,base_rate,auc_pr,roc_auc,auc_pr_new,tpr_0.001,prec_0.001,lift_0.001,tpr_new_0.001,lift_new_0.001,tpr_0.002,prec_0.002,lift_0.002,tpr_new_0.002,lift_new_0.002,tpr_0.005,prec_0.005,lift_0.005,tpr_new_0.005,lift_new_0.005,tpr_0.01,prec_0.01,lift_0.01,tpr_new_0.01,lift_new_0.01,tpr_0.02,prec_0.02,lift_0.02,tpr_new_0.02,lift_new_0.02,tpr_0.05,prec_0.05,lift_0.05,tpr_new_0.05,lift_new_0.05,tpr_0.1,prec_0.1,lift_0.1,tpr_new_0.1,lift_new_0.1,cell_auc_pr,cell_roc_auc,cell_tpr_0.01,cell_lift_0.01,cell_tpr_0.05,cell_lift_0.05,cell_tpr_0.1,cell_lift_0.1
2019-01-14,13,6885750,2836,2109,0.0004118650836873253,0.07812488949479185,0.8034081529355593,0.0036202037296327286,0.2415373765867419,0.09947720011617775,241.52860744004616,0.0474158368895211,47.41411543160324,0.30289139633286316,0.0623729305837932,151.440199847445,0.0948316737790422,47.41411543160324,0.37623413258110017,0.030991315460803394,75.24628012490372,0.1678520625889047,33.57016875225974,0.4125528913963329,0.016991489732492957,41.25498957176071,0.21242294926505453,21.242140679395995,0.4513399153737659,0.009294557600842319,22.566995768688294,0.26363205310573734,13.181602655286866,0.5229196050775741,0.0043074152603909495,10.458316159815578,0.35988620199146515,7.197671774848911,0.5863892806770099,0.0024151327015938715,5.863892806770099,0.44523470839260315,4.452347083926032,0.30444904377020904,0.7774006419256535,0.1935483870967742,19.29032258064516,0.4119106699751861,8.238919935815858,0.48883374689826303,4.888756708902783
2019-01-15,14,6885750,2575,1958,0.0003739607159713902,0.08006147083208803,0.8105246683934275,0.00416402440929459,0.24310679611650485,0.09090909090909091,243.09796999117387,0.07303370786516854,73.03105633641944,0.29902912621359223,0.05591054313099041,149.50913489872514,0.1108273748723187,55.41167561189866,0.36466019417475726,0.027273519416770746,72.93150925205016,0.17568947906026558,35.13764066453349,0.40310679611650485,0.015074501147288623,40.31038690289034,0.21807967313585291,21.807808958947387,0.43844660194174756,0.008198090258867951,21.922330097087375,0.26200204290091933,13.100102145045966,0.4974757281553398,0.0037207005721920476,9.949442316493744,0.33963227783452504,6.79259623311476,0.5693203883495146,0.002129031508504508,5.693195615411618,0.4341164453524004,4.34115814897018,0.2637341249567354,0.7627230552870896,0.17724867724867724,17.665784832451497,0.41798941798941797,8.360505322769473,0.4947089947089947,4.947514225816112
2019-01-16,15,6885750,2347,1515,0.0003408488545183894,0.14049708990420975,0.858649125086896,0.005322191153392155,0.3655730720068172,0.12460063897763578,365.5597996762913,0.08514851485148515,85.14542348803572,0.438005965061781,0.07464420563462097,218.9950315077083,0.15907590759075907,79.53506612642094,0.515977844056242,0.03517383601034012,103.19481947515956,0.2594059405940594,51.8808113928823,0.5521942905837239,0.018821342472915274,55.21902809240578,0.3075907590759076,30.758852556085436,0.5837239028547081,0.009948081182151545,29.186195142735407,0.3551155115511551,17.755775577557756,0.6293140178951854,0.004289988091434546,12.586188964889404,0.42574257425742573,8.514789656083735,0.6876864081806562,0.0023439712449624226,6.876864081806563,0.5161716171617162,5.161716171617162,0.33133452492356885,0.7943167334027713,0.2148997134670487,21.418338108882523,0.46418338108882523,9.28446381968575,0.5702005730659025,5.7024947534489625
2019-01-17,16,6885750,2141,1120,0.0003109319972406782,0.1986183822575849,0.8392835453365715,0.0041492621882655,0.4703409621672116,0.14623874528027883,470.3238861810743,0.09553571428571428,95.53224580930252,0.5567491826249417,0.08655242521057217,278.3644847705266,0.18839285714285714,94.1930087185179,0.6099953292853807,0.037933137761770604,121.99817998277065,0.26160714285714287,52.321048648772006,0.6333489023820644,0.019692700920735426,63.334430343276026,0.3026785714285714,30.267637358248653,0.6496964035497431,0.010100496674315257,32.48458429479976,0.33303571428571427,16.651664800334437,0.6847267631947688,0.004258038281681141,13.694435823487117,0.3991071428571429,7.982084896246105,0.7150864082204578,0.0022234195350134115,7.150822542372069,0.45625,4.562473496142055,0.3821612147419169,0.8103324541013395,0.2484076433121019,24.757961783439487,0.5286624203821656,10.574155204247742,0.5955414012738853,5.955924768657613
2019-01-18,17,6885750,2040,1014,0.00029626402352684895,0.19373288183560997,0.8544199385215241,0.0029718848307726505,0.45931372549019606,0.1360731919837351,459.2970498539235,0.07396449704142012,73.96181171986038,0.5367647058823529,0.07950914899796689,268.3726091729169,0.14398422090729784,71.98949674066411,0.6235294117647059,0.03694559818757443,124.70497682357383,0.2485207100591716,49.703781094134044,0.6460784313725491,0.01914084057044933,64.60737399900562,0.28994082840236685,28.993872304911523,0.671078431372549,0.009940819809025886,33.553921568627445,0.34023668639053256,17.011834319526628,0.6975490196078431,0.004133155575693676,13.95091961045722,0.39250493096646943,7.850064417981309,0.7318627450980392,0.002168246015321497,7.318627450980391,0.46153846153846156,4.615384615384616,0.38199038730833346,0.8181484049256647,0.2730627306273063,27.215252152521526,0.5461254612546126,10.923445975454609,0.6088560885608856,6.0890830606419275
2019-01-19,18,6885750,2482,1344,0.0003604545619576662,0.17510896450393026,0.8854666117540441,0.004932570541014458,0.4049153908138598,0.14594830090037758,404.90069013891014,0.05431547619047619,54.313504237376044,0.5116841257050766,0.09221609061864652,255.83277436637604,0.15773809523809523,78.86618423509398,0.6103948428686543,0.044003601614917655,122.07808211922612,0.28869047619047616,57.737675983286515,0.6434327155519742,0.023192320539072598,64.34186992422205,0.34375,34.37425118720864,0.6748589846897664,0.012162799985477254,33.742949234488314,0.4017857142857143,20.089285714285715,0.7183722804190169,0.005178773708211101,14.367341281754468,0.48139880952380953,9.627906278656281,0.7534246575342466,0.0027157496049818757,7.534235633563236,0.5461309523809523,5.461301592499801,0.37611265056834453,0.8083685358094851,0.2482758620689655,24.7448275862069,0.5413793103448276,10.828514816348257,0.596551724137931,5.966028863784231
2019-01-20,19,6885750,2572,1481,0.0003735250335838507,0.19990982959940617,0.8238964961796305,0.005276858570000601,0.42573872472783825,0.15901829799593378,425.7232680503503,0.09453072248480757,94.52729049517335,0.49805598755832037,0.09301481266337497,249.0189526815063,0.16812964213369344,84.06176904749346,0.5668740279937792,0.04234802056405937,113.37398234796727,0.25928426738690075,51.85647692815219,0.5987558320373251,0.022364542035173324,59.874278895293436,0.3058744091829845,30.586774612348936,0.6185847589424572,0.011552844642921976,30.92923794712286,0.33828494260634706,16.914247130317353,0.6426905132192846,0.004801143212322063,12.853604927778633,0.37947332883187035,7.589345336687215,0.6679626749611197,0.002494982442178274,6.6795588457344675,0.42336259284267386,4.233582890151705,0.37828259217805865,0.8024574556220262,0.27483443708609273,27.391832229580576,0.5132450331125827,10.265781013937955,0.5860927152317881,5.861429804732317
2019-01-21,20,6885750,2414,1502,0.00035057909450677123,0.16902878847788502,0.8584582965681102,0.0062220725102034614,0.388152444076222,0.1360731919837351,388.1383519892311,0.1051930758988016,105.18925680658919,0.4652029826014913,0.08154225965727563,232.59304657625754,0.177762982689747,88.8782644536687,0.5410107705053853,0.037933137761770604,108.20136841056832,0.27430093209054596,54.85978806071848,0.5712510356255178,0.020026721659066486,57.12468875887202,0.3162450066577896,31.62427103014718,0.5973487986743994,0.010470824014638822,29.867223056669125,0.3561917443408788,17.809457895924993,0.6259320629660314,0.0043887675434519935,12.51862307884199,0.4007989347536618,8.015967053687687,0.6619718309859155,0.0023207247399713612,6.619689469038028,0.4580559254327563,4.580539297724588,0.39571608855370355,0.8112342329042329,0.25796178343949044,25.710191082802545,0.5,10.000857632933103,0.5859872611464968,5.860375173438507
2019-01-22,21,6885750,1942,1061,0.0002820317322005591,0.13891135091755802,0.899990361835941,0.005308955724273967,0.41709577754891863,0.11762997386000582,417.08063465836,0.07351555136663525,73.51288234429403,0.5144181256436663,0.07253848388033692,257.1997247059887,0.17530631479736097,87.64997510281212,0.6235839340885685,0.03517383601034012,124.71588120916554,0.3166823751178134,63.33601511712462,0.668898043254377,0.018864910395306283,66.88931861713709,0.39491046182846373,39.49075942570717,0.7250257466529351,0.010224013360926551,36.25128733264676,0.49670122525918947,24.835061262959474,0.7847579814624099,0.004426475201282632,15.694954488790879,0.6060320452403393,12.120482484384379,0.819773429454171,0.0023120111301842346,8.197698578612819,0.6701225259189444,6.7011960632584415,0.3881842648360708,0.8149304944571529,0.2711864406779661,27.028248587570623,0.5559322033898305,11.119597639329012,0.6203389830508474,6.203921853650027
2019-01-23,22,6885750,1512,845,0.0002195839233198998,0.11683488940903157,0.907146936192825,0.0026376290306908187,0.36243386243386244,0.0795817600929422,362.4207040740587,0.03431952662721893,34.31828063801522,0.4503968253968254,0.049448155678187625,225.19023674674634,0.10059171597633136,50.294031969505056,0.5621693121693122,0.024688489354904294,112.43304601556366,0.24260355029585798,48.52035773474989,0.6329365079365079,0.013898167242731418,63.29319119817319,0.34911242603550297,34.91098910183224,0.669973544973545,0.007355770976291616,33.49867724867725,0.41183431952662725,20.59171597633136,0.7546296296296297,0.0033140762557037837,15.092526837111329,0.5609467455621302,11.218886032532081,0.8227513227513228,0.0018066243862342193,8.22748933036526,0.6828402366863905,6.8283825334905375,0.3528867517758439,0.782166619727602,0.2834008097165992,28.245614035087716,0.5020242914979757,10.041346935090727,0.5910931174089069,5.911438115013089
2019-01-24,23,6885750,1148,649,0.0001667211269651091,0.1280497215872213,0.8900742209585365,0.0019235942704198216,0.4181184668989547,0.06970665117629973,418.1032868790992,0.04930662557781202,49.30483547377565,0.4808362369337979,0.04008132442637235,240.40938995548206,0.11556240369799692,57.77910407083084,0.5557491289198606,0.018530889656975226,111.14901868947489,0.22342064714946072,44.683804964111616,0.5914634146341463,0.009860873101164716,59.14591198287887,0.2850539291217257,28.505185925381554,0.6402439024390244,0.005337109247358676,32.01219512195122,0.3682588597842835,18.412942989214176,0.7473867595818815,0.00249209963751278,14.947713483452636,0.5577812018489985,11.15560783597378,0.8022648083623694,0.0013375429872664747,8.022636432552376,0.6548536209553159,6.548526699294001,0.2862640525788706,0.7476708739396463,0.27403846153846156,27.3125,0.41346153846153844,8.269939965694682,0.5288461538461539,5.2889150943396235
2019-01-25,24,6885750,878,388,0.00012750971208655556,0.12876546806806977,0.9255740741099295,0.002614710074237597,0.5569476082004556,0.07101365088585536,556.927387912618,0.14432989690721648,144.32465693129043,0.621867881548975,0.03964565785652047,310.92265214753513,0.2036082474226804,101.80042765689237,0.7027334851936219,0.01792093874350112,140.54567648412623,0.33505154639175255,67.00982269502484,0.7334851936218679,0.009352580673269627,73.34798675508694,0.40463917525773196,40.463623704303465,0.7505694760820045,0.004785244889808663,37.52847380410023,0.44072164948453607,22.036082474226806,0.7972665148063781,0.002033181522446324,15.945307139162614,0.5463917525773195,10.927819181351886,0.8428246013667426,0.0010746707368610611,8.42814809378252,0.6494845360824743,6.494769903308529,0.3126705076145836,0.8275574142876393,0.3370165745856354,33.58931860036833,0.56353591160221,11.271684845957754,0.6187845303867403,6.188375993859158
2019-01-26,25,6885750,927,419,0.00013462585774970046,0.2286757039475329,0.9181655232371057,0.0022158375118614833,0.5480043149946062,0.07377287249491722,547.9844193979249,0.11455847255369929,114.55431344563387,0.6245954692556634,0.04204182399070578,312.2863964875969,0.2052505966587112,102.62157246171368,0.686084142394822,0.018472799093787216,137.21583210360876,0.324582338902148,64.91599640115791,0.7087378640776699,0.00954137500363066,70.87327177049603,0.36754176610978523,36.753909727126164,0.7335490830636462,0.004937733725447482,36.67745415318231,0.4200477326968974,21.002386634844868,0.778856526429342,0.00209708151315178,15.577107906348296,0.5178997613365155,10.35798018409852,0.8252427184466019,0.0011109868613096284,8.25240321495445,0.6205250596658711,6.205232573255093,0.2867841219086894,0.832140261257286,0.3333333333333333,33.22222222222222,0.5679012345679012,11.358998792961057,0.6172839506172839,6.173368909217966
2019-01-27,26,6885750,1055,553,0.0001532149729513851,0.22229534170852105,0.8935388368090829,0.0029740983306982723,0.4995260663507109,0.07653209410397908,499.5079307833877,0.11392405063291139,113.91991455788116,0.5649289099526066,0.04327621260528609,282.4541999496196,0.20253164556962025,101.26214627367214,0.623696682464455,0.019111795288855326,124.73843072060242,0.29294755877034356,58.589086316851876,0.6616113744075829,0.010136803276307765,66.16065702354142,0.36347197106690776,36.346933178047,0.7004739336492891,0.005366154739861307,35.023696682464454,0.4358047016274864,21.790235081374323,0.7516587677725118,0.002303290830404601,15.033066194747375,0.5316455696202531,10.632834183428674,0.8037914691943128,0.0012315235165805472,8.037879672317064,0.6311030741410488,6.311003245480871,0.3516008953077959,0.8112757249092062,0.3493975903614458,34.82329317269076,0.5542168674698795,11.085287978672838,0.608433734939759,6.084859162206286
2019-01-28,27,6885750,1025,578,0.00014885814907599027,0.16053149361094174,0.8408903965114002,0.0028703328896707504,0.49365853658536585,0.07348242811501597,493.64061404192313,0.12110726643598616,121.10286957037347,0.5453658536585366,0.040589602091199536,272.6730269263192,0.20069204152249134,100.34237764402373,0.5892682926829268,0.017543350082779054,117.85280276341061,0.2750865051903114,55.01690153981199,0.6234146341463415,0.009279967469284615,62.34101073329418,0.3356401384083045,33.56377012177209,0.6517073170731708,0.004850526804969612,32.584892631531226,0.38581314878892736,19.290377290191888,0.688780487804878,0.002050590924537673,13.775469715741739,0.4515570934256055,9.031050059558233,0.7034146341463414,0.0010470900047198925,7.034146341463415,0.47750865051903113,4.775086505190311,0.30682014715211514,0.7682906404099552,0.3333333333333333,33.22222222222222,0.4444444444444444,8.88965122927387,0.49382716049382713,4.938695127374372
2019-01-29,28,6885750,940,493,0.00013651381476237156,0.15717791951471846,0.793414100844947,0.0008188220020113659,0.5095744680851064,0.06956142898634911,509.5559677050568,0.0872210953346856,87.21792872506701,0.5372340425531915,0.03666860296253267,268.6072689885738,0.12373225152129817,61.86387967708241,0.5521276595744681,0.015074501147288623,110.42473007972622,0.1460446247464503,29.208712853927512,0.5595744680851064,0.0076389090592233295,55.95704048356068,0.16024340770791076,16.024224412918567,0.5680851063829787,0.003877573249101405,28.404255319148938,0.17647058823529413,8.823529411764707,0.5861702127659575,0.0016004043126684635,11.723387229741355,0.21095334685598377,4.219060809884719,0.6053191489361702,0.0008263442616998875,6.053191489361702,0.24746450304259635,2.4746450304259637,0.27632563261508963,0.7323595191501258,0.3219178082191781,32.08447488584475,0.410958904109589,8.219882985972415,0.4246575342465753,4.246939542752414
2019-01-30,29,6885750,987,382,0.00014333950550049013,0.2537065648001198,0.8819256028670606,0.002760786267949125,0.6727456940222898,0.09642753412721464,672.7212696215483,0.19109947643979058,191.09253846867384,0.7142857142857143,0.05119082195759512,357.1298908758973,0.27486910994764396,137.42956533705996,0.7325227963525835,0.020999738592465653,146.50349545397202,0.31675392670157065,63.350325329964285,0.7416413373860182,0.010630573063405849,74.16359520906467,0.3403141361256545,34.03116649956759,0.7467071935157041,0.0053515931336954314,37.33508857177641,0.3507853403141361,17.539139657469452,0.7548125633232016,0.002163854623823313,15.096010107387416,0.3717277486910995,7.4344362085483535,0.7669706180344478,0.001099368698054103,7.669683903369847,0.4031413612565445,4.03140190316007,0.3224596289472936,0.7524695410690905,0.36231884057971014,36.11111111111111,0.5144927536231884,10.29073756432247,0.5507246376811594,5.507718696397942
2019-01-31,30,6885750,981,392,0.00014246814072541117,0.17149415877888963,0.9022281212043751,0.004068889597596451,0.6187563710499491,0.08814986930002905,618.7339067611366,0.1760204081632653,176.01401764597793,0.7104994903160041,0.050609933197792625,355.23684762150924,0.32142857142857145,160.70845089415377,0.7726809378185525,0.02201632344825583,154.5350654269394,0.44387755102040816,88.77486557665851,0.7869520897043832,0.01121147869528595,78.69463753931217,0.4770408163265306,47.70373523803201,0.7971457696228338,0.005678352551627988,39.85699906459982,0.5,24.99981846699004,0.8124362895005097,0.002314908943042203,16.248607802806166,0.5357142857142857,10.714207914424302,0.8205912334352702,0.001169081073230948,8.205912334352702,0.5561224489795918,5.561224489795918,0.23488212982004497,0.7737758632836209,0.328125,32.703125,0.4453125,8.907013829331046,0.5390625,5.391087317753001
2019-02-01,31,6885750,921,363,0.0001337544929746215,0.24453028658216275,0.9001437048284666,0.0038346170443371713,0.6612377850162866,0.0884403136799303,661.2137784164821,0.18732782369146006,187.3210226522613,0.7090119435396308,0.04741504501887889,354.4931012364227,0.2727272727272727,136.35868560716077,0.7698154180238871,0.020593104650149584,153.96196562949783,0.418732782369146,83.74594836325038,0.7893593919652552,0.010557959859420837,78.93536601738005,0.465564738292011,46.556135767728,0.8045602605863192,0.005380638415289437,40.22772092082436,0.5041322314049587,25.206428536965163,0.8208469055374593,0.0021958232885067822,16.416818902101603,0.5454545454545454,10.909011694686562,0.8317046688382194,0.001112435900601093,8.31699837411941,0.5730027548209367,5.72999426210829,0.3063747700843046,0.796354222845432,0.33858267716535434,33.74540682414698,0.5354330708661418,10.709579827392933,0.6377952755905512,6.378499750138437
2019-02-02,32,6885750,722,397,0.00010485422793450242,0.11549210491215653,0.8576669579387481,0.004462703638371442,0.5637119113573407,0.05910543130990415,563.6914454877735,0.23425692695214106,234.2484221261553,0.6163434903047091,0.03231193726401394,308.1605568084266,0.3123425692695214,156.1656147507702,0.6426592797783933,0.013477010659618345,128.53092264469117,0.35516372795969775,71.03222980041502,0.6592797783933518,0.0069126766290535735,65.92654168768094,0.38287153652392947,38.28631961863587,0.6620498614958449,0.0034709363540645537,33.10249307479224,0.3879093198992443,19.395465994962215,0.6800554016620498,0.001426131610744493,13.601088280725612,0.42065491183879095,8.413086018664476,0.703601108033241,0.0007377490810812381,7.035949771544508,0.4634760705289673,4.6347203199693805,0.298366124041255,0.7321183668485421,0.34074074074074073,33.96049382716049,0.45925925925925926,9.185972936916333,0.5037037037037037,5.03746902992186
2019-02-03,33,6885750,476,343,6.912827215626475e-05,0.019925242200000987,0.798486859342822,0.0013737862347685686,0.3550420168067227,0.024542550101655534,355.0291268119214,0.119533527696793,119.52918796662684,0.42857142857142855,0.014812663374963694,214.27793452553837,0.21282798833819241,106.41013075077755,0.45588235294117646,0.006302826105899097,91.17580852666956,0.24489795918367346,48.97923618022538,0.4642857142857143,0.0032095036161375583,46.42823429583864,0.2565597667638484,25.655790380118056,0.47058823529411764,0.001626547580147406,23.529411764705884,0.2653061224489796,13.26530612244898,0.5399159663865546,0.0007464637369659298,10.798240917674688,0.36151603498542273,7.23026819803327,0.5735294117647058,0.00039647097266093016,5.735294117647059,0.40816326530612246,4.081632653061225,0.16198738363955786,0.7552234186849571,0.28205128205128205,28.11111111111111,0.42735042735042733,8.54774156660949,0.4700854700854701,4.70125786163522
2019-02-04,34,6885750,454,339,6.59332679809752e-05,0.03685016561369099,0.7477863100158728,0.00046942396264840463,0.29955947136563876,0.019750217833284928,299.54859569502577,0.07079646017699115,70.79388987274423,0.31718061674008813,0.01045599767644496,158.58455066207244,0.09144542772861357,45.72105387614732,0.34140969162995594,0.004502018647070783,68.28144250895957,0.11799410029498525,23.598648700403572,0.3458149779735683,0.002280054605129397,34.581246690021466,0.12389380530973451,12.389290567711877,0.35462555066079293,0.0011690725841587033,17.731148780552406,0.13569321533923304,6.784611501366028,0.3766519823788546,0.0004966772004833163,7.533028707550651,0.16519174041297935,3.303830010191098,0.4251101321585903,0.00028028778148590284,4.251082800366863,0.23008849557522124,2.3008749312453776,0.11455115282492279,0.7384188256361379,0.16666666666666666,16.61111111111111,0.3333333333333333,6.667238421955403,0.39166666666666666,3.9170025728987996
2019-02-05,35,6885750,416,270,6.041462440547507e-05,0.05097737847973681,0.7608674250169329,0.0008653949290504796,0.40865384615384615,0.024687772291606156,408.6390097522286,0.1037037037037037,103.69993868396423,0.44711538461538464,0.013505663665408075,223.549575923278,0.15185185185185185,75.92316939361666,0.47115384615384615,0.005692709846064479,94.22734813110213,0.18518518518518517,37.035692387130084,0.47596153846153844,0.0028754828778065,47.59580823523103,0.1925925925925926,19.259119411607138,0.49038461538461536,0.0014813201176342447,24.51923076923077,0.21481481481481482,10.74074074074074,0.5120192307692307,0.0006186662948859824,10.240340000026812,0.24814814814814815,4.962941340301639,0.5456730769230769,0.0003296653823755368,5.45671491993354,0.3,2.999991286377558,0.11940765031820082,0.7460461948108241,0.16666666666666666,16.61111111111111,0.36507936507936506,7.30221350976068,0.4444444444444444,4.444825614636935
2019-02-06,36,6885750,390,262,5.663871038013288e-05,0.058496608373905815,0.774377493585051,0.0009639970328514607,0.4,0.022654661632297415,399.985477781005,0.11450381679389313,114.499659670135,0.4282051282051282,0.012126052860877142,214.09479099175587,0.15267175572519084,76.33310644675667,0.46923076923076923,0.0053152865317029245,93.8454723991626,0.21374045801526717,42.74778119546389,0.47692307692307695,0.00270121118824247,47.691961383180995,0.22519083969465647,22.518920451181867,0.49743589743589745,0.001408706386377664,24.871794871794872,0.25572519083969464,12.786259541984734,0.5384615384615384,0.0006099526850988559,10.769183849793453,0.31297709923664124,6.259514713129675,0.558974358974359,0.0003165931095978541,5.589694883111344,0.3435114503816794,3.435084571699842,0.10548101907599809,0.7323308594241376,0.13740458015267176,13.694656488549619,0.33587786259541985,6.718133371741322,0.4198473282442748,4.1988333573383265
2019-02-07,37,6885750,530,400,7.697055513197545e-05,0.050869582483973885,0.8260797735296602,0.0025936465784013522,0.3584905660377358,0.027592216090618647,358.4775508414667,0.165,164.99400958466452,0.39811320754716983,0.01532094103979088,199.04937691460387,0.21,104.9961879175138,0.469811320754717,0.007232275116907258,93.96158186083802,0.2975,59.49956795143629,0.5245283018867924,0.004037294141566702,52.45244931187344,0.37,36.999731331145256,0.5622641509433962,0.0021638734787533765,28.113003408162385,0.42,20.99984751227163,0.6113207547169811,0.0009410725903894414,12.226397338253012,0.485,9.699985912956594,0.6622641509433962,0.0005097476531276141,6.6226318915537155,0.5525,5.524991976194349,0.08749029441476334,0.7453649183110942,0.1342281879194631,13.37807606263982,0.2953020134228188,5.906546789920223,0.3825503355704698,3.825831443471053
2019-02-08,38,6885750,742,528,0.00010775877718476563,0.13216259920713447,0.873098749143285,0.004431511143295419,0.42318059299191374,0.04559976764449608,423.16522918879906,0.19696969696969696,196.96254587701003,0.45148247978436656,0.024324716816729597,225.73304423287848,0.23295454545454544,116.4730439561165,0.48787061994609165,0.01051439193702983,97.57341547224145,0.2840909090909091,56.81776924315918,0.5094339622641509,0.0054895582212669556,50.94302631009291,0.3143939393939394,31.439165647881413,0.5741239892183289,0.003093322489761538,28.705991016004734,0.4053030303030303,20.265004363393437,0.6778975741239892,0.0014609776641784542,13.557853033850124,0.5511363636363636,11.022647233172881,0.7250673854447439,0.0007813214789340916,7.250652794569301,0.6174242424242424,6.174224490903308,0.11156455561423323,0.7558933297326491,0.14285714285714285,14.238095238095239,0.32919254658385094,6.584415584415585,0.422360248447205,4.223964714530752
2019-02-09,39,6885750,1173,889,0.00017035181352793814,0.12009036719250477,0.8312617890236955,0.003856771988532459,0.33844842284739984,0.05765320941039791,338.436135292112,0.1327334083239595,132.72858936490042,0.3597612958226769,0.03064188207958176,179.87411724593358,0.1597300337457818,79.8621173297282,0.3853367433930094,0.013128467280490285,77.06678906789085,0.19122609673790777,38.24494163679016,0.40664961636828645,0.0069272996601702054,40.664666355513205,0.21934758155230596,21.93459887992377,0.4475703324808184,0.0038121932092131635,22.37835412646167,0.2722159730033746,13.61069981779885,0.5848252344416027,0.0019925121046562625,11.696453729443187,0.453318335208099,9.066327203771156,0.6581415174765558,0.0011211543823775444,6.581405616757183,0.5500562429696289,5.500554441380649,0.13779090426091622,0.7646479525085219,0.14795918367346939,14.746598639455785,0.33163265306122447,6.633221899394407,0.4489795918367347,4.490180978051598
2019-02-10,40,6885750,1811,1388,0.00026300693461133503,0.15895350531207,0.8020406715590014,0.005931521326686769,0.3268912203202651,0.08597153645076967,326.8793523555424,0.12536023054755044,125.35567927574724,0.35173937051352844,0.04625326749927389,175.86330021155447,0.15489913544668588,77.44675587438405,0.39536167863059085,0.02079642162130762,79.0717615565538,0.21181556195965417,42.36280477979868,0.4224185532854776,0.011109820209706934,42.24154859690199,0.24711815561959655,24.71163612154923,0.45720596355604637,0.006012416948044876,22.860298177802317,0.29178674351585016,14.589337175792506,0.5405853119823302,0.002843533068053095,10.811627732383544,0.40057636887608067,8.011469203254444,0.6073992269464384,0.0015974904876702779,6.0739481642604165,0.4877521613832853,4.877486196585664,0.1623940716646166,0.7376787599081107,0.15639810426540285,15.587677725118482,0.3175355450236967,6.3512555583556205,0.4265402843601896,4.265768658597058
2019-02-11,41,6885750,1990,1505,0.00028900265040119087,0.11347644589348195,0.7774181580777433,0.002638297209635574,0.2884422110552764,0.08335753703165844,288.4317390028855,0.07109634551495017,71.09376432320187,0.32060301507537686,0.0463258785942492,160.29568770369417,0.10498338870431893,52.48978861245746,0.3522613065326633,0.02036015103107755,70.44970349861418,0.14551495016611296,29.101933433235907,0.3778894472361809,0.0109210258793459,37.788670325982935,0.17807308970099667,17.8071796655238,0.40804020100502514,0.005896234978034346,20.402010050251256,0.21794019933554817,10.897009966777409,0.4844221105527638,0.0027999814109117946,9.68842814079693,0.31827242524916943,6.365439260617472,0.5567839195979899,0.0016091062634606532,5.567790680213162,0.413953488372093,4.139498813586403,0.18931310566224854,0.7450775957169181,0.19213973799126638,19.149927219796215,0.3624454148471616,7.249529987191683,0.4585152838427948,4.585546076235703
2019-02-12,42,6885750,2712,1788,0.0003938568783356933,0.22620119227808802,0.7712820735257395,0.006946201840808283,0.3993362831858407,0.15727563171652628,399.3217850634479,0.10961968680089486,109.61570699815013,0.4498525073746313,0.08858553586988092,224.91808761653118,0.1739373601789709,86.96552264394053,0.5136430678466076,0.04046007726044904,102.72786762394432,0.2651006711409396,53.01974923200572,0.5390855457227138,0.021232100845217695,53.90816312498442,0.30257270693512306,30.257050985775415,0.5578908554572272,0.010986457539120647,27.894542772861357,0.32941834451901564,16.470917225950785,0.588495575221239,0.004635653871177619,11.769894411305785,0.37583892617449666,7.516767607079075,0.6150442477876106,0.002422355377541803,6.1503442259986985,0.4161073825503356,4.1610073533240195,0.216451577561259,0.6993017392736884,0.20072992700729927,20.006082725060825,0.33941605839416056,6.788903356662618,0.41605839416058393,4.160940766986766
2019-02-13,43,6885750,3706,2732,0.0005382129760737756,0.11842793090035374,0.663612748103402,0.0016237677265370629,0.26821370750134915,0.14435085681092072,268.20396985585467,0.025988286969253295,25.987343450266607,0.3089584457636266,0.0831397037467325,154.47361442905108,0.06844802342606149,34.22276919154828,0.3378305450620615,0.03636469255569433,67.56561839324668,0.1021229868228404,20.424449055022606,0.35051268213707504,0.018864910395306283,35.05101369521863,0.11896046852122986,11.895960471115316,0.3577981651376147,0.00962858076462259,17.889908256880734,0.12884333821376281,6.44216691068814,0.3675121424716676,0.0039559788433554365,7.350210825859335,0.14202049780380674,2.840397580964138,0.3783054506206152,0.0020360831105308485,3.783043518169938,0.15666178623718888,1.5666133120663674,0.24050327774297856,0.7131043934982881,0.19148936170212766,19.085106382978726,0.3475177304964539,6.950950695230101,0.4148936170212766,4.149291996642458
2019-02-14,44,6885750,3449,2611,0.0005008895182078931,0.08445824894978968,0.6482881594880624,0.0016989829673264246,0.24470861119164974,0.12256752831832704,244.69972691154553,0.02987361164304864,29.872527065222506,0.28616990432009276,0.07166715074063316,143.07975738252097,0.06664113366526235,33.31935711120972,0.3221223543055958,0.032269307850939614,64.42400305439475,0.1083875909613175,21.67736078485846,0.3392287619599884,0.016991489732492957,33.92262987112595,0.12983531214094216,12.983436936514167,0.35024644824586837,0.008771738735794938,17.51232241229342,0.1436231328992723,7.1811566449636155,0.361844012757321,0.0036248722000185893,7.236869745224124,0.15894293374186136,3.1788540582681413,0.3763409683966367,0.001885049725810949,3.763404218469917,0.1769436997319035,1.7694344276143148,0.26114287858093715,0.7126144890295835,0.21509433962264152,21.4377358490566,0.3660377358490566,7.321382569015179,0.4490566037735849,4.490951163468074
2019-02-15,45,6885750,2892,1449,0.0004199978215880623,0.18974900792537971,0.929969931866136,0.01333183635657928,0.46507607192254496,0.1953238454835899,465.05918708113035,0.08971704623878538,89.7137890123027,0.6065006915629322,0.12735986058669765,303.2393361116367,0.2650103519668737,132.50036531047783,0.7309820193637621,0.061401725289726684,146.1953422938228,0.4692891649413389,93.85715145647053,0.7914937759336099,0.033242324784338785,79.14880286437095,0.5873015873015873,58.72973227165914,0.8212309820193637,0.017245761173437898,41.061549100968186,0.6459627329192547,32.29813664596273,0.8423236514522822,0.007075471698113208,16.846448563375873,0.6880607315389924,13.761194645746054,0.8613416320885201,0.0036176055836892604,8.61339130286595,0.7253278122843341,7.253257055400997,0.4024675909153949,0.8264161999777472,0.3347457627118644,33.36299435028249,0.5254237288135594,10.509375817658517,0.5847457627118644,5.847959124342239
2019-02-16,46,6885750,1549,666,0.00022495733943288677,0.16606289220954593,0.9229027285844625,0.0023111011668402143,0.4648160103292447,0.10455997676444961,464.7991349295086,0.04054054054054054,40.53906869402078,0.5719819238218206,0.06433343014812663,285.9805788524616,0.11561561561561562,57.805709063696284,0.6681730148482892,0.030061866449795232,133.63363260598936,0.24924924924924924,49.84948787411828,0.7314396384764364,0.016454152023003862,73.14343272588692,0.37987987987987987,37.987712145035914,0.7701743060038735,0.008662818138910068,38.50871530019367,0.466966966966967,23.34834834834835,0.8050355067785668,0.0036219571348489205,16.100639987918626,0.5480480480480481,10.960913206192608,0.8347320852162685,0.001877769274001827,8.347223872471323,0.6156156156156156,6.156084633552129,0.3282264984280202,0.8094755072610522,0.2589641434262948,25.810092961487385,0.4701195219123506,9.403196818215987,0.549800796812749,5.498479495397484
2019-02-17,47,6885750,1873,1035,0.000272011037287151,0.2012803687354771,0.8482040414597468,0.0028705831071223903,0.43566470902295784,0.11850130699970955,435.64889197717565,0.06859903381642513,68.59654329094528,0.49599572877736253,0.06745570723206507,247.98886069043886,0.11594202898550725,57.96890982333404,0.5605979711692471,0.030497545673705308,112.11878009755276,0.2135265700483092,42.70500391269409,0.6187933796049119,0.01683149624595187,61.87799000297015,0.3130434782608696,31.30366590329198,0.6497597437266418,0.008837026924976038,32.48775128064803,0.3681159420289855,18.40566345105933,0.6737853710624666,0.003665514537163438,13.475609569820149,0.4115942028985507,8.231824283623386,0.7148958889482114,0.0019445872508270668,7.14892774286304,0.485024154589372,4.850220414337618,0.2878951877525313,0.7721120589909249,0.23843416370106763,23.76393831553974,0.4199288256227758,8.399296802036345,0.49466192170818507,4.947043455436661
2019-02-18,48,6885750,2989,2032,0.00043408488545183897,0.143982222030109,0.7916847715750017,0.004592798091698538,0.33021077283372363,0.14333430148126633,330.19878435082956,0.058070866141732284,58.068757847143935,0.391435262629642,0.08495498112111531,195.71052567906315,0.11614173228346457,58.068757847143935,0.4539979926396788,0.039414447123064855,90.79893920295879,0.2002952755905512,40.058764236476165,0.5045165607226497,0.021900142321879812,50.451289726625596,0.27312992125984253,27.312793797597386,0.539310806289729,0.011705333478560795,26.965540314486447,0.3243110236220472,16.215551181102363,0.5781197724991636,0.005019053815410354,11.562378658234138,0.38041338582677164,7.608256667257335,0.6099029775844764,0.002647496641614929,6.099029775844763,0.4266732283464567,4.266732283464568,0.3100273268305908,0.7682753312687102,0.21646341463414634,21.574186991869915,0.4268292682926829,8.53731749152826,0.4969512195121951,4.969938396853951
2019-02-19,49,6885750,4271,3204,0.0006202664923937117,0.1290617026905847,0.7491091302008531,0.006048539824268719,0.264340903769609,0.163955852454255,264.3313067283742,0.05493133583021224,54.92934151799069,0.30812456099274177,0.09555620098751089,154.05668718093023,0.09051186017478152,45.25428704607188,0.3788339967220791,0.046995265619100175,75.76624917741022,0.1735330836454432,34.70636471322462,0.4387731210489347,0.027215428853582736,43.876993497672046,0.2531210986267166,25.311926063331985,0.48255677827206744,0.014965690011981265,24.12783891360337,0.31086142322097376,15.543071161048688,0.5272769843128073,0.006540997414969938,10.545463111713708,0.3698501872659176,7.396950033304169,0.5598220557246546,0.003472343243525844,5.598147386819967,0.4132334581772784,4.132280570916831,0.2946994273347652,0.7410584154261082,0.20710059171597633,20.64102564102564,0.40236686390532544,8.04802744425386,0.5029585798816568,5.030017152658662
2019-02-20,50,6885750,4732,3233,0.0006872163526122789,0.1786403910815158,0.8004094275527404,0.009519887337783719,0.31635672020287403,0.21739761835608482,316.3452346989457,0.05722239406124343,57.22031657089848,0.39201183431952663,0.13469358117920419,195.99880105763003,0.12929167955459325,64.64349277469071,0.47886728655959426,0.06581660809201545,95.77276187015964,0.2400247448190535,48.00460038449556,0.5378275570583263,0.03696012082837143,53.78236517201154,0.32477575007732756,32.477339177654855,0.5788250211327134,0.019888900991177433,28.941251056635675,0.38478193628209095,19.239096814104546,0.6191885038038885,0.00851026750704348,12.383680153555504,0.44355088153417876,8.870953215382299,0.6510989010989011,0.0044744386256894645,6.510960643880226,0.4902567274976802,4.902545915447707,0.32237741554245214,0.7442635991469124,0.21606648199445982,21.534626038781163,0.42105263157894735,8.421774848785772,0.5069252077562327,5.069686833315119
2019-02-21,51,6885750,4127,2583,0.0005993537377918164,0.196808197238139,0.8677599838002978,0.01726380598690983,0.3702447298279622,0.22189950624455418,370.2312878903414,0.06852497096399536,68.52248312740792,0.480251999030773,0.14391519024106883,240.11728160950804,0.19357336430507163,96.78316825905074,0.6307244972134722,0.07560486798919515,126.14398346416296,0.413472706155633,82.69394075956751,0.6905742670220499,0.0413895262714572,69.0569252541038,0.5079365079365079,50.79328196467817,0.725708747274049,0.021747812511345894,36.28543736370245,0.5636856368563685,28.18428184281843,0.762054761327841,0.009134714529279012,15.240940288340916,0.6209833526906697,12.419540797725702,0.7858008238429852,0.004709726609301819,7.858008238429853,0.6589237320944638,6.589237320944638,0.36937465191040225,0.7717148631042285,0.2522255192878338,25.138476755687435,0.44807121661721067,8.962192893607709,0.5281899109792285,5.282352102854874
2019-02-22,52,6885750,2747,1613,0.00039893983952365395,0.10903501316476981,0.8680878729717132,0.007011946812851981,0.369129959956316,0.1472553006099332,369.1165584910256,0.052076875387476754,52.074984708004365,0.4754277393520204,0.09483009003775777,237.7052393438262,0.15499070055796652,77.49253676786363,0.5908263560247543,0.0471404920270702,118.16441316905664,0.30936143831370116,61.87183838823572,0.6465234801601747,0.025792210055476487,64.65187855460401,0.40173589584624925,40.17329787131939,0.6898434655988351,0.013760202155159895,34.49192282122033,0.4736515809051457,23.682407078462973,0.7360757189661449,0.005872955938307822,14.721407481690237,0.5511469311841289,11.0228585825935,0.7684746996723698,0.003065738376770678,7.684713515780377,0.606323620582765,6.063209789490478,0.3632091643732048,0.7969779049775084,0.2564102564102564,25.555555555555557,0.47435897435897434,9.487993138936535,0.5416666666666666,5.417131217838765
2019-02-23,53,6885750,2242,1350,0.0003255999709545075,0.12229013325592132,0.8456443677435106,0.004556279166856476,0.3586083853702052,0.11675864072030206,358.5953658964407,0.04814814814814815,48.14640010326912,0.4464763603925067,0.07268370607028754,223.2300754119012,0.12518518518518518,62.59032013424986,0.5504014272970562,0.03584187748700224,110.07948613118897,0.2674074074074074,53.48109313530907,0.6110615521855486,0.01989601789189346,61.1057115071835,0.35777777777777775,35.77751798387019,0.652542372881356,0.010623388882837745,32.6271186440678,0.4237037037037037,21.185185185185187,0.6971454058876003,0.004539790699092913,13.94284737122169,0.49777777777777776,9.955512181142394,0.7194469223907226,0.0023425155683613717,7.194458775577305,0.534074074074074,5.340732984529748,0.37276165776087095,0.8067331797679044,0.272108843537415,27.120181405895693,0.5136054421768708,10.27298981342108,0.5748299319727891,5.748792312808486
2019-02-24,54,6885750,2532,1380,0.00036771593508332426,0.1684838321534803,0.8528949982390414,0.005822755915501854,0.42298578199052134,0.15553296543711878,422.97042526012666,0.08115942028985507,81.15647375266768,0.5098736176935229,0.09374092361312808,254.9275532263415,0.1644927536231884,82.24339081185519,0.5983412322274881,0.044003601614917655,119.66737749601866,0.286231884057971,57.24596112731052,0.6631121642969984,0.024383513898167244,66.31073492271133,0.39710144927536234,39.70985657945085,0.6939178515007899,0.01275813994016672,34.695640637047,0.44782608695652176,22.39114175739108,0.7330173775671406,0.005390804263847338,14.660241097862087,0.5159420289855072,10.318765651302556,0.7677725118483413,0.0028232013709372913,7.677669368061395,0.5797101449275363,5.7970593546643565,0.41002446771636103,0.8455273134963385,0.265993265993266,26.510662177328847,0.531986531986532,10.640643138070239,0.632996632996633,6.330509208725332
2019-02-25,55,6885750,3057,1825,0.0004439603529027339,0.16103870258731712,0.8753430107173459,0.008188908979079578,0.3578671900556101,0.15887307580598314,357.8541974913472,0.07123287671232877,71.23029056374061,0.44030094864245994,0.09773453383677026,220.14248163773007,0.13753424657534247,68.76462665961111,0.5459600915930651,0.048476574980394434,109.19122544038305,0.273972602739726,54.79412266737542,0.6414785737651292,0.028478898602921954,64.14739157836763,0.4246575342465753,42.46544506721595,0.7042852469741576,0.01563362281797322,35.21400664666637,0.5249315068493151,26.24638475767283,0.7674190382728164,0.006814023061953585,15.348269315945993,0.6257534246575343,12.514977617228547,0.8011122015047432,0.003556615391765034,8.011110380715108,0.6816438356164384,6.816428456838302,0.36578308128892756,0.8071916513486384,0.23905723905723905,23.82603815937149,0.5117845117845118,10.236568082194154,0.5858585858585859,5.859088310203233
2019-02-26,56,6885750,3318,2113,0.000481864720618669,0.15286691506645855,0.8814693990533727,0.010851702532963314,0.36347197106690776,0.1751379610804531,363.4587750180018,0.08707998106956934,87.07681958318138,0.44333936106088007,0.10681092070868428,221.66163269132693,0.16800757217226692,84.00073628268856,0.5500301386377335,0.053007638909059226,110.00522893853362,0.3095125414103171,61.90205878811731,0.6286919831223629,0.03029422870254727,62.86874179884414,0.42498816848083293,42.4985082505576,0.6904761904761905,0.016635685032966394,34.5235588353672,0.5196403218173213,25.98182742712263,0.7396021699819169,0.007127691400588456,14.791893026402038,0.5953620444865121,11.907119842874197,0.7742616033755274,0.003730877257188002,7.742582300687849,0.6493137718883104,6.493109429548915,0.3622818752928612,0.7838548910393353,0.26198083067092653,26.110756123535676,0.46006389776357826,9.202067087171676,0.5527156549520766,5.527630576669097
2019-02-27,57,6885750,2842,1839,0.00041273644846240423,0.1587302648767802,0.8430977384441597,0.007862460092992825,0.3736805066854328,0.15422596572756317,373.66694001005214,0.09516041326808047,95.15695841717763,0.44722026741731175,0.09228870171362184,223.6020154203278,0.16965742251223492,84.82563150331264,0.5246305418719212,0.04330651485666154,104.92534647229317,0.26916802610114193,53.83321431717268,0.5900774102744546,0.024354468616573238,59.00731255333187,0.3681348558999456,36.813218275480715,0.6326530612244898,0.013055948879933195,31.63265306122449,0.4328439369222403,21.642196846112018,0.6805066854327938,0.0056173574602805774,13.610034881114352,0.5067971723762915,10.135869847192916,0.717100633356791,0.002959718492721968,7.170964676727759,0.5633496465470365,5.6334637401246,0.3342858507533531,0.760777017604851,0.24842767295597484,24.759958071278827,0.4591194968553459,9.183177449108385,0.5314465408805031,5.314921194860675
2019-02-28,58,6885750,2336,1571,0.00033925135243074463,0.10280413018506909,0.8081645715626908,0.005261781813749883,0.3291952054794521,0.1116758640720302,329.1832538672868,0.08784213876511776,87.8389496081774,0.4041095890410959,0.06854487365669475,202.0474588106104,0.15085932527052834,75.4269241200654,0.4785958904109589,0.03247262482209765,95.71848303457146,0.2316995544239338,46.33957439584659,0.5269691780821918,0.01787737082111011,52.696535159014964,0.29980903882877147,29.980686181928217,0.5607876712328768,0.009512329722036654,28.039179958696018,0.35009548058561424,17.50464692150798,0.6138698630136986,0.004165093380580325,12.277308110158808,0.4277530235518778,8.554998350002448,0.6652397260273972,0.0022568282123858335,6.652377938114621,0.5041374920432845,5.041360277553631,0.3277847254038019,0.7522986684531476,0.24315068493150685,24.23401826484018,0.4589041095890411,9.178869334335863,0.5684931506849316,5.685419065297587
2019-03-01,59,6885750,2170,1292,0.0003151435936535599,0.18368348511278987,0.8524853710512306,0.0037260877051863077,0.3695852534562212,0.11646819634040081,369.5718354612511,0.05417956656346749,54.17759954464076,0.4456221198156682,0.07021492884112693,222.80297063031784,0.11145510835913312,55.72553096020192,0.5248847926267282,0.03308257573557176,104.97619625401532,0.21517027863777088,43.03374324348749,0.580184331797235,0.018284004763426183,58.01801188929117,0.30495356037151705,30.495134600600846,0.6460829493087558,0.010180445122172603,32.30414746543779,0.4117647058823529,20.588235294117645,0.7087557603686636,0.00446719025931778,14.175094621243044,0.5154798761609907,10.30958255087468,0.7423963133640553,0.0023396008301153535,7.42392000735797,0.5704334365325078,5.704301228477364,0.3204974162763106,0.79614510480984,0.23703703703703705,23.624691358024695,0.5185185185185185,10.371259767486182,0.6074074074074074,6.074595006670479
2019-03-02,60,6885750,2403,1432,0.00034898159241912645,0.20134677510239418,0.8810111616963321,0.0035457958239750063,0.4036620890553475,0.14086552425210572,403.6474338822043,0.06075418994413408,60.75198423000599,0.45318352059925093,0.07907348242811502,226.5835337617116,0.10893854748603352,54.46729620621227,0.5160216396171452,0.036016149176566266,103.20357852373748,0.19273743016759776,38.547206127872904,0.5576362879733666,0.019460338667983385,55.76322387976138,0.25977653631284914,25.977464999218697,0.6034124011652101,0.01052899103220419,30.17062005826051,0.33589385474860334,16.794692737430168,0.6837286724927174,0.004772167487684729,13.674553590647161,0.47067039106145253,9.41339415039559,0.7494798168955472,0.0026155314059824655,7.4947546311875834,0.5810055865921788,5.810022114931032,0.40314195433087224,0.8640538241182469,0.2976190476190476,29.662698412698415,0.5873015873015873,11.747039124397613,0.6626984126984127,6.627552478967573
2019-03-03,61,6885750,2242,1332,0.0003255999709545075,0.15286368112945514,0.9057307571664144,0.004221100902431009,0.40990187332738626,0.13345919256462388,409.88699161545895,0.07357357357357357,73.57090244470437,0.4705619982158787,0.0766047051989544,235.2724571024533,0.1388888888888889,69.44192322586892,0.5298840321141838,0.034505794533678004,105.9760368912905,0.22372372372372373,44.74441983881701,0.5606601248884924,0.018254959481832176,56.0656053755691,0.27102102102102105,27.10190530505527,0.623550401427297,0.01015139962966997,31.177520071364857,0.3716216216216216,18.58108108108108,0.7109723461195361,0.004629831333559887,14.219384971034788,0.515015015015015,10.300255423901547,0.7832292595896521,0.0025501942417311112,7.832292595896521,0.6366366366366366,6.366366366366367,0.3777409891327135,0.879069816783464,0.25793650793650796,25.70767195767196,0.5634920634920635,11.270807808543656,0.6468253968253969,6.468808707016254
2019-03-04,62,6885750,2092,1214,0.0003038158515775333,0.1372722233175892,0.9299635620374697,0.003973508444217443,0.41061185468451245,0.1247458611675864,410.5969471963232,0.0642504118616145,64.24807921523556,0.4780114722753346,0.07261109497531222,238.99705890356412,0.13179571663920922,65.89546586178005,0.5544933078393881,0.03369252664904586,110.89785629716421,0.2372322899505766,47.44611346618209,0.6075525812619503,0.01845827645299021,60.75481696279988,0.3270181219110379,32.70157473276786,0.654397705544933,0.009940819809025886,32.719885277246654,0.4060955518945634,20.304777594728172,0.7146271510516252,0.004342282210584712,14.29248075121113,0.5090609555189456,10.181174752793671,0.7920650095602294,0.002406419053843082,7.920650095602295,0.642504118616145,6.425041186161451,0.336198951666138,0.8731413151440292,0.2643171806167401,26.34361233480176,0.5374449339207048,10.749820539364219,0.6123348017621145,6.123873176113223
2019-03-05,63,6885750,1604,727,0.00023294484987111062,0.2144903119288619,0.9436942035270481,0.0032231824782318888,0.5629675810473815,0.13113563752541388,562.9471422011338,0.08253094910591471,82.52795277462275,0.6190773067331671,0.07210281731048504,309.5274153963045,0.17744154057771663,88.71754923271946,0.6714463840399002,0.03128176827674344,134.28830169051506,0.2861072902338377,57.221042543427,0.7076059850374065,0.01648319730459787,70.76008468836334,0.3658872077028886,36.588455087864375,0.7275561097256857,0.008474022437642958,36.37780548628429,0.40852819807427787,20.426409903713893,0.7749376558603491,0.0036103494748582583,15.4987306087938,0.5103163686382394,10.206312550396055,0.8597256857855362,0.0020026837996096293,8.597244372295515,0.6960110041265475,6.960099933288953,0.358616406006308,0.8605205298045687,0.308411214953271,30.738317757009348,0.5420560747663551,10.842051265609722,0.6121495327102804,6.122020326702041
2019-03-06,64,6885750,1592,419,0.0002312021203209527,0.2917765288172368,0.9646472652324575,0.003520921671164324,0.7123115577889447,0.16468196340400812,712.2856969278573,0.11933174224343675,119.32740983920195,0.7964824120603015,0.0920708684286959,398.22674766513364,0.26730310262529833,133.64669901990618,0.8467336683417085,0.03915303958871881,169.3455039874501,0.42482100238663484,84.9635835250449,0.8680904522613065,0.02007028958145749,86.80841487783977,0.5035799522673031,50.35762956119235,0.8800251256281407,0.01017310987830027,44.00093677418724,0.5465393794749404,27.326770543869777,0.9026381909547738,0.0041738190880336,18.052685166725727,0.630071599045346,12.6013770789264,0.9233668341708543,0.0021348281971593714,9.23360129308426,0.7088305489260143,7.088254018802903,0.37731727840844825,0.8746553309856432,0.31443298969072164,31.33848797250859,0.5721649484536082,11.444280384078088,0.654639175257732,6.546953192693321
2019-03-07,65,6885750,1185,371,0.00017209454307809608,0.27423621368557904,0.9417930445957746,0.003554507364466754,0.6936708860759494,0.1193726401394133,693.6457019746541,0.16711590296495957,167.10983573060855,0.7628691983122363,0.06564042985768226,381.42075096416505,0.3018867924528302,150.93791614377545,0.8118143459915612,0.027941560893432863,162.36169022949815,0.41509433962264153,83.01826509792917,0.8337552742616033,0.014348369107438497,83.37492200974229,0.4797843665768194,47.97808827088115,0.8430379746835444,0.007254111752532404,42.151898734177216,0.5067385444743935,25.336927223719677,0.8616033755274262,0.002965523250747916,17.2319423829852,0.5633423180592992,11.266764549004675,0.8767932489451477,0.0015089133355117453,8.767932489451477,0.6118598382749326,6.118598382749326,0.37203580829413385,0.8496695652684427,0.34831460674157305,34.71535580524345,0.5786516853932584,11.574026249349547,0.6123595505617978,6.12412068533544
2019-03-08,66,6885750,1493,605,0.00021682460153214973,0.2343718040162554,0.9216567835518392,0.0025926913523110287,0.5927662424648359,0.12852163810630265,592.7447217618711,0.1140495867768595,114.04544614417082,0.6430006697923644,0.06970665117629973,321.4886626505063,0.16363636363636364,81.81521136429646,0.6932350971198928,0.030061866449795232,138.64601266354825,0.26611570247933886,53.22275402559201,0.7206965840589418,0.01562636149757472,72.06913508501349,0.32892561983471075,32.892323140039785,0.7461486939048895,0.008089110923930408,37.307163794007906,0.3867768595041322,19.338702549671634,0.7736101808439384,0.0033547495120364347,15.472181147022694,0.4512396694214876,9.024780281970353,0.8225050234427328,0.00178339323966162,8.225050234427327,0.5702479338842975,5.702479338842976,0.3078118615543044,0.8427588667479297,0.2757009345794392,27.478193146417446,0.4719626168224299,9.440061877815362,0.5934579439252337,5.9350884083294595
2019-03-09,67,6885750,1498,963,0.00021755073884471553,0.08752848388859834,0.8788272190482252,0.0020620623356259363,0.3711615487316422,0.0807435376125472,371.14807350840914,0.060228452751817235,60.226266124865745,0.43057409879839786,0.04683415625907639,215.2792332850035,0.12149532710280374,60.745458074218035,0.4699599465954606,0.020447878242179557,93.99130681314278,0.1754932502596054,35.0983951893775,0.5066755674232309,0.011022684364924918,50.66718882895979,0.23260643821391486,23.26047491840402,0.5527369826435247,0.006012416948044876,27.636849132176238,0.304257528556594,15.212876427829698,0.6061415220293725,0.0026372809285087743,12.12260157108097,0.387331256490135,7.746478879611456,0.6909212283044058,0.0015031020540942467,6.909202248984953,0.5192107995846313,5.1921004554905705,0.222923908098488,0.8086124079456367,0.19838056680161945,19.771929824561404,0.3643724696356275,7.288074388372302,0.5101214574898786,5.101652071860611
2019-03-10,68,6885750,2048,1523,0.0002974258432269542,0.11350101778950555,0.8163685404508608,0.0028749256179622677,0.2958984375,0.08800464711007842,295.8876947452258,0.07025607353906763,70.25352285385345,0.3291015625,0.048939878013360444,164.54480714379721,0.10439921208141825,52.197710905433176,0.36181640625,0.021522553661157746,72.36275579702976,0.1437951411687459,28.758819405230827,0.38916015625,0.011574544715211015,38.915733043341916,0.18056467498358503,18.05633638456273,0.4287109375,0.006375485604327778,21.435546875,0.2330925804333552,11.65462902166776,0.501953125,0.0029858722929640303,10.039047920545444,0.3315824031516743,6.631638432073268,0.59521484375,0.001770320197044335,5.952139793358413,0.45699277741300065,4.569921137349501,0.2002173317154591,0.7494639448682705,0.14733542319749215,14.68443051201672,0.2946708463949843,5.893922366744275,0.41379310344827586,4.138285917075767
2019-03-11,69,6885750,2092,1492,0.0003038158515775333,0.10376261862052734,0.7971588280222304,0.0019149532879473177,0.27007648183556404,0.08205053732210282,270.0666765610275,0.028820375335120642,28.8193289956153,0.31118546845124284,0.04726982282892826,155.58708534622028,0.06032171581769437,30.15976290238811,0.3761950286806883,0.022858636614481977,75.23845940161056,0.13002680965147453,26.00517309702985,0.4096558317399618,0.012445903163031166,40.96528570977144,0.1742627345844504,17.426146920690105,0.4722753346080306,0.0071741845537192485,23.61359526327549,0.2613941018766756,13.06961019051758,0.5621414913957935,0.003415735036553593,11.242780845099858,0.3873994638069705,7.747955519661817,0.624282982791587,0.0018966679059392137,6.242820761625689,0.4745308310991957,4.745301419511117,0.3071635336591487,0.7746044104713189,0.2056338028169014,20.494835680751173,0.38591549295774646,7.71897180682724,0.49859154929577465,4.98634310149059
2019-03-12,70,6885750,2038,1329,0.00029597356860182263,0.1012139998497276,0.8844226953709351,0.005573788520224985,0.3351324828263003,0.0991867557362765,335.12031565803034,0.09330323551542513,93.29984809037738,0.4263984298331698,0.06309904153354633,213.1914746023634,0.17231000752445447,86.15187585764684,0.514720314033366,0.0304685003921113,102.94331529685003,0.2633559066967645,52.67079887702942,0.5652600588812562,0.016730082198146912,56.52559543468601,0.33559066967644846,33.55882328450732,0.6270853778213935,0.009280034854591003,31.354268891069676,0.4296463506395786,21.482317531978932,0.7065750736015701,0.0041825448461752955,14.131480949240204,0.5500376222723853,11.000736469357273,0.7649656526005888,0.002264092852495585,7.649645416619958,0.6395786305492852,6.395777017068181,0.3631283656928344,0.8105268882788447,0.23863636363636365,23.78409090909091,0.4318181818181818,8.637104319351318,0.5568181818181818,5.568659363792296
2019-03-13,71,6885750,1846,1104,0.00026808989579929564,0.09137859282071355,0.9032429033387795,0.0025421929013426667,0.36619718309859156,0.09817020040662214,366.18388810937074,0.06068840579710145,60.686202471302835,0.42632719393282775,0.057144931745570726,213.15585794532157,0.1105072463768116,55.25161717536527,0.5027085590465872,0.02695402131923669,100.54098174373459,0.18659420289855072,37.318569595651795,0.5498374864572048,0.014740480408957564,54.98334939110485,0.25181159420289856,25.180976571823297,0.5920910075839654,0.007936680826344262,29.60455037919827,0.32065217391304346,16.032608695652176,0.6462621885157096,0.0034651222232549494,12.925224999337903,0.40942028985507245,8.18839390530476,0.7156013001083423,0.0019184492075686524,7.155992216151597,0.5244565217391305,5.24454998433758,0.37687712611731783,0.8607787307963737,0.2523076923076923,25.146666666666665,0.4676923076923077,9.354648370497427,0.5938461538461538,5.938970840480274
2019-03-14,72,6885750,1784,1159,0.00025908579312347964,0.11890286536587759,0.8738733946547126,0.0013902638935369104,0.33183856502242154,0.08597153645076967,331.8265174416409,0.04055220017256255,40.550727902733456,0.37948430493273544,0.04915771129828638,189.73526377364095,0.07333908541846419,36.668211401407916,0.4226457399103139,0.021900142321879812,84.52853418883628,0.12079378774805867,24.158582125132735,0.45347533632286996,0.011748816404775044,45.34720434931601,0.16134598792062121,16.134481633570793,0.48374439461883406,0.006266565007442907,24.187219730941706,0.20621225194132872,10.310612597066436,0.5448430493273543,0.0028232177711683243,10.896845161335364,0.2993960310612597,5.987911925132647,0.6446188340807175,0.0016701133934380519,6.446178979185015,0.45297670405522,4.529760462096023,0.32588218138382136,0.8344271862604795,0.24045801526717558,23.96564885496183,0.4732824427480916,9.466460660180953,0.5725190839694656,5.725681850915899
2019-03-15,73,6885750,1818,1196,0.0002640235268489271,0.16606980597936155,0.8898778392680787,0.00229948494858668,0.3536853685368537,0.09337786813825152,353.6725277959106,0.061036789297658864,61.03457332360653,0.39053905390539057,0.05155387743247168,195.2624375856116,0.09866220735785954,49.329312686202535,0.4383938393839384,0.02314908943042203,87.67813121316199,0.15384615384615385,30.769007343987738,0.4746974697469747,0.01253303900781318,47.46940228165545,0.20234113712374582,20.233966785991935,0.5115511551155115,0.006753077006861998,25.57755775577558,0.25752508361204013,12.876254180602006,0.5984598459845984,0.0031601449948880007,11.969179537156243,0.3896321070234114,7.79263082342822,0.6804180418041804,0.0017964611023329306,6.8041705365175895,0.5142140468227425,5.142133000438149,0.28370034944945116,0.8153399162016828,0.21923076923076923,21.849999999999998,0.43846153846153846,8.769982847341337,0.5307692307692308,5.308147512864493
2019-03-16,74,6885750,1876,1104,0.0002724467196746905,0.12920534056606675,0.9248741723226875,0.00291389764999013,0.373134328358209,0.10165553296543711,373.1207815121315,0.04800724637681159,48.00550344744851,0.44562899786780386,0.06070287539936102,222.80640953152994,0.1068840579710145,53.44008874338608,0.5133262260127932,0.027970606175026867,102.66449971731943,0.18659420289855072,37.318569595651795,0.5575692963752665,0.015190682273664644,55.75652476859612,0.25271739130434784,25.27155562423993,0.6316631130063965,0.008604727153904803,31.58315565031983,0.375,18.750000000000004,0.7281449893390192,0.003967608513802398,14.56287863748127,0.5380434782608695,10.760853937502274,0.7974413646055437,0.0021725933735902104,7.974378903091041,0.6557971014492754,6.557942442692546,0.32748971710051067,0.8486693092517648,0.20754716981132076,20.68553459119497,0.4528301886792453,9.057380497750737,0.5691823899371069,5.692312048933624
2019-03-17,75,6885750,1905,1276,0.0002766583160875722,0.06832355963283293,0.9224119063929795,0.0037675243067423776,0.2992125984251969,0.08277664827185593,299.2017353479958,0.05172413793103448,51.72226005788856,0.3742782152230971,0.05177171071739762,187.13231342379035,0.10736677115987461,53.68143657523283,0.45721784776902885,0.0252984402683784,91.44290555274885,0.2061128526645768,41.22227120262307,0.5154855643044619,0.014261233262656482,51.54818211986187,0.28056426332288403,28.056222605587564,0.5874015748031496,0.00812547652761137,29.370078740157478,0.3847962382445141,19.239811912225704,0.7170603674540682,0.0039675969897382726,14.341144867239008,0.5775862068965517,11.55167380932278,0.8073490813648294,0.00223359512965889,8.073479088739475,0.7123824451410659,7.123814105676199,0.365750930525994,0.8753627116444778,0.20954907161803712,20.885057471264368,0.4562334217506631,9.125450996628615,0.5994694960212201,5.99520908499438
2019-03-18,76,6885750,1968,1321,0.0002858076462259013,0.09247612141130782,0.9252478477939781,0.003454309535628326,0.2840447154471545,0.08117920418239907,284.0344030482492,0.04390613171839516,43.90453768224505,0.34552845528455284,0.04937554458321231,172.75795534240558,0.080999242997729,40.498151137932936,0.44410569105691056,0.02538557611316042,88.82049325263941,0.19227857683573052,38.455436127875664,0.5045731707317073,0.014420982311423509,50.45695068642502,0.27100681302043905,27.100484515313955,0.5823170731707317,0.008321533602004138,29.115853658536583,0.380772142316427,19.038607115821346,0.7088414634146342,0.004051828551013829,14.176767502613552,0.5692657077971234,11.385264552350039,0.7942073170731707,0.0022699019425597173,7.942061636677121,0.6956850870552612,6.956840767309293,0.3818974467395585,0.8813360010315332,0.2107843137254902,21.008169934640524,0.45098039215686275,9.020381394410252,0.5759803921568627,5.7602979013217634
2019-03-19,77,6885750,1916,1265,0.00027825581817521696,0.08537532702350233,0.9046787522187859,0.002645651286370185,0.30323590814196244,0.08437409236131281,303.2248989962994,0.04426877470355731,44.26716750145509,0.3653444676409186,0.050827766482718556,182.66560180499962,0.08300395256916997,41.50046953261415,0.4342379958246347,0.024165674286212205,86.84696853668355,0.15968379446640316,31.93652699024182,0.4921711899791232,0.013694850271573383,49.21676161664218,0.23636363636363636,23.636192005154218,0.5553235908141962,0.007726101005700178,27.76617954070981,0.32964426877470354,16.482213438735176,0.6555323590814196,0.0036481085602751186,13.110628141395821,0.48142292490118577,9.628444514878067,0.7546972860125261,0.002099983008436239,7.546950939634567,0.6308300395256917,6.308282072540953,0.3471727443937233,0.8716470840545965,0.17980295566502463,17.920361247947454,0.4458128078817734,8.917020845127547,0.5665024630541872,5.665510481710872
2019-03-20,78,6885750,1502,1017,0.0002181316486947682,0.06668595639501135,0.8881257048250459,0.002083547709121778,0.2623169107856192,0.05721754284054604,262.3073872265578,0.04228121927236971,42.27968422955559,0.33288948069241014,0.03630554748765611,166.4386974787803,0.08456243854473942,42.27968422955559,0.4041278295605859,0.017630485927561067,80.8249790117867,0.15339233038348082,30.67824331052465,0.4826897470039947,0.010528914577826832,48.26862420390886,0.2497541789577188,24.975236541260454,0.5352862849533955,0.005838143993029082,26.764314247669773,0.3225172074729597,16.125860373647985,0.6191744340878829,0.0027012268798215448,12.38347069755739,0.44051130776794495,8.810213360509595,0.6990679094540613,0.0015248817127471398,6.990648637515724,0.5575221238938053,5.575196948786877,0.32794840181534884,0.8652974758727203,0.19270833333333334,19.206597222222218,0.4401041666666667,8.802838228987993,0.5677083333333334,5.677570218696398
2019-03-21,79,6885750,1192,940,0.0001731111353156882,0.029715255466596632,0.8023490493790063,0.0010112367324428045,0.19463087248322147,0.03369154806854487,194.62380630283798,0.02446808510638298,24.46719677915722,0.22986577181208054,0.01989544002323555,114.92871320469311,0.047872340425531915,23.93530119700163,0.2953020134228188,0.010223939121089778,59.059973828057,0.11595744680851064,23.191320960867355,0.3263422818791946,0.00564922522836521,32.63351729548301,0.15319148936170213,15.318815229270546,0.3850671140939597,0.0033329702646770504,19.253355704697988,0.225531914893617,11.276595744680852,0.47315436241610737,0.0016381586399797845,9.463046019497316,0.33404255319148934,6.68082195666518,0.5612416107382551,0.0009715717242130486,5.6124161073825505,0.44574468085106383,4.457446808510639,0.25152115344609094,0.8531705484228767,0.19195046439628483,19.131062951496386,0.4055727554179567,8.112150773462766,0.5541795665634675,5.542270948281813
2019-03-22,80,6885750,898,712,0.0001304142613368188,0.04030731953973562,0.7943203224705164,0.0005593687708139877,0.1915367483296214,0.024978216671507406,191.52979448310924,0.019662921348314606,19.662207475189852,0.21380846325167038,0.013941330235259947,106.90035040917725,0.02949438202247191,14.74665560639239,0.24944320712694878,0.006506143077057132,49.888279167980116,0.06460674157303371,12.921254488556649,0.27839643652561247,0.0036306601992506316,27.8394414999889,0.09831460674157304,9.831389284771364,0.3129175946547884,0.002040431031978855,15.645766122993763,0.13904494382022473,6.952196708516892,0.40311804008908686,0.001051445301607956,8.06234909303673,0.25,4.999992738637419,0.5211581291759465,0.0006796635375034855,5.21157372312319,0.398876404494382,3.9887582521714253,0.14193158355283597,0.8259887261914708,0.11524163568773234,11.485749690210657,0.3345724907063197,6.692023694899475,0.4721189591078067,4.72159449584574
2019-03-23,81,6885750,953,774,0.00013840177177504266,0.021741337919626253,0.8267910824245743,0.0011478650468569704,0.16369359916054566,0.022654661632297415,163.6876561748079,0.023255813953488372,23.25496963843052,0.1993704092339979,0.013796108045309324,99.68158549106892,0.05167958656330749,25.838855153811686,0.2780692549842602,0.007696999622411339,55.61344716686136,0.1227390180878553,24.54762536810391,0.3578174186778594,0.004952220511777862,35.781482045093824,0.21059431524547803,21.05927860526809,0.4123819517313746,0.0028537196383836183,20.61909758656873,0.2777777777777778,13.88888888888889,0.5162644281217209,0.0014290320050887482,10.325243577166683,0.4043927648578811,8.087820059950085,0.6096537250786989,0.0008437715572014668,6.096537250786989,0.5193798449612403,5.1937984496124034,0.25534107341172396,0.8486242328836977,0.17689530685920576,17.630565583634176,0.4368231046931408,8.737211361623869,0.592057761732852,5.921085385563283
2019-03-24,82,6885750,1279,1138,0.00018574592455433323,0.007923309420554895,0.8954535356976727,0.0024936949739071,0.08600469116497264,0.01597444089456869,86.00156871757338,0.016695957820738138,16.695351664848626,0.1563721657544957,0.014522218995062446,78.18324428870308,0.07820738137082602,39.10227100451389,0.24315871774824083,0.009033082575735572,48.63139041897671,0.15817223198594024,31.634216689337133,0.3377638780297107,0.006273780824305092,33.77614254179733,0.2601054481546573,26.010355944566086,0.4261141516810008,0.003957448353483644,21.30570758405004,0.3585237258347979,17.926186291739896,0.5785770132916341,0.002149363323728971,11.571523460802785,0.5289982425307557,10.579949485622942,0.7185301016419078,0.0013346384422344084,7.185290581403891,0.6862917398945518,6.862907432119201,0.3154196909127015,0.8778588304006778,0.16756756756756758,16.7009009009009,0.45135135135135135,9.027801214593667,0.6270270270270271,6.270808029298595
2019-03-25,83,6885750,1565,1427,0.00022728097883309735,0.014183406432607959,0.8933987739055034,0.0033877061822204686,0.10223642172523961,0.023235550392099912,102.2327099759757,0.03433777154870357,34.33652489710799,0.15910543130990415,0.018080162648852746,79.5498274500561,0.08479327259985985,42.395097066837415,0.2319488817891374,0.010543437218623835,46.389439506798126,0.15977575332866154,31.954918629144935,0.31437699680511183,0.007145139272125243,31.43747140130121,0.24947442186405044,24.947261035034206,0.40638977635782747,0.004618199773446804,20.319341271572736,0.3496846531184303,17.484105697306276,0.5725239616613419,0.0026024647897551186,11.45042934572288,0.5318850735809391,10.637655125228953,0.7297124600638978,0.0016584903961497463,7.297092808490809,0.7035739313244569,7.035708659901099,0.37458636660479955,0.8841580168309682,0.19543147208121828,19.47800338409475,0.467005076142132,9.340902560709091,0.6624365482233503,6.62493360963335
2019-03-26,84,6885750,1665,1461,0.00024180372508441345,0.017586310785581833,0.8829982671372921,0.002968008987641363,0.1111111111111111,0.026866105140865525,111.10707716139027,0.034223134839151265,34.22189234950419,0.17177177177177178,0.020766773162939296,85.88276775177734,0.08418891170431211,42.09292758989015,0.24384384384384383,0.011792384327166052,48.7684146431133,0.1512662559890486,30.253031519259675,0.3081081081081081,0.007450114728862296,30.810587083641774,0.2190280629705681,21.90264725376266,0.3885885885885886,0.004698108412300766,19.42942942942943,0.3073237508555784,15.366187542778919,0.5291291291291291,0.002558896740819486,10.582536476335,0.46406570841889117,9.281273731502836,0.6696696696696697,0.0016192862070217478,6.696696696696697,0.6242299794661191,6.242299794661191,0.37764353065508605,0.8888909060788777,0.19437340153452684,19.372549019607845,0.49104859335038364,9.821814145898498,0.649616368286445,6.4967208152557765
2019-03-27,85,6885750,1771,1430,0.00025719783611080854,0.03233293306570567,0.8609785761001807,0.0016298329875673702,0.1541501976284585,0.03964565785652047,154.14460112113827,0.017482517482517484,17.481882770148818,0.19254658385093168,0.02476038338658147,96.26979667089405,0.03776223776223776,18.880433391760725,0.2456239412761152,0.012634330525704328,49.12300475289022,0.08041958041958042,16.08333214853691,0.30660643704121965,0.007885793952772372,30.660421067364403,0.14965034965034965,14.96492629912131,0.38226990400903443,0.004915949606070508,19.113495200451723,0.23706293706293707,11.853146853146853,0.5098814229249012,0.0026227965459250805,10.197584029420454,0.3944055944055944,7.888077521147413,0.6606437041219649,0.0016991588437587136,6.606427446872706,0.5804195804195804,5.80418737492176,0.2817816613652793,0.8660615224417354,0.16981132075471697,16.924528301886795,0.44025157232704404,8.805786595035439,0.6037735849056604,6.038253665167158
2019-03-28,86,6885750,1959,1600,0.00028450059906328284,0.034952747104813234,0.8673949062895604,0.0017166595891890753,0.16488004083716182,0.0469067673540517,164.87405477700946,0.0175,17.499364652918967,0.20010209290454314,0.028463549230322394,100.04741404425341,0.04125,20.624251198083066,0.23583460949464014,0.013418920096430335,47.16657940479591,0.071875,14.374895618519272,0.29555895865237364,0.008408609021464463,29.555681250407826,0.138125,13.812399703011994,0.3547728432873915,0.005046654322332353,17.738642164369576,0.210625,10.53125,0.4992343032159265,0.0028406450413607214,9.984671563833379,0.3875,7.749988744888,0.6539050535987749,0.0018603583912910249,6.5390315430485835,0.576875,5.76873324443018,0.2614745338083809,0.8700952687972509,0.18532818532818532,18.471042471042473,0.416988416988417,8.340483585766606,0.5598455598455598,5.5989357404451745
2019-03-29,87,6885750,2475,1832,0.0003594379697200741,0.06774655524157969,0.873457839781385,0.002626212766789508,0.22424242424242424,0.08059831542259657,224.23428299844215,0.04475982532751092,44.75820029754694,0.2682828282828283,0.04821376706360732,134.13654406393294,0.0638646288209607,31.931155090323127,0.31313131313131315,0.022510093235353915,62.625807876904325,0.09606986899563319,19.213834280306752,0.36444444444444446,0.01309942199889628,36.44417980965659,0.1544759825327511,15.447486083314804,0.44727272727272727,0.008038340050103475,22.363636363636363,0.2603711790393013,13.018558951965066,0.5806060606060606,0.0041738190880336,11.612070620374691,0.4366812227074236,8.733586403450712,0.6747474747474748,0.002425295101775258,6.747464948302619,0.5622270742358079,5.622262577288802,0.2996038212566142,0.8665120806289861,0.1927710843373494,19.21285140562249,0.4246987951807229,8.49470437496125,0.5692771084337349,5.693259315133604
2019-03-30,88,6885750,2959,2088,0.00042972806157644413,0.08052683861813906,0.902829591432912,0.004367532932546859,0.2652923284893545,0.1139994191112402,265.28269690612444,0.040229885057471264,40.22842448946889,0.3217303142953701,0.06912576241649725,160.8593168500831,0.07998084291187739,39.98896958179348,0.3707333558634674,0.031862673908623546,74.1461327699576,0.12595785440613028,25.191387957158547,0.43832375802636026,0.018835865113712276,43.83205752171149,0.21503831417624522,21.503675271414803,0.5359918891517405,0.011516537777293686,26.79959445758702,0.34913793103448276,17.45689655172414,0.6816492058127746,0.005858450313544725,13.63292472000358,0.5550766283524904,11.101484199838394,0.7830348090571139,0.0033649105328815805,7.830325347005522,0.6982758620689655,6.982738338982248,0.37259078607175095,0.8827374338323566,0.16478555304740405,16.423626787057938,0.44243792325056436,8.849517363678954,0.6162528216704289,6.163056735419272
2019-03-31,89,6885750,3370,2486,0.0004894165486693533,0.07549781956861366,0.9285489458252154,0.007606151297316265,0.23798219584569733,0.11646819634040081,237.97355577178485,0.04384553499597747,43.843943159824555,0.29910979228486645,0.07319198373511472,149.54946647004934,0.08165728077232502,40.82715808002011,0.3905044510385757,0.03822359057771065,78.10032309212794,0.1846339501206758,36.9265218868815,0.4857566765578635,0.023773562984693138,48.57531493229994,0.31053901850362026,31.05367635803107,0.5881305637982196,0.014392041535054278,29.40652818991098,0.4460981496379727,22.30490748189863,0.7433234421364985,0.0072758853053257735,14.86644725256586,0.6536604987932422,13.073190990001299,0.8403560830860534,0.004112829792456036,8.403536422375119,0.7851971037811746,7.851948231441398,0.4415146490249157,0.8935794642767937,0.17037037037037037,16.980246913580245,0.45555555555555555,9.111892510005719,0.6166666666666667,6.1671955403087475
2019-04-01,90,6885750,3170,2061,0.0004603710561667211,0.10043714829474663,0.9192838621297584,0.004792500933431806,0.30441640378548895,0.1401394133023526,304.40535178128533,0.045608927704997575,45.607271847906915,0.3608832807570978,0.08306709265175719,180.43508934600538,0.07180980106744299,35.90359698665012,0.42649842271293376,0.03926922071509483,85.29906515424739,0.1363415817564289,27.26811834730403,0.49873817034700313,0.022960295100060996,49.873454884935335,0.23629306162057254,23.629134582094416,0.5952681388012618,0.013702211088116763,29.763406940063092,0.3813682678311499,19.068413391557495,0.7350157728706624,0.0067675899247141924,14.700294108549134,0.5943716642406599,11.88741602102055,0.841640378548896,0.003874668699851142,8.416403785488958,0.757399320718098,7.573993207180981,0.4708696652061191,0.9029714464064766,0.16431095406360424,16.37632508833922,0.4540636042402827,9.082050924607096,0.6484098939929329,6.484655037608567
2019-04-02,91,6885750,2581,1651,0.00037483208074646915,0.08943655467726876,0.9468734949117222,0.0034679812244160896,0.29135993800852383,0.10920708684286959,291.34936002645844,0.019382192610539067,19.381488929424833,0.33862843858969394,0.06346209700842288,169.308072249418,0.03513022410660206,17.564474342291252,0.4033320418442464,0.03023613813935926,80.66582262421272,0.09448818897637795,18.897500573472787,0.4978690430065866,0.01866159342414825,49.78654278199489,0.22289521502119927,22.289359650762773,0.6175900813638124,0.011574628762298951,30.879504068190627,0.4064203513022411,20.321017565112054,0.7570709027508717,0.00567548099265731,15.141396065552138,0.6226529376135675,12.453040667036385,0.8558698179000388,0.003208074646915732,8.558698179000388,0.7764990914597214,7.764990914597214,0.4795178489687083,0.9184752924684056,0.17304189435336975,17.246508803885853,0.4644808743169399,9.29041419452802,0.6703096539162113,6.70367141879669
2019-04-03,92,6885750,1933,1250,0.0002807246850379407,0.04796820604120416,0.9252039388452828,0.002129690145954301,0.25245732022762546,0.07086842869590473,252.4481546263973,0.0224,22.399186755736277,0.30470770822555615,0.0427679349404589,152.3483228226926,0.0408,20.399259366831252,0.37144335230212105,0.02085451218449563,74.28813102658602,0.08,15.999883818873624,0.47077082255561303,0.013215603125272299,47.07674041378361,0.2008,20.079854192686398,0.5700982928091051,0.008001975079148392,28.504707657137114,0.3464,17.319874233930697,0.6952922917744438,0.0039036858462342793,13.905744860686854,0.5344,10.68792239100758,0.8060010346611485,0.002262643865955052,8.060010346611483,0.7032,7.032,0.42237314562498923,0.9097829541721214,0.1449814126394052,14.44981412639405,0.45539033457249073,9.108587806946508,0.6319702602230484,6.320244600738392
2019-04-04,93,6885750,1525,1170,0.0002214718803325709,0.02657776776795917,0.8942023154980894,0.0017122577487571123,0.1501639344262295,0.033255881498693,150.15848264237727,0.017948717948717947,17.94806631068612,0.19147540983606556,0.02120243973279117,95.73422910824053,0.029914529914529916,14.956721925571765,0.27147540983606555,0.012024746579918092,54.294687713226885,0.09401709401709402,18.80328226577028,0.3652459016393443,0.008089110923930408,36.524324947182826,0.19145299145299147,19.145160125147925,0.4557377049180328,0.005046654322332353,22.78688524590164,0.29572649572649573,14.786324786324785,0.6065573770491803,0.002686704154661214,12.131129923251445,0.488034188034188,9.760669585510996,0.7180327868852459,0.001590238405056232,7.180317441059639,0.6324786324786325,6.3247771394729755,0.30987309586907963,0.9034272226851455,0.10183299389002037,10.149355057705364,0.40325865580448067,8.065864811897168,0.6232179226069247,6.2327137182841765
2019-04-05,94,6885750,1724,1325,0.00025037214537268997,0.03088026510642397,0.9009694274044105,0.002220232488183539,0.16415313225058004,0.041097879756026724,164.1471725812419,0.014339622641509434,14.339102033658667,0.2140371229698376,0.026793494045890213,107.01467611745275,0.03471698113207547,17.357860356534175,0.3004640371229698,0.015045455865694618,60.092371071465614,0.11849056603773585,23.69794112795433,0.3723897911832947,0.009323535391675622,37.23870871417078,0.19924528301886793,19.924383623503,0.46925754060324826,0.0058744508586573724,23.462877030162414,0.3169811320754717,15.849056603773585,0.6374709976798144,0.0031920949902407287,12.749401437964094,0.5290566037735849,10.581116708784398,0.7436194895591647,0.0018618160694187271,7.4361948955916475,0.6664150943396226,6.664150943396226,0.4119400838270986,0.9089047115278877,0.11904761904761904,11.865079365079366,0.43537414965986393,8.708229775615221,0.6292517006802721,6.293056673784436
2019-04-06,95,6885750,2275,1767,0.0003303924772174418,0.030024272517981797,0.9112458266810277,0.0034364787964642836,0.1301098901098901,0.042985768225384836,130.1051663990961,0.013016411997736276,13.015939429772374,0.1920879120879121,0.03173104850421144,96.04046911554897,0.042444821731748725,21.22164037462887,0.2865934065934066,0.018937523599291295,57.318265109371445,0.12167515563101301,24.334854421744687,0.3868131868131868,0.012779923901362223,38.681037803870296,0.2320316921335597,23.20300072771005,0.5002197802197802,0.008263442616998875,25.01098901098901,0.3678551216751556,18.39275608375778,0.6531868131868132,0.004316153917650339,13.06371729163113,0.5602716468590832,11.20541666383938,0.7687912087912088,0.002540024630541872,7.687900922968657,0.7062818336162988,7.062808079026033,0.4172683737618501,0.9077456013529952,0.11613876319758673,11.57516339869281,0.41025641025641024,8.205831903945112,0.6184012066365008,6.184542427605692
2019-04-07,96,6885750,2614,2125,0.0003796245870094035,0.021150753233655166,0.9060867503325006,0.004825589447397719,0.10788064269319052,0.0409526575660761,107.87672602739421,0.018823529411764704,18.82284601322376,0.17329762815608263,0.03289282602381644,86.64566824540707,0.0531764705882353,26.587269993678564,0.2846212700841622,0.02160968950593976,56.92384067158557,0.15576470588235294,31.15271496498335,0.38485080336648814,0.014609776641784542,38.48480088414993,0.2621176470588235,26.211574373860614,0.5034429992348891,0.00955596703336601,25.172149961744452,0.39858823529411763,19.929411764705883,0.6599081866870696,0.005010340180314155,13.198144566410939,0.584,11.679983037457012,0.7578423871461362,0.0028769518542615486,7.578412865524658,0.7035294117647058,7.03528390048277,0.470872070702417,0.9099925483501622,0.13068181818181818,13.024621212121211,0.4247159090909091,8.495046682519881,0.6193181818181818,6.193712965850616
2019-04-08,97,6885750,3102,2572,0.00045049558871582617,0.027335215369904887,0.898158984258095,0.005251675030578588,0.10735009671179883,0.048358989253557944,107.34619930776486,0.013608087091757388,13.607593042705263,0.14410058027079303,0.03245715945396457,72.04767431016651,0.034992223950233284,17.495476769192482,0.25499677627337203,0.022974817740857998,50.99898493201578,0.13141524105754276,26.28285736187444,0.375886524822695,0.016933399169304947,37.58837953902048,0.25777604976671853,25.77741779722301,0.4938749194068343,0.011124423628508151,24.693745970341716,0.39346811819595645,19.673405909797822,0.6266924564796905,0.005646419142057981,12.533794522058587,0.5505443234836703,11.010838497389354,0.7292069632495164,0.0032850404312668464,7.292059042422852,0.6737947122861586,6.737937337526166,0.510844262295458,0.9128285349010574,0.13136729222520108,13.092940125111708,0.4289544235924933,8.579824242730815,0.6327077747989276,6.327620379013975
2019-04-09,98,6885750,3502,2887,0.0005085865737210907,0.02294203909216822,0.8796739269432763,0.003993620779217182,0.09965733866362078,0.05068254429276794,99.65372054937944,0.013855213023900243,13.854710002805852,0.13820673900628214,0.03514376996805112,69.100860667478,0.025978524419812955,12.988790627630486,0.2193032552826956,0.02230677626419588,43.86033257029891,0.09317630758572913,18.63512620054124,0.3143917761279269,0.015989427517499783,31.438949322850977,0.1887772774506408,18.87759066783453,0.4194745859508852,0.010666957121591693,20.973729297544256,0.3065465881537929,15.327329407689643,0.5439748715019989,0.005533158286086068,10.879481630044872,0.4502944232767579,9.005875386530857,0.6696173615077099,0.003405569158468612,6.696144441155124,0.6006234845860755,6.006208677867386,0.5353911656177005,0.91143821856654,0.1316818774445893,13.124293785310737,0.42633637548891784,8.527458790010758,0.6349413298565841,6.349957845160916
2019-04-10,99,6885750,3666,3056,0.0005324038775732491,0.019717268395340833,0.8400837361470794,0.003096523266441826,0.08701582105837424,0.0463258785942492,87.01266190135064,0.011452879581151832,11.45246377808833,0.12220403709765412,0.03252977054893988,61.09980020659105,0.021269633507853405,10.63443065108202,0.18821603927986907,0.020041244299863488,37.642934516580745,0.0693717277486911,13.874244803669864,0.2692307692307692,0.014333846466641494,26.92288142598927,0.14496073298429318,14.49596803779658,0.35951991271140205,0.009570489779617325,17.975995635570104,0.243782722513089,12.18913612565445,0.4888161483906165,0.005204914461645706,9.776251978798943,0.3913612565445026,7.827168294900546,0.6042007637752319,0.003216783623013291,6.041998863110685,0.5271596858638743,5.2715892028435105,0.4900830041138796,0.891795375328049,0.12419146183699871,12.377749029754204,0.4087968952134541,8.176639099629654,0.5808538163001293,5.809036322363472
2019-04-11,100,6885750,2970,2168,0.00043132556366408886,0.0677348010939487,0.8613249562175286,0.0026931953319377384,0.20909090909090908,0.09018297995933779,209.08331793097986,0.038284132841328415,38.282742914925514,0.2518518518518518,0.054313099041533544,125.9213541162423,0.060424354243542436,30.211080252140015,0.31683501683501686,0.027331609979958756,63.36654323888923,0.10793357933579335,21.58655911909841,0.36936026936026933,0.015931336954311773,36.93575873170111,0.16512915129151293,16.512795223583826,0.42828282828282827,0.009236466615837055,21.414141414141415,0.2333948339483395,11.669741697416974,0.5127946127946128,0.004423622083836788,10.255877361541806,0.3385608856088561,6.771207878523739,0.6249158249158249,0.0026954177897574125,6.249149173677476,0.4884686346863469,4.884679252967738,0.42124502596503405,0.8861060839887833,0.13776337115072934,13.730415991356024,0.40842787682333875,8.169258098862699,0.5737439222042139,5.737931283724991
2019-04-12,101,6885750,2208,1368,0.00032066223722906,0.06957038970875826,0.8959320779383445,0.001904369938745388,0.3007246376811594,0.09642753412721464,300.7137197085454,0.03874269005847953,38.74128348390581,0.35643115942028986,0.057144931745570726,178.20910949595273,0.06725146198830409,33.62451019357863,0.4207427536231884,0.026983066600830694,84.1479396950498,0.10526315789473684,21.052478709044244,0.4701086956521739,0.015074501147288623,47.010528204231264,0.16374269005847952,16.37415010703441,0.5190217391304348,0.008321533602004138,25.95108695652174,0.2361111111111111,11.805555555555555,0.6191123188405797,0.003970513058834464,12.382228394415495,0.3888888888888889,7.777766482324875,0.7278079710144928,0.002333805322586501,7.278079710144927,0.5635964912280702,5.635964912280702,0.32240868247447635,0.8827557347353598,0.11819887429643527,11.780487804878048,0.3696060037523452,7.3927540476090865,0.5647279549718575,5.647763879011003
2019-04-13,102,6885750,2001,1373,0.00029060015248883565,0.05661453335495862,0.8828952854731863,0.0013325782189055168,0.23888055972013994,0.06941620679639848,238.8718870306351,0.028404952658412235,28.40392140105461,0.2798600699650175,0.04066221318617485,139.92495474597874,0.050254916241806266,25.126545854779078,0.32283858070964516,0.018763251909727264,64.56724729505473,0.06482155863073562,12.964217588125933,0.3683158420789605,0.010703186267390863,36.831316761962334,0.10415149308084487,10.415073680348362,0.4192903548225887,0.006092292052427114,20.964517741129434,0.16460305899490169,8.230152949745083,0.5352323838080959,0.0031107677293428755,10.704632130096304,0.3277494537509104,6.554979555387732,0.6901549225387307,0.0020055912573067568,6.901549225387306,0.5506190823015294,5.506190823015295,0.35497230070627867,0.8935898993525316,0.11985688729874776,11.945736434108527,0.40608228980322003,8.122342335154972,0.6010733452593918,6.011248952890024
2019-04-14,103,6885750,2572,1987,0.0003735250335838507,0.052838985383302534,0.8865681175085458,0.002984922024244791,0.17729393468118196,0.06622131861748475,177.2874979278171,0.025666834423754403,25.665902575278377,0.2165629860031104,0.04044437990124891,108.27756178266901,0.04428787116255662,22.1431316335735,0.281104199066874,0.020999738592465653,56.22043157584385,0.0996477101157524,19.929397308360453,0.36236391912908245,0.013535101222806356,36.23612878885648,0.18973326623049824,18.973188851646192,0.4510108864696734,0.008423192825763351,22.55054432348367,0.2964267740312028,14.821338701560142,0.5929237947122862,0.00442943117390092,11.8584586725071,0.474584801207851,9.491682239627755,0.7068429237947123,0.002640231434148155,7.068418972661609,0.6210367388022144,6.210358368876272,0.44873650883695987,0.9030289380951152,0.12138728323699421,12.098265895953757,0.4031791907514451,8.064275374532764,0.6127167630057804,6.127693116132423
2019-04-15,104,6885750,2884,2243,0.00041883600188795703,0.04925906514594948,0.8888203021776249,0.003893224694212061,0.18585298196948682,0.07783909381353471,185.8462344752242,0.029870708872046365,29.869624399606924,0.22538141470180306,0.04719721173395295,112.68661605307437,0.05349977708426215,26.748917372782316,0.30478502080443826,0.025530802521130443,60.956561532549905,0.1301827909050379,26.03636912121655,0.37725381414701803,0.01580063318713875,37.725107478620195,0.2113241194828355,21.1322584990696,0.47676837725381416,0.009984388047779836,23.83841886269071,0.33169861792242533,16.584930896121268,0.5946601941747572,0.004981265793371867,11.893117523131183,0.480606330806955,9.612056819408028,0.6924410540915396,0.002900188214518078,6.924400484784277,0.6054391440035667,6.054382647409376,0.4775046516670838,0.9040883005827006,0.12551724137931033,12.509885057471266,0.42482758620689653,8.497280416395576,0.6124137931034482,6.124663157272136
2019-04-16,105,6885750,2753,2143,0.0003998112042987329,0.05349608635662118,0.8991426933575141,0.003973628469915661,0.1888848528877588,0.07551553877432472,188.8779953197626,0.027531497900139992,27.53049835403557,0.22557210316018889,0.04509148997966889,112.78195682074285,0.045730284647690154,22.864312192334626,0.31311296767163094,0.025037032734032356,62.62213881161035,0.13812412505832944,27.624624418960526,0.39048310933527064,0.015611838856777716,39.04802739123035,0.23005132991133925,23.004965943492465,0.48056665455866326,0.009606796645245616,24.028332727933165,0.3401773215118992,17.00886607559496,0.6077006901561932,0.004859303838646714,12.153996152183659,0.49883341110592627,9.976653733277464,0.7243007628042136,0.002895835602512435,7.243007628042136,0.6476901539897341,6.47690153989734,0.5005651450230431,0.90559977632247,0.14245014245014245,14.19753086419753,0.4301994301994302,8.604726510386888,0.6168091168091168,6.168620163903182
2019-04-17,106,6885750,2178,1580,0.00031630541335366517,0.05388309946968533,0.8938390000391117,0.002595595864705593,0.21395775941230485,0.067673540516991,213.94999155871017,0.029746835443037974,29.74575546789119,0.26538108356290174,0.04196921289573047,132.68572437868508,0.060759493670886074,30.37864388210164,0.330119375573921,0.020883557466089633,66.02339569427305,0.11772151898734177,23.54413283473492,0.398989898989899,0.012620174852595195,39.89870017964066,0.1981012658227848,19.809982734602233,0.4830119375573921,0.007638964528192281,24.150596877869607,0.30063291139240506,15.031645569620252,0.6037649219467401,0.0038194656233571213,12.075245829215472,0.4569620253164557,9.139200688441353,0.7176308539944903,0.00226990523908071,7.176308539944904,0.6139240506329114,6.139240506329114,0.38814290610523633,0.888131730795683,0.12207357859531773,12.166666666666668,0.41304347826086957,8.261578044596913,0.580267558528428,5.8031732418524875
2019-04-18,107,6885750,1447,850,0.00021014413825654431,0.0956131506951251,0.9222971890988982,0.002489980977774674,0.3794056668970283,0.07972698228289282,379.3918923665717,0.07882352941176471,78.82066768037451,0.437456807187284,0.045962823119372644,218.72046253919845,0.12,59.997821667150745,0.5031098825155494,0.02114496500043568,100.62124585469937,0.19411764705882353,38.82324750167865,0.5418106427090532,0.011385750384849982,54.18067084483812,0.2447058823529412,24.470410546512603,0.5943331029716655,0.006244780888065933,29.716655148583275,0.3247058823529412,16.23529411764706,0.6903939184519696,0.002901640487034111,13.807858316237132,0.4764705882352941,9.529397925403083,0.7995853489979268,0.0016802817412772755,7.995853489979267,0.6611764705882353,6.611764705882353,0.2817209875553061,0.8878848478207453,0.11655011655011654,11.616161616161614,0.41025641025641024,8.20583190394511,0.62004662004662,6.200997972867612
2019-04-19,108,6885750,1184,646,0.0001719493156155829,0.1286433255648314,0.935390656907078,0.0017086613731802263,0.36486486486486486,0.06273598605866977,364.851618246187,0.047987616099071206,47.985873882396106,0.4214527027027027,0.036232936392680805,210.7187008157955,0.07585139318885449,37.924319681248534,0.5101351351351351,0.017543350082779054,102.02628617609449,0.15944272445820434,31.888313338699366,0.5853040540540541,0.01006419007232275,58.52998039737871,0.2708978328173375,27.089586574137808,0.6621621621621622,0.00569291653051592,33.10810810810811,0.3931888544891641,19.659442724458202,0.7744932432432432,0.0026634677944046845,15.489842369359845,0.5928792569659442,11.857567918873881,0.847972972972973,0.0014580773710458365,8.479692785201747,0.7229102167182663,7.229070671394964,0.3491160408203985,0.9044801945414435,0.16847826086956522,16.791666666666664,0.5190217391304348,10.381325042881645,0.7065217391304348,7.06582332761578
2019-04-20,109,6885750,1849,1482,0.00026852557818683514,0.03549540637986461,0.9276259921710821,0.003058700989509218,0.16495402920497565,0.04429276793494046,164.9480404586351,0.022267206477732792,22.266398054610598,0.196322336398053,0.026357827476038338,98.157604404073,0.0398110661268556,19.9048103821519,0.2709572742022715,0.014551686078596532,54.191061338937836,0.11133603238866396,22.267044788412182,0.3666846944294213,0.009846350460367713,36.66820318143698,0.21794871794871795,21.794713535324647,0.48783126014061656,0.006549758559343572,24.391563007030825,0.36369770580296895,18.184885290148447,0.683071930773391,0.0036684403754995818,13.661418775335989,0.6059379217273954,12.118740834808106,0.8339643050297458,0.002239400967502545,8.339618827463845,0.7928475033738192,7.9284520051588645,0.5310746521587197,0.9195009836017018,0.21709006928406466,21.636643571978446,0.5727482678983834,11.455947773521522,0.7528868360277137,7.529514060822614
2019-04-21,110,6885750,3151,2831,0.00045761173437897107,0.03217755098026073,0.9212234865564664,0.005605102628828456,0.09076483655982227,0.04153354632587859,90.76154129273834,0.015895443306252206,15.894866213480416,0.11805775944144715,0.02701132733081615,59.02673664492774,0.03779583186153303,18.897229831582273,0.18882894319263727,0.017281942548433005,37.765514409036044,0.10844224655598729,21.688291824418062,0.2808632180260235,0.012852537105347237,28.086117858820923,0.20452137054044509,20.451988544524525,0.41129800063471916,0.009410739570852849,20.56490003173596,0.34864005651713176,17.43200282585659,0.6261504284354173,0.0057306673482665675,12.522990381887183,0.5849523136700813,11.699029283198259,0.8241827991113932,0.0037715572014667973,8.241827991113931,0.8053691275167785,8.053691275167784,0.5684347703474183,0.9271181928810466,0.1731748726655348,17.259762308998305,0.5195246179966044,10.391383482775995,0.7113752122241087,7.114362221050884
2019-04-22,111,6885750,4302,3880,0.0006247685437316197,0.03562920698401208,0.9245858703474923,0.007673154639725913,0.09321245932124593,0.05823409817020041,93.2090751918776,0.020618556701030927,20.617808133041493,0.12366341236634124,0.038629102526866105,61.82946134922554,0.04484536082474227,22.421866344682623,0.18247326824732682,0.022800546051293967,36.49438865009238,0.09974226804123712,19.94830875613432,0.2624360762436076,0.016395823349162782,26.243035942932966,0.18608247422680413,18.607842067227473,0.4165504416550442,0.013012380641179247,20.827522082752207,0.3556701030927835,17.783505154639176,0.6503951650395166,0.008126893394793328,13.007846627893574,0.6134020618556701,12.267987787651307,0.8100883310088332,0.005061162368188307,8.100859780742129,0.7904639175257732,7.904616215910629,0.5621258716903658,0.9221599414583534,0.14893617021276595,14.843971631205674,0.49848024316109424,9.970459889367959,0.6914893617021277,6.915486661070763
2019-04-23,112,6885750,4148,3160,0.0006024035145045928,0.08173254228891372,0.9393636544102766,0.006854391892134868,0.19382835101253615,0.11675864072030206,193.821313968134,0.021835443037974682,21.83465029026055,0.23722275795564127,0.07144931745570723,118.60707272676858,0.04651898734177215,23.25864922223407,0.3114754098360656,0.03752650381945453,62.29462962266369,0.11265822784810127,22.531481960122665,0.38862102217936356,0.023410496964768074,38.86182002776079,0.20411392405063292,20.41124419140326,0.5212150433944069,0.01569908869767273,26.060752169720345,0.37278481012658227,18.639240506329113,0.740115718418515,0.008916927348826131,14.80224987757462,0.6598101265822784,13.196145038365804,0.8621022179363549,0.0051933265173343245,8.621009659289976,0.8199367088607595,8.199355180892123,0.5644111662312448,0.9255098049741934,0.15512048192771086,15.460341365461847,0.4879518072289157,9.759873111657608,0.6927710843373494,6.928304986670524
2019-04-24,113,6885750,3993,2712,0.0005798932578150528,0.10611954154308169,0.948358038415393,0.0073068920272993275,0.22865013774104684,0.13258785942492013,228.64183647261302,0.025811209439528023,25.810272349438005,0.3007763586275983,0.08720592506534998,150.38271938861348,0.06858407079646017,34.29079040711049,0.39118457300275483,0.04536872984983589,78.23634649724707,0.14970501474926254,29.940785538637037,0.4763335837716003,0.027622062795898805,47.6330124960832,0.2474188790560472,24.741708246829372,0.6063110443275732,0.017579656684771558,30.315332085440964,0.42625368731563423,21.31252960755198,0.8031555221637866,0.009314875917836231,16.063087115261915,0.7116519174041298,14.233017677832184,0.8787878787878788,0.005096024258760108,8.787866025483952,0.8219026548672567,8.2190146124062,0.5406085618334844,0.9226456415706242,0.1419753086419753,14.150205761316872,0.5,10.000857632933105,0.7037037037037037,7.037640556508481
2019-04-25,114,6885750,3043,1909,0.00044192716842754963,0.10449231076517024,0.9351040043933799,0.004362119192585855,0.2605980939861978,0.11516119663084519,260.5886328297214,0.01990570979570456,19.904987108012293,0.3328951692408807,0.07355503920999129,166.44154164975274,0.057621791513881616,28.809849761596737,0.4255668747946106,0.037613639664236545,85.11275692343635,0.14510214772132007,29.020218817626986,0.4995070653959908,0.02207441401144384,49.950343831514765,0.23363017286537455,23.36284764018346,0.6168255011501808,0.013629597356860182,30.841275057509037,0.4002095337873232,20.01047668936616,0.7633913900755833,0.00674725810948973,15.267805628464972,0.6244106862231534,12.488195588173504,0.8448899112717713,0.0037337980612133755,8.448899112717713,0.753273965426925,7.53273965426925,0.5036971768498903,0.9192888865336237,0.14959349593495935,14.909485094850949,0.4796747967479675,9.594318704765094,0.6764227642276422,6.7648077647157265
2019-04-26,115,6885750,3035,2235,0.00044076534872744435,0.04115786479014101,0.9162863683583753,0.00416571067656398,0.1742998352553542,0.07682253848388033,174.29350720440826,0.019686800894854587,19.686086154769814,0.22471169686985173,0.04952076677316294,112.35176929433499,0.042953020134228186,21.47573035065798,0.3084019769357496,0.027186383571988732,61.67994750603671,0.11275167785234899,22.550171825258126,0.39637561779242175,0.01747073687879404,39.637273958206286,0.20939597315436242,20.939445266311118,0.5051070840197693,0.011131685001633808,25.255354200988467,0.34317673378076063,17.15883668903803,0.6866556836902801,0.006053054265457217,13.733053841308744,0.5789709172259507,11.579367895252508,0.7960461285008237,0.003508690398735942,7.960449724249098,0.7257270693512304,7.257260153977534,0.4270615241895742,0.896895478585376,0.10526315789473684,10.491228070175438,0.422475106685633,8.45022679084248,0.6031294452347084,6.031811716022243
2019-04-27,116,6885750,2496,1894,0.00036248774643285047,0.03429060535942684,0.9107602861687947,0.0027248350576137533,0.16306089743589744,0.05910543130990415,163.05497742074218,0.010559662090813094,10.559278716499602,0.20592948717948717,0.037322102817310486,102.96100539835564,0.026399155227032733,13.199098395624503,0.27123397435897434,0.019663655639141422,54.24640096843672,0.07761351636747624,15.522590558173327,0.3369391025641026,0.012213363539987511,33.693176280235974,0.1457233368532207,14.572016246780587,0.44911858974358976,0.008139940166719916,22.455766427480633,0.2803590285110876,14.01784963671775,0.6498397435897436,0.004711172042011339,12.996775996906882,0.5411826821541711,10.823637924188711,0.7724358974358975,0.0027999854772537487,7.7243589743589745,0.7022175290390708,7.022175290390708,0.3918358817711685,0.8971860072600127,0.10681114551083591,10.645510835913312,0.4040247678018576,8.081188365930464,0.6176470588235294,6.177000302693976
2019-04-28,117,6885750,2662,2242,0.0003865955052100352,0.024512027209520372,0.8929822459744942,0.002780719278934065,0.12208865514650638,0.04719721173395295,122.08422265103927,0.011150758251561105,11.15035341717788,0.14613072877535688,0.028245715945396457,73.06271170962196,0.020517395182872437,10.258325143803651,0.19158527422990232,0.014813093612942578,38.31677661356851,0.05753791257805531,11.507498955367403,0.25920360631104433,0.010020622149931744,25.920172415061046,0.12979482604817127,12.979388356635328,0.3617580766341097,0.006992702320008714,18.087903831705486,0.24531668153434433,12.265834076717217,0.5785123966942148,0.004472999349381913,11.570231130731221,0.5008920606601249,10.017826664567036,0.724267468069121,0.0027999854772537487,7.24267468069121,0.6726137377341659,6.72613737734166,0.3477270778019893,0.8801771086912265,0.08731466227347612,8.702361339923119,0.4233937397034596,8.468601026898874,0.6062602965403624,6.063122914199972
2019-04-29,118,6885750,2531,2135,0.0003675707076208111,0.01392038326577416,0.8801561016290391,0.002237814347658765,0.10786250493875939,0.03964565785652047,107.85858893146418,0.005152224824355972,5.152037770012944,0.13393915448439353,0.024615161196630844,66.96714587502997,0.013114754098360656,6.557138980016475,0.18451205057289607,0.013564146504400361,36.9021421543559,0.05058548009367682,10.11702255525967,0.23548004741209008,0.008655493915013506,23.54783375160184,0.1053864168618267,10.538565161728823,0.31766100355590676,0.005838143993029082,15.88305017779534,0.19625292740046837,9.81264637002342,0.5487949427103912,0.0040344130495399205,10.97588291421158,0.4674473067915691,9.348932558613855,0.7096009482418016,0.002608285226736376,7.096009482418017,0.6571428571428571,6.571428571428572,0.32373354463712883,0.8849016032360117,0.13544018058690746,13.498871331828441,0.46952595936794583,9.391324549210319,0.6636568848758465,6.637138022759217
2019-04-30,119,6885750,2700,2252,0.0003921141487855353,0.03644719813917068,0.8978531356550326,0.0033422014893317344,0.14851851851851852,0.05823409817020041,148.51312647239166,0.025310834813499113,25.309915889783834,0.18222222222222223,0.03572465872785362,91.10780327234002,0.04706927175843695,23.533781441377954,0.24703703703703703,0.01937320282320137,49.40704864439216,0.10790408525754884,21.580660346282695,0.29555555555555557,0.011589067356008016,29.555340943197113,0.16163410301953818,16.163292934252883,0.37592592592592594,0.007370293722542933,18.796296296296298,0.2562166962699822,12.810834813499111,0.5781481481481482,0.004533994795055302,11.562946170389647,0.4977797513321492,9.955580568405946,0.7285185185185186,0.002856620039037085,7.285174605110966,0.6758436944937833,6.7584271298456065,0.44992358783643727,0.900140509853416,0.18984547461368653,18.921265636497427,0.5253863134657837,10.508627446525736,0.7019867549668874,7.020469596628537
2019-05-01,120,6885750,2509,1969,0.00036437570344552157,0.04590405154200915,0.8822836722805407,0.0029281750894244694,0.16699880430450378,0.060848097589311645,166.99274132148372,0.0223463687150838,22.345557417933236,0.21602231964926266,0.03935521347661923,108.00723842033912,0.0457084814626714,22.853410995613537,0.29453965723395775,0.021464463097969736,58.9075036974273,0.12036566785170137,24.072958767604423,0.3543244320446393,0.012910627668535247,35.43218591814132,0.18943626206196038,18.943488650456647,0.42885611797528894,0.007813237483208075,21.442805898764448,0.2798374809547994,13.991874047739968,0.5707453168593065,0.004159308485918766,11.414889759631382,0.4581005586592179,9.16199786744734,0.689916301315265,0.002513880074414336,6.899142974252097,0.6079228034535297,6.079210377169353,0.47681927127879986,0.8853311421160899,0.21041666666666667,20.97152777777778,0.5,10.000857632933105,0.6604166666666667,6.604733061749572
2019-05-02,121,6885750,2199,1539,0.00031935519006644154,0.09686038220506032,0.9089548322875232,0.0024049059133936738,0.2555707139608913,0.08161487075225095,255.5614353261992,0.03443794671864847,34.436696430138504,0.30559345156889495,0.04879465582340982,152.79117841566355,0.06302794022092267,31.51282597852297,0.3647112323783538,0.023294315838392053,72.94171681864852,0.10981156595191682,21.9621537149906,0.4120054570259209,0.01315751256208429,41.20024653222915,0.16764132553606237,16.764010823868563,0.4874943155979991,0.007784191990705442,24.374715779899955,0.27030539311241064,13.515269655620532,0.5970895861755343,0.0038136676271028906,11.941774380774776,0.4262508122157245,8.525003863667699,0.7598908594815825,0.0024267438499978944,7.598886523475672,0.6575698505523067,6.575679406138378,0.4193631453078346,0.8731877709862903,0.1617933723196881,16.125406107862247,0.45419103313840153,9.084599721143912,0.6179337231968811,6.179867192280301
2019-05-03,122,6885750,2442,1837,0.00035464546345713975,0.06292428801001082,0.9014008508642485,0.0036338072370784348,0.23423423423423423,0.08306709265175719,234.22573023212,0.050081654872074034,50.07983663017482,0.2796887796887797,0.04959337786813825,139.83931271725345,0.07784431137724551,38.92074259845108,0.33292383292383293,0.02361381393592611,66.58428309144276,0.12574850299401197,25.149517978768422,0.37223587223587223,0.013201080484475297,37.22331693119401,0.17310832879695154,17.310707180191255,0.46764946764946763,0.008292488109501507,23.382473382473385,0.2955906369080022,14.77953184540011,0.6519246519246519,0.004624022260368469,13.038436232322763,0.537833424060969,10.756621616513502,0.7633087633087633,0.0027070320385374474,7.633065462473066,0.6853565596080566,6.853545689619573,0.3514502668924556,0.848056848704313,0.11987381703470032,11.947423764458465,0.3548895899053628,7.098400528107094,0.5299684542586751,5.300139060986631
2019-05-04,123,6885750,2805,2254,0.00040736303234941725,0.03548324581415621,0.8963087425363144,0.004017776968058723,0.16827094474153298,0.06854487365669475,168.2648355727579,0.03149955634427684,31.49841273563814,0.20819964349376113,0.04240487946558234,104.09604234585869,0.05856255545696539,29.280214655663624,0.2659536541889483,0.02166778006912777,53.19034460285082,0.10692102928127772,21.384050578685358,0.33654188948306596,0.013709372912370385,33.65394457445789,0.18411712511091394,18.411578817747763,0.4655971479500891,0.00948335330210943,23.279857397504458,0.34072759538598046,17.036379769299025,0.6224598930481283,0.005071320896107631,12.449143622236406,0.5314995563442768,10.629944814088176,0.740463458110517,0.0030163656352158144,7.404613074041817,0.6779059449866903,6.7790397598120515,0.3866302900012228,0.8729910184298217,0.10298102981029811,10.263775971093045,0.36449864498644985,7.290598111813022,0.5433604336043361,5.434070339845765
2019-05-05,124,6885750,3172,2630,0.00046066151109174744,0.03799830707516648,0.8853333662307566,0.004253451566948551,0.1424968474148802,0.06564042985768226,142.49167398881954,0.02623574144486692,26.23478894191002,0.18190416141235813,0.041896601800755155,90.9487786410939,0.057034220532319393,28.51607493685872,0.2421185372005044,0.02230677626419588,48.423355820046275,0.11254752851711027,22.50934225468913,0.31116015132408575,0.014333846466641494,31.115789189053174,0.18365019011406844,18.36488565711968,0.4145649432534678,0.009548705660240351,20.72824716267339,0.3015209125475285,15.076045627376427,0.5621059268600253,0.005178803792173994,11.24210221058073,0.4756653992395437,9.513294168875152,0.7011349306431274,0.003229854075657589,7.011339124041376,0.6418250950570342,6.418241629520885,0.41943323159693413,0.8819466024537688,0.10296010296010295,10.261690261690262,0.35263835263835264,7.053371921296449,0.5534105534105535,5.534580157221667
2019-05-06,125,6885750,3162,2367,0.00045920923646661585,0.08282459299929913,0.9018727486981112,0.0036880914337007577,0.21695129664769133,0.09962242230612837,216.94342011208838,0.030840726658217153,30.83960696875091,0.25806451612903225,0.059250653499854776,129.02757347774352,0.05280946345585129,26.403773089683995,0.31562302340290954,0.028987191030817042,63.12414631260229,0.10435149978876214,20.870148411817624,0.37254901960784315,0.017107670858868978,37.25463144100476,0.17279256442754543,17.27913097253726,0.4560404807084124,0.010470900047198925,22.80202403542062,0.278411491339248,13.920574566962399,0.5787476280834914,0.0053153174086811045,11.57493575168435,0.43979721166032953,8.79593145909853,0.6995572422517394,0.0032124314707911265,6.995572422517394,0.5999155048584707,5.999155048584706,0.4431135617712873,0.892983392637891,0.12038303693570451,11.998176014591884,0.3816689466484268,7.634033596684915,0.5882352941176471,5.882857431137121
2019-05-07,126,6885750,3183,2375,0.0004622590131793922,0.06995957526861847,0.9105126664965486,0.004024442046330424,0.20012566760917375,0.09250653499854777,200.11840193724484,0.02526315789473684,25.262240701958206,0.2554194156456173,0.05903282021492884,127.70507125194666,0.058105263157894736,29.051576807251937,0.3232799245994345,0.0298875947602312,64.65551543206472,0.12,23.999825728310437,0.3792020106817468,0.01752882744198205,37.919925717445146,0.18273684210526317,18.273551519450404,0.4737668865849827,0.010950150673492358,23.688344329249137,0.30357894736842106,15.178947368421053,0.6195413132265158,0.0057277628032345014,12.390808269673883,0.4926315789473684,9.852617270241316,0.7351555136663525,0.003398317687517427,7.351544460202049,0.6454736842105263,6.4547274680683495,0.4136914816214229,0.8895342847619914,0.12727272727272726,12.684848484848485,0.4015151515151515,8.03099173553719,0.5833333333333334,5.833833619210978
2019-05-08,127,6885750,4110,2935,0.0005968848709290927,0.09068736318757423,0.9158883526476765,0.0064140137152381696,0.21751824817518248,0.12982863781585827,217.51035105609392,0.027257240204429302,27.256250615400674,0.2761557177615572,0.08241359279697938,138.07284588851599,0.06303236797274275,31.515039774057033,0.36885644768856446,0.04403264689651166,73.77075386074334,0.1495741056218058,29.914603903260307,0.4535279805352798,0.02707020244561271,45.352468732330344,0.2541737649063032,25.417191926915937,0.5362530413625304,0.016004066368950368,26.812652068126518,0.3594548551959114,17.97274275979557,0.6854014598540146,0.008182103355330421,13.708009289286238,0.561839863713799,11.236780955384129,0.7958637469586375,0.004750383399944233,7.958625911475912,0.7155025553662692,7.155015162615729,0.43900032224462393,0.8917668389830646,0.1337295690936107,13.328380386329867,0.40713224368499257,8.143343213740476,0.5854383358098069,5.8548854492951605
2019-05-09,128,6885750,4778,3553,0.0006938968158878844,0.09278240753576421,0.9278450309212121,0.00790197351885786,0.19882796149016324,0.13796108045309324,198.8207429321655,0.01998311286236983,19.98238736451685,0.250732524068648,0.08698809178042405,125.36171054354435,0.05150576977202364,25.75194991342665,0.33863541230640437,0.046995265619100175,67.72659067323546,0.13875598086124402,27.750994661921958,0.42653830054416075,0.02959714194429115,42.65352033128982,0.24317478187447228,24.317301610446826,0.5290916701548766,0.01835675126166358,26.454583507743823,0.37573881227132,18.786940613566,0.7159899539556299,0.009936448554698392,14.31977828286196,0.6208837602026457,12.417657170204503,0.8315194642109669,0.005769887085647896,8.315194642109669,0.7751196172248804,7.751196172248804,0.5154097925509037,0.9096428011564893,0.1637239165329053,16.317817014446227,0.47030497592295345,9.406906216530977,0.6532905296950241,6.5334655804233925
2019-05-10,129,6885750,5054,3740,0.0007339795955415169,0.09435420291399876,0.9341521471840603,0.009557574800381831,0.2069647803719826,0.15190241068835317,206.9572664023205,0.020320855614973262,20.320117855184744,0.26256430550059356,0.09635492303223933,131.27738647986584,0.051336898395721926,25.667517290759672,0.3660466956865849,0.05373221028173105,73.2066812321784,0.1657754010695187,33.153876500564586,0.4669568658488326,0.03427293454740847,46.69466938263116,0.28903743315508024,28.903113686629105,0.5623268698060941,0.02063682242312021,28.11634349030471,0.41256684491978607,20.628342245989305,0.7350613375544124,0.010790384794125848,14.701205400900685,0.6433155080213904,12.866291475039178,0.8353779184804115,0.006131503467305667,8.353779184804116,0.7786096256684492,7.786096256684491,0.5281433566665602,0.9117558926574411,0.16377952755905512,16.323359580052493,0.4755905511811024,9.51262678786078,0.6598425196850394,6.598991099525938
2019-05-11,130,6885750,4736,2999,0.0006877972624623316,0.11403724701979079,0.9521241546646532,0.007675950852421442,0.25232263513513514,0.17354051699099624,252.31347442372305,0.011670556852284094,11.670133146328087,0.33340371621621623,0.11465291896601801,166.6958059058823,0.04601533844614872,23.006833917046798,0.4391891891891892,0.06041418571553051,87.8372000191542,0.1533844614871624,30.676669542688675,0.5238597972972973,0.03603067181736327,52.38559933834652,0.2620873624541514,26.208545935384024,0.6349239864864865,0.021834948988853794,31.74619932432433,0.42814271423807937,21.40713571190397,0.7901182432432432,0.010868807509991635,15.802341915524686,0.6698899633211071,13.39777980916649,0.8902027027027027,0.006122789819554878,8.902027027027028,0.8269423141047015,8.269423141047016,0.5605201923047607,0.9237199613745295,0.14614343707713126,14.565629228687415,0.45737483085250336,9.148281136485492,0.6468200270635994,6.468755004792996
2019-05-12,131,6885750,4718,2931,0.0006851831681370948,0.13039405387002423,0.9452289738893237,0.006086572227009058,0.25370919881305637,0.17383096137089749,253.69998776169083,0.011941316956670079,11.940883420620242,0.3264094955489614,0.11182108626198083,163.19882253676016,0.03991811668372569,19.958333717322404,0.42136498516320475,0.05774201980888205,84.27238509940855,0.11497782326850904,22.99539767553911,0.5059347181008902,0.03466554358244503,50.59310443468013,0.2296144660525418,22.961279874833565,0.602797795676134,0.02065134516937153,30.139889783806698,0.37120436711020127,18.560218355510063,0.7590080542602797,0.01040117575982898,15.180139039474861,0.6165131354486524,12.330244802071398,0.864349300551081,0.005922375921286715,8.643493005510809,0.784373933810986,7.84373933810986,0.5179655769542577,0.9120937821057626,0.1271604938271605,12.673662551440328,0.40370370370370373,8.0747665332571,0.6,6.000514579759862
2019-05-13,132,6885750,4612,2990,0.0006697890571106996,0.1115540638842123,0.9378760474864392,0.005286400433207771,0.22940156114483956,0.15364507696776067,229.39323259556767,0.017391304347826087,17.390672947000215,0.2888117953165655,0.09671797850711589,144.40065492310782,0.037123745819397994,18.561199010740612,0.37185602775368604,0.04981265793371867,74.37066551758528,0.09364548494983277,18.728960991992537,0.4496964440589766,0.030119957012983242,44.96931786690143,0.18327759197324414,18.3276261135927,0.553122289679098,0.018523762843553716,27.6561144839549,0.325752508361204,16.287625418060202,0.7248482220294883,0.00970989404219723,14.496943387046745,0.5795986622073579,11.591956409443009,0.8467042497831744,0.0056711159391033975,8.467017904961237,0.7648829431438127,7.648807215100865,0.5004610286446072,0.9031101524986717,0.11510791366906475,11.47242206235012,0.3776978417266187,7.5546046867480285,0.5779376498800959,5.779872157162777
2019-05-14,133,6885750,3817,2618,0.0005543332244127365,0.08783725740545986,0.9266982658602824,0.00425539470090956,0.21666230023578728,0.12009875108916643,216.65443419235726,0.01680672268907563,16.80611251180693,0.26984542834686925,0.0747894278245716,134.91781573042803,0.03437738731856379,17.188069614348,0.3371757925072046,0.037381277411484504,67.4346688331489,0.08365164247517189,16.730207010758804,0.41419963321980613,0.022960295100060996,41.41966255835604,0.173414820473644,17.34135612530707,0.5197799318836783,0.014406564281305595,25.988996594183913,0.3139801375095493,15.699006875477464,0.696620382499345,0.0077231628079898,13.93234694920507,0.5618792971734148,11.237536983498865,0.808226355776788,0.0044802672185310245,8.082263557767881,0.7226890756302521,7.226890756302521,0.44166371472537813,0.897290990869692,0.12211668928086838,12.170963364993217,0.3704206241519674,7.409047852892097,0.5807327001356852,5.807825056845819
2019-05-15,134,6885750,2602,1642,0.00037788185745924553,0.07881907121044718,0.9150465610238426,0.0024698302704080845,0.265564950038432,0.1003485332558815,265.5553085575273,0.012789281364190013,12.788817042328112,0.3205226748654881,0.060557653209410395,160.25551905714744,0.03654080389768575,18.2697386318973,0.39738662567255956,0.030032821168201225,79.4767480241897,0.09805115712545676,19.610089028917884,0.46464258262874714,0.017557872723576055,46.46392087100839,0.18270401948842874,18.270269281600516,0.5564950038431975,0.010514468285952873,27.824750192159875,0.3093788063337393,15.468940316686968,0.680630284396618,0.0051439492517892,13.612585918719248,0.49756394640682094,9.951264476167532,0.7832436587240584,0.0029597270893451278,7.832413837608844,0.6583434835566383,6.583415713711207,0.3967348592943373,0.8947973296412265,0.11624441132637854,11.585692995529062,0.3502235469448584,7.005071665392785,0.5842026825633383,5.8425278570935575
2019-05-16,135,6885750,2057,1335,0.0002987328903895727,0.07021878797805789,0.8984123524724166,0.0019040143684710363,0.2542537676227516,0.07595120534417658,254.2445368005172,0.02397003745318352,23.969167207850482,0.31259115216334465,0.04668893406912576,156.28990168521278,0.04794007490636704,23.969167207850482,0.37287311618862423,0.022277730982601877,74.57408172749192,0.09363295880149813,18.72645578051688,0.43315508021390375,0.012939672950129252,43.315193493608405,0.16179775280898875,16.179657794366584,0.5250364608653378,0.007842282975710707,26.251823043266892,0.2853932584269663,14.269662921348313,0.6562955760816723,0.003921135793289339,13.125892459232894,0.4756554307116105,9.513094798606026,0.7564414195430238,0.002259736034947486,7.564403209839402,0.6254681647940075,6.254672564437821,0.37110707411958754,0.8939028028163047,0.11461794019933555,11.42358803986711,0.36710963455149503,7.3428223816552025,0.584717607973422,5.847677552811383
2019-05-17,136,6885750,1752,1222,0.0002544385143230585,0.05471196904423773,0.9089203555160774,0.001981523469549356,0.238013698630137,0.060557653209410395,238.00505741249864,0.03436988543371522,34.368637616207465,0.2848173515981735,0.036232936392680805,142.4035055741449,0.05319148936170213,26.594779107779587,0.3401826484018265,0.017310987830027012,68.03603564532449,0.09656301145662848,19.31246205633273,0.3921232876712329,0.009977054227540735,39.212044033840534,0.15384615384615385,15.38450367199387,0.5011415525114156,0.006375485604327778,25.057077625570777,0.29705400981996727,14.852700490998362,0.6426940639269406,0.0032705177061065154,12.853862611200308,0.49263502454991814,9.852686182192231,0.757420091324201,0.0019271684275496497,7.574200913242009,0.6563011456628478,6.563011456628478,0.33166649497544665,0.8934150454554864,0.10070671378091872,10.037102473498233,0.3674911660777385,7.350453666608076,0.5565371024734982,5.565848329282558
2019-05-18,137,6885750,1823,1340,0.00026474966416149294,0.05577954080668736,0.9140412383261748,0.002823777500552094,0.22709818979703786,0.060121986639558526,227.0899448729238,0.03955223880597015,39.55080284028593,0.2863411958310477,0.037902991577112986,143.1654000285824,0.08208955223880597,41.04328596633446,0.35490948985189247,0.01879229719132127,70.98138254807485,0.15,29.999782160388044,0.4004388370817334,0.010601527781811844,40.04359293670373,0.2,19.99985477359203,0.49972572682391664,0.006615110917474494,24.986286341195832,0.32686567164179103,16.34328358208955,0.6434448710916072,0.003407031322613626,12.868878732686108,0.5186567164179104,10.37311926374032,0.7493143170597916,0.001983804256901199,7.49313228851203,0.6611940298507463,6.611930696168289,0.3504017863566795,0.8971167704218105,0.11148086522462562,11.110926234054352,0.3627287853577371,7.255197883458957,0.5490848585690515,5.491319498948293
2019-05-19,138,6885750,2496,1949,0.00036248774643285047,0.07604582602884263,0.9162248757732472,0.005979160236472399,0.22115384615384615,0.0801626488527447,221.14581704238253,0.06618778860954336,66.18538562564089,0.2608173076923077,0.04726982282892826,130.40391928857883,0.09645972293483839,48.22811045589336,0.33213141025641024,0.02407853844143019,66.4257997087652,0.1667521806054387,33.35019395288563,0.41426282051282054,0.015016410584100612,41.425981241775155,0.2662904053360698,26.62884717161176,0.5456730769230769,0.00988999019714628,27.283653846153843,0.4284248332478194,21.42124166239097,0.6814903846153846,0.004940631099544567,13.62978789811258,0.5956900974858902,11.913784647630672,0.7764423076923077,0.002814508223505065,7.7644230769230775,0.7152385838891739,7.15238583889174,0.3626854186702086,0.88253917972442,0.10056657223796034,10.023135033050046,0.32294617563739375,6.459477451299569,0.4985835694050991,4.986263295740018
2019-05-20,139,6885750,2973,2279,0.00043176124605162836,0.1022893945047258,0.9235103160487499,0.00728218126842446,0.23713420787083753,0.10238164391519024,237.12559858359273,0.06669591926283458,66.69349783097056,0.2785065590312815,0.060121986639558526,139.2482238490885,0.09828872312417727,49.1425773491362,0.35721493440968716,0.030846089052833366,71.44246811151946,0.1799034664326459,35.98043201918706,0.4298688193743693,0.01855993493856923,42.98656979591425,0.2685388328214129,26.853688287490833,0.5509586276488395,0.011894129179827906,27.54793138244198,0.41992101799034665,20.996050899517332,0.7006390850992263,0.006050167301793847,14.01276135160679,0.6125493637560333,12.250969483348554,0.7911200807265388,0.003415749918309552,7.911200807265388,0.7305835892935498,7.305835892935498,0.4065778943505064,0.8948539464008005,0.09724047306176084,9.691633815155496,0.34296977660972405,6.859983816545441,0.5479632063074902,5.480102014366761
2019-05-21,140,6885750,3074,2311,0.00044642921976545765,0.09590110996220562,0.9245950025258235,0.005635669163946318,0.2225113858165257,0.09933197792622712,222.5033074188414,0.03764604067503245,37.644673914915,0.2674040338321405,0.05968632006970665,133.69716279114593,0.07096495023799221,35.48118690831069,0.3405985686402082,0.03041040982892329,68.1192190889748,0.14971873647771528,29.943529864400013,0.41086532205595316,0.018342095326614193,41.08623386312091,0.23279965382951104,23.279796339663594,0.533181522446324,0.011901390552953563,26.659076122316197,0.3864128083080917,19.32064041540459,0.7072218607677293,0.006314480899711869,14.144416673777163,0.6114236261358719,12.22845476364288,0.8074170461938842,0.003604545619576662,8.074170461938841,0.7442665512765037,7.4426655127650365,0.42703835388767875,0.891655837784092,0.10425240054869685,10.390489254686786,0.3786008230452675,7.572665861974039,0.5692729766803841,5.693217994056568
2019-05-22,141,6885750,2863,2140,0.0004157862251751806,0.08605015419842868,0.9110998584806265,0.0039387082643339965,0.21655606007684247,0.09003775776938716,216.54819789051962,0.029906542056074768,29.905456282691958,0.24938875305623473,0.05184432181237293,124.68984943050889,0.044859813084112146,22.42909221201897,0.3091163115612993,0.025705074210694474,61.82281339374414,0.102803738317757,20.560598365374982,0.39154732797764585,0.01627988033343983,39.154448482704616,0.20747663551401868,20.7475128959693,0.5106531610199092,0.010616127509712086,25.53265805099546,0.35700934579439253,17.850467289719628,0.6737687740132728,0.005602867366855655,13.475355910348002,0.5677570093457944,11.355123696157879,0.7698218651763884,0.0032008132737900738,7.698218651763884,0.6929906542056075,6.929906542056075,0.41826501289343904,0.900705975105717,0.11455108359133127,11.416924664602682,0.42105263157894735,8.421774848785772,0.6037151702786377,6.037669468798623
2019-05-23,142,6885750,2810,2115,0.0004080891696619831,0.07850697319810049,0.8932361284732802,0.005140032656794024,0.2202846975088968,0.08989253557943654,220.27669995235058,0.04964539007092199,49.643587667855215,0.2733096085409253,0.05576532094103979,136.64984294297676,0.0851063829787234,42.55164657244733,0.34483985765124553,0.028144877864590898,68.96747073171059,0.1612293144208038,32.245628736618826,0.4277580071174377,0.017456214237997036,42.7754901029495,0.258628841607565,25.862696362068178,0.5451957295373665,0.011124423628508151,27.259786476868328,0.4033096926713948,20.16548463356974,0.6640569395017794,0.005419881029835486,13.28111950220274,0.5560283687943263,11.12055122579216,0.7473309608540926,0.0030497767127763862,7.473309608540926,0.6657210401891253,6.657210401891252,0.4183119994288093,0.8893661737802624,0.1352253756260434,13.47746243739566,0.4257095158597663,8.514920522196801,0.6243739565943238,6.2442750496109864
2019-05-24,143,6885750,3066,2166,0.0004452674000653524,0.09520682512016085,0.9383929860410732,0.008124275090131682,0.2553816046966732,0.11370897473133895,255.3723329276964,0.05493998153277932,54.93798690667081,0.319634703196347,0.07115887307580598,159.8115493417257,0.10526315789473684,52.62966812907959,0.4298760600130463,0.03828168114089866,85.97458770904858,0.2234533702677747,44.69034954025181,0.5244618395303327,0.023352406401580064,52.4458031244879,0.34210526315789475,34.21027790219689,0.6451402478799739,0.014362996042551647,32.25701239399869,0.5036934441366574,25.184672206832868,0.764187866927593,0.006805349010131053,15.283735142371134,0.6666666666666666,13.333313969699786,0.8405088062622309,0.003742489968471301,8.40503923692148,0.7746999076638966,7.746954073819671,0.4626614909483478,0.9075360268488593,0.13843648208469056,13.797502714440824,0.44625407166123776,8.925846877601533,0.6400651465798045,6.401200406747085
2019-05-25,144,6885750,3010,1887,0.00043713466216461534,0.11474439514064044,0.9526937217414485,0.007563013865481139,0.2920265780730897,0.1276503049665989,292.01597588829185,0.05140434552199258,51.40247925908516,0.36644518272425247,0.08009003775776939,183.21593936563474,0.10068892421833599,50.34263432590815,0.4813953488372093,0.042086613029713324,96.27837065426861,0.2278749337572867,45.57465581687638,0.5787375415282392,0.0252984402683784,57.87333391295235,0.3640699523052464,36.40673086766753,0.6926910299003323,0.015139962966997059,34.63455149501661,0.5288818229994701,26.444091149973502,0.8245847176079735,0.007209059830549335,16.49162250106481,0.7260201377848436,14.520339493135092,0.8890365448504983,0.0038862868968521946,8.890365448504983,0.8245892951775304,8.245892951775305,0.4750961319374401,0.9082238739250981,0.14446227929373998,14.398073836276085,0.449438202247191,8.989534950951105,0.6324237560192616,6.3247799476334565
2019-05-26,145,6885750,3469,2277,0.0005037940674581564,0.15155293776838272,0.9553678630194072,0.008594595392361813,0.3026808878639377,0.15248329944815567,302.66989886858977,0.05577514273166447,55.7731177845714,0.3565869126549438,0.08981992448446123,178.28698328592645,0.08959156785243742,44.794157590758125,0.44220236379360045,0.044555461965203755,88.43983056411119,0.18664909969257795,37.329548874732595,0.5543384260593831,0.027927038252635858,55.43344008304622,0.3438735177865613,34.3871020810772,0.6777169213029691,0.017071488218422103,33.885846065148456,0.5221783047870004,26.108915239350022,0.8221389449409051,0.008283762431452736,16.44275501942222,0.7338603425559947,14.677185535815772,0.904006918420294,0.0045543332244127365,9.04006918420294,0.8559508124725516,8.559508124725516,0.5036558507443037,0.9138551096261187,0.14444444444444443,14.396296296296295,0.4714285714285714,9.429380053908355,0.6714285714285714,6.714861553540799
2019-05-27,146,6885750,3642,2466,0.0005289184184729332,0.1344236656979656,0.9543594504215334,0.008833652249125003,0.27045579352004395,0.14304385710136508,270.44597447438895,0.040957015409570155,40.95552844270225,0.3212520593080725,0.08495498112111531,160.6201980380889,0.07015409570154096,35.075774359344,0.4184514003294893,0.0442650091492637,83.68967236396006,0.17558799675587997,35.11734435103548,0.5598572213069742,0.02961166458508815,55.985315600431285,0.36901865369018655,36.9015974127509,0.6787479406919276,0.01795011436662673,33.93739703459637,0.5336577453365775,26.68288726682887,0.8223503569467325,0.0086991123710382,16.446983253398212,0.7396593673965937,14.793165864192463,0.8953871499176277,0.004735867552554188,8.953871499176277,0.8467153284671532,8.467153284671532,0.4766940943450065,0.9037962775926758,0.14873417721518986,14.823839662447257,0.4462025316455696,8.92481598888334,0.634493670886076,6.345480871528758
2019-05-28,147,6885750,4347,3017,0.0006313037795447119,0.12546546548204013,0.9567407830576121,0.012046307803638485,0.23855532551184724,0.15059541097879756,238.54666463014843,0.03115677825654624,31.15564709265368,0.30411778237865195,0.09599186755736276,152.05337060803097,0.07093138879681803,35.464406796956844,0.41729928686450424,0.05268814081152517,83.45925134413605,0.19390122638382498,38.77996368097891,0.5617667356797792,0.03546428882628017,56.17626565115222,0.38780245276764996,38.77996368097891,0.7057740970784449,0.022277892749518934,35.28870485392224,0.5856811402055021,29.284057010275106,0.8589832068092937,0.0108455396483768,17.179589287741095,0.7988067616837918,15.97606562877167,0.9095928226363009,0.005742268849716372,9.0958885971784,0.8704010606562811,8.703972684886805,0.4584757880850104,0.9092238944327415,0.14539579967689822,14.491114701130856,0.43134087237479807,8.627557311771046,0.6381260096930533,6.381807374811917
2019-05-29,148,6885750,4718,3134,0.0006851831681370948,0.12153554827543629,0.9581149246862107,0.01313852892988246,0.22700296735905046,0.15553296543711878,226.99472589203913,0.020102105934907466,20.101376116945843,0.30754557015684614,0.10535869880917804,153.7672022732721,0.06477345245692406,32.38555041063497,0.4499788045782111,0.06166313282407273,89.9951074275877,0.21250797702616464,42.50128678753125,0.6091564222128021,0.04173806965058526,60.91519989328475,0.4310784939374601,43.10753637383987,0.7418397626112759,0.025414805939803217,37.0919881305638,0.6171027440970006,30.85513720485003,0.8452734209410767,0.011583325587879915,16.90544386747438,0.7686662412252713,15.373302498248302,0.9027130139889784,0.006185219663160402,9.02710392022186,0.8541799617102744,8.541774807097132,0.46065326421077174,0.9097573322092483,0.14641744548286603,14.59293873312565,0.4143302180685358,8.28731504785111,0.6059190031152648,6.0597096872445135
2019-05-30,149,6885750,4924,2817,0.000715100025414806,0.17792435437610254,0.9603733763630055,0.013380651147685782,0.3178310316815597,0.22727272727272727,317.8194926519459,0.04543840965566205,45.43675998932253,0.4305442729488221,0.15393552134766192,215.2643209016375,0.116435924742634,58.215848736319494,0.5653939886271324,0.08086206395771008,113.07797662404592,0.28292509762158324,56.58460864236013,0.6724207961007311,0.04808446367887537,67.2415913437888,0.4465743698970536,44.6571127177472,0.7520308692120228,0.026888864684311804,37.601543460601135,0.5733049343272986,28.665246716364926,0.829813160032494,0.011867936530066311,16.59619089396915,0.7050053248136315,14.100045064859648,0.8838342810722989,0.006320289989776001,8.838329975040638,0.7980120695775648,7.980109106465687,0.5024175370677507,0.9156042750016722,0.17081260364842454,17.024322830292977,0.4577114427860697,9.155013952535777,0.6533996683250415,6.53455706032445
2019-05-31,150,6885750,4644,2594,0.0006744363359111208,0.1614699172987416,0.9494433466700737,0.007577648279793562,0.30361757105943155,0.20476328783038047,303.60654805728734,0.023515805705474173,23.51495195127342,0.39685615848406547,0.13382224803950044,198.42087520197893,0.0636083269082498,31.803008786558312,0.5178725236864772,0.06985390223358215,103.57375264963142,0.19082498072474943,38.16471901668487,0.6225236864771748,0.041984954544134305,62.25191661332317,0.34656900539707014,34.656648884848174,0.6858311800172265,0.02312747340522093,34.29155900086133,0.4448727833461835,22.243639167309176,0.782730404823428,0.010558021191560555,15.654585361711474,0.6137239784117193,12.274461742345062,0.874031007751938,0.005894782703409215,8.74031007751938,0.7752505782575173,7.752505782575174,0.5011477343881764,0.9092726719119978,0.18525179856115107,18.463429256594722,0.4766187050359712,9.533191628515368,0.6726618705035972,6.727195602008958
2019-06-01,151,6885750,3699,1904,0.0005371963838361834,0.1570915628185846,0.9598233580603335,0.0060237751552786045,0.32414165990808325,0.17412140575079874,324.1298917676568,0.01838235294117647,18.38168555978883,0.43525277101919435,0.11690386291025269,217.6184844645235,0.07142857142857142,35.71298908758973,0.5725871857258719,0.061517906416102705,114.51660559737205,0.22111344537815125,44.222367960515996,0.647742633144093,0.03479624734961805,64.77379296772979,0.33403361344537813,33.40311879202871,0.7082995404163287,0.019024797589224124,35.41497702081644,0.43907563025210083,21.953781512605044,0.8326574749932414,0.008945998698763826,16.653125314953506,0.6759453781512605,13.51888792988731,0.8988915923222492,0.0048288131285626115,8.988915923222493,0.8040966386554622,8.040966386554622,0.4603746861289008,0.9113304839400139,0.1694915254237288,16.89265536723164,0.4915254237288136,9.831351571357967,0.67984934086629,6.799076469847177
2019-06-02,152,6885750,2926,1595,0.0004249355553135098,0.11515617738515704,0.9522378633562655,0.006232105037724441,0.3332194121667806,0.14159163520185886,333.20731445358837,0.05141065830721003,51.40879181511348,0.4384825700615174,0.0931600348533256,219.2333253558738,0.12163009404388715,60.81283909836595,0.5680109364319891,0.0482732580092364,113.60136238451797,0.25203761755485893,50.40715748579308,0.640123034859877,0.027200906212785734,64.01183867214264,0.3567398119122257,35.67372215101525,0.7064251537935748,0.015009258250735215,35.321257689678745,0.4689655172413793,23.448275862068964,0.820915926179084,0.006976717167022957,16.41829467970893,0.6721003134796238,13.44198674813621,0.8827751196172249,0.003751225356714955,8.82775119617225,0.7855799373040753,7.855799373040752,0.4195207885061265,0.9067607195418937,0.14982578397212543,14.932636469221835,0.4268292682926829,8.53731749152826,0.6254355400696864,6.254891794813561
2019-06-03,153,6885750,3721,2513,0.000540391388011473,0.07618088404059635,0.9472893100017196,0.00846326461124416,0.22063961300725612,0.11922741794946268,220.6316025653084,0.04058893752487067,40.58746392127189,0.29938188658962644,0.08088875980249782,149.68550868316296,0.08475925189017111,42.3780873295633,0.42891695780704114,0.046356269424032065,85.78276866071722,0.19339434938320732,38.678589016974634,0.5348024724536415,0.02890005518603503,53.47985890815391,0.33306804615996816,33.30656276461705,0.6363880677237301,0.01719493156155829,31.819403386186508,0.46916036609629924,23.458018304814964,0.8110722923945176,0.008765916906775723,16.221422289930377,0.7238360525268603,14.476700026393102,0.8863208814834722,0.004789601713684057,8.86320881483472,0.8344608038201353,8.344608038201352,0.4712357603896917,0.9034685322154281,0.15479876160990713,15.428276573787409,0.42260061919504643,8.452737256318073,0.6130030959752322,6.130556691395525
2019-06-04,154,6885750,4484,3207,0.000651199941909015,0.08429813675210754,0.9468547503033184,0.011760105212125364,0.19201605709188224,0.12503630554748765,192.00908584380312,0.03772996570003118,37.72859589296975,0.25446030330062447,0.08284925936683125,127.22553248999964,0.06735266604303088,33.67511038380771,0.3871543264942016,0.050422608847192775,77.43030304851865,0.19613345806049268,39.22640677452256,0.5207404103479036,0.0339103662610009,52.073662908493965,0.3585905830994699,35.85879792583541,0.6487511150758252,0.021123334422539303,32.43755575379126,0.5222949797318366,26.11474898659183,0.8407671721677074,0.010950134770889488,16.815319022893018,0.7845338322419707,15.690653857700964,0.911685994647636,0.005936881423573544,9.116833466184552,0.8802619270346118,8.802593702779179,0.44348115738627897,0.9055462916334034,0.17128027681660898,17.070934256055363,0.40657439446366783,8.132185272454254,0.6038062283737025,6.038580127843691
2019-06-05,155,6885750,4601,3152,0.0006681915550230549,0.12196035884120418,0.9473491329579676,0.012173784698658785,0.2377743968702456,0.15887307580598314,237.76576434058865,0.030139593908629442,30.138499674171534,0.29863073244946753,0.099767644496079,149.30994524861464,0.06916243654822335,34.57996278404944,0.4077374483807868,0.05448894827035348,81.54689753370711,0.19130710659898478,38.26114349135785,0.5487937404911976,0.03666966801243138,54.878975552401506,0.3730964467005076,37.30937375276686,0.6870245598782874,0.022953033779662495,34.35097855864182,0.5628172588832487,28.140658604340313,0.86111714844599,0.011507807417046195,17.222317957384444,0.804251269035533,16.08500202087038,0.911323625298848,0.006089378659726741,9.113223018085938,0.8759517766497462,8.759505045290556,0.4790197680664025,0.9085517357035049,0.18470149253731344,18.40858208955224,0.46455223880597013,9.291841606717698,0.6604477611940298,6.605044033690895
2019-06-06,156,6885750,3512,1517,0.0005100388483462222,0.2099373783759104,0.9341680734765966,0.004012300280652079,0.3994874715261959,0.2037467325007261,399.4729679148277,0.012524719841793012,12.524265124982026,0.5187927107061503,0.13229741504501888,259.3869378263778,0.043506921555702044,21.75267100654773,0.6210136674259681,0.06334775915652502,124.20183160935142,0.15293342122610415,30.586462145506598,0.6990318906605922,0.0356530831566412,69.90268147660655,0.31245880026367834,31.245653140021826,0.7742027334851936,0.019743673528664272,38.71013667425969,0.4838497033618985,24.192485168094922,0.8462414578587699,0.008632307835300678,16.924804577711175,0.6466710613052077,12.933402443251968,0.8758542141230068,0.004467170796669663,8.75849126229161,0.7139090309822017,7.139048838384114,0.523447567880657,0.9163460208423251,0.21987315010570824,21.914023960535587,0.5264270613107822,10.52944418858496,0.6807610993657506,6.808194836795898
2019-06-07,157,6885750,2604,1345,0.00037817231238427185,0.16321107242332125,0.9421988340716151,0.0032280486635841,0.36789554531490015,0.13912285797269822,367.88218866570924,0.013382899628252789,13.382413754754813,0.4500768049155146,0.08510020331106594,225.03023231535033,0.04460966542750929,22.30402292459135,0.5449308755760369,0.04121525458189317,108.98538373167086,0.14572490706319702,29.14476978159136,0.6109831029185868,0.02310552150803102,61.097866637451844,0.25650557620817843,25.65037136390056,0.6931643625192012,0.013106778491812802,34.65821812596006,0.40892193308550184,20.446096654275095,0.8294930875576036,0.0062737990467310895,16.589789472361215,0.670631970260223,13.412580968951465,0.8859447004608295,0.0033503878288121736,8.859421271982882,0.779182156133829,7.791798929674551,0.47712588926785193,0.9061861241401308,0.21460176991150443,21.38864306784661,0.4911504424778761,9.823851303146677,0.672566371681416,6.726240531884212
2019-06-08,158,6885750,2301,1427,0.000334168391242784,0.11941012077244911,0.9208824270253863,0.0038174387226968336,0.3137766188613646,0.10485042114435085,313.765227029428,0.051156271899089,51.15441464263027,0.3811386353759235,0.06367993029334883,190.56239896454875,0.09390329362298529,46.9499422062497,0.45632333767926986,0.030497545673705308,91.26400483386193,0.1702873160476524,34.05721590737816,0.5210777922642329,0.01741264631560603,52.10740085514308,0.25367904695164684,25.367720490680853,0.6175575836592786,0.010318411211560106,30.877879182963927,0.39663629992992294,19.831814996496146,0.7379400260756193,0.004931888814662058,14.7586933531331,0.5851436580238262,11.702788182164923,0.8300738809213386,0.002773840505623199,8.30072675427855,0.7302032235459005,7.302021630918278,0.33161116072088975,0.8895444847226565,0.13984674329501914,13.938058748403575,0.35823754789272033,7.165365430492301,0.5747126436781609,5.747619329271899
2019-06-09,159,6885750,2276,1428,0.00033053770467995496,0.14850444978534783,0.9380466788816506,0.0060403070536917845,0.3405096660808436,0.11254719721173395,340.4973036909917,0.0861344537815126,86.13132662301052,0.3945518453427065,0.06520476328783038,197.26876046097456,0.13095238095238096,65.47381332724783,0.4929701230228471,0.03258880594847367,98.5933086817674,0.23109243697478993,46.21815178771267,0.5711775043936731,0.018879433036103285,57.11733568908093,0.33683473389355745,33.683228802863326,0.6467486818980668,0.010688741240968667,32.33743409490334,0.4488795518207283,22.443977591036415,0.7693321616871704,0.005085858351147876,15.386620888144327,0.634453781512605,12.689057202256308,0.8717047451669596,0.002881312856261119,8.717047451669597,0.7969187675070029,7.969187675070028,0.3501504884073361,0.8908541429028494,0.13358070500927643,13.313543599257885,0.3747680890538033,7.496004607986965,0.588126159554731,5.881765991910565
2019-06-10,160,6885750,2172,1422,0.0003154340485785862,0.13074896087900822,0.9294097234426983,0.006245580646203981,0.322744014732965,0.10180075515538774,322.73229733481173,0.07243319268635724,72.43056295964048,0.40193370165745856,0.06338948591344758,200.95955461718307,0.1420534458509142,71.02414426139505,0.4949355432780847,0.031223677713555432,98.98638987850568,0.2545710267229255,50.913835640227255,0.569060773480663,0.017949984025095123,56.90566413480605,0.35724331926863573,35.72407252104343,0.6625230202578268,0.010449115927821951,33.12615101289135,0.4929676511954993,24.648382559774966,0.7716390423572744,0.004868017473742913,15.432758434542016,0.6540084388185654,13.080149780401689,0.8503683241252302,0.0026823473371131146,8.503670891586847,0.7728551336146273,7.728540112183579,0.36082173719371025,0.892828313012369,0.14065510597302505,14.018625561978162,0.37764932562620424,7.5536342815217274,0.5973025048169557,5.973537314468714
2019-06-11,161,6885750,2362,1660,0.00034302726645608683,0.09648557693277184,0.9355299771836112,0.005401041016754438,0.26926333615580017,0.09236131280859715,269.2535604029627,0.0427710843373494,42.76953150971589,0.34250635055038103,0.058742375835027595,171.24695783490316,0.10783132530120482,53.91370521295172,0.4242167654530059,0.029103372157193063,84.8427370158307,0.20602409638554217,41.2045200757137,0.5050804403048265,0.017325510470824014,50.50767727539223,0.30783132530120483,30.782909003932314,0.5791701947502117,0.00993355843590023,28.95850973751059,0.4072289156626506,20.361445783132528,0.7383573243014394,0.005065511822916213,14.767082148452715,0.6301204819277109,12.602354732314234,0.8590177815410669,0.0029466652143920417,8.59017781541067,0.8006024096385542,8.006024096385541,0.3946504603003998,0.9047136026127622,0.17687074829931973,17.6281179138322,0.4444444444444444,8.88965122927387,0.671201814058957,6.712593785370065
2019-06-12,162,6885750,2327,1568,0.0003379443052681262,0.09791554115820328,0.9320076708349995,0.003929201148309479,0.2784701332187366,0.09410397908800465,278.4600232080911,0.03443877551020408,34.43752519160438,0.33992264718521703,0.05743537612547197,169.95515305370373,0.07015306122448979,35.07525713959705,0.4344649763644177,0.029364779691539108,86.89236431500447,0.18303571428571427,36.6068770409497,0.4860335195530726,0.01642510674140986,48.602999030796276,0.24808673469387754,24.808493325661033,0.568972926514826,0.009613988207615673,28.448439751005424,0.36607142857142855,18.30343852047485,0.7559088955737,0.005109094711404406,15.118155955759727,0.639030612244898,12.780593683966057,0.8444348947142243,0.002853711349638457,8.44432442018608,0.7697704081632653,7.6976817233369745,0.38665155674451335,0.8929232791493988,0.17180616740088106,17.123348017621144,0.43171806167400884,8.635101744735191,0.6365638766519823,6.366184704664465
2019-06-13,163,6885750,2182,1480,0.0003168863232037178,0.11429844387149639,0.9357670532849215,0.0032337326663985735,0.2923923006416132,0.0926517571884984,292.38168517905723,0.03783783783783784,37.836464114419385,0.33501374885426216,0.05307871042695324,167.50079299834707,0.06689189189189189,33.44473167256714,0.40146654445462876,0.02544366667634843,80.29272585548405,0.13851351351351351,27.70250154450247,0.45004582951420713,0.014261233262656482,45.00425615872451,0.20135135135135135,20.134988927467653,0.5293308890925756,0.008386885960135062,26.466544454628785,0.31148648648648647,15.574324324324325,0.7566452795600367,0.004795389919515291,15.1328396600836,0.6418918918918919,12.837781905883123,0.8418881759853346,0.002667820737550049,8.418857306867666,0.7675675675675676,7.675653381362402,0.37485446230552466,0.897958739194458,0.167420814479638,16.68627450980392,0.42081447963800905,8.417011401473111,0.6289592760180995,6.29013217636969
2019-06-14,164,6885750,2175,1414,0.0003158697309661257,0.10951156787010388,0.9363430312895835,0.00406081649406101,0.30666666666666664,0.09686320069706651,306.6555329654371,0.04101838755304102,41.016898358023845,0.36689655172413793,0.05794365379029916,183.4416156719781,0.07920792079207921,39.60252255257475,0.4514942528735632,0.028522466525312963,90.298194885827,0.1768033946251768,35.360422159816174,0.5310344827586206,0.016773650120537918,53.10306267470987,0.28995756718529,28.995546171049263,0.6091954022988506,0.009621319391496932,30.459770114942526,0.40381895332390383,20.190947666195193,0.7908045977011494,0.004995802944619201,15.816023046396166,0.6796322489391796,13.592585758281434,0.8657471264367816,0.002734633119122826,8.657471264367816,0.7942008486562943,7.942008486562942,0.3853061294606417,0.8910836531989492,0.17364016736401675,17.30613668061367,0.40585774058577406,8.117850965644445,0.6276150627615062,6.276688890962199
2019-06-15,165,6885750,2750,1826,0.0003993755219111934,0.10729795484930185,0.9336567157291351,0.006507351742618802,0.2847272727272727,0.11370897473133895,284.7169355477517,0.06571741511500548,65.71502920827024,0.36,0.07188498402555911,179.99346500145222,0.10405257393209201,52.02439812321395,0.4501818181818182,0.03595805861337826,90.03570985347976,0.19934282584884994,39.86827567134446,0.536,0.021406372534781726,53.599610793226645,0.3148959474260679,31.489366086570143,0.6181818181818182,0.012344334313618706,30.90909090909091,0.43263964950711936,21.63198247535597,0.7683636363636364,0.006137303652755832,15.3672504098049,0.6555312157721797,13.110605275244229,0.8512727272727273,0.0033997699600334602,8.512714909927418,0.7798466593647316,7.798455268148614,0.4065619155750923,0.897429502809562,0.16023166023166024,15.969755469755471,0.42084942084942084,8.417710285634815,0.6467181467181468,6.46773611396253
2019-06-16,166,6885750,3686,2723,0.0005353084268235124,0.10196857312543998,0.9399391079461925,0.010233430083430885,0.22544763971785134,0.12067963984896893,225.43945471786157,0.038927653323540215,38.926240033773894,0.30249593054801954,0.08096137089747313,151.2424741338241,0.10246052148365772,51.228400799164696,0.4115572436245252,0.04406169217810567,82.31085103510338,0.22769004774146162,45.537678882214685,0.5103092783505154,0.027317087339161755,51.0305572831343,0.35108336393683437,35.10808146080422,0.6142159522517634,0.016439748756489854,30.710797612588173,0.48512669849430773,24.256334924715386,0.7818773738469886,0.008370898782414723,15.637524766959354,0.7076753580609622,14.153486606469787,0.8697775366250678,0.004655985686402082,8.697762734710563,0.8244583180315828,8.24457120693427,0.43245117017704765,0.8906460769212816,0.14170692431561996,14.123456790123456,0.3977455716586151,7.955593672574804,0.6119162640901772,6.119687440442157
2019-06-17,167,6885750,4854,3535,0.0007049341030388847,0.11426885704951417,0.952789670692622,0.014215680026627004,0.21137206427688504,0.1489979668893407,211.36439029836788,0.028288543140028287,28.287516108981965,0.27812113720642767,0.09802497821667151,139.05551993313676,0.07326732673267326,36.63233336113164,0.4264524103831891,0.060123732899590464,85.28986275512052,0.24016973125884017,48.0335974618943,0.5298722702925422,0.0373522321298905,52.98684227202174,0.37142857142857144,37.142587436670915,0.6483312731767614,0.02285154122644592,32.41656365883807,0.5278642149929279,26.393210749646393,0.84610630407911,0.011928931798576197,16.92205235518048,0.7920792079207921,15.841515139724459,0.9145035022661723,0.0064466376986708806,9.1450217415787,0.8837340876944837,8.837328042717568,0.5133744630448561,0.9066316534889032,0.16139240506329114,16.085443037974684,0.44936708860759494,8.988112556180385,0.6629746835443038,6.63031542436546
2019-06-18,168,6885750,5417,3866,0.0007866971644337944,0.11788090508294127,0.9587645013198081,0.015764969063871998,0.21137160790105225,0.166279407493465,211.36393393910407,0.02172788411795137,21.72709527522272,0.2717371238693003,0.1068835318036596,135.86362915212277,0.05380237972064149,26.900213197894796,0.42551227616762044,0.06694937407418165,85.10183727732995,0.22426280393171236,44.8522350975279,0.5486431604208972,0.04316128844869151,54.86391765471249,0.3810139679255044,38.101120126100696,0.6893114269891084,0.027113967251207204,34.465571349455416,0.5708742886704604,28.543714433523018,0.877053719771091,0.013799493447346408,17.541048921001575,0.8297982410760476,16.595940719657364,0.9280044304965849,0.007300584540536615,9.280044304965848,0.8996378685980342,8.99637868598034,0.5233927784940166,0.903465204356787,0.157514450867052,15.698940269749517,0.4190751445086705,8.382221715464162,0.6445086705202312,6.445639457063821
2019-06-19,169,6885750,5133,3348,0.0007454525650800566,0.11966830212323576,0.9490305106544378,0.011177067729476523,0.23553477498538866,0.17557362765030496,235.52622376643043,0.007467144563918757,7.466873465147195,0.3078121955971167,0.11472553006099331,153.9005101534161,0.035543608124253286,17.771158847050327,0.429573348918761,0.06404484591478114,85.91404592980797,0.1633811230585424,32.67598733917216,0.5571790375998441,0.041534752679427224,55.71749917443328,0.3384109916367981,33.84085343261614,0.6964737969998052,0.025959408924227573,34.82368984999026,0.5403225806451613,27.016129032258064,0.8587570621468926,0.012803234501347708,17.17511629995227,0.7843488649940262,15.686954518114533,0.9084356127021235,0.0067719565769887085,9.084356127021236,0.8602150537634409,8.60215053763441,0.5227798578227091,0.9103809983346695,0.15316642120765833,15.265586647029945,0.43151693667157587,8.631078899703681,0.6362297496318114,6.362843147904421
2019-06-20,170,6885750,4254,1906,0.0006177976255309879,0.19988789454874673,0.9526440591293694,0.005513144980292262,0.3709449929478138,0.22916061574208538,370.931525586757,0.015739769150052464,15.739197709116143,0.4788434414668547,0.147908800464711,239.41302839677567,0.04197271773347324,20.985596945488194,0.5975552421250587,0.07383310581196084,119.51018061699797,0.16107030430220357,32.21382694382347,0.6899388810531265,0.042623950739202415,68.99338711858557,0.33683105981112277,33.68286139728773,0.769158439116126,0.023759212867153177,38.4579219558063,0.4968520461699895,24.842602308499476,0.844381758345087,0.010433125755181709,16.887610641453325,0.6542497376705142,13.08497575043203,0.8998589562764457,0.005559307265003813,8.998589562764458,0.7770199370409234,7.770199370409234,0.5078852172819078,0.9062343427178509,0.16899224806201552,16.84289405684755,0.4232558139534884,8.465842275320117,0.6139534883720931,6.1400614304519525
2019-06-21,171,6885750,3842,1651,0.0005579639109755655,0.22390895061406263,0.9492788901591669,0.004836815264104431,0.3964081207704321,0.22117339529480104,396.39372895657897,0.02786190187764991,27.860890336048197,0.5070275897969807,0.14144641301190822,253.5045909413709,0.06602059357964869,33.00909833292666,0.6179073399271213,0.068953498504168,123.58057062078991,0.15748031496062992,31.49583428912131,0.6894846434148881,0.038470475471259695,68.94796368459825,0.29800121138703817,29.799904750476315,0.7808433107756377,0.021784119376974186,39.04216553878189,0.49727437916414297,24.86371895820715,0.8628318584070797,0.009628566781299377,17.256612106801715,0.6856450635978195,13.712881357086758,0.907339927121291,0.005062621990891347,9.073386094164523,0.7874015748031497,7.874004312814835,0.5068098017965893,0.9092928560536987,0.17758620689655172,17.699425287356323,0.4586206896551724,9.173200449517951,0.6396551724137931,6.397100313479624
2019-06-22,172,6885750,3889,1609,0.0005647896017136841,0.23855377187067034,0.9683661638126396,0.005465895965975395,0.40550269992285937,0.22901539355213477,405.4879779253309,0.036047234307022995,36.04592559244606,0.5129853432759064,0.14485913447574789,256.4833595310828,0.06960845245494096,34.80296264098241,0.6343533041913089,0.07165470969241047,126.86973958974426,0.1889372280919826,37.787171231646845,0.7076369246592954,0.039966307473350955,70.76317862808597,0.32753262896208823,32.75302506427284,0.7935201851375675,0.02240859746578078,39.67600925687837,0.5170913610938471,25.854568054692354,0.8817176652095654,0.009959655986685604,17.634276474754536,0.7190801740211311,14.3815408225822,0.9259449730007714,0.0052296257353934275,9.259422835558059,0.8222498446239901,8.22247456365757,0.5235673558747136,0.9055835718584503,0.18861209964412812,18.798339264531435,0.48576512455516013,9.716135707440348,0.6583629893238434,6.584194527020015
2019-06-23,173,6885750,4095,1889,0.0005947064589913953,0.22406068212542973,0.961574394787045,0.006518602547209974,0.40024420024420027,0.2380191693290735,400.2296691593816,0.04076230809952356,40.76082820161114,0.5072039072039072,0.1508132442637235,253.59274644418414,0.09211222869242985,46.054442253768435,0.6100122100122101,0.07255511342182462,122.00155610362121,0.20592906299629435,41.18551353587771,0.6852258852258852,0.04075053007638909,68.52209095811872,0.3409211222869243,34.09186467494247,0.7548229548229548,0.02244490433140907,37.741147741147735,0.4806776071995765,24.033880359978827,0.8556776556776556,0.010177525792359884,17.113528260010273,0.6903123345685548,13.806226640938476,0.914041514041514,0.005435863921867625,9.14041514041514,0.8152461619904712,8.152461619904711,0.4946905268078233,0.9021593757520386,0.1734006734006734,17.282267115600447,0.4562289562289562,9.12536167853492,0.6279461279461279,6.279999826740822
2019-06-24,174,6885750,4041,2141,0.0005868641760156845,0.20607277070106433,0.9551838767365453,0.006049400042879778,0.3617916357337293,0.21231484170781295,361.7785006903175,0.027557216254086876,27.55621577426354,0.4484038604305865,0.13157130409526577,224.19379044146902,0.06258757589911257,31.292651811451815,0.5463994060876021,0.06413198175956315,109.27908770128978,0.170014012143858,34.00255552352873,0.6208859193268993,0.03643730575967934,62.08814108753082,0.29425502101821577,29.425288433822935,0.692155407077456,0.0203100606324656,34.6077703538728,0.42316674451191033,21.158337225595517,0.840138579559515,0.009860930383864671,16.802747188986924,0.6987389070527791,13.974757845869371,0.908933432318733,0.005334189204693157,9.089307922844817,0.828584773470341,8.285823668120488,0.48144533094401976,0.9014596614081879,0.1669421487603306,16.638567493112948,0.4380165289256198,8.761081893313298,0.6181818181818182,6.182348354904101
2019-06-25,175,6885750,3588,2074,0.0005210761354972225,0.15575860784178866,0.9551267957521875,0.006203730014999689,0.3230211817168339,0.16831251815277373,323.00945425598155,0.02700096432015429,26.999984035361955,0.40997770345596435,0.10681092070868428,204.98140949549133,0.06702025072324011,33.508908758172424,0.5066889632107023,0.05280432193790119,101.33705679595963,0.171648987463838,34.32954821310879,0.5863991081382386,0.030555636236893318,58.639485010643305,0.29218900675024106,29.218688507224616,0.6864548494983278,0.017884762008495807,34.32274247491639,0.46190935390549664,23.09546769527483,0.8478260869565217,0.008835625987545311,16.956497113639948,0.7377049180327869,14.754076933684189,0.907190635451505,0.004727147039687703,9.071893179634783,0.8404050144648023,8.404037939676975,0.4580166072314684,0.9006661591741311,0.15640599001663893,15.588463671658348,0.4226289517470882,8.453303955956766,0.6206322795341098,6.206855070023375
2019-06-26,176,6885750,3311,1969,0.00048084812838107685,0.14945031437306788,0.9595642373454741,0.0068395261948579885,0.3183328299607369,0.15306418820795817,318.3212727130619,0.023362112747587607,23.361264573293838,0.3929326487466022,0.0944670345628812,196.45919155583186,0.055865921787709494,27.931946772416545,0.4889761401389308,0.047024310900694186,97.79451790530203,0.15997968511934993,31.995704691119805,0.6040471156750227,0.029045281594005053,60.40427294953799,0.34433722701879127,34.433472667586074,0.7305949864089399,0.017565134043974556,36.5294840662331,0.5510411376333164,27.551856817353162,0.8704318936877077,0.008370898782414723,17.40861259166783,0.7836465210766886,15.672907660167677,0.919661733615222,0.004422176233525759,9.196617336152219,0.8664296597257491,8.664296597257492,0.45747267852169704,0.9028075506323223,0.17190388170055454,17.133086876155268,0.4565619223659889,9.132021572401023,0.634011090573013,6.340654654521359
2019-06-27,177,6885750,2988,1757,0.0004339396579893258,0.1471617080510478,0.962071795856251,0.0076626410558666485,0.32697456492637217,0.1418820795817601,326.962693935778,0.03016505406943654,30.163958910633554,0.39190093708165996,0.08502759221609062,195.94335445178913,0.05406943653955606,27.033736759530072,0.49732262382864795,0.04316128844869151,99.46380252194697,0.1747296528173022,34.94567680986199,0.6492637215528781,0.0281739231461849,64.92590070409729,0.42003414911781445,42.003109911527936,0.7988621151271754,0.017332897650945794,39.94310575635877,0.6676152532726238,33.38076266363119,0.9059571619812584,0.007862603401803142,18.11911692569143,0.8429140580535003,16.858256678251607,0.929384203480589,0.004032954920074298,9.293815040462382,0.8821855435401252,8.821829811962084,0.483676843356739,0.9027127200672582,0.19672131147540983,19.606557377049178,0.5040983606557377,10.082831875825999,0.6557377049180327,6.557939431431544
2019-06-28,178,6885750,3198,1941,0.00046443742511708964,0.1362658689346213,0.9651814580664067,0.008572016000762189,0.2861163227016886,0.13287830380482138,286.10593509194774,0.01648634724368882,16.485748697826065,0.3708567854909318,0.0861167586407203,185.42166066614752,0.05461102524471922,27.304521280774424,0.5146966854283928,0.04780853350373232,102.93858961017037,0.22462648119526019,44.92497002208204,0.6350844277673546,0.029495483458712134,63.50798162158445,0.41370427614631633,41.370127210701696,0.7651657285803627,0.01776845101513259,38.25800862334248,0.6218444100978877,31.091994734319393,0.9043151969981238,0.008399944232735384,18.086277673720346,0.8444100978876867,16.888177431482184,0.9380863039399625,0.0043568175480992654,9.380849415830056,0.8995363214837713,8.995350151118943,0.474672009641092,0.910721005372673,0.20135746606334842,20.06862745098039,0.5542986425339367,11.086923620219958,0.6900452488687783,6.901044294218545
2019-06-29,179,6885750,3609,2203,0.0005241259122099989,0.13145514843446032,0.9604421103906466,0.008238258524057834,0.2876142975893599,0.1507406331687482,287.6038555948207,0.02315024965955515,23.149409177066783,0.3621501801052923,0.09490270113273308,181.06851602236543,0.05674080798910577,28.36937399150341,0.4790800775838182,0.05021929187603474,95.81531976597567,0.17839310031774852,35.678360989658046,0.6120809088390136,0.032080513520578585,61.20764643234248,0.3781207444394008,37.81179987835261,0.7254087004710447,0.019010274842972807,36.27043502355223,0.5560599182932365,27.80299591466182,0.8800221668052092,0.009224835021842178,17.600417775464056,0.8057194734453018,16.1143660664211,0.9262953726794125,0.004854947021098615,9.26294027446101,0.8806173399909215,8.806160610945613,0.4896058250476535,0.9024637437591716,0.17307692307692307,17.25,0.4597902097902098,9.196592858256667,0.6258741258741258,6.259278029003587
2019-06-30,180,6885750,3969,2575,0.000576407798714737,0.10946101575374835,0.9397864505102145,0.006744447293896102,0.2582514487276392,0.14885274469939005,258.24207276740367,0.019805825242718445,19.805106181389565,0.3298059964726631,0.0950479233226837,164.89701134269825,0.04893203883495146,24.465131165245932,0.42025699168556313,0.04844752969880043,84.05078801297935,0.1363106796116505,27.261937963226416,0.5132275132275133,0.029582619303494147,51.32237865181023,0.26796116504854367,26.795921929666992,0.6321491559586798,0.018218785172276077,31.607457797933986,0.44233009708737864,22.11650485436893,0.8155706727135299,0.009402012268798216,16.31138976565314,0.7188349514563107,14.376678150241341,0.8823381204333586,0.005085858351147876,8.823368390379564,0.8198058252427185,8.1980463466125,0.43505388418245833,0.8903369029729524,0.15245901639344261,15.195081967213113,0.4098360655737705,8.19742428928943,0.5967213114754099,5.967724882602705
2019-07-01,181,6885750,4139,2815,0.0006010964673419743,0.10948879957358269,0.9356907051828284,0.006895717645453988,0.23435612466779415,0.14086552425210572,234.347616240381,0.01847246891651865,18.47179826342119,0.2935491664653298,0.08822248039500435,146.76925450106336,0.04191829484902309,20.958386491189426,0.39043247161150035,0.04693717505591217,78.08592731124601,0.12930728241563055,25.861268694804615,0.49287267455907224,0.029626187225885156,49.28690956526666,0.26714031971580815,26.713837992435536,0.5856487074172505,0.01760156845659514,29.28243537086253,0.39751332149200713,19.875666074600353,0.7970524281227349,0.009582094060786318,15.941025411707995,0.7037300177619893,14.074579915084517,0.8767818313602319,0.005270304614602621,8.76781831360232,0.8202486678507993,8.202486678507992,0.4750587459211972,0.8844094034745229,0.1640378548895899,16.34910620399579,0.4274447949526814,8.549629080520099,0.6198738170347003,6.199269794546861
2019-07-02,182,6885750,3917,2382,0.0005688559706640526,0.14573572448399635,0.9450054484935809,0.006094606091805151,0.2792953791166709,0.15887307580598314,279.2852391450213,0.018891687657430732,18.89100178436736,0.35613990298697984,0.10129247749056056,178.06348656640984,0.052057094878253565,26.0276024584617,0.47153433750319124,0.05364663510412734,94.30618270825755,0.1624685138539043,32.493466823594105,0.553229512381925,0.03147056260710448,55.322549520518166,0.2804366078925273,28.043457155246593,0.6277763594587694,0.017855716515993176,31.388817972938476,0.39420654911838793,19.710327455919398,0.809292826142456,0.009207407751649781,16.18583301657454,0.6893366918555835,13.786713815017034,0.8904774061781976,0.005065526535923413,8.904761129623346,0.8215785054575987,8.215773123017154,0.5447657248709986,0.9088587292877606,0.18761061946902655,18.69852507374631,0.5238938053097345,10.478774723356455,0.6991150442477876,6.991750026563852
2019-07-03,183,6885750,3453,1856,0.0005014704280579457,0.17209839099707389,0.9662970551933502,0.006054277690499994,0.3278308717057631,0.1643915190241069,327.81896962648256,0.018857758620689655,18.85707397943854,0.4132638285548798,0.10361603252977054,206.62441239266366,0.05172413793103448,25.86113002894428,0.525629887054735,0.05271718609311917,105.12521405754282,0.1584051724137931,31.680804436616683,0.6188821314798726,0.0310348833831944,61.887763757842706,0.30711206896551724,30.710983892638623,0.7347234289024037,0.018422103619794503,36.736171445120185,0.5161637931034483,25.808189655172413,0.9032725166521866,0.009059249642015864,18.065371625401315,0.8227370689655172,16.45466968921258,0.9357080799304952,0.004692285684825372,9.357053621281873,0.8820043103448276,8.8200174852731,0.5684041677106869,0.9140363766687571,0.21,20.930000000000003,0.586,11.7210051457976,0.736,7.360631217838765
2019-07-04,184,6885750,2968,1443,0.00043103510873906254,0.17712107431076926,0.9702486910203125,0.006087413850024545,0.36556603773584906,0.15756607609642753,365.5527656607062,0.029106029106029108,29.104972395707218,0.4558625336927224,0.09824281150159744,227.92299167692877,0.060291060291060294,30.144435695553906,0.5788409703504043,0.049899793778500685,115.76735344013177,0.1891891891891892,37.83756308517411,0.6960916442048517,0.03000377588660722,69.60865896603966,0.40263340263340264,40.2630478983263,0.8055929919137467,0.017361943143448424,40.27964959568733,0.6112266112266113,30.56133056133056,0.9285714285714286,0.008004879607307792,18.571293718335454,0.8586278586278586,17.172432477117482,0.9471024258760108,0.0040823439712449625,9.471024258760108,0.893970893970894,8.93970893970894,0.5662636500047556,0.9128153384949871,0.2334096109839817,23.263157894736842,0.6064073226544623,12.129186602870814,0.7459954233409611,7.460594023652614
2019-07-05,185,6885750,2739,1367,0.0003977780198235486,0.1722315929605804,0.9681127850447871,0.005130822702937204,0.37751004016064255,0.1501597444089457,377.49633445195246,0.03291880029261156,32.9176051575443,0.4633077765607886,0.09214347952367122,231.64547795915266,0.05779078273591807,28.89434230495555,0.5699160277473531,0.04533968456824189,113.98237788089507,0.17483540599853695,34.9668272925274,0.6593647316538883,0.026227889279386563,65.93599437953122,0.33504023408924655,33.50378012547604,0.7710843373493976,0.015336020041389826,38.55421686746988,0.5508412582297001,27.542062911485,0.9174881343556043,0.007299121665582303,18.349736038256058,0.8361375274323336,16.722726262655655,0.94596568090544,0.0037628380890417324,9.459643071054805,0.8931967812728603,8.931954841077234,0.5609699346526585,0.8936558522188452,0.23897911832946636,23.81825212683681,0.6078886310904872,12.15881531242911,0.7354988399071926,7.355619187099291
2019-07-06,186,6885750,2850,1481,0.0004138982681625095,0.18443127191683323,0.9651698274875469,0.0056154978901374174,0.3589473684210526,0.1485623003194888,358.93433664032284,0.024307900067521943,24.30701755590172,0.4368421052631579,0.09040081324426372,218.41312273568033,0.05671843349088454,28.358187148552005,0.5389473684210526,0.04461355252839176,107.78869099030652,0.16407832545577314,32.815426806096305,0.6547368421052632,0.027099247727206715,65.4732087851276,0.3592167454422687,35.92141370543876,0.7873684210526316,0.01629452129397669,39.368421052631575,0.6043214044564483,30.216070222822417,0.9,0.007450158007249744,17.999973859094712,0.8102633355840648,16.205243177217838,0.9343859649122807,0.003867401710196115,9.343846079292245,0.87508440243079,8.750831315697631,0.5538259944863081,0.8976206305366488,0.2548076923076923,25.395833333333332,0.5961538461538461,11.92409948542024,0.7307692307692307,7.308319039451115
2019-07-07,187,6885750,2998,1764,0.0004353919326144574,0.1635233579056448,0.9588896105205779,0.006473855201191565,0.3218812541694463,0.1401394133023526,321.8695680942877,0.023809523809523808,23.808659391726486,0.3882588392261508,0.08451931455126344,194.12237163821288,0.049886621315192746,24.942405077046793,0.4923282188125417,0.04287083563275146,98.46492877192074,0.16950113378684808,33.899980596961555,0.6134089392928619,0.026707136425687648,61.340448513401846,0.35827664399092973,35.82740424294264,0.7444963308872582,0.016207384816468794,37.22481654436291,0.5708616780045351,28.543083900226762,0.880920613742495,0.007670903429686774,17.61838668811398,0.7993197278911565,15.986371341221684,0.9256170780520346,0.004030032821168201,9.256103568498647,0.8747165532879818,8.747102016908306,0.4858706294277087,0.8947945630196945,0.22916666666666666,22.84027777777778,0.5347222222222222,10.695361635220126,0.6712962962962963,6.713538688774538
2019-07-08,188,6885750,3143,1942,0.0004564499146788658,0.14864340140279014,0.9544746526582035,0.007305804790197165,0.2933503022589882,0.13389485913447574,293.339652015659,0.02008238928939238,20.081660187254368,0.3573019408208718,0.08154225965727563,178.64448438914593,0.044284243048403706,22.141317642357382,0.4762965319758193,0.043480786546225565,95.25861468681917,0.1822863027806385,36.456995828277954,0.6083359847279669,0.027767289203868832,60.83315674054719,0.3815653964984552,38.15626258298583,0.7518294622971683,0.017158624695930002,37.59147311485842,0.6045314109165808,30.22657054582904,0.8466433343938912,0.007728971881181217,16.932792914681375,0.7523171987641607,15.046278421298151,0.9093223035316577,0.004150594850822567,9.093209829478681,0.8537590113285273,8.537577714377798,0.489320139338884,0.8996037594421643,0.22707423580786026,22.63173216885007,0.49344978165938863,9.86984203075494,0.6506550218340611,6.507108241515426
2019-07-09,189,6885750,2848,1617,0.0004136078132374832,0.1670231131867211,0.9524342149155508,0.008302145961528926,0.35428370786516855,0.14652918966018008,354.2708454011886,0.04081632653061224,40.81484467153111,0.43258426966292135,0.08945686900958466,216.28428222708834,0.08534322820037106,42.67006488387344,0.5758426966292135,0.047634261814168286,115.16770305017883,0.2702535559678417,54.0503187140366,0.7029494382022472,0.02907432687559906,70.29443338611524,0.4836116264687693,48.36081148098011,0.8044241573033708,0.01663580583088262,40.22120786516854,0.6586270871985158,32.93135435992579,0.8767556179775281,0.007252648945069245,17.53508689378882,0.7829313543599258,15.658604346604758,0.9143258426966292,0.0037817066476129066,9.143218591573234,0.8491032776747063,8.49099578297391,0.48002601899058056,0.8956833311928416,0.22103004291845493,22.029327610872674,0.48068669527896996,9.614558411060152,0.6673819742489271,6.674392111249346
2019-07-10,190,6885750,3332,2017,0.0004838979050938532,0.16404023943790685,0.958668815633561,0.010189560567257649,0.3220288115246098,0.15582340981702003,322.0171200923006,0.03966286564204264,39.66142565999058,0.4087635054021609,0.09889631135637525,204.37433250965213,0.09866137828458106,49.32889816461328,0.5315126050420168,0.05143919370298295,106.30174911173916,0.25037183936539414,50.07400426704996,0.6725690276110444,0.03254523802608266,67.25641438718448,0.4675260287555776,46.75226338992882,0.7857142857142857,0.019010136803276307,39.28542901955577,0.6499752107089737,32.49852455153589,0.8892557022809123,0.008606166930012083,17.785088216785926,0.8180466038671294,16.360908316810594,0.9228691476590636,0.004465737986801747,9.228678074015646,0.8730788299454636,8.730775619970746,0.46964553793861347,0.8935358987854554,0.19681908548707752,19.616302186878727,0.4711729622266402,9.424267431431991,0.6620278330019881,6.6208461068920945
2019-07-11,191,6885750,3517,2233,0.0005107649856587881,0.14263082222297127,0.9617884570979963,0.009250937976800783,0.2831959056013648,0.14464130119082197,283.18562401896565,0.03537841468875952,35.37713025604499,0.35740688086437306,0.09127214638396747,178.69695250594367,0.0747872816838334,37.39228324531338,0.486209837930054,0.049667431525748644,97.24126148092797,0.21182266009852216,42.364224397263904,0.5999431333522889,0.030642772081675332,59.99387769729767,0.380653828929691,38.065106488027816,0.732726755757748,0.018712422666937754,36.63607175970049,0.5835199283475145,29.175784561117794,0.880864373045209,0.008998280509341016,17.61726187580179,0.812807881773399,16.256134027097026,0.9240830253056582,0.004719878822557245,9.240803412687956,0.8808777429467085,8.80875184401352,0.46665415872987465,0.8959325726524132,0.1803921568627451,17.979084967320258,0.492156862745098,9.843981434769448,0.6705882352941176,6.706457471496317
2019-07-12,192,6885750,4709,3260,0.0006838761209744762,0.11979575672121778,0.9604263238316274,0.012503209677981394,0.24124017838182205,0.16497240778390937,241.23142002506987,0.032208588957055216,32.20741960659932,0.3077086430239966,0.10521347661922742,153.84873574662248,0.0638036809815951,31.900682277012667,0.4336377150138034,0.05931046501495832,86.72691324628356,0.20429447852760735,40.85859901598863,0.5406668082395413,0.036974643469168435,54.06628822846179,0.349079754601227,34.907721982128415,0.6763644085793162,0.02312747340522093,33.818220428965816,0.5386503067484663,26.93251533742331,0.8727967721384583,0.011937645408363323,17.45585939066421,0.8168711656441717,16.337352133917598,0.927797833935018,0.006344978622548564,9.277964865197234,0.8960122699386504,8.960109686846566,0.47680619982309536,0.8946902303456019,0.18216318785578747,18.155597722960152,0.4990512333965844,9.981880673477823,0.6925996204933587,6.926590201177578
2019-07-13,193,6885750,5740,3556,0.0008336056348255455,0.1730875611392339,0.9648315605291412,0.01411917581102743,0.2867595818815331,0.23903572465872786,286.7491709179156,0.02840269966254218,28.401668486980807,0.37142857142857144,0.15480685448736567,185.7075432554666,0.07227221597300337,36.13479604531717,0.4984320557491289,0.08309855064044847,99.68568729485506,0.21287964004499438,42.575618851544334,0.60801393728223,0.05068401638153882,60.800952229822464,0.3771091113610799,37.71063730509971,0.7170731707317073,0.029887811785208582,35.853658536585364,0.547806524184477,27.390326209223847,0.8837979094076656,0.014734756947671717,17.67593251784504,0.8146794150731158,16.293564638731837,0.9353658536585366,0.007797251138581653,9.35364495252415,0.8973565804274466,8.973552772211477,0.5411577444497923,0.9039913928961085,0.18761061946902655,18.69852507374631,0.5061946902654867,10.124762063783603,0.6938053097345133,6.938648127627923
2019-07-14,194,6885750,6393,3829,0.0009284391678466398,0.19636515329599707,0.9607927521631927,0.01707747393050466,0.2871891130924449,0.2666279407493465,287.1786865344615,0.028728127448419953,28.727084458024642,0.3930861880181448,0.18247168167295963,196.5359584044395,0.0843562287803604,42.176583090645266,0.5252620053183169,0.09753405559266898,105.05163824452063,0.23269783233220162,46.539228527737,0.6474268731424996,0.06010921025879346,64.74221719685391,0.42334813267171584,42.33450586052844,0.7650555294853746,0.03551537595759358,38.252776474268735,0.6129537738312876,30.647688691564376,0.8781479743469419,0.016306068448309414,17.562882968551,0.7986419430660747,15.97276927077898,0.9142812451118411,0.008488532856213402,9.14279917326317,0.8584486811177853,8.584474344163594,0.5469535366299131,0.9040965117729789,0.165625,16.507291666666667,0.48125,9.625825471698112,0.65,6.500557461406518
2019-07-15,195,6885750,6211,3325,0.0009020077696692445,0.236495987576794,0.9501394358984426,0.01282685152472971,0.333601674448559,0.3009003775776939,333.5895628571254,0.0324812030075188,32.480023759660554,0.4340685879890517,0.19575951205344178,217.0264144456588,0.07067669172932331,35.33706288666773,0.5680244727097086,0.10247175346364983,113.6040696204036,0.21804511278195488,43.60870589730593,0.6807277411044921,0.061401725289726684,68.07227981222597,0.4138345864661654,41.38315814806411,0.763001127032684,0.03441164724249356,38.1500563516342,0.561203007518797,28.06015037593985,0.848494606343584,0.015306952318988754,16.969867481963743,0.7181954887218045,14.363888914124702,0.8972790210916116,0.008093514731852403,8.9727771799795,0.8087218045112782,8.087206300268283,0.5453203312766025,0.904389838986706,0.14804469273743018,14.75512104283054,0.45391061452513964,9.078990867886198,0.6284916201117319,6.285455216228907
2019-07-16,196,6885750,5280,2652,0.0007668010020694914,0.22411071151126633,0.9485725539786504,0.007645375662829591,0.33579545454545456,0.25747894278245714,335.7832633076334,0.03205128205128205,32.05011841193949,0.43674242424242427,0.16744118501307,218.36328403480053,0.06447963800904978,32.23864852024502,0.5598484848484848,0.08585785239187894,111.96888392185235,0.17307692307692307,34.6151332619862,0.6428030303030303,0.04928984286502658,64.27983627042741,0.3076923076923077,30.76900734398774,0.7170454545454545,0.02749155865374142,35.85227272727273,0.44419306184012064,22.209653092006032,0.8401515151515152,0.012884524338564404,16.80295709550565,0.6828808446455505,13.657557389338896,0.8897727272727273,0.006822786188868315,8.897727272727272,0.7812971342383107,7.812971342383107,0.5424111022803998,0.9062153469717226,0.13793103448275862,13.74712643678161,0.4579310344827586,9.1594061631277,0.6593103448275862,6.5936688945407225
2019-07-17,197,6885750,4409,2263,0.0006403078822205279,0.21048300262917422,0.9455288017925408,0.005538000226272186,0.35019278748015426,0.22422306128376415,350.18007353927857,0.026513477684489615,26.512515098166475,0.42889544114311634,0.1373075805983154,214.43993492965535,0.06672558550596554,33.36158149852615,0.5348151508278521,0.06848877399866392,106.9622534727376,0.15731330092797172,31.462431725138146,0.5912905420730324,0.03786052455778559,59.128624852295786,0.2342023862129916,23.42006855944272,0.6695395781356317,0.0214355734669426,33.47697890678158,0.3711886875828546,18.55943437914273,0.8382853254706283,0.01073519843851659,16.76568216103779,0.6880247459125055,13.760474934261532,0.897028804717623,0.005743729459450432,8.970261992608487,0.8007070260715864,8.007047003853492,0.5097581081982243,0.9036948529654598,0.14347826086956522,14.3,0.45507246376811594,9.102229845626072,0.6536231884057971,6.5367924528301895
2019-07-18,198,6885750,3948,1873,0.0005733580220019605,0.2108198238049156,0.9586086094925866,0.005504887911342,0.36930091185410335,0.21173395294801045,369.2875041823108,0.046983449012279764,46.98174325244051,0.4511144883485309,0.12932036015103107,225.54905519502591,0.0806193272824346,40.308200176809756,0.5549645390070922,0.06363821197246507,110.99210184635292,0.15109450080085424,30.218680731054693,0.6127152988855117,0.03513026808794911,61.27108497634134,0.22957821676454884,22.95765497235604,0.7259371833839919,0.020811095378136007,36.2968591691996,0.4458088627869728,22.290443139348636,0.8675278622087133,0.009948037840302768,17.350481651181557,0.7287773625200213,14.575483747584839,0.9252786220871327,0.005305136092062192,9.252745908287043,0.8451681793913508,8.451644971584908,0.5194455084575137,0.9144974624979383,0.15544871794871795,15.493055555555557,0.4935897435897436,9.872641509433961,0.6939102564102564,6.9396976843910805
2019-07-19,199,6885750,3736,2084,0.0005425697999491704,0.17438002052739213,0.962774197556701,0.00679528600963672,0.3407387580299786,0.18486784780714494,340.726387322818,0.03982725527831094,39.82580932800313,0.4132762312633833,0.11211153064188208,206.6306135217718,0.08253358925143954,41.26529641214782,0.5013383297644539,0.05440181242557147,100.2669378772427,0.15978886756238003,31.957541456843312,0.5661134903640257,0.030715385285660344,56.610937963259026,0.24712092130518235,24.711912688099556,0.7197537473233405,0.01952583233489453,35.98768736616702,0.5091170825335892,25.455854126679462,0.8862419700214133,0.00961692066839196,17.724762176761228,0.7979846449136276,15.959623365004433,0.9188972162740899,0.004985658788076826,9.1889721627409,0.8560460652591171,8.560460652591171,0.5304339394613244,0.917531492029051,0.16666666666666666,16.61111111111111,0.49333333333333335,9.867512864493996,0.6833333333333333,6.833919382504289
2019-07-20,200,6885750,4648,3002,0.0006750172457611734,0.16466862524863304,0.9567784435591628,0.011797003554928765,0.2923838209982788,0.19735695614289864,292.37320584358093,0.051632245169886744,51.63037063295783,0.367039586919105,0.12387452802788267,183.51313067297613,0.10359760159893404,51.79692021564479,0.45675559380378655,0.06166313282407273,91.35045543101523,0.1882078614257162,37.64129895762657,0.5406626506024096,0.03649539632286735,54.06587246776761,0.3031312458361093,30.312904470301042,0.7013769363166954,0.02367207638964528,35.06884681583477,0.5439706862091939,27.198534310459692,0.8683304647160068,0.01172270970028087,17.366533631391782,0.7974683544303798,15.949297600327014,0.9059810671256454,0.006115528446429219,9.059810671256454,0.8550966022651566,8.550966022651565,0.5191766670591916,0.9074337836527449,0.15015479876160992,14.965428276573787,0.4628482972136223,9.257759852157887,0.6609907120743034,6.610474008146185
2019-07-21,201,6885750,5495,3653,0.000798024906509821,0.16368222177480973,0.9563147586958608,0.013831309034302436,0.27042766151046405,0.21580017426662795,270.4178434861571,0.049274568847522585,49.272779907323354,0.34085532302092814,0.1360005808887598,170.42147404090588,0.0870517382972899,43.524288918135625,0.43967242948134666,0.07017340033111621,87.93384737579316,0.1801259238981659,36.024923189224076,0.5333939945404913,0.04256586017601441,53.339012139579836,0.3109772789488092,31.09750208431501,0.6849863512283895,0.027331808444976947,34.249317561419474,0.5299753627155762,26.49876813577881,0.8744313011828936,0.013956298342380965,17.488549829126427,0.8127566383794141,16.255061947146295,0.913557779799818,0.007290418618160694,9.135577797998181,0.8716123733917328,8.716123733917328,0.5119639014207991,0.901633722843826,0.14449213161659513,14.401049117787316,0.44206008583690987,8.841959967314247,0.630901287553648,6.309553957258225
2019-07-22,202,6885750,5777,3836,0.0008389790509385325,0.16851678822144908,0.9339848127074966,0.016242620976453494,0.26380474294616585,0.22131861748475168,263.7951653705433,0.053701772679874867,53.699823007616665,0.3460273498355548,0.14514957885564914,173.00739356158664,0.10036496350364964,50.18065984935052,0.4637355028561537,0.07781230939033953,92.74642710481746,0.21923879040667363,43.84743968871454,0.5817898563268132,0.048810595718725494,58.17856317642619,0.3829509906152242,38.29482098853844,0.7228665397265016,0.030323494172748065,36.14332698632508,0.5870698644421272,29.35349322210636,0.8288038774450407,0.013906961613532855,16.576053475918965,0.7434827945776851,14.869634296761125,0.8660204258265536,0.007265698294165657,8.660166527445243,0.7992700729927007,7.992665907289354,0.5217863855656308,0.9067689240008715,0.14285714285714285,14.238095238095237,0.44733044733044736,8.947376237256169,0.6464646464646465,6.46520089401736
2019-07-23,203,6885750,5266,3235,0.0007647678175943071,0.18156446431726822,0.9253335051228375,0.011015570447942864,0.28788454234713257,0.22015683996514668,287.8740905412094,0.04080370942812983,40.80222802711951,0.36460311431826814,0.13941330235259947,182.29493860129352,0.08098918083462132,40.49312023903527,0.47683251044436004,0.0729327020825467,95.36580960214506,0.18763523956723338,37.526775417528164,0.5818458032662363,0.04449737140201574,58.18415782974362,0.3381761978361669,33.817374223044325,0.7030003797949107,0.026881603311186147,35.15001898974554,0.523338485316847,26.16692426584235,0.8194075199392328,0.012533111813365555,16.388126598724245,0.7075734157650696,14.151447763512895,0.8568173186479301,0.006552625043749519,8.568123413406427,0.768160741885626,7.68156279590134,0.5645688879283289,0.9319308796551298,0.16666666666666666,16.61111111111111,0.5297029702970297,10.594967987364775,0.7376237623762376,7.376870234193231
2019-07-24,204,6885750,4693,2761,0.0006815524815742657,0.15117650493365586,0.9328536969739475,0.007449079927076782,0.27572981035584915,0.18791751379610805,275.7197998341255,0.024990945309670408,24.99003799971871,0.3628808864265928,0.12365669474295672,181.43385591866914,0.06736689605215501,33.68222513005565,0.4643085446409546,0.06328966859333701,92.86103462956964,0.14016660630206446,28.033117701485388,0.5591306200724483,0.03810740945133463,55.912656004587134,0.2738138355668236,27.381184731683405,0.6786703601108033,0.02312747340522093,33.93351800554017,0.46251358203549436,23.12567910177472,0.814404432132964,0.011101138868799177,16.288017678634972,0.6867077145961608,13.734094454892588,0.8646920946089921,0.005893330428784083,8.64692094608992,0.77145961608113,7.7145961608113005,0.5585609234100772,0.9312448470059442,0.18853974121996303,18.79112754158965,0.5545286506469501,11.091524177005292,0.7615526802218114,7.616179934876967
2019-07-25,205,6885750,4141,2376,0.0006013869222670007,0.1627023718219089,0.9591153242721144,0.00754764366501346,0.2958222651533446,0.17789718268951496,295.81152516404916,0.030303030303030304,30.301930134924614,0.3752716735088143,0.1128376415916352,187.62902453262546,0.06439393939393939,32.1958007683574,0.48152620140062785,0.05791629149844608,96.30454097691984,0.1414141414141414,28.28262291215034,0.5969572567012799,0.035899968050190245,59.69529220033747,0.3164983164983165,31.64960183026348,0.7126297995653224,0.021428312093816942,35.63148997826612,0.5063131313131313,25.315656565656568,0.8642839893745472,0.010395366669764847,17.285654683973267,0.7651515151515151,15.303008078859982,0.9154793528133301,0.0055055571127121585,9.154766937661856,0.8535353535353535,8.535328744070831,0.5183257115476282,0.9011395384390524,0.18691588785046728,18.629283489096572,0.5196261682242991,10.393414661515525,0.7065420560747664,7.0660265144835765
2019-07-26,206,6885750,3598,1882,0.0005225284101223541,0.16560179091325813,0.9448810006762233,0.005894660669384737,0.33240689271817675,0.17368573918094685,332.394824503948,0.02975557917109458,29.754498878501966,0.4180100055586437,0.10920708684286959,208.99741473826828,0.06323060573857599,31.61415505840834,0.5403001667593107,0.05646402741874582,108.05924869333771,0.1785334750265675,35.70643572756069,0.6400778210116731,0.03344564175549682,64.00731732015349,0.3363443145589798,33.63418722551476,0.7415230683713174,0.01937334349925571,37.07615341856587,0.5159404888416578,25.797024442082893,0.8335186214563647,0.008710730551166465,16.670348219203582,0.6849096705632306,13.698173517754803,0.8849360755975542,0.004624028975699159,8.84933505264605,0.7821466524973433,7.821443807204687,0.49012419370047594,0.8900354033975484,0.16468590831918506,16.413695529145446,0.4567062818336163,9.134909009368439,0.6723259762308998,6.723836371207995
2019-07-27,207,6885750,3585,2080,0.0005206404531096831,0.1809750922962128,0.9252105191376152,0.005012118369546634,0.33110181311018133,0.17237873947139123,331.0897922775822,0.035576923076923075,35.57563143725284,0.398326359832636,0.10368864362474586,199.15594918803174,0.06875,34.37375199680511,0.4755927475592748,0.04952220511777862,95.1178588255911,0.1360576923076923,27.211340869839155,0.5481171548117155,0.028536989166109965,54.81131747574384,0.24134615384615385,24.134440135440382,0.6518828451882845,0.01696982899466289,32.59414225941422,0.41201923076923075,20.60096153846154,0.796373779637378,0.008292476066548937,15.927452461712507,0.6528846153846154,13.057673344364646,0.8521617852161785,0.004436686093203811,8.521593100774933,0.7480769230769231,7.480747502569681,0.4862297164470986,0.9001906064530216,0.15436241610738255,15.384787472035795,0.46308724832214765,9.262539284193076,0.6828859060402684,6.829444725845257
2019-07-28,208,6885750,3660,2393,0.0005315325127981702,0.14896718385127083,0.9363838937818858,0.007589895557754347,0.29098360655737704,0.15466163229741506,290.9730422382311,0.0442958629335562,44.29425474800097,0.34617486338797815,0.09199825733372059,173.0811476600182,0.07772670288340995,38.861940486453676,0.44153005464480877,0.04693717505591217,88.30536971072327,0.17049728374425407,34.09920914176995,0.5330601092896174,0.02833367219495193,53.305623856937224,0.30171333054743,30.17111397102684,0.6396174863387978,0.016998874487165524,31.98087431693989,0.45633096531550355,22.816548265775175,0.8174863387978142,0.008690398735942002,16.34970303169744,0.7233597994149603,14.467174977988089,0.8819672131147541,0.0046879084492724155,8.819608088682386,0.8207271207689093,8.207211612063258,0.4593227430053087,0.9051253708383019,0.15306122448979592,15.255102040816327,0.45918367346938777,9.184461091469178,0.6955782312925171,6.956378863723877
2019-07-29,209,6885750,3882,2540,0.000563773009476092,0.18271230705662198,0.9394595567843332,0.008707837007043476,0.3073158165893869,0.17325007261109499,307.30465932041403,0.047244094488188976,47.24237926547302,0.36269963936115407,0.10223642172523961,181.34323567608672,0.08307086614173229,41.533925104228366,0.44513137557959814,0.050190246594440734,89.02562866761212,0.17165354330708663,34.330459375142226,0.5517774343122102,0.03110749658717941,55.177342767947096,0.32559055118110236,32.558818696379156,0.6599690880989181,0.018603637947935955,32.9984544049459,0.48661417322834644,24.330708661417322,0.8366821226172076,0.009433962264150943,16.733618150535126,0.752755905511811,15.055096246101963,0.8902627511591963,0.005019053815410354,8.902614582550706,0.8338582677165355,8.33857056727091,0.46185629798955113,0.8952297589685992,0.16433566433566432,16.37878787878788,0.458041958041958,9.161624824575082,0.6713286713286714,6.713862466864183
2019-07-30,210,6885750,3657,1903,0.0005310968304106307,0.25246127693524967,0.9600903199630638,0.008515970803128903,0.4088050314465409,0.21710717397618357,408.7901895560585,0.05675249605885444,56.75043562841373,0.49302707136997537,0.13091780424048793,246.5045858761115,0.10562270099842354,52.80943315421833,0.5983046212742685,0.06355107612768306,119.6600553585435,0.24960588544403572,49.92081459514563,0.6803390757451463,0.03613233030294229,68.03341355851377,0.396216500262743,39.62136232077874,0.7648345638501504,0.0203100606324656,38.241728192507516,0.5533368365738308,27.66684182869154,0.8764014219305442,0.009309066827772097,17.52800298313692,0.7640567524960589,15.28111285754873,0.9182389937106918,0.004876716944195138,9.182349931225506,0.8444561219127693,8.44452442782205,0.48140702896545734,0.9056735288085473,0.17870036101083034,17.810469314079423,0.4693140794223827,9.387086586868618,0.648014440433213,6.480700162857373
2019-07-31,211,6885750,3392,1474,0.0004926115528446429,0.28958104669134915,0.9621503893781891,0.008625819551101376,0.4637382075471698,0.22843450479233227,463.7213712776539,0.08887381275440977,88.8705861419804,0.5669221698113207,0.1396311356375254,283.45079369578144,0.16350067842605157,81.74737122220334,0.6869103773584906,0.06767550611403178,137.38107789643112,0.3202170963364993,64.04295422751315,0.7467570754716981,0.0367858491388074,74.67516530293132,0.4396200814111262,43.96168891888614,0.8122051886792453,0.02000508296118796,40.61025943396226,0.5773405698778833,28.867028493894164,0.8747051886792453,0.008617760079468122,17.494027555187976,0.7157394843962008,14.314727321178253,0.9118514150943396,0.004491885415532077,9.118514150943396,0.8005427408412483,8.005427408412483,0.5267074583731086,0.917121637536888,0.17326732673267325,17.268976897689768,0.46204620462046203,9.241716624492637,0.6633663366336634,6.634232291153644
2019-08-01,212,6885750,2963,1285,0.00043030897142649677,0.28615476685336766,0.9632459244579509,0.007179689706664915,0.48464394195072563,0.20853906476909673,484.62634668707653,0.10038910505836576,100.38546037694482,0.5781302733715828,0.12438280569270985,289.05464201774447,0.16342412451361868,81.70909565565276,0.6729665879176511,0.05791629149844608,134.59234025832774,0.29027237354085605,58.05405315602979,0.7273034087073912,0.031296290917540444,72.72981275243136,0.39377431906614785,39.37714597446524,0.7978400269996625,0.01716588606905566,39.892001349983126,0.5470817120622569,27.354085603112843,0.8747890651366858,0.007528580723115531,17.49575589409138,0.7167315175097276,14.334609532404869,0.9149510631117111,0.0039371165087318015,9.149510631117112,0.8085603112840467,8.085603112840467,0.48212063005100153,0.917048484885344,0.1705150976909414,16.99467140319716,0.4493783303730018,8.98833741077114,0.6838365896980462,6.8389523777606485
2019-08-02,213,6885750,2476,1138,0.0003595831971825872,0.2695133031557448,0.95595581711296,0.00564310771317385,0.4947495961227787,0.17789718268951496,494.7316339678222,0.08347978910369068,83.47675832424314,0.5634087237479806,0.10129247749056056,281.6941344429028,0.14323374340949033,71.61427161500858,0.6595315024232633,0.047430944843010255,131.90534267074227,0.28734622144112476,57.46882698562912,0.7140549273021002,0.025676028929100467,71.40497423204909,0.39718804920913886,39.718516509945516,0.779886914378029,0.014021711505645717,38.99434571890146,0.5325131810193322,26.625659050966608,0.8582390953150242,0.00617214026588128,17.16470712269468,0.6968365553602812,13.936670387587338,0.8998384491114702,0.0032356678647932325,8.9983844911147,0.7873462214411248,7.873462214411248,0.36711336848916487,0.9013666837668031,0.14931237721021612,14.881466928618208,0.3968565815324165,7.937812345196414,0.6483300589390962,6.483856618601031
2019-08-03,214,6885750,2434,1103,0.00035348364375703447,0.29566736311046254,0.9609187402051069,0.00870838032518719,0.5377978635990139,0.1900958466453674,537.7783385531383,0.1414324569356301,141.42732215284852,0.6183237469186524,0.10927969793784491,309.150649168248,0.21940163191296463,109.69683320829918,0.6914543960558751,0.0488832089227105,138.28987503679286,0.3381686310063463,67.63323509111358,0.7341824157764996,0.025951959104243517,73.41770846427477,0.4270172257479601,42.70141250390682,0.7978635990139687,0.014101586610027956,39.89317995069844,0.5593834995466909,27.969174977334543,0.8755135579293344,0.006189585463333024,17.510245728901136,0.728921124206709,14.578401312291879,0.9194741166803615,0.0032501764505981894,9.194701107110305,0.8259292837715322,8.25925685358787,0.38211688398145444,0.9034587795729816,0.15778251599147122,15.725657427149963,0.44989339019189767,8.998639490613582,0.6844349680170576,6.844936674139716
2019-08-04,215,6885750,2271,1046,0.0003298115673673892,0.2997375282318327,0.9518251429068034,0.009049184298673884,0.5539409951563188,0.18268951495788557,553.9208840252138,0.16539196940726578,165.3859647612664,0.631439894319683,0.10412431019459774,315.70848477430707,0.24665391969407266,123.3224823942391,0.6948480845442536,0.045833454355339975,138.9686078059367,0.3546845124282983,70.93638739008263,0.7432848965213562,0.024514217665340267,74.32794992915753,0.4521988527724665,45.219556921171275,0.7956847203874945,0.013121301238064117,39.784236019374724,0.5621414913957935,28.107074569789678,0.8604139145750771,0.00567548099265731,17.208253300391927,0.6998087954110899,13.996155581960195,0.8952003522677234,0.002952470025095269,8.951990521928556,0.7753346080305927,7.753334820334508,0.3594875082727994,0.8881708969818196,0.16964285714285715,16.907738095238095,0.41964285714285715,8.393576941925998,0.6428571428571429,6.429122764028424
2019-08-05,216,6885750,2311,1198,0.0003356206658679156,0.2209825235039052,0.947395735663632,0.011292703918067432,0.4898312418866292,0.1643915190241069,489.813458295216,0.17445742904841402,174.45109527593914,0.5755084379056685,0.09657275631716526,287.7437718783733,0.24457429048414023,122.28270554031141,0.6598874945910861,0.04429405443085771,131.9765405873122,0.3656093489148581,73.121338821647,0.7213327563825184,0.024208539064769097,72.13065680018772,0.4774624373956594,47.744510286046506,0.783210731285158,0.013143085357441093,39.1605365642579,0.5893155258764607,29.46577629382304,0.8476849848550411,0.005690003717817641,16.95367507570871,0.7103505843071787,14.206991053690965,0.8922544353093899,0.0029945902770213847,8.9225443530939,0.7954924874791319,7.9549248747913195,0.384784715810072,0.8948291417485096,0.1645021645021645,16.395382395382395,0.46320346320346323,9.264863781158807,0.6688311688311688,6.688885299948765
2019-08-06,217,6885750,2218,1162,0.00032211451185419165,0.1897309468579719,0.9482170072702106,0.009648085992145672,0.4905320108205591,0.15800174266627942,490.514201787346,0.1514629948364888,151.45749588953714,0.5779981965734896,0.09308742375835027,288.9886060162581,0.24612736660929432,123.05921541024894,0.6370604147880974,0.04104098289232914,127.41115777766247,0.3313253012048193,66.26457906913022,0.6875563570784491,0.022147027215428855,68.75513645114482,0.41910499139414803,41.91019481385249,0.7493237150586114,0.0120684021348437,37.46618575293056,0.5266781411359724,26.333907056798626,0.8291253381424707,0.0053414583139696995,16.582482680530592,0.6772805507745266,13.545591343571942,0.8922452660054103,0.002874043135335627,8.922426744426192,0.7969018932874354,7.968995786533617,0.38599919675244165,0.9082348385233001,0.17715617715617715,17.656565656565654,0.4801864801864802,9.604553251208483,0.7016317016317016,7.016918758771245
2019-08-07,218,6885750,2719,1522,0.00039487347057328543,0.19551619578700954,0.9431596474834686,0.006877431742214268,0.4222140492828246,0.16671507406331687,422.1987205706083,0.08804204993429698,88.03885351947218,0.49577050386171384,0.09787975602672089,247.87625232107146,0.1498028909329829,74.89872612850617,0.5696947407134976,0.04499114118911383,113.93812079549119,0.25295663600525625,50.59095984121505,0.6289076866495035,0.024833715762874322,62.890311994928965,0.35019710906701706,35.019456617360554,0.6884884148584038,0.013593191785994366,34.42417077617164,0.4480946123521682,22.404567929680955,0.780066200809121,0.006160540013012362,15.601301358808337,0.6116951379763469,12.233884992566196,0.8528870908422214,0.0033678052917675387,8.52882136365882,0.7398160315374507,7.398117338982167,0.4191258551055358,0.9146218005396194,0.18372093023255814,18.310852713178296,0.48372093023255813,9.675248314651562,0.7302325581395349,7.302951852886033
2019-08-08,219,6885750,3166,1780,0.0004597901463166685,0.19201719686180052,0.949456080364046,0.006584234115722704,0.38313329121920403,0.17615451641010746,383.11938135530556,0.07134831460674157,71.34572426711745,0.4602021478205938,0.10579436537902992,230.0927199648311,0.1146067415730337,57.30129035626756,0.5454832596336071,0.05016120131284673,109.09585974097737,0.2140449438202247,42.80867791426159,0.6127605811749842,0.0281739231461849,61.27561317240767,0.32247191011235954,32.246956854050076,0.698989260897031,0.01606941872708129,34.94946304485154,0.4691011235955056,23.45505617977528,0.7798483891345547,0.007171321684171391,15.596945131643448,0.6101123595505618,12.202229470023006,0.8499684144030322,0.003908048313991568,8.499634768814731,0.7342696629213483,7.342653975013287,0.5137038732515679,0.930774390363998,0.21674876847290642,21.60262725779967,0.5886699507389163,11.77440874025129,0.7783251231527094,7.783918748785372
2019-08-09,220,6885750,3797,2191,0.0005514286751624732,0.20162954988594511,0.9192041199585764,0.007977185996725818,0.3742428232815381,0.20636073191983736,374.2292361909455,0.06983112733911456,69.82859208180483,0.45667632341322095,0.1259076386871914,228.3298717646374,0.11866727521679599,59.33148346820019,0.5351593363181459,0.05902001219901827,107.03109007094814,0.21770880876312187,43.54144558194157,0.6036344482486173,0.03328589270672979,60.3630065065485,0.3258785942492013,32.587622794031745,0.6976560442454569,0.019235377409868207,34.88280221227285,0.4842537654039252,24.212688270196256,0.7850934948643666,0.008658423591808045,15.701801487303728,0.6325878594249201,12.651702067260771,0.8446141690808533,0.0046574244312191215,8.446104892617084,0.7352806937471474,7.352774902726228,0.49978266176968517,0.9121180176239967,0.2043956043956044,20.37142857142857,0.5604395604395604,11.209752511639305,0.7296703296703296,7.297329086008332
2019-08-10,221,6885750,4018,2102,0.0005835239443778818,0.24008579618410997,0.9601031139831386,0.014944232937684088,0.42085614733698357,0.24557072320650594,420.8408679241409,0.08705994291151284,87.0567821526212,0.5395719263315082,0.15742085390647692,269.7761684386569,0.20028544243577545,100.139085481567,0.6493280238924838,0.07577913967875918,129.86466178273173,0.3525214081826832,70.5037696823582,0.7349427575908413,0.04288535827354846,73.49374209360037,0.5038058991436727,50.380224084762034,0.820059731209557,0.023926224449043312,41.00298656047785,0.6612749762131304,33.06374881065651,0.8827775012444002,0.01030242122873873,17.655524384217948,0.7783063748810657,15.566104891362166,0.9171229467396714,0.0053515931336954314,9.171162872161105,0.8434823977164605,8.434762729205202,0.49911719418061595,0.8967703813425212,0.18587360594795538,18.52540272614622,0.4739776951672863,9.48036690110759,0.6672862453531598,6.6734347401914205
2019-08-11,222,6885750,3908,1988,0.0005675489235014341,0.2567859732427221,0.9577209012079685,0.015313349612949188,0.44114636642784033,0.2503630554748766,441.130350367485,0.09507042253521127,95.06697095147125,0.5537359263050153,0.15713040952657567,276.8579113095236,0.2017102615694165,100.85146918396818,0.682446264073695,0.07746376601121148,136.48826172254334,0.3903420523138833,78.06784358303528,0.7666325486182191,0.04350983182781957,76.66269818536556,0.5472837022132797,54.727972821096905,0.8121801432958035,0.02304743094484301,40.60871228977808,0.6338028169014085,31.68991073280427,0.8774309109518935,0.00995968491495492,17.548592733661934,0.7600603621730382,15.201185167165274,0.9086489252814739,0.005157019704433497,9.08647605675613,0.8209255533199196,8.209243611123007,0.4852374732277217,0.8899876049707696,0.17124394184168013,17.067312870220785,0.4168012924071082,8.336740773172021,0.6106623586429726,6.107147310579505
2019-08-12,223,6885750,3319,1484,0.0004820099480811822,0.2780767644888951,0.9581240769067824,0.01192935200472353,0.501355830069298,0.2416497240778391,501.3376280714012,0.1307277628032345,130.7230166602341,0.6206688761675203,0.1495788556491432,310.32317122208127,0.23787061994609165,118.93099196150163,0.7161795721602893,0.06904063434895001,143.23487435019058,0.3888140161725067,77.76223857387198,0.7749322084965351,0.03735168968471805,77.49153276485305,0.5040431266846361,50.40321467881807,0.8101837902982826,0.01952583233489453,40.50918951491413,0.5774932614555256,28.874663072776283,0.8583910816510997,0.008275048796356538,17.167796700666475,0.6853099730458221,13.706179555779666,0.8987646881590841,0.0043321352067675995,8.98764688159084,0.7756064690026954,7.756064690026954,0.4716306082844123,0.9063618351571974,0.16638935108153077,16.5834719911259,0.43261231281198004,8.65298830137307,0.6405990016638935,6.406539415439675
2019-08-13,224,6885750,2728,1241,0.00039618051773590384,0.2566349238371289,0.9600868814888889,0.008631908037520184,0.5032991202346041,0.1993900668022074,503.280847684494,0.12570507655116842,125.70051275954225,0.5956744868035191,0.11799302933488237,297.8264302575756,0.21112006446414183,105.55619981730791,0.6818181818181818,0.0540242237648494,136.36264618358203,0.3287671232876712,65.75294720085051,0.749266862170088,0.029684277789073166,74.92614215033379,0.45608380338436744,45.608049161374254,0.7983870967741935,0.01581527066768326,39.91935483870968,0.5624496373892023,28.122481869460113,0.8588709677419355,0.006805329243745806,17.177344516174006,0.6913779210314263,13.827498176654332,0.9017595307917888,0.0035725852010740993,9.017569115944275,0.7848509266720387,7.848486470404893,0.46737859106141966,0.920784638386079,0.1694290976058932,16.886433394720687,0.47513812154696133,9.503577419140852,0.6887661141804788,6.888251850307515
2019-08-14,225,6885750,2073,999,0.00030105652978978324,0.19486356748858907,0.9495968574692398,0.00452699243372446,0.4794983116256633,0.14435085681092072,479.4809031769404,0.0980980980980981,98.09453659293915,0.548480463096961,0.08255881498693,274.23027510673097,0.14614614614614616,73.07042011514855,0.6309696092619392,0.03799122832495861,126.19300551788893,0.2502502502502503,50.049686620600674,0.6811384466956102,0.020505968805367567,68.1133500731113,0.34734734734734735,34.73448251469687,0.7457790641582248,0.011226082852267364,37.28895320791124,0.4774774774774775,23.873873873873876,0.8152436082971539,0.0049086668467479356,16.304801128796235,0.6206206206206206,12.412358333953273,0.8687891944042451,0.002615539002900184,8.687866709705713,0.7297297297297297,7.297276101999466,0.4256199008467279,0.9086703636944479,0.1751054852320675,17.452180028129394,0.4957805907172996,9.916462209870376,0.6962025316455697,6.9626224026749455
2019-08-15,226,6885750,1843,895,0.0002676542134117562,0.19993545001735277,0.9537663532066125,0.006752855776728593,0.5078676071622354,0.1359279697937845,507.84916875070616,0.1430167597765363,143.01156747477273,0.5930548019533369,0.07936392680801627,296.51663538703093,0.22346368715083798,111.7277870896662,0.6592512208355942,0.03529001713671614,131.8492867602513,0.31843575418994413,63.686688385181334,0.7075420510037982,0.018937523599291295,70.75369133142704,0.40893854748603353,40.89355780522169,0.7753662506782419,0.010376502196565371,38.768312533912095,0.5430167597765363,27.150837988826815,0.8497015735214325,0.004548517520215634,16.994006790463807,0.6927374301675978,13.854728482481342,0.893651654910472,0.002391892833906497,8.936503570847346,0.7810055865921788,7.810044523592305,0.41330905829252684,0.9044196644038687,0.19248826291079812,19.184663536776213,0.5117370892018779,10.235619549199141,0.7018779342723005,7.019381296354456
2019-08-16,227,6885750,2089,1112,0.00030338016918999384,0.16144060293390536,0.9489556293707617,0.007895970618867949,0.453326950694112,0.13752541388324135,453.3104924109761,0.125,124.99546180656404,0.5519387266634753,0.083720592506535,275.9593441129121,0.2275179856115108,113.75486272323992,0.6304451890856869,0.038252635859304655,126.08812224423505,0.3255395683453237,65.10744089964312,0.6864528482527525,0.020825466902901622,68.64478636986829,0.4181654676258993,41.816243119245925,0.7458113930110101,0.011313137180864968,37.29029887177642,0.5242805755395683,26.21383842851653,0.8377213977979895,0.00508295380611581,16.754403623964546,0.6951438848920863,13.902857507074552,0.8860698898994734,0.0026881525232472186,8.860673162733143,0.7859712230215827,7.859689401360869,0.4027853423334471,0.8958279544542822,0.1702127659574468,16.9645390070922,0.46808510638297873,9.362505018065034,0.6659574468085107,6.660145615123536
2019-08-17,228,6885750,2664,1559,0.0003868859601350615,0.15798686367238926,0.9476741356203381,0.010124406996688167,0.3922672672672673,0.15175718849840256,392.25302578936765,0.1077613855035279,107.75747316742918,0.48573573573573575,0.09395875689805402,242.85905041695779,0.17896087235407312,89.47718754081173,0.5874624624624625,0.04545586569461791,117.4916393418601,0.3104554201411161,62.0906331649682,0.664039039039039,0.02569055156989747,66.40342172388195,0.43361128928800513,43.36081406975052,0.7424924924924925,0.014362996042551647,37.12462462462463,0.5638229634381013,28.19114817190507,0.8502252252252253,0.006578775389280517,17.004430419196066,0.7472738935214881,14.94541275589864,0.8956456456456456,0.0034651222232549494,8.956443449240904,0.8248877485567672,8.248865505949611,0.4498320338909871,0.9181054257742755,0.16533864541832669,16.47875166002656,0.47410358565737054,9.482884926844935,0.703187250996016,7.032475586504752
2019-08-18,229,6885750,3074,1819,0.00044642921976545765,0.18649020888281956,0.9578481560263581,0.012815756644725094,0.38874430709173713,0.17354051699099624,388.73019351683547,0.09510720175920835,95.10374884017847,0.48731294729993496,0.10877142027301771,243.64762756829268,0.17921935129191863,89.6064223176248,0.6040988939492518,0.053937087920067385,120.81890147872609,0.3468938977460143,69.3782757676557,0.6906310995445674,0.030831566412036365,69.06260846508764,0.4837822979659153,48.37787850676467,0.7739102147039688,0.01727480666594053,38.69551073519844,0.6217702034084662,31.08851017042331,0.8529603122966819,0.007615717074077517,17.05918147131726,0.754260582737768,15.085189746917074,0.8985035783994795,0.004011159213394542,8.9849835893401,0.8312259483232546,8.312211196778945,0.4570426322466125,0.9081820392419923,0.16977611940298507,16.921019900497512,0.4608208955223881,9.217208340800287,0.6697761194029851,6.6983356160876575
2019-08-19,230,6885750,3169,1772,0.000460225828704208,0.23466392189211374,0.9606088618788672,0.010666472316931316,0.41874408330703694,0.19270984606447866,418.7288805738352,0.09142212189616253,91.4188027659746,0.49637109498264437,0.11421725239616613,248.17653697914196,0.1489841986455982,74.48939484634967,0.611233827705901,0.05626071044758779,122.2458778682479,0.31715575620767494,63.430690647622576,0.6872830545913537,0.031630311655871504,68.72780640088898,0.445823927765237,44.58206904948562,0.7762701167560745,0.017862977889118833,38.813505837803724,0.6010158013544018,30.050790067720087,0.8567371410539603,0.007885839762059671,17.134717936763135,0.744920993227991,14.898398227994116,0.9059640265067844,0.004169480448752859,9.059640265067845,0.832392776523702,8.32392776523702,0.5006252809866836,0.9087688924485442,0.19230769230769232,19.166666666666664,0.49615384615384617,9.923927958833618,0.6923076923076923,6.9236706689536875
2019-08-20,231,6885750,2880,1506,0.00041825509203790434,0.20006284504279057,0.948772533447772,0.006947535653627322,0.4222222222222222,0.17659018297995935,422.206893213283,0.06440903054448871,64.40669213937164,0.5055555555555555,0.1057217542840546,252.76860054216286,0.1301460823373174,65.07067865627238,0.6055555555555555,0.050654971099944816,121.11023168452952,0.2656042496679947,53.120464206087725,0.6916666666666667,0.028929100467629032,69.1661644253391,0.4216467463479416,42.164368463582136,0.7642361111111111,0.015982282249573394,38.21180555555556,0.5537848605577689,27.689243027888445,0.8319444444444445,0.006959289896830561,16.63886472468786,0.6806108897742363,13.61219802683494,0.8798611111111111,0.003680063900083506,8.798611111111112,0.7715803452855245,7.715803452855246,0.4525930272418036,0.8861555028095263,0.18503937007874016,18.44225721784777,0.46653543307086615,9.331508893721047,0.6673228346456693,6.6738006644966985
2019-08-21,232,6885750,2653,1189,0.00038528845804741674,0.24458528751438105,0.9442144018343333,0.006213237296738285,0.47116471918582736,0.18152773743828057,471.1476132927405,0.07485281749369217,74.85009992117207,0.5782133433848473,0.11138541969212895,289.09617551642555,0.16400336417157274,81.99870496982334,0.6848850358085187,0.052775276656307185,136.97601252776752,0.32211942809083266,64.42341781569174,0.734640030154542,0.028304626913357923,73.46346956979055,0.42052144659377627,42.05183930528181,0.7990953637391632,0.015394111026395091,39.95476818695816,0.5584524810765349,27.922624053826745,0.8409347908028647,0.006480039966539642,16.818671390727605,0.6476030277544155,12.95204174516674,0.8763663776856389,0.003376538503430999,8.76366377685639,0.7258200168208578,7.258200168208578,0.4776915819021778,0.8728034906889482,0.19845857418111754,19.77970456005138,0.4682080924855491,9.364964951070306,0.6589595375722543,6.590160521123548
2019-08-22,233,6885750,2247,1070,0.0003263261082670733,0.1563141224956385,0.9322468345386778,0.0036013195341833134,0.4485981308411215,0.14638396747022944,448.5818442403793,0.05514018691588785,55.1381850212133,0.5389408099688473,0.0879320360151031,269.460621713839,0.12242990654205607,61.212730828635095,0.6154873164218959,0.040169624444508986,123.09656943425802,0.21401869158878506,42.80342750609883,0.6751223854027593,0.022030846089052834,67.51174831228107,0.32897196261682243,32.89695738459997,0.7476635514018691,0.012199106851105545,37.38317757009346,0.47570093457943924,23.785046728971963,0.7957276368491322,0.0051933265173343245,15.914529624715097,0.5747663551401869,11.495310408456124,0.8397863818424566,0.0027404342578970834,8.397839426486357,0.6663551401869159,6.663532047312147,0.4483712149601779,0.8778045811609483,0.19305019305019305,19.24066924066924,0.46525096525096526,9.30581733411922,0.637065637065637,6.371202739127268
2019-08-23,234,6885750,1983,972,0.0002879860581635987,0.16967286368108012,0.9360167387155977,0.004915373108563171,0.46142208774583965,0.13287830380482138,461.40533556432115,0.07716049382716049,77.1576924731877,0.5572365103378719,0.08023525994772002,278.60813978064203,0.17181069958847736,85.90223095348229,0.6449823499747857,0.03714891515873246,128.99553331025822,0.28703703703703703,57.406990553828976,0.7100353000504287,0.020447878242179557,71.00301442566207,0.41358024691358025,41.357724377489696,0.7695410993444276,0.011080855389754202,38.47705496722138,0.5308641975308642,26.543209876543212,0.8366111951588502,0.004818640208197788,16.7321996034281,0.6676954732510288,13.35389007150488,0.8744326777609682,0.0025182368856351577,8.744301379355667,0.7448559670781894,7.448538036136325,0.40257505599163074,0.8775049651354312,0.1683366733466934,16.77755511022044,0.47695390781563124,9.539896259070456,0.6513026052104208,6.513584630667854
2019-08-24,235,6885750,1874,980,0.00027215626474966416,0.1580369568083839,0.9328821624428929,0.00548640993314038,0.4418356456776948,0.12024397327911705,441.8196045926789,0.10408163265306122,104.07785391240434,0.5240128068303095,0.07130409526575661,261.9968911292335,0.17857142857142858,89.2824727189743,0.6221985058697972,0.033866798338609894,124.43879757741894,0.29591836734693877,59.18324371777233,0.683564567769477,0.018603502860960238,68.35596041881375,0.4020408163265306,40.203789697934994,0.7422625400213447,0.010100570017790364,37.11312700106724,0.5112244897959184,25.56122448979592,0.8335112059765208,0.0045368861624972045,16.670151490616394,0.6846938775510204,13.693817889467683,0.8692636072572039,0.0023657381858317116,8.692572952556407,0.753061224489796,7.530557562709652,0.3959916627910402,0.8852864451653222,0.17598343685300208,17.539682539682538,0.4451345755693582,8.903455035530506,0.6563146997929606,6.5637098750306295
2019-08-25,236,6885750,2257,1316,0.0003277783828922049,0.11258315305747096,0.9268788632831357,0.006217876740206153,0.3535666814355339,0.11588730758059831,353.553845003591,0.06382978723404255,63.827469858671,0.4461674789543642,0.07311937264013942,223.0756402998848,0.13829787234042554,69.14642568022691,0.5538325210456359,0.036306601992506314,110.76569989805067,0.25987841945288753,51.97530647848385,0.643774922463447,0.021101397078044672,64.37702478074706,0.3951367781155015,39.51339089007544,0.7319450598139122,0.011995788403587119,36.597252990695615,0.5433130699088146,27.165653495440733,0.8147984049623394,0.0053414583139696995,16.295944433060196,0.6846504559270516,13.692989232560228,0.8604342046964998,0.0028203132261362582,8.604329551115525,0.7613981762917933,7.613970705341481,0.37684514771477906,0.8775575058597426,0.16938775510204082,16.88231292517007,0.43673469387755104,8.73544299366402,0.6265306122448979,6.265843455735639
2019-08-26,237,6885750,2610,1652,0.00037904367715935086,0.11960868453774912,0.9242020902215203,0.008909700437315345,0.32222222222222224,0.12213186174847517,322.21052376803175,0.06476997578692494,64.76762427749323,0.421455938697318,0.07987220447284345,210.72031875436082,0.13983050847457626,69.9127159257053,0.5567049808429119,0.042202794156089345,111.3401876859357,0.31658595641646486,63.31673151688034,0.653639846743295,0.02477562519968631,65.36351004549425,0.4600484261501211,46.00450855910999,0.7264367816091954,0.013767563446247685,36.32183908045977,0.5696125907990315,28.480629539951575,0.8030651340996169,0.006087908704605724,16.061232706030214,0.6900726392251816,13.801392654266602,0.8521072796934865,0.0032298446944282275,8.521035672283205,0.7675544794188862,7.6755113533377415,0.39854908909980796,0.8886848767733679,0.17078189300411523,17.021262002743484,0.4444444444444444,8.889651229273872,0.6419753086419753,6.420303665586684
2019-08-27,238,6885750,2768,1651,0.0004019896162364303,0.16509413234572648,0.9570015467889107,0.012370389755580717,0.3811416184971098,0.1532094103979088,381.12778094197995,0.09388249545729861,93.87908700190152,0.4902456647398844,0.0985332558814987,245.11393305131128,0.19200484554815264,95.99893735355737,0.6221098265895953,0.050015974904876706,124.42106185016429,0.3749242883101151,74.9843131729465,0.7048410404624278,0.02833367219495193,70.48359223858029,0.5075711689884919,50.75674833516088,0.7785404624277457,0.015648259085793124,38.927023121387286,0.630526953361599,31.526347668079953,0.8507947976878613,0.006840203550515847,17.015871242039196,0.7510599636583889,15.021177458292915,0.9028179190751445,0.0036292079351709313,9.028113634249726,0.8382798304058147,8.382737433873825,0.4342101452452098,0.8867366121097083,0.19183673469387755,19.119727891156465,0.4673469387755102,9.347740399761964,0.6285714285714286,6.286253369272237
2019-08-28,239,6885750,2695,1322,0.00039138801147296955,0.2282991471112163,0.9599699589751972,0.012775252219828767,0.5079777365491651,0.1988091780424049,507.95929413932816,0.1459909228441755,145.98562256379338,0.6040816326530613,0.1182108626198083,302.0298505693302,0.26021180030257185,130.10117658534955,0.710204081632653,0.05559266897092567,142.03978492265358,0.4266263237518911,85.32464517629278,0.775139146567718,0.03033779662493828,77.51335180340213,0.5484114977307111,54.84075155391157,0.8263450834879407,0.016171077950840503,41.31725417439703,0.6475037821482602,32.37518910741301,0.8686456400742115,0.0067995399200669205,17.372887571280444,0.7322239031770046,14.644456795767086,0.9072356215213359,0.003550801144969989,9.072329864184452,0.81089258698941,8.108902317187953,0.4533223043846877,0.8931476734980777,0.19405940594059407,19.34125412541254,0.4772277227722772,9.545373027868825,0.6277227722772277,6.2777660784946425
2019-08-29,240,6885750,2562,1347,0.0003720727589587191,0.18122931391524977,0.9572128258389477,0.00832690062814927,0.4348165495706479,0.16177751960499565,434.80076331775905,0.09725315515961395,97.24962433057098,0.5292740046838408,0.09846064478652337,264.62739455066486,0.16481069042316257,82.40235344040748,0.6264637002341921,0.04661767695837811,125.29183025610932,0.3021529324424647,60.43014768264259,0.7096018735362998,0.026402160968950594,70.95967208897406,0.45360059391239793,45.35973001731526,0.797423887587822,0.014834985295719421,39.8711943793911,0.6176688938381588,30.883444691907943,0.8645589383294301,0.006433529873072119,17.29105320979951,0.7438752783964365,14.877397537594073,0.9082747853239657,0.003379438144808997,9.082734662614579,0.8270230141054195,8.27021813042626,0.43718477182335447,0.8879767340668251,0.19829424307036247,19.763326226012794,0.47121535181236673,9.425115295855932,0.6481876332622601,6.4824322396837175
2019-08-30,241,6885750,2599,1404,0.0003774461750717061,0.19151353197262921,0.9472855697036026,0.008069294977741528,0.425163524432474,0.16047051989544003,425.14808863794775,0.10113960113960115,101.13592921100907,0.5094267025779146,0.09613708974731339,254.7041037812863,0.16168091168091167,80.83752088344741,0.6163909195844556,0.0465305411135961,123.27728875449955,0.30484330484330485,60.9682182556794,0.6906502500961909,0.026068140230619537,69.06452350634416,0.4337606837606838,43.37575340853827,0.749134282416314,0.014137893475656247,37.4567141208157,0.5384615384615384,26.923076923076927,0.8314736437091189,0.006276703583326798,16.629400422813582,0.6887464387464387,13.77486876025168,0.8803385917660639,0.0033227995166837066,8.803373132745222,0.7792022792022792,7.792011475882247,0.42651712108460926,0.8855998868673118,0.19205298013245034,19.141280353200884,0.5011037527593819,10.022934581350176,0.673289183222958,6.733469267206616
2019-08-31,242,6885750,2635,1366,0.00038267436372217987,0.20649294404151017,0.9353464354272953,0.007233168960519242,0.45161290322580644,0.1728144060412431,451.59650717210235,0.09809663250366032,98.09307105171058,0.5396584440227704,0.10325297705489399,269.8194257137519,0.16910688140556368,84.55037094382516,0.6349146110056926,0.048592756106770454,126.98200013745527,0.3089311859443631,61.78578853920818,0.6922201138519924,0.026489296813732608,69.22150874199593,0.41142020497803805,41.14172175241113,0.7381404174573055,0.01412337072940493,36.907020872865274,0.4970717423133236,24.85358711566618,0.7920303605313093,0.006061785481922112,15.840584205747696,0.5988286969253295,11.97655654525742,0.8451612903225807,0.003234210893205688,8.451600629180671,0.7013177159590044,7.013166974545604,0.45209609065081463,0.8850710735791858,0.18907563025210083,18.84453781512605,0.5042016806722689,10.084898453377921,0.6764705882352942,6.765286045807688
2019-09-01,243,6885750,2769,1515,0.00040213484369894345,0.2052229536609701,0.9247935461402754,0.009145771894909518,0.4330083062477429,0.17412140575079874,432.99258564411787,0.10627062706270628,106.2667688494089,0.5250993138317082,0.10557653209410398,262.5401249068171,0.19141914191419143,95.70609616872231,0.6348862405200434,0.051061605042260885,126.97632608152686,0.3485148514851485,69.70246416142965,0.6840014445648248,0.027505881669522787,68.39964778111829,0.429042904290429,42.90397888724363,0.7273383893102203,0.014624405475075337,36.36691946551102,0.504950495049505,25.247524752475247,0.7876489707475623,0.0063347759156525026,15.752865027520484,0.6145214521452145,12.290339798161176,0.8396533044420368,0.003376538503430999,8.39653304442037,0.7082508250825083,7.082508250825082,0.4293417136845951,0.8852806916742303,0.19919517102615694,19.85311871227364,0.4768611670020121,9.53804128372292,0.6539235412474849,6.539796238839555
2019-09-02,244,6885750,2801,1466,0.0004067821224993646,0.1869270271749062,0.9460159073767624,0.010348068951449393,0.42663334523384505,0.17354051699099624,426.6178560766699,0.09072305593451568,90.71976218430024,0.5401642270617637,0.1098605866976474,270.07230805188345,0.20327421555252387,101.63341778541906,0.6740449839343092,0.05483749164948154,134.80801789554357,0.3956343792633015,79.12630128706259,0.7365226704748304,0.029960207964216213,73.65173223477393,0.504774897680764,50.47712323485028,0.7857907890039272,0.015982282249573394,39.28953945019636,0.5948158253751705,29.740791268758528,0.8379150303463049,0.006816947390128642,16.758227594280008,0.6923601637107776,13.847142944652566,0.8800428418421992,0.0035798569509494244,8.800428418421992,0.7714870395634379,7.714870395634379,0.4345752866631442,0.879069116591478,0.18503118503118504,18.44144144144144,0.501039501039501,10.021649436743777,0.6548856548856549,6.549418200361597
2019-09-03,245,6885750,3649,2213,0.0005299350107105254,0.19510806853023127,0.9108276681629673,0.007941192245946579,0.37106056453822966,0.19663084519314553,371.047092981283,0.07953004970628107,79.52716232428476,0.43984653329679363,0.11654080743537612,219.91528221379585,0.13014008133755084,65.06767826532389,0.5228829816388052,0.05541678768515829,104.57279961717695,0.22413014008133755,44.82440058277868,0.5804329953411894,0.030758953208051353,58.04287806312403,0.3145051965657479,31.45029128427486,0.647574677993971,0.017158624695930002,32.378733899698545,0.42250338906461815,21.125169453230907,0.7344477939161415,0.0077841354671933545,14.688849217107876,0.5630366018978762,11.260650270174274,0.8032337626747054,0.004256610744492983,8.03232596160388,0.6764572977858111,6.764563153854692,0.44844765954184385,0.8948463239415985,0.18973214285714285,18.909970238095237,0.5334821428571429,10.670557920852731,0.7008928571428571,7.009529680225434
2019-09-04,246,6885750,3972,2420,0.0005768434811022765,0.20300355708011297,0.9155961272651473,0.008919859799705656,0.3673212487411883,0.2118791751379611,367.3079129421489,0.06322314049586777,63.22084514513818,0.44536757301107754,0.12844902701132732,222.67570184875305,0.12933884297520662,64.66707362885049,0.5319738167170192,0.06137268000813268,106.39399077693847,0.2413223140495868,48.26411234618903,0.5954179254783485,0.03434604548491098,59.541360195802056,0.3400826446280992,34.00801751790546,0.6598690835850957,0.01903205896234978,32.99345417925478,0.44380165289256196,22.1900826446281,0.7583081570996979,0.008748489636583326,15.166141116592053,0.6041322314049586,12.082627080806459,0.8172205438066465,0.004714069740929482,8.17218170156223,0.7008264462809918,7.00824410701975,0.443191138169942,0.8874228301658394,0.20707070707070707,20.638047138047135,0.547979797979798,10.960535890638806,0.696969696969697,6.970294713862466
2019-09-05,247,6885750,4470,2713,0.0006491667574338308,0.21206173277842605,0.9205948308040708,0.010447470870515185,0.35771812080536913,0.23221028173104852,357.705133653147,0.06671581275340951,66.71339059930142,0.45145413870246087,0.14652918966018008,225.71887420639484,0.14154072981938814,70.76779555285012,0.5409395973154363,0.07023149089430422,108.18713387594077,0.25248802064135645,50.49723744898835,0.6013422818791946,0.03903685846234279,60.13379153402167,0.34500552893475855,34.500302373907374,0.6592841163310962,0.021399266601314307,32.96420581655481,0.438997419830446,21.9498709915223,0.754586129753915,0.009797030393159215,15.091700677784354,0.5960191669738297,11.920366027831491,0.8167785234899329,0.00530222385521487,8.167737787705994,0.6984887578326576,6.984847002662326,0.4500306147245592,0.8945842478052674,0.23177083333333334,23.099826388888886,0.5703125,11.407228237564322,0.7109375,7.109984723413379
2019-09-06,248,6885750,4740,2190,0.0006883781723123843,0.323694191432183,0.9617387321071873,0.012407188943756082,0.4489451476793249,0.30903282021492884,448.92884847994645,0.05570776255707763,55.705740056258676,0.5632911392405063,0.19387162358408364,281.6353443236506,0.15844748858447488,79.22086803082689,0.6810126582278481,0.09375816898544831,136.20154263534823,0.32602739726027397,65.20500597417676,0.7523206751054853,0.05178773708211101,75.23152122640208,0.4680365296803653,46.803313111716506,0.8132911392405063,0.02799259339941183,40.664556962025316,0.597716894977169,29.885844748858446,0.8723628691983122,0.012010293707593642,17.447232045793864,0.7246575342465753,14.493129636927094,0.9118143459915612,0.006276730929818829,9.118143459915611,0.8100456621004566,8.100456621004565,0.519841764472018,0.8860069864160065,0.22802850356294538,22.726840855106886,0.5890736342042755,11.782483101982944,0.7197149643705463,7.1977668949613545
2019-09-07,249,6885750,5165,2499,0.0007500998438804778,0.290974894753846,0.9624056355757661,0.016271952152272028,0.41316553727008715,0.30990415335463256,413.1505370690535,0.06282513005202081,62.82284915127829,0.5403678606001936,0.20265756607609642,270.1741211245849,0.1644657863145258,82.22990764705534,0.6795740561471443,0.10194893839495774,135.9138243084376,0.359343737494998,71.86822563699738,0.7577928363988383,0.05684161607946789,75.77873338222575,0.5046018407362945,50.459817666065526,0.828460793804453,0.031071189985186907,41.42273890425958,0.647859143657463,32.39272196723239,0.8940948693126816,0.013413149998983413,17.88181947831559,0.7835134053621449,15.670199834942126,0.9179090029041627,0.006885213999305815,9.179063368000003,0.8323329331732693,8.323305156282942,0.5339277967189269,0.861544968964177,0.20907297830374755,20.837606837606838,0.5424063116370809,10.849056603773585,0.6804733727810651,6.805317324185249
2019-09-08,250,6885750,5072,2282,0.0007365936898667538,0.3034496345741486,0.9562351895103122,0.011972707480228531,0.43986593059936907,0.3239907057798432,439.84996102593755,0.05214723926380368,52.14534602973224,0.554416403785489,0.20418239907057797,277.1981376972067,0.14198071866783524,70.98778199005565,0.6764589905362776,0.09965436114903134,135.29081571016218,0.30850131463628394,61.699814901879,0.7505914826498423,0.05528769351418862,75.05860323645985,0.45574057843996496,45.57372691616062,0.8188091482649842,0.03015648259085793,40.94045741324921,0.5999123575810692,29.99561787905346,0.8724369085173501,0.012852611766892834,17.448712830024117,0.7177914110429447,14.355807372284124,0.9057570977917981,0.006671749627854627,9.057570977917981,0.791849255039439,7.918492550394391,0.5100597406977431,0.8623209138619617,0.19699812382739212,19.634146341463417,0.5121951219512195,10.244780989833913,0.6397748592870544,6.398297284859641
2019-09-09,251,6885750,4668,1951,0.0006779217950114366,0.32221543316468515,0.9660214756928387,0.011478636804287772,0.4676520994001714,0.3170200406622132,467.63512103466894,0.04202972834443875,42.028202432140446,0.5976863753213367,0.2025849549811211,298.83233799512743,0.15120451050743208,75.59951047244775,0.7144387317909169,0.09686601411600686,142.88670880447606,0.3377754997437212,67.55460940951895,0.7838474721508141,0.05313834267623225,78.38417803831753,0.48641722193746795,48.64136899061722,0.8434018851756641,0.02858802599571579,42.17009425878321,0.6263454638646848,31.31727319323424,0.8956726649528706,0.012143902779068686,17.913427283841518,0.7514095335725269,15.028168846422261,0.9220222793487575,0.006250508289475213,9.220102282402303,0.8134290107637109,8.13418379001868,0.5112039249240008,0.8717228151811394,0.20155038759689922,20.08785529715762,0.5290697674418605,10.582302844150146,0.6453488372093024,6.454041844509154
2019-09-10,252,6885750,3993,1581,0.0005798932578150528,0.3118609166417329,0.958111633267243,0.012095997322527072,0.49135987978963186,0.28492593668312516,491.3420407001826,0.06641366223908918,66.41125105472094,0.6283496118206862,0.18218123729305838,314.1633996220077,0.1859582542694497,92.97575147660932,0.7595792637114951,0.08809433907461733,151.91474963261868,0.41935483870967744,83.87035872796658,0.8226897069872277,0.0477068750181533,82.26837331736768,0.5641998734977862,56.419577666173595,0.8642624593037816,0.025058998656645973,43.213122965189086,0.6641366223908919,33.20683111954459,0.89206110693714,0.01034595935391488,17.84114440801888,0.7292852624920936,14.585641702769863,0.90633608815427,0.005255774235523748,9.06334771907279,0.7653383934218849,7.653372819419706,0.47217477008335373,0.8655530504082607,0.20394736842105263,20.32675438596491,0.5460526315789473,10.921989257019048,0.6732456140350878,6.733033537961541
2019-09-11,253,6885750,3935,1669,0.0005714700649892895,0.2726131247766452,0.9556870895848975,0.01057411093434857,0.4576874205844981,0.26154516410107465,457.67080399211557,0.0677052127022169,67.70275462740197,0.5875476493011436,0.16787685158292187,293.7631590310303,0.1749550629119233,87.47435553628928,0.7102922490470139,0.08118156205524413,142.0574182774834,0.3463151587777112,69.2625288144769,0.783989834815756,0.0448023468587528,78.39841420143763,0.4979029358897543,49.78993204570095,0.8434561626429479,0.024100497404059108,42.172808132147395,0.6333133612941881,31.665668064709408,0.8813214739517153,0.010072932913918248,17.626352684120096,0.7213900539245057,14.427738219375772,0.9074968233799238,0.0051860576231852066,9.074941875183617,0.7831036548831636,7.831013803266364,0.46301033717809276,0.8580430322998914,0.20638297872340425,20.56950354609929,0.5212765957446809,10.426426042845153,0.6361702127659574,6.362247728185102
2019-09-12,254,6885750,3910,1616,0.0005678393784264604,0.32587545518387184,0.9385172160954515,0.009547014024590881,0.5010230179028133,0.2844902701132733,501.00482798784446,0.07116336633663366,71.16078271165775,0.6232736572890025,0.1769532384548359,311.62551449882005,0.18688118811881188,93.43720164748105,0.7184143222506394,0.08158819599756019,143.68182112281332,0.3323019801980198,66.45991344937451,0.7690537084398977,0.0436695808765866,76.90481240945172,0.4467821782178218,44.67789339892774,0.8212276214833759,0.023316269106488038,41.0613810741688,0.5705445544554455,28.527227722772277,0.8595907928388746,0.009762175852774422,17.191790889575827,0.6621287128712872,13.242555025599106,0.8900255754475703,0.005053893676533377,8.900216977797879,0.7357673267326733,7.357641211379836,0.481314216970558,0.8732983250353636,0.21179039301310043,21.10844250363901,0.5327510917030568,10.65593564382392,0.665938864628821,6.6599597773899495
2019-09-13,255,6885750,3629,1475,0.0005270304614602621,0.31154215108048,0.9455045964741766,0.006946714737383808,0.5056489391016808,0.26648271855939587,505.6305812401103,0.0671186440677966,67.11620728867709,0.6164232570956186,0.16243101945977345,308.20043875589283,0.1552542372881356,77.62430034902553,0.7032240286580325,0.0741235586279009,140.64378446460972,0.28338983050847455,56.677554544823515,0.7597134196748415,0.040038920677335964,75.97079031522902,0.41220338983050847,41.220039668962556,0.8046293744833287,0.021203209526921542,40.23146872416644,0.5220338983050847,26.101694915254235,0.8545053733810967,0.009006994144437215,17.090082648128565,0.6433898305084745,12.867777922622132,0.8828878478919813,0.004653081141370015,8.82886565698225,0.7125423728813559,7.1254133807565125,0.4856582899091824,0.8876305098596802,0.23039215686274508,22.962418300653596,0.5686274509803921,11.3735243668651,0.6887254901960784,6.887845575623046
2019-09-14,256,6885750,3092,1091,0.0004490433140906945,0.3241529269486185,0.9656293803812295,0.009738017803363197,0.5669469598965071,0.2545744989834447,566.9263765767317,0.11732355637030248,117.31929687435526,0.6898447606727037,0.15487946558234097,344.909857740493,0.24747937671860679,123.73519592217157,0.7920439844760673,0.07113189462371838,158.40764663818527,0.4317140238313474,86.34217780349996,0.841849935316947,0.037802433994597574,84.18438223748392,0.5591200733272227,55.91160133772291,0.871927554980595,0.019576661946774133,43.596377749029756,0.6388634280476627,31.943171402383136,0.9020051746442432,0.00810072903656801,18.039972497913382,0.7241063244729606,14.482021330098721,0.9282018111254852,0.004168010014842182,9.281977671312923,0.7974335472043996,7.974300729420189,0.5262517064530212,0.9016695060743629,0.24603174603174602,24.52116402116402,0.6216931216931217,12.43492880285333,0.7248677248677249,7.249298919110239
2019-09-15,257,6885750,2748,985,0.0003990850669861671,0.3102671388478499,0.9599341178803548,0.007563831805635206,0.5622270742358079,0.2243682834737148,562.2066622740654,0.10761421319796954,107.61030620504195,0.6713973799126638,0.13396747022945105,335.6865022316021,0.22436548223350253,112.17866826091637,0.767467248908297,0.06125649888175666,153.49233521654145,0.3817258883248731,76.34462329817872,0.8289665211062591,0.03308257573557176,82.89605017147498,0.5309644670050762,53.09606115019611,0.8675400291120815,0.01731111353156882,43.37700145560407,0.6345177664974619,31.725888324873097,0.8926491994177583,0.007124828269273778,17.85290620638716,0.7025380710659899,14.05070020489368,0.910844250363901,0.0036350275495296105,9.108402819932138,0.7522842639593909,7.522809864036283,0.4700148809595231,0.8653291064656516,0.23846153846153847,23.766666666666666,0.5538461538461539,11.077873070325902,0.676923076923077,6.769811320754718
2019-09-16,258,6885750,2426,1091,0.00035232182405692914,0.20771586614090276,0.9353808990886403,0.007296198321384392,0.49010717230008244,0.17266918385129248,490.0893786908645,0.1008249312557287,100.82127075139904,0.6034624896949712,0.1063026430438571,301.72029032944727,0.2071494042163153,103.57094177189175,0.7023907666941468,0.04949315983618461,140.47713328194897,0.35747021081576535,71.49352302200634,0.7662819455894476,0.026997589241627696,76.62763813707251,0.4857928505957837,48.57893230982482,0.8046166529266282,0.014174200341284537,40.230832646331415,0.5682859761686526,28.414298808432633,0.832646331409728,0.005867146881989021,16.65280570595874,0.6287809349220899,12.57552738284522,0.8602638087386645,0.0030308883392852217,8.602613100673214,0.69019248395967,6.901904792674309,0.3966475321915668,0.8212721245486296,0.21553884711779447,21.482038429406852,0.5037593984962406,10.05879853743949,0.581453634085213,5.815035014637796
2019-09-17,259,6885750,2355,1129,0.00034201067421849474,0.22918104773786932,0.942024628643809,0.00858438926306623,0.49341825902335457,0.16874818472262562,493.4003452033203,0.1133746678476528,113.37055171826535,0.6008492569002123,0.10274469939006681,300.4137213694915,0.22940655447298494,114.69911287121377,0.7065817409766454,0.04833134857242441,141.3153220520473,0.39681133746678476,79.36169121850513,0.7571125265392782,0.025893868541055506,75.71070289026451,0.4942426926483614,49.42391037938154,0.7898089171974523,0.013506154013723995,39.49044585987261,0.562444641275465,28.12223206377325,0.8309978768577495,0.005684178117802195,16.619885127242657,0.6483613817537643,12.96717113939447,0.8653927813163482,0.0029597313876754345,8.653915245301963,0.7201062887511072,7.201052429605354,0.3944208852040177,0.8181073958767435,0.24376731301939059,24.295475530932595,0.5069252077562327,10.139373666630238,0.6011080332409973,6.011595862455634
2019-09-18,260,6885750,1932,849,0.0002805794575754275,0.2091816819483259,0.9569935391107199,0.005694844849092752,0.520703933747412,0.1460935230903282,520.6850293060184,0.10365135453474676,103.64759141557253,0.6138716356107661,0.0861167586407203,306.924674332474,0.1955241460541814,97.75852372150592,0.7096273291925466,0.03982108106538093,141.92443527222918,0.3510011778563015,70.19972582485778,0.7613871635610766,0.021362804612390717,76.13816348849348,0.45700824499411075,45.70049265108191,0.8079710144927537,0.011335003449152234,40.39855072463768,0.5630153121319199,28.150765606595996,0.8576604554865425,0.004812831118133656,17.153184198596698,0.6760895170789164,13.521770704253848,0.894927536231884,0.002510982826852558,8.949275362318842,0.7608951707891637,7.608951707891638,0.45847275330913667,0.852547311744996,0.278125,27.719791666666666,0.55625,11.125954116638079,0.65,6.500557461406518
2019-09-19,261,6885750,1653,774,0.00024006099553425554,0.1914650132507874,0.9634822371272397,0.008173069635279685,0.5124016938898972,0.12300319488817892,512.3830908658668,0.13953488372093023,139.5298178305831,0.6273442226255294,0.07529770548939878,313.66072327503184,0.27648578811369506,138.2378750728925,0.7404718693284936,0.03555142467106218,148.09329850500086,0.4573643410852713,91.47220400325037,0.793708408953418,0.019053704725667316,79.37026455823576,0.562015503875969,56.201142290132644,0.852994555353902,0.010238536107177867,42.6497277676951,0.6886304909560723,34.43152454780362,0.9001814882032668,0.00432195045441475,18.003551325763077,0.7868217054263565,15.736365547954,0.9201451905626135,0.0022089097048251824,9.201451905626133,0.8294573643410853,8.294573643410851,0.40568421848442915,0.8623614763103459,0.2819548872180451,28.101503759398497,0.5827067669172933,11.655134835373168,0.6691729323308271,6.69230322805298
2019-09-20,262,6885750,1536,699,0.00022306938242021567,0.227646115289783,0.9438533764719121,0.007501982170691834,0.53515625,0.1193726401394133,535.1368208593523,0.1473533619456366,147.34801220115705,0.6477864583333334,0.07224803950043567,323.8814700456542,0.2804005722460658,140.1951960748873,0.7415364583333334,0.03308257573557176,148.30621475990446,0.44206008583690987,88.41137517939823,0.7864583333333334,0.017543350082779054,78.6452622607395,0.5336194563662375,53.361558158439394,0.814453125,0.009083977780198236,40.72265625,0.5937052932761088,29.685264663805434,0.8528645833333334,0.003804909785879428,17.0570687227339,0.6766809728183119,13.533442567889148,0.8802083333333334,0.001963469590183814,8.802057767323046,0.7367668097281831,7.367646697589139,0.3688169669352036,0.8212775990623358,0.2779783393501805,27.70517448856799,0.4981949458483754,9.964753453752841,0.5703971119133574,5.704460310481699
2019-09-21,263,6885750,1912,841,0.00027767490832516427,0.2850921070016163,0.9425793036611969,0.010190652849563425,0.5753138075313807,0.1597444089456869,575.2929204486211,0.17954815695600476,179.54163836186606,0.6668410041841004,0.0925791460935231,333.40839707817815,0.28894173602853745,144.46562292030944,0.7730125523012552,0.04292892619593947,154.6013878418882,0.4958382877526754,99.16693746240043,0.8117154811715481,0.022539138516947922,81.1709587045367,0.5766944114149821,57.669022385208876,0.8357740585774058,0.011603674254801582,41.78870292887029,0.629013079667063,31.45065398335315,0.8614016736401674,0.004783785667812994,17.22800845300383,0.6872770511296076,13.745521060320707,0.8823221757322176,0.0024499766184804045,8.823183316266446,0.7348394768133175,7.348362752610889,0.36841732715469916,0.8083182102773969,0.2577639751552795,25.690476190476193,0.4906832298136646,9.814506248468513,0.5714285714285714,5.714775790247488
2019-09-22,264,6885750,2106,1144,0.0003058490360527176,0.22347514582462003,0.9410021458352864,0.013458918050993396,0.4734093067426401,0.14478652338077258,473.392119358573,0.13636363636363635,136.35868560716077,0.6092117758784426,0.0931600348533256,304.59482905569166,0.31905594405594406,159.52218027760796,0.7288698955365622,0.04458450724679776,145.77292059574438,0.5043706293706294,100.87339339477798,0.7758784425451092,0.023729650445112476,77.58615410846782,0.5891608391608392,58.91480050903655,0.8095916429249762,0.012380641179246995,40.47958214624881,0.6494755244755245,32.47377622377622,0.8437796771130105,0.0051613765219815965,16.875569034299513,0.7124125874125874,14.248231055907333,0.8798670465337132,0.002691060972209313,8.798657687269836,0.7788461538461539,7.788450227492904,0.344375601857224,0.822087894885926,0.22191011235955055,22.117041198501873,0.4353932584269663,8.708611983733885,0.5730337078651685,5.73082853123133
2019-09-23,265,6885750,1929,994,0.000280143775187888,0.22370445948868678,0.9495218569314909,0.011732581908469599,0.5049248315189218,0.14144641301190822,504.90649994647333,0.15492957746478872,154.92395266165684,0.6257128045619492,0.08764159163520185,312.8450438580048,0.3299798792756539,164.98394958773844,0.7283566614826334,0.0408086206395771,145.67027453031002,0.482897384305835,96.5787755666416,0.7781233799896319,0.021798483836300793,77.81177297864603,0.5734406438631791,57.34364799269345,0.8061171591498185,0.011291435210398286,40.30585795749093,0.6277665995975855,31.388329979879277,0.8532918610679109,0.004780853350373232,17.065713300846287,0.7183098591549296,14.366092865537937,0.8880248833592534,0.002487739207089403,8.88022304054736,0.7857142857142857,7.857120035750748,0.35264876913559723,0.8565421025169578,0.23353293413173654,23.275449101796404,0.44011976047904194,8.803150131983033,0.5898203592814372,5.898709442179107
2019-09-24,266,6885750,1992,785,0.0002892931053262172,0.301500676848572,0.9649934954171985,0.011012473941206927,0.6290160642570282,0.18196340400813243,628.9932274844367,0.23439490445859873,234.38639462326404,0.7143574297188755,0.1033255881498693,357.1657472906438,0.32101910828025476,160.50372675288733,0.7836345381526104,0.04533968456824189,156.7257695862307,0.46496815286624205,92.9929553167018,0.8303212851405622,0.02402044787824218,83.03152559116772,0.5745222929936306,57.45181212031851,0.8634538152610441,0.012489561776131867,43.17269076305221,0.6573248407643312,32.86624203821656,0.9051204819277109,0.005236894692815317,18.102383348922224,0.7617834394904459,15.23564666346587,0.9267068273092369,0.0026808989579929564,9.267068273092368,0.8165605095541402,8.165605095541402,0.4160427058657838,0.8798028165783494,0.25386996904024767,25.30237358101135,0.5170278637770898,10.341444115788411,0.6501547987616099,6.502105581783133
2019-09-25,267,6885750,2032,920,0.0002951022038267436,0.26038862499284615,0.9614409648448354,0.012197982199180722,0.5388779527559056,0.15901829799593378,538.8583884968017,0.1793478260869565,179.3413147659397,0.65748031496063,0.09700842288701714,328.7282223889165,0.3141304347826087,157.05951505259569,0.7637795275590551,0.045078277033895844,152.75479630223836,0.4934782608695652,98.69493551316066,0.8218503937007874,0.02425281013099422,82.1844425981759,0.6152173913043478,61.52129240137548,0.8582677165354331,0.01266383473114766,42.91338582677166,0.6934782608695652,34.67391304347826,0.8971456692913385,0.005294985593456641,17.942887327826806,0.7793478260869565,15.586933885230565,0.9202755905511811,0.0027157496049818757,9.202742540602339,0.8293478260869566,8.293466216479024,0.4498839452836927,0.8700757596889279,0.2848101265822785,28.38607594936709,0.5474683544303798,10.95030614238878,0.6582278481012658,6.582842998892676
2019-09-26,268,6885750,2456,1293,0.000356678647932324,0.2742164261902648,0.9556675543237017,0.014872796029466074,0.505700325732899,0.18036595991867557,505.68196600570866,0.17092034029389017,170.91413493735902,0.6046416938110749,0.10782747603833866,302.3098709816736,0.2907965970610982,145.39301976571718,0.7056188925081434,0.05033547300241076,141.12275375665712,0.45011600928074247,90.02254816883651,0.7695439739413681,0.027447392497712716,76.95272104687514,0.5661252900232019,56.61129577509493,0.8082247557003257,0.014413825654431252,40.41123778501629,0.6388244392884764,31.94122196442382,0.8509771986970684,0.00607049911701831,17.01951925692542,0.720030935808198,14.400597802541183,0.9039087947882736,0.0032240496677921793,9.039087947882736,0.8205723124516628,8.205723124516627,0.42120390900288074,0.8606555590946362,0.2682926829268293,26.739837398373982,0.5304878048780488,10.610666025185122,0.6097560975609756,6.0980839225201855
2019-09-27,269,6885750,2889,1535,0.0004195621392005228,0.2923351413692428,0.9434362732622197,0.01737882595116306,0.5268258913118726,0.22102817310485043,526.8067646094579,0.20195439739413681,201.94706532917186,0.6109380408445829,0.12815858263142607,305.4579302022645,0.3003257328990228,150.15741470443263,0.6912426445136726,0.058003427343228095,138.24752503587155,0.43127035830618893,86.25344534278778,0.7448944271374178,0.03125272299514944,74.48890182203193,0.529641693811075,52.96378479130397,0.7822776047075113,0.01641070326398722,39.11388023537556,0.5973941368078176,29.86970684039088,0.829698857736241,0.006962174219914084,16.59390485800395,0.6814332247557003,13.628605117681841,0.8639667705088265,0.0036248511429318305,8.639604969692922,0.745928338762215,7.459229223375528,0.4193919037253198,0.8341434259352503,0.26005361930294907,25.91867739052726,0.4879356568364611,9.7595500761063,0.5764075067024129,5.764569413084765
2019-09-28,270,6885750,3418,2024,0.0004963874668699851,0.26287121068166786,0.9373306984553684,0.01673275035000796,0.4549444119368051,0.22582050537322101,454.9278949308533,0.1566205533596838,156.61486716474624,0.5283791691047396,0.13113563752541388,264.17999300486207,0.23221343873517786,116.1025040495753,0.6173200702165009,0.061285544163350664,123.46311753153653,0.36116600790513836,72.23267707260759,0.684610883557636,0.033982979464985914,68.46059123786623,0.47134387351778656,47.13404509389031,0.7366881217086015,0.018284137530407,36.834406085430075,0.557806324110672,27.890316205533594,0.7931538911644236,0.007874221581931407,15.863054785776532,0.6516798418972332,13.033577909610191,0.8540081919251024,0.004239177317859877,8.540057114234537,0.7534584980237155,7.534563095727563,0.42129871866438745,0.8143159545804897,0.2379746835443038,23.718143459915613,0.47341772151898737,9.469166467637926,0.5645569620253165,5.646053802896411
2019-09-29,271,6885750,3424,2052,0.0004972588316450641,0.2265701646952333,0.9320735598784842,0.02250533234958365,0.4383761682242991,0.21797850711588732,438.36025273750613,0.17348927875243664,173.4829801291883,0.554322429906542,0.1378158582631426,277.1511524636198,0.29580896686159847,147.8991136775524,0.6658878504672897,0.06622324203433153,133.1766030484516,0.4517543859649123,90.35022112631486,0.7175817757009346,0.035682128438235206,71.7576565109749,0.5321637426900585,53.21598784786184,0.767231308411215,0.01907562720110373,38.361565420560744,0.6145224171539961,30.726120857699804,0.8168808411214953,0.008124012454689097,16.337593095758017,0.6954191033138402,13.908361867515787,0.8501752336448598,0.004227553015054213,8.501715295972415,0.7504873294346979,7.504840597078284,0.4077032658340969,0.8076775682221411,0.22727272727272727,22.651515151515152,0.46411483253588515,9.283092731047955,0.5502392344497608,5.5028642477861585
2019-09-30,272,6885750,3597,1901,0.000522383182659841,0.2502211871494217,0.930192520229539,0.020668563559333622,0.4564915207117042,0.23845483589892535,456.4749475371213,0.16096791162546029,160.96206759730075,0.5646371976647206,0.14747313389485914,282.30834910106375,0.2756443976854287,137.8171951323294,0.7053099805393384,0.07368787940399082,141.06097181151787,0.46449237243556024,92.89779992152425,0.7661940505977203,0.04002439803653896,76.61884870172314,0.5707522356654392,57.074809125058785,0.8090075062552127,0.02113059579566496,40.450375312760634,0.6480799579168859,32.403997895844284,0.845148735056992,0.008829816897481179,16.902950153414242,0.7133087848500789,14.266154978626703,0.867945510147345,0.004533994795055302,8.679442496539352,0.7564439768542872,7.564428782914896,0.4213643699738906,0.8298197283962102,0.2367758186397985,23.598656591099918,0.5012594458438288,10.026048710094145,0.5843828715365239,5.844329901361411
2019-10-01,273,6885750,3831,2148,0.0005563664088879207,0.21919657462811026,0.9425441665232132,0.021598656321661438,0.4270425476376925,0.2375835027592216,427.0270436242,0.15363128491620112,153.625707248291,0.5552075176194206,0.1544437990124891,277.59368025326205,0.2779329608938548,138.9614351927723,0.676324719394414,0.0752563246100671,135.2639616767866,0.43854748603351956,87.7088603199427,0.7507178282432785,0.041767114932179265,75.07123770405988,0.5586592178770949,55.865516127352045,0.7843904985643435,0.021820426242602477,39.219524928217176,0.61731843575419,30.8659217877095,0.8078830592534586,0.008989566874244818,16.15763771974191,0.659217877094972,13.184338394619344,0.836335160532498,0.004653074383837973,8.363327313628902,0.7099627560521415,7.099606939363403,0.4398944526116369,0.8576974725145835,0.24594594594594596,24.512612612612614,0.5216216216216216,10.433327152195076,0.6432432432432432,6.432984099021835
2019-10-02,274,6885750,4428,2877,0.0006430672040082779,0.17179372449365762,0.9337578052167924,0.020846110946072454,0.3267841011743451,0.2101365088585536,326.7722370986417,0.11817865832464372,118.17436778375189,0.450316169828365,0.14478652338077258,225.1499104266384,0.229753215154675,114.87243691920588,0.5871725383920506,0.07551773214441314,117.43365494882403,0.3806047966631908,76.12040659396341,0.6589882565492322,0.04237706584565337,65.89834714243625,0.48140424052832814,48.14007448978965,0.691282746160795,0.02222706313763933,34.564137308039754,0.526937782412235,26.346889120611745,0.739159891598916,0.009506575889952597,14.78317636274641,0.599930483142162,11.998592237592195,0.8032971996386631,0.005165733339529696,8.032960330322178,0.6982968369829684,6.98295822865664,0.4646962146605047,0.8842286848490832,0.25882352941176473,25.79607843137255,0.5794117647058824,11.589229139340128,0.6764705882352942,6.765286045807689
2019-10-03,275,6885750,4180,2547,0.000607050793305014,0.23053935175248969,0.9082502801168251,0.017757690057640683,0.3875598086124402,0.23525994772001163,387.5457380414043,0.12288967412642324,122.8852125495235,0.5086124401913875,0.1543711879175138,254.29698736914372,0.2442088731841382,122.10000352364796,0.6246411483253589,0.07583723024194719,124.92732252116936,0.392226148409894,78.44466006603234,0.6655502392344498,0.04040198669726103,66.55454064609214,0.4546525323910483,45.46492310133406,0.6851674641148325,0.02079657263188469,34.25837320574163,0.4848841774636828,24.244208873184135,0.7043062200956938,0.008550980574402825,14.08610394502255,0.5159010600706714,10.318006216834817,0.7337320574162679,0.004454126275278655,7.337320574162679,0.5641931684334511,5.641931684334511,0.5202056977484985,0.8749061972652123,0.3,29.9,0.5909090909090909,11.819195384375487,0.6878787878787879,6.879377826290348
2019-10-04,276,6885750,3696,1598,0.0005367607014486439,0.31356835702386615,0.9667208156257722,0.02434464513682631,0.5108225108225108,0.274179494626779,510.80396513158644,0.1332916145181477,133.2867752931071,0.6777597402597403,0.18189079291315713,338.86756691065256,0.3541927409261577,177.08994088239112,0.8300865800865801,0.08911092393040751,166.01611051239274,0.6188986232790988,123.77882585158021,0.875,0.04696622033750617,87.49936463446514,0.7146433041301627,71.46381148761607,0.8944805194805194,0.02400609955342555,44.72402597402597,0.7584480600750939,37.922403003754695,0.9109848484848485,0.009779603122966819,18.219670509731813,0.795369211514393,15.90736112843094,0.9291125541125541,0.004987074849690668,9.291058075286125,0.8366708385481852,8.366647632131585,0.5398961360033934,0.8830977977235881,0.2944606413994169,29.347910592808553,0.597667638483965,11.95437792857893,0.7346938775510204,7.347568873175342
2019-10-05,277,6885750,3478,1493,0.0005051011146207748,0.2722532347924618,0.9520863696922733,0.009413714821198826,0.45917193789534216,0.23191983735114727,459.1552674067459,0.09979906229068988,99.79543903109466,0.5724554341575618,0.14456869009584664,286.21732542480623,0.1768251841929002,88.40938222888923,0.6958021851638873,0.07028958145749223,139.15942654425737,0.32685867381111855,65.3712600771126,0.769120184013801,0.03884806413198176,76.911459918572,0.4681848626925653,46.81814630522716,0.816561242093157,0.020622299676868894,40.828062104657846,0.5746818486269256,28.734092431346284,0.855664174813111,0.0086439009088295,17.11320893702494,0.6651038178164769,13.302018401778176,0.8849913743530765,0.004470101296155103,8.849913743530765,0.7334226389819156,7.334226389819156,0.498753509581933,0.8864585549768513,0.2789317507418398,27.800197823936696,0.5786350148367952,11.573692809625848,0.6913946587537092,6.914539550366212
2019-10-06,278,6885750,3716,1715,0.0005396652506989072,0.3142710917263264,0.9628203929096747,0.014666823812375288,0.5,0.26982282892826026,499.98184722625615,0.1422740524781341,142.26888714076563,0.589881593110872,0.1591635201858844,294.9300885683405,0.21749271137026238,108.74240758915076,0.7020990312163616,0.07577913967875918,140.41878661006888,0.37376093294460644,74.75164378934397,0.7739504843918191,0.041767114932179265,77.39448644893793,0.5137026239067055,51.36988937473639,0.8280409041980624,0.022343245107649855,41.402045209903115,0.6285714285714286,31.42857142857143,0.8675995694294941,0.009364225984565292,17.351915789348887,0.7142857142857143,14.28565204564438,0.8977395048439182,0.004844767041642341,8.977355935680503,0.7795918367346939,7.795884402051647,0.5519615565631514,0.8932336812312045,0.28450704225352114,28.355868544600938,0.6225352112676056,12.451772038750512,0.723943661971831,7.240057497644529
2019-10-07,279,6885750,4079,1936,0.0005923828195911847,0.3240423030558287,0.9514126526642679,0.016259008892997993,0.47168423633243445,0.27940749346500143,471.66711157799307,0.12551652892561985,125.51197197931845,0.573424859034077,0.1698373511472553,286.70202026531337,0.21022727272727273,105.10982015551976,0.6974748712919834,0.08263382613494438,139.49396134069463,0.38326446280991733,76.65233596077111,0.7756803138024025,0.045949635481715996,77.56746813391173,0.5299586776859504,52.995482948619376,0.8298602598676146,0.02457974803035254,41.49301299338073,0.6430785123966942,32.153925619834716,0.8705565089482716,0.010314009451362082,17.411054322068267,0.7283057851239669,14.566052240755166,0.8933562147585192,0.005292081048424575,8.933549173618417,0.7763429752066116,7.7634184774504575,0.5222235204382297,0.8780579588429103,0.2696629213483146,26.876404494382022,0.6095505617977528,12.192056777227435,0.7162921348314607,7.163535664039162
2019-10-08,280,6885750,4047,1749,0.0005877355407907636,0.2701339874067465,0.9481287160930081,0.013979978042869533,0.4623177662466024,0.2717107173976184,462.3009815469856,0.10120068610634649,101.19701196003128,0.6103286384976526,0.1793494045890212,305.15324009114227,0.2367066895368782,118.34904788546031,0.7289350135903138,0.08568358070231491,145.78594411192609,0.4042309891366495,80.84561077718449,0.7909562638991846,0.04648697319120509,79.09505205123311,0.52715837621498,52.71545483491096,0.8312330121077341,0.02442725919471372,41.5616506053867,0.614065180102916,30.7032590051458,0.8705213738571782,0.01023265270556798,17.410301054451377,0.703830760434534,14.076512993877525,0.8937484556461577,0.005252877319101042,8.937484556461577,0.7575757575757576,7.575757575757576,0.5420973358617812,0.8779911837291416,0.26881720430107525,26.7921146953405,0.6209677419354839,12.420419963481438,0.7123655913978495,7.124266862170088
2019-10-09,281,6885750,3934,1727,0.0005713248375267763,0.25915091766254666,0.9533785579169569,0.021139672057577105,0.43975597356380275,0.2512343886145803,439.7400079824215,0.12912565141864504,129.1209634411756,0.615912557193696,0.17593668312518151,307.94509807555124,0.29936305732484075,149.6760943925735,0.7707168276563294,0.08806529379302332,154.14224624690144,0.5176606832657789,103.53138487313997,0.8462125063548551,0.04834587121322141,84.62063617347212,0.6629994209612045,66.29946067099847,0.8833248601931876,0.025233271611661764,44.166243009659375,0.7411696583671106,37.05848291835552,0.9161159125571937,0.010467980295566502,18.322291642144645,0.8123914302258252,16.247805008241574,0.9262836807320793,0.005292042620984314,9.26275609492698,0.8343949044585988,8.343876338986693,0.5422176369891836,0.858636050888262,0.26649076517150394,26.56024626209323,0.6306068601583114,12.613218861588454,0.6860158311345647,6.8607466611150585
2019-10-10,282,6885750,4086,1915,0.0005933994118287768,0.27031236287548527,0.9554088634252755,0.02121633711470047,0.43489965736661773,0.25805983154225964,434.8838680964548,0.11697127937336814,116.96703266703017,0.5802741067058248,0.1721609061864653,290.12651976834394,0.26214099216710185,131.06573749743112,0.7533039647577092,0.08940137674634756,150.65969895525274,0.49973890339425586,99.94705492599255,0.8414096916299559,0.04992883906009469,84.14035818845987,0.6689295039164491,66.89246466049971,0.8707782672540382,0.025835965581091386,43.53891336270191,0.7279373368146214,36.39686684073107,0.8986784140969163,0.010665427401318655,17.973437770100325,0.7859007832898173,15.717901532248568,0.912873225648556,0.005416952884128037,9.128679227088751,0.8156657963446475,8.15661058089218,0.5156185750145905,0.860569716909096,0.26861702127659576,26.772163120567374,0.6117021276595744,12.23509178497135,0.6861702127659575,6.862290609831757
2019-10-11,283,6885750,4210,2085,0.0006114076171804088,0.2614319962926926,0.9533407894349621,0.019011139085856957,0.4182897862232779,0.25573627650304964,418.2745999835806,0.1170263788968825,117.02213019012613,0.5513064133016627,0.16853035143769968,275.6431989102472,0.24028776978417266,120.13952300256801,0.7080760095011877,0.08658398443172907,141.61417358688325,0.437410071942446,87.48137915355362,0.7923990498812351,0.04844752969880043,79.23932960178506,0.5880095923261391,58.80053226000918,0.832541567695962,0.025451112805431508,41.627078384798104,0.6676258992805756,33.381294964028775,0.8646080760095012,0.010572543916720885,17.292136407259108,0.7304556354916067,14.60909149341926,0.8874109263657958,0.005425682240330421,8.874083488445415,0.7755395683453238,7.755373157589946,0.5109692573398548,0.8601890476613118,0.25888324873096447,25.80203045685279,0.5939086294416244,11.879191300032215,0.6675126903553299,6.675699384419813
2019-10-12,284,6885750,3952,1754,0.0005739389318520132,0.30173763914536217,0.9380125910152965,0.015380155503604989,0.4855769230769231,0.2786813825152483,485.55929394088344,0.1322690992018244,132.2642970997622,0.6138663967611336,0.17615451641010746,306.9220550027575,0.2628278221208666,131.40914000644474,0.7355769230769231,0.08443463359377269,147.1143163634414,0.42930444697833525,85.86026593223944,0.7897267206477733,0.04532516192744489,78.97209861890275,0.5342075256556442,53.42036466036412,0.819331983805668,0.023512326180880803,40.966599190283404,0.5963511972633979,29.817559863169897,0.8415991902834008,0.009660516776652105,16.831959361040546,0.6465222348916762,12.930425919304069,0.8633603238866396,0.0049551610209490615,8.633603238866398,0.6949828962371721,6.949828962371722,0.5095493070460091,0.8593439937951491,0.2532299741602067,25.238587424633938,0.5891472868217055,11.783956280665363,0.6821705426356589,6.822290478279947
2019-10-13,285,6885750,3717,1563,0.0005398104781614203,0.3035040389028183,0.9634992160293802,0.017023268141932033,0.49502286790422384,0.267208829509149,495.0048958279856,0.13755598208573255,137.55098804049274,0.6335754640839386,0.1709991286668603,316.77623088992016,0.2751119641714651,137.55098804049274,0.7670164110842077,0.0828080978245084,153.40216830645917,0.4740882917466411,94.8169698479315,0.8302394404089319,0.0448168694995498,83.02334117743476,0.6065259117082533,60.652150752927845,0.871939736346516,0.023534110300257777,43.5969868173258,0.7018554062699937,35.09277031349968,0.9001883239171374,0.009718607677293429,18.003740331967506,0.7677543186180422,15.355064072590924,0.9182136131288674,0.0049566060972209315,9.182122796324732,0.8093410108765196,8.093398354928132,0.47755126545765975,0.8470935280763707,0.2547945205479452,25.394520547945206,0.5698630136986301,11.398237740548415,0.6493150684931507,6.493707558918208
2019-10-14,286,6885750,3493,1414,0.0005072795265584722,0.28395050143196987,0.9543728213084927,0.011976962693328125,0.48697394789579157,0.2470229451060122,486.956268040001,0.10961810466760961,109.6141249223051,0.6126538791869454,0.15538774324716817,306.31581822622053,0.23974540311173975,119.86834951181105,0.753220727168623,0.0764181358738273,150.64305155831846,0.4405940594059406,88.11817202226192,0.8033209275694245,0.04075053007638909,80.33150943987867,0.5282885431400283,52.828470706765366,0.8308044660750071,0.021072504810659694,41.54022330375036,0.5891089108910891,29.455445544554458,0.8588605782994561,0.008713584478201516,17.177086836752387,0.6548797736916548,13.097500367995911,0.8912109934154022,0.004520924342411005,8.912096991341706,0.7347949080622348,7.347938409397848,0.46380532223547727,0.8508647713351098,0.26,25.913333333333334,0.6085714285714285,12.17247243322715,0.66,6.600566037735849
2019-10-15,287,6885750,3774,1785,0.0005480884435246705,0.24850098325113798,0.9491890826830095,0.01215470920393193,0.44939056703762587,0.24629683415625908,449.3742516670538,0.12156862745098039,121.56421383540344,0.5707472178060413,0.15640429857682253,285.3632482579109,0.2246498599439776,112.32085195390964,0.676205617382088,0.0741235586279009,135.240141447289,0.3484593837535014,69.69137069565402,0.735559088500265,0.04031485085247902,73.55537473700514,0.45434173669467787,45.433843757375726,0.7771595124536301,0.021297607377555094,38.8579756226815,0.5372549019607843,26.862745098039213,0.8275039745627981,0.00907089413514267,16.55005545603038,0.6408963585434174,12.817908555745003,0.8720190779014309,0.004779414968238892,8.72015278684445,0.7338935574229691,7.338903599919268,0.4746826862789539,0.855743615884618,0.25203252032520324,25.119241192411923,0.5880758807588076,11.762526321661158,0.6747967479674797,6.748546207589006
2019-10-16,288,6885750,4146,2200,0.0006021130595795665,0.23146534891917492,0.9172513976216766,0.011679352034986382,0.42378195851423056,0.25515538774324714,423.7665728782113,0.09863636363636363,98.63278258917961,0.5233960443801254,0.15756607609642753,261.68852110009067,0.19136363636363637,95.67834440102448,0.624939700916546,0.0752563246100671,124.9870326058296,0.32,63.999535275494495,0.6726965750120598,0.040503645182840047,67.26916903466977,0.3931818181818182,39.31789631626615,0.7194886637723107,0.021660676033838,35.974433188615535,0.4772727272727273,23.863636363636363,0.7665219488663773,0.00923064411190631,15.330416713352358,0.5645454545454546,11.290892693432138,0.806319343945972,0.00485495407181498,8.06319343945972,0.639090909090909,6.390909090909091,0.43435157868965013,0.8222560661804308,0.24324324324324326,24.243243243243246,0.5405405405405406,10.811737981549301,0.5945945945945946,5.946455889852117
2019-10-17,289,6885750,4651,2338,0.0006754529281487129,0.2810842489167527,0.9274453685503483,0.020522149437348397,0.43431520103203614,0.2933488237002614,434.2994329808804,0.11847733105218135,118.47302966781264,0.5766501827563965,0.19474295672378739,288.31462357790133,0.2510692899914457,125.53008739170762,0.7043646527628467,0.09515234250196056,140.87190762908511,0.43327630453378957,86.65463167514426,0.7697269404429155,0.051991054053269044,76.97213512089816,0.5479041916167665,54.790021310888356,0.8062782197376909,0.027230149221217734,40.313910986884544,0.6189050470487596,30.945252352437986,0.8398193936787788,0.011345086990618375,16.796265909621688,0.6847733105218136,13.69536676326811,0.8608901311545905,0.005814856930411963,8.608826297266,0.7254063301967494,7.254000093165898,0.4660479880860812,0.8067444776967811,0.22985781990521326,22.90916271721959,0.5521327014218009,11.043601082812385,0.6113744075829384,6.114268410655784
2019-10-18,290,6885750,5512,3040,0.0008004937733725447,0.2675947311237518,0.9169167424685964,0.020082894023375555,0.39586357039187225,0.31687481847226256,395.8491983482188,0.10986842105263157,109.86443221945366,0.5168722786647315,0.20686900958466453,258.4267566668367,0.21611842105263157,108.05528737751654,0.6338896952104499,0.10148421388945365,126.77701846685514,0.35625,71.2494826309216,0.6997460087082729,0.05601382555403875,69.97409276283061,0.4654605263157895,46.5457146457775,0.7347605224963716,0.02940856115891515,36.73802612481858,0.5266447368421052,26.332236842105264,0.7890058055152395,0.012631866344455804,15.780093193275864,0.6230263157894737,12.46050821970957,0.8223875181422351,0.00658315131517799,8.22386323811445,0.6835526315789474,6.835516388742472,0.45389381792000105,0.8035447352430416,0.1927710843373494,19.21285140562249,0.5020080321285141,10.041021719812354,0.5883534136546185,5.884038727810039
2019-10-19,291,6885750,6051,3394,0.0008787713756671387,0.24878366030097818,0.9176024121174213,0.020509906054609915,0.3551479094364568,0.31208248620389195,355.1350155971656,0.09723040659988215,97.22687659673808,0.4769459593455627,0.2095556200987511,238.46432178069333,0.18680023571007662,93.39672691262415,0.6187407040158651,0.10874553428795493,123.74724222827395,0.34737772539776074,69.47504059535946,0.6990580069410015,0.06143077057132069,69.9052930856836,0.4699469652327637,46.994355279727884,0.7428524210874236,0.03263987219983299,37.14262105437118,0.5465527401296405,27.327637006482025,0.785159477772269,0.013799413285311802,15.703075529554742,0.619917501473188,12.398260001071783,0.8187076516278301,0.007194558044427921,8.18706462641209,0.6794342958161461,6.794333090923918,0.4288235126242392,0.7919355190340432,0.1791044776119403,17.850746268656717,0.4552238805970149,9.105258441924171,0.542910447761194,5.429570095491667
2019-10-20,292,6885750,5951,3151,0.0008642486294158225,0.25180609461761777,0.9096868102778262,0.014874886172154558,0.3785918333053268,0.3271855939587569,378.5780883215443,0.0999682640431609,99.96463464060344,0.48949756343471684,0.2115161196630845,244.73989597884125,0.17581720088860678,87.9054088744354,0.6126701394723576,0.10589909669174243,122.53313813563526,0.30371310695017456,60.74218031839915,0.670475550327676,0.05794533678004008,67.04706817898858,0.38590923516344017,38.5906432952839,0.7052596202318938,0.030475983008386887,35.26298101159469,0.4465249127261187,22.326245636305934,0.7420601579566459,0.012826470861604239,14.841181605661466,0.5150745794985718,10.301476629398326,0.7803730465467988,0.006744353564457664,7.803719132324711,0.587115201523326,5.87114348872055,0.41815633514589917,0.7888097597688368,0.1833648393194707,18.27536231884058,0.46313799621928164,9.263554329181892,0.5330812854442344,5.331270042508763
2019-10-21,293,6885750,5129,2457,0.000744871655230004,0.22441986590914997,0.9214747554365726,0.009159820158332783,0.3747319165529343,0.2791170490851002,374.71831170554276,0.04110704110704111,41.10554869340812,0.5145252485864691,0.19162067963984897,257.2532842328115,0.14692714692714692,73.46090632831846,0.6385260284655878,0.09512329722036655,127.70427838470248,0.28815628815628813,57.630839152231,0.6917527783193606,0.05152632954776497,69.17477552808006,0.3667073667073667,36.67047039276846,0.7215831546110353,0.026874341938060486,36.07915773055176,0.4208384208384208,21.04192104192104,0.7492688633261845,0.011162166558230319,14.985355503672142,0.47863247863247865,9.572635670553693,0.78007408851628,0.005810550775151581,7.8007408851628,0.5425315425315426,5.425315425315426,0.4817506616524756,0.8390188848069916,0.20445344129554655,20.37719298245614,0.520242914979757,10.405750654509344,0.611336032388664,6.11388462580121
2019-10-22,294,6885750,4236,2025,0.000615183531205751,0.1943469119745701,0.9347384906229803,0.008357344330055463,0.36779981114258736,0.2262561719430729,367.78645796907796,0.04987654320987654,49.874732414668514,0.4912653446647781,0.15110368864362475,245.62375450373918,0.12839506172839507,64.19520013769215,0.6513220018885741,0.08013593191785995,130.26345448616718,0.31555555555555553,63.110652841112625,0.7129367327667611,0.04385837520694763,71.29315559047207,0.4093827160493827,40.937974339031584,0.7417374881964117,0.02281523436081763,37.08687440982059,0.4632098765432099,23.16049382716049,0.759915014164306,0.009349703301586748,15.19823406725707,0.49925925925925924,9.985141681681506,0.7870632672332389,0.004841876568454318,7.870621242028876,0.5555555555555556,5.555547487374911,0.49779985662267423,0.8682518142039976,0.2064516129032258,20.576344086021503,0.5612903225806452,11.226769213744259,0.6430107526881721,6.430658994079565
2019-10-23,295,6885750,3606,1748,0.0005236902298224594,0.2002854911744711,0.9144250924332417,0.005524589936437308,0.3932334997226844,0.20592506534998548,393.2192231651865,0.04061784897025172,40.61637431700708,0.5127565169162507,0.1342579146093523,256.3689505050881,0.14530892448512586,72.65182448253378,0.6259012756516916,0.0655552005576694,125.17934615639827,0.2597254004576659,51.944702901663504,0.6724902939545202,0.03521740393273113,67.2485410787031,0.33237986270022885,33.237744918355176,0.6988352745424293,0.018298660276658316,34.94176372712147,0.3815789473684211,19.078947368421055,0.7257348863006101,0.007601172270970028,14.514634488306122,0.43592677345537756,8.718497484149555,0.7501386577925679,0.003928402860981011,7.50138657792568,0.4862700228832952,4.862700228832952,0.4527533858316743,0.8577490636864248,0.22596153846153846,22.520833333333336,0.5336538461538461,10.673992281303601,0.6274038461538461,6.274576543739279
2019-10-24,296,6885750,3217,1489,0.0004671967469048397,0.1997449044460159,0.9070019971887437,0.006905722484908909,0.4152937519428039,0.19401684577403427,415.27867447577137,0.07051712558764271,70.51456542479099,0.5237799191793596,0.12234969503340111,261.88045153131543,0.1712558764271323,85.62482944438906,0.6621075536213864,0.06186644979523077,132.42054916926025,0.31564808596373406,63.129158788369736,0.7180603046316444,0.033547300241075835,71.8055090565707,0.40631296171927467,40.631001135067756,0.7550512900217594,0.017637875322223433,37.752564501087974,0.4768300873069174,23.841504365345866,0.7848927572272303,0.007333976205967097,15.69783234698102,0.5399597044996642,10.799178406620511,0.804165371464097,0.0037570289989776002,8.041642035968296,0.5815983881799865,5.815975435406321,0.4447645396389011,0.8413436193138534,0.23544303797468355,23.465822784810126,0.5392405063291139,10.78573506741646,0.6227848101265823,6.228382222029225
2019-10-25,297,6885750,3123,1705,0.00045354536542860255,0.18198995102918927,0.8808356658082845,0.008004702900174588,0.3919308357348703,0.17775196049956432,391.91660647130163,0.06744868035190615,67.44623159063866,0.49279538904899134,0.11174847516700552,246.38874892129627,0.1624633431085044,81.22872239394309,0.6234390009606148,0.05655116326352784,124.68689479405597,0.3296187683284457,65.9232749721919,0.6865193723983349,0.031136541868773418,68.65143873612122,0.4310850439882698,43.10819137416464,0.7175792507204611,0.016272737174599716,35.87896253602305,0.48563049853372436,24.28152492668622,0.7403138008325328,0.006715308114137002,14.806254513902934,0.5255131964809384,10.510248665851329,0.7611271213576689,0.0034520517706106515,7.611260159936694,0.5630498533724341,5.630490356706068,0.40529518247700125,0.801295733061007,0.22,21.92666666666667,0.51,10.200874785591767,0.5925,5.925508147512865
2019-10-26,298,6885750,3156,1548,0.0004583378716915369,0.23639673797240107,0.9073418694679721,0.006768998994195961,0.4508871989860583,0.2066511762997386,450.8708292794439,0.08591731266149871,85.91419338642386,0.5462610899873257,0.1251815277374383,273.1206288396913,0.17377260981912146,86.8831504546918,0.6444866920152091,0.05907810276220628,128.89640243816916,0.29780361757105944,59.56029102471528,0.6964512040557668,0.03192076447181155,69.64461469004321,0.38695090439276486,38.69480946182695,0.7217997465145755,0.01654128786778588,36.08972526476762,0.4347545219638243,21.73756825359728,0.7550697084917617,0.00692151070757416,15.101328376007215,0.5025839793281653,10.051635793356496,0.7956273764258555,0.003646629808257852,7.95620443669566,0.5852713178294574,5.85266218025793,0.4068409243132156,0.8284992276950753,0.23306233062330622,23.22854561878952,0.5230352303523035,10.461601751523519,0.6178861788617886,6.179391708153788
2019-10-27,299,6885750,3262,1636,0.00047373198271793195,0.2437139439118154,0.9307640983518731,0.009588572509539225,0.44819129368485594,0.21231484170781295,448.1750218545595,0.09168704156479218,91.68371281655065,0.5548743102391172,0.13142608190531513,277.4270826117485,0.19559902200489,97.79596033765402,0.6679950950337217,0.06328966859333701,133.5980489014624,0.347799511002445,69.55939710375223,0.7237890864500307,0.034287954921722964,72.37838307855729,0.4504889975550122,45.0485726410065,0.7559779276517474,0.01790654612787278,37.79889638258737,0.5134474327628362,25.67237163814181,0.7832618025751072,0.007421112556929082,15.66521330131037,0.5678484107579462,11.356951721746121,0.8126916002452483,0.003849974440003718,8.126904199955733,0.6265281173594132,6.265272074698479,0.4022187839662693,0.8356762295422828,0.2641509433962264,26.327044025157235,0.5534591194968553,11.070131719473123,0.6446540880503144,6.447093757079518
2019-10-28,300,6885750,2648,1230,0.00038456232073485097,0.2104312022923162,0.9597966899024633,0.010116162226184318,0.46941087613293053,0.1805111821086262,469.39383391407586,0.08699186991869919,86.9887116312348,0.5959214501510574,0.11458030787104269,297.949907448275,0.2252032520325203,112.59753795257963,0.7277190332326284,0.05597025763164774,145.5427498063136,0.4349593495934959,86.99123824285964,0.7972054380664653,0.030657294722472334,79.7199649302356,0.5658536585365853,56.58495496918721,0.831570996978852,0.015989543622699054,41.5785498489426,0.6382113821138211,31.910569105691057,0.8670694864048338,0.00666879665398356,17.341263806709705,0.7138211382113822,14.276319098547805,0.8927492447129909,0.0034331772138111315,8.927492447129909,0.7691056910569106,7.691056910569105,0.4481272928707429,0.8666945514635697,0.3106060606060606,30.957070707070702,0.6325757575757576,12.652600187119912,0.7007575757575758,7.008176750350849
2019-10-29,301,6885750,2497,1148,0.0003626329738953636,0.20885011373470114,0.9394495115321669,0.011828423549896858,0.5226271525830998,0.1895149578855649,522.6081783181933,0.14721254355400698,147.2071989220162,0.6423708450140169,0.11646819634040081,321.1737616943993,0.27961672473867594,139.8032865501988,0.7545054064877853,0.05472131052310552,150.8999855564573,0.47560975609756095,95.12126050854746,0.7957549058870644,0.02885648726364402,79.57491276557342,0.5583623693379791,55.83583148899169,0.828994793752503,0.015031042370112189,41.449739687625154,0.6306620209059234,31.533101045296167,0.8522226672006408,0.006180871828236825,17.044428590821674,0.6803135888501742,13.606252016988936,0.8750500600720865,0.0031732154475322986,8.75048789260934,0.7299651567944251,7.299640966860902,0.45714486058967346,0.8422236707527236,0.3231939163498099,32.21166032953105,0.6121673003802282,12.244396037279314,0.6958174904942965,6.958771660938243
2019-10-30,302,6885750,2217,1116,0.00032196928439167847,0.1542559539920355,0.9264766399803459,0.008673269915402316,0.44519621109607577,0.14333430148126633,445.18004800389247,0.13799283154121864,137.98782163592017,0.5714930085701398,0.09199825733372059,285.7361301017892,0.24372759856630824,121.85937495120223,0.6820027063599459,0.043916465770135645,136.39955082395647,0.3906810035842294,78.13563334485775,0.731168245376635,0.023541200731941096,73.11629361297402,0.4767025089605735,47.66990474709211,0.7546233649075327,0.012148277239225938,37.73116824537664,0.5197132616487455,25.985663082437274,0.7753721244925575,0.004992912910121759,15.50741996881863,0.5600358422939068,11.2007005793849,0.8019846639603068,0.002582144283484007,8.019846639603067,0.6111111111111112,6.111111111111111,0.4350550906362958,0.8395858328700045,0.3037037037037037,30.269135802469133,0.5962962962962963,11.926948732609109,0.6481481481481481,6.482037354678864
2019-10-31,303,6885750,2702,1351,0.0003924046037105617,0.24843282159271707,0.9216369178258577,0.006357553138020939,0.44374537379718726,0.17412140575079874,443.72926337844643,0.07475943745373798,74.75672327143134,0.5473723168023686,0.10739180946848678,273.67622207536374,0.17172464840858623,85.85920692560431,0.6528497409326425,0.05123587673182491,130.56900007630028,0.31754256106587714,63.508051057520206,0.7094744633604737,0.027839902407853844,70.94693116390806,0.4233900814211695,42.33870070501347,0.7272390821613619,0.014268494583054982,36.361690072269,0.4566987416728349,22.834771271847302,0.7524056254626202,0.005904940050190538,15.04809065529219,0.5062916358253146,10.125818011037735,0.7838638045891931,0.003075913188958082,7.8386266620533345,0.5692079940784603,5.692071674333346,0.4351938047198889,0.832279894176585,0.302491103202847,30.148279952550414,0.5480427046263345,10.96179413147116,0.6156583629893239,6.151835621952447
2019-11-01,304,6885750,2887,1392,0.0004192716842754965,0.24605179563901008,0.9406819213108661,0.011427666753826596,0.4870107377900935,0.20418239907057797,486.9930565986257,0.1206896551724138,120.68527346840668,0.6058191894700381,0.1269968051118211,302.898597436343,0.257183908045977,128.5872854216952,0.7204710772428126,0.06041418571553051,144.09316913429657,0.4382183908045977,87.6430417520915,0.7661932802216834,0.03212408144296959,76.61877166467886,0.5186781609195402,51.86743946312301,0.7817803948735712,0.01638880013941735,39.08873590578214,0.5488505747126436,27.44232946663849,0.797367509525459,0.006686204402670997,15.94718807263312,0.5811781609195402,11.623445055350631,0.8254243158988569,0.0034607704316886325,8.25424315898857,0.639367816091954,6.39367816091954,0.44466017610211545,0.832393288000392,0.33070866141732286,32.960629921259844,0.5590551181102362,11.18206129036615,0.6062992125984252,6.063512108156292
2019-11-02,305,6885750,2929,1425,0.0004253712377010493,0.217013639649775,0.9527249171899793,0.017860051136120488,0.4786616592693752,0.20360151031077547,478.64428119577406,0.1543859649122807,154.38035984530015,0.6186411744622738,0.13157130409526577,309.30935717786826,0.31298245614035086,156.48554657046336,0.7651075452372823,0.06509047605216532,153.0203979092514,0.5284210526315789,105.6834431194021,0.8159781495390919,0.03470911150483604,81.59722244603098,0.6259649122807017,62.59603669489155,0.8388528508023216,0.01784119376974186,41.94264254011608,0.671578947368421,33.578947368421055,0.8695800614544213,0.0073978761966725535,17.39157597174395,0.7340350877192983,14.680680434006291,0.899283031751451,0.003825291362596667,8.992830317514509,0.7950877192982456,7.950877192982457,0.44447572000851615,0.8289020424953264,0.3283582089552239,32.72636815920398,0.5708955223880597,11.41888968536392,0.6343283582089553,6.343827602979954
2019-11-03,306,6885750,3451,1796,0.0005011799731329194,0.2360626915070475,0.9556057552299668,0.01583058255079697,0.4410315850478122,0.22102817310485043,441.0155731546577,0.1319599109131403,131.9551200363282,0.5607070414372646,0.14050246877722916,280.3433423305725,0.2577951002227171,128.89287041523195,0.6879165459287163,0.068953498504168,137.58231014925377,0.4209354120267261,84.18647109596645,0.7452912199362504,0.0373522321298905,74.52858081379122,0.5144766146993318,51.44728789197949,0.7774558099101709,0.01948212262917889,38.87250822772198,0.5746102449888641,28.730303627988548,0.8328020863517821,0.0083476381760672,16.65596915991154,0.6798440979955457,13.596822720949051,0.883222254419009,0.004426520200355225,8.832196890639233,0.7767260579064588,7.767238018739223,0.41522008227668095,0.830002467271495,0.2939189189189189,29.29391891891892,0.5371621621621622,10.744164619164618,0.6013513513513513,6.014029252236799
2019-11-04,307,6885750,4607,2620,0.0006690629197981338,0.2128590070985067,0.9517762933094388,0.015477734293407824,0.3757325808552203,0.2513796108045309,375.7189396781634,0.08053435114503817,80.53142730132828,0.49750379856739746,0.16642462968341562,248.74286820980663,0.18358778625954197,91.79056050222488,0.6168873453440417,0.08254669029016236,123.37657318547546,0.333587786259542,66.717072794349,0.6902539613631431,0.04618199773446804,69.02489492079732,0.45763358778625957,45.76302647621535,0.747992185804211,0.02502269179101768,37.39960929021055,0.5580152671755725,27.900763358778626,0.8220099848057304,0.010999512036434613,16.440175820464432,0.6874045801526718,13.748071637077851,0.8738875624050358,0.005846806693765875,8.738799477229948,0.7786259541984732,7.786191695852975,0.43270470223657004,0.844308314937454,0.26785714285714285,26.696428571428573,0.5267857142857143,10.536617863268807,0.6190476190476191,6.191007106101446
2019-11-05,308,6885750,8168,5690,0.001186217913807501,0.15299262389918192,0.8965773988245413,0.01942004637465827,0.21755631733594516,0.25805983154225964,217.54841883473486,0.03145869947275923,31.45755734745162,0.30864348677766895,0.18305257043276213,154.3161406534515,0.09050966608084358,45.2531900389318,0.4593535749265426,0.10897789654070696,91.87004788261176,0.24411247803163444,48.82214109054364,0.5683153770812929,0.06741409857968574,56.83112503612525,0.3864674868189807,38.64646805547352,0.6407933398628796,0.03800602693969429,32.039666993143975,0.4880492091388401,24.402460456942002,0.7081292850146915,0.016799790873972525,14.162482861221388,0.5833040421792619,11.665996132434437,0.7683643486777669,0.009114462310623664,7.68363232803341,0.6690685413005273,6.690675696306733,0.4439325055210111,0.8441795892439076,0.26956521739130435,26.866666666666667,0.527536231884058,10.551629502572899,0.6231884057971014,6.232418524871355
2019-11-06,309,6885750,9104,6285,0.0013221508187198198,0.19504821832130634,0.9249020112346967,0.01992550423360435,0.23857644991212654,0.31542259657275634,238.56778826349486,0.03579952267303103,35.798222951760586,0.32491212653778556,0.21478361893697356,162.45016521257313,0.08464598249801114,42.32145468963696,0.4602372583479789,0.12169972987888118,92.04678328355736,0.22498011137629276,44.99569554472416,0.5553602811950791,0.07342647186964478,55.53562485461408,0.3573587907716786,35.73561958750016,0.6270869947275922,0.04145517917438188,31.354349736379618,0.46030230708035,23.015115354017503,0.7102372583479789,0.01878067907868367,14.204642021753743,0.5805887032617343,11.611689748422803,0.781963971880492,0.010338713027010777,7.819617006342208,0.6844868735083532,6.844848853882926,0.4697705433243251,0.8756635342970088,0.2672672672672673,26.637637637637635,0.5675675675675675,11.352324880626767,0.6546546546546547,6.547107999938189
2019-11-07,310,6885750,10005,5463,0.0014530007624441782,0.368813251100714,0.9653125379100029,0.03271216292105513,0.34342828585707147,0.4989834446703456,343.4158175051307,0.03880651656598939,38.805107674159366,0.48015992003998004,0.3488237002613999,240.07124378560064,0.13033131978766246,65.1632940188714,0.6369815092453773,0.18510557959859422,127.39537678371016,0.34285191286838734,68.56988466215975,0.7374312843578211,0.10714804380028464,73.74259296329934,0.5196778326926597,51.96740591454125,0.808495752123938,0.058737247213448064,40.4247876061969,0.6494600036609921,32.47300018304961,0.8651674162918541,0.02514174179756483,17.30332319665987,0.753066080907926,15.06129974501508,0.9100449775112444,0.013222941258481271,9.100436558779352,0.8352553542009885,8.352541411825937,0.5416952340169234,0.8781191507634794,0.29428571428571426,29.330476190476187,0.62,12.40106346483705,0.6971428571428572,6.972026464101936
2019-11-08,311,6885750,7578,2567,0.0011005337109247359,0.3772921031285003,0.9809339929948767,0.021147249500998225,0.3945632092900501,0.43421434795236713,394.5488844567184,0.011297234125438255,11.296823973168234,0.6013460015835312,0.3308887598024978,300.66208469385714,0.12855473315153876,64.27503295078478,0.8114278173660596,0.17859943652153706,162.28438506573949,0.4678613167121153,93.5715838842385,0.8746371074162048,0.09625606320253274,87.46307563959354,0.6345929100116868,63.45883020292445,0.9077593032462391,0.04995098573140181,45.38796516231196,0.7292559407869108,36.46279703934554,0.9340195302190551,0.020558369736964403,18.68036347536324,0.806778340475263,16.13554337626505,0.9539456320929005,0.010498493265076425,9.539456320929006,0.8652123100895988,8.652123100895988,0.5606684634867465,0.8794036189638555,0.3081395348837209,30.71124031007752,0.6395348837209303,12.791794646774903,0.688953488372093,6.890125752921936
2019-11-09,312,6885750,8346,2881,0.0012120684021348436,0.4100111787873561,0.9744487680961652,0.021431378397937743,0.38892882818116464,0.471391228579727,388.9147079071238,0.021867407150295035,21.866613242106308,0.5693745506829619,0.3450479233226837,284.6769396140869,0.09788267962513017,48.93956297042841,0.7945123412413132,0.19259926224984752,158.9013144065286,0.4370010413051024,87.3995736201054,0.8714354181643901,0.10562316651659938,87.14290903926123,0.633113502256161,63.31089050161725,0.8955188114066619,0.054271502741168355,44.7759405703331,0.7007983339118362,35.03991669559181,0.9230769230769231,0.022376614927037828,18.46151165035355,0.7788962165914612,15.577901708437864,0.940809968847352,0.011403243795891811,9.408086025348915,0.8295730649080181,8.295718601418558,0.5627824432334168,0.876633009482596,0.2907608695652174,28.979166666666664,0.6168478260869565,12.338014579759863,0.7010869565217391,7.011470840480274
2019-11-10,313,6885750,7600,2584,0.0011037287151000254,0.3653895747405897,0.9604557660566622,0.012136914718152024,0.4047368421052632,0.4467034562881208,404.72214791262206,0.0445046439628483,44.50302819738348,0.5527631578947368,0.30503920999128664,276.3715447628292,0.10061919504643962,50.30777100573785,0.7413157894736843,0.16364111650062446,148.26208130844407,0.28289473684210525,56.5785365305564,0.8256578947368421,0.09112957100119086,82.56518993703288,0.49264705882352944,49.26434815553919,0.8538157894736842,0.04711905021239517,42.69078947368421,0.5719814241486069,28.599071207430338,0.8857894736842106,0.019553397155869505,17.715763745530058,0.6648606811145511,13.297194311113138,0.9072368421052631,0.010013418998048145,9.072355245501319,0.7275541795665634,7.275531229596246,0.5751433649569416,0.8825976009061933,0.3050847457627119,30.40677966101695,0.635593220338983,12.712954618135303,0.7090395480225988,7.091003575893247
2019-11-11,314,6885750,7523,2585,0.001092546200486512,0.40808161925027486,0.9572266071750646,0.014400681873579133,0.4390535690548983,0.4796688934069126,439.0376289746974,0.06034816247582205,60.345971502743495,0.6002924365279808,0.32791170490851,300.13532129121,0.14738878143133463,73.69171520046561,0.758474013026718,0.16573237677539285,151.69370110077912,0.3381044487427466,67.62039873160323,0.8232088262661172,0.08993871445583665,82.32028486830748,0.4912959381044487,49.12923706472317,0.8537817360095706,0.04663979958610173,42.689086800478535,0.5779497098646035,28.897485493230175,0.8835570915858035,0.01930651082814388,17.671116168402463,0.662669245647969,13.253365665432728,0.9030971686827064,0.009866739473928804,9.03095857139509,0.7195357833655706,7.195347384035282,0.59928949144483,0.8947092784972106,0.31444759206798867,31.339943342776202,0.6458923512747875,12.918954902599138,0.7252124645892352,7.252746611985481
2019-11-12,315,6885750,7152,2046,0.0010386668118941291,0.48137978637197476,0.972751590227676,0.014757289110171679,0.5001398210290827,0.5194597734533837,500.12166317905996,0.03128054740957967,31.27941175218025,0.6753355704697986,0.3507115887307581,337.6555260210875,0.15542521994134897,77.7097885718228,0.8225671140939598,0.17087339161753173,164.51222823411902,0.4203323558162268,84.06586072966347,0.8817114093959731,0.09157977286589794,88.17050070069307,0.5948191593352884,59.481484016279325,0.9043624161073825,0.046966561376756345,45.21812080536913,0.6671554252199413,33.35777126099706,0.9200223713646533,0.01911185079976415,18.40036726013367,0.7214076246334311,14.428089632023237,0.9379194630872483,0.00974177329900186,9.379112904586417,0.7834799608993157,7.834731339904039,0.6163324693269502,0.8978548978691078,0.3100558659217877,30.90223463687151,0.6620111731843575,13.241358988855563,0.7262569832402235,7.263192694308959
2019-11-13,316,6885750,6587,2194,0.0009566132955741931,0.4158482846632153,0.9550851937450192,0.009124479815881693,0.47396386822529224,0.45338367702584953,473.94666070756693,0.02871467639015497,28.71363388810769,0.6259298618490967,0.2993755445832123,312.9535685613867,0.11804922515952598,59.022469658888035,0.7581600121451344,0.14505213628046124,151.63090138047457,0.3040109389243391,60.80174628070138,0.8112949749506604,0.07760899241918151,81.12890838779096,0.43846855059252504,43.846536673189455,0.8275390921512069,0.039581744907962096,41.37695460756035,0.48359161349134,24.179580674567,0.8519811750417489,0.016300306719955387,17.039598754658087,0.5560619872379216,11.121223593687606,0.8864429937756186,0.008479806906126694,8.864404190657641,0.6595259799453054,6.595240643251787,0.5965482229608574,0.8966896742145484,0.30547550432276654,30.445725264169067,0.654178674351585,13.084695577382218,0.7060518731988472,7.0611242653274084
2019-11-14,317,6885750,7334,3038,0.0010650982100715246,0.35242710064223576,0.9412529166450541,0.010150240943946953,0.39623670575402237,0.4220156839965147,396.2223201634852,0.02106649111257406,21.065726282080576,0.5276793018816471,0.2810049375544583,263.83007209784716,0.07142857142857142,35.71298908758972,0.6795745841287155,0.1447616834645212,135.9139299039851,0.25510204081632654,51.020037687734764,0.7489773656940278,0.07977286589793488,74.89719271294042,0.3979591836734694,39.79562939643312,0.7789746386692119,0.041484224666884506,38.948731933460586,0.46807109940750496,23.403554970375247,0.816471229888192,0.01739236513510452,16.329353453646842,0.5579328505595786,11.1586083951001,0.8588764657758385,0.009147877863704027,8.588764657758386,0.6599736668861093,6.599736668861093,0.5421791956118308,0.8525769995089079,0.2757731958762887,27.485395189003434,0.5850515463917526,11.70203444678255,0.6417525773195877,6.418076161341091
2019-11-15,318,6885750,6880,2808,0.0009991649420905493,0.3696596156318605,0.9525620452644317,0.013459347884754674,0.40915697674418605,0.40880046471100784,409.14212207613696,0.014957264957264958,14.956721925571767,0.5523255813953488,0.2759221609061865,276.15276445636243,0.08404558404558404,42.02126636232068,0.7145348837209302,0.14278660431612886,142.90593905084074,0.33404558404558404,66.80863168671411,0.7848837209302325,0.07842226030381365,78.48780216380594,0.48148148148148145,48.14779852901785,0.8219476744186046,0.04106306502559634,41.09738372093023,0.5690883190883191,28.454415954415953,0.8587209302325581,0.017159952365738185,17.174293895695016,0.6581196581196581,13.162297586039198,0.8917151162790697,0.008909678946581137,8.917125262561202,0.7375356125356125,7.375334703333243,0.5684659391955575,0.8643720694802002,0.26732673267326734,26.643564356435643,0.594059405940594,11.882207088633391,0.6584158415841584,6.584723094951005
2019-11-16,319,6885750,7247,2875,0.0010524634208328794,0.34534505908224744,0.9519765723909719,0.015611500284171426,0.3932661791085967,0.4138832413592797,393.25190136465574,0.029565217391304348,29.564144009900364,0.5596798675313923,0.2945106012198664,279.82977402369187,0.13391304347826086,66.95409084595082,0.726369532220229,0.1528943623108426,145.2728515636656,0.3506086956521739,70.12122995402005,0.7923278598040568,0.08338900345638851,79.23221064576063,0.48591304347826086,48.590951510796636,0.8344142403753277,0.0439095232908543,41.720712018766385,0.5878260869565217,29.39130434782609,0.8742928108182696,0.0184031973231713,17.485830822136993,0.6866086956521739,13.732153970184719,0.8926452325100042,0.009394737262499328,8.926426397854941,0.7328695652173913,7.328674365678278,0.529887654366226,0.8314962288581645,0.23628691983122363,23.549929676511955,0.5295358649789029,10.591625594372191,0.5928270042194093,5.928778470156545
2019-11-17,320,6885750,7178,2934,0.0010424427259194714,0.3103760066135619,0.9274268766793179,0.009975645879756474,0.3813039843967679,0.3974731338948591,381.2901409468551,0.015678254942058625,15.677685734429302,0.5267483978824185,0.2745425501016555,263.36463699672254,0.07702794819359236,38.512575825880674,0.6877960434661465,0.14339655522960296,137.55820983174124,0.2774369461486026,55.48698631800925,0.7538311507383673,0.07858200935258067,75.38256769288553,0.40354464894342196,40.35417186764309,0.7876845918083032,0.041055803652470683,39.38422959041516,0.48193592365371507,24.096796182685754,0.8169406519921983,0.017032252068036064,16.338789311434844,0.5528289025221541,11.056561993278658,0.8354694901086653,0.008709278278650432,8.354682767792868,0.598159509202454,5.981586405118386,0.44636955913826054,0.7837813492423229,0.1761904761904762,17.56031746031746,0.4380952380952381,8.762656211712814,0.48253968253968255,4.825810667320101
2019-11-18,321,6885750,7428,3430,0.0010787495915477617,0.3369066120274661,0.9229850299648469,0.013583010626139749,0.38287560581583197,0.41301190821957595,382.8617053073432,0.014285714285714285,14.285195635035892,0.5191168551427033,0.27998838222480393,259.5490041605336,0.10204081632653061,51.01855583941389,0.6544157242864835,0.14118911382845856,130.88219447284715,0.2801749271137026,56.03457853475785,0.7330371567043619,0.07907577913967875,73.3031833886703,0.42857142857142855,42.856831657697214,0.7821755519655358,0.04218827151529234,39.108493616912256,0.5300291545189504,26.501265290371947,0.8101777059773829,0.017479501232975786,16.203483523823778,0.5900874635568513,11.80169785321805,0.8342757135164244,0.008999745851940601,8.342757135164243,0.6422740524781341,6.422740524781342,0.4222328869196363,0.7804517172273306,0.15830721003134796,15.777951933124347,0.4200626959247649,8.401974437699286,0.4827586206896552,4.828000236588395
2019-11-19,322,6885750,6622,3213,0.0009616962567621537,0.276712988566986,0.9165361245424211,0.010774356964844582,0.3578979160374509,0.34417659018297997,357.8849223576645,0.029878618113912233,29.87753335432343,0.47674418604651164,0.2292332268370607,238.36343879391285,0.09990662931839403,49.951501076759484,0.6029900332225914,0.11597780940486219,120.59713094375262,0.23809523809523808,47.61870184188579,0.6925400181214135,0.06660083069505358,69.25349893664531,0.38530967942732647,38.530688157029154,0.7565690123829659,0.03637947935954689,37.8284506191483,0.5007780890133832,25.038904450669154,0.7852612503775295,0.015103634166744121,15.705202199283953,0.5580454403983816,11.160892599286516,0.8174267592872244,0.007861139712769959,8.174243850378398,0.6243386243386243,6.243368109216083,0.37832502832173054,0.7906261998108159,0.1457286432160804,14.52428810720268,0.40871021775544386,8.174905401794565,0.47738693467336685,4.774278769490678
2019-11-20,323,6885750,5899,2591,0.0008566968013651382,0.2673498159273755,0.9270147451094695,0.0056561520266397314,0.3900661129004916,0.33415625907638685,390.05195133670634,0.03627942879197221,36.27811164744738,0.49889811832513986,0.2136944525123439,249.44000277790676,0.10073330760324199,50.36482521267961,0.5658586201051026,0.09695314996078887,113.17090224487234,0.15939791586260132,31.879351684652676,0.6367180878114935,0.05454703883354149,63.671346439745435,0.23928984947896564,23.928811191870047,0.724190540769622,0.03102058599281124,36.20952703848109,0.38247780779621765,19.123890389810885,0.7774199016782506,0.013320204827920729,15.54833029222837,0.495175607873408,9.903469009797927,0.8175962027462281,0.007004310344827586,8.175950153737336,0.5854882284832111,5.854873781947485,0.2652608339362788,0.8258750996398132,0.09534368070953436,9.50258684405026,0.4523281596452328,9.04733905595722,0.5853658536585366,5.854160565619378
2019-11-21,324,6885750,5148,2381,0.000747630977017754,0.23273637307995282,0.9226688588741322,0.005874790811622558,0.3921911421911422,0.2932036015103108,392.17690347700517,0.03527929441411172,35.27801358001304,0.49786324786324787,0.18610223642172524,248.9225863327301,0.09071818563628728,45.35744603144534,0.6047008547008547,0.09041796160213773,120.93929275484071,0.20327593448131037,40.65489168592416,0.6717171717171717,0.05021929187603474,67.17122941635708,0.30323393532129356,30.323173344253355,0.7123154623154623,0.026627455251788112,35.615773115773116,0.38177236455270896,19.088618227635447,0.756993006993007,0.011319011989961892,15.139838152657363,0.4766904661906762,9.53379547812427,0.8057498057498057,0.006024026396505251,8.057486355815081,0.5816883662326754,5.8168752146264815,0.34639339817048986,0.828215819456793,0.16891891891891891,16.835585585585587,0.49774774774774777,9.95580872467665,0.5833333333333334,5.833833619210978
2019-11-22,325,6885750,4518,2249,0.0006561376756344624,0.20006636249441015,0.911509782563047,0.005096054690359881,0.3782647189021691,0.2481847226256172,378.2509857944541,0.03201422854602046,32.01306625192569,0.4856131031429836,0.15930874237583503,242.79773634670343,0.0840373499333037,42.01714945565248,0.5920761398849048,0.07769612826396352,118.41436812607057,0.21076033792796797,42.1517615059254,0.6409915891987605,0.04205756774811932,64.09869347534587,0.28679413072476656,28.679204822069497,0.6766268260292164,0.022198017645136695,33.831341301460824,0.352156514006225,17.60782570031125,0.7208942009738822,0.009460075692223685,14.417821203569996,0.4393063583815029,8.78608888818822,0.7695883134130146,0.005049544204932781,7.695860781123484,0.5371276122721209,5.3712605216304885,0.37554218159765484,0.820130579027959,0.20454545454545456,20.386363636363637,0.4727272727272727,9.45535630750039,0.5568181818181818,5.568659363792297
2019-11-23,326,6885750,4350,2176,0.0006317394619322514,0.186596336267365,0.8935393550129633,0.004887792660507735,0.34413793103448276,0.21739761835608482,344.12543691848526,0.02389705882352941,23.89619122772548,0.455632183908046,0.14391519024106883,227.80782096607808,0.07950367647058823,39.750395023043346,0.5760919540229885,0.07278747567457666,115.21755416694626,0.19117647058823528,38.23501647892594,0.6494252873563219,0.041026460251532136,64.94205716712354,0.3102022058823529,31.01999534047477,0.6954022988505747,0.021965653705115638,34.770114942528735,0.3952205882352941,19.761029411764707,0.7255172413793104,0.00916671749605709,14.510281608844853,0.4522058823529412,9.0440782436028,0.7606896551724138,0.004805576734560505,7.6068965517241365,0.5225183823529411,5.225183823529411,0.4088020462712827,0.8105823620413064,0.19821826280623608,19.755753526354862,0.48997772828507796,9.800395007774089,0.5545657015590201,5.546132629399428
2019-11-24,327,6885750,4025,2072,0.000584540536615474,0.1680135808513923,0.8980014468151302,0.004839680096950933,0.3356521739130435,0.19619517862329364,335.63998787710415,0.020752895752895753,20.75214230765349,0.4511801242236025,0.13186174847516702,225.5818719410885,0.07722007722007722,38.60863685144835,0.5798757763975155,0.0677916872404078,115.97431314674235,0.2166988416988417,43.33945363582443,0.6496894409937888,0.03797670568416161,64.96847233905983,0.32287644787644787,32.28741033671107,0.6872049689440993,0.0200849580655702,34.36024844720497,0.39333976833976836,19.666988416988417,0.7140372670807453,0.008347613930117053,14.280641644547453,0.444980694980695,8.899549276665951,0.7505590062111801,0.004387308899367827,7.505568261819135,0.5154440154440154,5.154425183158352,0.4193308122856771,0.8010169156059009,0.21076233183856502,21.00597907324365,0.5044843049327354,10.090551423363,0.5515695067264574,5.516168111438439
2019-11-25,328,6885750,3868,1965,0.0005617398250009077,0.18959914728415805,0.9094272447810879,0.0049559687314207485,0.3642709410548087,0.20461806564042986,364.25771599885985,0.03307888040712468,33.07767946026122,0.46923474663909,0.13178913738019168,234.6088554073565,0.08142493638676845,40.71099010493688,0.5897104446742503,0.06625228731592553,117.94123251955384,0.22748091603053436,45.4958528437437,0.6538262668045501,0.03672775857561939,65.3821519162542,0.3251908396946565,32.51884783797788,0.6895036194415719,0.01936608212613005,34.47518097207859,0.39083969465648855,19.541984732824428,0.7140641158221303,0.008022260174503039,14.281095655787047,0.438676844783715,8.77342222290807,0.7613753877973113,0.004276930137181264,7.613720706332959,0.5307888040712468,5.307864915279878,0.38459913013739516,0.8199125844218115,0.18243243243243243,18.18243243243243,0.5,10.000857632933105,0.5698198198198198,5.698686894441612
2019-11-26,329,6885750,3820,1776,0.0005547689068002759,0.22745351943641096,0.9427622464409275,0.005702960562028823,0.40680628272251307,0.2256752831832704,406.79151339769743,0.018018018018018018,18.01736386400923,0.49607329842931935,0.13759802497821666,248.02764410831293,0.0731981981981982,36.597770348768755,0.6196335078534031,0.06875018153300996,123.92580169919461,0.23423423423423423,46.84650667688223,0.7013089005235602,0.03890615469516977,70.13038080949352,0.3721846846846847,37.21819821324417,0.7581151832460733,0.021028936571905747,37.90575916230367,0.48536036036036034,24.26801801801802,0.7973821989528795,0.008847244167673575,15.947620818732545,0.5686936936936937,11.373857355909447,0.8513089005235602,0.004722790222139604,8.513076641910413,0.6824324324324325,6.824314413545667,0.4645872481140517,0.848577822761037,0.23192019950124687,23.114713216957608,0.57356608478803,11.472305514087852,0.6259351620947631,6.259888443556632
2019-11-27,330,6885750,3651,1474,0.0005302254656355517,0.28476065383701143,0.9423601828504731,0.0067193268379966845,0.45768282662284304,0.24266627940749347,457.66621019724687,0.022388059701492536,22.387246890727887,0.5820323199123528,0.15429857682253847,291.00559445516143,0.11601085481682497,58.003321489613164,0.7009038619556286,0.07432687559905893,140.17975449362368,0.2971506105834464,59.42969057553127,0.7718433305943577,0.040924801765953124,77.18377259926369,0.4443690637720488,44.436583706590156,0.822788277184333,0.021813164869476816,41.13941385921665,0.5671641791044776,28.35820895522388,0.8649685017803341,0.009172553211264988,17.299344912207037,0.669606512890095,13.392110808779194,0.8863325116406464,0.004699547036860075,8.863299372516916,0.7204884667571235,7.2048637406896585,0.5091205464596829,0.8547999354744014,0.2751322751322751,27.421516754850085,0.582010582010582,11.641209943096737,0.6693121693121693,6.693695717280623
2019-11-28,331,6885750,4114,1794,0.0005974657807791454,0.2443721795959241,0.9565259526725752,0.009308833896980194,0.42391832766164317,0.25326749927388903,423.9029370746673,0.04738015607580825,47.37843591330187,0.54229460379193,0.1619953528899216,271.1374577447199,0.13043478260869565,65.21502355125081,0.6849781234807972,0.08184960353190625,136.99462992703533,0.3171683389074693,63.433207169308055,0.7637335926105979,0.04563013738418194,76.37280468962828,0.4659977703455964,46.599438658648104,0.8169664560038892,0.024405475075336747,40.84832280019446,0.584726867335563,29.23634336677815,0.8636363636363636,0.010319788550349996,17.272601849920388,0.6911928651059086,13.82375692266116,0.9022848808945065,0.005390843408488545,9.022848808945065,0.7792642140468228,7.792642140468229,0.518995501311036,0.8715979611816849,0.26912181303116145,26.82247403210576,0.6203966005665722,12.408996156443909,0.6940509915014165,6.94110515600173
2019-11-29,332,6885750,4608,2012,0.000669208147260647,0.2628851159782853,0.9477582445774994,0.009147991902414951,0.4292534722222222,0.28724949172233516,429.23788793990224,0.03777335984095427,37.7719884584448,0.5611979166666666,0.1877722916061574,280.5887710345266,0.12972166998011928,64.85848018193482,0.6831597222222222,0.09143454645792791,136.63095231611916,0.2952286282306163,59.045296896191175,0.7569444444444444,0.050654971099944816,75.69389480283095,0.44831013916500995,44.830688384145155,0.7960069444444444,0.026634716624913773,39.80034722222223,0.5347912524850894,26.73956262425447,0.8337673611111112,0.011159262013198253,16.675323005073757,0.6207753479125249,12.41548892755097,0.8756510416666666,0.005859919602193513,8.756497699827253,0.7162027833001988,7.162017431785808,0.49928134978527916,0.8654395981577963,0.2782608695652174,27.733333333333334,0.6028985507246377,12.059005145797599,0.663768115942029,6.638250428816467
2019-11-30,333,6885750,5679,2512,0.0008247467596122427,0.2673892104051553,0.9483596687010476,0.009138558721453421,0.3937312907201972,0.3247168167295963,393.7169960901246,0.01910828025477707,19.107586518200872,0.5240359218172214,0.2160906186465292,262.0084482030883,0.09036624203821655,45.181480621162486,0.6555731642894875,0.10813558337448081,131.1136807925394,0.25119426751592355,50.238488702772976,0.73252333157246,0.06041418571553051,73.251801248585,0.3996815286624204,39.96786264467834,0.783764747314668,0.032320371782304035,39.18823736573341,0.5131369426751592,25.656847133757964,0.8286670188413453,0.013668669817102392,16.573171895247896,0.6142515923566879,12.28490695972321,0.8786758232083113,0.007246839855005112,8.786745471315628,0.7269108280254777,7.269097723528605,0.543846208903011,0.8959481627296586,0.2782152230971129,27.72878390201225,0.6141732283464567,12.284518037303657,0.6955380577427821,6.955977093772369
2019-12-01,334,6885750,6793,2900,0.0009865301528519043,0.3270300863809467,0.9396886539140444,0.01222882234834352,0.3912851464743118,0.3860005808887598,391.2709406528453,0.01793103448275862,17.930383486734705,0.536287354629766,0.26452221899506245,268.1339422118727,0.10241379310344828,51.205037457309686,0.672162520241425,0.13262075575822707,134.43152789080114,0.2679310344827586,53.58581778993451,0.7601943176799647,0.07499491707572105,76.01887976654588,0.44862068965517243,44.861743207660744,0.8070072133078169,0.03980684747485749,40.35036066539084,0.5537931034482758,27.689655172413794,0.8471956425732372,0.016715608108304362,16.943839030142318,0.646551724137931,12.930978144764307,0.8841454438392463,0.00872234873129473,8.84144159819118,0.7324137931034482,7.324127294390262,0.516887581050713,0.8714395500564354,0.23798076923076922,23.71875,0.5793269230769231,11.587532161234991,0.6658653846153846,6.659224914236707
2019-12-02,335,6885750,8105,3632,0.0011770685836691719,0.38973158511432165,0.9359969938259535,0.017833802361121316,0.39518815545959285,0.46514667441185015,395.1738079372482,0.018997797356828192,18.997107631394094,0.5336212214682294,0.31404298576822537,266.8009240288165,0.10820484581497797,54.100458689404924,0.6872301048735349,0.16178221847860816,137.44502293511118,0.33094713656387664,66.18894669013662,0.7661937075879087,0.09018559934938569,76.61881440099106,0.48595814977973567,48.59546210819099,0.8096236890808143,0.047649130450568206,40.481184454040715,0.5787444933920705,28.937224669603523,0.8396051819864281,0.019765428943210334,16.79207925301796,0.6437224669603524,12.874430641998115,0.8668723010487354,0.01020366669764848,8.668710421139176,0.704295154185022,7.042941313565265,0.45772067419343454,0.8101570348859912,0.201980198019802,20.13069306930693,0.4910891089108911,9.822624526603603,0.5801980198019802,5.802477794949306
2019-12-03,336,6885750,9940,4398,0.0014435609773808227,0.41553032757952624,0.9482170715869007,0.019212479846153013,0.3811871227364185,0.550246877722916,381.17328352923226,0.01227830832196453,12.27786255125868,0.5236418511066399,0.3779407493465001,261.811420001274,0.07344247385175079,36.71990374126438,0.6778672032193159,0.19570710738040606,135.57245620167313,0.2903592542064575,58.07142916297641,0.7590543259557344,0.10957332481338407,75.90488142190738,0.4602091859936335,46.02058442672837,0.8107645875251509,0.058519406019678324,40.53822937625755,0.5741246020918599,28.706230104593,0.849496981891348,0.02452583577797787,16.9898162684317,0.6614370168258299,13.228644278394547,0.887122736418511,0.012806157644410558,8.87122736418511,0.7462482946793997,7.4624829467939975,0.47052637408750164,0.8097283534176919,0.19659735349716445,19.594202898550723,0.4952741020793951,9.906331568349616,0.5652173913043478,5.652658662092623
2019-12-04,337,6885750,10483,4577,0.0015224194895254693,0.38440697431589904,0.9370388518178976,0.015142238132215572,0.3566727081942192,0.5429857682253848,356.65975899627426,0.008520865195542932,8.52055584086694,0.5029094724792521,0.38280569270984605,251.4456070377585,0.05767970286213677,28.838804384472716,0.6536296861585424,0.19901826948212262,130.72498798879383,0.23443303473891194,46.886266489106944,0.7302298960221311,0.11117081530105434,73.02245935888915,0.38824557570461,38.82427565290915,0.7894686635505104,0.06009512398794612,39.473433177525514,0.519117325759231,25.95586628796155,0.8266717542688162,0.02517078724788549,16.533411074322952,0.6036705265457724,12.073392997033158,0.8611084613183249,0.013109683041063065,8.611084613183248,0.6823246668123225,6.823246668123225,0.4911410453727177,0.8118956100014711,0.19649122807017544,19.583625730994154,0.49122807017543857,9.825403990250068,0.5666666666666667,5.667152658662093
2019-12-05,338,6885750,9668,4216,0.001404059107577243,0.3245836340622953,0.9353957353404484,0.01069385936110088,0.32023169218038894,0.4496079000871333,320.2200659934814,0.004506641366223909,4.506477750141777,0.46028134050475794,0.3231193726401394,230.13231486934626,0.03510436432637571,17.551544921604815,0.6219486967314853,0.1746492782247524,124.38883611254539,0.18500948766603414,37.00162885057349,0.6979726934215971,0.09799878009817305,69.79676252182406,0.319022770398482,31.90204538719317,0.7657219693835333,0.05375594524924663,38.28609846917666,0.4651328273244782,23.256641366223906,0.815473727761688,0.02289943303280974,16.309450869432112,0.5773244781783681,11.546472794917912,0.8523996690111709,0.011968125661688781,8.523947173662963,0.6620018975332068,6.61998051921316,0.5082297374857703,0.8354317651600907,0.20411985018726592,20.34394506866417,0.5337078651685393,10.675072754254439,0.6217228464419475,6.217761674407848
2019-12-06,339,6885750,9288,3828,0.0013488726718222416,0.3284119326013133,0.946497669753951,0.008130575629802636,0.3364556416881998,0.4538193435957014,336.44342648192304,0.0018286311389759666,1.8285647495213133,0.47243755383290265,0.31861748475167007,236.21020086442851,0.02115987460815047,10.579553193659027,0.6238156761412575,0.1682883615556653,124.76222928315269,0.15047021943573669,30.093825364652588,0.6990740740740741,0.09429550669493741,69.906899787324,0.28422152560083597,28.421946177727445,0.7639965546942291,0.05152670369966961,38.199827734711455,0.428944618599791,21.447230929989555,0.8064168819982773,0.021755042290175667,16.128314217224062,0.5310867293625914,10.621719161598616,0.842807924203273,0.011368405765530262,8.42807924203273,0.6191222570532915,6.191222570532916,0.5000126449707305,0.8426576613848787,0.19120458891013384,19.056724028043337,0.5372848948374761,10.746619483190067,0.6367112810707457,6.367658875270982
2019-12-07,340,6885750,7854,2778,0.0011406164905783684,0.3405670519041078,0.9569319263885699,0.007761244937922944,0.36694677871148457,0.4185303514376997,366.9334565077846,0.006119510439164867,6.1192882669880175,0.52113572701808,0.29719721173395297,260.5584034500976,0.033837293016558675,16.918032267555105,0.689712248535778,0.15733829039472538,137.9414480628317,0.19582433405327573,39.16458242200888,0.7645785586962057,0.08720845798600017,76.45730068463212,0.3444924406047516,34.44899391347655,0.8172905525846702,0.0466107540935991,40.86452762923351,0.48596112311015116,24.29805615550756,0.8556149732620321,0.019518485923163388,17.11222491029059,0.5932325413966882,11.864599135964978,0.87764196587726,0.01001051445301608,8.77640691301954,0.6551475881929446,6.551466367401083,0.5848597060836636,0.8620921762706014,0.21696252465483234,21.623931623931625,0.5996055226824457,11.993138936535162,0.6903353057199211,6.903945111492281
2019-12-08,341,6885750,7245,2517,0.0010521729659078531,0.29870078473058903,0.9512051007215745,0.009430232304765756,0.3826086956521739,0.402555910543131,382.5948048340047,0.01708382995629718,17.08320971849743,0.5472739820565907,0.28790299157711297,273.6270564875232,0.07628128724672228,38.13925890641286,0.7097308488612837,0.149350837956374,141.9451390556387,0.2506952721493842,50.13869035413814,0.788543823326432,0.08296784687327544,78.85380974570826,0.41279300754866904,41.2790010126383,0.8437543133195307,0.04438877391714773,42.18771566597653,0.5538339292808899,27.691696464044497,0.8717736369910283,0.01834505313849702,17.435396776867613,0.6313071116408423,12.62608722317858,0.8935817805383023,0.009402012268798216,8.935804828140416,0.6940802542709575,6.940792462772803,0.5929160700525269,0.8593930234687946,0.2147117296222664,21.399602385685885,0.6163021868787276,12.327100859678977,0.6779324055666004,6.779905472823436
2019-12-09,342,6885750,5543,2127,0.0008049958247104528,0.2348269581101239,0.9337057328121908,0.005695103057286141,0.3694750135305791,0.2974150450188789,369.4615995379298,0.009402914903620122,9.402573525646567,0.5249864694208912,0.2112982863781586,262.4837047498476,0.06017865538316878,30.088235282069014,0.6808587407541042,0.10961689273577507,136.1707593641283,0.21861777150916784,43.723236811096825,0.7385892116182573,0.05945569142292834,73.85838484853488,0.3319228960977903,33.19204858992941,0.7744903481869024,0.03117307482845006,38.72451740934512,0.41748942172073344,20.87447108603667,0.8324012267725058,0.013401531852600576,16.64795200325535,0.5655853314527504,11.311657346156212,0.8628901316976366,0.006946199268637685,8.628863722536883,0.6445698166431594,6.44567008378228,0.577720873094461,0.8515515515853052,0.20637898686679174,20.56910569105691,0.5947467166979362,11.895954482700917,0.651031894934334,6.510877295736937
2019-12-10,343,6885750,5022,2559,0.0007293323167410958,0.1439708448263393,0.8934441186108815,0.005187488208075356,0.28474711270410197,0.20766773162939298,284.7367748042797,0.007815552950371238,7.815269202442457,0.40242931103146157,0.14674702294510603,201.20735030749975,0.047284095349745994,23.641189337388433,0.5515730784547989,0.080455430015394,110.3138146611906,0.182883939038687,36.57652221196198,0.6340103544404619,0.046240088297656044,63.400575068814234,0.29738178976162566,29.737963037716952,0.6871764237355635,0.025058998656645973,34.35882118677818,0.3892145369284877,19.460726846424386,0.7264038231780168,0.010595718725493043,14.527970970542357,0.46385306760453304,9.276993988375827,0.7590601354042215,0.0055360467514210445,7.59056828327309,0.5279406017975772,5.279383016633798,0.4688559671118767,0.8154370913256754,0.17712177121771217,17.653136531365313,0.5276752767527675,10.554410638446008,0.5867158671586716,5.867661858436766
2019-12-11,344,6885750,6056,2980,0.0008794975129797044,0.18553575617770876,0.9187089315035079,0.006492949858444375,0.3011889035667107,0.264885274469939,301.1779687386695,0.019798657718120807,19.79793891701283,0.4248678996036988,0.18682834737147835,212.4262372709969,0.0674496644295302,33.72360781626762,0.5685270805812418,0.1000029045281594,113.70459046479088,0.18523489932885906,37.04671085578121,0.6431638044914135,0.05656568590432484,64.31591342729604,0.2909395973154362,29.09374847098035,0.6979854689564069,0.030693824202156626,34.89927344782034,0.3919463087248322,19.59731543624161,0.7395970937912814,0.013009381625954863,14.79183446679635,0.4738255033557047,9.476441255138237,0.7858322324966975,0.006911364903801468,7.85831091254144,0.5671140939597316,5.671132703555194,0.476087074501224,0.8423362764495501,0.17204301075268819,17.14695340501792,0.510752688172043,10.215929840092956,0.6200716845878136,6.2012486397757245
2019-12-12,345,6885750,7551,3674,0.0010966125694368805,0.20609284021076874,0.9346367865802893,0.009320233867792908,0.29837107667858564,0.3271855939587569,298.36024415329234,0.021774632553075667,21.773842013119484,0.4249768242616872,0.23300900377577694,212.4806976227064,0.07403375068045727,37.015531422303134,0.5645609852999602,0.12382003543524354,112.9113771683523,0.18372346216657595,36.74442561833049,0.6530260892597007,0.07161114177001945,65.3021347428038,0.30538922155688625,30.53870040279023,0.7250695272149384,0.03975601786297789,36.25347636074692,0.43930321175830156,21.965160587915083,0.7716858694212687,0.016924734743195398,15.433650146729931,0.5337506804572673,10.674967100193816,0.8222751953383658,0.009017146956694748,8.222728070065006,0.6371801850843767,6.371783343685234,0.5179337437036222,0.8775127754007543,0.1757469244288225,17.516110134739307,0.5307557117750439,10.616024622656584,0.6520210896309314,6.520770091068861
2019-12-13,346,6885750,9018,4785,0.001309661256943688,0.19069580022475555,0.9231232627398063,0.011756102784307451,0.23563983144821468,0.30859715364507695,235.63127641512403,0.017136886102403343,17.13626393837116,0.3517409625194056,0.23032239326169038,175.86409618559375,0.06499477533960292,32.49620783435019,0.5198491905078731,0.13616428011269568,103.96908314326839,0.18934169278996865,37.8680635838545,0.6170991350632069,0.08081849603531906,61.709465410866954,0.303239289446186,30.323708752854788,0.6902860944777113,0.045202047707221436,34.514304723885566,0.4236154649947753,21.180773249738763,0.7523841206475937,0.019707280801884462,15.0476168531355,0.5370950888192267,10.741854976014308,0.8161454868041694,0.010688725718003531,8.161443015385098,0.6564263322884013,6.5642537897848,0.5284280615467922,0.8879031826538006,0.16722408026755853,16.666666666666668,0.5418060200668896,10.837049742710121,0.6688963210702341,6.689536878216123
2019-12-14,347,6885750,9923,4804,0.001441092110518099,0.3167680318056495,0.932395993047292,0.01335646931028366,0.3154288017736572,0.45454545454545453,315.4173499583154,0.009367194004995838,9.366853923889062,0.4370654036077799,0.31491431890792915,218.52476785450702,0.07181515403830141,35.90627337490807,0.5777486647183312,0.16651659937843097,115.54889390003336,0.2033721898417985,40.67414261823358,0.6697571299002318,0.09651747073687879,66.97522665791223,0.3378434637801832,33.78410105905481,0.7371762571802882,0.053116944414188724,36.858812859014414,0.46253122398001667,23.126561199000832,0.7882696765091203,0.02271935124082164,15.765370634534678,0.5645295587010825,11.290574777006396,0.8360374886627028,0.012048070290091856,8.360374886627028,0.6627810158201499,6.627810158201498,0.5489630967933742,0.8742888202917879,0.16260162601626016,16.205962059620596,0.5300813008130081,10.602535246621763,0.6552845528455284,6.553407522068359
2019-12-15,348,6885750,10923,5203,0.0015863195730312601,0.31613586317732445,0.9364618040226095,0.016007159435585273,0.2942415087430193,0.466744118501307,294.2308261439508,0.0023063617143955412,2.3062779806707954,0.4222283255515884,0.33488237002614,211.10649816053225,0.045358447049778976,22.67840014326282,0.5887576673075162,0.1867902059310465,117.75067842989138,0.21391504901018643,42.7826991408955,0.6926668497665477,0.10987830027012112,69.2661820090622,0.37574476263694023,37.57420342338307,0.7633434038267876,0.06054532912173692,38.16717019133938,0.5091293484528157,25.456467422640785,0.8125057218712808,0.025777837159587324,16.25009083783104,0.608110705362291,12.162196444396537,0.837681955506729,0.01328827422350732,8.376795224253001,0.6605804343647895,6.605785156819571,0.6093859341318009,0.8682292699384344,0.1634182908545727,16.28735632183908,0.5742128935532234,11.485242798840718,0.679160419790105,6.786366456874391
2019-12-16,349,6885750,13307,6244,0.0019325418436626366,0.30947443815057973,0.9013501034749395,0.016272234545844273,0.25963778462463366,0.5017426662794074,259.62835833271436,0.009609224855861628,9.608875987692302,0.40196888855489593,0.38839674702294513,200.97714742716198,0.05941704035874439,29.70744159528204,0.5748102502442324,0.22216735891254466,114.9612152725674,0.190903267136451,38.18037618533264,0.6771623957315699,0.1308616157655499,67.71476446664425,0.3377642536835362,33.77568959469945,0.7419403321560081,0.07169153686962204,37.097016607800406,0.45595771941063423,22.797885970531713,0.7937175922446833,0.030677715523876742,15.874282683439864,0.5631005765534913,11.261962464682878,0.8261065604569023,0.015964854954071815,8.261065604569025,0.6314862267777066,6.314862267777066,0.6066518060544258,0.8581306642748814,0.16302765647743814,16.24842309558467,0.5545851528384279,11.092654317751128,0.6724890829694323,6.725467578479032
2019-12-17,350,6885750,14349,6722,0.0020838688596013506,0.33955744692087453,0.9364723594127675,0.01852091190725346,0.2673357028364346,0.5570723206505954,267.3259970673801,0.018000595060993753,17.99994153953496,0.39995818523938953,0.41671507406331687,199.9718322692511,0.06307646533769712,31.537087656044722,0.5801798034706251,0.24180196927009207,116.03511811983668,0.20157691163344243,40.31508958378042,0.6795595511882361,0.14161027041157165,67.95546166886051,0.33695328771199046,33.6950840986209,0.7434664436546101,0.0774643285045202,37.1733221827305,0.45745313894674206,22.872656947337102,0.7970590285037285,0.03321928153174087,15.941157419136156,0.568134483784588,11.362673173969835,0.8397797755941181,0.017499858403635323,8.397773364194851,0.6591788158286225,6.591769012168482,0.5910196346779326,0.855389125813376,0.1574468085106383,15.692198581560284,0.5588652482269504,11.178263567023102,0.6609929078014184,6.610495967300464
2019-12-18,351,6885750,13999,6304,0.002033039247721744,0.3429355209669417,0.9399649419727849,0.016784597116711528,0.274233873848132,0.5575079872204473,274.2239176372023,0.008883248730964468,8.882926219755822,0.41252946639045646,0.4193290734824281,206.25724464116217,0.044416243654822336,22.207315549389552,0.5896849774983928,0.2397687995585117,117.93613912136739,0.18623096446700507,37.245922436860795,0.6844774626759054,0.1391559441168782,68.44724924657433,0.32265228426395937,32.264994138234606,0.7521965854703907,0.07646225901317939,37.60982927351954,0.45558375634517767,22.779187817258887,0.8219872848060575,0.0334225996839855,16.439721821130306,0.6069162436548223,12.138307244940844,0.8754911065076076,0.01779907780561304,8.754911065076078,0.7250951776649747,7.250951776649746,0.6205902913910348,0.8764046447538945,0.16816816816816818,16.76076076076076,0.5780780780780781,11.562553119156892,0.6861861861861862,6.862450357733376
2019-12-19,352,6885750,11444,4541,0.0016619830810006171,0.33998509592985515,0.9389027922362397,0.008510759452453656,0.3101188395665851,0.5153935521347662,310.1075805323284,0.012772517066725391,12.772053353500487,0.4425900034952814,0.36777519604995645,221.28696751144597,0.04558467297951993,22.79150900150518,0.5975183502271932,0.19861163553980657,119.50280229100167,0.1398370402994935,27.967204979588058,0.6856868227892345,0.11395916233407882,68.56818437975213,0.25611098876899363,25.610912906504655,0.7479028311779098,0.06215009258250735,37.395141558895496,0.37392644791896057,18.696322395948027,0.8012932541069556,0.026634677944046843,16.02584180821571,0.5018718343977098,10.03742211086076,0.852673890248165,0.014171275211450878,8.52672651933309,0.6302576524994494,6.302567371935827,0.6205347430211444,0.8652489076955292,0.17337461300309598,17.2796697626419,0.5944272445820433,11.889564492403444,0.695046439628483,6.951060491001492
2019-12-20,353,6885750,9252,3054,0.0013436444831717677,0.3173754091366553,0.9584427459119885,0.00928031745227572,0.33376567228707305,0.4484461225675283,333.75355474160807,0.012770137524557957,12.769673897723635,0.4915693904020752,0.33023525994772,245.77577185311426,0.054027504911591355,27.012771706723075,0.6793125810635539,0.18254959481832175,135.8615296714504,0.2059593975114604,41.19158039485719,0.7730220492866408,0.10386592698016207,77.30164361258657,0.35887360838244925,35.887100248619625,0.8280371811500216,0.05562937951566641,41.401859057501085,0.491486574983628,24.574328749181404,0.8745136186770428,0.02350067385444744,17.49024697289899,0.6267190569744597,12.53436293615196,0.9067228707306528,0.01218311413700158,9.06721553921948,0.723313686967911,7.233126365193229,0.6440233346798778,0.8981619305367613,0.18229166666666666,18.16840277777778,0.640625,12.81359884219554,0.7864583333333334,7.865257825900515
2019-12-21,354,6885750,7357,2729,0.0010684384417093272,0.21290806283656735,0.9541420122706727,0.008550437475973123,0.28612206062253637,0.3056927098460645,286.11167280447717,0.005130084279956028,5.129898029437586,0.4221829550088351,0.2255300609933198,211.0838137127568,0.03920850128252107,19.60353889820792,0.6374881065651761,0.1362223706758837,127.4966955119568,0.20410406742396484,40.82051707178733,0.7390240587195868,0.07895959801330274,73.90186924291143,0.35983876877977283,35.98361558751809,0.8235693896968873,0.0439966597683622,41.17846948484437,0.5360938072554049,26.804690362770245,0.8708712790539622,0.018609420020447996,17.417400286230773,0.6537193111029681,13.074367234487589,0.898735897784423,0.009602439821370221,8.987358977844229,0.7288384023451814,7.288384023451814,0.5982799321617908,0.8786788634966772,0.19047619047619047,18.984126984126984,0.63003663003663,12.601813281058565,0.7490842490842491,7.491484930164177
2019-12-22,355,6885750,7222,2625,0.0010488327342700506,0.2591811267057268,0.9479205470281502,0.008661314967246505,0.3230407089448906,0.33880336915480685,323.02898077509155,0.015238095238095238,15.23754201070495,0.4579063971199114,0.24012489108335755,228.9448862887329,0.05104761904761905,25.52288286793079,0.643727499307671,0.1350315141305295,128.74456499920984,0.20723809523809525,41.447318083177386,0.7557463306563279,0.07926457347003979,75.57408429400809,0.38133333333333336,38.13305643498214,0.8267792855164774,0.043357344099451044,41.33866410035932,0.5375238095238095,26.875995319560335,0.8749653835502631,0.018353820057626175,17.49928225724168,0.6586666666666666,13.17331420206339,0.8935198006092495,0.009371460106305731,8.935133124756948,0.708952380952381,7.089472330219955,0.5871500762960812,0.855364980952224,0.1953405017921147,19.4689366786141,0.6093189964157706,12.187425072391596,0.7025089605734767,7.025692100555156
2019-12-23,356,6885750,7635,3094,0.001108811676287986,0.2631847880111282,0.9319834259142826,0.010175781811496146,0.32128356254092993,0.3562300319488818,321.2718981652931,0.03167420814479638,31.673058195328444,0.4586771447282253,0.2542840546035434,229.33024610168292,0.07207498383968972,36.03618355897063,0.6371971185330714,0.1413052949548346,127.43849832812735,0.22624434389140272,45.248540211746665,0.7460379829731499,0.08272096197972639,74.60325657523262,0.39528118939883644,39.52783191354727,0.8002619515389653,0.04436698979777076,40.01309757694827,0.5138978668390433,25.694893341952167,0.8298624754420432,0.0184031973231713,16.597225405111562,0.5843568196509373,11.68711942011177,0.8564505566470203,0.009496396190985176,8.564480690514234,0.6493212669683258,6.493193809882045,0.5304044266026664,0.8171750730443949,0.1794425087108014,17.88443670150987,0.5679442508710801,11.359859192809031,0.6358885017421603,6.3594303763424795
2019-12-24,357,6885750,7397,3227,0.0010742475402098536,0.19433171100750013,0.922898868310532,0.010084428560632632,0.275381911585778,0.295817600929422,275.3719136947097,0.02665013944840409,26.649171900500797,0.4297688251994052,0.23083067092651757,214.8766111034566,0.07065385807251318,35.325646472756866,0.6190347438150602,0.13299834441894914,123.80604976108951,0.2392314843507902,47.84594944286659,0.712991753413546,0.07659240756339132,71.2986576151983,0.372792066935234,37.278935997259396,0.7655806408003245,0.0411211560106016,38.279032040016226,0.47040594979857453,23.52029748992873,0.8088414221981884,0.017377892926851938,16.176804950800424,0.5658506352649519,11.316996269912524,0.8504799242936325,0.00913624639836416,8.50478689165013,0.6597458940192129,6.597449358883835,0.5367935693310556,0.8394463708464892,0.1840277777777778,18.341435185185183,0.5642361111111112,11.285690037164093,0.6423611111111112,6.424162021154945
2019-12-25,358,6885750,7647,3705,0.001110554405838144,0.25344867947553307,0.90109789735702,0.0068374560110468045,0.32156401203086177,0.35710136508858553,321.5523374733526,0.009176788124156544,9.17645495583952,0.4315417810906238,0.23961661341853036,215.76305686499873,0.03940620782726046,19.702388581655438,0.5636197201516935,0.12518516367016178,112.7231255056645,0.15303643724696356,30.607065200072007,0.6386818360141232,0.07092857765256035,63.86771983406792,0.27125506072874495,27.125309105883925,0.6951745782659866,0.03860145953599826,34.75872891329933,0.37543859649122807,18.771929824561404,0.7466980515234732,0.016584759448375216,14.933765839106792,0.4796221322537112,9.59231726896353,0.7854060415849353,0.008722336064085788,7.854037603410319,0.5592442645074224,5.592426401596311,0.4688079945796002,0.8213506700353875,0.18181818181818182,18.12121212121212,0.5213358070500927,10.42761037051652,0.5992578849721707,5.993092793019281
2019-12-26,359,6885750,8897,5020,0.0012920887339795955,0.2401312594011867,0.9013110340802485,0.009248748680143264,0.28267955490614816,0.3652338077258205,282.6692920701437,0.007171314741035857,7.171054382527977,0.36967517140609196,0.2388178913738019,184.83087507330072,0.03326693227091634,16.6328622483635,0.49971900640665395,0.12913532196694646,99.94307555736783,0.15796812749003983,31.593396086570678,0.5794087894795998,0.07486421330854803,57.94045822067378,0.26912350597609563,26.912155178409197,0.6424637518264583,0.041506008786261483,32.12318759132292,0.3719123505976096,18.595617529880478,0.6998988423063954,0.018086549381478932,13.997915859673887,0.4709163346613546,9.418285659415265,0.7577835225356861,0.009791192864134492,7.57780221020727,0.5725099601593625,5.725074658451666,0.41059028829352484,0.8143008364676694,0.16862745098039217,16.80653594771242,0.49411764705882355,9.883200484310361,0.5764705882352941,5.765200282514377
2019-12-27,360,6885750,13585,8879,0.0019729150782412954,0.21986864143759063,0.8774811306651193,0.012688162392520724,0.22458594037541407,0.4430729015393552,224.5777866598907,0.006532267147201261,6.532029989666146,0.3117408906882591,0.3075079872204473,155.86478638227422,0.050794008334271876,25.396082114995107,0.4125874125874126,0.16279880333439833,82.51688333160348,0.13976799189097872,27.953395398161625,0.4779536253220464,0.09429550669493741,47.79501547476373,0.2129744340578894,21.297288758228703,0.5319101950680898,0.052470682206005155,26.59550975340449,0.2883207568419867,14.416037842099335,0.610967979389032,0.024107653744383353,12.219306350414993,0.4071404437436648,8.142773398243742,0.693191019506809,0.013676070144864393,6.93191019506809,0.5326050230881856,5.326050230881856,0.4630668760195776,0.8426023205759882,0.17657342657342656,17.59848484848485,0.48776223776223776,9.756081397162015,0.5769230769230769,5.769725557461407
2019-12-28,361,6885750,16730,11478,0.0024296554478451873,0.19943701985538848,0.8463141719315902,0.012222684157352524,0.19288702928870294,0.4686320069706651,192.88002641950135,0.003920543648719289,3.9204013112356733,0.27585176329946204,0.33510020331106594,137.92087417508503,0.031277225997560554,15.638045230373407,0.36389719067543336,0.17682767434430277,72.77890966026796,0.10080153336818261,20.160160283190432,0.4276150627615063,0.10389497226175608,42.761195771152835,0.17407213800313642,17.407087400956993,0.4850567842199641,0.05892604291471517,24.252839210998207,0.25222164140094094,12.611082070047047,0.5696951583980873,0.027683218700622736,11.393886620909326,0.37410698728001396,7.482128879494365,0.6472803347280335,0.015726567719074037,6.472756346181354,0.48684439797874196,4.86840862845584,0.49097657799797223,0.8428670344233054,0.18612521150592218,18.550479413423577,0.47377326565143824,9.47627796013966,0.5956006768189509,5.956517574944929
