date,day,n_land,n_fire,n_new,base_rate,auc_pr,roc_auc,auc_pr_new,tpr_0.001,prec_0.001,lift_0.001,tpr_new_0.001,lift_new_0.001,tpr_0.002,prec_0.002,lift_0.002,tpr_new_0.002,lift_new_0.002,tpr_0.005,prec_0.005,lift_0.005,tpr_new_0.005,lift_new_0.005,tpr_0.01,prec_0.01,lift_0.01,tpr_new_0.01,lift_new_0.01,tpr_0.02,prec_0.02,lift_0.02,tpr_new_0.02,lift_new_0.02,tpr_0.05,prec_0.05,lift_0.05,tpr_new_0.05,lift_new_0.05,tpr_0.1,prec_0.1,lift_0.1,tpr_new_0.1,lift_new_0.1,cell_auc_pr,cell_roc_auc,cell_tpr_0.01,cell_lift_0.01,cell_tpr_0.05,cell_lift_0.05,cell_tpr_0.1,cell_lift_0.1,median_dist_fire_px
2020-01-14,13,6885750,1742,308,0.0002529862396979269,0.13646094417949753,0.9711236086825517,0.0003262502511507342,0.6010332950631458,0.1520476328783038,601.0114742203102,0.0,0.0,0.764638346727899,0.09671797850711589,382.30529305704545,0.0,0.0,0.8398392652123995,0.04249324697202939,167.9666333740823,0.09415584415584416,18.831032092018468,0.8576349024110218,0.021696825350721774,85.76286748492103,0.19480519480519481,19.480378026226003,0.8691159586681975,0.010993718912246306,43.45579793340987,0.2597402597402597,12.987012987012985,0.8817451205510907,0.004461381169253648,17.634876800337718,0.33116883116883117,6.62336700442879,0.9006888633754305,0.0022786188868314998,9.006888633754304,0.4383116883116883,4.383116883116883,0.41133739167405214,0.918663858295358,0.3192488262910798,31.818466353677625,0.6807511737089202,13.592875747636505,0.7464788732394366,7.465428937259923,0.0
2020-01-15,14,6885750,1030,376,0.00014958428638855607,0.05243580437822544,0.9386392247889962,0.00035852008498729945,0.44271844660194176,0.06622131861748475,442.70237346635497,0.0,0.0,0.5883495145631068,0.04400232355503921,294.16407710593325,0.0,0.0,0.6601941747572816,0.019750791483923436,132.03787617517068,0.06914893617021277,13.829686811526404,0.6864077669902913,0.010267507043480787,68.64027827635712,0.14095744680851063,14.09564232713268,0.7339805825242719,0.005489598082997495,36.699029126213595,0.2712765957446808,13.563829787234043,0.7689320388349514,0.0023003996653964123,15.378618442721695,0.3670212765957447,7.3404148716166375,0.7864077669902912,0.0011763424463566061,7.864077669902914,0.4148936170212766,4.148936170212766,0.1713013328312645,0.8690935805596233,0.17045454545454544,16.988636363636363,0.5170454545454546,10.341795961328552,0.5852272727272727,5.852774637455169,1.0
2020-01-16,15,6885750,861,351,0.00012504084522383182,0.041688553693647226,0.9447398361721276,0.0003834434985313346,0.45876887340301975,0.05736276503049666,458.75221754790056,0.0,0.0,0.5656213704994193,0.035361603252977054,282.8004176529463,0.0,0.0,0.6202090592334495,0.015510180371198699,124.04091113935127,0.06837606837606838,13.675114375105661,0.6573751451800233,0.00821981469110343,65.73703717684721,0.15954415954415954,15.954300104289938,0.7061556329849012,0.004414914860400102,35.307781649245065,0.2792022792022792,13.96011396011396,0.7502903600464577,0.0018763360907147505,15.005785408407775,0.38746438746438744,7.7492764952101325,0.8118466898954704,0.0010151399629669971,8.118466898954704,0.5384615384615384,5.384615384615385,0.19095866958314311,0.884492369726275,0.2032967032967033,20.26190476190476,0.489010989010989,9.781058564077432,0.6043956043956044,6.044474393530997,1.0
2020-01-17,16,6885750,656,346,9.526921540863377e-05,0.033421457779399526,0.8963740191633679,0.00023721265917899876,0.4176829268292683,0.0397908800464711,417.6677626219335,0.0,0.0,0.4740853658536585,0.022582050537322103,237.03407696244767,0.002890173410404624,1.4450342405383125,0.5060975609756098,0.009643033489209678,101.21877720781333,0.06358381502890173,12.71667066528973,0.5137195121951219,0.004894129948589851,51.37157819131489,0.07803468208092486,7.803411544609607,0.5594512195121951,0.0026649239371165086,27.972560975609753,0.16473988439306358,8.236994219653178,0.6371951219512195,0.001214099823403662,12.743883931405131,0.31213872832369943,6.242765500264061,0.6951219512195121,0.0006622372290600153,6.951219512195123,0.42196531791907516,4.219653179190751,0.20003099608153052,0.8672846813209454,0.23316062176165803,23.238341968911918,0.47150259067357514,9.430860565771114,0.5647668393782384,5.64815275642336,5.0
2020-01-18,17,6885750,521,395,7.5663507969357e-05,0.009016227882745932,0.7757253429971781,0.0002153069764233986,0.23416506717850288,0.017717107173976183,234.15656568753647,0.0,0.0,0.26103646833013433,0.009875108916642464,130.5134956291187,0.02531645569620253,12.657768284209016,0.28790786948176583,0.004356792239100758,57.58115577809606,0.060759493670886074,12.151810495347055,0.30710172744721687,0.002323622527520404,30.709949748317893,0.08607594936708861,8.607532434204165,0.36084452975047987,0.0013651381476237157,18.042226487523994,0.1569620253164557,7.848101265822785,0.4107485604606526,0.0006215726368621619,8.214959278836144,0.22278481012658227,4.455689731646511,0.5009596928982726,0.00037904367715935086,5.009596928982726,0.34177215189873417,3.4177215189873413,0.16758918934296116,0.8096110021403475,0.21105527638190955,21.035175879396984,0.39195979899497485,7.83986829516364,0.5276381909547738,5.272312720414411,45.35416188179427
2020-01-19,18,6885750,567,500,8.234397124496242e-05,0.0030287708821225444,0.7293246309160616,0.00019229544340188228,0.1111111111111111,0.00914899796688934,111.10707716139025,0.0,0.0,0.13051146384479717,0.0053732210281731045,65.25336277732444,0.014,6.999745861167587,0.15343915343915343,0.00252693949867844,30.68760785365973,0.04,7.999941909436812,0.1746031746031746,0.00143774143890325,17.46019067535812,0.064,6.39995352754945,0.2222222222222222,0.0009149330138329158,11.11111111111111,0.118,5.9,0.25749559082892415,0.00042406357468166187,5.149904337503092,0.158,3.1599954108188495,0.3403880070546737,0.0002802890026504012,3.4038800705467374,0.252,2.5200000000000005,0.07904185501640583,0.7667232673593775,0.11351351351351352,11.313513513513513,0.3027027027027027,6.054573269667609,0.42162162162162165,4.2165778128042275,72.83543093852057
2020-01-20,19,6885750,1189,1095,0.00017267545292814872,0.0034999444932214594,0.780914851877649,0.0003962607702764465,0.07653490328006729,0.013215219285506825,76.53212463850178,0.0009132420091324201,0.9132088533812898,0.09251471825063078,0.007987220447284345,46.25567972656701,0.014611872146118721,7.305670827050318,0.10849453322119428,0.003746841325626652,21.698749081525413,0.0319634703196347,6.392647644527132,0.12363330529857022,0.0021348281971593714,12.363240755752852,0.048401826484018265,4.840147502284829,0.14802354920100924,0.001278001670115819,7.401177460050462,0.07488584474885844,3.744292237442922,0.19932716568544995,0.000688377172599684,3.9865375241617107,0.13059360730593608,2.611868352968588,0.3069806560134567,0.0005300802381730385,3.069806560134567,0.24748858447488584,2.4748858447488584,0.07987089817732357,0.8163949335930935,0.10362694300518134,10.328151986183075,0.26424870466321243,5.276376960749521,0.41968911917098445,4.197251130920112,84.00595217006948
2020-01-21,20,6885750,1245,1069,0.00018080819082888575,0.013448906184444118,0.8894700748289093,0.0012049889876363103,0.14056224899598393,0.025413883241359278,140.55714580657803,0.0037418147801683817,3.74167893153419,0.16546184738955824,0.014957885564914319,82.7279201033002,0.02806361085126286,14.031295993253211,0.20240963855421687,0.0073194109616892735,40.48163375859591,0.07109448082319925,14.218792916679087,0.2385542168674699,0.0043132243167097505,23.855248464886877,0.11318989710009354,11.318907519198483,0.30522088353413657,0.0027593217877500634,15.261044176706825,0.19083255378858746,9.541627689429374,0.5341365461847389,0.0019315224463240079,10.682715409458263,0.45743685687558466,9.148723851052193,0.697991967871486,0.001262026649239371,6.979919678714858,0.6482694106641721,6.482694106641722,0.10735429515405008,0.845234792007934,0.16025641025641027,15.972222222222221,0.36538461538461536,7.308319039451115,0.5576923076923077,5.577401372212693,24.041630560342615
2020-01-22,21,6885750,1346,902,0.00019547616454271502,0.05678849396668038,0.9488116401677268,0.004892265115970372,0.3328380386329866,0.06505954109787976,332.8259547657694,0.03215077605321508,32.14960880168831,0.43164933135215455,0.042187046180656405,215.81683004342858,0.15188470066518847,75.9395932039879,0.5638930163447251,0.022045368729849836,112.7777843473726,0.3492239467849224,69.84428219159079,0.6515601783060921,0.012736355978971216,65.15554471188786,0.48004434589800443,48.004086014220334,0.6991084695393759,0.006832952111244237,34.9554234769688,0.5509977827050998,27.54988913525499,0.7570579494799405,0.0029597313876754345,15.14113700050975,0.6374722838137472,12.749427160605395,0.8194650817236255,0.0016018589115201684,8.194650817236255,0.7305986696230599,7.305986696230598,0.1894950105525851,0.8716631007700109,0.20512820512820512,20.444444444444446,0.46794871794871795,9.34375,0.5833333333333334,5.833833619210978,5.656854249492381
2020-01-23,22,6885750,1145,414,0.00016628544457756962,0.13491760096098665,0.9648103562397609,0.0022945228200072993,0.5921397379912664,0.09846064478652337,592.1182400338894,0.0,0.0,0.6978165938864629,0.05801626488527447,348.8956296364879,0.1642512077294686,82.12262224972324,0.7703056768558952,0.025617938365912456,154.06001668391414,0.3647342995169082,72.94633021285982,0.8096069868995633,0.013462488018821342,80.96011080838345,0.47342995169082125,47.34265139642558,0.8305676855895197,0.006905565842500817,41.528384279475986,0.5314009661835749,26.57004830917874,0.8759825327510917,0.002913258667162376,17.519625211714697,0.6570048309178744,13.14007753535631,0.8847161572052402,0.0014711541952583233,8.847161572052402,0.6811594202898551,6.81159420289855,0.24918374920965133,0.8705903876100646,0.302158273381295,30.115107913669064,0.5323741007194245,10.648395177511507,0.6187050359712231,6.187580981526956,1.4142135623730951
2020-01-24,23,6885750,1181,374,0.00017151363322804342,0.16284819700929082,0.9633803009241978,0.0015337738743643066,0.6604572396274344,0.11327330816148708,660.4332613657575,0.0,0.0,0.7392040643522438,0.06338948591344758,369.58861357199123,0.17647058823529413,88.23209068698638,0.7832345469940728,0.026866885474454674,156.64577193541598,0.3155080213903743,63.101146077108545,0.79424216765453,0.01362223706758837,79.42364004076767,0.3502673796791444,35.02648362754754,0.8035563082133785,0.006891043096249501,40.17781541066893,0.37967914438502676,18.983957219251337,0.869602032176122,0.0029829677479319638,17.392015385539814,0.5882352941176471,11.76468879679393,0.8916172734970365,0.001529245180263588,8.916172734970365,0.6577540106951871,6.577540106951872,0.3165145370413379,0.8888227981370338,0.3219178082191781,32.08447488584475,0.5684931506849316,11.370838130595175,0.6986301369863014,6.9869005380765525,1.0
2020-01-25,24,6885750,1484,604,0.00021551755436953127,0.15441994335949985,0.9530026217022883,0.0015390529619321999,0.5700808625336927,0.12285797269822829,570.0601654358662,0.0,0.0,0.6320754716981132,0.06810920708684287,316.02626192602986,0.09602649006622517,48.011501885965,0.6839622641509434,0.02948096081791513,136.79145953636058,0.22350993377483444,44.70166215951861,0.7129380053908356,0.015364953963228673,71.29328285195541,0.2947019867549669,29.4699846829419,0.7183288409703504,0.007740623751951494,35.916442048517524,0.3079470198675497,15.397350993377485,0.8443396226415094,0.00363939492517892,16.886767928605625,0.6175496688741722,12.350975440475217,0.8699460916442049,0.0018748865410449117,8.69946091644205,0.6804635761589404,6.804635761589404,0.3088541698677357,0.874108854374356,0.29069767441860467,28.972868217054263,0.5290697674418605,10.582302844150146,0.6569767441860465,6.570330886752563,1.4142135623730951
2020-01-26,25,6885750,1642,795,0.00023846349344661076,0.1605000239882426,0.968096983574801,0.002813520126311841,0.5091352009744214,0.12140575079872204,509.1167165422048,0.0,0.0,0.5511571254567601,0.06571304095265756,275.5685576977843,0.0729559748427673,36.47666306807907,0.6285018270401949,0.029974730605013215,125.69945265741154,0.23270440251572327,46.540542554899694,0.7058465286236297,0.016831740683725928,70.58414032458332,0.39245283018867927,39.244998046293794,0.7235079171741778,0.008626511273281777,36.17539585870889,0.4289308176100629,21.446540880503147,0.8714981729598051,0.0041564039408867,17.429938146139214,0.7345911949685534,14.69180256283901,0.9165651644336176,0.0021856733108230764,9.165651644336174,0.8276729559748428,8.276729559748428,0.3261536237911191,0.8816228999172493,0.27053140096618356,26.962962962962962,0.5314009661835749,10.628930817610064,0.6521739130434783,6.522298456260721,2.23606797749979
2020-01-27,26,6885750,2261,983,0.00032835929274225754,0.22744001724268412,0.9615063366069063,0.005813335979944688,0.5453339230429014,0.17905896020911996,545.3141243962617,0.0,0.0,0.6311366651923928,0.10361603252977054,315.5568757151117,0.1515768056968464,75.78565130896457,0.7350729765590447,0.0482732580092364,147.01352779172913,0.3906408952187182,78.12761173000345,0.7859354268022999,0.02580673269627349,78.59297198733533,0.5076297049847406,50.76260189228089,0.8009730207872623,0.01315034673056675,40.048651039363115,0.5422177009155646,27.110885045778232,0.8429898275099513,0.005536062831118134,16.85977206517987,0.6388606307222787,12.777194058450863,0.8960636886333481,0.0029423083905166466,8.96063688633348,0.7609359104781281,7.609359104781282,0.36949902411601504,0.8852325630367806,0.25092250922509224,25.008610086100862,0.5239852398523985,10.480603571044286,0.6642066420664207,6.64263606615483,2.0
2020-01-28,27,6885750,3058,1352,0.00044410558036524705,0.24788518226413636,0.9613973314095013,0.0060080021792922435,0.5219097449313277,0.23177461516119663,521.8907967122988,0.0,0.0,0.6118378024852845,0.1358553586988092,305.90779468944584,0.1220414201183432,61.018494668884806,0.6913015042511446,0.061401725289726684,138.25929689788606,0.30177514792899407,60.35459132859133,0.7419882275997384,0.03295187196839874,74.1982839785486,0.41642011834319526,41.64170945832956,0.7841726618705036,0.017412772755328033,39.20863309352518,0.5118343195266272,25.59171597633136,0.8655984303466318,0.007688330699879171,17.311943465236432,0.6960059171597633,13.920098127389977,0.9146500981033355,0.00406201212649312,9.146500981033356,0.8069526627218935,8.069526627218934,0.3836310153029351,0.8794544872018659,0.24281150159744408,24.200212992545264,0.5271565495207667,10.544035204050877,0.6900958466453674,6.901550315378756,2.0
2020-01-29,28,6885750,3836,1880,0.0005570925462004866,0.2141194932676368,0.9644622980993727,0.008309917177780946,0.4421272158498436,0.24629683415625908,442.11116417921295,0.0,0.0,0.544577685088634,0.15168457740342725,272.27895694881363,0.07074468085106383,35.37105621334685,0.6478102189781022,0.07217752476110256,129.56110300410896,0.28138297872340423,56.27618710228821,0.7148070907194994,0.03982108106538093,71.48019002761906,0.41808510638297874,41.80820705330675,0.7838894681960376,0.021834948988853794,39.19447340980188,0.5590425531914893,27.95212765957447,0.8866006256517206,0.009878357654057068,17.73198676131998,0.7686170212765957,15.372318100704408,0.9199687174139729,0.00512507715208946,9.19968717413973,0.8367021276595744,8.367021276595745,0.41543520041995585,0.884356538421108,0.24107142857142858,24.026785714285715,0.5714285714285714,11.429551580494978,0.6934523809523809,6.935118537123255,2.8284271247461903
2020-01-30,29,6885750,3584,1555,0.0005204952256471698,0.21098819672934976,0.9696661974574681,0.005287286381979096,0.46205357142857145,0.2404879465582341,462.03679632069213,0.0,0.0,0.5569196428571429,0.14493174557072322,278.4497117923012,0.019935691318327974,9.967483771070059,0.66015625,0.06872113625141596,132.03029127879114,0.21672025723472668,43.34373671190041,0.7212611607142857,0.03754102646025153,72.12559234059067,0.357556270096463,35.755367376582534,0.7912946428571429,0.020593254184366264,39.564732142857146,0.5189710610932476,25.94855305466238,0.8883928571428571,0.009248071382098709,17.76783133908655,0.7427652733118971,14.855283892286097,0.9321986607142857,0.004852049522564717,9.321986607142858,0.8437299035369775,8.437299035369776,0.435526293075607,0.8950277711339658,0.2448377581120944,24.402163225172075,0.5870206489675516,11.741419875832968,0.7079646017699115,7.080253191457065,2.0
2020-01-31,30,6885750,3003,1198,0.0004361180699270232,0.1537584502044422,0.9570005511357137,0.003239724603640853,0.4532134532134532,0.1976474005227999,453.19699905090556,0.0,0.0,0.5571095571095571,0.12147836189369736,278.54466547103783,0.0,0.0,0.6769896769896769,0.059049057480612274,135.3969522301452,0.19031719532554256,38.063162674282,0.73992673992674,0.032269307850939614,73.99213670816098,0.34808013355592654,34.80776060345525,0.7858807858807859,0.017136840576553024,39.29403929403929,0.46327212020033387,23.163606010016697,0.8464868464868465,0.007383353471512222,16.929712343145283,0.6151919866444073,12.303821864359861,0.8874458874458875,0.003870311875975747,8.874458874458876,0.7178631051752922,7.178631051752921,0.40567355733878246,0.9034127240195935,0.22658610271903323,22.58308157099698,0.5800604229607251,11.602203417058346,0.7129909365558912,7.130520850067108,2.0
2020-02-01,31,6885750,2020,800,0.0002933594742765857,0.08978741301536125,0.9433151346122146,0.0016240004017256183,0.4064356435643564,0.11922741794946268,406.42088769579834,0.0,0.0,0.549009900990099,0.08052570432762127,274.49498444253373,0.0,0.0,0.6678217821782179,0.03918208487031282,133.5633865820577,0.16125,32.249765822417146,0.7183168316831683,0.021072351796450665,71.83116157545058,0.28875,28.874790329373493,0.7579207920792079,0.011117162255382493,37.896039603960396,0.38875,19.4375,0.8054455445544555,0.00472569476717167,16.108887496560556,0.50875,10.17498522312715,0.8722772277227723,0.002558907889481901,8.722772277227723,0.6775,6.775,0.38952185651501925,0.8931767145106644,0.23367697594501718,23.289805269186715,0.5876288659793815,11.753585259323444,0.7250859106529209,7.251480964085516,1.4142135623730951
2020-02-02,32,6885750,2025,831,0.00029408561158915153,0.09066988480245644,0.9512802119904499,0.0022559287360433755,0.41728395061728396,0.12271275050827767,417.26880089499895,0.0,0.0,0.5318518518518518,0.07820214928841127,265.916271339594,0.0,0.0,0.6592592592592592,0.038775450927996745,131.8508944333104,0.16967509025270758,33.93477163750272,0.7377777777777778,0.021696825350721774,73.77724205369503,0.36101083032490977,36.10082089096034,0.7881481481481482,0.011589151508550267,39.407407407407405,0.48375451263537905,24.187725631768956,0.8330864197530864,0.004899967469095641,16.66170419769151,0.5932611311672683,11.865205391808654,0.9046913580246914,0.002660567113241114,9.046913580246914,0.7677496991576414,7.677496991576414,0.33479217161048475,0.872928194581738,0.2554112554112554,25.455988455988457,0.5324675324675324,10.650263972733956,0.7142857142857143,7.143469737809361,2.0
2020-02-03,33,6885750,1582,567,0.00022974984569582108,0.10417696809052904,0.9756838421429058,0.0018573002088899864,0.5050568900126422,0.11603252977054894,505.0385536457379,0.0,0.0,0.5986093552465234,0.06876270694162068,299.29381120307494,0.0,0.0,0.7161820480404552,0.032908304046007725,143.23536952262813,0.20811287477954143,41.62227272105572,0.781921618204804,0.017964506665892124,78.19159404214076,0.3915343915343915,39.15315484777276,0.8255372945638433,0.00948335330210943,41.276864728192166,0.5132275132275133,25.66137566137566,0.8912768647281921,0.00409540849521331,17.825511407025946,0.6966490299823633,13.932960365162476,0.9235145385587863,0.0021217732273172856,9.235145385587863,0.7865961199294532,7.865961199294533,0.36415423787860984,0.9123582637432224,0.29545454545454547,29.446969696969695,0.6306818181818182,12.614718150631528,0.7613636363636364,7.614289334164978,1.0
2020-02-04,34,6885750,1450,635,0.0002105798206440838,0.11796756455763166,0.9283168856473594,0.0007219029860173032,0.49448275862068963,0.10412431019459774,494.46480615341477,0.0,0.0,0.5544827586206896,0.05837932036015103,277.2313139102827,0.0,0.0,0.6213793103448276,0.026169798716198553,124.27495966211323,0.13543307086614173,27.086417488644326,0.6475862068965518,0.013636759708385373,64.75815045656178,0.1952755905511811,19.527417259255213,0.68,0.007159713901898849,34.0,0.2692913385826772,13.46456692913386,0.7096551724137931,0.0029887768379960964,14.193082836021807,0.33700787401574805,6.740147691769498,0.7462068965517241,0.0015713611443924046,7.462068965517242,0.4204724409448819,4.204724409448819,0.3176963487728288,0.904362844073455,0.2987012987012987,29.77056277056277,0.6103896103896104,12.208839188255999,0.7272727272727273,7.2733510057695305,1.4142135623730951
2020-02-05,35,6885750,1504,1203,0.0002184221036197945,0.014057006813758693,0.8084090671611782,0.0003944371862305037,0.16954787234042554,0.037031658437409236,169.54171681209485,0.0,0.0,0.1988031914893617,0.021710717397618356,99.39798691532619,0.004987531172069825,2.4936750485100054,0.22406914893617022,0.009788259897179703,44.81350437965767,0.029925187032418952,5.984993947209586,0.23736702127659576,0.005184582764529902,23.736529767860223,0.046550290939318374,4.654995292274122,0.2732712765957447,0.0029844243546454634,13.663563829787234,0.0914380714879468,4.571903574397339,0.2892287234042553,0.001263477088948787,5.784566067306589,0.1113881961762261,2.227760688204204,0.29654255319148937,0.0006477144828086991,2.9654255319148937,0.12053200332502079,1.2053200332502076,0.24501507490199864,0.872158604783811,0.29285714285714287,29.188095238095237,0.55,11.000943396226415,0.65,6.500557461406518,78.10249675906654
2020-02-06,36,6885750,1452,1197,0.0002108702755691101,0.010676142302779648,0.9127208250046276,0.0015952322764977971,0.1384297520661157,0.029189660180075516,138.42472629817837,0.0,0.0,0.1893939393939394,0.019968051118210862,94.69353167163942,0.01670843776106934,8.35391557604438,0.27203856749311295,0.011472886229631996,54.40731842678272,0.11695906432748537,23.391643010049158,0.3243801652892562,0.00684016381538819,32.43778098609451,0.18045112781954886,18.044981750609352,0.418732782369146,0.004414914860400102,20.9366391184573,0.29490392648287383,14.745196324143693,0.48140495867768596,0.0020302769774142577,9.628085190929907,0.37092731829573933,7.418535592163791,0.5950413223140496,0.0012547652761137132,5.9504132231404965,0.5087719298245614,5.087719298245614,0.19774576039700173,0.8406662155701013,0.27419354838709675,27.327956989247312,0.5,10.000857632933103,0.6209677419354839,6.210209981740718,43.49131425688438
2020-02-07,37,6885750,1265,1039,0.00018371274007914897,0.014809621117866786,0.9632803190812234,0.006419558703059128,0.13754940711462452,0.025268661051408656,137.5444133080926,0.0,0.0,0.23478260869565218,0.02156549520766773,117.38704239225144,0.068334937439846,34.166228251264855,0.4158102766798419,0.015277818118446659,83.16145146963959,0.28873917228103946,57.747415130679585,0.6450592885375495,0.011850474890354063,64.50546045553793,0.5678537054860443,56.784958211834926,0.8134387351778656,0.007471952946302146,40.67193675889328,0.7728585178055823,38.642925890279116,0.8782608695652174,0.003226949530625523,17.565191881821892,0.8517805582290664,17.03558642423144,0.9335968379446641,0.0017151363322804342,9.33596837944664,0.9191530317613089,9.19153031761309,0.1291082588609825,0.842740206711752,0.20588235294117646,20.51960784313726,0.4852941176470588,9.706714761376249,0.625,6.25053602058319,8.94427190999916
2020-02-08,38,6885750,832,485,0.00012082924881095015,0.042044184046073685,0.9103288063991714,0.0011164610773332483,0.3954326923076923,0.04777810049375544,395.4183359073036,0.0,0.0,0.4675480769230769,0.028245715945396457,233.76555116708371,0.0865979381443299,43.29739707938714,0.5324519230769231,0.012867059746144239,106.48961135458256,0.1979381443298969,39.587341407522366,0.5757211538461539,0.006956344941764211,57.57169733503956,0.2721649484536082,27.216297217671627,0.6237980769230769,0.003768652652216534,31.189903846153847,0.354639175257732,17.7319587628866,0.6995192307692307,0.001690445208662515,13.99036429753355,0.4845360824742268,9.690707575915825,0.7932692307692307,0.0009585012525868641,7.9326923076923075,0.6453608247422681,6.453608247422681,0.1603547581451331,0.8242796152487624,0.2,19.76440677966102,0.40588235294117647,8.10444198227236,0.5411764705882353,5.412228836646151,5.385164807134504
2020-02-09,39,6885750,839,614,0.00012184584104854228,0.025570180776388018,0.9080290103002002,0.0010866330092932283,0.2526817640047676,0.030787104269532385,252.67259025498527,0.003257328990228013,3.2572107311156757,0.33492252681764006,0.020403717688062737,167.455183635969,0.09120521172638436,45.60095023561946,0.37187127532777114,0.009062127857329577,74.3737150102588,0.14169381107491857,28.338556438151578,0.3957091775923719,0.004821516744604839,39.57063042212488,0.1742671009771987,17.42658355679436,0.433849821215733,0.0026431398177395346,21.69249106078665,0.2263843648208469,11.319218241042345,0.6400476758045291,0.0015597406822195372,12.800934925617614,0.50814332247557,10.162851690259773,0.7902264600715138,0.000962858076462259,7.902264600715137,0.7133550488599348,7.133550488599349,0.1869017462249776,0.84255170556471,0.18324607329842932,18.263525305410123,0.4397905759162304,8.796565876087758,0.5706806282722513,5.707295717223605,24.73863375370596
2020-02-10,40,6885750,898,827,0.0001304142613368188,0.0019478129594538917,0.8500974849873928,0.0006318002787774142,0.07349665924276169,0.009584664536741214,73.49399090630936,0.0,0.0,0.10579064587973273,0.006898054022654662,52.8934025462075,0.02902055622732769,14.50975131007273,0.12360801781737193,0.003224026256934561,24.721424051990144,0.04836759371221282,9.673448499923593,0.16815144766146994,0.0021929187603473817,16.815022665993297,0.09673518742442563,9.673448499923593,0.2182628062360802,0.00142322913262898,10.913140311804007,0.15114873035066506,7.557436517533253,0.38641425389755013,0.0010078771261269634,7.728273854374986,0.33373639661426846,6.674718238761441,0.5400890868596881,0.000704353193188832,5.400890868596882,0.5006045949214026,5.006045949214027,0.1399911018731127,0.8473710888672356,0.14553990610328638,14.50547730829421,0.4084507042253521,8.155725448581903,0.5352112676056338,5.352571690865605,49.22886551166212
2020-02-11,41,6885750,962,801,0.00013970881893766112,0.007465358545118563,0.8332651107245636,0.0007262940423703179,0.16112266112266113,0.02250943944234679,161.1168114762364,0.0024968789013732834,2.4967882508177586,0.19750519750519752,0.013796108045309324,98.74901348543521,0.03620474406991261,18.10171481842875,0.23180873180873182,0.006477097795463127,46.36140971425179,0.07740324594257178,15.480536778560623,0.26403326403326405,0.003688750762438642,26.4031346803138,0.11610486891385768,11.610402583920466,0.32432432432432434,0.0022655484152053155,16.216216216216218,0.18851435705368288,9.425717852684144,0.4792099792099792,0.0013389952597825077,9.58418566532994,0.37453183520599254,7.490625825674037,0.5997920997920998,0.0008379624587009403,5.997920997920998,0.519350811485643,5.19350811485643,0.19934540644547227,0.8431229225596,0.17699115044247787,17.640117994100297,0.4911504424778761,9.823851303146677,0.6238938053097345,6.239473124971539,32.256736609508124
2020-02-12,42,6885750,908,750,0.0001318665359619504,0.010621708526022185,0.7532394455071866,0.0006374072811842631,0.16409691629955947,0.021638106302643043,164.0909586711722,0.0,0.0,0.20484581497797358,0.013505663665408075,102.41918896925513,0.037333333333333336,18.665988963113566,0.2588105726872247,0.006825641174591187,51.76173867614677,0.10266666666666667,20.53318423422115,0.28634361233480177,0.003775886607220657,28.634153310208855,0.136,13.599901246042583,0.32709251101321585,0.0021566278183204443,16.354625550660792,0.18533333333333332,9.266666666666666,0.45044052863436124,0.0011879589181150664,9.008797489439228,0.33466666666666667,6.693323612789293,0.5572687224669604,0.0007348509603165959,5.572687224669604,0.464,4.640000000000001,0.2131773149328358,0.8193438509566058,0.15725806451612903,15.673387096774192,0.4798387096774194,9.597597244508384,0.6290322580645161,6.290862059425662,32.824827717314506
2020-02-13,43,6885750,908,641,0.0001318665359619504,0.024134131714932637,0.893105776384066,0.0007544101436520179,0.2720264317180617,0.03586988091780424,272.01655564952705,0.0,0.0,0.30726872246696035,0.020258495498112112,153.62878345388268,0.0187207488299532,9.360034581458773,0.3491189427312775,0.009207354265299603,69.82328153335544,0.078003120124805,15.600510743831537,0.3997797356828194,0.005271718609311918,39.97768327540698,0.1497659906396256,14.976490314078275,0.460352422907489,0.00303525396652507,23.017621145374452,0.23556942277691106,11.778471138845553,0.6101321585903083,0.001609117947764662,12.202625450242866,0.44773790951638065,8.954745185578407,0.7555066079295154,0.000996260392840286,7.555066079295154,0.6536661466458659,6.536661466458658,0.26352071606388905,0.8732346624821629,0.1891891891891892,18.855855855855857,0.47876447876447875,9.576110783657953,0.6602316602316602,6.602882838731896,18.110770276274835
2020-02-14,44,6885750,893,688,0.00012968812402425298,0.01733660554620929,0.8747704704490612,0.0010559921688865625,0.21612541993281076,0.02802788266047052,216.11757338111408,0.0,0.0,0.24860022396416573,0.016119663084519315,124.29559919846459,0.024709302325581394,12.354202620416215,0.30011198208286677,0.0077841354671933545,60.02196057472189,0.09156976744186046,18.31382050488805,0.374020156774916,0.004850562026198844,37.401744089472224,0.1875,18.749863850242527,0.48712206047032475,0.003158697309661257,24.356103023516237,0.33430232558139533,16.71511627906977,0.6349384098544233,0.0016468770331815223,12.698749755016426,0.5261627906976745,10.52324053131829,0.7513997760358343,0.0009744762734633119,7.513997760358343,0.6773255813953488,6.773255813953488,0.2875432340770249,0.8630863168460366,0.19081272084805653,19.01766784452297,0.4911660777385159,9.824164035178102,0.6325088339222615,6.325630799629066,15.033296378372908
2020-02-15,45,6885750,891,698,0.00012939766909922666,0.012644460429813851,0.8862329779413218,0.0012393012959852781,0.1919191919191919,0.02483299448155678,191.9122241878559,0.0,0.0,0.23793490460157127,0.015393552134766193,118.96313312229664,0.027220630372492838,13.609821056302103,0.30976430976430974,0.008016497719945394,61.9524120932817,0.11891117478510028,23.78206226659224,0.40291806958473625,0.005213628046123907,40.29151438675387,0.23782234957020057,23.78206226659224,0.500561167227834,0.0032385724140434956,25.028058361391693,0.3624641833810888,18.12320916905444,0.6172839506172839,0.0015974997676363974,12.345661083055358,0.5114613180515759,10.229211505407214,0.7508417508417509,0.0009715717242130486,7.508417508417508,0.6819484240687679,6.819484240687679,0.2689372929310281,0.871578764261584,0.1925925925925926,19.19506172839506,0.5148148148148148,10.279547184170472,0.6555555555555556,6.55611778158948,13.416407864998739
2020-02-16,46,6885750,727,546,0.00010558036524706822,0.013674431386976106,0.8336094046957602,0.0005434739787437687,0.22558459422283356,0.02381643915190241,225.5764042506355,0.0,0.0,0.2627235213204952,0.013868719140284636,131.3569914996079,0.018315018315018316,9.15717668912557,0.30674002751031637,0.006477097795463127,61.34756003453952,0.07692307692307693,15.384503671993869,0.35075653370013754,0.0037032734032356445,35.07539867445645,0.13553113553113552,13.553015139613647,0.4140302613480055,0.0021856733108230764,20.701513067400274,0.21978021978021978,10.989010989010989,0.5543328748280605,0.0011705316479226693,11.086641395713233,0.4065934065934066,8.13185632217954,0.6671251719394773,0.000704353193188832,6.671251719394774,0.5567765567765568,5.567765567765568,0.24652612471410498,0.8551715735699402,0.17624521072796934,17.565772669220944,0.5019157088122606,10.03917509512825,0.6551724137931034,6.552286035369965,18.601075237738275
2020-02-17,47,6885750,664,530,9.643103510873906e-05,0.010108986838610837,0.8104218618854471,0.0003840824151356585,0.1822289156626506,0.01757188498402556,182.22229974209938,0.0,0.0,0.20933734939759036,0.0100929422015684,104.66487464525544,0.009433962264150943,4.716809879492983,0.24246987951807228,0.004676290336634813,48.49362377331802,0.0509433962264151,10.188605262018582,0.29066265060240964,0.0028028696738214877,29.066054000777573,0.11132075471698114,11.131994638131413,0.3313253012048193,0.0015975020876447736,16.566265060240962,0.16226415094339622,8.11320754716981,0.4397590361445783,0.0008481271493633237,8.79516794989233,0.2981132075471698,5.962255492111037,0.5993975903614458,0.0005780053008023817,5.993975903614458,0.4981132075471698,4.981132075471699,0.24087481912851513,0.8709464566995637,0.19678714859437751,19.613119143239626,0.46987951807228917,9.398396329744363,0.6546184738955824,6.541136267434778,26.21065707670909
2020-02-18,48,6885750,583,479,8.4667610645173e-05,0.0060544787553144285,0.873959521326733,0.0004757248151577857,0.14751286449399656,0.012489108335753703,147.50750895868964,0.0,0.0,0.19382504288164665,0.008205053732210282,96.90900297867402,0.018789144050104383,9.394230949971409,0.241852487135506,0.004095384704754713,48.37014619342155,0.07724425887265135,15.448739595467746,0.2933104631217839,0.002483371576287432,29.330833330053494,0.13987473903966596,13.987372336437014,0.34133790737564323,0.0014450132520059543,17.066895368782163,0.19832985386221294,9.916492693110646,0.45969125214408235,0.0007784180685937355,9.193811690942221,0.34237995824634654,6.847589220346863,0.6758147512864494,0.0005721962023018552,6.758147512864494,0.605427974947808,6.054279749478079,0.1989591494054395,0.8861058938345601,0.18421052631578946,18.359649122807017,0.43859649122807015,8.772682134151845,0.6622807017543859,6.623375011284644,25.019992006393608
2020-02-19,49,6885750,454,376,6.59332679809752e-05,0.006401619410186848,0.8501599397613608,0.0003120354888216547,0.15198237885462554,0.010020331106593087,151.97686105115275,0.0,0.0,0.19383259911894274,0.006389776357827476,96.91278096015539,0.026595744680851064,13.297389553889792,0.22026431718061673,0.0029045281594005054,44.05254355416747,0.05851063829787234,11.702042686676187,0.2577092511013216,0.0016991489732492958,25.77073797918797,0.10372340425531915,10.372265108644802,0.31277533039647576,0.0010311149838434447,15.638766519823788,0.1702127659574468,8.51063829787234,0.4052863436123348,0.0005344362859001766,8.105715100522337,0.28191489361702127,5.638289683995388,0.6607929515418502,0.0004356823875394837,6.607929515418502,0.5904255319148937,5.904255319148937,0.14452909505295294,0.8842262976541178,0.1807909604519774,18.01883239171375,0.4350282485875706,8.701311160857053,0.655367231638418,6.554234380905312,27.82083226663392
2020-02-20,50,6885750,254,205,3.688777547834295e-05,0.003145338721134534,0.7810232192377297,9.894772385547742e-05,0.17716535433070865,0.006534998547778101,177.15892224552385,0.0,0.0,0.1968503937007874,0.0036305547487656114,98.42162346973548,0.004878048780487805,2.438935840128079,0.2047244094488189,0.0015103546428882628,40.944584575857704,0.014634146341463415,2.926808015647614,0.2125984251968504,0.0007842226030381365,21.259688145156883,0.024390243902439025,2.439006679706345,0.29133858267716534,0.0005373416112986965,14.566929133858268,0.12195121951219512,6.097560975609756,0.36220472440944884,0.0002672181429500883,7.244083967789648,0.2097560975609756,4.1951158587592,0.5669291338582677,0.00020912754601895217,5.669291338582677,0.4634146341463415,4.634146341463414,0.09885202142996191,0.8367342481287464,0.20618556701030927,20.54982817869416,0.4536082474226804,9.072943007197043,0.5876288659793815,5.876792629661721,29.470264230086144
2020-02-21,51,6885750,123,64,1.786297788911883e-05,0.010293970041551581,0.8635148022683182,5.125979411145582e-05,0.45528455284552843,0.00813244263723497,455.26802349057476,0.0,0.0,0.5040650406504065,0.004501887888469358,252.02337014656817,0.046875,23.436649088730757,0.5121951219512195,0.0018298527404223184,102.4382805476665,0.0625,12.49990923349502,0.5365853658536586,0.0009584942926021667,53.65814695353959,0.109375,10.937420579308142,0.5934959349593496,0.0005300802381730385,29.67479674796748,0.21875,10.9375,0.6178861788617886,0.00022074542243702945,12.35770563045346,0.265625,5.312492284802258,0.6910569105691057,0.00012344334313618704,6.9105691056910565,0.40625,4.0625,0.07883944466770018,0.8158167661722164,0.25,24.916666666666668,0.44642857142857145,8.9293371722617,0.5535714285714286,5.536189046802254,3.1622776601683795
2020-02-22,52,6885750,151,114,2.1929346839487347e-05,0.005852655896231927,0.8542046728337924,7.381783510867132e-05,0.24503311258278146,0.0053732210281731045,245.02421652147652,0.0,0.0,0.26490066225165565,0.002904443799012489,132.44552244404136,0.02631578947368421,13.1574170322699,0.271523178807947,0.0011908565453542072,54.304241438230015,0.03508771929824561,7.017492903014748,0.304635761589404,0.0006680414766621162,30.463354953153424,0.07894736842105263,7.894679515891593,0.33774834437086093,0.0003703300294085612,16.887417218543046,0.12280701754385964,6.140350877192983,0.46357615894039733,0.0002033181522446324,9.271509714029653,0.2894736842105263,5.789465276317013,0.5827814569536424,0.00012780016701158188,5.827814569536423,0.4473684210526316,4.473684210526317,0.08546429867037246,0.8438295784160931,0.189873417721519,18.924050632911392,0.4050632911392405,8.101960614021756,0.5316455696202531,5.316911652951777,32.64965543462902
2020-02-23,53,6885750,161,142,2.3381621464618958e-05,0.0018403617884851734,0.7839404184215981,6.2023065196941e-05,0.11801242236024845,0.002759221609061865,118.00813785464433,0.0,0.0,0.11801242236024845,0.0013796108045309324,59.004068927322166,0.0,0.0,0.14285714285714285,0.0006680414766621162,28.57122110513147,0.028169014084507043,5.633761908054094,0.18012422360248448,0.0004211565831130733,18.012291566278538,0.07042253521126761,7.042202385067616,0.18012422360248448,0.0002105798206440838,9.006211180124224,0.07042253521126761,3.5211267605633805,0.2670807453416149,0.0001248954363788456,5.341607149351778,0.16901408450704225,3.38027678105065,0.45962732919254656,0.00010746832225973932,4.596273291925466,0.3873239436619718,3.8732394366197185,0.042980497945429956,0.7856507599572518,0.11702127659574468,11.663120567375886,0.24468085106382978,4.88565651413582,0.4148936170212766,4.149291996642458,71.58910531638176
2020-02-24,54,6885750,216,188,3.1369131902842826e-05,0.006108999344033641,0.8711128468757816,0.0003027065189595622,0.1527777777777778,0.004792332268370607,152.7722310969116,0.026595744680851064,26.594779107779583,0.17592592592592593,0.002759221609061865,87.95976941943397,0.05319148936170213,26.594779107779583,0.27314814814814814,0.0017136716140462981,54.62923294638564,0.16489361702127658,32.978483935178346,0.3148148148148148,0.000987539574196172,31.48125288435783,0.2127659574468085,21.276441248502156,0.36574074074074076,0.0005736484769269869,18.287037037037038,0.2712765957446808,13.563829787234043,0.4583333333333333,0.00028754995817455154,9.166653354168604,0.3776595744680851,7.553180520069294,0.6388888888888888,0.0002004138982681625,6.388888888888889,0.5851063829787234,5.8510638297872335,0.1119204368789401,0.8448378111839651,0.1794871794871795,17.88888888888889,0.36752136752136755,7.351057747284162,0.5299145299145299,5.295058554698658,55.14028150682478
2020-02-25,55,6885750,278,235,4.0373234578658826e-05,0.021316817830845117,0.8515178488497713,0.00028682086620745946,0.17625899280575538,0.007115887307580599,176.25259362652196,0.02553191489361702,25.5309879434684,0.1906474820143885,0.003848388033691548,95.32028022658841,0.0425531914893617,21.275823286223666,0.2446043165467626,0.001975079148392344,48.92050807928986,0.10638297872340426,21.27644124850216,0.28776978417266186,0.001161811263760202,28.776769458405795,0.1574468085106383,15.7445665238916,0.33093525179856115,0.0006680463275605417,16.546762589928058,0.20851063829787234,10.425531914893618,0.460431654676259,0.0003717817641044707,9.208619720080428,0.3617021276595745,7.2340320473903095,0.6798561151079137,0.00027447990414987476,6.798561151079137,0.6212765957446809,6.212765957446809,0.17616056749019748,0.8832275718020702,0.22916666666666666,22.84027777777778,0.4444444444444444,8.88965122927387,0.6319444444444444,6.319986420811892,46.71712386305258
2020-02-26,56,6885750,357,312,5.1846204117198565e-05,0.009702279720284474,0.8468646344995152,0.0005530642699745017,0.16526610644257703,0.008568109207086843,165.26010636610147,0.04487179487179487,44.8701657767153,0.19327731092436976,0.005010165553296544,96.63514694288985,0.07692307692307693,38.460142094327395,0.23809523809523808,0.0024688489354904295,47.61870184188578,0.1282051282051282,25.640839453323114,0.2857142857142857,0.0014813093612942578,28.57122110513147,0.18269230769230768,18.269098110492717,0.37815126050420167,0.0009802853719638384,18.907563025210084,0.28846153846153844,14.423076923076923,0.5210084033613446,0.0005402453759643089,10.420152934303193,0.4519230769230769,9.038448412152258,0.6694677871148459,0.00034709363540645535,6.694677871148459,0.6217948717948718,6.217948717948717,0.21776079800684842,0.8759102234852754,0.21965317919075145,21.892100192678228,0.4624277456647399,9.249348099822525,0.653179190751445,6.5323520954996575,31.906112267087632
2020-02-27,57,6885750,350,289,5.0829611879606435e-05,0.010955481307480912,0.9116221578578251,0.0005050100343701497,0.22285714285714286,0.011327330816148708,222.84905190655988,0.058823529411764705,58.821393791324255,0.23714285714285716,0.006026720882950915,118.56712377079789,0.07612456747404844,38.06090186497451,0.2571428571428571,0.002614075343460455,51.42819798923665,0.10034602076124567,20.069058423327643,0.29714285714285715,0.0015103546428882628,29.71406994933673,0.14878892733564014,14.8787846931567,0.38285714285714284,0.0009730239988381803,19.142857142857142,0.25259515570934254,12.629757785467127,0.5857142857142857,0.0005954317315735663,11.714268701950525,0.4982698961937716,9.965383451401916,0.7371428571428571,0.000374686853283956,7.371428571428572,0.6816608996539792,6.816608996539792,0.20272384409404642,0.8933140293951545,0.23255813953488372,23.178294573643413,0.5174418604651163,10.34972475966333,0.6627906976744186,6.628475407874267,28.390051729264002
2020-02-28,58,6885750,322,258,4.6763242929237916e-05,0.01239907143918412,0.907519313440553,0.00028144820328678043,0.2080745341614907,0.009729886726691839,208.06697990160973,0.011627906976744186,11.62748481921526,0.21739130434782608,0.005082776648271856,108.69170591875135,0.023255813953488372,11.62748481921526,0.2422360248447205,0.002265531964332394,48.44685317826641,0.05426356589147287,10.852634373266994,0.2795031055900621,0.0013070376717302275,27.950107602846007,0.10077519379844961,10.077446203747924,0.35403726708074534,0.000827796536325019,17.70186335403727,0.1937984496124031,9.689922480620156,0.546583850931677,0.0005111999256436472,10.931661142859452,0.43410852713178294,8.682157933758,0.7018633540372671,0.0003282140652797444,7.018633540372671,0.627906976744186,6.279069767441861,0.1882744631201855,0.8988650466818983,0.2392638036809816,23.846625766871163,0.50920245398773,10.184922497342917,0.6687116564417178,6.687690073556494,29.282820906965995
2020-02-29,59,6885750,269,216,3.906618741604037e-05,0.014675663722631196,0.8811445913520647,0.00021075317602680402,0.1970260223048327,0.007696776067383096,197.01886916722364,0.0,0.0,0.20446096654275092,0.003993610223642172,102.22677173771037,0.009259259259259259,4.629461548391261,0.23048327137546468,0.0018008074588283134,46.09631955251695,0.041666666666666664,8.333272822330013,0.2788104089219331,0.0010891980597751896,27.880838439022348,0.10185185185185185,10.185111227292238,0.3420074349442379,0.0006680463275605417,17.100371747211895,0.18055555555555555,9.027777777777779,0.516728624535316,0.00040373175945719863,10.334557482090727,0.39814814814814814,7.962951398570706,0.7026022304832714,0.00027447990414987476,7.026022304832715,0.6296296296296297,6.296296296296297,0.16356582544980552,0.8864450627922243,0.23134328358208955,23.05721393034826,0.5074626865671642,10.150124164767929,0.6567164179104478,6.567727400732188,28.284271247461902
2020-03-01,60,6885750,287,233,4.1680281741277275e-05,0.017603640828083716,0.7391499512981105,0.00014712331622138987,0.18815331010452963,0.007841998257333721,188.14647909559469,0.0,0.0,0.20905923344947736,0.004356665698518733,104.5258217197748,0.02575107296137339,12.875069027285566,0.23344947735191637,0.0019460338667983386,46.68955644009289,0.055793991416309016,11.158717255652205,0.2682926829268293,0.0011182433413691945,26.829073476769796,0.09871244635193133,9.871172956923104,0.29965156794425085,0.0006244780888065933,14.982578397212544,0.13733905579399142,6.86695278969957,0.4564459930313589,0.0003804953992006692,9.128906602947763,0.33047210300429186,6.609432461374786,0.5505226480836237,0.00022945939077079476,5.505226480836237,0.44635193133047213,4.463519313304721,0.1680864005319052,0.8650371685979059,0.2727272727272727,27.18181818181818,0.5206611570247934,10.414116212806372,0.6611570247933884,6.6121372779723,38.948684188300895
2020-03-02,61,6885750,207,179,3.0062084740224377e-05,0.0056613915409545615,0.6848699300341387,6.66787334738976e-05,0.13526570048309178,0.004066221318617485,135.26078958777944,0.0,0.0,0.1497584541062802,0.002250943944234679,74.87650852180649,0.01675977653631285,8.379584031724963,0.1642512077294686,0.000987539574196172,32.85000300976469,0.0335195530726257,6.703861935282244,0.178743961352657,0.0005373377094890935,17.87426634354843,0.05027932960893855,5.027896451461684,0.22705314009661837,0.0003412845369059289,11.352657004830919,0.10614525139664804,5.307262569832402,0.32367149758454106,0.00019460451714843388,6.473420550506418,0.21787709497206703,4.357535571103003,0.4251207729468599,0.00012780016701158188,4.251207729468598,0.33519553072625696,3.35195530726257,0.13958808688439076,0.8547378642982078,0.34210526315789475,34.09649122807018,0.5526315789473685,11.053579489031328,0.6710526315789473,6.711101832626163,172.40939649566667
2020-03-03,62,6885750,181,128,2.6286170714882184e-05,0.01415296754903206,0.928690065390649,0.00017428194777698068,0.30386740331491713,0.007987220447284345,303.8563712424761,0.015625,15.624432725820505,0.30939226519337015,0.004066221318617485,154.69051626889694,0.0234375,11.718324544365379,0.3259668508287293,0.0017136716140462981,65.19289677579722,0.046875,9.374931925121263,0.4088397790055249,0.001074675418978187,40.88368102888978,0.1640625,16.40613086896221,0.46408839779005523,0.0006099553425552772,23.204419889502763,0.2421875,12.109375,0.6022099447513812,0.0003165954084952133,12.044181403568592,0.4375,8.749987292615485,0.856353591160221,0.00022510256689539993,8.56353591160221,0.796875,7.96875,0.1035749393228821,0.8930671527696108,0.24242424242424243,24.161616161616163,0.5606060606060606,11.213082800561358,0.7272727272727273,7.2733510057695305,25.0
2020-03-04,63,6885750,137,95,1.989616236430309e-05,0.01059896428659754,0.8792452449841658,9.369952348257434e-05,0.32116788321167883,0.006389776357827476,321.15622303584337,0.021052631578947368,21.051867251631837,0.35036496350364965,0.0034853325588149867,175.17612165591456,0.06315789473684211,31.577800877447757,0.35766423357664234,0.0014232187981062477,71.53232729240945,0.07368421052631578,14.73673509633097,0.3722627737226277,0.0007406546806471289,37.22600706033553,0.09473684210526316,9.47361541906991,0.4233576642335766,0.0004211596412881676,21.16788321167883,0.16842105263157894,8.421052631578947,0.5401459854014599,0.0002149363323728971,10.802904019245812,0.3368421052631579,6.736832321532524,0.6861313868613139,0.00013651381476237156,6.861313868613138,0.5473684210526316,5.473684210526316,0.08702102327588326,0.8609879739915991,0.26666666666666666,26.57777777777778,0.4666666666666667,9.334133790737564,0.6533333333333333,6.533893653516295,31.906112267087632
2020-03-05,64,6885750,150,125,2.1784119376974187e-05,0.008372812615825771,0.7728863124975801,5.405543044452787e-05,0.16666666666666666,0.0036305547487656114,166.66061574208538,0.0,0.0,0.16666666666666666,0.0018152773743828057,83.33030787104269,0.0,0.0,0.17333333333333334,0.0007551773214441314,34.66641494089285,0.008,1.5999883818873626,0.18,0.00039211130151906823,17.999869296232827,0.016,1.5999883818873626,0.21333333333333335,0.00023236394002105798,10.666666666666666,0.056,2.8000000000000003,0.3333333333333333,0.00014522725160330885,6.666656984849892,0.2,3.999994190909936,0.4866666666666667,0.00010601604763460771,4.866666666666666,0.384,3.8400000000000003,0.06942733898097739,0.7887598573509468,0.1511627906976744,15.065891472868216,0.32558139534883723,6.512186365630859,0.5697674418604651,5.698163069927001,85.54356232577373
2020-03-06,65,6885750,213,196,3.093344951530334e-05,0.0031073584294672857,0.6955292015195308,6.379693702883308e-05,0.07981220657276995,0.002468777229160616,79.80930894691414,0.0,0.0,0.07981220657276995,0.001234388614580308,39.90465447345707,0.0,0.0,0.09859154929577464,0.0006099509134741061,19.718166678189327,0.02040816326530612,4.081603015018782,0.11267605633802817,0.00034854337912806064,11.267523816108186,0.03571428571428571,3.571402638141434,0.1267605633802817,0.00019605707439276766,6.338028169014085,0.05102040816326531,2.5510204081632653,0.22535211267605634,0.0001394181615391765,4.507035708067534,0.15816326530612246,3.163260712199184,0.3145539906103286,9.730239988381803e-05,3.145539906103287,0.25510204081632654,2.5510204081632653,0.061494633587354186,0.7300308337937048,0.11538461538461539,11.5,0.28846153846153844,5.769725557461407,0.41346153846153844,4.134969982847341,129.6919426949878
2020-03-07,66,6885750,329,296,4.7779835166830046e-05,0.007474965416927985,0.7177876414970014,0.0001224205420770726,0.11854103343465046,0.005663665408074354,118.53672973753186,0.02027027027027027,20.269534347010385,0.11854103343465046,0.002831832704037177,59.26836486876593,0.02027027027027027,10.134767173505193,0.12158054711246201,0.001161811263760202,24.31593285543104,0.02364864864864865,4.729695385646765,0.1519756838905775,0.0007261320398501263,15.1974580346444,0.057432432432432436,5.743201539713929,0.1762917933130699,0.0004211596412881676,8.814589665653495,0.08445945945945946,4.222972972972974,0.25835866261398177,0.00024688632772562505,5.167165748135935,0.17567567567567569,3.5135084109344032,0.3768996960486322,0.00018008205351631993,3.768996960486322,0.30743243243243246,3.0743243243243246,0.06636563947091749,0.7315670557525611,0.14184397163120568,14.1371158392435,0.24822695035460993,4.964964782307216,0.36879432624113473,3.688259552571074,97.94896630388705
2020-03-08,67,6885750,475,423,6.898304469375159e-05,0.006635219257372425,0.800056501355199,0.00028035917158697303,0.14105263157894737,0.009729886726691839,141.0475105859333,0.03546099290780142,35.45970547703944,0.1431578947368421,0.004937554458321232,71.57634865554826,0.037825059101654845,18.911842921087704,0.14947368421052631,0.002062214993174359,29.894519766842823,0.04491725768321513,8.983386304923135,0.16631578947368422,0.0011472886229631997,16.631458180144953,0.06382978723404255,6.382932374550648,0.22105263157894736,0.0007624441781940966,11.05263157894737,0.12529550827423167,6.264775413711584,0.3263157894736842,0.00045020447997025744,6.526306311484632,0.24349881796690306,4.869969286805241,0.44842105263157894,0.00030933449515303346,4.48421052631579,0.3806146572104019,3.8061465721040193,0.12075532115041668,0.7979101844582085,0.16666666666666666,16.61111111111111,0.30303030303030304,6.061125838141276,0.42424242424242425,4.242788086698893,72.91776189653656
2020-03-09,68,6885750,510,447,7.406600588171224e-05,0.007217604750839021,0.8351989908848513,0.00038692220414025374,0.14705882352941177,0.010891664246296834,147.05348447831062,0.026845637583892617,26.84466293832248,0.17450980392156862,0.006462387452802788,87.25173412379765,0.058165548098434,29.081718183182687,0.19607843137254902,0.0029045281594005054,39.215401516847116,0.08277404921700224,16.55468963362204,0.20784313725490197,0.0015393999244822678,20.784162803928968,0.09619686800894854,9.619616949266861,0.25882352941176473,0.0009585012525868641,12.941176470588234,0.15436241610738255,7.718120805369129,0.3784313725490196,0.0005605771911887722,7.5686164592707605,0.29082774049217003,5.816546362620712,0.492156862745098,0.0003645209309080347,4.92156862745098,0.42058165548098436,4.205816554809843,0.14611893035782908,0.823059178056692,0.17289719626168223,17.232087227414333,0.32710280373831774,6.542617143040349,0.48130841121495327,4.813496898093971,57.493083075746384
2020-03-10,69,6885750,484,397,7.029009185637004e-05,0.011487074550283716,0.8904814061175791,0.0004406858962258375,0.18801652892561985,0.013215219285506825,188.00970288260046,0.010075566750629723,10.075200951662593,0.2190082644628099,0.007696776067383096,109.50015662393214,0.04785894206549118,23.92860226019866,0.256198347107438,0.003601614917656627,51.23929735383082,0.09319899244332494,18.639663139116,0.3037190082644628,0.0021348281971593714,30.371680286343267,0.15113350125944586,15.113240383067026,0.35330578512396693,0.0012416948044875287,17.66528925619835,0.21158690176322417,10.57934508816121,0.4731404958677686,0.0006651408123431546,9.462796174776605,0.35768261964735515,7.153642003894344,0.6363636363636364,0.0004473005845405366,6.363636363636364,0.5566750629722922,5.566750629722922,0.1526680927388527,0.8567222896658071,0.182648401826484,18.203957382039572,0.365296803652968,7.306562654197702,0.5205479452054794,5.205925891115862,34.7274629542858
2020-03-11,70,6885750,597,514,8.670079512035726e-05,0.007552923767243356,0.7282628990361023,0.00023726680801252535,0.13400335008375208,0.011617775196049956,133.99848501876212,0.0019455252918287938,1.9454546584679229,0.1624790619765494,0.007043276212605286,81.23658154262453,0.027237354085603113,13.618182609275461,0.18425460636515914,0.0031949809753405558,36.85065368668548,0.05252918287937743,10.505760289630055,0.20268006700167504,0.0017572395364373057,20.267859527677015,0.07392996108949416,7.392942426035965,0.22948073701842547,0.0009948081182151545,11.474036850921273,0.10505836575875487,5.252918287937743,0.3015075376884422,0.0005228181057719119,6.030141996346638,0.188715953307393,3.7743135848080134,0.440536013400335,0.00038194822640961405,4.40536013400335,0.35019455252918286,3.5019455252918292,0.12426631880735561,0.8157295773467996,0.10683760683760683,10.648148148148147,0.3418803418803419,6.838193253287593,0.5042735042735043,5.0431675242996,52.478567053607705
2020-03-12,71,6885750,774,703,0.0001124060559851868,0.005139300995215765,0.6589675257376693,0.00018278190725297112,0.08785529715762273,0.009875108916642464,87.85210752295974,0.001422475106685633,1.4224234629480972,0.10077519379844961,0.005663665408074354,50.385767549932794,0.00995732574679943,4.978482120318341,0.11627906976744186,0.002614075343460455,23.255645085572127,0.02702702702702703,5.405366155024874,0.12532299741602068,0.0014086961573092451,12.532208740558312,0.03698435277382646,3.6984084218591238,0.13824289405684753,0.0007769669244454126,6.912144702842377,0.051209103840682786,2.56045519203414,0.20284237726098192,0.0004560135700343898,4.056841653571446,0.12233285917496443,2.446653630286305,0.28940568475452194,0.00032530951602948116,2.8940568475452193,0.21763869132290184,2.1763869132290186,0.10420686645946065,0.7953543180690541,0.09166666666666666,9.136111111111111,0.3125,6.250536020583191,0.4583333333333333,4.58372641509434,124.94930357904664
2020-03-13,72,6885750,1126,1020,0.00016352612278981956,0.006203135544389036,0.7676907125335029,0.00044835484759383294,0.09147424511545293,0.014957885564914319,91.47092409290299,0.00196078431372549,1.960713126377475,0.11190053285968028,0.00914899796688934,55.94823512478532,0.0196078431372549,9.803565631887375,0.13321492007104796,0.004356792239100758,26.642790550966293,0.043137254901960784,8.627388333706365,0.15452930728241562,0.00252693949867844,15.45281851956045,0.06666666666666667,6.66661825786401,0.18383658969804617,0.001503104237011219,9.191829484902309,0.09901960784313725,4.950980392156862,0.2673179396092362,0.0008742680546519194,5.34635102781479,0.19117647058823528,3.8235238589580267,0.34902309058614567,0.0005707439276767237,3.4902309058614565,0.28137254901960784,2.813725490196078,0.1516815949581474,0.833131288402893,0.09965635738831616,9.93241695303551,0.3436426116838488,6.873441672118973,0.4879725085910653,4.88014358720447,61.72923144954328
2020-03-14,73,6885750,1174,924,0.0001704970409904513,0.025433347214298338,0.8673183874132717,0.0006902367362004454,0.20528109028960817,0.03499854777810049,205.27363744723633,0.0,0.0,0.22998296422487224,0.019604995643334303,114.9873072837216,0.021645021645021644,10.82211790533022,0.26405451448040884,0.009004037294141566,52.81051941919531,0.06493506493506493,12.98691868415067,0.303236797274276,0.0051700601237328996,30.323459537473436,0.11471861471861472,11.471778170999757,0.3594548551959114,0.003064299459027702,17.97274275979557,0.18614718614718614,9.307359307359308,0.45315161839863716,0.0015452179570592062,9.063019205979922,0.3051948051948052,6.103887239375552,0.5264054514480409,0.0008975057183313364,5.264054514480408,0.39826839826839827,3.982683982683983,0.2543865495589906,0.8688561111081187,0.1598639455782313,15.93310657596372,0.40476190476190477,8.095932369517275,0.54421768707483,5.4426436097595134,32.14031735997639
2020-03-15,74,6885750,1182,980,0.00017165886069055657,0.015478921944879707,0.8266415913153836,0.0003641588273678626,0.1658206429780034,0.028463549230322394,165.81462276877534,0.0,0.0,0.1785109983079526,0.01532094103979088,89.25225868421325,0.009183673469387756,4.59167002554725,0.1895093062605753,0.006506143077057132,37.901586034556814,0.022448979591836733,4.489763316520659,0.19373942470389172,0.0033256847425135786,19.37380178998551,0.027551020408163266,2.7550820351376775,0.21489001692047377,0.0018443887739171478,10.744500846023689,0.053061224489795916,2.6530612244897958,0.3062605752961083,0.001051445301607956,6.125202610445841,0.16326530612244897,3.2653013803346416,0.3866328257191201,0.0006636895036851468,3.8663282571912014,0.2602040816326531,2.602040816326531,0.21371117396657055,0.8553031863528415,0.15309446254071662,15.25841476655809,0.34527687296416937,6.906129700917975,0.501628664495114,5.016716858214,61.85854824841894
2020-03-16,75,6885750,1041,824,0.00015118178847620085,0.014685184729698878,0.8852332148900208,0.0006602392562763111,0.18539865513928913,0.02802788266047052,185.39192413961084,0.0,0.0,0.2084534101825168,0.015756607609642752,104.22292108366722,0.0024271844660194173,1.2135481728792625,0.24495677233429394,0.007406546806471289,48.99099872493725,0.04611650485436893,9.223233997530306,0.29010566762728146,0.004385837520694763,29.010356107707942,0.10315533980582524,10.31545907618521,0.3314121037463977,0.0025051737283520313,16.570605187319885,0.1553398058252427,7.766990291262136,0.4899135446685879,0.0014813179663537503,9.798256663612234,0.35558252427184467,7.111640157382349,0.6292026897214217,0.0009512398794612061,6.2920268972142175,0.5315533980582524,5.315533980582525,0.26855675131294543,0.8857972889226864,0.147239263803681,14.674846625766872,0.4386503067484663,8.773758536867692,0.6073619631901841,6.074140525523787,21.633307652783937
2020-03-17,76,6885750,1282,1054,0.0001861816069418727,0.012398649554667695,0.8890401316373947,0.0009493797083623523,0.1544461778471139,0.02875399361022364,154.44057059406975,0.0,0.0,0.1809672386895476,0.016845774034272436,90.48033428743481,0.0056925996204933585,2.846196473773754,0.21528861154446177,0.008016497719945394,43.05740965297504,0.04554079696394687,9.108093255525782,0.2667706708268331,0.004966743152574864,26.676873371951928,0.10815939278937381,10.815860740936866,0.33151326053042124,0.0030860835784046765,16.575663026521063,0.1869070208728653,9.345351043643264,0.500780031201248,0.0018647179105864857,10.015586078643443,0.3927893738140417,7.855776067536591,0.6435257410296412,0.0011981265657335803,6.435257410296412,0.5664136622390892,5.664136622390892,0.23998585237556808,0.8772690036408844,0.1125,11.212500000000002,0.375,7.500643224699829,0.555,5.550475986277873,21.02379604162864
2020-03-18,77,6885750,1383,1160,0.000200849580655702,0.012680339923811075,0.9071599530981002,0.001049201487972456,0.14533622559652928,0.029189660180075516,145.3309490852892,0.0,0.0,0.15907447577729572,0.01597444089456869,79.53435024568066,0.002586206896551724,1.2930565014472142,0.19233550253073028,0.007726044904005344,38.46682118420448,0.03706896551724138,7.413739269521184,0.23499638467100506,0.004719858259025821,23.499467828696346,0.08793103448275862,8.793039598734428,0.29718004338394793,0.0029844243546454634,14.859002169197396,0.16206896551724137,8.10344827586207,0.485177151120752,0.001948949716516405,9.7035289302262,0.38620689655172413,7.7241267134812555,0.6825741142443963,0.001370947246124242,6.825741142443962,0.621551724137931,6.2155172413793105,0.29502589628835485,0.9054391799067651,0.12177985948477751,12.137392661982826,0.40046838407494145,8.01005459124853,0.6135831381733021,6.136357610839517,20.8806130178211
2020-03-19,78,6885750,1255,1023,0.00018226046545401735,0.01317553386880117,0.9162277550359677,0.0010063648385521364,0.1601593625498008,0.029189660180075516,160.15354787645816,0.0,0.0,0.18645418326693228,0.01699099622422306,93.22370697286371,0.006842619745845552,3.421185660394715,0.21912350597609562,0.007987452438351389,43.82438297002237,0.042033235581622676,8.406586072966347,0.2589641434262948,0.004719858259025821,25.896226300467767,0.09090909090909091,9.090843078905468,0.3314741035856574,0.0030207312202737537,16.573705179282868,0.1798631476050831,8.993157380254154,0.5139442231075697,0.0018734315456826842,10.278869534409994,0.40371456500488756,8.07427957402641,0.6916334661354582,0.0012605743746142396,6.916334661354582,0.6217008797653959,6.217008797653959,0.30221664959708666,0.9155298117850492,0.13802083333333334,13.756076388888888,0.46875,9.375804030874784,0.6692708333333334,6.693282322041166,19.209372712298546
2020-03-20,79,6885750,1187,820,0.0001723849980031224,0.023248205125450287,0.8935692981608029,0.0006468492234680874,0.2502106149957877,0.04313099041533546,250.20153096242302,0.0,0.0,0.3016006739679865,0.02599477200116178,150.79486209519774,0.0,0.0,0.34372367312552654,0.011850474890354063,68.74423544756148,0.05,9.999927386796015,0.37994945240101097,0.00654971099944814,37.99466934663018,0.1024390243902439,10.243828054766649,0.42796967144060655,0.0036887775478342956,21.39848357203033,0.1719512195121951,8.597560975609756,0.531592249368155,0.0018327679152337578,10.63182954702683,0.32195121951219513,6.43901503902575,0.6529064869418703,0.0011255128344769996,6.529064869418702,0.4975609756097561,4.975609756097561,0.29106602727566006,0.8895279251479369,0.15760869565217392,15.708333333333332,0.44021739130434784,8.805102915951972,0.6114130434782609,6.109415167095115,14.317821063276353
2020-03-21,80,6885750,1174,901,0.0001704970409904513,0.010980700852970511,0.8977523873705593,0.0006574808974060357,0.17546848381601363,0.029915771129828638,175.46211333664186,0.0,0.0,0.217206132879046,0.018515829218704618,108.59912354573707,0.0,0.0,0.26490630323679726,0.009033082575735572,52.980875933450776,0.042175360710321866,8.435010892302966,0.29557069846678025,0.005039356356559877,29.556855223323826,0.08213096559378469,8.213036921452886,0.3424190800681431,0.002919071996514541,17.120954003407157,0.14317425083240842,7.158712541620421,0.45741056218057924,0.0015597406822195372,9.148197957915825,0.293007769145394,5.860146872365277,0.5996592844974447,0.001022401336092655,5.996592844974446,0.47835738068812433,4.783573806881243,0.27788032501590115,0.8900797144475612,0.13846153846153847,13.8,0.40512820512820513,8.103259005145798,0.5846153846153846,5.846655231560892,20.457181291527164
2020-03-22,81,6885750,1368,1162,0.00019867116871800458,0.006078026575468934,0.893381504325971,0.0009683745357790199,0.10818713450292397,0.021492884112692418,108.18320670977472,0.0,0.0,0.1425438596491228,0.014159163520185885,71.26934225812862,0.0008605851979345956,0.43027697695891237,0.1871345029239766,0.007435592088065294,37.426628816078654,0.043029259896729774,8.60578948949743,0.2412280701754386,0.004792471463010834,24.122631854113195,0.10671256454388985,10.671178966976814,0.29751461988304095,0.0029553788621428313,14.875730994152047,0.1729776247848537,8.648881239242685,0.40497076023391815,0.001609117947764662,8.099403442120265,0.29948364888123924,5.98966427898734,0.6140350877192983,0.0012199106851105545,6.140350877192983,0.5456110154905336,5.4561101549053355,0.2377944799967054,0.882441185542439,0.11528822055137844,11.490392648287385,0.37092731829573933,7.419182604882704,0.5614035087719298,5.614516565857182,23.811724765881277
2020-03-23,82,6885750,1757,1537,0.0002551646516356243,0.0071772212021529785,0.9071213221890568,0.0017877053159900817,0.08992601024473534,0.022945106012198666,89.92274543170004,0.0,0.0,0.11838360842344905,0.015103107754864944,59.189655220865845,0.002602472348731295,1.3011889322739263,0.17871371656232213,0.009120218420517587,35.742483772953314,0.06115810019518542,12.231531221324989,0.24701195219123506,0.006302826105899097,24.701015855830793,0.13923227065712426,13.923125964699722,0.32384746727376207,0.0041317213084994375,16.192373363688105,0.22706571242680545,11.353285621340273,0.5162208309618668,0.0026344223440840225,10.324401625370834,0.44697462589459985,8.939479535312705,0.6955036994877632,0.0017746795919108304,6.9550369948776325,0.6519193233571894,6.519193233571894,0.2758217844397171,0.8962796809702783,0.11038961038961038,11.002164502164502,0.3874458874458874,7.749582321623489,0.5735930735930735,5.73642266824085,17.69180601295413
2020-03-24,83,6885750,1751,1495,0.00025429328686054535,0.008001557298796801,0.9139996232262887,0.0018630902514004616,0.09765848086807538,0.02483299448155678,97.65493532346065,0.0,0.0,0.13478012564249,0.017136218414173687,67.38761618811904,0.0,0.0,0.21016561964591662,0.01068866362659386,42.03281871320312,0.07491638795986622,14.98316879359403,0.2741290691033695,0.006970867582561213,27.412707856436818,0.14983277591973243,14.98316879359403,0.36093660765276986,0.004589187815415895,18.04683038263849,0.25150501672240805,12.575250836120402,0.5454026270702456,0.002773840505623199,10.908036699940002,0.46755852842809364,9.351156988113862,0.7110222729868646,0.0018080819082888573,7.110222729868646,0.6615384615384615,6.615384615384615,0.3096383854501174,0.9066359604026446,0.12304250559284116,12.263236390753168,0.44742729306487694,8.949313318060943,0.6331096196868009,6.326213603399987,15.811388300841896
2020-03-25,84,6885750,1718,1412,0.000249500780597611,0.009785368922336732,0.9057237511939925,0.001427830364957134,0.12281722933643772,0.03064188207958176,122.81277038968574,0.0,0.0,0.15832363213038417,0.019750217833284928,79.15894205211973,0.0,0.0,0.21827706635622818,0.010891980597751896,43.655096275302746,0.04886685552407932,9.773300137236896,0.28754365541327126,0.0071741845537192485,28.754156746666073,0.13314447592067988,13.314350911598094,0.36030267753201395,0.004494789964782341,18.0151338766007,0.221671388101983,11.083569405099148,0.49534342258440045,0.0024717678222883166,9.906854064215237,0.3859773371104816,7.719535531324061,0.6711292200232829,0.0016744726427767491,6.711292200232829,0.5998583569405099,5.998583569405099,0.33194631457204393,0.9097452062707783,0.1222707423580786,12.1863173216885,0.4519650655021834,9.040076550293243,0.6353711790393013,6.3542567056409025,17.94427190999916
2020-03-26,85,6885750,1235,902,0.00017935591620375413,0.01152392146663528,0.9001634327270255,0.0008180257968912074,0.17165991902834007,0.030787104269532385,171.65368682099808,0.0,0.0,0.22753036437246962,0.020403717688062737,113.76105187901052,0.0,0.0,0.28987854251012146,0.01039821081065381,57.97528752182953,0.02771618625277162,5.5431969993326025,0.33522267206477735,0.006012373289959046,33.52202379055506,0.08980044345898004,8.979979138918816,0.42672064777327934,0.003826743637221799,21.33603238866397,0.21507760532150777,10.753880266075388,0.5619433198380567,0.0020157542522539268,11.238850074864352,0.40022172949002216,8.004422965180082,0.6834008097165992,0.0012257197836110809,6.834008097165992,0.5665188470066519,5.665188470066519,0.29371026982472415,0.9031207316613836,0.1568627450980392,15.633986928104576,0.4677871148459384,9.356544676189515,0.6414565826330533,6.415115960620955,12.36931687685298
2020-03-27,86,6885750,1521,1105,0.00022089097048251825,0.013866945684044263,0.890840485788654,0.0009249788881264668,0.16305062458908612,0.03601510310775487,163.0447049468922,0.0,0.0,0.22616699539776464,0.024978216671507406,113.07939214058653,0.0,0.0,0.31097961867192636,0.01373841819396439,62.19547210985555,0.051583710407239816,10.316667168278242,0.3616042077580539,0.007987452438351389,36.160158203404386,0.12126696832579185,12.126608776748109,0.4128862590401052,0.004560142322913263,20.644312952005258,0.19185520361990951,9.592760180995477,0.5213675213675214,0.0023033042104284784,10.427335283995987,0.3411764705882353,6.8235195021404795,0.6574621959237343,0.0014522746251316124,6.574621959237344,0.5285067873303168,5.285067873303168,0.2802169387904193,0.892305573106027,0.14322916666666666,14.275173611111109,0.4296875,8.594487028301886,0.5911458333333334,5.911965319468267,14.422205101855956
2020-03-28,87,6885750,2153,1688,0.00031267472679083615,0.012416305662719156,0.9106702767257224,0.0017145134544254371,0.12633534602879704,0.039500435666569855,126.33075935489242,0.0,0.0,0.1755689735253135,0.027446993900668022,87.78129969880392,0.0,0.0,0.24988388295401764,0.01562636149757472,49.97641369341622,0.043246445497630334,8.649226294266695,0.32187645146307475,0.01006419007232275,32.18741142150319,0.13507109004739337,13.507010925293194,0.3878309335810497,0.006063246559924481,19.39154667905248,0.21919431279620852,10.959715639810426,0.5257779842080818,0.0032879449762989125,10.515544412703315,0.39514218009478674,7.902832124813172,0.6892707849512308,0.002155175543695313,6.892707849512308,0.6036729857819905,6.036729857819905,0.3704457541298074,0.9087075129441846,0.13259668508287292,13.21546961325967,0.42357274401473294,8.472181420164324,0.5985267034990792,5.985780351203055,15.0
2020-03-29,88,6885750,2554,2177,0.0003709109392586138,0.010457156087663445,0.8824187983415992,0.0016117119237909249,0.11198120595144871,0.04153354632587859,111.9771404124583,0.0,0.0,0.14212999216914643,0.026357827476038338,71.06241603098316,0.0009186954524575103,0.4593310493580672,0.18010963194988253,0.013360829533242325,36.02166482322762,0.03812586127698668,7.625116886578495,0.2169146436961629,0.0080455430015394,21.691306860943584,0.08130454754248967,8.130395716412009,0.27682067345340644,0.00513379079984025,13.84103367267032,0.1515847496554892,7.57923748277446,0.43108848864526234,0.003197904080304861,8.621757251745965,0.3325677537896187,6.651345416212203,0.5830070477682068,0.002162436916820971,5.830070477682067,0.5107946715663757,5.107946715663757,0.36094064150600824,0.8993059606346456,0.11348684210526316,11.310855263157896,0.37006578947368424,7.4019505506906205,0.555921052631579,5.559687302518733,23.334521319619355
2020-03-30,89,6885750,2264,1868,0.00032879497512979704,0.01232321983003708,0.8846001613095027,0.001240934186446961,0.12941696113074205,0.04255010165553297,129.412262577114,0.0,0.0,0.16166077738515902,0.026575660760964275,80.82745410106438,0.0,0.0,0.20008833922261485,0.01315751256208429,40.01737726341515,0.030513918629550323,6.102739411642108,0.23630742049469966,0.007769612826396352,23.63057045908069,0.07441113490364026,7.44105945805485,0.28091872791519434,0.004618233307918528,14.045936395759718,0.1284796573875803,6.423982869379015,0.3909010600706714,0.002570522353378567,7.818009847516107,0.26177730192719484,5.235538435104279,0.5812720848056537,0.0019111934066732019,5.8127208480565375,0.4925053533190578,4.925053533190578,0.3859007738319622,0.9025813521699226,0.12520593080724876,12.478857770455795,0.400329489291598,8.00727645734018,0.5914332784184514,5.914840016841819,24.041630560342615
2020-03-31,90,6885750,1752,1390,0.0002544385143230585,0.009400860128640415,0.9056677575142594,0.0011277279074820967,0.11757990867579908,0.029915771129828638,117.57563987284107,0.0,0.0,0.1678082191780822,0.021347661922741797,83.901063404406,0.0,0.0,0.21860730593607305,0.011124342850503935,43.72114371167664,0.015107913669064749,3.0215607931326085,0.2551369863013699,0.00649162043626013,25.513513366996683,0.06115107913669065,6.1150635099112325,0.3321917808219178,0.004226119159132992,16.60958904109589,0.15827338129496402,7.913669064748201,0.4726027397260274,0.002404963286550795,9.45204106756115,0.33525179856115106,6.7050262336835615,0.6581050228310502,0.0016744726427767491,6.581050228310502,0.5690647482014388,5.690647482014389,0.31236466836085675,0.9070270452709857,0.1261061946902655,12.56858407079646,0.41814159292035397,8.363549082408658,0.6216814159292036,6.2173473337482354,15.524174696260024
2020-04-01,91,6885750,1532,1219,0.00022248847257016303,0.005889113261595537,0.8804561950860532,0.0007061840159969825,0.09856396866840732,0.021928550682544293,98.56039024956225,0.0,0.0,0.15339425587467362,0.017063607319198374,76.69434340611632,0.0,0.0,0.20822454308093996,0.009265444828487613,41.64460621916356,0.009023789991796555,1.8047448934332428,0.2447780678851175,0.005445990298875948,24.477629047314004,0.05086136177194422,5.086099245130049,0.28720626631853785,0.003195004175289547,14.360313315926891,0.10418375717801477,5.209187858900738,0.40404699738903394,0.0017979133748489637,8.080928212053688,0.25102543068088595,5.020501322471043,0.5489556135770235,0.001221362959735686,5.4895561357702345,0.4331419196062346,4.331419196062346,0.260592326677007,0.8906410201131492,0.1278772378516624,12.745098039215687,0.4092071611253197,8.18484512158208,0.5959079283887468,5.9595903541519535,18.027756377319946
2020-04-02,92,6885750,1549,1244,0.00022495733943288677,0.006579954186736286,0.8999868337390838,0.0008818018572927054,0.105229180116204,0.023671216961951787,105.2253597132082,0.0,0.0,0.15558424790187217,0.017499273889050246,77.78929966528581,0.0,0.0,0.2040025823111685,0.009178308983705597,40.80022019661124,0.008842443729903537,1.7684759044173017,0.24661071659134925,0.005547648784454965,24.660892587192237,0.06189710610932476,6.189665665460556,0.30600387346675273,0.003441890861561921,15.300193673337636,0.13585209003215434,6.792604501607717,0.42995480955455134,0.001934426991356074,8.599083702859964,0.29019292604501606,5.803850092116106,0.6120077469335055,0.0013767563446247686,6.1200774693350555,0.5168810289389068,5.168810289389068,0.24862526997118958,0.8915828241510233,0.12082262210796915,12.041988003427592,0.41131105398457585,8.226926587502811,0.5912596401028277,5.913103484767645,16.64331697709324
2020-04-03,93,6885750,1458,1204,0.0002117416403441891,0.0070328573942119955,0.890365488207728,0.0008370138275108559,0.11796982167352538,0.024978216671507406,117.9655387145625,0.0,0.0,0.15294924554183814,0.016192274179494627,76.47184631787046,0.0,0.0,0.2030178326474623,0.008597403351825496,40.603271693986564,0.03488372093023256,6.976693525671638,0.23731138545953362,0.005024833715762875,23.730966226552958,0.07641196013289037,7.641140528116556,0.2839506172839506,0.003006208474022438,14.197530864197532,0.132890365448505,6.644518272425248,0.39574759945130317,0.0016759224835021843,7.914940494358824,0.26827242524916944,5.365440712889989,0.5747599451303155,0.0012170061358602912,5.747599451303155,0.4850498338870432,4.850498338870432,0.2658680674897043,0.8858347253322437,0.13283208020050125,13.238930659983293,0.41854636591478694,8.37164523659062,0.5739348370927319,5.739840596345066,21.93171219946131
2020-04-04,94,6885750,1302,1012,0.00018908615619213592,0.01099864078528038,0.8943931234685505,0.0007664015882196526,0.15745007680491552,0.029770548939878013,157.44436049367513,0.0,0.0,0.20353302611367127,0.01924194016845774,101.7628183678632,0.0,0.0,0.25960061443932414,0.009817305178773708,51.9197458792174,0.04743083003952569,9.486097125814402,0.29339477726574503,0.005547648784454965,29.339264683226403,0.09090909090909091,9.090843078905468,0.3433179723502304,0.0032458337871691537,17.165898617511523,0.1551383399209486,7.756916996047431,0.45622119815668205,0.0017252997490473092,9.124410711983495,0.30039525691699603,6.007896413224409,0.6221198156682027,0.0011763424463566061,6.2211981566820285,0.5138339920948617,5.138339920948616,0.3202383720557137,0.8913012778170056,0.14651162790697675,14.602325581395347,0.43023255813953487,8.605389126012206,0.5813953488372093,5.814452112170409,21.095023109728988
2020-04-05,95,6885750,1118,954,0.00016236430308971426,0.005792193026657303,0.8683959835879086,0.0005929648579654161,0.10644007155635063,0.01728144060412431,106.43620719127816,0.0,0.0,0.13595706618962433,0.01103688643624746,67.97606509695075,0.0,0.0,0.17889087656529518,0.005809056318801011,35.77791551626481,0.03773584905660377,7.5471150089026535,0.21556350626118068,0.003499956432077609,21.55619409854955,0.08071278825995808,8.071220217854226,0.2441860465116279,0.001982354863304651,12.209302325581396,0.11425576519916142,5.712788259958072,0.36493738819320215,0.0011850543730830003,7.298737164093264,0.2557651991614256,5.115296554413126,0.5250447227191414,0.0008524852049522565,5.2504472271914135,0.44339622641509435,4.433962264150944,0.2222007108130407,0.8722962731017052,0.09903381642512077,9.87037037037037,0.37922705314009664,7.585191538021726,0.533816425120773,5.3386220697541455,28.818385150743925
2020-04-06,96,6885750,1105,944,0.00016047634607704316,0.00541595057707443,0.7664783019385598,0.00034293865468737505,0.11764705882352941,0.01887888469358118,117.64278758264852,0.0,0.0,0.13846153846153847,0.01110949753122277,69.22825576978931,0.0,0.0,0.15565610859728507,0.004995788434168869,31.130995665681713,0.011652542372881356,2.3304915520075458,0.17647058823529413,0.002831914955415493,17.646930682581203,0.036016949152542374,3.60166876219348,0.19638009049773755,0.0015757179682677994,9.819004524886878,0.059322033898305086,2.966101694915254,0.2868778280542986,0.0009207407751649782,5.737548228590271,0.1652542372881356,3.305079945878972,0.4072398190045249,0.0006535235813092256,4.0723981900452495,0.3061440677966102,3.0614406779661016,0.14873730831085036,0.7931524053425454,0.0625,6.229166666666666,0.31009615384615385,6.202454974271012,0.44471153846153844,4.447496783876501,37.0
2020-04-07,97,6885750,895,764,0.0001299785789492793,0.005621929787490505,0.8094666983996133,0.00030307034455450836,0.1106145251396648,0.01437699680511182,110.61050921876952,0.0,0.0,0.13743016759776536,0.008931164681963404,68.71258906014471,0.0,0.0,0.15977653631284916,0.004153475267942723,31.95507522484537,0.015706806282722512,3.1413384461139313,0.1776536312849162,0.002309099886723402,17.76523412849795,0.03664921465968586,3.664894853799587,0.20670391061452514,0.0013433540282467415,10.335195530726258,0.07068062827225131,3.5340314136125652,0.3106145251396648,0.0008074635189143973,6.2122814808545375,0.19240837696335078,3.8481619506790614,0.4346368715083799,0.0005649348291761972,4.346368715083799,0.337696335078534,3.3769633507853407,0.16031517950219593,0.8316363974701412,0.08951406649616368,8.92156862745098,0.319693094629156,6.394410251236001,0.4680306905370844,4.680708303904752,39.20459156782532
2020-04-08,98,6885750,817,665,0.00011865083687325273,0.007793639157170131,0.8887978599115324,0.0004745608538392443,0.1481028151774786,0.01757188498402556,148.0974382236891,0.0,0.0,0.18237454100367198,0.010819053151321522,91.18395989805651,0.0,0.0,0.21297429620563035,0.00505387899735688,42.594549946205795,0.03308270676691729,6.616493308556762,0.2460220318237454,0.002919050800197508,24.602024537894724,0.07368421052631578,7.368367548165486,0.2998776009791922,0.0017790364157862252,14.993880048959609,0.13984962406015036,6.99248120300752,0.4357405140758874,0.001034018031415559,8.714797625238294,0.3067669172932331,6.135329435681406,0.587515299877601,0.000697091820063174,5.87515299877601,0.4932330827067669,4.93233082706767,0.2025194810351049,0.8816156382477626,0.09585492227979274,9.553540587219343,0.3704663212435233,7.409961873105875,0.5362694300518135,5.363154222842365,21.540659228538015
2020-04-09,99,6885750,542,458,7.87132846821334e-05,0.003405790111580737,0.861159266856096,0.00027240395417146504,0.12361623616236163,0.009729886726691839,123.61174820722938,0.0,0.0,0.14391143911439114,0.005663665408074354,71.95310716540217,0.0,0.0,0.18265682656826568,0.0028754828778065,36.531100047704996,0.03275109170305677,6.550170777377303,0.21217712177121772,0.0016701036916552906,21.21755810851553,0.06768558951965066,6.768509803289879,0.2693726937269373,0.001060160476346077,13.468634686346864,0.13537117903930132,6.7685589519650655,0.37453874538745385,0.0005896226415094339,7.490764029102555,0.259825327510917,5.196499003474698,0.4944649446494465,0.00038920959953527213,4.944649446494465,0.4017467248908297,4.0174672489082965,0.1352216445666438,0.8508392464912581,0.09554140127388536,9.441595595379466,0.2961783439490446,5.924074903584578,0.43630573248407645,4.3634315150058445,28.0178514522438
2020-04-10,100,6885750,851,757,0.0001235885705987002,0.005108515721076982,0.8920167968028879,0.0006290463831172515,0.09283196239717979,0.011472553006099333,92.82859208196062,0.0,0.0,0.10575793184488837,0.006534998547778101,52.8770461226358,0.001321003963011889,0.6604780016198893,0.14336075205640422,0.0035435243544686165,28.671942213610198,0.036988110964332896,7.397568476361649,0.1927144535840188,0.0023817130907084145,19.271305422262593,0.09247027741083223,9.246960595452062,0.27497062279670975,0.0016991613114039864,13.748531139835489,0.18494055482166447,9.247027741083224,0.4101057579318449,0.0010136862161910958,8.20210324693048,0.3368560105680317,6.7371104272261135,0.5945945945945946,0.0007348509603165959,5.9459459459459465,0.5442536327608983,5.442536327608983,0.2354203189442228,0.8896443149981619,0.12244897959183673,12.204081632653061,0.3520408163265306,7.04142017012637,0.5382653061224489,5.383114695277769,23.08679276123039
2020-04-11,101,6885750,1280,1142,0.0001858911520168464,0.0058576417329393145,0.8937292942031153,0.0011690353521988002,0.08515625,0.015829218704618064,85.15315835572174,0.0,0.0,0.1140625,0.010601219866395586,57.02917944924484,0.013134851138353765,6.567187135196009,0.1625,0.006041418571553051,32.499764007087045,0.06129597197898424,12.25910537785851,0.2203125,0.004095384704754713,22.03109002403497,0.12609457092819615,12.609365531511614,0.30703125,0.0028537196383836183,15.3515625,0.22329246935201402,11.1646234676007,0.45859375,0.001704967933822846,9.171861679938017,0.39316987740805603,7.863386128364978,0.61875,0.001150201503104237,6.1875,0.5726795096322241,5.726795096322241,0.3182826046212185,0.8921212482236583,0.12237093690248566,12.19630337794774,0.3881453154875717,7.763572082162219,0.5774378585086042,5.7699253368199095,20.174180106827396
2020-04-12,102,6885750,1630,1523,0.00023672076389645282,0.005176784497460842,0.8601675682763754,0.0011476399398129234,0.05705521472392638,0.013505663665408075,57.05314330311881,0.0,0.0,0.07423312883435583,0.00878594249201278,37.11521687998589,0.009192383453709783,4.5960248595978905,0.10797546012269939,0.005111969560544889,21.59493521565765,0.04530531845042679,9.060997894798753,0.147239263803681,0.0034854337912806066,14.723819465221126,0.08732764281024294,8.732700869624885,0.20920245398773007,0.0024761282358493992,10.460122699386504,0.15364412344057782,7.68220617202889,0.35276073619631904,0.0016701133934380519,7.055204477831942,0.30728824688115564,6.145756012297603,0.5306748466257669,0.0012562175507388447,5.306748466257669,0.49770190413657256,4.977019041365725,0.281153884481573,0.87406978029521,0.09359605911330049,9.32840722495895,0.3169129720853859,6.338803031711295,0.5090311986863711,5.090748548783683,29.983324063771697
2020-04-13,103,6885750,1906,1751,0.0002768035435500853,0.005340735556572238,0.8728866989377775,0.0014030976914634662,0.05771248688352571,0.01597444089456869,57.71039160009253,0.0,0.0,0.08237145855194124,0.01139994191112402,41.18423400552058,0.0034266133637921186,1.7132444793589587,0.11594963273871983,0.006419007232275117,23.189758158257284,0.03769274700171331,7.538494660520124,0.17156348373557187,0.004748903540619826,17.15622379581478,0.09822958309537407,9.82288698188986,0.2465897166841553,0.003412845369059289,12.329485834207766,0.17989720159908623,8.99486007995431,0.3772298006295908,0.002088367878055581,7.544585055782381,0.32210165619645914,6.442023768341529,0.5524658971668416,0.001529245180263588,5.5246589716684165,0.5128498001142204,5.128498001142204,0.34135085302708346,0.8849831977704148,0.10060975609756098,10.027439024390244,0.35823170731707316,7.1652486089612175,0.5304878048780488,5.305333012592561,25.495097567963924
2020-04-14,104,6885750,2145,1845,0.0003115129070907309,0.008410504068023626,0.8537188147922359,0.0012293750938532364,0.09603729603729604,0.029915771129828638,96.03380935068417,0.0,0.0,0.11981351981351981,0.018661051408655243,59.90458495904328,0.0,0.0,0.16503496503496504,0.010282029684277789,33.00675333264139,0.02926829268292683,5.853616031295228,0.21165501165501166,0.006593278921839147,21.165347476015807,0.08346883468834689,8.346822859439492,0.27972027972027974,0.0043568238753948375,13.986013986013987,0.16260162601626016,8.130081300813009,0.40512820512820513,0.002524049632865508,8.102552335432947,0.3084010840108401,6.168012722568437,0.5351981351981352,0.001667211269651091,5.351981351981352,0.4596205962059621,4.59620596205962,0.37262804934186444,0.884030739943299,0.11128526645768025,11.091431556948796,0.39655172413793105,7.931714674395221,0.5830721003134797,5.8312210649704,21.213203435596427
2020-04-15,105,6885750,1959,1668,0.00028450059906328284,0.009326807814392206,0.8631891299522743,0.001076481957195815,0.10617662072485962,0.03020621550972989,106.17276592451383,0.0,0.0,0.1276161306789178,0.018152773743828055,63.80574875271263,0.0,0.0,0.16283818274629913,0.009265444828487613,32.567400065216226,0.016786570743405275,3.357289770147343,0.20877998979070955,0.005939760085974033,20.877847377231088,0.07074340527577938,7.074289158524758,0.27616130678917816,0.003928402860981011,13.808065339458908,0.1498800959232614,7.494004796163069,0.3981623277182236,0.002265545125011618,7.9632349895603625,0.2931654676258993,5.86330083739496,0.5344563552833078,0.0015205315325127983,5.344563552833079,0.45323741007194246,4.532374100719425,0.36683839459854567,0.9039453143295464,0.1134020618556701,11.302405498281788,0.4261168384879725,8.523067673427526,0.5979381443298969,5.979894254743506,19.924858845171276
2020-04-16,106,6885750,1449,1225,0.00021043459318157063,0.0051261823609521015,0.8620813444527982,0.0006284331030872569,0.1007591442374051,0.02120243973279117,100.75548612150918,0.0,0.0,0.12353347135955832,0.01299738600058089,61.76449320462378,0.0,0.0,0.1601104209799862,0.006738505329809173,32.02185167338406,0.006530612244897959,1.3061129648060101,0.18978605935127674,0.0039937262191756945,18.97846812538926,0.04163265306122449,4.163235075319157,0.2401656314699793,0.0025269578477290057,12.008281573498966,0.10122448979591837,5.061224489795919,0.3492063492063492,0.0014696997862254856,6.984116841271317,0.23020408163265307,4.604074946271845,0.45686680469289165,0.0009614058018371274,4.5686680469289165,0.3575510204081633,3.575510204081633,0.3141177207025393,0.9012789706000991,0.13118279569892474,13.074551971326164,0.43655913978494626,8.73193161068998,0.5978494623655914,5.979007359043877,25.317977802344327
2020-04-17,107,6885750,966,766,0.00014028972878771376,0.00491581673837685,0.8709370327124498,0.0004053579768924377,0.11387163561076605,0.01597444089456869,113.86750143869187,0.0,0.0,0.15631469979296067,0.010964275341272147,78.15451235110216,0.0,0.0,0.2080745341614907,0.005838101600395016,41.61460465312627,0.005221932114882507,1.0443788393520643,0.2546583850931677,0.0035725696360626217,25.46565359370414,0.06005221932114883,6.005178326274369,0.2898550724637681,0.0020331844751842573,14.492753623188406,0.10443864229765012,5.221932114882506,0.39233954451345754,0.0011008225671530812,7.846779494590403,0.23368146214099217,4.6736224554365435,0.4772256728778468,0.0006694986021856733,4.772256728778468,0.34073107049608353,3.4073107049608358,0.2218062468566207,0.890538855411684,0.10026385224274406,9.992963940193492,0.39577836411609496,7.916246147440452,0.5593667546174143,5.594147277524586,24.052006728256607
2020-04-18,108,6885750,1215,916,0.00017645136695349092,0.010008405730694853,0.8949921656130594,0.0006922727609690496,0.14238683127572016,0.02512343886145803,142.38166184385565,0.0,0.0,0.1925925925925926,0.01699099622422306,96.29280020653822,0.0,0.0,0.2617283950617284,0.009236399546893608,52.345298913598896,0.02074235807860262,4.148441492338958,0.31851851851851853,0.005620261988439978,31.851620565350267,0.09606986899563319,9.606917140153376,0.37448559670781895,0.0033039247721744183,18.724279835390945,0.1703056768558952,8.51528384279476,0.4888888888888889,0.0017252997490473092,9.777763577779842,0.3220524017467249,6.441038680777462,0.6164609053497943,0.0010877536942235776,6.164609053497942,0.4912663755458515,4.9126637554585155,0.25995477480036616,0.8926167874260661,0.09148936170212765,9.118439716312057,0.37659574468085105,7.532560855443233,0.5680851063829787,5.681338272325828,14.422205101855956
2020-04-19,109,6885750,1894,1702,0.0002750608139999274,0.0041728759290513015,0.8673343575957606,0.001006824261720423,0.06863780359028511,0.01887888469358118,68.63531165724741,0.0,0.0,0.0908130939809926,0.012489108335753703,45.40489848094829,0.0,0.0,0.117740232312566,0.006477097795463127,23.547875472603074,0.018213866039952998,3.6427467566471976,0.15047518479408659,0.00413895262714572,15.047409214555778,0.05464159811985899,5.464120134970796,0.21172122492080253,0.002911810623388883,10.586061246040126,0.1227967097532315,6.139835487661576,0.32682154171066524,0.0017979133748489637,6.536421341534451,0.2508813160987074,5.017619035013346,0.4656810982048574,0.0012809062193660822,4.656810982048574,0.40540540540540543,4.054054054054054,0.2800491889238118,0.8829239841656351,0.09246575342465753,9.215753424657535,0.3373287671232877,6.74715395098569,0.5136986301369864,5.137426866232759,29.043059982295542
2020-04-20,110,6885750,2566,2320,0.00037265366880877174,0.006976322295506547,0.8561057722951949,0.0012776464924156535,0.07716289945440374,0.02875399361022364,77.16009801309332,0.0,0.0,0.09431021044427124,0.01757188498402556,47.15339323022369,0.0034482758620689655,1.7240753352629523,0.12314886983632112,0.009178308983705597,24.629595122584107,0.03017241379310345,6.03443894030794,0.14925954793452845,0.005562171425251968,14.925846411312836,0.059051724137931035,5.905129534444199,0.18589243959469992,0.0034636749809388956,9.294621979734996,0.09956896551724138,4.9784482758620685,0.2965705378020265,0.0022103587694023608,5.931402142015708,0.22198275862068967,4.439648724824606,0.45713172252533124,0.0017035181352793812,4.5713172252533125,0.39956896551724136,3.995689655172414,0.29707933058844294,0.8753593739998633,0.08456973293768547,8.428783382789318,0.3115727002967359,6.231988435952379,0.48516320474777447,4.8520481394200665,32.56531807100204
2020-04-21,111,6885750,3378,3024,0.0004905783683694586,0.008471206438926165,0.8551254380358344,0.001815059386623367,0.07104795737122557,0.03485332558814987,71.04537793623534,0.0,0.0,0.09443457667258733,0.0231629392971246,47.215574086789736,0.0,0.0,0.1335109532267614,0.01309942199889628,26.701996752190666,0.03207671957671958,6.41529733147628,0.17021906453522795,0.008350518458276453,17.021782852006243,0.07308201058201058,7.308147991011638,0.22528123149792778,0.0055259049486257854,11.26406157489639,0.1345899470899471,6.729497354497355,0.34221432800473656,0.003357654057068501,6.844276620325468,0.26521164021164023,5.304225101041284,0.48134991119005327,0.002361398540464002,4.8134991119005335,0.42063492063492064,4.2063492063492065,0.3530184962702348,0.8950452632795649,0.0912751677852349,9.09709172259508,0.338255033557047,6.765680868454074,0.5288590604026846,5.289044170974019,27.0
2020-04-22,112,6885750,3315,2813,0.0004814290382311295,0.009125298153452128,0.8586938456193958,0.0016618160600225765,0.08355957767722473,0.040226546616322974,83.55654400100933,0.0,0.0,0.1167420814479638,0.02810049375544583,58.368921531390995,0.0,0.0,0.16772247360482653,0.01614917656626681,33.54425114364153,0.019196587273373623,3.8392895761605743,0.21266968325791855,0.010238461761886782,21.266813899520937,0.07216494845360824,7.216442444079599,0.2702865761689291,0.006506190320589624,13.514328808446457,0.14006398862424457,7.003199431212229,0.38099547511312215,0.0036684403754995818,7.619898436077299,0.27052968361180235,5.410585814579561,0.5031674208144796,0.0024223940747195296,5.031674208144797,0.4145040881621045,4.145040881621045,0.35455257356614567,0.8946790208602211,0.07905686546463246,7.879334257975034,0.3550624133148405,7.101857292734743,0.5298196948682385,5.298651339501312,22.02271554554524
2020-04-23,113,6885750,2982,2238,0.0004330682932142468,0.015571767499057497,0.8878658026356206,0.0014757829694226241,0.10395707578806171,0.04501887888469358,103.95330156951,0.0,0.0,0.1750503018108652,0.037902991577112986,87.52197325691004,0.0,0.0,0.25553319919517103,0.02213250457463185,51.10626873734784,0.01385165326184093,2.7703105361097093,0.3075117370892019,0.013317261610851318,30.75095041479526,0.0773011617515639,7.730060044306125,0.36787391012743126,0.007965726318846894,18.393695506371564,0.1577301161751564,7.88650580875782,0.4674714956405097,0.004048935774700251,9.349416334890092,0.290437890974084,5.808749383582347,0.5808182427900738,0.0025153396507279525,5.8081824279007375,0.44146559428060766,4.414655942806077,0.36675296716943306,0.8999102081257423,0.10852713178294573,10.81653746770026,0.3875968992248062,7.752602816227213,0.5596899224806201,5.597379233316048,14.866068747318506
2020-04-24,114,6885750,2504,1710,0.00036364956613295574,0.017668806632616798,0.9138435413987108,0.0013639389827622807,0.1273961661341853,0.0463258785942492,127.39154094662597,0.0,0.0,0.2124600638977636,0.038629102526866105,106.22617520941225,0.0,0.0,0.30950479233226835,0.022510093235353915,61.90050898376127,0.008187134502923977,1.6374150107034409,0.36621405750798725,0.013317261610851318,36.62113983103812,0.07192982456140351,7.192930225590116,0.43410543130990414,0.007893112587590314,21.70527156549521,0.17134502923976608,8.567251461988304,0.5515175718849841,0.004011176689283391,11.030335418623446,0.34327485380116957,6.865487105450679,0.6753194888178914,0.0024557963910975564,6.753194888178913,0.5245614035087719,5.245614035087719,0.3992277308213406,0.9095207505273007,0.11647254575707154,11.60843039378813,0.40931780366056575,8.187058162068364,0.6206322795341098,6.206855070023375,9.055385138137417
2020-04-25,115,6885750,2444,1761,0.00035493591838216607,0.013621146839952351,0.9056505696535938,0.0013356689599192265,0.11702127659574468,0.04153354632587859,117.01702807423017,0.0,0.0,0.1951718494271686,0.034635492303223936,97.58238180316049,0.0,0.0,0.2765957446808511,0.019634610357547416,55.31874724610561,0.0073821692220329355,1.4764231235473957,0.3322422258592471,0.011792384327166052,33.22398133419953,0.07325383304940375,7.325330112985156,0.38666121112929625,0.006861997603746868,19.33306055646481,0.14877910278250994,7.438955139125497,0.5180032733224222,0.00367715401059578,10.360050420810104,0.33106189664963087,6.621228317150746,0.6599836333878887,0.0023425189703372906,6.599836333878886,0.5281090289608177,5.281090289608177,0.4241436890774469,0.9069210215077315,0.14954954954954955,14.905105105105108,0.44144144144144143,8.829586018265264,0.6108108108108108,6.108631959575357,11.0
2020-04-26,116,6885750,2866,2162,0.0004162219075627201,0.014752585017245405,0.9044342336600047,0.0017985941585414323,0.10956036287508723,0.04559976764449608,109.5563852261301,0.0,0.0,0.17411025819958129,0.036232936392680805,87.05196851566708,0.0,0.0,0.24912770411723656,0.02073833105811961,49.82517902423137,0.01156336725254394,2.3126566574458867,0.30565247732030704,0.012721833338174214,30.565025787973866,0.07955596669750231,7.955538901613851,0.3796231681786462,0.00790037396071597,18.98115840893231,0.17761332099907493,8.880666049953746,0.5066294487090021,0.00421739938656009,10.13257425889956,0.3459759481961147,6.919508914895078,0.6821353803210048,0.002839196892132302,6.821353803210048,0.5786308973172988,5.7863089731729875,0.38671647356812766,0.8966284440117928,0.13667820069204153,13.622260668973473,0.39273356401384085,7.855344922753685,0.5692041522491349,5.692529690717977,12.36931687685298
2020-04-27,117,6885750,3467,2734,0.00050350361253313,0.016447174680734086,0.9064612941503569,0.002488445178197616,0.10441303720796077,0.05257043276212605,104.40924643548009,0.0,0.0,0.15690798961638305,0.039500435666569855,78.45114649295742,0.0,0.0,0.22267089702913181,0.0224229573905719,44.53385602888101,0.014264813460131675,2.8529419757501433,0.27891548889529855,0.014043393650701444,27.891346360056957,0.08558888076079005,8.55882592725043,0.3637150274012114,0.009156591511454816,18.185751370060572,0.19312362838332114,9.656181419166057,0.5148543409287568,0.005184612882238126,10.297071864398955,0.3847841989758595,7.695672803286855,0.6887799250072109,0.00346803180481429,6.887799250072108,0.605340160936357,6.053401609363569,0.3969445679394357,0.9014979168539999,0.14444444444444443,14.396296296296295,0.4388888888888889,8.778530588907946,0.5925925925925926,5.9264341528492475,13.0
2020-04-28,118,6885750,4341,3358,0.0006304324147696329,0.021002291119483804,0.9211729902270936,0.0035485204396759084,0.1022805805114029,0.06447865233807726,102.27686715893009,0.0,0.0,0.16079244413729554,0.05068254429276794,80.39330323978965,0.0,0.0,0.24095830453812486,0.030381364547329287,48.19131097253459,0.01876116736152472,3.752206226135491,0.30430776318820546,0.019184408492840338,30.430555351203722,0.10065515187611673,10.06544209868092,0.3971435153190509,0.0125186072686345,19.857175765952547,0.22066706372840977,11.033353186420488,0.5788988712278277,0.007299121665582303,11.577960610178149,0.45562835020845743,9.112553770238538,0.7111264685556323,0.0044831717677812875,7.111264685556324,0.6265634306134604,6.265634306134604,0.4344448683479432,0.9116714465657182,0.14664310954063603,14.61542991755006,0.46996466431095407,9.400099400566098,0.6395759717314488,6.396308238731067,11.180339887498949
2020-04-29,119,6885750,5355,4014,0.0007776930617579785,0.027256910529139818,0.9262461936490267,0.004263900697837286,0.1034547152194211,0.08045309323264595,103.45095923934487,0.0,0.0,0.16638655462184873,0.06469648562300319,83.19025693344429,0.0,0.0,0.25957049486461253,0.040372941415667024,51.913722008016656,0.014200298953662182,2.840039168148345,0.32941176470588235,0.025617938365912456,32.94093727415157,0.10538116591928251,10.53804007128728,0.4158730158730159,0.016171077950840503,20.79365079365079,0.2207274539113104,11.036372695565522,0.5753501400560224,0.008948903243795893,11.506986089816538,0.4334828101644245,8.669643612585062,0.734267040149393,0.0057103438260175,7.342670401493931,0.6454907822620827,6.454907822620827,0.47833859748084195,0.9124275503368304,0.13841368584758942,13.795230689476412,0.4556765163297045,9.114311932968583,0.640746500777605,6.408014533076888,11.045361017187261
2020-04-30,120,6885750,5342,3666,0.0007758051047453073,0.03280846085200429,0.9418894395460541,0.004402470265446771,0.10651441407712467,0.08263142608190531,106.51054701300627,0.0,0.0,0.19037813552976413,0.07384548358989254,95.18561187366203,0.0,0.0,0.3152377386746537,0.04891225420430451,63.0470899264863,0.018548827059465357,3.7097384740978128,0.38805690752527144,0.030105434372186237,38.8054089719733,0.1082924168030551,10.829163045711997,0.47716211156870086,0.0185092400973024,23.85810557843504,0.2381342062193126,11.90671031096563,0.65443654062149,0.010154289432103355,13.088711804025772,0.49645390070921985,9.929063594457288,0.7755522276301011,0.00601677377192027,7.755522276301011,0.6729405346426623,6.729405346426624,0.552714863993217,0.9234782126413119,0.1415929203539823,14.112094395280236,0.49262536873156343,9.853352358111083,0.672566371681416,6.726240531884212,8.246211251235321
2020-05-01,121,6885750,4826,3040,0.0007008677340885161,0.040465286559435834,0.9409938550697281,0.0033359384388917286,0.13033568172399504,0.09134475747894279,130.33094981571287,0.0,0.0,0.23166183174471613,0.08117920418239907,115.82671056754133,0.0,0.0,0.35474513054289264,0.04972552208893665,70.948510924968,0.0,0.0,0.42208868628263574,0.029582619303494147,42.208562136144806,0.08256578947368422,8.256518993703288,0.5155408205553254,0.01806629633663726,25.77704102776627,0.23092105263157894,11.546052631578947,0.6481558226274348,0.009085416860303001,12.963097626570947,0.44144736842105264,8.828934546383444,0.7670949026108579,0.005376320662237229,7.670949026108579,0.6302631578947369,6.302631578947368,0.5634524216156128,0.9100718085644356,0.15407407407407409,15.356049382716048,0.5007407407407407,10.015673718315227,0.6755555555555556,6.756134934248141,6.324555320336759
2020-05-02,122,6885750,3996,2012,0.0005803289402025923,0.044133176932251425,0.9374411987073306,0.0016618599341457986,0.15415415415415415,0.08945686900958466,154.1485575031901,0.0,0.0,0.27177177177177175,0.07885564914318909,135.88095247440296,0.0,0.0,0.4527027027027027,0.052542914403555144,90.53988309666663,0.0,0.0,0.5330330330330331,0.030933224897615384,53.302916250939724,0.07256461232604373,7.2564085411144035,0.5895895895895896,0.017107795084050394,29.47947947947948,0.1848906560636183,9.244532803180915,0.6711711711711712,0.007789989776001487,13.423403928954514,0.34691848906560635,6.938359704908387,0.7715215215215215,0.004477362669280761,7.715215215215216,0.5462226640159046,5.462226640159045,0.451713290358687,0.8879308177807359,0.14173228346456693,14.125984251968505,0.4503937007874016,9.008646560689348,0.6062992125984252,6.063512108156292,3.0
2020-05-03,123,6885750,3573,1999,0.0005188977235595251,0.02797078039019149,0.9237036484528346,0.0015783334904778948,0.11446963336132102,0.0593958756898054,114.46547747861113,0.0,0.0,0.22474111390987966,0.05830670926517572,112.3664772803481,0.0,0.0,0.38706968933669184,0.040169624444508986,77.4133757399322,0.0,0.0,0.47802966694654353,0.024804670481280315,47.802619581997185,0.0670335167583792,6.703303000653657,0.5424013434089001,0.014072541117525324,27.120067170445004,0.18209104552276137,9.104552276138069,0.6400783655191715,0.006642694488335347,12.801548719019065,0.3566783391695848,7.133556423508714,0.742793171004758,0.0038543368550992994,7.42793171004758,0.5402701350675337,5.402701350675337,0.4037948128481429,0.8790080800477648,0.1362179487179487,13.57638888888889,0.4166666666666667,8.334048027444254,0.5769230769230769,5.7598458904109595,4.47213595499958
2020-05-04,124,6885750,3802,2477,0.0005521548124750391,0.021132109397293822,0.9277202081345439,0.0024610201703404513,0.0875854813256181,0.048358989253557944,87.5823014867666,0.0,0.0,0.18148342977380327,0.05010165553296544,90.73842045926268,0.0,0.0,0.31299316149395057,0.03456388509686601,62.59817775006447,0.0,0.0,0.40110468174644925,0.022147027215428855,40.11017691968417,0.08074283407347597,8.074224777388789,0.477643345607575,0.01318665359619504,23.882167280378745,0.19822365765038352,9.911182882519176,0.6380852183061546,0.007046426247792546,12.761685832650583,0.44448930157448524,8.889773121097777,0.7732772225144661,0.004269687397886941,7.732772225144661,0.6519983851433185,6.519983851433185,0.4378548288505614,0.8946104308224276,0.12743628185907047,12.701149425287356,0.42278860569715143,8.456497308807004,0.5997001499250375,5.997515821848938,7.211102550927978
2020-05-05,125,6885750,3758,2494,0.00054576480412446,0.02556090062194215,0.9291234932142379,0.00293348731279055,0.11442256519425226,0.062445541678768514,114.41841102037793,0.0,0.0,0.20383182543906334,0.05562009875108917,101.91221260652269,0.0,0.0,0.31931878658861096,0.034854337912806066,63.86329358251846,0.002004811547714515,0.4009593980271056,0.4047365620010644,0.022088936652240845,40.47336230792107,0.10304731355252607,10.304656529296615,0.5074507716870675,0.013847438550629924,25.37253858435338,0.2578187650360866,12.89093825180433,0.6692389568919638,0.0073049307556464355,13.3847596994924,0.5016038492381716,10.032062415453748,0.778605641298563,0.004249355553135097,7.786056412985629,0.6663993584603047,6.663993584603047,0.480806404218034,0.9042004506394012,0.1536050156739812,15.309299895506792,0.4561128526645768,9.123039408098851,0.6332288401253918,6.332831479161401,6.708203932499369
2020-05-06,126,6885750,3640,2342,0.0005286279635479069,0.029579488766341783,0.9496954457137498,0.003237731254823295,0.1346153846153846,0.07115887307580598,134.6104973301459,0.0,0.0,0.22225274725274724,0.058742375835027595,111.12233912253882,0.0,0.0,0.3423076923076923,0.0361904208661303,68.46104134037273,0.005550811272416738,1.1101541932395234,0.43434065934065935,0.022960295100060996,43.43375054539698,0.12083689154568744,12.083601411030196,0.5346153846153846,0.014130632102530589,26.730769230769234,0.2766865926558497,13.834329632792485,0.704945054945055,0.0074530625522818104,14.098880623454527,0.5414175918018788,10.828336110319809,0.8434065934065934,0.00445848309915405,8.434065934065934,0.7566182749786508,7.566182749786507,0.5214860437400948,0.9240471884895388,0.15196078431372548,15.145424836601306,0.5049019607843137,10.09890525678539,0.6715686274509803,6.716262233881546,5.830951894845301
2020-05-07,127,6885750,3255,2082,0.0004727153904803398,0.024701711650554348,0.9431147212315604,0.002384967894426129,0.12411674347158218,0.05866976474005228,124.11223734525807,0.0,0.0,0.21658986175115208,0.05119082195759512,108.29099916882046,0.0,0.0,0.33947772657450076,0.03209503616137559,67.895052303592,0.0,0.0,0.42089093701996927,0.01989601789189346,42.088788079602274,0.09462055715658022,9.461987008639841,0.5019969278033795,0.011865083687325273,25.099846390168974,0.22142170989433238,11.07108549471662,0.6614439324116743,0.006253485454038479,13.228859436296608,0.47070124879923153,9.414011304254892,0.8135176651305683,0.0038456232073485097,8.135176651305684,0.7084534101825168,7.0845341018251675,0.48055162800437795,0.9145163050836933,0.17406749555950266,17.348727057430434,0.48845470692717585,9.7699319682295,0.6678507992895204,6.679080763735076,6.4031242374328485
2020-05-08,128,6885750,4043,2696,0.0005871546309407109,0.026596337344854497,0.9313494022579837,0.002889276844826556,0.11822903784318575,0.06941620679639848,118.2247454732379,0.0,0.0,0.19713084343309423,0.057871042695323845,98.56184324494834,0.0,0.0,0.31189710610932475,0.03662610009004037,62.37896826490118,0.0,0.0,0.39995053178332923,0.023483110168753086,39.994762761437435,0.10014836795252226,10.014764074313517,0.4892406628741034,0.014362996042551647,24.46203314370517,0.23405044510385756,11.70252225519288,0.630472421469206,0.007403685286736686,12.609430117028724,0.44584569732937684,8.916900996798486,0.7420232500618352,0.0043568238753948375,7.4202325006183525,0.6131305637982196,6.131305637982196,0.47652626118485625,0.9130968045321913,0.14918032786885246,14.868306010928961,0.4721311475409836,9.443432781261423,0.6245901639344262,6.246437308438545,7.0710678118654755
2020-05-09,129,6885750,4958,3457,0.0007200377591402535,0.02683290532925264,0.929826423501274,0.0036885990257979765,0.09661153691004437,0.06956142898634911,96.60802937530322,0.0,0.0,0.17204517950786608,0.06193726401394133,86.01946665671572,0.0,0.0,0.2845905607099637,0.04098289232914113,56.917698841344,0.0008678044547295343,0.17355963066466903,0.3646631706333199,0.02625693456098057,36.46605226972004,0.08880532253398901,8.880467769008899,0.4584509883017346,0.016505101114620776,22.922549415086728,0.22331501301706683,11.16575065085334,0.6121419927390077,0.008815294172320848,12.242822074840314,0.44373734451836855,8.874734001816375,0.7496974586526826,0.005398104781614203,7.496974586526824,0.6410182238935493,6.4101822389354925,0.5002621188171157,0.913802387038894,0.1437125748502994,14.323353293413174,0.47155688622754494,9.43194656998182,0.6317365269461078,6.317907067511632,8.06225774829855
2020-05-10,130,6885750,5687,4039,0.000825908579312348,0.03279503108246153,0.9240067846221338,0.0047371649966218244,0.10462458238086865,0.08640720302062155,104.62078392812464,0.0,0.0,0.17847722876736416,0.07370026139994192,89.23537452692985,0.0,0.0,0.2876736416388254,0.047518080687792265,57.534310549668646,0.01559792027729636,3.1195614031599352,0.3655705996131528,0.030192570216968254,36.55679450879008,0.10670958157959891,10.670880672713746,0.46175487954985056,0.019068365827978072,23.08774397749253,0.24213914335231493,12.106957167615747,0.6423421839282575,0.010610303002137745,12.846825021447156,0.49641000247586037,9.928185631065142,0.7647265693687357,0.006315942344697382,7.647265693687357,0.668729883634563,6.68729883634563,0.5208365165424598,0.911069561731416,0.14550641940085593,14.502139800285306,0.47360912981455067,9.472994961865309,0.6476462196861626,6.47701763958863,8.246211251235321
2020-05-11,131,6885750,5387,3595,0.0007823403405583996,0.036439718211638376,0.9354155906280028,0.004578909890824879,0.11045108594765175,0.08640720302062155,110.44707596050581,0.0,0.0,0.19806942639688138,0.07747603833865814,99.03111768895774,0.0,0.0,0.31650269166511974,0.04952220511777862,63.30007868753372,0.004450625869262865,0.890118710368491,0.40653424911824765,0.03180458334543553,40.65312971428118,0.11070931849791377,11.070851460208106,0.5121589010581028,0.020034128453690594,25.607945052905144,0.2689847009735744,13.449235048678721,0.6795990347131985,0.010633539362394275,13.59196095500397,0.5198887343532684,10.397759586662964,0.8078708000742528,0.006320299168572777,8.078708000742528,0.7121001390820584,7.1210013908205845,0.5389415257352395,0.917706039560104,0.14534883720930233,14.486434108527131,0.4898255813953488,9.79735180900714,0.6744186046511628,6.744764450117676,6.4031242374328485
2020-05-12,132,6885750,4921,2823,0.0007146643430272665,0.043763008943146435,0.950801649968097,0.0035899036379999074,0.12761633814265394,0.09119953528899216,127.6117049616293,0.0,0.0,0.23247307457833774,0.08306709265175719,116.2323172580445,0.0,0.0,0.3836618573460679,0.05483749164948154,76.7318142908794,0.0,0.0,0.48323511481406217,0.03453483981527201,48.32316058890657,0.0991852639036486,9.918454368766858,0.5787441576915261,0.02068039066187416,28.937207884576303,0.26567481402763016,13.28374070138151,0.7213980898191424,0.010311134863834929,14.427940843050468,0.5143464399574921,10.286913859725873,0.8372282056492583,0.005983371455542243,8.372282056492583,0.7162592986184909,7.16259298618491,0.5594740163722431,0.9258924660745365,0.14627285513361463,14.57852789498359,0.4908579465541491,9.818000882963863,0.6765119549929677,6.765699748861917,4.123105625617661
2020-05-13,133,6885750,4175,2226,0.0006063246559924482,0.03993802617437209,0.9536498422662549,0.002668165795046098,0.1326946107784431,0.08045309323264595,132.68979322795013,0.0,0.0,0.22946107784431138,0.06956142898634911,114.72637356712656,0.0,0.0,0.4076646706586826,0.0494350692729966,81.53234209497877,0.0,0.0,0.509940119760479,0.03091870225681838,50.99364169218854,0.08086253369272237,8.0861946523957,0.5920958083832335,0.01795011436662673,29.604790419161677,0.23495058400718777,11.747529200359388,0.730059880239521,0.008853053257737708,14.601176399872436,0.4937106918238994,9.874199496428615,0.8524550898203593,0.005168645390843408,8.524550898203593,0.7232704402515723,7.232704402515723,0.523718517288936,0.9164001891084277,0.12911725955204217,12.868686868686869,0.4479578392621871,8.959925152034929,0.6284584980237155,6.285123966942149,3.605551275463989
2020-05-14,134,6885750,3571,2021,0.0005186072686344988,0.0301343675817919,0.9411439850960612,0.0018504781604346788,0.1285354242509101,0.06665698518733662,128.5307577019611,0.0,0.0,0.2315877905348642,0.060049375544583214,115.78969130666869,0.0,0.0,0.3861663399607953,0.04005344331813297,77.23270717665476,0.0,0.0,0.469896387566508,0.02436899125737024,46.98929754982837,0.06333498268184068,6.333452278623899,0.5340240828899467,0.013847438550629924,26.70120414449734,0.17664522513607125,8.832261256803564,0.6507980957714926,0.006750162654521796,13.015943012706092,0.3829787234042553,7.659563344295623,0.7877345281433772,0.004085248520495226,7.877345281433771,0.6249381494309748,6.249381494309748,0.4614877492952922,0.9071488965346344,0.11700680272108843,11.661678004535148,0.4217687074829932,8.436097595127245,0.5850340136054422,5.850841880491475,4.47213595499958
2020-05-15,135,6885750,2919,1793,0.00042391896307591764,0.021148009925810507,0.9323023576618306,0.001497091659240711,0.12127440904419322,0.051408655242521056,121.27000611037663,0.0,0.0,0.2147995889003083,0.04552715654952077,107.39589524181659,0.0,0.0,0.3497773210003426,0.02965523250747916,69.95495623102933,0.0,0.0,0.4258307639602604,0.01805164251067414,42.582767186664775,0.0652537646402677,6.525329081177545,0.4881808838643371,0.010347456704062738,24.409044193216857,0.16675962074735082,8.337981037367541,0.593011305241521,0.005027767450506553,11.860208880550017,0.3374233128834356,6.7484564570566405,0.7344981157930798,0.003113676796282177,7.344981157930799,0.5677635248187396,5.6776352481873955,0.46875264263463046,0.9153106265145526,0.13114754098360656,13.07103825136612,0.42921013412816694,8.58493889205584,0.6289120715350224,6.289660091054799,6.708203932499369
2020-05-16,136,6885750,2542,1670,0.00036916820970845585,0.017803548271322793,0.9378548881683513,0.001599072432518406,0.12588512981904013,0.046471100784199824,125.88055949048149,0.0,0.0,0.2116443745082612,0.03906476909671798,105.81834532168601,0.0,0.0,0.3170731707317073,0.023410496964768074,63.414173672364974,0.0,0.0,0.3859166011014949,0.014246710621859478,38.59137988374072,0.06526946107784432,6.526898713537519,0.45712037765538943,0.008437715572014668,22.856018882769476,0.17365269461077845,8.682634730538922,0.6054287962234461,0.004470094804349846,12.108558339516899,0.3994011976047904,7.988012351308165,0.7769472856018883,0.0028682423846349346,7.769472856018884,0.6604790419161677,6.604790419161676,0.44883573069349975,0.9278940672437042,0.13253012048192772,13.208835341365463,0.4578313253012048,9.157411808468868,0.685025817555938,6.850845676260544,7.615773105863909
2020-05-17,137,6885750,2065,1489,0.00029989471008967796,0.011913769053388444,0.9348817572706832,0.0014879740846444295,0.10847457627118644,0.03252977054893988,108.47063804230643,0.0,0.0,0.18692493946731234,0.02802788266047052,93.45907652752294,0.0,0.0,0.26682808716707024,0.016003950158296785,53.365229928567594,0.0020147750167897917,0.40295207737257277,0.3278450363196126,0.009831827819570711,32.784265573176285,0.06783075889858965,6.783026635771642,0.3990314769975787,0.005983371455542243,19.951573849878933,0.16655473472128945,8.327736736064473,0.5675544794188861,0.0034041267775815594,11.351073103502287,0.40026863666890533,8.005361107395306,0.801452784503632,0.0024035145045928183,8.01452784503632,0.7246474143720618,7.246474143720618,0.3543524885757883,0.9226547887840977,0.11825726141078838,11.78630705394191,0.475103734439834,9.502889618015274,0.6908713692946058,6.909306206984904,9.486832980505138
2020-05-18,138,6885750,1360,1063,0.00019750934901789928,0.007023052457068781,0.921645918498652,0.0010081107429558045,0.10147058823529412,0.020040662213186174,101.46690429003434,0.0,0.0,0.15735294117647058,0.015538774324716816,78.67361419589619,0.0,0.0,0.2161764705882353,0.008539312788637485,43.234980172323944,0.00658513640639699,1.317017717922335,0.2595588235294118,0.005126492201341892,25.955693878963185,0.05268109125117592,5.26807087168934,0.3360294117647059,0.003318447518425734,16.801470588235293,0.15051740357478832,7.525870178739417,0.5419117647058823,0.0021406496886327724,10.838219554046407,0.4139228598306679,8.278445174037497,0.7566176470588235,0.0014943905892604293,7.566176470588236,0.6886171213546566,6.886171213546567,0.2184809399739441,0.9037471881042938,0.11209439528023599,11.172074729596854,0.44542772861356933,8.909318599250142,0.6371681415929203,6.372227872311359,11.180339887498949
2020-05-19,139,6885750,871,716,0.00012649311984896345,0.0036274626460684697,0.9090596747631292,0.0005776625594292516,0.09184845005740529,0.011617775196049956,91.84511544914005,0.0,0.0,0.12629161882893225,0.007987220447284345,63.14351687128378,0.0,0.0,0.18484500574052812,0.004676290336634813,36.96873270434347,0.008379888268156424,1.675965483820561,0.2227324913892078,0.0028173923146184903,22.273087405722467,0.05446927374301676,5.446887822416824,0.2939150401836969,0.0018589115201684638,14.695752009184844,0.14106145251396648,7.053072625698324,0.43857634902411025,0.0011095362022492798,8.771514241834646,0.3170391061452514,6.34077291436142,0.695752009184845,0.0008800784228297571,6.957520091848449,0.6298882681564246,6.298882681564246,0.13242197260526675,0.8867488902893468,0.078125,7.786458333333333,0.37890625,7.578774924957119,0.5625,5.6254824185248715,16.278820596099706
2020-05-20,140,6885750,718,543,0.00010427331808444977,0.005335004547867218,0.922234585851966,0.0005157731184898269,0.14066852367688024,0.01466744118501307,140.66341662911387,0.0,0.0,0.19637883008356546,0.010238164391519025,98.18585022131215,0.0,0.0,0.2576601671309192,0.005373377094890935,51.53165923557835,0.01841620626151013,3.6832145071071873,0.31337047353760444,0.0032675941793255687,31.336819805419267,0.09208103130755065,9.20803626776797,0.3788300835654596,0.0019750934901789927,18.94150417827298,0.17863720073664824,8.931860036832413,0.5376044568245125,0.0011211543823775444,10.75207352152671,0.3885819521178637,7.771627755819488,0.7047353760445683,0.0007348509603165959,7.047353760445683,0.6095764272559853,6.095764272559853,0.18439384246309276,0.9056883052207353,0.13765182186234817,13.719298245614036,0.4493927125506073,8.973233597692863,0.659919028340081,6.599756251692696,14.035668847618199
2020-05-21,141,6885750,1438,1184,0.00020883709109392585,0.007798637576067662,0.9144782932613927,0.0016975997211192628,0.10500695410292073,0.021928550682544293,105.003141767962,0.0,0.0,0.1564673157162726,0.016337496369445252,78.23081754235581,0.0,0.0,0.23157162726008346,0.009672078770803684,46.31398914886055,0.06672297297297297,13.344497695217656,0.30180806675938804,0.006302826105899097,30.180587523431647,0.15202702702702703,15.202592311007457,0.4318497913769124,0.004509312711033656,21.592489568845618,0.30996621621621623,15.49831081081081,0.60778859527121,0.002538572358025839,12.155754251930752,0.5236486486486487,10.472957763362164,0.7837273991655076,0.0016367135025233271,7.837273991655077,0.737331081081081,7.373310810810812,0.2824252335233331,0.8732139554656746,0.18430034129692832,18.368600682593858,0.49146757679180886,9.830194533394996,0.6040955631399317,6.041473723649009,14.177403013641424
2020-05-22,142,6885750,2097,1906,0.0003045419888900991,0.005917753226857162,0.8852296844851388,0.0018124200879218685,0.07105388650453028,0.021638106302643043,71.0513068542796,0.0,0.0,0.09585121602288985,0.014594830090037758,47.923868046007385,0.005246589716684155,2.623199618186024,0.11921793037672866,0.007261320398501263,23.84341293942779,0.030954879328436515,6.190930911027963,0.1592751549833095,0.004850562026198844,15.927399843537765,0.07502623294858342,7.50256881590677,0.24606580829756797,0.00374686853283956,12.303290414878397,0.17051416579223505,8.525708289611751,0.45445875059608964,0.002768031415559067,9.08916181196273,0.39979013641133265,7.995791116142107,0.7415355269432523,0.0022582870420796573,7.415355269432523,0.7156348373557188,7.156348373557188,0.14132926093479956,0.8208100157138704,0.08024691358024691,7.997942386831275,0.2839506172839506,5.679499396480528,0.46296296296296297,4.630026681913474,29.0
2020-05-23,143,6885750,2520,2094,0.00036597320553316635,0.02399727255820141,0.8978876046888211,0.0020888348758035763,0.15198412698412697,0.05562009875108917,151.9786091171874,0.0,0.0,0.18095238095238095,0.03311065930874237,90.47290568856063,0.014326647564469915,7.163063713843211,0.21904761904761905,0.016032995439890788,43.80920569453492,0.06017191977077364,12.03429656863704,0.25833333333333336,0.009454239158848646,25.83314574922304,0.10744985673352435,10.744907650568786,0.3353174603174603,0.006135860291181063,16.765873015873016,0.20009551098376313,10.004775549188158,0.5353174603174603,0.003918231248257273,10.706333657812506,0.4407831900668577,8.815650998590906,0.6333333333333333,0.0023178303017100535,6.333333333333333,0.5587392550143266,5.587392550143266,0.14826126912489992,0.841904509897099,0.07219251336898395,7.195187165775402,0.2807486631016043,5.615454820630888,0.4304812834224599,4.305182029150347,24.020824298928627
2020-05-24,144,6885750,2789,2209,0.0004050393929492067,0.024840545770109496,0.8796793845524689,0.0019069000047448673,0.16995338831122267,0.068835318036596,169.94721806041264,0.0,0.0,0.20652563642882754,0.04182399070577984,103.25906920126337,0.002716161158895428,1.3580312735887445,0.2545715310147006,0.020622149931743588,50.91393649784991,0.058850158442734266,11.769946222575662,0.30871280028684117,0.012503993726219177,30.87105586242872,0.12720688094160254,12.720595725168312,0.3782717820007171,0.007660748647569255,18.913589100035853,0.21502942507922138,10.751471253961068,0.49300824668339904,0.003993749419090993,9.860150614021444,0.35989135355364416,7.1978166178664535,0.5826461097167444,0.00235994626583887,5.826461097167443,0.473064735174287,4.73064735174287,0.2678052449532138,0.8626374614331542,0.13302752293577982,13.258409785932724,0.3669724770642202,7.340078996648151,0.4908256880733945,4.908677829008451,24.698178070456937
2020-05-25,145,6885750,3078,2540,0.0004470101296155103,0.015991263581174395,0.934282472256535,0.0035697366478402623,0.11435997400909681,0.051118210862619806,114.35582210762973,0.0,0.0,0.15562053281351526,0.034780714493174554,77.80744146243558,0.0,0.0,0.21864847303443793,0.019547474512765402,43.72937707156412,0.0531496062992126,10.629844072578441,0.2855750487329435,0.012765401260565221,28.55729750810168,0.134251968503937,13.425099365737957,0.39246263807667314,0.008771738735794938,19.623131903833656,0.2637795275590551,13.188976377952757,0.6309291747888239,0.0056406264522725165,12.618565170154477,0.552755905511811,11.055102055192028,0.7910981156595192,0.003536288712195476,7.9109811565951915,0.7468503937007874,7.468503937007875,0.3388908890694401,0.8991977610222701,0.1337448559670782,13.329903978052126,0.43209876543209874,8.642716472905152,0.5843621399176955,5.844122567393008,15.811388300841896
2020-05-26,146,6885750,3411,2665,0.000495370874632393,0.019176399978314284,0.9459721546367416,0.004362499913430941,0.10524772793902082,0.05213476619227418,105.24390686263617,0.0,0.0,0.16476106713573732,0.040807435376125474,82.37754269749516,0.0,0.0,0.2559366754617414,0.02535653083156641,51.18696340470784,0.04765478424015009,9.53088764069864,0.34359425388449133,0.01702053501408696,34.35917589365268,0.1598499061913696,15.984874546998507,0.45910290237467016,0.011371310314780525,22.955145118733512,0.3076923076923077,15.384615384615383,0.682204632072706,0.006758876289617994,13.644072826513371,0.5932457786116323,11.864898341141854,0.8399296394019349,0.004160766801002069,8.399296394019348,0.7951219512195122,7.951219512195122,0.36962603935724914,0.9007207013176236,0.14785992217898833,14.736705577172504,0.4474708171206226,8.950183873831183,0.6050583657587548,6.051102575568473,11.40175425099138
2020-05-27,147,6885750,3161,2239,0.00045906400900410266,0.0239126512355547,0.9505447654270608,0.0037095223316696312,0.128124011388801,0.05881498693000291,128.11935977642125,0.0,0.0,0.21132552989560266,0.04850421144350857,105.65892880327084,0.0,0.0,0.3157228725086998,0.028987191030817042,63.14411598875307,0.03394372487717731,6.788695680183092,0.41126225877886746,0.018879433036103285,41.12592724718387,0.1688253684680661,16.882414257297427,0.5134451123062322,0.011785208582943034,25.67225561531161,0.31308619919606967,15.654309959803484,0.7216070863650743,0.00662526721814295,14.432120767898708,0.6069673961589995,12.139330293538638,0.8468838975007908,0.0038877391714773266,8.468838975007909,0.7838320678874497,7.8383206788744975,0.45014191781062635,0.9166750060146119,0.16984732824427481,16.928117048346056,0.4904580152671756,9.810001571235908,0.6603053435114504,6.603619734723004,8.602325267042627
2020-05-28,148,6885750,2438,1507,0.0003540645536070871,0.030051678095096266,0.9606857270917322,0.00266954494980457,0.18170631665299425,0.06433343014812663,181.6997197056862,0.0,0.0,0.2891714520098441,0.05119082195759512,144.58047674098054,0.0,0.0,0.3917145200984413,0.027738243922274825,78.34233514676123,0.0165892501658925,3.317825941206375,0.4700574241181296,0.016642946353364895,47.005401088056736,0.1426675514266755,14.266651547187413,0.5968006562756357,0.01056529789783248,29.840032813781786,0.3477106834771068,17.38553417385534,0.7916324856439705,0.005605771911887722,15.832626719557377,0.6629064366290643,13.258109478165315,0.8900738310090238,0.003151435936535599,8.900738310090237,0.8221632382216324,8.221632382216324,0.4797371676093061,0.9277069765697252,0.20588235294117646,20.519607843137255,0.5633484162895928,11.2679346181011,0.6900452488687783,6.901044294218545,5.830951894845301
2020-05-29,149,6885750,2189,1384,0.00031790291544130995,0.023711422225772667,0.9504589155602209,0.0018075706227231028,0.1676564641388762,0.053296543711879175,167.6503772791558,0.0,0.0,0.27592507994518045,0.04385710136508859,137.95753116704373,0.0,0.0,0.37094563727729557,0.023584768654332105,74.18858874443458,0.011560693641618497,2.312121939143587,0.4216537231612609,0.013404397455633332,42.16506613984797,0.08526011560693642,8.525949650591977,0.5089081772498858,0.008089169661983081,25.44540886249429,0.22326589595375723,11.163294797687861,0.7286432160804021,0.004632749326145553,14.572843157837706,0.5708092485549133,11.416168391686595,0.8583828232069438,0.0027288240206223,8.583828232069438,0.7760115606936416,7.760115606936416,0.47645196315655763,0.9217710607680588,0.21927710843373494,21.85461847389558,0.5518072289156627,11.03709107441774,0.691566265060241,6.916255760606749,7.615773105863909
2020-05-30,150,6885750,2580,1800,0.000374686853283956,0.019543040555330318,0.9214632873263899,0.0018558145172490714,0.14108527131782947,0.0528608771420273,141.0801491398118,0.0,0.0,0.22093023255813954,0.04138832413592797,110.46110578254495,0.0,0.0,0.30968992248062016,0.02320717999361004,61.93753474457377,0.010555555555555556,2.1110957816569367,0.3678294573643411,0.013781986116355399,36.782678643679915,0.09388888888888888,9.388820713158479,0.4631782945736434,0.008677340885161384,23.15891472868217,0.23055555555555557,11.527777777777777,0.6058139534883721,0.004539803885119435,12.11626147362835,0.435,8.699987365229111,0.7368217054263566,0.002760774062375195,7.368217054263565,0.6227777777777778,6.227777777777777,0.42796757029162813,0.904378454154096,0.21395348837209302,21.324031007751937,0.5093023255813953,10.186920100522556,0.6395348837209303,6.39589732338745,9.219544457292887
2020-05-31,151,6885750,4259,3456,0.0006185237628435537,0.01843737251272826,0.9170615764429821,0.004503512407869685,0.08710965015261798,0.053877432471681676,87.10648758907774,0.0,0.0,0.14017374970650387,0.0433488237002614,70.08433031088869,0.0,0.0,0.2131955858182672,0.026373115687356587,42.638807547362205,0.030381944444444444,6.076344766282301,0.29302653204977697,0.018124255714659154,29.302440429024248,0.12876157407407407,12.876063909502971,0.41911246771542615,0.01296155102929964,20.95562338577131,0.28414351851851855,14.207175925925927,0.6071847851608358,0.007511153452923134,12.143678067261206,0.5159143518518519,10.318272052072361,0.7518196759802771,0.0046501833496714225,7.518196759802771,0.6941550925925926,6.9415509259259265,0.39574199833175877,0.8940329097311097,0.15760869565217392,15.708333333333334,0.44021739130434784,8.805102915951972,0.5760869565217391,5.761363636363636,11.704699910719626
2020-06-01,152,6885750,5219,4229,0.0007579421268561885,0.02362783137406732,0.9366592447469,0.00643388065955809,0.09043878137574247,0.06854487365669475,90.43549794627053,0.0,0.0,0.14466372868365587,0.05482137670636073,72.3292382938922,0.0,0.0,0.2247557003257329,0.03407011530976793,44.950813660516296,0.04327264128635611,8.654465413968648,0.317876987928722,0.024093061082227193,31.787467972206535,0.1581934263419248,15.819227764877121,0.451619084115731,0.01711505645717605,22.580954205786547,0.3232442657838733,16.162213289193666,0.625215558536118,0.009477530439631936,12.504293011054916,0.5374793095294396,10.74957057926021,0.7750526920866067,0.0058744508586573724,7.750526920866067,0.7223930007093876,7.223930007093876,0.4483329794698749,0.9088432798370973,0.14539579967689822,14.491114701130856,0.44426494345718903,8.886060901636846,0.5993537964458805,5.994051990013217,10.816653826391969
2020-06-02,153,6885750,5266,3967,0.0007647678175943071,0.028670788261076746,0.9430908882276012,0.005751967931382974,0.10121534371439422,0.07740342724368283,101.21166903592652,0.0,0.0,0.17090770983668818,0.06534998547778101,85.45075246935636,0.0,0.0,0.2707937713634637,0.04141857155305121,54.15836100862559,0.032014116460801614,6.402776799208944,0.3505507026205849,0.026808794911266663,35.05481571596172,0.13788757247290143,13.788657122705875,0.46524876566654005,0.01779036415786225,23.262438283327,0.29014368540458785,14.507184270229393,0.6536270413976453,0.009997444000371782,13.072521843061146,0.5402067053188808,10.804118415830594,0.8150398784656285,0.00623316269106488,8.150398784656286,0.7544744139147971,7.544744139147971,0.5154790352713075,0.9135304444796496,0.15527950310559005,15.476190476190476,0.4782608695652174,9.566037735849056,0.6304347826086957,6.304888507718697,10.0
2020-06-03,154,6885750,4067,2600,0.0005906400900410267,0.03652393381494267,0.947424723712152,0.003265874047173645,0.1465453651340054,0.08655242521057217,146.54004472429244,0.0,0.0,0.23850504057044505,0.07043276212605286,119.24819075718429,0.0,0.0,0.3432505532333415,0.04054721310523106,68.64961215621952,0.003076923076923077,0.6153801468797548,0.42709613966068355,0.02522582706439339,42.70930383787725,0.10384615384615385,10.384539978595862,0.5092205556921564,0.015038303743237846,25.46102778460782,0.2323076923076923,11.615384615384615,0.6796164248832063,0.008028162468630914,13.592308757899021,0.49884615384615383,9.976908587711897,0.8586181460536022,0.005071342990959591,8.586181460536022,0.7788461538461539,7.788461538461538,0.4980293666060073,0.9196090376864288,0.15537190082644628,15.485399449035814,0.512396694214876,10.248812780857067,0.6760330578512397,6.7609103667266774,7.0
2020-06-04,155,6885750,3045,1844,0.00044221762335257595,0.025606380300455207,0.9294522948908875,0.0020818751187548475,0.1385878489326765,0.06128376415916352,138.5828174249459,0.0,0.0,0.23251231527093597,0.051408655242521056,116.25193689201622,0.0,0.0,0.35763546798029555,0.031630311655871504,71.52657421491534,0.0,0.0,0.44170771756978655,0.0195329518719684,44.17045101885268,0.07809110629067245,7.809053924612941,0.5316912972085386,0.011756163090440402,26.58456486042693,0.22668112798264642,11.334056399132322,0.7034482758620689,0.006221535458685751,14.06894508526943,0.5103036876355749,10.20605893071109,0.8101806239737275,0.003582761500199688,8.101806239737275,0.6865509761388287,6.865509761388286,0.45710660086607346,0.910464014017058,0.14625850340136054,14.577097505668936,0.477891156462585,9.558642839640145,0.641156462585034,6.412114502747926,5.385164807134504
2020-06-05,156,6885750,2552,1786,0.0003706204843335875,0.012377460973207008,0.9102863804041527,0.0018080454225525098,0.0889498432601881,0.032965437118791754,88.94661388742959,0.0,0.0,0.1590909090909091,0.029480104559976763,79.54256660417711,0.0,0.0,0.2644984326018809,0.019605565075953412,52.89930239880337,0.0,0.0,0.33620689655172414,0.012460425803828168,33.62044552457281,0.051511758118701005,5.151138407532102,0.44239811912225707,0.008198090258867951,22.11990595611285,0.2032474804031355,10.162374020156776,0.6434169278996865,0.004769262942652663,12.868319869659315,0.49048152295632697,9.809616212869832,0.7613636363636364,0.0028217695966307227,7.613636363636362,0.6590145576707727,6.5901455767077275,0.4272596633019109,0.9072762502022358,0.13993174061433447,13.946530147895334,0.4453924914675768,8.908613795889215,0.6450511945392492,6.451065162540466,7.810249675906654
2020-06-06,157,6885750,2673,2017,0.00038819300729768,0.00960653712237528,0.895679057591305,0.0016813214453285632,0.0710811821922933,0.027592216090618647,71.07860155105774,0.0,0.0,0.1335578002244669,0.025922160906186466,66.77647566770425,0.0,0.0,0.23007856341189675,0.01786284818031311,46.0153785475462,0.0,0.0,0.2944257388701833,0.011429318307240989,29.44236009505598,0.06494794248884482,6.494747088102519,0.3793490460157127,0.007363032349417275,18.967452300785634,0.1774913237481408,8.87456618740704,0.533857089412645,0.004144785760758435,10.677126282133331,0.3822508676251859,7.645006249855133,0.696969696969697,0.002705587626620194,6.96969696969697,0.5984134853743183,5.984134853743184,0.40817881895315916,0.8999660655419818,0.1343804537521815,13.39325189063409,0.450261780104712,8.990586674316862,0.6020942408376964,6.021458784226739,12.041594578792296
2020-06-07,158,6885750,2839,2196,0.0004123007660748648,0.01232948554283291,0.9202544082222044,0.002219365610843175,0.0908770693906305,0.03746732500726111,90.8737700488722,0.0,0.0,0.15463191264529763,0.031876270694162066,77.31314932452499,0.0,0.0,0.23001056710109194,0.018966568880885302,46.00177938413383,0.010473588342440802,2.094702458072025,0.2937654103557591,0.012111882424700108,29.376327723099248,0.08697632058287796,8.697568901994712,0.37618879887284257,0.00775514649820281,18.809439943642126,0.1935336976320583,9.676684881602915,0.5526593871081367,0.004557231155311832,11.05317168992196,0.4216757741347905,8.433503234933061,0.7488552307150405,0.003087535853029808,7.488552307150405,0.6753187613843351,6.753187613843352,0.3962688573046871,0.8971495833773465,0.12908777969018934,12.865748709122204,0.4457831325301205,8.916427287193372,0.5869191049913941,5.864664681494985,11.40175425099138
2020-06-08,159,6885750,2845,2186,0.00041317213084994374,0.01335092380361661,0.9136082470817961,0.002149194381954335,0.0984182776801406,0.04066221318617485,98.41470455068662,0.0,0.0,0.1609841827768014,0.033255881498693,80.48916907895442,0.0,0.0,0.2390158172231986,0.019750791483923436,47.80281633055388,0.011436413540713633,2.287266099450141,0.3015817223198594,0.012460425803828168,30.15795324383473,0.09103385178408051,9.10331907581156,0.38629173989455184,0.00798024906509821,19.31458699472759,0.2012808783165599,10.064043915827996,0.5571177504393673,0.004603703875824891,11.142338827051402,0.42360475754803295,8.472082847169718,0.7233743409490334,0.0029887811785208585,7.233743409490335,0.6399817017383349,6.3998170173833495,0.35250554289246966,0.8815488333071392,0.11900532859680284,11.860864416814684,0.44404973357015987,8.881756334754089,0.5772646536412078,5.7731416175901575,11.661903789690601
2020-06-09,160,6885750,2601,1879,0.0003777366299967324,0.015818592779343294,0.9226416895241769,0.0018996523131809518,0.12149173394848135,0.04589021202439733,121.48732312456514,0.0,0.0,0.20222991157247214,0.03819343595701423,101.11128475240704,0.0,0.0,0.28604382929642447,0.02160968950593976,57.20835044810638,0.011708355508249068,2.3416540980256766,0.34563629373317956,0.013055854076505271,34.563378395730936,0.09419904204364024,9.419835803421472,0.43367935409457903,0.008190828885742294,21.68396770472895,0.2160723789249601,10.803618946248005,0.5866974240676662,0.004432335718932986,11.73393144046244,0.4278871740287387,8.557731052399117,0.7231833910034602,0.002731728569872563,7.231833910034601,0.6168174560936669,6.168174560936668,0.3676381904975297,0.8867781008236004,0.13148148148148148,13.10432098765432,0.44074074074074077,8.815570802363256,0.5814814814814815,5.815313512483323,10.0
2020-06-10,161,6885750,2025,1430,0.00029408561158915153,0.015291415738770457,0.9290818477237509,0.0015708322455721682,0.1362962962962963,0.04008132442637235,136.29134798463872,0.0,0.0,0.21037037037037037,0.03093232645948301,105.18136637944944,0.0,0.0,0.305679012345679,0.01797902930668913,61.13535854248625,0.016783216783216783,3.3566189829804802,0.36246913580246914,0.010659618344999854,36.24665037979395,0.0972027972027972,9.720209138214308,0.44395061728395063,0.006527974439966598,22.197530864197528,0.2125874125874126,10.629370629370628,0.6187654320987654,0.00363939492517892,12.375290669654689,0.46013986013986014,9.202783837827754,0.7679012345679013,0.0022582870420796573,7.679012345679012,0.6713286713286714,6.713286713286713,0.36698871367403146,0.9035278681981238,0.14847161572052403,14.797671033478894,0.4912663755458515,9.775865537952516,0.6506550218340611,6.507108241515426,9.219544457292887
2020-06-11,162,6885750,1571,1010,0.0002281523436081763,0.017008362236574922,0.9299461417535683,0.0013620374763795896,0.16995544239338,0.03877432471681673,169.94927206799542,0.0,0.0,0.2603437301082113,0.0296979378449027,130.1671390932774,0.0,0.0,0.3717377466581795,0.01696244445089895,74.34700947025935,0.02277227722772277,4.554422374184323,0.45066836409929983,0.010282029684277789,45.06650916519146,0.14554455445544554,14.554349760980339,0.5410566518141311,0.006172167156809353,27.052832590706558,0.2861386138613861,14.306930693069305,0.6931890515595163,0.003163049539920067,13.863760897202164,0.5227722772277228,10.455430360398248,0.7994907702100573,0.0018240569291653051,7.994907702100573,0.6881188118811881,6.88118811881188,0.37492421903638323,0.900704337589338,0.1883289124668435,18.770114942528732,0.5278514588859416,10.557934583308688,0.6816976127320955,6.817560773644053,6.324555320336759
2020-06-12,163,6885750,1902,1336,0.0002762226337000327,0.015745642467347807,0.9226910127067766,0.00179605600828779,0.13512092534174552,0.037322102817310486,135.11601970257396,0.0,0.0,0.22765509989484753,0.0314406041243102,113.82341737590376,0.0,0.0,0.31808622502628814,0.017572395364373057,63.61678306005877,0.029191616766467067,5.838280959356955,0.39747634069400634,0.010979116442533911,39.747345449094574,0.14221556886227546,14.221453618946427,0.4705573080967403,0.006498928947463965,23.527865404837012,0.24625748502994013,12.312874251497005,0.6813880126182965,0.0037642903615577655,13.627740461144262,0.5464071856287425,10.928127841932085,0.8349106203995794,0.0023062121047090003,8.349106203995794,0.7649700598802395,7.6497005988023945,0.32951733145765577,0.8974624131327739,0.1749271137026239,17.434402332361515,0.5306122448979592,10.61315503903105,0.7113702623906706,7.114312718471363,9.219544457292887
2020-06-13,164,6885750,2894,2242,0.00042028827651308863,0.01657769867427149,0.9241449796777207,0.0030054473197493768,0.11782999308914996,0.04952076677316294,117.8257152067404,0.0,0.0,0.1821008984105045,0.03826604705198954,91.04714356884485,0.0,0.0,0.26330338631651695,0.02213250457463185,52.66029487725337,0.04906333630686887,9.812596008452825,0.3279198341395992,0.013781986116355399,32.79174530086185,0.13247100802854594,13.247004611411313,0.4284727021423635,0.009004102675815997,21.423635107118177,0.2622658340767172,13.113291703835863,0.6278507256392536,0.005277558323264244,12.556996276578014,0.5196253345227475,10.392491597703112,0.8054595715272979,0.0033852521511817885,8.054595715272978,0.7488849241748439,7.488849241748439,0.3667842798878787,0.8899173627226638,0.17942583732057416,17.88277511961723,0.507177033492823,10.144410613310136,0.6411483253588517,6.41203312350735,11.40175425099138
2020-06-14,165,6885750,3666,2845,0.0005324038775732491,0.02540279084328937,0.934722047662216,0.004183633708955887,0.13966175668303327,0.07435376125471972,139.65668618649383,0.0,0.0,0.1977632296781233,0.05264304385710136,98.87802488789845,0.0,0.0,0.27986906710310966,0.029800458915449184,55.973406976828755,0.07205623901581722,14.411143158475802,0.3458810692853246,0.018414708530599205,34.58785577320608,0.15711775043936732,15.711660955704108,0.44162575013638844,0.011756163090440402,22.08128750681942,0.2804920913884007,14.024604569420035,0.6336606655755592,0.00674725810948973,12.673194906551803,0.5279437609841828,10.558859885319375,0.8150572831423896,0.004339396579893258,8.150572831423895,0.7616871704745167,7.616871704745167,0.3951513083081034,0.8944784383853834,0.18568232662192394,18.506338553318418,0.4809843400447427,9.620511816915513,0.6465324384787472,6.465878872299031,12.36931687685298
2020-06-15,166,6885750,4082,3034,0.0005928185019787242,0.03347455851170997,0.9422396007080259,0.0050979426084452354,0.1462518373346399,0.0866976474005228,146.24652758161437,0.0,0.0,0.21925526702596768,0.06498693000290444,109.62365342172936,0.0,0.0,0.31773640372366485,0.03767173022742455,63.54681930756703,0.08206987475280159,16.413855763429186,0.39000489955903966,0.023120044148828022,39.0002067608507,0.17930125247198417,17.929995050814213,0.5110240078392945,0.015147224340122717,25.551200391964723,0.34212261041529335,17.106130520764665,0.6690347868691817,0.00793231248257273,13.380676304966972,0.5547132498352011,11.09424888480788,0.8290053895149436,0.004914497331445377,8.290053895149438,0.7699406723796968,7.699406723796968,0.4237352360030645,0.8897265466156795,0.1650853889943074,16.45351043643264,0.47438330170777987,9.488479727640517,0.6110056925996205,6.110580944600493,10.198039027185569
2020-06-16,167,6885750,3566,2695,0.000517881131321933,0.022659035812838155,0.9480981337880978,0.0049243560772190146,0.10319685922602355,0.0534417659018298,103.19311260755035,0.0,0.0,0.1797532249018508,0.04654371187917514,89.87334943130404,0.0,0.0,0.2795849691531127,0.02895814574922304,55.916587799414614,0.046753246753246755,9.35058145258848,0.3752103196859226,0.01943129338638938,37.52075951635745,0.17328385899814472,17.328260072852466,0.518508132361189,0.013426278909341756,25.925406618059448,0.3628942486085343,18.144712430426715,0.7215367358384744,0.007473394367506274,14.430713759410073,0.6315398886827458,12.630779430294453,0.8642736960179472,0.004475910394655629,8.642736960179471,0.8204081632653061,8.204081632653061,0.4584077287062418,0.9046450005393087,0.17315175097276264,17.257457846952008,0.5175097276264592,10.351082219300412,0.6575875486381323,6.576439455119434,9.0
2020-06-17,168,6885750,2854,1963,0.0004144791780125622,0.01983231642110709,0.9437448237369164,0.0031058736772612548,0.10721793973370708,0.04443799012489108,107.21404712770453,0.0,0.0,0.20287316047652418,0.04204182399070578,101.43289752768126,0.0,0.0,0.3283111422564821,0.027215428853582736,65.66175165681756,0.023433520122261846,4.686669992792834,0.41625788367203925,0.017252897266839002,41.62548610901775,0.15129903209373408,15.129793346298605,0.5399439383321654,0.011189775986639073,26.997196916608267,0.33112582781456956,16.556291390728475,0.7214435879467415,0.005980458221024259,14.428850804280936,0.5950076413652573,11.900135545040257,0.833917309039944,0.0034564136078132374,8.33917309039944,0.7585328578706062,7.585328578706061,0.4814310843286538,0.9071251822280156,0.1749502982107356,17.436713055003313,0.5407554671968191,10.81603688333123,0.6679920477137177,6.680493369116348,7.280109889280518
2020-06-18,169,6885750,2394,1581,0.000347674545256508,0.0168725871850939,0.9396224731517677,0.00223971587522091,0.10776942355889724,0.03746732500726111,107.76551093097252,0.0,0.0,0.20384294068504594,0.03543421434795237,101.91777002774144,0.0,0.0,0.3333333333333333,0.023178134712016032,66.6661825786401,0.01454775458570525,2.909529789959625,0.4227234753550543,0.014696912486566557,42.27204058244598,0.12586970271979758,12.586878873955767,0.5396825396825397,0.009381694078350216,26.984126984126988,0.3029728020240354,15.14864010120177,0.7096908939014203,0.004934822009480435,14.193797264736803,0.560404807084124,11.208079864472495,0.8208020050125313,0.0028537196383836183,8.208020050125313,0.7286527514231499,7.286527514231499,0.4689972699450635,0.915494088392407,0.20476190476190476,20.40793650793651,0.5738095238095238,11.477174712080371,0.7047619047619048,7.048223474638568,6.708203932499369
2020-06-19,170,6885750,2276,1436,0.00033053770467995496,0.020734487950779878,0.9446510682285133,0.0020210240056105894,0.14411247803163443,0.04763287830380482,144.1072459492197,0.0,0.0,0.2491212653778559,0.04117049085100203,124.55611044696276,0.0,0.0,0.3655536028119508,0.024165674286212205,73.11018968202359,0.014623955431754874,2.924769848505798,0.45826010544815465,0.015147114351273635,45.82567778747032,0.1413649025069638,14.136387601111359,0.5601933216168717,0.00925825073521403,28.009666080843587,0.30292479108635095,15.14623955431755,0.710456942003515,0.004696649316851009,14.209118204528487,0.5410863509749304,10.821711303401882,0.8304042179261862,0.0027447990414987476,8.304042179261865,0.7311977715877437,7.311977715877438,0.4692730880106314,0.9217284222495378,0.23037974683544304,22.961181434599155,0.579746835443038,11.595931128818638,0.7012658227848101,7.00125065025143,6.041381265149109
2020-06-20,171,6885750,2698,1857,0.000391823693860509,0.021880954755089332,0.9422423617779728,0.002514766885811927,0.14158636026686433,0.055474876561138545,141.58121989653807,0.0,0.0,0.22349888806523352,0.043784490270113274,111.74538690786972,0.0,0.0,0.32320237212750186,0.025327485549972408,64.64000505030486,0.01669359181475498,3.3386941194472426,0.4143810229799852,0.016236312411048826,41.43780140266103,0.14916532040926225,14.91642372720784,0.508524833209785,0.00996260392840286,25.42624166048925,0.2859450726978998,14.297253634894993,0.6549295774647887,0.005132331071660935,13.098572526571271,0.49865374259558426,9.973060368289177,0.8039288361749444,0.0031499836619104673,8.039288361749444,0.7151319332256327,7.151319332256327,0.4317017955404302,0.9130595484762152,0.20512820512820512,20.444444444444443,0.5524475524475524,11.030977584059775,0.6643356643356644,6.643926399501013,7.810249675906654
2020-06-21,172,6885750,2645,1882,0.00038412663834731147,0.021415222436903306,0.92658052473732,0.002133301817572207,0.14820415879017013,0.05692709846064479,148.19877815704533,0.0,0.0,0.2207939508506616,0.04240487946558234,110.39296740269702,0.0,0.0,0.311531190926276,0.023933312033460163,62.30578575969691,0.032412327311370885,6.482418391015483,0.3761814744801512,0.014450027593017514,37.617874290593704,0.12327311370882041,12.327221858324526,0.4544423440453686,0.00872817049704099,22.722117202268432,0.2332624867162593,11.663124335812965,0.5943289224952741,0.00456594479040803,11.886561187354289,0.4298618490967056,8.59722449640313,0.7599243856332704,0.002919071996514541,7.599243856332704,0.6625929861849097,6.625929861849097,0.4696959999769773,0.9068144148620272,0.2,19.933333333333334,0.5173913043478261,10.348713550600344,0.6521739130434783,6.52229845626072,11.40175425099138
2020-06-22,173,6885750,3011,2147,0.0004372798896271285,0.02397120667373514,0.9347974530797782,0.002831705305841279,0.14347392892726668,0.06273598605866977,143.4687200277268,0.0,0.0,0.21687147127200265,0.04741504501887889,108.43179881725185,0.0,0.0,0.3178346064430422,0.027796334485462836,63.566459708826216,0.04331625523986959,8.663188141332364,0.3849219528395882,0.016831740683725928,38.49191577979602,0.13740102468560783,13.740002697274448,0.48023912321487877,0.010499945539701558,24.011956160743942,0.2710759198882161,13.553795994410805,0.624045167718366,0.0054576401152523464,12.480885228694403,0.47275267815556593,9.45503983179689,0.8173364330787114,0.0035740478524488983,8.173364330787114,0.743828598043782,7.43828598043782,0.4547307364991655,0.9135055173516712,0.18503118503118504,18.44144144144144,0.5031185031185031,10.063233044365122,0.6777546777546778,6.778128042278985,10.04987562112089
2020-06-23,174,6885750,2898,1912,0.00042086918636314127,0.027437680001710853,0.9394657395273714,0.0032106512557686048,0.15217391304347827,0.06404298576822538,152.16838828625188,0.0,0.0,0.24292615596963424,0.051118210862619806,121.45866820127134,0.0,0.0,0.36542443064182195,0.030758953208051353,73.08435543558993,0.038179916317991634,7.635927816277292,0.4468599033816425,0.018806819832118273,44.68566585887108,0.16161087866108786,16.160970515271803,0.5614216701173222,0.011814254075445667,28.071083505866113,0.3352510460251046,16.762552301255234,0.7463768115942029,0.006282530904359141,14.927514553033456,0.6155857740585774,12.31169760120553,0.8526570048309179,0.003588570598700214,8.526570048309178,0.7766736401673641,7.766736401673641,0.4492459896739172,0.9098934156758038,0.1734475374732334,17.286937901498927,0.5546038543897216,11.093028380855136,0.6766595289079229,6.767175614575719,6.708203932499369
2020-06-24,175,6885750,2722,1574,0.0003953091529608249,0.04109233728091494,0.9595490889877735,0.002666292399729693,0.20720058780308598,0.0819053151321522,207.19306527230603,0.0,0.0,0.319617927994122,0.06317165262852163,159.80316204512962,0.0,0.0,0.4481998530492285,0.03543524354468616,89.63931970529859,0.045743329097839895,9.148599388174246,0.5143277002204262,0.020331697115803536,51.4323965522205,0.16010165184243966,16.01004892930493,0.6102130786186627,0.01206114076171804,30.510653930933138,0.32592121982210925,16.296060991105463,0.769287288758266,0.006082117297146575,15.385723430869593,0.6010165184243964,12.020312911692502,0.8879500367376929,0.003510147768943107,8.879500367376929,0.8062261753494282,8.062261753494282,0.4509806852335471,0.9105104047050576,0.17148760330578514,17.09159779614325,0.5578512396694215,11.157981656578258,0.6859504132231405,6.860092425896262,5.0
2020-06-25,176,6885750,2189,1163,0.00031790291544130995,0.036861577644620024,0.9404558667575065,0.0014399714634412636,0.21608040201005024,0.06869009584664537,216.07255709275393,0.0,0.0,0.3435358611238008,0.054603543421434794,171.76169443314055,0.0,0.0,0.48058474189127454,0.030555636236893318,96.11625044229702,0.02235597592433362,4.471162718085923,0.5523069894929191,0.017557872723576055,55.230297901491014,0.15735167669819433,15.735053411725458,0.6212882594792143,0.009875467450894964,31.064412973960714,0.2871883061049011,14.359415305245056,0.7144814984010964,0.004542708430151501,14.28960921558506,0.46259673258813416,9.251921215432267,0.808588396528095,0.002570526086482954,8.085883965280951,0.6397248495270851,6.397248495270852,0.4126220636727276,0.8983370565219438,0.16488222698072805,16.433261955745895,0.5267665952890792,10.536235450541943,0.6531049250535332,6.5316093748278305,3.605551275463989
2020-06-26,177,6885750,2034,1200,0.00029539265875176994,0.026829241366449978,0.9351489965779842,0.0016063868504801512,0.20353982300884957,0.060121986639558526,203.5324333841397,0.0,0.0,0.323992133726647,0.047850711588730756,161.9901855074252,0.0,0.0,0.43411996066863323,0.025646983647506463,86.8233616769015,0.04083333333333333,8.166607365883412,0.5004916420845624,0.014784048331348573,50.048800785439255,0.15333333333333332,15.333221993087221,0.5786627335299902,0.008546636168899538,28.933136676499508,0.28583333333333333,14.291666666666664,0.7266470009832842,0.00429291755739381,14.532918913876317,0.5366666666666666,10.733317745608327,0.8141592920353983,0.0024049667792179503,8.141592920353984,0.685,6.85,0.3835246670496478,0.8869830080273827,0.1600790513833992,15.954545454545455,0.44664031620553357,8.933572430999533,0.5988142292490118,5.988655855293934,5.385164807134504
2020-06-27,178,6885750,2479,1694,0.00036001887957012673,0.021330586867242516,0.9382942454512014,0.002542225429811398,0.14400968132311415,0.05184432181237293,144.0044529727902,0.0,0.0,0.23396530859217426,0.04211443508568109,116.97840717677634,0.0,0.0,0.3465106897942719,0.024949896889250343,69.30163473382636,0.043683589138134596,8.736654387519541,0.42154094392900365,0.01517615963286764,42.15378829851486,0.15348288075560804,15.348176626723518,0.5151270673658733,0.009272773481465345,25.756353368293663,0.29043683589138136,14.521841794569067,0.7139975796692215,0.005141044706757134,14.2799308550032,0.5814639905548996,11.629262922214544,0.8289632916498588,0.0029844243546454634,8.289632916498588,0.7497048406139315,7.4970484061393154,0.39732470416079424,0.8995862319003982,0.15324165029469547,15.273084479371317,0.45972495088408644,9.195287568197825,0.6444007858546169,6.444560517882238,7.810249675906654
2020-06-28,179,6885750,2916,2165,0.0004234832806883782,0.020277874304462273,0.9447264224222908,0.003062601474545576,0.13820301783264746,0.05852454255010166,138.1980002964206,0.0,0.0,0.2030178326474623,0.042985768225384836,101.50523098694912,0.0,0.0,0.29183813443072704,0.0247175346364983,58.36720306010568,0.046189376443418015,9.23780820951133,0.35905349794238683,0.015205204914461645,35.90508907398981,0.1367205542725173,13.671956150076769,0.44650205761316875,0.009454307809606797,22.325102880658434,0.2545034642032333,12.725173210161662,0.6532921810699589,0.005533158286086068,13.065824646233587,0.5330254041570439,10.660492601177982,0.8463648834019204,0.0035842137748248195,8.463648834019205,0.7930715935334873,7.930715935334874,0.40887386666490827,0.9101324217633671,0.15225563909774437,15.174812030075188,0.4492481203007519,8.985732985981247,0.631578947368421,6.31633113658933,11.180339887498949
2020-06-29,180,6885750,3385,2620,0.0004915949606070508,0.021685985210425,0.9368963010648678,0.002997897242118293,0.1397341211225997,0.06869009584664537,139.72904799882966,0.0,0.0,0.1911373707533235,0.04697937844902701,95.56521570321648,0.0,0.0,0.2546528803545052,0.025037032734032356,50.93020624767011,0.037022900763358776,7.404526385642851,0.303397341211226,0.014914752098521595,30.339513814592344,0.1,9.999927386796015,0.3793205317577548,0.009323603093344951,18.96602658788774,0.19809160305343512,9.904580152671755,0.5672082717872969,0.00557672646156706,11.34414896092626,0.44083969465648853,8.81678108874232,0.7855243722304284,0.0038615982282249575,7.855243722304285,0.7229007633587786,7.229007633587786,0.4151160027281603,0.9131856464474509,0.16,15.946666666666667,0.474,9.480813036020583,0.646,6.455017994858612,13.0
2020-06-30,181,6885750,2875,2186,0.00041752895472533857,0.019419846944907608,0.9213380673931522,0.002149044817843737,0.13669565217391305,0.057072320650595414,136.69068936342168,0.0,0.0,0.19826086956521738,0.04138832413592797,99.12683579790122,0.0,0.0,0.2542608695652174,0.021232100845217695,50.851804659115736,0.0192131747483989,3.8426070470762363,0.30330434782608695,0.012663742774986204,30.330214543603915,0.08371454711802379,8.371393923987515,0.3923478260869565,0.008190828885742294,19.617391304347827,0.20082342177493137,10.04117108874657,0.5460869565217391,0.004560135700343898,10.921723269093215,0.4030192131747484,8.060372557620434,0.7161739130434782,0.00299023345314599,7.161739130434783,0.6267154620311071,6.267154620311071,0.424917615241898,0.9064902447737739,0.16666666666666666,16.61111111111111,0.4779116465863454,9.559052677261361,0.6124497991967871,6.125023249085537,13.341664064126334
2020-07-01,182,6885750,2754,2004,0.00039995643176124604,0.01866556214925734,0.9358918662276566,0.0023657634238250127,0.1299927378358751,0.05198954400232356,129.98801837835856,0.0,0.0,0.19970951343500362,0.039936102236421724,99.85113143588994,0.0,0.0,0.28649237472766886,0.022916727177669988,57.298058882948844,0.019461077844311378,3.8921873062379704,0.3587509077705156,0.014348369107438497,35.874830276523106,0.1187624750499002,11.876161267751755,0.4477124183006536,0.00895327306393639,22.385620915032682,0.2410179640718563,12.050898203592816,0.6092955700798838,0.004873826563807046,12.185893704333466,0.4630738522954092,9.261463595719613,0.7599854756717502,0.0030396107904004646,7.599854756717502,0.6701596806387226,6.701596806387226,0.4613793123323792,0.9132698932629435,0.16827852998065765,16.771760154738878,0.5009671179883946,10.020201651565472,0.655705996131528,6.5520031027332895,10.295630140987
2020-07-02,183,6885750,2740,1829,0.0003979232472860618,0.022102077458614575,0.9530667117531725,0.0027351841775085494,0.12664233576642336,0.05039209991286669,126.63773794708824,0.0,0.0,0.21751824817518248,0.04327621260528609,108.75517552804696,0.0,0.0,0.34087591240875914,0.027128293008800722,68.1746874399086,0.020229633679606344,4.04589735715093,0.41751824817518246,0.01661390107177089,41.75152164414103,0.1273920174958994,12.739109246164416,0.5266423357664234,0.010478161420324584,26.33211678832117,0.29086932750136685,14.543466375068345,0.7127737226277372,0.005672576447625244,14.255453749720992,0.5697102241662111,11.394187935834209,0.8554744525547445,0.0034041317213084994,8.554744525547445,0.7834882449425916,7.8348824494259155,0.466456533153934,0.9181936553654734,0.17254901960784313,17.197385620915032,0.515686274509804,10.314610029260416,0.6784313725490196,6.784895570578145,7.211102550927978
2020-07-03,184,6885750,3508,2353,0.0005094579384961696,0.028578629076199888,0.9488995334956468,0.003872629603485362,0.13027366020524517,0.06636654080743537,130.26893054868816,0.0,0.0,0.22605473204104903,0.057580598315422594,113.02326250012005,0.0,0.0,0.34977194982896237,0.0356385605158442,69.95388200455365,0.03059923501912452,6.119802565655021,0.4409920182440137,0.02246652531296291,44.098881605967605,0.1665958351041224,16.659462539838668,0.557012542759407,0.014188723087535854,27.850627137970356,0.33956651083722905,16.978325541861455,0.7197833523375142,0.007333976205967097,14.395646140318684,0.5822354441138972,11.644691970987276,0.8540478905359179,0.0043510147768943104,8.540478905359178,0.7824054398640033,7.824054398640034,0.4874048752918172,0.9204228584089003,0.18235294117647058,18.174509803921566,0.5470588235294118,10.942114821915043,0.707843137254902,7.079038442135001,6.708203932499369
2020-07-04,185,6885750,3942,2609,0.0005724866572268816,0.03614645537498197,0.9493384368344864,0.0044956270645241415,0.1489091831557585,0.08524542550101656,148.90377692633808,0.0,0.0,0.2420091324200913,0.06927098460644787,121.0001730730209,0.0,0.0,0.3614916286149163,0.0413895262714572,72.2978007416759,0.03526255270218474,7.0524593298983005,0.4490106544901065,0.025705074210694474,44.9007394079882,0.16749712533537753,16.749590908508466,0.5667174023338407,0.01622190756272011,28.335870116692035,0.34534304331161364,17.267152165580683,0.7503805175038052,0.008591644204851753,15.007588554936062,0.6228440015331544,12.456861939878584,0.8772196854388635,0.005021965653705116,8.772196854388636,0.814488309697202,8.14488309697202,0.4758758060765509,0.9128489075652602,0.17190388170055454,17.133086876155268,0.5212569316081331,10.426032726384975,0.6728280961182994,6.728858000716544,6.4031242374328485
2020-07-05,186,6885750,3791,2189,0.0005505573103873943,0.057423352332273574,0.9416963460777991,0.002783565883089807,0.2176206805592192,0.11980830670926518,217.61277972126686,0.0,0.0,0.32629912951727774,0.08981992448446123,163.14364152436795,0.0,0.0,0.4486942759166447,0.0494060239914026,89.73820356074926,0.04522613065326633,9.045160450368254,0.5138485887628594,0.02829010427256092,51.384485754362004,0.15806304248515304,15.80618947387584,0.5787391189659721,0.01593145263769379,28.9369559482986,0.2704431247144815,13.522156235724074,0.6984964389343181,0.007691235244911237,13.969908490542746,0.47784376427592506,9.556861406331185,0.7905565813769454,0.004352467051519442,7.905565813769453,0.6372772955687529,6.3727729556875286,0.4631328199034208,0.9100033924889703,0.16605839416058393,16.550486618004864,0.5,10.000857632933103,0.656934306569343,6.56990647418963,4.47213595499958
2020-07-06,187,6885750,3355,2072,0.00048723813673165597,0.04203959761796052,0.9425105482393473,0.0025179246165902072,0.19344262295081968,0.09424920127795527,193.435599910486,0.0,0.0,0.29150521609538005,0.07101365088585536,145.7473164194571,0.0,0.0,0.3949329359165425,0.0384849981120567,78.98601363639177,0.02027027027027027,4.054024616268654,0.46736214605067067,0.022771500769699964,46.7358752384386,0.13754826254826255,13.754726376625792,0.533532041728763,0.01299785789492793,26.676602086438148,0.2446911196911197,12.234555984555984,0.6757078986587183,0.006584603587694023,13.514138346934164,0.4749034749034749,9.49805570428421,0.7961251862891208,0.003879025523726537,7.961251862891207,0.6698841698841699,6.698841698841698,0.4570920491880196,0.898990608753983,0.16977611940298507,16.921019900497512,0.4925373134328358,9.851591101098283,0.6361940298507462,6.362485919459307,6.4031242374328485
2020-07-07,188,6885750,2377,1361,0.00034520567839378425,0.027970456028334905,0.9548920954620029,0.0021282115339300283,0.17248632730332353,0.059541097879756026,172.48006509277664,0.0,0.0,0.284812789230122,0.04915771129828638,142.40122447293876,0.0,0.0,0.4265881363062684,0.029451915536321125,85.3170077426265,0.024246877296105803,4.849340246352218,0.513672696676483,0.017732144413140086,51.36689667344525,0.15062454077883908,15.06234470457886,0.6028607488430795,0.010405547689068003,30.14303744215398,0.30639235855988245,15.319617927994122,0.7656710138830458,0.005286271958360443,15.313398038401523,0.5907421013960323,11.81482486955029,0.8700042069835927,0.0030033039247721743,8.700042069835927,0.7729610580455547,7.729610580455548,0.4772726600417411,0.9169069069537286,0.185589519650655,18.497088791848615,0.5786026200873362,11.573044859071059,0.7096069868995634,7.096678451317159,4.242640687119285
2020-07-08,189,6885750,2065,1207,0.00029989471008967796,0.021765950788686036,0.956710550435603,0.0019433855741504546,0.14430992736077483,0.04327621260528609,144.30468810985408,0.0,0.0,0.2605326876513317,0.03906476909671798,130.26161443473407,0.0,0.0,0.41113801452784504,0.02465944407331029,82.2270058245987,0.0231980115990058,4.639568630162194,0.5104116222760291,0.015306863400040664,51.04079160137046,0.1623860811930406,16.23849020556768,0.6101694915254238,0.009149330138329158,30.508474576271187,0.33305716652858325,16.652858326429165,0.7476997578692494,0.004484617529510178,14.953973440108816,0.5683512841756421,11.367009175493852,0.8673123486682809,0.0026010238536107178,8.673123486682808,0.7729908864954432,7.729908864954433,0.4501858591098068,0.9277701825534506,0.20984455958549222,20.914507772020723,0.5880829015544041,11.76266674961562,0.7512953367875648,7.513597703498965,4.47213595499958
2020-07-09,190,6885750,2006,1123,0.0002913262898014014,0.027091542017222536,0.9632015065095855,0.002128669616629213,0.1769690927218345,0.05155387743247168,176.96266776203484,0.0,0.0,0.2951146560319043,0.042985768225384836,147.55197086637273,0.0,0.0,0.452642073778664,0.026373115687356587,90.5277573999081,0.032056990204808546,6.411351485746333,0.5508474576271186,0.016047518080687793,55.08434577472382,0.19768477292965272,19.768333747717858,0.6495513459621136,0.009461569182732455,32.47756729810569,0.37399821905609976,18.699910952804988,0.7901296111665005,0.004603703875824891,15.802569273659643,0.6251113089937667,12.502208023235866,0.8773678963110668,0.002556003340231638,8.773678963110669,0.7809439002671416,7.809439002671416,0.488628093193653,0.9395826271060441,0.25210084033613445,25.12605042016807,0.6078431372549019,12.157905357683383,0.7787114845938375,7.787782694552949,3.605551275463989
2020-07-10,191,6885750,2613,1605,0.0003794793595468903,0.032474876994365146,0.9578363567661771,0.0031499834431089786,0.18331419823957137,0.06956142898634911,183.30754291724202,0.0,0.0,0.2889399158055874,0.05482137670636073,144.46471284187655,0.0,0.0,0.4305396096440873,0.03267594179325568,86.10729667160747,0.07289719626168224,14.579333386356808,0.5243015690776884,0.01989601789189346,52.429776195600994,0.22554517133956387,22.554353358381046,0.620742441637964,0.011777947209817376,31.0371220818982,0.3825545171339564,19.12772585669782,0.7558362035973977,0.0057364764383307,15.116702118345051,0.6024922118380063,12.049826737102517,0.8687332567929583,0.00329666339904876,8.687332567929584,0.7862928348909657,7.862928348909658,0.4625839196329829,0.9221030156789151,0.25133689839572193,25.04991087344029,0.5668449197860963,11.318456523331625,0.7165775401069518,7.160249096132962,5.0
2020-07-11,192,6885750,3132,1938,0.000454852412591221,0.04292273590270109,0.94456828311909,0.003496317692896612,0.2062579821200511,0.0938135347081034,206.25049381108653,0.0,0.0,0.31257982120051087,0.07108626198083066,156.28423640948427,0.0,0.0,0.4409323116219668,0.04011153388132098,88.18582197423561,0.09649122807017543,19.298105483290556,0.527139208173691,0.023976879955851172,52.71353804470058,0.23581011351909184,23.580840122630438,0.6139846743295019,0.013963620520640454,30.699233716475096,0.3761609907120743,18.808049535603715,0.7155172413793104,0.006509085416860303,14.310324045065718,0.5402476780185759,10.804937868634426,0.8151340996168582,0.0037076571179610065,8.151340996168582,0.7012383900928792,7.012383900928793,0.4578046050718091,0.9143123038614013,0.22169811320754718,22.095911949685537,0.5424528301886793,10.849987054597236,0.6792452830188679,6.793035373313052,5.385164807134504
2020-07-12,193,6885750,3799,2419,0.0005517191300874996,0.05156387439012975,0.9385021504960895,0.0037630708833689404,0.20452750723874705,0.1128376415916352,204.52008175562042,0.0,0.0,0.31008160042116345,0.0855358698809178,155.03517136944714,0.0,0.0,0.41352987628323246,0.04563013738418194,82.70537470206126,0.07895824720959074,15.791534773691929,0.48644380100026324,0.02683784019286067,48.64402687759683,0.1934683753617197,19.346697052585924,0.5572519083969466,0.015372326907018117,27.862595419847327,0.30467135179826377,15.233567589913187,0.6988681231903132,0.0077115670601357,13.977342164866911,0.5270773046713518,10.541530784229368,0.8315346143722032,0.004587735540790764,8.315346143722032,0.7354278627532038,7.354278627532038,0.46672088122906685,0.8983959241347742,0.1898989898989899,18.926599326599327,0.5212121212121212,10.425136441602994,0.6606060606060606,6.60662716357399,7.0710678118654755
2020-07-13,194,6885750,4188,2847,0.0006082126130051192,0.03690345422373047,0.9461858745605,0.003921734484930462,0.15234001910219674,0.0926517571884984,152.33448831439898,0.0,0.0,0.25358166189111747,0.07711298286378158,126.78622773502485,0.0,0.0,0.35816618911174786,0.04356792239100758,71.63271767045856,0.05584826132771338,11.169571159118837,0.42120343839541546,0.025617938365912456,42.12003799022963,0.14857744994731295,14.857637107884491,0.4961795606494747,0.015089133355117452,24.808978032473735,0.25886898489638216,12.943449244819108,0.6599808978032474,0.008028162468630914,13.19959878662257,0.4998243765367053,9.996473013110007,0.8302292263610315,0.005049558871582616,8.302292263610315,0.7502634351949421,7.502634351949421,0.4658768215135495,0.9101398592979896,0.1724137931034483,17.183908045977013,0.5287356321839081,10.575619565860293,0.6762452107279694,6.763032077443268,10.198039027185569
2020-07-14,195,6885750,4248,2650,0.0006169262607559089,0.04545455475773282,0.9591172433151057,0.005246645772109299,0.157015065913371,0.09686320069706651,157.0093653954392,0.0,0.0,0.2660075329566855,0.08205053732210282,132.99893770378284,0.0,0.0,0.4093691148775895,0.050509744691974785,81.87322846345701,0.05320754716981132,10.641432162552741,0.5054143126177024,0.031180109791164427,50.54106426424446,0.2071698113207547,20.716830699437782,0.6120527306967984,0.01887957012671096,30.602636534839924,0.3781132075471698,18.90566037735849,0.7860169491525424,0.009698275862068966,15.7203161528346,0.6569811320754717,13.139603559196601,0.8808851224105462,0.005434411647242493,8.808851224105462,0.8090566037735849,8.090566037735849,0.49281114088599703,0.9226519337016574,0.16574585635359115,16.519337016574585,0.5580110497237569,11.161178131781696,0.6924493554327809,6.925087421699535,5.0990195135927845
2020-07-15,196,6885750,3610,1841,0.000524271139672512,0.052656215171381394,0.9700879740693207,0.0035409495138589136,0.18614958448753463,0.09758931164681964,186.14282622495523,0.0,0.0,0.3263157894736842,0.0855358698809178,163.15197120014676,0.0,0.0,0.5041551246537396,0.052862412501089195,100.83029276436979,0.031504617055947856,6.300877658165875,0.6011080332409973,0.031514130529495483,60.11036684029738,0.2178164041281912,21.781482249349274,0.6764542936288088,0.01773227317285699,33.82271468144045,0.36556219445953286,18.27810972297664,0.80803324099723,0.008472557858537039,16.16064135025524,0.623574144486692,12.471464777742005,0.9113573407202216,0.004777983516683005,9.113573407202217,0.8261814231395981,8.261814231395979,0.5109596852900294,0.9370502340036331,0.17716535433070865,17.657480314960633,0.5826771653543307,11.654542753339365,0.7303149606299213,7.303775948460988,3.0
2020-07-16,197,6885750,2656,1033,0.00038572414043495625,0.059834074255922624,0.9746926106655313,0.002257403916929087,0.2503765060240964,0.09657275631716526,250.36741596796713,0.0,0.0,0.4269578313253012,0.08234098170200406,213.47116519374038,0.0,0.0,0.6170933734939759,0.04760521653257428,123.41777851625503,0.03581800580832527,7.163549144461812,0.702183734939759,0.027084725086409713,70.2178636158681,0.23426911907066797,23.426741796753493,0.7835090361445783,0.015110917474494426,39.17545180722892,0.44336882865440463,22.168441432720233,0.8682228915662651,0.006697880843944604,17.364432613400435,0.6611810261374637,13.223601318448628,0.9220632530120482,0.003556620556947319,9.220632530120483,0.7996127783155856,7.996127783155858,0.5141468361343495,0.9381076858860076,0.1790744466800805,17.847753185781354,0.6056338028169014,12.113714879327423,0.7484909456740443,7.485551387225583,2.0
2020-07-17,198,6885750,2549,1343,0.000370184801946048,0.0356691022806151,0.9641278247851967,0.002172821818972775,0.18203216947822676,0.06738309613708975,182.02556070065347,0.0,0.0,0.32326402510788543,0.059831542259657276,161.62614441523542,0.0,0.0,0.4739113377795214,0.03508670016555811,94.78157931149146,0.0193596425912137,3.8719004029292092,0.5586504511573166,0.020680240494931598,55.86463946174,0.16232315711094564,16.232197843049377,0.6367202824637113,0.011785208582943034,31.836014123185564,0.3104988830975428,15.52494415487714,0.7936445664966654,0.005875894599869876,15.872868278169479,0.6083395383469844,12.166773097443848,0.8909376225970969,0.0032981156736738917,8.90937622597097,0.7930007446016382,7.930007446016382,0.5031353062540513,0.9367631298738444,0.1708253358925144,17.0255918106206,0.5623800383877159,11.248565399038002,0.72552783109405,7.255900547502328,3.1622776601683795
2020-07-18,199,6885750,2959,2025,0.00042972806157644413,0.022111618614329993,0.9357514403319743,0.0024347472462970116,0.13247718823927002,0.05692709846064479,132.47237858242136,0.0,0.0,0.22608989523487666,0.04857682253848388,113.04084345872435,0.0,0.0,0.32612369043595807,0.028028696738214877,65.22426446947046,0.015308641975308642,3.0617061628708786,0.4109496451503886,0.017659531209155074,41.09466611133476,0.13925925925925925,13.925824805315932,0.48698884758364314,0.010463638674073267,24.349442379182154,0.25037037037037035,12.518518518518517,0.649881716796215,0.005585440096663259,12.997615459817178,0.4883950617283951,9.767887048913398,0.758364312267658,0.003258904258795338,7.5836431226765795,0.6469135802469136,6.469135802469135,0.47599973136227447,0.9121512803566346,0.16824196597353497,16.768115942028984,0.5160680529300568,10.322246252516965,0.6616257088846881,6.616824520844209,8.602325267042627
2020-07-19,200,6885750,4268,3281,0.0006198308100061722,0.022129746015541202,0.9429922807050388,0.004385555119581409,0.10449859418931584,0.06476909671797851,104.4948003106421,0.0,0.0,0.16893158388003748,0.05235259947720012,84.46272536319839,0.0,0.0,0.2549203373945642,0.0316012663742775,50.98369726726366,0.030783297775068576,6.156614849536102,0.33059981255857546,0.020491446164570565,33.05974119674128,0.12922889362999085,12.922795525758946,0.42947516401124647,0.013310096939331228,21.473758200562322,0.25784821700701005,12.892410850350503,0.6178537956888472,0.007659285249558509,12.357057967935216,0.5028954587016153,10.057894567207244,0.8024835988753515,0.004974040591075772,8.024835988753514,0.7430661383724474,7.430661383724475,0.46343396634786915,0.9187198104816641,0.1657142857142857,16.516190476190477,0.5371428571428571,10.743778485665278,0.6685714285714286,6.686287674589561,10.770329614269007
2020-07-20,201,6885750,4514,3315,0.0006555567657844098,0.031810292112639325,0.9516816393192477,0.005668927812500887,0.12295081967213115,0.08059831542259657,122.9463558753089,0.0,0.0,0.19782897651750112,0.06484170781295381,98.91089711409985,0.0,0.0,0.2939743021710235,0.038543088675244704,58.794433505885294,0.03861236802413273,7.722417529471433,0.38303057155516174,0.02510964593801737,38.302779024745924,0.15987933634992457,15.987817541483825,0.5031014621178556,0.01649057836836946,25.15507310589278,0.32337858220211163,16.16892911010558,0.7155516171909615,0.009381680453573751,14.31101156030028,0.6126696832579186,12.253375869891524,0.8730615861763402,0.0057234142976436845,8.730615861763404,0.8271493212669683,8.271493212669684,0.4468332377712788,0.9113936771636504,0.17842323651452283,17.782849239280775,0.5684647302904564,11.37026967395714,0.6825726141078838,6.826311537831932,8.246211251235321
2020-07-21,202,6885750,4373,2525,0.0006350796935700541,0.057756767679099104,0.9622075560380438,0.005569578480510136,0.17585181797393093,0.1116758640720302,175.84543357740267,0.0,0.0,0.2963640521381203,0.09410397908800465,148.17664623947587,0.0,0.0,0.4532357649211068,0.057567748119318016,90.64649476620032,0.05306930693069307,10.613784315490424,0.5620855248113423,0.035696651079032214,56.20814433282553,0.24158415841584158,24.15824041958641,0.6729933683969814,0.021370221108811677,33.64966841984907,0.43366336633663366,21.683168316831683,0.8069974845643723,0.010250139418161539,16.1399262516821,0.6657425742574258,13.314832148355649,0.8982391950605991,0.005704534727516974,8.982391950605992,0.8237623762376237,8.237623762376238,0.46455631795548274,0.9083041953213465,0.1748971193415638,17.431412894375857,0.5720164609053497,11.441310378417295,0.6810699588477366,6.811283696503822,4.123105625617661
2020-07-22,203,6885750,3177,1541,0.00046138764840431327,0.05034115625507559,0.9683690507030956,0.003554619783633747,0.19987409505823103,0.09221609061864652,199.86683851978134,0.0,0.0,0.3336480956877557,0.07696776067383096,166.81799120548678,0.0,0.0,0.5143216871262197,0.04745999012460426,102.86359049433231,0.03439325113562622,6.878600279042034,0.630154233553667,0.02907432687559906,63.014965780187666,0.23750811161583388,23.750638699333816,0.738117721120554,0.017027919979668155,36.9058860560277,0.4600908500973394,23.00454250486697,0.8489140698772427,0.00783355795148248,16.97825674045341,0.6885139519792343,13.770259041386899,0.9172175007869059,0.004231928257633518,9.172175007869058,0.8293316028552887,8.293316028552887,0.48583980694124784,0.9162883213186929,0.18067226890756302,18.00700280112045,0.5798319327731093,11.597633221384609,0.6953781512605042,6.954377891808524,2.8284271247461903
2020-07-23,204,6885750,2623,1200,0.0003809316341720219,0.04253889444244121,0.9641176410958421,0.002923128650445697,0.17804041174227983,0.06781876270694162,178.0339478876566,0.0,0.0,0.33701868089973314,0.06418820795817601,168.50322262600474,0.0,0.0,0.5447960350743424,0.04150570739783322,108.95841582715597,0.043333333333333335,8.666603735223212,0.6664125047655356,0.02538557611316042,66.6407665730821,0.2708333333333333,27.08313667257254,0.7655356462066336,0.014580837236321389,38.27678231033168,0.4875,24.374999999999996,0.8608463591307663,0.006558462682405428,17.21690217894517,0.6958333333333333,13.916646455874151,0.9100266869996188,0.0034665795301891586,9.100266869996188,0.8033333333333333,8.033333333333333,0.5023591111659286,0.9061932399272142,0.21212121212121213,21.14141414141414,0.5967365967365967,11.935755496647433,0.703962703962704,7.0402307812256355,2.23606797749979
2020-07-24,205,6885750,2444,1157,0.00035493591838216607,0.03556987747060583,0.9630344105007861,0.0028687381033715496,0.16612111292962356,0.058960209119953526,166.1150818116694,0.0,0.0,0.31546644844517185,0.055983154225965726,157.72749763152353,0.0,0.0,0.5245499181669394,0.03723605100351448,104.90922184838372,0.037165082108902334,7.432962448266701,0.6575286415711947,0.023337883760783062,65.75238670450571,0.27657735522904064,27.657534691224928,0.7585924713584288,0.013462585774970047,37.92962356792144,0.49006050129645634,24.50302506482282,0.8657937806873978,0.0061460172878520306,17.315850466377707,0.7165082108902333,14.330143406501023,0.9095744680851063,0.0032284064916675743,9.095744680851064,0.8089887640449438,8.089887640449438,0.5230636642752869,0.9178674388843808,0.2493368700265252,24.850574712643677,0.6445623342175066,12.89235228012066,0.7374005305039788,7.374637724019636,2.8284271247461903
2020-07-25,206,6885750,3437,2023,0.0004991467886577352,0.04295558005597194,0.9652588157349924,0.004757870155207115,0.16526040151294732,0.08248620389195468,165.2544016435924,0.0,0.0,0.2874599941809718,0.07173976183560848,143.72477889425113,0.0,0.0,0.44050043642711667,0.04397455633332365,88.09944756246242,0.049431537320810674,9.88623567651608,0.5487343613616527,0.027389700543146767,54.87303768256411,0.2333168561542264,23.331516196577947,0.6697701483852196,0.01671568093526486,33.48850741926098,0.43895205140879884,21.947602570439937,0.841722432353797,0.00840284877776745,16.834424198868845,0.7310924369747899,14.62182750458674,0.9112598196101251,0.00454852412591221,9.112598196101253,0.8492338111715274,8.492338111715274,0.5246840900429384,0.9206214732132212,0.23414634146341465,23.336585365853658,0.6365853658536585,12.710996491814235,0.7439024390243902,7.4396623854746275,4.242640687119285
2020-07-26,207,6885750,4543,3032,0.0006597683621972915,0.04507607519973703,0.9570151825064144,0.005954171653620113,0.15474356152322255,0.10209119953528899,154.73794347350125,0.0,0.0,0.24807395993836673,0.08183270403717688,124.03247673871687,0.0,0.0,0.3709002861545234,0.048941299485898516,74.17951858574196,0.05738786279683377,11.477489217035004,0.4670922298040942,0.030817043771239363,46.7088838097758,0.20151715039577836,20.151568711518355,0.5905789126128109,0.01948226409614058,29.528945630640546,0.3865435356200528,19.32717678100264,0.7558881796169932,0.009974207640115253,15.117741637227295,0.6342348284960422,12.684678148284641,0.8866387849438697,0.0058497621900301345,8.866387849438697,0.8301451187335093,8.301451187335092,0.49703316116096286,0.9048914385930245,0.19878296146044624,19.812035158891142,0.5699797160243407,11.400571987238143,0.6774847870182555,6.77542890344758,6.4031242374328485
2020-07-27,208,6885750,5140,3441,0.0007464691573176487,0.05727655584820791,0.9605157254149724,0.008060772016529282,0.16614785992217898,0.12401975021783329,166.14182783316062,0.0,0.0,0.2607003891050584,0.09729886726691839,130.34546211735085,0.0,0.0,0.3877431906614786,0.057887246216852074,77.54807502678779,0.08544027898866609,17.087931715885084,0.4914396887159533,0.036684190653228387,49.143612021491705,0.24033711130485325,24.033536614008444,0.606420233463035,0.022633700032676177,30.321011673151748,0.41208950886370244,20.604475443185123,0.8188715953307393,0.012225230039966539,16.377408122120546,0.7294391165358908,14.588761143830194,0.92431906614786,0.00689975674400029,9.243190661478598,0.8869514675966289,8.86951467596629,0.4813283826223534,0.8886942323996465,0.18148820326678766,18.08832425892317,0.5263157894736842,10.527218560982215,0.6515426497277677,6.515985281711405,6.324555320336759
2020-07-28,209,6885750,4866,2608,0.0007066768325890426,0.07416214622501875,0.9635615624176332,0.006194773477030959,0.19831483764899302,0.1401394133023526,198.30763772023727,0.0,0.0,0.32983970406905055,0.11654080743537612,164.91386452900556,0.0,0.0,0.4917796958487464,0.0695053588544541,98.35522497576187,0.051763803680981595,10.352685561483606,0.6013152486642006,0.04249324697202939,60.13108823215195,0.2561349693251534,25.61331094470759,0.7098232634607481,0.025080782776022947,35.49116317303741,0.45858895705521474,22.929447852760738,0.8403205918618989,0.011876684636118599,16.806387429747975,0.7020705521472392,14.041390650989444,0.9210850801479655,0.006509094869839887,9.210850801479655,0.852760736196319,8.52760736196319,0.5041846855979975,0.8927106826041196,0.1684027777777778,16.78414351851852,0.5381944444444444,10.764812035448829,0.6371527777777778,6.372074220983419,3.1622776601683795
2020-07-29,210,6885750,3826,1554,0.0005556402715753549,0.08097300516917788,0.9687186836993704,0.0033331454588132955,0.23653946680606378,0.13142608190531513,236.53087911121892,0.0,0.0,0.39858860428646103,0.11073191983735114,199.28706665448004,0.0,0.0,0.5912179822268688,0.06570042696563944,118.2427378407349,0.03796653796653797,7.5932524558682735,0.7009932043910089,0.03894972261756078,70.09881142547546,0.26383526383526384,26.38333480428807,0.7713016204913749,0.021428312093816942,38.56508102456874,0.4369369369369369,21.846846846846848,0.8486670151594354,0.009431057719118877,16.97331565327308,0.6274131274131274,12.548244324765726,0.9043387349712494,0.005024870202955379,9.043387349712493,0.7644787644787645,7.644787644787645,0.5223201563748364,0.909130762230622,0.1774193548387097,17.682795698924732,0.5501792114695341,11.004527933012412,0.6541218637992832,6.5361739963697,2.0
2020-07-30,211,6885750,2662,1039,0.0003865955052100352,0.052521447748336086,0.9640084504214875,0.001766372382744696,0.21637866265965439,0.08364798141155969,216.3708069138419,0.0,0.0,0.39669421487603307,0.07667731629392971,198.3399063376884,0.0,0.0,0.5939143501126972,0.04592059020012199,118.78200750206237,0.013474494706448507,2.6948793727650475,0.6893313298271976,0.026649045862499637,68.9326324371551,0.20404234841193455,20.404086679506786,0.759954921111946,0.014689757833206259,37.9977460555973,0.3849855630413859,19.249278152069298,0.8294515401953418,0.0064132354308021194,16.589006712113335,0.563041385948027,11.260811365169934,0.8918106686701728,0.0034476999600624478,8.918106686701728,0.7228103946102021,7.228103946102021,0.5122880172516524,0.9187276372598095,0.1921487603305785,19.150826446280988,0.5826446280991735,11.653891952426179,0.7045454545454546,7.046058786839232,2.0
2020-07-31,212,6885750,1780,743,0.000258504883273427,0.03516797033870074,0.9616270350791915,0.001206954643856381,0.2247191011235955,0.05808887598024978,224.7109425735983,0.0,0.0,0.39831460674157304,0.05148126633749637,199.15007285585148,0.0,0.0,0.5685393258426966,0.029393824973133115,113.7070394992985,0.008075370121130552,1.615062296656153,0.6387640449438202,0.016512242586191873,63.87594066734308,0.13458950201884254,13.458852472134609,0.7353932584269663,0.009505137421486403,36.76966292134831,0.36608344549125166,18.304172274562582,0.8365168539325842,0.004324867552746537,16.73031278164296,0.6083445491251682,12.166873312861984,0.8792134831460674,0.002272809788330973,8.792134831460674,0.7106325706594886,7.106325706594886,0.49493211273292254,0.9209543120635799,0.20134228187919462,20.06711409395973,0.5749440715883669,11.499867613708313,0.7136465324384788,7.137077371153602,2.0
2020-08-01,213,6885750,1400,666,0.00020331844751842574,0.026486369610256223,0.95471066819257,0.0009300001949276826,0.22357142857142856,0.045454545454545456,223.5633116883117,0.0,0.0,0.38785714285714284,0.03942782457159454,193.92153074561222,0.0,0.0,0.5278571428571428,0.021464463097969736,105.5706619834608,0.025525525525525526,5.10506803530127,0.6021428571428571,0.01224258619187313,60.21384847906457,0.16366366366366367,16.366247524936423,0.6728571428571428,0.006840213484369894,33.64285714285714,0.3123123123123123,15.615615615615615,0.7657142857142857,0.003113672274374942,15.314263473769469,0.5075075075075075,10.150135409366055,0.8421428571428572,0.001712231783030171,8.42142857142857,0.6681681681681682,6.681681681681682,0.4383767845709316,0.9267746085789992,0.17362637362637362,17.304761904761907,0.5538461538461539,11.0778730703259,0.7164835164835165,7.165449644694928,2.23606797749979
2020-08-02,214,6885750,1405,853,0.00020404458483099154,0.019747718452306856,0.9296448752057975,0.0009242825582655217,0.21138790035587188,0.04313099041533546,211.3802258024172,0.0,0.0,0.3231316725978648,0.032965437118791754,161.55997056279026,0.0,0.0,0.41423487544483983,0.01690435388771094,82.8463735105378,0.035169988276670575,7.033946579223457,0.4804270462633452,0.009802782537976706,48.04235577286342,0.14419695193434937,14.419590487408087,0.5380782918149466,0.005489598082997495,26.903914590747334,0.2391559202813599,11.957796014067995,0.6498220640569395,0.0026518496142764196,12.99642240676431,0.4232121922626026,8.464231552863346,0.7395017793594306,0.0015089133355117453,7.395017793594306,0.570926143024619,5.7092614302461895,0.32720708815097077,0.9007806990425411,0.14587737843551796,14.53911205073996,0.4334038054968288,8.66881951269043,0.6109936575052854,6.110460583335449,6.0
2020-08-03,215,6885750,1439,971,0.000208982318556439,0.02396961229231399,0.9241685511773218,0.0009438793143078557,0.23905489923558026,0.04995643334301481,239.04622021658392,0.0,0.0,0.2995135510771369,0.03129538193435957,149.75133853684255,0.0,0.0,0.3578874218207088,0.014958320020912602,71.57696461709448,0.04840370751802266,9.68067120863878,0.4065323141070188,0.008495744866246479,40.652936214563375,0.12049433573635428,12.04934607883763,0.453092425295344,0.004734415277929056,22.6546212647672,0.18949536560247168,9.474768280123584,0.5774843641417651,0.002413676921646993,11.549670509541892,0.37384140061791965,7.476817153966565,0.7303683113273106,0.0015263406310133247,7.303683113273107,0.6004119464469619,6.004119464469619,0.30718217913644963,0.8979241903105919,0.11538461538461539,11.5,0.41700404858299595,8.340796244470525,0.5931174089068826,5.931682766091901,11.40175425099138
2020-08-04,216,6885750,1142,753,0.00016584976219003014,0.02478995857583661,0.9278561941192114,0.0008361537800320288,0.2626970227670753,0.04356665698518734,262.68748540784037,0.0,0.0,0.3239929947460595,0.026866105140865525,161.99061600150156,0.0,0.0,0.38966725043782835,0.012925150309332249,77.93288418781482,0.07436918990703852,14.873729977704564,0.4343257443082312,0.007203229835313254,43.43225905298444,0.14209827357237717,14.209724175128466,0.4859894921190893,0.0040300620847402244,24.299474605954465,0.2204515272244356,11.022576361221779,0.6129597197898424,0.002033181522446324,12.259176592105756,0.41301460823373176,8.26028016847935,0.7390542907180385,0.0012257197836110809,7.390542907180385,0.6042496679946879,6.042496679946879,0.31329872771090983,0.9071001864587401,0.14251207729468598,14.203703703703702,0.47342995169082125,9.469411092052601,0.644927536231884,6.449828473413379,10.0
2020-08-05,217,6885750,853,544,0.00012387902552372655,0.02189934911949268,0.9349807939133247,0.0008241212219638396,0.2661195779601407,0.032965437118791754,266.10991634316565,0.0,0.0,0.33294255568581477,0.02062155097298867,166.4652340120243,0.0,0.0,0.41852286049237986,0.010369165529059804,83.70396429275914,0.08823529411764706,17.646930682581203,0.492379835873388,0.0060995091347410615,49.237626054564195,0.20404411764705882,20.404263601734517,0.5697538100820633,0.003529027339069818,28.48769050410316,0.32536764705882354,16.268382352941178,0.6740914419695193,0.0016701133934380519,13.481809260100896,0.4889705882352941,9.779397562334953,0.7667057444314185,0.0009497876048360745,7.667057444314184,0.6341911764705882,6.341911764705883,0.2890912995102851,0.9121816404929175,0.17687074829931973,17.6281179138322,0.564625850340136,11.29348549025099,0.7142857142857143,7.13734851266985,6.324555320336759
2020-08-06,218,6885750,628,459,9.120284645826525e-05,0.012943227327096971,0.9296444498473171,0.0007146562266439714,0.18152866242038215,0.016555329654371186,181.52207192290828,0.0,0.0,0.23248407643312102,0.010601219866395586,116.23781798572199,0.0,0.0,0.33121019108280253,0.006041418571553051,66.24155721189717,0.08496732026143791,16.99334065730042,0.4140127388535032,0.003775886607220657,41.40097325743573,0.19825708061002179,19.825564100183822,0.5095541401273885,0.0023236394002105797,25.477707006369425,0.3289760348583878,16.44880174291939,0.6305732484076433,0.0011501998326982061,12.611446652868906,0.49455337690631807,9.89105317360082,0.7961783439490446,0.0007261373125658062,7.961783439490446,0.7211328976034859,7.211328976034858,0.16467441083929815,0.8936861868400934,0.18333333333333332,18.272222222222222,0.4888888888888889,9.778616352201258,0.7055555555555556,7.056160663236135,8.246211251235321
2020-08-07,219,6885750,944,731,0.00013709472461242422,0.010163872461172212,0.947094699717963,0.001315232492470367,0.1663135593220339,0.02279988382224804,166.3075212172081,0.0,0.0,0.21822033898305085,0.014957885564914319,109.10620818708556,0.006839945280437756,3.4198484762397823,0.298728813559322,0.008190769409509425,59.745328878738896,0.09439124487004104,18.878111892993843,0.3697033898305085,0.005068401638153882,36.97007052957425,0.18604651162790697,18.604516068457702,0.4819915254237288,0.0033039247721744183,24.09957627118644,0.33105335157318744,16.55266757865937,0.6822033898305084,0.001870527000650618,13.644047981705501,0.5896032831737346,11.792048538181822,0.8432203389830508,0.0011560106016047635,8.432203389830509,0.7975376196990424,7.975376196990424,0.23231581057374942,0.9134977465968779,0.17982456140350878,17.92251461988304,0.5394736842105263,10.79039902500677,0.7105263157894737,7.105872528662995,10.295630140987
2020-08-08,220,6885750,1207,952,0.00017528954725338561,0.014915199534673702,0.9490247913708219,0.002254003112781381,0.16984258492129245,0.029770548939878013,169.83641869326019,0.0,0.0,0.231980115990058,0.020331106593087424,115.98584691247036,0.026260504201680673,13.129775399849164,0.3264291632145816,0.01144384094803799,65.28535858156802,0.14600840336134455,29.20146862950937,0.4183927091963546,0.007333933602486276,41.83896711128407,0.26260504201680673,26.260313515745835,0.5012427506213754,0.004393130741023128,25.062137531068768,0.36764705882352944,18.38235294117647,0.7547638773819387,0.0026460405242122874,15.09525562518207,0.6890756302521008,13.781492590530032,0.8782104391052196,0.0015394111026395092,8.782104391052195,0.8455882352941176,8.455882352941178,0.3104554878719507,0.9078477031180996,0.1872791519434629,18.665488810365133,0.5653710247349824,11.308390256320118,0.7279151943462897,7.279776227506076,12.083045973594572
2020-08-09,221,6885750,1471,1158,0.0002136295973568602,0.023839009597566015,0.9327941481154002,0.0025455790238395723,0.20938137321549966,0.04472843450479233,209.37377151011134,0.0051813471502590676,5.181159038614053,0.2528891910265126,0.02701132733081615,126.44000487298932,0.05094991364421416,25.47403193985243,0.3405846363018355,0.014551686078596532,68.11643264153369,0.16234887737478412,32.46953970151383,0.3990482664853841,0.008524790147840484,39.90453688680667,0.23661485319516407,23.661313505890398,0.5016995241332427,0.00535889336673565,25.084976206662134,0.36701208981001726,18.350604490500864,0.6845683208701564,0.0029248768472906403,13.691346533807971,0.5993091537132987,11.986165667061723,0.8001359619306594,0.0017093272337799078,8.001359619306594,0.7461139896373057,7.461139896373057,0.2855541600647474,0.8784472473016969,0.2018348623853211,20.116207951070336,0.43730886850152906,8.746927471005712,0.5626911314984709,5.627393897430249,17.029386365926403
2020-08-10,222,6885750,1414,1066,0.00020535163199361,0.021687032088131428,0.9326626271993219,0.0019629766267547735,0.214992927864215,0.04414754574498984,214.9851224282629,0.0,0.0,0.26449787835926447,0.027156549520766772,132.24413780949067,0.024390243902439025,12.194679200640394,0.32531824611032534,0.013360829533242325,65.06317677406176,0.1050656660412758,21.012980625162356,0.41371994342291374,0.008495744866246479,41.371693926984925,0.2223264540337711,22.23248396501553,0.5297029702970297,0.005438768471117889,26.485148514851485,0.37617260787992496,18.808630393996246,0.6584158415841584,0.002704131424853611,13.168297707698551,0.5469043151969981,10.938070418857846,0.7765205091937766,0.0015945975383945103,7.765205091937764,0.7035647279549718,7.0356472795497185,0.3177959363031932,0.8943956070894516,0.1883656509695291,18.773776546629733,0.4903047091412742,9.806935185757117,0.6232686980609419,6.2332215163710485,13.341664064126334
2020-08-11,223,6885750,1351,889,0.00019620230185528085,0.030065064084699306,0.9572410679243389,0.0022352943614540725,0.27091043671354553,0.05315132152192855,270.9006011618205,0.0,0.0,0.3449296817172465,0.0338367702584955,172.45857942815348,0.01687289088863892,8.436139154548753,0.44337527757216877,0.017398123674809026,88.6744116164443,0.15410573678290213,30.820923554354426,0.5292376017764618,0.010383688169856806,52.923375881266836,0.2845894263217098,28.458735982670323,0.6306439674315322,0.006186689903060669,31.53219837157661,0.43869516310461193,21.934758155230597,0.7594374537379719,0.0029800632028998976,15.188727016556602,0.6344206974128234,12.688395521221619,0.8386380458919319,0.0016454271502741168,8.386380458919318,0.7547806524184477,7.547806524184477,0.38670472639127634,0.9276537977365069,0.20977011494252873,20.907088122605366,0.5459770114942529,10.92047672561661,0.6781609195402298,6.782190808540841,6.708203932499369
2020-08-12,224,6885750,1152,690,0.00016730203681516174,0.02982776038049637,0.9494793620504604,0.001635800854317526,0.2829861111111111,0.047342433923903575,282.9758371454158,0.0,0.0,0.3723958333333333,0.031150159744408944,186.19115664936103,0.0,0.0,0.4973958333333333,0.016642946353364895,99.47844431656452,0.1608695652173913,32.17367941838718,0.5850694444444444,0.009788259897179703,58.5065196067753,0.3072463768115942,30.72441457972109,0.6640625,0.005554950441128417,33.203125,0.4391304347826087,21.956521739130437,0.7552083333333334,0.002526954177897574,15.104144731300538,0.591304347826087,11.826069781820681,0.8359375,0.0013985404640017428,8.359375000000002,0.7260869565217392,7.2608695652173925,0.4120844519057807,0.9296687320722811,0.20710059171597633,20.64102564102564,0.6005917159763313,12.01286449399657,0.7307692307692307,7.308319039451115,4.73606797749979
2020-08-13,225,6885750,1114,673,0.00016178339323966162,0.027064538891612217,0.952317960378003,0.001336185763853669,0.2791741472172352,0.045164101074644206,279.16401164697606,0.0,0.0,0.36624775583482944,0.029625326749927388,183.11722950476886,0.0,0.0,0.4730700179533214,0.015306863400040664,94.61331656807002,0.1277860326894502,25.557020958824882,0.5547576301615799,0.008974992012547561,55.47536018886837,0.26300148588410105,26.299957614604676,0.6113105924596051,0.00494499509857314,30.56552962298025,0.35661218424962854,17.830609212481427,0.7172351885098743,0.0023207314806208755,14.34468293777845,0.5319465081723626,10.638914712821375,0.8635547576301615,0.001397088189376611,8.635547576301615,0.774145616641902,7.741456166419019,0.37299455813479127,0.9234350132244296,0.21241830065359477,21.17102396514161,0.5882352941176471,11.76571486227424,0.7516339869281046,7.516984495341876,5.0990195135927845
2020-08-14,226,6885750,1169,683,0.00016977090367788547,0.0329842255163712,0.9443192347889037,0.0012230600411288369,0.31907613344739094,0.05416787685158292,319.0645492136759,0.0,0.0,0.397775876817793,0.033764159163520185,198.8807176734039,0.0029282576866764276,1.4640756873389638,0.48502994011976047,0.016468674663800864,97.00528363239248,0.11859443631039532,23.718715031639153,0.5449101796407185,0.00925092218769061,54.49062228733158,0.22108345534407028,22.108184998626623,0.6099230111206159,0.0051773590385941985,30.4961505560308,0.3323572474377745,16.617862371888727,0.718562874251497,0.002439817826935589,14.371236614047676,0.5183016105417276,10.366017156530873,0.864841745081266,0.0014682496460080602,8.648417450812662,0.7686676427525623,7.686676427525622,0.35842496232260196,0.9209449265526573,0.18867924528301888,18.80503144654088,0.6226415094339622,12.453898184407262,0.7735849056603774,7.736512508495421,5.0990195135927845
2020-08-15,227,6885750,1433,866,0.00020811095378136006,0.04416341842757125,0.9520419852030848,0.002400909923640146,0.30844382414515004,0.06418820795817601,308.43262592324527,0.0,0.0,0.3991625959525471,0.04153354632587859,199.57405206798222,0.025404157043879907,12.701617366024983,0.5017445917655269,0.020883557466089633,100.34818968745756,0.17551963048498845,35.10367119614306,0.581297976273552,0.012097359783903104,58.129375528269925,0.3071593533487298,30.715712296625174,0.688764829030007,0.007166975275024507,34.43824145150035,0.48498845265588914,24.24942263279446,0.7983251919050942,0.0033227995166837066,15.966480650387183,0.6662817551963048,13.325615751472478,0.8750872295882763,0.0018211523799150418,8.750872295882763,0.7933025404157044,7.933025404157045,0.40418517386167396,0.928213496343635,0.18571428571428572,18.50952380952381,0.6142857142857143,12.286767949032098,0.7714285714285715,7.71494731683411,5.0
2020-08-16,228,6885750,1522,926,0.0002210361979450314,0.04846193778616252,0.9504524029905831,0.00237577185744596,0.3180026281208936,0.07028753993610223,317.9910828613771,0.0,0.0,0.4040735873850197,0.04465582340981702,202.0294586361022,0.023758099352051837,11.878618400623797,0.49868593955321944,0.022045368729849836,99.73646368696683,0.17602591792656588,35.20492794919548,0.5683311432325887,0.012562084289407185,56.83270163980652,0.29049676025917925,29.049465086912832,0.6504599211563732,0.007188759394401481,32.52299605781866,0.42548596112311016,21.27429805615551,0.7772667542706965,0.0034360767729342875,15.545312509351032,0.6339092872570194,12.67816733295968,0.8626806833114323,0.001906836582797807,8.626806833114323,0.7742980561555075,7.742980561555076,0.387470245230446,0.9171602310396205,0.1875,18.6875,0.5625,11.250964837049743,0.6983695652173914,6.984294596912521,5.0990195135927845
2020-08-17,229,6885750,1562,843,0.00022684529644555787,0.06396153465498454,0.9567459455067505,0.0017855236830313858,0.37772087067861715,0.08568109207086842,377.7071573156096,0.0,0.0,0.46350832266325226,0.05257043276212605,231.74574736991642,0.020166073546856466,10.082670703257836,0.5467349551856594,0.024804670481280315,109.34619703359535,0.1601423487544484,32.02823718190894,0.5998719590268886,0.013607714426791368,59.9867603164396,0.2586002372479241,25.85983594687463,0.6517285531370038,0.007392077841919907,32.58642765685019,0.35468564650059314,17.734282325029657,0.7752880921895007,0.0035174040338321407,15.505739325198247,0.5836298932384342,11.672580912975613,0.8610755441741357,0.0019533093708020187,8.610755441741357,0.7425860023724793,7.425860023724792,0.40892532113122776,0.9191937484105281,0.1989247311827957,19.82616487455197,0.5698924731182796,11.398826979472142,0.6827956989247311,6.828542577325292,3.605551275463989
2020-08-18,230,6885750,1488,732,0.00021609846421958393,0.06554582220954479,0.9606533461307634,0.0017375092644720492,0.3958333333333333,0.0855358698809178,395.81896238745276,0.0,0.0,0.4952956989247312,0.05351437699680511,247.6388584716067,0.00819672131147541,4.098211862510296,0.5887096774193549,0.02544366667634843,117.74108052195308,0.16393442622950818,32.786647169823,0.6579301075268817,0.014217665340265475,65.79253300855711,0.3046448087431694,30.464259661960536,0.7076612903225806,0.007646225901317939,35.38306451612903,0.4057377049180328,20.28688524590164,0.7956989247311828,0.0034389813179663536,15.913955383190066,0.5846994535519126,11.69397208817932,0.8676075268817204,0.0018748865410449117,8.676075268817204,0.7308743169398907,7.308743169398907,0.4323809247524543,0.9241897343163166,0.21978021978021978,21.904761904761905,0.5989010989010989,11.979049252634159,0.7115384615384616,7.115994854202402,2.8284271247461903
2020-08-19,231,6885750,1638,758,0.00023788258359655812,0.0757472925311792,0.9618254526386419,0.001877839047895534,0.398046398046398,0.09468486784780715,398.03194675399146,0.0,0.0,0.5115995115995116,0.060848097589311645,255.79046884957427,0.0,0.0,0.6117216117216118,0.029103372157193063,122.34343396299886,0.16094986807387862,32.18973987306369,0.6892551892551892,0.016396061459815852,68.92501843524236,0.32849604221635886,32.84936569013466,0.7344322344322345,0.008735431870166649,36.72161172161172,0.4261213720316623,21.306068601583114,0.8174603174603174,0.003889185797936611,16.34918260570331,0.6055408970976254,12.110800353744462,0.8705738705738706,0.002070943615437679,8.705738705738705,0.7203166226912929,7.203166226912928,0.49988586697162485,0.9256288549472986,0.24074074074074073,23.993827160493826,0.6190476190476191,12.382014212202892,0.7195767195767195,7.196384328459801,2.23606797749979
2020-08-20,232,6885750,1895,932,0.00027520604146244053,0.07703976226392982,0.9436428373898061,0.0015330167784902008,0.3862796833773087,0.1063026430438571,386.26565928192036,0.0,0.0,0.48337730870712403,0.066511762997386,241.67987971464413,0.0,0.0,0.5725593667546174,0.031514130529495483,114.51104184352165,0.13090128755364808,26.180067407491713,0.6205804749340369,0.01707862557727497,62.05759687003754,0.22854077253218885,22.853911302441535,0.6717678100263852,0.009243727988962712,33.58839050131926,0.33261802575107297,16.630901287553648,0.7482849604221636,0.004118644855469839,14.96567747416963,0.48819742489270385,9.763934317940025,0.8147757255936675,0.0022423120212032095,8.147757255936677,0.6233905579399142,6.233905579399141,0.4920818672547016,0.9259864047453794,0.24119241192411925,24.03884372177055,0.6449864498644986,12.900835320531593,0.7398373983739838,7.399008492657825,2.8284271247461903
2020-08-21,233,6885750,2111,1143,0.00030657517336528335,0.07313086432928259,0.9390439449978695,0.001939691691817848,0.34722880151586927,0.10644786523380773,347.2161951841268,0.0,0.0,0.43723353860729514,0.06702004066221319,218.60883230214804,0.0,0.0,0.5310279488394126,0.03255976066687966,106.20481857506711,0.13385826771653545,26.77145914575311,0.581714827096163,0.017833802898719102,58.17106030784229,0.2274715660542432,22.746991431032054,0.6541923259118901,0.010027956286533784,32.70961629559451,0.36132983377077865,18.06649168853893,0.7271435338702037,0.004458476624221582,14.542849557192685,0.49606299212598426,9.921245434146691,0.7944102321174799,0.002435464546345714,7.944102321174799,0.6202974628171478,6.202974628171479,0.4725158989897889,0.9238436199148637,0.21568627450980393,21.496732026143793,0.5784313725490197,11.569619614569671,0.6985294117647058,6.979907001360956,3.605551275463989
2020-08-22,234,6885750,2512,1460,0.000364811385833061,0.06836187254725144,0.9478830159445929,0.002790896832615909,0.3144904458598726,0.11472553006099331,314.479028112056,0.0,0.0,0.39729299363057324,0.07246587278536161,198.63928484546327,0.0,0.0,0.4864649681528662,0.035493334107874176,97.29228715497398,0.11643835616438356,23.287502133634554,0.554140127388535,0.02021551598942752,55.41361035995244,0.2328767123287671,23.287502133634554,0.6381369426751592,0.011639981120429873,31.906847133757964,0.3773972602739726,18.86986301369863,0.7515923566878981,0.005483781020540942,15.031825303419504,0.5726027397260274,11.452038163016118,0.8554936305732485,0.003120938169407835,8.554936305732484,0.7513698630136987,7.513698630136986,0.4342495325787732,0.9048946151620658,0.16977225672877846,16.920634920634917,0.5217391304347826,10.435677530017152,0.660455486542443,6.605121293800538,5.0
2020-08-23,235,6885750,2943,1748,0.0004274044221762335,0.06072160707317986,0.9337126150815607,0.0026439491136543377,0.28270472307169553,0.12082486203891955,282.6944593219471,0.0,0.0,0.3781855249745158,0.0808161487075225,189.08589737098984,0.0,0.0,0.46041454298335033,0.03935635655987685,92.08223995316752,0.09153318077803203,18.30650322525586,0.5290519877675841,0.022611751720932934,52.904814615159346,0.20709382151029748,20.709231773570696,0.5959904858987428,0.01273644846240424,29.79952429493714,0.3197940503432494,15.989702517162472,0.6958885490995583,0.005948508225671531,13.917750769594884,0.4879862700228833,9.759711226676703,0.8032619775739042,0.0034331772138111315,8.032619775739041,0.6687643020594966,6.687643020594965,0.4330076768837913,0.8919112253059461,0.14261460101867574,14.213921901528014,0.4533106960950764,9.066991470265327,0.6095076400679117,6.095599134504218,5.830951894845301
2020-08-24,236,6885750,3817,2501,0.0005543332244127365,0.05550535329406285,0.9306244701171017,0.0043898942408654665,0.21482839926643962,0.11908219575951205,214.82059980378833,0.0,0.0,0.30364160335341894,0.08415625907638687,151.81528973938455,0.0,0.0,0.41184176054493055,0.04565918266577595,82.36775400599075,0.10235905637744902,20.471662623108998,0.494629290018339,0.02741874582474077,49.46256983565856,0.22870851659336267,22.870685586754583,0.5876342677495415,0.016287259920851033,29.381713387477074,0.3706517393042783,18.532586965213916,0.6992402410269846,0.0077522306905846265,13.984784510792005,0.5409836065573771,10.819656418035073,0.7773120251506419,0.004308898812765494,7.773120251506418,0.6601359456217513,6.601359456217514,0.464827597650916,0.8969398281850782,0.13953488372093023,13.906976744186048,0.4728682170542636,9.4581754357972,0.6248062015503876,6.248597869879133,6.4031242374328485
2020-08-25,237,6885750,4219,2655,0.0006127146643430273,0.05784282671128591,0.936601289694191,0.004431409528207022,0.20407679544915858,0.12503630554748765,204.06938632937025,0.0,0.0,0.3012562218535198,0.09228870171362184,150.62264229072565,0.0,0.0,0.42450817729319745,0.052020099334863054,84.90101896066207,0.08549905838041431,17.099687508871526,0.5124437070395829,0.03139794940311946,51.24399860216398,0.22523540489642185,22.52337693899818,0.598483052856127,0.018334967142286607,29.92415264280635,0.36195856873822974,18.097928436911488,0.693529272339417,0.008498698763825634,13.87056530291831,0.5129943502824859,10.2598721054978,0.7838350319981038,0.004802672185310242,7.838350319981037,0.656497175141243,6.564971751412429,0.49731786319458726,0.9155707535016464,0.14508580343213728,14.460218408736349,0.49453978159126366,9.874706152629667,0.6458658346333853,6.4592122621440025,5.385164807134504
2020-08-26,238,6885750,4215,2517,0.0006121337544929747,0.055516232600798146,0.9386674493481296,0.003271635049735489,0.19572953736654805,0.11980830670926518,195.72243129853445,0.0,0.0,0.302491103202847,0.0925791460935231,151.24006054886752,0.0,0.0,0.42562277580071173,0.052107235179645064,85.12393704347355,0.03814064362336114,7.628073334385518,0.5124555160142349,0.03136890412152546,51.24517949105431,0.1835518474374255,18.355051460865152,0.5798339264531436,0.017746795919108303,28.991696322657173,0.29638458482320224,14.81922924116011,0.6711743772241993,0.008216957895715216,13.423468049921956,0.44934445768772346,8.986876102342347,0.7769869513641756,0.004756199397306031,7.769869513641756,0.6265395311879222,6.265395311879221,0.48913709841912123,0.9126062770649055,0.14797507788161993,14.748182762201454,0.4781931464174455,9.564683156730414,0.6417445482866043,6.417995864125294,5.0
2020-08-27,239,6885750,3553,1753,0.0005159931743092619,0.0628572499089187,0.9559967200174552,0.0029440321940206815,0.22009569377990432,0.11356375254138833,220.08770308524197,0.0,0.0,0.3543484379397692,0.09141736857391809,177.1677865628642,0.0,0.0,0.5113988179003659,0.052775276656307185,102.27902089393955,0.02852253280091272,5.7044651379326945,0.6068111455108359,0.031310813558337446,60.68067392606869,0.20308043354249858,20.307895891040392,0.6861806923726428,0.017703227680354355,34.30903461863214,0.3639475185396463,18.197375926982314,0.784688995215311,0.008097871549400502,15.693757112660993,0.5636052481460354,11.272088592752471,0.8654658035462989,0.004465744472279708,8.65465803546299,0.7273245864232744,7.273245864232743,0.5134598324845698,0.9228834794925113,0.16166666666666665,16.11277777777778,0.5066666666666667,10.134202401372214,0.6933333333333334,6.933927958833619,2.8284271247461903
2020-08-28,240,6885750,2994,1466,0.00043481102276440474,0.04957119214741894,0.9480506253492804,0.0022530213499071883,0.20975283901135605,0.09119953528899216,209.74522381969865,0.0,0.0,0.35103540414161655,0.07631426081905315,175.51132980454085,0.0,0.0,0.5046760187040749,0.043887420488541634,100.93447081796111,0.02660300136425648,5.3205616382680025,0.5975283901135604,0.02598100438583752,59.752405126847265,0.17803547066848568,17.803417789589087,0.6813627254509018,0.014813201176342446,34.06813627254509,0.34924965893587995,17.462482946793997,0.7892451569806279,0.006863439910772377,15.784880215631562,0.5695770804911323,11.391525066199852,0.8416833667334669,0.003659732055331663,8.41683366733467,0.6766712141882674,6.766712141882674,0.4881480834000989,0.9146122418832239,0.15202702702702703,15.152027027027026,0.5,10.000857632933103,0.6706081081081081,6.706656216679801,3.0
2020-08-29,241,6885750,2831,1499,0.00041113894637475945,0.040512810272071396,0.9598919361207703,0.00258464840780837,0.18791946308724833,0.07725820505373221,187.91264056825736,0.0,0.0,0.3200282585658778,0.06578565204763288,160.00831988236953,0.0,0.0,0.4715648180854822,0.038775450927996745,94.31227878044987,0.030020013342228154,6.003959071458582,0.5764747439067467,0.023700949780708126,57.64705579389297,0.200133422281521,20.01319690486194,0.6637230660543978,0.013644120103111498,33.18615330271989,0.36490993995997334,18.245496997998668,0.7809961144471919,0.006421949065898318,15.619899604559993,0.5863909272848565,11.727801513708584,0.8555280819498411,0.003517409142068765,8.55528081949841,0.7271514342895263,7.271514342895264,0.5032055299216889,0.9293488191917227,0.15726495726495726,15.674074074074074,0.5196581196581197,10.39405374499714,0.6820512820512821,6.821097770154374,3.1622776601683795
2020-08-30,242,6885750,2572,1397,0.0003735250335838507,0.037534588164562725,0.9549921430782427,0.0019664085092319793,0.19906687402799378,0.07435376125471972,199.05964679614556,0.0,0.0,0.3285381026438569,0.06135637525413883,164.26308744408496,0.0,0.0,0.4782270606531882,0.03572569636062622,95.64471761865552,0.03937007874015748,7.873958572280326,0.5563763608087092,0.020781898980510617,55.63723207816913,0.18324982104509663,18.324849040943306,0.614307931570762,0.011472969538539738,30.715396578538105,0.28990694345025053,14.495347172512526,0.7200622083981337,0.00537921739938656,14.401223253431573,0.4846098783106657,9.692183490501169,0.8238724727838258,0.003077369930653887,8.238724727838258,0.6757337151037939,6.757337151037937,0.44676653166827807,0.9277884428099343,0.14495412844036698,14.447094801223244,0.48990825688073397,9.799005460525281,0.6844036697247706,6.844623664374401,3.605551275463989
2020-08-31,243,6885750,2221,1098,0.0003225501942417311,0.04996046297081485,0.9574965785727502,0.0013724531182383076,0.28005402971634397,0.09032820214928841,280.04386220146904,0.0,0.0,0.4061233678523188,0.06549520766773163,203.0543116605507,0.0,0.0,0.5258892390814949,0.0339248889017979,105.17708408624713,0.040983606557377046,8.19666179245575,0.585321927059883,0.018879433036103285,58.53176768498343,0.16120218579234974,16.120101525162973,0.6262944619540748,0.010100570017790364,31.314723097703737,0.24408014571949,12.204007285974498,0.7239981990094552,0.004670508411562413,14.479942951335383,0.44171220400728595,8.834231250415842,0.8325078793336335,0.0026852557818683514,8.325078793336335,0.6612021857923497,6.612021857923497,0.39748927441699516,0.9270218424354006,0.16371681415929204,16.317109144542773,0.5154867256637168,10.310618710059352,0.6902654867256637,6.903246861670639,3.0
2020-09-01,244,6885750,1680,726,0.00024398213702211087,0.05310471447136051,0.9633231797157313,0.0013308110016984594,0.3327380952380952,0.08117920418239907,332.72601499937764,0.0,0.0,0.47559523809523807,0.05801626488527447,237.78898567486826,0.0,0.0,0.5958333333333333,0.02907432687559906,119.16580135931919,0.06473829201101929,12.947564385107789,0.6660714285714285,0.016250835051845828,66.60665920133775,0.22727272727272727,22.727107697263673,0.7297619047619047,0.008902443452056784,36.48809523809524,0.3746556473829201,18.732782369146005,0.825595238095238,0.004028603959475787,16.511880782119288,0.5964187327823691,11.928357332396711,0.8761904761904762,0.0021377482481937334,8.761904761904763,0.7134986225895317,7.134986225895317,0.4378613450564428,0.9277324795774216,0.19506172839506172,19.441152263374487,0.5950617283950618,11.88187468290208,0.7283950617283951,7.2845753128772,2.23606797749979
2020-09-02,245,6885750,1458,713,0.0002117416403441891,0.03802118579914429,0.9498882236803693,0.0011048194825112893,0.3148148148148148,0.06665698518733662,314.8033852906057,0.0,0.0,0.4279835390946502,0.04530932326459483,213.98400045897384,0.0,0.0,0.5541838134430727,0.023468587527956084,110.83595786736872,0.08835904628330996,17.671680935992956,0.6186556927297668,0.01309942199889628,61.86512004725655,0.22019635343618513,22.019475451991223,0.6714677640603567,0.007108884290019242,33.57338820301783,0.3281907433380084,16.409537166900417,0.752400548696845,0.0031862859001765965,15.047989120124141,0.49368863955119213,9.873758451614988,0.8244170096021948,0.001745634099408198,8.244170096021948,0.6409537166900421,6.40953716690042,0.3594419063268145,0.9052988422484018,0.1595238095238095,15.899206349206347,0.5047619047619047,10.096103896103896,0.6523809523809524,6.524369027199215,2.8284271247461903
2020-09-03,246,6885750,1774,1033,0.00025763351849834805,0.03432029071767699,0.9282084365689574,0.0011688391237381782,0.2688838782412627,0.06927098460644787,268.87411626485255,0.0,0.0,0.36809470124013527,0.04741504501887889,184.04066868023972,0.0,0.0,0.4673055242390079,0.02407853844143019,93.46042619677448,0.08518877057115198,17.037630397638903,0.5118376550169109,0.013186557843678294,51.18339383997058,0.1616650532429816,16.16638793412328,0.5659526493799324,0.007290418618160694,28.297632468996618,0.25459825750242016,12.729912875121009,0.6685456595264938,0.0034447904080304862,13.370893772320136,0.430784123910939,8.615669965899912,0.7333709131905298,0.0018894092872962277,7.333709131905298,0.542110358180058,5.4211035818005815,0.3299578034467046,0.8939359792207542,0.1580135440180587,15.748683220466516,0.48081264108352145,9.617077543181722,0.6072234762979684,6.072755537830711,5.656854249492381
2020-09-04,247,6885750,1844,1164,0.0002677994408742693,0.03642026546519328,0.9227106018392243,0.001261376763320404,0.27006507592190887,0.07232065059541098,270.0552710614703,0.0,0.0,0.34761388286334055,0.04654371187917514,173.80063127550446,0.0,0.0,0.4175704989154013,0.02236486682738389,83.51349336044395,0.07731958762886598,15.463805237313426,0.45932754880694143,0.01230067675506114,45.93242134824417,0.14347079037800686,14.346974859063012,0.5216919739696312,0.006985440946883055,26.08459869848156,0.2422680412371134,12.113402061855671,0.6171366594360087,0.0033053722464913096,12.34271526370799,0.39347079037800686,7.869404379023844,0.7207158351409978,0.0019300729767999128,7.207158351409978,0.5575601374570447,5.5756013745704465,0.3599620182528605,0.896303665065391,0.1623931623931624,16.185185185185187,0.48717948717948717,9.727739726027398,0.6025641025641025,6.026157804459691,9.027692569068709
2020-09-05,248,6885750,1960,1183,0.00028464582652579603,0.04686973863134212,0.9461262175935318,0.0021632083372068994,0.29285714285714287,0.08335753703165844,292.84651051823573,0.0,0.0,0.37704081632653064,0.05365959918675574,188.51356382663434,0.0,0.0,0.47551020408163264,0.02707020244561271,95.10135024993761,0.13102282333051563,26.204374386363185,0.5448979591836735,0.015510180371198699,54.489400250500736,0.2459847844463229,24.59829982719899,0.6045918367346939,0.008604727153904803,30.229591836734695,0.3448858833474218,17.24429416737109,0.6964285714285714,0.003964703968770332,13.928551200489956,0.4970414201183432,9.94081396557499,0.8341836734693877,0.002374469012090186,8.341836734693878,0.7252747252747253,7.252747252747254,0.3689788628520984,0.9116884858835503,0.16091954022988506,16.038314176245212,0.5126436781609195,10.253752883421068,0.6436781609195402,6.437333648784527,5.0990195135927845
2020-09-06,249,6885750,1818,964,0.0002640235268489271,0.04855831525512271,0.9439195899417806,0.001349222424082465,0.3102310231023102,0.0819053151321522,310.2197599951689,0.0,0.0,0.42574257425742573,0.05620098751089166,212.86355872008926,0.0,0.0,0.5302530253025303,0.027999651456620873,106.04983499308426,0.11410788381742738,22.821411048704597,0.5748074807480749,0.01517615963286764,57.48033068867897,0.19813278008298754,19.81313413773899,0.6149614961496149,0.008118215154485714,30.74807480748075,0.27385892116182575,13.692946058091286,0.7024202420242024,0.003709104005948508,14.048384438371805,0.4387966804979253,8.775920864911322,0.7964796479647965,0.0021028936571905747,7.9647964796479656,0.6161825726141079,6.161825726141078,0.3570855766585174,0.9050401660907154,0.16820276497695852,16.7642089093702,0.4769585253456221,9.539988617590566,0.6175115207373272,6.175644805590028,3.1622776601683795
2020-09-07,250,6885750,1750,953,0.00025414805939803217,0.042987981545107905,0.9427407311363901,0.001278345944396999,0.2988571428571429,0.07595120534417658,298.8462926849508,0.0,0.0,0.40685714285714286,0.051699099622422306,203.4211858429111,0.0,0.0,0.5102857142857142,0.02593743646344651,102.05640178752961,0.10073452256033578,20.146758218938455,0.5577142857142857,0.014174097417874466,55.77102359721663,0.18782791185729275,18.7826547978645,0.596,0.007573612170061359,29.8,0.25813221406086045,12.906610703043022,0.6954285714285714,0.0035348313040245377,13.908551229535407,0.440713536201469,8.814257923306261,0.8034285714285714,0.002041898122935047,8.034285714285714,0.6390346274921301,6.390346274921301,0.37524345794439107,0.908540925266904,0.1828978622327791,18.228820269200316,0.48931116389548696,9.787062576647124,0.6175771971496437,6.1763016260394465,4.0
2020-09-08,251,6885750,1682,878,0.0002442725919471372,0.0470029539719313,0.946180057679951,0.001586756604167537,0.31391200951248516,0.07667731629392971,313.9006127651168,0.0,0.0,0.42508917954815695,0.051916932907348244,212.53687322638118,0.0,0.0,0.5529131985731273,0.0270121118824247,110.58183673864797,0.14350797266514806,28.70138612155576,0.6129607609988109,0.014972842661709606,61.29563100943336,0.25854214123006836,25.854026387274434,0.6706302021403091,0.008190828885742294,33.53151010701546,0.3690205011389522,18.45102505694761,0.7330558858501783,0.0035813040245375963,14.661096425065251,0.4886104783599089,9.772195375286804,0.7984542211652794,0.0019504048215517554,7.984542211652794,0.6138952164009112,6.138952164009112,0.3699823196533735,0.9032111058000016,0.17727272727272728,17.668181818181818,0.47045454545454546,9.409897863714331,0.6090909090909091,6.091431467331982,3.1622776601683795
2020-09-09,252,6885750,1603,885,0.00023279962240859746,0.037945946204828905,0.93911941520184,0.0012830390139044016,0.29382407985028075,0.06839965146674412,293.81341240619673,0.0,0.0,0.39613225202744856,0.04610804530932326,198.05893511458058,0.0,0.0,0.5084217092950717,0.02367190449911412,101.6836034964286,0.1096045197740113,21.92074478009522,0.5620711166562695,0.013084899358099276,56.20670352778047,0.20677966101694914,20.677815952357857,0.6182158452900811,0.007196020767527139,30.910792264504053,0.30847457627118646,15.42372881355932,0.6961946350592639,0.003241472255785854,13.923872479898593,0.4497175141242938,8.99433722023816,0.7835308796007486,0.0018240569291653051,7.835308796007486,0.607909604519774,6.07909604519774,0.3184462330056158,0.8931630473478106,0.15294117647058825,15.243137254901962,0.4376470588235294,8.753691857532036,0.6070588235294118,6.071108868933508,4.0
2020-09-10,253,6885750,1646,1005,0.0002390444032966634,0.03613774197549873,0.9354401365675514,0.0013885969830888046,0.26974483596597815,0.06447865233807726,269.73504273202644,0.0,0.0,0.3614823815309842,0.043203601510310774,180.7346288576078,0.0,0.0,0.4507897934386391,0.02155159894275175,90.15730402190331,0.10049751243781095,20.099356538634776,0.5072904009720535,0.01212640506549711,50.72867173739169,0.19303482587064677,19.303342418292804,0.5607533414337789,0.006702247394982391,28.037667071688944,0.28059701492537314,14.029850746268657,0.6707168894289186,0.0032066177154010597,13.414318307304281,0.4606965174129353,9.213916967120896,0.7709599027946537,0.001842936499292016,7.7095990279465365,0.6248756218905472,6.248756218905472,0.336556222811996,0.8920902351684712,0.17176470588235293,17.11921568627451,0.43529411764705883,8.706628998082937,0.6023529411764705,6.024046009484412,6.324555320336759
2020-09-11,254,6885750,1836,1187,0.00026663762117416404,0.032164786995666404,0.9346784601398143,0.0017189571747914564,0.2445533769063181,0.06520476328783038,244.54449826207954,0.0,0.0,0.3284313725490196,0.043784490270113274,164.20972433411356,0.0,0.0,0.41013071895424835,0.021871097040285805,82.02554817273855,0.08761583824768324,17.523040408201947,0.47549019607843135,0.012678265415783206,47.548674339177126,0.18871103622577928,18.87096659344825,0.5490196078431373,0.007319464110663326,27.45098039215686,0.3024431339511373,15.122156697556866,0.6628540305010894,0.0035348313040245377,13.257061357127974,0.4785172704296546,9.570331509843486,0.7908496732026143,0.0021087027556911013,7.908496732026144,0.6764953664700927,6.764953664700926,0.3383964721912316,0.8952626816264342,0.1662870159453303,16.57327258921792,0.44646924829157175,8.93015077929334,0.6173120728929385,6.1736501560931005,7.280109889280518
2020-09-12,255,6885750,1966,1241,0.000285517191300875,0.040858492202820736,0.9326534587321494,0.002095704748801749,0.2599186164801628,0.0742085390647691,259.9091799924892,0.0,0.0,0.34282807731434384,0.048939878013360444,171.40781537665143,0.0,0.0,0.44252288911495424,0.025269394986784398,88.50393516289455,0.1168412570507655,23.368081725792457,0.5188199389623601,0.014813093612942578,51.88161716445542,0.23771152296535053,23.770979686581985,0.5991861648016277,0.008553897542025197,29.959308240081384,0.36502820306204675,18.251410153102338,0.6881993896236012,0.003929849428385538,13.763967803410845,0.5060435132957293,10.12085556765286,0.7487283825025433,0.0021377482481937334,7.4872838250254325,0.6019339242546333,6.019339242546335,0.33447378754681606,0.8869433101896563,0.14940239043824702,14.890438247011952,0.4203187250996016,8.392699748949408,0.545816733067729,5.4586354410830085,6.041381265149109
2020-09-13,256,6885750,2072,1349,0.0003009113023272701,0.04022565872114782,0.9266880662962826,0.0021012603281879735,0.24903474903474904,0.07493465001452222,249.0257076918419,0.0,0.0,0.32094594594594594,0.04828637815858263,160.4671469138322,0.0,0.0,0.41312741312741313,0.024862761044468325,82.62488265538019,0.09859154929577464,19.718166678189327,0.49034749034749037,0.014755003049754568,49.03439297772563,0.21719792438843588,21.7196347244717,0.5670849420849421,0.008532113422648223,28.354247104247104,0.335063009636768,16.7531504818384,0.6665057915057915,0.004011176689283391,13.330096471154974,0.4877687175685693,9.755360183909332,0.7466216216216216,0.002246668845078604,7.466216216216215,0.6108228317272053,6.1082283172720535,0.3573052358675973,0.8872710674949282,0.13114754098360656,13.07103825136612,0.42987249544626593,8.59818725454358,0.5664845173041895,5.6653310088200275,7.0
2020-09-14,257,6885750,1803,1147,0.0002618451149112297,0.03910971197591395,0.9323073096870845,0.0014453859278099625,0.26566833056017747,0.06956142898634911,265.65868532598637,0.0,0.0,0.3355518580144204,0.0439297124600639,167.76983781025237,0.0,0.0,0.41486411536328344,0.02172587063231578,82.97222058040398,0.08020924149956409,16.041731814912527,0.4597892401552967,0.012039269220715096,45.97859014783082,0.15082824760244115,15.082715239021017,0.533555185801442,0.006985440946883055,26.677759290072103,0.2667829119442023,13.339145597210115,0.6622296173044925,0.0034680267682870155,13.2445731113324,0.46904969485614645,9.380980273363319,0.7631724902939545,0.0019983298841810986,7.6317249029395455,0.6277244986922407,6.2772449869224065,0.3667359766340591,0.9001324295337575,0.13872832369942195,13.826589595375722,0.44701348747591524,8.941036496495107,0.6107899807321773,6.1084236409244586,8.246211251235321
2020-09-15,258,6885750,1370,819,0.0001989616236430309,0.0345188572174548,0.937911988342666,0.0009284319916522166,0.3007299270072993,0.059831542259657276,300.71900884265335,0.0,0.0,0.37445255474452555,0.037249491722335173,187.2194800197587,0.0,0.0,0.43795620437956206,0.017427168956403033,87.59060484784831,0.05982905982905983,11.965725078217455,0.4832116788321168,0.009613988207615673,48.32081700772965,0.13553113553113552,13.553015139613645,0.5437956204379562,0.005409722978615256,27.189781021897808,0.23687423687423687,11.843711843711842,0.6605839416058394,0.0026286132540198903,13.21165964515873,0.43223443223443225,8.644676090244916,0.775912408759124,0.001543767926514904,7.759124087591241,0.6251526251526252,6.2515262515262515,0.30454514061719934,0.911833613521114,0.12072892938496584,12.032649962034927,0.4874715261958998,9.750266667187628,0.6332574031890661,6.333117134294767,7.035533905932738
2020-09-16,259,6885750,850,497,0.00012344334313618704,0.026849696019722463,0.9360821846273903,0.0006287452683895357,0.31529411764705884,0.038919546906767355,315.28267072149805,0.0,0.0,0.3835294117647059,0.023671216961951787,191.7577437597171,0.0,0.0,0.4411764705882353,0.010891980597751896,88.23465341290603,0.04426559356136821,8.853054426942146,0.4988235294117647,0.006157599697929071,49.88199072942953,0.14285714285714285,14.285610552565736,0.5976470588235294,0.0036887775478342956,29.882352941176475,0.3118712273641851,15.593561368209254,0.6752941176470588,0.0016672088484059858,13.505862738719433,0.44466800804828976,8.893347245383259,0.7847058823529411,0.0009686671749627855,7.847058823529412,0.6317907444668008,6.317907444668008,0.2844695964609341,0.914157285159362,0.17133956386292834,17.076843198338526,0.5482866043613707,10.966672544524775,0.7071651090342679,7.07225757842933,5.830951894845301
2020-09-17,260,6885750,663,409,9.62858076462259e-05,0.017331032359327005,0.9287255476321757,0.0004544224764289136,0.2971342383107089,0.02860877142027302,297.1234506895097,0.0,0.0,0.35294117647058826,0.01699099622422306,176.46418137397276,0.0,0.0,0.40874811463046756,0.00787127131197537,81.74902931588899,0.04156479217603912,8.312898072153168,0.4645550527903469,0.004472973365476778,46.45516795072658,0.13202933985330073,13.202838114596206,0.5535444947209653,0.0026649239371165086,27.677224736048263,0.2762836185819071,13.814180929095356,0.6334841628959276,0.0012199089134677945,12.66966485808577,0.4058679706601467,8.117347624584955,0.7496229260935143,0.0007217804886904114,7.496229260935143,0.5941320293398533,5.941320293398534,0.2717490302942152,0.9134600203760804,0.19615384615384615,19.55,0.5576923076923077,11.154802744425385,0.6961538461538461,6.962135506003431,7.0
2020-09-18,261,6885750,872,691,0.0001266383473114766,0.007580618980779618,0.8840091573941198,0.0006120958659085428,0.15711009174311927,0.01989544002323555,157.10438777522268,0.0,0.0,0.19724770642201836,0.012489108335753703,98.62027261802301,0.0,0.0,0.25,0.006331871387493102,49.99963693398008,0.053545586107091175,10.709039459086904,0.3084862385321101,0.00390659037439368,30.848399851469356,0.12735166425470332,12.735073951346587,0.38646788990825687,0.0024470827433467667,19.323394495412842,0.22575976845151954,11.287988422575976,0.49311926605504586,0.0012489543637884562,9.862370998229773,0.36034732272069464,7.206935987963631,0.5860091743119266,0.0007421123334422539,5.860091743119265,0.47756874095513746,4.775687409551375,0.18234961978883976,0.8747951358642098,0.15481171548117154,15.429567642956764,0.4476987447698745,8.954742817772738,0.5899581589958159,5.900087557504468,17.204650534085253
2020-09-19,262,6885750,1178,951,0.00017107795084050394,0.01234052686141335,0.8672493016143085,0.0010077272998909664,0.16723259762308998,0.02860877142027302,167.2265261520755,0.0,0.0,0.200339558573854,0.017136218414173687,100.16614256824828,0.00946372239747634,4.731689405926715,0.2640067911714771,0.009033082575735572,52.8009748267158,0.08832807570977919,17.665486866264253,0.3302207130730051,0.005649307270033983,33.02183152346053,0.17034700315457413,17.03457662104053,0.40492359932088284,0.0034636749809388956,20.246179966044142,0.2628811777076761,13.144058885383807,0.5093378607809848,0.0017427270192397063,10.186742421672163,0.3922187171398528,7.844362950627793,0.5780984719864176,0.000988999019714628,5.780984719864177,0.4773922187171398,4.773922187171398,0.1992342010337392,0.8639562052532838,0.13804713804713806,13.758698092031423,0.42424242424242425,8.485576173397785,0.5656565656565656,5.657050782265191,18.439088914585774
2020-09-20,263,6885750,1421,950,0.00020636822423120211,0.04941958740151678,0.9350342138089057,0.00291208521899662,0.3019000703729768,0.06230031948881789,301.8891097256353,0.0,0.0,0.37579169598874035,0.03877432471681673,187.88902633273807,0.06631578947368422,33.15669092132014,0.4968332160450387,0.020505968805367567,99.36592167597448,0.24736842105263157,49.47332496625397,0.5700211118930331,0.011763339045572047,57.00169727871057,0.3568421052631579,35.68395141182999,0.6291344123856439,0.006491667574338307,31.456720619282198,0.44526315789473686,22.263157894736842,0.6995073891625616,0.00288711776187378,13.990127465744111,0.5505263157894736,11.010510325504718,0.7684729064039408,0.0015858838906437206,7.684729064039408,0.6536842105263158,6.536842105263157,0.27610606632121243,0.8800979156450235,0.16045845272206305,15.99235912129895,0.4584527220630373,9.169840809566171,0.5873925501432665,5.874429268628329,6.082762530298219
2020-09-21,264,6885750,1356,897,0.00019692843916784664,0.04270276636156429,0.9203985701290872,0.0015292277361679775,0.3134218289085546,0.061719430729015395,313.4104499574615,0.0,0.0,0.37610619469026546,0.037031658437409236,188.04626997447687,0.056856187290969896,28.427061547981122,0.443952802359882,0.017485259519591043,88.78991573526845,0.15942028985507245,31.883826450653967,0.4918879056047198,0.009686601411600685,49.1884333849037,0.2318840579710145,23.18823741865743,0.532448377581121,0.00524271139672512,26.622418879056045,0.2931995540691193,14.659977703455967,0.6202064896755162,0.002442722371967655,12.40411177933354,0.4258639910813824,8.517267452216252,0.7234513274336283,0.0014246814072541119,7.234513274336283,0.5819397993311036,5.819397993311037,0.2666756908674145,0.8832944242493703,0.16338028169014085,16.28356807511737,0.4225352112676056,8.451428985577271,0.5746478873239437,5.7420471414605885,10.198039027185569
2020-09-22,265,6885750,1420,949,0.00020622299676868896,0.032090694418861594,0.9271058185763886,0.00156948898297009,0.2795774647887324,0.05765320941039791,279.56731457580804,0.0,0.0,0.35,0.03608771420273018,174.99364652918968,0.0273972602739726,13.698132800719348,0.4373239436619718,0.01803711986987714,87.4641536225398,0.15806111696522657,31.611993846562747,0.4887323943661972,0.010078712713119754,48.87288455236926,0.23498419388830347,23.498248759278308,0.5218309859154929,0.005380677486112624,26.091549295774648,0.2845100105374078,14.225500526870391,0.6274647887323944,0.002587949623570964,12.549277549650538,0.44257112750263433,8.85140969537499,0.7316901408450704,0.0015089133355117453,7.316901408450705,0.5985247629083246,5.985247629083245,0.2758657545877223,0.887876970033652,0.15877437325905291,15.82451253481894,0.4401114206128134,8.802983320353373,0.5877437325905293,5.877941394286587,9.433981132056603
2020-09-23,266,6885750,1516,946,0.00022016483316995245,0.0373063030206744,0.9397332790020626,0.0018507009057988288,0.2836411609498681,0.062445541678768514,283.6308632022297,0.0,0.0,0.3759894459102902,0.04138832413592797,187.9878977038034,0.022198731501057084,11.098962781978202,0.4736147757255937,0.02085451218449563,94.72226733139233,0.15644820295983086,31.28941338786068,0.5428759894459103,0.01195213337593308,54.28720474494143,0.26744186046511625,26.743991848407944,0.5949868073878628,0.006549758559343572,29.74934036939314,0.35095137420718814,17.547568710359407,0.6926121372031663,0.003049772283669486,13.852222626831901,0.507399577167019,10.147976805691169,0.7724274406332454,0.0017006135860291182,7.724274406332453,0.635306553911205,6.35306553911205,0.31673852193547336,0.9049401618524426,0.184,18.338666666666665,0.49333333333333335,9.867512864493994,0.6346666666666667,6.347210977701543,5.830951894845301
2020-09-24,267,6885750,1707,1001,0.00024790327850996623,0.045041892942338874,0.9490604512585554,0.002425090288737346,0.29173989455184535,0.07232065059541098,291.72930277524966,0.0,0.0,0.4077328646748682,0.05053732210281731,203.85903085499373,0.026973026973026972,13.486023851257661,0.5272407732864675,0.02614075343460455,105.4473889644571,0.1938061938061938,38.76095730346508,0.5905096660808435,0.014638821923378547,59.050537820095975,0.3016983016983017,30.16961109702694,0.6473345049794962,0.008023817303852158,32.36672524897481,0.3986013986013986,19.93006993006993,0.7369654364381957,0.003653917650339251,14.739287323270942,0.5514485514485514,11.028955011899525,0.8172231985940246,0.002025923102058599,8.172231985940245,0.6883116883116883,6.883116883116883,0.3345094867607831,0.9039228310096794,0.1725,17.192500000000003,0.4925,9.850844768439108,0.635,6.33967037671233,4.123105625617661
2020-09-25,268,6885750,1831,1136,0.0002659114838615982,0.039724702402339815,0.9354703600005574,0.0016418788464546076,0.2752594210813763,0.07319198373511472,275.2494276373928,0.0,0.0,0.375204806116876,0.0498838222480395,187.59559205048498,0.018485915492957746,9.242622175837482,0.4500273074822501,0.023933312033460163,90.00480793795649,0.11355633802816902,22.711102691843063,0.5057345712725286,0.01344796537802434,50.573089897177006,0.20334507042253522,20.334359386882742,0.557618787547788,0.007413861961296881,27.880939377389407,0.2869718309859155,14.348591549295774,0.6455488803932278,0.0034331722279022214,12.91095885760662,0.42869718309859156,8.573931210269096,0.7509557618787548,0.001996877609555967,7.509557618787548,0.5985915492957746,5.985915492957746,0.3283405711517319,0.8971187517431591,0.14874141876430205,14.824561403508774,0.4622425629290618,9.245644127471337,0.6109839816933639,6.110363816917938,7.0710678118654755
2020-09-26,269,6885750,2014,1173,0.00029248810950150675,0.05448189933833239,0.9520275755831948,0.0025858672440126594,0.2999006951340616,0.08771420273017717,299.8898070751328,0.0,0.0,0.39672293942403175,0.05801626488527447,198.35426809025753,0.0068201193520886615,3.409935871960826,0.49602780536246277,0.02901623631241105,99.20484070912829,0.13469735720375106,26.939275824616715,0.5779543197616683,0.01690435388771094,57.79501230501768,0.2753623188405797,27.536031934655693,0.6499503475670307,0.009505137421486403,32.49751737835154,0.3989769820971867,19.948849104859335,0.766137040714995,0.0044817129844781116,15.322718561504546,0.59846547314578,11.969292080216432,0.8470705064548163,0.0024775805104745308,8.470705064548163,0.7374254049445865,7.374254049445865,0.39613516447927055,0.9021714920885647,0.17370892018779344,17.31298904538341,0.5117370892018779,10.235619549199141,0.6643192488262911,6.6437622303288,5.0
2020-09-27,270,6885750,1944,1059,0.0002823221871255854,0.05569592923710579,0.9601440740871835,0.003214685927936326,0.30709876543209874,0.0866976474005228,307.08761604328697,0.0,0.0,0.41718106995884774,0.05888759802497821,208.58296198585072,0.0,0.0,0.558641975308642,0.03154317581108949,111.72758376605425,0.18980169971671387,37.960064301152016,0.654320987654321,0.018472799093787216,65.43162364199863,0.3654390934844193,36.543643991407535,0.720679012345679,0.010173183749046945,36.033950617283956,0.48725212464589235,24.362606232294617,0.8209876543209876,0.004635653871177619,16.419729240463628,0.6713881019830028,13.427742538890294,0.8904320987654321,0.002513887376102821,8.904320987654321,0.7988668555240793,7.988668555240794,0.3959234688630536,0.9089013998996229,0.19788918205804748,19.722955145118735,0.554089709762533,11.082744606416632,0.6939313984168866,6.939909122589463,3.605551275463989
2020-09-28,271,6885750,1897,1096,0.00027549649638746685,0.04175356270926328,0.9544527741243837,0.0028838543302569294,0.268318397469689,0.07391809468486785,268.30865602336786,0.0,0.0,0.3790195044807591,0.052207377287249494,189.50287198507024,0.0,0.0,0.5144965735371639,0.028348194835748932,102.89856752253992,0.15967153284671534,31.93407468411136,0.5940959409594095,0.01636701617822185,59.40916270384349,0.29744525547445255,29.744309562915152,0.6889826041117554,0.009490614675235086,34.44913020558777,0.46167883211678834,23.083941605839414,0.8154981549815498,0.004493331164606376,16.30993941311985,0.6806569343065694,13.613118916144217,0.871375856615709,0.0024006099553425552,8.713758566157091,0.7773722627737226,7.773722627737226,0.355904541215063,0.9040107070170782,0.18888888888888888,18.825925925925926,0.5361111111111111,10.723141795311607,0.6805555555555556,6.806139222412807,4.0
2020-09-29,272,6885750,2101,1188,0.00030512289874015176,0.0539750243451196,0.9451807518604138,0.0028176647058941245,0.28891004283674443,0.08814986930002905,288.89955379946457,0.0,0.0,0.38838648262732034,0.059250653499854776,194.18619102171587,0.0,0.0,0.5221323179438363,0.031862673908623546,104.42570531475707,0.15488215488215487,30.97620604664085,0.6111375535459305,0.018647070783351243,61.11331158803466,0.3122895622895623,31.228729465499338,0.6830080913850547,0.010420070435319319,34.150404569252736,0.4393939393939394,21.96969696969697,0.7796287482151356,0.004757644762524398,15.592552319634638,0.6102693602693603,12.205369479838819,0.8324607329842932,0.00254002831935519,8.324607329842932,0.7037037037037037,7.037037037037036,0.34294942624426183,0.8882519720620881,0.17530864197530865,17.47242798353909,0.48641975308641977,9.729229400927514,0.6024691358024692,6.025208055396734,4.0
2020-09-30,273,6885750,2212,1239,0.00032124314707911264,0.06237666629289032,0.9447519014094284,0.002754662953453176,0.32007233273056057,0.10281731048504211,320.06071232928514,0.0,0.0,0.4168173598553345,0.06694742956723787,208.40111353644133,0.0,0.0,0.530741410488246,0.034099160591361935,106.14751132096313,0.162227602905569,32.445284983793364,0.6026220614828209,0.01935868018240437,60.26176856509534,0.29055690072639223,29.05547908996421,0.6659132007233273,0.010696002614094325,33.29566003616637,0.4035512510088781,20.177562550443906,0.7694394213381555,0.004943535644576633,15.388766078048622,0.5883777239709443,11.767537389722936,0.833634719710669,0.0026779944087426933,8.336347197106692,0.7029862792574657,7.029862792574657,0.37315648143295005,0.88883184150726,0.16631130063965885,16.575692963752665,0.4520255863539446,9.041287071137818,0.5991471215351812,5.991985063655016,4.0
2020-10-01,274,6885750,2076,1130,0.00030149221217732274,0.06254301709403055,0.9455891887662309,0.0024606395483983143,0.34296724470134876,0.10339819924484461,342.9547930877595,0.0,0.0,0.43304431599229287,0.06527737438280569,216.51429704065717,0.0035398230088495575,1.769847246818606,0.5486512524084779,0.03308257573557176,109.72945369518942,0.17079646017699116,34.159043993834175,0.609344894026975,0.018371140608208197,60.934046937846624,0.28230088495575223,28.229883507857778,0.6763005780346821,0.010194967868423919,33.8150289017341,0.40530973451327434,20.265486725663717,0.7543352601156069,0.004548517520215634,15.086683292304816,0.5486725663716814,10.97343539099186,0.8227360308285164,0.002480485059724794,8.227360308285164,0.6743362831858407,6.743362831858407,0.34390728600875503,0.9015529547556315,0.15898617511520738,15.845622119815669,0.45852534562211983,9.171293405316534,0.6013824884792627,6.014340650220139,3.605551275463989
2020-10-02,275,6885750,1771,872,0.00025719783611080854,0.06088543158000572,0.95669803985419,0.0020222302191046228,0.35177865612648224,0.09047342433923904,351.76588460977706,0.0,0.0,0.4647092038396386,0.059758931164681964,232.34616615878534,0.0,0.0,0.590626764539808,0.030381364547329287,118.12449516192696,0.16857798165137614,33.715351510527846,0.6516092603049125,0.016759127479740916,65.16045287612988,0.29243119266055045,29.242906922396603,0.7165443252399775,0.009214682496460081,35.82721626199888,0.4243119266055046,21.21559633027523,0.7871259175607002,0.004048935774700251,15.74249548878727,0.5676605504587156,11.353194521217995,0.859966120835686,0.0022118142540754455,8.59966120835686,0.7155963302752294,7.155963302752293,0.3565435433103104,0.9094584184353076,0.1775,17.690833333333334,0.5,10.000857632933105,0.675,6.750578902229846,3.0
2020-10-03,276,6885750,1686,838,0.00024485350179718985,0.047357161647528866,0.9514601836569352,0.001896187635395651,0.31494661921708184,0.07711298286378158,314.93518490764177,0.0,0.0,0.43297746144721233,0.053006099331977925,216.48087098171234,0.0,0.0,0.5818505338078291,0.028493421243718956,116.36926176093583,0.15871121718377088,31.742012946154414,0.6542111506524317,0.016018472799093787,65.42064002156586,0.3042959427207637,30.429373313042767,0.7153024911032029,0.008757215989543623,35.76512455516014,0.42720763723150357,21.36038186157518,0.7775800711743772,0.0038078585370387584,15.551578838324216,0.5525059665871122,11.050103283957638,0.8487544483985765,0.0020782049885633373,8.487544483985765,0.6957040572792362,6.957040572792363,0.36822394063601493,0.909975238769013,0.1954674220963173,19.48158640226629,0.5637393767705382,11.275754498321177,0.7082152974504249,7.082760363267071,3.0
2020-10-04,277,6885750,1780,980,0.000258504883273427,0.043672675044121964,0.9500083424555136,0.002407088477886874,0.28314606741573034,0.07319198373511472,283.1357876427338,0.0,0.0,0.40168539325842695,0.051916932907348244,200.83540492515345,0.0,0.0,0.5348314606741573,0.02765110807749281,106.96551541831244,0.15510204081632653,31.020182914142744,0.6117977528089887,0.015815155827935752,61.17933103494865,0.29489795918367345,29.4895817835107,0.6926966292134832,0.00895327306393639,34.63483146067416,0.4418367346938776,22.091836734693878,0.7983146067415731,0.004127358490566038,15.96626894742421,0.6336734693877552,12.673450982423828,0.8606741573033708,0.00222488472570163,8.606741573033707,0.746938775510204,7.469387755102042,0.3852078579823994,0.9171882226032037,0.21100917431192662,21.030581039755354,0.5718654434250765,11.4382897697767,0.7247706422018348,7.248328009190049,3.605551275463989
2020-10-05,278,6885750,1969,1114,0.0002859528736884145,0.05475234713187399,0.945740142277382,0.0026860428479841274,0.30827831386490606,0.08814986930002905,308.2671216519426,0.0,0.0,0.40731335703402743,0.05823409817020041,203.64928464980062,0.0,0.0,0.521076688674454,0.029800458915449184,104.21458099393307,0.15350089766606823,30.69995660937376,0.585068562722194,0.016730082198146912,58.5064314351905,0.2666068222621185,26.66048863445616,0.6800406297613002,0.009722978615256145,34.00203148806501,0.43447037701974867,21.723518850987432,0.8186896901980701,0.004682126591690677,16.373770024750677,0.6795332136445242,13.590644535542285,0.8603351955307262,0.0024601532149729514,8.603351955307263,0.7531418312387792,7.531418312387792,0.36603652692495037,0.9175449215569188,0.20307692307692307,20.24,0.5723076923076923,11.44713550600343,0.7323076923076923,7.3237049742710125,4.0
2020-10-06,279,6885750,2369,1320,0.000344043858693679,0.06976251872917974,0.9608210852143495,0.004648539091243837,0.31701139721401433,0.10906186465291896,316.99988794167865,0.0,0.0,0.4178978471929084,0.07188498402555911,208.9413375913861,0.004545454545454545,2.272644760119346,0.563951034191642,0.038804496209590755,112.78938783249875,0.21742424242424244,43.48453272743116,0.6568172224567328,0.022597229080135933,65.68124530964373,0.3840909090909091,38.4088120083756,0.7492612916842549,0.01288893729804306,37.46306458421275,0.55,27.499999999999996,0.8421274799493457,0.005794567338972024,16.84252513901503,0.7166666666666667,14.33331251742727,0.89489235964542,0.0030788222052790183,8.9489235964542,0.8113636363636364,8.113636363636363,0.3893586229868243,0.9296569740492593,0.19822485207100593,19.756410256410255,0.5976331360946746,11.95368782161235,0.7366863905325444,7.367495711835335,3.605551275463989
2020-10-07,280,6885750,2778,1463,0.0004034418908615619,0.08745929723132634,0.9586479383043551,0.004232582835239717,0.34017278617710583,0.1372349695033401,340.1604360178633,0.0,0.0,0.45932325413966885,0.0926517571884984,229.65328907872674,0.016404647983595352,8.202026201934482,0.5849532037437005,0.04719858259025821,116.989791242214,0.21189336978810663,42.37836623249166,0.6519078473722102,0.026300502483371575,65.19031136604602,0.3390293916609706,33.902692985993326,0.7084233261339092,0.014290382311295065,35.42116630669546,0.4463431305536569,22.317156527682844,0.8113750899928006,0.006546844502277163,16.22747823310114,0.6418318523581682,12.83661840486818,0.8930885529157667,0.0036030933449515304,8.930885529157667,0.7969924812030075,7.969924812030075,0.43640581074318563,0.9243620253821274,0.19899244332493704,19.83291351805206,0.5994962216624685,11.99095272865531,0.743073047858942,7.431367762506968,3.1622776601683795
2020-10-08,281,6885750,2848,1472,0.0004136078132374832,0.08912224891262152,0.9644003281365141,0.004691793582154683,0.3395365168539326,0.14042985768225386,339.5241897947962,0.0,0.0,0.46032303370786515,0.09519314551263433,230.15316071405263,0.006114130434782609,3.0569542289648814,0.5926966292134831,0.049028435330680534,118.53846509067188,0.21195652173913043,42.3909965309831,0.6678370786516854,0.027622062795898805,66.78322292726833,0.35733695652173914,35.73343617836076,0.7289325842696629,0.015074610608866137,36.44662921348315,0.47554347826086957,23.777173913043477,0.8448033707865169,0.006988335347151222,16.896042878036,0.6997282608695652,13.994544893468865,0.9160814606741573,0.0037889844969683766,9.160814606741573,0.8376358695652174,8.376358695652174,0.49307610960232345,0.9142903940212894,0.22058823529411764,21.98529411764706,0.5955882352941176,11.91278629805267,0.7549019607843137,7.549667036625971,3.1622776601683795
2020-10-09,282,6885750,2652,1359,0.0003851432305849036,0.07797038986005395,0.9493646583480765,0.003011101975555646,0.33182503770739064,0.12779552715654952,331.81299061772654,0.0,0.0,0.45588235294117646,0.08778681382515248,227.9329009413815,0.0,0.0,0.5708898944193062,0.04397455633332365,114.1771498009741,0.1626195732155997,32.523678476555105,0.6334841628959276,0.024398036538964246,63.347956296445346,0.2847682119205298,28.476614412730374,0.6832579185520362,0.013157608103692408,34.16289592760181,0.3818984547461369,19.094922737306845,0.7854449472096531,0.006050167301793847,15.708876130590868,0.5813097866077999,11.62617884775147,0.8710407239819005,0.0033547543840540244,8.710407239819004,0.7483443708609272,7.483443708609272,0.43974427736792043,0.8783744974798149,0.21012658227848102,20.942616033755275,0.549367088607595,10.988284082767006,0.6810126582278481,6.8107106411620375,3.0
2020-10-10,283,6885750,2288,1181,0.0003322804342301129,0.05304675438645514,0.9359512222487402,0.0021435547237053532,0.2897727272727273,0.09628231193726401,289.7622069152166,0.0,0.0,0.4291958041958042,0.07130409526575661,214.59011100357674,0.0,0.0,0.5384615384615384,0.035783786923814224,107.69152570395707,0.10584250635055038,21.168347558839997,0.5987762237762237,0.01989601789189346,59.87718758702159,0.222692633361558,22.26910163189968,0.6748251748251748,0.011211560106016047,33.74125874125874,0.37002540220152413,18.50127011007621,0.7766608391608392,0.0051613765219815965,15.533194224752963,0.56731583403895,11.346300202835128,0.8286713286713286,0.0027535126892495373,8.286713286713287,0.668077900084674,6.680779000846741,0.35919943004810834,0.8653371420931626,0.18867924528301888,18.80503144654088,0.5390835579514824,10.782595830655637,0.6388140161725068,6.388688029663466,3.1622776601683795
2020-10-11,284,6885750,2126,1039,0.00030875358530298077,0.055047429677956505,0.9388161738781756,0.002365759234177289,0.31749764816556914,0.09802497821667151,317.48612123962647,0.0,0.0,0.4473189087488241,0.06905315132152193,223.6513342954702,0.0,0.0,0.5870178739416745,0.03624851142931831,117.40272228336244,0.15495668912415783,30.99111278679804,0.660865475070555,0.02040431031978855,66.08606763146004,0.3060635226179018,30.60613001926018,0.7271872060206962,0.011226082852267364,36.35936030103481,0.44177093358999037,22.08854667949952,0.7925682031984949,0.0048941583790315085,15.851341043469526,0.575553416746872,11.511051617729267,0.8306679209783632,0.0025647169879824275,8.306679209783631,0.6535129932627527,6.535129932627527,0.356390798673025,0.8844803092297715,0.18947368421052632,18.88421052631579,0.5526315789473685,11.053579489031327,0.6552631578947369,6.553193554211429,2.8284271247461903
2020-10-12,285,6885750,1899,849,0.00027578695131249317,0.06416267692640627,0.9398552831708646,0.0016473950082753447,0.36598209583991576,0.100929422015684,365.96880865955563,0.0,0.0,0.5023696682464455,0.06927098460644787,251.17571472029937,0.0,0.0,0.6245392311743022,0.03444770397049,124.90693923896868,0.160188457008245,32.03745876570691,0.6766719325961033,0.01866159342414825,67.66670190643961,0.2767962308598351,27.679422095371773,0.7245918904686677,0.009991649420905493,36.229594523433384,0.3839811542991755,19.199057714958776,0.7793575566087414,0.004298726647457942,15.587128495383638,0.5064782096584217,10.129549482280757,0.8309636650868878,0.0022916893584576845,8.30963665086888,0.6219081272084805,6.219081272084806,0.38600804857014137,0.8990086457746955,0.1935483870967742,19.290322580645164,0.5833333333333334,11.647688356164384,0.6881720430107527,6.882310629115255,2.23606797749979
2020-10-13,286,6885750,1648,808,0.00023933485822168971,0.04747239191101287,0.9449403419379272,0.0016734245006120709,0.3307038834951456,0.07914609352309032,330.69187710959903,0.0,0.0,0.46116504854368934,0.055184432181237295,230.5741528470599,0.0,0.0,0.5819174757281553,0.027854425048650846,116.38265004778371,0.14727722772277227,29.455231659126877,0.6468446601941747,0.015481135089604693,64.6839963247849,0.27970297029702973,27.9700939284146,0.7038834951456311,0.008423192825763351,35.19417475728155,0.39603960396039606,19.801980198019802,0.783373786407767,0.0037497676363974345,15.667452974710944,0.5581683168316832,11.163350124383546,0.837378640776699,0.0020041389826816252,8.37378640776699,0.6683168316831684,6.683168316831683,0.3822621645201374,0.9146821209548956,0.22123893805309736,22.05014749262537,0.6017699115044248,12.036430425477011,0.6932153392330384,6.9327479166350425,2.8284271247461903
2020-10-14,287,6885750,1702,854,0.0002471771411974004,0.04978789227426924,0.9540457705939737,0.001958837153406804,0.3202115158636898,0.07914609352309032,320.1998904092945,0.0,0.0,0.4488836662749706,0.055474876561138545,224.43368465385416,0.0,0.0,0.5793184488836662,0.028638647651688984,115.86284845335925,0.16159250585480095,32.31826649596838,0.6492361927144535,0.016047518080687793,64.92314784024441,0.3009367681498829,30.093458295158964,0.7068155111633373,0.008735431870166649,35.34077555816687,0.41569086651053866,20.78454332552693,0.7796709753231492,0.003854331257551817,15.593396860568406,0.5608899297423887,11.217782303547184,0.854289071680376,0.0021116073049413644,8.542890716803761,0.7096018735362998,7.096018735362997,0.40671154830876155,0.9283252041550827,0.2222222222222222,22.14814814814815,0.6327160493827161,12.65540626389683,0.7561728395061729,7.562376913792008,3.0
2020-10-15,288,6885750,1862,1014,0.00027041353519950624,0.048705837489966236,0.9401950804713877,0.00208732923087062,0.3066595059076262,0.08292187046180656,306.6483724663719,0.0,0.0,0.42105263157894735,0.05692709846064479,210.5186725163184,0.0,0.0,0.5397422126745435,0.02919050800197508,107.94765868668094,0.15483234714003946,30.966244570551765,0.6203007518796992,0.016773650120537918,62.02962476771963,0.3027613412228797,30.275914277577677,0.673469387755102,0.00910576189957521,33.6734693877551,0.40039447731755423,20.01972386587771,0.7207303974221267,0.00389789943303281,14.414587014503581,0.48717948717948717,9.743575593242152,0.8071965628356605,0.0021827687615728134,8.071965628356605,0.645956607495069,6.459566074950691,0.3913004063658334,0.9094138688338458,0.22570532915360503,22.495297805642632,0.5924764890282131,11.850546035262424,0.7084639498432602,7.085247100447904,3.605551275463989
2020-10-16,289,6885750,2146,1231,0.000311658134553244,0.05972118686006484,0.9180383638553393,0.0017783502829866057,0.3233923578751165,0.10078419982573338,323.3806169385105,0.0,0.0,0.4109972041006524,0.06404298576822538,205.4911413110708,0.006498781478472786,3.2492727683266036,0.5037278657968313,0.03139794940311946,100.74484161348083,0.1348497156783103,26.969747298263826,0.5521901211556384,0.017209329344447993,55.218611152624774,0.21933387489845654,21.933228224491664,0.5964585274930102,0.009294557600842319,29.82292637465051,0.2965069049553209,14.825345247766043,0.6644920782851818,0.004141881215726368,13.289822265231985,0.4151096669374492,8.302181281701776,0.7632805219012115,0.0023788258359655813,7.632805219012116,0.587327376116978,5.873273761169781,0.37705613187885845,0.8931800372687384,0.21574344023323616,21.502429543245867,0.5510204081632653,11.021353309763013,0.6880466472303207,6.881056563767384,5.0
2020-10-17,290,6885750,2460,1500,0.00035725955778237667,0.06505456849160879,0.9304574149743388,0.0035058762630481425,0.30772357723577237,0.10993319779262271,307.7124051628259,0.0,0.0,0.38089430894308945,0.06803659599186755,190.44024018333414,0.014666666666666666,7.333067092651757,0.48252032520325205,0.034476749252084,96.50336429371438,0.15133333333333332,30.266446890702607,0.5752032520325203,0.020549536727758576,57.5199075297413,0.30333333333333334,30.333113073281247,0.6609756097560976,0.011806992702320008,33.048780487804876,0.444,22.2,0.7353658536585366,0.0052543219630077145,14.707295714138361,0.566,11.31998356027512,0.8105691056910569,0.002895835602512435,8.105691056910569,0.6893333333333334,6.8933333333333335,0.3976426157301763,0.8894485142197299,0.2033898305084746,20.27118644067797,0.5621468926553672,11.243902084484112,0.6949152542372882,6.949748524580633,5.385164807134504
2020-10-18,291,6885750,2561,1573,0.0003719275314962059,0.05862428726479504,0.9546602895018792,0.0049134787636478825,0.2745021475985943,0.10209119953528899,274.4921816478392,0.0,0.0,0.3693869582194455,0.06869009584664537,184.6867737118463,0.008900190718372537,4.449933796037881,0.49160484185864894,0.036568009526852366,98.32025443167657,0.1722822631913541,34.45620243892842,0.5946895743850058,0.022117981933834848,59.46852561534686,0.34011443102352196,34.011196134366614,0.7094884810620852,0.0131939149693207,35.47442405310426,0.5270184361093452,26.350921805467262,0.8313158922295978,0.006183776373268891,16.62629369864751,0.7253655435473617,14.507289802378377,0.8891058180398282,0.0033068293214246814,8.891058180398282,0.8194532739987286,8.194532739987286,0.3757142596150916,0.8876112458782663,0.1908831908831909,19.02469135802469,0.5754985754985755,11.510958643034114,0.6894586894586895,6.89517819706499,5.0
2020-10-19,292,6885750,2583,1424,0.0003751225356714955,0.06664205480614044,0.9543913729322556,0.004923861667976284,0.2845528455284553,0.10673830961370898,284.5425146816092,0.0,0.0,0.4045683313975997,0.07587859424920128,202.27682166141608,0.0,0.0,0.5574912891986062,0.04182520549536728,111.49744821514722,0.1973314606741573,39.46600555743933,0.6666666666666666,0.025007987452438353,66.6661825786401,0.39536516853932585,39.53622976661627,0.7576461478900504,0.014210507206912828,37.88230739450252,0.5603932584269663,28.019662921348317,0.8358497870692992,0.006270912724230877,16.71697146375252,0.702247191011236,14.04492342313882,0.8765001935733643,0.0032879497512979705,8.765001935733643,0.7759831460674157,7.759831460674158,0.34367688597951307,0.8748257473279578,0.19658119658119658,19.59259259259259,0.5270655270655271,10.542214598818372,0.6438746438746439,6.439298646845816,3.605551275463989
2020-10-20,293,6885750,2098,1033,0.0003046872163526123,0.0653235594050669,0.9415335770814295,0.003032180383890696,0.33555767397521447,0.10223642172523961,335.5454913701471,0.0,0.0,0.45948522402287895,0.06999709555620098,229.7342710801291,0.0,0.0,0.6010486177311726,0.03662610009004037,120.20885066491681,0.18973862536302033,37.947449522013926,0.6939942802669209,0.02114496500043568,69.39892409520971,0.37850919651500486,37.85064480384552,0.7659675881792183,0.011669026612932506,38.29837940896091,0.5246853823814134,26.234269119070674,0.8040991420400382,0.004899967469095641,16.081959485379077,0.6021297192642788,12.04257689615673,0.847950428979981,0.0025835965581091384,8.47950428979981,0.691190706679574,6.911907066795742,0.317015313301659,0.8763512822728563,0.2041522491349481,20.34717416378316,0.5501730103806228,11.004403900597671,0.6470588235294118,6.471143174250832,2.8284271247461903
2020-10-21,294,6885750,1760,725,0.00025560033402316376,0.06880899484027779,0.9421362385602517,0.0020908795956475794,0.38579545454545455,0.098605866976474,385.781448030259,0.0,0.0,0.5306818181818181,0.06781876270694162,265.3312757439337,0.0,0.0,0.6835227272727272,0.03494147375758808,136.703552799041,0.2317241379310345,46.34449106156498,0.7431818181818182,0.018995614162479305,74.31764217005221,0.37655172413793103,37.65489898752155,0.7829545454545455,0.01000617216715681,39.14772727272728,0.4731034482758621,23.655172413793103,0.8159090909090909,0.00417092666604703,16.318158119734854,0.5531034482758621,11.062052900378513,0.852840909090909,0.0021798642123225503,8.528409090909092,0.6427586206896552,6.427586206896551,0.3511679294483079,0.8965142405261903,0.21071428571428572,21.001190476190477,0.6178571428571429,12.358202646410193,0.6928571428571428,6.92916564567508,2.0
2020-10-22,295,6885750,1287,521,0.0001869077442544385,0.05238370735772347,0.9520185998460275,0.0012433216139618485,0.40093240093240096,0.07493465001452222,400.91784486207956,0.0,0.0,0.5508935508935509,0.05148126633749637,275.43677520078916,0.0,0.0,0.675990675990676,0.025269394986784398,135.19715348115827,0.19961612284069097,39.92293467281326,0.7311577311577312,0.013665804989979378,73.11524219871835,0.33589251439539347,33.5890075372227,0.7614607614607615,0.007116145663144901,38.07303807303808,0.4107485604606526,20.53742802303263,0.8142968142968143,0.0030439631936053538,16.28591263431862,0.5412667946257198,10.825320171176601,0.864024864024864,0.001614929383146353,8.640248640248641,0.6641074856046065,6.641074856046065,0.34269403444866886,0.9116650755192782,0.24782608695652175,24.7,0.6173913043478261,12.348885077186964,0.7347826086956522,7.348456260720412,2.0
2020-10-23,296,6885750,1241,669,0.0001802272809788331,0.042615768171224706,0.9161359330855914,0.0010329359891628365,0.354552780016116,0.06389776357827476,354.5399077833243,0.0,0.0,0.44883158742949236,0.04044437990124891,224.4076461764905,0.005979073243647235,2.9894280850598274,0.5519742143432715,0.01989601789189346,110.3940412563299,0.16890881913303438,33.781518526396106,0.5938759065269944,0.010703186267390863,59.387159420376015,0.24663677130044842,24.663498039182997,0.6253021756647864,0.005634825545510656,31.265108783239324,0.30493273542600896,15.246636771300448,0.6752618855761483,0.0024340087368714563,13.505218098237414,0.3976083707025411,7.9521558653366435,0.7445608380338437,0.00134190175362161,7.445608380338437,0.5261584454409567,5.261584454409566,0.28005434966236636,0.8795383643771155,0.22093023255813954,22.01937984496124,0.49224806201550386,9.84580557660856,0.5775193798449613,5.775689098089274,4.0
2020-10-24,297,6885750,1092,686,0.00015858838906437206,0.02428001841059447,0.911607523734009,0.0009179238034950959,0.29945054945054944,0.0474876561138542,299.4396777344062,0.0,0.0,0.3708791208791209,0.029407493465001454,185.43282795479283,0.01020408163265306,5.10185558394139,0.4606227106227106,0.014609776641784542,92.12387317872519,0.141399416909621,28.27967803263013,0.5064102564102564,0.008031020360742398,50.64065792031316,0.21428571428571427,21.428415828848603,0.5357142857142857,0.004247903278509966,26.785714285714285,0.260932944606414,13.0466472303207,0.6135531135531136,0.0019460451714843386,12.271044450135793,0.3848396501457726,7.696781825074512,0.717948717948718,0.0011385833061031841,7.17948717948718,0.5510204081632653,5.510204081632653,0.24736201387615964,0.8772956282880315,0.20703125,20.634114583333332,0.4609375,9.219540630360205,0.57421875,5.742679968910807,7.211102550927978
2020-10-25,298,6885750,1301,831,0.00018894092872962276,0.03386247432211376,0.93642022529733,0.0015533531448050219,0.3066871637202152,0.05794365379029916,306.6760292748289,0.0,0.0,0.393543428132206,0.03717688062735986,196.76457016129376,0.05054151624548736,25.26984065403461,0.4611837048424289,0.017427168956403033,92.2360712079571,0.15643802647412755,31.287378105498963,0.5103766333589547,0.009643033489209678,51.0372927350696,0.23345367027677497,23.34519750948769,0.5672559569561876,0.00535889336673565,28.36279784780938,0.32250300842358604,16.125150421179303,0.6740968485780169,0.0025472859931220376,13.481917392113813,0.4897713598074609,9.79541297051952,0.7671022290545734,0.0014493700758813491,7.671022290545734,0.6353790613718412,6.353790613718412,0.21915030598430424,0.870145911709328,0.16608996539792387,16.553633217993077,0.39100346020761245,7.8207398790411125,0.5363321799307958,5.363781775448551,8.54400374531753
2020-10-26,299,6885750,1932,1450,0.0002805794575754275,0.02623883324394804,0.9325539391268768,0.002528861278162909,0.2070393374741201,0.05808887598024978,207.0318207976216,0.0,0.0,0.2691511387163561,0.03775776938716236,134.57068351845405,0.02620689655172414,13.102972547998439,0.33436853002070394,0.018763251909727264,66.87322041273525,0.11310344827586206,22.620525399097193,0.40890269151138714,0.011472886229631996,40.88997223379322,0.21241379310344827,21.24122506988395,0.5,0.007014486439385688,25.0,0.33379310344827584,16.689655172413794,0.6438923395445134,0.0036132540198903244,12.877828088747309,0.5255172413793103,10.51032956370128,0.7463768115942029,0.002094180009439785,7.463768115942029,0.6620689655172414,6.620689655172415,0.3001925016898972,0.892039863965537,0.1561712846347607,15.565071368597817,0.4433249370277078,8.86725916068628,0.6020151133501259,6.020667441488695,13.435015956036224
2020-10-27,300,6885750,3023,2302,0.00043902261917728644,0.039855501673966835,0.9391915431283095,0.005281478779735363,0.1935163744624545,0.08495498112111531,193.50934874453182,0.0,0.0,0.26563016870658285,0.05830670926517572,132.81026242893935,0.035621198957428324,17.809952855149003,0.36751571286801193,0.032269307850939614,73.50260884373385,0.16941789748045177,33.88333345656339,0.44459146543169037,0.019518429231171395,44.45882371106134,0.27063423110338836,27.063226594152557,0.5355607012901091,0.011756163090440402,26.778035064505456,0.39009556907037357,19.504778453518682,0.6807806814422759,0.005977553675992193,13.615593855264056,0.5807993049522154,11.615969229466952,0.7929209394641085,0.003481102276440475,7.929209394641084,0.7280625543006082,7.2806255430060824,0.3549896225424046,0.8963907597343098,0.1506276150627615,15.01255230125523,0.45188284518828453,9.038432002985568,0.5983263598326359,5.983776742717297,11.40175425099138
2020-10-28,301,6885750,3273,2324,0.00047532948480557674,0.055878670329611635,0.9333730045854562,0.004654370060552747,0.22853651084631837,0.10862619808306709,228.52821370317116,0.0,0.0,0.3006416131989001,0.07144931745570723,150.31534912026768,0.016781411359724614,8.390401050698792,0.39107852123434156,0.037177960440326466,78.21513629757958,0.14242685025817556,28.4851632102365,0.4650168041552093,0.022103459293037846,46.50134275192036,0.24655765920826161,24.655586887410138,0.5548426520012221,0.01318665359619504,27.742132600061108,0.3730636833046472,18.653184165232357,0.6880537732966697,0.006541035412213031,13.761055481101703,0.560671256454389,11.213408844138653,0.788573174457684,0.0037483208074646918,7.885731744576841,0.7022375215146299,7.0223752151463,0.41006446104876965,0.8954164436214931,0.15264187866927592,15.213307240704498,0.4774951076320939,9.550721183701281,0.6262230919765166,6.262767989312316,9.899494936611665
2020-10-29,302,6885750,3525,2122,0.0005119268053588934,0.07450984141849272,0.9461285555612959,0.005325678005804661,0.25843971631205676,0.13229741504501888,258.43033351666344,0.0,0.0,0.3557446808510638,0.09105431309904154,177.86588267282985,0.0,0.0,0.4947517730496454,0.050654971099944816,98.94963609970071,0.16069745523091422,32.139257671040916,0.5906382978723405,0.03023613813935926,59.06340090584199,0.3199811498586239,31.997882637297337,0.6609929078014184,0.016918999382783285,33.04964539007092,0.43685202639019793,21.8426013195099,0.7809929078014184,0.007996212473278187,15.619835471737664,0.6361922714420358,12.723826950349702,0.8487943262411347,0.004345205678393784,8.487943262411347,0.7488218661639963,7.488218661639962,0.49507353891788214,0.9141204694618783,0.17729083665338646,17.669986719787513,0.549800796812749,10.996958990794967,0.701195219123506,7.012553559347515,4.242640687119285
2020-10-30,303,6885750,3606,2024,0.0005236902298224594,0.06219968277730697,0.9436848488267693,0.00396383693430743,0.22157515252357182,0.11603252977054894,221.5671081163498,0.0,0.0,0.3333333333333333,0.0872785361603253,166.6606157420854,0.0,0.0,0.4789240155296728,0.05016120131284673,95.7841075817899,0.0716403162055336,14.327959200448834,0.5795895729339989,0.03035231926573528,57.95853643484102,0.2509881422924901,25.098631978717272,0.6583471991125901,0.017238499800312237,32.91735995562951,0.391304347826087,19.56521739130435,0.7872989462007765,0.008246003346035877,15.7459560565631,0.6210474308300395,12.420930577998492,0.8447032723239046,0.004423628508150891,8.447032723239046,0.7233201581027668,7.233201581027669,0.5126368243283034,0.9119112678499808,0.18482490272373542,18.42088197146563,0.5408560311284046,10.81804833445682,0.7042801556420234,7.037370089924279,3.605551275463989
2020-10-31,304,6885750,4196,2292,0.0006093744327052246,0.06944622146726837,0.9543559549664394,0.005013502123612322,0.21091515729265967,0.12852163810630265,210.90749990240073,0.0,0.0,0.3236415633937083,0.098605866976474,161.81490670477973,0.0,0.0,0.47950428979980936,0.05843910656713817,95.90016159310572,0.04712041884816754,9.424015338341794,0.5984270734032412,0.03646635104127335,59.842272803252605,0.2648342059336824,26.48322828876606,0.6963775023832222,0.021217732273172855,34.8188751191611,0.44415357766143104,22.207678883071555,0.8040991420400382,0.009799934938191281,16.081959485379077,0.6413612565445026,12.827206502263538,0.8641563393708294,0.005265947790727227,8.641563393708294,0.7513089005235603,7.513089005235603,0.550863997891476,0.9115284349678612,0.18115942028985507,18.055555555555554,0.5561594202898551,11.124142367066895,0.7355072463768116,7.355703259005146,3.605551275463989
2020-11-01,305,6885750,4530,2496,0.0006578804051846205,0.0738286445545798,0.9627617281762731,0.006106914964328773,0.2055187637969095,0.13520185884403138,205.51130232567087,0.0,0.0,0.32251655629139075,0.10608480975893117,161.25242357562036,0.0,0.0,0.4730684326710817,0.06224403845595283,94.61299951392432,0.04366987179487179,8.733910938788187,0.61280353200883,0.04031485085247902,61.27990822460428,0.297275641025641,29.727348241196484,0.720971302428256,0.02371564462839923,36.0485651214128,0.4935897435897436,24.679487179487175,0.8059602649006623,0.010604493912073612,16.11918188853441,0.6478365384615384,12.956711952526776,0.8874172185430463,0.005838143993029082,8.874172185430464,0.7956730769230769,7.956730769230769,0.5499288378097308,0.9224366852318321,0.1774193548387097,17.682795698924732,0.5501792114695341,11.004527933012412,0.7347670250896058,7.348300411294934,3.605551275463989
2020-11-02,306,6885750,4937,2639,0.000716987982427477,0.07839004609384922,0.9578117484491407,0.005801472628599741,0.20437512659509824,0.14652918966018008,204.36770664423435,0.0,0.0,0.33016001620417257,0.11835608480975893,165.07401478201288,0.0,0.0,0.4926068462629127,0.0706381248366203,98.5206538573543,0.050776809397499054,10.15528813816344,0.6115049625278509,0.04384385256615063,61.150052219439274,0.27320954907161804,27.320756520954628,0.7067044764026736,0.025334930835420977,35.335223820133685,0.4513073133762789,22.565365668813943,0.7948146647761799,0.011397434705827679,15.896270209773737,0.6161424782114437,12.322831668093132,0.8653028154749848,0.0062041171985622486,8.65302815474985,0.7480106100795756,7.480106100795757,0.5683148018287739,0.9286768861667647,0.17765567765567766,17.70634920634921,0.5860805860805861,11.722617005635875,0.7637362637362637,7.638017642734625,3.1622776601683795
2020-11-03,307,6885750,5208,2834,0.0007563446247685437,0.07247680937470934,0.9544063327462997,0.005504897444377961,0.18433179723502305,0.13941330235259947,184.32510496820504,0.0,0.0,0.3087557603686636,0.11675864072030206,154.37227541087174,0.0,0.0,0.46697388632872505,0.0706381248366203,93.39409909634375,0.02858151023288638,5.716260538676621,0.586405529953917,0.04435214499404572,58.64012718754806,0.2399435426958363,23.99418003888952,0.685099846390169,0.025908579312347964,34.254992319508446,0.42131263232180666,21.06563161609033,0.7745775729646698,0.011716934659354958,15.491528961338979,0.5857445306986592,11.714873600759516,0.8688556067588326,0.0065715426787205464,8.688556067588326,0.7589978828510938,7.589978828510938,0.5799241212506532,0.9291975200636491,0.181651376146789,18.104587155963305,0.6110091743119266,12.22123152941917,0.7743119266055046,7.743783341463798,3.605551275463989
2020-11-04,308,6885750,5201,2473,0.0007553280325309516,0.09216359570120394,0.9484045496901694,0.004559847237229289,0.21726591040184579,0.16410107464420565,217.25802244401828,0.0,0.0,0.35320130744087674,0.13338658146964857,176.5942421370184,0.0,0.0,0.5248990578734859,0.0792936187516338,104.97904928264995,0.03517994338859685,7.035937587151261,0.6364160738319554,0.048069941038078365,63.64114526109366,0.23534169025475132,23.533998136333526,0.7123630071140166,0.02690338743056312,35.618150355700834,0.3950667205822887,19.75333602911444,0.8094597192847529,0.012228134584998605,16.189170874572994,0.5992721391023049,11.985425375916954,0.8690636416073831,0.006564281305594888,8.690636416073833,0.7246259603720178,7.246259603720178,0.5452674673338108,0.9091901986728547,0.18114602587800369,18.05422057917437,0.5730129390018485,11.461241649572136,0.7375231053604436,7.375863577708519,2.8284271247461903
2020-11-05,309,6885750,4400,1963,0.0006390008350579095,0.0832592842087341,0.9247538640343463,0.0029460080652954374,0.235,0.1501597444089457,234.9914681963404,0.0,0.0,0.36954545454545457,0.11806564042985768,184.76601899770284,0.0,0.0,0.5497727272727273,0.07026053617589822,109.95374703936163,0.036678553234844626,7.335657380023567,0.6511363636363636,0.04160736588341224,65.11316355266041,0.21803362200713194,21.803203879514488,0.7236363636363636,0.02312021203209527,36.18181818181818,0.380539989811513,19.026999490575648,0.7827272727272727,0.010003253090435914,15.65452271987934,0.5129903209373408,10.259791518711934,0.8231818181818182,0.0052601386922267,8.23181818181818,0.6036678553234844,6.036678553234844,0.49152044082432456,0.878098154012619,0.1746641074856046,17.408189379398593,0.5777351247600768,11.555693464540747,0.690978886756238,6.910381473811742,2.23606797749979
2020-11-06,310,6885750,3628,1859,0.000526885233997749,0.051052785710737035,0.8982556928969201,0.002074581949645482,0.19239250275633957,0.10136508858553588,192.3855178411945,0.0,0.0,0.3291069459757442,0.0866976474005228,164.5474987839443,0.0,0.0,0.4842888643880926,0.05103255976066688,96.85706956229657,0.023668639053254437,4.733693437536575,0.5700110253583242,0.030032821168201225,57.000688632563836,0.16083916083916083,16.083799293448138,0.642502756339581,0.01692626075590894,32.12513781697905,0.3023130715438408,15.11565357719204,0.7249173098125689,0.007638953434334046,14.49832514070167,0.4631522323830016,9.263031195194875,0.7814222712238148,0.004117198562248121,7.8142227122381485,0.5734265734265734,5.734265734265734,0.4613031270046359,0.8736879746299415,0.1936842105263158,19.303859649122806,0.5557894736842105,11.116742800397219,0.6547368421052632,6.547929944930937,3.0
2020-11-07,311,6885750,3389,1780,0.0004921758704571034,0.04318426199091004,0.9417120992291925,0.003193942292392104,0.15933903806432576,0.07841998257333721,159.3332531733127,0.0,0.0,0.2997934493951018,0.07377287249491722,149.89128261489415,0.0,0.0,0.467984656240779,0.04606581660809202,93.5962516108497,0.028089887640449437,5.617936734155064,0.5860135733254648,0.028841964622847018,58.6009318093151,0.21179775280898877,21.179621487764596,0.6848627913838891,0.016853647024652363,34.24313956919446,0.4,20.0,0.7902035998819711,0.007778371595873222,15.804049045820019,0.6005617977528089,12.011218511468318,0.85541457657126,0.004210144138256544,8.5541457657126,0.7247191011235955,7.247191011235954,0.4383088325907995,0.891348952233894,0.18201284796573874,18.140613847251963,0.5524625267665952,11.050198155446427,0.6788008565310493,6.788590727280074,3.1622776601683795
2020-11-08,312,6885750,3398,1677,0.0004934829176197219,0.04915098525920503,0.9437388618825403,0.0035824692681204573,0.16656856974690995,0.08219575951205345,166.56252238379105,0.0,0.0,0.3263684520306062,0.08052570432762127,163.1783015226363,0.0,0.0,0.5220718069452619,0.05152632954776497,104.41360320292013,0.03995229576624926,7.990401131965808,0.6430253090052972,0.03173197014145052,64.30206397925042,0.2766845557543232,27.668254665911455,0.7321954090641554,0.01806629633663726,36.609770453207766,0.4573643410852713,22.868217054263567,0.8128310771041789,0.008022353378566782,16.256597933038908,0.6207513416815742,12.41500880362923,0.8634490876986463,0.004260973750136151,8.634490876986462,0.7233154442456768,7.233154442456768,0.43936218137566974,0.8929831015934233,0.17372881355932204,17.31497175141243,0.527542372881356,10.551752333052303,0.6716101694915254,6.716677689914819,2.8284271247461903
2020-11-09,313,6885750,3330,1629,0.0004836074501688269,0.06723534831864725,0.9309531717373015,0.0035291398363579284,0.23333333333333334,0.1128376415916352,233.32486203891955,0.0,0.0,0.38618618618618616,0.09337786813825152,193.08608274263227,0.0,0.0,0.554954954954955,0.05367568038572134,110.99018504984406,0.09023941068139964,18.04775108482522,0.6555555555555556,0.03170292485985652,65.55507953566277,0.29588704726826276,29.588489873761077,0.7264264264264264,0.01756526159096685,36.32132132132132,0.4407612031921424,22.03806015960712,0.80990990990991,0.00783355795148248,16.198174674000146,0.6114180478821363,12.22834319873019,0.8486486486486486,0.0041041280906219365,8.486486486486486,0.6906077348066298,6.906077348066298,0.46090377681974454,0.9012828339751416,0.1794871794871795,17.88888888888889,0.5555555555555556,11.112064036592338,0.6987179487179487,6.987778730703259,2.8284271247461903
2020-11-10,314,6885750,3080,1328,0.0004473005845405366,0.08174783406895833,0.9238090646602203,0.002565766633216823,0.2824675324675325,0.12634330525704326,282.4572773291187,0.0,0.0,0.44805194805194803,0.10020331106593088,224.01784064033555,0.0,0.0,0.6097402597402597,0.05454703883354149,121.94716644417478,0.09487951807228916,18.975765824341835,0.6928571428571428,0.030991315460803394,69.28521117994383,0.2876506024096386,28.76485136864516,0.7480519480519481,0.016730203681516176,37.40259740259741,0.41566265060240964,20.783132530120483,0.8006493506493506,0.007162608049075193,16.012963757766073,0.5376506024096386,10.75299643188891,0.8357142857142857,0.00373815488508877,8.357142857142858,0.6189759036144579,6.1897590361445785,0.47446806143448766,0.9046541178012453,0.20689655172413793,20.620689655172416,0.5793103448275863,11.587200567812149,0.7103448275862069,7.104057490980068,2.23606797749979
2020-11-11,315,6885750,3020,1453,0.00043858693678974694,0.06530358032566119,0.9322071826227368,0.002894198502064101,0.25496688741721857,0.11182108626198083,254.95763070477963,0.0,0.0,0.4066225165562914,0.08916642462968341,203.30387695160348,0.0,0.0,0.56158940397351,0.04926079758343257,112.31706521858305,0.08878183069511356,17.756237204359063,0.6632450331125828,0.02908884951639606,66.32402170778947,0.30006882312456984,30.006664422870358,0.7251655629139073,0.015902407145191155,36.258278145695364,0.42876806607019957,21.43840330350998,0.7725165562913907,0.006776303559810392,15.450308687736557,0.5271851342050929,10.543687371772233,0.8158940397350993,0.003578404676324293,8.158940397350994,0.6173434273916035,6.173434273916037,0.43065274697099315,0.8847915435222653,0.17745302713987474,17.686151704940848,0.5073068893528184,10.147007953247368,0.6388308977035491,6.388856859452047,2.8284271247461903
2020-11-12,316,6885750,3668,2118,0.0005326943324982754,0.056302997880561034,0.8963122318995104,0.002070225096873421,0.2257360959651036,0.12024397327911705,225.72790049255187,0.0,0.0,0.33478735005452565,0.08916642462968341,167.38759770824495,0.0,0.0,0.4539258451472192,0.04836039385401841,90.78450980924407,0.054296506137865914,10.859222374707665,0.5199018538713195,0.02769467599988382,51.98980786973828,0.16855524079320114,16.85540168595929,0.5760632497273719,0.015343281414515485,28.803162486368592,0.26581680830972615,13.290840415486308,0.6322246455834242,0.006735639929361465,12.64447454841895,0.3630783758262512,7.261556970750096,0.7039258451472192,0.0037497730820898233,7.039258451472191,0.48725212464589235,4.872521246458924,0.4116017860225497,0.876291852979914,0.16068052930056712,16.014492753623188,0.4763705103969754,9.52822731001566,0.6049149338374291,6.0496681333432765,5.0
2020-11-13,317,6885750,4889,3119,0.0007100170642268453,0.05752738990562551,0.8822542783293605,0.0022088688013272,0.19451830640212722,0.13810630264304385,194.51124430851692,0.0,0.0,0.29433421967682555,0.1044873656694743,147.1617668559179,0.0,0.0,0.39271834731028843,0.055766940660489706,78.54309913130845,0.04809233728759218,9.618397614744485,0.444058089588873,0.031528653170292485,44.40548651408089,0.12856684834882975,12.856591478375126,0.48414808754346494,0.017187670188432633,24.207404377173248,0.19140750240461687,9.570375120230842,0.5397831867457558,0.0076650943396226415,10.795648056669382,0.27861494068611736,5.5722907212259285,0.6312129269789323,0.004481719493156156,6.312129269789324,0.42193010580314205,4.21930105803142,0.42736588570135337,0.8824694819553606,0.14938488576449913,14.888693614528412,0.48857644991212656,9.772367036750099,0.6028119507908611,6.028636499290079,11.180339887498949
2020-11-14,318,6885750,5842,3821,0.0008484188360018879,0.06212780280899387,0.9223964313620009,0.005117536141524074,0.17083190688120506,0.14493174557072322,170.8257047352974,0.0,0.0,0.2699418007531667,0.11450769677606738,134.9660001841503,0.0,0.0,0.390619650804519,0.06628133259751953,78.12336287801611,0.06830672598796127,13.661245998187699,0.4659363231769942,0.039530628249440876,46.59329398640663,0.18345982727034807,18.3458495109762,0.529955494693598,0.02248121119703736,26.497774734679904,0.28133996336037687,14.066998168018841,0.6749400890106128,0.011452621061436937,13.498782176273432,0.5030096833289714,10.060179056436661,0.7745635056487504,0.0065715426787205464,7.745635056487505,0.6553258309343104,6.553258309343104,0.45477294266622514,0.8961719415572671,0.15070921985815602,15.020685579196218,0.5124113475177305,10.249105872048466,0.6560283687943262,6.560846319477391,7.280109889280518
2020-11-15,319,6885750,5884,3235,0.0008545183894274408,0.09080389460530422,0.9494641138976881,0.006909876881641517,0.19578518014955812,0.16729596282311937,195.7780720614028,0.0,0.0,0.32324949014276005,0.13810630264304385,161.61887719652262,0.0,0.0,0.48555404486743714,0.08298236951407244,97.1101038207893,0.0642967542503864,12.85925747421064,0.5951733514615908,0.05085828807110285,59.51690297171931,0.26367851622874805,26.36766015745595,0.6911964649898028,0.02953200450205134,34.559823249490144,0.4383307573415765,21.916537867078823,0.7958871515975526,0.013601984385165907,15.917719915050329,0.6287480680061823,12.574943097852874,0.8655676410605031,0.007396434665795302,8.65567641060503,0.7554868624420402,7.5548686244204015,0.47643958873807485,0.9072912963273521,0.15858208955223882,15.805348258706468,0.5578358208955224,11.138567649764875,0.7033582089552238,7.0341853127160086,3.605551275463989
2020-11-16,320,6885750,5305,2593,0.0007704316886323204,0.0790822442562791,0.9427686158724535,0.004511843363898987,0.18491988689915173,0.14246296834156258,184.9131732814165,0.0,0.0,0.32704995287464655,0.1259802497821667,163.51903957352582,0.0,0.0,0.5204524033930255,0.08019402248104796,104.08972484427446,0.03278056305437717,6.556065004841198,0.6329877474081056,0.04876702779633449,63.29831510812634,0.2491322792132665,24.91304701839655,0.7032987747408106,0.02709218313183023,35.16493873704053,0.39298110296953337,19.64905514847667,0.7809613572101791,0.012033530067850172,15.619204460829279,0.5518704203625144,11.037392377925412,0.8433553251649387,0.0064974766728388336,8.433553251649387,0.679521789433089,6.795217894330891,0.463712868110068,0.9035165227421791,0.17058823529411765,17.001960784313724,0.5607843137254902,11.216648168701441,0.6843137254901961,6.843724144889516,2.8284271247461903
2020-11-17,321,6885750,4412,1945,0.0006407435646080674,0.06726226162092552,0.9498024200042805,0.0033471827062799015,0.17316409791477788,0.11094975312227709,173.15781109739788,0.0,0.0,0.3329555757026292,0.10666569851873366,166.47174378408212,0.0,0.0,0.5580235720761559,0.07150948328444044,111.60390401764184,0.037017994858611826,7.4035452118181295,0.6627379873073436,0.04246420169043539,66.27331749544776,0.23496143958868895,23.49597334583948,0.720988213961922,0.023098427912718295,36.0494106980961,0.36709511568123393,18.354755784061695,0.8062103354487761,0.010331466679059391,16.124183292233273,0.5604113110539846,11.208209943680796,0.8728467815049864,0.005592709581381839,8.728467815049864,0.7115681233933162,7.115681233933161,0.46640891613991153,0.8905861859726929,0.15860735009671179,15.807865892972275,0.5725338491295938,11.451659030360537,0.7001934235976789,7.002534744916411,2.23606797749979
2020-11-18,322,6885750,4136,2067,0.0006006607849544349,0.052123974871659665,0.9378683050054861,0.0034239203885343314,0.14893617021276595,0.08945686900958466,148.93076300356566,0.0,0.0,0.2947292069632495,0.0885129247749056,147.35925332901505,0.0,0.0,0.5045938104448743,0.06061750268668855,100.9180292855091,0.028543783260764392,5.70871519904175,0.6037234042553191,0.03626303407011531,60.371902042624875,0.20706337687469764,20.706187332117533,0.6832688588007737,0.02052064045310968,34.16344294003868,0.36623125302370585,18.311562651185294,0.7857833655705996,0.009439771354215075,15.715644487980283,0.571359458151911,11.427172567645464,0.8590425531914894,0.005159931743092619,8.590425531914894,0.717948717948718,7.17948717948718,0.4451850940688049,0.8844563163079185,0.16194331983805668,16.140350877192983,0.5587044534412956,11.175047395504198,0.6923076923076923,6.9236706689536875,3.0
2020-11-19,323,6885750,3759,1889,0.0005459100315869731,0.05189760209041598,0.9300113782222481,0.003801070968961079,0.16201117318435754,0.0884403136799303,162.00529128001597,0.0,0.0,0.3099228518222932,0.08459192564623874,154.9557999517394,0.0,0.0,0.518488959829742,0.05660925382671585,103.6970389830563,0.04182106934886183,8.364153134535577,0.6299547752061718,0.03438961340730198,62.995020090271254,0.2636315510852303,26.36296367720707,0.7254588986432562,0.019801764513669533,36.27294493216281,0.4536791953414505,22.683959767072526,0.8042032455440277,0.008780439631936053,16.084041552435135,0.6103758602435151,12.207499476228575,0.839851024208566,0.0045848309915405006,8.398510242085662,0.6813128639491794,6.8131286394917945,0.4326169894758787,0.8866714832493379,0.16519823788546256,16.464757709251103,0.566079295154185,11.322556879576247,0.6894273127753304,6.894864403321723,3.0
2020-11-20,324,6885750,3952,1760,0.0005739389318520132,0.07509611991266989,0.961161688710493,0.005048838516227879,0.20369433198380565,0.11690386291025269,203.68693674956288,0.0,0.0,0.3714574898785425,0.10659308742375835,185.72200195550207,0.0,0.0,0.5880566801619433,0.06750123442446775,117.61048201879525,0.075,14.999891080194022,0.7186234817813765,0.041244299863487176,71.86182636260294,0.36818181818181817,36.81791446956715,0.8023785425101214,0.023025814181461716,40.118927125506076,0.55625,27.8125,0.8441295546558705,0.009689562226972767,16.882566574994367,0.65,12.999981120457292,0.8810728744939271,0.0050568202447082745,8.810728744939272,0.7329545454545454,7.329545454545455,0.4728231732663812,0.9173322925808343,0.1872146118721461,18.65905631659056,0.6050228310502284,12.101494396014942,0.728310502283105,7.283729645903334,2.23606797749979
2020-11-21,325,6885750,3745,1600,0.0005438768471117888,0.08204165219996445,0.9661835700807616,0.004952215042024125,0.23658210947930575,0.12866686029625327,236.5735202362953,0.0,0.0,0.3959946595460614,0.10768225384838803,197.9901413715722,0.0,0.0,0.6146862483311082,0.06686223822939963,122.93635697946289,0.098125,19.62485749658718,0.7433911882510014,0.04043103197885504,74.33857902494022,0.399375,39.93721000101659,0.8186915887850468,0.022263370003267616,40.93457943925234,0.575625,28.78125,0.8526034712950601,0.009274212287387304,17.052044661649433,0.655,13.099980975230041,0.8937249666221628,0.004860763170315507,8.93724966622163,0.75125,7.5125,0.47449400662911945,0.9277166801838335,0.20194647201946472,20.127331711273317,0.6399026763990268,12.777234776522347,0.7591240875912408,7.5918919257302395,2.23606797749979
2020-11-22,326,6885750,3258,1362,0.0004731510728678793,0.08316671598565284,0.9619808628020121,0.00409686462323922,0.27225291589932477,0.1288120824862039,272.24303160815793,0.0,0.0,0.4444444444444444,0.1051408655242521,222.2141543227805,0.0,0.0,0.6335174953959485,0.05994946121002643,126.70257904448725,0.12334801762114538,24.66942439033378,0.7483118477593615,0.03540619826309216,74.8306414027277,0.39794419970631423,39.79413101059795,0.8106200122774708,0.01917728642486294,40.531000613873545,0.5469897209985316,27.34948604992658,0.8462246777163904,0.008007830653406451,16.924468975350972,0.6321585903083701,12.643153444836472,0.8990178023327194,0.004253712377010493,8.990178023327195,0.7584434654919237,7.584434654919237,0.45616220281188913,0.9106510325001766,0.18262806236080179,18.201930215293242,0.5902004454342984,11.805021259364242,0.7060133630289532,7.060739130600878,2.23606797749979
2020-11-23,327,6885750,2406,1155,0.00034941727480666595,0.048935304140765044,0.9458887841963028,0.0023012443267608033,0.23690773067331672,0.08277664827185593,236.89912960845052,0.0,0.0,0.38902743142144636,0.06796398489689225,194.50665378378045,0.0,0.0,0.5698254364089775,0.03982108106538093,113.96425974478252,0.1038961038961039,20.77906989464107,0.6591853699085619,0.02303290830404601,65.9180583352389,0.29004329004329005,29.004118394603157,0.7198669991687449,0.012576698253639763,35.993349958437236,0.41645021645021646,20.82251082251082,0.7793017456359103,0.005446021935124082,15.586012277548067,0.5402597402597402,10.805179113107359,0.827930174563591,0.002892931053262172,8.27930174563591,0.6415584415584416,6.415584415584416,0.39733067288525015,0.8906363603444818,0.16210045662100456,16.156012176560118,0.545662100456621,10.914177964707816,0.6529680365296804,6.530240372189196,2.8284271247461903
2020-11-24,328,6885750,1964,1291,0.00028522673637584867,0.019999048565443652,0.9052228660003874,0.0011863242478601578,0.1644602851323829,0.0469067673540517,164.45431431169118,0.0,0.0,0.27494908350305497,0.039209991286668605,137.4695506630236,0.0,0.0,0.3844195519348269,0.021929187603473815,76.88335210825856,0.06351665375677769,12.703238508400824,0.4439918533604888,0.012663742774986204,44.39886293933873,0.1541440743609605,15.414295507144901,0.4959266802443992,0.007072577424390952,24.79633401221996,0.23315259488768397,11.657629744384197,0.5473523421588594,0.0031223859094711404,10.947030945081927,0.31138652207591017,6.227721397156445,0.6588594704684317,0.0018792433649203065,6.588594704684318,0.4810224632068164,4.810224632068164,0.3340027446225052,0.8772921926609609,0.15207373271889402,15.15668202764977,0.45852534562211983,9.171293405316534,0.5829493087557603,5.829993044083124,10.198039027185569
2020-11-25,329,6885750,1988,1209,0.00028871219547616455,0.026845876480635168,0.9057655708762568,0.0009421517771129997,0.21428571428571427,0.06186465291896602,214.27793452553837,0.0,0.0,0.3209255533199195,0.0463258785942492,160.45695097100173,0.0,0.0,0.4305835010060362,0.024862761044468325,86.11607488025541,0.06368899917287014,12.737707341328257,0.4733400402414487,0.013665804989979378,47.333660316775905,0.13399503722084366,13.39940642399466,0.5065392354124748,0.007312202737537668,25.326961770623743,0.18858560794044665,9.429280397022332,0.5543259557344065,0.003200808625336927,11.086503014041119,0.26716294458229944,5.343251131777954,0.6408450704225352,0.0018501978724176742,6.408450704225352,0.4094292803970223,4.094292803970224,0.3456450075357585,0.8947540735476059,0.1728395061728395,17.22633744855967,0.4962962962962963,9.92677720602249,0.6098765432098765,6.09928848230735,8.246211251235321
2020-11-26,330,6885750,2090,1225,0.000303525396652507,0.036642098102685164,0.9024068177150708,0.0011843760147678905,0.2578947368421053,0.07827476038338659,257.8853738324901,0.0,0.0,0.36076555023923446,0.05474876561138542,180.37622622420918,0.0,0.0,0.46698564593301434,0.028348194835748932,93.39645100012355,0.09061224489795919,18.12231738668339,0.5143540669856459,0.015611838856777716,51.43503320959673,0.17142857142857143,17.142732663078885,0.5454545454545454,0.00827796536325019,27.272727272727273,0.22448979591836735,11.224489795918368,0.6095693779904306,0.00370039037085231,12.191369854591528,0.33387755102040817,6.677541322784342,0.69377990430622,0.002105798206440838,6.937799043062201,0.4775510204081633,4.775510204081632,0.3136574641485854,0.8840772835223769,0.17955801104972377,17.89594843462247,0.4861878453038674,9.724590847492964,0.6187845303867403,6.188375993859158,5.0990195135927845
2020-11-27,331,6885750,2170,1113,0.0003151435936535599,0.05835169667200362,0.9224280619947947,0.0017237534867630946,0.3170506912442396,0.09991286668602962,317.03918054531266,0.0,0.0,0.4400921658986175,0.06934359570142318,220.03809405579477,0.0,0.0,0.5516129032258065,0.03476720206802405,110.32177955755603,0.12578616352201258,25.157050029675506,0.6050691244239631,0.019068227366464317,60.50647308231874,0.23000898472596587,23.000731455703324,0.6608294930875576,0.01041280906219366,33.04147465437788,0.3387241689128482,16.936208445642407,0.7193548387096774,0.004533994795055302,14.387075880208316,0.4528301886792453,9.056590620928155,0.7921658986175115,0.0024964600806012417,7.921658986175115,0.5947888589398024,5.947888589398024,0.3824421290078758,0.8871650011564118,0.19613259668508287,19.547882136279924,0.5524861878453039,11.05067141760564,0.6712707182320442,6.713282886195427,3.0
2020-11-28,332,6885750,2236,1070,0.0003247286061794285,0.07398376316508108,0.9348400288293908,0.0021437820741387844,0.3555456171735242,0.11545164101074644,355.5327088952358,0.0,0.0,0.473613595706619,0.07689514957885565,236.79820045286465,0.0,0.0,0.6006261180679785,0.039007813180748786,120.12435134585911,0.16542056074766356,33.083871915194294,0.6605545617173524,0.02144994045717273,66.05497652190391,0.2906542056074766,29.065209507416455,0.7012522361359571,0.01138583306103184,35.062611806797854,0.37570093457943926,18.785046728971963,0.7661001788908766,0.004975485639929361,15.321981326092844,0.5112149532710281,10.224284216952032,0.8345259391771019,0.002709944450495589,8.34525939177102,0.6542056074766355,6.542056074766355,0.4020062305786319,0.8867855420417194,0.1977077363896848,19.70487106017192,0.5931232091690545,11.863481547376235,0.7020057306590258,7.0206593698240995,2.8284271247461903
2020-11-29,333,6885750,2252,1039,0.00032705224557963913,0.08611972512879387,0.9160176017962042,0.0017925938786138556,0.37699822380106573,0.12329363926808017,376.9845366741487,0.0,0.0,0.5035523978685613,0.08234098170200406,251.76705806153393,0.0,0.0,0.61101243339254,0.039966307473350955,122.20159932709872,0.15688161693936478,31.376095554335908,0.6669626998223801,0.021813006477097795,66.69578567925228,0.2781520692974013,27.815004954610668,0.7082593250444049,0.011581890135424608,35.412966252220244,0.36766121270452357,18.38306063522618,0.7371225577264654,0.004821544753229854,14.742429744472675,0.4302213666987488,8.604414838001642,0.7846358792184724,0.002566169262607559,7.846358792184724,0.5332050048123196,5.332050048123196,0.35724843179058097,0.8563551069274614,0.20414201183431951,20.346153846153847,0.5650887573964497,11.302744425385935,0.6331360946745562,6.331903945111493,2.23606797749979
2020-11-30,334,6885750,2462,1262,0.000357550012707403,0.07713873871206982,0.9339298564642972,0.003054538789865672,0.3257514216084484,0.11646819634040081,325.739595024742,0.0,0.0,0.44191714053614944,0.07900087133313971,220.95054824620908,0.0,0.0,0.5763606823720553,0.04121525458189317,115.27129944649508,0.1735340729001585,34.70656256273102,0.6636880584890333,0.02372999506230213,66.3683239237396,0.3438985736925515,34.38960765348233,0.7185215272136475,0.012845369059289112,35.92607636068237,0.4508716323296355,22.543581616481774,0.772948822095857,0.005527349196021935,15.458953991270526,0.5570522979397782,11.141029778960716,0.7973192526401299,0.0028508150891333552,7.9731925264012995,0.6045958795562599,6.045958795562599,0.35810959518441443,0.873018812904567,0.22950819672131148,22.874316939890708,0.5573770491803278,11.148497033433623,0.6360655737704918,6.355750347675839,3.0
2020-12-01,335,6885750,2900,1589,0.0004211596412881676,0.06737063859903109,0.9516338289095833,0.00477420989482797,0.27448275862068966,0.11559686320069706,274.47279337386203,0.0,0.0,0.40344827586206894,0.08495498112111531,201.71681422576543,0.0,0.0,0.543448275862069,0.04577536379215196,108.68886594200357,0.16677155443675268,33.35406869101251,0.646551724137931,0.027229951494379737,64.65470293187079,0.35494021397105097,35.493763663643506,0.7306896551724138,0.015386849653269433,36.53448275862069,0.5084959093769666,25.424795468848334,0.8406896551724138,0.00708128078817734,16.81376868523866,0.7092511013215859,14.18500142591409,0.8741379310344828,0.0036815161747086374,8.741379310344827,0.7702957835116425,7.702957835116425,0.35730853457805445,0.8573478385604812,0.219435736677116,21.870428422152557,0.5203761755485894,10.390593464164557,0.6081504702194357,6.082026272065901,3.605551275463989
2020-12-02,336,6885750,3150,1490,0.0004574665069164579,0.08616030985146476,0.9607447086026438,0.005750796733758539,0.3028571428571429,0.13854196921289574,302.84614746276094,0.0,0.0,0.46730158730158733,0.1068835318036596,233.64231083080924,0.0,0.0,0.6419047619047619,0.058729559383078216,128.3800201657241,0.24295302013422818,48.59025119490144,0.7336507936507937,0.03356182288187284,73.36454663773203,0.4369127516778524,43.69095791143762,0.7974603174603174,0.01824056929165305,39.87301587301587,0.5718120805369128,28.59060402684564,0.8723809523809524,0.007981689748117854,17.447593708921435,0.7302013422818792,14.604005636610772,0.893015873015873,0.004085248520495226,8.93015873015873,0.7738255033557047,7.738255033557047,0.4038307387328955,0.8847168880274909,0.24662162162162163,24.579954954954953,0.5912162162162162,11.82533841731955,0.652027027027027,6.520829470121923,2.8284271247461903
2020-12-03,337,6885750,3090,1108,0.0004487528591656682,0.12749659086210038,0.9747996162148379,0.006098154515136843,0.38932038834951455,0.1747022945106012,389.30625385966744,0.0,0.0,0.5766990291262136,0.12939297124600638,288.3390458761128,0.0,0.0,0.7711974110032362,0.06921490603851405,154.2383622183489,0.361913357400722,72.3821458863755,0.8381877022653722,0.037613639664236545,83.81816159159119,0.5487364620938628,54.87324775425973,0.874757281553398,0.01962749155865374,43.737864077669904,0.6507220216606499,32.53610108303249,0.9055016181229774,0.008126916999721163,18.110006061757282,0.7364620938628159,14.72922048638316,0.9288025889967637,0.004168028174127728,9.288025889967638,0.8014440433212996,8.014440433212998,0.4646545589254807,0.9057885330265639,0.2743055555555556,27.33912037037037,0.6319444444444444,12.639972841623784,0.7048611111111112,7.049215623213265,2.0
2020-12-04,338,6885750,2730,854,0.00039647097266093016,0.11990378533613245,0.9797943617112523,0.0041156464827127185,0.4087912087912088,0.1620679639848969,408.77636740256554,0.0,0.0,0.5967032967032967,0.11828347371478362,298.34081653171114,0.0,0.0,0.7879120879120879,0.062476400708704874,157.58127332599437,0.32201405152224827,64.40234265500945,0.8487179487179487,0.033648958726654854,84.87117859049951,0.5163934426229508,51.63896929247122,0.8827838827838828,0.01749990923283593,44.13919413919414,0.6252927400468384,31.264637002341917,0.9003663003663004,0.007139371688818664,18.007299855781362,0.6814988290398126,13.62995678635587,0.9417582417582417,0.0037337980612133755,9.417582417582418,0.8138173302107728,8.138173302107727,0.48835258058601366,0.9332533481598533,0.29259259259259257,29.16172839506173,0.6925925925925925,13.853039832285114,0.7703703703703704,7.6977625440350375,1.4142135623730951
2020-12-05,339,6885750,2515,991,0.0003652470682206005,0.08984605686620009,0.9728620593857401,0.004641547671266595,0.34791252485089463,0.1270694162067964,347.8998936962021,0.0,0.0,0.5296222664015905,0.09671797850711589,264.80151908762355,0.0,0.0,0.7232604373757455,0.05283336721949519,144.65103710999563,0.2976791120080727,59.53539009293288,0.815506958250497,0.029785936274652182,81.5501036593186,0.5317860746720484,53.17822132029768,0.8485089463220676,0.015495770250154304,42.42544731610338,0.615539858728557,30.77699293642785,0.8783300198807157,0.0064161399758341855,17.566574886123355,0.6912209889001009,13.824399701177123,0.9105367793240556,0.0033257088915513923,9.105367793240557,0.7729566094853683,7.729566094853682,0.5041346523563446,0.9242254231345269,0.3082191780821918,30.71917808219178,0.6472602739726028,12.946315702906553,0.75,7.500643224699828,2.0
2020-12-06,340,6885750,2458,1275,0.0003569691028573503,0.0535493406145048,0.9570069304766804,0.0036828554346856534,0.26403580146460537,0.09424920127795527,264.02621550027686,0.0,0.0,0.40886899918633035,0.07297415045018879,204.4270774867321,0.0,0.0,0.6033360455655004,0.043074152603909496,120.66633290983313,0.23529411764705882,47.05848182021654,0.6794141578519122,0.02425281013099422,67.94092244080286,0.3819607843137255,38.19580107740909,0.7176566314076485,0.012809062193660821,35.88283157038243,0.4556862745098039,22.784313725490197,0.7778681855166802,0.005553490101310531,15.557341116801867,0.571764705882353,11.435277510483699,0.8474369406021155,0.0030250880441491487,8.474369406021156,0.7058823529411765,7.0588235294117645,0.44235138471671603,0.907604058025979,0.27672955974842767,27.58071278825996,0.5566037735849056,11.133030195151948,0.6761006289308176,6.76158613547364,3.1622776601683795
2020-12-07,341,6885750,2077,1140,0.0003016374396398359,0.042718121356174456,0.94319939849385,0.0022876418573127997,0.2652864708714492,0.08001742666279407,265.27683950088317,0.0,0.0,0.4049109292248435,0.06106593087423758,202.44811435593715,0.0,0.0,0.5382763601348098,0.03247262482209765,107.6544903075392,0.1587719298245614,31.754155386141733,0.6008666345690901,0.018124255714659154,60.08622714839397,0.27280701754385966,27.28050366046983,0.6581608088589311,0.00992629706277457,32.90804044294656,0.37719298245614036,18.859649122807017,0.7443428021184401,0.00449042661957431,14.886834422596921,0.5342105263157895,10.684195009930486,0.8348579682233991,0.002518244199978216,8.348579682233993,0.6991228070175438,6.9912280701754375,0.35729015245076934,0.8936226163556662,0.22442244224422442,22.367436743674368,0.5379537953795379,10.75999864137357,0.6600660066006601,6.601226160351884,3.605551275463989
2020-12-08,342,6885750,1483,808,0.0002153723269070181,0.03595806564380687,0.9401107555986205,0.0012600707358069968,0.30411328388401887,0.06549520766773163,304.1022428847492,0.0,0.0,0.4241402562373567,0.04567237873947139,212.06242879657125,0.0,0.0,0.5091031692515172,0.021929187603473815,101.81989449805788,0.09900990099009901,19.801836409497056,0.5643964935940661,0.012155450347091114,56.43923953302943,0.2004950495049505,20.04935936461577,0.6264329062710722,0.00674581563373634,31.32164531355361,0.31435643564356436,15.717821782178218,0.7437626432906271,0.0032037131703689936,14.875231262891637,0.5297029702970297,10.594044020479286,0.8341200269723533,0.0017964637112878046,8.341200269723535,0.6955445544554455,6.955445544554456,0.34392599719563344,0.9090578242816767,0.20557491289198607,20.48896631823461,0.5644599303135889,11.290166805123087,0.6794425087108014,6.795007799379635,4.123105625617661
2020-12-09,343,6885750,843,474,0.00012242675089859493,0.017192999974376993,0.932698078429069,0.0007340940644891633,0.2704626334519573,0.03311065930874237,270.45281415797484,0.0,0.0,0.40094899169632264,0.024542550101655534,200.46721751183225,0.0,0.0,0.5029655990510083,0.012315199395858142,100.59238937132882,0.1160337552742616,23.206582543197502,0.5575326215895611,0.006825641174591187,55.75285731665631,0.21308016877637131,21.307862153299524,0.6251482799525504,0.003826743637221799,31.25741399762752,0.3333333333333333,16.666666666666668,0.7164887307236062,0.001754345199367971,14.329753803734288,0.4957805907172996,9.915597414175474,0.7912218268090154,0.0009686671749627855,7.912218268090154,0.6286919831223629,6.286919831223629,0.3205312126750016,0.9132931033815602,0.2610619469026549,26.019174041297934,0.5707964601769911,11.416908271224518,0.6946902654867256,6.941545146393066,4.242640687119285
2020-12-10,344,6885750,663,384,9.62858076462259e-05,0.012623348735934651,0.9076116521154629,0.0004229829067114068,0.26395173453996984,0.025413883241359278,263.942151627737,0.0,0.0,0.3951734539969834,0.019024106883531802,197.57955350419172,0.0,0.0,0.4917043740573152,0.009468761799645647,98.34016072686276,0.12239583333333333,24.478988915594414,0.5324283559577677,0.005126492201341892,53.24244898248858,0.19270833333333334,19.27069340163815,0.5520361990950227,0.002657662563990851,27.601809954751133,0.2265625,11.328125,0.6319758672699849,0.0012170043684357282,12.63949898937604,0.3645833333333333,7.29165607717957,0.6847662141779789,0.000659332679809752,6.8476621417797885,0.4557291666666667,4.557291666666667,0.216601574946764,0.9159543968842745,0.23076923076923078,23.0,0.5798816568047337,11.598627787307032,0.7041420118343196,7.042024013722127,5.0
2020-12-11,345,6885750,617,290,8.960534437062049e-05,0.026486937383813546,0.9537023862102475,0.0008301683669610484,0.3873581847649919,0.03470810339819924,387.3441215140201,0.0,0.0,0.49756888168557534,0.022291606157420853,248.77540858745644,0.013793103448275862,6.896301341051809,0.6661264181523501,0.011937610735136077,133.2243162390004,0.2896551724137931,57.93061382695622,0.6936790923824959,0.006215690261117081,69.36740553563524,0.3482758620689655,34.827333312634394,0.7017828200972447,0.0031441745634099407,35.089141004862235,0.36551724137931035,18.275862068965516,0.7811993517017828,0.0013999907054558973,15.623964343748694,0.5344827586206896,10.68963964812138,0.8444084278768234,0.0007566350796935701,8.444084278768234,0.6689655172413793,6.689655172413793,0.19477811202133705,0.9047060027031384,0.2714285714285714,27.052380952380954,0.5714285714285714,11.429551580494977,0.7,7.000600343053173,2.8284271247461903
2020-12-12,346,6885750,519,298,7.537305304433069e-05,0.02653729088112511,0.9196199150335221,0.00042785193561520454,0.37572254335260113,0.02831832704037177,375.7089025399613,0.0,0.0,0.45857418111753373,0.01728144060412431,229.2787661654123,0.05704697986577181,28.522454371967637,0.5163776493256262,0.0077841354671933545,103.27477994841357,0.15771812080536912,31.543395112712265,0.5337186897880539,0.0040227715007697,53.371481428564465,0.18791946308724833,18.791809854381775,0.5549132947976878,0.002091275460189522,27.745664739884393,0.22483221476510068,11.241610738255034,0.6551059730250481,0.0009875453109025002,13.102100432652968,0.39932885906040266,7.986565582521516,0.7148362235067437,0.0005387938859238282,7.148362235067437,0.5033557046979866,5.033557046979865,0.16997128875288128,0.8794784715084032,0.2631578947368421,26.228070175438596,0.5112781954887218,10.226440887811295,0.631578947368421,6.31633113658933,5.0
2020-12-13,347,6885750,500,367,7.261373125658062e-05,0.0147319041152482,0.894687336262293,0.0003521412214359485,0.268,0.019459773453383677,267.9902701132733,0.01907356948228883,19.072877005906232,0.316,0.011472553006099333,157.99426372349697,0.0681198910081744,34.05870893911827,0.336,0.004879607307792849,67.19951203926922,0.09536784741144415,19.073430982989674,0.348,0.00252693949867844,34.799747306050136,0.11171662125340599,11.171581004322524,0.378,0.0013723995207493738,18.900000000000002,0.15258855585831063,7.629427792915532,0.434,0.0006302862719583604,8.679987394274562,0.22888283378746593,4.577650027744341,0.608,0.0004414914860400102,6.08,0.4659400544959128,4.659400544959128,0.14975429934269244,0.8697636949516647,0.19047619047619047,18.984126984126984,0.4217687074829932,8.436097595127244,0.5714285714285714,5.714775790247489,38.55508932072182
2020-12-14,348,6885750,519,407,7.537305304433069e-05,0.008914323750668243,0.8799786176823168,0.0005462332641395231,0.2350674373795761,0.017717107173976183,235.05890312756551,0.02457002457002457,24.56913254183077,0.2774566473988439,0.01045599767644496,138.723287091678,0.07862407862407862,39.31061206692923,0.3198458574181118,0.004821516744604839,63.968706982972584,0.13267813267813267,26.535433851940287,0.35452793834296725,0.002672165906648465,35.452536400201666,0.1769041769041769,17.690289234626857,0.394990366088632,0.0014885814907599027,19.749518304431597,0.2285012285012285,11.425061425061426,0.47398843930635837,0.0007145180778882796,9.479755018919501,0.32923832923832924,6.58475702189105,0.5452793834296724,0.0004109937189122463,5.452793834296725,0.4201474201474201,4.201474201474202,0.13242413721571195,0.8561050924394975,0.17532467532467533,17.474025974025974,0.3961038961038961,7.922757345570382,0.5324675324675324,5.325131986366978,38.600518131237564
2020-12-15,349,6885750,609,474,8.84435246705152e-05,0.015335097243767316,0.8756357861395635,0.0009315715138629841,0.23809523809523808,0.021057217542840546,238.08659391726485,0.02109704641350211,21.096280473681695,0.29720853858784896,0.013142608190531513,148.59887413456875,0.0970464135021097,48.521445089467896,0.37438423645320196,0.006622324203433152,74.87630358586178,0.1962025316455696,39.24022139122487,0.41379310344827586,0.0036597054808446368,41.379009876397305,0.2468354430379747,24.68336506867371,0.4367816091954023,0.0019315252514250445,21.839080459770116,0.27637130801687765,13.818565400843882,0.5385878489326765,0.0009526907705177061,10.77174133512692,0.40717299578059074,8.143448089088794,0.6174055829228243,0.0005460552590494862,6.174055829228243,0.5084388185654009,5.084388185654008,0.17377823290191655,0.8437171402541748,0.21637426900584794,21.56530214424951,0.3742690058479532,7.486022087809575,0.5146198830409356,5.146640185369082,27.51363298439521
2020-12-16,350,6885750,657,505,9.541444287114693e-05,0.017869546567572225,0.9060657314232256,0.0008041496143769192,0.2480974124809741,0.023671216961951787,248.08840516858376,0.02178217821782178,21.78138740391611,0.2785388127853881,0.013287830380482138,139.26435014064668,0.061386138613861385,30.69195497824543,0.3272450532724505,0.0062447355427110865,65.44853540825397,0.12475247524752475,24.950313875966295,0.3881278538812785,0.0037032734032356445,38.81250355605759,0.20396039603960395,20.39589150178197,0.4337899543378995,0.0020694913408125476,21.689497716894977,0.2633663366336634,13.16831683168317,0.589041095890411,0.0011240589274096105,11.780804808844332,0.46534653465346537,9.306917176869653,0.700152207001522,0.0006680463275605417,7.001522070015221,0.6099009900990099,6.099009900990099,0.19710142588877916,0.8727026353498224,0.23979591836734693,23.89965986394558,0.42346938775510207,8.470114117688244,0.5816326530612245,5.81682535793048,24.166091947189145
2020-12-17,351,6885750,750,573,0.00010892059688487092,0.015473627935680155,0.8857065189058297,0.0012750656128461147,0.248,0.02701132733081615,247.9909962242231,0.015706806282722512,15.706236038521135,0.30533333333333335,0.0166279407493465,152.66112401975022,0.09075043630017451,45.37357077794995,0.392,0.008539312788637485,78.39943071248076,0.20418848167539266,40.83739979948111,0.44266666666666665,0.004821516744604839,44.266345232217034,0.2705061082024433,27.050414397092187,0.4786666666666667,0.0026068329521112443,23.933333333333337,0.31762652705061084,15.881326352530541,0.556,0.001211195278371596,11.119983850729623,0.418848167539267,8.376951185151698,0.7093333333333334,0.0007726101005700178,7.093333333333334,0.6195462478184991,6.195462478184991,0.21152873054125254,0.863216420833901,0.21951219512195122,21.87804878048781,0.43902439024390244,8.781240848429068,0.6195121951219512,6.195653265280509,22.169773466176586
2020-12-18,352,6885750,806,598,0.00011705333478560796,0.022494035577197053,0.9061535187519179,0.0009521600687350916,0.2518610421836228,0.029480104559976763,251.85189823059554,0.008361204013377926,8.360900455288565,0.3052109181141439,0.01786232936392681,152.59991863233128,0.06354515050167224,31.77142173009655,0.34739454094292804,0.008132678846321415,69.4784036799723,0.12040133779264214,24.080092703990406,0.4044665012406948,0.004734380899822824,40.44635642798388,0.19732441471571907,19.732298187992136,0.46898263027295284,0.0027447990414987476,23.449131513647643,0.2842809364548495,14.214046822742477,0.5583126550868487,0.0013070452644297797,11.166236885294486,0.40468227424749165,8.093633730770941,0.7903225806451613,0.0009250989362088371,7.903225806451613,0.717391304347826,7.173913043478262,0.26921829013921234,0.9032848368308556,0.23636363636363636,23.557575757575755,0.5045454545454545,10.091774520505222,0.7136363636363636,7.136975674411351,21.106708071022865
2020-12-19,353,6885750,710,475,0.00010311149838434448,0.026133702732169625,0.9221390357178568,0.0006281577909668693,0.3211267605633803,0.03311065930874237,321.11510188052506,0.004210526315789474,4.210373450326368,0.3591549295774648,0.018515829218704618,179.5709451305568,0.042105263157894736,21.051867251631837,0.4154929577464789,0.00856835807023149,83.09798814379786,0.12631578947368421,25.26297445085309,0.43802816901408453,0.004516541287867786,43.80249883512057,0.16,15.999883818873625,0.48450704225352115,0.002497912355226373,24.225352112676056,0.2294736842105263,11.473684210526317,0.5859154929577465,0.0012082907333395296,11.718292840975586,0.38105263157894737,7.621041563733667,0.7563380281690141,0.0007798714736956758,7.56338028169014,0.6357894736842106,6.3578947368421055,0.23640871707803843,0.9183025169383244,0.21761658031088082,21.689119170984455,0.5699481865284974,11.399941343239808,0.7461139896373057,7.46177978830242,17.690699752267108
2020-12-20,354,6885750,601,384,8.728170497040991e-05,0.03415131499287686,0.9405159901093478,0.0006300571339945293,0.3527454242928453,0.030787104269532385,352.73261767709255,0.0026041666666666665,2.604072120970084,0.40099833610648916,0.017499273889050246,200.49188882117758,0.0625,31.24886545164101,0.4509151414309484,0.00787127131197537,90.18237343832679,0.140625,28.124795775363793,0.47420965058236275,0.00413895262714572,47.420620719415375,0.17708333333333334,17.708204747451276,0.519134775374376,0.0022655484152053155,25.956738768718804,0.24739583333333334,12.369791666666666,0.6622296173044925,0.0011560089227623386,13.2445731113324,0.4713541666666667,9.427069642639301,0.78369384359401,0.0006840213484369895,7.8369384359401,0.6614583333333334,6.614583333333333,0.282915434610882,0.931942664646506,0.24468085106382978,24.386524822695034,0.5957446808510638,11.915915477537315,0.7712765957446809,7.713427429655852,12.529964086141668
2020-12-21,355,6885750,323,216,4.690847039175108e-05,0.011973156305819464,0.9425192055276298,0.0004409689253745612,0.3157894736842105,0.014812663374963694,315.77800877447754,0.0,0.0,0.3684210526315789,0.008640720302062156,184.2038384517786,0.05555555555555555,27.776769290347566,0.4241486068111455,0.003979203578378693,84.82910538644298,0.1388888888888889,27.777576074433377,0.47987616099071206,0.0022510093235353916,47.987267645615546,0.2222222222222222,22.2220608595467,0.5541795665634675,0.001299785789492793,27.708978328173373,0.3333333333333333,16.666666666666668,0.6965944272445821,0.0006535226322148898,13.93186831199281,0.5462962962962963,10.925910058503991,0.7832817337461301,0.00036742548015829794,7.8328173374613,0.6759259259259259,6.7592592592592595,0.25408411495434624,0.9256377871764891,0.30327868852459017,30.22677595628415,0.6557377049180327,13.115878862863088,0.7786885245901639,7.787553074824959,11.045361017187261
2020-12-22,356,6885750,219,128,3.180481429038231e-05,0.015437001571622117,0.9394451944421475,0.00020905301799525335,0.4063926940639269,0.012924774905605577,406.377939754674,0.0,0.0,0.4429223744292237,0.007043276212605286,221.45314694496278,0.046875,23.436649088730757,0.4748858447488584,0.0030207092857765256,94.97647929011741,0.1015625,20.312352504429406,0.5296803652968036,0.0016846263324522932,52.967651911796246,0.1953125,19.531108177335966,0.6118721461187214,0.0009730239988381803,30.593607305936075,0.3359375,16.796875,0.6986301369863014,0.0004443953899061251,13.972582447699091,0.484375,9.68748593111,0.8082191780821918,0.0002570526086482954,8.082191780821919,0.671875,6.71875,0.15981870073077933,0.9126644341558269,0.2988505747126437,29.785440613026818,0.6206896551724138,12.414857751227304,0.7931034482758621,7.931714674395221,8.602325267042627
2020-12-23,357,6885750,142,91,2.0622299676868895e-05,0.009587950193603426,0.8987840279257433,0.00011102896070137739,0.3591549295774648,0.007406331687481847,359.1418902611136,0.0,0.0,0.3732394366197183,0.003848388033691548,186.61294297881395,0.02197802197802198,10.988612026950685,0.4084507042253521,0.0016846263324522932,81.68954766678435,0.07692307692307693,15.384503671993869,0.4647887323943662,0.0009584942926021667,46.478535741446265,0.16483516483516483,16.483396791422003,0.528169014084507,0.0005446029844243547,26.408450704225356,0.26373626373626374,13.186813186813186,0.647887323943662,0.0002672181429500883,12.95772766069416,0.45054945054945056,9.010975924577327,0.7464788732394366,0.0001539411102639509,7.464788732394366,0.6043956043956044,6.043956043956044,0.11495715088110593,0.8681395369429558,0.23076923076923078,23.0,0.5769230769230769,11.539451114922812,0.6794871794871795,6.795454545454546,14.541322061754876
2020-12-24,358,6885750,194,171,2.817412772755328e-05,0.0022663729219438464,0.8876052963953567,0.00013509071370904156,0.12371134020618557,0.0034853325588149867,123.70684879824894,0.005847953216374269,5.847740903231066,0.12371134020618557,0.0017426662794074934,61.85342439912447,0.005847953216374269,2.923870451615533,0.12886597938144329,0.0007261320398501263,25.773008728855707,0.011695906432748537,2.339164301004916,0.14948453608247422,0.0004211565831130733,14.948345062736312,0.03508771929824561,3.5087464515073736,0.2422680412371134,0.0003412845369059289,12.11340206185567,0.14035087719298245,7.017543859649123,0.422680412371134,0.00023817269262942653,8.453595970479762,0.34502923976608185,6.900574773791994,0.6237113402061856,0.0001757252296409251,6.237113402061856,0.5730994152046783,5.730994152046783,0.06797534008787791,0.8656854943344001,0.14,13.953333333333335,0.37,7.400634648370497,0.57,5.70048885077187,42.5440947723653
2020-12-25,359,6885750,257,235,3.732345786588244e-05,0.0022371843865418494,0.8813227885135554,0.00017909959022672348,0.0933852140077821,0.0034853325588149867,93.3818236064603,0.00851063829787234,8.510329314489468,0.10116731517509728,0.001887888469358118,50.581821120166,0.01702127659574468,8.510329314489468,0.12062256809338522,0.0009004037294141567,24.124338442854203,0.03829787234042553,7.659518849460778,0.1245136186770428,0.0004647245055040809,12.451271454376363,0.0425531914893617,4.255288249700432,0.17509727626459143,0.0003267617906546128,8.754863813229573,0.09787234042553192,4.8936170212765955,0.3852140077821012,0.00028754995817455154,7.704268966927698,0.3276595744680851,6.55318197234181,0.6264591439688716,0.0002338162146461896,6.264591439688716,0.5914893617021276,5.914893617021277,0.06943925806920355,0.8496014155033382,0.078125,7.786458333333333,0.3203125,6.40679942109777,0.5234375,5.234823917238422,57.271284253105414
2020-12-26,360,6885750,264,225,3.834005010347457e-05,0.014213461026832823,0.8767893342032919,0.00016655140370364706,0.15151515151515152,0.005808887598024978,151.5096506746231,0.0044444444444444444,4.44428308645561,0.1590909090909091,0.0030496659889631137,79.54256660417713,0.013333333333333334,6.666424629683415,0.17045454545454544,0.0013070376717302275,34.09066154589551,0.02666666666666667,5.333294606291208,0.19696969696969696,0.0007551773214441314,19.696826670961848,0.057777777777777775,5.777735823482142,0.24242424242424243,0.00046472788004211596,12.121212121212121,0.1111111111111111,5.555555555555555,0.42803030303030304,0.000328213588623478,8.560593628273159,0.3288888888888889,6.577768225051893,0.6477272727272727,0.00024833896089750574,6.4772727272727275,0.5866666666666667,5.866666666666666,0.10257217388552063,0.850436907245862,0.19491525423728814,19.426553672316384,0.4067796610169492,8.136290955606595,0.5677966101694916,5.673587207529084,48.99972800071327
2020-12-27,361,6885750,232,207,3.369277130305341e-05,0.0047420641122924555,0.8268915392547393,0.0002328737256478005,0.11637931034482758,0.003920999128666861,116.37508513024927,0.00966183574879227,9.661484970555675,0.14224137931034483,0.0023961661341853034,71.11810757959677,0.03864734299516908,19.32296994111135,0.1810344827586207,0.0012199018269482122,36.20663364184763,0.0821256038647343,16.425001504882346,0.25,0.0008423131662261466,24.999818466990035,0.15942028985507245,15.94191322532698,0.3232758620689655,0.0005446029844243547,16.163793103448274,0.24154589371980675,12.077294685990339,0.43103448275862066,0.0002904545032066177,8.620677135581756,0.36231884057971014,7.246366287880319,0.646551724137931,0.00021784119376974185,6.46551724137931,0.6038647342995169,6.038647342995169,0.09122587661344617,0.8307695905483183,0.21428571428571427,21.357142857142858,0.4387755102040816,8.776262820737214,0.6020408163265306,6.020924493296461,49.31021080644447
2020-12-28,362,6885750,228,216,3.311186145300076e-05,0.0006118762491510488,0.7845469201822856,0.00018008181037033232,0.06140350877192982,0.0020331106593087424,61.4012794839262,0.009259259259259259,9.258923096782523,0.07894736842105263,0.00130699970955562,39.4722510968097,0.027777777777777776,13.888384645173783,0.11842105263157894,0.0007842226030381365,23.684038547674774,0.06944444444444445,13.888788037216688,0.15789473684210525,0.000522815068692091,15.789359031783185,0.1111111111111111,11.11103042977335,0.2149122807017544,0.000355807283157245,10.74561403508772,0.1712962962962963,8.564814814814815,0.3157894736842105,0.00020912724230876475,6.3157803014367415,0.2777777777777778,5.555547487374912,0.6052631578947368,0.0002004138982681625,6.052631578947369,0.5833333333333334,5.833333333333334,0.038451491471540145,0.7505005366284536,0.07692307692307693,7.666666666666667,0.2967032967032967,5.934574859103161,0.5054945054945055,5.05537858368047,51.12239067374693
