date,day,n_land,n_fire,n_new,base_rate,auc_pr,roc_auc,auc_pr_new,tpr_0.001,prec_0.001,lift_0.001,tpr_new_0.001,lift_new_0.001,tpr_0.002,prec_0.002,lift_0.002,tpr_new_0.002,lift_new_0.002,tpr_0.005,prec_0.005,lift_0.005,tpr_new_0.005,lift_new_0.005,tpr_0.01,prec_0.01,lift_0.01,tpr_new_0.01,lift_new_0.01,tpr_0.02,prec_0.02,lift_0.02,tpr_new_0.02,lift_new_0.02,tpr_0.05,prec_0.05,lift_0.05,tpr_new_0.05,lift_new_0.05,tpr_0.1,prec_0.1,lift_0.1,tpr_new_0.1,lift_new_0.1,cell_auc_pr,cell_roc_auc,cell_tpr_0.01,cell_lift_0.01,cell_tpr_0.05,cell_lift_0.05,cell_tpr_0.1,cell_lift_0.1,median_dist_fire_px
2019-01-14,13,6885750,2836,2109,0.0004118650836873253,0.016603366135287637,0.8470575149142866,0.0016904320300950256,0.11918194640338504,0.04908510020331107,119.17761943757024,0.0,0.0,0.19992947813822284,0.04117049085100203,99.96110979453005,0.0,0.0,0.2933709449929478,0.024165674286212205,58.67376294650412,0.049786628733997154,9.957253443466872,0.36283497884344146,0.0149437973801156,36.28323441824083,0.14319582740635373,14.319478761557122,0.42665726375176305,0.008786261482046255,21.332863187588153,0.22901849217638692,11.450924608819346,0.5074047954866009,0.0041796403011432285,10.148081171931237,0.33760075865339023,6.752005367301741,0.5705218617771509,0.0023497803434629487,5.705218617771509,0.422475106685633,4.224751066856331,0.2642711135550117,0.8234110444538585,0.15632754342431762,15.58064516129032,0.43672456575682383,8.735240413877053,0.5210918114143921,5.21136501964256,16.217157508751608
2019-01-15,14,6885750,2575,1958,0.0003739607159713902,0.01577130868305589,0.8534072963407564,0.0018569741755584145,0.1250485436893204,0.046761545164101075,125.04400373347922,0.0,0.0,0.1953398058252427,0.03652338077258205,97.66635695332305,0.0,0.0,0.29941747572815536,0.022393912108977898,59.883060312386235,0.07865168539325842,15.73022285563418,0.37281553398058254,0.013941735165122426,37.281282684754075,0.1751787538304392,17.517748180138064,0.4361165048543689,0.008154522020114003,21.805825242718445,0.25842696629213485,12.92134831460674,0.5095145631067961,0.0038107630820708245,10.190276463055993,0.35495403472931564,7.099070384786531,0.5572815533980583,0.002084014087063864,5.572815533980583,0.4177732379979571,4.17773237997957,0.23421674288118963,0.8225150962233299,0.14814814814814814,14.765432098765432,0.43386243386243384,8.677992866672112,0.5105820105820106,5.106257997767432,16.97056274847714
2019-01-16,15,6885750,2347,1515,0.0003408488545183894,0.02679637995219312,0.8913070897652575,0.0018701591954685176,0.1798040051129101,0.06128376415916352,179.797477230064,0.0,0.0,0.2897315722198551,0.04937554458321231,144.8605266782506,0.0,0.0,0.40391989774179804,0.02753492695111679,80.78339295000104,0.07656765676567656,15.313420156677727,0.4733702599062633,0.016134653925469807,47.3366822613139,0.18415841584158416,18.415707860832267,0.5462292288027268,0.009309080347093636,27.31146144013635,0.297029702970297,14.85148514851485,0.6493395824456754,0.004426526628868854,12.986772788552923,0.45676567656765676,9.135300264388368,0.7337025990626331,0.0025008169044766367,7.337025990626333,0.5874587458745875,5.874587458745875,0.24635651969639416,0.8337565554038007,0.166189111747851,16.563514804202484,0.4699140401146132,9.399086829805325,0.5358166189111748,5.358625723090231,7.280109889280518
2019-01-17,16,6885750,2141,1120,0.0003109319972406782,0.048501686829726116,0.9129457664628041,0.001462457487453241,0.28678187762727697,0.08916642462968341,286.7714658542002,0.0,0.0,0.40681924334423164,0.06324426372349695,203.4022367744368,0.0,0.0,0.5296590378327884,0.03293734932760173,105.93103836176255,0.10089285714285715,20.178424905499103,0.6006539000467072,0.01867611606494525,60.06495385062904,0.23660714285714285,23.660542477687,0.6464269033162073,0.010049740405910758,32.32134516581037,0.32410714285714287,16.205357142857142,0.6870621205044372,0.0042725857421693466,13.741222454060056,0.4017857142857143,8.035702615667281,0.7239607659971976,0.002251025668953999,7.239607659971976,0.47232142857142856,4.723214285714286,0.2883576102314163,0.8642111414167667,0.2070063694267516,20.63163481953291,0.5095541401273885,10.191956823371317,0.5828025477707006,5.828525308365471,3.1622776601683795
2019-01-18,17,6885750,2040,1014,0.00029626402352684895,0.056978605146776114,0.9056085379860016,0.0012209788452161054,0.3299019607843137,0.09773453383677026,329.8899835130102,0.0,0.0,0.45245098039215687,0.06702004066221319,226.2172769558012,0.0,0.0,0.567156862745098,0.03360539080426385,113.43054888748028,0.1291913214990138,25.83807667988714,0.611764705882353,0.018124255714659154,61.1760263662815,0.21893491124260356,21.89333214860666,0.6377450980392156,0.009447046436481138,31.88725490196078,0.27120315581854043,13.560157790927022,0.6867647058823529,0.004069267589924714,13.73527417025691,0.3698224852071006,7.39643896248139,0.7401960784313726,0.0021929346839487346,7.401960784313725,0.47731755424063116,4.773175542406312,0.31934622497442644,0.8639113419229013,0.24354243542435425,24.273062730627306,0.5313653136531366,10.628217705847728,0.6125461254612546,6.125986594342788,3.0
2019-01-19,18,6885750,2482,1344,0.0003604545619576662,0.06457336028282758,0.8846106532323541,0.0023513122033549873,0.3166800966962127,0.11414464130119083,316.66859945192374,0.0,0.0,0.4254633360193392,0.07667731629392971,212.72394466999458,0.0,0.0,0.5515713134568896,0.03976299050219292,110.313461664172,0.171875,34.3747503921113,0.6107977437550363,0.02201632344825583,61.079330855692014,0.28125,28.124795775363793,0.6466559226430298,0.011654503866681189,32.33279613215149,0.3474702380952381,17.373511904761905,0.7147461724415793,0.005152662886885398,14.294902688707143,0.4732142857142857,9.464271969563688,0.7538275584206285,0.0027172058236212466,7.538275584206285,0.5453869047619048,5.4538690476190474,0.3380926794437635,0.845450465339839,0.23793103448275862,23.71379310344828,0.5344827586206896,10.690571952445733,0.6206896551724138,6.207428875613651,3.605551275463989
2019-01-20,19,6885750,2572,1481,0.0003735250335838507,0.06575567445469525,0.8297410228190776,0.0018583015010606384,0.3048211508553655,0.11385419692128958,304.8100841565979,0.0,0.0,0.40863141524105756,0.07631426081905315,204.3082898269033,0.008102633355840648,4.051169592650286,0.5062208398133748,0.03781695663539458,101.24343279633291,0.1424713031735314,28.494053728750295,0.5614307931570762,0.02097069331087165,56.14267164282055,0.23835246455097908,23.83507337973662,0.5960342146189735,0.011131685001633808,29.801710730948678,0.29844699527346386,14.922349763673195,0.6271384136858476,0.0046850311367227435,12.542750058199312,0.3524645509790682,7.049280782089759,0.6730171073094868,0.002513887376102821,6.730171073094868,0.43214044564483456,4.321404456448346,0.3495373075444228,0.8422453182090346,0.2251655629139073,22.44150110375276,0.5231788079470199,10.464473549691593,0.5860927152317881,5.861429804732317,4.73606797749979
2019-01-21,20,6885750,2414,1502,0.00035057909450677123,0.047395017011311595,0.8956855136105005,0.0027206960808973234,0.2642916321458161,0.0926517571884984,264.2820368934146,0.0,0.0,0.36743993371996686,0.06440604124310195,183.71329680600218,0.013981358189081226,6.990425294108775,0.47265948632974314,0.033140666298759766,94.5312108395547,0.15246338215712382,30.492455014331387,0.5368682684341343,0.018821342472915274,53.68643700616253,0.255659121171771,25.565726474897932,0.6114333057166529,0.0107177867334713,30.571665285832644,0.3754993342210386,18.77496671105193,0.6942833471416736,0.004868017473742913,13.885646777061003,0.5086551264980027,10.173087755842847,0.7311516155758078,0.002563264713357296,7.311516155758079,0.5679094540612517,5.679094540612517,0.3304176231899403,0.8489648208033886,0.21337579617834396,21.086230163014143,0.5063694267515924,10.128257093225244,0.589171974522293,5.892225038511542,6.324555320336759
2019-01-22,21,6885750,1942,1061,0.0002820317322005591,0.050010114464364194,0.9318853159018927,0.002913446554052912,0.29299691040164777,0.08263142608190531,292.98627298840347,0.0,0.0,0.4212152420185376,0.0593958756898054,210.59997478428298,0.0,0.0,0.5612770339855818,0.03165935693746551,112.25459167464116,0.19698397737983034,39.39650940321145,0.6421215242018538,0.018109733073862152,64.21168615517318,0.3449575871819039,34.495508233433945,0.7116374871266735,0.010035217659659442,35.581874356333685,0.472196041470311,23.609802073515553,0.787847579814624,0.004443953899061251,15.756928712904744,0.6116870876531574,12.233723986336233,0.8125643666323378,0.0022916893584576845,8.125643666323379,0.6569274269557022,6.569274269557022,0.3343765387087851,0.8607965475384509,0.22033898305084745,21.96045197740113,0.5457627118644067,10.916190365438846,0.6271186440677966,6.271724278280082,3.605551275463989
2019-01-23,22,6885750,1512,845,0.0002195839233198998,0.038601386881256826,0.93163874277988,0.0019677421615513545,0.294973544973545,0.06476909671797851,294.96283579750036,0.0,0.0,0.40145502645502645,0.044074934650014524,200.72022570524967,0.0,0.0,0.5257936507936508,0.02309099886723402,105.15796656749778,0.1514792899408284,30.29563800023408,0.6130952380952381,0.013462488018821342,61.30907862142795,0.3076923076923077,30.769007343987738,0.6818783068783069,0.007486475692553462,34.09391534391534,0.4307692307692308,21.53846153846154,0.7817460317460317,0.0034331722279022214,15.634897928755107,0.6094674556213018,12.18933141016933,0.8121693121693122,0.00178339323966162,8.121693121693122,0.663905325443787,6.6390532544378695,0.2842843411670779,0.8331078602951557,0.21862348178137653,21.789473684210527,0.4939271255060729,9.879389726460232,0.5789473684210527,5.789970208540218,4.123105625617661
2019-01-24,23,6885750,1148,649,0.0001667211269651091,0.03247834655848198,0.9143106302374555,0.0011601545363979433,0.30662020905923343,0.051118210862619806,306.60907704467274,0.0,0.0,0.4076655052264808,0.03398199244844612,203.82535235356087,0.0,0.0,0.514808362369338,0.017165761422056988,102.96092483617501,0.14175654853620956,28.351103839298407,0.5740418118466899,0.009570420285224665,57.40376435451719,0.2465331278890601,24.65313377330296,0.6367595818815331,0.005308063754856043,31.837979094076655,0.3574730354391371,17.873651771956858,0.7526132404181185,0.002509526907705177,15.052242948371884,0.5624036979969184,11.248057624669697,0.7770034843205574,0.0012954289656173983,7.7700348432055755,0.6055469953775039,6.055469953775039,0.22970497594586922,0.8100854495630972,0.20673076923076922,20.604166666666668,0.4567307692307692,9.135398799313894,0.5480769230769231,5.481239279588336,4.242640687119285
2019-01-25,24,6885750,878,388,0.00012750971208655556,0.052678455025269216,0.9444214326245362,0.001161919163458424,0.4328018223234624,0.055184432181237295,432.78610921634936,0.0,0.0,0.5387243735763098,0.034345047923322686,269.3524074464911,0.010309278350515464,5.154452033260373,0.6605922551252847,0.01684626332452293,132.1174916706535,0.23195876288659795,46.391415711940276,0.7175398633257403,0.009149263702111592,71.75346530388941,0.36082474226804123,36.08221222039799,0.7619589977220956,0.004857858621065243,38.097949886104786,0.46134020618556704,23.067010309278352,0.8223234624145785,0.00209708151315178,16.4464453635363,0.5979381443298969,11.958745519215272,0.8656036446469249,0.0011037287151000254,8.65603644646925,0.6958762886597938,6.958762886597937,0.23594151465752564,0.851934182917204,0.2596685082872928,25.880294659300187,0.569060773480663,11.38219156013381,0.6408839779005525,6.409389422211271,2.23606797749979
2019-01-26,25,6885750,927,419,0.00013462585774970046,0.06648255025718958,0.9478693904814347,0.0013545103265304895,0.46601941747572817,0.06273598605866977,466.0024983856369,0.0,0.0,0.5706580366774542,0.03841126924194017,285.3186593125022,0.050119331742243436,25.058756066232412,0.6623516720604099,0.017833802898719102,132.46937250254052,0.2529832935560859,50.596291312667184,0.7001078748651565,0.00942519387725464,70.01027911575636,0.33651551312649164,33.651306957953175,0.7572815533980582,0.005097483934211959,37.86407766990292,0.4630071599045346,23.15035799522673,0.8187702265372169,0.0022045496793382286,16.3753807491944,0.5990453460620525,11.980889521699211,0.8878101402373247,0.001195222016483317,8.878101402373249,0.7517899761336515,7.5178997613365155,0.2509645333522182,0.8610732656301836,0.29012345679012347,28.915637860082306,0.5432098765432098,10.86512928022362,0.6666666666666666,6.667238421955403,2.23606797749979
2019-01-27,26,6885750,1055,553,0.0001532149729513851,0.06768390341030578,0.938419142351433,0.0026278507962208125,0.44075829383886256,0.06752831832704037,440.74229186769503,0.0,0.0,0.524170616113744,0.04015393552134766,262.07579290627456,0.0922242314647378,46.11044160676142,0.6436018957345971,0.019721746202329433,128.71944446700465,0.32007233273056057,64.01400171656039,0.7175355450236967,0.010993639083330913,71.75303347682069,0.46112115732368897,46.111780897522316,0.7895734597156399,0.006048723813673166,39.47867298578199,0.5985533453887885,29.92766726943942,0.8303317535545024,0.002544381448089971,16.60661095373035,0.6763110307414105,13.526200971069766,0.8578199052132701,0.0013143085357441092,8.578199052132701,0.72875226039783,7.2875226039783,0.26526695691858776,0.865110288915558,0.30120481927710846,30.02008032128514,0.6024096385542169,12.049226063774825,0.6686746987951807,6.681590113668039,3.1622776601683795
2019-01-28,27,6885750,1025,578,0.00014885814907599027,0.06739392878082856,0.874560189263098,0.0016468768261264082,0.4195121951219512,0.062445541678768514,419.4969645020295,0.010380622837370242,10.380245963174868,0.49658536585365853,0.03695904734243392,248.28366852503842,0.10726643598615918,53.63127080973682,0.5814634146341463,0.017310987830027012,116.29183848839854,0.2577854671280277,51.55671905303136,0.6263414634146341,0.009323535391675622,62.63369153485894,0.3373702422145329,33.73677924611112,0.6653658536585366,0.0049522564716987984,33.26829268292683,0.40657439446366783,20.32871972318339,0.6907317073170731,0.0020564178827028536,13.814614083727975,0.4515570934256055,9.031128752832986,0.7141463414634146,0.0010630650255963403,7.1414634146341465,0.4930795847750865,4.930795847750865,0.25871073054643057,0.8351061659682699,0.32098765432098764,31.9917695473251,0.5123456790123457,10.247792389301823,0.5740740740740741,5.741233085572708,4.242640687119285
2019-01-29,28,6885750,940,493,0.00013651381476237156,0.07403894223167846,0.8429687395072365,0.0005214386508489696,0.46808510638297873,0.06389776357827476,468.0681122969207,0.018255578093306288,18.254915314548906,0.5276595744680851,0.03601510310775487,263.8202087491735,0.09939148073022312,49.69393613404981,0.5457446808510639,0.014900229457724592,109.14814360481608,0.13387423935091278,26.77465344943355,0.5574468085106383,0.007609863777629324,55.74427607107566,0.15618661257606492,15.618547845502905,0.5627659574468085,0.0038412663834731147,28.138297872340427,0.1663286004056795,8.316430020283976,0.5936170212765958,0.001620736127892927,11.872323183658215,0.22515212981744423,4.503036056703883,0.6319148936170212,0.0008626511273281777,6.319148936170213,0.29817444219066935,2.9817444219066935,0.21420505800647133,0.834470226446743,0.3082191780821918,30.71917808219178,0.4794520547945205,9.589863483634483,0.547945205479452,5.475226256294679,3.605551275463989
2019-01-30,29,6885750,987,382,0.00014333950550049013,0.12193303558508664,0.954204530585276,0.0010711721799596533,0.5916919959473151,0.08480975893116469,591.6705142454582,0.013089005235602094,13.088530032100946,0.662613981762918,0.0474876561138542,331.29496259976855,0.12827225130890052,64.13379715729465,0.713272543059777,0.020447878242179557,142.6534727518621,0.2591623036649215,51.83208436087987,0.7284701114488349,0.010441778733044816,72.8464821793955,0.29842931937172773,29.84271523808235,0.7304964539007093,0.005235450023599463,36.52482269503546,0.3036649214659686,15.18324607329843,0.7497467071935157,0.002149363323728971,14.994912367139579,0.35340314136125656,7.068052562471745,0.8186423505572442,0.0011734378971063428,8.186423505572442,0.5314136125654451,5.31413612565445,0.2623736003348083,0.9045406351757732,0.3695652173913043,36.833333333333336,0.5434782608695652,10.870497427101201,0.7101449275362319,7.10205831903945,1.4142135623730951
2019-01-31,30,6885750,981,392,0.00014246814072541117,0.10095418808091518,0.9554562396342297,0.0023369175122542043,0.5840978593272171,0.08321231484170781,584.0766533346479,0.03571428571428571,35.712989087589726,0.6880733944954128,0.049012489108335756,344.024206807057,0.2193877551020408,109.68989505473988,0.7522935779816514,0.02143541781637573,150.4576230673896,0.38010204081632654,76.0198561547248,0.780835881753313,0.011124342850503935,78.08302118537969,0.45153061224489793,45.15273335364527,0.7879714576962283,0.005613041426133682,39.39857288481142,0.46938775510204084,23.46938775510204,0.800203873598369,0.002280067850171949,16.004054229685522,0.5,9.99998547727484,0.8450560652395515,0.0012039356642341067,8.450560652395515,0.6122448979591837,6.122448979591837,0.196505163194147,0.8809133979667043,0.296875,29.588541666666668,0.515625,10.313384433962264,0.625,6.245179948586118,2.0
2019-02-01,31,6885750,921,363,0.0001337544929746215,0.11906905687651406,0.9590220543238829,0.0020113627965744284,0.6058631921824105,0.08103398199244845,605.8411959875157,0.03581267217630854,35.81137197763819,0.6818675352877307,0.04559976764449608,340.92138985677406,0.1928374655647383,96.41523224748742,0.745928338762215,0.01995410845508147,149.18458446751058,0.35537190082644626,71.07386407144276,0.7871878393051032,0.010528914577826832,78.71821232819882,0.46005509641873277,46.00517558112768,0.7947882736156352,0.005315325127981702,39.73941368078176,0.4793388429752066,23.96694214876033,0.8099891422366993,0.0021667905939213683,16.199759318234594,0.5179063360881543,10.35811167894033,0.8903365906623235,0.0011908651926079222,8.903365906623236,0.721763085399449,7.217630853994491,0.23505412891877475,0.8817436705447365,0.33070866141732286,32.960629921259844,0.4881889763779528,9.764616901446496,0.6062992125984252,6.063512108156292,2.0
2019-02-02,32,6885750,722,397,0.00010485422793450242,0.0540565786288401,0.9075016509748889,0.0019451652151442431,0.46814404432132967,0.04908510020331107,468.12704809549746,0.037783375314861464,37.78200356873472,0.5706371191135734,0.029915771129828638,285.3082009102736,0.21914357682619648,109.5678103493307,0.6454293628808865,0.013535101222806356,129.0849352422976,0.35516372795969775,71.03222980041502,0.6620498614958449,0.006941822300967208,66.20450541396808,0.3853904282115869,38.53876297682091,0.6731301939058172,0.003529027339069818,33.65650969529086,0.40554156171284633,20.27707808564232,0.6966759002770083,0.001460986151129287,13.933497770274915,0.44836272040302266,8.967241385163332,0.7590027700831025,0.0007958464945721236,7.590027700831024,0.5617128463476071,5.617128463476071,0.26029119906070086,0.8607367561905128,0.3333333333333333,33.22222222222222,0.48148148148148145,9.630455498380027,0.5555555555555556,5.556032018296169,3.605551275463989
2019-02-03,33,6885750,476,343,6.912827215626475e-05,0.011105730413591032,0.8469677566251373,0.0006876216734182901,0.28991596638655465,0.020040662213186174,289.90544082866955,0.014577259475218658,14.576730239832541,0.35084033613445376,0.012126052860877142,175.41379934198483,0.09912536443148688,49.560882815430645,0.4432773109243697,0.006128554416335067,88.65481842915796,0.22740524781341107,45.48071931020928,0.453781512605042,0.003136890412152546,45.37782175520881,0.24198250728862974,24.198075017611348,0.4642857142857143,0.0016047634607704317,23.214285714285715,0.2565597667638484,12.82798833819242,0.4894957983193277,0.0006767589924714192,9.789901748760663,0.2915451895043732,5.830895322026145,0.6302521008403361,0.0004356823875394837,6.302521008403361,0.4868804664723032,4.868804664723032,0.1847818525853208,0.8363689132919901,0.3247863247863248,32.370370370370374,0.452991452991453,9.06060606060606,0.5555555555555556,5.556032018296169,42.26644182787664
2019-02-04,34,6885750,454,339,6.59332679809752e-05,0.009548096672933874,0.812526203129038,0.00028382769023606894,0.2555066079295154,0.016845774034272436,255.49733162222782,0.0029498525073746312,2.949745411364343,0.2907488986784141,0.009584664536741214,145.36917144023306,0.05014749262536873,25.07283599659692,0.34140969162995594,0.004502018647070783,68.28144250895957,0.11799410029498525,23.598648700403572,0.3524229074889868,0.002323622527520404,35.242034843333975,0.13274336283185842,13.274239893977011,0.394273127753304,0.001299785789492793,19.7136563876652,0.1887905604719764,9.43952802359882,0.4251101321585903,0.0005605771911887722,8.502190295656582,0.23008849557522124,4.601763228480458,0.4845814977973568,0.00031950041752895473,4.845814977973569,0.30973451327433627,3.097345132743363,0.15874589021210997,0.8089792190162608,0.2833333333333333,28.23888888888889,0.45,9.000771869639795,0.5166666666666667,5.167109777015437,52.90547412628531
2019-02-05,35,6885750,416,270,6.041462440547507e-05,0.017352417855979078,0.8519544878902081,0.00023424131922131962,0.3557692307692308,0.021492884112692418,355.75631437252844,0.007407407407407408,7.407138477426017,0.39663461538461536,0.011980830670926517,198.31010767387565,0.07037037037037037,35.18390776777358,0.4254807692307692,0.005141014842138894,85.09553593571609,0.11481481481481481,22.96279622153159,0.42788461538461536,0.0025850300618664498,42.78815083773295,0.11851851851851852,11.85176579175824,0.4519230769230769,0.0013651381476237157,22.596153846153847,0.15555555555555556,7.777777777777778,0.47115384615384615,0.0005692908262849707,9.423063238201292,0.18518518518518517,3.7036983249166067,0.5480769230769231,0.00033111861453000765,5.480769230769232,0.3037037037037037,3.0370370370370368,0.1498793291329565,0.8005793272373245,0.29365079365079366,29.267195767195766,0.4126984126984127,8.254676141468595,0.5,5.000428816466552,39.32377533542966
2019-02-06,36,6885750,390,262,5.663871038013288e-05,0.01675672942902599,0.8435993481375355,0.00031322048506834347,0.35128205128205126,0.01989544002323555,351.2692977948569,0.03435114503816794,34.3498979010405,0.38974358974358975,0.01103688643624746,194.86471994459217,0.0916030534351145,45.799863868054004,0.41025641025641024,0.004647245055040808,82.05068625063397,0.12213740458015267,24.42730354026508,0.4205128205128205,0.0023817130907084145,42.05097670344991,0.13740458015267176,13.740358241399107,0.46153846153846156,0.0013070471626184512,23.07692307692308,0.1984732824427481,9.923664122137405,0.49743589743589745,0.0005634817362208383,9.948703500468302,0.25190839694656486,5.038160622138469,0.6,0.0003398322622807973,6.000000000000001,0.40458015267175573,4.0458015267175576,0.12146300081033526,0.7851459518150461,0.2366412213740458,23.585241730279897,0.366412213740458,7.328872769172352,0.4732824427480916,4.733230330090477,40.02449311285864
2019-02-07,37,6885750,530,400,7.697055513197545e-05,0.01372751113543753,0.8441373671456952,0.0006448066023518301,0.27547169811320754,0.02120243973279117,275.4616969623902,0.04,39.998547778100495,0.33584905660377357,0.012924774905605577,167.9184317099502,0.12,59.99782166715074,0.3660377358490566,0.0056347846292369805,73.20701558635574,0.16,31.99976763774725,0.38113207547169814,0.0029335734409945105,38.1129307949584,0.18,17.999869296232827,0.4037735849056604,0.0015539338488908252,20.18867924528302,0.21,10.5,0.4547169811320755,0.0006999953527279487,9.094326415182024,0.2775,5.549991939887536,0.5358490566037736,0.0004124459935373779,5.358490566037736,0.385,3.85,0.12068776059611097,0.7661506405921338,0.21476510067114093,21.404921700223717,0.3422818791946309,6.846224688316622,0.4161073825503356,4.161430692898339,45.84157506847613
2019-02-08,38,6885750,742,528,0.00010775877718476563,0.036878565221407374,0.8170656233224083,0.0016651250201278457,0.3288409703504043,0.03543421434795237,328.82903159893937,0.056818181818181816,56.816119002983655,0.4056603773584906,0.02185593958756898,202.82282481819828,0.16477272727272727,82.3833725543263,0.46900269541778977,0.01010775799471376,93.79985796779013,0.2537878787878788,50.75720719055553,0.5067385444743935,0.00546051293967295,50.67348648834639,0.3068181818181818,30.681595391305954,0.5134770889487871,0.0027665831608757216,25.673854447439354,0.3162878787878788,15.81439393939394,0.5808625336927223,0.0012518589088205223,11.617233802440582,0.4109848484848485,8.21968503245697,0.6684636118598383,0.0007203282140652797,6.684636118598383,0.5340909090909091,5.340909090909091,0.12634377028629215,0.791753713205509,0.18633540372670807,18.57142857142857,0.33540372670807456,6.708649840725313,0.4782608695652174,4.783018867924528,12.144800794664137
2019-02-09,39,6885750,1173,889,0.00017035181352793814,0.03481737042314084,0.8443070095556835,0.0017277613026191133,0.2753623188405797,0.0469067673540517,275.3523216608367,0.043869516310461196,43.86792360365352,0.3393009377664109,0.028899215800174266,169.6443096300511,0.12823397075365578,64.11465757457053,0.3836317135549872,0.013070376717302275,76.72578557644002,0.18672665916760406,37.34506065710098,0.4151747655583973,0.00707252606814023,41.51717508414031,0.2283464566929134,22.834479859612948,0.4279624893435635,0.003645209309080347,21.398124467178175,0.2452193475815523,12.260967379077615,0.48508098891730606,0.0016526861232456548,9.701605688950355,0.3205849268841395,6.411689226149222,0.597612958226769,0.0010180445122172602,5.976129582267689,0.46906636670416196,4.69066366704162,0.14860001847813883,0.8129148606673372,0.19387755102040816,19.32312925170068,0.3673469387755102,7.347568873175343,0.4897959183673469,4.898379248783562,34.058772731852805
2019-02-10,40,6885750,1811,1388,0.00026300693461133503,0.05110984110134204,0.8775719525723578,0.004031896497850931,0.2606294864715627,0.06854487365669475,260.6200241753649,0.035302593659942365,35.301311979951805,0.3335173937051353,0.04385710136508859,166.75264258678007,0.1304034582132565,65.19936192215589,0.417448923246825,0.021958232885067822,83.48917840328865,0.23991354466858789,47.98236051589443,0.4710104914411927,0.012387812599843156,47.100707128310326,0.30979827089337175,30.97960213488679,0.5207067918277195,0.006847474857495552,26.03533959138597,0.3746397694524496,18.73198847262248,0.5958034235229155,0.0031340040895994053,11.91605116507957,0.47262247838616717,9.452435840190628,0.6399779127553837,0.0016831862905275388,6.399779127553837,0.5302593659942363,5.302593659942363,0.16771882614327954,0.8175599660589002,0.1895734597156398,18.894154818325433,0.38388625592417064,7.678383585474706,0.5023696682464455,5.024127531236536,16.0
2019-02-11,41,6885750,1990,1505,0.00028900265040119087,0.04565518132178907,0.8840936253109988,0.00407590998813081,0.2542713567839196,0.07348242811501597,254.26212532310112,0.013953488372093023,13.952981783058313,0.32763819095477387,0.047342433923903575,163.8131479354367,0.11096345514950166,55.479713280255666,0.4206030150753769,0.02431090069418223,84.11999218842476,0.23388704318936876,46.77706897212222,0.47738693467336685,0.0137965087571524,47.73834682138801,0.3089700996677741,30.896785613688685,0.5256281407035176,0.007595396289438333,26.281407035175878,0.37275747508305646,18.63787375415282,0.607537688442211,0.003511594943768008,12.150736122638472,0.48106312292358805,9.621248485776722,0.6472361809045226,0.0018705297171695168,6.472361809045227,0.5335548172757475,5.335548172757474,0.2051127317992338,0.8248307440082386,0.20087336244541484,20.020378457059678,0.3799126637554585,7.59890492633345,0.4585152838427948,4.585546076235703,14.422205101855956
2019-02-12,42,6885750,2712,1788,0.0003938568783356933,0.07851401083803992,0.8422038913493681,0.004790849118086091,0.3049410029498525,0.12009875108916643,304.929931899789,0.0,0.0,0.4033923303834808,0.07943653790299157,201.68884250203695,0.09507829977628636,47.53742395327939,0.5058997050147492,0.039850126346974934,101.17920630298033,0.2505592841163311,50.111492945018064,0.5652654867256637,0.022263208341804872,56.52613821518543,0.34060402684563756,34.06015536106697,0.5995575221238938,0.011806992702320008,29.97787610619469,0.3926174496644295,19.630872483221477,0.6511799410029498,0.005129426526628869,13.023579906244372,0.470917225950783,9.41833084101277,0.6729351032448377,0.0026504011908651927,6.729351032448378,0.5039149888143176,5.039149888143177,0.22114296280494752,0.802834292402849,0.16423357664233576,16.368613138686133,0.4233576642335766,8.46787945562219,0.5255474452554745,5.255925179351705,6.708203932499369
2019-02-13,43,6885750,3706,2732,0.0005382129760737756,0.05412086037270994,0.6732962012883049,0.0012410557125993023,0.22881813275769022,0.12314841707812954,228.80982539010537,0.0,0.0,0.2784673502428494,0.07493465001452222,139.22862016662071,0.0212298682284041,10.614548733207487,0.3318942255801403,0.03572569636062622,66.37836311796599,0.09370424597364568,18.740713111418593,0.34889368591473285,0.018777774550524266,34.88911524858944,0.11676427525622254,11.676342739340882,0.37155963302752293,0.009998910794031151,18.577981651376145,0.14751098096632503,7.375549048316251,0.3917970858067998,0.00421739938656009,7.835930336213205,0.17496339677891654,3.4992628536876818,0.4187803561791689,0.0022539302182042623,4.1878035617916884,0.21156661786237188,2.115666178623719,0.25494867465295307,0.7868133347543906,0.20567375886524822,20.325099170573388,0.41843971631205673,8.369512061603592,0.5035460992907801,5.03589285062589,94.23109438141468
2019-02-14,44,6885750,3449,2611,0.0005008895182078931,0.036466403825529244,0.6407263565680492,0.001415247908036255,0.1928095100028994,0.09657275631716526,192.80250994807793,0.0,0.0,0.25398666280081184,0.06360731919837351,126.98872083798214,0.014553810800459595,7.276641208195226,0.3198028414033053,0.03203694559818757,63.96010384248191,0.10149368058215243,20.29858872080386,0.3531458393737315,0.017688576490749078,35.314327506864444,0.14553810800459593,14.553705120576351,0.36967236880255144,0.00925825073521403,18.483618440127575,0.16736882420528534,8.368441210264267,0.39982603653232823,0.0040053675992192585,7.996509117519285,0.20720030639601686,4.144000109694131,0.41345317483328503,0.002070943615437679,4.13453174833285,0.225201072386059,2.2520107238605895,0.2778941027049542,0.802679854566647,0.21132075471698114,21.061635220125787,0.46037735849056605,9.208336839379916,0.5509433962264151,5.50990646946503,94.02127418834527
2019-02-15,45,6885750,2892,1449,0.0004199978215880623,0.09252913997382664,0.9714942476449286,0.007388409884103219,0.3381742738589212,0.14202730177171072,338.16199625676245,0.0,0.0,0.4806362378976487,0.100929422015684,240.3093940679447,0.01932367149758454,9.661484970555675,0.6514522821576764,0.05472131052310552,130.28951035078626,0.30434782608695654,60.86912322397574,0.7506915629322268,0.031528653170292485,75.0686111920268,0.5024154589371981,50.24118107375776,0.8319502074688797,0.017470863740333298,41.59751037344398,0.6645962732919255,33.22981366459627,0.8789764868603043,0.007383353471512222,17.579504206938203,0.7584541062801933,15.1690600959628,0.9370677731673582,0.00393566423410667,9.370677731673583,0.8743961352657005,8.743961352657005,0.3782295311960837,0.8768097021844751,0.2669491525423729,26.60593220338983,0.5677966101694916,11.356906125534204,0.652542372881356,6.5259833706427886,3.0
2019-02-16,46,6885750,1549,666,0.00022495733943288677,0.052384983678683085,0.9305128125965962,0.001710963482573007,0.3537766300839251,0.0795817600929422,353.76378602968157,0.0,0.0,0.5112976113621691,0.05750798722044728,255.63952421122974,0.0,0.0,0.6649451258876695,0.029916640041825204,132.98805950161258,0.22072072072072071,44.143823599369796,0.7282117495158167,0.01638153881901885,72.82064617369855,0.36786786786786785,36.7865196661415,0.763718528082634,0.008590204407653488,38.1859264041317,0.45045045045045046,22.522522522522525,0.7953518398967075,0.0035783994795055302,15.907013696581798,0.524024024024024,10.480465259966724,0.8173014848289218,0.0018385796754166212,8.173014848289219,0.575075075075075,5.750750750750751,0.33942039768209314,0.8440319353610972,0.2549800796812749,25.413014608233734,0.5059760956175299,10.120389795876527,0.601593625498008,6.016452201485652,2.23606797749979
2019-02-17,47,6885750,1873,1035,0.000272011037287151,0.039793702294761264,0.8937067338815211,0.0012789370686918425,0.2952482648158035,0.08030787104269532,295.2375456659046,0.0,0.0,0.41217298451681794,0.05605576532094104,206.0790101754777,0.0,0.0,0.5146823278163374,0.027999651456620873,102.93571810861035,0.12173913043478261,24.347649289590297,0.5691404164442072,0.015481135089604693,56.91362837332915,0.22028985507246376,22.02882554772455,0.608115323011212,0.008270703990124532,30.40576615056059,0.29082125603864734,14.541062801932364,0.6529631607047517,0.003552258574216935,13.059244248485989,0.3719806763285024,7.439602722223794,0.7042178323545115,0.0019155502305485967,7.042178323545114,0.4647342995169082,4.6473429951690814,0.2851657122105832,0.8358600341486907,0.199288256227758,19.862396204033217,0.4626334519572954,9.253462578514617,0.5480427046263345,5.48089706573558,4.242640687119285
2019-02-18,48,6885750,2989,2032,0.00043408488545183897,0.042994290874054666,0.8967972012889102,0.0028800477511090926,0.2224824355971897,0.09657275631716526,222.47435825055894,0.0,0.0,0.30645700903312145,0.066511762997386,153.22294147181353,0.0044291338582677165,2.214486528069048,0.41217798594847777,0.035783786923814224,82.43499859841211,0.13533464566929135,27.066732592213622,0.485446637671462,0.021072351796450665,48.544311268788945,0.24311023622047245,24.310847091915512,0.5279357644697223,0.011458446792288421,26.396788223486112,0.30561023622047245,15.280511811023622,0.5791234526597524,0.005027767450506553,11.582452232293575,0.3809055118110236,7.6180991726483525,0.6590833054533288,0.0028609810115092765,6.590833054533289,0.4985236220472441,4.985236220472441,0.29313564493295147,0.8296494911256356,0.18292682926829268,18.23170731707317,0.4420731707317073,8.84222168765427,0.5579268292682927,5.579746789105969,9.899494936611665
2019-02-19,49,6885750,4271,3204,0.0006202664923937117,0.05351378263432407,0.8986947202776027,0.0051405653319555765,0.19316319363146803,0.11980830670926518,193.15618073596877,0.0,0.0,0.25801919925076094,0.08001742666279407,129.0049158612349,0.010923845193508116,5.461724298663848,0.3509716693982674,0.04353887710941358,70.19382417610501,0.1348314606741573,26.96609632394431,0.4326855537344884,0.02683784019286067,43.26824118660509,0.2437578027465668,24.37560327430614,0.5125263404354952,0.015895145772065498,25.626317021774756,0.350187265917603,17.50936329588015,0.5726996019667525,0.00710451714843387,11.453975405017212,0.4303995006242197,8.607977511337081,0.6642472488878483,0.004120103111498384,6.642472488878482,0.552434456928839,5.52434456928839,0.31032496377954155,0.8422505744447469,0.17455621301775148,17.397435897435898,0.47041420118343197,9.409090909090908,0.5502958579881657,5.503430531732419,12.0
2019-02-20,50,6885750,4732,3233,0.0006872163526122789,0.07675510890449828,0.9005377539963055,0.0076976119394608225,0.22590870667793744,0.15524252105721753,225.90050493865928,0.0,0.0,0.30790363482671174,0.10579436537902992,153.94622810833798,0.013918960717599753,6.95922769105522,0.43153000845308537,0.05931046501495832,86.3053749950865,0.1679554593257037,33.59084794946016,0.5420540997464074,0.03725057364431148,54.20501637179159,0.3297247138880297,32.97223196512388,0.6265849535080305,0.021529971317576155,31.329247675401525,0.45344880915558305,22.672440457779153,0.6851225697379544,0.009416534993958546,13.702431495065525,0.5391277451283637,10.782539243359137,0.7688081149619611,0.005283375086228806,7.688081149619612,0.6616145994432415,6.616145994432415,0.3225256835001378,0.8355574485818645,0.1772853185595568,17.66943674976916,0.49584487534626037,9.917748012714824,0.5706371191135734,5.706860588321938,6.708203932499369
2019-02-21,51,6885750,4127,2583,0.0005993537377918164,0.06993062160266954,0.9054881660160505,0.007640036579130228,0.2267991276956627,0.1359279697937845,226.790893629162,0.0,0.0,0.3290525805669978,0.098605866976474,164.52031706645406,0.0,0.0,0.4807366125514902,0.05762583868250603,96.14662435378384,0.17034456058846303,34.06866473240609,0.6098861158226314,0.03655348688605536,60.98816872441378,0.37669376693766937,37.66910316435355,0.7111703416525321,0.02131213012380641,35.55851708262661,0.5385210994967092,26.926054974835463,0.789677732008723,0.009465912259503672,15.793531703629128,0.6639566395663956,13.279113506408322,0.8068815119941847,0.004836074501688269,8.068815119941846,0.6914440572977159,6.914440572977158,0.3277548547897413,0.8324348800425975,0.19881305637982197,19.81503461918892,0.5103857566765578,10.208590580798182,0.5875370919881305,5.865813381569855,5.0
2019-02-22,52,6885750,2747,1613,0.00039893983952365395,0.04169825649788085,0.9235862514089251,0.003926071291456785,0.20458682198762287,0.08161487075225095,204.57939435104183,0.0,0.0,0.33818711321441575,0.06745570723206507,169.08741757305862,0.0,0.0,0.4958136148525664,0.039559673531034886,99.1620029182102,0.14135151890886546,28.27009850203957,0.6039315617036768,0.024093061082227193,60.39271763631084,0.3254804711717297,32.54781077537451,0.6985802693847833,0.013934575028137821,34.929013469239166,0.4866707997520149,24.333539987600744,0.7724790680742628,0.006163444558044428,15.44955892448286,0.6125232486050837,12.250447181088086,0.7939570440480525,0.0031674109574120466,7.939570440480524,0.6491010539367638,6.491010539367639,0.33165196436637306,0.8479903911109304,0.22115384615384615,22.041666666666668,0.5256410256410257,10.513722126929675,0.5865384615384616,5.865887650085763,4.242640687119285
2019-02-23,53,6885750,2242,1350,0.0003255999709545075,0.027995068426014996,0.9128714161810099,0.0022076201290021375,0.17752007136485282,0.05779843160034853,177.51362640147187,0.0,0.0,0.3033006244424621,0.04937554458321231,151.64480647361918,0.0,0.0,0.44826048171275645,0.02919050800197508,89.65144534995537,0.0837037037037037,16.740619180858516,0.5414808206958073,0.017630485927561067,54.14768888300786,0.23851851851851852,23.851678655913457,0.6195361284567351,0.010086047271539047,30.976806422836752,0.36814814814814817,18.40740740740741,0.7167707404103479,0.004667603866530347,14.335393989278026,0.5296296296296297,10.592577209261497,0.7582515611061552,0.002468866862723741,7.582515611061552,0.5985185185185186,5.985185185185186,0.3363685332494537,0.8569378838013608,0.20748299319727892,20.679138321995467,0.5272108843537415,10.545121993909056,0.6054421768707483,6.054941015857458,5.0990195135927845
2019-02-24,54,6885750,2532,1380,0.00036771593508332426,0.04430322395046543,0.9066026426523135,0.0029309015992793493,0.22156398104265404,0.08146964856230032,221.55593704101875,0.0,0.0,0.35308056872037913,0.06491431890792913,176.53387496851227,0.0,0.0,0.518957345971564,0.03816550001452264,103.79071553120033,0.11739130434782609,23.478090386390644,0.6224328593996841,0.02288768189607598,62.24283397152654,0.3072463768115942,30.72441457972109,0.6994470774091627,0.012859891805540428,34.972353870458136,0.44855072463768114,22.427536231884062,0.7665876777251185,0.0056377219072404495,15.331731288618059,0.5717391304347826,11.434766002275145,0.8013428120063191,0.0029466652143920417,8.01342812006319,0.6355072463768116,6.355072463768116,0.32301603607149115,0.849888210984656,0.19865319865319866,19.799102132435465,0.5286195286195287,10.573297295424224,0.5993265993265994,5.988643937230055,3.605551275463989
2019-02-25,55,6885750,3057,1825,0.0004439603529027339,0.05657925613157504,0.9346585235073577,0.005965830750678417,0.23061825318940138,0.10238164391519024,230.60988046745868,0.0,0.0,0.3464180569185476,0.07689514957885565,173.2027400106658,0.0,0.0,0.49885508668629375,0.04429405443085771,99.77029286793538,0.16054794520547946,32.109355883081996,0.629375204448806,0.027941560893432863,62.937063435379564,0.37917808219178084,37.917532885823796,0.7566241413150148,0.016795556039647098,37.83120706575074,0.5923287671232876,29.61643835616438,0.8220477592410861,0.007299121665582303,16.44093130807437,0.701917808219178,14.038335776864734,0.8537782139352306,0.003790436771593508,8.537782139352306,0.7550684931506849,7.550684931506849,0.3156249079422708,0.8530652945031685,0.18518518518518517,18.456790123456788,0.5117845117845118,10.236568082194154,0.5925925925925926,5.926434152849247,4.47213595499958
2019-02-26,56,6885750,3318,2113,0.000481864720618669,0.06173014750571273,0.9366012225674083,0.006111645997240633,0.24321880650994576,0.11719430729015394,243.20997631801612,0.0,0.0,0.339662447257384,0.08183270403717688,169.82505781313765,0.000473260766682442,0.23662179234560157,0.4680530440024111,0.04510732231548985,93.60992906385901,0.16469474680548982,32.93871018083306,0.5807715491259795,0.02798512881582387,58.07673319576829,0.34169427354472315,34.169179239312456,0.6907775768535263,0.016643067204008277,34.53887884267631,0.5144344533838144,25.721722669190726,0.7917420132610006,0.007630239799237847,15.8348172687167,0.6729768102224326,13.459516657534142,0.8462929475587704,0.004077987147369568,8.462929475587703,0.7586370089919545,7.586370089919545,0.30245647513870555,0.846438155771351,0.19488817891373802,19.423855165069224,0.46645367412140576,9.329873574493503,0.5527156549520766,5.522893960922166,5.743903072168841
2019-02-27,57,6885750,2842,1839,0.00041273644846240423,0.04585990601664042,0.8991937627743657,0.003436510261658228,0.2322308233638283,0.09584664536741214,232.22239209664255,0.0,0.0,0.3216045038705137,0.06636654080743537,160.79641392146308,0.0,0.0,0.44159042927515835,0.036451828400476345,88.3174445491133,0.1370309951060359,27.40600001601518,0.5320197044334976,0.021958232885067822,53.20158412679654,0.2767808591625884,27.677884936808983,0.5995777621393384,0.012373379806121338,29.978888106966927,0.38118542686242524,19.059271343121264,0.6952850105559465,0.005739380983362766,13.905680016252697,0.5290918977705275,10.581822587698118,0.7540464461646728,0.0031122245216570455,7.540464461646728,0.6199021207177814,6.199021207177815,0.28035585699484916,0.8241468015349838,0.1949685534591195,19.431865828092246,0.46226415094339623,9.246075924787212,0.5534591194968553,5.530322872710224,6.4031242374328485
2019-02-28,58,6885750,2336,1571,0.00033925135243074463,0.027384206565188276,0.84349730210482,0.002403591373738868,0.1840753424657534,0.062445541678768514,184.06865950966625,0.0,0.0,0.2842465753424658,0.04821376706360732,142.11812780746322,0.0,0.0,0.4195205479452055,0.028464375962124953,83.90350033441862,0.13685550604710375,27.37090245908521,0.4905821917808219,0.016642946353364895,49.05786295063456,0.24252068746021643,24.25189264398015,0.5586472602739726,0.00947609192898377,27.932363013698634,0.3437301082113304,17.186505410566518,0.6494006849315068,0.004406194813644391,12.987994836494806,0.47867600254614895,9.573506147562927,0.6823630136986302,0.00231492575245979,6.823630136986301,0.527689369828135,5.2768936982813495,0.2816283653466798,0.7895307113672484,0.1815068493150685,18.090182648401825,0.4863013698630137,9.72686153340069,0.541095890410959,5.411422965765173,8.06225774829855
2019-03-01,59,6885750,2170,1292,0.0003151435936535599,0.03799003701880125,0.8983050886887786,0.0024239678578180236,0.23456221198156682,0.07391809468486785,234.5536960720409,0.0,0.0,0.3529953917050691,0.05562009875108917,176.49128800705634,0.0,0.0,0.4774193548387097,0.030090911731389235,95.48317762876195,0.12229102167182662,24.458026735507282,0.5663594470046083,0.017848325539516107,56.63553344872029,0.27167182662538697,27.16698539292106,0.6645161290322581,0.010470900047198925,33.225806451612904,0.43653250773993807,21.826625386996906,0.7027649769585254,0.00442943117390092,14.05527912704528,0.5007739938080495,10.01546533095483,0.7525345622119816,0.002371564462839923,7.525345622119816,0.5843653250773994,5.843653250773993,0.2875522314227745,0.8498510845144152,0.2037037037037037,20.30246913580247,0.5111111111111111,10.22309891366495,0.6037037037037037,6.03755479321517,5.0
2019-03-02,60,6885750,2403,1432,0.00034898159241912645,0.049159098924052916,0.9053333576943601,0.0028513221132894805,0.26508531002913027,0.09250653499854777,265.0756859618187,0.0,0.0,0.36329588014981273,0.06338948591344758,181.64134524699196,0.0,0.0,0.484394506866417,0.03380870777542188,96.87819790454067,0.13477653631284917,26.955111531447358,0.5701206824802331,0.01989601789189346,57.011654265129174,0.2786312849162011,27.86292616851683,0.6533499791926758,0.011400355807283158,32.6674989596338,0.41829608938547486,20.914804469273744,0.7336662505201831,0.00512071289153267,14.67330370073703,0.553072625698324,11.061436449723006,0.7802746566791511,0.002723014922121773,7.802746566791511,0.6312849162011173,6.312849162011173,0.3154827418533009,0.8825121701469321,0.21825396825396826,21.752645502645503,0.5714285714285714,11.429551580494977,0.6865079365079365,6.859784959399356,5.0
2019-03-03,61,6885750,2242,1332,0.0003255999709545075,0.05354865442713976,0.928953902765892,0.0029687821130935784,0.29125780553077607,0.09483009003775777,291.2472312566863,0.0,0.0,0.3862622658340767,0.0628812082486204,193.12412118552092,0.0015015015015015015,0.750723494333718,0.5124888492417484,0.03337302855151181,102.4970255792027,0.17942942942942944,35.88562530697069,0.5785013380909901,0.018835865113712276,57.84971374074233,0.2905405405405405,29.053843083258695,0.6534344335414808,0.01063791162908906,32.67172167707404,0.4166666666666667,20.833333333333336,0.7417484388938448,0.004830258388326052,14.834947233459463,0.5653153153153153,11.3062898864684,0.7827832292595897,0.0025487419671059797,7.827832292595897,0.6343843843843844,6.343843843843843,0.3006881238392054,0.882143831032866,0.2261904761904762,22.543650793650794,0.5634920634920635,11.270807808543656,0.6587301587301587,6.587866535979744,4.47213595499958
2019-03-04,62,6885750,2092,1214,0.0003038158515775333,0.058660926327344556,0.9219188331614966,0.0028629578802424815,0.31309751434034416,0.09512053441765903,313.08614716366907,0.0,0.0,0.41204588910133844,0.06259076386871915,206.01546477487233,0.022240527182866558,11.119859864175387,0.5468451242829828,0.03322780214354178,109.36823069306541,0.21911037891268534,43.82175757640429,0.6161567877629063,0.01871968398733626,61.61523136510547,0.3385502471169687,33.85477887951534,0.6615678776290631,0.010049740405910758,33.07839388145316,0.41680395387149916,20.84019769357496,0.6935946462715105,0.004214494841528023,13.871872779661368,0.471993410214168,9.439854495022214,0.7112810707456979,0.0021609846421958394,7.11281070745698,0.5024711696869851,5.024711696869852,0.27534185213869083,0.8597515023975947,0.23348017621145375,23.270190895741557,0.5110132158590308,10.221140840706962,0.5947136563876652,5.947646609894138,4.123105625617661
2019-03-05,63,6885750,1604,727,0.00023294484987111062,0.07496156568787019,0.9388080922734642,0.0015025361246456498,0.4376558603491272,0.10194597734533836,437.639971013506,0.0,0.0,0.5455112219451371,0.0635347081033982,272.7457084307819,0.02200825309491059,11.003727036616368,0.635286783042394,0.02959714194429115,127.05643400430348,0.1953232462173315,39.06436558253189,0.6795511221945137,0.015829678468732754,67.95461877560884,0.29298486932599727,29.298274186898915,0.7113466334164589,0.008285226736375849,35.567331670822945,0.3631361760660248,18.15680880330124,0.743142144638404,0.0034622176782228833,14.862821307869838,0.4332874828060523,8.66573707109099,0.807356608478803,0.001880695639545438,8.07356608478803,0.5749656121045392,5.749656121045392,0.303232622125461,0.8506881368746169,0.2523364485981308,25.149532710280376,0.5280373831775701,10.56165338805085,0.602803738317757,6.02855436751575,2.23606797749979
2019-03-06,64,6885750,1592,419,0.0002312021203209527,0.1446978668637348,0.9568594072019841,0.0018081785190864747,0.6199748743718593,0.14333430148126633,619.9523658446166,0.0,0.0,0.739321608040201,0.08546325878594249,369.6473832822258,0.0477326968973747,23.865481967840388,0.8329145728643216,0.0385140433936507,166.58170496094868,0.36515513126491644,73.03049595130264,0.8599246231155779,0.01988149525109646,85.99183789273708,0.4677804295942721,46.77770328906967,0.8699748743718593,0.010057001779036416,43.49874371859296,0.5059665871121718,25.298329355608594,0.8806532663316583,0.004072172134956781,17.61303974766247,0.5465393794749404,10.930771715016412,0.8957286432160804,0.002070943615437679,8.957286432160803,0.60381861575179,6.0381861575179,0.37524577253740565,0.8682139424741009,0.29896907216494845,29.79725085910653,0.5927835051546392,11.856686884405226,0.6649484536082474,6.650054817775105,1.0
2019-03-07,65,6885750,1185,371,0.00017209454307809608,0.10603126219071544,0.9554983635946711,0.0014063793348175705,0.5932489451476793,0.10209119953528899,593.2274069199292,0.0,0.0,0.6978902953586498,0.060049375544583214,348.93247903469523,0.0431266846361186,21.56255944911078,0.7940928270042195,0.027331609979958756,158.81741216835528,0.3423180592991914,68.46311472361693,0.8177215189873418,0.014072438932295449,81.77155812493956,0.41778975741239893,41.778672370711114,0.8371308016877637,0.007203282140652798,41.856540084388186,0.4797843665768194,23.98921832884097,0.8523206751054853,0.002933590482386839,17.046388746071877,0.5283018867924528,10.56602239108285,0.8827004219409282,0.0015190792578876665,8.827004219409282,0.6253369272237197,6.253369272237197,0.37511220492622604,0.8821773173239972,0.29213483146067415,29.116104868913855,0.6404494382022472,12.810087305105325,0.6853932584269663,6.854520400100218,1.0
2019-03-08,66,6885750,1493,605,0.00021682460153214973,0.10791718114588204,0.8999328403622524,0.0009784054724572234,0.5150703281982585,0.1116758640720302,515.0516282879986,0.0,0.0,0.6121902210314802,0.06636654080743537,306.0839975651695,0.04297520661157025,21.48682318658291,0.6791694574681849,0.029451915536321125,135.83290516022987,0.20826446280991737,41.65259010698505,0.6985934360348292,0.015147114351273635,69.85883633240618,0.256198347107438,25.61964867691541,0.7052913596784997,0.007646225901317939,35.264567983924984,0.2727272727272727,13.636363636363638,0.7220361687876758,0.003131099544567339,14.440702403887848,0.3140495867768595,6.280982613825519,0.7608841259209645,0.0016497839741495116,7.608841259209645,0.4099173553719008,4.099173553719008,0.24091466172114182,0.8043714673640155,0.21962616822429906,21.889408099688477,0.4766355140186916,9.533527837001651,0.5514018691588785,5.500339774389805,2.0
2019-03-09,67,6885750,1498,963,0.00021755073884471553,0.04674585669298931,0.670812486857302,0.0006075031158555813,0.3097463284379172,0.06738309613708975,309.735082927881,0.0,0.0,0.376502002670227,0.0409526575660761,188.24416677944492,0.030114226375908618,15.056566531216436,0.4319092122830441,0.01879229719132127,86.38121521037412,0.11630321910695743,23.26047491840402,0.46461949265687585,0.01010775799471376,46.46161189058763,0.1671858774662513,16.718466347602888,0.4712950600801068,0.005126529426714592,23.564753004005343,0.17757009345794392,8.878504672897197,0.48464619492656874,0.002108699693280045,9.692909821764399,0.19833852544132918,3.9667647479947963,0.4993324432576769,0.001086301419598446,4.993324432576769,0.22118380062305296,2.2118380062305296,0.15676361305901051,0.6479169341720411,0.15789473684210525,15.736842105263156,0.340080971659919,6.802202762480817,0.4008097165991903,4.005006088485996,41.593268686170845
2019-03-10,68,6885750,2048,1523,0.0002974258432269542,0.04199177154485114,0.782831039076862,0.0011840889365214722,0.236328125,0.07028753993610223,236.31954497803514,0.0,0.0,0.28564453125,0.042477490560557656,142.81708038445305,0.03939592908732764,19.697249398276668,0.34814453125,0.020709285776525605,69.62840065220273,0.12344057780695995,24.687936293074863,0.36474609375,0.010848412675360887,36.47434452117491,0.14576493762311227,14.576387917719734,0.39013671875,0.005801837127400791,19.5068359375,0.1799080761654629,8.995403808273146,0.4169921875,0.0024804814573845153,8.339831638274134,0.21602101116217992,4.32041394881605,0.49609375,0.0014755110191337181,4.9609375,0.32239001969796455,3.2239001969796455,0.1734077566492029,0.7343457805731077,0.14733542319749215,14.68443051201672,0.28213166144200624,5.6431171596487735,0.36990595611285265,3.6993768046586406,44.536243992676475
2019-03-11,69,6885750,2092,1492,0.0003038158515775333,0.04030328521902132,0.8434353146879233,0.00148266976155366,0.25,0.07595120534417658,249.99092361312807,0.0,0.0,0.3025812619502868,0.045962823119372644,151.28513828595612,0.022117962466487937,11.058579730875639,0.35420650095602296,0.021522553661157746,70.84078578982647,0.09450402144772117,18.9006670447485,0.3972275334608031,0.0120683145023091,39.722464906441154,0.15482573726541554,15.482461302613133,0.4555449330783939,0.0069200885887521334,22.777246653919697,0.23659517426273458,11.82975871313673,0.5587954110898662,0.003395413142485361,11.175891991332971,0.38136729222520105,7.627334767519281,0.6481835564053537,0.0019692843916784665,6.481835564053538,0.5067024128686327,5.067024128686327,0.32350587535943415,0.8223250523840016,0.2028169014084507,20.214084507042255,0.4422535211267606,8.84582900490421,0.5464788732394367,5.465257410673303,18.30292367079024
2019-03-12,70,6885750,2038,1329,0.00029597356860182263,0.04288502666268765,0.9031703999978994,0.0024779076721877973,0.26840039254170756,0.07943653790299157,268.3906481185104,0.0,0.0,0.35819430814524045,0.053006099331977925,179.0906518523881,0.021068472535741158,10.53385381665551,0.4622178606476938,0.02736065526155276,92.44290086714274,0.17531978931527464,35.06370325242245,0.5240431795878312,0.015510180371198699,52.403937434240156,0.27012791572610984,27.01259542407652,0.5740922473012757,0.008495806557019932,28.704612365063785,0.3468773513920241,17.343867569601205,0.6452404317958783,0.003819476717167023,12.904789894618657,0.45598194130925507,9.119625581984279,0.7208047105004907,0.0021333914243183384,7.208047105004906,0.5718585402558315,5.718585402558315,0.40927469724542503,0.8581449609723553,0.22727272727272727,22.651515151515152,0.5,10.000857632933105,0.5994318181818182,5.984567150529266,6.708203932499369
2019-03-13,71,6885750,1846,1104,0.00026808989579929564,0.03813374176789192,0.8997590731773581,0.0013275953318996848,0.28060671722643554,0.07522509439442347,280.59652964593795,0.0,0.0,0.37161430119176597,0.04981121115306419,185.80040476555348,0.0,0.0,0.47074756229685805,0.02524034970519039,94.14882880959628,0.11503623188405797,23.007079313824168,0.5297941495124594,0.014203142699468471,52.979030250739456,0.213768115942029,21.376656370324813,0.5720476706392199,0.007668010020694913,28.602383531960996,0.28442028985507245,14.221014492753623,0.6310942578548212,0.0033837949623570962,12.62186682667951,0.38315217391304346,7.663032349433438,0.6695557963163596,0.0017950114366626728,6.695557963163597,0.447463768115942,4.474637681159421,0.37402069404239413,0.8796995277129364,0.21846153846153846,21.773333333333333,0.5476923076923077,10.954785591766724,0.6369230769230769,6.369777015437394,5.385164807134504
2019-03-14,72,6885750,1784,1159,0.00025908579312347964,0.027447499118883122,0.8819779149490419,0.0007771345143439853,0.242152466367713,0.06273598605866977,242.14367488984607,0.0,0.0,0.32230941704035876,0.04175137961080453,161.14885771025632,0.0,0.0,0.3923766816143498,0.020331697115803536,78.47476648830953,0.06471095772217429,12.942097567035395,0.4198430493273543,0.010877457956954892,41.9840000712456,0.10698878343399482,10.698800655415926,0.4725336322869955,0.006121337544929746,23.626681614349778,0.18809318377911993,9.404659188955996,0.5224215246636771,0.002707035969885677,10.448415319305102,0.26488352027610007,5.297662711860872,0.57847533632287,0.001498747413135824,5.7847533632287,0.3511647972389991,3.511647972389991,0.30429217206419,0.874509381765777,0.21755725190839695,21.68320610687023,0.5229007633587787,10.458912181006376,0.6259541984732825,6.260078823668051,13.96419413859206
2019-03-15,73,6885750,1818,1196,0.0002640235268489271,0.03719730320991578,0.9043244849275154,0.0009534920069554781,0.2739273927392739,0.07232065059541098,273.9174476553087,0.0,0.0,0.32123212321232125,0.04240487946558234,160.61023035210872,0.0,0.0,0.37403740374037403,0.019750791483923436,74.80693754698889,0.048494983277591976,9.698926227996136,0.4097909790979098,0.010819367393766882,40.97880034743142,0.1028428093645485,10.284206258995903,0.4675467546754675,0.006172167156809353,23.37733773377338,0.19063545150501673,9.531772575250836,0.5544554455445545,0.0029277813923227064,11.08909280648299,0.32274247491638797,6.454840124127238,0.6501650165016502,0.0017165886069055657,6.5016501650165015,0.4682274247491639,4.682274247491639,0.2504638752348064,0.8658002334478082,0.20384615384615384,20.316666666666666,0.47692307692307695,9.539279588336191,0.5846153846153846,5.8466552315608915,13.397644055600022
2019-03-16,74,6885750,1876,1104,0.0002724467196746905,0.056442678497099684,0.9469063991706467,0.0019083043748496116,0.31663113006396587,0.08626198083067092,316.61963459743725,0.0,0.0,0.3853944562899787,0.05249782166715074,192.69023216662217,0.0,0.0,0.482409381663113,0.026285979842574574,96.4811757468059,0.12047101449275362,24.094027942823733,0.5346481876332623,0.014566208719393535,53.46443053814714,0.20923913043478262,20.923761108241663,0.5959488272921108,0.008118215154485714,29.797441364605547,0.3134057971014493,15.670289855072465,0.7388059701492538,0.004025699414443721,14.776097944032971,0.5561594202898551,11.123172251896289,0.8400852878464818,0.002288784809207421,8.400852878464818,0.7282608695652174,7.282608695652175,0.31764325195529325,0.8772872416812074,0.1918238993710692,19.118448637316565,0.4937106918238994,9.875060681575455,0.6226415094339622,6.226949092203631,5.242092160363644
2019-03-17,75,6885750,1905,1276,0.0002766583160875722,0.028461611780606133,0.9039650538340883,0.001964516927003094,0.2152230971128609,0.059541097879756026,215.2152833204882,0.0,0.0,0.31286089238845144,0.04327621260528609,156.42476690123289,0.0023510971786833857,1.1755059104065582,0.4110236220472441,0.022742455488105957,82.20412749460661,0.1206896551724138,24.13775576123176,0.4818897637795276,0.01333178425164832,48.18862646235559,0.22648902821316613,22.648738360376555,0.5448818897637795,0.007537305304433068,27.244094488188974,0.32053291536050155,16.026645768025077,0.6530183727034121,0.0036132540198903244,13.060348486855538,0.48197492163009403,9.639484433423238,0.7223097112860892,0.0019983298841810986,7.223097112860892,0.585423197492163,5.85423197492163,0.32172665091941105,0.8367617771977316,0.1830238726790451,18.241379310344826,0.4350132625994695,8.701011415390075,0.5358090185676393,5.35854971313657,9.055385138137417
2019-03-18,76,6885750,1968,1321,0.0002858076462259013,0.028065027288363246,0.8966544965156255,0.0020248588181148892,0.20934959349593496,0.059831542259657276,209.3419929443268,0.0,0.0,0.3048780487804878,0.04356665698518734,152.43349000800492,0.0,0.0,0.4166666666666667,0.023817130907084143,83.33272822330012,0.13096139288417866,26.192088386309017,0.5010162601626016,0.014319323825844492,50.10126221230118,0.25662376987130964,25.66219064438947,0.5513211382113821,0.007878589841338997,27.566056910569106,0.3315669947009841,16.5783497350492,0.6102642276422764,0.0034883585835114787,12.205266827446222,0.41937925813777444,8.38757298169608,0.6661585365853658,0.0019039320335475438,6.661585365853658,0.5026495079485238,5.0264950794852385,0.33920838269447495,0.855440618885073,0.18137254901960784,17.923604187437686,0.43137254901960786,8.62819089900111,0.5392156862745098,5.392619311875694,7.810249675906654
2019-03-19,77,6885750,1916,1265,0.00027825581817521696,0.028200446354877867,0.8979453526851657,0.0015496097794881463,0.21346555323590813,0.0593958756898054,213.45780325212814,0.0,0.0,0.302713987473904,0.04211443508568109,151.35149863842827,0.0,0.0,0.4201461377870564,0.023381451683174067,84.02861739426713,0.12173913043478261,24.347649289590297,0.46868475991649267,0.01304133143570827,46.868135664628504,0.19525691699604744,19.52554991730131,0.5078288100208769,0.007065316051265294,25.39144050104384,0.2545454545454545,12.727272727272727,0.6090814196242171,0.003389604052421229,12.181610701440226,0.4079051383399209,8.158090919009988,0.6936325678496869,0.0019300729767999128,6.936325678496868,0.5359683794466403,5.359683794466403,0.30595903754028336,0.8662844975303806,0.16502463054187191,16.447454844006568,0.4482758620689655,8.966286153664162,0.5812807881773399,5.813306407320721,9.433981132056603
2019-03-20,78,6885750,1502,1017,0.0002181316486947682,0.018617022100343626,0.8864127437674298,0.0012110396212840768,0.20306258322237017,0.04429276793494046,203.05521092411203,0.0,0.0,0.281624500665779,0.030714493174557073,140.80713806704816,0.0,0.0,0.38681757656458055,0.016875308606116936,77.36295355164427,0.0943952802359882,18.87891896032286,0.45272969374167776,0.009875395741961718,45.272640632631756,0.19174041297935104,19.173902069077908,0.5146471371504661,0.005613041426133682,25.732356857523303,0.2831858407079646,14.159292035398233,0.6138482023968043,0.0026779905195650155,12.276946218438619,0.4296951819075713,8.593891157461368,0.7030625832223701,0.0015336020041389828,7.030625832223702,0.5614552605703048,5.614552605703048,0.32240292921657043,0.8866756820667434,0.171875,17.130208333333332,0.4973958333333333,9.948769832761577,0.609375,6.09427262006861,9.027692569068709
2019-03-21,79,6885750,1192,940,0.0001731111353156882,0.007553321006117039,0.8380708941214927,0.0006533944867638462,0.13590604026845637,0.023525994772001162,135.90110612525754,0.0,0.0,0.18036912751677853,0.015611385419692128,90.18128955842708,0.0,0.0,0.2516778523489933,0.008713584478201516,50.335204967094036,0.05106382978723404,10.212691799281037,0.29697986577181207,0.005141014842138894,29.69777093058548,0.10851063829787234,10.850985036736104,0.35067114093959734,0.00303525396652507,17.533557046979865,0.17659574468085107,8.829787234042554,0.4639261744966443,0.001606213402732596,9.278510014988232,0.3202127659574468,6.404246018424951,0.5553691275167785,0.0009614058018371274,5.553691275167785,0.43617021276595747,4.361702127659575,0.23608892023910405,0.8874340760433557,0.14241486068111456,14.194014447884415,0.47058823529411764,9.412571889819391,0.5882352941176471,5.88285743113712,21.93171219946131
2019-03-22,80,6885750,898,712,0.0001304142613368188,0.006282970740782043,0.8669916753054987,0.00038547491189720463,0.14253897550111358,0.01858844031367993,142.53380054556968,0.0,0.0,0.18596881959910913,0.012126052860877142,92.98103394964897,0.0,0.0,0.22828507795100222,0.005954282726771036,45.6566840599818,0.026685393258426966,5.337039897447312,0.24498886414253898,0.0031949809753405558,24.498708519990235,0.047752808988764044,4.775246224031806,0.27728285077951004,0.0018080819082888573,13.864142538975498,0.08848314606741572,4.424157303370786,0.38084632516703787,0.0009933544009666326,7.616915441487739,0.21910112359550563,4.382016108019312,0.5211581291759465,0.0006796645245615946,5.211581291759465,0.3960674157303371,3.960674157303371,0.1509181522237862,0.8802666907710622,0.09665427509293681,9.633209417596033,0.3903345724907063,7.807360977382721,0.5464684014869888,5.465152684167904,26.353325220409992
2019-03-23,81,6885750,953,774,0.00013840177177504266,0.0053424471053597055,0.8684936890682078,0.0005718784001955886,0.13326337880377753,0.018443218123729305,133.25854060385,0.0,0.0,0.1720881427072403,0.011908219575951205,86.04094747650159,0.0,0.0,0.22875131164742918,0.006331871387493102,45.74993012217275,0.050387596899224806,10.077446203747922,0.2780692549842602,0.0038484998112056695,27.80672358343068,0.1111111111111111,11.11103042977335,0.3252885624344176,0.002251025668953999,16.264428121720883,0.16925064599483206,8.462532299741602,0.4323189926547744,0.001196672553211265,8.646367296195665,0.30103359173126615,6.020663090969089,0.5550891920251836,0.0007682532766946229,5.5508919202518365,0.45219638242894056,4.521963824289405,0.2127895479595399,0.8880787145680429,0.1407942238267148,14.032490974729242,0.4404332129963899,8.809419719984396,0.5992779783393501,5.993293743923811,23.021728866442675
2019-03-24,82,6885750,1279,1138,0.00018574592455433323,0.004415771201777129,0.9034598034130364,0.0011748247304845991,0.0836591086786552,0.015538774324716816,83.65607138891228,0.0,0.0,0.1055512118842846,0.009802497821667151,52.77368989487458,0.0017574692442882249,0.8787027192025593,0.1462079749804535,0.005431467658078945,29.241382663500467,0.040421792618629174,8.084299820608377,0.2071931196247068,0.0038484998112056695,20.719161512908084,0.10896309314586995,10.896230192993901,0.27834245504300237,0.00258504883273427,13.917122752150116,0.18892794376098418,9.44639718804921,0.48162627052384677,0.0017891997397527651,9.63251142142502,0.4173989455184534,8.347966786828733,0.6997654417513682,0.001299785789492793,6.997654417513682,0.6625659050966608,6.6256590509666085,0.26519914552589235,0.8918704684668726,0.12972972972972974,12.92972972972973,0.43783783783783786,8.757507765054935,0.6270270270270271,6.270808029298595,20.808652046684813
2019-03-25,83,6885750,1565,1427,0.00022728097883309735,0.003913575886334804,0.841515359621282,0.0011763380393206703,0.07092651757188498,0.016119663084519315,70.92394254583314,0.0,0.0,0.09073482428115016,0.010310775486494336,45.36576505183921,0.002803083391730904,1.4014908121268568,0.1194888178913738,0.005431467658078945,23.897590048956612,0.03433777154870357,6.867504442228518,0.16805111821086263,0.0038194545296116648,16.804989793784998,0.08759635599159075,8.759571992638415,0.23578274760383386,0.002679446683367825,11.789137380191693,0.1618780658724597,8.093903293622985,0.42236421725239615,0.001919904266195743,8.447272077289034,0.3665031534688157,7.330052424127176,0.6594249201277955,0.001498747413135824,6.594249201277956,0.626489138051857,6.264891380518571,0.21672483247307095,0.8129025783486117,0.10406091370558376,10.371404399323179,0.383248730964467,7.665631992755832,0.5736040609137056,5.736532550870257,26.419689627245813
2019-03-26,84,6885750,1665,1461,0.00024180372508441345,0.006321631932571742,0.839355769846664,0.001534065040792163,0.0918918918918919,0.02221899506244554,91.88855570644708,0.0,0.0,0.12312312312312312,0.014885274469939007,61.559326535364875,0.004791238877481177,2.395532464465293,0.1825825825825826,0.008829765604577537,36.51625135839026,0.06844626967830253,13.689154533601663,0.24324324324324326,0.005881669522786024,24.32414769761193,0.1375770020533881,13.757600306269671,0.33273273273273274,0.004022800711614567,16.636636636636638,0.23956194387405885,11.978097193702942,0.5201201201201201,0.0025153359977693095,10.402387295279294,0.4531143052703628,9.062272944498211,0.6582582582582582,0.0015916929891442472,6.582582582582583,0.6105407255304586,6.105407255304586,0.3055269779138575,0.8347259886941544,0.1483375959079284,14.784313725490197,0.45524296675191817,9.105640197760065,0.5703324808184144,5.703813944102513,21.095023109728988
2019-03-27,85,6885750,1771,1430,0.00025719783611080854,0.011658355012066988,0.9180754601414954,0.001513125361946925,0.13043478260869565,0.03354632587859425,130.43004710250162,0.0,0.0,0.1727837380011293,0.02221899506244554,86.3887324964621,0.0,0.0,0.23433088650479955,0.012053791861512097,46.865836990630676,0.05174825174825175,10.349575197523148,0.2891022021456804,0.007435592088065294,28.910010288196275,0.11958041958041958,11.957955126867962,0.35290796160361376,0.004538358203536289,17.64539808018069,0.1986013986013986,9.93006993006993,0.5251270468661773,0.0027012268798215448,10.502525684771994,0.41188811188811186,8.237750274286546,0.7154150197628458,0.001840031950041753,7.154150197628459,0.6475524475524476,6.475524475524475,0.31502817821333856,0.8923605393180178,0.1918238993710692,19.118448637316565,0.4937106918238994,9.875060681575455,0.6415094339622641,6.4156445192401055,18.24828759089466
2019-03-28,86,6885750,1959,1600,0.00028450059906328284,0.008717624659447662,0.9194977951478458,0.0014725495611240982,0.1031138335885656,0.02933488237002614,103.11008998438362,0.0,0.0,0.15518121490556405,0.02207377287249492,77.58779048329858,0.0,0.0,0.2200102092904543,0.012518516367016178,44.00172234516675,0.045,8.999934648116414,0.26442062276671774,0.007522727932847309,26.441870272385586,0.099375,9.93742784062854,0.3057682491066871,0.004349562502269179,15.288412455334354,0.15,7.5,0.4548238897396631,0.002587949623570964,9.096464584228569,0.3325,6.649990342387768,0.698825931597754,0.0019881639618051774,6.98825931597754,0.63125,6.3125,0.23860888819884238,0.8896996327271718,0.16988416988416988,16.931788931788933,0.46332046332046334,9.267203984185118,0.6447876447876448,6.442903792518188,20.223748416156685
2019-03-29,87,6885750,2475,1832,0.0003594379697200741,0.01896739112320763,0.9258172759773556,0.0020043029552881827,0.14343434343434344,0.05155387743247168,143.4291359719765,0.0,0.0,0.21656565656565657,0.038919546906767355,108.27889701546395,0.0,0.0,0.31272727272727274,0.022481047953759912,62.54500038286962,0.07150655021834061,14.301206197273777,0.35878787878787877,0.012896105027738244,35.87852735141358,0.13373362445414846,13.373265337145325,0.41575757575757577,0.007471952946302146,20.787878787878785,0.21069868995633187,10.534934497816593,0.5511111111111111,0.003961799423738266,11.022206214951824,0.3935589519650655,7.871167608204322,0.7151515151515152,0.002570526086482954,7.151515151515151,0.615174672489083,6.151746724890829,0.26909128528274456,0.8683057767303658,0.1566265060240964,15.610441767068272,0.4126506024096386,8.253719853685753,0.5843373493975904,5.84387464093079,14.866068747318506
2019-03-30,88,6885750,2959,2088,0.00042972806157644413,0.02914673918339498,0.9122859110781303,0.0026274535697210395,0.16931395741804664,0.07275631716526285,169.30781038212524,0.0,0.0,0.2683338965866847,0.05765320941039791,134.1620772888298,0.0,0.0,0.3619466035822913,0.03110749658717941,72.3887950744071,0.09578544061302682,19.156949016850604,0.41770868536667793,0.017949984025095123,41.77056522500802,0.17480842911877395,17.480715977876176,0.4805677593781683,0.010325672584685764,24.028387968908415,0.2638888888888889,13.194444444444445,0.6103413315309226,0.005245608327911516,12.20680890297963,0.4477969348659004,8.955925690854382,0.7178100709699222,0.003084631303779545,7.178100709699223,0.600095785440613,6.00095785440613,0.33612242519681623,0.8637922485911268,0.16252821670428894,16.198645598194133,0.4018058690744921,8.036806585381909,0.5417607223476298,5.418071855313646,13.0
2019-03-31,89,6885750,3370,2486,0.0004894165486693533,0.027724955890994992,0.8853589768559034,0.003421229737756297,0.15341246290801186,0.07507987220447285,153.40689318455458,0.0,0.0,0.24154302670623146,0.05910543130990415,120.76712867720254,0.0,0.0,0.33323442136498516,0.032617851230067677,66.64640032861678,0.09613837489943684,19.227535361578823,0.39940652818991096,0.019547474512765402,39.940362797114055,0.18584070796460178,18.583935851567816,0.4908011869436202,0.012010311149838434,24.54005934718101,0.30973451327433627,15.486725663716815,0.6163204747774481,0.00603274003160145,12.32639159424323,0.47988736926790027,9.597733446813262,0.7065281899109792,0.003457865882438369,7.0652818991097925,0.6021721641190668,6.021721641190668,0.30177053703989876,0.7970388021327685,0.13148148148148148,13.10432098765432,0.3388888888888889,6.778359062321326,0.4703703703703704,4.70410710882409,13.746957249092624
2019-04-01,90,6885750,3170,2061,0.0004603710561667211,0.03213953565175485,0.9035806981742901,0.0020507645446926816,0.17728706624605678,0.08161487075225095,177.28062974205426,0.0,0.0,0.2946372239747634,0.06781876270694162,147.31326350451837,0.0,0.0,0.39085173501577286,0.03598710389497226,78.16977938321932,0.06307617661329452,12.615143719393323,0.42902208201892744,0.019750791483923436,42.90189667521319,0.1217855409995148,12.178465667568169,0.4921135646687697,0.011327742076026577,24.60567823343849,0.2188258127122756,10.941290635613779,0.6072555205047319,0.005591249186727391,12.145092772084585,0.39592430858806404,7.918474671961445,0.7299684542586751,0.003360563482554551,7.299684542586751,0.5846676370693837,5.846676370693838,0.3923009456877023,0.8891364651890117,0.14487632508833923,14.43934040047114,0.39045936395759717,7.809857020771082,0.549469964664311,5.495170890180557,11.40175425099138
2019-04-02,91,6885750,2581,1651,0.00037483208074646915,0.03111270040964195,0.9399009774168282,0.001889626156540208,0.195273149941883,0.07319198373511472,195.2660604432647,0.0,0.0,0.2909724912824487,0.05453093232645948,145.4809636834244,0.0,0.0,0.38357225881441304,0.028754828778065004,76.71389471466917,0.03634161114476075,7.268269451335687,0.4354901201084851,0.01632344825583084,43.54869578751926,0.1175045427013931,11.750368946326027,0.5044556373498644,0.009454307809606797,25.22278186749322,0.22531798909751666,11.265899454875834,0.6509104998062767,0.004879635653871178,13.018191090136948,0.4542701393095094,9.085389591709424,0.77644323905463,0.0029103583487637514,7.7644323905463,0.6505148394912175,6.505148394912174,0.44909106147071287,0.9189349278287245,0.1493624772313297,14.886460230722525,0.4517304189435337,9.035383216639016,0.6502732240437158,6.503289936169614,8.94427190999916
2019-04-03,92,6885750,1933,1250,0.0002807246850379407,0.019952892011243777,0.9236893298344471,0.0013141615883132036,0.16916709777547853,0.0474876561138542,169.1609560713769,0.0,0.0,0.26849456802897054,0.03768515829218705,134.24241009334037,0.0,0.0,0.36575271598551473,0.020535014086961574,73.15001202757146,0.0192,3.8399721165296694,0.4288670460424211,0.012039269220715096,42.886393190139145,0.1168,11.679915187777745,0.5095706156233833,0.007152452528773191,25.478530781169166,0.2416,12.079999999999998,0.6285566476978789,0.003529022213960405,12.571114697246692,0.4256,8.511987638256343,0.7490946714950854,0.0021028936571905747,7.490946714950853,0.612,6.12,0.41804085457397605,0.9063470580902226,0.15055762081784388,15.005576208178438,0.4646840148698885,9.294477354027048,0.6635687732342007,6.636256830775313,7.280109889280518
2019-04-04,93,6885750,1525,1170,0.0002214718803325709,0.006718837728519854,0.8786307484996726,0.0009596078089038457,0.09442622950819672,0.02091199535288992,94.42280131223723,0.0,0.0,0.15147540983606558,0.016773162939297124,75.73495521919028,0.0,0.0,0.24065573770491802,0.010659618344999854,48.13079804530016,0.011111111111111112,2.22220608595467,0.2963934426229508,0.0065642336402451425,29.639129041519993,0.0829059829059829,8.290538089907807,0.3862295081967213,0.004276948771012598,19.311475409836067,0.2,9.999999999999998,0.5095081967213114,0.00225683148991542,10.190149135531215,0.3606837606837607,7.2136647374529606,0.6531147540983606,0.001446465526631086,6.531147540983607,0.5478632478632479,5.478632478632479,0.2928646709571234,0.8900508162137817,0.1079429735234216,10.758316361167685,0.41140529531568226,8.228811575773879,0.5987780040733197,5.98829357246911,13.45362404707371
2019-04-05,94,6885750,1724,1325,0.00025037214537268997,0.008802375370857847,0.8912372418592805,0.0013506807004715414,0.09976798143851508,0.024978216671507406,99.76435930732723,0.0,0.0,0.16067285382830626,0.020113273308161487,80.33351025619082,0.0,0.0,0.2505800464037123,0.012547561648610183,50.11564537234198,0.02490566037735849,4.98109590587575,0.3074245939675174,0.007696999622411339,30.742236165904224,0.09886792452830188,9.886720661662475,0.410092807424594,0.00513379079984025,20.504640371229698,0.23245283018867924,11.622641509433961,0.5754060324825986,0.002881308671809648,11.508103936724643,0.44754716981132076,8.950930397017329,0.6937354988399071,0.0017369204516574084,6.937354988399072,0.6015094339622642,6.015094339622641,0.371854802367819,0.907674778572135,0.1054421768707483,10.50907029478458,0.4421768707482993,8.844295865859209,0.6292517006802721,6.293056673784436,10.770329614269007
2019-04-06,95,6885750,2275,1767,0.0003303924772174418,0.01280388986253827,0.9095416977009999,0.002147849634271758,0.11208791208791209,0.037031658437409236,112.08384267489699,0.0,0.0,0.16,0.02643043857101365,79.99709555620099,0.0,0.0,0.2518681318681319,0.016642946353364895,50.37326059458564,0.03678551216751556,7.357049011225138,0.32351648351648354,0.01068866362659386,32.35141343596425,0.12903225806451613,12.903132111994857,0.4259340659340659,0.007036270558762662,21.296703296703296,0.26089417091114886,13.044708545557443,0.6101098901098901,0.0040315085045078535,12.202180081281298,0.4980192416525184,9.960370367857227,0.7221978021978022,0.002386087209091239,7.221978021978021,0.642331635540464,6.423316355404641,0.42203932373169784,0.9122637682375816,0.11161387631975868,11.124183006535947,0.43891402714932126,8.779033397235395,0.6244343891402715,6.244879426899406,10.04987562112089
2019-04-07,96,6885750,2614,2125,0.0003796245870094035,0.012772467614702781,0.9083801665534852,0.0026240618290294736,0.10022953328232594,0.038048213767063604,100.22589439424567,0.0,0.0,0.14728385615914308,0.027955271565495207,73.63925446905455,0.0,0.0,0.2260902830910482,0.017165761422056988,45.21772827541274,0.048,9.599930291324174,0.29035960214231066,0.011022684364924918,29.035749374820867,0.12705882352941175,12.705790091458466,0.40091813312930374,0.007609919035689649,20.045906656465185,0.2630588235294118,13.15294117647059,0.6025248661055853,0.004574658425504229,12.05047982150564,0.5110588235294118,10.221161626654565,0.7310635042081102,0.0027752968086265112,7.310635042081102,0.6691764705882353,6.6917647058823535,0.48791029345394393,0.9116697529391755,0.1278409090909091,12.741477272727273,0.43892045454545453,8.779161956182755,0.6292613636363636,6.293153311632621,11.40175425099138
2019-04-08,97,6885750,3102,2572,0.00045049558871582617,0.012991524748310092,0.9019258482195345,0.0026806744864492165,0.0915538362346873,0.04124310194597734,91.5505123225382,0.0,0.0,0.13120567375886524,0.029552715654952075,65.60045513252297,0.0,0.0,0.19825918762088976,0.01786284818031311,39.6515495994813,0.03304821150855365,6.6095943069802585,0.26434558349451964,0.011908565453542071,26.434366399654195,0.11275272161741835,11.275190288378088,0.3584784010315925,0.008074646915731764,17.923920051579625,0.22628304821150855,11.314152410575428,0.5344938749194068,0.004815735663165722,10.689861973772846,0.4385692068429238,8.771371398418367,0.6892327530625403,0.0031049631485313874,6.892327530625403,0.6251944012441679,6.2519440124416805,0.4468804400979157,0.90658248788162,0.11662198391420911,11.623324396782843,0.3914209115281501,7.8290896214918675,0.5857908847184986,5.858411240739634,12.165525060596439
2019-04-09,98,6885750,3502,2887,0.0005085865737210907,0.01104876819061888,0.8515745476745757,0.0018408839146241097,0.08081096516276413,0.041097879756026724,80.8080312764309,0.0,0.0,0.11793260993717876,0.02998838222480395,58.96416416460416,0.0,0.0,0.18503712164477443,0.018821342472915274,37.007155606189706,0.011776931070315206,2.355369110849079,0.23472301541976015,0.011937610735136077,23.472131102074023,0.07170072739868376,7.170020675672931,0.29925756710451173,0.007609919035689649,14.962878355225584,0.1499826809837201,7.499134049186006,0.4303255282695603,0.004377149363323729,8.60649806639245,0.3089712504329754,6.179416034450403,0.5559680182752713,0.0028275786951312493,5.559680182752712,0.4613785936958781,4.613785936958781,0.4359452702683002,0.8888272410036839,0.10951760104302477,10.915254237288137,0.38070404172099087,7.614733843067709,0.5710560625814863,5.711050382300782,16.76305461424021
2019-04-10,99,6885750,3666,3056,0.0005324038775732491,0.008970487945297681,0.8290189725222895,0.00164899739699312,0.0651936715766503,0.03470810339819924,65.19130468471097,0.0,0.0,0.10174577195853791,0.02708393842579146,50.8710390112912,0.0,0.0,0.16884888161483907,0.01797902930668913,33.76953110980215,0.012761780104712041,2.5523374874675695,0.21876704855428258,0.011647157919196027,21.87654600166504,0.06282722513089005,6.282676892227863,0.28477905073649756,0.007580873543187016,14.238952536824877,0.14201570680628273,7.100785340314136,0.4004364429896345,0.004263872107073148,8.008717228935879,0.28075916230366493,5.615175091296998,0.4849972722313148,0.002582144283484007,4.849972722313148,0.38219895287958117,3.821989528795812,0.4590416626032069,0.8894231683194668,0.111254851228978,11.088400172488141,0.3984476067270375,7.969635578120042,0.5769728331177232,5.765278669225167,22.737538299746014
2019-04-11,100,6885750,2970,2168,0.00043132556366408886,0.015423542431950528,0.877610066494642,0.0013660602424809926,0.1037037037037037,0.04472843450479233,103.69993868396425,0.0,0.0,0.16397306397306396,0.035361603252977054,81.9835554206016,0.0,0.0,0.25925925925925924,0.02236486682738389,51.8514753389423,0.0018450184501845018,0.3690010105828788,0.3306397306397306,0.014261233262656482,33.063732975871,0.08302583025830258,8.302522738114773,0.39057239057239057,0.008423192825763351,19.52861952861953,0.16512915129151293,8.256457564575646,0.4797979797979798,0.004138976670694302,9.595945660011209,0.2873616236162362,5.7472241257769605,0.5774410774410774,0.002490650982100715,5.774410774410774,0.42112546125461253,4.211254612546125,0.4186120774977175,0.9085965699600302,0.11507293354943274,11.468935710426797,0.42625607779578606,8.525852698416228,0.6337115072933549,6.337658564792292,13.038404810405298
2019-04-12,101,6885750,2208,1368,0.00032066223722906,0.019942052688167913,0.8860267971337452,0.0009104197589315874,0.1490036231884058,0.04777810049375544,148.9982135302883,0.0,0.0,0.23958333333333334,0.03841126924194017,119.78731756462388,0.0,0.0,0.358695652173913,0.023003863022452,71.73860951397141,0.0,0.0,0.4384057971014493,0.014057916291498445,43.8402613696492,0.0935672514619883,9.356657204019664,0.48731884057971014,0.007813237483208075,24.365942028985508,0.17251461988304093,8.625730994152047,0.5742753623188406,0.0036829631006599127,11.485490566290306,0.3128654970760234,6.257300854201215,0.6508152173913043,0.002086918636314127,6.508152173913044,0.43640350877192985,4.364035087719298,0.2959026911513403,0.8869299996088497,0.09568480300187618,9.536585365853659,0.3883677298311445,7.768020750533407,0.5722326454033771,5.722817219595867,7.0
2019-04-13,102,6885750,2001,1373,0.00029060015248883565,0.014261271623960407,0.8893626921505474,0.0007826282559844509,0.14492753623188406,0.04211443508568109,144.92227455833512,0.0,0.0,0.21489255372313842,0.031222770839384257,107.44237596566224,0.0,0.0,0.3028485757121439,0.017601440645967064,60.56927532632069,0.0,0.0,0.351824087956022,0.010223939121089778,35.18215332485954,0.055353241077931534,5.535283914031298,0.39480259870064965,0.005736484769269869,19.740129935032485,0.11798980335032774,5.8994901675163876,0.4847576211894053,0.0028174086811041917,9.695138343784702,0.2490895848506919,4.9817844620946765,0.6166916541729135,0.0017921068874124097,6.166916541729136,0.44136926438455937,4.413692643845593,0.3274355591815847,0.8961037496185154,0.08944543828264759,8.914728682170542,0.39713774597495527,7.943436116318959,0.5957066189624329,5.957577087239219,12.165525060596439
2019-04-14,103,6885750,2572,1987,0.0003735250335838507,0.011337568008244956,0.8836500057328405,0.0013859001266772898,0.10342146189735614,0.038629102526866105,103.41770712455998,0.0,0.0,0.16679626749611198,0.031150159744408944,83.39510593315082,0.0,0.0,0.23250388802488337,0.017369078393215023,46.5004399479317,0.009058882737795673,1.8117633916691323,0.28421461897356143,0.010616050422608847,28.421255520015116,0.07347760442878712,7.347707088435924,0.348755832037325,0.006513451693715281,17.43779160186625,0.15702063412179165,7.851031706089583,0.4758942457231726,0.003555163119249001,9.517871091900782,0.32159033719174634,6.431797403098765,0.5867029548989113,0.002191482409323603,5.867029548989113,0.4650226472068445,4.650226472068446,0.3826219642698964,0.8977776703342104,0.0968208092485549,9.649807321772638,0.38872832369942195,7.775233246413309,0.5780346820809249,5.780842562389077,14.317821063276353
2019-04-15,104,6885750,2884,2243,0.00041883600188795703,0.01691665749596636,0.8596154768013003,0.0013539642733198741,0.12447988904299584,0.05213476619227418,124.47536973247293,0.0,0.0,0.1768377253814147,0.037031658437409236,88.41565259548912,0.0,0.0,0.24445214979195562,0.020476923523773564,48.89007494931477,0.028533214444939812,5.706601451225546,0.2815533980582524,0.011792384327166052,28.155135360881985,0.07623718234507357,7.623662876246628,0.3248959778085992,0.006803906618741604,16.24479889042996,0.13196611680784665,6.598305840392331,0.4459084604715673,0.003735244911237104,8.918156257819309,0.28756130182790907,5.751217684210674,0.5572122052704577,0.002333805322586501,5.572122052704576,0.4306732055283103,4.306732055283103,0.34762104608504907,0.8815328052871881,0.08,7.973333333333334,0.36137931034482756,7.228206068492341,0.5365517241379311,5.365977405808245,18.439088914585774
2019-04-16,105,6885750,2753,2143,0.0003998112042987329,0.016972254701161985,0.8903705123748936,0.0013995539297329228,0.1387577188521613,0.055474876561138545,138.7526811772102,0.0,0.0,0.18198329095532148,0.03637815858263142,90.98834197615486,0.0,0.0,0.2386487468216491,0.01908275000726132,47.729402783327146,0.021931871208586095,4.386342390848462,0.2753359970940792,0.011008161724127915,27.533399779118703,0.06906206252916472,6.906156104740131,0.3214674900108972,0.006426315216207385,16.07337450054486,0.12832477834811012,6.416238917405506,0.44315292408281876,0.003543544939120736,8.863045610080134,0.2846476901539897,5.692945535359451,0.5833636033418089,0.0023323530479613694,5.833636033418089,0.4647690153989734,4.647690153989734,0.37394246405724885,0.8960813927279846,0.10256410256410256,10.222222222222223,0.358974358974359,7.180102915951972,0.5569800569800569,5.5702782542405185,17.204650534085253
2019-04-17,106,6885750,2178,1580,0.00031630541335366517,0.015335004355834432,0.9138027439292489,0.001297372709342041,0.12258953168044077,0.03877432471681673,122.58508100037686,0.0,0.0,0.19237832874196512,0.030424048794655822,96.18567217070769,0.0,0.0,0.27869605142332415,0.017630485927561067,55.73880554440019,0.015189873417721518,3.037952623836764,0.34527089072543615,0.0109210258793459,34.526838360287435,0.09746835443037975,9.746764668142951,0.4081726354453627,0.006455360708710017,20.408631772268137,0.18417721518987343,9.208860759493671,0.5142332415059688,0.0032530904359141183,10.284649893983307,0.330379746835443,6.607585340680337,0.6331496786042241,0.0020026867080564937,6.3314967860422415,0.49430379746835446,4.943037974683544,0.3985877080177449,0.9120802355134187,0.12876254180602006,12.833333333333334,0.41471571906354515,8.295025728987993,0.6204013377926422,6.204545454545455,11.313708498984761
2019-04-18,107,6885750,1447,850,0.00021014413825654431,0.018266814317886588,0.9363797628265806,0.0009028927154357152,0.18728403593642018,0.03935521347661923,187.27723648695982,0.0,0.0,0.2819626814098134,0.029625326749927388,140.97622230014687,0.0,0.0,0.4008293020041465,0.01684626332452293,80.1652782908319,0.02,3.9999709547184064,0.49274360746371804,0.010354642888262803,49.274002949450995,0.13647058823529412,13.646959727862798,0.5549412577747063,0.005830882619903424,27.747062888735314,0.24235294117647058,12.11764705882353,0.6378714581893573,0.0026808950645970816,12.757410636523396,0.3835294117647059,7.670577095509642,0.7636489288182446,0.0016047634607704317,7.636489288182447,0.5976470588235294,5.976470588235294,0.2687124749837167,0.9039750313788775,0.10023310023310024,9.98989898989899,0.41025641025641024,8.20583190394511,0.6363636363636364,6.364182130048339,4.47213595499958
2019-04-19,108,6885750,1184,646,0.0001719493156155829,0.02125868663712877,0.935839599623308,0.0007264858463870989,0.20861486486486486,0.03586988091780424,208.6072909879819,0.0,0.0,0.3251689189189189,0.027955271565495207,162.5785567416458,0.0,0.0,0.4543918918918919,0.01562636149757472,90.87771848135569,0.02476780185758514,4.953524402128057,0.53125,0.009134741061314589,53.12461424235383,0.14086687306501547,14.086585018551663,0.589527027027027,0.005068438441709327,29.47635135135135,0.2476780185758514,12.383900928792569,0.6951013513513513,0.002390440561390464,13.902006837495259,0.4411764705882353,8.823516597595447,0.799831081081081,0.0013753040699996369,7.998310810810811,0.6331269349845201,6.331269349845201,0.30966804048543645,0.904356151752336,0.16576086956521738,16.520833333333332,0.5,10.000857632933105,0.6847826086956522,6.848413379073756,3.605551275463989
2019-04-20,109,6885750,1849,1482,0.00026852557818683514,0.007989807173720801,0.8669011136974473,0.0010080257675148432,0.10438074634937804,0.02802788266047052,104.37695674923465,0.0,0.0,0.1552190373174689,0.02083938425791461,77.60670100266928,0.0,0.0,0.22011898323418064,0.011821429608760058,44.02347697594352,0.02699055330634278,5.398071463857498,0.2568956192536506,0.0068982543785762,25.689375385225024,0.0728744939271255,7.287396476207623,0.32179556517036234,0.004320517009766547,16.08977825851812,0.15384615384615385,7.6923076923076925,0.4488912925905895,0.002410772376614927,8.977812813562052,0.3124156545209177,6.2483040161649805,0.5905895078420768,0.0015858838906437206,5.905895078420768,0.4892037786774629,4.892037786774629,0.3004059606629079,0.8667766825101548,0.13856812933025403,13.810623556581985,0.4064665127020785,8.130027452176565,0.5704387990762124,5.704877217862533,16.1245154965971
2019-04-21,110,6885750,3151,2831,0.00045761173437897107,0.006068206812672419,0.8365062800975401,0.0015722429409108642,0.0660107902253253,0.03020621550972989,66.00839366744607,0.0,0.0,0.09203427483338622,0.021057217542840546,46.01546673932538,0.0,0.0,0.12916534433513172,0.011821429608760058,25.83288128483642,0.0307311903920876,6.146193448613588,0.16280545858457632,0.007450114728862296,16.280427640197892,0.06817379018014835,6.817329514841508,0.21326562995874326,0.004879642740442218,10.663281497937163,0.12433768986223949,6.216884493111975,0.316724849254205,0.002898735942002045,6.334487785668226,0.23949134581419992,4.7898199601500115,0.4360520469692161,0.0019954253349308356,4.360520469692162,0.37230660543977395,3.7230660543977394,0.2735608962252004,0.8472677986103614,0.09847198641765705,9.814374646293153,0.3157894736842105,6.31633113658933,0.466893039049236,4.669330813338886,29.68164415931166
2019-04-22,111,6885750,4302,3880,0.0006247685437316197,0.009190734733502173,0.8640348095739937,0.0027184764916721913,0.06369130636913063,0.0397908800464711,63.6889940213827,0.0,0.0,0.09321245932124593,0.029117049085100204,46.6045375959388,0.0036082474226804126,1.8040582116411308,0.13110181311018132,0.01638153881901885,26.220172227582296,0.0365979381443299,7.319534478995022,0.17271036727103672,0.010790322112172877,17.27091131657238,0.0827319587628866,8.273135801962683,0.23523942352394236,0.007348509603165959,11.761971176197116,0.15206185567010308,7.603092783505154,0.3723849372384937,0.004653081141370015,7.447687928681679,0.30412371134020616,6.082465393393975,0.5302185030218503,0.003312638419925208,5.302185030218503,0.4791237113402062,4.791237113402062,0.405121733568934,0.8929025159482616,0.12006079027355623,11.966058763931105,0.4072948328267477,8.146595275459186,0.5835866261398176,5.836366764508074,27.202941017470888
2019-04-23,112,6885750,4148,3160,0.0006024035145045928,0.02824360090543526,0.9339081683581789,0.004015266654182024,0.13428158148505304,0.08088875980249782,134.2767063187197,0.0,0.0,0.1991321118611379,0.0599767644496079,99.5624411303972,0.0,0.0,0.2726615236258438,0.03285021348281972,54.53190874863208,0.045253164556962024,9.050567191847026,0.33775313404050145,0.02034621975660054,33.77506815067796,0.13069620253164557,13.069525350464412,0.431533269045323,0.01299785789492793,21.57666345226615,0.2537974683544304,12.68987341772152,0.6039054966248795,0.0072758853053257735,12.078092391790488,0.4800632911392405,9.601251879130336,0.7791706846673095,0.004693751588425371,7.791706846673095,0.710126582278481,7.10126582278481,0.5366704279459666,0.9322587019899184,0.14006024096385541,13.95933734939759,0.4879518072289157,9.759873111657608,0.6912650602409639,6.913243454090805,11.40175425099138
2019-04-24,113,6885750,3993,2712,0.0005798932578150528,0.03157128711656991,0.951557882122741,0.0038294434090500105,0.13323315802654645,0.07725820505373221,133.2283209238008,0.0,0.0,0.2201352366641623,0.06382515248329945,110.06362226693695,0.0,0.0,0.3180565990483346,0.03688750762438642,63.610857907492814,0.015117994100294985,3.023576864739208,0.3986977210117706,0.023120044148828022,39.86948259398762,0.11467551622418878,11.467468352852363,0.5008765339343851,0.014522746251316124,25.04382669671926,0.26511799410029496,13.255899705014748,0.70473328324568,0.008173389720234223,14.094645195618032,0.5652654867256637,11.305293316122661,0.8542449286250939,0.00495370874632393,8.54244928625094,0.7853982300884956,7.853982300884956,0.5251841438555005,0.9342265818286581,0.13734567901234568,13.688786008230451,0.5015432098765432,10.031724477479193,0.7037037037037037,7.0316100161858515,7.0710678118654755
2019-04-25,114,6885750,3043,1909,0.00044192716842754963,0.028397148994114718,0.9411895524249203,0.0021345337588218783,0.15280972724285244,0.06752831832704037,152.80417940204347,0.0,0.0,0.253697009530069,0.05605576532094104,126.84389946062102,0.0,0.0,0.3496549457771936,0.030904179616021377,69.93048136412067,0.0,0.0,0.4308248439040421,0.019039182084870314,43.08217155468149,0.09271870089051859,9.271802763032449,0.5192244495563588,0.011472969538539738,25.961222477817945,0.23363017286537455,11.681508643268726,0.659217877094972,0.005826517334324752,13.184338394619344,0.4567836563645888,9.135659859804777,0.7827801511666119,0.0034593181570635005,7.827801511666119,0.6537454164484023,6.537454164484022,0.513911981943902,0.9302938635035454,0.15121951219512195,15.071544715447153,0.49105691056910566,9.805162044771132,0.6991869918699187,6.992469564489813,5.830951894845301
2019-04-26,115,6885750,3035,2235,0.00044076534872744435,0.017093224446487035,0.9201238635665808,0.002009604619213853,0.1156507413509061,0.05097298867266918,115.646542587424,0.0,0.0,0.171334431630972,0.03775776938716236,85.66410562031407,0.0,0.0,0.24546952224052718,0.021638734787533764,49.09354796153562,0.0,0.0,0.3176276771004942,0.013999825728310437,31.76253707041634,0.07337807606263982,7.33775432409193,0.3973640856672158,0.008757215989543623,19.868204283360793,0.18165548098434003,9.082774049217003,0.5410214168039539,0.004769262942652663,10.820412621868394,0.3767337807606264,7.534664672810214,0.7064250411861615,0.003113676796282177,7.0642504118616145,0.6013422818791946,6.013422818791946,0.47310479068400624,0.9157655364320045,0.1251778093883357,12.476055002370792,0.42105263157894735,8.421774848785772,0.6273115220483642,6.273653223504266,10.44030650891055
2019-04-27,116,6885750,2496,1894,0.00036248774643285047,0.011017890236722203,0.8947020641835012,0.0012598206287720158,0.09895833333333333,0.03586988091780424,98.9547405968632,0.0,0.0,0.14903846153846154,0.02701132733081615,74.51652530775934,0.0,0.0,0.23076923076923078,0.016730082198146912,46.15351101598161,0.0026399155227032735,0.5279792706861676,0.28725961538461536,0.010412733451450811,28.72575295005105,0.06071805702217529,6.071761612890928,0.32732371794871795,0.005932541843662637,16.366185897435898,0.11351636747624076,5.675818373812038,0.45232371794871795,0.003279231341202714,9.04646122102828,0.27824709609292503,5.564933840046294,0.6117788461538461,0.002217623352575972,6.117788461538461,0.4883843717001056,4.883843717001056,0.3674370796522843,0.8990914443996295,0.09907120743034056,9.874097007223943,0.39164086687306504,7.83348910567206,0.5681114551083591,5.681601782177165,15.016648189186455
2019-04-28,117,6885750,2662,2242,0.0003865955052100352,0.006466610992994376,0.8448903908526978,0.0011739702898338029,0.06874530428249437,0.026575660760964275,68.74280844658519,0.0,0.0,0.10593538692712247,0.02047632878303805,52.96577044245088,0.0,0.0,0.16453794139744554,0.012721833338174214,32.90734932694707,0.010704727921498661,2.1409300382078893,0.19722013523666415,0.007624386418426327,19.72187031580732,0.04683318465655665,4.683284458579758,0.23403456048084148,0.004523835457284972,11.701728024042074,0.09054415700267618,4.527207850133809,0.36476333583771603,0.0028203132261362582,7.295256122038971,0.2457627118644068,4.915247098999497,0.5082644628099173,0.0019649275678030715,5.082644628099174,0.41614629794826047,4.1614629794826055,0.299784150846496,0.8712933572466929,0.09060955518945635,9.030752333882482,0.357495881383855,7.150530828159749,0.5304777594728172,5.305232549924975,22.649492547739396
2019-04-29,118,6885750,2531,2135,0.0003675707076208111,0.005375827023485917,0.8223480746061421,0.0010864337860809104,0.06519162386408534,0.023961661341853034,65.18925704648935,0.0,0.0,0.10549190043461082,0.019387162358408365,52.74403524670502,0.0,0.0,0.15725009877518767,0.011560022074414011,31.449791386367554,0.007962529274004685,1.5924942911056887,0.18964836033188462,0.006970867582561213,18.964698323437723,0.03934426229508197,3.93439766037876,0.23389964440932437,0.004298732890389572,11.694982220466219,0.09180327868852459,4.590163934426229,0.351244567364678,0.0025821405335068313,7.024881145236928,0.23091334894613583,4.618260271940512,0.5112603713947057,0.0018792433649203065,5.112603713947057,0.4206088992974239,4.206088992974239,0.26630859488162817,0.8731356047822207,0.10835214446952596,10.799097065462753,0.40632054176072235,8.12710778297047,0.5936794582392777,5.93730374144787,19.209372712298546
2019-04-30,119,6885750,2700,2252,0.0003921141487855353,0.0073351033732924655,0.8907043119611867,0.0015347313003926785,0.07851851851851852,0.030787104269532385,78.5156678607158,0.0,0.0,0.11444444444444445,0.022436828347371478,57.220144738115984,0.0,0.0,0.17185185185185184,0.013477010659618345,34.3701207960989,0.009769094138543518,1.9538046404041944,0.21481481481481482,0.008423131662261465,21.48132549756181,0.0586145648312611,5.861413921212583,0.2696296296296296,0.005286279635479069,13.481481481481483,0.12433392539964476,6.216696269982237,0.4074074074074074,0.003194999535272795,8.148136314816536,0.2895204262877442,5.790400116503725,0.6088888888888889,0.002387539483716371,6.0888888888888895,0.5310834813499112,5.3108348134991115,0.27031049646680794,0.9016123771572812,0.10596026490066225,10.560706401766005,0.3995584988962472,7.991855326979656,0.5938189845474614,5.938699124192064,16.15549442140351
2019-05-01,120,6885750,2509,1969,0.00036437570344552157,0.01044405752928907,0.9095718103262415,0.0015363637787152598,0.09844559585492228,0.03586988091780424,98.44202173366702,0.0,0.0,0.15025906735751296,0.02737438280569271,75.12680605990377,0.0,0.0,0.21960940613790356,0.016003950158296785,43.92156229672861,0.009141696292534281,1.8283259823497031,0.2714228776404942,0.009889918382758722,27.14209067520162,0.07160995429151853,7.16094343086967,0.3451574332403348,0.006288349126819881,17.25787166201674,0.16556627729812087,8.278313864906043,0.45595854922279794,0.0033227995166837066,9.119157740934568,0.30675469781615033,6.1350850464946705,0.6285372658429653,0.0022902370838325525,6.285372658429653,0.526663280853225,5.26663280853225,0.32939293653743484,0.9045982954714844,0.13125,13.081249999999999,0.40208333333333335,8.042356346483706,0.5916666666666667,5.91717409948542,15.264337522473747
2019-05-02,121,6885750,2199,1539,0.00031935519006644154,0.01893021976685984,0.9306786281198889,0.0016007728667051064,0.16007276034561163,0.051118210862619806,160.06694881640945,0.0,0.0,0.2351068667576171,0.037539936102236424,117.5491655370507,0.0,0.0,0.3128694861300591,0.019983153736675478,62.57344285689549,0.018193632228719947,3.638700023785425,0.3728967712596635,0.011908565453542071,37.28940635367318,0.10396361273554255,10.39628578224407,0.4520236471123238,0.007217804886904114,22.601182355616192,0.21702404158544508,10.851202079272255,0.5788994997726239,0.0036974858258202437,11.57797318105582,0.3983105912930474,7.966200256750457,0.7526148249204184,0.0024035145045928183,7.526148249204184,0.6465237166991553,6.465237166991553,0.37470498514039297,0.8941661053722693,0.15594541910331383,15.542560103963613,0.4405458089668616,8.811671832525853,0.5886939571150097,5.887444454475239,10.295630140987
2019-05-03,122,6885750,2442,1837,0.00035464546345713975,0.013312730636864735,0.8921367387990536,0.0013586125866890569,0.12530712530712532,0.04443799012489108,125.30257596333692,0.0,0.0,0.19082719082719082,0.0338367702584955,95.41013137077616,0.0,0.0,0.2641277641277641,0.01873420662813326,52.82516924228853,0.021774632553075667,4.3548948880984275,0.3071253071253071,0.010891980597751896,30.71230769900496,0.0789330430048993,7.893246984678401,0.37346437346437344,0.006622372290600152,18.67321867321867,0.16712030484485574,8.356015242242787,0.4828009828009828,0.003424458592806023,9.656005632847696,0.3124659771366358,6.249310467017701,0.6060606060606061,0.002149366445194786,6.0606060606060606,0.4763200870985302,4.763200870985302,0.29171683651105373,0.8523986435359838,0.08832807570977919,8.803364879074659,0.3280757097791798,6.562076932650113,0.4668769716088328,4.669170125154888,19.209372712298546
2019-05-04,123,6885750,2805,2254,0.00040736303234941725,0.010610582422044282,0.8769505875283821,0.0015293722073871298,0.09982174688057041,0.04066221318617485,99.81812279739874,0.0,0.0,0.15222816399286987,0.031004937554458323,76.11131863301655,0.0,0.0,0.2142602495543672,0.017456214237997036,42.8517387484093,0.022182786157941437,4.4365250163247625,0.2545454545454545,0.010369165529059804,25.45436062093531,0.07231588287488909,7.231535776609363,0.3237076648841355,0.00659332679809752,16.185383244206776,0.15838509316770186,7.919254658385093,0.43636363636363634,0.003555163119249001,8.727260052894406,0.2985803016858917,5.971597361318516,0.5483065953654189,0.00223359837345242,5.483065953654189,0.43788819875776397,4.37888198757764,0.3507999278998981,0.871556736028772,0.09349593495934959,9.318428184281842,0.33875338753387535,6.775648802800206,0.505420054200542,5.054634006888954,24.0
2019-05-05,124,6885750,3172,2630,0.00046066151109174744,0.011226034436468963,0.862438114147699,0.001604357962065544,0.09615384615384616,0.04429276793494046,96.15035523581851,0.0,0.0,0.13650693568726355,0.0314406041243102,68.25098986411379,0.0,0.0,0.1885245901639344,0.017369078393215023,37.70464424529645,0.02129277566539924,4.258524210346592,0.2367591424968474,0.010906503238548897,23.675742331285647,0.07946768060836502,7.94671035680748,0.29508196721311475,0.006796645245615946,14.754098360655737,0.14980988593155894,7.490494296577947,0.4041614123581337,0.003723626731108839,8.08321650811245,0.2813688212927757,5.627368253371393,0.5009457755359394,0.002307664379334132,5.009457755359394,0.39809885931558936,3.9809885931558937,0.3920337023139379,0.8955814374777991,0.09137709137709138,9.107250107250106,0.3590733590733591,7.182083087743465,0.5444015444015444,5.439816974521344,25.079872407968907
2019-05-06,125,6885750,3162,2367,0.00045920923646661585,0.01867775315911292,0.8997094765432069,0.0016399940685442626,0.12681846932321317,0.05823409817020041,126.81386510925283,0.0,0.0,0.19070208728652752,0.043784490270113274,95.34758187142077,0.0,0.0,0.2621758380771663,0.02407853844143019,52.43478686688107,0.01436417405999155,2.8728139514242885,0.3108791903858317,0.014275755903453483,31.08769329924251,0.07942543303760034,7.942485630408327,0.3668564199873498,0.008423192825763351,18.342820999367486,0.15420363329108577,7.710181664554288,0.4648956356736243,0.0042696811971372805,9.297899210369396,0.28517110266159695,5.703413770308844,0.5879190385831752,0.0026997785281196673,5.879190385831752,0.44951415293620617,4.495141529362061,0.38027760886153905,0.9000538184166622,0.09575923392612859,9.544003647970817,0.35294117647058826,7.059428917364545,0.5622435020519836,5.62291721906362,16.1245154965971
2019-05-07,126,6885750,3183,2375,0.0004622590131793922,0.016676294424236213,0.9091978323620636,0.0019078501791668994,0.10618912975180647,0.04908510020331107,106.1852744973136,0.0,0.0,0.16870876531573986,0.03899215800174267,84.35132012582456,0.0,0.0,0.25416273955387997,0.023497632809550088,50.83217879935894,0.014736842105263158,2.9473470192661937,0.32202324850769715,0.01488570681692759,32.202091019371395,0.09136842105263158,9.136775759725202,0.3945962928055294,0.009120284645826525,19.72981464027647,0.18863157894736843,9.431578947368422,0.5098963242224317,0.004714076587043405,10.19791167428028,0.3431578947368421,6.8631479275612595,0.6126295947219604,0.0028319355190066444,6.126295947219605,0.4808421052631579,4.808421052631579,0.3556084194462239,0.9045979291138821,0.09545454545454546,9.513636363636364,0.37727272727272726,7.546101668485888,0.5727272727272728,5.7277639170435055,11.180339887498949
2019-05-08,127,6885750,4110,2935,0.0005968848709290927,0.021978470756811648,0.9196773360098849,0.0026889557966092597,0.1024330900243309,0.061138541969212895,102.4293711349167,0.0,0.0,0.1708029197080292,0.05097298867266918,85.39835930725835,0.0,0.0,0.2759124087591241,0.03293734932760173,55.182081054144426,0.01192504258943782,2.3849911995765622,0.3613138686131387,0.02156612158354875,36.131124499737425,0.10562180579216354,10.562103883839061,0.4418491484184915,0.01318665359619504,22.092457420924575,0.21839863713798977,10.91993185689949,0.5474452554744526,0.006535226322148899,10.948889208695078,0.36626916524701875,7.325372666487532,0.6817518248175183,0.004069273499618778,6.8175182481751815,0.5543441226575809,5.543441226575809,0.39205201657361693,0.9108745404280018,0.10549777117384844,10.514611193660226,0.39078751857355126,7.816420675962575,0.586924219910847,5.869745564648702,9.055385138137417
2019-05-09,128,6885750,4778,3553,0.0006938968158878844,0.022456888017875216,0.9134522918223562,0.0030039858298781972,0.09836751778987024,0.0682544292767935,98.36394650328188,0.0,0.0,0.16513185433235664,0.057290153935521344,82.56292956498872,0.0,0.0,0.2519882796149016,0.03497051903918209,50.39728996945334,0.014072614691809739,2.814502501209123,0.3208455420678108,0.022263208341804872,32.08432123055314,0.08668730650154799,8.668667703724099,0.3940979489326078,0.01367316559561413,19.704897446630387,0.18519560934421617,9.259780467210808,0.5226035998325659,0.007252648945069245,10.452056817394421,0.35800731775963973,7.160135956709032,0.6647132691502721,0.004612424209418001,6.64713269150272,0.549113425274416,5.4911342527441604,0.46830298309286084,0.9200452137181432,0.14446227929373998,14.398073836276085,0.4462279293739968,8.92532398701574,0.6420545746388443,6.421096393536503,10.63014581273465
2019-05-10,129,6885750,5054,3740,0.0007339795955415169,0.027165200682308117,0.9132779029004502,0.003230753999757783,0.111199050257222,0.08161487075225095,111.19501311482232,0.0,0.0,0.17946181242580134,0.06585826314260819,89.72764848322406,0.0,0.0,0.26177285318559557,0.03842690754886868,52.354190473807385,0.013101604278074866,2.620301828625694,0.33240997229916897,0.024398036538964246,33.24075585638565,0.09786096256684491,9.786025196704122,0.40700435298773247,0.014936644519478633,20.350217649386625,0.19866310160427808,9.933155080213904,0.5271072417886822,0.007737707965424296,10.54212952570644,0.3609625668449198,7.219240852578092,0.6590819153146023,0.004837526776313401,6.590819153146023,0.5393048128342246,5.3930481283422465,0.47862879305028583,0.9150245447053564,0.14330708661417324,14.282939632545933,0.4519685039370079,9.040145324887563,0.6535433070866141,6.5303928911199725,11.313708498984761
2019-05-11,130,6885750,4736,2999,0.0006877972624623316,0.03862449259392509,0.9391922757704936,0.0035006912574841384,0.1336570945945946,0.09192564623874529,133.65224210059975,0.0,0.0,0.23733108108108109,0.08161487075225095,118.66123232312331,0.0,0.0,0.35240709459459457,0.048476574980394434,70.480907130754,0.0053351117039013,1.0670145927891714,0.4330658783783784,0.029785936274652182,43.30627337482818,0.10470156718906302,10.470080691743744,0.5187922297297297,0.01784119376974186,25.939611486486488,0.24008002667555853,12.004001333777927,0.668918918918919,0.00920159866158565,13.37835894932715,0.47715905301767253,9.543167201053881,0.8110219594594594,0.0055781868351305235,8.110219594594597,0.701567189063021,7.01567189063021,0.5347952280535366,0.9096973520441045,0.13531799729364005,13.486693730266124,0.4587280108254398,9.17534705700764,0.6562922868741543,6.563485726620508,6.082762530298219
2019-05-12,131,6885750,4718,2931,0.0006851831681370948,0.03736689821309488,0.9374133160564508,0.0035407149665082666,0.12632471386180585,0.08655242521057217,126.32012757390787,0.0,0.0,0.22191606612971598,0.0760238164391519,110.9540046727194,0.0,0.0,0.3552352691818567,0.04867989195155247,71.04653794095006,0.0,0.0,0.450402713013989,0.030860611693630368,45.03994424955814,0.11531900375298533,11.531816638475103,0.5417549809241204,0.018560069709182007,27.087749046206017,0.26236779256226544,13.118389628113272,0.6759220008478168,0.00926259410725904,13.51842038449744,0.4783350392357557,9.566686891258495,0.8185671894870707,0.005608684602258287,8.185671894870707,0.7079495052882975,7.079495052882974,0.5065188818005916,0.8966372218069449,0.11604938271604938,11.566255144032922,0.4271604938271605,8.543942570357665,0.608641975308642,6.086941744488914,5.385164807134504
2019-05-13,132,6885750,4612,2990,0.0006697890571106996,0.03141027864404665,0.9318408887235654,0.0030700405141212044,0.12489158716392021,0.08364798141155969,124.88705290647162,0.0,0.0,0.20164787510841284,0.06752831832704037,100.82027708595366,0.0,0.0,0.32220294882914136,0.04316128844869151,64.44012184205931,0.0,0.0,0.41023417172593235,0.02747683638792878,41.023119288417305,0.0903010033444816,9.030034763996403,0.4967476149176062,0.01663580583088262,24.837380745880314,0.22374581939799332,11.187290969899665,0.6324804856895057,0.008472557858537039,12.649591343109588,0.4331103678929766,8.662194777973857,0.7699479618386817,0.005157027193842356,7.699479618386818,0.6451505016722408,6.451505016722408,0.49764472108200536,0.9065702827042882,0.11151079136690648,11.113908872901678,0.39568345323741005,7.914347767069364,0.5827338129496403,5.827837901205622,6.708203932499369
2019-05-14,133,6885750,3817,2618,0.0005543332244127365,0.02220529806106249,0.9267093487273146,0.0023510962272968124,0.10951008645533142,0.06070287539936102,109.50611063168722,0.0,0.0,0.17841236573225047,0.049448155678187625,89.20294418681698,0.0,0.0,0.2798008907518994,0.031020360742397397,55.959771805596766,0.0,0.0,0.3547288446423893,0.019663655639141422,35.47262688425938,0.05920550038197097,5.920507047186334,0.4335865863243385,0.012017572522964093,21.679329316216922,0.17417876241405653,8.708938120702825,0.5763688760806917,0.00638999907054559,11.527360780720276,0.38235294117647056,7.647047717916053,0.7348703170028819,0.004073630323494172,7.348703170028817,0.6134453781512605,6.134453781512605,0.44331387398360605,0.9085833937399981,0.10854816824966079,10.818634102216192,0.383989145183175,7.680441547137228,0.5997286295793759,5.9978006428174115,8.602325267042627
2019-05-15,134,6885750,2602,1642,0.00037788185745924553,0.01810632093109132,0.9225497531196629,0.0013323800865477884,0.11837048424289008,0.04472843450479233,118.36618673765327,0.0,0.0,0.21060722521137587,0.0397908800464711,105.29978950037986,0.0,0.0,0.32820906994619525,0.024804670481280315,65.64133734299614,0.0,0.0,0.4077632590315142,0.015408521885619681,40.776029813184365,0.061510353227771014,6.15099065813884,0.4754035357417371,0.008982318556439023,23.770176787086857,0.1686967113276492,8.43483556638246,0.5883935434281322,0.004446858444093317,11.76785377840721,0.34774665042630937,6.954922908068129,0.707532667179093,0.0026736375848672982,7.07532667179093,0.5365408038976858,5.365408038976857,0.39973343935496086,0.90889604287328,0.10283159463487332,10.248882265275709,0.38152011922503726,7.631056792938524,0.6095380029806259,6.0959027896715945,6.4031242374328485
2019-05-16,135,6885750,2057,1335,0.0002987328903895727,0.013689417563778705,0.9118405448630529,0.0010411759544660516,0.12591152163344677,0.037612547197211736,125.90695034671886,0.0,0.0,0.20952843947496355,0.03129538193435957,104.76041621512708,0.0,0.0,0.3189110354885756,0.019053704725667316,63.78174395467366,0.0,0.0,0.39231891103548855,0.011719771123181039,39.231606228217714,0.06367041198501873,6.366994965375739,0.4642683519688867,0.006934611335003449,23.213417598444334,0.1745318352059925,8.726591760299625,0.5712202236266407,0.003412840412677758,11.424387881184186,0.3393258426966292,6.786506998060677,0.6849781234807972,0.002046254946810442,6.849781234807973,0.5146067415730337,5.146067415730337,0.3617780963494509,0.9081445968302302,0.10132890365448505,10.099114064230344,0.3953488372093023,7.907654872551757,0.6129568106312292,6.130093798259661,7.211102550927978
2019-05-17,136,6885750,1752,1222,0.0002544385143230585,0.011161367428263206,0.9123178000573049,0.0009185382570487633,0.1284246575342466,0.032674992738890504,128.41999500674387,0.0,0.0,0.19577625570776255,0.024905605576532094,97.884573971807,0.0,0.0,0.2876712328767123,0.014638821923378547,57.533828800744196,0.0008183306055646482,0.16366493268078586,0.3555936073059361,0.009047605216532575,35.55910252268218,0.07610474631751228,7.610419369656542,0.4115296803652968,0.005235450023599463,20.57648401826484,0.15630114566284778,7.81505728314239,0.5011415525114156,0.0025501905381541037,10.022816494346245,0.28477905073649756,5.69557274319418,0.6689497716894978,0.0017020658606542497,6.689497716894977,0.5253682487725041,5.25368248772504,0.305601937014796,0.8982208743313846,0.10070671378091872,10.037102473498233,0.36042402826855124,7.209098788404075,0.5724381625441696,5.72487256726206,11.661903789690601
2019-05-18,137,6885750,1823,1340,0.00026474966416149294,0.012543052182245776,0.9064324541444658,0.0010687225482955527,0.13110257816785517,0.03470810339819924,131.09781841697773,0.0,0.0,0.19034558420186506,0.025196049956433344,95.16933680060937,0.0,0.0,0.27043335161821175,0.014319323825844492,54.08627758299984,0.014179104477611941,2.835800303718273,0.3335161821173889,0.008829765604577537,33.35137603495325,0.09328358208955224,9.328290472757477,0.3971475589687329,0.005257234142976437,19.857377948436643,0.1798507462686567,8.992537313432836,0.492046077893582,0.002605376893763361,9.84090726617173,0.30895522388059704,6.179095503868334,0.6472846955567746,0.0017136840576553027,6.4728469555677455,0.5201492537313432,5.201492537313433,0.3168056567877167,0.8932804126937323,0.09484193011647254,9.452579034941763,0.3544093178036606,7.052503506669771,0.5574043261231281,5.57452130953842,13.038404810405298
2019-05-19,138,6885750,2496,1949,0.00036248774643285047,0.012755499509173507,0.8830566596053451,0.001482752928452824,0.11458333333333333,0.04153354632587859,114.5791733226837,0.0,0.0,0.16266025641025642,0.029480104559976763,81.32717547029647,0.0,0.0,0.2387820512820513,0.017310987830027012,47.7560634818143,0.025141097998973832,5.028183088281219,0.296875,0.010761276830578873,29.68728442955067,0.09953822473063109,9.953750195168944,0.35216346153846156,0.006382746977453437,17.608173076923077,0.17034376603386353,8.517188301693176,0.4655448717948718,0.003375081327260898,9.31088391393699,0.3155464340687532,6.3109195161867895,0.6141826923076923,0.0022263370003267617,6.1418269230769225,0.5059004617752694,5.059004617752693,0.34283815024694153,0.8831667147214397,0.09348441926345609,9.31728045325779,0.3385269121813031,6.77111890728332,0.5226628895184136,5.227077148091099,15.132745950421556
2019-05-20,139,6885750,2973,2279,0.00043176124605162836,0.020569970014648886,0.8903242472132031,0.0020596483191738435,0.13757147662293978,0.0593958756898054,137.5664820151623,0.0,0.0,0.18836192398250926,0.04066221318617485,94.17754269986662,0.0,0.0,0.26505213588967375,0.02288768189607598,53.01004225223854,0.041246160596752963,8.249172219033133,0.3326606121762529,0.014362891748235499,33.2658196620964,0.12944273804300133,12.944179811780712,0.3908509922637067,0.008437715572014668,19.542549613185336,0.2053532250987275,10.267661254936375,0.5099226370669357,0.004403290268612325,10.198437930406094,0.3606845107503291,7.2136797387625435,0.6485031954254962,0.0027999854772537487,6.4850319542549615,0.5414655550680123,5.4146555506801235,0.4159067600232383,0.8913320232914201,0.1011826544021025,10.084537888742883,0.3797634691195795,7.595920777707404,0.5519053876478318,5.519527208714723,13.601470508735444
2019-05-21,140,6885750,3074,2311,0.00044642921976545765,0.023854766369165628,0.8786582613392131,0.0018813234532774705,0.1509433962264151,0.06738309613708975,150.93791614377545,0.0,0.0,0.20494469746258945,0.045744989834446706,102.4686284165717,0.0,0.0,0.27325959661678595,0.024398036538964246,54.65152247826059,0.033318909562959756,6.6637335247364184,0.3282368249837345,0.01465334456417555,32.82344415509818,0.10644742535698831,10.64466524081272,0.38353936239427455,0.008561158915150855,19.176968119713727,0.18000865426222415,9.000432713111207,0.5149642160052049,0.0045978947857607585,10.299269362736545,0.35482475118996104,7.096484717754538,0.6463890696161353,0.002885669680136514,6.463890696161354,0.529640848117698,5.29640848117698,0.4113163841679636,0.8926723473754954,0.10150891632373114,10.11705532693187,0.3991769547325103,7.984223789255236,0.5720164609053497,5.7206551892086495,12.806248474865697
2019-05-22,141,6885750,2863,2140,0.0004157862251751806,0.019611613740789145,0.8249624004415541,0.0012815713953922873,0.14146000698567937,0.05881498693000291,141.45487120267816,0.0,0.0,0.19490045406915824,0.040516990996224224,97.44668905073384,0.0,0.0,0.2581208522528816,0.021464463097969736,51.62379559093438,0.00794392523364486,1.5887735100517033,0.30736989172196993,0.012779923901362223,30.73676598107053,0.07336448598130842,7.336395325826983,0.35766678309465594,0.007435646080673855,17.8833391547328,0.14065420560747663,7.032710280373831,0.4607055536150891,0.0038310948972952877,9.214097690901513,0.27850467289719627,5.570085368650284,0.5791128187216207,0.0024078713284682134,5.7911281872162075,0.4369158878504673,4.369158878504673,0.40098303841325894,0.8965983622108328,0.11455108359133127,11.416924664602682,0.4102167182662539,8.205037996059668,0.6207430340557275,6.207962710226277,14.317821063276353
2019-05-23,142,6885750,2810,2115,0.0004080891696619831,0.014604732908591291,0.8386775719557976,0.0015437177711001425,0.1110320284697509,0.04530932326459483,111.02799739116864,0.0,0.0,0.1701067615658363,0.03470810339819924,85.05029287336315,0.0,0.0,0.23879003558718861,0.01948938394957739,47.75766033124645,0.010401891252955082,2.080363144297989,0.30177935943060497,0.012315199395858142,30.17771681139865,0.07234042553191489,7.233990024490733,0.3839857651245552,0.007835021602585049,19.19928825622776,0.18156028368794327,9.078014184397164,0.506405693950178,0.00413316758063017,10.128099170222132,0.3442080378250591,6.884150758823719,0.6444839857651246,0.00263006934611335,6.444839857651245,0.5276595744680851,5.276595744680851,0.38529512190569465,0.9009272822268417,0.11519198664440734,11.480801335559267,0.4073455759599332,8.14761022516086,0.6393989983305509,6.394538352943872,11.180339887498949
2019-05-24,143,6885750,3066,2166,0.0004452674000653524,0.02003434981350666,0.9334731194856394,0.00227068350771402,0.12915851272015655,0.05750798722044728,129.15382354963955,0.0,0.0,0.1934116112198304,0.04305837932036015,96.70229465269729,0.0,0.0,0.28604044357469016,0.025472711957942432,57.20767330867648,0.013850415512465374,2.7700629880321372,0.36007827788649704,0.016032995439890788,36.007566324275274,0.09418282548476455,9.418214159309267,0.4383561643835616,0.009759285480884436,21.91780821917808,0.20498614958448755,10.249307479224376,0.5900195694716243,0.0052543219630077145,11.80037425204839,0.4196675900277008,8.39333961111988,0.7622309197651663,0.003393965798932578,7.6223091976516635,0.6634349030470914,6.634349030470914,0.40751432881500255,0.9177629105607106,0.11563517915309446,11.524972855591747,0.4169381107491857,8.339477374693404,0.6368078175895765,6.368624323252189,8.48528137423857
2019-05-25,144,6885750,3010,1887,0.00043713466216461534,0.033828751492830114,0.9395575659106735,0.0024151693942120753,0.179734219269103,0.07856520476328784,179.72769391987018,0.0,0.0,0.2700996677740864,0.05903282021492884,135.04493082888578,0.0,0.0,0.38272425249169434,0.033460164396293825,76.54429468165455,0.018547959724430314,3.709565008350403,0.46378737541528237,0.02027360655261553,46.378400770655276,0.14467408585055644,14.467303532566573,0.5465116279069767,0.011944958791707512,27.325581395348838,0.2766295707472178,13.83147853736089,0.674750830564784,0.005899130960126406,13.494997012853954,0.48118706942236356,9.62372741215215,0.7897009966777409,0.003452056783937843,7.897009966777409,0.6645468998410174,6.645468998410174,0.46421370214534197,0.920533676600054,0.14285714285714285,14.238095238095237,0.4478330658105939,8.957429468983424,0.6500802568218299,6.50136009845571,5.385164807134504
2019-05-26,145,6885750,3469,2277,0.0005037940674581564,0.033777614382033,0.9226912448324519,0.0022579682620950223,0.1669068895935428,0.08408364798141156,166.90082994753664,0.0,0.0,0.2588642260017296,0.06520476328783038,129.42741389713981,0.0,0.0,0.35946958777745747,0.036219466147724304,71.89339551072142,0.024154589371980676,4.83088279555363,0.4286537907177861,0.02159516686514276,42.865067812527165,0.12955643390426,12.955549315348373,0.4981262611703661,0.01254765276113713,24.9063130585183,0.23539745278875715,11.769872639437857,0.601037763044105,0.0060559763918579795,12.020737803469611,0.3921826965305226,7.843642539487424,0.6929950994522918,0.003491268198816396,6.929950994522917,0.5322793148880105,5.3227931488801055,0.49001440827730003,0.9272295392638064,0.14126984126984127,14.079894179894179,0.4888888888888889,9.778616352201258,0.6825396825396826,6.825982193906722,7.615773105863909
2019-05-27,146,6885750,3642,2466,0.0005289184184729332,0.0327027875400744,0.9374593506785528,0.00265391353776739,0.15485996705107083,0.0819053151321522,154.85434477518314,0.0,0.0,0.2397034596375618,0.06338948591344758,119.84737853611247,0.0,0.0,0.3322350356946733,0.035144790728746114,66.44652464592629,0.013787510137875101,2.7574820044692987,0.40087863811092805,0.021203055563623688,40.08757272026958,0.1151662611516626,11.516542489254128,0.4684239428885228,0.012387902552372654,23.421197144426138,0.21492295214922952,10.746147607461475,0.6057111477210324,0.006407426340737987,12.114205361267599,0.41768045417680455,8.35359695181921,0.7674354750137288,0.004059107577242857,7.6743547501372875,0.6565287915652879,6.5652879156528785,0.49557395840562285,0.9279534621613215,0.13449367088607594,13.404535864978902,0.4920886075949367,9.842616214690493,0.7009493670886076,7.01009482814773,9.0
2019-05-28,147,6885750,4347,3017,0.0006313037795447119,0.033297678866898155,0.9519313239353857,0.004544167844655662,0.1320450885668277,0.08335753703165844,132.04029459759423,0.0,0.0,0.20519898780768345,0.06476909671797851,102.59576897304359,0.0,0.0,0.3167701863354037,0.03999535275494496,63.353577233117605,0.020218760357971495,4.043722708614895,0.39636530940878767,0.025022510093235355,39.63624312732812,0.13026184951939013,13.026090364636506,0.5063262019783759,0.015982282249573394,25.31631009891879,0.2886973815048061,14.434869075240304,0.7004830917874396,0.00884433962264151,14.009641489901949,0.568445475638051,11.368893002006196,0.8755463538072233,0.005527357223250917,8.755463538072235,0.8206827974809413,8.206827974809412,0.4815486713305998,0.9299302647930549,0.13570274636510501,13.525040387722132,0.5040387722132472,10.081640004766166,0.7092084006462036,7.092692246942864,7.0710678118654755
2019-05-29,148,6885750,4718,3134,0.0006851831681370948,0.03493960224395433,0.9513879527407254,0.005311055545878022,0.11848240779991522,0.08117920418239907,118.47810623123239,0.0,0.0,0.19987282746926663,0.06847226256171943,99.93278548841872,0.0,0.0,0.3336159389571852,0.045717273228963955,66.72270329299248,0.023931078493937462,4.786180944541807,0.43726155150487495,0.029960207964216213,43.72583764086515,0.1528398213146139,15.28387114957017,0.5582874099194574,0.019126456812983333,27.914370495972864,0.33503509891512445,16.751754945756222,0.7488342518016109,0.010261757598289805,14.976663285804158,0.6218889597957882,12.437761132870875,0.877490462060195,0.006012416948044876,8.77490462060195,0.8155711550733886,8.155711550733885,0.4827952226281921,0.9208694752394548,0.12461059190031153,12.419522326064383,0.48753894080996885,9.734917104083983,0.6931464174454829,6.9320586396498935,5.656854249492381
2019-05-30,149,6885750,4924,2817,0.000715100025414806,0.05002445333653931,0.9559190412034292,0.0050633643382196405,0.13119415109666938,0.0938135347081034,131.18938802118663,0.0,0.0,0.24228269699431357,0.08662503630554749,121.1369503941762,0.0,0.0,0.42465475223395616,0.06073368381306457,84.93033373594828,0.037628682996095134,7.525681952434345,0.5560519902518278,0.03976299050219292,55.60479525801683,0.22399716009939652,22.399553358424868,0.644191714053615,0.023033075554587373,32.20958570268075,0.3780617678381257,18.903088391906284,0.7632006498781478,0.010915280230504693,15.263990830056395,0.5860844870429535,11.721672717771217,0.8535743298131601,0.006103910249428167,8.5357432981316,0.7440539581114661,7.440539581114661,0.49121856750072623,0.9244058990032054,0.14759535655058043,14.710337202874515,0.49917081260364843,9.984272462729235,0.6849087893864013,6.849675294197964,3.605551275463989
2019-05-31,150,6885750,4644,2594,0.0006744363359111208,0.04554772067001233,0.9482796130904494,0.003591787745136453,0.13113695090439276,0.0884403136799303,131.13218990559432,0.0,0.0,0.25279931093884583,0.08524542550101656,126.39506646072886,0.0,0.0,0.4265719207579673,0.05753870283772401,85.31376465651553,0.016191210485736313,3.2382185832338672,0.539405684754522,0.03637921519649133,53.940176795702016,0.1754047802621434,17.54035065918345,0.6229543496985357,0.021007152452528773,31.147717484926787,0.32498072474942175,16.24903623747109,0.7095176571920758,0.009570475880658054,14.190332535581652,0.4799537393986122,9.59906084749975,0.7950043066322137,0.005361797915985913,7.950043066322135,0.6329992289899768,6.329992289899768,0.4787994656948642,0.9211647971132324,0.16366906474820145,16.312350119904075,0.49640287769784175,9.928909016868836,0.6798561151079137,6.799144218073225,3.605551275463989
2019-06-01,151,6885750,3699,1904,0.0005371963838361834,0.04671485577219742,0.9476257045193075,0.002668675908567281,0.16409840497431738,0.08814986930002905,164.09244729188296,0.0,0.0,0.2925114895917816,0.07856520476328784,146.25043490100276,0.0,0.0,0.4625574479589078,0.04969647680734265,92.5108178362151,0.005777310924369748,1.1554537946928167,0.5685320356853204,0.030541113596096313,56.85279073920524,0.16176470588235295,16.176353125699436,0.6609894566098946,0.017754057292233963,33.04947283049473,0.34138655462184875,17.069327731092436,0.7399297107326305,0.007949739752765127,14.798572723060955,0.4947478991596639,9.894943613017752,0.8237361449040281,0.004425080782776023,8.237361449040282,0.657563025210084,6.575630252100841,0.4546546953136369,0.9095991052498887,0.1657250470809793,16.517263025737602,0.4971751412429379,9.944355612408058,0.6685499058380414,6.686072428797084,3.1622776601683795
2019-06-02,152,6885750,2926,1595,0.0004249355553135098,0.028578549687604204,0.9366932149257498,0.0025330892063397596,0.12576896787423103,0.0534417659018298,125.7644017629954,0.0,0.0,0.23923444976076555,0.050827766482718556,119.61288211154454,0.0,0.0,0.4213943950786056,0.035812832205408235,84.27826703977777,0.0,0.0,0.5584415584415584,0.02372999506230213,55.84375034184787,0.18996865203761756,18.996727261436945,0.6585782638414217,0.013992666013143085,32.928913192071086,0.37366771159874607,18.683385579937305,0.7590567327409433,0.00645099451621898,15.181112607674244,0.5579937304075235,11.159858400971295,0.8250170881749829,0.0035057909450677124,8.25017088174983,0.6789968652037618,6.789968652037617,0.4273502984667453,0.8968098055009335,0.1445993031358885,14.411730545876887,0.4738675958188153,9.478164725288517,0.6480836236933798,6.481392054792883,3.1622776601683795
2019-06-03,153,6885750,3721,2513,0.000540391388011473,0.019824415479059065,0.9346392368742205,0.003905456299746739,0.07121741467347487,0.03848388033691548,71.21482908624449,0.0,0.0,0.13598495028218222,0.036741214057507986,67.99000663705607,0.0,0.0,0.3087879602257458,0.03337302855151181,61.75714360348628,0.013927576601671309,2.7854950938150456,0.4453104004299919,0.024064015800633186,44.53071668884976,0.1786709112614405,17.866961387470795,0.5611394786347756,0.015161747086374033,28.056973931738778,0.3501790688420215,17.508953442101074,0.6928245095404462,0.007487917092666605,13.856470067409049,0.5451651412654198,10.90328699074137,0.8113410373555496,0.004384417093272338,8.113410373555496,0.7206526064464783,7.206526064464782,0.47931676530755063,0.9020850402420565,0.14241486068111456,14.194014447884415,0.4520123839009288,9.041022999431783,0.6331269349845201,6.331812340355479,6.0
2019-06-04,154,6885750,4484,3207,0.000651199941909015,0.023309158895877948,0.9438871257177484,0.005847054067850628,0.06311329170383587,0.041097879756026724,63.11100034122681,0.0,0.0,0.12578055307760927,0.0409526575660761,62.88799327288326,0.0,0.0,0.29504906333630687,0.03842690754886868,59.00938417810494,0.02962270034299969,5.924497048616285,0.4261819803746655,0.02775276656307183,42.617888573075795,0.1976925475522295,19.769111204330134,0.5590990187332738,0.018204262426024763,27.954950936663696,0.38353601496725914,19.176800748362957,0.719892952720785,0.00937587136350962,14.397838144800705,0.6083567196757094,12.167116723519309,0.8334076717216771,0.0054271502741168355,8.334076717216771,0.7670720299345183,7.670720299345182,0.39505607032734624,0.8903554713147448,0.1314878892733564,13.104959630911189,0.4290657439446367,8.582050840717681,0.5916955017301038,5.917462474849692,6.324555320336759
2019-06-05,155,6885750,4601,3152,0.0006681915550230549,0.031782781929948954,0.9469167422287856,0.005415344295532027,0.102803738317757,0.06869009584664537,102.8000059717536,0.0,0.0,0.18756792001738753,0.06266337496369445,93.78055513068007,0.0,0.0,0.3381873505759617,0.045194458160271865,67.6369789778509,0.03394670050761421,6.789290801949071,0.44620734622908065,0.02981498155624619,44.62041061745755,0.1916243654822335,19.16229740363196,0.5522712453814388,0.018451149112297137,27.61356226907194,0.3464467005076142,17.32233502538071,0.7109324059986959,0.009500766799888465,14.218627470622037,0.5780456852791879,11.560896915986522,0.844381656161704,0.005642086918636314,8.443816561617039,0.7728426395939086,7.728426395939087,0.37977551437691415,0.8961780144222706,0.13059701492537312,13.016169154228857,0.4458955223880597,8.918675277130642,0.6175373134328358,6.175902754665779,6.082762530298219
2019-06-06,156,6885750,3512,1517,0.0005100388483462222,0.07164060367030495,0.95094852972917,0.00199994544407104,0.24088838268792712,0.12285797269822829,240.87963710331022,0.0,0.0,0.3935079726651481,0.1003485332558815,196.74684307137986,0.0,0.0,0.5515375854214123,0.05626071044758779,110.30671610605856,0.015161502966381015,3.0322785747700505,0.6386674259681093,0.03257428330767667,63.86627883993014,0.16348055372445616,16.347936663977663,0.701879271070615,0.017899284754747124,35.093963553530756,0.3098220171390903,15.491100856954514,0.7895785876993167,0.008054303373919509,15.791548820320688,0.5128543177323666,10.257071458562722,0.8499430523917996,0.004335039756017863,8.499430523917995,0.6526038233355307,6.526038233355306,0.45486411729580173,0.901465705100829,0.1945031712473573,19.385482734319943,0.5369978858350951,10.740878810845702,0.6765327695560254,6.76590791234375,2.23606797749979
2019-06-07,157,6885750,2604,1345,0.00037817231238427185,0.039955481651812993,0.943643655029135,0.0018879945662824494,0.20506912442396313,0.07754864943363346,205.06167927712812,0.0,0.0,0.34139784946236557,0.06455126343305256,170.69272741326486,0.0,0.0,0.46774193548387094,0.035377152981498156,93.54770781196272,0.010408921933085501,2.0817692701136687,0.5668202764976958,0.02143541781637573,56.68161606340598,0.1613382899628253,16.133711843380933,0.6532258064516129,0.012351595686744363,32.66129032258065,0.3286245353159851,16.431226765799256,0.7569124423963134,0.005724858258202435,15.138226863063526,0.5293680297397769,10.58734521906273,0.8429339477726574,0.003187742802163889,8.429339477726575,0.695910780669145,6.95910780669145,0.4619647469662327,0.9068658876361205,0.20575221238938052,20.50663716814159,0.5486725663716814,10.97439244675845,0.6858407079646017,6.8589952792240325,3.1622776601683795
2019-06-08,158,6885750,2301,1427,0.000334168391242784,0.018742530926719958,0.9369059313777507,0.001961695646939212,0.1290743155149935,0.04313099041533546,129.0696294013021,0.0,0.0,0.22381573229030857,0.0373947139122858,111.9038032688057,0.0,0.0,0.3694046066927423,0.024688489354904294,73.88038486550728,0.014716187806587245,2.943216189526507,0.47892220773576705,0.016003950158296785,47.89187301281707,0.15977575332866154,15.977459314572467,0.5827900912646675,0.00973750136150746,29.139504563233373,0.32725998598458306,16.362999299229152,0.6814428509343764,0.004554326610279766,13.628837225873054,0.4863349684653118,9.72668524348807,0.8083441981747066,0.0027012308027447992,8.083441981747066,0.6909600560616679,6.909600560616678,0.3855583377901014,0.9038330170582183,0.14942528735632185,14.892720306513409,0.4540229885057471,9.0812385402496,0.6245210727969349,6.2457463378087965,5.0
2019-06-09,159,6885750,2276,1428,0.00033053770467995496,0.021943545180829895,0.9385160259202339,0.0021891129642002856,0.14982425307557118,0.04952076677316294,149.81881362403635,0.0,0.0,0.24560632688927944,0.040589602091199536,122.79870500855766,0.0,0.0,0.38927943760984185,0.025734119492288477,77.85532218542416,0.02661064425770308,5.322090205857823,0.48637961335676627,0.016076563362281797,48.63760815985584,0.18137254901960784,18.13712320154179,0.5852372583479789,0.009672149003376538,29.261862917398947,0.3389355742296919,16.946778711484594,0.7078207381370826,0.004679222046658611,14.156394203769567,0.5343137254901961,10.68625899042115,0.812390158172232,0.0026852557818683514,8.12390158172232,0.7009803921568627,7.0098039215686265,0.38007015148122403,0.8905776513413886,0.14656771799628943,14.60791589363018,0.44712430426716143,8.94325302240029,0.6029684601113172,6.030201726722186,5.385164807134504
2019-06-10,160,6885750,2172,1422,0.0003154340485785862,0.02444642066870673,0.9399841999890527,0.0020860034430757886,0.17679558011049723,0.05576532094103979,176.7891614501679,0.0,0.0,0.26749539594843463,0.042187046180656405,133.74284219081716,0.0,0.0,0.38029465930018413,0.023991402596648174,76.05837957176342,0.053445850914205346,10.68909256535158,0.4631675874769797,0.014609776641784542,46.31642242687288,0.180028129395218,18.002682215328974,0.5543278084714549,0.008742693243292306,27.71639042357274,0.31926863572433195,15.963431786216598,0.6837016574585635,0.004313249372618273,13.674013290748745,0.5168776371308017,10.337537729672302,0.7817679558011049,0.002465962313473478,7.81767955801105,0.6666666666666666,6.666666666666667,0.38745987546150196,0.9102731977357281,0.14065510597302505,14.018625561978162,0.45664739884393063,9.133731248574742,0.6088631984585742,6.089154165716495,6.708203932499369
2019-06-11,161,6885750,2362,1660,0.00034302726645608683,0.021945683071389256,0.9032213417232754,0.0015345937979739815,0.1685012701100762,0.05779843160034853,168.4951525792125,0.0,0.0,0.23793395427603725,0.040807435376125474,118.96265797678069,0.0,0.0,0.3264182895850974,0.022393912108977898,65.28318387146255,0.04156626506024096,8.313192646854517,0.38738357324301437,0.013288216329257313,38.7380760326772,0.12831325301204818,12.83123212884067,0.4479254868755292,0.007682532766946229,22.39627434377646,0.21445783132530122,10.72289156626506,0.5635055038103303,0.003865949437680082,11.27009370893549,0.3789156626506024,7.578302247235992,0.682895850973751,0.0023425189703372906,6.82895850973751,0.5487951807228916,5.4879518072289155,0.37046374834664847,0.9094956164283896,0.1655328798185941,16.49811035525321,0.5034013605442177,10.068890678055098,0.6417233560090703,6.417783923174759,11.180339887498949
2019-06-12,162,6885750,2327,1568,0.0003379443052681262,0.02667305684260017,0.908236514077755,0.0014034140402752466,0.19939836699613236,0.06738309613708975,199.3911277292504,0.0,0.0,0.269445638160722,0.04552715654952077,134.7179278946552,0.0,0.0,0.3498066179630425,0.023642859217520115,69.9608155810224,0.035076530612244895,7.01525518206353,0.4069617533304684,0.013752940834761394,40.695879825078755,0.11989795918367346,11.989708856617671,0.46239793725827244,0.007813237483208075,23.11989686291362,0.20216836734693877,10.108418367346939,0.5775676837129351,0.003903708523096942,11.551336898545237,0.37308673469387754,7.461723857405333,0.6897292651482596,0.002330900773336238,6.897292651482595,0.5395408163265306,5.395408163265307,0.3546524954797278,0.9026498345708256,0.14317180616740088,14.269456681350956,0.4933920704845815,9.86868770826879,0.6607929515418502,6.608496233215708,10.0
2019-06-13,163,6885750,2182,1480,0.0003168863232037178,0.024912301451413904,0.9162614949978662,0.0011716601425413406,0.20119156736938587,0.06375254138832413,201.18426299938264,0.0,0.0,0.270852428964253,0.042913157130409524,135.42129775926554,0.0,0.0,0.346012832263978,0.021929187603473815,69.20206395078819,0.03581081081081081,7.162110155407956,0.38725939505041246,0.012271631473467135,38.72565830358677,0.09662162162162162,9.662092002106961,0.4321723189734189,0.006847474857495552,21.608615948670945,0.16283783783783784,8.141891891891891,0.5316223648029331,0.0033692722371967657,10.632431854847677,0.30945945945945946,6.189180200799833,0.6654445462878094,0.0021087027556911013,6.654445462878094,0.5067567567567568,5.067567567567568,0.3569632131914089,0.9131622219739541,0.14705882352941177,14.65686274509804,0.497737556561086,9.95560488346282,0.6515837104072398,6.516395923721118,12.206555615733702
2019-06-14,164,6885750,2175,1414,0.0003158697309661257,0.03007465305199403,0.9385894971959919,0.0017815244738094498,0.21655172413793103,0.06839965146674412,216.5438621090268,0.0,0.0,0.29379310344827586,0.04639848968922451,146.89121856440352,0.0,0.0,0.38620689655172413,0.024398036538964246,77.24081843594163,0.05586987270155587,11.173893402501912,0.4432183908045977,0.013999825728310437,44.32151724538556,0.14356435643564355,14.356331396885368,0.5158620689655172,0.008147260646988345,25.793103448275858,0.2553041018387553,12.765205091937764,0.6519540229885058,0.004118644855469839,13.03906152347193,0.46463932107496464,9.292772925840975,0.7898850574712644,0.00249500780597611,7.898850574712643,0.6768033946251768,6.7680339462517685,0.39662836373872734,0.9106562860468501,0.15690376569037656,15.638075313807533,0.4895397489539749,9.79163466990103,0.6401673640167364,6.402222668781444,8.54400374531753
2019-06-15,165,6885750,2750,1826,0.0003993755219111934,0.03110845896359387,0.9463178557975492,0.0026509327168288965,0.18836363636363637,0.07522509439442347,188.35679771869144,0.0,0.0,0.2727272727272727,0.05445832123148417,136.35868560716077,0.0,0.0,0.38181818181818183,0.030497545673705308,76.36308186280594,0.06900328587075576,13.800556963157698,0.4450909090909091,0.01777571233553109,44.508767714321166,0.16429353778751368,16.429234479949642,0.5254545454545455,0.0104926841665759,26.272727272727273,0.2853231106243154,14.266155531215771,0.6709090909090909,0.005358885584162097,13.41816233132515,0.5043811610076671,10.087608570175385,0.8316363636363636,0.0033213520676759977,8.316363636363636,0.7464403066812705,7.464403066812705,0.41416055689630965,0.913161109854101,0.14285714285714285,14.238095238095239,0.4922779922779923,9.846404233196687,0.6351351351351351,6.346453136941569,8.06225774829855
2019-06-16,166,6885750,3686,2723,0.0005353084268235124,0.028608936684206582,0.9350587851080417,0.0034837502259789923,0.15056972327726534,0.08059831542259657,150.56425676102666,0.0,0.0,0.21758003255561584,0.05823409817020041,108.78606659670575,0.0,0.0,0.3027672273467173,0.03241453425890964,60.553005771374664,0.05618802791039295,11.237523982223944,0.3754747693977211,0.0200993348630515,37.5472042955119,0.15460888725670216,15.460776459203535,0.46256104177970697,0.012380641179246995,23.128052088985346,0.27249357326478146,13.624678663239076,0.5887140531741726,0.006302862719583605,11.774263964018665,0.44326110907087773,8.86520930669903,0.7525773195876289,0.004028609810115093,7.525773195876289,0.6650752846125597,6.650752846125596,0.4247773833561733,0.9064350976685569,0.13043478260869565,13.0,0.43478260869565216,8.69639794168096,0.6022544283413849,6.0230607966457015,11.247024193241856
2019-06-17,167,6885750,4854,3535,0.0007049341030388847,0.03905840054119501,0.9433114876417841,0.004688593055805238,0.15162752369180058,0.1068835318036596,151.62201877153876,0.0,0.0,0.21981870622167285,0.07747603833865814,109.90536279159771,0.0,0.0,0.30407911001236093,0.04287083563275146,60.81538039930333,0.044413012729844416,8.882538046545825,0.3792748248866914,0.02673618170728165,37.927207085066875,0.14766619519094767,14.766512293939236,0.46683147919241863,0.016454271502741168,23.34157395962093,0.2678925035360679,13.394625176803396,0.6176349402554594,0.008707826006134399,12.352680865624214,0.47496463932107497,9.499278990859665,0.777297074577668,0.0054794321606215736,7.772970745776679,0.6942008486562942,6.942008486562942,0.48569062437806554,0.923102327465795,0.13924050632911392,13.877637130801688,0.47943037974683544,9.589429945502312,0.6471518987341772,6.472074006122848,10.04987562112089
2019-06-18,168,6885750,5417,3866,0.0007866971644337944,0.04170754164192715,0.9497784902938767,0.00539742531303622,0.13882222632453387,0.10920708684286959,138.8171863076037,0.0,0.0,0.21414066826656822,0.08422887017136219,107.06644688618371,0.0,0.0,0.3068118884991693,0.0482732580092364,61.36193212794897,0.028711846870150024,5.742327676846133,0.3778844378807458,0.02972784571146417,37.788169394076874,0.12829798241076049,12.829705079800371,0.4731401144544951,0.01861089932106161,23.657005722724755,0.2617692705638903,13.088463528194515,0.6708510245523353,0.010555116646528489,13.4170010058766,0.5387997930677703,10.775980211672783,0.8305335056304227,0.006533783538467124,8.305335056304227,0.7625452664252458,7.625452664252456,0.5380794907052011,0.9293278298220367,0.1416184971098266,14.114643545279383,0.4956647398843931,9.897168718821758,0.6734104046242775,6.728910649806083,9.219544457292887
2019-06-19,169,6885750,5133,3348,0.0007454525650800566,0.043492177589172745,0.9497457400106801,0.0043035920328308224,0.13637249172024157,0.10165553296543711,136.36754064226741,0.0,0.0,0.23300214299629846,0.08684286959047342,116.4968418629656,0.0,0.0,0.3471654003506721,0.05175869180051701,69.43257589429379,0.01821983273596177,3.643940087183733,0.4165205532826807,0.031049406023991404,41.651752879349075,0.10543608124253286,10.543531563736538,0.5221118254432106,0.019460479976763607,26.10559127216053,0.2673237753882915,13.366188769414576,0.6734852912526788,0.010041012175852775,13.469686263370008,0.4994026284348865,9.988038063323495,0.8092733294369764,0.006032748792796718,8.092733294369765,0.7075866188769414,7.075866188769414,0.5450936653075471,0.9334149414130339,0.15022091310751104,14.972017673048601,0.48600883652430044,9.721010364853974,0.6804123711340206,6.804707255397783,6.708203932499369
2019-06-20,170,6885750,4254,1906,0.0006177976255309879,0.06384949986321906,0.9623686924289908,0.002824880599281194,0.18688293370944992,0.11545164101074644,186.8761488222255,0.0,0.0,0.33756464503996236,0.10426953238454836,168.77619478535587,0.0,0.0,0.5263281617301363,0.06503238548897732,105.26486797854385,0.0,0.0,0.6194170192759756,0.03826715850010166,61.94125214905383,0.15057712486883526,15.057603148008692,0.7033380347907852,0.02172602839196892,35.166901739539256,0.3378803777544596,16.894018887722982,0.7910202162670428,0.009773794032902686,15.820381349802462,0.5335781741867786,10.671547985717222,0.8660084626234132,0.00535017971898486,8.660084626234132,0.7009443861490031,7.009443861490032,0.5254018279274516,0.9237525544240089,0.15038759689922482,14.988630490956075,0.475968992248062,9.520196258327017,0.6728682170542636,6.729259244485221,2.23606797749979
2019-06-21,171,6885750,3842,1651,0.0005579639109755655,0.06064196873635517,0.961902118600828,0.002398611614844997,0.1803748047891723,0.10063897763578275,180.36825618313148,0.0,0.0,0.3365434669442998,0.0938861458030787,168.2656242747395,0.0,0.0,0.5419052576782926,0.06047227627871852,108.38026454611818,0.0,0.0,0.6332639250390422,0.03533358505910715,63.32593267067857,0.1465778316172017,14.6576767268603,0.7082248828735034,0.019758196274915586,35.41124414367517,0.3210175651120533,16.050878255602665,0.808172826652785,0.009018612324565481,16.163433059312016,0.5536038764385222,11.072061449096552,0.8688183237896928,0.004847692698689322,8.68818323789693,0.6947304663840097,6.9473046638400975,0.4965165651258768,0.9221471826581069,0.15172413793103448,15.12183908045977,0.4879310344827586,9.759457621103685,0.6896551724137931,6.897143195126279,2.0
2019-06-22,172,6885750,3889,1609,0.0005647896017136841,0.06510972669269367,0.9649035151813402,0.0026423385577643036,0.1977372075083569,0.1116758640720302,197.73002855077962,0.0,0.0,0.35664695294420157,0.10071158873075806,178.31700234065755,0.0,0.0,0.5574697865775263,0.06297017049580296,111.49314772215871,0.0,0.0,0.6564669580869118,0.037076301954747454,65.64621912699981,0.16967060285891858,16.966937082630903,0.7351504242735922,0.0207602657662564,36.75752121367961,0.3598508390304537,17.992541951522686,0.8254049884289021,0.00932358955293243,16.508075794318454,0.5779987569919205,11.559958351604227,0.8894317305219851,0.005023417928330247,8.89431730521985,0.7327532628962088,7.3275326289620875,0.48851007652722817,0.9181756780371031,0.1583629893238434,15.783511269276394,0.5,10.000857632933105,0.6921708185053381,6.922301813542665,2.0
2019-06-23,173,6885750,4095,1889,0.0005947064589913953,0.06569736170795237,0.9578970520328147,0.0028308716952868463,0.19584859584859585,0.11646819634040081,195.84148545809887,0.0,0.0,0.34798534798534797,0.10347081033981992,173.98635709338583,0.0,0.0,0.5286935286935287,0.06288303465102094,105.73793793608483,0.02170460561143462,4.340889601467831,0.6207570207570208,0.03691655290598042,62.07525132414033,0.17787188988883007,17.78705983040477,0.6891330891330891,0.02049159496060705,34.456654456654455,0.3260984647961885,16.304923239809423,0.787057387057387,0.009361348638349289,15.741124880711505,0.5383800952885125,10.767586268277938,0.8581196581196581,0.0051032930327124856,8.58119658119658,0.6924298570672314,6.924298570672313,0.4750047140041655,0.9149295430130346,0.1531986531986532,15.268799102132435,0.4730639730639731,9.46209089176499,0.6565656565656566,6.566219657986382,2.23606797749979
2019-06-24,174,6885750,4041,2141,0.0005868641760156845,0.0628375148434196,0.9568237228778889,0.003146627658548479,0.20687948527592182,0.12140575079872204,206.8719744029449,0.0,0.0,0.3449641177926256,0.10121986639558525,172.47579684073278,0.0,0.0,0.47710962633011633,0.05599930291324175,95.42123237685087,0.022886501634750117,4.577267089705789,0.5543182380598861,0.03253071538528566,55.43142129775569,0.15880429705744978,15.880314392856821,0.6359811927740658,0.01866172893294122,31.799059638703294,0.31293787949556284,15.646893974778143,0.7508042563721851,0.008812389627288782,15.016063319995975,0.5296590378327884,10.593165372470498,0.8554813165058154,0.005020513379079984,8.554813165058155,0.7272302662307333,7.272302662307333,0.48497465106454246,0.9225066827331332,0.15702479338842976,15.650137741046832,0.4859504132231405,9.719841798619282,0.6710743801652893,6.7113193371418856,3.605551275463989
2019-06-25,175,6885750,3588,2074,0.0005210761354972225,0.04398341401513866,0.957763616222419,0.0030731789071564786,0.17224080267558528,0.08974731338948591,172.23454937894445,0.0,0.0,0.2993311036789298,0.07798431600348533,149.66011814966532,0.0,0.0,0.43004459308807136,0.0448168694995498,86.00829407929908,0.02651880424300868,5.303722336294896,0.5108695652173914,0.02662000058090563,51.08658556297964,0.15380906460945035,15.380794775255202,0.5911371237458194,0.01540137239952075,29.556856187290972,0.2926711668273867,14.633558341369335,0.7288182831661093,0.007595385258853053,14.57634449446695,0.5308582449373191,10.617149479729603,0.8823857302118172,0.004597901463166684,8.823857302118173,0.7965284474445516,7.965284474445515,0.4836464705653832,0.9248676858641265,0.1464226289517471,14.593455352190793,0.5108153078202995,10.21718234046743,0.6738768718801996,6.739346657800178,4.47213595499958
2019-06-26,176,6885750,3311,1969,0.00048084812838107685,0.035154933998934816,0.9544879952007493,0.0027996838556836093,0.1603745092117185,0.07711298286378158,160.36868672735852,0.0,0.0,0.2757475083056478,0.06629392971246006,137.86874857069523,0.0,0.0,0.4080338266384778,0.03924017543350083,81.60617275482583,0.02133062468257999,4.266093958815973,0.48625792811839325,0.023381451683174067,48.62543972437808,0.1361097003555104,13.610871201936678,0.5711265478707339,0.013731256580619395,28.556327393536698,0.27882173692229556,13.941086846114777,0.7245545152521897,0.006968003531926759,14.491069260031617,0.5368207211782631,10.736398831365673,0.8607671398369072,0.004138982681625095,8.607671398369073,0.765871000507872,7.65871000507872,0.46253965214513043,0.9184994979986436,0.15711645101663585,15.659272951324706,0.5212569316081331,10.426032726384975,0.6913123844731978,6.913716736999965,5.0
2019-06-27,177,6885750,2988,1757,0.0004339396579893258,0.03438332322019039,0.9515328299425948,0.0026538516638909874,0.1686746987951807,0.07319198373511472,168.66857496789365,0.0,0.0,0.28045515394912984,0.060848097589311645,140.22248593561,0.0,0.0,0.4066265060240964,0.03529001713671614,81.32471067575072,0.015367103016505406,3.073398286209361,0.4899598393574297,0.021261146126811698,48.99562816020537,0.13261240751280592,13.261144457162615,0.5953815261044176,0.012917982790545693,29.769076305220885,0.3118952760387023,15.594763801935116,0.7453145917001339,0.006468421786411376,14.90627018600473,0.5668753557199773,11.337490649249562,0.8601070950468541,0.003732345786588244,8.601070950468541,0.7620944792259533,7.620944792259533,0.4545921041299242,0.9071828419800074,0.18237704918032788,18.17691256830601,0.5307377049180327,10.615664454629812,0.6700819672131147,6.701394356494109,4.73606797749979
2019-06-28,178,6885750,3198,1941,0.00046443742511708964,0.034968711830785065,0.9477554523184091,0.0029315805453940355,0.16072545340838024,0.07464420563462097,160.71961818279905,0.0,0.0,0.2661038148843027,0.06179204182399071,133.04707691980738,0.0,0.0,0.39462163852407756,0.036655145371634376,78.92375460998481,0.021638330757341576,4.327634726897811,0.4809255784865541,0.022335821545789888,48.09220863318409,0.14477073673364246,14.47696855069387,0.5866166353971232,0.013622335983734524,29.330831769856157,0.3189077794951056,15.945388974755282,0.742338961851157,0.006895389906125105,14.846757675453702,0.5754765584750129,11.509514454524467,0.83270794246404,0.0038674073267254837,8.3270794246404,0.7243688820195775,7.243688820195775,0.42522449501001575,0.9095203111721833,0.19230769230769232,19.166666666666664,0.5294117647058824,10.589143376046817,0.667420814479638,6.674780546867118,5.0
2019-06-29,179,6885750,3609,2203,0.0005241259122099989,0.04143524400346139,0.9509385884086816,0.003121508201584035,0.1742865059573289,0.09134475747894279,174.28017839031043,0.0,0.0,0.28151842615683015,0.07377287249491722,140.75410273812034,0.0,0.0,0.4023275145469659,0.04217374887449534,80.46491862359554,0.02088061733999092,4.176093143827659,0.4740925464117484,0.024848238403671324,47.40891038738704,0.13844757149341808,13.844656618124304,0.5652535328345802,0.014813201176342446,28.26267664172901,0.28778937812074445,14.389468906037221,0.7112773621501801,0.0074559670973138766,14.225526583632316,0.5270086246028144,10.540157184853461,0.8359656414519258,0.0043815125440220745,8.359656414519257,0.7312755333635951,7.31275533363595,0.4751265536811193,0.918653872955433,0.16083916083916083,16.03030303030303,0.49475524475524474,9.895953531888352,0.6608391608391608,6.608958365819429,5.830951894845301
2019-06-30,180,6885750,3969,2575,0.000576407798714737,0.04007493583317326,0.9327553336452623,0.003113289539100756,0.1690602166792643,0.09744408945686901,169.0540788555394,0.0,0.0,0.26303854875283444,0.07580598315422597,131.51449949715584,0.0,0.0,0.37137818090199043,0.04281274506956345,74.27509684120598,0.031067961165048542,6.213547114125679,0.4482237339380197,0.025835777977867496,44.822047924187736,0.14951456310679612,14.951347743364915,0.5238095238095238,0.01509639472824311,26.19047619047619,0.26601941747572816,13.300970873786408,0.654069035021416,0.007540198903243796,13.081361702698658,0.46679611650485436,9.335908771793674,0.765180146132527,0.004410558036524707,7.651801461325271,0.6380582524271845,6.380582524271844,0.44851759111256345,0.90448650148121,0.14754098360655737,14.704918032786885,0.45901639344262296,9.165394116326071,0.6147540983606558,6.148068216967072,7.280109889280518
2019-07-01,181,6885750,4139,2815,0.0006010964673419743,0.03352358187499452,0.9346574772759368,0.0034988118276154567,0.14230490456632036,0.0855358698809178,142.2997381088499,0.0,0.0,0.23725537569461222,0.07130409526575661,118.62338100415163,0.0,0.0,0.34114520415559313,0.041011937610735134,68.22854539819267,0.03126110124333925,6.252174849293422,0.4153177095916888,0.024964419530047344,41.53146938367323,0.14031971580817051,14.03186969017558,0.49238946605460254,0.01479867843009113,24.61947330273013,0.2536412078152753,12.682060390763764,0.6699685914472094,0.008054303373919509,13.39935236940475,0.5147424511545293,10.294834072164292,0.7586373520173955,0.004560142322913263,7.5863735201739555,0.6451154529307283,6.451154529307282,0.468849945619475,0.9039544891103255,0.14353312302839116,14.30546792849632,0.4605678233438486,9.212146463143426,0.61198738170347,6.120398677567894,9.219544457292887
2019-07-02,182,6885750,3917,2382,0.0005688559706640526,0.04042041170198105,0.9371408350476956,0.002695581260758533,0.1587949961705387,0.09032820214928841,158.78923103126442,0.0,0.0,0.2632116415624202,0.0748620389195469,131.6010427598341,0.0,0.0,0.3921368394179219,0.04461355252839176,78.42679839733816,0.017632241813602016,3.5264227560489725,0.4659177942302783,0.026503819454529613,46.5914411051895,0.12174643157010916,12.174554753026213,0.5506765381669645,0.01566278183204444,27.533826908348228,0.2611251049538203,13.056255247691016,0.6699004340056165,0.007621526164141649,13.397989222552557,0.45717884130982367,9.14356354723115,0.7623181005871841,0.004336492030642994,7.6231810058718406,0.609151973131822,6.091519731318219,0.51869977257689,0.9277730634016244,0.16283185840707964,16.22890855457227,0.5345132743362832,10.691182319100168,0.6973451327433628,6.974049393585209,5.385164807134504
2019-07-03,183,6885750,3453,1856,0.0005014704280579457,0.04515814550897215,0.9494149367294085,0.002563811963931353,0.1769475818129163,0.08873075805983154,176.94115763408197,0.0,0.0,0.3058210251954822,0.07667731629392971,152.90496109786463,0.0,0.0,0.4494642339994208,0.045078277033895844,89.89219405912202,0.009159482758620689,1.8318832497363389,0.5343179843614249,0.02679427227046966,53.431410450734575,0.1336206896551724,13.361971939253296,0.6232261801332175,0.01562647496641615,31.16130900666088,0.2990301724137931,14.951508620689655,0.7465971618882131,0.007487917092666605,14.931921552513488,0.5285560344827587,10.571105337507129,0.8537503620040544,0.004281305594887993,8.537503620040544,0.7279094827586207,7.279094827586206,0.4752318737945674,0.926777439297554,0.172,17.14266666666667,0.526,10.520902229845627,0.694,6.9405951972555755,3.605551275463989
2019-07-04,184,6885750,2968,1443,0.00043103510873906254,0.04703256357161431,0.9567036990259526,0.002503292400202138,0.20047169811320756,0.08640720302062155,200.46441987845176,0.0,0.0,0.33119946091644203,0.07137670636073191,165.59371826934293,0.0,0.0,0.4946091644204852,0.04263847337999942,98.92111458097406,0.006237006237006237,1.2473921896211246,0.5977088948787062,0.025763164773882484,59.77045547229155,0.17255717255717257,17.255591956425555,0.6957547169811321,0.014994735504483898,34.7877358490566,0.37422037422037424,18.71101871101871,0.8116576819407008,0.006997048982247421,16.23313006385114,0.6126126126126126,12.252234458643047,0.8867924528301887,0.0038223868133464038,8.867924528301888,0.7671517671517671,7.6715176715176705,0.4847250359253427,0.9240641172642474,0.1945080091533181,19.385964912280702,0.5675057208237986,11.35108783966778,0.6979405034324943,6.980003611086035,2.8284271247461903
2019-07-05,185,6885750,2739,1367,0.0003977780198235486,0.04271109677353933,0.9529044920023586,0.0023851045813407155,0.19058050383351588,0.07580598315422597,190.57358470398376,0.0,0.0,0.32749178532311063,0.06513215219285506,163.7399477772734,0.0,0.0,0.488499452354874,0.03886258677277876,97.6991810407672,0.019019751280175568,3.803922634333524,0.5983935742971888,0.02380260826628714,59.83892291697214,0.19531821506949523,19.531679680135596,0.6849215041986126,0.013622335983734524,34.24607520993063,0.3686905632772495,18.43452816386247,0.8105147864184009,0.006448089971186914,16.210272186601056,0.6203365032918801,12.406712047884511,0.8849945235487404,0.0035203136913190282,8.849945235487404,0.769568397951719,7.695683979517191,0.5058426746497819,0.9276054568782244,0.21577726218097448,21.505800464037122,0.5870069605568445,11.741146084139562,0.7262180974477959,7.262803803034946,3.0
2019-07-06,186,6885750,2850,1481,0.0004138982681625095,0.04177800345628496,0.9649995296250361,0.002993333685118716,0.1936842105263158,0.0801626488527447,193.67717871501293,0.0,0.0,0.3231578947368421,0.06687481847226256,161.57308115627438,0.0,0.0,0.4943859649122807,0.040924801765953124,98.87647500347781,0.031060094530722483,6.211973798684898,0.5856140350877193,0.024238287490197217,58.560978275658066,0.2025658338960162,20.256436300059452,0.6817543859649123,0.014108847983153615,34.08771929824562,0.387575962187711,19.378798109385553,0.8319298245614035,0.006886676271028906,16.638572327451683,0.6765698852126941,13.531378052976892,0.9098245614035088,0.003765748102966271,9.098245614035088,0.8264686022957461,8.264686022957461,0.5102333303877413,0.9173516220884497,0.21634615384615385,21.5625,0.6105769230769231,12.21258576329331,0.7475961538461539,7.476602701543739,3.1622776601683795
2019-07-07,187,6885750,2998,1764,0.0004353919326144574,0.04150780526767497,0.9520788963899213,0.003219468693618463,0.19579719813208807,0.08524542550101656,195.79008960761334,0.0,0.0,0.3135423615743829,0.0682544292767935,156.7654891236427,0.0,0.0,0.43395597064709807,0.03778791135380057,86.79056391075127,0.03798185941043084,7.596316722396066,0.5196797865243495,0.022626274361729936,51.9676012962915,0.1836734693877551,18.367213567584518,0.6200800533689126,0.013498892640598337,31.00400266844563,0.3543083900226757,17.715419501133788,0.794863242161441,0.0069215308114137005,15.89724175606801,0.6513605442176871,13.027191965293415,0.8829219479653102,0.003844170932723378,8.829219479653103,0.8010204081632653,8.010204081632654,0.46808892426109794,0.8937688829848639,0.20833333333333334,20.76388888888889,0.5787037037037037,11.575066704783685,0.6944444444444444,6.945040022870211,5.0
2019-07-08,188,6885750,3143,1942,0.0004564499146788658,0.04302680416539554,0.9404280188421122,0.0035562840461134957,0.2045816099268215,0.09337786813825152,204.5741824794672,0.0,0.0,0.3092586700604518,0.07057798431600348,154.62372112755997,0.0,0.0,0.41839007317849186,0.03819454529611665,83.6774070228238,0.05870236869207003,11.740388487072561,0.5020680878141902,0.022916727177669988,50.206444213694276,0.194129763130793,19.412835349238403,0.6099268215081133,0.013920052281886504,30.49634107540566,0.368692070030896,18.4346035015448,0.7868278714603881,0.007182939864299656,15.736534575437911,0.654994850669413,13.099877988767865,0.8434616608335985,0.0038499800312239043,8.434616608335984,0.7466529351184346,7.466529351184346,0.49363748128531443,0.9105638617541232,0.2052401746724891,20.45560407569141,0.5611353711790393,11.223669919929293,0.6724890829694323,6.725467578479031,5.656854249492381
2019-07-09,189,6885750,2848,1617,0.0004136078132374832,0.0475717679209861,0.9552471651631063,0.003556708969870818,0.22226123595505617,0.09192564623874529,222.25316663919958,0.0,0.0,0.3433988764044944,0.07101365088585536,171.69320456013995,0.0,0.0,0.46383426966292135,0.038368816985680676,92.76618032273551,0.055658627087198514,11.13164458641486,0.5639044943820225,0.023323361119986057,56.39003996908146,0.23191094619666047,23.190926221697623,0.6825842696629213,0.014116109356279272,34.12921348314607,0.4409400123685838,22.04700061842919,0.8293539325842697,0.0068605353657403105,16.587054562726948,0.699443413729128,13.988847958933635,0.8785112359550562,0.003633591112079294,8.785112359550562,0.7860235003092146,7.860235003092146,0.4878158966736992,0.9139515648271856,0.19313304721030042,19.248927038626608,0.572961373390558,11.46021024889759,0.6974248927038627,6.974847061594975,4.123105625617661
2019-07-10,190,6885750,3332,2017,0.0004838979050938532,0.04469774455344346,0.9602283984183105,0.004604312665879433,0.18007202881152462,0.08713331397037467,180.0654911979314,0.0,0.0,0.29471788715486197,0.07130409526575661,147.3535936303072,0.0,0.0,0.4282713085234094,0.041447616834645214,85.65363974164414,0.05552801189885969,11.105521738434842,0.5282112845138055,0.025559847802724446,52.82074490024306,0.22062469013386218,22.06230881072993,0.6611644657863145,0.01599680499582471,33.05822328931573,0.4402578086266733,22.012890431333663,0.8241296518607443,0.007975880658053722,16.482569099998024,0.7094695091720377,14.189369576579372,0.9072629051620649,0.004390226191772865,9.07262905162065,0.8468021814576103,8.468021814576103,0.5003485778952098,0.9169221986596285,0.1908548707753479,19.02186878727634,0.5407554671968191,10.81603688333123,0.7077534791252486,7.078141783944702,5.0
2019-07-11,191,6885750,3517,2233,0.0005107649856587881,0.0354741361614214,0.9622051534305734,0.004754614870758271,0.13960762013079328,0.07130409526575661,139.60255159971098,0.0,0.0,0.2453795848734717,0.06266337496369445,122.68533811665027,0.0,0.0,0.3940858686380438,0.040256760289291,78.8166014108574,0.04567845947156292,9.135625557126676,0.4927495024168325,0.02516773650120538,49.274592440481925,0.20107478728168382,20.10733272132293,0.6300824566391812,0.016091202846458267,31.504122831959055,0.4173757277205553,20.868786386027764,0.7912994029001991,0.008083348824240172,15.825965074356484,0.671294223018361,13.425864962324212,0.8982087005970998,0.004587735540790764,8.982087005970998,0.8396775638154949,8.396775638154947,0.5061843832396961,0.924547081858481,0.18627450980392157,18.565359477124183,0.5490196078431373,10.981333871455957,0.7098039215686275,7.0986479669054585,5.385164807134504
2019-07-12,192,6885750,4709,3260,0.0006838761209744762,0.037957465359491925,0.9575802829126212,0.005840295234034828,0.13229985134848163,0.09047342433923904,132.29504812994588,0.0,0.0,0.22021660649819494,0.07529770548939878,110.10430570686508,0.0,0.0,0.3406243363771501,0.046588631676784106,68.12437259894163,0.04754601226993865,9.509133404621977,0.43342535570184754,0.029640709866682158,43.34222084614709,0.18159509202453988,18.159377340439388,0.5502229772775536,0.018814217768580038,27.511148863877683,0.35030674846625764,17.515337423312886,0.7294542365682736,0.00997711218514732,14.589063544038682,0.6092024539877301,12.184031385194988,0.879379910809089,0.006013869222670007,8.79379910809089,0.8257668711656442,8.257668711656441,0.5127338115864203,0.9269678087428321,0.18216318785578747,18.155597722960152,0.5597722960151803,11.196406078615812,0.6944971537001897,6.945567160632858,7.211102550927978
2019-07-13,193,6885750,5740,3556,0.0008336056348255455,0.06171134967410797,0.9670243762357384,0.006864914977459363,0.1559233449477352,0.12997386000580888,155.91768406533075,0.0,0.0,0.26236933797909406,0.10935230903282021,131.17990625831737,0.0,0.0,0.40156794425087106,0.06694937407418165,80.31300566747322,0.03402699662542182,6.805349908899425,0.4970383275261324,0.04143309419384821,49.703471837158595,0.18813273340832395,18.813136731626923,0.6005226480836237,0.02502995316414334,30.026132404181183,0.3551743532058493,17.75871766029246,0.7839721254355401,0.013070452644297797,15.679419737887379,0.6512935883014623,13.025852848913683,0.9158536585365854,0.007634607704316886,9.158536585365853,0.8641732283464567,8.641732283464567,0.559431923122977,0.9394629971096975,0.17345132743362832,17.287315634218288,0.552212389380531,11.04519497867302,0.7115044247787611,7.11565445741435,5.0990195135927845
2019-07-14,194,6885750,6393,3829,0.0009284391678466398,0.0706793276404792,0.9607022698531871,0.007408035841748183,0.15767245424683246,0.14638396747022944,157.6667298620573,0.0,0.0,0.27326763647739716,0.12685158292187046,136.6288576731221,0.0,0.0,0.4221805099327389,0.07839321502221964,84.43548886895807,0.035257247323060854,7.051398261778334,0.5235413733771312,0.048607278747567456,52.35375717754773,0.20449203447375294,20.449054959157166,0.6236508681370249,0.02895109465199869,31.18254340685124,0.3716375032645599,18.581875163228,0.784451744095104,0.014566293335811878,15.689012097147918,0.6401149125097937,12.802279657769983,0.899264820897857,0.00834912681988164,8.99264820897857,0.8318098720292505,8.318098720292504,0.5451769685823225,0.922581322021595,0.1546875,15.417187499999999,0.5203125,10.389322024828767,0.6625,6.625568181818182,4.47213595499958
2019-07-15,195,6885750,6211,3325,0.0009020077696692445,0.07749293817085398,0.9498725754662428,0.00561639402610797,0.1661568185477379,0.14986930002904444,166.1507861334717,0.0,0.0,0.2967316052165513,0.13382224803950044,148.3604161065835,0.0,0.0,0.46337143777169537,0.08359232042754655,92.67361461664444,0.029473684210526315,5.894694038532388,0.5654483980035421,0.05100351447907287,56.544429210155535,0.1882706766917293,18.82693095980242,0.6562550313959105,0.02959735686018226,32.81275156979552,0.35789473684210527,17.894736842105264,0.7799066172919015,0.014069616135328563,15.598109693099122,0.5888721804511278,11.777426504964893,0.8626630172274996,0.007781287441455179,8.626630172274997,0.7434586466165414,7.434586466165413,0.5609763166858533,0.9216644420681365,0.13687150837988826,13.641527001862197,0.4958100558659218,9.917051563383385,0.6662011173184358,6.662582529202641,3.1622776601683795
2019-07-16,196,6885750,5280,2652,0.0007668010020694914,0.06604644218748582,0.9556440014657601,0.003961994509734459,0.16079545454545455,0.12329363926808017,160.78961677844373,0.0,0.0,0.2909090909090909,0.11153064188207958,145.44926464763813,0.0,0.0,0.4734848484848485,0.07261320398501263,94.69628207193195,0.0,0.0,0.5789772727272727,0.04439571291643672,57.897306858779196,0.16176470588235295,16.176353125699436,0.6664772727272728,0.02555277202919072,33.32386363636363,0.33597285067873306,16.79864253393665,0.7643939393939394,0.011722743749419092,15.287856585712596,0.530920060331825,10.618385785824264,0.8543560606060606,0.006551210833968703,8.543560606060606,0.7100301659125189,7.100301659125188,0.5713788942452568,0.927905683222763,0.13793103448275862,13.74712643678161,0.503448275862069,10.069829064884368,0.6882758620689655,6.883348908736027,3.0
2019-07-17,197,6885750,4409,2263,0.0006403078822205279,0.04607612191773474,0.957265777379464,0.002694668042993086,0.13948741211158994,0.08931164681963404,139.48234794472557,0.0,0.0,0.25584032660467226,0.0819053151321522,127.91551909077275,0.0,0.0,0.4397822635518258,0.0563188010107758,87.95581403038092,0.0,0.0,0.5486504876389204,0.03513026808794911,54.86465037119429,0.12063632346442775,12.063544748543137,0.6087548196870038,0.019489525469266238,30.437740984350192,0.23773751657092354,11.886875828546177,0.7164889997731912,0.009175457756297054,14.329759184718178,0.447635881573133,8.9527046296769,0.8487185302789748,0.005434411647242493,8.487185302789749,0.7052585064074238,7.052585064074238,0.5481460909757938,0.9338278518201477,0.13623188405797101,13.57777777777778,0.49130434782608695,9.826929674099487,0.6942028985507246,6.9426243567753,3.1622776601683795
2019-07-18,198,6885750,3948,1873,0.0005733580220019605,0.04637385088040937,0.9600389144632754,0.0024153610974298727,0.15830800405268491,0.09076386871914029,158.3022565939261,0.0,0.0,0.27152988855116517,0.07783909381353471,135.76001525495104,0.0,0.0,0.46808510638297873,0.05367568038572134,93.61634149340951,0.0,0.0,0.5815602836879432,0.033343983269917804,58.15560607923924,0.1179925253603844,11.799166857885313,0.6529888551165147,0.018719819917946485,32.64944275582574,0.2685531233315537,13.427656166577682,0.7586119554204661,0.0086991123710382,15.172217074183457,0.49119060331019754,9.823797799351683,0.8690476190476191,0.0049827542388265625,8.690476190476192,0.7239722370528564,7.239722370528564,0.534984678114114,0.9329947577263423,0.14262820512820512,14.215277777777777,0.5272435897435898,10.54577615780446,0.7275641025641025,7.276265008576329,2.23606797749979
2019-07-19,199,6885750,3736,2084,0.0005425697999491704,0.03945826422883205,0.9485009000611484,0.0025056301440476605,0.15872591006423983,0.0861167586407203,158.72014743317445,0.0,0.0,0.2711456102783726,0.07355503920999129,135.56788309427128,0.0,0.0,0.4089935760171306,0.04438119027563972,81.79812123674684,0.0,0.0,0.49089935760171305,0.026634523221702636,49.08957930241941,0.0873320537428023,8.733141959677903,0.5661134903640257,0.015357804160766802,28.305674518201286,0.22216890595009597,11.108445297504797,0.7312633832976445,0.007935217027604797,14.62524642607862,0.5182341650671785,10.364668248998875,0.8442184154175589,0.004580474167665105,8.442184154175587,0.7207293666026872,7.207293666026872,0.5021552618719051,0.9216486604586684,0.145,14.451666666666668,0.49666666666666665,9.934185248713552,0.7016666666666667,7.017268439108062,4.123105625617661
2019-07-20,200,6885750,4648,3002,0.0006750172457611734,0.036310251516680485,0.9337195030454521,0.0033745790783951293,0.1364027538726334,0.0920708684286959,136.3978016959752,0.0,0.0,0.22697934595524957,0.0766047051989544,113.48555267291314,0.0,0.0,0.33562822719449226,0.045310639286647886,67.12515801807997,0.002331778814123917,0.4663523764661699,0.4212564543889845,0.02843533068053095,42.12533955108993,0.1039307128580946,10.392995818388929,0.49849397590361444,0.01682460153214973,24.92469879518072,0.2235176548967355,11.175882744836775,0.6439328743545611,0.008693303280974068,12.87863878377091,0.44870086608927384,8.97400428906676,0.7973321858864028,0.005382129760737755,7.973321858864027,0.6862091938707529,6.862091938707528,0.5116922081955008,0.9272940501904945,0.14551083591331268,14.502579979360165,0.4907120743034056,9.815083187739301,0.6919504643962848,6.920098083469192,6.708203932499369
2019-07-21,201,6885750,5495,3653,0.000798024906509821,0.04093176603418004,0.946011118420835,0.004965285439244589,0.12502274795268425,0.099767644496079,125.01820893337143,0.0,0.0,0.2105550500454959,0.08401103688643624,105.27370286456384,0.0,0.0,0.32957233848953593,0.05260100496674315,65.91398907183833,0.016972351491924446,3.3944456500484694,0.4167424931756142,0.03325684742513579,41.67394670748476,0.12263892690938955,12.263803638884792,0.5173794358507734,0.02064408379624587,25.86897179253867,0.27402135231316727,13.701067615658364,0.673157415832575,0.010743912073612789,13.463128764491222,0.508349301943608,10.166971273637765,0.8396724294813467,0.00670079512035726,8.396724294813467,0.7588283602518477,7.588283602518478,0.5174876839061638,0.9246230116315459,0.13304721030042918,13.260371959942775,0.47353361945636624,9.471484625181281,0.6795422031473534,6.796004829246388,6.4031242374328485
2019-07-22,202,6885750,5777,3836,0.0008389790509385325,0.0429952094248181,0.9345761453109047,0.0059062976987074335,0.11874675437078068,0.09962242230612837,118.74244320485087,0.0,0.0,0.20564306733598753,0.08626198083067092,102.81780067592042,0.0,0.0,0.3309676302579193,0.055534578407737664,66.1930453991829,0.017205422314911366,3.441059476165469,0.4353470659511857,0.036524441604461354,43.53439047566553,0.14963503649635038,14.963394994840753,0.5568634239224511,0.023359837345241986,27.843171196122555,0.33263816475495306,16.631908237747652,0.7211355374761987,0.012100334603587694,14.422689803817546,0.5800312825860271,11.600608804450738,0.8307079799203739,0.0069694659260066075,8.307079799203738,0.7450469238790407,7.450469238790406,0.5300822048537183,0.9260096010643057,0.13852813852813853,13.806637806637806,0.4733044733044733,9.46690130909685,0.6796536796536796,6.791295251449493,5.830951894845301
2019-07-23,203,6885750,5266,3235,0.0007647678175943071,0.04392844381317175,0.9511296103158532,0.004656560989554895,0.12875047474363843,0.09846064478652337,128.74580038716357,0.0,0.0,0.22920622863653628,0.08764159163520185,114.59895358945901,0.0,0.0,0.36270413976452714,0.05547648784454965,72.54030121071169,0.0061823802163833074,1.236467064827946,0.47512343334599316,0.036335647274100324,47.51199833225148,0.1455950540958269,14.559399688349066,0.5898214963919484,0.022553824928293942,29.49107481959742,0.3323029366306028,16.615146831530136,0.7096467907330042,0.010854284784831305,14.192915202649479,0.5273570324574961,10.547125331827436,0.8057349031522978,0.006162001234433431,8.057349031522977,0.6837712519319938,6.837712519319938,0.5561984670666694,0.9431158041177252,0.15181518151815182,15.13091309130913,0.5495049504950495,10.991041556985886,0.7458745874587459,7.459385561197629,5.0
2019-07-24,204,6885750,4693,2761,0.0006815524815742657,0.03680128453505157,0.9455638872526582,0.0030704653561460437,0.11911357340720222,0.08117920418239907,119.10924892370646,0.0,0.0,0.21585339867888345,0.07355503920999129,107.92278100153368,0.0,0.0,0.36906030257830813,0.050306427720816754,73.81152454264095,0.0,0.0,0.4726187939484338,0.03221121728775161,47.26153621119447,0.10358565737051793,10.358490520187107,0.5582782868101428,0.019024797589224124,27.91391434050714,0.24918507787033684,12.459253893516841,0.6714255273812061,0.009152221396040524,13.42849104576732,0.4415067004708439,8.830121185655944,0.7813765182186235,0.0053254910503576225,7.813765182186235,0.6283955088735965,6.283955088735966,0.5329032385188951,0.9355840004521336,0.16081330868761554,16.027726432532347,0.5545286506469501,11.091524177005292,0.7467652495378928,7.468292945850229,4.47213595499958
2019-07-25,205,6885750,4141,2376,0.0006013869222670007,0.03454952973610891,0.949275844062431,0.0029690880613431297,0.12412460758270949,0.07464420563462097,124.1201011708745,0.0,0.0,0.22868872253078967,0.06876270694162068,114.34020993075696,0.0,0.0,0.3798599372132335,0.04568822794736995,75.97143578570457,0.0,0.0,0.49335909200676165,0.02966975514827616,49.33555095683231,0.117003367003367,11.700251740443148,0.5827094904612412,0.017521693352212903,29.13547452306206,0.2727272727272727,13.636363636363637,0.701038396522579,0.008431894228088111,14.020747568475661,0.47895622895622897,9.579110667625224,0.8326491185703936,0.0050074429074538,8.326491185703937,0.7083333333333334,7.083333333333333,0.4740103591049556,0.923588428888467,0.15514018691588785,15.462305295950157,0.5046728971962616,10.094323592119396,0.7233644859813084,7.234265241018901,4.123105625617661
2019-07-26,206,6885750,3598,1882,0.0005225284101223541,0.040031088400671995,0.956538738172952,0.0032808802901933597,0.14702612562534742,0.07682253848388033,147.0207877613616,0.0,0.0,0.2623679822123402,0.06854487365669475,131.1792283995514,0.0,0.0,0.43996664813785435,0.04597868076331,87.99269067981152,0.0,0.0,0.5650361311839911,0.029524528740306137,56.503202827560585,0.16843783209351754,16.84366090124515,0.6750972762645915,0.017637875322223433,33.754863813229576,0.37885228480340066,18.942614240170034,0.7954419121734296,0.0083128078817734,15.908815139500051,0.6089266737513284,12.178515788477117,0.8849360755975542,0.004624042406419054,8.849360755975543,0.7800212539851222,7.8002125398512225,0.508237144978022,0.9280718979704996,0.14770797962648557,14.72156196943973,0.5246179966044142,10.493259791430662,0.7198641765704584,7.199259144929774,3.1622776601683795
2019-07-27,207,6885750,3585,2080,0.0005206404531096831,0.03692635031469509,0.9512967616361021,0.0027623931845550814,0.15369595536959554,0.08001742666279407,153.6903753537892,0.0,0.0,0.26415620641562065,0.06876270694162068,132.07330803996223,0.0,0.0,0.403068340306834,0.0419704319033373,80.61308269969452,0.009615384615384616,1.9230629589992334,0.4940027894002789,0.025719596851491475,49.39992022877473,0.12788461538461537,12.788368677344904,0.5793584379358437,0.015081871981991795,28.967921896792188,0.275,13.75,0.7238493723849372,0.007537294358211729,14.476966423167758,0.5240384615384616,10.48075400983613,0.8122733612273362,0.004229023708383255,8.12273361227336,0.6764423076923077,6.764423076923077,0.4909790258026088,0.9266416871627995,0.13926174496644295,13.879753914988815,0.5067114093959731,10.135097332704019,0.6862416107382551,6.863004650787986,5.0
2019-07-28,208,6885750,3660,2393,0.0005315325127981702,0.02927737779956993,0.9500603918874029,0.0036338806647875366,0.12076502732240438,0.06418820795817601,120.76064288197006,0.0,0.0,0.2191256830601093,0.05823409817020041,109.55886379110859,0.0,0.0,0.34972677595628415,0.037177960440326466,69.9448472956224,0.020894274968658588,4.178824649726709,0.44453551912568307,0.02362833657672311,44.45322912108501,0.15043877977434184,15.043768739016153,0.5453551912568306,0.014493700758813491,27.267759562841526,0.3046385290430422,15.23192645215211,0.7210382513661202,0.0076650943396226415,14.420744084441694,0.5733389051399916,11.466761449913147,0.833879781420765,0.004432342155901681,8.33879781420765,0.7459256163811115,7.459256163811116,0.4586378982269119,0.9251346659859645,0.1360544217687075,13.560090702947846,0.47619047619047616,9.524626317079147,0.6751700680272109,6.7522797283578955,6.324555320336759
2019-07-29,209,6885750,3882,2540,0.000563773009476092,0.031074810569945658,0.9447687848715146,0.0033907219172846794,0.13086038124678,0.07377287249491722,130.8556302889944,0.0,0.0,0.22771767130345183,0.06418820795817601,113.85470194436127,0.0,0.0,0.34956208140133954,0.039414447123064855,69.91190862381345,0.016929133858267716,3.3858021860805407,0.431736218444101,0.024339945975776236,43.173308346909124,0.131496062992126,13.149510815708148,0.5309119010819165,0.014965690011981265,26.545595054095827,0.28307086614173227,14.153543307086615,0.6857290056671819,0.007731898875360164,13.714560196035869,0.5196850393700787,10.393685692915582,0.8078310149407522,0.0045543332244127365,8.078310149407521,0.7062992125984252,7.062992125984253,0.4340444819267524,0.9241048427629724,0.1381118881118881,13.765151515151517,0.45454545454545453,9.091688757211914,0.6713286713286714,6.713862466864183,6.4031242374328485
2019-07-30,210,6885750,3657,1903,0.0005310968304106307,0.05420601531262051,0.9546206985073602,0.0028187874869569154,0.19524200164068908,0.10368864362474586,195.23491327292695,0.0,0.0,0.32622368061252394,0.08662503630554749,163.10591844159794,0.0,0.0,0.485917418649166,0.05161346539254698,97.18277804942038,0.02627430373095113,5.254822588962698,0.5643970467596391,0.029974730605013215,56.43929484918505,0.162900683131897,16.289950025784364,0.6453377085042384,0.017136840576553024,32.26688542521192,0.3184445612191277,15.922228060956384,0.7670221493027072,0.008147248814945628,15.340420707550411,0.5522858644245927,11.045701247100215,0.8337435056056878,0.004427985332026286,8.337435056056878,0.6805044666316342,6.805044666316342,0.40819172077245675,0.9158841840072884,0.1407942238267148,14.032490974729242,0.45126353790613716,9.026044795065978,0.6425992779783394,6.4265438940869775,3.1622776601683795
2019-07-31,211,6885750,3392,1474,0.0004926115528446429,0.06812187404938458,0.9670135489677667,0.0028362298082992366,0.2414504716981132,0.11893697356956143,241.44170570654705,0.0,0.0,0.3909198113207547,0.09628231193726401,195.45280938149048,0.0,0.0,0.5775353773584906,0.0568997066426559,115.50623673781483,0.04002713704206241,8.005369278439144,0.6639150943396226,0.032704987074849694,66.39102734394054,0.2265943012211669,22.659265584734527,0.7396816037735849,0.018218785172276077,36.98408018867924,0.40094979647218454,20.047489823609226,0.8254716981132075,0.008132726089785295,16.509409986066952,0.5983717774762551,11.967418169547365,0.8935731132075472,0.004401844388773917,8.935731132075471,0.7550881953867028,7.5508819538670275,0.4996241977440845,0.926364427487525,0.15841584158415842,15.788778877887788,0.49834983498349833,9.967851502131346,0.6881188118811881,6.88177827216684,2.23606797749979
2019-08-01,212,6885750,2963,1285,0.00043030897142649677,0.06350385156976998,0.9670770542979532,0.0024120783675933536,0.24063449206884913,0.10354342143479524,240.62575570187016,0.0,0.0,0.4033074586567668,0.08677025849549812,201.64640817933721,0.0,0.0,0.5811677354033075,0.050015974904876706,116.23270307163509,0.03968871595330739,7.937685552164931,0.6682416469794128,0.028754828778065004,66.82367946627105,0.23501945525291829,23.501774870135385,0.7343908201147485,0.01580074792143194,36.719541005737426,0.38754863813229573,19.377431906614785,0.8204522443469456,0.007060948972952876,16.40902105653401,0.5859922178988327,11.719827337568802,0.8916638542018225,0.00383690955959772,8.916638542018225,0.7501945525291829,7.501945525291829,0.4772008856866203,0.9260406320310542,0.15452930728241562,15.401420959147426,0.5097690941385435,10.196256272297695,0.6873889875666075,6.874479403099666,2.23606797749979
2019-08-02,213,6885750,2476,1138,0.0003595831971825872,0.04942723377373163,0.9560226960607874,0.0016978089950407983,0.23909531502423265,0.08597153645076967,239.08663453791894,0.0,0.0,0.3945880452342488,0.07094103979088005,197.28685974961726,0.0,0.0,0.561389337641357,0.040372941415667024,112.27705224270161,0.04569420035149385,9.138773710252948,0.625605815831987,0.022495570594556914,62.56012731077151,0.18541300527240773,18.541165892917043,0.6902261712439418,0.012409686671749628,34.511308562197094,0.3260105448154657,16.300527240773288,0.779886914378029,0.005608676456919788,15.597715635393955,0.5210896309314587,10.421777483346187,0.8441033925686591,0.00303525396652507,8.441033925686591,0.6608084358523726,6.608084358523726,0.359367164123284,0.9070913830815761,0.13359528487229863,13.314996725605765,0.4656188605108055,9.281335952848723,0.6110019646365422,6.110543661772486,2.23606797749979
2019-08-03,214,6885750,2434,1103,0.00035348364375703447,0.05359420626118065,0.9618927289317184,0.0021320557248828602,0.2522596548890715,0.08916642462968341,252.25049646419166,0.0,0.0,0.41002465078060807,0.07246587278536161,205.00488230558904,0.0,0.0,0.5690221857025473,0.040227715007697,113.8036107700286,0.04895738893925657,9.791406688793922,0.6606409202958093,0.023352406401580064,66.06361231704187,0.2511332728921124,25.113144933295523,0.7288414133114215,0.012881675924917402,36.44207066557107,0.4016319129646419,20.081595648232096,0.8147082990961381,0.0057597127985872295,16.294142318353334,0.5911151405258386,11.822285641311325,0.8763352506162695,0.0030977017754057292,8.763352506162695,0.7271078875793291,7.271078875793291,0.39372013579982296,0.9217461909283359,0.1513859275053305,15.088130774697937,0.5074626865671642,10.150124164767927,0.6950959488272921,6.951555625450303,2.23606797749979
2019-08-04,215,6885750,2271,1046,0.0003298115673673892,0.05943340704950757,0.9631562115817675,0.002315540735059873,0.29326287978863935,0.09671797850711589,293.25223271923085,0.0,0.0,0.4319682959048877,0.07123148417078129,215.97630652970378,0.0,0.0,0.5702333773667988,0.037613639664236545,114.04584734390875,0.06692160611854685,13.384224035864648,0.6666666666666666,0.021987278166661826,66.6661825786401,0.2762906309751434,27.628862474034882,0.7397622192866579,0.012199106851105545,36.9881109643329,0.4349904397705545,21.74952198852773,0.8265081461911052,0.005451831025188214,16.530138917520805,0.6233269598470363,12.466521092128481,0.8903566710700133,0.0029364992920161205,8.903566710700133,0.7619502868068834,7.6195028680688335,0.38258161705642885,0.9204874006255495,0.14732142857142858,14.683035714285714,0.53125,10.625911234991424,0.703125,7.0258274421593825,2.23606797749979
2019-08-05,216,6885750,2311,1198,0.0003356206658679156,0.05198718072696729,0.957245595626374,0.00309360434652325,0.27217654694937254,0.09134475747894279,272.16666543082226,0.0,0.0,0.3911726525313717,0.06564042985768226,195.5792253970297,0.0,0.0,0.5365642578970142,0.036016149176566266,107.31207234640466,0.10601001669449082,21.20184938435883,0.6499350930333189,0.021813006477097795,64.99303736463702,0.32470784641068445,32.47054886029758,0.7377758546083947,0.012380641179246995,36.88879273041973,0.4941569282136895,24.707846410684475,0.8165296408481177,0.005480876475508876,16.330569100491235,0.6460767946577629,12.921517127563817,0.8684552141929901,0.002914715172639146,8.6845521419299,0.7462437395659433,7.462437395659434,0.4201001149833499,0.9178282577023535,0.16233766233766234,16.179653679653683,0.5454545454545454,10.910026508654296,0.7164502164502164,7.165116615802723,3.1622776601683795
2019-08-06,217,6885750,2218,1162,0.00032211451185419165,0.048574163514801635,0.9581209979329366,0.0027314893475082515,0.2655545536519387,0.0855358698809178,265.54491254848045,0.0,0.0,0.39359783588818753,0.06338948591344758,196.79177305163282,0.0,0.0,0.5468890892696122,0.03523192657352813,109.37702362654252,0.1351118760757315,27.022178997021935,0.6375112714156899,0.020535014086961574,63.75066422420904,0.3080895008605852,30.808726372400805,0.7082957619477006,0.011407617180408815,35.41478809738503,0.44320137693631667,22.160068846815836,0.7867448151487827,0.005068431080955479,15.73487345161821,0.5929432013769363,11.858846805236428,0.8615870153291253,0.0027752968086265112,8.615870153291253,0.7358003442340791,7.3580034423407925,0.41753500880513156,0.9253579101335512,0.17482517482517482,17.424242424242426,0.5687645687645687,11.376266957742086,0.7272727272727273,7.27335100576953,3.1622776601683795
2019-08-07,218,6885750,2719,1522,0.00039487347057328543,0.05245601829273659,0.9345918091896112,0.0021195695963005107,0.2607576314821626,0.10296253267499274,260.74816453359,0.0,0.0,0.38065465244575214,0.07515248329944815,190.32041628509566,0.0,0.0,0.49540272158881943,0.03912399430712481,99.07982486218633,0.09855453350854139,19.710763574499374,0.5538801029790364,0.021871097040285805,55.38760810781463,0.20302233902759526,20.302086481734353,0.6141963957337256,0.012126493119848963,30.70981978668628,0.3107752956636005,15.538764783180026,0.683707245310776,0.005399549214611023,13.674125047630692,0.43495400788436267,8.699067524252227,0.7929385803604266,0.0031311040917837564,7.929385803604266,0.6300919842312747,6.300919842312746,0.3958205911975639,0.9117721298813707,0.16744186046511628,16.688372093023254,0.5255813953488372,10.5125294188041,0.6744186046511628,6.744764450117675,4.123105625617661
2019-08-08,219,6885750,3166,1780,0.0004597901463166685,0.06109391760372857,0.9322466230765075,0.002745900112387707,0.25837018319646243,0.1187917513796108,258.36080292550696,0.0,0.0,0.3736576121288692,0.08589892535579437,186.822023142344,0.0,0.0,0.5009475679090335,0.04606581660809202,100.18878607364802,0.11235955056179775,22.471746936620256,0.5600126342387871,0.02574864213308548,56.00085678076226,0.21741573033707864,21.7414151611801,0.6206569804169298,0.014268598191918091,31.03284902084649,0.3252808988764045,16.264044943820224,0.7090966519267214,0.006520703596988568,14.181912442502853,0.48258426966292134,9.651671376380998,0.8035375868603917,0.0036945866463348217,8.035375868603916,0.650561797752809,6.50561797752809,0.42582831163653445,0.9119106341352394,0.18719211822660098,18.6568144499179,0.5615763546798029,11.232490346348511,0.6822660098522167,6.823245232321355,4.0
2019-08-09,220,6885750,3797,2191,0.0005514286751624732,0.07582166086994939,0.9325404301822497,0.0037320101264915694,0.2615222544113774,0.14420563462097008,261.51275970275077,0.0,0.0,0.3637081906768501,0.10027592216090618,181.84749302593093,0.0,0.0,0.4914406110086911,0.05419849545441343,98.28740850019155,0.11866727521679599,23.733282707137963,0.5580721622333421,0.030773475848848354,55.80681098925667,0.23413966225467822,23.41379620915726,0.6233868843824072,0.017187670188432633,31.169344219120358,0.3473299863076221,17.366499315381105,0.7392678430339742,0.00815305790500976,14.785335388312077,0.5481515289821999,10.963014658335995,0.7987885172504608,0.00440474893802418,7.987885172504608,0.6513007759014149,6.513007759014149,0.45012349410251096,0.9086511739197801,0.17142857142857143,17.085714285714285,0.5538461538461539,11.0778730703259,0.6747252747252748,6.747831413869149,4.123105625617661
2019-08-10,221,6885750,4018,2102,0.0005835239443778818,0.09148275836905331,0.9630181996733167,0.005561538228967866,0.27103036336485814,0.15814696485623003,271.0205234591304,0.0,0.0,0.40094574415131906,0.116976474005228,200.4655937982824,0.0,0.0,0.5515181682429069,0.0643643440123152,110.30283269855633,0.142721217887726,28.544036308647044,0.6416127426580388,0.03743936797467252,64.16080837023426,0.3149381541389153,31.49358672720724,0.7170233947237431,0.020920015975020877,35.85116973618716,0.45908658420551857,22.954329210275926,0.8337481333997013,0.009730225857421693,16.67493845140404,0.6822074215033301,13.644128615044833,0.8835241413638626,0.005155574919217224,8.835241413638625,0.7773549000951475,7.7735490009514745,0.5063843163069114,0.9121039094117249,0.16728624535315986,16.6728624535316,0.550185873605948,11.004661187168024,0.6635687732342007,6.636256830775313,3.1622776601683795
2019-08-11,222,6885750,3908,1988,0.0005675489235014341,0.08106004107587556,0.9601714203372546,0.005158275279323438,0.2502558853633572,0.14202730177171072,250.24679968642707,0.0,0.0,0.3999488229273286,0.11349114144641301,199.96715128317254,0.0,0.0,0.5552712384851587,0.06302826105899097,111.05344129655758,0.12575452716297786,25.150722803812915,0.6484135107471852,0.0368003717796044,64.8408802408933,0.30885311871227367,30.88508760308226,0.7423234390992836,0.021065243437534038,37.11617195496417,0.49346076458752514,24.673038229376257,0.8280450358239508,0.00939910772376615,16.560876665538068,0.6619718309859155,13.23941739244838,0.8792221084953941,0.00499001561195222,8.79222108495394,0.7625754527162978,7.625754527162977,0.4822211793536509,0.8953797791894014,0.15347334410339256,15.296176628971459,0.48303715670436187,9.661571671234242,0.6090468497576736,6.0909908362128915,3.0
2019-08-12,223,6885750,3319,1484,0.0004820099480811822,0.07504784684214526,0.9581566475362565,0.0031097582649941106,0.26453751129858394,0.12750508277664827,264.52790711940514,0.0,0.0,0.428141006327207,0.10318036595991868,214.06273121678518,0.0,0.0,0.5965652304911118,0.05750965755613001,119.3121797279669,0.0977088948787062,19.54163707662294,0.6824344682133172,0.03289378140521072,68.24295128379926,0.28975741239892183,28.975530837751258,0.7402832178366978,0.01784119376974186,37.01416089183489,0.4191374663072776,20.956873315363882,0.808376016872552,0.007792894321033553,16.1674968578056,0.5714285714285714,11.428554831171246,0.8556794215125038,0.004124459935373779,8.556794215125036,0.6772237196765498,6.7722371967654995,0.4674791037456639,0.913327847198611,0.1480865224625624,14.75929007210205,0.46921797004991683,9.385164234566174,0.6156405990016639,6.1569339836692984,2.23606797749979
2019-08-13,224,6885750,2728,1241,0.00039618051773590384,0.05923586496540988,0.9613425933514038,0.002375480447821122,0.25769794721407624,0.10209119953528899,257.6885913490162,0.0,0.0,0.41385630498533726,0.0819779262271275,206.92063985280177,0.0,0.0,0.5729472140762464,0.045397775131429896,114.5886107445907,0.06124093473005641,12.248098008001566,0.6623900293255132,0.026242411920183565,66.23852194992816,0.257856567284448,25.78546949052961,0.7232404692082112,0.014326689176923356,36.16202346041056,0.39161966156325545,19.58098307816277,0.8038856304985337,0.006369667255321126,16.07768926075053,0.5688960515713135,11.377904507584265,0.8684017595307918,0.0034404385869367896,8.684017595307918,0.7107171635777598,7.1071716357776,0.47768587097703374,0.9371660012781025,0.14917127071823205,14.867403314917127,0.5285451197053407,10.571808989509396,0.6961325966850829,6.961922993091553,2.23606797749979
2019-08-14,225,6885750,2073,999,0.00030105652978978324,0.04031797743502235,0.9487577855744423,0.0014300825501906056,0.2460202604920405,0.07406331687481847,246.01132859179032,0.0,0.0,0.38205499276411,0.05750798722044728,191.02056102421363,0.0,0.0,0.5301495417269657,0.03192076447181155,106.02913842825683,0.03003003003003003,6.005962394472082,0.6126386878919441,0.01844375381219321,61.26342393261427,0.1961961961961962,19.619477155275465,0.6753497346840328,0.010165922375921286,33.76748673420164,0.3263263263263263,16.316316316316318,0.7616980221900627,0.004586276605632494,15.233938319939194,0.5055055055055055,10.110095427475065,0.8340569223347805,0.002510982826852558,8.340569223347806,0.6556556556556556,6.556556556556557,0.41897683957389403,0.9282024343355137,0.14978902953586498,14.92897327707454,0.5337552742616034,10.676021017434918,0.7172995780590717,7.173610960331762,2.8284271247461903
2019-08-15,226,6885750,1843,895,0.0002676542134117562,0.04026049373016013,0.9582752721735365,0.001690775316232541,0.2653282691264243,0.07101365088585536,265.3186362383497,0.0,0.0,0.39012479652740095,0.052207377287249494,195.05531641653727,0.0,0.0,0.5409658166033641,0.02895814574922304,108.19237769544901,0.054748603351955305,10.949641160961,0.6375474769397721,0.01706410293647797,63.75428475032727,0.2536312849162011,25.362944321817825,0.7086272381985893,0.00948335330210943,35.431361909929464,0.4,20.0,0.786218122626153,0.0042086857514638904,15.724339616463636,0.5597765363128492,11.195514467295407,0.8545849158979925,0.0022873325345822895,8.545849158979923,0.7005586592178771,7.005586592178771,0.39173363167472985,0.9257508707488964,0.15492957746478872,15.44131455399061,0.5563380281690141,11.127714831010074,0.7136150234741784,7.136762254487474,2.8284271247461903
2019-08-16,227,6885750,2089,1112,0.00030338016918999384,0.043827605645425,0.9521235136137361,0.0021036561029513534,0.2589755864049785,0.07856520476328784,258.9661841545281,0.0,0.0,0.3705122067975108,0.05620098751089166,185.24937757449607,0.0,0.0,0.5069411201531834,0.030758953208051353,101.38748781825734,0.0737410071942446,14.748094347432971,0.6103398755385352,0.01851636701617822,61.03354436651468,0.26798561151079137,26.798366558140398,0.6778362853039732,0.010282104345931816,33.89181426519866,0.3947841726618705,19.739208633093522,0.7505983724269986,0.004554326610279766,15.011945647072235,0.5314748201438849,10.629480965952212,0.8358066060315941,0.0025356714954797954,8.358066060315942,0.6915467625899281,6.91546762589928,0.3763146462234233,0.9147624325778505,0.14468085106382977,14.41985815602837,0.5042553191489362,10.085971314915513,0.674468085106383,6.745259297105946,3.1622776601683795
2019-08-17,228,6885750,2664,1559,0.0003868859601350615,0.05502201036298423,0.9483887822336667,0.0032830743996802685,0.25713213213213215,0.09947720011617775,257.1227968092984,0.0,0.0,0.3577327327327327,0.06919837351147255,178.8598725250083,0.0,0.0,0.484984984984985,0.03752650381945453,96.9962926707241,0.11994868505452214,23.989562813737717,0.579954954954955,0.022437480031368903,57.99507437162103,0.28223220012828737,28.223015074985547,0.6546546546546547,0.01266383473114766,32.732732732732735,0.40987812700449006,20.493906350224503,0.7503753753753754,0.005806185519100288,15.007485712516822,0.573444515715202,11.468873658349848,0.8329579579579579,0.0032225973931670478,8.32957957957958,0.7145606157793457,7.145606157793458,0.39545922666854166,0.9125106349402997,0.13147410358565736,13.103585657370518,0.5039840637450199,10.080545741562053,0.6713147410358565,6.7137231519889555,4.123105625617661
2019-08-18,229,6885750,3074,1819,0.00044642921976545765,0.06236841316143511,0.9471541543191776,0.003870217091910076,0.25471698113207547,0.11370897473133895,254.70773349262106,0.0,0.0,0.3601171112556929,0.08038048213767064,180.05201850340455,0.0,0.0,0.4856864020819779,0.043364605419849545,97.13657507147983,0.1308411214953271,26.168034283204523,0.566363044892648,0.0252839176275814,56.63589323491172,0.26717976910390323,26.717782902599577,0.656473649967469,0.01465345096757797,32.82368249837346,0.4194612424409016,20.97306212204508,0.7550422901756669,0.0067414490194255975,15.10082387297001,0.5860362836723474,11.720708651759185,0.8305139882888745,0.0037076571179610065,8.305139882888744,0.7135788894997251,7.135788894997251,0.3970715618355602,0.9030572698306222,0.14365671641791045,14.317786069651742,0.4701492537313433,9.387689122878758,0.6324626865671642,6.325169286500603,4.47213595499958
2019-08-19,230,6885750,3169,1772,0.000460225828704208,0.07401120124270873,0.9447421205996093,0.003434654413247334,0.28337014831177026,0.13040952657566077,283.3598604033942,0.0,0.0,0.3875039444619754,0.08916642462968341,193.74493795955902,0.0,0.0,0.49826443673082993,0.04586249963693398,99.65216373462232,0.10270880361173815,20.541611562041474,0.5822025875670559,0.02679427227046966,58.21983600075306,0.2528216704288939,25.28198346097412,0.6591984853266014,0.015169008459499691,32.95992426633007,0.3905191873589165,19.525959367945823,0.7557589144840644,0.006956385351798495,15.115156338323283,0.5632054176072234,11.264091993589492,0.8378037235721048,0.003855789129724431,8.378037235721047,0.7099322799097065,7.099322799097065,0.4191180191244113,0.91038264760103,0.15,14.949999999999998,0.5173076923076924,10.347041166380789,0.6634615384615384,6.635184391080617,4.123105625617661
2019-08-20,231,6885750,2880,1506,0.00041825509203790434,0.06849761279627548,0.9487858380660946,0.0029652676195215796,0.29270833333333335,0.12242230612837642,292.6977063970375,0.0,0.0,0.409375,0.08560848097589312,204.68006870824863,0.0,0.0,0.5291666666666667,0.0442650091492637,105.83256484359116,0.099601593625498,19.920174077282898,0.615625,0.02574864213308548,61.56205297496297,0.2649402390438247,26.493831522786255,0.6961805555555556,0.014559053116944415,34.80902777777778,0.41899070385126164,20.949535192563083,0.76875,0.006430662700994516,15.374977671310067,0.5577689243027888,11.155362285406197,0.8395833333333333,0.0035116000435682386,8.395833333333334,0.6932270916334662,6.932270916334661,0.4345017952688024,0.913022325125615,0.16141732283464566,16.087926509186353,0.547244094488189,10.94582055887954,0.6653543307086615,6.654113936872814,3.1622776601683795
2019-08-21,232,6885750,2653,1189,0.00038528845804741674,0.06915363080348973,0.9589357155000234,0.0024057684624133537,0.2996607614021862,0.11545164101074644,299.64988205418297,0.0,0.0,0.44553335846211833,0.08582631426081905,222.7585915648077,0.0,0.0,0.5929136826234451,0.04568822794736995,118.5818754574454,0.09167367535744322,18.33460193710287,0.6807387862796834,0.026227889279386563,68.07338432172486,0.287636669470143,28.763458084812758,0.7418017338861667,0.014290382311295065,37.09008669430833,0.4238856181665265,21.194280908326323,0.7923105917828873,0.006105353657403104,15.846188822639814,0.5365853658536586,10.731691731709583,0.8567659253675085,0.003301020222924155,8.567659253675085,0.68040370058873,6.8040370058873,0.4562950608775873,0.9182217366357366,0.16184971098265896,16.131021194605008,0.5279383429672447,10.559672413964048,0.6801541425818882,6.802124748411148,2.23606797749979
2019-08-22,233,6885750,2247,1070,0.0003263261082670733,0.05180244382674526,0.9426362384983212,0.0016179338484764083,0.27903871829105475,0.09105431309904154,279.02858763761697,0.0,0.0,0.4250111259457054,0.06934359570142318,212.4978478420448,0.0,0.0,0.5545171339563862,0.0361904208661303,110.90262148596204,0.06448598130841121,12.897102611007943,0.630173564753004,0.020564059368555578,63.01689888608436,0.22336448598130842,22.336286406021006,0.6840231419670671,0.01116073049413644,34.201157098353356,0.3364485981308411,16.822429906542055,0.7498887405429462,0.0048941583790315085,14.997753030002764,0.4747663551401869,9.495313313001157,0.8264352469959947,0.002696873978869404,8.264352469959947,0.6355140186915887,6.355140186915888,0.45095619194506614,0.9067697330283708,0.1640926640926641,16.354568854568853,0.527027027027027,10.541444532010571,0.666023166023166,6.6608028636330525,2.23606797749979
2019-08-23,234,6885750,1983,972,0.0002879860581635987,0.04917196750824371,0.9542213867624526,0.0018309508047085511,0.3010590015128593,0.0866976474005228,301.0480714009833,0.0,0.0,0.42208774583963693,0.06077548649433633,211.0362108564682,0.0,0.0,0.5501765002521433,0.03168840221905951,110.03450104885982,0.0823045267489712,16.460785821886443,0.6333837619768028,0.018240436841035174,63.337916277437195,0.25205761316872427,25.20557828976362,0.7044881492687847,0.010144138256544312,35.224407463439235,0.39711934156378603,19.855967078189302,0.7715582450832073,0.004443953899061251,15.431142491407469,0.5339506172839507,10.678996836842884,0.854261220373172,0.0024601532149729514,8.54261220373172,0.7026748971193416,7.026748971193416,0.4095173584498003,0.9166925501244381,0.15831663326653306,15.778891115564464,0.5210420841683366,10.421735409068566,0.6753507014028056,6.754086217030975,3.0
2019-08-24,235,6885750,1874,980,0.00027215626474966416,0.044592494877162804,0.9497482578894795,0.0016966628511040627,0.2849519743863394,0.07754864943363346,284.94162904890163,0.0,0.0,0.403948772678762,0.05496659889631136,201.96705354870647,0.0,0.0,0.5208110992529349,0.028348194835748932,104.16146349533523,0.0836734693877551,16.734572361577005,0.6040554962646745,0.01643962938220686,60.40511100241777,0.24285714285714285,24.28553793936175,0.663820704375667,0.00903314816831863,33.191035218783355,0.35714285714285715,17.857142857142858,0.7422625400213447,0.004040222139604053,14.845229241077165,0.5071428571428571,10.14284241266448,0.823906083244397,0.0022423120212032095,8.23906083244397,0.6632653061224489,6.63265306122449,0.3873397346088923,0.9116941478140106,0.14078674948240166,14.031746031746032,0.505175983436853,10.104386179857878,0.6583850931677019,6.584415584415583,3.1622776601683795
2019-08-25,236,6885750,2257,1316,0.0003277783828922049,0.038775836441277516,0.9486277128617546,0.0024952413394211097,0.24014178112538767,0.07871042695323846,240.1330626465493,0.0,0.0,0.3433761630482942,0.056273598605866976,171.68184829435026,0.0,0.0,0.46610544971200707,0.030555636236893318,93.22041303419945,0.08434650455927052,16.869178418455284,0.5564909171466549,0.018240436841035174,55.648687628780664,0.2393617021276596,23.935996404564932,0.6287106778910058,0.01030388846530879,31.435533894550293,0.36322188449848025,18.161094224924014,0.7558706247230838,0.0049551538247048985,15.117390539858997,0.581306990881459,11.626122933305856,0.8347363757199823,0.002736085393747958,8.347363757199824,0.7165653495440729,7.16565349544073,0.36956389855682875,0.8997957539474478,0.1489795918367347,14.848299319727891,0.47959183673469385,9.592659362201141,0.6387755102040816,6.388302936955228,4.123105625617661
2019-08-26,237,6885750,2610,1652,0.00037904367715935086,0.04025116852244615,0.9491243293610894,0.0036695080361534363,0.2168582375478927,0.08219575951205345,216.85036439085133,0.0,0.0,0.3145593869731801,0.05961370897473134,157.2739833612093,0.0,0.0,0.4413793103448276,0.033460164396293825,88.27522106964759,0.11743341404358354,23.486512264387734,0.5440613026819924,0.020622149931743588,54.405735207855706,0.2796610169491525,27.96589862409055,0.6325670498084291,0.01198852703046146,31.628352490421452,0.4194915254237288,20.97457627118644,0.7540229885057471,0.005716144623106237,15.08043786917769,0.6113801452784504,12.22758514775737,0.8432950191570882,0.0031964564499146787,8.43295019157088,0.7524213075060533,7.5242130750605325,0.38235402304148103,0.9009376639876266,0.1522633744855967,15.175582990397805,0.4773662551440329,9.548143912923786,0.6481481481481481,6.482037354678864,5.0
2019-08-27,238,6885750,2768,1651,0.0004019896162364303,0.051150311543509665,0.9596479515113644,0.004260875840833984,0.23771676300578035,0.09555620098751089,237.7081325685524,0.0,0.0,0.3406791907514451,0.06847226256171943,170.33341110345359,0.0,0.0,0.4804913294797688,0.03863022452002672,96.09756809565535,0.12901271956390067,25.802356552241687,0.578757225433526,0.02326527055679805,57.87530228918792,0.29376135675348275,29.375922365815065,0.6813583815028902,0.013694949714991104,34.06791907514451,0.465778316172017,23.288915808600848,0.8179190751445087,0.006575889952597825,16.35835774606231,0.6947304663840097,13.894589148920948,0.8941473988439307,0.0035943796972007407,8.941473988439306,0.8225317989097517,8.225317989097517,0.4126163453530676,0.9038889873378408,0.16326530612244897,16.272108843537417,0.49387755102040815,9.878398151713517,0.636734693877551,6.362436388437123,4.242640687119285
2019-08-28,239,6885750,2695,1322,0.00039138801147296955,0.07227545079797008,0.9605232912275941,0.00340920769490899,0.30352504638218925,0.1187917513796108,303.5140267392041,0.0,0.0,0.4241187384044527,0.08299448155678188,212.05167027072758,0.0,0.0,0.5721706864564008,0.044787824217955796,114.43330634834476,0.12783661119515885,25.567136586513257,0.6660482374768089,0.026068140230619537,66.60434010871558,0.31921331316187596,31.92109952517336,0.7428571428571429,0.014537268997567441,37.142857142857146,0.47579425113464446,23.789712556732223,0.8241187384044527,0.00645099451621898,16.48235083118918,0.6414523449319214,12.829028267366208,0.874582560296846,0.0034230112914352103,8.74582560296846,0.7443267776096822,7.443267776096823,0.43412336670659996,0.9082461508969111,0.16831683168316833,16.775577557755774,0.497029702970297,9.941446597489938,0.6336633663366337,6.337177113937809,3.0
2019-08-29,240,6885750,2562,1347,0.0003720727589587191,0.05450386859220844,0.9445476249434909,0.0027635083684345004,0.26346604215456676,0.09802497821667151,263.4564768756619,0.0,0.0,0.38563622170179546,0.07173976183560848,192.81111048381777,0.0,0.0,0.5304449648711944,0.03947253768625287,106.08822262807014,0.10690423162583519,21.380691071991482,0.6209992193598751,0.02310552150803102,62.09947100855761,0.2791388270230141,27.913680010655547,0.6975019516003123,0.012976073775550956,34.87509758001561,0.42464736451373425,21.232368225686713,0.7689305230288837,0.005721953713170369,15.378588126644367,0.5605048255382331,11.210080230649599,0.8352849336455894,0.0031078676977816504,8.352849336455893,0.6867112100965108,6.867112100965108,0.40975952651540404,0.8958308249419704,0.1812366737739872,18.06325515280739,0.464818763326226,9.297172554283227,0.6119402985074627,6.119927805227721,3.1622776601683795
2019-08-30,241,6885750,2599,1404,0.0003774461750717061,0.04815547796369117,0.93984302378646,0.002277237481769733,0.2458637937668334,0.09279697937844902,245.85486754719327,0.0,0.0,0.36860330896498655,0.06956142898634911,184.29496331002437,0.0,0.0,0.51673720661793,0.039007813180748786,103.34669088470217,0.10541310541310542,21.082467994954563,0.5894574836475568,0.02224868570100787,58.945320340790666,0.24002849002849003,24.002674710471915,0.6548672566371682,0.012358857059870021,32.743362831858406,0.3611111111111111,18.055555555555557,0.7141208156983455,0.005390835579514825,14.282395572006235,0.4707977207977208,9.415940741422606,0.7868410927279723,0.002969901608394147,7.868410927279722,0.6054131054131054,6.054131054131054,0.40257452428879437,0.9119993524020212,0.18101545253863136,18.04120676968359,0.4746136865342163,9.493087819340474,0.6534216335540839,6.534776731452978,3.1622776601683795
2019-08-31,242,6885750,2635,1366,0.00038267436372217987,0.052149156927973055,0.9361982144240791,0.002253362699947069,0.24971537001897534,0.09555620098751089,249.7063039657507,0.0,0.0,0.38633776091081595,0.07391809468486785,193.16186735344544,0.0,0.0,0.5434535104364326,0.04159284324261524,108.68991284927434,0.11932650073206442,23.86512685282211,0.6197343453510437,0.023715472421505127,61.97298452614001,0.2664714494875549,26.646951455298314,0.6675521821631879,0.01277275532803253,33.37760910815939,0.35871156661786235,17.93557833089312,0.7165085388994308,0.005483781020540942,14.330149966675442,0.45314787701317716,9.062944378379393,0.7802656546489564,0.002985876629270595,7.802656546489563,0.5761346998535871,5.7613469985358705,0.43347276763167325,0.916785592198435,0.17857142857142858,17.797619047619047,0.5147058823529411,10.29500050448996,0.6533613445378151,6.534173789584444,3.0
2019-09-01,243,6885750,2769,1515,0.00040213484369894345,0.056522005791592396,0.9459027555756111,0.002424226979405261,0.26291079812206575,0.1057217542840546,262.9012530015995,0.0,0.0,0.38714337305886604,0.07783909381353471,193.56465880337547,0.0,0.0,0.50776453593355,0.04083766592117111,101.55216977851353,0.10033003300330033,20.065860894957023,0.5803539183820874,0.023337883760783062,58.03497042463415,0.233003300330033,23.30016084184154,0.6345250993138317,0.012758232581781215,31.726254965691588,0.332013201320132,16.6006600660066,0.7118093174431203,0.005724858258202435,14.236165674040238,0.47326732673267324,9.465332788390839,0.8042614662332972,0.003234215590168101,8.042614662332973,0.6422442244224422,6.422442244224423,0.4225596921719189,0.9079280411959394,0.16700201207243462,16.644533869885983,0.5010060362173038,10.020980082898765,0.6438631790744467,6.439183989011255,3.605551275463989
2019-09-02,244,6885750,2801,1466,0.0004067821224993646,0.06186125258273925,0.9560833452396496,0.0036016028698620728,0.26811852909675116,0.10906186465291896,268.10879490676075,0.0,0.0,0.3973580863977151,0.0808161487075225,198.6718300474199,0.0,0.0,0.5483755801499465,0.04461355252839176,109.67431964383205,0.13710777626193724,27.42135613568894,0.6451267404498393,0.026242411920183565,64.51220559778793,0.3219645293315143,32.19621914439099,0.7208139950017851,0.014660712340703628,36.04069975008926,0.4665757162346521,23.328785811732608,0.7915030346304891,0.006439376336090714,15.830037703047712,0.6016371077762619,12.032724680704513,0.8432702606212067,0.0034302726645608684,8.432702606212068,0.7005457025920873,7.005457025920873,0.442528101120532,0.9132478735788218,0.1683991683991684,16.783783783783782,0.5488565488565489,10.978072412034678,0.6548856548856549,6.549418200361597,3.1622776601683795
2019-09-03,245,6885750,3649,2213,0.0005299350107105254,0.05464380971121907,0.9505088799853009,0.004354149355902657,0.21759386133187175,0.11530641882079581,217.58596146760613,0.0,0.0,0.32090983831186626,0.08502759221609062,160.44909375224609,0.0,0.0,0.4488901068785969,0.04757617125098028,89.77736946874141,0.09127880704925441,18.255628848918164,0.5401479857495204,0.028624125010891982,54.01440635619333,0.24175327609579755,24.175152064780242,0.6341463414634146,0.016802817412772755,31.707317073170728,0.39674649796656125,19.83732489832806,0.7465058920252123,0.007911980667348266,14.930096157904444,0.5820153637596024,11.640290370293712,0.8440668676349685,0.004473005845405366,8.440668676349684,0.7428829643018527,7.428829643018528,0.43829662250543605,0.9129502108521995,0.18526785714285715,18.465029761904763,0.5647321428571429,11.29561152291105,0.6964285714285714,6.964882994364126,5.0
2019-09-04,246,6885750,3972,2420,0.0005768434811022765,0.058092490069937226,0.9582277283208233,0.005376935956598653,0.2026686807653575,0.11690386291025269,202.66132276794372,0.0,0.0,0.30966767371601206,0.08931164681963404,154.8282155307893,0.0,0.0,0.4511581067472306,0.05204914461645706,90.23096614873343,0.09917355371900827,19.83456671761193,0.5503524672708963,0.031746492782247525,55.03484709852993,0.2619834710743802,26.19815687284576,0.6442598187311178,0.01858185382855898,32.21299093655589,0.4161157024793388,20.805785123966942,0.776686807653575,0.008960521423924157,15.533713593853415,0.6334710743801653,12.669403088150686,0.8726082578046325,0.005033583850706168,8.726082578046324,0.7909090909090909,7.90909090909091,0.39942720518425057,0.9145678937623012,0.18686868686868688,18.624579124579125,0.5656565656565656,11.31410156453038,0.6994949494949495,6.995549404854722,4.47213595499958
2019-09-05,247,6885750,4470,2713,0.0006491667574338308,0.06265760617858133,0.9541585054008552,0.005626769521528191,0.19798657718120805,0.12852163810630265,197.9793891701283,0.0,0.0,0.3080536912751678,0.09998547778100494,154.02125360862522,0.0,0.0,0.4539149888143177,0.058932876354236254,90.78233855843004,0.10025801695539993,20.051457789963262,0.5429530201342282,0.03524644921432513,54.294907757838764,0.2469590858827866,24.695729263373867,0.6259507829977629,0.02031732200559126,31.297539149888145,0.3837080722447475,19.185403612237376,0.7818791946308725,0.010151384887071289,15.637561182584145,0.6406192406929598,12.812366206784867,0.8668903803131991,0.005627564172384998,8.66890380313199,0.7806855879100627,7.8068558791006275,0.3712447705209908,0.9102400765939522,0.18229166666666666,18.168402777777775,0.5494791666666666,10.990525836192107,0.6848958333333334,6.849545722555745,4.47213595499958
2019-09-06,248,6885750,4740,2190,0.0006883781723123843,0.11586759779240462,0.9576546223463329,0.006441918727838877,0.2719409282700422,0.1871914028463549,271.931055305757,0.0,0.0,0.4270042194092827,0.14696485623003194,213.49435839365873,0.0,0.0,0.6040084388185654,0.08315664120363647,120.80081058395355,0.14292237442922373,28.584267324814178,0.7048523206751055,0.048520142902785446,70.48472025165714,0.36118721461187214,36.118459191578296,0.7780590717299578,0.026779944087426934,38.90295358649789,0.5196347031963471,25.98173515981735,0.860548523206751,0.011847639185797936,17.21094546911564,0.6981735159817352,13.96345004087053,0.8949367088607595,0.0061605489598083,8.949367088607595,0.7726027397260274,7.726027397260274,0.44483696567163344,0.9156282491272264,0.18527315914489312,18.465558194774346,0.5724465558194775,11.449913014426974,0.7244655581947743,7.245276907469351,2.23606797749979
2019-09-07,249,6885750,5165,2499,0.0007500998438804778,0.11714457015055987,0.9700052994140372,0.008898753043917131,0.2551790900290416,0.19140284635492302,255.1698256124707,0.0,0.0,0.41239109390125844,0.15466163229741506,206.1880609084077,0.0,0.0,0.6056147144240077,0.09085364082604781,121.12206337230566,0.18487394957983194,36.97452143017014,0.7130687318489836,0.053486886055360304,71.30635540284554,0.4069627851140456,40.695983002687264,0.7874152952565344,0.02953200450205134,39.37076476282672,0.56062424969988,28.031212484994,0.8797676669893514,0.01319825262570871,17.595327786538963,0.751500600240096,15.029990177128571,0.9208131655372701,0.006907018117125949,9.208131655372702,0.8363345338135254,8.363345338135254,0.5201712363818991,0.9175886698645005,0.1854043392504931,18.47863247863248,0.5581854043392505,11.16466552315609,0.7001972386587771,7.002572898799314,2.8284271247461903
2019-09-08,250,6885750,5072,2282,0.0007365936898667538,0.11184068195794865,0.9604251259110183,0.007261612560281908,0.2444794952681388,0.18007551553877432,244.4706193062136,0.0,0.0,0.4160094637223975,0.1532094103979088,207.9971801355285,0.0,0.0,0.6332807570977917,0.09329344447994423,126.65523172866246,0.18492550394390886,36.984832228114975,0.7239747634069401,0.05332713700659328,72.39695063942226,0.38650306748466257,38.65002609620545,0.7841088328075709,0.028878480920742113,39.20544164037855,0.5201577563540754,26.007887817703764,0.8610015772870663,0.012684148155032996,17.220006537562785,0.6910604732690623,13.821189393218598,0.9154179810725552,0.006742911084486076,9.154179810725552,0.8120070113935145,8.120070113935144,0.4990684832797984,0.888687056836835,0.1801125703564728,17.95121951219512,0.5365853658536586,10.732627703635528,0.651031894934334,6.510877295736937,2.23606797749979
2019-09-09,251,6885750,4668,1951,0.0006779217950114366,0.11061298996153228,0.9679020583772159,0.005415157960057247,0.24571550985432733,0.16656985187336626,245.70658901821588,0.0,0.0,0.4305912596401028,0.14594830090037758,215.2878133943391,0.0,0.0,0.6289631533847472,0.08527694675999883,125.79171725635433,0.11225012813941568,22.4498626110541,0.7204370179948586,0.0488396410003195,72.0431786670844,0.33111225012813944,33.110984581600334,0.7932733504712939,0.026888864684311804,39.6636675235647,0.5053818554587391,25.269092772936954,0.8770351328191945,0.01189120736127893,17.54067718250351,0.7057919015889288,14.115817531734963,0.9151670951156813,0.0062041171985622486,9.151670951156813,0.7970271655561251,7.970271655561251,0.5097864609767938,0.9085904271043085,0.17829457364341086,17.77002583979328,0.560077519379845,11.202511069448322,0.6724806201550387,6.725382943077108,2.23606797749979
2019-09-10,252,6885750,3993,1581,0.0005798932578150528,0.08711413451625176,0.9657072839839694,0.004297455491766038,0.23816679188580014,0.13810630264304385,238.15814511002736,0.0,0.0,0.40395692461808164,0.11712169619517862,201.971129370386,0.0,0.0,0.6275982970197846,0.07278747567457666,125.51874796549369,0.05945604048070841,11.891121750269772,0.7330328074129727,0.042507769612826395,73.30274846268955,0.32574320050600886,32.574083518026235,0.8159278737791135,0.023657553643393964,40.796393688955675,0.5351043643263758,26.755218216318784,0.8822940145254194,0.010232712147969142,17.645854663881423,0.702719797596458,14.054375541116189,0.9013273228149261,0.0052267363758486726,9.013273228149261,0.7507906388361796,7.507906388361796,0.4737549547107321,0.9202495165848579,0.17324561403508773,17.266812865497077,0.5877192982456141,11.755394059763473,0.7017543859649122,7.018145707321477,2.0
2019-09-11,253,6885750,3935,1669,0.0005714700649892895,0.07686931956570349,0.9676403876643827,0.004264081528026915,0.2193138500635324,0.1253267499273889,219.3058877541342,0.0,0.0,0.3875476493011436,0.11073191983735114,193.76678958577907,0.0,0.0,0.590597204574333,0.06750123442446775,118.11858321176081,0.04553624925104853,9.107183719550596,0.6980940279542567,0.03989369426936594,69.80889588698514,0.28819652486518876,28.819443217788397,0.786277001270648,0.022466688450786042,39.3138500635324,0.49610545236668663,24.80527261833433,0.8770012706480305,0.010023584905660377,17.539999940063772,0.7100059916117436,14.200099209791114,0.9212198221092758,0.005264495516102095,9.212198221092757,0.8142600359496704,8.142600359496704,0.4370303922137577,0.9186390279422865,0.16595744680851063,16.54042553191489,0.548936170212766,10.979664975730813,0.6914893617021277,6.915486661070763,2.23606797749979
2019-09-12,254,6885750,3910,1616,0.0005678393784264604,0.08666670497832889,0.9587965361699335,0.0033375244272280022,0.24680306905370844,0.1401394133023526,246.79410873316485,0.0,0.0,0.4219948849104859,0.11980830670926518,210.98978207757614,0.0,0.0,0.6076726342710997,0.06901158906735601,121.53364435308099,0.050742574257425746,10.148441159867243,0.6951406649616368,0.03947253768625287,69.51356173225466,0.2623762376237624,26.237433242583602,0.7585677749360614,0.02153723269070181,37.92838874680307,0.4158415841584158,20.792079207920793,0.8554987212276215,0.009715703132261362,17.109949576206823,0.6503712871287128,13.007406852247346,0.8938618925831202,0.005075699814834985,8.938618925831204,0.7431930693069307,7.431930693069307,0.4563303388769003,0.9191266609419576,0.185589519650655,18.497088791848615,0.5720524017467249,11.442029256892896,0.7052401746724891,7.0530065839244385,2.0
2019-09-13,255,6885750,3629,1475,0.0005270304614602621,0.09849535452083728,0.9558302944000308,0.00300111708956224,0.2942959492973271,0.15509729886726692,294.28526472176446,0.0,0.0,0.4676219344171948,0.12322102817310485,233.80247857342428,0.0,0.0,0.6277211352989804,0.06616515147114352,125.54331544293925,0.0840677966101695,16.813437233392623,0.6993662165885919,0.036858462342792414,69.93611382664174,0.26033898305084746,26.03370926460793,0.761917883714522,0.02007769669244454,38.0958941857261,0.41423728813559324,20.71186440677966,0.8478919812620557,0.008937285063667626,16.957814997836696,0.6257627118644068,12.515236061728375,0.8820611738771011,0.004648731075046291,8.820611738771012,0.7098305084745763,7.098305084745763,0.4463879464214101,0.9193077924318221,0.19607843137254902,19.54248366013072,0.5955882352941176,11.91278629805267,0.7132352941176471,7.132964635253758,2.0
2019-09-14,256,6885750,3092,1091,0.0004490433140906945,0.10183333378033975,0.9678884120612097,0.00339525661443782,0.3205045278137128,0.14391519024106883,320.49289172135826,0.0,0.0,0.5135834411384217,0.11530641882079581,256.7823976052053,0.0,0.0,0.684993531694696,0.061517906416102705,136.9977115474383,0.10724106324472961,21.448056906601906,0.7849288486416559,0.03524644921432513,78.49231490217959,0.3904674610449129,39.04646257355731,0.8551099611901681,0.019199070544239916,42.75549805950841,0.5893675527039414,29.468377635197072,0.8822768434670116,0.007923598847476532,17.64551124321201,0.6663611365719523,13.32720337667976,0.9175291073738681,0.004120103111498384,9.17529107373868,0.766269477543538,7.66269477543538,0.49377428850103144,0.9279469230058611,0.22486772486772486,22.411816578483243,0.6296296296296297,12.59367257480465,0.7592592592592593,7.593243758338097,1.4142135623730951
2019-09-15,257,6885750,2748,985,0.0003990850669861671,0.09573593564436786,0.9679007396880334,0.0028817255629084173,0.3497088791848617,0.1395585245425501,349.6961828125416,0.0,0.0,0.5200145560407569,0.10376125471972117,259.99783831379915,0.0,0.0,0.6801310043668122,0.05428563129919545,136.02521314353532,0.10761421319796954,21.522686355337616,0.7689228529839883,0.03068634000406634,76.89172695887912,0.3553299492385787,35.53273690739701,0.8344250363901019,0.016650328577133937,41.7212518195051,0.5380710659898477,26.903553299492387,0.8955604075691412,0.007148085323914862,17.9111821394275,0.7086294416243655,14.172568250026067,0.9213973799126638,0.0036771593508332424,9.213973799126638,0.7807106598984772,7.807106598984772,0.4801588589981727,0.9025148497733007,0.22564102564102564,22.48888888888889,0.6076923076923076,12.154888507718697,0.6974358974358974,6.974957118353346,1.4142135623730951
2019-09-16,258,6885750,2426,1091,0.00035232182405692914,0.0662290753228046,0.9540117042792416,0.002519759235361571,0.29760923330585326,0.10485042114435085,297.5984284397007,0.0,0.0,0.46290189612530913,0.08154225965727563,231.44254510926862,0.0,0.0,0.5964550700741962,0.04202852246652531,119.29014780456582,0.10265811182401467,20.531473278114643,0.6755976916735367,0.02380260826628714,67.5592785942237,0.27864344637946836,27.86414230601273,0.7605111294311624,0.013397233416839124,38.02555647155812,0.4674610449129239,23.373052245646196,0.8359439406430338,0.005890417325030207,16.71885453249248,0.6351970669110908,12.703922888636964,0.8833470733718054,0.0031122245216570455,8.833470733718055,0.7406049495875344,7.406049495875344,0.4188944176014137,0.889907017588368,0.20551378446115287,20.482873851294904,0.5338345864661654,10.677607397567675,0.6641604010025063,6.642173615857827,2.23606797749979
2019-09-17,259,6885750,2355,1129,0.00034201067421849474,0.0634933187260533,0.9663490328009526,0.0031213209570576336,0.3057324840764331,0.10455997676444961,305.72138429121395,0.0,0.0,0.4428874734607219,0.07573337205925065,221.4356970942612,0.0,0.0,0.5983014861995753,0.040924801765953124,119.65942834815783,0.16209034543844109,32.41783368970187,0.6840764331210191,0.023395974323971072,68.40714658228612,0.3410097431355182,34.10072669545142,0.7409766454352441,0.012671096104273319,37.04883227176221,0.45969884853852966,22.984942426926484,0.8428874734607219,0.005765521888651362,16.8577249871682,0.6722763507528786,13.445507488488225,0.9125265392781317,0.003120938169407835,9.125265392781316,0.8175376439326838,8.175376439326838,0.3791555086032272,0.8939639153776384,0.2077562326869806,20.706371191135737,0.5401662049861495,10.804250628376485,0.6565096952908587,6.565659997244171,2.8284271247461903
2019-09-18,260,6885750,1932,849,0.0002805794575754275,0.06833488698584476,0.9712500937483707,0.002113768662207141,0.36853002070393376,0.10339819924484461,368.51664101976644,0.0,0.0,0.5041407867494824,0.07072320650595411,252.0612418211043,0.0,0.0,0.6273291925465838,0.03520288129193413,125.4649274616643,0.1519434628975265,30.38847191747199,0.687888198757764,0.01930058961921636,68.78832037811544,0.28975265017667845,28.97505461898492,0.7443064182194618,0.010441854554696293,37.215320910973084,0.41813898704358066,20.906949352179033,0.8545548654244306,0.004795403847941258,17.09107248755772,0.6690223792697291,13.380428153338302,0.9321946169772257,0.002615546599862034,9.321946169772257,0.8457008244994111,8.45700824499411,0.4162529630386849,0.9236200511418746,0.225,22.425,0.621875,12.43856668096055,0.75,7.500643224699829,2.23606797749979
2019-09-19,261,6885750,1653,774,0.00024006099553425554,0.05590504678945446,0.9663663835590964,0.0023486103458525984,0.3617664851784634,0.08684286959047342,361.7533510481563,0.0,0.0,0.48578342407743497,0.05830670926517572,242.88289372213168,0.0,0.0,0.6013309134906231,0.028871009904441025,120.26530940683895,0.14857881136950904,29.71554649823105,0.691470054446461,0.01659937843097389,69.14650334608497,0.34108527131782945,34.10827945883912,0.7773744706594071,0.00933086446647061,38.86872353297036,0.524547803617571,26.22739018087855,0.8777979431336963,0.004214494841528023,17.555933366637376,0.7390180878552972,14.780340291992786,0.9249848759830611,0.002220527901826235,9.24984875983061,0.8397932816537468,8.397932816537468,0.39677104370555205,0.9224377859963644,0.24812030075187969,24.729323308270676,0.6804511278195489,13.610189710984152,0.7969924812030075,7.970608339029392,2.23606797749979
2019-09-20,262,6885750,1536,699,0.00022306938242021567,0.05437897973100731,0.9489817894538279,0.0020018149412017044,0.3509114583333333,0.07827476038338659,350.8987183007189,0.0,0.0,0.4954427083333333,0.05525704327621261,247.71236050727927,0.0,0.0,0.640625,0.028580557088500973,128.12406964332393,0.21030042918454936,42.05978042515062,0.71484375,0.015945859595108774,71.48385592904964,0.37339055793991416,37.33878466314392,0.759765625,0.008474022437642958,37.98828125,0.4721030042918455,23.605150214592275,0.8294270833333334,0.00370039037085231,16.588517575583523,0.6251788268955651,12.503558379310743,0.8723958333333334,0.0019460479976763606,8.723958333333334,0.7195994277539342,7.1959942775393415,0.3842297127303048,0.8960413120194026,0.2563176895306859,25.54632972322503,0.592057761732852,11.842170771126566,0.703971119133574,7.040314940151464,2.23606797749979
2019-09-21,263,6885750,1912,841,0.00027767490832516427,0.07995141843433227,0.9450845833221323,0.0026757387262373897,0.40115062761506276,0.11138541969212895,401.13606362190217,0.0,0.0,0.5413179916317992,0.07515248329944815,270.64916939287406,0.007134363852556481,3.567052417785418,0.6673640167364017,0.03706177931395045,133.47183415849076,0.2437574316290131,48.7511323256405,0.7222803347280334,0.02005576694066049,72.22750900191055,0.3686087990487515,36.860612246215986,0.7813807531380753,0.010848491449733145,39.06903765690377,0.5029726516052319,25.14863258026159,0.8410041841004184,0.004670508411562413,16.82005925466312,0.638525564803805,12.770492749813528,0.8687238493723849,0.002412228152343608,8.68723849372385,0.7015457788347206,7.015457788347206,0.3764177819419216,0.8774298455448929,0.22981366459627328,22.904761904761905,0.562111801242236,11.243200196030386,0.6677018633540373,6.67759127664788,2.23606797749979
2019-09-22,264,6885750,2106,1144,0.0003058490360527176,0.07186609231183913,0.9561090692284253,0.004218059433690467,0.3528015194681861,0.10790008713331398,352.7887108158674,0.0,0.0,0.4700854700854701,0.07188498402555911,235.03420168755633,0.026223776223776224,13.111412077611611,0.5978157644824311,0.036568009526852366,119.5622847101252,0.25961538461538464,51.92269989297931,0.6809116809116809,0.020825466902901622,68.09067365938027,0.4125874125874126,41.25844166580174,0.7397910731244065,0.01131321932977526,36.98955365622032,0.5209790209790209,26.04895104895105,0.8114909781576448,0.004963867459801097,16.229795993032003,0.652972027972028,13.05942159357396,0.8627730294396961,0.0026387829938641395,8.62773029439696,0.7473776223776224,7.473776223776224,0.3497139297052507,0.879835162923833,0.20224719101123595,20.15730337078652,0.5112359550561798,10.225596006706882,0.6207865168539326,6.208397575500607,3.605551275463989
2019-09-23,265,6885750,1929,994,0.000280143775187888,0.07545120369199636,0.9626060173337059,0.004093761448833281,0.38724727838258166,0.10848097589311646,387.2332191581269,0.0,0.0,0.5018144116122343,0.07028753993610223,250.8980964826418,0.04024144869215292,20.119993852163226,0.6314152410575428,0.035377152981498156,126.2821312298346,0.28470824949698187,56.941236427832436,0.709694142042509,0.01988149525109646,70.96889887259589,0.43661971830985913,43.661654787419224,0.7584240539139451,0.010623388882837745,37.921202695697254,0.5311871227364185,26.559356136820924,0.8201140487299119,0.004594990240728692,16.40225715401638,0.6509054325955734,13.018089746070062,0.8921721099015034,0.0024993646298515047,8.921721099015034,0.7907444668008048,7.907444668008049,0.3616786917593136,0.8921411613076486,0.218562874251497,21.783433133732537,0.5149700598802395,10.300284508170622,0.6497005988023952,6.497563192654143,3.0
2019-09-24,266,6885750,1992,785,0.0002892931053262172,0.10533400508635707,0.9702066600002052,0.00360841336604017,0.44126506024096385,0.1276503049665989,441.2490398713647,0.0,0.0,0.5828313253012049,0.08430148126633749,291.40508264542336,0.01910828025477707,9.553793259100436,0.731425702811245,0.042318975282465365,146.28407833897384,0.3184713375796178,63.693805011439586,0.7911646586345381,0.02288768189607598,79.11589137344637,0.47006369426751593,47.006028098442414,0.8373493975903614,0.012111970373597647,41.867469879518076,0.5872611464968153,29.363057324840767,0.8805220883534136,0.005094571986244075,17.6104161919077,0.6968152866242038,13.936285493170287,0.9131526104417671,0.002641687543114403,9.131526104417672,0.7796178343949045,7.796178343949045,0.4248836540395935,0.9139631268202985,0.2476780185758514,24.685242518059855,0.6068111455108359,12.137263752661847,0.718266253869969,7.183278547493747,2.0
2019-09-25,267,6885750,2032,920,0.0002951022038267436,0.07533298409668093,0.9684876974004399,0.004137423346331643,0.3671259842519685,0.10833575370316584,367.1126555421133,0.0,0.0,0.5093503937007874,0.07515248329944815,254.66595072794053,0.0,0.0,0.6825787401574803,0.04028580557088501,136.51475674691017,0.29891304347826086,59.78217459497617,0.7623031496062992,0.022495570594556914,76.22976142788892,0.475,47.49965508728108,0.8184055118110236,0.012075663507969356,40.92027559055118,0.5989130434782609,29.945652173913043,0.8715551181102362,0.0051439492517892,17.43107704749384,0.716304347826087,14.32606615113939,0.9040354330708661,0.002667828486366772,9.040354330708663,0.7880434782608695,7.880434782608695,0.4344838874134907,0.924510881389783,0.25316455696202533,25.232067510548525,0.6265822784810127,12.532720324814903,0.75,7.500643224699828,2.23606797749979
2019-09-26,268,6885750,2456,1293,0.000356678647932324,0.0739002451085848,0.9462542558630553,0.004709795662603188,0.30903908794788276,0.11022364217252396,309.02786811459976,0.0,0.0,0.44543973941368076,0.07943653790299157,222.7117837400343,0.005413766434648105,2.7067849424468626,0.5973127035830619,0.042609428098405414,119.46167326082862,0.23511214230471772,47.02208701602457,0.6811889250814332,0.024296378053385227,68.11839787503963,0.39443155452436196,39.442869043046926,0.7740228013029316,0.013803870311875976,38.70114006514658,0.5707656612529002,28.53828306264501,0.8436482084690554,0.006018217306441119,16.87293966523898,0.703016241299304,14.060304406562768,0.8904723127035831,0.0031761246051628363,8.904723127035831,0.7919566898685229,7.919566898685228,0.3833308013371926,0.9073063662561094,0.22560975609756098,22.485772357723576,0.5853658536585366,11.708321131238757,0.7347560975609756,7.348191126636824,3.1622776601683795
2019-09-27,269,6885750,2889,1535,0.0004195621392005228,0.09208183814057712,0.9245367238176605,0.004631527020678987,0.32744894427137416,0.13738019169329074,327.4370560581782,0.0,0.0,0.44582900657667013,0.09352309032820215,222.90641025525025,0.0026058631921824105,1.30288429244627,0.578054690204223,0.04850562026198844,115.61009855278189,0.20586319218241042,41.17233946876274,0.6625129802699896,0.027796334485462836,66.25081695509716,0.36482084690553745,36.481819782448,0.7403946002076843,0.015532077115782595,37.01973001038422,0.511400651465798,25.570032573289904,0.8058151609553479,0.00676178083465006,16.116279813842734,0.634527687296417,12.69053531578592,0.857736240913811,0.0035987365210761353,8.577362409138109,0.7322475570032573,7.322475570032573,0.40265435198029437,0.896023417119036,0.21447721179624665,21.376228775692585,0.5522788203753352,11.046523712515922,0.67828418230563,6.78342354190905,3.1622776601683795
2019-09-28,270,6885750,3418,2024,0.0004963874668699851,0.08384667814400355,0.9218257172908302,0.005433281848334835,0.28671737858396723,0.14231774615161197,286.70696915256354,0.0,0.0,0.38911644236395554,0.09657275631716526,194.55115763923953,0.005928853754940711,2.964319252329582,0.5242832065535401,0.05204914461645706,104.85587991303956,0.1966403162055336,39.32777766743887,0.6067875950848449,0.030119957012983242,60.678318900570325,0.3359683794466403,33.59659398725934,0.6799297834991223,0.016875431144029337,33.99648917495612,0.45948616600790515,22.974308300395258,0.7796957284961966,0.007740612510456362,15.593891923310386,0.6279644268774703,12.559270298039843,0.8320655354008192,0.004130269033874306,8.320655354008192,0.7164031620553359,7.164031620553359,0.4395945107331543,0.903470057774372,0.20759493670886076,20.690295358649788,0.5721518987341773,11.444019367305728,0.6860759493670886,6.855468419511243,4.242640687119285
2019-09-29,271,6885750,3424,2052,0.0004972588316450641,0.06436732109678144,0.9415223769666611,0.0061812246348051745,0.24561915887850466,0.12213186174847517,245.6102415404681,0.0,0.0,0.3676985981308411,0.09141736857391809,183.84262431596275,0.0,0.0,0.5160630841121495,0.05132301257660693,103.21186736254998,0.19249512670565302,38.49874578737257,0.6147780373831776,0.03057015887769032,61.47735732828742,0.35721247563352826,35.720988179929236,0.7114485981308412,0.017688704934103038,35.57242990654205,0.5185185185185185,25.925925925925927,0.8031542056074766,0.007987498838181986,16.063060784173953,0.6715399610136452,13.43077971509233,0.8472546728971962,0.004213048687506807,8.472546728971961,0.7451267056530214,7.451267056530214,0.4190481259222317,0.8936750437380069,0.1937799043062201,19.313397129186605,0.5358851674641149,10.718622534818255,0.6578947368421053,6.579511600613885,4.47213595499958
2019-09-30,272,6885750,3597,1901,0.000522383182659841,0.07369293470337986,0.951719190008799,0.006395480336662632,0.2468723936613845,0.12895730467615452,246.863430823973,0.0,0.0,0.39505143174867946,0.10318036595991868,197.51854459508203,0.0,0.0,0.5821517931609674,0.06082081965784658,116.42951319405535,0.20936349289847447,41.87239452861456,0.6855713094245204,0.035812832205408235,68.55663312715868,0.4050499736980537,40.50470325004172,0.764525993883792,0.019968776095559672,38.226299694189606,0.554445028932141,27.722251446607046,0.8323603002502085,0.008696207826006134,16.64718182872442,0.6827985270910047,13.655950709629396,0.8562691131498471,0.004473005845405366,8.56269113149847,0.7280378748027354,7.280378748027353,0.4374081739726401,0.9076616214291848,0.20151133501259447,20.083963056255246,0.5919395465994962,11.839806265689065,0.6826196473551638,6.826781910641993,3.1622776601683795
2019-10-01,273,6885750,3831,2148,0.0005563664088879207,0.059222882807652165,0.9408671409716528,0.005540766214677215,0.19655442443226312,0.10935230903282021,196.54728841627298,0.0,0.0,0.3474288697468024,0.09664536741214058,173.70812807573662,0.0,0.0,0.5184025058731402,0.057683929245694036,103.67974831728993,0.14106145251396648,28.212085644312783,0.6282954842077787,0.034955996398385085,62.8290921952963,0.3370577281191806,33.7055280635024,0.7133907595927956,0.019845332752423485,35.669537979639784,0.4888268156424581,24.441340782122907,0.7974419211694075,0.008873385072962172,15.948815261328447,0.638733705772812,12.77465556314812,0.8261550509005482,0.004596449188541553,8.261550509005481,0.6899441340782123,6.899441340782124,0.4420899835947773,0.9162919761493848,0.21081081081081082,21.01081081081081,0.6135135135135135,12.271322609058458,0.7054054054054054,7.054659032960919,4.0
2019-10-02,274,6885750,4428,2877,0.0006430672040082779,0.043295972152723405,0.9113893485841007,0.005330134617133648,0.13911472448057813,0.08945686900958466,139.10967384434227,0.0,0.0,0.26196928635953026,0.08422887017136219,130.97988771058203,0.0,0.0,0.4232158988256549,0.05443085770716547,84.64256514388317,0.11226972540841154,22.45378203639286,0.5196476964769647,0.03341659647390281,51.96439231485463,0.26068821689259647,26.06863239519295,0.6070460704607046,0.019518570961768872,30.352303523035236,0.39520333680917624,19.760166840458812,0.7149954832881662,0.009195789571521517,14.299888898397535,0.5613486270420577,11.226956236217493,0.7667118337850045,0.0049304723523218245,7.667118337850046,0.6409454292665971,6.409454292665972,0.4327280083006876,0.9184051502413526,0.21176470588235294,21.10588235294118,0.6441176470588236,12.883457774190294,0.7323529411764705,7.324157501765716,5.656854249492381
2019-10-03,275,6885750,4180,2547,0.000607050793305014,0.047800709886291724,0.9046550955362682,0.004515335001586127,0.15598086124401914,0.09468486784780715,155.97519827345408,0.0,0.0,0.2966507177033493,0.09003775776938716,148.31997381831522,0.0,0.0,0.4583732057416268,0.055650759534113685,91.67397546938356,0.1111111111111111,22.2220608595467,0.5461722488038278,0.03315518893955677,54.61682828721364,0.2552021986650962,25.520034556016526,0.6368421052631579,0.01932977526050176,31.842105263157894,0.4040047114252061,20.200235571260304,0.7117224880382775,0.008641021470396876,14.234429088465381,0.5268943855516294,10.537872407147889,0.7454545454545455,0.004525287731910104,7.454545454545454,0.5822536317235963,5.822536317235964,0.46158465020601963,0.9097217876407709,0.23939393939393938,23.85959595959596,0.6393939393939394,12.788975518478091,0.7242424242424242,7.2430453765788245,5.0
2019-10-04,276,6885750,3696,1598,0.0005367607014486439,0.09337952165075172,0.9744251833915558,0.007115433679336282,0.25865800865800864,0.13883241359279697,258.64861793739226,0.0,0.0,0.44237012987012986,0.1187191402846355,221.1770346901864,0.0,0.0,0.6493506493506493,0.06970867582561213,129.8691868415067,0.18898623279098872,37.79697210028031,0.7775974025974026,0.04173806965058526,77.75917562135213,0.4856070087609512,48.56034826128728,0.8647186147186147,0.023207348509603164,43.23593073593074,0.6871088861076345,34.355444305381724,0.9107142857142857,0.009776698577934752,18.214259262179173,0.7934918648310388,15.869814249292236,0.9388528138528138,0.005039392949206695,9.38852813852814,0.8585732165206508,8.585732165206508,0.49616761632831013,0.9202127522556242,0.23615160349854228,23.536443148688047,0.6559766763848397,13.120658702098826,0.7638483965014577,7.639139066555316,2.23606797749979
2019-10-05,277,6885750,3478,1493,0.0005051011146207748,0.08323510091788089,0.974185284508232,0.006037078791124238,0.24381828637147787,0.12314841707812954,243.80943441510365,0.0,0.0,0.4355951696377228,0.11000580888759802,217.78967755830308,0.0,0.0,0.6653248993674525,0.0672107816085277,133.06401364603784,0.2203616878767582,44.0720175519878,0.776595744680851,0.039225652792703826,77.65901055703289,0.4795713328868051,47.956785056570304,0.8266244968372628,0.02087644773626693,41.33122484186314,0.5961152042866711,29.805760214333556,0.8786658999424957,0.008876289617994238,17.57329247760317,0.7173476222371065,14.346931609057405,0.9401955146635997,0.004748938024180372,9.401955146635999,0.8606831882116543,8.606831882116545,0.5104803240848983,0.9188358906846308,0.24925816023738873,24.84272997032641,0.655786350148368,13.116851850909294,0.7596439169139466,7.590580732762238,2.23606797749979
2019-10-06,278,6885750,3716,1715,0.0005396652506989072,0.08010830758808453,0.9768947595937715,0.00735584291790056,0.2271259418729817,0.12256752831832704,227.11769594131334,0.0,0.0,0.4192680301399354,0.11312808597153645,209.62640419227853,0.0,0.0,0.639935414424112,0.06906967963054401,127.98615352960668,0.21982507288629738,43.96469533320231,0.7629171151776103,0.04117168665950217,76.29115753919996,0.4862973760932945,48.629384493223775,0.8153928955866523,0.02200196057074393,40.769644779332616,0.6,30.0,0.8907427341227125,0.009614044056139047,17.81482881043042,0.763265306122449,15.26528395306445,0.9467168998923574,0.005109102131213013,9.467168998923574,0.8845481049562682,8.845481049562682,0.5387315889864214,0.9252189414569854,0.24507042253521127,24.425352112676055,0.6591549295774648,13.184229217500544,0.7605633802816901,7.606286087019544,2.23606797749979
2019-10-07,279,6885750,4079,1936,0.0005923828195911847,0.09065750601115621,0.9735087707264466,0.007512316083501672,0.24197107134101495,0.14333430148126633,241.96228644879375,0.0,0.0,0.41823976464819806,0.12387452802788267,209.11229011228073,0.0,0.0,0.6217210100514832,0.07365883412239682,124.34329910720616,0.20299586776859505,40.59887875011192,0.7384162784996323,0.04374219408057161,73.84109166224466,0.44886363636363635,44.88603770209575,0.7994606521206178,0.02367933776277094,39.97303260603089,0.5774793388429752,28.873966942148765,0.8894336847266487,0.01053768937633609,17.78864786053107,0.7670454545454546,15.340886811728447,0.9340524638391763,0.005533166321751443,9.340524638391763,0.8610537190082644,8.610537190082644,0.50198996644898,0.9261510517867704,0.23595505617977527,23.51685393258427,0.6601123595505618,13.203379459209435,0.7528089887640449,7.528735521421551,2.8284271247461903
2019-10-08,280,6885750,4047,1749,0.0005877355407907636,0.11376593640906016,0.9601066574778379,0.00595663906664249,0.2987398072646405,0.17557362765030496,298.72896135238136,0.0,0.0,0.4726958240672103,0.1389050246877723,236.3393312932612,0.0,0.0,0.6604892512972572,0.07763803770077551,132.09689105463676,0.2144082332761578,42.88133527785599,0.744749196936002,0.04377123936216561,74.47437890734665,0.4093767867352773,40.937381411926516,0.8070175438596491,0.02371564462839923,40.35087719298245,0.5534591194968553,27.672955974842772,0.8623671855695577,0.010136862161910959,17.247318663547908,0.6815323041738136,13.630626288063592,0.9088213491475167,0.00534146607123407,9.088213491475166,0.7890222984562607,7.890222984562609,0.5288975043587002,0.9173067416468786,0.239247311827957,23.844982078853047,0.6693548387096774,13.38824489570077,0.7446236559139785,7.446875172909866,2.23606797749979
2019-10-09,281,6885750,3934,1727,0.0005713248375267763,0.09714760234293525,0.9750650129069467,0.008795652330172534,0.2529232333502796,0.14449607900087133,252.91405083382045,0.0,0.0,0.4445856634468734,0.1269968051118211,222.2847612604784,0.0,0.0,0.6652262328418912,0.07601150193151122,133.0442804842154,0.2374059061957151,47.48083646307314,0.7885104219623793,0.04504923175230184,78.85046963355678,0.5182397220613781,51.823595895671296,0.8779867819013727,0.025080782776022947,43.89933909506863,0.7220613781123335,36.103068905616674,0.922216573462125,0.01053768937633609,18.44430468304683,0.8228141285466126,16.456258671925358,0.934926283680732,0.00534146607123407,9.34926283680732,0.8517660683265779,8.51766068326578,0.5148021496758413,0.9263621412958929,0.23218997361477572,23.14160070360598,0.6754617414248021,13.510393424965038,0.7678100263852242,7.678758763017238,2.23606797749979
2019-10-10,282,6885750,4086,1915,0.0005933994118287768,0.08732199995490016,0.9655276633414356,0.008354624673502897,0.22295643661282427,0.13229741504501888,222.94834205732715,0.0,0.0,0.39941262848751835,0.11850130699970955,199.69906379668382,0.0,0.0,0.6231032794909447,0.07394928693833687,124.6197509876782,0.195822454308094,39.16420647570241,0.7515907978463044,0.04459902988759476,75.15853403047127,0.4699738903394256,46.99704777084289,0.8455702398433675,0.025088044149148604,42.27851199216838,0.6704960835509138,33.52480417754569,0.9060205580029369,0.010752625708708987,18.12038484428363,0.7994778067885118,15.989532914577316,0.9278022515907979,0.005505573103873942,9.278022515907978,0.8459530026109661,8.459530026109661,0.4947453370854827,0.9144763572431867,0.24202127659574468,24.12145390070922,0.6622340425531915,13.245816758512463,0.7393617021276596,7.394251122221816,2.8284271247461903
2019-10-11,283,6885750,4210,2085,0.0006114076171804088,0.07786086591871894,0.9368988907477936,0.0075385063483852524,0.2033254156769596,0.12431019459773453,203.31803383642531,0.0,0.0,0.373396674584323,0.11414464130119083,186.6915591068111,0.0,0.0,0.5912114014251781,0.07229370588747858,118.24142168995384,0.17458033573141488,34.91581360953237,0.7099762470308789,0.04340817334224055,70.99710916658738,0.4143884892086331,41.43854802010435,0.8061757719714965,0.024645100388483464,40.30878859857483,0.6086330935251798,30.431654676258994,0.8712589073634204,0.010653871177618738,17.4251528411611,0.7400479616306954,14.800937737587605,0.9033254156769597,0.0055230003993755215,9.033254156769596,0.8047961630695444,8.047961630695443,0.5138101892129473,0.909751603780683,0.23857868020304568,23.77834179357022,0.6598984771573604,13.199101444480238,0.733502538071066,7.335654456643825,3.0
2019-10-12,284,6885750,3952,1754,0.0005739389318520132,0.08552019108265252,0.9580877529881079,0.005980443565170279,0.22241902834008098,0.1276503049665989,222.41095329548546,0.0,0.0,0.4142206477732793,0.11886436247458612,207.10280463294066,0.0,0.0,0.6384109311740891,0.07328124546167475,127.68125909355439,0.18529076396807298,37.05788370249378,0.7451923076923077,0.04276917714717244,74.51868966122031,0.4258836944127708,42.58806019348132,0.8097165991902834,0.0232363940021058,40.48582995951418,0.5712656784492588,28.563283922462944,0.8636133603238867,0.009913212194441863,17.272242122438783,0.6927023945267959,13.854027770682931,0.8838562753036437,0.005072795265584722,8.838562753036438,0.7383124287343216,7.3831242873432155,0.5143319681222702,0.9099984918765318,0.24289405684754523,24.208440999138674,0.6382428940568475,12.765952637387477,0.7493540051679587,7.4941827223529724,2.23606797749979
2019-10-13,285,6885750,3717,1563,0.0005398104781614203,0.08812080163245109,0.9693574553873259,0.006346179894344577,0.24455205811138014,0.13200697066511763,244.54317951502117,0.0,0.0,0.43422114608555284,0.11719430729015394,217.10269072455677,0.0,0.0,0.6572504708097928,0.07095762293415435,131.44913966070845,0.18490083173384517,36.9798978219328,0.7734732311003497,0.041752592291382264,77.3467614663399,0.46129238643634035,46.1289036844525,0.847457627118644,0.022873325345822895,42.3728813559322,0.6372360844529751,31.86180422264875,0.9066451439332796,0.009788316758063017,18.132876544749102,0.7779910428662828,15.559798260225469,0.9367769706752758,0.0050568202447082745,9.367769706752759,0.8496481126039668,8.496481126039667,0.5130314339892479,0.9077805454227947,0.2493150684931507,24.84840182648402,0.6575342465753424,13.151812777555865,0.736986301369863,7.370495077421933,2.23606797749979
2019-10-14,286,6885750,3493,1414,0.0005072795265584722,0.08511199134020865,0.9693826373732565,0.0046670187504741535,0.25135986258230747,0.12750508277664827,251.35073682488,0.0,0.0,0.4457486401374177,0.11305547487656113,222.86622849449782,0.0,0.0,0.659032350415116,0.06686223822939963,131.80551299401333,0.15770862800565771,31.54149656655603,0.7649584884053822,0.038804496209590755,76.49529337967064,0.41937765205091937,41.93746068154199,0.8179215574005153,0.02074574302000508,40.89607787002576,0.5502121640735502,27.51060820367751,0.8703120526767821,0.008829816897481179,17.406215774930153,0.6796322489391796,13.592625238558869,0.9298597194388778,0.004716987982427477,9.298597194388778,0.8267326732673267,8.267326732673267,0.4860844741379494,0.907509756621241,0.25142857142857145,25.059047619047618,0.6542857142857142,13.086836559666748,0.7342857142857143,7.337194271024605,2.0
2019-10-15,287,6885750,3774,1785,0.0005480884435246705,0.07657856487424342,0.9567727984530932,0.004645043895179056,0.23608903020667726,0.12939297124600638,236.08045886517976,0.0,0.0,0.40063593004769477,0.10978797560267209,200.31069237045557,0.0,0.0,0.5951245363010069,0.06523570246013535,119.02404298221437,0.14397759103641455,28.795309113799167,0.6894541600423953,0.03778791135380057,68.94491536948391,0.3434173669467787,34.34148732832469,0.7448330683624801,0.02041171985622481,37.241653418124,0.46050420168067224,23.025210084033613,0.8224695283518813,0.009015707779533413,16.449366678039798,0.6246498599439776,12.492979055643076,0.890302066772655,0.004879642740442218,8.903020667726551,0.7680672268907563,7.680672268907562,0.48093558944105796,0.908092114041934,0.24119241192411925,24.03884372177055,0.6395663956639567,12.79242493968679,0.7018970189701897,7.019572159701014,2.8284271247461903
2019-10-16,288,6885750,4146,2200,0.0006021130595795665,0.07070552166308597,0.9367423073898358,0.003867483562275415,0.2151471297636276,0.12953819343595702,215.13931872929115,0.0,0.0,0.37071876507477086,0.1116032529770549,185.35265296352046,0.0,0.0,0.5236372407139411,0.06305730634058497,104.72668768323275,0.10227272727272728,20.454396927537303,0.6039556198745779,0.03636469255569433,60.39512343593155,0.25363636363636366,25.363452190146255,0.665460684997588,0.020034128453690594,33.2730342498794,0.36954545454545457,18.477272727272727,0.7636275928605886,0.009195789571521517,15.27252967730446,0.5545454545454546,11.09089298388664,0.8113844669561022,0.004885451838942744,8.113844669561024,0.6445454545454545,6.445454545454545,0.45632296318864757,0.9044403938080319,0.22702702702702704,22.627027027027026,0.6,12.001029159519724,0.6756756756756757,6.757336238468314,3.605551275463989
2019-10-17,289,6885750,4651,2338,0.0006754529281487129,0.09707340690483066,0.9438699077000247,0.007051911561909791,0.2438185336486777,0.16468196340400812,243.80968168332592,0.0,0.0,0.3990539668888411,0.1347661922741795,199.51973950804805,0.0,0.0,0.5749301225542894,0.07766708298236952,114.98518956049256,0.1544054747647562,30.880870715426536,0.6824338851859815,0.04609486188968602,68.24289298148904,0.36826347305389223,36.82607989748234,0.7759621586755536,0.026206295610499947,38.798107933777686,0.5543199315654406,27.71599657827203,0.8385293485271984,0.01132772562505809,16.770562615081435,0.6787852865697177,13.575686015770035,0.8585250483766932,0.005798932578150528,8.58525048376693,0.718562874251497,7.185628742514971,0.49839092872799573,0.8838067679867286,0.22748815165876776,22.67298578199052,0.5924170616113744,11.84935738499183,0.6729857819905213,6.730434994675359,3.0
2019-10-18,290,6885750,5512,3040,0.0008004937733725447,0.09256146057177228,0.9313054135165315,0.007712607412036304,0.21153846153846154,0.16932907348242812,211.5307815188007,0.0,0.0,0.35250362844702465,0.14108335753703166,176.2454153049013,0.0,0.0,0.5206821480406386,0.08335995817479451,104.13567344014719,0.13092105263157894,26.184020394373775,0.6322568940493469,0.050611403177553804,63.2252303029465,0.33322368421052634,33.322126456659085,0.7244194484760522,0.028994662890752643,36.220972423802614,0.500328947368421,25.01644736842105,0.7977140783744557,0.012771284505994981,15.954258397524482,0.6332236842105263,12.664455291943463,0.8363570391872278,0.006694986021856733,8.36357039187228,0.7032894736842106,7.032894736842105,0.50257045393674,0.863037476430851,0.19678714859437751,19.613119143239626,0.5602409638554217,11.205780239310588,0.6305220883534136,6.305761640042158,3.605551275463989
2019-10-19,291,6885750,6051,3394,0.0008787713756671387,0.09270560789248991,0.9179881478515711,0.0074331644842668895,0.20261113865476782,0.17804240487946557,202.60378274645183,0.0,0.0,0.3411006445215667,0.14986930002904444,170.54413033795947,0.0,0.0,0.49793422574781027,0.08751343344273722,99.58612201757194,0.10489098408956983,20.978044488505486,0.6046934391009751,0.05313834267623225,60.46890482281709,0.29522687094873307,29.522472721183284,0.6983969591803008,0.03068656282903097,34.91984795901504,0.462286387743076,23.1143193871538,0.7759048091224591,0.013636838925550702,15.518073645944595,0.6004714201532115,12.009410962101427,0.8235002478929102,0.007236684457030825,8.235002478929102,0.6853270477312905,6.853270477312905,0.4702964824552806,0.8601208284420594,0.17164179104477612,17.106965174129353,0.5335820895522388,10.672557026189807,0.6268656716417911,6.269194337062544,4.0
2019-10-20,292,6885750,5951,3151,0.0008642486294158225,0.08998271812285581,0.9062522806302667,0.005674602338614528,0.18971601411527475,0.163955852454255,189.7091263715151,0.0,0.0,0.33607797008906065,0.14522218995062444,168.032884297179,0.0,0.0,0.5138632162661737,0.08882047111446746,102.7718969881439,0.08187876864487464,16.375634819380334,0.6240967904553857,0.053937087920067385,62.409225868863054,0.2900666455093621,29.006453924251215,0.6995462947403798,0.030229096322114513,34.97731473701899,0.43256109171691526,21.628054585845764,0.7292891950932616,0.01260572543916721,14.585762719332148,0.48873373532211994,9.774660510950971,0.7773483448159973,0.006718222415858839,7.773483448159974,0.5794985718819422,5.794985718819422,0.4444652795145777,0.8622289528578522,0.16824196597353497,16.768115942028984,0.5255198487712666,10.511298381683943,0.6200378071833649,6.200909836676859,3.1622776601683795
2019-10-21,293,6885750,5129,2457,0.000744871655230004,0.08297104373042383,0.896379128563589,0.0035022525332068055,0.19925911483720024,0.1484170781295382,199.25188062594418,0.0,0.0,0.35387015012673034,0.13178913738019168,176.92865133859522,0.0,0.0,0.5363618639110938,0.0799035696651079,107.27159384315009,0.032153032153032154,6.430559735912782,0.6357964515500097,0.04735833163902524,63.57918348282668,0.23972323972323972,23.972149901598915,0.6979918112692532,0.02599571578985586,34.89959056346266,0.36955636955636956,18.477818477818477,0.7514135309027101,0.011194116553583046,15.02824879290982,0.4810744810744811,9.621475648464681,0.7831936049912264,0.005833787169153687,7.831936049912263,0.5474155474155474,5.4741554741554745,0.4657242737249948,0.8708010045503507,0.1700404858299595,16.94736842105263,0.562753036437247,11.256025999819444,0.6882591093117408,6.883181366796063,2.8284271247461903
2019-10-22,294,6885750,4236,2025,0.000615183531205751,0.06500414802931768,0.89984743127394,0.003013092881777607,0.19452313503305005,0.11966308451931455,194.51607276413367,0.0,0.0,0.34206798866855526,0.10521347661922742,171.0277848514743,0.0,0.0,0.5193578847969783,0.06389961950681111,103.87082271459505,0.03259259259259259,6.518471185467031,0.6333805476864967,0.03896424525835778,63.33759485074058,0.23308641975308642,23.3084727237912,0.7039660056657224,0.021653414660712342,35.19830028328612,0.38074074074074077,19.037037037037035,0.7700661000944287,0.00947462589459987,15.401299634971922,0.5190123456790123,10.380231838632943,0.7948536355051936,0.004889808662818139,7.948536355051936,0.5708641975308641,5.708641975308642,0.4867451096609663,0.8787620962939914,0.17849462365591398,17.78996415770609,0.5849462365591398,11.699928069495932,0.7311827956989247,7.312455043434957,2.8284271247461903
2019-10-23,295,6885750,3606,1748,0.0005236902298224594,0.05673990123362302,0.8778023855596527,0.0020465998046907403,0.204381586245147,0.10702875399361023,204.37416605976196,0.0,0.0,0.3505268996117582,0.09178042404879466,175.25708677037935,0.0,0.0,0.5174708818635607,0.05419849545441343,103.49342486833812,0.02745995423340961,5.491950967576758,0.6075984470327233,0.03181910598623253,60.75940350657257,0.19050343249427917,19.050204918781883,0.6841375485302273,0.017913807500998438,34.20687742651137,0.34839816933638446,17.41990846681922,0.7323904603438713,0.007670903429686774,14.647787934266695,0.44794050343249425,8.958797058016247,0.757071547420965,0.003964709726609302,7.570715474209651,0.4988558352402746,4.9885583524027455,0.4164334051865866,0.860283523446318,0.1875,18.6875,0.5649038461538461,11.29904588336192,0.6706730769230769,6.707305960548886,2.8284271247461903
2019-10-24,296,6885750,3217,1489,0.0004671967469048397,0.05713114759261217,0.9355833839742486,0.00282651348311376,0.2154180913894933,0.10063897763578275,215.41027051774668,0.0,0.0,0.3686664594342555,0.0861167586407203,184.3265373983027,0.0,0.0,0.5551756294684489,0.05187487292689302,111.03431963206516,0.03895231699126931,7.790406829203074,0.6658377370220703,0.03110749658717941,66.58329021609283,0.2780389523169913,27.80369333870752,0.7379546161019583,0.017238499800312237,36.897730805097915,0.4338482202820685,21.692411014103424,0.793285669878769,0.007412398921832884,15.865690356235866,0.5533915379449295,11.067814685392166,0.8228162884675163,0.003844170932723378,8.228162884675164,0.6171927468099395,6.171927468099396,0.4228124852138135,0.8853665223243679,0.19240506329113924,19.17637130801688,0.5848101265822785,11.69720563649391,0.6784810126582278,6.785392014243221,2.23606797749979
2019-10-25,297,6885750,3123,1705,0.00045354536542860255,0.04945898535346993,0.9164590737545234,0.003325329297898745,0.2017291066282421,0.09148997966889341,201.72178274258175,0.0,0.0,0.32628882484790267,0.07399070577984317,163.13848937673873,0.0,0.0,0.48959333973743197,0.04441023555723373,97.91795692866543,0.06510263929618769,13.020433313012992,0.6131924431636248,0.02781085712625984,61.3187990576829,0.29149560117302054,29.149348453006567,0.7050912584053795,0.015989543622699054,35.254562920268974,0.45982404692082113,22.991202346041057,0.7415946205571565,0.006726926294265266,14.831870871193422,0.5266862170087977,10.533709042337602,0.787383925712456,0.0035711433031986347,7.873839257124559,0.6105571847507332,6.105571847507332,0.3936131727525807,0.8759590622502442,0.1875,18.687500000000004,0.5525,11.050947684391081,0.6575,6.575563893653516,3.605551275463989
2019-10-26,298,6885750,3156,1548,0.0004583378716915369,0.06933417725093481,0.9294179125785785,0.0028560499991989335,0.2576045627376426,0.11806564042985768,257.59521026295704,0.0,0.0,0.3976552598225602,0.09112692419401684,198.8204113653205,0.0,0.0,0.564638783269962,0.05175869180051701,112.92693664936945,0.1124031007751938,22.480456916053058,0.6489226869455006,0.029742368352261177,64.89179749099569,0.2842377260981912,28.423566215699264,0.7069074778200254,0.016200123443343137,35.345373891001266,0.4024547803617571,20.122739018087852,0.758871989860583,0.006956385351798495,15.177417755432979,0.5083979328165374,10.167943889683848,0.8016476552598225,0.0036742548015829793,8.016476552598226,0.5956072351421189,5.956072351421189,0.3838649435581752,0.8852920790986161,0.1842818428184282,18.366757000903345,0.5691056910569106,11.383089988704347,0.6802168021680217,6.802751398011408,2.8284271247461903
2019-10-27,299,6885750,3262,1636,0.00047373198271793195,0.07763532564358797,0.9493725825765574,0.004080242916872449,0.27774371551195587,0.13157130409526577,277.73363187430294,0.0,0.0,0.40772532188841204,0.09657275631716526,203.85525959868815,0.0,0.0,0.5677498467198038,0.05379186151209736,113.54914482125211,0.13814180929095354,27.628161239803173,0.6646229307173513,0.03148508524790148,66.46181046773073,0.3312958435207824,33.12934378755159,0.7427958307786634,0.017594307083469485,37.139791538933174,0.4871638141809291,24.358190709046458,0.7939914163090128,0.007522771633051399,15.87980526434202,0.589242053789731,11.78482396099382,0.8494788473329246,0.004024252986239698,8.494788473329248,0.6998777506112469,6.99877750611247,0.35258407230754085,0.8853881289931951,0.20440251572327045,20.372117400419288,0.5849056603773585,11.699116476261368,0.6855345911949685,6.855933848991878,3.0
2019-10-28,300,6885750,2648,1230,0.00038456232073485097,0.07441340391718687,0.9573316548076924,0.004251868834126513,0.30702416918429004,0.11806564042985768,307.01302250373584,0.0,0.0,0.452416918429003,0.08698809178042405,226.20024659254338,0.0,0.0,0.6197129909365559,0.047663307095762296,123.94169820039473,0.18130081300813009,36.25989930496766,0.7284743202416919,0.028014174097417875,72.84690305562505,0.41544715447154473,41.544413777664744,0.8009818731117825,0.01540137239952075,40.049093655589125,0.5715447154471545,28.577235772357724,0.8685800604229608,0.0066804535737522075,17.37157598016022,0.7170731707317073,14.341442586920987,0.8829305135951662,0.0033954180735577097,8.82930513595166,0.7479674796747967,7.479674796747966,0.40382072028608856,0.9086104862789516,0.2689393939393939,26.804292929292924,0.6590909090909091,13.182948697957272,0.7462121212121212,7.462761188211445,2.23606797749979
2019-10-29,301,6885750,2497,1148,0.0003626329738953636,0.07430110034224921,0.9676643021334141,0.004354071696850079,0.32438926712054467,0.11762997386000582,324.3774899906027,0.0,0.0,0.4657589106928314,0.08444670345628812,232.87100053029073,0.0,0.0,0.6339607529034842,0.04597868076331,126.79122990226746,0.2038327526132404,40.7662545036632,0.7428914697637164,0.02693949867843969,74.28860753907333,0.44076655052264807,44.07633499755038,0.8109731678013616,0.014704280579457576,40.548658390068084,0.5888501742160279,29.44250871080139,0.8770524629555466,0.006360953620224928,17.54102378472719,0.7325783972125436,14.65154666618143,0.9042851421706047,0.003279236103547181,9.042851421706048,0.7918118466898955,7.918118466898956,0.41585418209845765,0.9120956781824843,0.28517110266159695,28.422053231939167,0.6425855513307985,12.852813231678287,0.7110266159695817,7.098699802073025,2.23606797749979
2019-10-30,302,6885750,2217,1116,0.00032196928439167847,0.04949744259816093,0.9316329171638456,0.003008030832200281,0.2629679747406405,0.08466453674121406,262.95842754434585,0.0,0.0,0.40956247180875055,0.06593087423758351,204.77380120949059,0.0,0.0,0.6080288678394227,0.03915303958871881,121.60489054940034,0.22132616487455198,44.26491155087125,0.6914749661705006,0.022263208341804872,69.14699451492237,0.3870967741935484,38.70939633598457,0.7207938655841227,0.011603674254801582,36.03969327920613,0.4453405017921147,22.267025089605735,0.7604871447902571,0.0048970629240635746,15.209720807113559,0.5241935483870968,10.483855742304268,0.8276950834460983,0.0026649239371165086,8.276950834460983,0.6577060931899642,6.577060931899641,0.39947574045971257,0.88744151490618,0.25925925925925924,25.839506172839506,0.6074074074074074,12.149190013340958,0.6777777777777778,6.778359062321326,3.0
2019-10-31,303,6885750,2702,1351,0.0003924046037105617,0.08079435846612731,0.9354186162512985,0.003622828798126296,0.33123612139156183,0.12997386000580888,331.22409568282694,0.0,0.0,0.47187268689859363,0.0925791460935231,235.92777765117566,0.0,0.0,0.612139156180607,0.04804089575648436,122.42694224841308,0.22427831236121393,44.855336760905885,0.6850481125092525,0.02688140811525168,68.5043138155419,0.3700962250185048,37.00935376312366,0.7176165803108808,0.014079802490650982,35.88082901554404,0.43523316062176165,21.761658031088082,0.7553663952627683,0.005928176410447067,15.107305965298258,0.5107327905255367,10.214640976046839,0.8234641006661733,0.0032313110409178374,8.23464100666173,0.6469282013323464,6.469282013323464,0.4227633350823319,0.8836499071230666,0.2704626334519573,26.95610913404508,0.608540925266904,12.17186231481538,0.6832740213523132,6.833326211826179,3.0
2019-11-01,304,6885750,2887,1392,0.0004192716842754965,0.0980155892242775,0.9582043319843875,0.005730253442498837,0.33529615517838585,0.14057507987220447,335.2839820679016,0.0,0.0,0.485278836162106,0.10172814406041243,242.63060892413748,0.0,0.0,0.6581226186352616,0.0551860350286096,131.62356795921323,0.29094827586206895,58.18923263868371,0.7544163491513682,0.031630311655871504,75.44108710925431,0.4906609195402299,49.06573566940862,0.7866297194319363,0.01649057836836946,39.33148597159681,0.5574712643678161,27.873563218390807,0.8046414963630066,0.00674725810948973,16.092806556085524,0.5948275862068966,11.896534447102827,0.8320055420852096,0.003488363649566133,8.320055420852096,0.6515804597701149,6.51580459770115,0.4523278159736715,0.9076278621567501,0.2992125984251969,29.821522309711288,0.6535433070866141,13.07198714225902,0.7125984251968503,7.126595399846032,2.8284271247461903
2019-11-02,305,6885750,2929,1425,0.0004253712377010493,0.09582100016311455,0.9769455029496762,0.008137773528358996,0.33458518265619663,0.14231774615161197,334.57303535795904,0.0,0.0,0.4936838511437351,0.10499564333430148,246.8329638406167,0.015438596491228071,7.719017992265008,0.6773642881529532,0.05762583868250603,135.47187391876608,0.3368421052631579,67.36793186894158,0.7838852850802321,0.033343983269917804,78.38795930380215,0.5557894736842105,55.5785437918768,0.8426083987709115,0.017921068874124098,42.13041993854558,0.6764912280701755,33.824561403508774,0.8934790030727211,0.007601194348917185,17.869554109954425,0.7810526315789473,15.62102994555354,0.9330829634687606,0.003969066550484696,9.330829634687605,0.8624561403508771,8.624561403508773,0.449915142543335,0.9190038462999669,0.27611940298507465,27.519900497512438,0.6529850746268657,13.060821535546966,0.75,7.50064322469983,2.8284271247461903
2019-11-03,306,6885750,3451,1796,0.0005011799731329194,0.08619606816143337,0.9663938416563488,0.007387623009824165,0.28223703274413214,0.14144641301190822,282.22678597413704,0.0,0.0,0.43494639235004345,0.10898925355794366,217.46530069157072,0.0,0.0,0.6166328600405679,0.06180835923204275,123.3256764943606,0.2633630289532294,52.672223317979004,0.7168936540133295,0.03592901333178425,71.68884484188159,0.45601336302895323,45.60100517698182,0.7852796290930165,0.019678321170533346,39.263981454650825,0.5874164810690423,29.370824053452115,0.8443929295856274,0.00846384422344084,16.88783406593966,0.7010022271714922,14.020024182504478,0.878875688206317,0.00440474893802418,8.788756882063169,0.767260579064588,7.672605790645878,0.4249234533122495,0.9086778100141497,0.26013513513513514,25.9268018018018,0.6013513513513513,12.028058504473599,0.7027027027027027,7.027629688007046,3.1622776601683795
2019-11-04,307,6885750,4607,2620,0.0006690629197981338,0.09947897891048096,0.961267289657329,0.01069709127330375,0.2515736922075103,0.16831251815277373,251.5645586868812,0.0,0.0,0.390275667462557,0.13055474876561138,195.1307491453893,0.0,0.0,0.5775993054048187,0.07728949432164745,115.51902225424004,0.25725190839694656,51.45000808168331,0.6911222053397005,0.046240088297656044,69.11171868799329,0.4568702290076336,45.686691152652024,0.7727371391360972,0.0258504883273427,38.63685695680486,0.600381679389313,30.01908396946565,0.821141740829173,0.010987893856306347,16.42281096615182,0.6854961832061068,13.709903753576803,0.8489255480790102,0.005679846058889736,8.489255480790101,0.7343511450381679,7.343511450381679,0.44722017150631493,0.8992047724166929,0.25,24.916666666666668,0.5595238095238095,11.191435922568,0.6488095238095238,6.48865167851017,4.0
2019-11-05,308,6885750,8168,5690,0.001186217913807501,0.10282493910596786,0.9773823388194793,0.027035255370941057,0.1538932419196866,0.18254429276793493,153.88765474128402,0.0,0.0,0.2594270323212537,0.1538629102526866,129.70880684040608,0.0,0.0,0.45604799216454456,0.10819367393766882,91.20893613079126,0.21915641476274164,43.83096467955934,0.6356513222331048,0.07540155101803712,63.56467065651923,0.47697715289982423,47.697368941589424,0.7667727717923605,0.045477979885996445,38.33863858961802,0.6652021089630932,33.260105448154654,0.9015670910871695,0.021389069616135327,18.03131563532123,0.8586994727592268,17.173964513871656,0.9455190989226249,0.011215916929891443,9.45519098922625,0.9217926186291739,9.21792618629174,0.4880530194489535,0.9178249599131153,0.25217391304347825,25.133333333333336,0.6086956521739131,12.174957118353346,0.7246376811594203,7.246998284734134,5.385164807134504
2019-11-06,309,6885750,9104,6285,0.0013221508187198198,0.10182539952492414,0.9757337932668653,0.02483080655463781,0.13927943760984182,0.1841417368573918,139.27438099360563,0.0,0.0,0.24802284710017575,0.163955852454255,124.00692124746116,0.0,0.0,0.43014059753954303,0.1137413227221238,86.0274948301696,0.1745425616547335,34.90825884905403,0.5925966608084359,0.07834964709982863,59.259235777421466,0.4098647573587908,40.98617811994675,0.7239674868189807,0.04785971027121229,36.19837434094904,0.600159108989658,30.007955449482896,0.8894991212653779,0.023521005669671902,17.789956589405023,0.8399363564041369,16.798702731753025,0.9365114235500879,0.012382093453872128,9.36511423550088,0.9080350039777247,9.080350039777247,0.4829469962237105,0.92875025449178,0.2552552552552553,25.44044044044044,0.6276276276276276,12.553629100798911,0.7417417417417418,7.418053559562994,5.656854249492381
2019-11-07,310,6885750,10005,5463,0.0014530007624441782,0.1658265200250779,0.9834496876721807,0.026256830320543215,0.17561219390304847,0.25515538774324714,175.6058182062033,0.0,0.0,0.32223888055972016,0.23409817020040663,161.1135907503698,0.0,0.0,0.5600199900049975,0.16274071277121033,112.0031847040841,0.19421563243639026,38.842844434891354,0.7160419790104947,0.10404019866972611,71.60367796002664,0.47995606809445357,47.9952582979666,0.8359820089955022,0.06073412482300403,41.79910044977512,0.6996155958264689,34.98077979132345,0.9371314342828586,0.027233014220652475,18.74260146625265,0.8848617975471352,17.697210249733324,0.9736131934032983,0.014146607123407037,9.736131934032985,0.9516749038989566,9.516749038989566,0.5170656450355008,0.9234268790178966,0.26,25.913333333333334,0.6657142857142857,13.292627201565557,0.7714285714285715,7.71494731683411,3.1622776601683795
2019-11-08,311,6885750,7578,2567,0.0011005337109247359,0.1773670002685263,0.9830821146428276,0.012485004811762271,0.21140142517814728,0.23264594830090038,211.39375013366652,0.0,0.0,0.4059118500923727,0.2233517281440604,202.94855662021166,0.0,0.0,0.7021641594088149,0.1545499433617009,140.43181215397624,0.12076353720296065,24.152532060044912,0.8424386381631037,0.09271253884806413,84.2432520946236,0.5348656018698871,53.48617180393817,0.9096067564001056,0.05005264495516102,45.480337820005275,0.7331515387611999,36.65757693805999,0.9406175771971497,0.02070359698856771,18.812324223281884,0.8246980911569926,16.493937869412413,0.9609395618896807,0.010575463820208401,9.609395618896807,0.884690299961044,8.846902999610439,0.5370424508583056,0.9099261041733882,0.2703488372093023,26.944767441860463,0.6656976744186046,13.31509533687024,0.7383720930232558,7.384354182456421,1.4142135623730951
2019-11-09,312,6885750,8346,2881,0.0012120684021348436,0.17563913796263156,0.9867606117112503,0.01397079715684243,0.1791277258566978,0.21710717397618357,179.12122252654038,0.0,0.0,0.3721543254253535,0.2255300609933198,186.07040707940953,0.0,0.0,0.6902707884016295,0.16732986726306312,138.05315522485466,0.10274210343630684,20.548271478595073,0.8309369757967889,0.10071451392721252,83.09309420971766,0.5102395001735508,51.02357951610601,0.9063024203211119,0.05492502632247758,45.3151210160556,0.7285664699757028,36.42832349878514,0.9549484783129643,0.023149223905567434,19.098941829350704,0.8694897604998264,17.389769955274886,0.9699257129163671,0.011756163090440402,9.699257129163671,0.9128774730996182,9.128774730996183,0.5800284505364922,0.9243784144853102,0.266304347826087,26.541666666666664,0.6766304347826086,13.510595034246574,0.7445652173913043,7.446290737564322,2.0
2019-11-10,313,6885750,7600,2584,0.0011037287151000254,0.15175788739299842,0.9819344089425782,0.010416351762578612,0.17710526315789474,0.19546906767354053,177.09883325435285,0.0,0.0,0.35960526315789476,0.1984461225675283,179.79610374596817,0.0,0.0,0.6798684210526316,0.1500769699962241,135.9726968620395,0.05843653250773994,11.687221636270884,0.8115789473684211,0.08957564843591159,81.15730542336556,0.4458204334365325,44.581719619152516,0.885,0.04883999564317613,44.25,0.6617647058823529,33.088235294117645,0.9355263157894737,0.020651315177990518,18.710499143006345,0.8103715170278638,16.20740680295164,0.9522368421052632,0.01051011146207748,9.522368421052633,0.8595201238390093,8.595201238390093,0.6161443165395405,0.9304193342557159,0.2937853107344633,29.28060263653484,0.711864406779661,14.23850917231154,0.7853107344632768,7.847050963647191,1.4142135623730951
2019-11-11,314,6885750,7523,2585,0.001092546200486512,0.17458891220998166,0.980191607464516,0.01017434515784524,0.22650538349062874,0.24745861167586408,226.49716008867222,0.0,0.0,0.4102086933404227,0.22407783909381354,205.0969002446134,0.0,0.0,0.6815100358899375,0.14891515873246391,136.30101744544243,0.07311411992263056,14.62271780351603,0.8109796623687359,0.08860263150251242,81.09737735855708,0.44990328820116054,44.990002130923656,0.8773095839425761,0.04792506262934321,43.865479197128806,0.6429400386847195,32.14700193423598,0.9300810846736675,0.02032310158936704,18.60159467884941,0.7965183752417795,15.930344369600693,0.9481589791306659,0.01035907490106379,9.481589791306659,0.8491295938104448,8.491295938104448,0.6172318879133747,0.934529416362454,0.29461756373937675,29.363550519357883,0.7082152974504249,14.165520726534142,0.7932011331444759,7.93269160685912,1.4142135623730951
2019-11-12,315,6885750,7152,2046,0.0010386668118941291,0.19519210480174323,0.9806939811831288,0.007339263033386596,0.2611856823266219,0.2712750508277665,261.1761998374291,0.0,0.0,0.45665548098434006,0.23714783618936974,228.31945092854485,0.0,0.0,0.7167225950782998,0.1488861134508699,143.34347814518003,0.042033235581622676,8.406586072966347,0.8410234899328859,0.0873536843939702,84.1017382991863,0.4442815249266862,44.42782988561866,0.8930369127516778,0.046378390153578045,44.6518456375839,0.626099706744868,31.3049853372434,0.9267337807606264,0.019251324472534623,18.53464869781254,0.7438905180840665,14.877788755046241,0.9506431767337807,0.009874015176269832,9.506431767337807,0.8274682306940372,8.274682306940372,0.6064772462097356,0.9372270772035111,0.276536312849162,27.561452513966483,0.7150837988826816,14.302902536485334,0.7988826815642458,7.989511963739855,1.0
2019-11-13,316,6885750,6587,2194,0.0009566132955741931,0.15891033793430845,0.9705517915536784,0.006022288296008288,0.2507970244420829,0.2399070577984316,250.78791911880225,0.0,0.0,0.427508729315318,0.20447284345047922,213.74660418842225,0.0,0.0,0.6781539395779566,0.12974527288042056,135.62980305698434,0.04056517775752051,8.112976640153558,0.7894337331106726,0.07551773214441314,78.9428000779403,0.3678213309024613,36.781866003392814,0.8416578108395324,0.04025705260864829,42.08289054197662,0.52461257976299,26.230628988149498,0.8777895855472901,0.016794079375406636,17.555766215152005,0.6330902461257977,12.66178653412466,0.9286473356611508,0.008883563881930073,9.286473356611507,0.7857793983591613,7.8577939835916135,0.5828596959383843,0.9309298520259258,0.2824207492795389,28.147934678194044,0.7118155619596542,14.23753219212955,0.8011527377521613,8.012214472493957,1.4142135623730951
2019-11-14,317,6885750,7334,3038,0.0010650982100715246,0.14189615921145562,0.9618419602693818,0.008098402824299583,0.21325334060539952,0.22712750508277665,213.24559832611524,0.0,0.0,0.37005726752113444,0.1970665117629974,185.02191619471765,0.0,0.0,0.6002181619852741,0.12785732957681026,120.04276072177818,0.03620803159973667,7.241553736323644,0.7317971093536951,0.07794301315751256,73.17917955404174,0.35253456221198154,35.253200234557376,0.8058358331060813,0.042914715172639145,40.29179165530406,0.5312705727452272,26.563528637261356,0.8546495773111535,0.0182056882609908,17.09296672254123,0.6491112574061882,12.982206294394986,0.8928279247341151,0.009509494245361797,8.92827924734115,0.7412771560236998,7.412771560236998,0.5780600459417113,0.9117328055997316,0.26288659793814434,26.201030927835053,0.6623711340206185,13.24855882300932,0.7319587628865979,7.320215380806705,2.0
2019-11-15,318,6885750,6880,2808,0.0009991649420905493,0.13429480509985872,0.9695466632000913,0.007844825517204716,0.21598837209302327,0.21580017426662795,215.98053051692347,0.0,0.0,0.37732558139534883,0.18849840255591055,188.6559411917676,0.0,0.0,0.60625,0.12114786952859508,121.24911956490168,0.04095441595441596,8.190823714255995,0.7325581395348837,0.07319410961689274,73.25528201955221,0.34472934472934474,34.47268415391218,0.8142441860465116,0.040678212249936466,40.71220930232558,0.5448717948717948,27.24358974358974,0.8636627906976744,0.017258806580537224,17.273230728478808,0.665954415954416,13.319068976142415,0.9081395348837209,0.009073811857822314,9.081395348837209,0.7749287749287749,7.749287749287749,0.575854239935052,0.9021577992835261,0.25495049504950495,25.41006600660066,0.6633663366336634,13.268464582307287,0.7277227722772277,7.277851841787952,2.0
2019-11-16,319,6885750,7247,2875,0.0010524634208328794,0.1491489922226324,0.9570469544085578,0.008224422995598236,0.22064302469987582,0.23221028173104852,220.6350141340648,0.0,0.0,0.38664274872360976,0.20345628812082486,193.31435572346763,0.0,0.0,0.6290878984407341,0.13241743878706905,125.81666608638896,0.06504347826086956,13.008601191866816,0.7531392300262177,0.07926457347003979,75.3133761240964,0.37773913043478263,37.773638754992945,0.8247550710638885,0.043401227172058236,41.23775355319443,0.5582608695652174,27.913043478260867,0.8627018076445425,0.01815921554047774,17.254011095328355,0.6539130434782608,13.0782418763664,0.8807782530702359,0.009269868932215082,8.80778253070236,0.6994782608695652,6.994782608695652,0.5398801129827109,0.8499522313233527,0.22784810126582278,22.70886075949367,0.580168776371308,11.60437067112491,0.6329113924050633,6.324232859327714,2.0
2019-11-17,320,6885750,7178,2934,0.0010424427259194714,0.13515157819415088,0.916900898131798,0.005216103144857995,0.2155196433546949,0.22465872785361604,215.51181879604857,0.0,0.0,0.37726386179994426,0.19663084519314553,188.62508251444717,0.0,0.0,0.591111730286988,0.12323912980336345,118.22148760706462,0.03067484662576687,6.13492477717547,0.6993591529674004,0.07290365680095269,69.93540746965171,0.26448534423994546,26.448342372712023,0.7704095848425745,0.04015539338488908,38.52047924212872,0.4383094751192911,21.915473755964555,0.8255781554750626,0.017212333860024166,16.511539130211954,0.5732788002726653,11.465559354312393,0.8340763443856227,0.008694768180662964,8.340763443856227,0.5940695296523517,5.940695296523518,0.44408022196647173,0.7656662392996361,0.16507936507936508,16.452910052910052,0.4603174603174603,9.207138773176508,0.5095238095238095,5.095675079637344,2.0
2019-11-18,321,6885750,7428,3430,0.0010787495915477617,0.12789404057942233,0.8920121893052712,0.006395572115545059,0.21890145395799676,0.23613128085971535,218.89350662086497,0.0,0.0,0.3500269251480883,0.1887888469358118,175.0071086144677,0.0,0.0,0.5417339795368874,0.11687821313427633,108.34600916657826,0.030903790087463558,6.180713137028441,0.6558966074313409,0.07075430596299631,65.5891844755926,0.2548104956268222,25.480864536617254,0.7470382337102854,0.040293359474276584,37.35191168551427,0.4521865889212828,22.60932944606414,0.8152934841141626,0.017589924714192767,16.305846001716862,0.6,11.99998257272981,0.8301023155627356,0.008954725338561523,8.301023155627357,0.632069970845481,6.3206997084548115,0.3990653768791243,0.7275479426459979,0.15673981191222572,15.621734587251828,0.4373040752351097,8.7468315974556,0.493730407523511,4.937727514692677,2.23606797749979
2019-11-19,322,6885750,6622,3213,0.0009616962567621537,0.0911237032323368,0.8756163227465054,0.005579824145712301,0.17456961643008154,0.16787685158292187,174.56327858458235,0.0,0.0,0.3042887345212927,0.14631135637525414,152.13884357609578,0.0,0.0,0.5006040471156751,0.09628510848412675,100.12008241385922,0.020230314347961405,4.046033489833433,0.6371186952582302,0.06127102152255366,63.7114068935252,0.25210084033613445,25.209900975116007,0.7321051041981275,0.03520313691319028,36.605255209906375,0.4478680361033302,22.393401805166512,0.7842041679250982,0.015083302351519659,15.684060580938764,0.5552443199502023,11.104870271682735,0.8062518876472364,0.007753694223577678,8.062518876472366,0.6006847183317772,6.006847183317771,0.3759295091876546,0.7081820890424647,0.16750418760469013,16.694584031267446,0.4304857621440536,8.610453640414768,0.49246231155778897,4.925045467474595,2.8284271247461903
2019-11-20,323,6885750,5899,2591,0.0008566968013651382,0.088785960754319,0.8962399900514181,0.0036703516198679253,0.1934226140023733,0.1656985187336625,193.41559168847542,0.0,0.0,0.31632480081369724,0.1354923032239326,158.15665823430987,0.0,0.0,0.5143244617731819,0.08812338435621134,102.86414541969523,0.0,0.0,0.6416341752839464,0.05496819541665456,64.1629516172621,0.18409880355075262,18.409746675035507,0.7352093575182235,0.03149257524597902,36.760467875911175,0.3971439598610575,19.857197993052875,0.7840311917274114,0.01343352077330607,15.680601062009199,0.5082979544577383,10.165944325411783,0.8187828445499237,0.007014486439385688,8.187828445499237,0.5874179853338479,5.87417985333848,0.3737915077795512,0.8015863251650115,0.17516629711751663,17.458240946045827,0.4678492239467849,9.357786964740066,0.6097560975609756,6.0980839225201855,2.23606797749979
2019-11-21,324,6885750,5148,2381,0.000747630977017754,0.06624310891706943,0.9205290691193011,0.002915121241077049,0.17055167055167056,0.12750508277664827,170.54547857989624,0.0,0.0,0.289044289044289,0.1080453093232646,144.51689756656359,0.0,0.0,0.4807692307692308,0.07188707194516251,96.15314794996169,0.0,0.0,0.6107226107226107,0.04565918266577595,61.071817607005976,0.15833683326333473,15.833568352885754,0.6901709401709402,0.025799658715463095,34.50854700854701,0.33011339773204534,16.50566988660227,0.7602952602952603,0.011368389255507018,15.205883122786995,0.48173036539269215,9.634593315778448,0.8088578088578089,0.006047271539048034,8.088578088578089,0.5867282654346913,5.867282654346914,0.31343370531264486,0.8353917236305575,0.14864864864864866,14.815315315315315,0.4527027027027027,9.054830559547542,0.6013513513513513,6.014029252236799,2.23606797749979
2019-11-22,325,6885750,4518,2249,0.0006561376756344624,0.054993211813015586,0.8921836063698226,0.002367478045731277,0.1752988047808765,0.11501597444089456,175.292440461795,0.0,0.0,0.2912793271359008,0.09555620098751089,145.63437604022866,0.0,0.0,0.4672421425409473,0.06131458944494467,93.44774994920934,0.0,0.0,0.5787959274015051,0.03797670568416161,57.879172457883094,0.15384615384615385,15.38450367199387,0.6518370960602037,0.021384743855062994,32.591854803010186,0.30057803468208094,15.028901734104046,0.7171314741035857,0.009410725903894414,14.34260865266511,0.43174744330813697,8.634936325863825,0.7729083665338645,0.005071342990959591,7.7290836653386465,0.5437972432192085,5.437972432192085,0.2811035878323993,0.8129572392672828,0.13636363636363635,13.59090909090909,0.45454545454545453,9.091688757211912,0.5818181818181818,5.818680804615624,3.0
2019-11-23,326,6885750,4350,2176,0.0006317394619322514,0.061334254174568496,0.8802332905059069,0.003207465576744113,0.18436781609195402,0.11646819634040081,184.3611225174517,0.0,0.0,0.3213793103448276,0.1015103107754865,160.68382124650716,0.0,0.0,0.4967816091954023,0.06276685352464492,99.35560038099396,0.03125,6.24995461674751,0.6218390804597701,0.03928374335589183,62.18345650869705,0.24402573529411764,24.402396334506818,0.7,0.0221108811676288,35.0,0.40027573529411764,20.01378676470588,0.7397701149425288,0.009346825913188958,14.795380811894452,0.4797794117647059,9.59557429988505,0.7802298850574713,0.004929020077696692,7.8022988505747115,0.5606617647058824,5.606617647058823,0.3445378435922361,0.8083115886812333,0.1492204899777283,14.872308834446917,0.5167037861915368,10.33496200819813,0.6057906458797327,6.058426004805801,3.0
2019-11-24,327,6885750,4025,2072,0.000584540536615474,0.061698241772704505,0.8940299215477752,0.002943226682538431,0.2039751552795031,0.11922741794946268,203.9677498498168,0.0,0.0,0.33291925465838507,0.09729886726691839,166.45358392128776,0.0,0.0,0.5038509316770187,0.05890383107264225,100.76945461079413,0.036196911196911194,7.239329671908312,0.6173913043478261,0.03608876238055128,61.7386821271754,0.25675675675675674,25.675489236368144,0.6802484472049689,0.019881639618051773,34.01242236024844,0.37886100386100385,18.943050193050194,0.7053416149068323,0.008246003346035877,14.106811811171811,0.4276061776061776,8.552111132109562,0.755527950310559,0.004416367135025233,7.55527950310559,0.525096525096525,5.25096525096525,0.3960869904320054,0.8550771808256479,0.1726457399103139,17.207025411061288,0.5201793721973094,10.404479689867625,0.6322869955156951,6.323412225307479,3.0
2019-11-25,328,6885750,3868,1965,0.0005617398250009077,0.06232162451174464,0.9099484213534527,0.0026875493197878885,0.20656670113753878,0.11603252977054894,206.55920162036128,0.0,0.0,0.3425542916235781,0.0962097008422887,171.27092750123822,0.0,0.0,0.5227507755946226,0.058729559383078216,104.54939594675048,0.06055979643765903,12.111871338714765,0.6228024819027922,0.03498504167997909,62.27979595344261,0.25750636132315524,25.7504491486961,0.6644260599793175,0.01866172893294122,33.221302998965875,0.33944020356234095,16.97201017811705,0.7063081695966908,0.007935217027604797,14.126142876894965,0.421882951653944,8.437646779298566,0.7546535677352637,0.004239189630759177,7.5465356773526375,0.5170483460559796,5.170483460559796,0.3857962892083846,0.8649125522955423,0.16666666666666666,16.61111111111111,0.536036036036036,10.721640165036392,0.6351351351351351,6.351896064160215,3.0
2019-11-26,329,6885750,3820,1776,0.0005547689068002759,0.07504320596967846,0.933955344378885,0.00360664153557161,0.23115183246073298,0.1282311937264014,231.14344036690275,0.0,0.0,0.38612565445026176,0.10710136508858553,193.05581797348898,0.0,0.0,0.5709424083769633,0.06334775915652502,114.1876525162414,0.07713963963963964,15.427815900800159,0.6764397905759162,0.03752650381945453,67.64348787298665,0.30405405405405406,30.40518462201491,0.7384816753926702,0.020484333587481394,36.92408376963351,0.4375,21.875,0.8023560209424084,0.008902430523282833,16.04709711405622,0.5748873873873874,11.497731049884697,0.8321989528795811,0.004616781033293396,8.321989528795813,0.6390765765765766,6.3907657657657655,0.40212086686148873,0.8714351997448653,0.18952618453865336,18.889443059019122,0.5860349127182045,11.721703460046282,0.6907730673316709,6.908323103048554,2.23606797749979
2019-11-27,330,6885750,3651,1474,0.0005302254656355517,0.10630765755030899,0.9637278016433146,0.004040677960314444,0.3001917282936182,0.1591635201858844,300.1808296685712,0.0,0.0,0.47028211448918106,0.1246732500726111,235.13252031977044,0.0,0.0,0.6400986031224322,0.0678788230851898,128.01879103227765,0.10854816824966079,21.70947600932649,0.733771569433032,0.03890615469516977,73.37662412825671,0.3405698778833107,34.05674048963093,0.7984113941385922,0.02116690266129325,39.92056970692961,0.5006784260515604,25.03392130257802,0.8814023555190359,0.009346825913188958,17.62802150965239,0.7062415196743554,14.124809880384136,0.9142700629964393,0.004847692698689322,9.142700629964395,0.7876526458616011,7.87652645861601,0.43139350193922693,0.8891881873136859,0.1984126984126984,19.775132275132275,0.6349206349206349,12.677756033920417,0.7380952380952381,7.368945694716243,2.0
2019-11-28,331,6885750,4114,1794,0.0005974657807791454,0.1064283522268804,0.9629724424795936,0.006606478510683212,0.27394263490520177,0.16366540807435376,273.9326892678613,0.0,0.0,0.42683519688867283,0.12750508277664827,213.40985020158138,0.0,0.0,0.614487117160914,0.07342647186964478,122.8965310346151,0.11594202898550725,23.18823741865743,0.745017015070491,0.04451189404281274,74.50116052632421,0.415273132664437,41.52701172331678,0.8398152649489548,0.025088044149148604,41.99076324744774,0.632664437012263,31.63322185061316,0.8998541565386485,0.010752625708708987,17.99705699410377,0.770345596432553,15.40688955361631,0.9214876033057852,0.005505573103873942,9.21487603305785,0.8199554069119287,8.199554069119287,0.460354651753667,0.9009753680364674,0.22662889518413598,22.58734655335222,0.6685552407932012,13.37225156584823,0.7677053824362606,7.677712233781506,2.23606797749979
2019-11-29,332,6885750,4608,2012,0.000669208147260647,0.10762152114758396,0.9490787665359507,0.006753793979183358,0.2463107638888889,0.16482718559395876,246.30182144175382,0.0,0.0,0.4227430555555556,0.14144641301190822,211.3638538187385,0.0,0.0,0.6293402777777778,0.08423131662261465,125.86714158727624,0.15109343936381708,30.218468445188755,0.7450086805555556,0.04985622585610967,74.50032708088264,0.41600397614314116,41.60009554049833,0.8194444444444444,0.027418944922484843,40.97222222222223,0.5864811133200796,29.32405566600397,0.8639322916666666,0.01156299377265545,17.278620740030874,0.6883697813121272,13.767375632232259,0.8927951388888888,0.005974657807791453,8.92795138888889,0.7544731610337972,7.544731610337973,0.43533729749839756,0.9048154210275562,0.21739130434782608,21.66666666666667,0.6492753623188405,12.986620926243567,0.7478260869565218,7.4724935732647815,2.23606797749979
2019-11-30,333,6885750,5679,2512,0.0008247467596122427,0.14063136708911853,0.9604958199333175,0.008485757397114534,0.26413100898045433,0.21783328492593668,264.1214195595648,0.0,0.0,0.43898573692551507,0.18101945977345338,219.48489965399835,0.0,0.0,0.6318013734812467,0.10421447035929013,126.35935715380911,0.1675955414012739,33.518864887270084,0.7416798732171157,0.06116936303697464,74.16744876419232,0.4160031847133758,41.60001639809648,0.8133474203204789,0.03354028246741459,40.66737101602395,0.5780254777070064,28.90127388535032,0.8603627399189998,0.014191607026675341,17.207229808756775,0.6843152866242038,13.686285856238417,0.8902975876034513,0.0073427005046654325,8.902975876034514,0.7519904458598726,7.519904458598726,0.5183407197360131,0.9157573388432828,0.23622047244094488,23.543307086614174,0.6535433070866141,13.071987142259019,0.7401574803149606,7.402209586580408,2.23606797749979
2019-12-01,334,6885750,6793,2900,0.0009865301528519043,0.16841799202304372,0.9589857795684806,0.011043221140945244,0.25437950831738554,0.2509439442346791,254.37027293006645,0.0,0.0,0.438834093920212,0.21645367412140576,219.40908090408797,0.0,0.0,0.6574414838804652,0.12971622759882656,131.4873419974415,0.19758620689655174,39.51695443195943,0.7640217871338142,0.07537250573644312,76.40162393268264,0.4472413793103448,44.72381317473942,0.8343883409392021,0.04115746287622989,41.7194170469601,0.6120689655172413,30.60344827586207,0.8820844987487119,0.017404033832140533,17.64166435443275,0.7237931034482759,14.475841046068888,0.9099072574709259,0.008976509457938497,9.09907257470926,0.7889655172413793,7.889655172413794,0.49008037762104945,0.8954237139583404,0.21394230769230768,21.322916666666664,0.6009615384615384,12.020261578044597,0.6947115384615384,6.947711192109777,2.23606797749979
2019-12-02,335,6885750,8105,3632,0.0011770685836691719,0.1823694321338491,0.9482249432279308,0.012159365405437775,0.23960518198642813,0.2820214928841127,239.59648298911523,0.0,0.0,0.4062924120913017,0.23910833575370316,203.1388307114203,0.0,0.0,0.6338062924120913,0.14920561154840395,126.7603380283063,0.1828193832599119,36.563611149959,0.7394201110425663,0.08703418629643614,73.94147418762309,0.4185022026431718,41.84991637645909,0.807032695866749,0.047496641614929384,40.351634793337446,0.5693832599118943,28.469162995594715,0.8576187538556447,0.020189492517891997,17.152350167189983,0.6822687224669604,13.645354632536923,0.881431215299198,0.010375049921940238,8.81431215299198,0.7354074889867841,7.354074889867842,0.42933858543308534,0.8674934945986531,0.17425742574257425,17.367656765676568,0.5069306930693069,10.139483382300494,0.6178217821782178,6.1787476860893635,2.23606797749979
2019-12-03,336,6885750,9940,4398,0.0014435609773808227,0.1951363364147627,0.9642470011588832,0.015471498300883632,0.2124748490945674,0.30670926517571884,212.46713507884365,0.0,0.0,0.36901408450704226,0.26633749636944526,184.50034362433678,0.0,0.0,0.6067404426559356,0.1751720932934445,121.34720738383656,0.11118690313778991,22.237219154812422,0.7456740442655936,0.10764181358738273,74.56686296874453,0.42519326966803095,42.51901822034686,0.8302816901408451,0.059928112406055986,41.514084507042256,0.6164165529786266,30.820827648931335,0.8796780684104628,0.025397341760386653,17.59353581756362,0.7280582082764893,14.561143018751267,0.9010060362173038,0.013006571542678721,9.01006036217304,0.7762619372442019,7.762619372442019,0.4287529882693361,0.8515115401570568,0.1720226843100189,17.144927536231883,0.5179584120982986,10.360056678350361,0.6124763705103969,6.125288985010068,2.23606797749979
2019-12-04,337,6885750,10483,4577,0.0015224194895254693,0.17891886932181,0.9564297017205798,0.012351301810529482,0.193646856815797,0.29480104559976766,193.63982636064105,0.0,0.0,0.3462749213011542,0.26357827476038337,173.13117480027756,0.0,0.0,0.5792235047219307,0.1763629498387987,115.84385975889612,0.03626829801179812,7.253606931213191,0.7127730611466183,0.10851317203520289,71.27678854730499,0.3421455101594931,34.214302573132095,0.7968138891538682,0.060654249718621794,39.84069445769341,0.5346296700895783,26.731483504478916,0.8595821806734714,0.02617285528394832,17.1916186465179,0.678391959798995,13.567819491779934,0.8896308308690261,0.013543913153977417,8.89630830869026,0.7472143325322264,7.472143325322264,0.4621792055124575,0.8451733426976511,0.1631578947368421,16.26140350877193,0.5245614035087719,10.492127832445608,0.6140350877192983,6.1408774939062925,2.23606797749979
2019-12-05,338,6885750,9668,4216,0.001404059107577243,0.14056938670332683,0.9492492143919946,0.008650848815414206,0.1595986760446835,0.22407783909381354,159.59288172737138,0.0,0.0,0.30616466694249067,0.2149288411269242,153.076775733318,0.0,0.0,0.5351675630947456,0.15028028696738216,107.03273541432061,0.014231499051233396,2.846279142351807,0.6826644600744725,0.09584942926021668,68.26595030291033,0.27229601518026564,27.22940379516562,0.7683078196110881,0.053937479577388085,38.415390980554406,0.4686907020872865,23.434535104364326,0.8265411667356227,0.023210219351240822,16.530799327452055,0.6022296015180265,12.044574538330558,0.8569507654116674,0.012032095269215408,8.569507654116673,0.6719639468690702,6.719639468690702,0.4945214766462668,0.8796396153500494,0.18164794007490637,18.104244694132337,0.5430711610486891,10.862354732399252,0.6629213483146067,6.629782026326441,2.23606797749979
2019-12-06,339,6885750,9288,3828,0.0013488726718222416,0.13615308464131762,0.9506853196743541,0.005892814031249832,0.16623600344530576,0.22422306128376415,166.22996815618853,0.0,0.0,0.3081395348837209,0.2078129538193436,154.0641738546022,0.0,0.0,0.5444659776055125,0.14688198902088356,108.8924048127206,0.0,0.0,0.6679586563307494,0.09009846350460368,66.79538060689327,0.19435736677115986,19.435595548004795,0.7430017226528854,0.05011073594016629,37.150086132644276,0.3764367816091954,18.82183908045977,0.8128768303186907,0.021929314992099637,16.257512996000223,0.5459770114942529,10.919524371736895,0.8490525409130061,0.011452637693787895,8.49052540913006,0.6337513061650992,6.337513061650993,0.4883689473939179,0.8832760188794361,0.1835564053537285,18.294455066921607,0.5411089866156787,10.823107878088218,0.6577437858508605,6.578001961240894,2.0
2019-12-07,340,6885750,7854,2778,0.0011406164905783684,0.1304569438067477,0.9565858138972796,0.004477331154900871,0.17952635599694422,0.20476328783038047,179.5198381943013,0.0,0.0,0.3380443086325439,0.19278245715945397,169.01601787442198,0.0,0.0,0.5881079704609117,0.13416015568270934,117.62074000410183,0.0,0.0,0.7061370002546473,0.08054256586017601,70.61318727676432,0.16918646508279336,16.918523656566332,0.7807486631016043,0.04452674000653523,39.03743315508021,0.3801295896328294,19.006479481641467,0.8614718614718615,0.019652151686959756,17.229412207599076,0.6083513318934485,12.167008968030581,0.8861726508785333,0.010107831390916023,8.861726508785333,0.6781857451403888,6.781857451403888,0.5328227532597621,0.8961787971801627,0.1893491124260355,18.871794871794872,0.5798816568047337,11.598627787307032,0.7080867850098619,7.081475128644939,1.4142135623730951
2019-12-08,341,6885750,7245,2517,0.0010521729659078531,0.1363851336066092,0.9588231446738816,0.004312502596675169,0.2062111801242236,0.21696195178623293,206.2036935144311,0.0,0.0,0.3652173913043478,0.19212895730467616,182.60206594350225,0.0,0.0,0.601104209799862,0.126492201341892,120.21996899792035,0.0,0.0,0.7140096618357488,0.07512562084289408,71.40044771828266,0.17679777512912198,17.6796491343831,0.7915804002760525,0.041643974875648984,39.57902001380262,0.4000794596742153,20.003972983710767,0.8687370600414078,0.01828120643182452,17.37471596796904,0.6221692491060786,12.443366910935557,0.8902691511387164,0.0093671713320989,8.902691511387163,0.6841477949940405,6.841477949940406,0.5425333452621399,0.8929024882787876,0.20079522862823063,20.012591119946986,0.610337972166998,12.207806335230469,0.7176938369781312,7.177553887651791,1.4142135623730951
2019-12-09,342,6885750,5543,2127,0.0008049958247104528,0.09902228482070975,0.9399094527865106,0.0029079987629996727,0.20873173371820314,0.16802207377287248,208.72415559833243,0.0,0.0,0.3541403572072885,0.1425355794365379,177.0637499738663,0.0,0.0,0.5708100306693127,0.09189927096343199,114.16117716695865,0.0,0.0,0.6841060797402129,0.05506985390223358,68.41011122267813,0.1767748001880583,17.677351656959576,0.7562691683204041,0.030439676142758595,37.813458416020204,0.36483309826046073,18.241654913023037,0.8031751758975284,0.01293103448275862,16.063480189365897,0.48707099200752235,9.741405692954146,0.8486379217030489,0.006831499836619104,8.486379217030487,0.6055477197931358,6.055477197931359,0.5418657421872841,0.884024444195667,0.18198874296435272,18.138211382113823,0.5872420262664165,11.74584780153119,0.701688555347092,7.011474073609631,1.4142135623730951
2019-12-10,343,6885750,5022,2559,0.0007293323167410958,0.06015460570698962,0.9166974865916118,0.0032394186164766913,0.16527279968140182,0.1205344176590183,165.26679936192457,0.0,0.0,0.28295499800876145,0.10318036595991868,141.4723625863222,0.0,0.0,0.4635603345280765,0.06761741555084376,92.71139369359267,0.0,0.0,0.5774591796097173,0.04211565831130733,57.7454986493597,0.17076983196561157,17.07685919511473,0.6672640382317802,0.024332861344080164,33.36320191158901,0.347010550996483,17.35052754982415,0.7226204699322979,0.010540593921368156,14.452388409808997,0.4556467370066432,9.112921505668202,0.8000796495420152,0.005835239443778818,8.00079649542015,0.6076592418913638,6.076592418913639,0.475184965306294,0.87451227893878,0.17158671586715868,17.101476014760145,0.533210332103321,10.665121239548588,0.6568265682656826,6.568828998753109,3.0
2019-12-11,344,6885750,6056,2980,0.0008794975129797044,0.07501733684624866,0.9309184092946775,0.004029442667890984,0.16017173051519154,0.14086552425210572,160.16591539282314,0.0,0.0,0.28252972258916775,0.12423758350275922,141.25973259645383,0.0,0.0,0.4815059445178336,0.08469604112811874,96.30048962977934,0.0,0.0,0.5964332892998679,0.052455778558773127,59.6428958406658,0.17986577181208055,17.986446574908268,0.6791611624834875,0.02986602766583161,33.95805812417437,0.34798657718120807,17.3993288590604,0.7575957727873184,0.013326052607119622,15.151893451035987,0.5073825503355704,10.147636269556749,0.8058124174372523,0.007087100170642268,8.058124174372523,0.6053691275167785,6.053691275167785,0.47341041099382125,0.8869612720511779,0.16308243727598568,16.25388291517324,0.5268817204301075,10.538538150832734,0.6541218637992832,6.54177963444549,2.8284271247461903
2019-12-12,345,6885750,7551,3674,0.0010966125694368805,0.10414089109197656,0.937996773035479,0.005983734256689404,0.1741491193219441,0.19096717978507116,174.14279674282264,0.0,0.0,0.3076413720037081,0.16867557362765032,153.81510145763383,0.0,0.0,0.5041716328963052,0.11057538702837724,100.83359438890857,0.023135547087642896,4.62707581860458,0.6127665209905973,0.0671962589677307,61.27620714965589,0.20413718018508437,20.413569787961382,0.7009667593696199,0.03843444795410812,35.04833796848099,0.3854109961894393,19.27054980947197,0.7871805058932592,0.017264615670601356,15.743587253852905,0.5626020685900925,11.252025030771417,0.8332671169381539,0.009137711941328105,8.33267116938154,0.6573217201959717,6.573217201959718,0.4896859186991496,0.8973421367352903,0.15992970123022848,15.93966022261277,0.5360281195079086,10.721481820894892,0.6766256590509666,6.766836886958251,2.8284271247461903
2019-12-13,346,6885750,9018,4785,0.001309661256943688,0.10873825023279021,0.9451465920366624,0.008502642526017483,0.15579951208693724,0.20403717688062736,155.79385570035262,0.0,0.0,0.28121534708361057,0.1841417368573918,140.60256870323636,0.0,0.0,0.4688400975826125,0.12280345057945337,93.76733863688966,0.030929989550679205,6.18595299162303,0.5846085606564648,0.07656336228179732,58.46043156263982,0.21713688610240334,21.713530940190303,0.6842980705256154,0.0448099335584359,34.21490352628077,0.4050156739811912,20.25078369905956,0.7812153470836105,0.020462519750906218,15.624284250920658,0.5876698014629049,11.753378960124074,0.8349966733200266,0.01093562792724104,8.349966733200265,0.6890282131661442,6.890282131661441,0.5231913655423545,0.9105047346649789,0.1588628762541806,15.833333333333334,0.5351170568561873,10.703259005145798,0.6939799331103679,6.940394511149228,3.1622776601683795
2019-12-14,347,6885750,9923,4804,0.001441092110518099,0.13800218769865497,0.9463098753844184,0.008748797901416219,0.17252846921293963,0.24862038919546905,172.52220547240765,0.0,0.0,0.29809533407235717,0.21478361893697356,149.04225577902506,0.0,0.0,0.4992441801874433,0.14389032501670104,99.84811100309878,0.020399666944213156,4.07990376313909,0.635493298397662,0.09157977286589794,63.54886838772113,0.2470857618651124,24.708396769622958,0.7239746044542981,0.05216570453472752,36.19873022271491,0.42985012489592006,21.492506244796,0.7815176861836138,0.022524746723673203,15.630331024139148,0.5487094088259784,10.974172239007693,0.837146024387786,0.012064045310968304,8.37146024387786,0.6636136552872606,6.636136552872605,0.5254360572411196,0.9027126767736988,0.15609756097560976,15.557723577235771,0.5365853658536586,10.732627703635528,0.6861788617886179,6.862377107476049,2.8284271247461903
2019-12-15,348,6885750,10923,5203,0.0015863195730312601,0.13447793728708773,0.9433197283660809,0.009521355057204212,0.15270530074155453,0.24223061283764158,152.69975669200682,0.0,0.0,0.2709878238579145,0.2149288411269242,135.48899274830345,0.0,0.0,0.4826512862766639,0.15312672456359464,96.5295563182067,0.0,0.0,0.6273917421953675,0.09952365738185831,62.73871865029121,0.21775898520084566,21.775740398308447,0.7309347248924288,0.057974803035253965,36.54673624462144,0.43513357678262543,21.756678839131272,0.8058225762153255,0.02556580537224649,16.116428118826907,0.5923505669805881,11.846994134522797,0.8510482468186396,0.013500344915223469,8.510482468186396,0.6872957908898712,6.872957908898713,0.5555311637030766,0.8881866598081711,0.1454272863568216,14.49425287356322,0.5547226386806596,11.095404270420534,0.6956521739130435,6.957118353344768,2.8284271247461903
2019-12-16,349,6885750,13307,6244,0.0019325418436626366,0.14749195011379798,0.9270638791791154,0.009972690040656158,0.13331329375516646,0.2576241649724078,133.3084537430493,0.0,0.0,0.2467122567069963,0.23838222480395005,123.35164984172233,0.0,0.0,0.46359059141805065,0.1791803421534172,92.71744502764653,0.0,0.0,0.6132110919065153,0.11850474890354062,61.32066391843051,0.17568866111467007,17.568738538301137,0.719996994063275,0.06957121591692988,35.99984970316375,0.40326713645099294,20.16335682254965,0.8051401517998046,0.03111929547355702,16.102779650337812,0.58472133247918,11.694409666089186,0.8375291200120237,0.01618560069709182,8.375291200120238,0.653747597693786,6.537475976937861,0.5721921336029003,0.8856578165832751,0.14556040756914118,14.507520621057738,0.5502183406113537,11.005310582965686,0.7059679767103348,7.060285228489891,2.23606797749979
2019-12-17,350,6885750,14349,6722,0.0020838688596013506,0.15493442209792982,0.9269397352500365,0.010434214990906935,0.1294166840894836,0.2696776067383096,129.41198554591367,0.0,0.0,0.2383441354798244,0.24832994481556783,119.16774113274766,0.0,0.0,0.458847306432504,0.19123413401492928,91.7687949190396,0.0,0.0,0.6003902710990313,0.12511255046617678,60.03859114729087,0.1469800654567093,14.697899818736184,0.7080632796710572,0.0737755509566859,35.40316398355286,0.37682237429336507,18.841118714668255,0.8100216042929821,0.03375952690770518,16.200408558417376,0.5944659327581077,11.889301388631436,0.8585267266011569,0.017890571106996333,8.585267266011568,0.6980065456709312,6.980065456709312,0.5548001860309619,0.8647688108980086,0.14609929078014183,14.561229314420803,0.5390070921985816,10.781066384438525,0.6794326241134752,6.794908944929017,2.23606797749979
2019-12-18,351,6885750,13999,6304,0.002033039247721744,0.14784701903167294,0.9334460094621854,0.010087979385410171,0.12300878634188156,0.2500726110949753,123.00432044054763,0.0,0.0,0.23308807771983714,0.2369300029044438,116.53980766478134,0.0,0.0,0.45167511965140367,0.18365331551889397,90.33436797872878,0.0,0.0,0.6082577326951926,0.12366028638647651,60.825331594091054,0.13007614213197968,13.007519760743547,0.7214801057218373,0.07333986856914643,36.07400528609187,0.381503807106599,19.075190355329948,0.8259875705407529,0.033585254205781206,16.519727419634112,0.6135786802030457,12.271555782391841,0.8805628973498107,0.017902189303997385,8.805628973498107,0.7347715736040609,7.347715736040609,0.5797861332330778,0.871783720965167,0.16066066066066065,16.01251251251251,0.5435435435435435,10.87180319255791,0.7057057057057057,7.057662293511349,2.23606797749979
2019-12-19,352,6885750,11444,4541,0.0016619830810006171,0.12866262185196703,0.9217822460164679,0.0051189418377962405,0.1288885005242922,0.21420273017717106,128.8838211567158,0.0,0.0,0.2536700454386578,0.2107900087133314,126.83041790438847,0.0,0.0,0.48348479552603985,0.16070754305962998,96.69625695760635,0.0,0.0,0.6348304788535477,0.10550698539022337,63.48258691460421,0.07971812376128606,7.971754490244786,0.7264942327857392,0.06037105616672113,36.32471163928697,0.31072451001981943,15.53622550099097,0.7996329954561342,0.026579491588437587,15.99263668342224,0.49504514424135654,9.900888506017987,0.8455959454736106,0.014053661547398613,8.455959454736107,0.6108786610878661,6.108786610878661,0.6024252026323851,0.880520511714254,0.16408668730650156,16.353973168214655,0.5681114551083591,11.36320356435433,0.7167182662538699,7.167797343727596,2.0
2019-12-20,353,6885750,9252,3054,0.0013436444831717677,0.12006246212744522,0.9551897351363653,0.005313579453359681,0.1300259403372244,0.1747022945106012,130.02121967427283,0.0,0.0,0.259727626459144,0.1744844612256753,129.85909845273386,0.0,0.0,0.5109165585819282,0.1372970460948619,102.1825697306199,0.0,0.0,0.6987678339818417,0.09388887275262134,69.8762760004715,0.08742632612966601,8.742569129910072,0.8150670125378296,0.054758014740587446,40.75335062689148,0.439751146037983,21.987557301899148,0.8750540423692175,0.02351519657960777,17.501055431045636,0.6214800261951539,12.429582472735852,0.9059662775616083,0.012172965907853175,9.059662775616083,0.7151277013752456,7.1512770137524555,0.6135581867713995,0.9114656943817973,0.18229166666666666,18.16840277777778,0.609375,12.18854524013722,0.78125,7.8064749357326475,1.4142135623730951
2019-12-21,354,6885750,7357,2729,0.0010684384417093272,0.08247214684992928,0.9640656546654554,0.004826770484865826,0.11349734946309636,0.12126052860877141,113.49322887968572,0.0,0.0,0.2242761995378551,0.11980830670926518,112.13402853382122,0.0,0.0,0.4772325676226723,0.10197798367655174,95.44582045681884,0.0,0.0,0.6682071496533913,0.07139330215806443,66.82022975871853,0.105533162330524,10.553239602041966,0.7860540981378279,0.041992520785680575,39.3027049068914,0.4232319530963723,21.161597654818614,0.8624439309501155,0.018429338228459893,17.24885356892996,0.6291681934774642,12.583345595075778,0.902134022019845,0.009638746686998512,9.021340220198452,0.73616709417369,7.361670941736899,0.5444529877854346,0.9089325054912099,0.17216117216117216,17.15873015873016,0.6043956043956044,12.088948787061994,0.7417582417582418,7.418218573878952,2.0
2019-12-22,355,6885750,7222,2625,0.0010488327342700506,0.09025124955692526,0.9622103594051561,0.004709449073388197,0.1265577402381612,0.13273308161487074,126.55314549011301,0.0,0.0,0.2425920797563002,0.12721463839674702,121.29163615901422,0.0,0.0,0.5112157297147605,0.10723517964506665,102.24240352271083,0.0,0.0,0.685267238991969,0.0718725493043655,68.5262263046988,0.1340952380952381,13.409426438675036,0.7875934644142897,0.04130269033874306,39.37967322071448,0.4156190476190476,20.780952380952378,0.8690113541955137,0.01822892462124733,17.38020184308416,0.6396190476190476,12.792362374357682,0.9062586541124342,0.009505137421486403,9.062586541124341,0.7420952380952381,7.4209523809523805,0.5356643413340699,0.8956298581835709,0.17383512544802868,17.325567502986857,0.5949820788530465,11.900662129511796,0.7204301075268817,7.204918939855032,2.0
2019-12-23,356,6885750,7635,3094,0.001108811676287986,0.10389384057660656,0.9467388309001087,0.0050206689823121915,0.15140798952193843,0.16787685158292187,151.40249257198485,0.0,0.0,0.2808120497707924,0.15567818762706942,140.40092736779218,0.0,0.0,0.5258677144728225,0.11661680559993029,105.17277919577211,0.0,0.0,0.6653569089718402,0.07377501524877284,66.53520776021448,0.17420814479638008,17.420687981522466,0.7620170268500327,0.042246668845078605,38.10085134250164,0.41273432449903036,20.636716224951517,0.8263261296660118,0.01832477460730551,16.526498592305686,0.5714285714285714,11.428554831171246,0.8548788474132285,0.009478996478234034,8.548788474132285,0.6418875242404655,6.4188752424046545,0.5035160934092331,0.8813415529818172,0.1672473867595819,16.668989547038326,0.5609756097560976,11.22047441743714,0.6759581881533101,6.760161605536664,2.0
2019-12-24,357,6885750,7397,3227,0.0010742475402098536,0.10539001133396951,0.9318886806208305,0.004775198734652053,0.1692578072191429,0.18181818181818182,169.25166222178527,0.0,0.0,0.30647559821549275,0.1646093523090328,153.23223572555398,0.0,0.0,0.5275111531702041,0.11333468877980772,105.50146454854145,0.0,0.0,0.6513451399215898,0.06997008335995818,65.1340410295839,0.2008057018903006,20.080424377576133,0.7309720156820333,0.03926224449043314,36.548600784101666,0.3833281685776263,19.166408428881315,0.7947816682438826,0.017075820243517056,15.895610280086194,0.5295940502014255,10.591865621730834,0.8245234554549141,0.008857422938677703,8.245234554549143,0.5977688255345522,5.977688255345522,0.5066326466390778,0.8768772239763445,0.1701388888888889,16.957175925925927,0.5642361111111112,11.285690037164093,0.6631944444444444,6.632513221841052,2.23606797749979
2019-12-25,358,6885750,7647,3705,0.001110554405838144,0.1003618610976108,0.9054721332014368,0.0035753597135924553,0.1817706290048385,0.201858844031368,181.7640297226353,0.0,0.0,0.3032561788936838,0.16838512924774907,151.62258450604003,0.0,0.0,0.4897345364195109,0.10877457956954893,97.94619606002635,0.0,0.0,0.5787890676082124,0.06427720816753318,57.87848648353493,0.13063427800269906,13.063332942535144,0.6462665097423826,0.035885705987002144,32.31332548711913,0.2699055330634278,13.49527665317139,0.7232901791552243,0.016065038572358026,14.465782574815519,0.42887989203778676,8.577585383746136,0.7771675166732052,0.008630868097157173,7.771675166732051,0.540080971659919,5.4008097165991895,0.4447955431183967,0.8535477161880429,0.17625231910946196,17.566481137909708,0.5139146567717996,10.279174635704898,0.6289424860853432,6.289964262642528,2.8284271247461903
2019-12-26,359,6885750,8897,5020,0.0012920887339795955,0.08654615686568769,0.8783147372560596,0.004620768166067776,0.15252332246824774,0.1970665117629974,152.51778502552088,0.0,0.0,0.24716196470720467,0.1596717978507116,123.57649567837893,0.0,0.0,0.4067663257277734,0.10511487408870429,81.352674413431,0.0,0.0,0.4946611217264246,0.06391414214760813,49.46575298335312,0.10438247011952191,10.43817121649624,0.5814319433516916,0.03756308317902916,29.07159716758458,0.25816733067729086,12.908366533864543,0.6861863549511071,0.01773224742076401,13.723707168430458,0.4438247011952191,8.876481132816073,0.7428346633696752,0.009598082997494825,7.428346633696751,0.5442231075697211,5.442231075697211,0.3601242167855147,0.8230827798790578,0.15490196078431373,15.438562091503268,0.46862745098039216,9.373352840278477,0.5843137254901961,5.8436383815962065,4.47213595499958
2019-12-27,360,6885750,13585,8879,0.0019729150782412954,0.08339949505153518,0.8399958070708021,0.007073652285751899,0.11152005888847995,0.22001161777519604,111.51601009168614,0.0,0.0,0.1859403754140596,0.18341562590763869,92.96681237346507,0.0,0.0,0.3185130658814869,0.12567893345725986,63.70215061121289,0.0,0.0,0.41192491718807506,0.08126869790002614,41.19219260692712,0.10023651312084694,10.023578527140954,0.493191019506809,0.048651199941909015,24.65955097534045,0.2245748395089537,11.228741975447686,0.6067721751932278,0.0239421646993215,12.135425879893486,0.39835567068363553,7.967101843252869,0.6819285977180713,0.013453872127219256,6.819285977180714,0.513346097533506,5.13346097533506,0.3964916143252979,0.8122200416591254,0.1486013986013986,14.81060606060606,0.47027972027972026,9.406401060346171,0.5979020979020979,5.979533759550913,7.810249675906654
2019-12-28,361,6885750,16730,11478,0.0024296554478451873,0.08319584376125128,0.8692631566436924,0.008992467082326745,0.09515839808726838,0.23119372640139413,95.15494330952778,0.0,0.0,0.16646742378959953,0.20222189950624456,83.23069004932,0.0,0.0,0.2896592946802152,0.14075343460454848,57.93143827425402,0.0,0.0,0.37901972504482967,0.09208806529379303,37.90169728611688,0.0948771562990068,9.487646736557641,0.45821876867901973,0.0556656863812947,22.91093843395099,0.21031538595574142,10.515769297787072,0.5656903765690376,0.0274886141834743,11.313791100649023,0.36696288552012546,7.339247051800249,0.669575612671847,0.016268380350724324,6.695756126718471,0.5183829935528838,5.183829935528838,0.42194383948023106,0.8284163078517418,0.14890016920473773,14.840383530738862,0.4686971235194585,9.374746410566734,0.5752961082910322,5.753454475799079,10.0
