date,day,n_land,n_fire,n_new,base_rate,auc_pr,roc_auc,auc_pr_new,tpr_0.001,prec_0.001,lift_0.001,tpr_new_0.001,lift_new_0.001,tpr_0.002,prec_0.002,lift_0.002,tpr_new_0.002,lift_new_0.002,tpr_0.005,prec_0.005,lift_0.005,tpr_new_0.005,lift_new_0.005,tpr_0.01,prec_0.01,lift_0.01,tpr_new_0.01,lift_new_0.01,tpr_0.02,prec_0.02,lift_0.02,tpr_new_0.02,lift_new_0.02,tpr_0.05,prec_0.05,lift_0.05,tpr_new_0.05,lift_new_0.05,tpr_0.1,prec_0.1,lift_0.1,tpr_new_0.1,lift_new_0.1,cell_auc_pr,cell_roc_auc,cell_tpr_0.01,cell_lift_0.01,cell_tpr_0.05,cell_lift_0.05,cell_tpr_0.1,cell_lift_0.1
2019-01-14,13,6885750,2836,2109,0.0004118650836873253,0.07825020857171387,0.8308757804371221,0.003655688239025171,0.2344851904090268,0.09657275631716526,234.47667729581124,0.044570886676149835,44.56926850570705,0.3025387870239774,0.06230031948881789,151.26390159383914,0.09198672356567093,45.99169196865515,0.37447108603667134,0.030846089052833366,74.89367337642713,0.16453295400663823,32.906351856028614,0.4153737658674189,0.017107670858868978,41.53707497054198,0.21431958274063537,21.431802649747745,0.45098730606488013,0.009287296227716662,22.549365303244006,0.26173541963015645,13.086770981507826,0.538787023977433,0.004438144808997119,10.775724830236923,0.37980085348506404,7.596006038214458,0.6142454160789845,0.002529862396979269,6.142454160789845,0.48127074442863915,4.812707444286392,0.301029883086375,0.7778842241546898,0.18858560794044665,18.795698924731184,0.3970223325062035,7.94112764897914,0.47642679900744417,4.764676589387484
2019-01-15,14,6885750,2575,1958,0.0003739607159713902,0.07722100506947087,0.8523275983110775,0.003972120326875924,0.23223300970873786,0.08684286959047342,232.22457836217566,0.054136874361593465,54.13490889273049,0.2928155339805825,0.05474876561138542,146.40245157615422,0.09908069458631256,49.53854870372508,0.3720388349514563,0.027825379767056842,74.40722669165501,0.1843718079673136,36.8740938369087,0.41631067961165047,0.015568270934386709,41.63076566464205,0.23646578140960164,23.646406435579955,0.44776699029126216,0.008372363213883745,22.388349514563103,0.27579162410623087,13.789581205311544,0.5060194174757282,0.0037846221767822287,10.120373651952711,0.35188968335035753,7.037783446212835,0.6089320388349515,0.002277163305139883,6.089311544996874,0.48723186925434114,4.872311616608886,0.27973664531337517,0.7784158824883809,0.18518518518518517,18.456790123456788,0.3968253968253968,7.937188597565956,0.48677248677248675,4.868142339840453
2019-01-16,15,6885750,2347,1515,0.0003408488545183894,0.14094275896624506,0.8863861953528701,0.004843408730953277,0.36173838943331915,0.12329363926808017,361.7252563230435,0.07656765676567656,76.56487693497785,0.42650191734128673,0.07268370607028754,213.24321647783657,0.14257425742574256,71.28454059463455,0.5023434171282488,0.03424438699933196,100.4679538903494,0.2376237623762376,47.524407382792944,0.5466553046442266,0.01863254814255424,54.66513352049121,0.30033003300330036,30.03278522107054,0.585854282062207,0.009984388047779836,29.292714103110356,0.3590759075907591,17.953795379537954,0.6271836386876865,0.004275490287201413,12.543654556922508,0.4231023102310231,8.46203391542333,0.6927993182786536,0.002361398540464002,6.927993182786537,0.5247524752475248,5.247524752475248,0.335631286801732,0.8024301854561223,0.20630372492836677,20.561604584527224,0.45272206303724927,9.055217799446593,0.5243553008595988,5.244002712970653
2019-01-17,16,6885750,2141,1120,0.0003109319972406782,0.2012092400517324,0.8947687813875368,0.004471437881703844,0.4675385333956095,0.14536741214057508,467.5215591531831,0.09910714285714285,99.1035447180615,0.5530126109294722,0.08597153645076967,276.4962667519324,0.18571428571428572,92.8537716277333,0.6118636151331154,0.03804931888814662,122.37183443907314,0.2642857142857143,52.856759044493224,0.6459598318542737,0.020084812222254493,64.595514133297,0.32410714285714287,32.41047894113352,0.6581036898645493,0.01023127473405221,32.905184493227466,0.3464285714285714,17.321428571428573,0.6819243344231667,0.004240623429734903,13.638427268237791,0.3919642857142857,7.839251560047353,0.7183559084539934,0.00223359837345242,7.183559084539935,0.4616071428571429,4.616071428571429,0.3650618070065952,0.8098607954401933,0.2484076433121019,24.757961783439487,0.49363057324840764,9.873458172640964,0.5573248407643312,5.573726387781189
2019-01-18,17,6885750,2040,1014,0.00029626402352684895,0.19980159098468098,0.8953440787003224,0.0029569503944890897,0.4514705882352941,0.13374963694452513,451.45419734841363,0.06804733727810651,68.04486678227155,0.5406862745098039,0.08009003775776939,270.33332229929437,0.14792899408284024,73.96181171986038,0.6171568627450981,0.036568009526852366,123.4304762742763,0.23964497041420119,47.928646055057825,0.6421568627450981,0.01902465944407331,64.21521998383714,0.28402366863905326,28.402160625219455,0.6588235294117647,0.009759285480884436,32.94117647058823,0.3165680473372781,15.828402366863905,0.6931372549019608,0.004107026675341574,13.862724965555511,0.3826429980276134,7.652848846514078,0.736764705882353,0.0021827624216318583,7.367625659191945,0.47041420118343197,4.704128348461852,0.3669263467783805,0.8098443640274857,0.28044280442804426,27.950799507995082,0.4907749077490775,9.816339964428805,0.5977859778597786,5.978372459539347
2019-01-19,18,6885750,2482,1344,0.0003604545619576662,0.1768644804795082,0.869750098492583,0.004818428912642968,0.41659951651893634,0.1501597444089457,416.5843916454061,0.06845238095238096,68.44989575121365,0.5205479452054794,0.0938135347081034,260.2645232136676,0.16666666666666666,83.3303078710427,0.5958904109589042,0.042957971477533476,119.17721680154156,0.26711309523809523,53.42223112886562,0.6402095084609186,0.023076476226437017,64.02048596945556,0.34151785714285715,34.15153772722746,0.6680096696212732,0.012039356642341067,33.40048348106366,0.3913690476190476,19.568452380952383,0.7010475423045931,0.005053893676533377,14.020889759544604,0.45089285714285715,9.017817853813014,0.7373086220789685,0.0026576587043405523,7.373075513059209,0.5178571428571429,5.178563907874471,0.3602835993501875,0.7904906310366056,0.2620689655172414,26.11954022988506,0.47586206896551725,9.518057609274265,0.5862068965517241,5.862571715857337
2019-01-20,19,6885750,2572,1481,0.0003735250335838507,0.19724436095070857,0.8176647900329008,0.004764129041938229,0.42223950233281493,0.15771129828637817,422.22417269651186,0.08777852802160702,87.77534117408955,0.4879471228615863,0.09112692419401684,243.9647038370729,0.1512491559756921,75.62183239613869,0.5649300155520995,0.042202794156089345,112.98518268285078,0.2518568534773801,50.3710049328145,0.5925349922239502,0.02213250457463185,59.25306896375243,0.2937204591492235,29.371832635086204,0.6119751166407466,0.011429401299785789,30.598755832037323,0.32680621201890614,16.34031060094531,0.640357698289269,0.004783785667812994,12.807135366307667,0.3760972316002701,7.521933708091946,0.6590202177293935,0.0024615983397644706,6.590183035782739,0.40783254557731263,4.078313610110388,0.36428171537730947,0.7969266427589874,0.2682119205298013,26.7317880794702,0.4768211920529801,9.537241716174616,0.5794701986754967,5.7951989594811035
2019-01-21,20,6885750,2414,1502,0.00035057909450677123,0.1615208167657285,0.8698583301563305,0.005445571869919358,0.38193869096934546,0.13389485913447574,381.9248244760631,0.08854860186418109,88.54538705871114,0.45567522783761394,0.07987220447284345,227.82934214949535,0.16311584553928096,81.55496176460237,0.5223695111847556,0.03662610009004037,104.4731436184737,0.24766977363515313,49.533595045114744,0.5642087821043911,0.019779836765517443,56.42046852036526,0.30492676431424764,30.492455014331387,0.5981772990886496,0.01048542279345024,29.908864954432474,0.3588548601864181,17.942743009320903,0.6354598177299089,0.004455546196520375,12.709104069051438,0.4181091877496671,8.362123034497866,0.6777133388566694,0.0023759109352898293,6.777103861918783,0.48601864181091875,4.860165243225217,0.36740360444068804,0.8019420941812954,0.24203821656050956,24.123142250530787,0.46496815286624205,9.300160601326326,0.5732484076433121,5.732975713146366
2019-01-22,21,6885750,1942,1061,0.0002820317322005591,0.1315705147799165,0.9029454677257912,0.005015204368893716,0.42842430484037075,0.12082486203891955,428.40875066142655,0.08953817153628653,89.53492080394786,0.5108135942327497,0.07203020621550973,255.39752443277354,0.16305372290292178,81.52390157412094,0.6029866117404737,0.03401202474657992,120.59644665229798,0.2884071630537229,57.68101376738135,0.6596292481977343,0.018603502860960238,65.9624458418419,0.38077285579641845,38.07700908827135,0.7250257466529351,0.010224013360926551,36.25128733264676,0.49858623939679547,24.929311969839773,0.780638516992791,0.004403290268612325,15.612747665858556,0.6003770028275212,12.007522618330016,0.8146240988671473,0.0022974984569582107,8.146240988671472,0.6616399622997172,6.616399622997173,0.37245376846196526,0.8085072338851823,0.26101694915254237,26.014689265536724,0.5084745762711864,10.170363694508241,0.6169491525423729,6.170020641335
2019-01-23,22,6885750,1512,845,0.0002195839233198998,0.11845488729155142,0.8784678295196382,0.0019952983915123325,0.35978835978835977,0.07900087133313971,359.775297474978,0.029585798816568046,29.584724687944153,0.44642857142857145,0.049012489108335756,223.20618179743582,0.09349112426035502,46.743865006951765,0.5515873015873016,0.024223764849400215,110.3166592670354,0.21893491124260356,43.78666429721332,0.6031746031746031,0.013244648406866304,60.31702233305533,0.2958579881656805,29.585583984603595,0.6296296296296297,0.006912827215626475,31.48148148148148,0.3384615384615385,16.923076923076923,0.6765873015873016,0.002971340937410141,13.531687076568703,0.42248520710059173,8.44966732829948,0.7433862433862434,0.0016323519374013364,7.433840841905591,0.5408284023668639,5.408268315086959,0.3343224922217447,0.7784610347829111,0.27125506072874495,27.035087719298243,0.48582995951417,9.717432517829737,0.5506072874493927,5.506545093436851
2019-01-24,23,6885750,1148,649,0.0001667211269651091,0.13383033168830702,0.8985673941529024,0.001769343267886132,0.42770034843205573,0.07130409526575661,427.6848205367453,0.06317411402157165,63.171820450775044,0.47909407665505227,0.039936102236421724,239.5383414411506,0.10939907550077041,54.69755185371986,0.5426829268292683,0.01809521043306515,108.53579724693238,0.1987673343605547,39.75317820945103,0.5818815331010453,0.009701124052397689,58.18773078727995,0.26348228043143296,26.348036720217543,0.6489547038327527,0.005409722978615256,32.44773519163763,0.38058551617873654,19.029275808936827,0.7186411149825784,0.002396249651454596,14.372801426396764,0.5038520801232665,10.077026967854769,0.8013937282229965,0.0013360926551210833,8.013937282229964,0.650231124807396,6.50231124807396,0.31818323837946777,0.7731460181746133,0.3076923076923077,30.66666666666667,0.42788461538461536,8.558426243567753,0.5288461538461539,5.2889150943396235
2019-01-25,24,6885750,878,388,0.00012750971208655556,0.13261747629259868,0.9452851679691113,0.002605106104921788,0.5546697038724373,0.07072320650595411,554.6495662851635,0.12628865979381443,126.28407481487913,0.6343963553530751,0.04044437990124891,317.186661623035,0.22164948453608246,110.82071871509801,0.7118451025056948,0.018153300996253157,142.36798671406626,0.35309278350515466,70.61804391706465,0.7403189066059226,0.009439716518051642,74.03135309131446,0.4175257731958763,41.752274140746245,0.7710706150341685,0.004915949606070508,38.55353075170843,0.48711340206185566,24.355670103092784,0.8120728929384966,0.0020709345927404014,16.241387097906856,0.5747422680412371,11.494795280026224,0.856492027334852,0.0010921041739582532,8.564870519172029,0.6752577319587629,6.752538093428715,0.3131266458181429,0.8350997170192695,0.3149171270718232,31.386740331491712,0.5138121546961326,10.277124418373246,0.6132596685082873,6.13312263677113
2019-01-26,25,6885750,927,419,0.00013462585774970046,0.23317952888567492,0.9349548153868813,0.0025456299707658707,0.5663430420711975,0.07624164972407783,566.3224806769892,0.11455847255369929,114.55431344563387,0.6299892125134844,0.04240487946558234,314.98317020510643,0.2052505966587112,102.62157246171368,0.6893203883495146,0.01855993493856923,137.8630765946635,0.3221957040572792,64.43867289820821,0.7206040992448759,0.009701124052397689,72.05988667076309,0.3914081145584726,39.140527241874615,0.756202804746494,0.005090222561086302,37.81014023732471,0.4677804295942721,23.389021479713602,0.8058252427184466,0.0021696951389534344,16.11648144881188,0.5751789976133651,11.503563245934302,0.8586839266450917,0.0011560089227623386,8.586826796020253,0.6897374701670644,6.897364684802932,0.3060290703183806,0.8521312642323164,0.3148148148148148,31.376543209876544,0.5185185185185185,10.371259767486183,0.6358024691358025,6.358569976494505
2019-01-27,26,6885750,1055,553,0.0001532149729513851,0.2170767089032797,0.9100291183346655,0.002715485852664663,0.4909952606635071,0.07522509439442347,490.9774348117549,0.10488245931283906,104.87865149773185,0.5516587677725119,0.04225965727563172,275.81936974946075,0.16998191681735986,84.98787276540341,0.6208530805687204,0.01902465944407331,124.16971447111638,0.28933092224231466,57.86576426355741,0.6701421800947868,0.010267507043480787,67.01373139777046,0.3743218806509946,37.4319162579887,0.6966824644549763,0.005337109247358676,34.834123222748815,0.4213381555153707,21.066907775768538,0.7658767772511849,0.0023468655693327407,15.317468809509876,0.5533453887884268,11.066859559410581,0.814218009478673,0.001247503902988055,8.14218009478673,0.6455696202531646,6.455696202531646,0.3547028517319534,0.8451267444724527,0.3253012048192771,32.42168674698795,0.5481927710843374,10.96479571803509,0.6927710843373494,6.928304986670524
2019-01-28,27,6885750,1025,578,0.00014885814907599027,0.1734977528561756,0.8515393878760765,0.002448961443569681,0.48878048780487804,0.07275631716526285,488.76274236166694,0.11072664359861592,110.7226236071986,0.5209756097560976,0.03877432471681673,260.4783477256788,0.16089965397923875,80.44690621460524,0.584390243902439,0.017398123674809026,116.87720009152805,0.2681660899653979,53.63282854509973,0.6195121951219512,0.009221876906096604,61.95076966454116,0.3304498269896194,33.04474274875499,0.6517073170731708,0.004850597247939585,32.58536585365854,0.3875432525951557,19.377162629757784,0.6858536585365854,0.002041889226783313,13.717013408120192,0.4463667820069204,8.927296745478804,0.7082926829268292,0.0010543498466400224,7.082916542928326,0.486159169550173,4.861584635145726,0.3412627738283436,0.7907912550635106,0.35185185185185186,35.0679012345679,0.5123456790123457,10.247792389301823,0.5864197530864198,5.864700463757067
2019-01-29,28,6885750,940,493,0.00013651381476237156,0.15486670415763,0.8225736606955918,0.0007535930269693333,0.5,0.0682544292767935,499.9818472262562,0.07099391480730223,70.99133733435687,0.5329787234042553,0.03637815858263142,266.4796866599514,0.11561866125760649,57.80723182940487,0.55,0.015016410584100612,109.99920125475617,0.14198782961460446,28.39735971909619,0.5563829787234043,0.007595230834023149,55.637085867420105,0.15415821501014199,15.415485688233714,0.5712765957446808,0.0038993290539951785,28.56362237611415,0.18255578093306288,9.127722766852347,0.5957446808510638,0.001626535769264283,11.91480709916121,0.22920892494929007,4.584145211796956,0.625531914893617,0.0008539325189992724,6.255282811382171,0.28600405679513186,2.8600239537904573,0.28326188895990545,0.7695968331955341,0.3150684931506849,31.40182648401826,0.4383561643835616,8.767875185037243,0.4726027397260274,4.726432716934138
2019-01-30,29,6885750,987,382,0.00014333950550049013,0.2580519614684486,0.8871383961030769,0.002573409406763558,0.6616008105369807,0.09483009003775777,661.576790757336,0.17015706806282724,170.15089041731233,0.713272543059777,0.051118210862619806,356.6233236547967,0.2696335078534031,134.81185933063975,0.7355623100303952,0.02108687443724767,147.1113937753578,0.31675392670157065,63.350325329964285,0.7416413373860182,0.010630573063405849,74.16359520906467,0.3324607329842932,33.245831888039106,0.745694022289767,0.00534433181329693,37.2844303783276,0.34293193717277487,17.14647235170521,0.7548125633232016,0.002163886048889302,15.096229342593226,0.36649214659685864,7.329832287007736,0.7659574468085106,0.0010979148331779407,7.659541096813582,0.39528795811518325,3.95286235922673,0.3359882250876053,0.7898028769178719,0.36231884057971014,36.11111111111111,0.5,10.000857632933105,0.5652173913043478,5.652658662092625
2019-01-31,30,6885750,981,392,0.00014246814072541117,0.15170107805779434,0.90260893766072,0.0034801501580190427,0.6065239551478083,0.08640720302062155,606.5019349635523,0.1556122448979592,155.60659531021238,0.6982670744138634,0.049738600058088875,349.1208617227171,0.28061224489795916,140.3010285583882,0.7675840978593272,0.021871097040285805,153.51570483705197,0.42857142857142855,85.71366331539441,0.7787971457696228,0.01109529756890993,77.8791490674022,0.45663265306122447,45.66293373052262,0.7971457696228338,0.005678393784264604,39.85728848114169,0.5025510204081632,25.127551020408163,0.8093781855249745,0.002306181961823104,16.18735213417272,0.5306122448979592,10.612106192726298,0.8205912334352702,0.0011690742819632897,8.205864665676577,0.5586734693877551,5.586702240173945,0.22063226661809476,0.787650790123992,0.2890625,28.809895833333332,0.4609375,9.219540630360205,0.578125,5.78174581903945
2019-02-01,31,6885750,921,363,0.0001337544929746215,0.2307877154993822,0.8983161307103975,0.00358703861616656,0.6525515743756786,0.0872785361603253,652.527883133507,0.17355371900826447,173.54741804547734,0.7024972855591748,0.04697937844902701,351.235890505307,0.26721763085399447,133.603964685804,0.752442996742671,0.020127795527156548,150.4831357775442,0.38292011019283745,76.58124161371859,0.7752442996742671,0.010369165529059804,77.523867037702,0.44077134986225897,44.07681492802651,0.7937024972855592,0.005308063754856043,39.68512486427796,0.48484848484848486,24.242424242424242,0.8154180238870793,0.0021812879764850765,16.30814732256473,0.5399449035812672,10.798756926779337,0.8241042345276873,0.0011022684364924919,8.240982504427986,0.5619834710743802,5.61979390332338,0.291338528635499,0.7937085016705147,0.33070866141732286,32.960629921259844,0.5354330708661418,10.709579827392933,0.6220472440944882,6.221005929147364
2019-02-02,32,6885750,722,397,0.00010485422793450242,0.11660626548119565,0.8546313039051858,0.003740324794188204,0.538781163434903,0.05649143189079291,538.7616026897884,0.19395465994962216,193.9476183195049,0.6024930747922438,0.031585826314260816,301.2356004756529,0.29219143576826195,146.0904137991076,0.6578947368421053,0.0137965087571524,131.5779919315265,0.38287153652392947,76.57375127420627,0.6786703601108033,0.007115990647555149,67.86555761967156,0.42065491183879095,42.06457484415915,0.685595567867036,0.0035943535972581256,34.2795294768977,0.4332493702770781,21.662311215729403,0.6966759002770083,0.001460969177326223,13.933335890268754,0.4508816120906801,9.017514378647778,0.7049861495844876,0.0007392056371328116,7.049841019234429,0.4659949622166247,4.659936087152379,0.28453759992734856,0.7358583813728703,0.2814814814814815,28.05432098765432,0.4740740740740741,9.482294644558795,0.5333333333333333,5.333790737564322
2019-02-03,33,6885750,476,343,6.912827215626475e-05,0.01825369538632952,0.7426732265938909,0.0011709729026315142,0.3235294117647059,0.022364217252396165,323.5176658522834,0.09329446064139942,93.29107353492826,0.40756302521008403,0.014086552425210572,203.77411420565903,0.18950437317784258,94.74874655891152,0.45588235294117646,0.006302826105899097,91.17580852666956,0.25072886297376096,50.14540847023075,0.46638655462184875,0.003224026256934561,46.63831680396461,0.2653061224489796,26.530419597622082,0.4831932773109244,0.0016701158189013543,24.159663865546218,0.2857142857142857,14.285714285714285,0.5042016806722689,0.0006970908076958825,10.08401896868051,0.31486880466472306,6.297366947788237,0.5189075630252101,0.00035871131146017287,5.189068094300179,0.33527696793002915,3.3527648101650334,0.15016463052889684,0.7316554720400874,0.23931623931623933,23.85185185185185,0.42735042735042733,8.54774156660949,0.4700854700854701,4.70125786163522
2019-02-04,34,6885750,454,339,6.59332679809752e-05,0.030446166236880453,0.708560658676509,0.00039466312563211106,0.2841409691629956,0.018733662503630556,284.1306532695465,0.058997050147492625,58.994908227286864,0.31938325991189426,0.010528608771420273,159.6858322638924,0.09144542772861357,45.72105387614732,0.34140969162995594,0.004502018647070783,68.28144250895957,0.12094395280235988,24.188614917913664,0.36123348017621143,0.0023817130907084145,36.12308571441732,0.14454277286135694,14.45417232899719,0.3700440528634361,0.0012199106851105545,18.50220264317181,0.15634218289085547,7.817109144542773,0.3986784140969163,0.000525722650803978,7.973556702144255,0.19469026548672566,3.893799654868079,0.43392070484581496,0.00028609768565851843,4.339200746747012,0.24188790560471976,2.418875543175625,0.14946307677271656,0.770850662854172,0.24166666666666667,24.086111111111112,0.4083333333333333,8.167367066895368,0.49166666666666664,4.91708833619211
2019-02-05,35,6885750,416,270,6.041462440547507e-05,0.05599430855853637,0.8139149453598373,0.0009135181254647692,0.4254807692307692,0.025704327621260528,425.46532191849684,0.12222222222222222,122.21778487752927,0.4519230769230769,0.013650885855358699,225.95333480417347,0.15925925925925927,79.62673863232968,0.46634615384615385,0.0056347846292369805,93.26855351146284,0.1814814814814815,36.29603273725961,0.4831730769230769,0.002919050800197508,48.316956844855746,0.2037037037037037,20.37022245458447,0.5048076923076923,0.0015248662111431413,25.240018061006936,0.23703703703703705,11.851679732914437,0.5456730769230769,0.0006593298072259062,10.913413990638903,0.3,5.999973859170638,0.5889423076923077,0.00035580469952656193,5.889380311935153,0.36666666666666664,3.6666400418252056,0.1434762765252408,0.8101330663749389,0.20634920634920634,20.566137566137563,0.4365079365079365,8.730907457322552,0.5,5.000428816466552
2019-02-06,36,6885750,390,262,5.663871038013288e-05,0.05632837442384003,0.8402371345013558,0.0012001422006015802,0.4128205128205128,0.023380772582050537,412.80552514578073,0.13358778625954199,133.58293628182417,0.4641025641025641,0.013142608190531513,232.04285730244197,0.20610687022900764,103.04969370312152,0.4794871794871795,0.005431309904153354,95.89395428852298,0.22519083969465647,45.03653280358644,0.48717948717948717,0.00275930175143048,48.71759496131392,0.2366412213740458,23.663950304631793,0.5153846153846153,0.0014595359982572706,25.769230769230774,0.2786259541984733,13.931297709923665,0.541025641025641,0.0006128590017659633,10.820497106179442,0.31679389312977096,6.3358686611741355,0.6025641025641025,0.00034128106746908867,6.025579770064814,0.4083969465648855,4.083927948754339,0.11917944141870511,0.7836453857510776,0.16793893129770993,16.737913486005088,0.29770992366412213,5.954709124952536,0.44274809160305345,4.427860631374962
2019-02-07,37,6885750,530,400,7.697055513197545e-05,0.0510736991147028,0.8594971380588655,0.002921225960332643,0.3433962264150943,0.02643043857101365,343.3837592270892,0.145,144.99473569561428,0.4358490566037736,0.016773162939297124,217.9166164325758,0.2575,128.74532566076095,0.5150943396226415,0.00792936187516338,103.01811987152122,0.3575,71.49948081559151,0.5509433962264151,0.0042406111127247376,55.09393956498936,0.405,40.49970591652386,0.5811320754716981,0.002236502922702683,29.056603773584904,0.445,22.25,0.6226415094339622,0.0009584998605818385,12.452812103776216,0.5,9.999985477274839,0.6679245283018868,0.0005141037240570045,6.679225882878337,0.56,5.599983734571443,0.11362440039153766,0.7635851821968089,0.1610738255033557,16.053691275167786,0.28187919463087246,5.638067390378395,0.40268456375838924,4.027190993127425
2019-02-08,38,6885750,742,528,0.00010775877718476563,0.13949453474942478,0.8130923221668215,0.003528444091311208,0.40700808625336926,0.04385710136508859,406.99330960196596,0.17613636363636365,176.12996890924936,0.45417789757412397,0.024469939006680222,227.0807041984479,0.24053030303030304,120.26078522298207,0.48787061994609165,0.01051439193702983,97.57341547224145,0.2840909090909091,56.81776924315918,0.5175202156334232,0.00557669406604897,51.75164577533248,0.32575757575757575,32.5755210327446,0.5363881401617251,0.0028900265040119086,26.819407008086255,0.3522727272727273,17.613636363636363,0.5727762803234502,0.0012344316386281252,11.455508969924008,0.4015151515151515,8.030291368114645,0.6064690026954178,0.0006535188358651137,6.064645989296775,0.44886363636363635,4.488603770209575,0.12241476680903404,0.7449565217391305,0.16770186335403728,16.714285714285715,0.2857142857142857,5.714775790247488,0.37888198757763975,3.789144817446705
2019-02-09,39,6885750,1173,889,0.00017035181352793814,0.12721047033341012,0.7777763954052226,0.0033728902166119197,0.32310315430520037,0.05503920999128667,323.0914238682883,0.11586051743532058,115.85631105580289,0.3495311167945439,0.029770548939878013,174.75921343799234,0.1484814398200225,74.23802456002903,0.391304347826087,0.01333178425164832,78.26030128796882,0.20022497187851518,40.04470359616852,0.4151747655583973,0.00707252606814023,41.51717508414031,0.23172103487064116,23.17193522699639,0.4475703324808184,0.0038122208909704826,22.37851662404092,0.2744656917885264,13.72328458942632,0.49531116794543906,0.0016875357621068347,9.906180199426373,0.3374578177727784,6.74912695069813,0.556692242114237,0.0009483311984989355,5.5668981671475235,0.4184476940382452,4.184458709432842,0.13566119049965888,0.7134613330722608,0.15816326530612246,15.763605442176873,0.2857142857142857,5.714775790247488,0.3673469387755102,3.6737844365876713
2019-02-10,40,6885750,1811,1388,0.00026300693461133503,0.16797603304791697,0.847781818859673,0.008512627979209741,0.34014356709000554,0.08945686900958466,340.13121799157784,0.14481268011527376,144.80742261163903,0.387078961899503,0.05090037757769387,193.53245439293514,0.20389048991354466,101.94154377884043,0.43567090005521814,0.022916727177669988,87.1335473018449,0.26368876080691644,52.73736921566774,0.47045831032578683,0.012373289959046152,47.04548941772614,0.3090778097982709,30.90755654852659,0.5052457205963556,0.006644108164628656,25.262102592264917,0.35446685878962536,17.723214244609654,0.5543898398674766,0.0029161378020337446,11.087684080813835,0.4185878962536023,8.371672819296009,0.6167863059083379,0.0016221789770251823,6.167818272253533,0.5,4.999963693398007,0.17185398764696833,0.7409772553239926,0.17061611374407584,17.00473933649289,0.2843601895734597,5.6876915447960785,0.36492890995260663,3.6496020745774835
2019-02-11,41,6885750,1990,1505,0.00028900265040119087,0.10638793131736267,0.8390605060308576,0.0034871280717445594,0.2894472361809045,0.08364798141155969,289.43672764052616,0.07176079734219269,71.75819202715704,0.3256281407035176,0.047051989544002325,162.80815929779598,0.11495016611295682,57.47299639212114,0.37336683417085426,0.021580644224345753,74.67282460692903,0.17541528239202658,35.08280172909166,0.4190954773869347,0.012111882424700108,41.90924342003958,0.2345514950166113,23.4549791863056,0.4733668341708543,0.00684016381538819,23.668169845130265,0.30564784053156147,15.282281056233112,0.5376884422110553,0.0031078631843108094,10.75375322681817,0.39003322259136214,7.8006531231366525,0.6211055276381909,0.0017950010093250011,6.2110191959596115,0.5003322259136213,5.003293194513218,0.20467651185774965,0.7510888381957028,0.17903930131004367,17.84425036390102,0.3056768558951965,6.114061434980937,0.39737991266375544,3.974139932737609
2019-02-12,42,6885750,2712,1788,0.0003938568783356933,0.2152133847876397,0.8272923839631864,0.007170647766890803,0.3974926253687316,0.15654952076677317,397.47819418134526,0.10682326621923938,106.81938794207487,0.4564896755162242,0.08989253557943654,228.23655120431604,0.18568232662192394,92.83779266169857,0.5184365781710915,0.04083766592117111,103.68656272739821,0.27628635346756153,55.25686945276546,0.5394542772861357,0.021246623486014696,53.94503601357879,0.30648769574944074,30.648547024408373,0.551622418879056,0.01086301419598446,27.5811209439528,0.3232662192393736,16.16331096196868,0.5737463126843658,0.004519458942922951,11.47487625967246,0.354586129753915,7.091691697826595,0.601401179941003,0.0023686358342216323,6.013950662054427,0.3965324384787472,3.965284074017377,0.2165714642204422,0.7358793386490805,0.1897810218978102,18.914841849148416,0.30656934306569344,6.131912709243656,0.3795620437956204,3.7959459628651198
2019-02-13,43,6885750,3706,2732,0.0005382129760737756,0.12563769273381203,0.7653107280170821,0.0017567781874570643,0.2695628710199676,0.14507696776067383,269.5530843923529,0.027086383601756955,27.08540021577083,0.3038316243928764,0.08176009294220157,151.9102968097044,0.06185944363103953,30.928598895035613,0.33729087965461413,0.036306601992506314,67.45768609549388,0.10358711566617862,20.717272697388523,0.347004856988667,0.01867611606494525,34.70023372752206,0.11530014641288433,11.529930918157923,0.35509983810037776,0.009555897644427663,17.754862980333993,0.12628111273792095,6.314009788515054,0.3664328116567728,0.003944360696972601,7.328624303610115,0.14092240117130309,2.8184357439979206,0.3847814355099838,0.002070937600297425,3.8478031789659997,0.16581259150805272,1.6581210989861321,0.2550402535821862,0.7523992809947901,0.21631205673758866,21.559101654846337,0.3475177304964539,6.950950695230101,0.4078014184397163,4.078363928323784
2019-02-14,44,6885750,3449,2611,0.0005008895182078931,0.08269087209275693,0.7890846553560134,0.0020518618363561778,0.2316613511162656,0.11603252977054894,231.6529405240816,0.024511681348142474,24.51079143813129,0.2835604523050159,0.07101365088585536,141.7750787437746,0.06549214860206817,32.74488543687851,0.32705131922296315,0.0327630776380377,65.40978887970951,0.1156644963615473,23.1327312969161,0.3470571180052189,0.017383601034012024,34.705459791228854,0.13979318268862506,13.979216760553602,0.35604523050159465,0.0089169661983081,17.802261525079732,0.15051704327843737,7.525852163921869,0.3722818208176283,0.003729370828419897,7.445495848591565,0.1711987744159326,3.4239108463537207,0.38445926355465354,0.0019257133562598755,3.844587052150316,0.1872845653006511,1.8728429331242424,0.2834708211313561,0.7825523023636232,0.2339622641509434,23.31823899371069,0.3849056603773585,7.6987734230881255,0.46037735849056605,4.604168419689958
2019-02-15,45,6885750,2892,1449,0.0004199978215880623,0.1786214550209475,0.9376269177041384,0.013410055066313747,0.47130013831258644,0.19793784490270114,471.283027503034,0.10213940648723258,102.13569826015998,0.6033886583679114,0.12670636073191985,301.6833760061608,0.2587991718426501,129.3948879985135,0.7247579529737206,0.060878910221034595,144.95053805480254,0.46307798481711526,92.6149244518996,0.7873443983402489,0.03306805309477475,78.73386811803086,0.5817805383022774,58.17763138073872,0.8215767634854771,0.017253022546563555,41.078838174273855,0.6480331262939959,32.40165631469979,0.8502766251728907,0.007142213999204162,17.00535962829186,0.7053140096618358,14.10613679134507,0.8699861687413555,0.0036538964245258357,8.69979851493042,0.7439613526570048,7.439559505152591,0.4087292968352328,0.8325229017542558,0.3305084745762712,32.940677966101696,0.5508474576271186,11.01789400238393,0.6016949152542372,6.017465185917377
2019-02-16,46,6885750,1549,666,0.00022495733943288677,0.1609851227607412,0.9208553192193889,0.002294648277407262,0.46739832149774047,0.1051408655242521,467.3813523457836,0.05555555555555555,55.55353858069513,0.5726275016139445,0.06440604124310195,286.30335602949594,0.11561561561561562,57.805709063696284,0.6752743705616526,0.030381364547329287,135.05389343561822,0.26576576576576577,53.15276719107792,0.7211103938024532,0.01622178977025182,72.1105157588841,0.36186186186186187,36.185923426694295,0.7598450613298903,0.008546636168899538,37.992253066494506,0.4444444444444444,22.22222222222222,0.7921239509360878,0.003563866402934744,15.842409996131641,0.5195195195195195,10.390345121486693,0.8315041962556488,0.0018705161346539254,8.31498158437267,0.6111111111111112,6.111066736375343,0.3416189802656331,0.804719771221861,0.27091633466135456,27.00132802124834,0.50199203187251,10.040701687247578,0.5657370517928287,5.6578557126553815
2019-02-17,47,6885750,1873,1035,0.000272011037287151,0.20740987842568484,0.8649002552834127,0.003149340613239647,0.43139348638547786,0.11733952948010457,431.37782440877197,0.0782608695652174,78.25802826150097,0.4997330485851575,0.06796398489689225,249.85745275161545,0.13623188405797101,68.1134690424175,0.5654030966364122,0.030758953208051353,113.07979821267463,0.22318840579710145,44.637357030915545,0.6102509343299519,0.016599137367664357,61.02376408403355,0.2985507246376812,29.854422111472907,0.6422851041110518,0.00873536843939702,32.11402201365618,0.3565217391304348,17.825957515592894,0.6700480512546716,0.0036452040152430525,13.400941563246047,0.4057971014492754,8.115930242425957,0.7042178323545115,0.0019155363211246332,7.042127188032003,0.4676328502415459,4.676294546095914,0.29273842721362303,0.7673332749595031,0.2277580071174377,22.69988137603796,0.4128113879003559,8.256935839289966,0.4875444839857651,4.8758629740634705
2019-02-18,48,6885750,2989,2032,0.00043408488545183897,0.15088694224633648,0.8265810250211076,0.005288883606475101,0.3412512546002007,0.14812663374963694,341.2388652865716,0.06988188976377953,69.87935266351218,0.39344262295081966,0.08539064769096719,196.71416940049423,0.12549212598425197,62.743784961956365,0.46637671462027436,0.040489122542043045,93.27466562190462,0.21998031496062992,43.99574352261633,0.5078621612579458,0.022045368729849836,50.78584735080746,0.2795275590551181,27.95255293159516,0.5356306457009034,0.011625373958000522,26.78133781575848,0.31938976377952755,15.969372229406039,0.5754432920709267,0.004995817455153825,11.508849127408983,0.3779527559055118,7.559044140302241,0.6142522582803613,0.002666368467143108,6.142504741596071,0.43503937007874016,4.350381064891342,0.31657509993855476,0.7641276124333642,0.22865853658536586,22.789634146341463,0.3902439024390244,7.805547420825837,0.4847560975609756,4.847976718403547
2019-02-19,49,6885750,4271,3204,0.0006202664923937117,0.13563513285586087,0.8203846162182487,0.007262433535324741,0.2631702177476001,0.1632297415045019,263.1606632087623,0.0568039950062422,56.80193270610401,0.32100210723483963,0.09954981121115307,160.4952265387959,0.11079900124843944,55.39748931501902,0.38890189651135565,0.04824421272764239,77.7798145140163,0.19257178526841448,38.51407738859639,0.4577382346054788,0.028391350440755747,45.772826339834666,0.2818352059925094,28.182906659447877,0.4956684617185671,0.015372326907018117,24.78342308592835,0.33083645443196,16.541822721598002,0.5312573167876375,0.006590355251807337,10.625038322437923,0.37796504369538075,7.559224027422931,0.5680168578787169,0.003523192657352813,5.680127333263201,0.4266541822721598,4.26651084199443,0.31653905255751813,0.7763887923569714,0.20414201183431951,20.346153846153847,0.4260355029585799,8.521440823327616,0.4911242603550296,4.911663807890223
2019-02-20,50,6885750,4732,3233,0.0006872163526122789,0.1809512322883836,0.873351822038082,0.011769102962549044,0.3239644970414201,0.2226256171943073,323.9527353329885,0.06835756263532324,68.35508087658683,0.3991969568892646,0.1371623584083648,199.59123191259468,0.14321064027219302,71.60272046574593,0.49556213017751477,0.06811118533794185,99.11170634842205,0.2681719764924219,53.634005841955734,0.554945054945055,0.038136454732928635,55.494102531120745,0.35075781008351375,35.07552631186724,0.6088334742180896,0.020920015975020877,30.44167371090448,0.4287039901020724,21.43519950510362,0.6553254437869822,0.009006967983293106,13.106451773237639,0.49644293226105785,9.928815387121224,0.6855452240067624,0.004711137832731371,6.855392504592147,0.5406742963192082,5.406695851148938,0.35258942358916723,0.7912207976858774,0.2409972299168975,24.019390581717452,0.4265927977839335,8.53258767574348,0.5124653739612188,5.125093246793973
2019-02-21,51,6885750,4127,2583,0.0005993537377918164,0.19889027057981581,0.9100691513982496,0.017170445689569852,0.36951780954688634,0.2214638396747023,369.5043940005043,0.07007355787843593,70.07101381955275,0.48194814635328326,0.14442346790589602,240.96532448098463,0.19589624467673247,97.94456627815936,0.6176399321541071,0.07403642278311888,123.52708945453377,0.39411536972512584,78.82250158543046,0.6966319360310153,0.041752592291382264,69.66268775633279,0.5172280294231514,51.72242736647107,0.7424279137387934,0.022248847257016303,37.12139568693967,0.589237320944638,29.461866047231904,0.7739277925854131,0.009277089886694028,15.478488414660383,0.6391792489353465,12.783529283121338,0.7923431063726678,0.004748882850723878,7.923339008813167,0.6686024003097174,6.685946324455638,0.39748696473802125,0.7969062320829058,0.26706231454005935,26.617210682492583,0.47477744807121663,9.496363330975054,0.5519287833827893,5.519761186129251
2019-02-22,52,6885750,2747,1613,0.00039893983952365395,0.10298842233889666,0.8922934328426866,0.006802439883095465,0.3760465962868584,0.15001452221899506,376.0329437092993,0.059516429014259145,59.51426823771927,0.47906807426283216,0.09555620098751089,239.52534071705608,0.15189088654680719,75.94268603250636,0.5748088824171824,0.04586249963693398,114.96094170914384,0.28394296342219466,56.78818032427247,0.6403349108117947,0.025545325161927444,64.03302611348448,0.3911965282083075,39.119368760497736,0.701856570804514,0.013999927386268743,35.092828540225696,0.4941103533787973,24.705517668939866,0.7524572260647979,0.006003642267732819,15.048991534416185,0.5796652200867948,11.593186546301377,0.784856206771023,0.003131099544567339,7.848550669459248,0.6348419094854308,6.348409875219737,0.39050316903467625,0.8251842475672768,0.27564102564102566,27.472222222222225,0.5032051282051282,10.064965694682675,0.5641025641025641,5.6415094339622645
2019-02-23,53,6885750,2242,1350,0.0003255999709545075,0.10545199337381027,0.8707818159494477,0.0035763247351097583,0.35057983942908116,0.11414464130119083,350.5671114360726,0.042222222222222223,42.2206893213283,0.4264049955396967,0.06941620679639848,213.19475733644106,0.09481481481481481,47.40568625552651,0.5249776984834968,0.034186296436143945,104.99477729044521,0.22592592592592592,45.18485708107829,0.5807314897413024,0.01890847831769729,58.072727286389,0.3111111111111111,31.110885203365385,0.631578947368421,0.010282104345931816,31.578947368421055,0.3925925925925926,19.62962962962963,0.6904549509366636,0.004496235709638442,13.809078964158298,0.4888888888888889,9.777763577779844,0.7221231043710973,0.0023512292034575705,7.221220556515596,0.5407407407407407,5.407399554378247,0.3790439569957073,0.8426950792633408,0.272108843537415,27.120181405895693,0.5102040816326531,10.204956768299086,0.5850340136054422,5.850841880491476
2019-02-24,54,6885750,2532,1380,0.00036771593508332426,0.17167045659093852,0.8980993775789583,0.006820475765757033,0.42614533965244866,0.15669474295672378,426.12986821258323,0.0782608695652174,78.25802826150098,0.5240916271721959,0.09635492303223933,262.03629986936886,0.17318840579710146,86.59105904860523,0.6263823064770933,0.04606581660809202,125.27555162289478,0.32608695652173914,65.21691773997402,0.6793048973143759,0.024978942170844346,67.92999646638683,0.41594202898550725,41.59390086971676,0.7195892575039494,0.013230125766069302,35.97920161678977,0.4891304347826087,24.456344152490257,0.7531595576619273,0.0055389351999767635,15.063081774581358,0.5507246376811594,11.01441277386228,0.7812006319115324,0.0028725908649286864,7.811983628824132,0.6021739130434782,6.021721640047708,0.3942828349412502,0.8560986789163488,0.26262626262626265,26.175084175084173,0.5151515151515151,10.303913924840169,0.6195286195286195,6.195817523433304
2019-02-25,55,6885750,3057,1825,0.0004439603529027339,0.1765757503273436,0.9297841626324327,0.013235133635433547,0.37618580307491006,0.16700551844321812,376.1721454433723,0.0936986301369863,93.69522835692034,0.4815178279358849,0.1068835318036596,240.75017308375828,0.19506849315068492,97.53070554112175,0.6179260713117435,0.054866536931075544,123.58431687051142,0.3841095890410959,76.82135997966034,0.7029767746156362,0.03120915507275843,70.2971670076043,0.5183561643835617,51.83524004333715,0.7621851488387308,0.016918999382783285,38.10925744193654,0.6158904109589041,30.794520547945208,0.8063460909388289,0.007159703504043127,16.126898398091253,0.6882191780821918,13.76436357200789,0.8423290807981682,0.003739601728785203,8.423278575067947,0.7479452054794521,7.479441192591867,0.36828760036839236,0.825561582029375,0.25252525252525254,25.16835016835017,0.47474747474747475,9.495763813087997,0.5757575757575758,5.7580695462342115
2019-02-26,56,6885750,3318,2113,0.000481864720618669,0.16484921998958937,0.922401759753769,0.014175736343602734,0.36738999397227246,0.1770258495498112,367.3766556773998,0.10222432560340748,102.22061429329989,0.45690174804098854,0.11007841998257334,228.44257998643894,0.1982962612399432,99.14453099280706,0.578963230861965,0.05579598594208371,115.79180536488936,0.3549455750118315,70.98859952765746,0.6732971669680531,0.03244357954050364,67.32922779416002,0.49503076194983436,49.50271673728647,0.7317661241711875,0.017630613949097776,36.58830620855937,0.5858968291528632,29.294841457643162,0.7827004219409283,0.007543103448275862,15.653985704932344,0.664931377188831,13.298608230545337,0.824291742013261,0.00397197109973496,8.24291742013261,0.7297681022243256,7.297681022243256,0.34508079243763234,0.7897007368400901,0.25878594249201275,25.792332268370608,0.45686900958466453,9.13816384351076,0.5623003194888179,5.623485442160468
2019-02-27,57,6885750,2842,1839,0.00041273644846240423,0.1630097384899651,0.8791971477219584,0.008049412393615006,0.36629134412385644,0.15117629973860006,366.27804571606805,0.0957041870581838,95.70071246527579,0.44405348346235046,0.09163520185884404,222.0186809287598,0.1653072321914084,82.65061531092002,0.525686136523575,0.04339365070144355,105.13646386962172,0.2751495377922784,55.029507968665406,0.5840957072484166,0.024107583723024194,58.40914659423429,0.3621533442088091,36.21507144973435,0.6185784658691063,0.012765493954906873,30.928923293455316,0.4148994018488309,20.744970092441545,0.6850809289232934,0.005655149177432847,13.701598679981783,0.5165851005981512,10.331687007516148,0.7399718508092892,0.003054129101217585,7.399707761685076,0.6008700380641653,6.008691654371234,0.3149792303295187,0.7585120238730894,0.23270440251572327,23.19287211740042,0.41823899371069184,8.365497265283667,0.5377358490566038,5.3778196705395
2019-02-28,58,6885750,2336,1571,0.00033925135243074463,0.1025325218193002,0.8728651781846077,0.005361446134555533,0.3184931506849315,0.1080453093232646,318.4815876167249,0.08211330362826226,82.11032245981801,0.3951198630136986,0.06702004066221319,197.55275898537437,0.14258434118395927,71.28958229069471,0.4828767123287671,0.03276212605286088,96.57183624507141,0.2380649267982177,47.61125674414253,0.5295376712328768,0.017964506665892124,52.95338260901828,0.3029917250159134,30.298952489592,0.5642123287671232,0.00957035079184124,28.21020674868186,0.3532781667727562,17.663651813904647,0.6528253424657534,0.00442943117390092,13.056487887709016,0.48504137492043287,9.700813410163498,0.7127568493150684,0.0024180232043091643,7.127527088643762,0.5741565881604074,5.741532528476071,0.3053439588126177,0.778358025970646,0.22945205479452055,22.868721461187214,0.4349315068493151,8.699376160154138,0.5136986301369864,5.137426866232759
2019-03-01,59,6885750,2170,1292,0.0003151435936535599,0.1827736091957671,0.8766228751963717,0.0037052830732247125,0.36589861751152075,0.11530641882079581,365.885333361887,0.04024767801857585,40.24621680459028,0.4465437788018433,0.07036015103107755,223.26378339273836,0.10294117647058823,51.46871956740872,0.5294930875576037,0.03337302855151181,105.89784854772923,0.21671826625386997,43.34333851862049,0.5953917050691244,0.018763251909727264,59.53873817391913,0.3258513931888545,32.584902707748626,0.6589861751152074,0.01038376356969103,32.94930875576037,0.4311145510835913,21.555727554179565,0.7184331797235023,0.00452818570499117,14.368642727254816,0.5301857585139319,10.603699770794528,0.7506912442396313,0.0023657484929063854,7.506890638262739,0.5835913312693498,5.835896362045095,0.2976872598241917,0.7979594026473141,0.25925925925925924,25.839506172839506,0.45925925925925926,9.185972936916333,0.5518518518518518,5.518991804840861
2019-03-02,60,6885750,2403,1432,0.00034898159241912645,0.19013566238094146,0.8872212115768234,0.0034662454512275082,0.39658759883478983,0.1383967470229451,396.5732005048873,0.05097765363128492,50.9758028596602,0.4469413233458177,0.07798431600348533,223.4625484481894,0.09636871508379888,48.18260818241854,0.5064502704952143,0.03534810769990415,101.28931859950687,0.17667597765363127,35.33493895055017,0.5588847274240533,0.019503906590374393,55.88806691829816,0.263268156424581,26.32662447501465,0.6333749479816896,0.011051809897251571,31.66874739908448,0.38756983240223464,19.37849162011173,0.7195172700790678,0.005021958360442421,14.390324502878235,0.5321229050279329,10.642442644809256,0.7702871410736579,0.002688156427177247,7.702860224068135,0.61731843575419,6.173175392395921,0.3657642106207936,0.8413969686977839,0.30158730158730157,30.058201058201057,0.5238095238095238,10.477088948787062,0.6150793650793651,6.151321163113616
2019-03-03,61,6885750,2242,1332,0.0003255999709545075,0.1443680265942485,0.9025972768606023,0.003780957321938406,0.39741302408563783,0.12939297124600638,397.39859578821967,0.06231231231231231,62.310050029698594,0.4567350579839429,0.07435376125471972,228.359237983803,0.12237237237237238,61.18396478819802,0.5245316681534344,0.03415725115454994,104.90557187218657,0.21246246246246248,42.49218394088997,0.5758251561106156,0.018748729268930262,57.58209748596635,0.29354354354354356,29.354141202982298,0.6213202497769849,0.01011509276404168,31.066012488849243,0.3686186186186186,18.430930930930934,0.6895628902765388,0.00449042661957431,13.791237776866105,0.4827327327327327,9.654640633465048,0.7484388938447815,0.002436913281903523,7.484378069075461,0.581081081081081,5.810802371929975,0.335384320491262,0.8428207611089547,0.2619047619047619,26.1031746031746,0.5119047619047619,10.238973290860082,0.5912698412698413,5.913205505186637
2019-03-04,62,6885750,2092,1214,0.0003038158515775333,0.12893474158027932,0.9068376350209996,0.0032952687186369803,0.3986615678776291,0.12111530641882079,398.647094251145,0.047775947281713346,47.77421274979054,0.46367112810707456,0.07043276212605286,231.82714713645723,0.1128500823723229,56.422992644149176,0.5339388145315488,0.03244357954050364,106.78698748614865,0.20757825370675453,41.51534928290933,0.5999043977055449,0.018225914200238173,59.99000416075048,0.31466227347611203,31.4659988612527,0.6443594646271511,0.009788330973387067,32.217973231357554,0.3904448105436573,19.522240527182866,0.6892925430210325,0.004188353936239428,13.785830839608337,0.46622734761120266,9.32453341044079,0.745697896749522,0.0022655352544878656,7.456935649421521,0.5626029654036244,5.6259969720656695,0.2814946870172409,0.8237656221224433,0.27312775330396477,27.221732745961823,0.46255506607929514,9.251894726501991,0.5462555066079295,5.463023552791652
2019-03-05,63,6885750,1604,727,0.00023294484987111062,0.20909730202125293,0.9300160817010644,0.003062491821513679,0.5679551122194514,0.13229741504501888,567.9344922981538,0.09766162310866575,97.65807744997025,0.6265586034912718,0.07297415045018879,313.2679279690695,0.19119669876203577,95.5948786306047,0.6677057356608479,0.03110749658717941,133.54017744711388,0.27097661623108665,54.19492971661114,0.7001246882793017,0.016308925615033838,70.01196044496213,0.34112792297111416,34.112544593196866,0.7188279301745636,0.008372363213883745,35.941396508728175,0.38239339752407153,19.119669876203577,0.75,0.0034941575246377316,14.999934647926597,0.4511691884456671,9.023344455790783,0.809850374064838,0.00188649651891289,8.098468457047652,0.5832187070151307,5.83216166045014,0.31216226216287896,0.8151278668287572,0.2850467289719626,28.409657320872277,0.45794392523364486,9.15966400025649,0.5560747663551402,5.561224571584297
2019-03-06,64,6885750,1592,419,0.0002312021203209527,0.3184001655609837,0.9600465793818387,0.004090842151368194,0.7242462311557789,0.16744118501307,724.2199369998409,0.162291169451074,162.28527738131467,0.8084170854271356,0.09345047923322684,404.19386770112544,0.324582338902148,162.28527738131467,0.8486180904522613,0.03924017543350083,169.7223856728821,0.4295942720763723,85.91823053094429,0.8668341708542714,0.020041244299863488,86.68278764936244,0.4964200477326969,49.64164430676781,0.8775125628140703,0.010144138256544312,43.87562814070351,0.5346062052505967,26.730310262529834,0.8957286432160804,0.004141881215726368,17.914546847479798,0.60381861575179,12.076354776852193,0.9076633165829145,0.002098533785667813,9.07661998408426,0.649164677804296,6.49163735040276,0.38758556022041996,0.8560288195889776,0.3247422680412371,32.365979381443296,0.5567010309278351,11.134975508832735,0.6288659793814433,6.28919912998886
2019-03-07,65,6885750,1185,371,0.00017209454307809608,0.25799924404415303,0.9334589763432186,0.0032222350441844195,0.6742616033755274,0.11603252977054894,674.237123938867,0.15363881401617252,153.6332360749143,0.7493670886075949,0.06447865233807726,374.6699412125869,0.2776280323450135,138.80897645365064,0.8008438818565401,0.027563972232710798,160.16761333450495,0.3881401617250674,77.62746866299872,0.8168776371308016,0.014057916291498445,81.6871705520552,0.431266846361186,43.126371479443726,0.8354430379746836,0.007188707194516251,41.771848577755506,0.48787061994609165,24.393353868060363,0.8556962025316456,0.0029452086625151035,17.11389919655137,0.5525606469002695,11.051196888632571,0.8776371308016878,0.0015103612232183184,8.776345816688215,0.6199460916442049,6.199442909854793,0.3927379385719758,0.8442604945072686,0.3595505617977528,35.835205992509366,0.5898876404494382,11.798764623123326,0.6629213483146067,6.62978202632644
2019-03-08,66,6885750,1493,605,0.00021682460153214973,0.23305588866427995,0.9147106612871055,0.002306104766172397,0.5833891493636972,0.1264885274469939,583.3679691012312,0.10413223140495868,104.1284508272864,0.6369725385130609,0.06905315132152193,318.4747064381578,0.1652892561983471,82.6416276407035,0.679839249832552,0.02948096081791513,135.96686266038787,0.24462809917355371,48.92526457010943,0.6939048894842599,0.015045455865694618,69.38998508185313,0.27768595041322314,27.768393404656702,0.7160080375083724,0.007762407871328468,35.80040187541862,0.3239669421487603,16.198347107438018,0.75284661754856,0.003264708616042383,15.05691048420217,0.4099173553719008,8.198335201203836,0.797052913596785,0.0017281992744467584,7.970494409927507,0.5190082644628099,5.190060032450635,0.2659123271183705,0.8304016315746934,0.24299065420560748,24.218068535825545,0.4158878504672897,8.318470367579872,0.5467289719626168,5.467758612398006
2019-03-09,67,6885750,1498,963,0.00021755073884471553,0.08481211789063521,0.8818491107927043,0.0017574769803847502,0.37383177570093457,0.0813244263723497,373.8182035336495,0.05711318795430945,57.111114428751996,0.40854472630173566,0.04443799012489108,204.26494693088702,0.0976116303219107,48.804043239115344,0.4512683578104139,0.019634610357547416,90.25301620125643,0.15472481827622014,30.944738953948207,0.48798397863818427,0.010616050422608847,48.7980435230166,0.20768431983385255,20.76828117714645,0.5307076101468625,0.005772749716808505,26.535187825443366,0.2720664589823468,13.603224171030924,0.6041388518024032,0.002628605619116498,12.082724393745947,0.3852544132917965,7.705054696269667,0.6815754339118825,0.0014827723922593763,6.8157543391188256,0.5046728971962616,5.046728971962617,0.18643634397089537,0.7963219400281918,0.1659919028340081,16.543859649122805,0.3360323886639676,6.721224158165569,0.46963562753036436,4.696759050284372
2019-03-10,68,6885750,2048,1523,0.0002974258432269542,0.11161576948411588,0.841749653945971,0.0030997664830089778,0.30078125,0.08945686900958466,300.7703299720447,0.07550886408404466,75.5061226933939,0.33154296875,0.049302933488237,165.76546595050192,0.10899540380827315,54.49572333523212,0.36669921875,0.021813006477097795,73.33931120589655,0.15167432698621142,30.33464512606539,0.39599609375,0.011777861686369049,39.59932182954867,0.18975705843729482,18.975568055049564,0.43310546875,0.006440791193470621,21.655116191621254,0.23900196979645436,11.950011716328792,0.50048828125,0.0029771586578678315,10.009751088092491,0.32961260669730796,6.5922425601995664,0.57666015625,0.0017151338414350776,5.76659318782304,0.4313854235062377,4.313847970170433,0.19554463690777615,0.7667413928533722,0.14733542319749215,14.68443051201672,0.2727272727272727,5.455013254327148,0.3573667711598746,3.57397420111089
2019-03-11,69,6885750,2092,1492,0.0003038158515775333,0.1007935349802488,0.8236439895073087,0.0018131505648415914,0.2762906309751434,0.08393842579146094,276.28060009252016,0.028820375335120642,28.8193289956153,0.31644359464627153,0.04806854487365669,158.21605299415947,0.06166219839142091,30.82997985577451,0.3690248565965583,0.0224229573905719,73.80443539776792,0.12064343163538874,24.128511120955533,0.4149139579349904,0.012605652211798194,41.49109451118041,0.18230563002680966,18.230430624721958,0.4612810707456979,0.00700722506626003,23.0640535372849,0.24664879356568364,12.332439678284182,0.527246653919694,0.003203703865066848,10.544887136177845,0.3378016085790885,6.756002736867743,0.5903441682600382,0.0017935565573008645,5.903433109194277,0.42560321715817695,4.256025990663219,0.31208847613275964,0.7856902604375591,0.2140845070422535,21.337089201877934,0.37746478873239436,7.549943227115696,0.4647887323943662,4.648285942067499
2019-03-12,70,6885750,2038,1329,0.00029597356860182263,0.09483179233307577,0.8934261900946027,0.004832164465688687,0.331207065750736,0.09802497821667151,331.19504109688216,0.07674943566591422,76.746649235633,0.40922473012757604,0.060557653209410395,204.60493649985162,0.1399548532731377,69.97488606778303,0.49362119725220804,0.029219553283569084,98.72352258210785,0.23401053423626786,46.80176700216043,0.5637880274779196,0.016686514275755904,56.378393363241514,0.33559066967644846,33.55882328450732,0.6207065750736016,0.009185570304104098,31.03510339621432,0.4198645598194131,20.993075552416013,0.6879293424926398,0.004072172134956781,13.758566868635256,0.5221971407072987,10.443927646694865,0.739450441609421,0.00218857786007334,7.394504416094209,0.600451467268623,6.004514672686231,0.3869910355875804,0.8248709796702546,0.2471590909090909,24.633522727272727,0.45738636363636365,9.148511811944488,0.5397727272727273,5.398190199594574
2019-03-13,71,6885750,1846,1104,0.00026808989579929564,0.07966845348773584,0.913647732026128,0.0024332087565253828,0.33531960996749727,0.08989253557943654,335.3074360054741,0.04891304347826087,48.91126766343811,0.4079089924160347,0.05467615451641011,203.94709152836995,0.08695652173913043,43.47668236750054,0.5021668472372698,0.026924976037642684,100.4326401685797,0.1793478260869565,35.869304756985706,0.5547128927410617,0.014871184176130588,55.470886479301846,0.259963768115942,25.996188043572975,0.6034669555796316,0.008089169661983081,30.173347778981583,0.33967391304347827,16.983695652173914,0.6749729144095341,0.0036190631099544566,13.499438683298429,0.4583333333333333,9.166653354168604,0.7481040086673889,0.0020055825193369525,7.481007493241831,0.5806159420289855,5.80613412398608,0.39694500669515426,0.8633254166440475,0.24615384615384617,24.533333333333335,0.5046153846153846,10.093173241852488,0.6215384615384615,6.215917667238422
2019-03-14,72,6885750,1784,1159,0.00025908579312347964,0.10059662350213161,0.9015949948966939,0.0016067534396660068,0.30437219730941706,0.07885564914318909,304.3611469101537,0.027610008628127698,27.609006231648312,0.35201793721973096,0.04559976764449608,176.00257850789737,0.05263157894736842,26.3148340645398,0.4170403587443946,0.02160968950593976,83.40746609614614,0.11561691113028473,23.123214319769904,0.4674887892376682,0.012111882424700108,46.74853946517868,0.181190681622088,18.118936593849554,0.5123318385650224,0.006636895036851468,25.616591928251122,0.25021570319240727,12.510785159620362,0.6289237668161435,0.003258899525978251,12.578457068948847,0.4288179465056083,8.576346474901804,0.7247757847533632,0.0018777910902951747,7.247757847533632,0.5763589301121657,5.763589301121657,0.33782005467284837,0.8389737548961371,0.24045801526717558,23.96564885496183,0.5267175572519084,10.535254605685255,0.6221374045801527,6.221907611328611
2019-03-15,73,6885750,1818,1196,0.0002640235268489271,0.16143693825686437,0.9077120212340818,0.00233948000639327,0.3481848184818482,0.09192564623874529,348.17217744138634,0.04933110367892977,49.329312686202535,0.37458745874587457,0.049448155678187625,187.2869295715514,0.07107023411371237,35.5338269349764,0.42574257425742573,0.022480395004356665,85.1454234880357,0.13043478260869565,26.086009420500325,0.4724972497249725,0.012474948444625171,47.24938187710549,0.19899665551839466,19.89952105399207,0.5445544554455446,0.007188759394401481,27.22772277227723,0.3085284280936455,15.426421404682275,0.6694169416941694,0.0035348313040245377,13.388319390366865,0.4983277591973244,9.966540709792316,0.7524752475247525,0.001986711687180046,7.524752475247526,0.6245819397993311,6.245819397993312,0.31489317575613435,0.8381655117972108,0.24615384615384617,24.533333333333335,0.4807692307692308,9.616209262435676,0.573076923076923,5.7312607204116635
2019-03-16,74,6885750,1876,1104,0.0002724467196746905,0.13630979858708445,0.9306751482508839,0.00341743629555183,0.38646055437100213,0.10528608771420273,386.4465237089933,0.05434782608695652,54.34585295937567,0.4504264392324094,0.06135637525413883,225.20504312696508,0.11141304347826086,55.704499283360065,0.5266524520255863,0.028696738214876994,105.32972556667872,0.20742753623188406,41.4852060068168,0.585820895522388,0.015960382235905776,58.58166416891695,0.29981884057971014,29.98166634990472,0.6572494669509595,0.00895327306393639,32.862473347547976,0.42028985507246375,21.014492753623188,0.7473347547974414,0.0040721248242770675,14.946499738148091,0.572463768115942,11.449125716846014,0.8182302771855011,0.0022292188875108554,8.182219592045774,0.6920289855072463,6.920219504658155,0.37584953983779024,0.861783678405267,0.2358490566037736,23.506289308176104,0.49056603773584906,9.812162205896632,0.5943396226415094,5.9439059516489205
2019-03-17,75,6885750,1905,1276,0.0002766583160875722,0.07343256049163764,0.9228918196999901,0.003980453327141226,0.29343832020997374,0.08117920418239907,293.42766677110467,0.04780564263322884,47.80390702320004,0.3711286089238845,0.051336044147545744,185.5575674482746,0.10031347962382445,50.15491884401315,0.47086614173228347,0.026053617589822532,94.1725445244727,0.21786833855799373,43.57335130923655,0.546981627296588,0.015132591710476633,54.697765548774,0.32523510971786834,32.52327480815318,0.6178477690288714,0.008546636168899538,30.892388451443566,0.42946708463949845,21.47335423197492,0.710236220472441,0.003929838013994057,14.204662522236,0.567398119122257,11.3479129415871,0.784251968503937,0.0021696825350721776,7.842462737991205,0.6778996865203761,6.778947640735543,0.38412694632586397,0.873170222008675,0.22811671087533156,22.735632183908045,0.47214854111405835,9.44378068255752,0.5888594164456233,5.889099189684745
2019-03-18,76,6885750,1968,1321,0.0002858076462259013,0.1006050689628341,0.9174663466851022,0.0034692883845712317,0.2728658536585366,0.07798431600348533,272.85594711432884,0.04012112036336109,40.11966374412048,0.33689024390243905,0.048141155968632006,168.43900645884545,0.07494322482967448,37.47025198743327,0.453760162601626,0.02593743646344651,90.75137354074026,0.1975775927327782,39.51523161171476,0.5279471544715447,0.015089023788085626,52.79433208781027,0.3005299015897048,30.052771934579997,0.5990853658536586,0.008561158915150855,29.95426829268293,0.40423921271763813,20.211960635881905,0.6961382113821138,0.003979168905554281,13.922541814746133,0.5480696442089327,10.96121777849581,0.7698170731707317,0.0022001960570743927,7.698170731707317,0.6578349735049205,6.578349735049205,0.39428816272107675,0.8737568674497258,0.22058823529411764,21.98529411764706,0.4681372549019608,9.36354807789325,0.5808823529411765,5.809321713247907
2019-03-19,77,6885750,1916,1265,0.00027825581817521696,0.08654854652479031,0.9029003443790822,0.002632172933582603,0.2980167014613779,0.08292187046180656,298.0058818018708,0.03557312252964427,35.571831027954985,0.34707724425887265,0.04828637815858263,173.53232171474966,0.06640316205533597,33.20037562609132,0.43475991649269313,0.024194719567806208,86.95135191232859,0.16205533596837945,32.41083184653254,0.49739039665970775,0.013840076679543407,49.738678494867436,0.2458498023715415,24.584801717735658,0.5715031315240083,0.007951145836358883,28.574949082833076,0.3557312252964427,17.786432110902002,0.6602296450939458,0.0036742174497735925,13.204458666377095,0.48774703557312254,9.754841544500518,0.7505219206680585,0.002088367878055581,7.505208307057003,0.6245059288537549,6.245050219009584,0.3595160058035005,0.866513733359886,0.18719211822660098,18.6568144499179,0.45566502463054187,9.114082079274011,0.5886699507389163,5.887204370125645
2019-03-20,78,6885750,1502,1017,0.0002181316486947682,0.06048061191842561,0.8984664648989891,0.0018544159343694563,0.2669773635153129,0.05823409817020041,266.9676707559637,0.0344149459193707,34.41369646591734,0.3255659121171771,0.03550682544292768,162.77704613424717,0.06981317600786627,34.90532070114473,0.40279627163781623,0.017572395364373057,80.55866936100651,0.14257620452310718,28.515033846320986,0.46870838881491345,0.010223939121089778,46.870498537312876,0.22615535889872174,22.615371671220096,0.5299600532623169,0.005780053008023817,26.498002663115845,0.31268436578171094,15.634218289085547,0.611185086551265,0.0026663723394367506,12.223683978879231,0.4296951819075713,8.593891157461368,0.7057256990679095,0.0015394066313571323,7.057236492588131,0.5683382497541789,5.683365989925365,0.3541039632592857,0.8757427775191392,0.19270833333333334,19.206597222222218,0.453125,9.063277229845625,0.5989583333333334,5.990097019725557
2019-03-21,79,6885750,1192,940,0.0001731111353156882,0.027633049700760637,0.8590730051760951,0.0009676158533079169,0.1761744966442953,0.030496659889631135,176.16810053274128,0.009574468085106383,9.574120478800651,0.22483221476510068,0.019459773453383677,112.41202605422538,0.045744680851063826,22.871510032690445,0.2785234899328859,0.009643033489209678,55.7042934969174,0.1,19.99985477359203,0.32298657718120805,0.005591216706845973,32.298423187218674,0.15425531914893617,15.425419905164064,0.36828859060402686,0.003187742802163889,18.414429530201343,0.20851063829787234,10.425531914893618,0.4697986577181208,0.001626540493596949,9.395932217940597,0.3351063829787234,6.702098459711884,0.5922818791946308,0.0010253043963193605,5.9228101903993595,0.48829787234042554,4.882971631988459,0.25739009160707776,0.8796766620045908,0.16408668730650156,16.353973168214655,0.43962848297213625,8.79332373917338,0.5634674922600619,5.635158170878715
2019-03-22,80,6885750,898,712,0.0001304142613368188,0.03219622147627177,0.8702804818837577,0.0006210537185532207,0.18930957683741648,0.024687772291606156,189.3027038495847,0.01544943820224719,15.448877301934882,0.21380846325167038,0.013941330235259947,106.90035040917725,0.03089887640449438,15.448877301934882,0.24164810690423164,0.006302826105899097,48.32927044398074,0.06179775280898876,12.359460815141142,0.26837416481069043,0.003499956432077609,26.837221605989303,0.0898876404494382,8.988698774648105,0.3028953229398664,0.0019750934901789927,15.144766146993316,0.12921348314606743,6.460674157303371,0.4487750556792873,0.0011705316479226693,8.97548807871216,0.31320224719101125,6.264035846719914,0.6403118040089086,0.0008350554839908972,6.403099441971403,0.5519662921348315,5.519646889262082,0.15118268233256588,0.8665514963869513,0.10037174721189591,10.003717472118959,0.3420074349442379,6.8407353325639075,0.5353159851301115,5.35361895591958
2019-03-23,81,6885750,953,774,0.00013840177177504266,0.017990535193657342,0.8860639895042823,0.0011726303712181435,0.16369359916054566,0.022654661632297415,163.6876561748079,0.020671834625323,20.67108412304935,0.21091290661070305,0.014594830090037758,105.45262465107817,0.056847545219638244,28.422740669192855,0.2833158447009444,0.007842226030381365,56.66275749076441,0.12919896640826872,25.839605650635697,0.3357817418677859,0.004647245055040808,33.577930364897426,0.18863049095607234,18.86291212496406,0.39979013641133265,0.0027665831608757216,19.989506820566632,0.2622739018087855,13.113695090439276,0.521511017838405,0.0014435546880672923,10.43017491433301,0.4108527131782946,8.217018463463665,0.6600209863588667,0.0009134807392077842,6.600209863588668,0.5813953488372093,5.813953488372094,0.266691003819957,0.8889558719439026,0.17689530685920576,17.630565583634176,0.4332129963898917,8.66500300326334,0.5992779783393501,5.993293743923811
2019-03-24,82,6885750,1279,1138,0.00018574592455433323,0.007517099311122268,0.8914841888865432,0.0021727095319698116,0.08913213448006255,0.016555329654371186,89.1288984891215,0.0210896309314587,21.08886526086142,0.1383893666927287,0.012852163810630264,69.19217119550223,0.06063268892794376,30.315243812488294,0.2329945269741986,0.008655493915013506,46.598567025257424,0.14586994727592267,29.1737776134998,0.3174354964816263,0.005896192163583026,31.743319148078047,0.23637961335676624,23.637789692865802,0.4073494917904613,0.0037831753984678505,20.367474589523066,0.3365553602811951,16.827768014059757,0.5324472243940579,0.0019779894216777182,10.6488980925077,0.4771528998242531,9.543016419243283,0.6817826426896012,0.0012663761166111659,6.8177868217008095,0.6432337434094904,6.432300068230222,0.3089416085793616,0.8931872311599529,0.16216216216216217,16.16216216216216,0.4540540540540541,9.081859904501414,0.6189189189189189,6.189719994436976
2019-03-25,83,6885750,1565,1427,0.00022728097883309735,0.011872100282503283,0.9002793387291038,0.003158835716341462,0.09840255591054313,0.022364217252396165,98.39898335187661,0.032936229852838124,32.93503408498113,0.14057507987220447,0.01597444089456869,70.28498810848329,0.06797477224947442,33.986152194076276,0.20702875399361023,0.009410671236457637,41.40545013829915,0.13524877365101612,27.049558313267426,0.3207667731629393,0.007290365680095268,32.07644439726261,0.25718290119131043,25.718103370386384,0.43130990415335463,0.004901391268988353,21.565338613697477,0.3777154870357393,18.885637216128423,0.5789137380191693,0.0026315101557122067,11.57822431609925,0.5388927820602663,10.777808684191125,0.7188498402555911,0.0016338065805372246,7.1884879628972485,0.6916608269096005,6.916598224295912,0.33596976014595203,0.8975145961049721,0.1649746192893401,16.442470389170897,0.4619289340101523,9.239371011136168,0.649746192893401,6.4980191726671945
2019-03-26,84,6885750,1665,1461,0.00024180372508441345,0.01670539906838606,0.8986314223597175,0.003311944520668908,0.11591591591591592,0.02802788266047052,115.91170752512606,0.03353867214236824,33.5374545025141,0.17297297297297298,0.02091199535288992,86.48334654724431,0.07871321013004791,39.355176201929815,0.24324324324324326,0.011763339045572047,48.64829539522386,0.1457905544147844,29.157899156571542,0.35615615615615615,0.0086119259926225,35.61535699921944,0.26967830253251196,26.967634431195275,0.44684684684684683,0.0054024616054895985,22.342342342342345,0.3723477070499658,18.617385352498285,0.584984984984985,0.002829018644220408,11.699648726390796,0.5277207392197125,10.554368800868268,0.7105105105105105,0.0017180408815306975,7.105105105105106,0.6700889801505818,6.700889801505818,0.3636493722795786,0.9009734328514014,0.17902813299232737,17.84313725490196,0.5038363171355499,10.077590555947937,0.659846547314578,6.599031379275552
2019-03-27,85,6885750,1771,1430,0.00025719783611080854,0.03401721522025845,0.9132563893704183,0.0026080861310820787,0.16205533596837945,0.04167876851582922,162.04945246068382,0.024475524475524476,24.474635878208343,0.19480519480519481,0.02505082776648272,97.39906114797199,0.039160839160839164,19.579708702566677,0.2546583850931677,0.01309942199889628,50.93130718740828,0.09090909090909091,18.181686157810937,0.32185206098249575,0.00827790525429144,32.18497239115601,0.16573426573426572,16.573306228466123,0.4850367024280068,0.006237519514940275,24.251835121400337,0.36293706293706296,18.146853146853147,0.6696781479390175,0.0034447904080304862,13.393543507676974,0.5909090909090909,11.818164654961173,0.7865612648221344,0.0020230097389112053,7.865578379281668,0.7356643356643356,7.35661130518358,0.30767488789343256,0.8884569598516693,0.16666666666666666,16.61111111111111,0.4968553459119497,9.93795915725428,0.6446540880503144,6.447093757079518
2019-03-28,86,6885750,1959,1600,0.00028450059906328284,0.031594935237981965,0.9159623709185815,0.0025799086522665933,0.15722307299642674,0.04472843450479233,157.21736492668393,0.015625,15.624432725820505,0.19142419601837674,0.027229160615742085,95.70862312906895,0.03875,19.37429658001743,0.2470648289943849,0.014057916291498445,49.412606995500475,0.08875,17.74987111156293,0.3016845329249617,0.008582880711028494,30.168234229690892,0.1475,14.749892895524122,0.4384890250127616,0.006237519514940275,21.924451250638082,0.31375,15.6875,0.635017866258295,0.003613233030294229,12.70026510380219,0.55375,11.074919580876587,0.7733537519142419,0.0022001928617901294,7.73352628793843,0.723125,7.231239498254368,0.2754146353584199,0.892027511260979,0.19305019305019305,19.24066924066924,0.4749034749034749,9.498884083789745,0.6486486486486487,6.487042788929583
2019-03-29,87,6885750,2475,1832,0.0003594379697200741,0.06585876124609716,0.9112418877421702,0.002953059676206891,0.21454545454545454,0.07711298286378158,214.53766535526626,0.035480349344978165,35.479061211470146,0.25171717171717173,0.04523671216961952,125.85401649372024,0.055131004366812224,27.56450140275757,0.296969696969697,0.021348281971593715,59.39350811551572,0.08788209606986899,17.576291585962426,0.3511111111111111,0.012620174852595195,35.110856158083784,0.14519650655021835,14.519545223186352,0.4537373737373737,0.008154522020114003,22.686868686868685,0.2718340611353712,13.591703056768557,0.6383838383838384,0.0045891678212199635,12.767621141400147,0.517467248908297,10.349299888089092,0.781010101010101,0.0028072427734919603,7.810089667705966,0.7085152838427947,7.085142548855209,0.30732420199124244,0.88240649064614,0.17771084337349397,17.71184738955823,0.4246987951807229,8.49470437496125,0.5813253012048193,5.813751575771352
2019-03-30,88,6885750,2959,2088,0.00042972806157644413,0.08248954942988203,0.9322527421712699,0.0051346644821038245,0.27238932071645827,0.11704908510020332,272.37943147303986,0.04885057471264368,48.84880116578365,0.3251098344035147,0.06985187336625036,162.5490155564915,0.08141762452107279,40.70733430481971,0.38932071645826294,0.033460164396293825,77.86357789516059,0.1518199233716475,30.36376419170821,0.4518418384589388,0.01941677074559238,45.18385574905803,0.2332375478927203,23.32358542801561,0.5447786414329165,0.011705333478560795,27.238932071645824,0.3596743295019157,17.983716475095786,0.7184859749915512,0.0061750627381726925,14.369698631082331,0.6024904214559387,12.049790929513168,0.824602906387293,0.003543550085321134,8.24602906387293,0.7519157088122606,7.519157088122605,0.38510269049047,0.8948572855540535,0.18284424379232506,18.223476297968396,0.4401805869074492,8.804366764884675,0.600451467268623,6.005029639639291
2019-03-31,89,6885750,3370,2486,0.0004894165486693533,0.07616132418433065,0.9401483945977802,0.0077833512454653616,0.2338278931750742,0.11443508568109208,233.8194039253946,0.04102976669348351,41.02827708534041,0.29020771513353116,0.07101365088585536,145.09858949177405,0.07683024939662107,38.413730016176565,0.3913946587537092,0.03831072642249267,78.27836334233795,0.18825422365245373,37.65057133564389,0.4902077151335312,0.023991402596648174,49.020415557824975,0.3165728077232502,31.657050898666387,0.5910979228486647,0.014464550233814516,29.554681534863,0.4505229283990346,22.52598285038523,0.7504451038575668,0.007345594386095362,15.008880280135354,0.664923572003218,13.298452127059784,0.8445103857566766,0.004133161578153206,8.445079328417934,0.7912308930008045,7.9122859483838255,0.41503690839533935,0.8994982798642541,0.16296296296296298,16.241975308641976,0.4388888888888889,8.778530588907946,0.6018518518518519,6.019034686487516
2019-04-01,90,6885750,3170,2061,0.0004603710561667211,0.10153124312164108,0.9344637656878597,0.00571964091188009,0.2962145110410095,0.13636363636363635,296.20375681101234,0.041242115477923336,41.24061816034136,0.3589905362776025,0.08263142608190531,179.48875146482004,0.06889859291606017,34.44804575746161,0.4394321766561514,0.04046007726044904,87.88579715966466,0.1576904415332363,31.537859298483305,0.5460567823343848,0.025138691219611375,54.60528172411326,0.31246967491508976,31.246740597266538,0.63596214511041,0.014638928221326652,31.798107255520502,0.44638524987869965,22.319262493934982,0.7570977917981072,0.006970908076958825,15.141933845715846,0.6278505579815623,12.556992923429055,0.8362776025236593,0.003849963257612064,8.362739590253081,0.7491508976225133,7.491476337182165,0.4384840826570329,0.8959125095345849,0.15371024734982333,15.319787985865725,0.44876325088339225,8.976034765954093,0.6166077738515902,6.166606561649564
2019-04-02,91,6885750,2581,1651,0.00037483208074646915,0.08933845395752425,0.9437598292917392,0.004056136514258921,0.2905850445563735,0.10891664246296834,290.5744947072391,0.01877649909145972,18.775817400380305,0.34521503293297173,0.06469648562300319,172.60124985610005,0.04058146577831617,20.289996222991622,0.4134056567222007,0.030991315460803394,82.68053097025454,0.11689884918231375,23.379600068463127,0.51762882603642,0.019402248104795378,51.76250673676667,0.2634766807995155,26.347476761091865,0.6524602867105773,0.012228152343608176,32.623014335528865,0.465778316172017,23.288915808600848,0.7799302595893065,0.0058468491495492145,15.598582538360521,0.658388855239249,13.167757981584193,0.8512204571871368,0.0031906473514141526,8.512204571871369,0.7692307692307693,7.6923076923076925,0.45882000737230827,0.9049657994573549,0.1657559198542805,16.52034001214329,0.4681238615664845,9.363280188210593,0.6229508196721312,6.230042459859967
2019-04-03,92,6885750,1933,1250,0.0002807246850379407,0.04922442795150565,0.9130762646406488,0.0019615686952559755,0.2571132953957579,0.07217542840546036,257.10396075680217,0.0208,20.799244844612257,0.3088463528194516,0.0433488237002614,154.41756999176147,0.04,19.999273889050247,0.3817899637868598,0.02143541781637573,76.35743829752155,0.0832,16.639879171628568,0.4604242110708743,0.012925150309332249,46.04208677831584,0.1864,18.63986464898777,0.5499224004138644,0.00771883963257452,27.49612002069322,0.3128,15.639999999999999,0.6963269529229178,0.003909517613161074,13.926518833328435,0.536,10.719984431638627,0.7842731505431971,0.002201638739547299,7.842697336180969,0.6712,6.711970757125554,0.39986519833349193,0.8939212830375587,0.137546468401487,13.708798017348203,0.4423791821561338,8.84834244103375,0.6133828996282528,6.134355053657852
2019-04-04,93,6885750,1525,1170,0.0002214718803325709,0.028063383853275732,0.8933891035391022,0.001679457029164072,0.15344262295081967,0.03398199244844612,153.4370521323855,0.017948717948717947,17.94806631068612,0.19672131147540983,0.02178332849259367,98.35708470024711,0.035897435897435895,17.94806631068612,0.26819672131147543,0.011879520171948066,53.63895476983043,0.08888888888888889,17.77764868763736,0.3534426229508197,0.007827703389584361,35.34400564906919,0.17692307692307693,17.692179222792948,0.45901639344262296,0.005082924278950884,22.9506530188761,0.30256410256410254,15.128095277460636,0.6059016393442623,0.0026837996096291477,12.118015188199282,0.4888888888888889,9.777763577779842,0.7245901639344262,0.0016047634607704317,7.245901639344263,0.6435897435897436,6.435897435897436,0.3047072946433209,0.8895720096928235,0.1079429735234216,10.758316361167685,0.4134419551934827,8.269548266743056,0.6089613034623218,6.0901352998920535
2019-04-05,94,6885750,1724,1325,0.00025037214537268997,0.02983844889181886,0.8982911835892357,0.0021533605563074905,0.16009280742459397,0.04008132442637235,160.0869951675716,0.015849056603773583,15.848481195096422,0.2088167053364269,0.026139994191112403,104.40456206580757,0.0369811320754717,18.489894727612494,0.3051044083526682,0.015277818118446659,61.02043857836084,0.12603773584905661,25.207364129734863,0.37470997679814383,0.009381625954863632,37.47072559089458,0.2060377358490566,20.603623974304245,0.45707656612529,0.005721962023018553,22.853828306264504,0.3049056603773585,15.245283018867923,0.605568445475638,0.003032345013477089,12.111351320504562,0.4913207547169811,9.826400823707049,0.7302784222737819,0.0018284110976856584,7.302773617105002,0.6505660377358491,6.505650929366726,0.3723861555984999,0.8896971459043295,0.11904761904761904,11.865079365079366,0.4098639455782313,8.197981937200266,0.5935374149659864,5.935883186893968
2019-04-06,95,6885750,2275,1767,0.0003303924772174418,0.030274061766402495,0.914565825616207,0.003992025183717941,0.13758241758241757,0.045454545454545456,137.57742257742257,0.015280135823429542,15.279581069732789,0.2079120879120879,0.034345047923322686,103.95226977495349,0.05319750990379174,26.59778926953485,0.327032967032967,0.02160968950593976,65.40611846836251,0.1624221844934918,32.484201018794074,0.421978021978022,0.013941735165122426,42.19749578604033,0.2693831352574986,26.938117918024354,0.5248351648351648,0.008670079512035725,26.24175824175824,0.3944538766270515,19.722693831352576,0.6602197802197802,0.0043626266381633985,13.204376428014779,0.565365025466893,11.3072840880561,0.7626373626373626,0.0025196964746033476,7.626373626373627,0.6966610073571025,6.966610073571025,0.4324236242017387,0.8860191089179248,0.13423831070889894,13.379084967320262,0.4132730015082956,8.266168903238826,0.5897435897435898,5.89794168096055
2019-04-07,96,6885750,2614,2125,0.0003796245870094035,0.02217349439070723,0.9075583578490207,0.005118506155855481,0.10443764345830145,0.03964565785652047,104.43385179247737,0.01647058823529412,16.469990261570793,0.16908951798010713,0.032094103979088004,84.54168954629121,0.05694117647058824,28.46955459500094,0.2995409334353481,0.022742455488105957,59.907751674531596,0.16517647058823529,33.03505423779201,0.4185156847742923,0.015887769031920764,41.85126457978133,0.2936470588235294,29.36449265581512,0.5191277735271614,0.00985368333151799,25.95638867635807,0.41223529411764703,20.61176470588235,0.6560826319816373,0.004981251325187124,13.121519247286624,0.5778823529411765,11.557529565875106,0.7582249426166794,0.002878408307010856,7.582249426166794,0.7025882352941176,7.025882352941176,0.4633079488873299,0.8971226364217146,0.13352272727272727,13.307765151515152,0.4133522727272727,8.267754463589583,0.6036931818181818,6.037449565336036
2019-04-08,97,6885750,3102,2572,0.00045049558871582617,0.02636257784254466,0.8981406230180188,0.005400692263888643,0.10735009671179883,0.048358989253557944,107.34619930776486,0.012052877138413685,12.052439552110375,0.14925854287556414,0.03361893697356956,74.62656198122392,0.03654743390357698,18.273053514489924,0.26305609284332687,0.023700949780708126,52.6108365417508,0.13608087091757387,27.215976558154004,0.37943262411347517,0.017093148218071973,37.94298689316218,0.26244167962674964,26.243977395362794,0.5029013539651838,0.011327742076026577,25.14506769825919,0.4035769828926905,20.178849144634526,0.6392649903288201,0.0057597127985872295,12.785281238836884,0.5657076205287714,11.31413597934284,0.7308188265635074,0.0032923017938470116,7.3081776521541135,0.6757387247278382,6.757377433710603,0.4993353955118374,0.9026411129628288,0.1260053619302949,12.558534405719394,0.4289544235924933,8.579824242730815,0.6206434316353887,6.206966600600573
2019-04-09,98,6885750,3502,2887,0.0005085865737210907,0.02294365986687205,0.8854901195610697,0.004048029680860262,0.10536836093660765,0.053586988091780426,105.36453548057597,0.015587114651887772,15.586548753156585,0.14249000571102227,0.036232936392680805,71.24241626667671,0.02805680637339799,14.027893877840926,0.22330097087378642,0.022713410206511953,44.65986988277832,0.0914444059577416,18.288748390122258,0.3123929183323815,0.015887769031920764,31.239064994731123,0.18046414963630067,18.04628392282897,0.41519131924614505,0.010558036524706821,20.75956596230725,0.2978870800138552,14.894354000692761,0.5645345516847515,0.005742268849716372,11.290641842357083,0.4745410460685833,9.490779571716633,0.6781838949171902,0.0034491422164841406,6.78181925104388,0.6124004156563907,6.12398636914389,0.5095866831976233,0.9043186457911715,0.12385919165580182,12.344632768361583,0.42503259452411996,8.501380934383812,0.6232073011734028,6.232607494839667
2019-04-10,99,6885750,3666,3056,0.0005324038775732491,0.020313388819907695,0.8622925790412415,0.003198371316383461,0.08647026732133115,0.04603543421434795,86.46712797093464,0.010798429319371727,10.798037276483281,0.12738679759956356,0.03390938135347081,63.691086376067005,0.023232984293193717,11.61607040348959,0.20185488270594654,0.02149350837956374,40.37068339459384,0.07100785340314136,14.2014675584734,0.2725040916530278,0.014508118156205525,27.250211291350844,0.14168848167539266,14.168745282993045,0.35542825968357883,0.009461569182732455,17.771412984178944,0.2342931937172775,11.714659685863875,0.5021822149481724,0.005347267404033832,10.043629712854871,0.40772251308900526,8.154438419296106,0.6200218221494818,0.003301005841023094,6.200191208353729,0.5477748691099477,5.477724825617174,0.5017024958213585,0.8975181145816798,0.12677878395860284,12.635618801207416,0.4178525226390686,8.357767180950564,0.6080206985769728,6.080728444344837
2019-04-11,100,6885750,2970,2168,0.00043132556366408886,0.06479646068645656,0.8719059842881391,0.0027039885951116354,0.21144781144781144,0.09119953528899216,211.4401347192518,0.04059040590405904,40.58893224714995,0.25084175084175087,0.054095265756607606,125.41632194732688,0.05904059040590406,29.519223452472687,0.31313131313131315,0.0270121118824247,62.62580787690434,0.10009225092250923,20.018304824121174,0.368013468013468,0.015873246391123762,36.80107957497658,0.15544280442804428,15.544167570803767,0.4228956228956229,0.009120284645826525,21.144781144781145,0.22186346863468634,11.093173431734316,0.5292929292929293,0.00456594479040803,10.585843212307104,0.3593173431734317,7.186336426934594,0.6552188552188553,0.002826110003354735,6.552150490100965,0.5304428044280443,5.304397230514445,0.4313331639137047,0.8936544964975812,0.1458670988654781,14.538087520259321,0.413290113452188,8.266511171468208,0.6256077795786061,6.256614337621035
2019-04-12,101,6885750,2208,1368,0.00032066223722906,0.06735062376842633,0.9001040700436352,0.0018840064990780687,0.2930253623188406,0.09395875689805402,293.01472387263385,0.039473684210526314,39.4722510968097,0.353713768115942,0.05670926517571885,176.85046317196833,0.06505847953216375,32.52805877422281,0.4166666666666667,0.02672165906648465,83.33272822330012,0.1111111111111111,22.2220608595467,0.45561594202898553,0.014609776641784542,45.561263365565175,0.1513157894736842,15.131469072125547,0.5194746376811594,0.008328794975129797,25.973731884057973,0.23318713450292397,11.659356725146198,0.6204710144927537,0.003979226693930663,12.409402267995047,0.391812865497076,7.836245929560401,0.7250905797101449,0.0023250815448649246,7.25087420631959,0.5584795321637427,5.58477098977384,0.3361472036883864,0.884185203593727,0.12570356472795496,12.528455284552845,0.3771106941838649,7.542860728778815,0.5891181988742964,5.891687235911809
2019-04-13,102,6885750,2001,1373,0.00029060015248883565,0.05561033873112575,0.845919741468318,0.0011196330360131199,0.2318840579710145,0.06738309613708975,231.87563929333618,0.019664967225054626,19.664253277653195,0.280359820089955,0.04073482428115016,140.17482073659656,0.04661325564457393,23.305781662403785,0.3248375812093953,0.018879433036103285,64.96704449192814,0.06700655498907501,13.401213686602087,0.3598200899550225,0.01045630137384182,35.98174771860635,0.09395484340859432,9.395416117237334,0.41629185407296354,0.006048723813673166,20.814592703648177,0.15877640203932994,7.938820101966497,0.5342328835582209,0.0031049586392787433,10.684642154129739,0.3241077931536781,6.482146449216757,0.6271864067966016,0.0018226046545401736,6.271864067966017,0.4588492352512746,4.588492352512746,0.3253815473712942,0.866004658703858,0.12164579606440072,12.124031007751938,0.37209302325581395,7.442498703578124,0.5867620751341681,5.868123977821214
2019-04-14,103,6885750,2572,1987,0.0003735250335838507,0.050293066864786205,0.8355970514559329,0.0028106237676229612,0.17573872472783825,0.06564042985768226,175.73234443722225,0.024660291897332664,24.659396591934126,0.21500777604976673,0.04015393552134766,107.49998503737157,0.04428787116255662,22.1431316335735,0.28032659409020216,0.020941648029277643,56.06491170979725,0.09914443885254152,19.828743786601056,0.36275272161741834,0.013549623863603357,36.27500875536813,0.1937594363361852,19.375802938683773,0.44362363919129083,0.008285226736375849,22.181181959564544,0.2898842476094615,14.494212380473076,0.5797045101088647,0.0043306766428106705,11.594073364398746,0.46099647710115754,9.219916152172878,0.6726283048211509,0.0025124314527372434,6.726273279815503,0.579768495218923,5.797676532370717,0.42791690943016614,0.8685079786070783,0.12283236994219653,12.242292870905587,0.3901734104046243,7.804137459225255,0.5982658959537572,5.983172052072696
2019-04-15,104,6885750,2884,2243,0.00041883600188795703,0.048262729424310355,0.8451964395149534,0.0036442631958665556,0.17891816920943135,0.07493465001452222,178.9116734873427,0.02229157378510923,22.2907644773186,0.22434119278779474,0.04697937844902701,112.16652397898326,0.05439144003566652,27.19473266232869,0.29819694868238555,0.024978942170844346,59.638956675759864,0.12304948729380294,24.609718758410164,0.3786407766990291,0.01585872375032676,37.86380272670336,0.21489077128845296,21.488921089771196,0.4618585298196949,0.009672149003376538,23.09292649098474,0.3138653588943379,15.693267944716897,0.5898058252427184,0.004940631099544567,11.796099373678572,0.47481052162282655,9.496196641371114,0.6858529819694869,0.002872595036713449,6.85851985924051,0.5974141774409273,5.974133098327367,0.4511925881293043,0.8736750498196403,0.12551724137931033,12.509885057471266,0.3972413793103448,7.945508960785474,0.6041379310344828,6.04189743893062
2019-04-16,105,6885750,2753,2143,0.0003998112042987329,0.052658258989361544,0.8645922872968873,0.0034180977333338625,0.1823465310570287,0.07290153935521347,182.33991086638616,0.022398506766215586,22.397693576164528,0.22666182346531058,0.04530932326459483,113.32679719185755,0.05179654689687354,25.89733319744024,0.29676716309480566,0.023729305837932035,59.351277760094625,0.12132524498366776,24.264168040844908,0.37667998547039594,0.015059978506491621,37.667725027633374,0.21371908539430703,21.37175335115527,0.44678532509989105,0.008931488944559416,22.339266254994552,0.3000466635557629,15.002333177788147,0.5797312023247366,0.004635653871177619,11.594607207940896,0.4661689220718619,9.32336490135097,0.6948783145659281,0.0027782013578767743,6.94878314565928,0.6131591227251516,6.131591227251516,0.4682282203158631,0.8875655154968961,0.13817663817663817,13.771604938271606,0.405982905982906,8.120354488279016,0.613960113960114,6.1401276920144845
2019-04-17,106,6885750,2178,1580,0.00031630541335366517,0.05509767276980708,0.8447048556154173,0.0022539380510689495,0.22589531680440772,0.07144931745570723,225.88711555125624,0.04113924050632911,41.13774692367931,0.2676767676767677,0.04233226837060703,133.83352476258372,0.06455696202531645,32.277309124732994,0.3213957759412305,0.020331697115803536,64.27868843670532,0.11455696202531646,22.911226038102264,0.38016528925619836,0.012024746579918092,38.016252875422865,0.17278481012658228,17.278355548071595,0.4527089072543618,0.007159713901898849,22.63544536271809,0.2563291139240506,12.816455696202532,0.5693296602387512,0.0036016358397620595,11.38657666833866,0.4139240506329114,8.278468990047779,0.6827364554637282,0.0021595323675707074,6.827364554637281,0.5683544303797469,5.6835443037974684,0.34110450631548184,0.8643809383594174,0.1254180602006689,12.500000000000002,0.3695652173913043,7.391938250428817,0.5535117056856187,5.535591766723843
2019-04-18,107,6885750,1447,850,0.00021014413825654431,0.08835879230977745,0.9062822083079488,0.0017919901307736914,0.35729094678645473,0.07507987220447285,357.27797514301926,0.06,59.997821667150745,0.4215618521078093,0.04429276793494046,210.7732735369843,0.1,49.998184722625616,0.47615756738078785,0.02001219901826948,95.23082196962618,0.15176470588235294,30.35272077403967,0.5224602626123013,0.010979116442533911,52.2456468860939,0.21411764705882352,21.41160922819853,0.5742916378714582,0.00603420106742185,28.71458189357291,0.29294117647058826,14.647058823529413,0.6655148583275743,0.0027970768658797285,13.31027783637273,0.4364705882352941,8.729399087221095,0.7477539737387698,0.0015713520162537631,7.477496299875155,0.5741176470588235,5.741143119722348,0.2302583466167902,0.8691753996241176,0.10023310023310024,9.98989898989899,0.3822843822843823,7.646343365039763,0.5687645687645687,5.688133478871043
2019-04-19,108,6885750,1184,646,0.0001719493156155829,0.12177438071714176,0.9229631560672835,0.0013964772097241995,0.3623310810810811,0.06230031948881789,362.31792645281064,0.04643962848297214,46.43794246683493,0.41131756756756754,0.035361603252977054,205.6513172290429,0.07430340557275542,37.15035397346794,0.4822635135135135,0.016584855790176885,96.45200232872507,0.12848297213622292,25.696407836039295,0.5548986486486487,0.00954137500363066,55.48946193517721,0.23684210526315788,23.68403854767477,0.6283783783783784,0.0054024616054895985,31.418918918918923,0.34520123839009287,17.260061919504643,0.7255067567567568,0.0024950041825448463,14.510114062464677,0.5061919504643962,10.123824306714775,0.8108108108108109,0.001394183640126348,8.108108108108109,0.6609907120743034,6.609907120743033,0.3109948675203932,0.885606320190653,0.16032608695652173,15.979166666666666,0.47554347826086957,9.511685248713551,0.6521739130434783,6.52229845626072
2019-04-20,109,6885750,1849,1482,0.00026852557818683514,0.03525291496300241,0.900417227842898,0.002484411413287271,0.15792320173066524,0.04240487946558234,157.9174682423654,0.019568151147098516,19.5674407146578,0.19469983775013522,0.026139994191112403,97.34638453296496,0.038461538461538464,19.230071047163698,0.2650081124932396,0.014232187981062476,53.001237636885314,0.10458839406207827,20.917526922447806,0.36127636560302867,0.009701124052397689,36.12737422595856,0.21390013495276652,21.389858175535338,0.44943212547322875,0.00603420106742185,22.47160627366144,0.32051282051282054,16.025641025641026,0.5959978366684694,0.003200808625336927,11.919939422343832,0.4979757085020243,9.959499706111783,0.7436452136289886,0.00199687180954345,7.436430536811146,0.6808367071524967,6.808347296344932,0.454895339046119,0.9016413724843286,0.21247113163972287,21.17628945342571,0.5057736720554272,10.11634097742425,0.6905311778290993,6.905904000570434
2019-04-21,110,6885750,3151,2831,0.00045761173437897107,0.030066882281748246,0.901079509288014,0.004735592928527897,0.08790860044430339,0.040226546616322974,87.9054088744354,0.014835747085835394,14.835208465915056,0.11393208505236432,0.02606738309613709,56.96397434282005,0.032144118685976684,16.071475838074644,0.18629006664550937,0.017049580295680968,37.25774278672968,0.10526315789473684,21.052478709044244,0.27705490320533166,0.012678265415783206,27.70528914209115,0.20204874602613918,20.20472788854582,0.38210092034274834,0.008742693243292306,19.105046017137415,0.31543624161073824,15.771812080536915,0.5712472231037766,0.005228181057719119,11.424927869942692,0.5234899328859061,10.469783452717282,0.7270707711837512,0.0033271515023011226,7.270686593770217,0.696573648887319,6.9657162566072595,0.4636781467895015,0.9073372652040786,0.14770797962648557,14.72156196943973,0.44821731748726656,8.965115161610662,0.6400679117147708,6.401228060468218
2019-04-22,111,6885750,4302,3880,0.0006247685437316197,0.030554156491992154,0.9125297610025186,0.006394584423076141,0.0908879590887959,0.056781876270694163,90.88465935168115,0.01958762886597938,19.58691772638942,0.11645746164574616,0.03637815858263142,58.22661679692104,0.036855670103092784,18.427166018905833,0.17317526731752672,0.021638734787533764,34.63480196728513,0.09201030927835052,18.401928232402977,0.2494188749418875,0.01558279357518371,24.941706383152308,0.17345360824742267,17.345234874519893,0.3688981868898187,0.011523799150419345,18.444909344490934,0.30438144329896905,15.219072164948454,0.5841469084146909,0.007299121665582303,11.682921201483808,0.5414948453608247,10.829881179254865,0.7559274755927475,0.004722797080928004,7.5592747559274756,0.7309278350515463,7.309278350515465,0.47006897634932837,0.9127693690612702,0.1276595744680851,12.72340425531915,0.4376899696048632,8.75455014676211,0.6367781155015197,6.368327276898132
2019-04-23,112,6885750,4148,3160,0.0006024035145045928,0.07519171803753553,0.9253918332535718,0.005630957343199469,0.1909353905496625,0.11501597444089456,190.92845853577379,0.02088607594936709,20.885317668944875,0.23649951783992285,0.07123148417078129,118.24546579772354,0.04493670886075949,22.467538704471004,0.31123432979749277,0.037497458537860524,62.246413965061016,0.11170886075949367,22.341609921132868,0.3833172613307618,0.02309099886723402,38.3314477941313,0.19778481012658228,19.778337394770595,0.47468659594985535,0.014297643684420724,23.734329797492766,0.31329113924050633,15.664556962025316,0.6644165863066538,0.008004926108374385,13.288312427854127,0.5607594936708861,11.215173585905706,0.7953230472516876,0.00479105398830919,7.953230472516876,0.7322784810126582,7.322784810126582,0.5101923594555776,0.9151994903319745,0.1536144578313253,15.31024096385542,0.45331325301204817,9.067042612990555,0.6234939759036144,6.235474488003472
2019-04-24,113,6885750,3993,2712,0.0005798932578150528,0.09617147760473518,0.9252508316630793,0.005113451291786348,0.2228900576008014,0.12924774905605577,222.88196545523067,0.02654867256637168,26.54770870227909,0.29251189581768094,0.08480975893116469,146.25063800657833,0.054941002949852505,27.469504143330443,0.3786626596543952,0.043916465770135645,75.73198201270012,0.12684365781710916,25.368547352933845,0.438266967192587,0.025414621394754422,43.82637847957182,0.19837758112094395,19.837614063776755,0.5354370147758577,0.015524815742656937,26.77185073879289,0.3274336283185841,16.371681415929203,0.6952166291009266,0.008063017009015707,13.90431238913847,0.5556784660766961,11.113553181602642,0.8146756824442775,0.004724249355553135,8.146756824442775,0.7286135693215339,7.286135693215339,0.5048175477873259,0.9137325640965279,0.15123456790123457,15.073045267489713,0.4660493827160494,9.32178705291913,0.6481481481481481,6.482037354678864
2019-04-25,114,6885750,3043,1909,0.00044192716842754963,0.10236416466772172,0.9364886991423896,0.004216710620931218,0.25336838646072957,0.11196630845193145,253.35918778274302,0.020429544264012573,20.428802558223143,0.3259940847847519,0.07203020621550973,162.99112469551304,0.05500261917234154,27.500311136069616,0.42589549786395003,0.03764268494583055,85.17848106005675,0.14772132006286012,29.544049482205093,0.49786395004929346,0.022001800807458827,49.78603348996373,0.23677317967522263,23.677146038930324,0.5948077555044364,0.013143085357441093,29.740387775221823,0.37297014143530643,18.64850707176532,0.7538613210647388,0.006663026303559811,15.077204525053228,0.609219486642221,12.184372037790087,0.8445612882024318,0.003732329525485856,8.445576086136784,0.7527501309586171,7.5274685137316295,0.47491618851118167,0.9168749604389037,0.14959349593495935,14.909485094850949,0.44552845528455287,8.911333305442831,0.6487804878048781,6.4883612935614785
2019-04-26,115,6885750,3035,2235,0.00044076534872744435,0.040815669950099845,0.924534135072107,0.004032432506767796,0.1756177924217463,0.07740342724368283,175.61141652164386,0.01879194630872483,18.791264056825735,0.2214168039538715,0.04879465582340982,110.7043826477905,0.04161073825503356,20.804613777199922,0.29983525535420097,0.026431206250544598,59.966615630869015,0.10961968680089486,21.9237781634454,0.3779242174629325,0.016657468994161897,37.792147323410305,0.19463087248322147,19.462945920609695,0.4981878088962109,0.01097919616599499,24.909390444810544,0.33914988814317676,16.957494407158833,0.6774299835255354,0.00597172724077737,13.548540641905362,0.5677852348993289,11.355655223396777,0.7920922570016474,0.003491268198816396,7.920922570016474,0.7203579418344519,7.2035794183445185,0.38647745073393885,0.901496649433749,0.09672830725462304,9.64058795637743,0.37695590327169276,7.539764645027803,0.577524893314367,5.775744237511864
2019-04-27,116,6885750,2496,1894,0.00036248774643285047,0.032315843087066524,0.9099831416302949,0.0026417321017225158,0.15705128205128205,0.05692709846064479,157.04558021850355,0.009503695881731784,9.503350844849642,0.20072115384615385,0.03637815858263142,100.35693327738554,0.02481520591341077,12.407152491887032,0.2704326923076923,0.019605565075953412,54.08614572185345,0.07866948257655755,15.733782266447795,0.3329326923076923,0.0120683145023091,33.29302747767424,0.14889123548046462,14.889015433349927,0.4407051282051282,0.007987510438223868,22.03525641025641,0.27824709609292503,13.91235480464625,0.6358173076923077,0.004609512965889023,12.71632768624613,0.5232312565997888,10.464609934508307,0.7564102564102564,0.002741886528304024,7.564080593857946,0.6816261879619853,6.816242081509024,0.3508801531242406,0.8968199851314489,0.09907120743034056,9.874097007223943,0.3622291021671827,7.245203362558348,0.5634674922600619,5.635158170878715
2019-04-28,117,6885750,2662,2242,0.0003865955052100352,0.02444091640499762,0.8985518477802347,0.0025654616174404015,0.12133734034560481,0.0469067673540517,121.33293512703287,0.010704727921498661,10.704339280490766,0.13974455296769348,0.02701132733081615,69.86973973259478,0.01694915254237288,8.47426859705519,0.17806160781367392,0.013767463475558395,35.61206297025779,0.04906333630686887,9.812596008452825,0.23779113448534936,0.0091928316245026,23.778940780773393,0.10838537020517396,10.838458318427438,0.3414725770097671,0.006600588171223178,17.073628850488355,0.22390722569134702,11.195361284567351,0.5653643876784372,0.004371340273259597,11.307271332305511,0.4857270294380018,9.714526480599734,0.7073628850488355,0.002734633119122826,7.073628850488355,0.6538804638715433,6.538804638715433,0.3078989738876268,0.8832789996926873,0.07907742998352553,7.881383855024712,0.37397034596375617,7.48004837784453,0.5601317957166392,5.601798344641278
2019-04-29,118,6885750,2531,2135,0.0003675707076208111,0.015194542261322126,0.8990288809969844,0.002591547425296813,0.10588700118530225,0.038919546906767355,105.88315689975241,0.004215456674473068,4.215303630010591,0.13433425523508494,0.024687772291606156,67.16468907820115,0.013114754098360656,6.557138980016475,0.17977084156459897,0.013215603125272299,35.953907238184016,0.04964871194379391,9.929670285717823,0.24891347293559857,0.009149263702111592,24.89116654951201,0.12224824355971897,12.224735587605434,0.3634926906361122,0.006680463275605417,18.174634531805612,0.253864168618267,12.693208430913351,0.5756617937574081,0.00423192211172042,11.513219154792132,0.4997658079625293,9.99530164332764,0.7202686685104702,0.0026474927967283205,7.202676224840788,0.6697892271662763,6.697882544497903,0.36070857516941696,0.9026284747948214,0.15349887133182843,15.298720842738902,0.4898419864559819,9.797679938358844,0.672686230248307,6.727439220347778
2019-04-30,119,6885750,2700,2252,0.0003921141487855353,0.03356180666061625,0.9056350185789198,0.0036688721522518944,0.14185185185185184,0.05562009875108917,141.84670184270826,0.023090586145648313,23.089747829276483,0.1837037037037037,0.03601248820155376,91.84184838290697,0.04440497335701599,22.200068633781516,0.24222222222222223,0.018995614162479305,48.44409267381181,0.10390763765541741,20.78137662975371,0.3118518518518518,0.012228063551076128,31.18495873956387,0.18072824156305506,18.072692923738803,0.3977777777777778,0.007798714736956759,19.88888888888889,0.2810834813499112,14.054174067495557,0.6096296296296296,0.004780881122780928,12.192574885625472,0.5341918294849023,10.6838210738558,0.7718518518518519,0.0030265359234129567,7.718507309126211,0.727797513321492,7.27796456361166,0.48668974196918957,0.8986444167127549,0.20088300220750552,20.021339220014717,0.565121412803532,11.303397589540285,0.7152317880794702,7.152931287130963
2019-05-01,120,6885750,2509,1969,0.00036437570344552157,0.045654788353434755,0.9023096900729953,0.002977383152594217,0.17297728178557195,0.06302643043857101,172.97100175065376,0.025393600812595226,25.39267888401504,0.2184137106416899,0.0397908800464711,109.20289050617312,0.0446927374301676,22.345557417933236,0.28816261458748504,0.020999738592465653,57.63210442928273,0.11173184357541899,22.346206450940812,0.3515344758868075,0.012808969182956228,35.153192328234695,0.18181818181818182,18.181686157810937,0.42407333599043445,0.007726044904005344,21.203512832903467,0.2701879126460132,13.509297536250584,0.5715424471901156,0.004165117575982898,11.430832343094554,0.45606907059421026,9.121368165152672,0.758070944599442,0.0027622223254949343,7.580698436738439,0.6922295581513459,6.922285528453837,0.4581175781876295,0.8812546581999225,0.18958333333333333,18.89513888888889,0.5020833333333333,10.042527873070325,0.6729166666666667,6.729743782161235
2019-05-02,121,6885750,2199,1539,0.00031935519006644154,0.08723388050869967,0.9178816293038341,0.002833468887916845,0.2519326966803092,0.08045309323264595,251.92355012582624,0.042884990253411304,42.883433290361154,0.3005911778080946,0.04799593377868138,150.29013234040715,0.05977907732293697,29.888453505403227,0.3619827194179172,0.023120044148828022,72.39601818908257,0.11371020142949967,22.741875148658902,0.4242837653478854,0.013549623863603357,42.42806844875253,0.18518518518518517,18.518384049622252,0.4929513415188722,0.00787132846821334,24.647567075943616,0.2807017543859649,14.035087719298245,0.6857662573897226,0.004380053908355795,13.715305229404692,0.552956465237167,11.0591132438738,0.814006366530241,0.0025995678036992284,8.140051843711671,0.7361923326835608,7.361912635316695,0.3841546313090918,0.8760034230215334,0.14619883040935672,14.571150097465887,0.42884990253411304,8.577733642281805,0.5906432748538012,5.906939303662242
2019-05-03,122,6885750,2442,1837,0.00035464546345713975,0.062212084176973124,0.9051781437102929,0.0037373645889434547,0.23505323505323505,0.08335753703165844,235.0447013168477,0.05606967882416984,56.06764318378268,0.2772317772317772,0.04915771129828638,138.61085609016195,0.0789330430048993,39.46508864877907,0.33824733824733827,0.023991402596648174,67.64897642500826,0.13445835601524225,26.891475934007794,0.39107289107289106,0.013869121961137413,39.10700513673298,0.1970604246053348,19.70589936864539,0.4668304668304668,0.00827796536325019,23.34152334152334,0.2939575394665215,14.697876973326077,0.6175266175266175,0.004380053908355795,12.35051441419366,0.492651061513337,9.853006920994808,0.7616707616707616,0.002701222956909685,7.616685493669476,0.683723462166576,6.837214762638747,0.31494498786551783,0.8510618759403002,0.10725552050473186,10.689800210304943,0.30126182965299686,6.025753337193133,0.4952681388012618,4.953106146279171
2019-05-04,123,6885750,2805,2254,0.00040736303234941725,0.03609467350857879,0.8976458682499583,0.0036725292710401603,0.18074866310160428,0.0736276503049666,180.7421009224327,0.04480922803904171,44.80760121548525,0.21818181818181817,0.04443799012489108,109.08694848572861,0.06743566992014197,33.71661081561266,0.26773618538324423,0.021813006477097795,53.54684825300397,0.11357586512866016,22.715008083582784,0.32014260249554366,0.01304133143570827,32.01402778375338,0.16947648624667258,16.947525562360592,0.3946524064171123,0.008038281681140898,19.732477035977166,0.2542147293700089,12.710644171770443,0.562210338680927,0.004580454211432837,11.244157784803443,0.45785270629991126,9.157014230499998,0.7212121212121212,0.002937951566641252,7.212121212121213,0.6548358473824313,6.548358473824313,0.33074412936008163,0.8729957323833974,0.09078590785907859,9.048328816621499,0.2899728997289973,5.799955375196976,0.4878048780487805,4.878467138016148
2019-05-05,124,6885750,3172,2630,0.00046066151109174744,0.03648297752968238,0.8957358569565618,0.003856621555774471,0.1450189155107188,0.06680220737728725,145.0136505195951,0.034220532319391636,34.219289924230466,0.17969735182849936,0.04138832413592797,89.84541390887958,0.05665399239543726,28.32596777061299,0.23549810844892813,0.021696825350721774,47.09927968434189,0.10380228136882129,20.760305525439637,0.2862547288776797,0.013186557843678294,28.62526502903777,0.15285171102661596,15.285060112136875,0.34615384615384615,0.007972987691972551,17.307692307692307,0.2193916349809886,10.96958174904943,0.5491803278688525,0.005059717445859281,10.98359060618712,0.4615969581749049,9.231925756206582,0.7080706179066835,0.0032618088080456015,7.080706179066835,0.6509505703422053,6.509505703422054,0.36748953593558165,0.8786255739122333,0.0990990990990991,9.876876876876876,0.29987129987129985,5.997940356430923,0.5186615186615187,5.187060007814725
2019-05-06,125,6885750,3162,2367,0.00045920923646661585,0.07560470115007688,0.9071122916251526,0.004254853167178557,0.211258697027198,0.09700842288701714,211.25102716454086,0.030418250950570342,30.417146599315963,0.26154332700822264,0.060049375544583214,130.76691576727194,0.058301647655259824,29.14976549101113,0.31846932321315624,0.02924859856516309,63.69340214107266,0.1106886354034643,22.137566331563633,0.3788741302972802,0.017398123674809026,37.88713791708294,0.18293198141106887,18.29306530833407,0.4541429475015813,0.010427331808444977,22.707147375079064,0.2796789184621884,13.98394592310942,0.6486401012017711,0.005957221860767729,12.972783183991584,0.5331643430502746,10.663271375007053,0.7669196710942442,0.00352176596594416,7.669196710942441,0.6894803548795945,6.894803548795944,0.42317699393677816,0.8838449629090982,0.12311901504787962,12.270861833105338,0.36114911080711354,7.223601682884651,0.560875512995896,5.6092361552702785
2019-05-07,126,6885750,3183,2375,0.0004622590131793922,0.06858114386539817,0.9135928025867229,0.00521900098236939,0.20106817467797675,0.09294220156839965,201.0608747878127,0.031578947368421054,31.57780087744776,0.2607602890355011,0.06026720882950915,130.37541099522232,0.06568421052631579,32.84091291254567,0.34150172792962613,0.03157222109268349,68.29984963523259,0.14905263157894738,29.810309852006647,0.4153314483191957,0.01919893113363734,41.53284324644779,0.23410526315789473,23.410356324457197,0.5010995915802702,0.011581890135424608,25.05497957901351,0.3452631578947368,17.263157894736842,0.6905435124096764,0.006384171437368025,13.810810076926446,0.592,11.839948415430062,0.8080427269871191,0.0037352394866514566,8.080403799940392,0.7456842105263158,7.45682044656092,0.4030198067137778,0.8824150283858493,0.13333333333333333,13.28888888888889,0.3803030303030303,7.606712926867301,0.5484848484848485,5.485318883517855
2019-05-08,127,6885750,4110,2935,0.0005968848709290927,0.08966002303296856,0.9196437967327458,0.007612739305335855,0.21824817518248174,0.13026430438571013,218.24025156299354,0.03611584327086882,36.114532065405896,0.28345498783454987,0.08459192564623874,141.7223484230142,0.0776831345826235,38.84015712694596,0.37907542579075426,0.04525254872345987,75.81453464052647,0.1696763202725724,33.93501763968937,0.464963503649635,0.02775276656307183,46.49601274006614,0.27120954003407155,27.12075706947062,0.5712895377128954,0.01704970409904513,28.564476885644766,0.4088586030664395,20.442930153321978,0.7126520681265207,0.008507412398921834,14.253020663230174,0.6003407155025554,12.00679687288468,0.8068126520681265,0.004815735663165722,8.068114803562862,0.7304940374787052,7.304929766022916,0.43920438784851673,0.8927519741920269,0.13818722139673106,13.77265973254086,0.40564635958395245,8.113622983033395,0.5705794947994056,5.706284295759751
2019-05-09,128,6885750,4778,3553,0.0006938968158878844,0.09030728177121873,0.9232912801607664,0.008376412903410702,0.204688154039347,0.14202730177171072,204.68072272385035,0.030396847734309035,30.395744160110144,0.2551276684805358,0.0885129247749056,127.55920296542617,0.061638052350126656,30.817907273445005,0.3392632900795312,0.04708240146388219,67.8521653160165,0.14354066985645933,28.70792551233306,0.4326077856843868,0.030018298527404223,43.2604644380648,0.25668449197860965,25.668262811027205,0.5410213478442863,0.01877064952982609,27.051067392214314,0.3917815930199831,19.589079650999157,0.7124319799079113,0.009887071289153266,14.248618905250543,0.6172248803827751,12.344479680080902,0.8214734198409376,0.005700161347242211,8.214710338378621,0.7632986208837602,7.632964038517627,0.4735838954378691,0.8989832148506677,0.1508828250401284,15.037988228999465,0.449438202247191,8.989534950951105,0.6131621187800963,6.132147055827361
2019-05-10,129,6885750,5054,3740,0.0007339795955415169,0.08960559300707786,0.9382628873566539,0.008661460705097332,0.21032845271072417,0.1543711879175138,210.3208166210963,0.027005347593582887,27.004367149653408,0.25860704392560346,0.09490270113273308,129.2988275276448,0.05561497326203209,27.80647706498965,0.3440838939453898,0.050509744691974785,68.81627908839837,0.139572192513369,27.914235806992085,0.427186387020182,0.03135438148072846,42.718328508295606,0.24171122994652405,24.17094748038395,0.5435298773248912,0.019946991976182694,27.176493866244556,0.39090909090909093,19.545454545454543,0.7172536604669568,0.010528975741239892,14.345052376383576,0.6205882352941177,12.411746680617595,0.8425009893153937,0.006183776373268891,8.424997657743623,0.7885026737967914,7.885015286760294,0.47465204378629,0.9132432146779765,0.14488188976377953,14.43989501312336,0.42992125984251967,8.599162626112559,0.6377952755905512,6.378499750138437
2019-05-11,130,6885750,4736,2999,0.0006877972624623316,0.10952194387334444,0.9515169170886466,0.006319570497126749,0.24641047297297297,0.16947429567237873,246.401526905845,0.017005668556185394,17.005051156078068,0.3236908783783784,0.11130472663907645,161.82781280722565,0.04768256085361787,23.838683903129255,0.4214527027027027,0.057974382061634085,84.28992847991911,0.13337779259753252,26.675364819729282,0.4904983108108108,0.03373609457143687,49.04947491454212,0.21973991330443482,21.973831770251994,0.578125,0.019881639618051773,28.90625,0.3451150383461154,17.25575191730577,0.7508445945945946,0.010328562134027325,15.01687008327252,0.6092030676892297,12.184043659207155,0.8745777027027027,0.006015321497295139,8.745777027027028,0.8029343114371457,8.029343114371457,0.4969223740550771,0.9213797108243743,0.13261163734776726,13.216959855660804,0.40730717185385656,8.146842077166074,0.6278755074424899,6.279293561137971
2019-05-12,131,6885750,4718,2931,0.0006851831681370948,0.12166832689155095,0.9382531979269573,0.005284283293383158,0.2585841458245019,0.17717107173976185,258.5747577855161,0.016035482770385533,16.034900593404327,0.32174650275540484,0.11022364217252396,160.867410786235,0.04196519959058342,20.981838010518427,0.4220008478168716,0.05782915565366406,84.39955670670142,0.12521323780279767,25.04246571787197,0.48389147944044086,0.03315518893955677,48.388796574937054,0.19720232002729443,19.72008880780654,0.562738448495125,0.019278945648622155,28.13692242475625,0.30774479699761176,15.387239849880585,0.7242475625264942,0.009924830374570127,14.484930214433287,0.5609007164790174,11.217998037966453,0.8459092835947435,0.005796028028900265,8.459092835947434,0.7543500511770727,7.543500511770726,0.4785434661565498,0.9117716293998049,0.11728395061728394,11.689300411522634,0.35555555555555557,7.111720983419096,0.5839506172839506,5.840006988120196
2019-05-13,132,6885750,4612,2990,0.0006697890571106996,0.10428862495980541,0.9306507676635571,0.0047077206860716946,0.22810060711188204,0.15277374382805692,228.0923257944586,0.02073578595317726,20.735033129115642,0.29054640069384213,0.09729886726691839,145.26792612384722,0.04247491638795987,21.236687156432954,0.37294015611448394,0.04995788434168869,74.5874896153042,0.09732441471571907,19.46474160239224,0.4371205550737207,0.029277643846757094,43.71173810013176,0.1705685618729097,17.056732331993203,0.5184301821335646,0.017361943143448424,25.92150910667823,0.27759197324414714,13.879598662207357,0.6895056374674762,0.009236453201970444,13.790092722347786,0.5274247491638796,10.54847966398824,0.8226366001734605,0.005509929927749338,8.226366001734606,0.7304347826086957,7.304347826086956,0.44669626921860206,0.9019019198606202,0.10671462829736211,10.635891286970423,0.3381294964028777,6.763169910041093,0.5371702637889688,5.372163332798598
2019-05-14,133,6885750,3817,2618,0.0005543332244127365,0.08630057050591636,0.9212948739102578,0.003857569812478669,0.21351847000261986,0.11835608480975893,213.51071809766765,0.019098548510313215,19.09785512705333,0.26617762640817394,0.07377287249491722,133.0839813418591,0.034759358288770054,17.379048165618528,0.3340319622740372,0.03703273403235644,66.80590735218715,0.08708938120702826,17.4177497646256,0.40398218496201205,0.022393912108977898,40.397925151793174,0.16310160427807488,16.310041994506868,0.4935813466072832,0.01368032763077638,24.678888127749136,0.27960275019098546,13.980035995291601,0.6667539952842546,0.0073920671066084204,13.335060539515045,0.5213903743315508,10.4277923426128,0.7867435158501441,0.004361168032042894,7.867412307214921,0.6913674560733384,6.913654479683449,0.40749542508152803,0.8940539968510697,0.1248303934871099,12.44142921754862,0.3120759837177748,6.24205496763803,0.5291723202170964,5.2921770377800685
2019-05-15,134,6885750,2602,1642,0.00037788185745924553,0.08072200770659808,0.9116208434899906,0.0023437129059766543,0.26940814757878556,0.10180075515538774,269.3983665684901,0.015834348355663823,15.833773480977662,0.3239815526518063,0.06121115306418821,161.9848951620807,0.04080389768574909,20.401208138951986,0.3970023059185242,0.03000377588660722,79.3998846315164,0.10048721071863581,20.097296209760568,0.45618754803996925,0.017238374626042,45.61842355160211,0.16930572472594396,16.93044953428314,0.5449654112221368,0.010296627092183132,27.248270561106843,0.29598051157125455,14.799025578562727,0.6694850115295926,0.005059717445859281,13.38968078509821,0.48416565164433617,9.683298970077342,0.7613374327440431,0.0028769560323857243,7.613374327440431,0.6260657734470159,6.260657734470158,0.36860765490233927,0.8859760058256455,0.12369597615499255,12.328365623447592,0.30998509687034276,6.200233644262551,0.5245901639344263,5.246351545145235
2019-05-16,135,6885750,2057,1335,0.0002987328903895727,0.06143701788318557,0.894705338655032,0.0016911264333008306,0.25376762275158,0.07580598315422597,253.75840957910134,0.02546816479400749,25.467240158341138,0.3159941662615459,0.04719721173395295,157.99134696016844,0.04868913857677903,24.34368544547315,0.37335926105979583,0.02230677626419588,74.6713099957155,0.09438202247191012,18.876267426761014,0.42489061740398637,0.01269278805658021,42.48875321370791,0.15205992509363295,15.205882093779708,0.49732620320855614,0.007428384707548198,24.86631016042781,0.24194756554307117,12.097378277153558,0.6349052017501216,0.0037933358118784274,12.698085593894934,0.44269662921348313,8.853919725946712,0.7355371900826446,0.002197285125701265,7.355350536848559,0.5925093632958801,5.925076423282518,0.3411180909088876,0.8820166915057535,0.11794019933554817,11.7547065337763,0.3338870431893688,6.678313568835728,0.5382059800664452,5.382521383837751
2019-05-17,136,6885750,1752,1222,0.0002544385143230585,0.05087494843514362,0.8904198843333421,0.0019313952554523882,0.2420091324200913,0.06157420853906477,242.0003461460418,0.04091653027823241,40.91504478119936,0.2876712328767123,0.03659599186755736,143.83039440755314,0.06464811783960721,32.32288537714749,0.339041095890411,0.017252897266839002,67.80772680087709,0.10229132569558101,20.458116585098228,0.4006849315068493,0.010194893839495773,40.06820220051828,0.176759410801964,17.67581272952487,0.4805936073059361,0.006114031775538064,24.0295058780886,0.27823240589198034,13.911519277866796,0.6238584474885844,0.0031746584991097595,12.477114589180951,0.47299509001636664,9.459860585380877,0.728310502283105,0.001853099730458221,7.283094445777794,0.6178396072013094,6.178387099298285,0.30284669845022805,0.8777992665336469,0.10777385159010601,10.741460541813899,0.3339222614840989,6.67901799513907,0.519434628975265,5.194791773997054
2019-05-18,137,6885750,1823,1340,0.00026474966416149294,0.049566631232865664,0.9030956252044062,0.0027556713482604295,0.22819528250137136,0.06041243101945978,228.18699774670606,0.04701492537313433,47.013218470528564,0.2803071859572134,0.03710426953238455,140.14850462568123,0.08208955223880597,41.04328596633446,0.33571036752605593,0.01777571233553109,67.14158596510325,0.13208955223880597,26.41771861884917,0.387822270981898,0.010267507043480787,38.78194548801307,0.1917910447761194,19.17896521198937,0.4821722435545804,0.006382746977453437,24.108612177729018,0.30895522388059704,15.447761194029852,0.6417992320351069,0.003398317687517427,12.835965999354428,0.5156716417910447,10.313417857905842,0.7498628634119583,0.0019852594125549143,7.498628634119584,0.6619402985074627,6.619402985074626,0.3203799765267044,0.8958960051511495,0.09816971713810316,9.784248474764281,0.33444259567387685,6.689425571446103,0.5207986688851913,5.208433342941866
2019-05-19,138,6885750,2496,1949,0.00036248774643285047,0.0730701085125285,0.9059857137133944,0.006129036569431844,0.2171474358974359,0.07871042695323846,217.1395522408901,0.06516162134427912,65.15925561594103,0.26322115384615385,0.04770548939878013,131.60579872902656,0.10159055926115956,50.793435480143,0.3369391025641026,0.02442708182055825,67.38733118826481,0.18214468958440225,36.42867339469046,0.43469551282051283,0.015757065264747742,43.46923563571184,0.297588506926629,29.758634604113333,0.5204326923076923,0.009432523690229823,26.021634615384617,0.39763981528989223,19.88199076449461,0.6630608974358975,0.004807008065898126,13.261160172178695,0.5751667521806054,11.5032849258257,0.7652243589743589,0.0027738364772567194,7.652221363489765,0.7024114930733709,7.024094528905212,0.32776675371441155,0.8668630232098089,0.08923512747875353,8.893767705382436,0.2988668555240793,5.977849746597408,0.4915014164305949,4.915435692107348
2019-05-20,139,6885750,2973,2279,0.00043176124605162836,0.09544226413438607,0.9109535181763737,0.0071412303216132214,0.22838883282879247,0.098605866976474,228.38054104717654,0.060991663010092144,60.98944867437438,0.2795156407669021,0.060339819924484464,139.75274639926636,0.104870557261957,52.43337493948013,0.3437605112680794,0.029684277789073166,68.75160302257335,0.17507678806494076,35.01510335525766,0.4302051799529095,0.01857445757936623,43.02020560952608,0.2795085563843791,27.95065267831971,0.5250588631012445,0.011335003449152234,26.252943155062226,0.38920579201404126,19.460289600702062,0.6865119408005381,0.005928176410447067,13.730218875962292,0.5954365949978061,11.908714605232083,0.7924655230406996,0.0034215590168100787,7.924655230406996,0.7327775340061431,7.3277753400614305,0.37009211843726847,0.8769457739092696,0.08804204993429698,8.774857643451599,0.31537450722733246,6.308031095673969,0.5243101182654402,5.243550848278987
2019-05-21,140,6885750,3074,2311,0.00044642921976545765,0.09750784394619323,0.9177283007506954,0.005441908326591993,0.22088484059856864,0.098605866976474,220.87682125349897,0.03591518823020338,35.913884309631555,0.25992192582953805,0.05801626488527447,129.9562446108584,0.06144526179143228,30.721515493781208,0.3318152244632401,0.029626187225885156,66.36256300931643,0.14106447425356988,28.212689987845096,0.41281717631750164,0.018429231171396207,41.28141787197184,0.2388576373864128,23.88559029645781,0.5201691607026675,0.01161093562792724,26.008458035133376,0.3695369969710082,18.476849848550412,0.7013662979830839,0.006262180900348254,14.027264845339294,0.6053656425789702,12.107260102379524,0.8012361743656473,0.0035769524016991613,8.012361743656474,0.7360450021635656,7.360450021635655,0.38905221078476826,0.8808184226019734,0.102880658436214,10.25377229080933,0.3429355281207133,6.859298788019962,0.5528120713305898,5.52859482314409
2019-05-22,141,6885750,2863,2140,0.0004157862251751806,0.08799024709979902,0.9173649691674288,0.0038949352614316224,0.2106182326231226,0.08756898054022655,210.61058601287635,0.028037383177570093,28.036365265023708,0.24938875305623473,0.05184432181237293,124.68984943050889,0.04532710280373832,22.6627285892275,0.30736989172196993,0.025559847802724446,61.47353196214106,0.10093457943925234,20.18676930418635,0.39678658749563395,0.01649771994539487,39.678370630109235,0.21355140186915889,21.354985120400833,0.49598323436954245,0.010311149838434447,24.799161718477123,0.33925233644859815,16.962616822429908,0.6657352427523576,0.005536062831118134,13.314685518467234,0.5570093457943925,11.140170737300569,0.756898358365351,0.003147079112660204,7.568983583653511,0.6757009345794392,6.757009345794393,0.3870542079186512,0.8920514384409663,0.11609907120743033,11.571207430340557,0.3684210526315789,7.369052992687551,0.5712074303405573,5.712564189709467
2019-05-23,142,6885750,2810,2115,0.0004080891696619831,0.0784919133815545,0.9073533246991297,0.00513487948748451,0.22384341637010677,0.09134475747894279,223.83528961232395,0.052955082742316785,52.95316017904557,0.2754448398576512,0.05620098751089166,137.71741984096877,0.08888888888888889,44.4428308645561,0.35231316725978645,0.028754828778065004,70.46212180019968,0.1706855791962175,34.13686795870791,0.42384341637010675,0.01729646518923001,42.38403387072617,0.2543735224586288,25.437167537098137,0.5167259786476869,0.010543513778455506,25.83629893238434,0.37210401891252953,18.605200945626475,0.6359430604982207,0.005190421972302258,12.718842738711842,0.5234042553191489,10.468069903870683,0.7234875444839858,0.002952465737310424,7.234854430848845,0.6364066193853428,6.364047709163425,0.3899960809462861,0.8896778183611631,0.1335559265442404,13.311074012242628,0.39065108514190316,7.813691773310006,0.5893155258764607,5.89366067516759
2019-05-24,143,6885750,3066,2166,0.0004452674000653524,0.09401422012145338,0.9414435458191862,0.007805890683480723,0.25016307893020223,0.11138541969212895,250.15399662266043,0.055863342566943676,55.861314417707284,0.3290932811480757,0.07326459483009004,164.54066661816455,0.1172668513388735,58.63129695081674,0.4253098499673842,0.03787504719858259,85.06135233125899,0.21929824561403508,43.85933064384217,0.5143509458577952,0.022902204536872986,51.434721099078004,0.3301015697137581,33.00991727404963,0.6121983039791259,0.013629597356860182,30.609915198956294,0.4584487534626039,22.922437673130194,0.7508153946510111,0.00668626266381634,15.016286085248975,0.6481994459833795,12.963970092422784,0.8424657534246576,0.0037512090133579637,8.424620829657403,0.7774699907663897,7.7746660348132925,0.4282705151775675,0.8913009825651665,0.1449511400651466,14.446796959826274,0.4153094462540717,8.306901291198507,0.5960912052117264,5.961423279565987
2019-05-25,144,6885750,3010,1887,0.00043713466216461534,0.11510711378465883,0.9393184300963658,0.008255320828199622,0.28903654485049834,0.12634330525704326,289.02605122049357,0.05829358770535241,58.291471324735745,0.37940199335548175,0.08292187046180656,189.69410947919752,0.12506624271330152,62.530851057443805,0.5019933554817275,0.043887420488541634,100.39794206942709,0.26444091149973503,52.88779826191003,0.5943521594684386,0.02598100438583752,59.434784368697905,0.3868574456809751,38.685463658511345,0.6807308970099668,0.01487855353447337,34.03654485049834,0.516163222045575,25.80816110227875,0.7926910299003322,0.006930244446509899,15.853797573938715,0.6767355590885002,13.534691525680943,0.8601328903654485,0.0037599390044657445,8.601328903654485,0.7811340752517223,7.811340752517222,0.43252713380477625,0.8870507021272203,0.14125200642054575,14.078116639914393,0.41252006420545745,8.251108865694407,0.6019261637239165,6.019777868940472
2019-05-26,145,6885750,3469,2277,0.0005037940674581564,0.15227792688237368,0.9455453768445392,0.008544906598680081,0.29316805995964257,0.14769096717978508,293.15741633271983,0.05138339920948617,51.38153370704609,0.36004612280196024,0.09069125762416497,180.01652556517553,0.09881422924901186,49.405320872159706,0.4551744018449121,0.04586249963693398,91.03421933554861,0.2090469916556873,41.80909473970051,0.5537618910348804,0.027897992971041854,55.3757869992365,0.3451910408432148,34.51885343004685,0.6722398385701931,0.016933522129034602,33.61199192850966,0.515590689503733,25.779534475186647,0.8005188815220524,0.008065921554047773,16.010354379009645,0.7031181379007466,14.062342335631987,0.8740270971461517,0.004403277479094598,8.740232891806176,0.8124725516029864,8.124690118185976,0.45898483275535573,0.900378874542595,0.14126984126984127,14.079894179894179,0.43333333333333335,8.667409948542025,0.6396825396825396,6.39737400963816
2019-05-27,146,6885750,3642,2466,0.0005289184184729332,0.12945885202710555,0.9453932640775072,0.008017905671655081,0.27045579352004395,0.14304385710136508,270.44597447438895,0.040551500405515,40.55002816109133,0.3239978034047227,0.08568109207086842,161.99302024354262,0.07096512570965126,35.481274640954915,0.41790225151015925,0.04420691858607569,83.57984339760316,0.18045417680454176,36.09057329378935,0.5362438220757826,0.028362717476545934,53.62399282375787,0.3386050283860503,33.86025696664506,0.6463481603514553,0.017093272337799077,32.31740801757276,0.4894566098945661,24.472830494728306,0.7902251510159253,0.008359280602286457,15.804480067873138,0.694647201946472,13.892923862588644,0.8846787479406919,0.004679228842174055,8.846787479406919,0.8313057583130575,8.313057583130576,0.4491704951852891,0.897915492642527,0.14715189873417722,14.666139240506329,0.40031645569620256,8.007015763076188,0.625,6.2451799485861175
2019-05-28,147,6885750,4347,3017,0.0006313037795447119,0.11686764027008763,0.9498675283767396,0.010679977157899406,0.23671497584541062,0.14943363345919256,236.706381778614,0.03248259860788863,32.48141930936235,0.2942259029215551,0.09286959047342434,147.10761044453224,0.06629101756711965,33.14430541771668,0.4103979756153669,0.051816782363705016,82.078999116835,0.1915810407689758,38.3159299275313,0.5357717966413619,0.03382323041621889,53.5767906230686,0.35697712959893935,35.69745374736264,0.6563146997929606,0.02071669752750245,32.81573498964803,0.5200530328140537,26.002651640702684,0.816885208189556,0.010314039408866995,16.337680436992386,0.7408021213125622,14.81602090932003,0.8985507246376812,0.005672568209510338,8.98548114760428,0.854822671528008,8.548201886606698,0.4186246581386479,0.8975691726610601,0.1421647819063005,14.169089929994614,0.37479806138933763,7.496604106108175,0.5993537964458805,5.994051990013217
2019-05-29,148,6885750,4718,3134,0.0006851831681370948,0.1209310983863957,0.9512131224348603,0.012355621627664104,0.23166596015260704,0.15872785361603253,231.65754939308943,0.021378430121250798,21.377653965640818,0.30712166172106825,0.10521347661922742,153.55525575049708,0.06828334396936822,34.14043245259056,0.4599406528189911,0.06302826105899097,91.98746260850933,0.23611997447351626,47.223651986145825,0.5877490462060195,0.040271282930088005,58.7744778371881,0.402680280791321,40.267735680078395,0.7002967359050445,0.023991402596648174,35.014582541303554,0.5599872367581366,27.99915852556957,0.8170835099618482,0.011197021098615112,16.341646466678466,0.7300574345883855,14.601127486920761,0.8910555320050869,0.006105362524053299,8.910555320050868,0.8379068283343969,8.379068283343969,0.4225944191006887,0.8965853090343245,0.13551401869158877,13.506230529595015,0.3707165109034268,7.414966095445729,0.5700934579439252,5.701423510363732
2019-05-30,149,6885750,4924,2817,0.000715100025414806,0.174781622270864,0.9502153665883005,0.013857303133996525,0.32168968318440294,0.23003194888178913,321.6780040643338,0.04792332268370607,47.921582801238614,0.43805848903330624,0.15662213186174848,219.02129254001514,0.1313454029108981,65.67031717206773,0.5769699431356621,0.08251764500856835,115.39315071440892,0.3031593894213703,60.631437616782364,0.673842404549147,0.048186122164454386,67.38375115635495,0.4504792332268371,45.04759621527917,0.7394394800974817,0.026438659550521004,36.971974004874085,0.5530706425275116,27.653532126375577,0.8168155970755483,0.011682080118970165,16.33628821673412,0.6829960951366703,13.659902064804253,0.8885052802599512,0.006353701484950804,8.885052802599512,0.8068867589634363,8.068867589634362,0.43907671387506,0.8888013810491763,0.15422885572139303,15.371475953565504,0.38971807628524047,7.795029995818505,0.5737976782752903,5.73846889053873
2019-05-31,150,6885750,4644,2594,0.0006744363359111208,0.15939826907809865,0.9313976933088887,0.007308660273541958,0.30275624461670975,0.20418239907057797,302.7452528854936,0.020046260601387818,20.045532810921607,0.39728682170542634,0.13396747022945105,198.63619899492733,0.06784888203546646,33.92320937232887,0.5299310938845823,0.07148043800284644,105.9854491770241,0.2174248265227448,43.484649546283364,0.611541774332472,0.041244299863487176,61.15373337317115,0.33423284502698536,33.42304180552099,0.6711886304909561,0.022633700032676177,33.559431524547804,0.42405551272166536,21.20277563608327,0.7521533161068045,0.010145575797007157,15.043044475504313,0.5597532767925983,11.195049277565975,0.8473298880275625,0.005714700649892894,8.473298880275625,0.7282189668465691,7.28218966846569,0.45405801299958715,0.882259352356026,0.17985611510791366,17.925659472422062,0.4010791366906475,8.022270691165764,0.6061151079136691,6.061670903414489
2019-06-01,151,6885750,3699,1904,0.0005371963838361834,0.1475230543895257,0.9367695721133967,0.004808466206305479,0.31143552311435524,0.16729596282311937,311.4242162771815,0.01365546218487395,13.654966415843132,0.4238983509056502,0.11385419692128958,211.94148052197073,0.06302521008403361,31.511460959637994,0.5560962422276291,0.0597461442388684,111.21844084692837,0.20010504201680673,40.02071779799665,0.6215193295485266,0.03338755119230881,62.15148164975409,0.2920168067226891,29.20146862950937,0.6791024601243579,0.01824056929165305,33.955123006217896,0.38918067226890757,19.459033613445378,0.7704785077047851,0.008277953341388604,15.409547775200481,0.5561974789915967,11.123933424825688,0.862124898621249,0.004631303779544712,8.621248986212489,0.7331932773109243,7.331932773109243,0.4188517936192566,0.881578689109869,0.1713747645951036,17.080351537978657,0.4180790960451977,8.362299037706777,0.6346516007532956,6.34706030564681
2019-06-02,152,6885750,2926,1595,0.0004249355553135098,0.10730175090278418,0.9367202809979907,0.0056562975187339,0.32262474367737526,0.1370897473133895,322.613030609423,0.04764890282131661,47.6471729018125,0.43028024606971976,0.09141736857391809,215.13231225490654,0.1115987460815047,55.797347213964635,0.5536568694463432,0.04705335618228819,110.73056983328465,0.23824451410658307,47.64855682736659,0.621326042378674,0.026402160968950594,62.13215307312083,0.3329153605015674,33.29129430964692,0.6999316473000684,0.01487129216134771,34.99658236500342,0.46206896551724136,23.10344827586207,0.7935748462064252,0.006744353564457664,15.871473874389732,0.6244514106583072,12.489010075693717,0.8691045796308954,0.00369313437170969,8.691045796308954,0.7617554858934169,7.617554858934168,0.3882775320308698,0.8826891462487536,0.14982578397212543,14.932636469221835,0.38153310104529614,7.631316451610974,0.578397212543554,5.784468177933434
2019-06-03,153,6885750,3721,2513,0.000540391388011473,0.07366630051226418,0.9371871711249957,0.008142738091651197,0.21633969363074443,0.11690386291025269,216.33183929972384,0.03820135296458416,38.19996604355001,0.29454447729105077,0.0795817600929422,147.26689184627162,0.08436132113012336,42.17912917308647,0.41977962913195377,0.04536872984983589,83.95531619551397,0.1945881416633506,38.91734573930164,0.5237839290513303,0.028304626913357923,52.378012568840184,0.3215280541185834,32.15257194003653,0.6404192421392099,0.017303852158443163,32.020962106960496,0.4810982888977318,24.054914444886588,0.7844665412523515,0.008478342322874097,15.689262469693714,0.6860326303223239,13.72059282824006,0.874227358237033,0.004724242494655637,8.742260886206678,0.817349781138082,8.173485941234588,0.4435796926128785,0.8907200847704159,0.14396284829721362,14.34829721362229,0.3761609907120743,7.523865030349054,0.5882352941176471,5.88285743113712
2019-06-04,154,6885750,4484,3207,0.000651199941909015,0.08451270343727356,0.9356546869123159,0.011837757623209192,0.19669937555753791,0.12808597153645077,196.6922342790178,0.042719052073589024,42.71750113501533,0.260035682426405,0.08466453674121406,130.0131208442941,0.08263174306205176,41.314371535690015,0.38470115967885815,0.05010165553296544,76.93743857852738,0.20891799189273463,41.782081402131794,0.5091436217662801,0.03315518893955677,50.91399247113136,0.3507951356407858,35.079258840491164,0.648528099910794,0.021116073049413642,32.4264049955397,0.5291549734954787,26.45774867477393,0.8073148974130241,0.010514453016079561,16.146274499435737,0.7399438727782974,14.798855963562954,0.8831400535236396,0.005750990811485135,8.831374884073098,0.8425319613345806,8.42529514166112,0.41213652171803766,0.8885111772230109,0.1522491349480969,15.174163783160322,0.3875432525951557,7.75152979161597,0.5916955017301038,5.917462474849692
2019-06-05,155,6885750,4601,3152,0.0006681915550230549,0.12441759615506821,0.9371582679951869,0.011761216325121083,0.23212345142360358,0.15509729886726692,232.11502405461488,0.030774111675126902,30.772994404154094,0.30602043034123017,0.10223642172523961,153.0046600509821,0.0850253807106599,42.51114690883143,0.4186046511627907,0.05594121235005373,83.72032230805965,0.21192893401015228,42.38547902525215,0.5281460552053902,0.03529001713671614,52.8142220167666,0.34993654822335024,34.993400722195446,0.6648554662029994,0.02221254039138801,33.242773310149964,0.5333121827411168,26.66560913705584,0.8280808519886981,0.011066284429650672,16.561544884039797,0.7550761421319797,15.101457048250975,0.8989350141273637,0.006006607849544349,8.989350141273635,0.8556472081218274,8.556472081218274,0.4603156538698871,0.9012751970484656,0.17723880597014927,17.664800995024876,0.4552238805970149,9.105258441924171,0.6511194029850746,6.5117524512941305
2019-06-06,156,6885750,3512,1517,0.0005100388483462222,0.2184728842353982,0.9451686349721802,0.004529726068744005,0.4020501138952164,0.20505373221028173,402.03551724571395,0.016479894528675015,16.479296217081615,0.5167995444191344,0.13178913738019168,258.39039086436645,0.05207646671061305,26.03728802298895,0.619874715261959,0.063231578030149,123.97404283060892,0.15820698747528017,31.641167736730964,0.7021640091116174,0.035812832205408235,70.2158910473775,0.3289386947923533,32.89363062630989,0.7793280182232346,0.019874378244926116,38.966400911161735,0.4976928147659855,24.88464073829927,0.8695899772209568,0.00887045476329479,17.391723771741773,0.7013843111404087,14.027625106916194,0.9063211845102506,0.004622590131793922,9.063211845102506,0.7851021753460777,7.851021753460777,0.5232675214076197,0.9162013664595334,0.21987315010570824,21.914023960535587,0.5306553911205074,10.614018037489258,0.7019027484143763,7.019629459056641
2019-06-07,157,6885750,2604,1345,0.00037817231238427185,0.1796495147957593,0.963031663854127,0.004363770224835433,0.3774961597542243,0.14275341272146383,377.4824545494699,0.020817843866171002,20.81708806295193,0.46774193548387094,0.0884403136799303,233.86247692841016,0.07211895910780669,36.05817039475602,0.5514592933947773,0.04170902436899126,110.29105781443225,0.16505576208178438,33.01091271180246,0.6363287250384024,0.024064015800633186,63.63241044516512,0.3174721189591078,31.746981369233445,0.728494623655914,0.013774824819373343,36.424731182795696,0.48475836431226765,24.237918215613384,0.8790322580645161,0.006648464956867757,17.580517502592993,0.7680297397769517,15.36048325733871,0.9266513056835638,0.003504338670442581,9.266513056835638,0.8594795539033457,8.594795539033457,0.4765606550263904,0.9046832033677109,0.22123893805309736,22.050147492625367,0.5066371681415929,10.133612380272925,0.6836283185840708,6.836869488000729
2019-06-08,158,6885750,2301,1427,0.000334168391242784,0.12934867789558496,0.9385146791061469,0.0050809528215312845,0.32811820947414166,0.10964275341272146,328.106296962906,0.060266292922214436,60.26410492145484,0.3924380704041721,0.06556781876270694,196.2119113625855,0.1107217939733707,55.35888707901085,0.48717948717948717,0.03255976066687966,97.43518992262783,0.21934127540294324,43.86793653913318,0.5454150369404607,0.018225914200238173,54.54110765071273,0.3013314646110722,30.13292765467615,0.6440677966101694,0.010761276830578873,32.203155991376995,0.4470918009810792,22.354427725213238,0.8131247283789657,0.005434403754995818,16.26247095000541,0.7070777855641205,14.141535173889718,0.8735332464146024,0.002919071996514541,8.735332464146024,0.8023826208829713,8.023826208829712,0.3285230961147508,0.8755111738501877,0.12452107279693486,12.410600255427841,0.3544061302681992,7.088730506102008,0.5708812260536399,5.7093018670767535
2019-06-09,159,6885750,2276,1428,0.00033053770467995496,0.15606665496295505,0.9353048264212469,0.0063613828714517645,0.34182776801405973,0.11298286378158583,341.8153577697955,0.08753501400560224,87.53183599899441,0.4086115992970123,0.06752831832704037,204.29838221459502,0.14215686274509803,71.07585083118347,0.4947275922671353,0.032704987074849694,98.9447999783156,0.23669467787114845,47.33859183105116,0.5733743409490334,0.018951771010325448,57.336185076603016,0.3473389355742297,34.733136926621825,0.655536028119508,0.010833968703481828,32.7768014059754,0.46638655462184875,23.319327731092436,0.7913005272407733,0.005231085602751185,15.825987561135314,0.6729691876750701,13.459364206808292,0.8607205623901582,0.0028449935954968065,8.607168123986,0.7822128851540616,7.822094772051358,0.3327459785129295,0.8780567956204404,0.13172541743970315,13.128633271490413,0.3469387755102041,6.939370602443378,0.575139146567718,5.751884723950394
2019-06-10,160,6885750,2172,1422,0.0003154340485785862,0.1314244856467686,0.9284407570750765,0.006045107655604865,0.320902394106814,0.10121986639558525,320.8907435697059,0.06751054852320675,67.50809751578143,0.3885819521178637,0.06128376415916352,194.28392221867412,0.12447257383966245,62.234027397361004,0.48987108655616945,0.030904179616021377,97.9735058890512,0.24753867791842477,49.50737609215467,0.5778084714548803,0.018225914200238173,57.780427580244016,0.37060478199718705,37.06020909171238,0.671731123388582,0.010594343390335112,33.586556169429095,0.509142053445851,25.457102672292546,0.7753222836095764,0.004891253833999442,15.506423152606658,0.6610407876230661,13.220796552233967,0.8388581952117864,0.0026460405242122874,8.388569769610847,0.7580872011251758,7.580861001759689,0.3423536124479245,0.8881867944686027,0.13680154142581888,13.63455362877328,0.35067437379576105,7.014088975698748,0.5761078998073218,5.761573087181113
2019-06-11,161,6885750,2362,1660,0.00034302726645608683,0.09718999701345526,0.9105571920066435,0.00522324997216024,0.26926333615580017,0.09236131280859715,269.2535604029627,0.04156626506024096,41.564755974230934,0.32514817950889074,0.05576532094103979,162.56818741310954,0.08433734939759036,42.16714374197341,0.4161727349703641,0.028551511806906966,83.23394260135888,0.19397590361445782,38.79489901865442,0.49915325994919557,0.01712219349966598,49.91496354374472,0.3060240963855422,30.602187424652865,0.6168501270110076,0.010579743820616341,30.84228239322988,0.4680722891566265,23.403444516688264,0.7637595258255715,0.005239799237847384,15.275168332772068,0.6662650602409639,13.32528185285057,0.8247248094834886,0.0028290268612324566,8.247236117583146,0.7518072289156627,7.518061370866868,0.35220063942464147,0.8954669746686553,0.15873015873015872,15.82010582010582,0.4376417233560091,8.753585139029882,0.6462585034013606,6.4631392865894215
2019-06-12,162,6885750,2327,1568,0.0003379443052681262,0.09179775265811596,0.9046489249320796,0.003544930953824743,0.28706489041684574,0.09700842288701714,287.05446836883465,0.03316326530612245,33.16206129561903,0.329608938547486,0.055692709846064475,164.7984859572576,0.06313775510204081,31.567731425637348,0.4099699183498066,0.027709198640680822,81.99338828537515,0.15178571428571427,30.35692242420219,0.4662655779974216,0.015757065264747742,46.62621922936689,0.2264030612244898,22.640141723932302,0.5719810915341642,0.00966488763025088,28.599054576708205,0.3718112244897959,18.590561224489797,0.7477438762354963,0.005053908355795148,14.954855806152315,0.6288265306122449,12.576512347695143,0.8031800601633003,0.002714285506819116,8.031753944383208,0.7098214285714286,7.098173051727855,0.3392639831129535,0.8812103747303939,0.14537444933920704,14.48898678414097,0.40748898678414097,8.150478687632706,0.5925110132158591,5.925618289116752
2019-06-13,163,6885750,2182,1480,0.0003168863232037178,0.11161970678288555,0.9092205874011561,0.0030172153234837833,0.2914757103574702,0.09236131280859715,291.46512817222634,0.03513513513513514,35.133859534818,0.33363886342804766,0.0528608771420273,166.81337524322387,0.06418918918918919,32.093429382766445,0.3854262144821265,0.02442708182055825,77.08468315577863,0.12297297297297298,24.594416005363176,0.42621448212648944,0.01350605594121235,42.62113872465763,0.17027027027027028,17.02690338832835,0.5407882676443629,0.008568420288276512,27.039413382218147,0.3324324324324324,16.62162162162162,0.7470210815765352,0.004734380899822824,14.940313144342351,0.6297297297297297,12.594503141207955,0.8221814848762603,0.002605376893763361,8.221802908446866,0.7391891891891892,7.391881156850456,0.3461832665445289,0.8855563384513747,0.1493212669683258,14.882352941176471,0.4276018099547511,8.552769649883967,0.6108597285067874,6.109121178488548
2019-06-14,164,6885750,2175,1414,0.0003158697309661257,0.1082986118540479,0.93529980599746,0.003841424544577852,0.29517241379310344,0.0932326459483009,295.1616973970174,0.033946251768033946,33.94501933077835,0.3622988505747126,0.05721754284054604,181.1428485582942,0.07284299858557285,36.420176990314275,0.44505747126436784,0.02811583258299689,89.01084791189463,0.17043847241867044,34.0874469620628,0.5016091954022989,0.015844201109529756,50.160555305721616,0.24893917963224893,24.893737200510586,0.6137931034482759,0.009693933122753512,30.68965517241379,0.41371994342291374,20.685997171145683,0.7954022988505747,0.005024862905474487,15.908022874193538,0.6881188118811881,13.762356250902997,0.8717241379310345,0.0027535126892495373,8.717241379310344,0.804101838755304,8.04101838755304,0.3649992182875242,0.8852012001180811,0.14853556485355648,14.804044630404462,0.40585774058577406,8.117850965644445,0.6317991631799164,6.318533483568615
2019-06-15,165,6885750,2750,1826,0.0003993755219111934,0.10755645958112305,0.9380139616710471,0.007068108271019702,0.2781818181818182,0.11109497531222771,278.171718638608,0.05421686746987952,54.214899096822954,0.3563636363636364,0.07115887307580598,178.17534919335674,0.10350492880613363,51.750585501512816,0.4556363636363636,0.03639373783728833,91.12661102294841,0.22343921139101863,44.68751778546302,0.5476363636363636,0.021871097040285805,54.76323870732654,0.34446878422782035,34.44662829296107,0.6476363636363637,0.012932505536797008,32.38181818181818,0.48083242059145676,24.041621029572834,0.8290909090909091,0.0066223626731108836,16.58179410049937,0.7447973713033954,14.895925793092859,0.8858181818181818,0.0035377409868206076,8.858181818181817,0.8285870755750274,8.285870755750274,0.39509317566357915,0.8852430686093075,0.15444015444015444,15.392535392535393,0.41505791505791506,8.3018702358325,0.6505791505791506,6.506349463896634
2019-06-16,166,6885750,3686,2723,0.0005353084268235124,0.10521717726027334,0.9418114587934628,0.012166144257018185,0.2268041237113402,0.12140575079872204,226.79588946345638,0.040396621373485125,40.395154752029505,0.2935431361909929,0.07856520476328784,146.76623947336114,0.09401395519647447,47.005270984179795,0.43353228431904506,0.04641435998722008,86.7058272604451,0.25890561880279106,51.780747761227985,0.5485621269669018,0.029364779691539108,54.85581436815393,0.40616966580976865,40.616671648168904,0.6809549647314161,0.018226046545401737,34.04774823657081,0.5765699596033786,28.828497980168933,0.8220293000542593,0.008800771447160518,16.440562124873992,0.7616599338964377,15.233176555172983,0.8865979381443299,0.0047460127973882405,8.865940754100942,0.8479618068307014,8.479581124265518,0.43058371907213133,0.8871039143270555,0.14814814814814814,14.765432098765432,0.38808373590982287,7.762340384981894,0.6247987117552335,6.248522965504098
2019-06-17,167,6885750,4854,3535,0.0007049341030388847,0.11808589095360597,0.9512600623663569,0.016029844257124632,0.21590440873506386,0.15219285506825442,215.89657020729973,0.029137199434229138,29.136141592251423,0.28450762257931606,0.10027592216090618,142.24864668715693,0.08543140028288543,42.71414932456277,0.4297486608982283,0.06058845740509454,85.94910807110213,0.25176803394625175,50.35324115557824,0.5529460238978162,0.03897876789915478,55.294200877957365,0.4082036775106082,40.82007134129179,0.7008652657601978,0.024703191373488725,35.04326328800989,0.6031117397454031,30.15558698727016,0.8646477132262052,0.012190375499581746,17.292929150441903,0.8200848656294201,16.40167349285418,0.9198599093531108,0.00648440620121265,9.198599093531108,0.8942008486562942,8.942008486562942,0.507770405438965,0.9044483989849544,0.15981012658227847,15.927742616033756,0.4620253164556962,9.241298825368565,0.6487341772151899,6.487898147947109
2019-06-18,168,6885750,5417,3866,0.0007866971644337944,0.11810134326606053,0.9523496634218875,0.016491576416858236,0.21487908436403913,0.16903862910252687,214.87128306123765,0.021210553543714435,21.20978348295551,0.27690603655159685,0.10891664246296834,138.44799166316858,0.0553543714433523,27.676180886295604,0.4227432158021045,0.06651369485027157,84.54802922563366,0.22115882048629074,44.231442916247246,0.5647037105408897,0.04442475819803073,56.469961004631735,0.4099844800827729,40.99815030541046,0.7192172789366809,0.02829030969756381,35.96086394683404,0.6200206932229695,31.001034661148474,0.8624700018460403,0.013569994975151689,17.249324884650314,0.8111743404035179,16.22341612550364,0.9139745246446372,0.007190211669026613,9.139745246446372,0.8815312984997413,8.815312984997414,0.5132083097460071,0.9059038952128357,0.1546242774566474,15.410886319845856,0.41040462427745666,8.20879643859249,0.6358381502890174,6.358926818627986
2019-06-19,169,6885750,5133,3348,0.0007454525650800566,0.11311537494378104,0.9431246146490224,0.01078575429616622,0.23397623222287162,0.17441185013069996,233.96773758766165,0.011350059737156512,11.349647667023737,0.3041106565361387,0.11334591925646238,152.04980781612818,0.03972520908004779,19.861883417291537,0.41885836742645627,0.062447355427110864,83.77106519232976,0.15621266427718042,31.242305993394957,0.5505552308591467,0.04104098289232914,55.055123310121836,0.3378136200716846,33.78111670987543,0.6840054548996688,0.025494681044185456,34.200272744983444,0.529868578255675,26.493428912783752,0.848042080654588,0.012643484524584069,16.960816981327635,0.771505376344086,15.43008511816064,0.9000584453535944,0.006709499024072869,9.000571382234515,0.8497610513739546,8.497598172893344,0.5041903076273574,0.9060775981261613,0.15169366715758467,15.118802160039273,0.41384388807069217,8.277587613708992,0.6318114874815906,6.3186567371550835
2019-06-20,170,6885750,4254,1906,0.0006177976255309879,0.19370143963659817,0.9459390429071532,0.005014480994755055,0.36577338975082274,0.22596572756317165,365.76011014765146,0.018363064008394544,18.36239732730217,0.47296661965209214,0.1460935230903282,236.47472417001114,0.0472193074501574,23.60879656367422,0.5928537846732487,0.07325007261109498,118.56645215840321,0.1652675760755509,33.052315189143904,0.6690173953925717,0.04133143570826919,66.90125374429115,0.3011542497376705,30.115206296017384,0.7505876821814763,0.02318556439022619,37.52938410907381,0.4627492130115425,23.137460650577125,0.8385049365303244,0.010360512129380054,16.77007437585301,0.6432318992654774,12.864619302349375,0.88787023977433,0.005485233293056975,8.87868950344783,0.7507869884575026,7.50785898110194,0.47511670623047875,0.8775222650070651,0.16124031007751938,16.0702842377261,0.4077519379844961,8.155738162671028,0.57984496124031,5.798946906537955
2019-06-21,171,6885750,3842,1651,0.0005579639109755655,0.223766397176455,0.9561633295057069,0.004681370743464149,0.39823008849557523,0.22218995062445543,398.21563053418635,0.029073288915808602,29.072233394137246,0.5080687142113482,0.14173685739180947,254.02513424925874,0.07510599636583888,37.55163480076061,0.6093180635085893,0.06799500421156583,121.86272781098111,0.1556632344033919,31.13242081655452,0.6741280583029672,0.037613639664236545,67.41231632431463,0.27135069654754695,27.134872618319896,0.7654867256637168,0.02135569836256036,38.27433628318584,0.4688067837674137,23.440339188370686,0.8675169182717335,0.00968084859187657,17.35031316801512,0.6983646274984857,13.967272265654621,0.9089016137428423,0.005071335625987545,9.089002937700089,0.7928528164748637,7.928516650365091,0.4771572372541136,0.885618517561903,0.1724137931034483,17.183908045977013,0.4517241379310345,9.035257585615426,0.6137931034482759,6.138457443662388
2019-06-22,172,6885750,3889,1609,0.0005647896017136841,0.24037769526165523,0.9621863524800552,0.005306628994477547,0.4106454101311391,0.23191983735114727,410.630501424701,0.041640770665009326,41.63925887403252,0.5160709694008743,0.14573046761545164,258.0261165808938,0.07582349285270354,37.91037001964155,0.6207251221393675,0.0701153097679282,124.14412297107522,0.17775015537600994,35.549772935036174,0.6844947287220365,0.038659269801620724,68.44897583865001,0.2983219390926041,29.831977288142244,0.7804062741064541,0.022038267436372216,39.0203137053227,0.49720323182100684,24.860161591050343,0.8853175623553613,0.010000348545403848,17.70632553265995,0.7308887507768801,14.6177537865447,0.9236307534070455,0.005216562877590854,9.236294120434874,0.8203853325046613,8.203841410815903,0.48918189199073653,0.8898757831089268,0.18149466192170818,18.08896797153025,0.4750889679715303,9.502594263320779,0.6370106761565836,6.370653082900448
2019-06-23,173,6885750,4095,1889,0.0005947064589913953,0.22109262923448986,0.9549586958199421,0.006476262827294052,0.4043956043956044,0.2404879465582341,404.3809225917852,0.04552673372154579,45.525080848552705,0.513064713064713,0.152555910543131,256.5230429847043,0.10481736368448914,52.406779116357185,0.6065934065934065,0.07214847947950856,121.31780038486595,0.21016410799364743,42.03251638494461,0.6654456654456654,0.03957419617183189,66.54408334314809,0.3096876654314452,30.968541669008307,0.7428571428571429,0.022089097048251825,37.14285714285714,0.46320804658549497,23.16040232927475,0.8522588522588522,0.010136862161910959,17.04515229093489,0.6839597670725251,13.679175475531068,0.9103785103785104,0.005414079802490651,9.103785103785103,0.8088935944944415,8.088935944944415,0.4623600240038068,0.8818342151675486,0.16498316498316498,16.443322109988777,0.44276094276094274,8.855978307950863,0.601010101010101,6.0106164561567645
2019-06-24,174,6885750,4041,2141,0.0005868641760156845,0.2038864878631941,0.9429920358812631,0.005739656102256205,0.3580796832467211,0.2101365088585536,358.06668296777667,0.029425502101821578,29.424433792857673,0.44691907943578324,0.13113563752541388,223.4514268969608,0.067725361980383,33.861451587018756,0.5357584756248454,0.06288303465102094,107.15091706217952,0.16207379729098553,32.41452408424304,0.6048007918831972,0.035493334107874176,60.479640023087015,0.2727697337692667,27.27677531008348,0.6899282355852512,0.020244708274334677,34.49641177926256,0.423633815973844,21.181690798692202,0.8257856966097501,0.009692410467919486,16.51559400630453,0.6735170481083605,13.47024314970561,0.8854243999010146,0.005196238608720909,8.854243999010146,0.7851471275105091,7.851471275105092,0.44054753822567977,0.880282498714284,0.15702479338842976,15.650137741046832,0.43471074380165287,8.694960520533575,0.5735537190082645,5.736029088640971
2019-06-25,175,6885750,3588,2074,0.0005210761354972225,0.15900449114291584,0.9379340229573713,0.006257876274994843,0.3338907469342252,0.1739761835608481,333.8786248478567,0.038090646094503376,38.089263192742756,0.4096989966555184,0.10673830961370898,204.84206115456985,0.07521697203471553,37.60712062068272,0.5086399108138239,0.053007638909059226,101.72724348329281,0.18273866923818707,36.54746846283211,0.5869565217391305,0.03058468151848732,58.69522596597662,0.30327868852459017,30.327648632086273,0.6819955406911928,0.017768580038485277,34.099777034559644,0.4575699132111861,22.878495660559306,0.8193979933110368,0.008539362394274561,16.38793606643703,0.6909353905496625,13.818687742463688,0.882943143812709,0.004600806012416948,8.829431438127092,0.7994214079074252,7.994214079074252,0.42831413994108464,0.8665091032727252,0.16306156405990016,16.25180255130338,0.41098169717138106,8.220338886304415,0.5590682196339434,5.591161671656445
2019-06-26,176,6885750,3311,1969,0.00048084812838107685,0.151806664946255,0.9412292938505658,0.006928206649326358,0.3289036544850498,0.15814696485623003,328.89171345780306,0.03047232097511427,30.471214660818045,0.40108728480821504,0.09642753412721464,200.53636155737487,0.07516505840528187,37.58116474834226,0.506795530051344,0.04873798251474048,101.35837000932476,0.20010157440325038,40.02002428032127,0.6131078224101479,0.02948096081791513,61.31033704378106,0.36820721178263077,36.8204538112093,0.7127755964965268,0.017136840576553024,35.63877982482634,0.5261554088369731,26.307770441848653,0.8378133494412564,0.008057207918951575,16.75624265415911,0.7293042153377349,14.58606312378534,0.8912715191784959,0.0042856624187633885,8.91271519178496,0.8191975622143219,8.191975622143218,0.4365223446523612,0.8780608784691285,0.17005545286506468,16.94886013555145,0.4436229205175601,8.873219341604234,0.6044362292051756,6.044880676467884
2019-06-27,177,6885750,2988,1757,0.0004339396579893258,0.143993846424025,0.9475907555341349,0.007800041953981468,0.32095046854083,0.13926808016264886,320.9388162583532,0.03016505406943654,30.163958910633554,0.39558232931726905,0.08582631426081905,197.78398374211338,0.06374501992031872,31.871352811235454,0.5117135207496654,0.04441023555723373,102.34196100676779,0.21343198634035287,42.68608730846335,0.6485943775100401,0.028144877864590898,64.85896678584564,0.42970973249857713,42.97066122385311,0.7777777777777778,0.016875431144029337,38.88888888888889,0.6374501992031872,31.87250996015936,0.892570281124498,0.007746421600520494,17.8513796973842,0.8241320432555492,16.48261692782466,0.9166666666666666,0.00397777442141463,9.166653354168604,0.8639726807057484,8.639714259819696,0.46490021207406607,0.8765299617197782,0.19262295081967212,19.198087431693992,0.48565573770491804,9.713947782807974,0.639344262295082,6.393990945645755
2019-06-28,178,6885750,3198,1941,0.00046443742511708964,0.13500607592862837,0.9488736265474406,0.008835342773272163,0.2883051907442151,0.13389485913447574,288.29472366642165,0.020607934054611025,20.60718587228258,0.3805503439649781,0.08836770258495498,190.26826393819692,0.07212776919113859,36.06257527649452,0.5256410256410257,0.048825118359522496,105.12744175862477,0.2534775888717156,50.69514965794579,0.641963727329581,0.02981498155624619,64.19590658252727,0.43225141679546625,43.22482780794362,0.7554721701063164,0.017543477471589877,37.77360850531582,0.6058732612055642,30.29366306027821,0.8933708567854909,0.008298285156613069,17.867391187350982,0.8304997424008244,16.609970725777476,0.9271419637273296,0.004305994263515231,9.271419637273297,0.8856259659969088,8.856259659969087,0.44620864779277614,0.89173253276298,0.19004524886877827,18.941176470588236,0.5407239819004525,10.815407123398243,0.669683257918552,6.697406921602259
2019-06-29,179,6885750,3609,2203,0.0005241259122099989,0.12915031016791081,0.9479745757391858,0.008281832966397305,0.29177057356608477,0.15291896601800756,291.7599806756707,0.02723558783477077,27.234599031843274,0.3688002216680521,0.09664536741214058,184.39341608704544,0.05991829323649569,29.9580589350276,0.4970906068162926,0.052107235179645064,99.41739945642588,0.21107580571947346,42.21485460608395,0.6115267387087836,0.032051468238984575,61.152229821720155,0.38266000907852926,38.26572304615996,0.717096148517595,0.018792433649203064,35.85480742587974,0.5442578302315025,27.212891511575123,0.8631199778331948,0.009047657774886142,17.26237448695546,0.7784838856105311,15.569655100795595,0.912718204488778,0.0047837787204626355,9.127155534615015,0.8579210167952792,8.579185249286708,0.4565767757660191,0.8663172317807541,0.1660839160839161,16.553030303030305,0.4562937062937063,9.126656790893497,0.6031468531468531,6.031985810073289
2019-06-30,180,6885750,3969,2575,0.000576407798714737,0.10913584970268952,0.9383736042076342,0.006597047746159198,0.25598387503149406,0.14754574498983444,255.97458139676306,0.019805825242718445,19.805106181389565,0.32098765432098764,0.09250653499854777,160.48800034423036,0.040776699029126215,20.387609304371612,0.41496598639455784,0.04783757878532632,82.99259463871523,0.13592233009708737,27.184268624299843,0.5167548500881834,0.029785936274652182,51.675109776564945,0.272621359223301,27.261937963226416,0.6268581506676745,0.01806629633663726,31.342907533383727,0.43106796116504853,21.553398058252426,0.8112874779541446,0.009352580673269627,16.225631738716636,0.7110679611650486,14.221255957455147,0.874023683547493,0.005037926041677256,8.74021144910032,0.806990291262136,8.069879473258986,0.3985854658466481,0.8668033899461661,0.13934426229508196,13.887978142076502,0.3950819672131147,7.90231701487501,0.5836065573770491,5.836566093974073
2019-07-01,181,6885750,4139,2815,0.0006010964673419743,0.1073713488936567,0.9337331236208452,0.007070550720626751,0.22879922686639284,0.13752541388324135,228.7909201851967,0.01492007104795737,14.91952936660942,0.29040831118627686,0.0872785361603253,145.19888387677216,0.04120781527531083,20.603159601508246,0.3959893694129017,0.04760521653257428,79.1972988014432,0.1467140319715808,29.34259332679754,0.4877989852621406,0.029321211769148103,48.77954431974186,0.26536412078152755,26.536219388762426,0.5965208987678183,0.017928330247249755,29.82604493839092,0.41740674955595025,20.870337477797513,0.8026093259241363,0.009648870570944759,16.05211658223795,0.7129662522202487,14.259262919307842,0.8639768059917855,0.005193334059470646,8.639768059917856,0.8014209591474245,8.014209591474245,0.43582975646138244,0.8575872986266287,0.15141955835962145,15.091482649842272,0.4148264984227129,8.297241506187403,0.6041009463722398,6.041527560588927
2019-07-02,182,6885750,3917,2382,0.0005688559706640526,0.14106283966104488,0.9387137813864009,0.006314544384272765,0.27418943068675006,0.15596863200697067,274.17947608935367,0.020151133501259445,20.150401903325186,0.3520551442430431,0.10013069997095556,176.02118134414278,0.04953820319059614,24.768202339503876,0.46157773806484553,0.05251386912196114,92.31487728020014,0.15869017632241814,31.737804804440756,0.5519530252744447,0.03139794940311946,55.19490173666833,0.2850545759865659,28.505250611395862,0.6410518253765637,0.018233307918527394,32.05259126882819,0.4202350965575147,21.011754827875734,0.8243553740107225,0.009378775908541685,16.487083536441386,0.7141057934508817,14.282095127493283,0.8866479448557569,0.00504374977308209,8.86647944855757,0.8165407220822838,8.165407220822837,0.5031193464968732,0.8917707728528497,0.17699115044247787,17.640117994100294,0.5079646017699115,10.160163329740888,0.6743362831858407,6.7439411648628536
2019-07-03,183,6885750,3453,1856,0.0005014704280579457,0.1664457579990952,0.9569155137413888,0.006168626613820225,0.32435563278308716,0.1626488527446994,324.34385687425834,0.018857758620689655,18.85707397943854,0.4135534317984361,0.10368864362474586,206.76920875733967,0.05872844827586207,29.363158053697152,0.5212858384013901,0.0522815068692091,104.25641063557967,0.1540948275862069,30.818741730858406,0.6151172893136403,0.030846089052833366,61.511282274992,0.30441810344827586,30.441589297089156,0.757022878656241,0.018981229350470172,37.85114393281205,0.5576508620689655,27.882543103448274,0.8870547350130321,0.008896621433218701,17.74106893535641,0.7941810344827587,15.883597622309388,0.9241239501882421,0.0046342083287949755,9.241239501882422,0.8626077586206896,8.626077586206895,0.5377522379665877,0.9013426216288863,0.198,19.734,0.57,11.400977701543741,0.7,7.000600343053174
2019-07-04,184,6885750,2968,1443,0.00043103510873906254,0.175272121321954,0.9621097846064977,0.0059616757036152716,0.3632075471698113,0.15654952076677317,363.1943607209597,0.033264033264033266,33.262825595093965,0.4494609164420485,0.09686320069706651,224.7222992587014,0.06791406791406791,33.95580112832509,0.5801886792452831,0.050015974904876706,116.0368932618783,0.20097020097020096,40.19374833223623,0.683288409703504,0.029451915536321125,68.32834481274367,0.3839223839223839,38.391959613894606,0.805256064690027,0.017354681770322768,40.26280323450135,0.6084546084546084,30.42273042273042,0.9033018867924528,0.007787085230969421,18.06601149903898,0.8066528066528067,16.13303270346211,0.9420485175202157,0.0040605598518679885,9.420485175202158,0.8835758835758836,8.835758835758835,0.5321147758968687,0.9051199538093427,0.2242562929061785,22.35087719298246,0.6041189931350115,12.083416087388283,0.7139588100686499,7.140200415274895
2019-07-05,185,6885750,2739,1367,0.0003977780198235486,0.16325279511524493,0.9567248250640086,0.005260911236761705,0.36911281489594744,0.14681963404008133,369.0994140531179,0.03438185808339429,34.38060983121293,0.45965680905439943,0.09141736857391809,229.82006048114513,0.06803218727139722,34.014858662795774,0.5815991237677984,0.04626913357925005,116.31898011804346,0.20848573518653987,41.69684426096363,0.6688572471705002,0.02660547794010863,66.88523903837276,0.359912216532553,35.99096030946335,0.7809419496166484,0.015532077115782595,39.04709748083243,0.5676664228237015,28.383321141185075,0.8882803943044907,0.007066758063017009,17.765582085585752,0.7776152158010241,15.552281729836363,0.9269806498722162,0.0036873145632224137,9.26977957419085,0.8551572787125091,8.551547948732907,0.5373345915128893,0.9023868160565934,0.2296983758700696,22.893271461716935,0.6032482598607889,12.065999928364766,0.7192575406032483,7.193192264986688
2019-07-06,186,6885750,2850,1481,0.0004138982681625095,0.18645817998723252,0.953373286504847,0.005468325690043552,0.36210526315789476,0.14986930002904444,362.09211672806765,0.02700877785280216,27.007797284335243,0.4414035087719298,0.09134475747894279,220.69374168794047,0.06482106684672519,32.40935674120229,0.5459649122807018,0.045194458160271865,109.19218957090948,0.1836596893990547,36.73167115744114,0.6407017543859649,0.026518342095326615,64.06971020452465,0.3409858203916273,34.098334438433405,0.772280701754386,0.015982166197101282,38.613754698838655,0.5752869682646861,28.76413954608442,0.8957894736842106,0.00741530346686495,17.915763455075556,0.8041863605671843,16.083703853388705,0.9270175438596491,0.00383690398735942,9.270161975775483,0.8622552329507089,8.622539807211323,0.5317237279448829,0.8959554673872149,0.2403846153846154,23.958333333333332,0.59375,11.876018439108062,0.7163461538461539,7.164075900514581
2019-07-07,187,6885750,2998,1764,0.0004353919326144574,0.16959831686331178,0.9488983521689375,0.006090477301415739,0.3202134756504336,0.13941330235259947,320.2018501248872,0.020975056689342405,20.974295178425713,0.3855903935957305,0.08393842579146094,192.7881972626925,0.047619047619047616,23.808659391726486,0.4916611074049366,0.04281274506956345,98.33150745922167,0.17063492063492064,34.12673632001815,0.6010673782521682,0.026169798716198553,60.106301370935356,0.3373015873015873,33.729913804669096,0.7254836557705137,0.015793486548306285,36.274182788525685,0.5408163265306123,27.040816326530614,0.8745830553702468,0.007615694953948572,17.491584899650228,0.7885487528344671,15.770906345628042,0.9159439626417611,0.003987940329026861,9.15942632441518,0.858843537414966,8.588422901401012,0.46384220913928814,0.8731960152779015,0.22453703703703703,22.378858024691358,0.5324074074074074,10.649061368400991,0.6597222222222222,6.597788021726701
2019-07-08,188,6885750,3143,1942,0.0004564499146788658,0.14865065239956152,0.9372275740925833,0.006655087040004484,0.29398663697104677,0.134185303514377,293.97596362523745,0.01596292481977343,15.962345277048346,0.35666560610881326,0.081397037467325,178.3263285843567,0.038619979402677654,19.30928864159074,0.4813872096722876,0.04394551105172965,96.27674283310449,0.18795056642636457,37.58984033141653,0.5952911231307668,0.027171860931191727,59.52868005311913,0.35993820803295573,35.99355944063036,0.7231944002545339,0.016505101114620776,36.159720012726694,0.5576725025746653,27.883625128733268,0.8358256442888959,0.007630239799237847,16.71648860884569,0.7353244078269825,14.706466798711094,0.8873687559656379,0.004050393929492067,8.873687559656378,0.8182286302780638,8.18228630278064,0.459631107714207,0.8687596156207379,0.2183406113537118,21.761280931586608,0.49344978165938863,9.86984203075494,0.6331877729257642,6.332420771944542
2019-07-09,189,6885750,2848,1617,0.0004136078132374832,0.16573262997671134,0.954398749127087,0.008348693515994945,0.34831460674157305,0.14406041243101947,348.3019609890774,0.04019789734075448,40.196437934083676,0.43293539325842695,0.08952948010455998,216.45983765097398,0.08967223252937538,44.83448846493948,0.5839185393258427,0.048302303290830406,116.78285986124841,0.2925170068027211,58.50297654860254,0.7018960674157303,0.02903075895320805,70.18909707234984,0.48917748917748916,48.91739371030086,0.7787921348314607,0.01610572559270958,38.93960674157304,0.6134817563388992,30.67408781694496,0.8742977528089888,0.007232296123315006,17.48587887328522,0.7804576376004947,15.6090847459768,0.9139747191011236,0.003780259869266618,9.139720644242493,0.8491032776747063,8.491008114195811,0.46157963636517163,0.8868913735630752,0.2145922746781116,21.387696709585118,0.4742489270386266,9.485792003769168,0.6587982832618026,6.588547839722023
2019-07-10,190,6885750,3332,2017,0.0004838979050938532,0.16520870945291985,0.9586595628429531,0.01000667995274599,0.32593037214885956,0.15771129828637817,325.9185390682559,0.05057015369360436,50.56831771648798,0.41386554621848737,0.10013069997095556,206.9252603016228,0.10510659395141299,52.551388999487514,0.5345138055222088,0.051729646518923,106.90198484924191,0.2583044124938027,51.66050737254065,0.6683673469387755,0.03234192105492463,66.83624937093256,0.4625681705503223,46.25648116946298,0.7584033613445378,0.018349489888537924,37.920168067226896,0.6048587010411502,30.242935052057515,0.8790516206482593,0.008507387688831185,17.580955815837136,0.8006941001487358,16.01381223361524,0.9174669867947179,0.004439584186540958,9.174629895700601,0.8641546851760039,8.641509202226429,0.45878202476038155,0.8796030057333005,0.18886679920477137,18.823724320742212,0.48111332007952284,9.623091638846168,0.6461232604373758,6.461786740960752
2019-07-11,191,6885750,3517,2233,0.0005107649856587881,0.1382312757293745,0.9590318259176938,0.00890615453099754,0.2803525732158089,0.14318907929131572,280.34239486214875,0.03179579041648007,31.794636052901193,0.3593972135342621,0.09178042404879466,179.69208271082962,0.07254814151365875,36.27275380683094,0.4754051748649417,0.04856371082517645,95.08034455912957,0.20286609941782355,40.57292526841554,0.5908444697185101,0.030178047576171253,59.084017940750975,0.3712494402149575,37.124674445382425,0.724481091839636,0.01850197872417674,36.2240545919818,0.5718763994626064,28.593819973130316,0.8791583736138755,0.00898085323914862,17.583141936726644,0.812360053739364,16.247177479423698,0.9232300255899915,0.0047155288595594385,9.232286848083993,0.8804299149126735,8.804286362885057,0.46917328943328296,0.8928974979822437,0.17647058823529413,17.588235294117645,0.492156862745098,9.843981434769448,0.7058823529411765,7.059428917364544
2019-07-12,192,6885750,4709,3260,0.0006838761209744762,0.12599381112449187,0.9563562795244012,0.013589843080543706,0.24952219154809938,0.17063607319198373,249.51313250832493,0.034049079754601225,34.047843584119285,0.3212996389891697,0.1098605866976474,160.64398701493428,0.08128834355828221,40.642696170232476,0.4423444468039924,0.06050132156031253,88.46824695984753,0.22177914110429447,44.35550613897864,0.5527712890210236,0.037802433994597574,55.27672751715869,0.3665644171779141,36.656175543623434,0.6927160755999151,0.0236865991358966,34.635803779995754,0.5604294478527607,28.02147239263804,0.8783181142493098,0.01201319825262571,17.566336773841044,0.8248466257668712,16.496908557295733,0.921639413888299,0.006302871873071198,9.21639413888299,0.8871165644171779,8.87116564417178,0.47853631029320964,0.9014733065444955,0.17647058823529413,17.58823529411765,0.5028462998102466,10.057788511298948,0.6888045540796964,6.888636282267015
2019-07-13,193,6885750,5740,3556,0.0008336056348255455,0.16941234596405255,0.9605727885863673,0.013899922885586393,0.28310104529616725,0.23598605866976474,283.09076715772346,0.029808773903262094,29.8076916794056,0.37038327526132403,0.1543711879175138,185.18491414686773,0.08070866141732283,40.35286562259154,0.4926829268292683,0.0821400563478463,98.53586986013634,0.2075365579302587,41.507010188163434,0.6060975609756097,0.050524267332771794,60.60931599070268,0.375140607424072,37.5137883407927,0.7170731707317073,0.029887811785208582,35.853658536585364,0.5486501687289089,27.432508436445442,0.8662020905923344,0.014441397899433033,17.3240166526169,0.7862767154105736,15.725511470450197,0.9221254355400696,0.007686889590821624,9.221254355400697,0.8759842519685039,8.759842519685039,0.5264412251948666,0.8998298039315769,0.18584070796460178,18.522123893805308,0.49734513274336284,9.947755733997177,0.6761061946902654,6.761641797841497
2019-07-14,194,6885750,6393,3829,0.0009284391678466398,0.1874513869099781,0.9568075692326553,0.01589063163195787,0.28499921789457217,0.26459483009003776,284.98887084193296,0.03473491773308958,34.733656662884336,0.3901141873924605,0.18109207086842868,195.05001204165225,0.08801253591015931,44.00467028342866,0.5169716877835132,0.0959946556681867,103.39358677729025,0.22773570122747452,45.54680951311635,0.6211481307680276,0.057669406604897035,62.11436204124351,0.38495690780882735,38.49541125133801,0.7408102612232129,0.03438986312311658,37.040513061160645,0.5758683729433273,28.793418647166362,0.8676677616142656,0.016111464496396923,17.353279627102317,0.781927396186994,15.638479789637758,0.911465665571719,0.008462404240641905,9.11465665571719,0.8542700443980151,8.54270044398015,0.5207825921111162,0.892050758211596,0.165625,16.507291666666667,0.4703125,9.407056710977702,0.621875,6.219283340480275
2019-07-15,195,6885750,6211,3325,0.0009020077696692445,0.23503484588061027,0.9508004160088708,0.012691087645605342,0.3356947351473193,0.302788266047052,335.682547566171,0.03488721804511278,34.88595144556133,0.4379327000483014,0.19750217833284925,218.95840033093168,0.08,39.998547778100495,0.5652873933344067,0.10197798367655174,113.05665772030528,0.21954887218045113,43.90945559314942,0.6670423442279826,0.06016730082198147,66.70375006198017,0.39338345864661656,39.33806021632838,0.7565609402672677,0.034121192317467235,37.82804701336339,0.5515789473684211,27.578947368421055,0.8418934149090324,0.01518786597267404,16.83784384500729,0.7070676691729323,14.141332846359788,0.8881017549508936,0.008010746832225975,8.881017549508936,0.792781954887218,7.92781954887218,0.515714937871586,0.8793236752579556,0.14804469273743018,14.75512104283054,0.43575418994413406,8.71583123317075,0.6159217877094972,6.159746111904329
2019-07-16,196,6885750,5280,2652,0.0007668010020694914,0.22812395432200094,0.944882144073491,0.0076564517063076685,0.3416666666666667,0.26198083067092653,341.65426227127506,0.03657616892911011,36.574841011272134,0.43579545454545454,0.16707812953819343,217.8898163764423,0.06561085972850679,32.804238845161606,0.5643939393939394,0.08655493915013505,112.87796822974288,0.18929110105580693,37.85794531049471,0.6410984848484849,0.049159139097853556,64.10938296269794,0.3125942684766214,31.25919986294833,0.7142045454545455,0.027382439222748266,35.70996796932554,0.4423076923076923,22.115224028491188,0.8272727272727273,0.012687052700065062,16.545430516945643,0.6587481146304676,13.174943158973713,0.8755681818181819,0.006713855841620969,8.755669102545754,0.754524886877828,7.545237911020721,0.5090105819084175,0.8854281335923113,0.13793103448275862,13.74712643678161,0.44689655172413795,8.938697580883659,0.6317241379310344,6.317783166735672
2019-07-17,197,6885750,4409,2263,0.0006403078822205279,0.20765782470780556,0.9408761027822798,0.005478831907996381,0.3474710818779769,0.22248039500435668,347.4584667501132,0.032699955810870526,32.698768621071984,0.42730777954184623,0.13679930293348824,213.64613294948214,0.0684931506849315,34.24533200179837,0.5305057836244046,0.06793691364837783,106.1003862903873,0.16305788775961114,32.61134074880892,0.5842594692674076,0.03741032269307851,58.425522677220535,0.2359699513919576,23.59682379385361,0.6600136085280109,0.02113059579566496,33.00068042640054,0.36190897039328324,18.095448519664163,0.8171921070537537,0.010465075750534436,16.343818405362327,0.6522315510384445,13.044612076409775,0.8797913359038331,0.005633356908522939,8.797887805139903,0.7693327441449404,7.693305095865855,0.4702468853637246,0.8779102086000113,0.14347826086956522,14.3,0.43478260869565216,8.69639794168096,0.6173913043478261,6.174442538593482
2019-07-18,198,6885750,3948,1873,0.0005733580220019605,0.21886834268968433,0.9478724975547721,0.005342416094354357,0.36854103343465044,0.2112982863781586,368.52765335066,0.04965296316070475,49.651160482692816,0.450354609929078,0.12910252686610513,225.16912977920046,0.08809396689802455,44.045384299162976,0.5486322188449848,0.06291207993261495,109.72564701013259,0.15216230646022424,30.43224031219289,0.6147416413373861,0.03524644921432513,61.4737177501366,0.2397223705285638,23.97206298276247,0.7079533941236069,0.02029553788621428,35.397669706180345,0.4116390816871329,20.581954084356646,0.8584093211752786,0.009843503113672275,17.16816149062028,0.7127602776294715,14.255184850146193,0.9042553191489362,0.005184612882238126,9.042540059237888,0.8061932728243459,8.061921020120131,0.4855978427993488,0.8858065266481276,0.15224358974358973,15.17361111111111,0.4823717948717949,9.648263293310464,0.6650641025641025,6.65121140651801
2019-07-19,199,6885750,3736,2084,0.0005425697999491704,0.17968139672947211,0.9453802465494964,0.006493223157299432,0.3423447537473233,0.1857391809468487,342.332324733609,0.04318618042226487,43.18461252434075,0.4143468950749465,0.11240197502178333,207.16592599203548,0.08109404990403071,40.54555287007548,0.5056209850107066,0.054866536931075544,101.12346270694685,0.16170825335892514,32.341415828697286,0.5794967880085653,0.03144151732551047,57.94925800967176,0.2667946257197697,26.679268843851172,0.6970021413276232,0.018908615619213594,34.850107066381156,0.46497120921305185,23.24856046065259,0.8677730192719486,0.009416534993958546,17.35543518058085,0.7643953934740882,15.28788566727334,0.9047109207708779,0.004908673975459535,9.047082930010838,0.8306142034548945,8.306117909020399,0.4893991565830751,0.8818479341831661,0.16833333333333333,16.777222222222225,0.4716666666666667,9.434142367066896,0.6433333333333333,6.4338850771869645
2019-07-20,200,6885750,4648,3002,0.0006750172457611734,0.1602128559442745,0.9383728016434362,0.012049120432529243,0.3009896729776248,0.2031658437409236,300.9787453827592,0.06595602931379081,65.95363474403645,0.36983648881239245,0.12481847226256172,184.91153084809258,0.10692871419053963,53.4624160425144,0.46407056798623064,0.0626506723982689,92.81343964422979,0.19820119920053297,39.63995199962444,0.5417383820998278,0.036568009526852366,54.17344483638633,0.30579613590939375,30.579391542567425,0.6923407917383821,0.023367098718367642,34.617039586919105,0.5316455696202531,26.582278481012658,0.8537005163511188,0.011525234687238591,17.07398553090644,0.776149233844104,15.522962133278064,0.8820998278829604,0.005954308668456832,8.820972657880084,0.8194536975349767,8.19451317398267,0.4659161553024467,0.8655059453124012,0.15170278637770898,15.11971104231166,0.43808049535603716,8.76236133164108,0.5820433436532507,5.820932616072519
2019-07-21,201,6885750,5495,3653,0.000798024906509821,0.1596853514422081,0.9268899250948195,0.01430955048413803,0.2684258416742493,0.21420273017717106,268.4160963271075,0.053928278127566384,53.926320231903894,0.337761601455869,0.1347661922741795,168.8746694180039,0.08842047632083219,44.208633083515124,0.4385805277525023,0.06999912864155218,87.71546861575395,0.18450588557350123,36.90090916343013,0.5444949954504095,0.04345174126463156,54.44910416977921,0.3304133588831098,33.04109596458469,0.7181073703366697,0.028653378353846713,35.905368516833484,0.5833561456337257,29.167807281686283,0.8502274795268426,0.013569994975151689,17.00447550503198,0.7779906925814399,15.559746060555666,0.8831665150136487,0.007047868284883172,8.831639498204604,0.8267177662195456,8.26715364984052,0.4607374881926282,0.8593770677165675,0.13876967095851217,13.830710538865047,0.4334763948497854,8.670271424259601,0.575107296137339,5.751566192330627
2019-07-22,202,6885750,5777,3836,0.0008389790509385325,0.16485869960349278,0.9135195037498008,0.016621642666671734,0.26813224857192314,0.2249491722335173,268.12251388383964,0.060218978102189784,60.216791819220624,0.3448156482603427,0.14464130119082197,172.40156476972518,0.10896767466110532,54.481859265009135,0.46702440713172927,0.07836416974062564,93.40420318357504,0.22653806047966632,45.30728310284534,0.5876752639778432,0.04930436550582358,58.76709966794612,0.39416058394160586,39.415772181531736,0.7221741388263805,0.030294448680245434,36.10870694131902,0.5899374348279458,29.496871741397285,0.8056084472909815,0.013517752579235988,16.112145546559496,0.7108967674661105,14.217914701005466,0.8478449021983728,0.007113241113894638,8.47844902198373,0.7732012513034411,7.732012513034411,0.47177457139651546,0.8779524430509112,0.1414141414141414,14.094276094276093,0.417027417027417,8.34126365344204,0.6118326118326118,6.118850846123573
2019-07-23,203,6885750,5266,3235,0.0007647678175943071,0.18513913981493707,0.9177399058440229,0.012165603752979435,0.29016331181162175,0.22189950624455418,290.1527772737256,0.04760432766615147,47.60259936497276,0.3672616786935055,0.14042985768225386,183.62417252859464,0.0902627511591963,45.12973706029886,0.4887960501329282,0.07476255482296901,97.75850016563973,0.20432766615146833,40.86523649256362,0.6029244208127611,0.04610938453048302,60.292004278536545,0.3672333848531685,36.72307182539,0.726927459172047,0.02779653632501906,36.34637295860235,0.5610510046367851,28.052550231839255,0.812001519179643,0.01241979848325099,16.239959628949013,0.6952086553323029,13.904112528876627,0.8560577288264337,0.006546844502277163,8.560564855973219,0.7669242658423493,7.6692315205931605,0.5298842028575882,0.9132006484230513,0.16336633663366337,16.282178217821784,0.4884488448844885,9.769814717320788,0.7145214521452146,7.145827318580914
2019-07-24,204,6885750,4693,2761,0.0006815524815742657,0.15773077135081712,0.9186232419074764,0.007968800920352582,0.28276155976987,0.19270984606447866,282.75129395663413,0.03549438609199566,35.493097448875844,0.3618154698487108,0.12329363926808017,180.90116696999425,0.07098877218399131,35.493097448875844,0.464521627956531,0.06331871387493102,92.90365098323167,0.14704817095255343,29.409420637734026,0.5633922863839761,0.03839786226727468,56.338819541207464,0.28069540021731254,28.06933619980772,0.698700191774984,0.023810042479032786,34.9350095887492,0.4998189061934082,24.99094530967041,0.8129128489239292,0.011080839297332466,16.258233367058818,0.6856211517566099,13.712403120957097,0.860217344981888,0.005862824147225579,8.6021609571188,0.7645780514306411,7.645769410549506,0.520852493836743,0.9151521296825756,0.17744916820702403,17.68576709796673,0.5249537892791127,10.499976220898343,0.7153419593345656,7.154033094168414
2019-07-25,205,6885750,4141,2376,0.0006013869222670007,0.16778187269784547,0.9472388687573277,0.008149305837975039,0.297029702970297,0.17862329363926807,297.0189191443106,0.02904040404040404,29.03934971263609,0.36899299686066167,0.11094975312227709,184.48980018394576,0.0707070707070707,35.35225182407872,0.4839410770345327,0.058206744314386126,96.78751259666367,0.1574074074074074,31.481252884357826,0.6054093214199469,0.03640826047808533,60.540492534889175,0.3324915824915825,33.24891681636722,0.7399178942284472,0.022248847257016303,36.99589471142236,0.5555555555555556,27.77777777777778,0.858729775416566,0.010328562134027325,17.17457056613829,0.7558922558922558,15.117823162614151,0.8990581985027771,0.005406810577191189,8.990568928252651,0.8244949494949495,8.244937521035947,0.48214657858646165,0.8991302682442909,0.18317757009345795,18.256697819314642,0.4803738317757009,9.608300604350685,0.680373831775701,6.804321828761963
2019-07-26,206,6885750,3598,1882,0.0005225284101223541,0.16705034860822185,0.9235848789272181,0.00641597845694809,0.339911061700945,0.1776067383096137,339.8987210437528,0.036663124335812966,36.66179326101135,0.42773763201778764,0.11174847516700552,213.8610513844381,0.07704569606801276,38.52144944091772,0.5558643690939411,0.058090563188010105,111.1720665569318,0.20935175345377258,41.870046656722955,0.660088938299055,0.034491271892881,66.00841451817826,0.3767268862911796,37.67241507565556,0.7412451361867705,0.01936608212613005,37.06225680933852,0.5164718384697131,25.823591923485655,0.8196220122290161,0.008565503299563156,16.392416438289885,0.6609989373007439,13.219959547003084,0.8565869927737632,0.004475884393802309,8.565820168044539,0.730605738575983,7.306014944399372,0.45029797652386505,0.8769031166275749,0.15789473684210525,15.736842105263158,0.43463497453310695,8.693445005198218,0.6264855687606112,6.2653929822619965
2019-07-27,207,6885750,3585,2080,0.0005206404531096831,0.17892573196412845,0.9113278056968995,0.004758027436976366,0.33389121338912137,0.17383096137089749,333.87909128581794,0.04326923076923077,43.26765985611832,0.395258019525802,0.10288992158001743,197.62183473350208,0.0673076923076923,33.652624332536476,0.47364016736401676,0.04931888814662058,94.72734562220158,0.13365384615384615,26.730575130089345,0.5403068340306834,0.028130355223793896,54.0302910689648,0.2264423076923077,22.644066342215975,0.6412831241283125,0.016693896815887885,32.06415620641562,0.3918269230769231,19.591346153846153,0.7760111576011157,0.008080444279208105,15.52020061242879,0.6182692307692308,12.365366657476388,0.8370990237099024,0.004358257161861111,8.370953766327794,0.7221153846153846,7.221122384995432,0.45799488923662685,0.8929614359322733,0.1476510067114094,14.715883668903803,0.44798657718120805,8.96049995970852,0.6526845637583892,6.527405401360701
2019-07-28,208,6885750,3660,2393,0.0005315325127981702,0.15483750614300182,0.93016292090612,0.007451125909801265,0.2953551912568306,0.15698518733662503,295.34446822490867,0.05223568742164647,52.23379097641622,0.35355191256830604,0.09395875689805402,176.76953833627744,0.08942749686585875,44.71212507581229,0.44098360655737706,0.046879084492724155,88.19608088682386,0.17258671124111993,34.51709160674262,0.5273224043715847,0.028028696738214877,52.73185753146532,0.28917676556623484,28.91746657610883,0.6325136612021858,0.016810078785898415,31.62568306010929,0.44337651483493523,22.16882574174676,0.7890710382513662,0.008388301688407124,15.781352008456107,0.6798997074801504,13.597934905795555,0.8573770491803279,0.004557224536979887,8.573745588936955,0.783535311324697,7.835330355144062,0.42443108288453424,0.8968886750943491,0.13945578231292516,13.899092970521542,0.43197278911564624,8.640196730493226,0.6530612244897959,6.531172331711415
2019-07-29,209,6885750,3882,2540,0.000563773009476092,0.19083164487623683,0.9390193748329321,0.008870972079433192,0.3111798042246265,0.17542840546035435,311.168506671467,0.05551181102362205,55.50979563693081,0.36965481710458525,0.10419692128957304,184.8206982920344,0.09330708661417322,46.651849524654615,0.4510561566202988,0.05085828807110285,90.21057627140557,0.17795275590551182,35.59029274670708,0.5520350334878928,0.031122019227976416,55.20310249846435,0.32677165354330706,32.67692807496336,0.6700154559505409,0.01888683149983662,33.50077279752705,0.5023622047244094,25.11811023622047,0.8042246264811953,0.009067989590110605,16.08446917055747,0.7023622047244095,14.047223694061666,0.8706852138073158,0.004908681104191839,8.706839493351096,0.8035433070866141,8.035421401227538,0.43614047246407445,0.8936728232539397,0.1555944055944056,15.507575757575758,0.4353146853146853,8.707040386714487,0.6346153846153846,6.346698113207547
2019-07-30,210,6885750,3657,1903,0.0005310968304106307,0.2523846290564251,0.9494751852744545,0.008670686186606191,0.4085315832649713,0.21696195178623293,408.51675130217484,0.06410930110352075,64.10697358024514,0.499316379546076,0.13258785942492013,249.64912579577353,0.11560693641618497,57.8013696215325,0.6007656549083948,0.0638124836620291,120.15225851129803,0.24540199684708355,49.0800429809116,0.682526661197703,0.03624851142931831,68.25217051529356,0.395691014188124,39.56881409488911,0.7793273174733388,0.020694913408125477,38.96636587366694,0.5796111403047819,28.980557015239093,0.8545255674049768,0.009076676861590117,17.09043688807606,0.7220178665265371,14.440294416711257,0.8898003828274542,0.004725687904185007,8.89797798365926,0.788754598003153,7.887523070332308,0.4567735304121809,0.8819256175326387,0.17689530685920576,17.630565583634176,0.45126353790613716,9.026044795065978,0.6155234657039711,6.155762550234998
2019-07-31,211,6885750,3392,1474,0.0004926115528446429,0.2838184990655148,0.9559526670941066,0.008707468148003562,0.46255896226415094,0.22785361603252977,462.5421688077806,0.09430122116689281,94.29779750942959,0.5695754716981132,0.14028463549230322,284.7773964743888,0.17164179104477612,85.81777974779023,0.683372641509434,0.06732696273490371,136.6735358643465,0.3256445047489824,65.12842802797947,0.7429245283018868,0.03659705480844637,74.29191336888549,0.43283582089552236,43.283267793594696,0.7998231132075472,0.01970010528991032,39.99115566037736,0.5515603799185889,27.57801899592944,0.8611438679245284,0.008484176038665303,17.22285234617913,0.683853459972863,13.67704933662556,0.8956367924528302,0.004412010311149839,8.956367924528303,0.7618724559023067,7.618724559023066,0.49850167042758586,0.8906360785332265,0.1782178217821782,17.762376237623762,0.43399339933993397,8.680612400862728,0.6221122112211221,6.2216556561316505
2019-08-01,212,6885750,2963,1285,0.00043030897142649677,0.27537259474484993,0.956637089621501,0.006486409950338529,0.4748565642929463,0.2043276212605286,474.8393243654016,0.08793774319066149,87.93455056275012,0.567667904151198,0.12213186174847517,283.8236473285734,0.1509727626459144,75.4836407485554,0.6621667229159636,0.05698684248743791,132.43238294224622,0.27782101167315176,55.56379886515451,0.7208909888626392,0.031020360742397397,72.08857542421967,0.3852140077821012,38.52112106197687,0.7887276409044887,0.01696982899466289,39.436382045224434,0.5276264591439689,26.381322957198442,0.8619642254471819,0.007418208011897016,17.239259472804548,0.6863813229571984,13.727606522889351,0.9028012149848127,0.003884828980388512,9.027999038714206,0.7797665369649806,7.797654045314699,0.4512279720543807,0.8882589537359233,0.1669626998223801,16.640615748963885,0.4280639431616341,8.562013106702942,0.6341030195381883,6.34157402301442
2019-08-02,213,6885750,2476,1138,0.0003595831971825872,0.272550185735165,0.9470490679832273,0.005149812703161645,0.4911147011308562,0.17659018297995935,491.09687094275245,0.08084358523725835,80.84065016663546,0.5593699515347335,0.10056636654080743,279.6748216511974,0.13532513181019332,67.66010937859706,0.6421647819063004,0.04618199773446804,128.43202378841409,0.2609841827768014,52.19645753740627,0.7084006462035541,0.025472711957942432,70.83955022794916,0.39103690685413006,39.10340674098618,0.7681744749596123,0.013811131685001634,38.408723747980616,0.5096660808435852,25.483304042179263,0.8432956381260097,0.006064690026954178,16.86588826861863,0.664323374340949,13.286448191247414,0.8893376413570274,0.0031979087245398103,8.893376413570275,0.7644991212653779,7.64499121265378,0.32193309259719266,0.873473231474774,0.13555992141453832,13.51080550098232,0.3575638506876228,7.151890330820531,0.5854616895874263,5.855119007100325
2019-08-03,214,6885750,2434,1103,0.00035348364375703447,0.30412377028705206,0.9512907474114158,0.008306134816963658,0.5377978635990139,0.1900958466453674,537.7783385531383,0.14959202175883954,149.5865907385898,0.614215283483977,0.10855358698809178,307.0964920309174,0.2230281051677244,111.51000400513057,0.6852917009038619,0.04844752969880043,137.05734495625106,0.329102447869447,65.82001163022582,0.7267871815940838,0.02569055156989747,72.67819041594967,0.4125113327289211,41.250833735196615,0.7797863599013969,0.013782086192499002,38.98931799506984,0.5240253853127833,26.201269265639162,0.8607230895645028,0.006085021842178641,17.21443679120032,0.6990027198549411,13.98003409425005,0.9026294165981923,0.0031906427177246957,9.026281057342983,0.7905711695376246,7.905700214128432,0.3292858672756841,0.8749156989991328,0.13859275053304904,13.813077469793889,0.4200426439232409,8.401573363274293,0.6375266524520256,6.37581328837313
2019-08-04,215,6885750,2271,1046,0.0003298115673673892,0.29551959715315385,0.9487888867805027,0.007796544031343404,0.5398502862175253,0.17804240487946557,539.8306866573228,0.14149139579349904,141.48625887090998,0.6191105239982386,0.10209119953528899,309.54402342585473,0.2237093690248566,111.85062356686802,0.6820783795684721,0.04499114118911383,136.41468535576422,0.3260038240917782,65.20029137471207,0.7313958608542492,0.024122106363821196,73.13905499545653,0.42829827915869984,42.82951691476688,0.7793923381770145,0.01285263043241477,38.969616908850725,0.5267686424474187,26.338432122370936,0.8511668868339939,0.005614485546983921,17.02331301415435,0.6806883365200764,13.613746959502267,0.8872743284896522,0.002926333369640199,8.87274328489652,0.7571701720841301,7.571701720841301,0.3223447935720528,0.8658912725662815,0.15625,15.572916666666666,0.390625,7.813170025728988,0.609375,6.09427262006861
2019-08-05,216,6885750,2311,1198,0.0003356206658679156,0.2266387199256285,0.9461546468863146,0.012265360814376106,0.49112938122025096,0.16482718559395876,491.1115504991785,0.17946577629382304,179.4592606905594,0.5772392903504976,0.09686320069706651,288.60916668101504,0.2595993322203673,129.7949536622418,0.667676330592817,0.0448168694995498,133.5342964762116,0.3823038397328882,76.46021274044365,0.7209000432713111,0.024194719567806208,72.08948085851216,0.4749582637729549,47.495481494882576,0.7680657723929035,0.01288893729804306,38.403288619645174,0.5634390651085142,28.171953255425713,0.839463435742103,0.005634817362208383,16.78924433224854,0.6953255425709516,13.90649065537553,0.8831674599740372,0.002964092509893621,8.831674599740372,0.7787979966611018,7.78797996661102,0.3417032579594034,0.8685853985880774,0.15800865800865802,15.74819624819625,0.4090909090909091,8.182519881490721,0.6320346320346321,6.3208883740616155
2019-08-06,217,6885750,2218,1162,0.00032211451185419165,0.18677360246365643,0.9422883993734034,0.00931917039040192,0.4878268710550045,0.15713040952657567,487.80916023337164,0.14027538726333907,140.27029448860543,0.5748422001803426,0.0925791460935231,287.41066510977305,0.24096385542168675,120.47755354849546,0.6442741208295762,0.04150570739783322,128.85388850975207,0.342512908777969,68.50208433639955,0.6893597835888188,0.022205117778616865,68.93547779265603,0.4225473321858864,42.25442639343239,0.7357980162308386,0.011850560941073958,36.789900811541926,0.5025817555938038,25.129087779690188,0.8205590622182146,0.005286256604190085,16.411109744049536,0.6609294320137694,13.218531049463714,0.8782687105500451,0.002829030969756381,8.78268710550045,0.770223752151463,7.70223752151463,0.35504378106822737,0.8892629657854019,0.17482517482517482,17.424242424242426,0.43123543123543123,8.625448308124122,0.6783216783216783,6.7837985342273495
2019-08-07,218,6885750,2719,1522,0.00039487347057328543,0.19483068246781227,0.9438855898079118,0.007293770667645737,0.4295696947407135,0.16961951786232937,429.55409897776184,0.09592641261498029,95.92292995405178,0.5053328429569695,0.099767644496079,252.6572482857212,0.1616294349540079,80.81178345444089,0.5752114748069143,0.045426820413023906,115.04145960241976,0.2614980289093298,52.299226017671664,0.6311143802868702,0.024920851607656336,63.11097975631468,0.35151116951379763,35.15086170785722,0.6866495034939316,0.013556983625603602,34.332475174696576,0.44612352168199737,22.30617608409987,0.7944097094520044,0.006273817269262943,15.888171115052337,0.6366622864651774,12.733227237160735,0.8690695108495771,0.003431724939186,8.69069510849577,0.7693823915900131,7.693823915900132,0.396888650854106,0.9036329055997416,0.17906976744186046,17.847286821705424,0.4720930232558139,9.442670230164746,0.7069767441860465,7.070373768399217
2019-08-08,219,6885750,3166,1780,0.0004597901463166685,0.19950341761492638,0.9471869346834565,0.007676591812994793,0.3932406822488945,0.18080162648852743,393.226405430631,0.08202247191011236,82.01949403936338,0.4775742261528743,0.10978797560267209,238.7784437795639,0.13595505617977527,67.97506012851348,0.565698041692988,0.052020099334863054,113.1387867956517,0.24606741573033708,49.21312579119837,0.6288692356285533,0.02891457782683203,62.88646692075447,0.34438202247191013,34.437952180370544,0.6967782691092862,0.016018589115201685,34.83891345546431,0.46292134831460674,23.146067415730336,0.7880606443461782,0.007246839855005112,15.761189997347268,0.6235955056179775,12.471891999747273,0.8701831964624132,0.004001010781671159,8.70181932719273,0.7696629213483146,7.696618035880073,0.5101118758697387,0.9260530076397354,0.21674876847290642,21.60262725779967,0.5862068965517241,11.725143431714674,0.7832512315270936,7.833184057321988
2019-08-09,220,6885750,3797,2191,0.0005514286751624732,0.2090252016861522,0.9239664431167527,0.008999383690316954,0.3813537002897024,0.2102817310485042,381.33985503482694,0.07576449109995435,75.76174042862485,0.4653673953120885,0.1283038048213767,232.6752499470094,0.1319032405294386,65.9492258550379,0.547274163813537,0.060356095152342505,109.45403797609755,0.23779096303057964,47.55784727084184,0.6210165920463524,0.03424438699933196,62.101208264590475,0.3514376996805112,35.14351477787737,0.6976560442454569,0.019235377409868207,34.88280221227285,0.48014605203103605,24.007302601551803,0.7885172504608902,0.00869618256755226,15.770276300901497,0.6357827476038339,12.715599552448957,0.8590992889122991,0.004737306067440533,8.590967936233515,0.7581013235965313,7.580991216602958,0.4810495985761715,0.9007667595656174,0.1978021978021978,19.714285714285715,0.5428571428571428,10.858074001470229,0.7076923076923077,7.077530017152659
2019-08-10,221,6885750,4018,2102,0.0005835239443778818,0.23936318735616516,0.9611462187164377,0.015699773786627732,0.42558486809357887,0.24832994481556783,425.56941700194034,0.09467174119885823,94.6683040894624,0.5428073668491787,0.15836479814115598,271.39382996527246,0.20694576593720265,103.46912632893502,0.655550024888004,0.07650527171860931,131.1090529458472,0.362511893434824,72.50185222396348,0.7426580388252862,0.04333556013825554,74.26526461473198,0.5171265461465271,51.71227911249889,0.8168242906918866,0.02383182659840976,40.84121453459433,0.654138915318744,32.706945765937206,0.8837730214036834,0.010314039408866995,17.67543475848828,0.7792578496669839,15.585134359444515,0.920358387257342,0.005370495964866675,9.203557140388428,0.8482397716460514,8.482373078990147,0.47250152942135626,0.8738898634966163,0.17843866171003717,17.78438661710037,0.47769516728624534,9.554722719939805,0.6356877323420075,6.357422510154501
2019-08-11,222,6885750,3908,1988,0.0005675489235014341,0.24494432776833727,0.9538147589738475,0.014074372067627598,0.43321392016376664,0.2458611675864072,433.1981920952158,0.09406438631790745,94.06097125886308,0.5478505629477994,0.15546035434214348,273.9153364665851,0.19416498993963782,97.07897033668756,0.6709314227226203,0.07615672833948126,134.1853101749189,0.37575452716297786,75.15035973779298,0.7538382804503583,0.04278369978796944,75.38328065890751,0.5246478873239436,52.46440776875374,0.7988741044012283,0.02267000689830447,39.94370522006141,0.6091549295774648,30.457746478873236,0.8567041965199591,0.00972441676735756,17.13405904704,0.7198189134808853,14.396357362153214,0.9009723643807575,0.005113444102838172,9.009697474697528,0.8063380281690141,8.063356861273014,0.44524388909441676,0.8604239533062044,0.17447495961227788,17.389337641357027,0.407108239095315,8.142863080772672,0.5638126009693053,5.638609553947743
2019-08-12,223,6885750,3319,1484,0.0004820099480811822,0.2646359523018572,0.9487779778916468,0.010818266635672905,0.5025610123531185,0.24223061283764158,502.54276660041893,0.13409703504043127,134.09216657415766,0.6146429647484182,0.14812663374963694,307.31032489953674,0.23180592991913745,115.89875703897044,0.7029225670382645,0.06776067383096138,140.57940940992535,0.3591644204851752,71.83027616485028,0.7502259716782164,0.03616137558453629,75.02205240470646,0.45417789757412397,45.41745996428918,0.7966254896053028,0.019199070544239916,39.83127448026514,0.5498652291105122,27.49326145552561,0.8418198252485688,0.008115298819592899,16.836372053935463,0.6475741239892183,12.95146367070232,0.8812895450436878,0.004247903278509966,8.812895450436878,0.7358490566037735,7.3584905660377355,0.4255762713888564,0.8701546247513939,0.16306156405990016,16.25180255130338,0.4043261231281198,8.087215989360214,0.6039933444259568,6.040451448843123
2019-08-13,224,6885750,2728,1241,0.00039618051773590384,0.25931245963299193,0.9473318204896346,0.008546478620548472,0.5025659824046921,0.19909962242230614,502.54773647155224,0.12812248186946013,128.11783031261035,0.5993401759530792,0.1187191402846355,299.65920828992995,0.21514907332796132,107.57063111153136,0.6840175953079178,0.05419849545441343,136.80252568740005,0.33360193392425463,66.71990230674537,0.7441348973607038,0.02948096081791513,74.41294939587944,0.44802578565672846,44.8022532397952,0.7859237536656891,0.015568383981410885,39.29618768328446,0.5310233682514102,26.551168412570508,0.8467741935483871,0.006709479536087415,16.935410086368737,0.6639806607574537,13.279555358465233,0.8834310850439883,0.0034999665978291492,8.834272361071138,0.7445608380338437,7.44557594127541,0.41919151368611457,0.8828296621840315,0.15837937384898712,15.785144260282383,0.43646408839779005,8.730030419908456,0.6574585635359116,6.575149493475356
2019-08-14,225,6885750,2073,999,0.00030105652978978324,0.1887672269360617,0.9302619870717533,0.0049210855555136095,0.4780511336227689,0.14391519024106883,478.0337777146357,0.1011011011011011,101.09743057027403,0.5581283164495899,0.08401103688643624,279.0540266477464,0.16116116116116116,80.57765505848573,0.6372407139411481,0.038368816985680676,127.44721734643065,0.26926926926926925,53.853462803766334,0.6922334780511337,0.020839989543698628,69.2228451522059,0.37037037037037035,37.0367680992445,0.7327544621321755,0.011030025777874597,36.63772310660878,0.4494494494494494,22.472472472472475,0.8002894356005789,0.004818612216445439,16.00567248885151,0.5875875875875876,11.751666418517038,0.844187168355041,0.002541473212146209,8.44184716378956,0.6786786786786787,6.786767074287569,0.3737584621592244,0.8741750804033765,0.16244725738396623,16.19057665260197,0.43248945147679324,8.650530863929479,0.6814345991561181,6.814930412315174
2019-08-15,226,6885750,1843,895,0.0002676542134117562,0.19830431068096527,0.9443809537864656,0.007305297940263279,0.5127509495387954,0.1372349695033401,512.7323338348475,0.15754189944134078,157.53617979642934,0.5952251763429192,0.07965437118791752,297.60178318350677,0.2335195530726257,116.75553750870117,0.6532826912642431,0.03497051903918209,130.6555895138622,0.30726256983240224,61.45206774008724,0.7129679869777537,0.01908275000726132,71.29628098887662,0.4201117318435754,42.01086812776874,0.7666847531199131,0.01026032022655484,38.33423765599565,0.5273743016759777,26.368715083798886,0.8383071079761258,0.004487509040370154,16.76606911271231,0.6703910614525139,13.407762813789137,0.8724905046120456,0.002335240640158006,8.724841691789468,0.740782122905028,7.40776743848688,0.3629802927829188,0.8887416921048618,0.18309859154929578,18.248826291079812,0.47183098591549294,9.43742903389462,0.6690140845070423,6.690714613582007
2019-08-16,227,6885750,2089,1112,0.00030338016918999384,0.1631639687308696,0.9461475878660676,0.008321165953777162,0.4485399712781235,0.1360731919837351,448.5236867888961,0.13309352517985612,133.08869314655738,0.5500239348970799,0.08343014812663375,275.0019829884961,0.22841726618705036,114.20448668657289,0.6400191479176639,0.03883354149118476,128.00290010671395,0.33902877697841727,67.80526303636866,0.6941120153183341,0.021057829155653664,69.41069751485985,0.43255395683453235,43.25508159216621,0.7501196744853997,0.011378571687906184,37.50598372426999,0.5350719424460432,26.75359712230216,0.8310196266156056,0.005042275530150542,16.62032012050459,0.6834532374100719,13.669005194753252,0.8779320248922929,0.0026634600582650042,8.779281999137506,0.7715827338129496,7.715793721775191,0.3627118139319254,0.8854401428199332,0.1595744680851064,15.904255319148938,0.4319148936170213,8.639038721214554,0.6234042553191489,6.2345772052114885
2019-08-17,228,6885750,2664,1559,0.0003868859601350615,0.15453499492717088,0.9512054890327806,0.010130546482276908,0.39264264264264265,0.15190241068835317,392.6283875365345,0.10519563822963438,105.19181904439513,0.4883633633633634,0.0944670345628812,244.17281653204176,0.18152661962796665,90.76001460232875,0.597972972972973,0.04626913357925005,119.59372617992531,0.3258499037844772,65.1695075367848,0.6783033033033034,0.026242411920183565,67.82983779256907,0.4567030147530468,45.66996984861298,0.7481231231231231,0.014471916639436517,37.40615615615616,0.573444515715202,28.672225785760105,0.8412162162162162,0.0065090665109835055,16.824251024025777,0.7305965362411803,14.61186706349232,0.896021021021021,0.0034665694613674287,8.960184184913954,0.822963438101347,8.229610477704528,0.41423953130804325,0.9085163959271794,0.1553784860557769,15.486055776892428,0.45219123505976094,9.044600329385716,0.6653386454183267,6.653957070517245
2019-08-18,229,6885750,3074,1819,0.00044642921976545765,0.19161537908824622,0.9553520111913635,0.013496835392007741,0.3903708523096942,0.17426662794074935,390.35667968217786,0.09895547003848268,98.95187740596604,0.4892648015614834,0.10920708684286959,244.62351926749812,0.18911489829576691,94.5540161879231,0.6190631099544567,0.05527317087339162,123.81172294777369,0.36668499175371083,73.33646582730007,0.6938841899804814,0.03097679282000639,69.38791514650585,0.4887300714678395,48.872652264220214,0.7599219258295381,0.016962567621537233,37.9960962914769,0.5981308411214953,29.906542056074763,0.8484059856864021,0.00757505344362859,16.96809507139413,0.7471137987905443,14.942254275554157,0.9024072869225764,0.004028592258248158,9.024033553100928,0.8378229796591534,8.378193294278956,0.43187089677339563,0.9079379506959584,0.16417910447761194,16.36318407960199,0.43097014925373134,8.620142213460998,0.6417910447761194,6.418460868897365
2019-08-19,230,6885750,3169,1772,0.000460225828704208,0.22605850989065032,0.9545547091428538,0.01022344688857169,0.4171662985168823,0.19198373511472552,417.1511530660212,0.08972911963882618,89.7258619740121,0.48848217103187125,0.11240197502178333,244.23221820960697,0.1371331828442438,68.56410207448094,0.6077627011675607,0.05594121235005373,121.55165760157226,0.31038374717832956,62.07629867649896,0.6913852950457557,0.03181910598623253,69.13802746756095,0.45316027088036115,45.315698033844235,0.7592300410224045,0.017470863740333298,37.96150205112023,0.5727990970654627,28.639954853273135,0.8523193436415273,0.007845130558540764,17.046263093553822,0.7381489841986456,14.76287248524739,0.9034395708425371,0.004157844136757201,9.034356347325938,0.8284424379232506,8.28438828561183,0.4679582379109716,0.8930763361940994,0.19038461538461537,18.974999999999998,0.45384615384615384,9.077701543739279,0.6461538461538462,6.462092624356775
2019-08-20,231,6885750,2880,1506,0.00041825509203790434,0.2048669907511085,0.9477099630334274,0.006850791015422119,0.42465277777777777,0.1776067383096137,424.63736052618844,0.07370517928286853,73.70250337598199,0.5052083333333334,0.1056491431890793,252.5949957340982,0.12749003984063745,63.7427056224709,0.6027777777777777,0.050422608847192775,120.55468016304086,0.2642762284196547,52.85486188505729,0.6868055555555556,0.028725783496470998,68.68005684403653,0.4123505976095618,41.2347603399756,0.7489583333333333,0.01566278183204444,37.44791666666667,0.5252324037184595,26.261620185922975,0.828125,0.006927339901477833,16.562475946736456,0.6726427622841965,13.452835708471994,0.8854166666666666,0.003703294915884376,8.854153808003765,0.7822045152722443,7.822033792981249,0.43842440370259317,0.8852792688101291,0.18503937007874016,18.44225721784777,0.452755905511811,9.05589470698667,0.6358267716535433,6.358813022514553
2019-08-21,232,6885750,2653,1189,0.00038528845804741674,0.23988079055546443,0.9428393271920981,0.006471192305504536,0.471541650961176,0.18167295962823118,471.52453138337466,0.08662741799831791,86.62427294248005,0.5759517527327553,0.11094975312227709,287.965421244523,0.17325483599663583,86.62427294248005,0.6765925367508481,0.052136280461239075,135.3175247591319,0.30782169890664424,61.563892742932566,0.7406709385601207,0.028536574739685443,74.06548040474522,0.432296047098402,43.22866301148465,0.7900490011307953,0.015219838071379298,39.50245005653977,0.5391084945332212,26.95542472666106,0.8379193366000753,0.006456803606283112,16.758362394257045,0.6442388561816653,12.884758411425613,0.8748586505842443,0.003370719614509343,8.748561095215873,0.7249789739276703,7.249768681966513,0.45950311487784695,0.8709426810806997,0.2003853564547206,19.971740526653818,0.4527938342967245,9.056653347742888,0.626204238921002,6.262579442588167
2019-08-22,233,6885750,2247,1070,0.0003263261082670733,0.150730347974654,0.9275520813622007,0.0035714063279607975,0.44192256341789055,0.14420563462097008,441.9065191772785,0.06728971962616823,67.2872766360569,0.5322652425456164,0.08684286959047342,266.1229591822885,0.1130841121495327,56.54000328446448,0.6137071651090342,0.04005344331813297,122.74054175693551,0.21962616822429906,43.92491468966474,0.6746773475745438,0.02201632344825583,67.46724485261575,0.32710280373831774,32.71004285400566,0.7311971517578995,0.011930436045456195,36.55985758789497,0.44205607476635517,22.102803738317757,0.8010680907877169,0.005228181057719119,16.021338548370903,0.5850467289719626,11.700917586493551,0.8406764574988874,0.002743342782786504,8.406752366075732,0.6672897196261682,6.672887505396482,0.43175963718377824,0.8595881653630913,0.19305019305019305,19.24066924066924,0.45366795366795365,9.074137234514593,0.6177606177606177,6.178135989456745
2019-08-23,234,6885750,1983,972,0.0002879860581635987,0.17932421103347923,0.9340915534239801,0.005700273188496824,0.4735249621785174,0.13636363636363635,473.50777059551643,0.10185185185185185,101.84815406460774,0.567826525466465,0.08176009294220157,283.90295510679,0.20267489711934156,101.33376944811984,0.6601109430156329,0.038020273606552614,132.02122994771543,0.32613168724279834,65.22586381922504,0.7120524457892082,0.020505671008873204,71.20369346916222,0.4176954732510288,41.76863743211885,0.762481089258699,0.01097919616599499,38.12405446293495,0.5185185185185185,25.925925925925927,0.8204740292486132,0.004725681041218279,16.40940909206695,0.6368312757201646,12.736570023410925,0.8522440746343923,0.002454329859028521,8.522391238933757,0.7006172839506173,7.006132140194464,0.37509923243320836,0.8551693065399747,0.16633266533066132,16.577822311289246,0.45490981963927857,9.098976684071403,0.627254509018036,6.273083044304734
2019-08-24,235,6885750,1874,980,0.00027215626474966416,0.16629410992132831,0.9358520367983131,0.006011895244193821,0.4429028815368196,0.1205344176590183,442.8868017052216,0.11836734693877551,118.36304954744023,0.532017075773746,0.07239326169038629,265.9988803012686,0.19081632653061226,95.40469941970397,0.6115261472785486,0.03328589270672979,122.30434135825222,0.2816326530612245,56.32612160725918,0.6632870864461046,0.01805164251067414,66.32822701060537,0.3683673469387755,36.836467210544505,0.7374599786552828,0.010035217659659442,36.87299893276415,0.5010204081632653,25.051020408163268,0.8132337246531484,0.004426526628868854,16.26465087232322,0.6448979591836734,12.897940452321834,0.8607257203842049,0.0023425155683613717,8.607244703758973,0.7357142857142858,7.35713217256649,0.3614551332907352,0.8658532158147085,0.17598343685300208,17.539682539682538,0.4244306418219462,8.489340847831414,0.6045548654244306,6.046067140406762
2019-08-25,236,6885750,2257,1316,0.0003277783828922049,0.11393266833131609,0.9374127118387665,0.0067995335536462295,0.35445281346920693,0.11617775196049956,354.43994486575536,0.08130699088145897,81.30403898664044,0.4532565352237483,0.0742811501597444,226.62003974854233,0.1595744680851064,79.78433732333875,0.5525033229951263,0.036219466147724304,110.49986221829536,0.26595744680851063,53.191103121255395,0.6424457244129376,0.021057829155653664,64.24410594086939,0.4027355623100304,40.27326379180766,0.7377049180327869,0.012090186254220673,36.885245901639344,0.5600303951367781,28.00151975683891,0.8094816127603013,0.005306603773584905,16.189608743448055,0.6800911854103343,13.601803954651947,0.8577758085954807,0.0028115995910400595,8.57774562871249,0.7621580547112462,7.621569478500505,0.35428411985087654,0.8713055305373425,0.16326530612244897,16.272108843537417,0.42653061224489797,8.531343858298037,0.5755102040816327,5.755595617320685
2019-08-26,237,6885750,2610,1652,0.00037904367715935086,0.1179166352474518,0.9460301651399258,0.009760423249685601,0.32413793103448274,0.12285797269822829,324.126163029435,0.07021791767554479,70.21536837560014,0.4360153256704981,0.08263142608190531,217.99974794769327,0.16343825665859565,81.71616147160361,0.5647509578544061,0.04281274506956345,112.94937140335115,0.32990314769975787,65.98015043346038,0.653639846743295,0.024775265397406293,65.36256080850205,0.45883777239709445,45.88277772380216,0.7402298850574712,0.01402887100990444,37.01122550055536,0.5938256658595642,29.69106769505717,0.8176245210727969,0.006198299098429222,16.35246667318353,0.7136803874092009,14.273587019015782,0.8666666666666667,0.0032850308897466956,8.666628907690923,0.7905569007263923,7.905534564242185,0.3658527854870439,0.8653256736726784,0.1646090534979424,16.406035665294926,0.43621399176954734,8.725028058361392,0.5679012345679012,5.679499396480528
2019-08-27,238,6885750,2768,1651,0.0004019896162364303,0.16684805502469588,0.959136349169388,0.013330812918571104,0.3836705202312139,0.15422596572756317,383.656590862922,0.10417928528164748,104.17550299565846,0.4895231213872832,0.09838803369154807,244.7526744911767,0.19442761962447003,97.21028041164642,0.615606936416185,0.04949315983618461,123.12049325939601,0.3676559660811629,73.53065928267937,0.710621387283237,0.02856603444770397,71.06162272336618,0.5202907328891581,52.028695489144624,0.7976878612716763,0.016033111861453002,39.884393063583815,0.6632344033918837,33.16172016959418,0.875,0.007034787634806805,17.499923755914363,0.7922471229557844,15.844873425792843,0.916907514450867,0.003685862292815473,9.169048512555687,0.8625075711689885,8.625050659805458,0.41020566524951096,0.8663514676302891,0.1816326530612245,18.102721088435374,0.4346938775510204,8.694623166590821,0.5836734693877551,5.837235271467078
2019-08-28,239,6885750,2695,1322,0.00039138801147296955,0.22880582360096927,0.9581936444606499,0.013083991978573696,0.5050092764378479,0.1976474005227999,504.99094179958047,0.1459909228441755,145.98562256379338,0.6040816326530613,0.1182108626198083,302.0298505693302,0.2586989409984871,129.34477439589983,0.7083487940630798,0.05544744256295565,141.66873010310644,0.42511346444780634,85.02207551254705,0.7725417439703154,0.03023613813935926,77.25361342971911,0.546142208774584,54.61382430610229,0.8326530612244898,0.01629452129397669,41.63265306122449,0.6603630862329803,33.01815431164901,0.8749536178107606,0.006848857507166902,17.49889446381243,0.7465960665658093,14.931769536106149,0.9072356215213359,0.003550801144969989,9.072329864184452,0.8116490166414524,8.11646659173757,0.42024984436619706,0.8593729254603482,0.18811881188118812,18.74917491749175,0.4396039603960396,8.792833245588708,0.592079207920792,5.92129986583564
2019-08-29,240,6885750,2562,1347,0.0003720727589587191,0.18040367167632598,0.9460297760438521,0.009280151484736661,0.4418423106947697,0.1643915190241069,441.8262693677768,0.12026726057906459,120.26289421032443,0.5347384855581577,0.09947720011617775,267.35953579233836,0.17965850037119524,89.82598888548922,0.6256830601092896,0.0465595863951901,125.13570336482445,0.30438010393466963,60.875578746642404,0.7205308352849337,0.026808794911266663,72.05256032796817,0.4729027468448404,47.28993129464782,0.788056206088993,0.014660712340703628,39.40281030444965,0.5991091314031181,29.955456570155903,0.8481654957064794,0.006311558022475304,16.96323600829794,0.7126948775055679,14.25383544866076,0.8836846213895394,0.0032879449762989125,8.836833380386508,0.7802524127691166,7.802512796299819,0.4056944401949228,0.8642773889665325,0.19189765458422176,19.12579957356077,0.44562899786780386,8.913344329565112,0.603411513859275,6.034632644179251
2019-08-30,241,6885750,2599,1404,0.0003774461750717061,0.1886264114075101,0.9318583812038566,0.007587889432885801,0.41554444016929587,0.15683996514667442,415.5293536008901,0.10113960113960115,101.13592921100907,0.5059638322431704,0.09548358989253558,252.97273147461595,0.16168091168091167,80.83752088344741,0.605232781839169,0.04568822794736995,121.04567741000486,0.28703703703703703,57.406990553828976,0.6771835321277414,0.025559476611626657,67.71687806021863,0.4116809116809117,41.16719437701445,0.7456714120815698,0.014072541117525324,37.28357060407849,0.5341880341880342,26.70940170940171,0.816467872258561,0.006163444558044428,16.3293337304942,0.6616809116809117,13.233599014798186,0.8584070796460177,0.0032400105725132085,8.584033397338525,0.7386039886039886,7.386007706505166,0.3968319696843087,0.8696778987887869,0.18763796909492272,18.701250919793967,0.47240618101545256,9.448933922506333,0.6490066225165563,6.490622834618836
2019-08-31,242,6885750,2635,1366,0.00038267436372217987,0.2084821290880341,0.9094009357698347,0.007292003087463706,0.4481973434535104,0.17150740633168748,448.18107140357387,0.09736456808199122,97.36103320804109,0.5419354838709678,0.10368864362474586,270.9579043032614,0.18374816983894582,91.87074938051997,0.6333965844402277,0.048476574980394434,126.67839702893775,0.3089311859443631,61.78578853920818,0.6872865275142315,0.026300502483371575,68.72815369065496,0.404099560761347,40.409662646496336,0.7225806451612903,0.01382565443125295,36.12903225806451,0.4677891654465593,23.389458272327964,0.7851992409867172,0.006009486216521585,15.703916400536434,0.5863836017569546,11.727620939960179,0.8242884250474384,0.0031543267429397976,8.242848337835943,0.6617862371888726,6.617833539153558,0.424407598848801,0.8442478108811697,0.18487394957983194,18.425770308123248,0.48739495798319327,9.748735171598657,0.634453781512605,6.345081943583609
2019-09-01,243,6885750,2769,1515,0.00040213484369894345,0.20702275159267822,0.9208795727817167,0.008944818036721,0.43409172986637773,0.1745570723206506,434.0759699284651,0.11353135313531353,113.52723131738094,0.5193210545323221,0.10441475457449899,259.65110014855776,0.1900990099009901,95.0460541261794,0.6229685807150596,0.050103110749658716,124.59281142811936,0.32937293729372935,65.87410912226022,0.6825568797399784,0.027447791106334777,68.25519234757844,0.4270627062706271,42.70596052314866,0.7276995305164319,0.014631666848200995,36.3849765258216,0.5069306930693069,25.34653465346535,0.7818707114481762,0.006288321729709633,15.63734609980069,0.6039603960396039,12.079155294039902,0.8331527627302275,0.0033503926944883355,8.331515527653686,0.6976897689768977,6.976887557412215,0.39449363230511797,0.8424170966321036,0.1891348088531187,18.8504359490275,0.45271629778672035,9.055102484547078,0.5734406438631791,5.734898240213149
2019-09-02,244,6885750,2801,1466,0.0004067821224993646,0.1894058181910746,0.9493923279015839,0.010434964437663355,0.4291324526954659,0.1745570723206506,429.1168728068261,0.09686221009549795,96.85869345992957,0.5408782577650839,0.11000580888759802,270.4293104419058,0.20804911323328787,104.0207799481638,0.664762584791146,0.05408231432803741,132.95155154740578,0.378581173260573,75.71568485227543,0.7350946090681899,0.029902117401028203,73.50892713107103,0.5013642564802183,50.136061591371565,0.7800785433773653,0.015866100279562867,39.003927168868266,0.5852660300136425,29.26330150068213,0.8364869689396645,0.006805309477475384,16.729617898795475,0.6916780354706685,13.833460259496807,0.8861121028204213,0.0036045194458160274,8.861056684765337,0.7851296043656207,7.851239032880091,0.4238334379276,0.8696258354129554,0.1891891891891892,18.855855855855857,0.49272349272349275,9.855315006258403,0.6382536382536382,6.383083769876222
2019-09-03,245,6885750,3649,2213,0.0005299350107105254,0.19441798182647835,0.9166825238641898,0.007345863383683256,0.3713346122225267,0.19677606738309614,371.32113071612883,0.07681879801174876,76.81600906322959,0.4417648670868731,0.11704908510020332,220.87441428575636,0.1305919566199729,65.29360770374515,0.5138394080570019,0.054459902988759475,102.76713538088532,0.21509263443289653,43.01821451527251,0.5716634694436832,0.03029422870254727,57.16593184120714,0.30049706281066424,30.049488080521236,0.6264730063030968,0.01659949896525433,31.323650315154833,0.38816086760054225,19.40804338002711,0.7075911208550287,0.007499535272794869,14.151801864797825,0.5210122006326254,10.420228879618517,0.7944642367771992,0.0042101380239799235,7.944630829986231,0.6638047898779936,6.638038258525413,0.4492115226919723,0.8963987511307029,0.19419642857142858,19.354910714285715,0.5245535714285714,10.491971177407496,0.7075892857142857,7.076499709017398
2019-09-04,246,6885750,3972,2420,0.0005768434811022765,0.20977078364330112,0.9453117278760337,0.010005365439508996,0.37537764350453173,0.21652628521638106,375.36401521366963,0.07190082644628099,71.89821604741205,0.45493454179254783,0.13120824862038918,227.45901257246848,0.1384297520661157,69.21236314908919,0.5427995971802618,0.06262162711667489,108.5591311476949,0.2566115702479339,51.32194138182088,0.601460221550856,0.03469458886403904,60.14558541554804,0.34834710743801656,34.83445779780595,0.6651560926485398,0.0191845477979886,33.25780463242699,0.4524793388429752,22.62396694214876,0.7807150050352467,0.009006994144437215,15.614277424486039,0.6417355371900827,12.83469210430399,0.8658106747230614,0.004994372435827615,8.658106747230613,0.7805785123966942,7.805785123966942,0.45704242936157913,0.9062570893130149,0.20454545454545456,20.386363636363637,0.553030303030303,11.061554654607827,0.7323232323232324,7.323860387754041
2019-09-05,247,6885750,4470,2713,0.0006491667574338308,0.2152558388522664,0.9368622816603344,0.011691334042551153,0.3655480984340045,0.23729305837932035,365.5348270101577,0.08182823442683376,81.82526360798295,0.4595078299776286,0.1491431890792913,229.74557364714317,0.15149281238481385,75.7436561776599,0.5480984340044742,0.07116093990531239,109.61889081722701,0.2617029119056395,52.34020231938939,0.6087248322147651,0.039516105608643874,60.87204120687238,0.3579063767047549,35.7903777831881,0.6711409395973155,0.021784119376974186,33.55704697986577,0.4592701806118688,22.96350903059344,0.7776286353467562,0.01009616920668392,15.552504947410245,0.633984518982676,12.679635136716428,0.8465324384787472,0.0054953752583218485,8.465275209169947,0.7471433837080722,7.47139043503775,0.47015731593606214,0.9132182299518193,0.23177083333333334,23.099826388888886,0.5807291666666666,11.615579438250428,0.7291666666666666,7.2922920240137215
2019-09-06,248,6885750,4740,2190,0.0006883781723123843,0.3308983648040669,0.9630131161229235,0.013877001542078287,0.46244725738396625,0.3183270403717688,462.4304679831027,0.07488584474885844,74.88312597726575,0.5719409282700422,0.19684867847807144,285.96008182075536,0.1735159817351598,86.75484107122253,0.6936708860759494,0.09550088588108861,138.73316982187887,0.3506849315068493,70.13647701424054,0.7586497890295358,0.052223416306021085,75.86442802303473,0.4808219178082192,48.08184264062193,0.8143459915611815,0.02802890026504012,40.71729957805907,0.6004566210045662,30.02283105022831,0.880590717299578,0.012123570963844223,17.611788768837627,0.7420091324200914,14.840161096412432,0.9244725738396624,0.006363867407326726,9.244725738396625,0.836986301369863,8.36986301369863,0.525182208438014,0.9061311823230572,0.22565320665083136,22.490102929532856,0.6033254156769596,12.067543177030918,0.7102137767220903,7.102746869945363
2019-09-07,249,6885750,5165,2499,0.0007500998438804778,0.2882034729083476,0.9510661410060529,0.015988606635975827,0.4191674733785092,0.31440604124310195,419.1522552738992,0.07162865146058424,71.62605094317716,0.5490803484995159,0.20592506534998548,274.5302069184245,0.1760704281712685,88.03201791898869,0.6760890609874153,0.10142612332626565,135.2168303376251,0.3561424569827931,71.22797418366109,0.7519845111326234,0.056405936855557816,75.19790507321534,0.49419767907162865,49.41940905439407,0.8081316553727008,0.03030897142649675,40.40658276863505,0.6074429771908764,30.37214885954382,0.8720232333010649,0.013081994829939877,17.440338025219457,0.7382953181272509,14.765799142567946,0.9010648596321394,0.006758886105362524,9.010648596321394,0.7979191676670668,7.979191676670669,0.5296138290109772,0.8747820100801439,0.20315581854043394,20.247863247863247,0.534516765285996,10.691252144082332,0.6568047337278107,6.56861063464837
2019-09-08,250,6885750,5072,2282,0.0007365936898667538,0.29553547964901467,0.9524045880989325,0.012192606418933476,0.42764195583596215,0.31498693000290445,427.62643006062683,0.04425942156003506,44.25781469750383,0.54948738170347,0.20236712169619517,274.7337161316199,0.13496932515337423,67.48221250906525,0.6843454258675079,0.10081617241279155,136.86809132322148,0.32340052585451357,64.67963550793566,0.7555205047318612,0.055650759534113685,75.55150186554087,0.46669588080631025,46.669249197799104,0.8166403785488959,0.03007660748647569,40.83201892744479,0.5972830850131463,29.864154250657315,0.8736198738170347,0.01286996427430364,17.47227060366449,0.7217353198948291,14.434601582868568,0.9029968454258676,0.0066514081234315455,9.029955340283669,0.7857142857142857,7.857131446430231,0.5107575927372225,0.8625888180921847,0.18574108818011256,18.51219512195122,0.5196998123827392,10.39488767100364,0.6416510318949343,6.4170606200058575
2019-09-09,251,6885750,4668,1951,0.0006779217950114366,0.3281281282309824,0.9541321819567714,0.011880930063620721,0.4740788346186804,0.3213767063607319,474.06162292703726,0.04664274730907227,46.641053918594885,0.604541559554413,0.2049085100203311,302.2598056710572,0.1629933367503844,81.49370959402843,0.7230077120822622,0.09802782537976705,144.60049241832283,0.35520246027678115,71.03997620758214,0.787917737789203,0.053414272851375295,78.79120164660614,0.4982060481804203,49.820243054668,0.8371893744644388,0.028377446175071708,41.859468723221944,0.6130189646335212,30.650948231676065,0.8811053984575835,0.011946393716888187,17.622082377048596,0.7160430548436699,14.320840299080421,0.9110968294772922,0.006176488100856982,9.110915368568117,0.787801127626858,7.877965512390936,0.5100759975377268,0.8491804646989471,0.2054263565891473,20.47416020671835,0.5174418604651163,10.34972475966333,0.627906976744186,6.279608281144043
2019-09-10,252,6885750,3993,1581,0.0005798932578150528,0.32713782177556033,0.9580359592099741,0.012024448370506039,0.49186075632356624,0.28521638106302644,491.84289904952027,0.07526881720430108,75.26608452868373,0.6273478587528174,0.18189079291315713,313.6625412726701,0.1941808981657179,97.08692416094917,0.7558226897069872,0.08765865985070725,151.1634402872546,0.40860215053763443,81.71983670930076,0.8221888304532933,0.0476778297365593,82.21828602767674,0.560404807084124,56.04007378052668,0.8605058852992737,0.0249500780597611,43.02529426496369,0.6514864010120177,32.57432005060089,0.886801903330829,0.010284993958546334,17.736012309055955,0.7166350411132195,14.332680007276904,0.9018281993488605,0.005229633330235152,9.018268896485525,0.7533206831119544,7.5331958908503065,0.4714331300218333,0.8588953279002952,0.20833333333333334,20.763888888888886,0.5372807017543859,10.746535614336011,0.6600877192982456,6.601443305949264
2019-09-11,253,6885750,3935,1669,0.0005714700649892895,0.2781107017350764,0.9515842186150326,0.01002797721793651,0.4625158831003812,0.26430438571013654,462.4990912080235,0.0713001797483523,71.29759115629058,0.58856416772554,0.16816729596282312,294.27139979059956,0.17615338526063512,88.07349495777072,0.7013977128335451,0.08016497719945395,140.2785239520051,0.3241461953265428,64.82876831943251,0.7822109275730622,0.04470068837317378,78.2205247688898,0.493708807669263,49.3705222691427,0.8330368487928844,0.023802781105907125,41.65184243964421,0.6087477531455961,30.437387657279807,0.8688691232528589,0.00993063946463426,17.377357228362225,0.6914319952067106,13.828619821180546,0.89428208386277,0.005110554405838144,8.9428208386277,0.7513481126423007,7.513481126423007,0.45415935349463865,0.8506076311321598,0.2,19.933333333333334,0.5,10.000857632933105,0.6170212765957447,6.170741943724682
2019-09-12,254,6885750,3910,1616,0.0005678393784264604,0.3242954918351386,0.9494058634856857,0.009558835826001776,0.5043478260869565,0.28637815858263144,504.32951546300626,0.08353960396039604,83.53657100933737,0.6217391304347826,0.17651757188498401,310.8582789276288,0.1905940594059406,95.29356989213298,0.7132992327365729,0.08100729036568009,142.65881064846081,0.32054455445544555,64.10844537574673,0.767774936061381,0.043596967672601586,76.77693610015764,0.4430693069306931,44.30660896624967,0.8258312020460358,0.02344697382274988,41.291560102301794,0.5810643564356436,29.05321782178218,0.8659846547314578,0.009834760913070124,17.319617636105527,0.676980198019802,13.539544970983249,0.8953964194373402,0.005084413462585775,8.953964194373402,0.7481435643564357,7.481435643564356,0.4720444073928027,0.8707720990205758,0.21179039301310043,21.10844250363901,0.5131004366812227,10.26288883728943,0.6462882096069869,6.463436374122704
2019-09-13,255,6885750,3629,1475,0.0005270304614602621,0.3119518863902758,0.9441163366104612,0.006574547263855466,0.5064756131165611,0.26691838512924776,506.4572252421378,0.0759322033898305,75.9294466296145,0.612014329016258,0.16126924194016845,305.99605475048634,0.15661016949152542,78.30224183678995,0.6930283824745109,0.07304888320892271,138.6046700346761,0.26169491525423727,52.338603000722195,0.7470377514466795,0.03937087920067385,74.70323269662165,0.38508474576271184,38.50819495389923,0.8060071645081289,0.021239516392549833,40.300358225406455,0.5274576271186441,26.372881355932204,0.8410030311380545,0.008864645690103373,16.81998734103866,0.6122033898305085,12.244014451595676,0.8768255717828602,0.004621137857168791,8.768255717828604,0.6983050847457627,6.983050847457627,0.47602240836221865,0.8848051195062581,0.22549019607843138,22.473856209150327,0.5465686274509803,10.932310059529817,0.6715686274509803,6.716262233881546
2019-09-14,256,6885750,3092,1091,0.0004490433140906945,0.3293283905946661,0.960696214352741,0.009739032378160328,0.5679172056921087,0.25501016555329653,567.8965871470284,0.13932172318973418,139.3166650382969,0.6885510996119016,0.15458902120243972,344.26305069362854,0.25939505041246563,129.69281646657242,0.7826649417852523,0.07028958145749223,156.53185172086907,0.41154903758020167,82.30920983815602,0.8353816300129366,0.03751143641354071,83.5363432356203,0.5426214482126489,54.26096279397388,0.8631953428201811,0.019380604872381368,43.15976714100906,0.615032080659945,30.75160403299725,0.8871280724450195,0.007967167022957524,17.742535681866034,0.6810265811182401,13.620511841641074,0.9087968952134541,0.004080873916970917,9.087929357626939,0.7415215398716773,7.415183092070039,0.5197086824004463,0.9002291690406554,0.2566137566137566,25.57583774250441,0.6084656084656085,12.170355849601131,0.716931216931217,7.16992703313458
2019-09-15,257,6885750,2748,985,0.0003990850669861671,0.29519093080050407,0.9569984497772455,0.0076650313121189445,0.5636826783114993,0.2249491722335173,563.662213503254,0.1218274111675127,121.82298815665125,0.6641193595342066,0.13251524832994482,332.04762415863087,0.21421319796954313,107.1027104210559,0.7656477438136827,0.061111272473786636,153.1284368400205,0.383756345177665,76.75071171997755,0.8278748180494906,0.03303900781318075,82.78688065851868,0.5299492385786801,52.994539044746396,0.8551673944687045,0.017064226845296446,42.75836972343523,0.6020304568527919,30.101522842639596,0.8868267831149927,0.007078355683742437,17.736458387674485,0.6852791878172588,13.705524043790799,0.9097525473071325,0.003630686562829031,9.097525473071325,0.7482233502538072,7.482233502538071,0.46444349422311626,0.8852342863122741,0.2358974358974359,23.511111111111113,0.558974358974359,11.180445969125216,0.6538461538461539,6.539022298456262
2019-09-16,258,6885750,2426,1091,0.00035232182405692914,0.19341890167330467,0.9405987942965515,0.007244641586055375,0.5045342126957956,0.17775196049956432,504.5158953049774,0.11824014665444546,118.23585388118616,0.6141797197032152,0.10819053151321521,307.07871078611777,0.21814848762603117,109.07028381287716,0.6982687551525144,0.04920270702024456,139.65273695987182,0.34922089825847846,69.84367249072928,0.7572135201978566,0.02667809114409364,75.72080218278764,0.4665444546287809,46.654106690001576,0.7906018136850783,0.013927313655012163,39.53009068425392,0.538038496791934,26.9019248395967,0.8285243198680956,0.005838135514453016,16.570462332499943,0.6223648029330889,12.447277981795814,0.8643858202802968,0.0030454110433546285,8.643833096364029,0.7021081576535289,7.0210611835172925,0.3802096243729846,0.8479065938687956,0.21804511278195488,21.73182957393484,0.47619047619047616,9.524626317079148,0.5588972431077694,5.589451759759605
2019-09-17,259,6885750,2355,1129,0.00034201067421849474,0.2440931108298507,0.94481053681404,0.009047103095640562,0.5036093418259023,0.1722335172814406,503.5910580130274,0.12488928255093003,124.88474837715168,0.6072186836518046,0.10383386581469649,303.59831912252497,0.23029229406554472,115.14196658886326,0.7036093418259023,0.04812803160126637,140.72084653860716,0.3950398582816652,79.0073979541368,0.7613588110403398,0.02603909494902553,76.13532825700744,0.5057573073516386,50.5753634885786,0.7936305732484077,0.013571506371854917,39.68152866242038,0.5713020372010629,28.56510186005314,0.8454352441613588,0.005782915565366406,16.908582103703495,0.6793622674933569,13.58714668852532,0.8777070063694268,0.0030018385716650835,8.777031823712461,0.7466784765279008,7.466752233954604,0.39311393372810716,0.8504525286201063,0.24376731301939059,24.295475530932595,0.481994459833795,9.640715945320554,0.5789473684210527,5.789970208540218
2019-09-18,260,6885750,1932,849,0.0002805794575754275,0.2125464656654202,0.9464009830232598,0.0053838711570626755,0.5238095238095238,0.14696485623003194,523.7905066179826,0.0977620730270907,97.75852372150592,0.6138716356107661,0.0861167586407203,306.924674332474,0.19081272084805653,95.40289664387927,0.7028985507246377,0.039443492404658866,140.57868935061066,0.33451118963486454,66.90175212838795,0.7634575569358178,0.021420584092130296,76.34409260475475,0.4617196702002356,46.170961226292455,0.8048654244306418,0.011291435210398286,40.24327122153209,0.5559481743227326,27.797408716136633,0.849896480331263,0.004769262942652663,16.997904920999265,0.6584216725559482,13.168414326964983,0.8762939958592133,0.002458690228267531,8.76290178017244,0.71849234393404,7.1848921360308005,0.4507717744919375,0.8566911537783265,0.26875,26.78541666666667,0.546875,10.938438036020584,0.63125,6.313041380789022
2019-09-19,261,6885750,1653,774,0.00024006099553425554,0.21154148883233612,0.9451935627859327,0.008769597904242914,0.530550514216576,0.12735986058669765,530.5312522896875,0.165374677002584,165.3686729843948,0.6352087114337568,0.07624164972407783,317.5928249168596,0.28294573643410853,141.467731967119,0.7465214761040533,0.03584187748700224,149.30321107448617,0.4702842377260982,94.05616456831395,0.8076225045372051,0.019387725463998372,80.76166401314386,0.5956072351421189,59.56029102471528,0.8445251058681186,0.010136729670265835,42.22564206112097,0.6718346253229974,33.591243429045285,0.8790078644888082,0.004220303931592156,17.580131758596906,0.7428940568475452,14.857859559258483,0.9001814882032668,0.002160978365527748,9.001788735893944,0.7881136950904393,7.881114059820458,0.3848764927337198,0.8668984879926891,0.2894736842105263,28.850877192982455,0.5451127819548872,10.903190652445867,0.6240601503759399,6.2411367182966
2019-09-20,262,6885750,1536,699,0.00022306938242021567,0.2302912212641354,0.9123824382496829,0.006545297137425837,0.5364583333333334,0.11966308451931455,536.4388569198373,0.15450643776824036,154.5008283274268,0.6334635416666666,0.0706505954109788,316.7202717129865,0.2532188841201717,126.60484543497473,0.7317708333333334,0.03264689651166168,146.35310394217083,0.4263233190271817,85.26404467139378,0.7604166666666666,0.01696244445089895,76.04111450376136,0.4792560801144492,47.92526000824985,0.7838541666666666,0.008742629759795522,39.192423742520845,0.5264663805436338,26.323127885128276,0.8111979166666666,0.0036190631099544566,16.223934771724544,0.586552217453505,11.731027312396806,0.8424479166666666,0.0018792269899982718,8.42440575936237,0.6552217453505007,6.552160360287621,0.3462630873946179,0.8289271978405311,0.26714801444043323,26.62575210589651,0.4548736462093863,9.098253153426507,0.5631768953068592,5.632251952121171
2019-09-21,263,6885750,1912,841,0.00027767490832516427,0.29648755454487763,0.9421594264981524,0.010608870972348248,0.5831589958158996,0.16192274179494626,583.1378239092842,0.18311533888228299,183.10869077965148,0.6788702928870293,0.09424920127795527,339.4228230646865,0.3091557669441142,154.57227143736813,0.7766736401673641,0.0431322431670975,155.33360009824355,0.5029726516052319,100.59379987193138,0.8064853556485355,0.022393912108977898,80.64794994999716,0.5624256837098692,56.24215997567794,0.825836820083682,0.01146570816541408,41.2918410041841,0.6064209274673008,30.32104637336504,0.854602510460251,0.0047460265823961335,17.09202538689026,0.6694411414982164,13.38880338574491,0.8859832635983264,0.0024601532149729514,8.859832635983265,0.7407847800237812,7.407847800237812,0.36723294324449596,0.8318610150533063,0.2453416149068323,24.452380952380956,0.46273291925465837,9.255452095074737,0.5838509316770186,5.839010046557217
2019-09-22,264,6885750,2106,1144,0.0003058490360527176,0.23843269659882993,0.9306604831818901,0.015249682283554751,0.5047483380816714,0.1543711879175138,504.7300129169139,0.1861888111888112,186.1820515020849,0.637701804368471,0.09751670055184432,318.8393261276648,0.35926573426573427,179.62634546327908,0.7255460588793922,0.04438119027563972,145.10815809139896,0.5008741258741258,100.17409777332371,0.7640075973409307,0.023366929042377065,76.40020496369795,0.5664335664335665,56.64294533779561,0.7958214624881291,0.012170061358602912,39.79107312440646,0.625,31.250000000000004,0.8290598290598291,0.005071335625987545,16.581172500780504,0.6861888111888111,13.723756293113198,0.8627730294396961,0.0026387829938641395,8.62773029439696,0.7482517482517482,7.4825174825174825,0.3294883019639838,0.8145643769039255,0.20786516853932585,20.717228464419474,0.43258426966292135,8.65242739029044,0.5561797752808989,5.562274750900996
2019-09-23,265,6885750,1929,994,0.000280143775187888,0.22125086557897858,0.9315533220795333,0.011910661430458165,0.5012960082944531,0.14042985768225386,501.27780846841864,0.15995975855130784,159.95395112469762,0.6350440642820114,0.08894859134475748,317.51050432978946,0.3420523138832998,171.0199477433874,0.7257646448937273,0.04066339423160707,145.15187497682138,0.4768611670020121,95.37154087205857,0.7719025401762571,0.021624212146736762,77.18969351445965,0.5613682092555332,56.13641329811042,0.80248833592535,0.01124060559851868,40.1244167962675,0.6187122736418511,30.935613682092555,0.8289269051321928,0.004644367506273817,16.578514026088616,0.6690140845070423,13.380262258325489,0.8600311041990669,0.0024093131061404807,8.600273572113435,0.7293762575452716,7.293730797952234,0.3265546323497036,0.8331289658697966,0.2215568862275449,22.081836327345307,0.4281437125748503,8.563608631793018,0.5658682634730539,5.659167941989092
2019-09-24,266,6885750,1992,785,0.0002892931053262172,0.31326148489618677,0.9582797497127725,0.011103265702587142,0.625,0.18080162648852743,624.9773090328201,0.22929936305732485,229.29103821841048,0.7088353413654619,0.10252686610514086,354.40480335515747,0.31719745222929935,158.59296810106727,0.7881526104417671,0.045601092102587934,157.62937748262794,0.47388535031847134,94.7763818570221,0.8232931726907631,0.023817130907084143,82.32871944952542,0.554140127388535,55.41361035995244,0.8483935742971888,0.012271720582362125,42.419678714859444,0.6165605095541401,30.82802547770701,0.8875502008032129,0.005135220701213225,17.750926678403093,0.7159235668789808,14.318408954793627,0.9181726907630522,0.002656206431824519,9.181713573260884,0.7936305732484077,7.936294206805382,0.3997113939878904,0.869910878074062,0.2476780185758514,24.685242518059855,0.5077399380804953,10.155669670594609,0.6253869969040248,6.254406321524727
2019-09-25,267,6885750,2032,920,0.0002951022038267436,0.25740023031322534,0.9569486941553191,0.012046403391210195,0.5388779527559056,0.15901829799593378,538.8583884968017,0.19130434782608696,191.29740241700236,0.656003937007874,0.09679058960209119,327.99006021289347,0.3108695652173913,155.4291394638144,0.7549212598425197,0.044555461965203755,150.98315562347528,0.47282608695652173,94.56453072296232,0.8154527559055118,0.024064015800633186,81.54468346417814,0.6,59.99956432077609,0.8469488188976378,0.012496732405820674,42.347133446545136,0.6641304347826087,33.20628061593677,0.890748031496063,0.005257226508039781,17.814934757743565,0.7597826086956522,15.195630105685026,0.9148622047244095,0.0026997785281196673,9.148622047244094,0.8130434782608695,8.130434782608695,0.42498600397844677,0.8693120261532711,0.2721518987341772,27.124472573839665,0.5316455696202531,10.633823305903555,0.6424050632911392,6.424601580650064
2019-09-26,268,6885750,2456,1293,0.000356678647932324,0.2710746482685422,0.9576189533688043,0.014825892585602612,0.48778501628664495,0.1739761835608481,487.76730698457243,0.16163959783449341,161.63372942039834,0.5850977198697068,0.10434214347952367,292.5382387883266,0.2614075792730085,130.69904436386278,0.7084690553745928,0.050538789973568796,141.69278219075787,0.46249033255993816,92.49739485389044,0.7642508143322475,0.027258996775973744,76.42452648622199,0.5591647331786543,55.91606729043711,0.8090390879478827,0.01442834840068257,40.45195439739414,0.642691415313225,32.13457076566125,0.8599348534201955,0.006134399107723766,17.198672091208845,0.737045630317092,14.740891198519602,0.9083876221498371,0.0032400105725132085,9.083836644821998,0.8267594740912606,8.267558720615382,0.41097917864296885,0.8645695013267967,0.27439024390243905,27.347560975609756,0.524390243902439,10.488704346734718,0.6341463414634146,6.342007279420993
2019-09-27,269,6885750,2889,1535,0.0004195621392005228,0.2861701033875312,0.9423659974409822,0.018096245470861336,0.5309795777085496,0.2227708393842579,530.9603002042762,0.20586319218241042,205.8557182065107,0.6130148840429214,0.12859424920127796,306.49631410096913,0.30293159609120524,151.4602989968789,0.7016268605053652,0.05887478579104825,140.32435315358617,0.4501628664495114,90.03191953454132,0.754932502596054,0.03167387957826251,75.49270207892734,0.5465798045602606,54.65758356691763,0.7808930425752856,0.01638165777148459,39.044652128764284,0.5941368078175896,29.706840390879478,0.8168916580131533,0.006854706365872857,16.337761979511605,0.6605863192182411,13.211668823450657,0.86846659743856,0.0036437517427270194,8.684653361883896,0.7570032573289902,7.570021579539651,0.41755935509627917,0.8555140764920588,0.24932975871313673,24.84986595174263,0.4879356568364611,9.7595500761063,0.6112600536193029,6.113124772945705
2019-09-28,270,6885750,3418,2024,0.0004963874668699851,0.26533873685707876,0.9216753497320348,0.018378065357566194,0.46021064950263313,0.22843450479233227,460.1939413030433,0.1674901185770751,167.48403775662138,0.5371562317144529,0.13331397037467324,268.568364981687,0.24654150197628458,123.26627557603847,0.6284376828554711,0.06238926486392286,125.68662391362108,0.3804347826086957,76.08640402996969,0.6878291398478642,0.03414272851375294,68.78241453001004,0.47677865612648224,47.67751940839009,0.7214745465184318,0.01790654612787278,36.073727325921595,0.532608695652174,26.630434782608695,0.7679929783499122,0.007624430709173715,15.359837260296347,0.6101778656126482,12.203539589362084,0.8256290228203628,0.00409831899212141,8.256290228203628,0.7070158102766798,7.070158102766798,0.4224567645433149,0.8516443561561953,0.2430379746835443,24.22278481012658,0.4860759493670886,9.722352736826107,0.5772151898734177,5.7726469374905
2019-09-29,271,6885750,3424,2052,0.0004972588316450641,0.2294725012568338,0.9176680643040506,0.024236731042221838,0.45473130841121495,0.22611094975312226,454.71479914210323,0.18859649122807018,188.5896441292019,0.572429906542056,0.14231774615161197,286.2045620804504,0.3230994152046784,161.5438424517582,0.6708528037383178,0.06671701182142961,134.16958649223392,0.45857699805068225,91.71473363523441,0.7205023364485982,0.03582735484620524,72.04971046502853,0.5380116959064327,53.80077892311306,0.7552570093457944,0.018777910902951746,37.76285046728972,0.594541910331384,29.727095516569204,0.7976051401869159,0.00793231248257273,15.952079636937844,0.6652046783625731,13.304074246082024,0.8364485981308412,0.004159296405055055,8.364449538874954,0.72953216374269,7.295289853133891,0.42337883716901553,0.8448632790972117,0.22488038277511962,22.413078149920256,0.4784688995215311,9.570198691802014,0.569377990430622,5.694268221622199
2019-09-30,272,6885750,3597,1901,0.000522383182659841,0.2669865137174933,0.9353976985121687,0.023937104035535516,0.47178204058938006,0.2464420563462097,471.76491228410157,0.18779589689637033,187.78907886351755,0.5941061996107868,0.15516990996224223,297.042315129972,0.3103629668595476,155.17584948105792,0.718932443703086,0.07511109820209706,143.78544466085344,0.4886901630720673,97.73732290724352,0.7756463719766472,0.04051816782363705,77.56407397598242,0.5833771699105734,58.33729338220295,0.8131776480400333,0.021239516392549833,40.65888240200167,0.65176223040505,32.5881115202525,0.8504309146510981,0.008884977446273335,17.008544189790552,0.7196212519726459,14.392362334465075,0.8821239922157353,0.004608067385542606,8.821239922157353,0.7790636507101526,7.790636507101524,0.43077712001826723,0.8573987299991412,0.23425692695214106,23.347607052896723,0.5088161209068011,10.177195173060388,0.6095717884130982,6.096240672971817
2019-10-01,273,6885750,3831,2148,0.0005563664088879207,0.22389537531828582,0.9252978358380887,0.021757762719012745,0.4158183241973375,0.23133894859134477,415.80322768542214,0.14338919925512103,143.38399343173828,0.5609501435656487,0.15604124310194598,280.4648889817866,0.2881750465549348,144.0822921010487,0.6841555729574523,0.07612768305788725,136.83012101692697,0.4515828677839851,90.31591773921913,0.7470634299138607,0.04156319435367926,74.70471561494308,0.5526070763500931,55.259503855380615,0.7849125554685461,0.021834948988853794,39.24562777342731,0.6187150837988827,30.935754189944134,0.8188462542417123,0.009111557765591598,16.37690130107605,0.6787709497206704,13.57539927920551,0.847559383972853,0.004715522011336423,8.475569222020301,0.729050279329609,7.290481617733173,0.4497218638006797,0.8837148458351186,0.24864864864864866,24.781981981981982,0.518918918918919,10.379268462287332,0.654054054054054,6.541101478837328
2019-10-02,274,6885750,4428,2877,0.0006430672040082779,0.16646852659303002,0.9062052280065351,0.019765727155023765,0.32633242999096657,0.20984606447865234,326.3205823134328,0.11609315258950295,116.08893776403862,0.4444444444444444,0.14289863491141447,222.21415432278053,0.21445950643030934,107.22586018025723,0.5846883468834688,0.07519823404687909,116.93682025480977,0.37365311087938824,74.73007953288645,0.6504065040650406,0.04182520549536728,65.04017812550255,0.46611053180396245,46.610714722604996,0.6817976513098465,0.02192208546636169,34.089882565492324,0.5123392422662496,25.61696211331248,0.7253839205058717,0.009329344447994423,14.50757306521626,0.578380257212374,11.567521148160285,0.7759710930442638,0.004989993871427783,7.759677122896084,0.6558915537017727,6.558886961102419,0.46426878018033313,0.8854322004395787,0.26176470588235295,26.08921568627451,0.5529411764705883,11.059771970537787,0.6735294117647059,6.735871758652004
2019-10-03,275,6885750,4180,2547,0.000607050793305014,0.228938687799068,0.953881314172124,0.019928779412958023,0.39258373205741626,0.23830961370897474,392.5694790900892,0.12446014919513153,124.45563060127459,0.5021531100478469,0.15241068835318036,251.067439552132,0.23831959167648215,119.15546967661464,0.627511961722488,0.07618577362107526,125.50148103141602,0.39536709854731056,79.0728455320266,0.6811004784688995,0.041345958349066195,68.10955327801018,0.47820965842167257,47.82061859881251,0.7165071770334929,0.021747654593511283,35.82509871226563,0.5355319984295249,26.776405488005032,0.8215311004784689,0.009974178669664149,16.430550424555005,0.7078916372202592,14.1577710614902,0.9004784688995215,0.005466361688995389,9.004784688995215,0.8374558303886925,8.374558303886925,0.5245906789876846,0.892719490376361,0.3,29.9,0.5909090909090909,11.819195384375487,0.7090909090909091,7.091517230625293
2019-10-04,276,6885750,3696,1598,0.0005367607014486439,0.31908894683857164,0.9712570374680073,0.026261264322355267,0.5178571428571429,0.2779552715654952,517.8383417700511,0.1783479349186483,178.34145989922777,0.6885822510822511,0.18479523671216963,344.27862586331764,0.37922403003754696,189.605131050758,0.8249458874458875,0.0885590635801214,164.98797944989744,0.6126408010012515,122.52727048402127,0.8752705627705628,0.046980742978303174,87.52642071505711,0.7152690863579474,71.52638925599403,0.8952922077922078,0.024027883672802525,44.76461038961039,0.7603254067584481,38.0162703379224,0.911525974025974,0.009785383790943075,18.230440053703,0.7978723404255319,15.957377285028294,0.9304653679653679,0.004994357929469035,9.304626653907308,0.8410513141426783,8.410488712748098,0.5337294202214365,0.8987004111719663,0.2944606413994169,29.347910592808553,0.6064139941690962,12.129320044606914,0.7055393586005831,7.055998679795368
2019-10-05,277,6885750,3478,1493,0.0005051011146207748,0.275756334306306,0.9601786691927825,0.009776814598962947,0.4611845888441633,0.23293639268080163,461.16784528517246,0.10247823174815807,102.47451121984888,0.5845313398504888,0.14761835608480975,292.2550590600859,0.19089082384460818,95.44194672436906,0.7058654399079931,0.0713061663132824,141.17206287857513,0.347622237106497,69.52394258201114,0.7702702702702703,0.03890615469516977,77.02646770910444,0.4742129939718687,47.42095505593824,0.8116733755031628,0.020498856333732707,40.58366877515814,0.5666443402545212,28.332217012726055,0.8576768257619322,0.008664257830653407,17.15351160362901,0.6718017414601474,13.43601531641884,0.8982173663024727,0.0045368993400873685,8.982160618460782,0.7662424648359009,7.6624135204302855,0.5201912622359404,0.903514449497771,0.29080118694362017,28.98318496538081,0.599406528189911,11.989158705356006,0.7151335311572701,7.151948633640588
2019-10-06,278,6885750,3716,1715,0.0005396652506989072,0.31444942094568595,0.9735653912084586,0.015227095673971004,0.49165769644779334,0.26532094103979087,491.6398465459472,0.14285714285714285,142.85195635035893,0.5901506996770721,0.15923613128085973,295.06463696641003,0.21574344023323616,107.86780377476082,0.7077502691065662,0.0763890905922333,141.54902598102,0.3860058309037901,77.20060559835525,0.7839074273412271,0.042304452641668364,78.39017351382344,0.5376093294460641,53.760542569247384,0.8417653390742734,0.022713575137058416,42.088266953713664,0.6606413994169096,33.032069970845484,0.8939720129171151,0.009648870570944759,17.87936236110949,0.7714285714285715,15.428504209295928,0.9332615715823466,0.005036488399956432,9.332615715823467,0.8565597667638484,8.565597667638484,0.5556493388880646,0.9048387619187618,0.28169014084507044,28.075117370892016,0.6197183098591549,12.395429178846666,0.7352112676056338,7.352743217452225
2019-10-07,279,6885750,4079,1936,0.0005923828195911847,0.3350925408543482,0.9678273939360598,0.017372400736020914,0.4736455013483697,0.28056927098460643,473.6283053891282,0.12190082644628099,121.89640077003767,0.5827408678597695,0.17259657275631715,291.3598555667592,0.20919421487603307,104.59330998276538,0.7153714145623927,0.08475413169130674,143.07324400426953,0.4137396694214876,82.74733302503728,0.787938220151998,0.046675767521566124,78.79324986801274,0.5568181818181818,55.68141385829599,0.8418730080902181,0.024935555313509786,42.09365040451092,0.6694214876033058,33.47107438016529,0.8918852659965678,0.01056670413518875,17.837627604529526,0.7737603305785123,15.475139189114355,0.9225300318705565,0.005464877668357589,9.225246728338629,0.8367768595041323,8.367719986131698,0.5336061955515192,0.9040317250495703,0.27247191011235955,27.156367041198504,0.6123595505617978,12.24824137067088,0.7359550561797753,7.360181741091218
2019-10-08,280,6885750,4047,1749,0.0005877355407907636,0.2770123446338534,0.9534874204156938,0.015792897672362163,0.48332097850259453,0.28405460354342144,483.3034312698577,0.115494568324757,115.49037523122215,0.6335557202866321,0.18617484751670055,316.7663593496716,0.2652944539736993,132.64241115665115,0.7449962935507783,0.08757152400592524,148.99817677879903,0.42995997712978845,85.9913710105272,0.7998517420311342,0.04700978825989718,79.9845934051364,0.5425957690108634,54.25918290491378,0.8386459105510254,0.024645100388483464,41.932295527551275,0.6283590623213264,31.417953116066325,0.8695329873980726,0.010221093967840877,17.390634491984265,0.6992567181246426,13.985114052266587,0.8942426488757104,0.005255781868351305,8.942426488757103,0.7558604917095483,7.558604917095484,0.5536818809716453,0.8904429995132763,0.2768817204301075,27.595878136200717,0.6129032258064516,12.259115808111547,0.6989247311827957,6.989846732695181
2019-10-09,281,6885750,3934,1727,0.0005713248375267763,0.2672907121659232,0.9724666533667857,0.02221992077769181,0.4560244026436197,0.26052860877142026,456.007846428014,0.1470758540822235,147.07051441281882,0.6174377224199288,0.1763723496950334,308.7076530026884,0.2999420961204401,149.9656032792129,0.7796136248093544,0.0890818786488135,155.92159275700752,0.5269253039953677,105.38429556438184,0.8581596339603457,0.049028435330680534,85.81534025882904,0.6832657788071801,68.32608173954428,0.8904422979156075,0.02543659005918019,44.522114895780376,0.7539085118702953,37.69542559351476,0.9199288256227758,0.010511487408870429,18.39844291449658,0.8204979733642154,16.40984030931089,0.9412811387900356,0.005377757316901378,9.412784048005506,0.8691372321945571,8.691347077499932,0.546396934431962,0.8884082988335963,0.2638522427440633,26.297273526824977,0.6094986807387863,12.191019067058297,0.6965699208443272,6.966296609747598
2019-10-10,282,6885750,4086,1915,0.0005933994118287768,0.28455060718347025,0.9668863657399044,0.02316908868192537,0.4534997552618698,0.2690967179785071,453.4832907049695,0.1472584856396867,147.25313933974334,0.5822320117474302,0.1727417949462678,291.1054367477395,0.2684073107049608,134.198783015298,0.7640724424865394,0.09067936913648378,152.8133788623454,0.5216710182767624,104.33344605127122,0.8389623103279491,0.049783612652124665,83.89562183538116,0.6610966057441253,66.10918053098567,0.8688203622124328,0.02577787459608612,43.44101811062164,0.7242819843342037,36.21409921671018,0.8976994615761136,0.010653871177618738,17.95396315743716,0.7848563968668407,15.697105140829331,0.9265785609397944,0.005498295760677455,9.26575869654547,0.8454308093994778,8.454283538111865,0.5119839859354559,0.873278170043081,0.2632978723404255,26.242021276595743,0.5851063829787234,11.703131272581293,0.6941489361702128,6.942084686690266
2019-10-11,283,6885750,4210,2085,0.0006114076171804088,0.27878611966266703,0.9658748452269114,0.01986886631290611,0.4218527315914489,0.25791460935230903,421.83741599706934,0.1170263788968825,117.02213019012613,0.5567695961995249,0.17020040662213187,278.3746911872552,0.23980815347721823,119.8997235554571,0.7111638954869358,0.08696157309245113,142.23174629960698,0.4537170263788969,90.74274635883961,0.789311163895487,0.048258735368439394,78.93054324542318,0.5860911270983213,58.60868713028648,0.8249406175771972,0.02521874886541045,41.24703087885986,0.6513189448441247,32.565947242206235,0.8714964370546319,0.010656775722650804,17.42990342808617,0.7429256594724221,14.858491610838106,0.9275534441805225,0.005671099467163535,9.275480559625015,0.8561151079136691,8.561101346855693,0.4971649833746814,0.8782034502628626,0.25380710659898476,25.296108291032144,0.5710659898477157,11.422299326954054,0.6649746192893401,6.650316497026582
2019-10-12,284,6885750,3952,1754,0.0005739389318520132,0.2893541299240319,0.9452256062830396,0.014696859504417476,0.48431174089068824,0.2779552715654952,484.29415768778057,0.12428734321550741,124.28283089546618,0.6115890688259109,0.17550101655532965,305.7834323749649,0.24971493728620298,124.85293562434447,0.7264676113360324,0.08338900345638851,145.29246724438948,0.4087799315849487,81.7553926605786,0.7904858299595142,0.04536872984983589,79.04800899886324,0.5370581527936146,53.70542530422945,0.8140182186234818,0.023359837345241986,40.70091093117409,0.5860889395667047,29.304446978335235,0.8433704453441295,0.00968084859187657,16.86738441080822,0.6505131128848347,13.01024336325039,0.8663967611336032,0.00497255943036311,8.663917281787143,0.701824401368301,7.018203244249068,0.4887603313746282,0.8637332519221699,0.25839793281653745,25.753660637381564,0.5478036175710594,10.957011980267794,0.6459948320413437,6.4605023468560105
2019-10-13,285,6885750,3717,1563,0.0005398104781614203,0.2947974146393584,0.959360903816891,0.016200782189604794,0.5022867904223837,0.2711298286378159,502.26855462546155,0.1381957773512476,138.1907600778904,0.632768361581921,0.17078129538193437,316.3726942900604,0.2667946257197697,133.39246979740807,0.7600215227333872,0.08205292050306427,152.00320079472016,0.4580934101087652,91.61801674914838,0.8278181329028786,0.04468616573237678,82.7812121850184,0.5956493921944978,59.564506699341585,0.8660209846650525,0.023374360091493303,43.30104923325263,0.6845809341010877,34.22904670505438,0.8972289480764057,0.009686657681940701,17.944552901109276,0.7568777991042867,15.137533998229218,0.9195587839655637,0.004963853042066403,9.195547776273536,0.8099808061420346,8.099772772136946,0.4768274974345215,0.8680185009119483,0.25205479452054796,25.121461187214614,0.5589041095890411,11.179040860922486,0.6493150684931507,6.493707558918208
2019-10-14,286,6885750,3493,1414,0.0005072795265584722,0.27379541650256073,0.95394490004251,0.011566401040064634,0.4789579158316633,0.24295672378739472,478.94052700230554,0.11103253182461104,111.0285007277542,0.6212424849699398,0.15756607609642753,310.60996521070024,0.24752475247524752,123.75788297679607,0.7460635556827941,0.07569200383397717,149.21162765525574,0.42503536067892506,85.00645487219808,0.7970226166618952,0.04043103197885504,79.70168292253109,0.5141442715700142,51.41405382037272,0.8239335814486115,0.020898231855643903,41.19667907243058,0.5707213578500707,28.536067892503535,0.8631548811909533,0.008757203271679524,17.263072553096848,0.6654879773691655,13.309740217985324,0.8935012882908675,0.004532535940061895,8.934986930799083,0.7390381895332391,7.390360429666545,0.4586747226510758,0.8852265178018869,0.2542857142857143,25.343809523809522,0.58,11.600994854202401,0.6542857142857142,6.543418279833374
2019-10-15,287,6885750,3774,1785,0.0005480884435246705,0.2471604635941557,0.9437478464054957,0.011918694331046833,0.442501324854266,0.24252105721754283,442.4852596014032,0.11372549019607843,113.72136132989354,0.5651828298887123,0.15487946558234097,282.58115530832123,0.2134453781512605,106.718814449974,0.685214626391097,0.07511109820209706,137.0419301656306,0.3641456582633053,72.82860281700178,0.7326444091149974,0.040155101803711984,73.26390891492045,0.4481792717086835,44.81760173353956,0.7660307366189719,0.020992629706277455,38.30153683094859,0.5126050420168067,25.630252100840334,0.8084260731319555,0.008861741153507664,16.16845101954568,0.5994397759103641,11.9887432853643,0.8550609432962374,0.0046864834092387765,8.550597015147298,0.6974789915966386,6.974779786670686,0.42941787480120097,0.8565282805679635,0.24119241192411925,24.03884372177055,0.5311653116531165,10.624217322790722,0.6178861788617886,6.179391708153788
2019-10-16,288,6885750,4146,2200,0.0006021130595795665,0.23812659274492734,0.9361200605357696,0.013823714712872451,0.42378195851423056,0.25515538774324714,423.7665728782113,0.09727272727272727,97.269195733108,0.537867824409069,0.16192274179494626,268.9241484116139,0.2081818181818182,104.08713001346605,0.643511818620357,0.07749281129280548,128.70142917497236,0.34954545454545455,69.90858327678305,0.7018813314037626,0.04226088471927735,70.18762348185336,0.44545454545454544,44.54513108663679,0.7363724071394114,0.022168972152634064,36.81862035697058,0.5086363636363637,25.43181818181818,0.7771345875542692,0.009358444093317222,15.542669178861328,0.5831818181818181,11.663619424857835,0.8335745296671491,0.0050190246594440735,8.335684768154131,0.6890909090909091,6.890859053810345,0.44080321311358217,0.8521877027146711,0.24864864864864866,24.781981981981982,0.527027027027027,10.54144453201057,0.6108108108108108,6.108631959575356
2019-10-17,289,6885750,4651,2338,0.0006754529281487129,0.2923135745451829,0.9426798743705664,0.022292192573089096,0.4377553214362503,0.2956723787394714,437.73942848963986,0.12275449101796407,122.75003434896111,0.5772952053321866,0.19496079000871333,288.6371231568475,0.2506415739948674,125.31623715765019,0.721350247258654,0.09744691974788695,144.26900186067783,0.46407185628742514,92.81369730259775,0.7832724145345087,0.05290598042348021,78.32667269425475,0.5769888793840889,57.69846896829695,0.8144485056976994,0.02750608139999274,40.72242528488497,0.6364414029084687,31.822070145423442,0.8391743711029886,0.011336406333051594,16.78341429967964,0.6843455945252352,13.686852259300004,0.8780907331756611,0.005931072341945781,8.780881827252882,0.760906757912746,7.6090454782801205,0.4740545746534705,0.8415536581529534,0.22985781990521326,22.90916271721959,0.5402843601895735,10.806613935112548,0.6279620853080569,6.280159414045669
2019-10-18,290,6885750,5512,3040,0.0008004937733725447,0.26535822503750583,0.9207918461119697,0.021036250880151822,0.39477503628447025,0.31600348533255884,394.76070376064354,0.11381578947368422,113.81165732913463,0.5174165457184325,0.20708684286959048,258.6988803137305,0.22269736842105264,111.34464163558403,0.6398766328011611,0.10244270818205582,127.97439729038297,0.3713815789473684,74.27577644534671,0.7070029027576198,0.05659390929290289,70.69875016574856,0.4766447368421053,47.66343537824432,0.7411103047895501,0.029662709218313182,37.05551523947751,0.5358552631578948,26.792763157894733,0.7906386066763426,0.012657933718667403,15.812657311922003,0.6240131578947369,12.480172534705288,0.8249274310595065,0.006603492720473441,8.249274310595066,0.6851973684210526,6.8519736842105265,0.43421483911096326,0.807873255990908,0.19076305220883535,19.012717536813923,0.4718875502008032,9.438560416623613,0.572289156626506,5.723382380293042
2019-10-19,291,6885750,6051,3394,0.0008787713756671387,0.2582741642257343,0.9255615799379971,0.0205080147305908,0.35713105271855894,0.31382515248329945,357.11808688016515,0.09605185621685328,96.04836900162611,0.48421748471327053,0.21275050827766484,242.0999524661925,0.1915144372421921,95.75374210284812,0.6276648487853247,0.1103139794940312,125.53205822195098,0.36122569239835,72.24461388457227,0.6947611964964469,0.06105318191059862,69.47561516127986,0.4608131997642899,46.080985365200256,0.7288051561725335,0.03202242295739057,36.43999320423932,0.5191514437242192,25.95738369996255,0.764666997190547,0.013439329863370202,15.293317733713662,0.582203889216264,11.644060873951139,0.8081308874566188,0.007101581663106194,8.081261929719629,0.6588096641131408,6.588058370451407,0.4239365801150535,0.8066467382190172,0.1828358208955224,18.2226368159204,0.4533582089552239,9.067941808965465,0.5261194029850746,5.2616452471774915
2019-10-20,292,6885750,5951,3151,0.0008642486294158225,0.25597962609717195,0.9078505142115166,0.01394308029443203,0.3799361451856831,0.3283473714783619,379.9223513959218,0.097429387496033,97.42585026877858,0.4886573685094942,0.21115306418820795,244.3198137680983,0.1659790542684862,82.98651415402475,0.6103175936817342,0.10549246274942635,122.06263239402831,0.2970485560139638,59.40927980984494,0.6708116282977651,0.057974382061634085,67.0806757319605,0.38717867343700413,38.71758620086048,0.6908082675180642,0.02985150491958029,34.540413375903206,0.4189146302761028,20.945731513805143,0.711981179633675,0.012306557300864393,14.23960291285952,0.45763249761980324,9.15263666025409,0.7618887581919005,0.006584584462471935,7.618854387912306,0.5515709298635354,5.515685267766091,0.4108766627114092,0.7949910406620808,0.1833648393194707,18.27536231884058,0.43667296786389415,8.734208367514356,0.5274102079395085,5.274554403758669
2019-10-21,293,6885750,5129,2457,0.000744871655230004,0.2282303422009035,0.9293022635905415,0.00944742051880892,0.38038604016377464,0.2833284925936683,380.37223004032984,0.05291005291005291,52.90813198161441,0.5180347046207838,0.19292767934940458,259.0079485436074,0.15262515262515264,76.30980574271308,0.6437902125170598,0.09590751982340469,128.75710755001148,0.291005291005291,58.20063558452706,0.6931175667771495,0.05162798803334398,69.31125338284234,0.36914936914936913,36.91466886375248,0.7157340612205109,0.026656500744290747,35.78670306102554,0.41025641025641024,20.51282051282051,0.7404952232403977,0.011031429990502165,14.809839940943709,0.4599104599104599,9.198169123406352,0.8095145252485865,0.006029844243546455,8.095145252485866,0.6035816035816036,6.035816035816036,0.48465780215525095,0.851112970583874,0.20647773279352227,20.57894736842105,0.5121457489878543,10.243793445878849,0.6174089068825911,6.174618579037645
2019-10-22,294,6885750,4236,2025,0.000615183531205751,0.19315396748425587,0.929924754795906,0.008250172291099407,0.37039660056657225,0.22785361603252977,370.3831531152011,0.05037037037037037,50.368541646496915,0.502360717658168,0.15451641010746442,251.1712395886386,0.1451851851851852,72.58995707877497,0.6442398489140698,0.07926457347003979,128.84703417642268,0.2982716049382716,59.65388781851647,0.704438149197356,0.04333556013825554,70.44330340462538,0.39308641975308645,39.308356542664825,0.7355996222851747,0.02262643865955052,36.77998111425874,0.45135802469135805,22.5679012345679,0.7582625118035883,0.009329398642996561,15.16522821199565,0.497283950617284,9.945664568509395,0.809017941454202,0.0049769017733570925,8.090108920182626,0.6034567901234568,6.034515318593734,0.48760978406584093,0.8658911400769091,0.2086021505376344,20.79068100358423,0.5440860215053763,10.882653682288495,0.6365591397849463,6.3661373319316095
2019-10-23,295,6885750,3606,1748,0.0005236902298224594,0.2023395975793307,0.9145246125355511,0.005112901112794236,0.3948973932334997,0.20679639848968923,394.883056267437,0.04290617848970252,42.904620757401844,0.5180255130338325,0.13563752541388324,259.0033529169846,0.13043478260869565,65.2150235512508,0.6270105379922352,0.06567138168404543,125.40119701356512,0.2522883295194508,50.45729951461147,0.6688851913477537,0.035028609602370094,66.88803343580696,0.3220823798627002,32.208004111934535,0.6985579589572934,0.01829139890353266,34.92789794786467,0.3792906178489702,18.96453089244851,0.7168607875762618,0.007508248907891068,14.337194929980845,0.4170480549199085,8.340948985049609,0.742928452579035,0.003890626769951988,7.429252157847172,0.4708237986270023,4.708217473395725,0.44921269288249743,0.8553338877107775,0.23317307692307693,23.239583333333336,0.5144230769230769,10.289343910806176,0.6033653846153846,6.034171312178388
2019-10-24,296,6885750,3217,1489,0.0004671967469048397,0.2008616070087567,0.918597773192149,0.007785894271557165,0.42119987566055334,0.19677606738309614,421.1845837684657,0.07656145063801209,76.55867103263022,0.5477152626670811,0.12794074934650015,273.84768878230136,0.17595701813297515,87.97531495854876,0.6751631955237799,0.06308635162217897,135.0316585894992,0.3304231027535259,66.08414068910194,0.7326701896176562,0.03422986435853496,73.2664869464663,0.42847548690396237,42.84723756061691,0.7684177805408766,0.01795011436662673,38.42088902704383,0.5010073875083949,25.05036937541974,0.7935965184954927,0.00741530346686495,15.8719073195416,0.5554063129617193,11.108110127207915,0.8209511967671744,0.0038354572849725885,8.209511967671745,0.6145063801208865,6.145063801208865,0.46268347969074847,0.8596929935933593,0.23544303797468355,23.465822784810126,0.5468354430379747,10.93764682892937,0.6582278481012658,6.582842998892676
2019-10-25,297,6885750,3123,1705,0.00045354536542860255,0.18115040287890863,0.9216990484133673,0.00909842168219892,0.3976945244956772,0.18036595991867557,397.68008597823257,0.07155425219941348,71.55165438311232,0.5075248158821646,0.11508858553586988,253.75319495793022,0.17888563049853373,89.43956797889041,0.6346461735510727,0.057567748119318016,126.92831303637337,0.3530791788856305,70.61532301291732,0.6894012167787384,0.03126724563594644,68.93962108156202,0.4404692082111437,44.04660098230972,0.7294268331732309,0.016541407980249064,36.47134165866154,0.5079178885630499,25.39589442815249,0.7592058917707333,0.006886636265938598,15.184007578670094,0.5601173020527859,11.202264697231898,0.8001921229586936,0.0036292290175666884,8.001909608616659,0.6351906158357771,6.351896933659033,0.4176413109047163,0.8539361513187105,0.23,22.923333333333336,0.5075,10.150870497427102,0.605,6.050518867924529
2019-10-26,298,6885750,3156,1548,0.0004583378716915369,0.232590603057558,0.9370701233878708,0.007596284551602609,0.44328263624841574,0.2031658437409236,443.26654262961495,0.07751937984496124,77.51656546143505,0.5459442332065906,0.12510891664246296,272.96220620115315,0.17183462532299743,85.91419338642386,0.6622306717363752,0.06070463853147056,132.44517261345797,0.33204134366925064,66.40778652213373,0.7056400506970849,0.03234192105492463,70.56349268185909,0.4082687338501292,40.8265769280044,0.735424588086185,0.016853647024652363,36.77122940430925,0.4664082687338501,23.320413436692505,0.7690114068441065,0.007049310317785349,15.380161128228918,0.5322997416020672,10.645948449518961,0.8209759188846641,0.0037628380890417324,8.209747266039008,0.6375968992248062,6.3759597326035315,0.4128799252753555,0.858690398363424,0.24119241192411925,24.03884372177055,0.5094850948509485,10.19057579941151,0.6178861788617886,6.179391708153788
2019-10-27,299,6885750,3262,1636,0.00047373198271793195,0.23474806247056246,0.9324572748844554,0.009390955057880613,0.4497240956468424,0.21304095265756606,449.70776816733155,0.08924205378973105,89.2388138081093,0.5502759043531575,0.13033691548068546,275.12796314259043,0.19009779951100245,95.0454489531575,0.6719803801348866,0.06366725725405908,134.395100134009,0.3539119804400978,70.781882114363,0.723175965665236,0.03425890964012896,72.31707144528448,0.4504889975550122,45.0485726410065,0.7559779276517474,0.01790654612787278,37.79889638258737,0.5152811735941321,25.764058679706604,0.7820355610055181,0.007409494376800818,15.640688505535326,0.5660146699266504,11.320276958382031,0.8197424892703863,0.003883376707872479,8.197412987808988,0.6405867970660146,6.405858667594152,0.39049157488666486,0.8378410035391566,0.2641509433962264,26.327044025157235,0.550314465408805,11.007233243794298,0.6320754716981132,6.321296805721869
2019-10-28,300,6885750,2648,1230,0.00038456232073485097,0.21818719108706375,0.9586224389545132,0.009687048721576831,0.4641238670694864,0.17847807144931746,464.10701679839036,0.08536585365853659,85.36275440448276,0.5925226586102719,0.11392680801626488,296.25057337537606,0.21138211382113822,105.68721973888341,0.729607250755287,0.05611548403961776,145.92039056865482,0.4349593495934959,86.99123824285964,0.7896525679758308,0.030366841906532285,78.96468340555313,0.5504065040650407,55.04025073870652,0.8209969788519638,0.015786225175180628,41.04984894259819,0.616260162601626,30.813008130081297,0.8542296072507553,0.006570061779493391,17.084517710780446,0.6869918699186992,13.73977753658317,0.888595166163142,0.003417202192934684,8.88595166163142,0.7609756097560976,7.609756097560975,0.4311835620822624,0.8729912310788858,0.30303030303030304,30.2020202020202,0.5984848484848485,11.97072353032902,0.6931818181818182,6.932412677374082
2019-10-29,301,6885750,2497,1148,0.0003626329738953636,0.2051966889657561,0.9557794234645568,0.011511610738234415,0.5162194633560272,0.1871914028463549,516.2007217257863,0.14111498257839722,141.109859321696,0.6403684421305567,0.11610514086552426,320.17259660183566,0.27526132404181186,137.62566526437018,0.7492991589907889,0.054343721862383454,149.85874361790422,0.46602787456445993,93.20489811734961,0.7981577893472167,0.028943623108426037,79.81519936677797,0.5644599303135889,56.445583158918275,0.8253904685622747,0.014965690011981265,41.269523428113736,0.6219512195121951,31.097560975609756,0.8594313175810974,0.006233153638814016,17.18860138905231,0.695993031358885,13.919840411746684,0.8890668802563075,0.0032240403034083332,8.890642979252675,0.759581881533101,7.595796752965247,0.45088676429578195,0.8481465963276861,0.33079847908745247,32.96958174904943,0.5855513307984791,11.712030992180214,0.688212927756654,6.882719511638373
2019-10-30,302,6885750,2217,1116,0.00032196928439167847,0.1430031095066534,0.9258912276627514,0.008369624333624053,0.4569237708615246,0.14711007841998258,456.90718199386333,0.13440860215053763,134.4037223726495,0.584573748308525,0.09410397908800465,292.2762625192729,0.25448028673835127,127.2355238461082,0.674785746504285,0.04345174126463156,134.95616933375587,0.3763440860215054,75.26827065330335,0.7257555254848895,0.023366929042377065,72.5750255541488,0.4659498207885305,46.594643737759206,0.7528191249436175,0.012119143745098608,37.64068292413746,0.5152329749103942,25.76146168193418,0.7731168245376635,0.004978375725044948,15.462269124369982,0.5546594982078853,11.093141633293385,0.8069463238610736,0.0025981117580168955,8.069439800525412,0.6200716845878136,6.200698835642982,0.4304315264815749,0.8274402793628498,0.3037037037037037,30.269135802469133,0.5666666666666667,11.334305317324185,0.6296296296296297,6.296836287402324
2019-10-31,303,6885750,2702,1351,0.0003924046037105617,0.24519113496917977,0.9159016223809324,0.006692853813453485,0.46669133974833454,0.18312518152773744,466.6743962637372,0.08956328645447817,89.56003481032863,0.5636565507031829,0.11058669764740052,281.81804342175724,0.19096965210954847,95.48135942588756,0.6543301258327165,0.051352057858200933,130.86507490640528,0.32124352331606215,64.24823813278269,0.6954108068097705,0.027288042057567748,69.54057572090936,0.39674315321983716,39.67402723406857,0.7176165803108808,0.01407970025269395,35.88056847334839,0.44041450777202074,22.02056548905858,0.7398223538119911,0.005806168654821966,14.796382611006791,0.48334566987416727,9.666871280627749,0.7753515914137675,0.0030425065025407472,7.753493393734252,0.5544041450777202,5.544025347882534,0.42538569654271297,0.8333165508571571,0.3167259786476868,31.567022538552788,0.5266903914590747,10.534711243232024,0.6192170818505338,6.1927018794674735
2019-11-01,304,6885750,2887,1392,0.0004192716842754965,0.2530800368209494,0.92292142893286,0.012917069832788218,0.5109109802563214,0.21420273017717106,510.8924313534658,0.15660919540229884,156.60350961971815,0.629719431936266,0.13200697066511763,314.848284813763,0.29238505747126436,146.18722113583783,0.7197783165916176,0.060356095152342505,143.954618010129,0.4317528735632184,86.3499476934541,0.7540699688257707,0.0316157890150745,75.40644932821242,0.4978448275862069,49.784121257540505,0.775545549012816,0.016258214428348402,38.77727745064081,0.5359195402298851,26.79597701149425,0.7876688604087287,0.006604935402918487,15.753354329977823,0.5603448275862069,11.206880276256285,0.802216834083824,0.003363463147132633,8.02215669046364,0.5905172413793104,5.905163837873505,0.45184428927023895,0.8278987070378805,0.3543307086614173,35.314960629921266,0.562992125984252,11.260808200861685,0.6338582677165354,6.339126294890669
2019-11-02,305,6885750,2929,1425,0.0004253712377010493,0.22110148797063967,0.9557773787362303,0.017971351946410214,0.49504950495049505,0.21057217542840545,495.0315319071843,0.16350877192982455,163.50283565434063,0.6299078183680437,0.13396747022945105,314.9424746099155,0.3235087719298246,161.7485133833713,0.7613519972686924,0.06477097795463127,152.26929376958083,0.5214035087719299,104.27994453879914,0.798907476954592,0.033982979464985914,79.89016758314331,0.592280701754386,59.22764010144447,0.8286104472516217,0.017623352575972116,41.43052236258108,0.6505263157894737,32.526315789473685,0.8617275520655514,0.007331007781208338,17.23437583798406,0.7185964912280701,14.371783722123682,0.898600204848071,0.003822375711067898,8.985975948271006,0.7943859649122808,7.943836575858238,0.451278230742405,0.8461091911634664,0.3246268656716418,32.354477611940304,0.5597014925373134,11.194989887611685,0.6529850746268657,6.530410767773483
2019-11-03,306,6885750,3451,1796,0.0005011799731329194,0.23836721193210522,0.956996500393901,0.016461939439609826,0.4508838017965807,0.22596572756317165,450.8674322133032,0.13418708240534521,134.18221066985268,0.5731671979136482,0.14362474586116758,286.573194382363,0.26224944320712695,131.1199610487565,0.6968994494349464,0.06985390223358215,139.37887780495168,0.4315144766146993,86.3022686499656,0.742103738046943,0.03719194295589538,74.20875723226793,0.5100222717149221,51.00111615708947,0.7765864966676326,0.019460479976763607,38.82932483338163,0.5723830734966593,28.619153674832962,0.8313532309475514,0.008333115493088655,16.62699217807453,0.6770601336302895,13.54114367622772,0.8861199652274703,0.004441049354029185,8.86118678339799,0.782293986636971,7.8229285053291475,0.4110816674695324,0.837013679980024,0.2972972972972973,29.63063063063063,0.5202702702702703,10.406297807241202,0.597972972972973,5.9802425710444576
2019-11-04,307,6885750,4607,2620,0.0006690629197981338,0.2100135637674104,0.9491710275394246,0.01609874046783262,0.3781202517907532,0.2529770548939878,378.1065239279958,0.0751908396946565,75.18810985005533,0.507705665291947,0.1698373511472553,253.843616379903,0.18435114503816794,92.17222603445867,0.6338181028869112,0.08481222225449475,126.76270010611834,0.3610687022900763,72.21321609090863,0.6991534621228566,0.04677742600714514,69.91483853455604,0.47366412213740455,47.36606827104524,0.7451703928803994,0.024928293940384125,37.25851964401997,0.5538167938931298,27.690839694656486,0.8220099848057304,0.010999512036434613,16.440175820464432,0.6881679389312977,13.76333879047827,0.880182331235077,0.005888947947799668,8.801784964523891,0.7900763358778626,7.900728936694161,0.42424615701629576,0.8392465573425839,0.2619047619047619,26.103174603174605,0.5297619047619048,10.596146777750551,0.6339285714285714,6.339829392305807
2019-11-05,308,6885750,8168,5690,0.001186217913807501,0.16334180731939033,0.9284363145863254,0.021290655371992855,0.22245347698334966,0.26386871914028465,222.44540068807723,0.033919156414762744,33.91792496121878,0.3186826640548482,0.18900668022073772,159.3355470531274,0.09507908611599297,47.537817108858455,0.47428991185112634,0.11252142089517558,94.85729357602293,0.26221441124780315,52.44250144499,0.5724779627815867,0.06790786836678382,57.24738058356778,0.3938488576449912,39.384599778224725,0.6417727717923605,0.03806411792469956,32.08863858961802,0.4898066783831283,24.490333919156416,0.7240450538687562,0.017177479319639373,14.48088004716048,0.6057996485061511,12.115975374399428,0.8284769833496572,0.009827528115995911,8.284757801753042,0.7551845342706502,7.551834375369066,0.4442436802596161,0.8631474736297458,0.2579710144927536,25.711111111111112,0.5130434782608696,10.261749571183534,0.6608695652173913,6.60926243567753
2019-11-06,309,6885750,9104,6285,0.0013221508187198198,0.20260476580776243,0.9471730115296758,0.024315725531538115,0.24307996485061512,0.3213767063607319,243.07113969940792,0.037708830548926014,37.70746150918782,0.335676625659051,0.22189950624455418,167.83221936768882,0.09323786793953859,46.617241443848236,0.48187609841827767,0.12742165035290018,96.37451987230695,0.2542561654733492,50.85086384757369,0.5877636203866432,0.07771065090476052,58.77593524466771,0.40429594272076375,40.429300699838784,0.6521309314586995,0.043110459205902,32.606309806353224,0.49673826571201274,24.83673293681556,0.7485720562390158,0.019794474393531,14.971419382167849,0.6362768496420048,12.725518511892469,0.8556678383128296,0.01131320289989776,8.556665956499451,0.7914081145584726,7.914069652182189,0.4933763457608627,0.8981038771822671,0.2732732732732733,27.236236236236238,0.5825825825825826,11.652650935669804,0.7057057057057057,7.057662293511349
2019-11-07,310,6885750,10005,5463,0.0014530007624441782,0.36672194514310624,0.9741248608157275,0.0384450833022552,0.34132933533233384,0.4959337786813825,341.31694318394096,0.034413326011349075,34.41207661670736,0.4881559220389805,0.3546325878594249,244.06909963548577,0.13930075050338642,69.64784655668699,0.6681659170414792,0.1941677074559238,133.63221305493525,0.4006955885044847,80.13853578508686,0.7613193403298351,0.11061895495076825,76.13138121461793,0.5654402343034962,56.54361284607888,0.8139930034982509,0.05913619332539429,40.69935464171252,0.6615412776862529,33.07682370115394,0.8900549725137431,0.0258648983847872,17.801021894357667,0.7999267801574227,15.998465900650249,0.936031984007996,0.013600532112649874,9.360306246344715,0.8839465495149186,8.839452657836391,0.545970435502082,0.8949509327203607,0.2914285714285714,29.045714285714286,0.6142857142857143,12.286767949032098,0.7114285714285714,7.114895858858123
2019-11-08,311,6885750,7578,2567,0.0011005337109247359,0.3534105120227628,0.9788257862306644,0.020368383311437078,0.39825811559778307,0.43828056927098463,398.2436566188549,0.01090767432800935,10.907278318921053,0.6064924782264449,0.333720592506535,303.23522959248794,0.12621737436696534,63.10639598804324,0.8087885985748219,0.17801853088965697,161.7565451403346,0.4600701207635372,92.0133560093969,0.8716020058062813,0.09592204246420169,87.15956768248572,0.6244643552785353,62.44598208427741,0.8936394827131169,0.0491740188069564,44.68197413565585,0.6879626022594468,34.39813011297234,0.9261018738453418,0.02038403782868462,18.52195678000332,0.7826256330346708,15.652444465749658,0.9462918975983109,0.010414246212473279,9.462905233245959,0.8418387222438645,8.418374996646252,0.548281114250119,0.8838419151266566,0.29941860465116277,29.842054263565892,0.5901162790697675,11.803337787705933,0.686046511627907,6.8610534923610835
2019-11-09,312,6885750,8346,2881,0.0012120684021348436,0.41400809468992034,0.9806526906256455,0.02244355301850025,0.3964773544212797,0.4805402265466163,396.46296009386094,0.03193335647344672,31.932197115456834,0.5777618020608675,0.3501306999709556,288.87041305116315,0.10898993405067685,54.49298855572525,0.8067337646776899,0.19556188097243601,161.34558134506966,0.4685872960777508,93.71677870305186,0.8658039779535107,0.10494060239914026,86.57976910734244,0.6192294342242277,61.92249378009056,0.8897675533189552,0.053922956831136765,44.48837766594776,0.6841374522735162,34.206872613675806,0.9225976515696142,0.02236486682738389,18.451819045849344,0.777507809788268,15.550043281098976,0.9565061107117182,0.011593474658607534,9.56503332500681,0.8746962860118015,8.74693745420739,0.532492931062486,0.868479993377968,0.2798913043478261,27.895833333333332,0.5842391304347826,11.68578473413379,0.7038043478260869,7.038647084048027
2019-11-10,313,6885750,7600,2584,0.0011037287151000254,0.38874305797770103,0.9717519126547569,0.01426409810047833,0.41407894736842105,0.45701423177461514,414.0639140055337,0.04411764705882353,44.116045343493184,0.5817105263157895,0.3210136508858554,290.8447034983261,0.12113003095975232,60.562816633830565,0.7618421052631579,0.16817218042928928,152.36731465670772,0.34094427244582043,68.18835934804403,0.8343421052631579,0.09208806529379303,83.43360468378097,0.5189628482972136,51.895907994169725,0.8572368421052632,0.04730784591366227,42.86184210526316,0.5835913312693498,29.179566563467493,0.8936842105263157,0.019727669857793475,17.873658253065976,0.6880804953560371,13.761589921512897,0.9376315789473684,0.010348848861205469,9.3762613218481,0.8173374613003096,8.1733271333407,0.5648513005555578,0.8736450946091592,0.307909604519774,30.688323917137478,0.6242937853107344,12.48694653603512,0.7175141242937854,7.175756606680816
2019-11-11,314,6885750,7523,2585,0.001092546200486512,0.41515592797445927,0.9733178360364012,0.01697596310483998,0.4387877176658248,0.4793784490270113,438.7717872375041,0.06576402321083172,65.76163561196405,0.6158447427887811,0.33640720302062155,307.91119210411335,0.15667311411992263,78.33371300836896,0.781204306792503,0.1706991199279677,156.23972684354695,0.3895551257253385,77.91045940815155,0.8357038415525722,0.09130384269075488,83.56977732392203,0.5303675048355899,53.036365366720844,0.8576365811511365,0.046850379406745815,42.88182905755683,0.5918762088974855,29.593810444874276,0.8949887013159644,0.01955630170090157,17.899748030969427,0.6978723404255319,13.957426538494246,0.9351322610660641,0.010216737150292778,9.351309029991825,0.8143133462282398,8.143121636233477,0.5784347658258733,0.8947684008212994,0.31444759206798867,31.339943342776202,0.6175637393767706,12.352334073537774,0.7138810198300283,7.139422446173207
2019-11-12,315,6885750,7152,2046,0.0010386668118941291,0.4747982243993405,0.9767527989995043,0.015137149458468996,0.49161073825503354,0.5106012198663956,491.59289005803043,0.039100684261974585,39.09926469022531,0.6758948545861297,0.3510020331106593,337.93515792669496,0.16764418377321602,83.8190486796705,0.8221476510067114,0.17078625577274972,164.42833622584052,0.42179863147605084,84.3591137322088,0.8821308724832215,0.09162334078828895,88.2124467048323,0.5948191593352884,59.481484016279325,0.8996085011185683,0.04671967469048397,44.980425055928414,0.6534701857282502,32.67350928641251,0.9225391498881432,0.019164188121572636,18.450756202197816,0.7311827956989247,14.623634676444926,0.9402964205816555,0.009766546854010093,9.402964205816556,0.79227761485826,7.9227761485826,0.6009514307923512,0.9106981782163928,0.30726256983240224,30.623836126629424,0.6312849162011173,12.626781145490959,0.7346368715083799,7.346998763858678
2019-11-13,316,6885750,6587,2194,0.0009566132955741931,0.4220024206389221,0.9630321845981197,0.010450522385344286,0.47381205404584786,0.4532384548358989,473.7948520398195,0.03646308113035551,36.46175731823199,0.6374677394868681,0.30489398780133603,318.72229793579015,0.13764813126709208,68.82156693816287,0.7704569606801275,0.14740480408957565,154.09027322905655,0.3350045578851413,67.00042506194231,0.8158494003339912,0.07804467164309158,81.58434761900983,0.45214220601640837,45.21389228669848,0.8330044026112039,0.039843154340485784,41.65022013056019,0.5009115770282588,25.04557885141294,0.8639744952178533,0.016529765777488614,17.279464809828788,0.5929808568824065,11.859599914252112,0.9045088811294975,0.008652627084552635,9.045062539465357,0.7142206016408387,7.14218527157951,0.5820857840578154,0.9105069386885951,0.29971181556195964,29.87127761767531,0.6340057636887608,12.681202762220652,0.7175792507204611,7.176407926802141
2019-11-14,317,6885750,7334,3038,0.0010650982100715246,0.3573609728020037,0.9546084621693303,0.011978982556388636,0.40428142896100355,0.4305837932036015,404.266751302386,0.026662277814351546,26.661309825758227,0.5504499590946278,0.29313099041533547,275.2149873537491,0.10171165240289665,50.85397985283514,0.6913007908371966,0.14725957768160564,138.25915421613252,0.28736010533245554,57.471603743732196,0.7499318243796018,0.0798745243835139,74.9926378884348,0.4078341013824885,40.78311399684089,0.7802017998363785,0.04154927532022423,39.00980672705672,0.4749835418038183,23.74900463980686,0.8344695936733024,0.017775815596245005,16.68936763592092,0.6030283080974326,12.060548646719885,0.8971911644395965,0.00955596703336601,8.971911644395963,0.7531270572745227,7.531270572745227,0.523604782500542,0.8773740695997461,0.2809278350515464,27.99914089347079,0.5541237113402062,11.083424696291843,0.6752577319587629,6.75315644285689
2019-11-15,318,6885750,6880,2808,0.0009991649420905493,0.37197160111443195,0.9598017195314257,0.014188802099662886,0.41758720930232557,0.41722335172814407,417.57204857006803,0.01745014245014245,17.44950891316706,0.5664244186046512,0.28296543711879174,283.2019271280117,0.10933048433048433,54.663257513696806,0.720203488372093,0.14391937029829505,144.03965174876237,0.34650997150997154,69.30149107800942,0.7809593023255814,0.07803014900229457,78.0953631529869,0.4725783475783476,47.25749160355524,0.8158430232558139,0.040758087354318705,40.7921511627907,0.5537749287749287,27.68874643874644,0.8697674418604651,0.017380797471884004,17.395323574422278,0.6834045584045584,13.668071318298018,0.9145348837209303,0.009137711941328105,9.145348837209303,0.7923789173789174,7.9237891737891735,0.5416298554783218,0.8701991368187187,0.2747524752475248,27.38366336633663,0.5693069306930693,11.387115126607,0.6658415841584159,6.658986889254963
2019-11-16,319,6885750,7247,2875,0.0010524634208328794,0.3543165246141036,0.9484834506173213,0.01633397350286689,0.40678901614461155,0.4281150159744409,406.77424744666854,0.04173913043478261,41.73761507280051,0.5690630605767903,0.2994481556781876,284.5212002154106,0.14156521739130434,70.78003889429087,0.7302331999448047,0.15370763019547473,146.04557949751486,0.3561739130434783,71.23426535011562,0.7996412308541465,0.08415870341862965,79.96354244029655,0.5050434782608696,50.503981097835876,0.8320684421139782,0.04378607994771811,41.60342210569891,0.5812173913043478,29.06086956521739,0.8690492617634883,0.018292824611952783,17.380959993342607,0.6723478260869565,13.44693699309375,0.8966468883676004,0.00943686680918301,8.966455861919679,0.7415652173913043,7.4156414043652035,0.5079002630666933,0.8231682042032664,0.2320675105485232,23.12939521800281,0.5084388185654009,10.169648479058557,0.5843881856540084,5.844383047093818
2019-11-17,320,6885750,7178,2934,0.0010424427259194714,0.305864243635567,0.9219822644319194,0.010763969937625373,0.3767066035107272,0.39268080162648855,376.69292697124456,0.02692569870483981,26.924721152606846,0.5309278350515464,0.2767208829509149,265.45427971290917,0.09475119291070211,47.373876458384196,0.6915575369183616,0.14418077783264108,138.3105030595024,0.2798227675528289,55.96414713401178,0.7598216773474505,0.07920648290685178,75.98161600388056,0.41956373551465576,41.95606889279446,0.7936751184173865,0.041368042696873976,39.68375592086932,0.49659168370824813,24.829584185412408,0.8163833937029813,0.0170206338879078,16.32764416183632,0.5507839127471029,11.015662257175284,0.8346336026748398,0.008700552007981678,8.34631178447476,0.5954328561690525,5.954311267100198,0.4311452670457507,0.7864703080639985,0.1746031746031746,17.402116402116402,0.4111111111111111,8.22292738707833,0.46825396825396826,4.682941272563914
2019-11-18,321,6885750,7428,3430,0.0010787495915477617,0.33680126860110365,0.9180837049282728,0.013891879829702247,0.38368336025848143,0.4138832413592797,383.66943042402534,0.019533527696793004,19.532818521375606,0.5192514808831449,0.28006099331977924,259.6163145869238,0.09708454810495627,48.54051169864237,0.6678782983306408,0.14409364198785907,133.57468973046588,0.30466472303207,60.93250215278039,0.7361335487345181,0.07940979987800982,73.61282034329646,0.43556851311953354,43.55653503170043,0.7792137856758212,0.042028827651308866,38.96068928379106,0.5253644314868805,26.268221574344025,0.8068120624663435,0.0174069383771726,16.13621781510719,0.5848396501457725,11.69677601598445,0.8229671513193323,0.008877741890510271,8.22965956146757,0.6183673469387755,6.183664489008728,0.40552097686141925,0.7599483496604562,0.16614420062695925,16.559038662486937,0.39184952978056425,7.837662721734407,0.46238244514106586,4.624221005823301
2019-11-19,322,6885750,6622,3213,0.0009616962567621537,0.2792056719827366,0.9110673248391435,0.01199207845997968,0.3545756569012383,0.34098170200406624,354.56278383788873,0.032679738562091505,32.67855210629125,0.4853518574448807,0.2333720592506535,242.667118239986,0.10457516339869281,52.285683370066,0.6271519178495922,0.12062505445990299,125.42947277971565,0.2766884531590414,55.33728880710649,0.7071881606765328,0.06800952685236283,70.71830255567161,0.41114223467164646,41.113924923615116,0.7558139534883721,0.0363431724939186,37.79069767441861,0.5032679738562091,25.163398692810457,0.7834491090305044,0.015068779626359326,15.668959424977912,0.5568004979769685,11.135993787018169,0.806553911205074,0.007756587508132726,8.06552739868996,0.6041083099906629,6.041074326607676,0.38778952982130266,0.7553828736354707,0.17587939698492464,17.529313232830823,0.38860971524288107,7.772860873837455,0.4639865996649916,4.640263926838308
2019-11-20,323,6885750,5899,2591,0.0008566968013651382,0.27102097741825937,0.9338001013926517,0.0067502689971175285,0.3893880318698084,0.33357537031658435,389.3738949241262,0.04052489386337321,40.52342258491463,0.5105950161044245,0.21870461806564043,255.28823933641016,0.09648784253184099,48.24216974394598,0.6073910832344466,0.10406924395132011,121.47733455463678,0.19181783095329988,38.36328762051424,0.6819799966095949,0.058424583926341166,68.19750445343341,0.30683133925125433,30.682911125059178,0.7406340057636888,0.03172493918600007,37.03170028818443,0.41875723658818986,20.937861829409496,0.7831835904390575,0.013418998048145739,15.663649060861081,0.5094558085681204,10.18910137398903,0.8247160535684014,0.007065316051265294,8.247160535684014,0.6032419915090699,6.032419915090699,0.31454335794035243,0.8455033022068117,0.1352549889135255,13.480413895048041,0.4722838137472284,9.44648636724945,0.5609756097560976,5.610237208718571
2019-11-21,324,6885750,5148,2381,0.000747630977017754,0.2405870865308615,0.9295450937996353,0.006581828706471952,0.3958818958818959,0.29596282311937266,395.8675231729255,0.036539269214615706,36.537942636442075,0.5079642579642579,0.18987801336044147,253.9729080218842,0.09743805123897523,48.71725684858943,0.6163558663558664,0.09216067849777804,123.27027815968826,0.2150356992860143,43.00682756858094,0.6818181818181818,0.05097446919747887,68.18132309179101,0.32129357412851745,32.12912411129337,0.7251359751359752,0.027106705878081547,36.25679875679876,0.40907181856362873,20.453590928181438,0.7727272727272727,0.011554280137559252,15.454523010333844,0.5111297774044519,10.222580702094483,0.824980574980575,0.0061678103329339574,8.24980574980575,0.624107517849643,6.2410751784964305,0.36109950089870935,0.8302309396853392,0.17792792792792791,17.733483483483486,0.4954954954954955,9.910759816420194,0.5720720720720721,5.721211348569839
2019-11-22,325,6885750,4518,2249,0.0006561376756344624,0.19721819090175652,0.9183257176857826,0.006522797226021674,0.3840194776449756,0.2519604995643334,384.00553560759386,0.035571365051133834,35.57007361325077,0.5017706949977866,0.1646093523090328,250.87623896899575,0.10182303245887062,50.909667858965165,0.6173085436033643,0.08100729036568009,123.46081222564891,0.2449977767896843,48.999199556466024,0.6622399291722001,0.04345174126463156,66.22351204358938,0.3268119164072921,32.68095433212571,0.6976538291279327,0.02288784809207421,34.882691456396635,0.39395286794130724,19.697643397065363,0.7388224878264719,0.0096953713170369,14.776428297097574,0.4753223654957759,9.506433503963365,0.797476759628154,0.0052325454743492,7.974767596281541,0.5931525122276567,5.931525122276567,0.38665016749718917,0.8094313827158494,0.19772727272727272,19.706818181818182,0.45681818181818185,9.137147200997973,0.5545454545454546,5.545930141899267
2019-11-23,326,6885750,4350,2176,0.0006317394619322514,0.18306836515300465,0.9040331659656266,0.0057262689119753525,0.3425287356321839,0.21638106302643043,342.51629993890646,0.029411764705882353,29.410696895662127,0.4613793103448276,0.14573046761545164,230.681279858183,0.08685661764705882,43.42673213500111,0.593103448275862,0.07493682651253304,118.61982831233894,0.22334558823529413,44.668793290283666,0.6588505747126436,0.04162188852420924,65.88457905875259,0.328125,32.81226173792442,0.7089655172413794,0.022393912108977898,35.448018460780354,0.4186580882352941,20.9327524112389,0.7377011494252873,0.009320685007900363,14.75400156164366,0.4756433823529412,9.512853831782591,0.7760919540229885,0.004902872014127707,7.760908269259737,0.5523897058823529,5.523889036619649,0.38976808641227556,0.8153957500196656,0.20044543429844097,19.97772828507795,0.45879732739420936,9.176733507279375,0.5478841870824054,5.479311754346423
2019-11-24,327,6885750,4025,2072,0.000584540536615474,0.17434434347630232,0.9089225343683577,0.005343016587904704,0.32968944099378883,0.19270984606447866,329.67747143813267,0.02944015444015444,29.43908559922937,0.44819875776397516,0.13099041533546327,224.09124283134562,0.09025096525096525,45.12384432013026,0.573416149068323,0.06703650991896366,114.68239706198858,0.20608108108108109,41.21591693206465,0.648695652173913,0.037918615120973595,64.86909417869414,0.32432432432432434,32.43219693014923,0.6879503105590062,0.020106742184947173,34.39751552795031,0.39575289575289574,19.787644787644787,0.7344099378881987,0.00858583511478762,14.68817742649661,0.48455598455598453,9.691105616972914,0.791055900621118,0.004624042406419054,7.91055900621118,0.5945945945945946,5.945945945945946,0.4179928462054202,0.8182391056180763,0.2085201793721973,20.782511210762333,0.47533632286995514,9.507541785568693,0.5672645739910314,5.673132244690753
2019-11-25,328,6885750,3868,1965,0.0005617398250009077,0.19201697799405576,0.9137837933389358,0.0058315908828058234,0.36763185108583246,0.20650595410978798,367.6185040102049,0.035623409669211195,35.622116341819776,0.4795760082730093,0.13469358117920419,239.7792985017335,0.10687022900763359,53.433174512729664,0.5977249224405378,0.06715269104533969,119.54411643367317,0.2361323155216285,47.22612017784581,0.6672699069286453,0.03748293589706352,66.72650616680588,0.35063613231552165,35.063358623422154,0.6982936918304034,0.019612968812402425,34.914684591520164,0.4071246819338422,20.356234096692113,0.7378490175801448,0.00828957152151687,14.756958920445912,0.48498727735368957,9.69973146039992,0.7887797311271976,0.0044308898812765495,7.887797311271975,0.5847328244274809,5.8473282442748085,0.38069442736511583,0.819009033103711,0.18693693693693694,18.631381381381384,0.481981981981982,9.640466366881462,0.5698198198198198,5.698686894441612
2019-11-26,329,6885750,3820,1776,0.0005547689068002759,0.21114034270279236,0.945868365277995,0.0061513644897253136,0.39895287958115183,0.22131861748475168,398.9383953784369,0.019144144144144143,19.14344910550981,0.5091623036649214,0.14122857972698227,254.5719091243634,0.07882882882882883,39.412983452520194,0.6392670157068063,0.07092857765256035,127.85247475683703,0.26013513513513514,52.0266492421144,0.7091623036649215,0.03934183391907985,70.91571542102201,0.38626126126126126,38.62584564944857,0.7544502617801047,0.02092712538848064,37.72223917375146,0.4774774774774775,23.87370051802652,0.8073298429319372,0.008957616878892091,16.1465734093799,0.5884009009009009,11.768000927648881,0.8641361256544503,0.004793958537559453,8.641361256544503,0.7100225225225225,7.100225225225225,0.4446300842867947,0.8480326714297738,0.22693266832917705,22.617622610141314,0.5311720698254364,10.624352497829184,0.6209476309226932,6.210008854364946
2019-11-27,330,6885750,3651,1474,0.0005302254656355517,0.2772710234511402,0.9473474245796967,0.007664381581140801,0.45768282662284304,0.24266627940749347,457.66621019724687,0.04341926729986431,43.41769093959348,0.5880580662832101,0.15589602091199536,294.01835825657963,0.1322930800542741,66.14413854078694,0.7173377156943304,0.07606959249469923,143.46650137506853,0.32632293080054275,65.26411225303777,0.7838948233360723,0.041563797961021234,78.38891312246014,0.47218453188602444,47.21811032028512,0.8312791016159956,0.022038267436372216,41.56395508079978,0.5854816824966079,29.27408412483039,0.8649685017803341,0.009172553211264988,17.299344912207037,0.6689280868385346,13.378542307453177,0.8945494385099972,0.004743115149068296,8.945468402546432,0.7408412483039348,7.408390965002925,0.4817763926411163,0.8476329515725066,0.25925925925925924,25.839506172839506,0.5687830687830688,11.376636989844537,0.6693121693121693,6.693695717280623
2019-11-28,331,6885750,4114,1794,0.0005974657807791454,0.23334882243993954,0.9504754595276533,0.010332513104737203,0.4105493437044239,0.2452802788266047,410.53443848573,0.059085841694537344,59.08369655070587,0.5461837627613029,0.16315713040952656,273.0819666303834,0.14381270903010032,71.90374391548167,0.7058823529411765,0.08434749774899068,141.17544546064963,0.3534002229654404,70.67953136263851,0.7751579970831308,0.04631270150164106,77.51523684125544,0.496098104793757,49.6094502466469,0.8106465726786583,0.024216679374069638,40.53232863393291,0.572463768115942,28.6231884057971,0.8536703937773457,0.010200762152616415,17.0733830803059,0.669453734671126,13.389055248837328,0.8988818667963053,0.005370511563736703,8.988818667963052,0.7720178372352285,7.7201783723522865,0.4946835870328887,0.8681057357673025,0.26062322946175637,25.975448536355053,0.5949008498583569,11.89903741028868,0.6770538243626062,6.77111890728332
2019-11-29,332,6885750,4608,2012,0.000669208147260647,0.2601652793487302,0.9465425302642098,0.00966078946098441,0.4370659722222222,0.29247749056055766,437.0501043028125,0.055168986083499,55.1669831432549,0.5753038194444444,0.19249201277955272,287.6414663621539,0.14612326043737575,73.05897767620245,0.6929253472222222,0.09274158412965813,138.58406313385277,0.31759443339960236,63.51842544893294,0.7502170138888888,0.050204769235237735,75.02115663227826,0.43489065606361826,43.488749818322624,0.7805989583333334,0.026119159132992047,39.029947916666664,0.5004970178926441,25.024850894632205,0.8311631944444444,0.011124407472813458,16.623239747379618,0.6148111332007953,12.296204806549678,0.8836805555555556,0.005913662273535926,8.836805555555557,0.7350894632206759,7.350894632206759,0.504355237374978,0.8556011495842748,0.2811594202898551,28.022222222222226,0.6086956521739131,12.174957118353346,0.6753623188405797,6.754202401372214
2019-11-30,333,6885750,5679,2512,0.0008247467596122427,0.26610698903547575,0.9491877700803145,0.010202724525813466,0.40306391970417327,0.33241359279697935,403.04928624789585,0.03184713375796178,31.84597753033479,0.5382989963021658,0.22197211733952948,269.1397265311965,0.10907643312101911,54.536236520698324,0.6728297235428773,0.1109820209706933,134.56496758213618,0.28343949044585987,56.68748646018123,0.7420320478957563,0.061198408318568646,74.20266597633105,0.42277070063694266,42.27676307634302,0.7772495157598168,0.03205170097665468,38.86247578799084,0.49960191082802546,24.980095541401276,0.8353583377355168,0.013779121610042726,16.70709396484446,0.6297770700636943,12.595486524957472,0.8902975876034513,0.007342689841063296,8.902962946487337,0.7535828025477707,7.535817081401781,0.5419694838864053,0.8819577074142328,0.2677165354330709,26.68241469816273,0.6062992125984252,12.127024216312584,0.7165354330708661,7.1659688550938
2019-12-01,334,6885750,6793,2900,0.0009865301528519043,0.3022368098101591,0.9547284243613617,0.012546474737601622,0.37170616811423524,0.36668602962532676,371.6926731182973,0.031724137931034485,31.722986168838325,0.5206830560871485,0.25682544292767934,260.3320762018649,0.1096551724137931,54.82559566136188,0.6739290446047401,0.13296929913735514,134.7848301980043,0.27620689655172415,55.240978184990404,0.7565140585897248,0.07463185105579599,75.65085652987594,0.43655172413793103,43.65485541959915,0.8008243780362138,0.03950186980357986,40.04121890181069,0.536896551724138,26.844827586206897,0.8563226851170322,0.01689568937723831,17.126379085723343,0.6651724137931034,13.303390315333521,0.90475489474459,0.008925666883539362,9.047535807939227,0.7779310344827586,7.779299047148978,0.493329589488912,0.8635566662106235,0.23317307692307693,23.239583333333336,0.5552884615384616,11.106721698113208,0.6947115384615384,6.947711192109777
2019-12-02,335,6885750,8105,3632,0.0011770685836691719,0.3785784752180516,0.9420623572475348,0.017405973183069405,0.386428130783467,0.4548358989253558,386.41410129861424,0.027257709251101322,27.256719645043702,0.537446020974707,0.31629392971246006,268.7132543513352,0.11976872246696035,59.88218709895964,0.6876002467612585,0.16186935432339017,137.51905077511213,0.32626651982378857,65.25283013961055,0.7495373226403454,0.08822504284179035,74.9531880009695,0.4479625550660793,44.79593022664404,0.7958050586057989,0.0468358566604945,39.790252930289945,0.5479074889867841,27.395374449339208,0.8384947563232572,0.01973928803792174,16.769870772007355,0.641795154185022,12.835884442471173,0.8750154225786552,0.010299531641433395,8.75015422578655,0.7224669603524229,7.224669603524229,0.4203528738312061,0.7925149721856373,0.1900990099009901,18.946534653465346,0.4594059405940594,9.188906815209823,0.5881188118811881,5.881692508873529
2019-12-03,336,6885750,9940,4398,0.0014435609773808227,0.4387252992440475,0.9481856551383387,0.022296815129573745,0.391851106639839,0.5656404298576823,391.83688027087885,0.02773988176443838,27.73887465284368,0.5409456740442656,0.39042985768225386,270.4630173577042,0.10868576625738972,54.340910180570816,0.6958752515090543,0.20090621278573295,139.17403970717913,0.3306048203728968,66.12048394907416,0.7753521126760563,0.11192599262249847,77.53464825959445,0.4961346066393815,49.61310040470419,0.8147887323943662,0.058809860944704646,40.73943661971831,0.5829922692132787,29.149613460663943,0.8496981891348089,0.024531787340830932,16.993939102829636,0.6614370168258299,13.228721124780588,0.885010060362173,0.01277564132354308,8.85008775086386,0.7412460209185994,7.412449444273757,0.43385252968757226,0.7757224357716,0.1947069943289225,19.405797101449274,0.4499054820415879,8.998881348348124,0.5595463137996219,5.595943023342531
2019-12-04,337,6885750,10483,4577,0.0015224194895254693,0.39122829153283495,0.9320778540971085,0.016098018569169877,0.3605838023466565,0.5489398780133604,360.5707111542971,0.010924186148131964,10.923789539572999,0.5143565773156539,0.39151902410688355,257.1689516592553,0.07209962857767097,36.0485054805909,0.6687971000667747,0.20363646925556944,133.75844874334993,0.2663316582914573,53.26594487439083,0.7391014022703425,0.11252142089517558,73.90960354182536,0.40681669215643435,40.68137381300891,0.7747782123437947,0.05897687252659478,38.73891061718974,0.4867817347607603,24.339086738038016,0.8224744824954688,0.025042914528201596,16.44941798269237,0.5949311776272668,11.898571712564014,0.8598683582943814,0.013090765448163386,8.5986586077164,0.6799213458597334,6.799193710004342,0.4560000410595283,0.7928790057372265,0.19298245614035087,19.23391812865497,0.4543859649122807,9.088498690981313,0.5508771929824562,5.509244380247359
2019-12-05,338,6885750,9668,4216,0.001404059107577243,0.3236123321698285,0.941497707877886,0.011912715851240482,0.3195076541166736,0.4485913447574789,319.4960542163643,0.006641366223908918,6.641125105472094,0.4758998758791891,0.33408364798141155,237.94129903682295,0.04743833017077799,23.71830394811462,0.6404633843607779,0.1798483836300793,128.0917467501881,0.22011385199240988,44.02245073504128,0.7135912287960281,0.10019169885852043,71.35860471814823,0.35294117647058826,35.29386136516241,0.7598262308647084,0.05334204698108412,37.99131154323541,0.45208728652751423,22.604364326375713,0.8100951592883741,0.0227483966911423,16.201879656188776,0.5657020872865275,11.314025314658679,0.8643980140670252,0.012136623790803353,8.64395503387714,0.6895161290322581,6.895141263045195,0.4796209786807737,0.8343909221049854,0.20411985018726592,20.34394506866417,0.47752808988764045,9.55138088538555,0.5880149812734082,5.880654113747181
2019-12-06,339,6885750,9288,3828,0.0013488726718222416,0.32955103899530636,0.9514592924592588,0.00940203806099449,0.3415159345391904,0.46064478652338076,341.50353561621114,0.001567398119122257,1.5673412138754113,0.47459086993970717,0.3200697066511763,237.28681982917067,0.027951933124346916,13.97545915705575,0.6355512489233419,0.17145429724941183,127.10932679641877,0.17450365726227796,34.90047802706238,0.7155469422911284,0.09651747073687879,71.55417464755202,0.3223615464994775,32.235920572900426,0.7705641688199828,0.05196964746033475,38.52820844099914,0.44670846394984326,22.335423197492165,0.8134151593453919,0.02194377398058027,16.268232309084905,0.5483281086729362,10.966514394286984,0.875968992248062,0.011815689190445209,8.759677201023697,0.6998432601880877,6.9984224382495555,0.5010088850192222,0.846020565222601,0.20076481835564053,20.00956022944551,0.502868068833652,10.058223929106717,0.615678776290631,6.1573157893010695
2019-12-07,340,6885750,7854,2778,0.0011406164905783684,0.33980968210936047,0.9632592197940798,0.009019583440841373,0.3693659281894576,0.42128957304676157,369.3525181572114,0.007199424046076314,7.1991626670447255,0.5235548764960529,0.2985768225384839,261.76793427481095,0.047156227501799854,23.577257734571475,0.6963330786860199,0.15884864503761364,139.26560447768628,0.2087832973362131,41.75635625875945,0.7771836007130125,0.08864619942490343,77.71779573338793,0.38120950323974084,38.120673515539885,0.8253119429590018,0.047068220600515555,41.26559714795008,0.509719222462203,25.485961123110155,0.8654188948306596,0.019742192582953805,17.308352760131672,0.6213102951763859,12.426187857290405,0.9148204736440031,0.010434547720084,9.148164879496868,0.7602591792656588,7.602558669647461,0.5762802766099574,0.8659891163304909,0.21893491124260356,21.82051282051282,0.5759368836291914,11.519725557461406,0.6706114398422091,6.706689536878216
2019-12-08,341,6885750,7245,2517,0.0010521729659078531,0.2838646213082512,0.9552242908798612,0.010751315953593516,0.3601104209799862,0.3788846935811792,360.09734697399654,0.03535955502582439,35.358271277820265,0.5305728088336784,0.2791170490851002,265.2767730486858,0.10131108462455304,50.65370323507959,0.7164941338854383,0.15077405675448025,143.2977862383937,0.27056019070321813,54.111645215797274,0.798895790200138,0.08405704493305062,79.88899891618404,0.43702820818434646,43.70250347825036,0.8478951000690131,0.04460661511091747,42.394755003450655,0.5697258641239571,28.486293206197853,0.8808833678398896,0.018536806394646343,17.617641771143692,0.6599125943583631,13.198232719708786,0.9076604554865424,0.009550157934865484,9.076604554865426,0.7357965832340088,7.357965832340087,0.5832595157400614,0.8604515584392908,0.21669980119284293,21.597746852220013,0.5924453280318092,11.849922761884951,0.6660039761431411,6.660610948374931
2019-12-09,342,6885750,5543,2127,0.0008049958247104528,0.2189184564968707,0.9414247444348105,0.006363021014425396,0.36045462745805523,0.29015393552134766,360.4415409554609,0.018335684062059238,18.335018375010804,0.5255276925852427,0.2115161196630845,262.7543065073217,0.07052186177715092,35.25965072117462,0.6869926032834205,0.11060443230997125,137.39752296200334,0.23789374706158908,47.578403927774175,0.7402128811113116,0.059586395190101366,74.02075061884186,0.34179595674659147,34.17934748566386,0.794696012989356,0.031986348618523765,39.7348006494678,0.4720263281617301,23.601316408086507,0.8349269348728126,0.013442234408402268,16.698514446627442,0.5731076633756464,11.462136621342765,0.872812556377413,0.007026084228779062,8.7281002125772,0.6699576868829337,6.6995574096348856,0.5620071525835862,0.8659497601169674,0.2045028142589118,20.382113821138212,0.5609756097560976,11.22047441743714,0.6585365853658537,6.5859306363218
2019-12-10,343,6885750,5022,2559,0.0007293323167410958,0.14869502267703827,0.9322573770500897,0.007086117341664069,0.3004778972520908,0.21914028463549232,300.46698823752314,0.025009769441187966,25.008861447815864,0.42054958183990443,0.15335463258785942,210.267156778545,0.07854630715123095,39.27172774227335,0.5752688172043011,0.0839118185250806,115.05292799862082,0.22547870261821024,45.0954130690215,0.6477499004380725,0.04724215051264922,64.77451969185073,0.32512700273544354,32.51246418841065,0.6935483870967742,0.02529136259666703,34.677419354838705,0.40289175459163734,20.14458772958187,0.7696136997212266,0.011226066548935775,15.39225164064805,0.5502149277061352,11.004282572882357,0.8379131819992035,0.006111171622553825,8.379131819992034,0.6838608831574834,6.838608831574834,0.4812342848284123,0.8542337523384228,0.18081180811808117,18.02091020910209,0.5092250922509225,10.185375301437405,0.5940959409594095,5.941468925838486
2019-12-11,344,6885750,6056,2980,0.0008794975129797044,0.17897231797770127,0.9425238759568014,0.007827785927676672,0.29722589167767505,0.26139994191112403,297.2151007289502,0.03120805369127517,31.20692066579988,0.4215653896961691,0.18537612547197213,210.7750422669472,0.08154362416107383,40.77033183757726,0.5729854689564069,0.10078712713119754,114.59626166506663,0.1912751677852349,38.254755774991466,0.6517503302509907,0.05732086322576897,65.1745597683023,0.31208053691275167,31.207827079598303,0.7001321003963011,0.030788222052790182,35.00660501981506,0.39798657718120806,19.899328859060404,0.7762549537648613,0.013654266195743099,15.525076528622531,0.547986577181208,10.959715627107258,0.8490752972258917,0.007467596122426751,8.490752972258917,0.6956375838926174,6.956375838926174,0.47008200369677783,0.853538889841197,0.1774193548387097,17.682795698924732,0.4946236559139785,9.893321529353178,0.5967741935483871,5.968253748685885
2019-12-12,345,6885750,7551,3674,0.0010966125694368805,0.19732664954568652,0.9458958116523168,0.010799753143219988,0.2789034564958284,0.3058379320360151,278.8933307531441,0.03783342406096897,37.83205049779511,0.4098794861607734,0.22473133894859135,204.9323026308122,0.08301578660860098,41.50638633750903,0.5702555952853927,0.12506898254378576,114.05029089536124,0.19515514425694067,39.03074543458216,0.657661236922262,0.07211943419791454,65.7656461433307,0.31872618399564506,31.872386962270372,0.7273208846510396,0.039879461206114075,36.36604423255198,0.4469243331518781,22.346216657593907,0.7975102635412528,0.01749117018310252,15.950182106780318,0.5862819814915623,11.72562260100708,0.8604158389617269,0.009435428239480086,8.60415838961727,0.7147523135547088,7.147523135547088,0.5091119026920469,0.8723881174037624,0.17223198594024605,17.165787932044523,0.5184534270650264,10.369957826767193,0.6432337434094904,6.432889092536935
2019-12-13,346,6885750,9018,4785,0.001309661256943688,0.1763418072412434,0.9362735220722131,0.011834935267654502,0.2166777555999113,0.2837641591635202,216.66988899536585,0.02445141065830721,24.450522936456412,0.3320026613439787,0.21739761835608482,165.99530390279563,0.06896551724137931,34.481506705259044,0.5135284985584386,0.1345086990618374,102.70495393269537,0.1826541274817137,36.530560234314386,0.6110002217786649,0.08001975079148392,61.0995785110291,0.2950888192267503,29.50866764922878,0.678531825238412,0.04443234215590168,33.9265912619206,0.4025078369905956,20.12539184952978,0.7529385673098248,0.019721803484863007,15.058705738067804,0.5387669801462905,10.775292656873498,0.8464182745619871,0.011085147818914025,8.464133576634204,0.7134796238244514,7.134754791751151,0.502108262451127,0.8731028010146812,0.15719063545150502,15.666666666666668,0.5033444816053512,10.067753001715266,0.6454849498327759,6.455403087478559
2019-12-14,347,6885750,9923,4804,0.001441092110518099,0.3131413287505366,0.944341030287717,0.014236603208831241,0.30958379522321877,0.4461225675283183,309.5725556140399,0.018318068276436304,18.31740322893861,0.43625919580771944,0.31433343014812665,218.12167858938457,0.07597835137385513,37.98779646910564,0.5803688400685276,0.1672717766998751,116.07292516488613,0.20691090757701916,41.38188102612506,0.6713695455003528,0.09674983298963083,67.1364670470977,0.34242298084929224,34.242049440631654,0.7316335785548725,0.05271756889227753,36.581678927743624,0.4531640299750208,22.65820149875104,0.8018744331351406,0.02311139769205522,16.037418790493724,0.5936719400499584,11.873387070742897,0.8732238234404918,0.012583941351426712,8.732225552815326,0.7406328059950041,7.406317303943355,0.5350622499836261,0.8639797506068488,0.16747967479674797,16.692140921409216,0.5154471544715448,10.309827218340795,0.6504065040650406,6.504622850688198
2019-12-15,348,6885750,10923,5203,0.0015863195730312601,0.31472820330082335,0.9495700512924019,0.016428524388707254,0.2956147578504074,0.46892245135056637,295.6040253947782,0.004036133000192197,4.035986466173892,0.42762977204064817,0.33916642462968344,213.80712335382614,0.053046319431097444,26.522196777714147,0.5908633159388447,0.1874582474077086,118.17180509819919,0.216029213915049,43.205529051542264,0.6936738991119655,0.11003804931888815,69.36688621235321,0.3763213530655391,37.63186204756217,0.756294058408862,0.05998620339106125,37.8147029204431,0.4939458004997117,24.697290024985588,0.811864872287833,0.02575735571756368,16.2371795415375,0.6084950989813569,12.169813610069646,0.8673441362263115,0.013758849798496895,8.673441362263114,0.723428791082068,7.23428791082068,0.5953725395372415,0.8605850567530496,0.1679160419790105,16.735632183908045,0.5517241379310345,11.035429112202047,0.6851574212893553,6.852161826462412
2019-12-16,349,6885750,13307,6244,0.0019325418436626366,0.3059315499850957,0.9402716206368327,0.01776240336148078,0.25512887953708574,0.49302933488237005,255.11961694343427,0.01233183856502242,12.33139085087179,0.3981363192304802,0.38469358117920416,199.0609323367179,0.06662395900064061,33.31077009066666,0.5805966784399188,0.22440384559528304,116.11849250828287,0.20195387572069187,40.39048185377891,0.6817464492372436,0.1317493973104069,68.1741498857845,0.3454516335682255,34.5449125133232,0.7448711204629143,0.0719747304215227,37.243556023145715,0.4638052530429212,23.19026265214606,0.7968738258059668,0.030799795520029743,15.937453370560217,0.5696668802049968,11.393321057868867,0.8584203802509958,0.016589308950645972,8.584191335906704,0.6995515695067265,6.995505535672086,0.5943391449813206,0.8554385129971093,0.1586608442503639,15.813197476952936,0.5356622998544396,10.714164800347548,0.6681222707423581,6.68179571108631
2019-12-17,350,6885750,14349,6722,0.0020838688596013506,0.33523407942528627,0.9413106676550753,0.0191821379289686,0.260505958603387,0.5428405460354342,260.4965007919361,0.020232073787563226,20.231339251047558,0.3938253536831835,0.4103252977054894,196.90552781905177,0.06382029157988695,31.908987274630153,0.5768346226217855,0.24040779575357982,115.36608680815473,0.1966676584349896,39.33324607362193,0.6824865844309708,0.14222022132504575,68.24816286772136,0.3420113061588813,34.20088227052074,0.7512021743675518,0.07827034092146824,37.560108718377585,0.4742636120202321,23.713180601011604,0.8028434037215137,0.033460358769402364,16.05684475548208,0.5816721213924427,11.63342553292015,0.8406160708063279,0.017517336528337507,8.406160708063279,0.661112764058316,6.61112764058316,0.5817770759448124,0.8582909329128247,0.15319148936170213,15.26808510638298,0.5390070921985816,10.781066384438525,0.6567375886524822,6.567939126309259
2019-12-18,351,6885750,13999,6304,0.002033039247721744,0.33822234835277254,0.948306836901175,0.017202657211456928,0.27209086363311663,0.5531513215219286,272.08098522534607,0.018083756345177664,18.08309980450292,0.41045788984927495,0.41722335172814407,205.22149397543168,0.052506345177664976,26.252219453028363,0.5907564826059004,0.2402044787824218,118.15043858676054,0.19035532994923857,38.070789543639656,0.6871205086077578,0.1396932818263673,68.71155192055923,0.32725253807106597,32.72501617855359,0.7558397028359168,0.07683258904258795,37.79198514179584,0.46494289340101524,23.247144670050766,0.8122723051646547,0.0330275815596245,16.245422510478207,0.5858185279187818,11.716353543012685,0.8700621472962354,0.017688627867866822,8.700583566052146,0.7138324873096447,7.138293772807708,0.6235214073432076,0.8745589382015029,0.17267267267267267,17.20970970970971,0.5765765765765766,11.532520513652589,0.6921921921921922,6.922515568741984
2019-12-19,352,6885750,11444,4541,0.0016619830810006171,0.3290841246235242,0.949015967613116,0.009620856306994155,0.30059419783292557,0.4995643334301481,300.5832845960016,0.018718343977097554,18.7176643973714,0.44914365606431317,0.3732210281731049,224.5636748289896,0.052411363135873155,26.204730156319968,0.6101013631597344,0.20279415608934329,122.01938660365218,0.15591279453864787,31.1823324811785,0.6978329255505068,0.11597780940486219,69.78278583620498,0.27681127504954856,27.680926503419048,0.7513981125480601,0.062440547507533674,37.56990562740301,0.38383615943624755,19.191807971812374,0.8059245019224047,0.02678861883074635,16.11846663000801,0.5144241356529399,10.288467771378121,0.8527612722824187,0.014172748066659406,8.527612722824188,0.6311385157454306,6.311385157454304,0.6346856679893457,0.8767862287423989,0.17647058823529413,17.588235294117645,0.5789473684210527,11.579940417080437,0.695046439628483,6.951060491001492
2019-12-20,353,6885750,9252,3054,0.0013436444831717677,0.30114825750590246,0.9517176069666805,0.010098497355594371,0.3191742325983571,0.428841126924194,319.16264480309866,0.021283562540929928,21.282789829539393,0.4904885430177259,0.3295091489979669,245.23536778131762,0.06385068762278978,31.924184744309088,0.6877431906614786,0.18481512678265416,137.54763934756386,0.21447282252783234,42.89425303439024,0.7862083873757025,0.10563768915739638,78.62026784647018,0.3919449901768173,39.194214413866504,0.8375486381322957,0.056268380350724324,41.87743190661479,0.5209561231172233,26.047806155861164,0.8766753134457415,0.023558696327794382,17.533429878848917,0.6335952848722987,12.67185048842522,0.8966709900562041,0.01204803529597997,8.966683856387169,0.6915520628683693,6.915500542271779,0.6522144051196154,0.8915044103643561,0.1892361111111111,18.86053240740741,0.6440972222222222,12.883049242424242,0.7552083333333334,7.552731024871355
2019-12-21,354,6885750,7357,2729,0.0010684384417093272,0.21434048898137636,0.9568129819090265,0.009468441076021312,0.29006388473562594,0.30990415335463256,290.0533538074842,0.009893733968486624,9.893374771058204,0.44066875084953105,0.23540516990996224,220.32637606463538,0.05533162330524002,27.664807230181268,0.6411580807394318,0.13700659327892184,128.2306850170363,0.21326493220960058,42.65267672491961,0.7489465814870192,0.08001975079148392,74.89411431459295,0.37669475998534263,37.66920246839979,0.8237053146663041,0.04400392114148786,41.18526573331521,0.5390252839868084,26.951264199340418,0.8867745004757374,0.01894925178919974,17.73546425275005,0.702088677171125,14.041753150940705,0.9139594943591137,0.009765080397806488,9.139581670408594,0.7720776841333822,7.720765628661813,0.5994385858658636,0.8737702243775118,0.19597069597069597,19.53174603174603,0.6227106227106227,12.455280568488115,0.7344322344322345,7.344952217593727
2019-12-22,355,6885750,7222,2625,0.0010488327342700506,0.2512348054536518,0.9495036443000748,0.00907543419922557,0.3119634450290778,0.3271855939587569,311.9521190254099,0.01904761904761905,19.046927513381185,0.45375242315148157,0.23794655823409816,226.86797471066757,0.06476190476190476,32.379776772748016,0.6482968706729438,0.13599000842313166,129.65843263633047,0.20761904761904762,41.5235080061244,0.7510384934921075,0.0787708036829417,75.10330399609745,0.3676190476190476,36.76163782193582,0.8305178620880642,0.04355371600769706,41.52589310440321,0.5500952380952381,27.5047619047619,0.883550263085018,0.018533848017218094,17.67092827257816,0.6864761904761905,13.72946399266729,0.9087510384934921,0.009531278364738773,9.087510384934921,0.752,7.52,0.5910191592101665,0.8612274863876436,0.1935483870967742,19.29032258064516,0.600358422939068,12.00819823309172,0.7078853046594982,7.079460152345119
2019-12-23,356,6885750,7635,3094,0.001108811676287986,0.2623994622284431,0.9401415658250677,0.010211744254310264,0.3138179436804191,0.3479523671216962,313.8065503481624,0.03296703296703297,32.96583608085205,0.45631958087753766,0.2529770548939878,228.1515069726623,0.07530704589528119,37.65215591587514,0.6403405370006549,0.1420023817130907,128.0671774565703,0.2178409825468649,43.567880146738936,0.7422396856581532,0.08229980539661332,74.22342960179832,0.3836457659987072,38.36429802238807,0.8032743942370661,0.0445340013796609,40.16371971185331,0.5210084033613446,26.050420168067223,0.8353634577603143,0.01852518821451808,16.707244891698476,0.5979314802844214,11.958612238499322,0.862082514734774,0.009558802172587063,8.620762548774247,0.6632191338073691,6.63214317960744,0.5245937956008796,0.8292497507046737,0.18292682926829268,18.23170731707317,0.5487804878048781,10.976551060536334,0.632404181184669,6.324584182499506
2019-12-24,357,6885750,7397,3227,0.0010742475402098536,0.19638926325374362,0.9334321783622025,0.010409933654114729,0.2759226713532513,0.2963984896892245,275.9126538296036,0.02912922218779052,29.1281646354311,0.427200216303907,0.22945106012198663,213.5923532830836,0.07964053300278896,39.81882080481805,0.6233608219548465,0.1339277934299573,124.67125910643891,0.23458320421444065,46.91630016612695,0.7165066919021225,0.0769699962241134,71.6501489117465,0.3771304617291602,37.71277232640456,0.7739624171961607,0.0415713611443924,38.69812085980803,0.49054849705608927,24.527424852804465,0.8128971204542382,0.017465029277813925,16.25791879812184,0.5748373101952278,11.49672950749602,0.838177639583615,0.009004089599405149,8.381764223212654,0.6324759838859622,6.324750653584737,0.5234003116283698,0.8420857765749511,0.17881944444444445,17.822337962962962,0.5277777777777778,10.55646083476272,0.6354166666666666,6.354711620926243
2019-12-25,358,6885750,7647,3705,0.001110554405838144,0.25243826387234025,0.9213942014817181,0.007421055169308486,0.3151562704328495,0.3499854777810049,315.14482851190724,0.011336032388663968,11.335620827801758,0.43193409180070613,0.2398344467034563,215.95920509851237,0.058029689608636977,29.013791404492597,0.5634889499149993,0.12515611838856777,112.69697164823859,0.16059379217273953,32.11852520995211,0.6348894991499935,0.07050639713036785,63.48756689426317,0.2628879892037787,26.28822625451893,0.701713090100693,0.03896424525835778,35.0853997368559,0.39055330634278,19.527523520504495,0.7527134824114031,0.01671846408550931,15.054160334352783,0.49176788124156545,9.83528620714836,0.7941676474434419,0.008819650989868947,7.941664940955944,0.5765182186234817,5.765173813619178,0.4570990570144303,0.8294935341843657,0.18552875695732837,18.491032776747062,0.4842300556586271,9.685431696458405,0.5769944341372912,5.770439190801847
2019-12-26,359,6885750,8897,5020,0.0012920887339795955,0.24272178824515842,0.9153187592937245,0.009053266005677482,0.2778464651005957,0.35898925355794364,277.8363777325627,0.007569721115537849,7.569446292668421,0.3727099022142295,0.24077839093813536,186.3481853885878,0.041633466135458166,20.815977304838157,0.49735866022254693,0.12852537105347236,99.47100974839242,0.148804780876494,29.76074007146065,0.5708665842418793,0.07376049260797583,57.086243899670635,0.25199203187250996,25.199020207762867,0.6294256490952006,0.040663689503685145,31.471282454760033,0.34860557768924305,17.43027888446215,0.7022591884905024,0.018147544649988818,14.04512257768467,0.4747011952191235,9.493982540772665,0.7699224457682364,0.00994805228754373,7.699202094970692,0.5940239043824701,5.940221790157954,0.41616151481246744,0.8405525926629284,0.17254901960784313,17.197385620915032,0.4745098039215686,9.49100998890122,0.5823529411764706,5.824028856825748
2019-12-27,360,6885750,13585,8879,0.0019729150782412954,0.2200201125553653,0.8685450174303494,0.015072464552815353,0.22443871917556127,0.44278245715945397,224.4305708049842,0.01711904493749296,17.11842342119404,0.31358115568641887,0.3093232645948301,156.78488547543992,0.05833990314224575,29.1688925400609,0.41810820758189177,0.1649771994539487,83.62103431284706,0.14641288433382138,29.28236423659155,0.4882591093117409,0.09632867640651777,48.825556390591075,0.22998085369974097,22.997918373507673,0.5525947736474053,0.05451112805431507,27.629738682370263,0.32154521905620004,16.07726095281,0.64953993375046,0.025629630920534784,12.990742076633964,0.4677328527987386,9.354616299559133,0.7258741258741259,0.014320859280602286,7.2587307170708275,0.5843000337875887,5.842991852247085,0.4701386151344148,0.8530707839369576,0.17482517482517482,17.424242424242426,0.4807692307692308,9.616209262435678,0.5944055944055944,5.944565725869328
2019-12-28,361,6885750,16730,11478,0.0024296554478451873,0.2006792570386558,0.8255492084967342,0.012365120789601738,0.19372384937238493,0.4706651176299739,193.71681612197207,0.007753964105244816,7.753682593332775,0.27310221159593545,0.33176009294220155,136.54614823531168,0.033629552186792123,16.81416562374411,0.36509264793783625,0.17740857997618287,73.0179993766289,0.10202125805889528,20.40410344997061,0.42833233711894797,0.10406924395132011,42.83292268606112,0.17686008015333682,17.685879591562912,0.4822474596533174,0.05858475837780924,24.11237298266587,0.25074054713364696,12.53702735668235,0.5692169754931261,0.027659982340366204,11.384322976699139,0.3760236975082767,7.520463028387909,0.6548714883442917,0.015911074578442208,6.54869586243326,0.5,4.999985477295931,0.4887416657908085,0.8528127421714151,0.18612521150592218,18.550479413423577,0.47377326565143824,9.47627796013966,0.5871404399323181,5.871907950300826
2019-12-29,362,6885750,16119,10509,0.002340921468249646,0.22003833197279335,0.8606598845070349,0.011890080548303844,0.19715863266952044,0.46151611966308453,197.1514747174195,0.0041868874298220575,4.186735422581648,0.2879831255040635,0.33706070287539935,143.98633505951247,0.01903130649919117,9.515307778594655,0.396178422979093,0.18548316825931627,79.23510924012575,0.09344371491102864,18.68860727725509,0.4595818599168683,0.10758372302419472,45.95785227457341,0.17622989818251023,17.622861852075573,0.5205657919225758,0.0609297394638241,26.02810059637861,0.2664382909886764,13.321817814743953,0.6122588249891433,0.0286649549214611,12.24515871644958,0.4066990198877153,8.133968584998128,0.7000434270116013,0.01638744307091737,7.000424103577721,0.5410600437720049,5.410592580053739,0.5448601407836761,0.8482806829999622,0.19896193771626297,19.829873125720876,0.5173010380622838,10.346908070058817,0.6211072664359861,6.2116053464065475
2019-12-30,363,6885750,13311,6749,0.0019331227535126893,0.2202889568730104,0.9170674621826881,0.012355182627769492,0.2051686575013147,0.3966018007551554,205.1612087408768,0.001185360794191732,1.1853177590191286,0.33415971752685747,0.3229741504501888,167.07379283768216,0.013038968736109054,6.519247674605207,0.515137855908647,0.19916349589009266,103.02682306552516,0.11764705882352941,23.52924091010827,0.6092705281346255,0.1177786168636905,60.92661040261113,0.24966661727663358,24.966480436733274,0.6891292915633687,0.0666085756816614,34.45646457816843,0.3942806341680249,19.714031708401244,0.7627526106227932,0.029489845710567897,15.255030057962804,0.5365239294710328,10.730463005841516,0.8188716099466606,0.015829724446613166,8.188680422828233,0.6461698029337679,6.4616698769800855,0.5826474200382661,0.8805289966473433,0.20475319926873858,20.407068860450945,0.5740402193784278,11.481789019162685,0.6672760511882998,6.673332789799969
2019-12-31,364,6885750,10823,2884,0.001571796826779944,0.33770524457511336,0.9628377646782291,0.0065605253417818895,0.30130278111429365,0.4735695614289864,301.29184215186575,0.0010402219140083217,1.040184148182225,0.4593920354799963,0.3610223642172524,229.68767850031838,0.005547850208044383,2.7738243951526,0.6912131571652961,0.2172877516047518,138.24162760901964,0.11719833564493759,23.439496926054456,0.7962672087221657,0.12515611838856777,79.62614267708403,0.2919556171983356,29.195349721505703,0.8527210570082232,0.06701521257669825,42.63605285041116,0.47018030513176146,23.50901525658807,0.8912501154947796,0.028017241379310345,17.82497642313464,0.6050624133148405,12.101230691986542,0.9133327173611753,0.014355713820987081,9.133313909531719,0.6861997226074896,6.861987260584919,0.6207638830812716,0.8916808893399142,0.2310838445807771,23.03135650988412,0.6278118609406953,12.557314083069379,0.7137014314928425,7.137626408780478
