epoch,lr-AdamW,pos_weight_now,step,train_lc_pixels,train_loss_aux,train_loss_bce,train_loss_epoch,train_loss_main,train_loss_phase,train_loss_step,train_p_mean,train_pos_rate,val_ap,val_ap_newfire,val_cond_frac,val_cond_n,val_last_pos_pixels_mean,val_last_pos_rate,val_lc_pixels,val_loss,val_loss_bce,val_loss_phase,val_p_mean,val_pos_pixels_mean,val_pos_rate,val_roc_auc,val_top15p0_f1_cond,val_top15p0_k,val_top15p0_precision,val_top15p0_precision_cond,val_top15p0_recall,val_top15p0_recall_cond,val_top1p0_f1_cond,val_top1p0_k,val_top1p0_precision,val_top1p0_precision_cond,val_top1p0_recall,val_top1p0_recall_cond,val_top5p0_f1_cond,val_top5p0_k,val_top5p0_precision,val_top5p0_precision_cond,val_top5p0_recall,val_top5p0_recall_cond,val_topk_f1_composite_cond,val_y_mean
,0.00015,,5000,,,,,,,,,,,,,,,,,,,,,,,,,,,,,,,,,,,,,,,,,,,
20,,,5004,,,,,,,1.1258735656738281,,,,,,,,,,,,,,,,,,,,,,,,,,,,,,,,,,,,
20,,,5009,,,,,,,1.110330581665039,,,,,,,,,,,,,,,,,,,,,,,,,,,,,,,,,,,,
20,,,5014,,,,,,,1.1245352029800415,,,,,,,,,,,,,,,,,,,,,,,,,,,,,,,,,,,,
20,,,5019,,,,,,,1.0935838222503662,,,,,,,,,,,,,,,,,,,,,,,,,,,,,,,,,,,,
20,,,5024,,,,,,,1.0809874534606934,,,,,,,,,,,,,,,,,,,,,,,,,,,,,,,,,,,,
20,,,5029,,,,,,,1.0860334634780884,,,,,,,,,,,,,,,,,,,,,,,,,,,,,,,,,,,,
20,,,5034,,,,,,,1.089871883392334,,,,,,,,,,,,,,,,,,,,,,,,,,,,,,,,,,,,
20,,,5039,,,,,,,1.2280950546264648,,,,,,,,,,,,,,,,,,,,,,,,,,,,,,,,,,,,
20,,,5044,,,,,,,1.122123122215271,,,,,,,,,,,,,,,,,,,,,,,,,,,,,,,,,,,,
20,,,5049,,,,,,,1.0941966772079468,,,,,,,,,,,,,,,,,,,,,,,,,,,,,,,,,,,,
20,,,5054,,,,,,,1.0804146528244019,,,,,,,,,,,,,,,,,,,,,,,,,,,,,,,,,,,,
20,,,5059,,,,,,,1.0877137184143066,,,,,,,,,,,,,,,,,,,,,,,,,,,,,,,,,,,,
20,,,5064,,,,,,,1.0844024419784546,,,,,,,,,,,,,,,,,,,,,,,,,,,,,,,,,,,,
20,,,5069,,,,,,,1.1367509365081787,,,,,,,,,,,,,,,,,,,,,,,,,,,,,,,,,,,,
20,,,5074,,,,,,,1.1127872467041016,,,,,,,,,,,,,,,,,,,,,,,,,,,,,,,,,,,,
20,,,5079,,,,,,,1.0819594860076904,,,,,,,,,,,,,,,,,,,,,,,,,,,,,,,,,,,,
20,,,5084,,,,,,,1.0952074527740479,,,,,,,,,,,,,,,,,,,,,,,,,,,,,,,,,,,,
20,,,5089,,,,,,,1.0916385650634766,,,,,,,,,,,,,,,,,,,,,,,,,,,,,,,,,,,,
20,,,5094,,,,,,,1.120595932006836,,,,,,,,,,,,,,,,,,,,,,,,,,,,,,,,,,,,
20,,,5099,,,,,,,1.0816487073898315,,,,,,,,,,,,,,,,,,,,,,,,,,,,,,,,,,,,
20,,,5104,,,,,,,1.0847620964050293,,,,,,,,,,,,,,,,,,,,,,,,,,,,,,,,,,,,
20,,,5109,,,,,,,1.108201265335083,,,,,,,,,,,,,,,,,,,,,,,,,,,,,,,,,,,,
20,,,5114,,,,,,,1.09212327003479,,,,,,,,,,,,,,,,,,,,,,,,,,,,,,,,,,,,
20,,,5119,,,,,,,1.1048786640167236,,,,,,,,,,,,,,,,,,,,,,,,,,,,,,,,,,,,
20,,,5124,,,,,,,1.0940032005310059,,,,,,,,,,,,,,,,,,,,,,,,,,,,,,,,,,,,
20,,,5129,,,,,,,1.0868679285049438,,,,,,,,,,,,,,,,,,,,,,,,,,,,,,,,,,,,
20,,,5134,,,,,,,1.1291760206222534,,,,,,,,,,,,,,,,,,,,,,,,,,,,,,,,,,,,
20,,,5139,,,,,,,1.0831533670425415,,,,,,,,,,,,,,,,,,,,,,,,,,,,,,,,,,,,
20,,,5144,,,,,,,1.0954501628875732,,,,,,,,,,,,,,,,,,,,,,,,,,,,,,,,,,,,
20,,,5149,,,,,,,1.0865800380706787,,,,,,,,,,,,,,,,,,,,,,,,,,,,,,,,,,,,
20,,,5154,,,,,,,1.0893402099609375,,,,,,,,,,,,,,,,,,,,,,,,,,,,,,,,,,,,
20,,,5159,,,,,,,1.1161777973175049,,,,,,,,,,,,,,,,,,,,,,,,,,,,,,,,,,,,
20,,,5164,,,,,,,1.0913275480270386,,,,,,,,,,,,,,,,,,,,,,,,,,,,,,,,,,,,
20,,,5169,,,,,,,1.1475238800048828,,,,,,,,,,,,,,,,,,,,,,,,,,,,,,,,,,,,
20,,,5174,,,,,,,1.0958338975906372,,,,,,,,,,,,,,,,,,,,,,,,,,,,,,,,,,,,
20,,,5179,,,,,,,1.1567041873931885,,,,,,,,,,,,,,,,,,,,,,,,,,,,,,,,,,,,
20,,,5184,,,,,,,1.0911805629730225,,,,,,,,,,,,,,,,,,,,,,,,,,,,,,,,,,,,
20,,,5189,,,,,,,1.0924748182296753,,,,,,,,,,,,,,,,,,,,,,,,,,,,,,,,,,,,
20,,,5194,,,,,,,1.0802192687988281,,,,,,,,,,,,,,,,,,,,,,,,,,,,,,,,,,,,
20,,,5199,,,,,,,1.1521732807159424,,,,,,,,,,,,,,,,,,,,,,,,,,,,,,,,,,,,
20,,,5204,,,,,,,1.1215373277664185,,,,,,,,,,,,,,,,,,,,,,,,,,,,,,,,,,,,
20,,,5209,,,,,,,1.108573317527771,,,,,,,,,,,,,,,,,,,,,,,,,,,,,,,,,,,,
20,,,5214,,,,,,,1.096808671951294,,,,,,,,,,,,,,,,,,,,,,,,,,,,,,,,,,,,
20,,,5219,,,,,,,1.126037836074829,,,,,,,,,,,,,,,,,,,,,,,,,,,,,,,,,,,,
20,,,5224,,,,,,,1.0827419757843018,,,,,,,,,,,,,,,,,,,,,,,,,,,,,,,,,,,,
20,,,5229,,,,,,,1.090242862701416,,,,,,,,,,,,,,,,,,,,,,,,,,,,,,,,,,,,
20,,,5234,,,,,,,1.2366619110107422,,,,,,,,,,,,,,,,,,,,,,,,,,,,,,,,,,,,
20,,,5239,,,,,,,1.0919746160507202,,,,,,,,,,,,,,,,,,,,,,,,,,,,,,,,,,,,
20,,,5244,,,,,,,1.113384485244751,,,,,,,,,,,,,,,,,,,,,,,,,,,,,,,,,,,,
20,,,5249,,,,,,,1.1413047313690186,,,,,,,,,,,,,,,,,,,,,,,,,,,,,,,,,,,,
20,,,5249,,,,,,,,,,0.18249636888504028,0.003936265129595995,0.6748046875,1.349609375,53.0732421875,0.6748046875,271790.65625,0.8377306461334229,0.8377306461334229,1.0,0.29540252685546875,53.0732421875,0.6748046875,0.93168044090271,0.04675299674272537,22118.0,0.0018223902443423867,0.002700618701055646,0.4089924097061157,0.6060900092124939,0.0053772772662341595,1475.0,0.01677701063454151,0.024862023070454597,0.2640063464641571,0.3912337124347687,0.013609100133180618,7373.0,0.004655260127037764,0.006898677442222834,0.3365347385406494,0.49871426820755005,0.016121968626976013,0.00035992596531286836
20,,20.0,5249,264153.8125,0.852582573890686,0.8539454936981201,1.1097197532653809,0.8539454936981201,1.0,,0.30229100584983826,0.9175000190734863,,,,,,,,,,,,,,,,,,,,,,,,,,,,,,,,,,
,0.00013823113564082325,,5250,,,,,,,,,,,,,,,,,,,,,,,,,,,,,,,,,,,,,,,,,,,
21,,,5250,,,,,,,1.0918647050857544,,,,,,,,,,,,,,,,,,,,,,,,,,,,,,,,,,,,
21,,,5251,,,,,,,1.1020898818969727,,,,,,,,,,,,,,,,,,,,,,,,,,,,,,,,,,,,
21,,,5252,,,,,,,1.0840466022491455,,,,,,,,,,,,,,,,,,,,,,,,,,,,,,,,,,,,
21,,,5253,,,,,,,1.0855393409729004,,,,,,,,,,,,,,,,,,,,,,,,,,,,,,,,,,,,
21,,,5254,,,,,,,1.111967921257019,,,,,,,,,,,,,,,,,,,,,,,,,,,,,,,,,,,,
21,,,5255,,,,,,,1.0852584838867188,,,,,,,,,,,,,,,,,,,,,,,,,,,,,,,,,,,,
21,,,5256,,,,,,,1.0891704559326172,,,,,,,,,,,,,,,,,,,,,,,,,,,,,,,,,,,,
21,,,5257,,,,,,,1.1643695831298828,,,,,,,,,,,,,,,,,,,,,,,,,,,,,,,,,,,,
21,,,5258,,,,,,,1.1440467834472656,,,,,,,,,,,,,,,,,,,,,,,,,,,,,,,,,,,,
21,,,5259,,,,,,,1.0826122760772705,,,,,,,,,,,,,,,,,,,,,,,,,,,,,,,,,,,,
21,,,5260,,,,,,,1.1118273735046387,,,,,,,,,,,,,,,,,,,,,,,,,,,,,,,,,,,,
21,,,5261,,,,,,,1.1058199405670166,,,,,,,,,,,,,,,,,,,,,,,,,,,,,,,,,,,,
21,,,5262,,,,,,,1.106695532798767,,,,,,,,,,,,,,,,,,,,,,,,,,,,,,,,,,,,
21,,,5263,,,,,,,1.1020108461380005,,,,,,,,,,,,,,,,,,,,,,,,,,,,,,,,,,,,
21,,,5264,,,,,,,1.1475214958190918,,,,,,,,,,,,,,,,,,,,,,,,,,,,,,,,,,,,
21,,,5265,,,,,,,1.1346031427383423,,,,,,,,,,,,,,,,,,,,,,,,,,,,,,,,,,,,
21,,,5266,,,,,,,1.1159188747406006,,,,,,,,,,,,,,,,,,,,,,,,,,,,,,,,,,,,
21,,,5267,,,,,,,1.1198086738586426,,,,,,,,,,,,,,,,,,,,,,,,,,,,,,,,,,,,
21,,,5268,,,,,,,1.0896196365356445,,,,,,,,,,,,,,,,,,,,,,,,,,,,,,,,,,,,
21,,,5269,,,,,,,1.0824434757232666,,,,,,,,,,,,,,,,,,,,,,,,,,,,,,,,,,,,
21,,,5270,,,,,,,1.1073096990585327,,,,,,,,,,,,,,,,,,,,,,,,,,,,,,,,,,,,
21,,,5271,,,,,,,1.0923058986663818,,,,,,,,,,,,,,,,,,,,,,,,,,,,,,,,,,,,
21,,,5272,,,,,,,1.0811831951141357,,,,,,,,,,,,,,,,,,,,,,,,,,,,,,,,,,,,
21,,,5273,,,,,,,1.089843988418579,,,,,,,,,,,,,,,,,,,,,,,,,,,,,,,,,,,,
21,,,5274,,,,,,,1.1065306663513184,,,,,,,,,,,,,,,,,,,,,,,,,,,,,,,,,,,,
21,,,5275,,,,,,,1.1029258966445923,,,,,,,,,,,,,,,,,,,,,,,,,,,,,,,,,,,,
21,,,5276,,,,,,,1.0923175811767578,,,,,,,,,,,,,,,,,,,,,,,,,,,,,,,,,,,,
21,,,5277,,,,,,,1.109297752380371,,,,,,,,,,,,,,,,,,,,,,,,,,,,,,,,,,,,
21,,,5278,,,,,,,1.0804543495178223,,,,,,,,,,,,,,,,,,,,,,,,,,,,,,,,,,,,
21,,,5279,,,,,,,1.132034420967102,,,,,,,,,,,,,,,,,,,,,,,,,,,,,,,,,,,,
21,,,5280,,,,,,,1.0898027420043945,,,,,,,,,,,,,,,,,,,,,,,,,,,,,,,,,,,,
21,,,5281,,,,,,,1.0943121910095215,,,,,,,,,,,,,,,,,,,,,,,,,,,,,,,,,,,,
21,,,5282,,,,,,,1.3144410848617554,,,,,,,,,,,,,,,,,,,,,,,,,,,,,,,,,,,,
21,,,5283,,,,,,,1.1058777570724487,,,,,,,,,,,,,,,,,,,,,,,,,,,,,,,,,,,,
21,,,5284,,,,,,,1.1612805128097534,,,,,,,,,,,,,,,,,,,,,,,,,,,,,,,,,,,,
21,,,5285,,,,,,,1.1289165019989014,,,,,,,,,,,,,,,,,,,,,,,,,,,,,,,,,,,,
21,,,5286,,,,,,,1.0821006298065186,,,,,,,,,,,,,,,,,,,,,,,,,,,,,,,,,,,,
21,,,5287,,,,,,,1.0968859195709229,,,,,,,,,,,,,,,,,,,,,,,,,,,,,,,,,,,,
21,,,5288,,,,,,,1.0939472913742065,,,,,,,,,,,,,,,,,,,,,,,,,,,,,,,,,,,,
21,,,5289,,,,,,,1.1103920936584473,,,,,,,,,,,,,,,,,,,,,,,,,,,,,,,,,,,,
21,,,5290,,,,,,,1.0886225700378418,,,,,,,,,,,,,,,,,,,,,,,,,,,,,,,,,,,,
21,,,5291,,,,,,,1.202580213546753,,,,,,,,,,,,,,,,,,,,,,,,,,,,,,,,,,,,
21,,,5292,,,,,,,1.1451184749603271,,,,,,,,,,,,,,,,,,,,,,,,,,,,,,,,,,,,
21,,,5293,,,,,,,1.086976170539856,,,,,,,,,,,,,,,,,,,,,,,,,,,,,,,,,,,,
21,,,5294,,,,,,,1.1318190097808838,,,,,,,,,,,,,,,,,,,,,,,,,,,,,,,,,,,,
21,,,5295,,,,,,,1.0894322395324707,,,,,,,,,,,,,,,,,,,,,,,,,,,,,,,,,,,,
21,,,5296,,,,,,,1.1109097003936768,,,,,,,,,,,,,,,,,,,,,,,,,,,,,,,,,,,,
21,,,5297,,,,,,,1.1009851694107056,,,,,,,,,,,,,,,,,,,,,,,,,,,,,,,,,,,,
21,,,5298,,,,,,,1.093279242515564,,,,,,,,,,,,,,,,,,,,,,,,,,,,,,,,,,,,
21,,,5299,,,,,,,1.0889146327972412,,,,,,,,,,,,,,,,,,,,,,,,,,,,,,,,,,,,
21,,,5300,,,,,,,1.1069207191467285,,,,,,,,,,,,,,,,,,,,,,,,,,,,,,,,,,,,
21,,,5301,,,,,,,1.1737828254699707,,,,,,,,,,,,,,,,,,,,,,,,,,,,,,,,,,,,
21,,,5302,,,,,,,1.1173691749572754,,,,,,,,,,,,,,,,,,,,,,,,,,,,,,,,,,,,
21,,,5303,,,,,,,1.0940771102905273,,,,,,,,,,,,,,,,,,,,,,,,,,,,,,,,,,,,
21,,,5304,,,,,,,1.0923423767089844,,,,,,,,,,,,,,,,,,,,,,,,,,,,,,,,,,,,
21,,,5305,,,,,,,1.1394686698913574,,,,,,,,,,,,,,,,,,,,,,,,,,,,,,,,,,,,
21,,,5306,,,,,,,1.1123943328857422,,,,,,,,,,,,,,,,,,,,,,,,,,,,,,,,,,,,
21,,,5307,,,,,,,1.0829687118530273,,,,,,,,,,,,,,,,,,,,,,,,,,,,,,,,,,,,
21,,,5308,,,,,,,1.1385406255722046,,,,,,,,,,,,,,,,,,,,,,,,,,,,,,,,,,,,
21,,,5309,,,,,,,1.1033830642700195,,,,,,,,,,,,,,,,,,,,,,,,,,,,,,,,,,,,
21,,,5310,,,,,,,1.0811729431152344,,,,,,,,,,,,,,,,,,,,,,,,,,,,,,,,,,,,
21,,,5311,,,,,,,1.1011483669281006,,,,,,,,,,,,,,,,,,,,,,,,,,,,,,,,,,,,
21,,,5312,,,,,,,1.089817762374878,,,,,,,,,,,,,,,,,,,,,,,,,,,,,,,,,,,,
21,,,5313,,,,,,,1.0878522396087646,,,,,,,,,,,,,,,,,,,,,,,,,,,,,,,,,,,,
21,,,5314,,,,,,,1.0851744413375854,,,,,,,,,,,,,,,,,,,,,,,,,,,,,,,,,,,,
21,,,5315,,,,,,,1.2148715257644653,,,,,,,,,,,,,,,,,,,,,,,,,,,,,,,,,,,,
21,,,5316,,,,,,,1.0872586965560913,,,,,,,,,,,,,,,,,,,,,,,,,,,,,,,,,,,,
21,,,5317,,,,,,,1.2308956384658813,,,,,,,,,,,,,,,,,,,,,,,,,,,,,,,,,,,,
21,,,5318,,,,,,,1.1097601652145386,,,,,,,,,,,,,,,,,,,,,,,,,,,,,,,,,,,,
21,,,5319,,,,,,,1.11337411403656,,,,,,,,,,,,,,,,,,,,,,,,,,,,,,,,,,,,
21,,,5320,,,,,,,1.1355085372924805,,,,,,,,,,,,,,,,,,,,,,,,,,,,,,,,,,,,
21,,,5321,,,,,,,1.0891928672790527,,,,,,,,,,,,,,,,,,,,,,,,,,,,,,,,,,,,
21,,,5322,,,,,,,1.1238329410552979,,,,,,,,,,,,,,,,,,,,,,,,,,,,,,,,,,,,
21,,,5323,,,,,,,1.0960807800292969,,,,,,,,,,,,,,,,,,,,,,,,,,,,,,,,,,,,
21,,,5324,,,,,,,1.0885851383209229,,,,,,,,,,,,,,,,,,,,,,,,,,,,,,,,,,,,
21,,,5325,,,,,,,1.095637321472168,,,,,,,,,,,,,,,,,,,,,,,,,,,,,,,,,,,,
21,,,5326,,,,,,,1.0903141498565674,,,,,,,,,,,,,,,,,,,,,,,,,,,,,,,,,,,,
21,,,5327,,,,,,,1.0925320386886597,,,,,,,,,,,,,,,,,,,,,,,,,,,,,,,,,,,,
21,,,5328,,,,,,,1.1533994674682617,,,,,,,,,,,,,,,,,,,,,,,,,,,,,,,,,,,,
21,,,5329,,,,,,,1.1878818273544312,,,,,,,,,,,,,,,,,,,,,,,,,,,,,,,,,,,,
21,,,5330,,,,,,,1.0809370279312134,,,,,,,,,,,,,,,,,,,,,,,,,,,,,,,,,,,,
21,,,5331,,,,,,,1.1166036128997803,,,,,,,,,,,,,,,,,,,,,,,,,,,,,,,,,,,,
21,,,5332,,,,,,,1.1790863275527954,,,,,,,,,,,,,,,,,,,,,,,,,,,,,,,,,,,,
21,,,5333,,,,,,,1.1365221738815308,,,,,,,,,,,,,,,,,,,,,,,,,,,,,,,,,,,,
21,,,5334,,,,,,,1.0964102745056152,,,,,,,,,,,,,,,,,,,,,,,,,,,,,,,,,,,,
21,,,5335,,,,,,,1.1164367198944092,,,,,,,,,,,,,,,,,,,,,,,,,,,,,,,,,,,,
21,,,5336,,,,,,,1.1058193445205688,,,,,,,,,,,,,,,,,,,,,,,,,,,,,,,,,,,,
21,,,5337,,,,,,,1.0960361957550049,,,,,,,,,,,,,,,,,,,,,,,,,,,,,,,,,,,,
21,,,5338,,,,,,,1.1081185340881348,,,,,,,,,,,,,,,,,,,,,,,,,,,,,,,,,,,,
21,,,5339,,,,,,,1.0963921546936035,,,,,,,,,,,,,,,,,,,,,,,,,,,,,,,,,,,,
21,,,5340,,,,,,,1.1040945053100586,,,,,,,,,,,,,,,,,,,,,,,,,,,,,,,,,,,,
21,,,5341,,,,,,,1.1132597923278809,,,,,,,,,,,,,,,,,,,,,,,,,,,,,,,,,,,,
21,,,5342,,,,,,,1.1042752265930176,,,,,,,,,,,,,,,,,,,,,,,,,,,,,,,,,,,,
21,,,5343,,,,,,,1.110849142074585,,,,,,,,,,,,,,,,,,,,,,,,,,,,,,,,,,,,
21,,,5344,,,,,,,1.10722815990448,,,,,,,,,,,,,,,,,,,,,,,,,,,,,,,,,,,,
21,,,5345,,,,,,,1.123039960861206,,,,,,,,,,,,,,,,,,,,,,,,,,,,,,,,,,,,
21,,,5346,,,,,,,1.11068594455719,,,,,,,,,,,,,,,,,,,,,,,,,,,,,,,,,,,,
21,,,5347,,,,,,,1.1342244148254395,,,,,,,,,,,,,,,,,,,,,,,,,,,,,,,,,,,,
21,,,5348,,,,,,,1.1583998203277588,,,,,,,,,,,,,,,,,,,,,,,,,,,,,,,,,,,,
21,,,5349,,,,,,,1.0877588987350464,,,,,,,,,,,,,,,,,,,,,,,,,,,,,,,,,,,,
21,,,5350,,,,,,,1.0948264598846436,,,,,,,,,,,,,,,,,,,,,,,,,,,,,,,,,,,,
21,,,5351,,,,,,,1.1092993021011353,,,,,,,,,,,,,,,,,,,,,,,,,,,,,,,,,,,,
21,,,5352,,,,,,,1.084272027015686,,,,,,,,,,,,,,,,,,,,,,,,,,,,,,,,,,,,
21,,,5353,,,,,,,1.0855650901794434,,,,,,,,,,,,,,,,,,,,,,,,,,,,,,,,,,,,
21,,,5354,,,,,,,1.1146661043167114,,,,,,,,,,,,,,,,,,,,,,,,,,,,,,,,,,,,
21,,,5355,,,,,,,1.1208386421203613,,,,,,,,,,,,,,,,,,,,,,,,,,,,,,,,,,,,
21,,,5356,,,,,,,1.0961768627166748,,,,,,,,,,,,,,,,,,,,,,,,,,,,,,,,,,,,
21,,,5357,,,,,,,1.086118221282959,,,,,,,,,,,,,,,,,,,,,,,,,,,,,,,,,,,,
21,,,5358,,,,,,,1.1132515668869019,,,,,,,,,,,,,,,,,,,,,,,,,,,,,,,,,,,,
21,,,5359,,,,,,,1.089267373085022,,,,,,,,,,,,,,,,,,,,,,,,,,,,,,,,,,,,
21,,,5360,,,,,,,1.0894523859024048,,,,,,,,,,,,,,,,,,,,,,,,,,,,,,,,,,,,
21,,,5361,,,,,,,1.0924060344696045,,,,,,,,,,,,,,,,,,,,,,,,,,,,,,,,,,,,
21,,,5362,,,,,,,1.1125448942184448,,,,,,,,,,,,,,,,,,,,,,,,,,,,,,,,,,,,
21,,,5363,,,,,,,1.0922093391418457,,,,,,,,,,,,,,,,,,,,,,,,,,,,,,,,,,,,
21,,,5364,,,,,,,1.0882807970046997,,,,,,,,,,,,,,,,,,,,,,,,,,,,,,,,,,,,
21,,,5365,,,,,,,1.1402949094772339,,,,,,,,,,,,,,,,,,,,,,,,,,,,,,,,,,,,
21,,,5366,,,,,,,1.1206533908843994,,,,,,,,,,,,,,,,,,,,,,,,,,,,,,,,,,,,
21,,,5367,,,,,,,1.0949269533157349,,,,,,,,,,,,,,,,,,,,,,,,,,,,,,,,,,,,
21,,,5368,,,,,,,1.0992344617843628,,,,,,,,,,,,,,,,,,,,,,,,,,,,,,,,,,,,
21,,,5369,,,,,,,1.092180609703064,,,,,,,,,,,,,,,,,,,,,,,,,,,,,,,,,,,,
21,,,5370,,,,,,,1.081104040145874,,,,,,,,,,,,,,,,,,,,,,,,,,,,,,,,,,,,
21,,,5371,,,,,,,1.080106496810913,,,,,,,,,,,,,,,,,,,,,,,,,,,,,,,,,,,,
21,,,5372,,,,,,,1.0947825908660889,,,,,,,,,,,,,,,,,,,,,,,,,,,,,,,,,,,,
21,,,5373,,,,,,,1.0989816188812256,,,,,,,,,,,,,,,,,,,,,,,,,,,,,,,,,,,,
21,,,5374,,,,,,,1.108722448348999,,,,,,,,,,,,,,,,,,,,,,,,,,,,,,,,,,,,
21,,,5375,,,,,,,1.0851824283599854,,,,,,,,,,,,,,,,,,,,,,,,,,,,,,,,,,,,
21,,,5376,,,,,,,1.0951329469680786,,,,,,,,,,,,,,,,,,,,,,,,,,,,,,,,,,,,
21,,,5377,,,,,,,1.0972578525543213,,,,,,,,,,,,,,,,,,,,,,,,,,,,,,,,,,,,
21,,,5378,,,,,,,1.1043193340301514,,,,,,,,,,,,,,,,,,,,,,,,,,,,,,,,,,,,
21,,,5379,,,,,,,1.0927270650863647,,,,,,,,,,,,,,,,,,,,,,,,,,,,,,,,,,,,
21,,,5380,,,,,,,1.0987963676452637,,,,,,,,,,,,,,,,,,,,,,,,,,,,,,,,,,,,
21,,,5381,,,,,,,1.182725429534912,,,,,,,,,,,,,,,,,,,,,,,,,,,,,,,,,,,,
21,,,5382,,,,,,,1.1208499670028687,,,,,,,,,,,,,,,,,,,,,,,,,,,,,,,,,,,,
21,,,5383,,,,,,,1.0845341682434082,,,,,,,,,,,,,,,,,,,,,,,,,,,,,,,,,,,,
21,,,5384,,,,,,,1.0804766416549683,,,,,,,,,,,,,,,,,,,,,,,,,,,,,,,,,,,,
21,,,5385,,,,,,,1.1186339855194092,,,,,,,,,,,,,,,,,,,,,,,,,,,,,,,,,,,,
21,,,5386,,,,,,,1.1009241342544556,,,,,,,,,,,,,,,,,,,,,,,,,,,,,,,,,,,,
21,,,5387,,,,,,,1.1019433736801147,,,,,,,,,,,,,,,,,,,,,,,,,,,,,,,,,,,,
21,,,5388,,,,,,,1.0913407802581787,,,,,,,,,,,,,,,,,,,,,,,,,,,,,,,,,,,,
21,,,5389,,,,,,,1.0978561639785767,,,,,,,,,,,,,,,,,,,,,,,,,,,,,,,,,,,,
21,,,5390,,,,,,,1.0834829807281494,,,,,,,,,,,,,,,,,,,,,,,,,,,,,,,,,,,,
21,,,5391,,,,,,,1.0810656547546387,,,,,,,,,,,,,,,,,,,,,,,,,,,,,,,,,,,,
21,,,5392,,,,,,,1.0900943279266357,,,,,,,,,,,,,,,,,,,,,,,,,,,,,,,,,,,,
21,,,5393,,,,,,,1.0857608318328857,,,,,,,,,,,,,,,,,,,,,,,,,,,,,,,,,,,,
21,,,5394,,,,,,,1.1527585983276367,,,,,,,,,,,,,,,,,,,,,,,,,,,,,,,,,,,,
21,,,5395,,,,,,,1.0827293395996094,,,,,,,,,,,,,,,,,,,,,,,,,,,,,,,,,,,,
21,,,5396,,,,,,,1.1432970762252808,,,,,,,,,,,,,,,,,,,,,,,,,,,,,,,,,,,,
21,,,5397,,,,,,,1.091191291809082,,,,,,,,,,,,,,,,,,,,,,,,,,,,,,,,,,,,
21,,,5398,,,,,,,1.0891386270523071,,,,,,,,,,,,,,,,,,,,,,,,,,,,,,,,,,,,
21,,,5399,,,,,,,1.1280945539474487,,,,,,,,,,,,,,,,,,,,,,,,,,,,,,,,,,,,
21,,,5400,,,,,,,1.0940182209014893,,,,,,,,,,,,,,,,,,,,,,,,,,,,,,,,,,,,
21,,,5401,,,,,,,1.0875849723815918,,,,,,,,,,,,,,,,,,,,,,,,,,,,,,,,,,,,
21,,,5402,,,,,,,1.1067125797271729,,,,,,,,,,,,,,,,,,,,,,,,,,,,,,,,,,,,
21,,,5403,,,,,,,1.0885379314422607,,,,,,,,,,,,,,,,,,,,,,,,,,,,,,,,,,,,
21,,,5404,,,,,,,1.0811126232147217,,,,,,,,,,,,,,,,,,,,,,,,,,,,,,,,,,,,
21,,,5405,,,,,,,1.0952666997909546,,,,,,,,,,,,,,,,,,,,,,,,,,,,,,,,,,,,
21,,,5406,,,,,,,1.0930143594741821,,,,,,,,,,,,,,,,,,,,,,,,,,,,,,,,,,,,
21,,,5407,,,,,,,1.0994298458099365,,,,,,,,,,,,,,,,,,,,,,,,,,,,,,,,,,,,
21,,,5408,,,,,,,1.0801187753677368,,,,,,,,,,,,,,,,,,,,,,,,,,,,,,,,,,,,
21,,,5409,,,,,,,1.085961103439331,,,,,,,,,,,,,,,,,,,,,,,,,,,,,,,,,,,,
21,,,5410,,,,,,,1.0836522579193115,,,,,,,,,,,,,,,,,,,,,,,,,,,,,,,,,,,,
21,,,5411,,,,,,,1.0850774049758911,,,,,,,,,,,,,,,,,,,,,,,,,,,,,,,,,,,,
21,,,5412,,,,,,,1.0821510553359985,,,,,,,,,,,,,,,,,,,,,,,,,,,,,,,,,,,,
21,,,5413,,,,,,,1.0985708236694336,,,,,,,,,,,,,,,,,,,,,,,,,,,,,,,,,,,,
21,,,5414,,,,,,,1.172767162322998,,,,,,,,,,,,,,,,,,,,,,,,,,,,,,,,,,,,
21,,,5415,,,,,,,1.1583163738250732,,,,,,,,,,,,,,,,,,,,,,,,,,,,,,,,,,,,
21,,,5416,,,,,,,1.1242791414260864,,,,,,,,,,,,,,,,,,,,,,,,,,,,,,,,,,,,
21,,,5417,,,,,,,1.0804409980773926,,,,,,,,,,,,,,,,,,,,,,,,,,,,,,,,,,,,
21,,,5418,,,,,,,1.1284775733947754,,,,,,,,,,,,,,,,,,,,,,,,,,,,,,,,,,,,
21,,,5419,,,,,,,1.0804235935211182,,,,,,,,,,,,,,,,,,,,,,,,,,,,,,,,,,,,
21,,,5420,,,,,,,1.094968318939209,,,,,,,,,,,,,,,,,,,,,,,,,,,,,,,,,,,,
21,,,5421,,,,,,,1.0923372507095337,,,,,,,,,,,,,,,,,,,,,,,,,,,,,,,,,,,,
21,,,5422,,,,,,,1.1681694984436035,,,,,,,,,,,,,,,,,,,,,,,,,,,,,,,,,,,,
21,,,5423,,,,,,,1.1557426452636719,,,,,,,,,,,,,,,,,,,,,,,,,,,,,,,,,,,,
21,,,5424,,,,,,,1.0963460206985474,,,,,,,,,,,,,,,,,,,,,,,,,,,,,,,,,,,,
21,,,5425,,,,,,,1.0893864631652832,,,,,,,,,,,,,,,,,,,,,,,,,,,,,,,,,,,,
21,,,5426,,,,,,,1.111004114151001,,,,,,,,,,,,,,,,,,,,,,,,,,,,,,,,,,,,
21,,,5427,,,,,,,1.0942537784576416,,,,,,,,,,,,,,,,,,,,,,,,,,,,,,,,,,,,
21,,,5428,,,,,,,1.087151288986206,,,,,,,,,,,,,,,,,,,,,,,,,,,,,,,,,,,,
21,,,5429,,,,,,,1.1104891300201416,,,,,,,,,,,,,,,,,,,,,,,,,,,,,,,,,,,,
21,,,5430,,,,,,,1.0952584743499756,,,,,,,,,,,,,,,,,,,,,,,,,,,,,,,,,,,,
21,,,5431,,,,,,,1.0840129852294922,,,,,,,,,,,,,,,,,,,,,,,,,,,,,,,,,,,,
21,,,5432,,,,,,,1.185959815979004,,,,,,,,,,,,,,,,,,,,,,,,,,,,,,,,,,,,
21,,,5433,,,,,,,1.1069289445877075,,,,,,,,,,,,,,,,,,,,,,,,,,,,,,,,,,,,
21,,,5434,,,,,,,1.082842230796814,,,,,,,,,,,,,,,,,,,,,,,,,,,,,,,,,,,,
21,,,5435,,,,,,,1.0848615169525146,,,,,,,,,,,,,,,,,,,,,,,,,,,,,,,,,,,,
21,,,5436,,,,,,,1.096920132637024,,,,,,,,,,,,,,,,,,,,,,,,,,,,,,,,,,,,
21,,,5437,,,,,,,1.0917549133300781,,,,,,,,,,,,,,,,,,,,,,,,,,,,,,,,,,,,
21,,,5438,,,,,,,1.095586895942688,,,,,,,,,,,,,,,,,,,,,,,,,,,,,,,,,,,,
21,,,5439,,,,,,,1.1051480770111084,,,,,,,,,,,,,,,,,,,,,,,,,,,,,,,,,,,,
21,,,5440,,,,,,,1.0808961391448975,,,,,,,,,,,,,,,,,,,,,,,,,,,,,,,,,,,,
21,,,5441,,,,,,,1.0893851518630981,,,,,,,,,,,,,,,,,,,,,,,,,,,,,,,,,,,,
21,,,5442,,,,,,,1.1258926391601562,,,,,,,,,,,,,,,,,,,,,,,,,,,,,,,,,,,,
21,,,5443,,,,,,,1.137415885925293,,,,,,,,,,,,,,,,,,,,,,,,,,,,,,,,,,,,
21,,,5444,,,,,,,1.120286226272583,,,,,,,,,,,,,,,,,,,,,,,,,,,,,,,,,,,,
21,,,5445,,,,,,,1.0916393995285034,,,,,,,,,,,,,,,,,,,,,,,,,,,,,,,,,,,,
21,,,5446,,,,,,,1.1060529947280884,,,,,,,,,,,,,,,,,,,,,,,,,,,,,,,,,,,,
21,,,5447,,,,,,,1.095454216003418,,,,,,,,,,,,,,,,,,,,,,,,,,,,,,,,,,,,
21,,,5448,,,,,,,1.0973652601242065,,,,,,,,,,,,,,,,,,,,,,,,,,,,,,,,,,,,
21,,,5449,,,,,,,1.0994772911071777,,,,,,,,,,,,,,,,,,,,,,,,,,,,,,,,,,,,
21,,,5450,,,,,,,1.0959476232528687,,,,,,,,,,,,,,,,,,,,,,,,,,,,,,,,,,,,
21,,,5451,,,,,,,1.085357666015625,,,,,,,,,,,,,,,,,,,,,,,,,,,,,,,,,,,,
21,,,5452,,,,,,,1.107949137687683,,,,,,,,,,,,,,,,,,,,,,,,,,,,,,,,,,,,
21,,,5453,,,,,,,1.082160234451294,,,,,,,,,,,,,,,,,,,,,,,,,,,,,,,,,,,,
21,,,5454,,,,,,,1.1228922605514526,,,,,,,,,,,,,,,,,,,,,,,,,,,,,,,,,,,,
21,,,5455,,,,,,,1.1174628734588623,,,,,,,,,,,,,,,,,,,,,,,,,,,,,,,,,,,,
21,,,5456,,,,,,,1.0897408723831177,,,,,,,,,,,,,,,,,,,,,,,,,,,,,,,,,,,,
21,,,5457,,,,,,,1.1025314331054688,,,,,,,,,,,,,,,,,,,,,,,,,,,,,,,,,,,,
21,,,5458,,,,,,,1.195889949798584,,,,,,,,,,,,,,,,,,,,,,,,,,,,,,,,,,,,
21,,,5459,,,,,,,1.0918080806732178,,,,,,,,,,,,,,,,,,,,,,,,,,,,,,,,,,,,
21,,,5460,,,,,,,1.1381809711456299,,,,,,,,,,,,,,,,,,,,,,,,,,,,,,,,,,,,
21,,,5461,,,,,,,1.1014490127563477,,,,,,,,,,,,,,,,,,,,,,,,,,,,,,,,,,,,
21,,,5462,,,,,,,1.0967676639556885,,,,,,,,,,,,,,,,,,,,,,,,,,,,,,,,,,,,
21,,,5463,,,,,,,1.1070671081542969,,,,,,,,,,,,,,,,,,,,,,,,,,,,,,,,,,,,
21,,,5464,,,,,,,1.0868122577667236,,,,,,,,,,,,,,,,,,,,,,,,,,,,,,,,,,,,
21,,,5465,,,,,,,1.1117534637451172,,,,,,,,,,,,,,,,,,,,,,,,,,,,,,,,,,,,
21,,,5466,,,,,,,1.095402479171753,,,,,,,,,,,,,,,,,,,,,,,,,,,,,,,,,,,,
21,,,5467,,,,,,,1.1543422937393188,,,,,,,,,,,,,,,,,,,,,,,,,,,,,,,,,,,,
21,,,5468,,,,,,,1.0868319272994995,,,,,,,,,,,,,,,,,,,,,,,,,,,,,,,,,,,,
21,,,5469,,,,,,,1.0967210531234741,,,,,,,,,,,,,,,,,,,,,,,,,,,,,,,,,,,,
21,,,5470,,,,,,,1.0884846448898315,,,,,,,,,,,,,,,,,,,,,,,,,,,,,,,,,,,,
21,,,5471,,,,,,,1.0925066471099854,,,,,,,,,,,,,,,,,,,,,,,,,,,,,,,,,,,,
21,,,5472,,,,,,,1.0852373838424683,,,,,,,,,,,,,,,,,,,,,,,,,,,,,,,,,,,,
21,,,5473,,,,,,,1.0884250402450562,,,,,,,,,,,,,,,,,,,,,,,,,,,,,,,,,,,,
21,,,5474,,,,,,,1.0959630012512207,,,,,,,,,,,,,,,,,,,,,,,,,,,,,,,,,,,,
21,,,5475,,,,,,,1.1043736934661865,,,,,,,,,,,,,,,,,,,,,,,,,,,,,,,,,,,,
21,,,5476,,,,,,,1.2452783584594727,,,,,,,,,,,,,,,,,,,,,,,,,,,,,,,,,,,,
21,,,5477,,,,,,,1.1005499362945557,,,,,,,,,,,,,,,,,,,,,,,,,,,,,,,,,,,,
21,,,5478,,,,,,,1.1348226070404053,,,,,,,,,,,,,,,,,,,,,,,,,,,,,,,,,,,,
21,,,5479,,,,,,,1.1367063522338867,,,,,,,,,,,,,,,,,,,,,,,,,,,,,,,,,,,,
21,,,5480,,,,,,,1.0882065296173096,,,,,,,,,,,,,,,,,,,,,,,,,,,,,,,,,,,,
21,,,5481,,,,,,,1.1397888660430908,,,,,,,,,,,,,,,,,,,,,,,,,,,,,,,,,,,,
21,,,5482,,,,,,,1.103147268295288,,,,,,,,,,,,,,,,,,,,,,,,,,,,,,,,,,,,
21,,,5483,,,,,,,1.090839147567749,,,,,,,,,,,,,,,,,,,,,,,,,,,,,,,,,,,,
21,,,5484,,,,,,,1.0812366008758545,,,,,,,,,,,,,,,,,,,,,,,,,,,,,,,,,,,,
21,,,5485,,,,,,,1.0993856191635132,,,,,,,,,,,,,,,,,,,,,,,,,,,,,,,,,,,,
21,,,5486,,,,,,,1.0915229320526123,,,,,,,,,,,,,,,,,,,,,,,,,,,,,,,,,,,,
21,,,5487,,,,,,,1.0904933214187622,,,,,,,,,,,,,,,,,,,,,,,,,,,,,,,,,,,,
21,,,5488,,,,,,,1.1295688152313232,,,,,,,,,,,,,,,,,,,,,,,,,,,,,,,,,,,,
21,,,5489,,,,,,,1.1000752449035645,,,,,,,,,,,,,,,,,,,,,,,,,,,,,,,,,,,,
21,,,5490,,,,,,,1.0873360633850098,,,,,,,,,,,,,,,,,,,,,,,,,,,,,,,,,,,,
21,,,5491,,,,,,,1.0874658823013306,,,,,,,,,,,,,,,,,,,,,,,,,,,,,,,,,,,,
21,,,5492,,,,,,,1.0858919620513916,,,,,,,,,,,,,,,,,,,,,,,,,,,,,,,,,,,,
21,,,5493,,,,,,,1.123201608657837,,,,,,,,,,,,,,,,,,,,,,,,,,,,,,,,,,,,
21,,,5494,,,,,,,1.0850040912628174,,,,,,,,,,,,,,,,,,,,,,,,,,,,,,,,,,,,
21,,,5495,,,,,,,1.1075921058654785,,,,,,,,,,,,,,,,,,,,,,,,,,,,,,,,,,,,
21,,,5496,,,,,,,1.114256739616394,,,,,,,,,,,,,,,,,,,,,,,,,,,,,,,,,,,,
21,,,5497,,,,,,,1.0937999486923218,,,,,,,,,,,,,,,,,,,,,,,,,,,,,,,,,,,,
21,,,5498,,,,,,,1.0998198986053467,,,,,,,,,,,,,,,,,,,,,,,,,,,,,,,,,,,,
21,,,5499,,,,,,,1.1124213933944702,,,,,,,,,,,,,,,,,,,,,,,,,,,,,,,,,,,,
21,,,5499,,,,,,,,,,0.19765330851078033,0.004024048335850239,0.6748046875,1.349609375,53.0732421875,0.6748046875,271790.65625,0.837814211845398,0.837814211845398,1.0,0.29903411865234375,53.0732421875,0.6748046875,0.915543258190155,0.04686332494020462,22118.0,0.0018241563811898232,0.002703235950320959,0.41180136799812317,0.6102526783943176,0.0053826286457479,1475.0,0.016804154962301254,0.02490224875509739,0.2677500247955322,0.3967815041542053,0.0137581592425704,7373.0,0.0047063822858035564,0.00697443587705493,0.3395233154296875,0.5031430721282959,0.016191426664590836,0.00035992596531286836
21,,20.0,5499,265941.59375,0.8512053489685059,0.8531603217124939,1.1085216999053955,0.8531603217124939,1.0,,0.3020625114440918,0.9194999933242798,,,,,,,,,,,,,,,,,,,,,,,,,,,,,,,,,,
,0.00012653483024396538,,5500,,,,,,,,,,,,,,,,,,,,,,,,,,,,,,,,,,,,,,,,,,,
22,,,5500,,,,,,,1.1095584630966187,,,,,,,,,,,,,,,,,,,,,,,,,,,,,,,,,,,,
22,,,5501,,,,,,,1.086822509765625,,,,,,,,,,,,,,,,,,,,,,,,,,,,,,,,,,,,
22,,,5502,,,,,,,1.0812636613845825,,,,,,,,,,,,,,,,,,,,,,,,,,,,,,,,,,,,
22,,,5503,,,,,,,1.1138898134231567,,,,,,,,,,,,,,,,,,,,,,,,,,,,,,,,,,,,
22,,,5504,,,,,,,1.0888153314590454,,,,,,,,,,,,,,,,,,,,,,,,,,,,,,,,,,,,
22,,,5505,,,,,,,1.1023552417755127,,,,,,,,,,,,,,,,,,,,,,,,,,,,,,,,,,,,
22,,,5506,,,,,,,1.152620553970337,,,,,,,,,,,,,,,,,,,,,,,,,,,,,,,,,,,,
22,,,5507,,,,,,,1.1231712102890015,,,,,,,,,,,,,,,,,,,,,,,,,,,,,,,,,,,,
22,,,5508,,,,,,,1.126747727394104,,,,,,,,,,,,,,,,,,,,,,,,,,,,,,,,,,,,
22,,,5509,,,,,,,1.0962492227554321,,,,,,,,,,,,,,,,,,,,,,,,,,,,,,,,,,,,
22,,,5510,,,,,,,1.1202305555343628,,,,,,,,,,,,,,,,,,,,,,,,,,,,,,,,,,,,
22,,,5511,,,,,,,1.087388515472412,,,,,,,,,,,,,,,,,,,,,,,,,,,,,,,,,,,,
22,,,5512,,,,,,,1.0895251035690308,,,,,,,,,,,,,,,,,,,,,,,,,,,,,,,,,,,,
22,,,5513,,,,,,,1.0865662097930908,,,,,,,,,,,,,,,,,,,,,,,,,,,,,,,,,,,,
22,,,5514,,,,,,,1.0938695669174194,,,,,,,,,,,,,,,,,,,,,,,,,,,,,,,,,,,,
22,,,5515,,,,,,,1.095738410949707,,,,,,,,,,,,,,,,,,,,,,,,,,,,,,,,,,,,
22,,,5516,,,,,,,1.1062852144241333,,,,,,,,,,,,,,,,,,,,,,,,,,,,,,,,,,,,
22,,,5517,,,,,,,1.0940732955932617,,,,,,,,,,,,,,,,,,,,,,,,,,,,,,,,,,,,
22,,,5518,,,,,,,1.1606812477111816,,,,,,,,,,,,,,,,,,,,,,,,,,,,,,,,,,,,
22,,,5519,,,,,,,1.088259220123291,,,,,,,,,,,,,,,,,,,,,,,,,,,,,,,,,,,,
22,,,5520,,,,,,,1.131394624710083,,,,,,,,,,,,,,,,,,,,,,,,,,,,,,,,,,,,
22,,,5521,,,,,,,1.1049199104309082,,,,,,,,,,,,,,,,,,,,,,,,,,,,,,,,,,,,
22,,,5522,,,,,,,1.1206846237182617,,,,,,,,,,,,,,,,,,,,,,,,,,,,,,,,,,,,
22,,,5523,,,,,,,1.081083059310913,,,,,,,,,,,,,,,,,,,,,,,,,,,,,,,,,,,,
22,,,5524,,,,,,,1.201840877532959,,,,,,,,,,,,,,,,,,,,,,,,,,,,,,,,,,,,
22,,,5525,,,,,,,1.1002367734909058,,,,,,,,,,,,,,,,,,,,,,,,,,,,,,,,,,,,
22,,,5526,,,,,,,1.1094388961791992,,,,,,,,,,,,,,,,,,,,,,,,,,,,,,,,,,,,
22,,,5527,,,,,,,1.0824618339538574,,,,,,,,,,,,,,,,,,,,,,,,,,,,,,,,,,,,
22,,,5528,,,,,,,1.107389211654663,,,,,,,,,,,,,,,,,,,,,,,,,,,,,,,,,,,,
22,,,5529,,,,,,,1.0805144309997559,,,,,,,,,,,,,,,,,,,,,,,,,,,,,,,,,,,,
22,,,5530,,,,,,,1.0961114168167114,,,,,,,,,,,,,,,,,,,,,,,,,,,,,,,,,,,,
22,,,5531,,,,,,,1.113560438156128,,,,,,,,,,,,,,,,,,,,,,,,,,,,,,,,,,,,
22,,,5532,,,,,,,1.0863122940063477,,,,,,,,,,,,,,,,,,,,,,,,,,,,,,,,,,,,
22,,,5533,,,,,,,1.1125164031982422,,,,,,,,,,,,,,,,,,,,,,,,,,,,,,,,,,,,
22,,,5534,,,,,,,1.0981791019439697,,,,,,,,,,,,,,,,,,,,,,,,,,,,,,,,,,,,
22,,,5535,,,,,,,1.1197928190231323,,,,,,,,,,,,,,,,,,,,,,,,,,,,,,,,,,,,
22,,,5536,,,,,,,1.109304666519165,,,,,,,,,,,,,,,,,,,,,,,,,,,,,,,,,,,,
22,,,5537,,,,,,,1.0998950004577637,,,,,,,,,,,,,,,,,,,,,,,,,,,,,,,,,,,,
22,,,5538,,,,,,,1.1389634609222412,,,,,,,,,,,,,,,,,,,,,,,,,,,,,,,,,,,,
22,,,5539,,,,,,,1.2393954992294312,,,,,,,,,,,,,,,,,,,,,,,,,,,,,,,,,,,,
22,,,5540,,,,,,,1.097538948059082,,,,,,,,,,,,,,,,,,,,,,,,,,,,,,,,,,,,
22,,,5541,,,,,,,1.095603108406067,,,,,,,,,,,,,,,,,,,,,,,,,,,,,,,,,,,,
22,,,5542,,,,,,,1.115934133529663,,,,,,,,,,,,,,,,,,,,,,,,,,,,,,,,,,,,
22,,,5543,,,,,,,1.089219331741333,,,,,,,,,,,,,,,,,,,,,,,,,,,,,,,,,,,,
22,,,5544,,,,,,,1.0957415103912354,,,,,,,,,,,,,,,,,,,,,,,,,,,,,,,,,,,,
22,,,5545,,,,,,,1.097489833831787,,,,,,,,,,,,,,,,,,,,,,,,,,,,,,,,,,,,
22,,,5546,,,,,,,1.0852618217468262,,,,,,,,,,,,,,,,,,,,,,,,,,,,,,,,,,,,
22,,,5547,,,,,,,1.0827491283416748,,,,,,,,,,,,,,,,,,,,,,,,,,,,,,,,,,,,
22,,,5548,,,,,,,1.1340370178222656,,,,,,,,,,,,,,,,,,,,,,,,,,,,,,,,,,,,
22,,,5549,,,,,,,1.102628469467163,,,,,,,,,,,,,,,,,,,,,,,,,,,,,,,,,,,,
22,,,5550,,,,,,,1.0827906131744385,,,,,,,,,,,,,,,,,,,,,,,,,,,,,,,,,,,,
22,,,5551,,,,,,,1.1336023807525635,,,,,,,,,,,,,,,,,,,,,,,,,,,,,,,,,,,,
22,,,5552,,,,,,,1.092576503753662,,,,,,,,,,,,,,,,,,,,,,,,,,,,,,,,,,,,
22,,,5553,,,,,,,1.1025111675262451,,,,,,,,,,,,,,,,,,,,,,,,,,,,,,,,,,,,
22,,,5554,,,,,,,1.0845484733581543,,,,,,,,,,,,,,,,,,,,,,,,,,,,,,,,,,,,
22,,,5555,,,,,,,1.0967535972595215,,,,,,,,,,,,,,,,,,,,,,,,,,,,,,,,,,,,
22,,,5556,,,,,,,1.0934678316116333,,,,,,,,,,,,,,,,,,,,,,,,,,,,,,,,,,,,
22,,,5557,,,,,,,1.1068313121795654,,,,,,,,,,,,,,,,,,,,,,,,,,,,,,,,,,,,
22,,,5558,,,,,,,1.1976773738861084,,,,,,,,,,,,,,,,,,,,,,,,,,,,,,,,,,,,
22,,,5559,,,,,,,1.125089406967163,,,,,,,,,,,,,,,,,,,,,,,,,,,,,,,,,,,,
22,,,5560,,,,,,,1.1303222179412842,,,,,,,,,,,,,,,,,,,,,,,,,,,,,,,,,,,,
22,,,5561,,,,,,,1.107564926147461,,,,,,,,,,,,,,,,,,,,,,,,,,,,,,,,,,,,
22,,,5562,,,,,,,1.1559720039367676,,,,,,,,,,,,,,,,,,,,,,,,,,,,,,,,,,,,
22,,,5563,,,,,,,1.1061550378799438,,,,,,,,,,,,,,,,,,,,,,,,,,,,,,,,,,,,
22,,,5564,,,,,,,1.1165457963943481,,,,,,,,,,,,,,,,,,,,,,,,,,,,,,,,,,,,
22,,,5565,,,,,,,1.0932351350784302,,,,,,,,,,,,,,,,,,,,,,,,,,,,,,,,,,,,
22,,,5566,,,,,,,1.1033899784088135,,,,,,,,,,,,,,,,,,,,,,,,,,,,,,,,,,,,
22,,,5567,,,,,,,1.1294257640838623,,,,,,,,,,,,,,,,,,,,,,,,,,,,,,,,,,,,
22,,,5568,,,,,,,1.0955147743225098,,,,,,,,,,,,,,,,,,,,,,,,,,,,,,,,,,,,
22,,,5569,,,,,,,1.083783507347107,,,,,,,,,,,,,,,,,,,,,,,,,,,,,,,,,,,,
22,,,5570,,,,,,,1.1016074419021606,,,,,,,,,,,,,,,,,,,,,,,,,,,,,,,,,,,,
22,,,5571,,,,,,,1.0910838842391968,,,,,,,,,,,,,,,,,,,,,,,,,,,,,,,,,,,,
22,,,5572,,,,,,,1.1583099365234375,,,,,,,,,,,,,,,,,,,,,,,,,,,,,,,,,,,,
22,,,5573,,,,,,,1.092551589012146,,,,,,,,,,,,,,,,,,,,,,,,,,,,,,,,,,,,
22,,,5574,,,,,,,1.0947799682617188,,,,,,,,,,,,,,,,,,,,,,,,,,,,,,,,,,,,
22,,,5575,,,,,,,1.1082566976547241,,,,,,,,,,,,,,,,,,,,,,,,,,,,,,,,,,,,
22,,,5576,,,,,,,1.1099172830581665,,,,,,,,,,,,,,,,,,,,,,,,,,,,,,,,,,,,
22,,,5577,,,,,,,1.0951262712478638,,,,,,,,,,,,,,,,,,,,,,,,,,,,,,,,,,,,
22,,,5578,,,,,,,1.0903266668319702,,,,,,,,,,,,,,,,,,,,,,,,,,,,,,,,,,,,
22,,,5579,,,,,,,1.0970842838287354,,,,,,,,,,,,,,,,,,,,,,,,,,,,,,,,,,,,
22,,,5580,,,,,,,1.0810222625732422,,,,,,,,,,,,,,,,,,,,,,,,,,,,,,,,,,,,
22,,,5581,,,,,,,1.10183846950531,,,,,,,,,,,,,,,,,,,,,,,,,,,,,,,,,,,,
22,,,5582,,,,,,,1.099786400794983,,,,,,,,,,,,,,,,,,,,,,,,,,,,,,,,,,,,
22,,,5583,,,,,,,1.0941574573516846,,,,,,,,,,,,,,,,,,,,,,,,,,,,,,,,,,,,
22,,,5584,,,,,,,1.0914180278778076,,,,,,,,,,,,,,,,,,,,,,,,,,,,,,,,,,,,
22,,,5585,,,,,,,1.1023763418197632,,,,,,,,,,,,,,,,,,,,,,,,,,,,,,,,,,,,
22,,,5586,,,,,,,1.0859205722808838,,,,,,,,,,,,,,,,,,,,,,,,,,,,,,,,,,,,
22,,,5587,,,,,,,1.158701777458191,,,,,,,,,,,,,,,,,,,,,,,,,,,,,,,,,,,,
22,,,5588,,,,,,,1.0819034576416016,,,,,,,,,,,,,,,,,,,,,,,,,,,,,,,,,,,,
22,,,5589,,,,,,,1.1292632818222046,,,,,,,,,,,,,,,,,,,,,,,,,,,,,,,,,,,,
22,,,5590,,,,,,,1.0856637954711914,,,,,,,,,,,,,,,,,,,,,,,,,,,,,,,,,,,,
22,,,5591,,,,,,,1.0835789442062378,,,,,,,,,,,,,,,,,,,,,,,,,,,,,,,,,,,,
22,,,5592,,,,,,,1.1751347780227661,,,,,,,,,,,,,,,,,,,,,,,,,,,,,,,,,,,,
22,,,5593,,,,,,,1.2266024351119995,,,,,,,,,,,,,,,,,,,,,,,,,,,,,,,,,,,,
22,,,5594,,,,,,,1.0907251834869385,,,,,,,,,,,,,,,,,,,,,,,,,,,,,,,,,,,,
22,,,5595,,,,,,,1.1144070625305176,,,,,,,,,,,,,,,,,,,,,,,,,,,,,,,,,,,,
22,,,5596,,,,,,,1.082289218902588,,,,,,,,,,,,,,,,,,,,,,,,,,,,,,,,,,,,
22,,,5597,,,,,,,1.0865585803985596,,,,,,,,,,,,,,,,,,,,,,,,,,,,,,,,,,,,
22,,,5598,,,,,,,1.1006584167480469,,,,,,,,,,,,,,,,,,,,,,,,,,,,,,,,,,,,
22,,,5599,,,,,,,1.1069669723510742,,,,,,,,,,,,,,,,,,,,,,,,,,,,,,,,,,,,
22,,,5600,,,,,,,1.0867103338241577,,,,,,,,,,,,,,,,,,,,,,,,,,,,,,,,,,,,
22,,,5601,,,,,,,1.104996681213379,,,,,,,,,,,,,,,,,,,,,,,,,,,,,,,,,,,,
22,,,5602,,,,,,,1.0802497863769531,,,,,,,,,,,,,,,,,,,,,,,,,,,,,,,,,,,,
22,,,5603,,,,,,,1.0928136110305786,,,,,,,,,,,,,,,,,,,,,,,,,,,,,,,,,,,,
22,,,5604,,,,,,,1.0892850160598755,,,,,,,,,,,,,,,,,,,,,,,,,,,,,,,,,,,,
22,,,5605,,,,,,,1.1822296380996704,,,,,,,,,,,,,,,,,,,,,,,,,,,,,,,,,,,,
22,,,5606,,,,,,,1.08696711063385,,,,,,,,,,,,,,,,,,,,,,,,,,,,,,,,,,,,
22,,,5607,,,,,,,1.1012041568756104,,,,,,,,,,,,,,,,,,,,,,,,,,,,,,,,,,,,
22,,,5608,,,,,,,1.0828769207000732,,,,,,,,,,,,,,,,,,,,,,,,,,,,,,,,,,,,
22,,,5609,,,,,,,1.087674617767334,,,,,,,,,,,,,,,,,,,,,,,,,,,,,,,,,,,,
22,,,5610,,,,,,,1.1803250312805176,,,,,,,,,,,,,,,,,,,,,,,,,,,,,,,,,,,,
22,,,5611,,,,,,,1.0904483795166016,,,,,,,,,,,,,,,,,,,,,,,,,,,,,,,,,,,,
22,,,5612,,,,,,,1.1018415689468384,,,,,,,,,,,,,,,,,,,,,,,,,,,,,,,,,,,,
22,,,5613,,,,,,,1.1124948263168335,,,,,,,,,,,,,,,,,,,,,,,,,,,,,,,,,,,,
22,,,5614,,,,,,,1.081955909729004,,,,,,,,,,,,,,,,,,,,,,,,,,,,,,,,,,,,
22,,,5615,,,,,,,1.090280294418335,,,,,,,,,,,,,,,,,,,,,,,,,,,,,,,,,,,,
22,,,5616,,,,,,,1.1024880409240723,,,,,,,,,,,,,,,,,,,,,,,,,,,,,,,,,,,,
22,,,5617,,,,,,,1.0906740427017212,,,,,,,,,,,,,,,,,,,,,,,,,,,,,,,,,,,,
22,,,5618,,,,,,,1.0903376340866089,,,,,,,,,,,,,,,,,,,,,,,,,,,,,,,,,,,,
22,,,5619,,,,,,,1.1347520351409912,,,,,,,,,,,,,,,,,,,,,,,,,,,,,,,,,,,,
22,,,5620,,,,,,,1.1441233158111572,,,,,,,,,,,,,,,,,,,,,,,,,,,,,,,,,,,,
22,,,5621,,,,,,,1.089810848236084,,,,,,,,,,,,,,,,,,,,,,,,,,,,,,,,,,,,
22,,,5622,,,,,,,1.1685101985931396,,,,,,,,,,,,,,,,,,,,,,,,,,,,,,,,,,,,
22,,,5623,,,,,,,1.0845543146133423,,,,,,,,,,,,,,,,,,,,,,,,,,,,,,,,,,,,
22,,,5624,,,,,,,1.1534814834594727,,,,,,,,,,,,,,,,,,,,,,,,,,,,,,,,,,,,
22,,,5625,,,,,,,1.1169955730438232,,,,,,,,,,,,,,,,,,,,,,,,,,,,,,,,,,,,
22,,,5626,,,,,,,1.0890560150146484,,,,,,,,,,,,,,,,,,,,,,,,,,,,,,,,,,,,
22,,,5627,,,,,,,1.1852513551712036,,,,,,,,,,,,,,,,,,,,,,,,,,,,,,,,,,,,
22,,,5628,,,,,,,1.100233793258667,,,,,,,,,,,,,,,,,,,,,,,,,,,,,,,,,,,,
22,,,5629,,,,,,,1.108314037322998,,,,,,,,,,,,,,,,,,,,,,,,,,,,,,,,,,,,
22,,,5630,,,,,,,1.0897777080535889,,,,,,,,,,,,,,,,,,,,,,,,,,,,,,,,,,,,
22,,,5631,,,,,,,1.1433703899383545,,,,,,,,,,,,,,,,,,,,,,,,,,,,,,,,,,,,
22,,,5632,,,,,,,1.2265534400939941,,,,,,,,,,,,,,,,,,,,,,,,,,,,,,,,,,,,
22,,,5633,,,,,,,1.0802068710327148,,,,,,,,,,,,,,,,,,,,,,,,,,,,,,,,,,,,
22,,,5634,,,,,,,1.0852410793304443,,,,,,,,,,,,,,,,,,,,,,,,,,,,,,,,,,,,
22,,,5635,,,,,,,1.127131462097168,,,,,,,,,,,,,,,,,,,,,,,,,,,,,,,,,,,,
22,,,5636,,,,,,,1.211625576019287,,,,,,,,,,,,,,,,,,,,,,,,,,,,,,,,,,,,
22,,,5637,,,,,,,1.1026272773742676,,,,,,,,,,,,,,,,,,,,,,,,,,,,,,,,,,,,
22,,,5638,,,,,,,1.0960443019866943,,,,,,,,,,,,,,,,,,,,,,,,,,,,,,,,,,,,
22,,,5639,,,,,,,1.0832409858703613,,,,,,,,,,,,,,,,,,,,,,,,,,,,,,,,,,,,
22,,,5640,,,,,,,1.0877273082733154,,,,,,,,,,,,,,,,,,,,,,,,,,,,,,,,,,,,
22,,,5641,,,,,,,1.1433632373809814,,,,,,,,,,,,,,,,,,,,,,,,,,,,,,,,,,,,
22,,,5642,,,,,,,1.0854403972625732,,,,,,,,,,,,,,,,,,,,,,,,,,,,,,,,,,,,
22,,,5643,,,,,,,1.0879666805267334,,,,,,,,,,,,,,,,,,,,,,,,,,,,,,,,,,,,
22,,,5644,,,,,,,1.130056381225586,,,,,,,,,,,,,,,,,,,,,,,,,,,,,,,,,,,,
22,,,5645,,,,,,,1.105172872543335,,,,,,,,,,,,,,,,,,,,,,,,,,,,,,,,,,,,
22,,,5646,,,,,,,1.0956027507781982,,,,,,,,,,,,,,,,,,,,,,,,,,,,,,,,,,,,
22,,,5647,,,,,,,1.0966641902923584,,,,,,,,,,,,,,,,,,,,,,,,,,,,,,,,,,,,
22,,,5648,,,,,,,1.0937107801437378,,,,,,,,,,,,,,,,,,,,,,,,,,,,,,,,,,,,
22,,,5649,,,,,,,1.0933644771575928,,,,,,,,,,,,,,,,,,,,,,,,,,,,,,,,,,,,
22,,,5650,,,,,,,1.1215178966522217,,,,,,,,,,,,,,,,,,,,,,,,,,,,,,,,,,,,
22,,,5651,,,,,,,1.1479825973510742,,,,,,,,,,,,,,,,,,,,,,,,,,,,,,,,,,,,
22,,,5652,,,,,,,1.0946489572525024,,,,,,,,,,,,,,,,,,,,,,,,,,,,,,,,,,,,
22,,,5653,,,,,,,1.0910630226135254,,,,,,,,,,,,,,,,,,,,,,,,,,,,,,,,,,,,
22,,,5654,,,,,,,1.0907663106918335,,,,,,,,,,,,,,,,,,,,,,,,,,,,,,,,,,,,
22,,,5655,,,,,,,1.139652967453003,,,,,,,,,,,,,,,,,,,,,,,,,,,,,,,,,,,,
22,,,5656,,,,,,,1.0848455429077148,,,,,,,,,,,,,,,,,,,,,,,,,,,,,,,,,,,,
22,,,5657,,,,,,,1.0906836986541748,,,,,,,,,,,,,,,,,,,,,,,,,,,,,,,,,,,,
22,,,5658,,,,,,,1.1106401681900024,,,,,,,,,,,,,,,,,,,,,,,,,,,,,,,,,,,,
22,,,5659,,,,,,,1.0899341106414795,,,,,,,,,,,,,,,,,,,,,,,,,,,,,,,,,,,,
22,,,5660,,,,,,,1.08243989944458,,,,,,,,,,,,,,,,,,,,,,,,,,,,,,,,,,,,
22,,,5661,,,,,,,1.1145766973495483,,,,,,,,,,,,,,,,,,,,,,,,,,,,,,,,,,,,
22,,,5662,,,,,,,1.128129482269287,,,,,,,,,,,,,,,,,,,,,,,,,,,,,,,,,,,,
22,,,5663,,,,,,,1.096477746963501,,,,,,,,,,,,,,,,,,,,,,,,,,,,,,,,,,,,
22,,,5664,,,,,,,1.0869954824447632,,,,,,,,,,,,,,,,,,,,,,,,,,,,,,,,,,,,
22,,,5665,,,,,,,1.1489239931106567,,,,,,,,,,,,,,,,,,,,,,,,,,,,,,,,,,,,
22,,,5666,,,,,,,1.1712020635604858,,,,,,,,,,,,,,,,,,,,,,,,,,,,,,,,,,,,
22,,,5667,,,,,,,1.1021536588668823,,,,,,,,,,,,,,,,,,,,,,,,,,,,,,,,,,,,
22,,,5668,,,,,,,1.1633472442626953,,,,,,,,,,,,,,,,,,,,,,,,,,,,,,,,,,,,
22,,,5669,,,,,,,1.08912992477417,,,,,,,,,,,,,,,,,,,,,,,,,,,,,,,,,,,,
22,,,5670,,,,,,,1.090336561203003,,,,,,,,,,,,,,,,,,,,,,,,,,,,,,,,,,,,
22,,,5671,,,,,,,1.0851500034332275,,,,,,,,,,,,,,,,,,,,,,,,,,,,,,,,,,,,
22,,,5672,,,,,,,1.1147823333740234,,,,,,,,,,,,,,,,,,,,,,,,,,,,,,,,,,,,
22,,,5673,,,,,,,1.1252326965332031,,,,,,,,,,,,,,,,,,,,,,,,,,,,,,,,,,,,
22,,,5674,,,,,,,1.1983124017715454,,,,,,,,,,,,,,,,,,,,,,,,,,,,,,,,,,,,
22,,,5675,,,,,,,1.0873899459838867,,,,,,,,,,,,,,,,,,,,,,,,,,,,,,,,,,,,
22,,,5676,,,,,,,1.095984697341919,,,,,,,,,,,,,,,,,,,,,,,,,,,,,,,,,,,,
22,,,5677,,,,,,,1.0915037393569946,,,,,,,,,,,,,,,,,,,,,,,,,,,,,,,,,,,,
22,,,5678,,,,,,,1.091785192489624,,,,,,,,,,,,,,,,,,,,,,,,,,,,,,,,,,,,
22,,,5679,,,,,,,1.0957155227661133,,,,,,,,,,,,,,,,,,,,,,,,,,,,,,,,,,,,
22,,,5680,,,,,,,1.1208617687225342,,,,,,,,,,,,,,,,,,,,,,,,,,,,,,,,,,,,
22,,,5681,,,,,,,1.130666971206665,,,,,,,,,,,,,,,,,,,,,,,,,,,,,,,,,,,,
22,,,5682,,,,,,,1.0808956623077393,,,,,,,,,,,,,,,,,,,,,,,,,,,,,,,,,,,,
22,,,5683,,,,,,,1.0805389881134033,,,,,,,,,,,,,,,,,,,,,,,,,,,,,,,,,,,,
22,,,5684,,,,,,,1.1256736516952515,,,,,,,,,,,,,,,,,,,,,,,,,,,,,,,,,,,,
22,,,5685,,,,,,,1.1095380783081055,,,,,,,,,,,,,,,,,,,,,,,,,,,,,,,,,,,,
22,,,5686,,,,,,,1.1321600675582886,,,,,,,,,,,,,,,,,,,,,,,,,,,,,,,,,,,,
22,,,5687,,,,,,,1.0916683673858643,,,,,,,,,,,,,,,,,,,,,,,,,,,,,,,,,,,,
22,,,5688,,,,,,,1.1082048416137695,,,,,,,,,,,,,,,,,,,,,,,,,,,,,,,,,,,,
22,,,5689,,,,,,,1.0906774997711182,,,,,,,,,,,,,,,,,,,,,,,,,,,,,,,,,,,,
22,,,5690,,,,,,,1.0828578472137451,,,,,,,,,,,,,,,,,,,,,,,,,,,,,,,,,,,,
22,,,5691,,,,,,,1.0915131568908691,,,,,,,,,,,,,,,,,,,,,,,,,,,,,,,,,,,,
22,,,5692,,,,,,,1.100558876991272,,,,,,,,,,,,,,,,,,,,,,,,,,,,,,,,,,,,
22,,,5693,,,,,,,1.0922293663024902,,,,,,,,,,,,,,,,,,,,,,,,,,,,,,,,,,,,
22,,,5694,,,,,,,1.0910661220550537,,,,,,,,,,,,,,,,,,,,,,,,,,,,,,,,,,,,
22,,,5695,,,,,,,1.1599912643432617,,,,,,,,,,,,,,,,,,,,,,,,,,,,,,,,,,,,
22,,,5696,,,,,,,1.098677158355713,,,,,,,,,,,,,,,,,,,,,,,,,,,,,,,,,,,,
22,,,5697,,,,,,,1.1242470741271973,,,,,,,,,,,,,,,,,,,,,,,,,,,,,,,,,,,,
22,,,5698,,,,,,,1.0833160877227783,,,,,,,,,,,,,,,,,,,,,,,,,,,,,,,,,,,,
22,,,5699,,,,,,,1.1944475173950195,,,,,,,,,,,,,,,,,,,,,,,,,,,,,,,,,,,,
22,,,5700,,,,,,,1.1917271614074707,,,,,,,,,,,,,,,,,,,,,,,,,,,,,,,,,,,,
22,,,5701,,,,,,,1.131251335144043,,,,,,,,,,,,,,,,,,,,,,,,,,,,,,,,,,,,
22,,,5702,,,,,,,1.1334023475646973,,,,,,,,,,,,,,,,,,,,,,,,,,,,,,,,,,,,
22,,,5703,,,,,,,1.0925829410552979,,,,,,,,,,,,,,,,,,,,,,,,,,,,,,,,,,,,
22,,,5704,,,,,,,1.094630241394043,,,,,,,,,,,,,,,,,,,,,,,,,,,,,,,,,,,,
22,,,5705,,,,,,,1.1356762647628784,,,,,,,,,,,,,,,,,,,,,,,,,,,,,,,,,,,,
22,,,5706,,,,,,,1.1806225776672363,,,,,,,,,,,,,,,,,,,,,,,,,,,,,,,,,,,,
22,,,5707,,,,,,,1.1407960653305054,,,,,,,,,,,,,,,,,,,,,,,,,,,,,,,,,,,,
22,,,5708,,,,,,,1.0909000635147095,,,,,,,,,,,,,,,,,,,,,,,,,,,,,,,,,,,,
22,,,5709,,,,,,,1.0957856178283691,,,,,,,,,,,,,,,,,,,,,,,,,,,,,,,,,,,,
22,,,5710,,,,,,,1.1262563467025757,,,,,,,,,,,,,,,,,,,,,,,,,,,,,,,,,,,,
22,,,5711,,,,,,,1.0855755805969238,,,,,,,,,,,,,,,,,,,,,,,,,,,,,,,,,,,,
22,,,5712,,,,,,,1.0821563005447388,,,,,,,,,,,,,,,,,,,,,,,,,,,,,,,,,,,,
22,,,5713,,,,,,,1.0832947492599487,,,,,,,,,,,,,,,,,,,,,,,,,,,,,,,,,,,,
22,,,5714,,,,,,,1.0888105630874634,,,,,,,,,,,,,,,,,,,,,,,,,,,,,,,,,,,,
22,,,5715,,,,,,,1.1648036241531372,,,,,,,,,,,,,,,,,,,,,,,,,,,,,,,,,,,,
22,,,5716,,,,,,,1.0807851552963257,,,,,,,,,,,,,,,,,,,,,,,,,,,,,,,,,,,,
22,,,5717,,,,,,,1.0873888731002808,,,,,,,,,,,,,,,,,,,,,,,,,,,,,,,,,,,,
22,,,5718,,,,,,,1.0844049453735352,,,,,,,,,,,,,,,,,,,,,,,,,,,,,,,,,,,,
22,,,5719,,,,,,,1.121203064918518,,,,,,,,,,,,,,,,,,,,,,,,,,,,,,,,,,,,
22,,,5720,,,,,,,1.0859074592590332,,,,,,,,,,,,,,,,,,,,,,,,,,,,,,,,,,,,
22,,,5721,,,,,,,1.228872299194336,,,,,,,,,,,,,,,,,,,,,,,,,,,,,,,,,,,,
22,,,5722,,,,,,,1.0909631252288818,,,,,,,,,,,,,,,,,,,,,,,,,,,,,,,,,,,,
22,,,5723,,,,,,,1.0810519456863403,,,,,,,,,,,,,,,,,,,,,,,,,,,,,,,,,,,,
22,,,5724,,,,,,,1.1164534091949463,,,,,,,,,,,,,,,,,,,,,,,,,,,,,,,,,,,,
22,,,5725,,,,,,,1.0943784713745117,,,,,,,,,,,,,,,,,,,,,,,,,,,,,,,,,,,,
22,,,5726,,,,,,,1.0911667346954346,,,,,,,,,,,,,,,,,,,,,,,,,,,,,,,,,,,,
22,,,5727,,,,,,,1.1347055435180664,,,,,,,,,,,,,,,,,,,,,,,,,,,,,,,,,,,,
22,,,5728,,,,,,,1.106077790260315,,,,,,,,,,,,,,,,,,,,,,,,,,,,,,,,,,,,
22,,,5729,,,,,,,1.1222443580627441,,,,,,,,,,,,,,,,,,,,,,,,,,,,,,,,,,,,
22,,,5730,,,,,,,1.0867526531219482,,,,,,,,,,,,,,,,,,,,,,,,,,,,,,,,,,,,
22,,,5731,,,,,,,1.107770323753357,,,,,,,,,,,,,,,,,,,,,,,,,,,,,,,,,,,,
22,,,5732,,,,,,,1.0802885293960571,,,,,,,,,,,,,,,,,,,,,,,,,,,,,,,,,,,,
22,,,5733,,,,,,,1.1140412092208862,,,,,,,,,,,,,,,,,,,,,,,,,,,,,,,,,,,,
22,,,5734,,,,,,,1.0802861452102661,,,,,,,,,,,,,,,,,,,,,,,,,,,,,,,,,,,,
22,,,5735,,,,,,,1.1551086902618408,,,,,,,,,,,,,,,,,,,,,,,,,,,,,,,,,,,,
22,,,5736,,,,,,,1.0801647901535034,,,,,,,,,,,,,,,,,,,,,,,,,,,,,,,,,,,,
22,,,5737,,,,,,,1.0872656106948853,,,,,,,,,,,,,,,,,,,,,,,,,,,,,,,,,,,,
22,,,5738,,,,,,,1.1022067070007324,,,,,,,,,,,,,,,,,,,,,,,,,,,,,,,,,,,,
22,,,5739,,,,,,,1.0970702171325684,,,,,,,,,,,,,,,,,,,,,,,,,,,,,,,,,,,,
22,,,5740,,,,,,,1.1042044162750244,,,,,,,,,,,,,,,,,,,,,,,,,,,,,,,,,,,,
22,,,5741,,,,,,,1.1427738666534424,,,,,,,,,,,,,,,,,,,,,,,,,,,,,,,,,,,,
22,,,5742,,,,,,,1.0988843441009521,,,,,,,,,,,,,,,,,,,,,,,,,,,,,,,,,,,,
22,,,5743,,,,,,,1.1089041233062744,,,,,,,,,,,,,,,,,,,,,,,,,,,,,,,,,,,,
22,,,5744,,,,,,,1.090898871421814,,,,,,,,,,,,,,,,,,,,,,,,,,,,,,,,,,,,
22,,,5745,,,,,,,1.0972448587417603,,,,,,,,,,,,,,,,,,,,,,,,,,,,,,,,,,,,
22,,,5746,,,,,,,1.0887837409973145,,,,,,,,,,,,,,,,,,,,,,,,,,,,,,,,,,,,
22,,,5747,,,,,,,1.1259700059890747,,,,,,,,,,,,,,,,,,,,,,,,,,,,,,,,,,,,
22,,,5748,,,,,,,1.0995538234710693,,,,,,,,,,,,,,,,,,,,,,,,,,,,,,,,,,,,
22,,,5749,,,,,,,1.0934392213821411,,,,,,,,,,,,,,,,,,,,,,,,,,,,,,,,,,,,
22,,,5749,,,,,,,,,,0.19637496769428253,0.004385383799672127,0.6748046875,1.349609375,53.0732421875,0.6748046875,271790.65625,0.837647557258606,0.837647557258606,1.0,0.2937889099121094,53.0732421875,0.6748046875,0.9410778284072876,0.04682232812047005,22118.0,0.001823759637773037,0.002702648052945733,0.4012765884399414,0.5946558713912964,0.005380840506404638,1475.0,0.01680879108607769,0.024909120053052902,0.2627003788948059,0.38929837942123413,0.013721764087677002,7373.0,0.0046945963986217976,0.006956970319151878,0.3352041244506836,0.4967424273490906,0.016171416267752647,0.00035992596531286836
22,,20.0,5749,262760.6875,0.8518021106719971,0.8536019921302795,1.1091433763504028,0.8536019921302795,1.0,,0.3025195300579071,0.9125000238418579,,,,,,,,,,,,,,,,,,,,,,,,,,,,,,,,,,
,0.00011498319542161417,,5750,,,,,,,,,,,,,,,,,,,,,,,,,,,,,,,,,,,,,,,,,,,
23,,,5750,,,,,,,1.1220089197158813,,,,,,,,,,,,,,,,,,,,,,,,,,,,,,,,,,,,
23,,,5751,,,,,,,1.0929104089736938,,,,,,,,,,,,,,,,,,,,,,,,,,,,,,,,,,,,
23,,,5752,,,,,,,1.0913305282592773,,,,,,,,,,,,,,,,,,,,,,,,,,,,,,,,,,,,
23,,,5753,,,,,,,1.2685387134552002,,,,,,,,,,,,,,,,,,,,,,,,,,,,,,,,,,,,
23,,,5754,,,,,,,1.0861108303070068,,,,,,,,,,,,,,,,,,,,,,,,,,,,,,,,,,,,
23,,,5755,,,,,,,1.0954619646072388,,,,,,,,,,,,,,,,,,,,,,,,,,,,,,,,,,,,
23,,,5756,,,,,,,1.1562087535858154,,,,,,,,,,,,,,,,,,,,,,,,,,,,,,,,,,,,
23,,,5757,,,,,,,1.1280303001403809,,,,,,,,,,,,,,,,,,,,,,,,,,,,,,,,,,,,
23,,,5758,,,,,,,1.0882121324539185,,,,,,,,,,,,,,,,,,,,,,,,,,,,,,,,,,,,
23,,,5759,,,,,,,1.0888437032699585,,,,,,,,,,,,,,,,,,,,,,,,,,,,,,,,,,,,
23,,,5760,,,,,,,1.0929653644561768,,,,,,,,,,,,,,,,,,,,,,,,,,,,,,,,,,,,
23,,,5761,,,,,,,1.098222255706787,,,,,,,,,,,,,,,,,,,,,,,,,,,,,,,,,,,,
23,,,5762,,,,,,,1.1170237064361572,,,,,,,,,,,,,,,,,,,,,,,,,,,,,,,,,,,,
23,,,5763,,,,,,,1.0992560386657715,,,,,,,,,,,,,,,,,,,,,,,,,,,,,,,,,,,,
23,,,5764,,,,,,,1.1225192546844482,,,,,,,,,,,,,,,,,,,,,,,,,,,,,,,,,,,,
23,,,5765,,,,,,,1.1732827425003052,,,,,,,,,,,,,,,,,,,,,,,,,,,,,,,,,,,,
23,,,5766,,,,,,,1.1563942432403564,,,,,,,,,,,,,,,,,,,,,,,,,,,,,,,,,,,,
23,,,5767,,,,,,,1.096745491027832,,,,,,,,,,,,,,,,,,,,,,,,,,,,,,,,,,,,
23,,,5768,,,,,,,1.0863614082336426,,,,,,,,,,,,,,,,,,,,,,,,,,,,,,,,,,,,
23,,,5769,,,,,,,1.1049513816833496,,,,,,,,,,,,,,,,,,,,,,,,,,,,,,,,,,,,
23,,,5770,,,,,,,1.1415811777114868,,,,,,,,,,,,,,,,,,,,,,,,,,,,,,,,,,,,
23,,,5771,,,,,,,1.0865705013275146,,,,,,,,,,,,,,,,,,,,,,,,,,,,,,,,,,,,
23,,,5772,,,,,,,1.1028310060501099,,,,,,,,,,,,,,,,,,,,,,,,,,,,,,,,,,,,
23,,,5773,,,,,,,1.1496418714523315,,,,,,,,,,,,,,,,,,,,,,,,,,,,,,,,,,,,
23,,,5774,,,,,,,1.0894970893859863,,,,,,,,,,,,,,,,,,,,,,,,,,,,,,,,,,,,
23,,,5775,,,,,,,1.0900580883026123,,,,,,,,,,,,,,,,,,,,,,,,,,,,,,,,,,,,
23,,,5776,,,,,,,1.0882939100265503,,,,,,,,,,,,,,,,,,,,,,,,,,,,,,,,,,,,
23,,,5777,,,,,,,1.0923335552215576,,,,,,,,,,,,,,,,,,,,,,,,,,,,,,,,,,,,
23,,,5778,,,,,,,1.081383228302002,,,,,,,,,,,,,,,,,,,,,,,,,,,,,,,,,,,,
23,,,5779,,,,,,,1.0863406658172607,,,,,,,,,,,,,,,,,,,,,,,,,,,,,,,,,,,,
23,,,5780,,,,,,,1.0914102792739868,,,,,,,,,,,,,,,,,,,,,,,,,,,,,,,,,,,,
23,,,5781,,,,,,,1.094085454940796,,,,,,,,,,,,,,,,,,,,,,,,,,,,,,,,,,,,
23,,,5782,,,,,,,1.0855426788330078,,,,,,,,,,,,,,,,,,,,,,,,,,,,,,,,,,,,
23,,,5783,,,,,,,1.1285438537597656,,,,,,,,,,,,,,,,,,,,,,,,,,,,,,,,,,,,
23,,,5784,,,,,,,1.0881552696228027,,,,,,,,,,,,,,,,,,,,,,,,,,,,,,,,,,,,
23,,,5785,,,,,,,1.0914090871810913,,,,,,,,,,,,,,,,,,,,,,,,,,,,,,,,,,,,
23,,,5786,,,,,,,1.09714937210083,,,,,,,,,,,,,,,,,,,,,,,,,,,,,,,,,,,,
23,,,5787,,,,,,,1.161232829093933,,,,,,,,,,,,,,,,,,,,,,,,,,,,,,,,,,,,
23,,,5788,,,,,,,1.11862051486969,,,,,,,,,,,,,,,,,,,,,,,,,,,,,,,,,,,,
23,,,5789,,,,,,,1.125747799873352,,,,,,,,,,,,,,,,,,,,,,,,,,,,,,,,,,,,
23,,,5790,,,,,,,1.1265873908996582,,,,,,,,,,,,,,,,,,,,,,,,,,,,,,,,,,,,
23,,,5791,,,,,,,1.0971084833145142,,,,,,,,,,,,,,,,,,,,,,,,,,,,,,,,,,,,
23,,,5792,,,,,,,1.1109280586242676,,,,,,,,,,,,,,,,,,,,,,,,,,,,,,,,,,,,
23,,,5793,,,,,,,1.104247808456421,,,,,,,,,,,,,,,,,,,,,,,,,,,,,,,,,,,,
23,,,5794,,,,,,,1.0971546173095703,,,,,,,,,,,,,,,,,,,,,,,,,,,,,,,,,,,,
23,,,5795,,,,,,,1.0889393091201782,,,,,,,,,,,,,,,,,,,,,,,,,,,,,,,,,,,,
23,,,5796,,,,,,,1.1073522567749023,,,,,,,,,,,,,,,,,,,,,,,,,,,,,,,,,,,,
23,,,5797,,,,,,,1.1063182353973389,,,,,,,,,,,,,,,,,,,,,,,,,,,,,,,,,,,,
23,,,5798,,,,,,,1.0904570817947388,,,,,,,,,,,,,,,,,,,,,,,,,,,,,,,,,,,,
23,,,5799,,,,,,,1.0920498371124268,,,,,,,,,,,,,,,,,,,,,,,,,,,,,,,,,,,,
23,,,5800,,,,,,,1.0918445587158203,,,,,,,,,,,,,,,,,,,,,,,,,,,,,,,,,,,,
23,,,5801,,,,,,,1.085396409034729,,,,,,,,,,,,,,,,,,,,,,,,,,,,,,,,,,,,
23,,,5802,,,,,,,1.1005144119262695,,,,,,,,,,,,,,,,,,,,,,,,,,,,,,,,,,,,
23,,,5803,,,,,,,1.0866327285766602,,,,,,,,,,,,,,,,,,,,,,,,,,,,,,,,,,,,
23,,,5804,,,,,,,1.0970693826675415,,,,,,,,,,,,,,,,,,,,,,,,,,,,,,,,,,,,
23,,,5805,,,,,,,1.0855164527893066,,,,,,,,,,,,,,,,,,,,,,,,,,,,,,,,,,,,
23,,,5806,,,,,,,1.100130319595337,,,,,,,,,,,,,,,,,,,,,,,,,,,,,,,,,,,,
23,,,5807,,,,,,,1.1057337522506714,,,,,,,,,,,,,,,,,,,,,,,,,,,,,,,,,,,,
23,,,5808,,,,,,,1.0964988470077515,,,,,,,,,,,,,,,,,,,,,,,,,,,,,,,,,,,,
23,,,5809,,,,,,,1.081740140914917,,,,,,,,,,,,,,,,,,,,,,,,,,,,,,,,,,,,
23,,,5810,,,,,,,1.1145057678222656,,,,,,,,,,,,,,,,,,,,,,,,,,,,,,,,,,,,
23,,,5811,,,,,,,1.0801184177398682,,,,,,,,,,,,,,,,,,,,,,,,,,,,,,,,,,,,
23,,,5812,,,,,,,1.0998408794403076,,,,,,,,,,,,,,,,,,,,,,,,,,,,,,,,,,,,
23,,,5813,,,,,,,1.1400270462036133,,,,,,,,,,,,,,,,,,,,,,,,,,,,,,,,,,,,
23,,,5814,,,,,,,1.1241698265075684,,,,,,,,,,,,,,,,,,,,,,,,,,,,,,,,,,,,
23,,,5815,,,,,,,1.1419312953948975,,,,,,,,,,,,,,,,,,,,,,,,,,,,,,,,,,,,
23,,,5816,,,,,,,1.0936689376831055,,,,,,,,,,,,,,,,,,,,,,,,,,,,,,,,,,,,
23,,,5817,,,,,,,1.1076807975769043,,,,,,,,,,,,,,,,,,,,,,,,,,,,,,,,,,,,
23,,,5818,,,,,,,1.1438909769058228,,,,,,,,,,,,,,,,,,,,,,,,,,,,,,,,,,,,
23,,,5819,,,,,,,1.0924490690231323,,,,,,,,,,,,,,,,,,,,,,,,,,,,,,,,,,,,
23,,,5820,,,,,,,1.0922770500183105,,,,,,,,,,,,,,,,,,,,,,,,,,,,,,,,,,,,
23,,,5821,,,,,,,1.1068042516708374,,,,,,,,,,,,,,,,,,,,,,,,,,,,,,,,,,,,
23,,,5822,,,,,,,1.0880800485610962,,,,,,,,,,,,,,,,,,,,,,,,,,,,,,,,,,,,
23,,,5823,,,,,,,1.122725486755371,,,,,,,,,,,,,,,,,,,,,,,,,,,,,,,,,,,,
23,,,5824,,,,,,,1.0806711912155151,,,,,,,,,,,,,,,,,,,,,,,,,,,,,,,,,,,,
23,,,5825,,,,,,,1.086683750152588,,,,,,,,,,,,,,,,,,,,,,,,,,,,,,,,,,,,
23,,,5826,,,,,,,1.0852246284484863,,,,,,,,,,,,,,,,,,,,,,,,,,,,,,,,,,,,
23,,,5827,,,,,,,1.081255316734314,,,,,,,,,,,,,,,,,,,,,,,,,,,,,,,,,,,,
23,,,5828,,,,,,,1.103624701499939,,,,,,,,,,,,,,,,,,,,,,,,,,,,,,,,,,,,
23,,,5829,,,,,,,1.1005425453186035,,,,,,,,,,,,,,,,,,,,,,,,,,,,,,,,,,,,
23,,,5830,,,,,,,1.10746169090271,,,,,,,,,,,,,,,,,,,,,,,,,,,,,,,,,,,,
23,,,5831,,,,,,,1.108142614364624,,,,,,,,,,,,,,,,,,,,,,,,,,,,,,,,,,,,
23,,,5832,,,,,,,1.1241238117218018,,,,,,,,,,,,,,,,,,,,,,,,,,,,,,,,,,,,
23,,,5833,,,,,,,1.081632137298584,,,,,,,,,,,,,,,,,,,,,,,,,,,,,,,,,,,,
23,,,5834,,,,,,,1.1096034049987793,,,,,,,,,,,,,,,,,,,,,,,,,,,,,,,,,,,,
23,,,5835,,,,,,,1.0925008058547974,,,,,,,,,,,,,,,,,,,,,,,,,,,,,,,,,,,,
23,,,5836,,,,,,,1.1012234687805176,,,,,,,,,,,,,,,,,,,,,,,,,,,,,,,,,,,,
23,,,5837,,,,,,,1.085662603378296,,,,,,,,,,,,,,,,,,,,,,,,,,,,,,,,,,,,
23,,,5838,,,,,,,1.0945152044296265,,,,,,,,,,,,,,,,,,,,,,,,,,,,,,,,,,,,
23,,,5839,,,,,,,1.1582763195037842,,,,,,,,,,,,,,,,,,,,,,,,,,,,,,,,,,,,
23,,,5840,,,,,,,1.111975908279419,,,,,,,,,,,,,,,,,,,,,,,,,,,,,,,,,,,,
23,,,5841,,,,,,,1.0845898389816284,,,,,,,,,,,,,,,,,,,,,,,,,,,,,,,,,,,,
23,,,5842,,,,,,,1.101686716079712,,,,,,,,,,,,,,,,,,,,,,,,,,,,,,,,,,,,
23,,,5843,,,,,,,1.118378758430481,,,,,,,,,,,,,,,,,,,,,,,,,,,,,,,,,,,,
23,,,5844,,,,,,,1.0996005535125732,,,,,,,,,,,,,,,,,,,,,,,,,,,,,,,,,,,,
23,,,5845,,,,,,,1.0966589450836182,,,,,,,,,,,,,,,,,,,,,,,,,,,,,,,,,,,,
23,,,5846,,,,,,,1.1286782026290894,,,,,,,,,,,,,,,,,,,,,,,,,,,,,,,,,,,,
23,,,5847,,,,,,,1.1953442096710205,,,,,,,,,,,,,,,,,,,,,,,,,,,,,,,,,,,,
23,,,5848,,,,,,,1.105191707611084,,,,,,,,,,,,,,,,,,,,,,,,,,,,,,,,,,,,
23,,,5849,,,,,,,1.096065640449524,,,,,,,,,,,,,,,,,,,,,,,,,,,,,,,,,,,,
23,,,5850,,,,,,,1.1072800159454346,,,,,,,,,,,,,,,,,,,,,,,,,,,,,,,,,,,,
23,,,5851,,,,,,,1.0869210958480835,,,,,,,,,,,,,,,,,,,,,,,,,,,,,,,,,,,,
23,,,5852,,,,,,,1.1044129133224487,,,,,,,,,,,,,,,,,,,,,,,,,,,,,,,,,,,,
23,,,5853,,,,,,,1.111048936843872,,,,,,,,,,,,,,,,,,,,,,,,,,,,,,,,,,,,
23,,,5854,,,,,,,1.0899864435195923,,,,,,,,,,,,,,,,,,,,,,,,,,,,,,,,,,,,
23,,,5855,,,,,,,1.1018564701080322,,,,,,,,,,,,,,,,,,,,,,,,,,,,,,,,,,,,
23,,,5856,,,,,,,1.0974928140640259,,,,,,,,,,,,,,,,,,,,,,,,,,,,,,,,,,,,
23,,,5857,,,,,,,1.0837152004241943,,,,,,,,,,,,,,,,,,,,,,,,,,,,,,,,,,,,
23,,,5858,,,,,,,1.1571913957595825,,,,,,,,,,,,,,,,,,,,,,,,,,,,,,,,,,,,
23,,,5859,,,,,,,1.096112847328186,,,,,,,,,,,,,,,,,,,,,,,,,,,,,,,,,,,,
23,,,5860,,,,,,,1.0876312255859375,,,,,,,,,,,,,,,,,,,,,,,,,,,,,,,,,,,,
23,,,5861,,,,,,,1.0844073295593262,,,,,,,,,,,,,,,,,,,,,,,,,,,,,,,,,,,,
23,,,5862,,,,,,,1.1368292570114136,,,,,,,,,,,,,,,,,,,,,,,,,,,,,,,,,,,,
23,,,5863,,,,,,,1.1211566925048828,,,,,,,,,,,,,,,,,,,,,,,,,,,,,,,,,,,,
23,,,5864,,,,,,,1.0828227996826172,,,,,,,,,,,,,,,,,,,,,,,,,,,,,,,,,,,,
23,,,5865,,,,,,,1.098565936088562,,,,,,,,,,,,,,,,,,,,,,,,,,,,,,,,,,,,
23,,,5866,,,,,,,1.142857551574707,,,,,,,,,,,,,,,,,,,,,,,,,,,,,,,,,,,,
23,,,5867,,,,,,,1.1654771566390991,,,,,,,,,,,,,,,,,,,,,,,,,,,,,,,,,,,,
23,,,5868,,,,,,,1.2349119186401367,,,,,,,,,,,,,,,,,,,,,,,,,,,,,,,,,,,,
23,,,5869,,,,,,,1.1005785465240479,,,,,,,,,,,,,,,,,,,,,,,,,,,,,,,,,,,,
23,,,5870,,,,,,,1.1329331398010254,,,,,,,,,,,,,,,,,,,,,,,,,,,,,,,,,,,,
23,,,5871,,,,,,,1.0877288579940796,,,,,,,,,,,,,,,,,,,,,,,,,,,,,,,,,,,,
23,,,5872,,,,,,,1.204115867614746,,,,,,,,,,,,,,,,,,,,,,,,,,,,,,,,,,,,
23,,,5873,,,,,,,1.1431522369384766,,,,,,,,,,,,,,,,,,,,,,,,,,,,,,,,,,,,
23,,,5874,,,,,,,1.0880451202392578,,,,,,,,,,,,,,,,,,,,,,,,,,,,,,,,,,,,
23,,,5875,,,,,,,1.094391107559204,,,,,,,,,,,,,,,,,,,,,,,,,,,,,,,,,,,,
23,,,5876,,,,,,,1.0995047092437744,,,,,,,,,,,,,,,,,,,,,,,,,,,,,,,,,,,,
23,,,5877,,,,,,,1.0843936204910278,,,,,,,,,,,,,,,,,,,,,,,,,,,,,,,,,,,,
23,,,5878,,,,,,,1.208638310432434,,,,,,,,,,,,,,,,,,,,,,,,,,,,,,,,,,,,
23,,,5879,,,,,,,1.0936697721481323,,,,,,,,,,,,,,,,,,,,,,,,,,,,,,,,,,,,
23,,,5880,,,,,,,1.0986276865005493,,,,,,,,,,,,,,,,,,,,,,,,,,,,,,,,,,,,
23,,,5881,,,,,,,1.085666298866272,,,,,,,,,,,,,,,,,,,,,,,,,,,,,,,,,,,,
23,,,5882,,,,,,,1.0940158367156982,,,,,,,,,,,,,,,,,,,,,,,,,,,,,,,,,,,,
23,,,5883,,,,,,,1.0813918113708496,,,,,,,,,,,,,,,,,,,,,,,,,,,,,,,,,,,,
23,,,5884,,,,,,,1.1186374425888062,,,,,,,,,,,,,,,,,,,,,,,,,,,,,,,,,,,,
23,,,5885,,,,,,,1.085432767868042,,,,,,,,,,,,,,,,,,,,,,,,,,,,,,,,,,,,
23,,,5886,,,,,,,1.109174370765686,,,,,,,,,,,,,,,,,,,,,,,,,,,,,,,,,,,,
23,,,5887,,,,,,,1.128046989440918,,,,,,,,,,,,,,,,,,,,,,,,,,,,,,,,,,,,
23,,,5888,,,,,,,1.1070197820663452,,,,,,,,,,,,,,,,,,,,,,,,,,,,,,,,,,,,
23,,,5889,,,,,,,1.0921549797058105,,,,,,,,,,,,,,,,,,,,,,,,,,,,,,,,,,,,
23,,,5890,,,,,,,1.1074520349502563,,,,,,,,,,,,,,,,,,,,,,,,,,,,,,,,,,,,
23,,,5891,,,,,,,1.121218204498291,,,,,,,,,,,,,,,,,,,,,,,,,,,,,,,,,,,,
23,,,5892,,,,,,,1.1426492929458618,,,,,,,,,,,,,,,,,,,,,,,,,,,,,,,,,,,,
23,,,5893,,,,,,,1.0856237411499023,,,,,,,,,,,,,,,,,,,,,,,,,,,,,,,,,,,,
23,,,5894,,,,,,,1.0890860557556152,,,,,,,,,,,,,,,,,,,,,,,,,,,,,,,,,,,,
23,,,5895,,,,,,,1.1072031259536743,,,,,,,,,,,,,,,,,,,,,,,,,,,,,,,,,,,,
23,,,5896,,,,,,,1.2450132369995117,,,,,,,,,,,,,,,,,,,,,,,,,,,,,,,,,,,,
23,,,5897,,,,,,,1.182626485824585,,,,,,,,,,,,,,,,,,,,,,,,,,,,,,,,,,,,
23,,,5898,,,,,,,1.260027527809143,,,,,,,,,,,,,,,,,,,,,,,,,,,,,,,,,,,,
23,,,5899,,,,,,,1.1796252727508545,,,,,,,,,,,,,,,,,,,,,,,,,,,,,,,,,,,,
23,,,5900,,,,,,,1.0870674848556519,,,,,,,,,,,,,,,,,,,,,,,,,,,,,,,,,,,,
23,,,5901,,,,,,,1.0890507698059082,,,,,,,,,,,,,,,,,,,,,,,,,,,,,,,,,,,,
23,,,5902,,,,,,,1.0848339796066284,,,,,,,,,,,,,,,,,,,,,,,,,,,,,,,,,,,,
23,,,5903,,,,,,,1.0912238359451294,,,,,,,,,,,,,,,,,,,,,,,,,,,,,,,,,,,,
23,,,5904,,,,,,,1.0984019041061401,,,,,,,,,,,,,,,,,,,,,,,,,,,,,,,,,,,,
23,,,5905,,,,,,,1.0894776582717896,,,,,,,,,,,,,,,,,,,,,,,,,,,,,,,,,,,,
23,,,5906,,,,,,,1.1323890686035156,,,,,,,,,,,,,,,,,,,,,,,,,,,,,,,,,,,,
23,,,5907,,,,,,,1.1585407257080078,,,,,,,,,,,,,,,,,,,,,,,,,,,,,,,,,,,,
23,,,5908,,,,,,,1.0804228782653809,,,,,,,,,,,,,,,,,,,,,,,,,,,,,,,,,,,,
23,,,5909,,,,,,,1.086692214012146,,,,,,,,,,,,,,,,,,,,,,,,,,,,,,,,,,,,
23,,,5910,,,,,,,1.0827521085739136,,,,,,,,,,,,,,,,,,,,,,,,,,,,,,,,,,,,
23,,,5911,,,,,,,1.1131272315979004,,,,,,,,,,,,,,,,,,,,,,,,,,,,,,,,,,,,
23,,,5912,,,,,,,1.2799863815307617,,,,,,,,,,,,,,,,,,,,,,,,,,,,,,,,,,,,
23,,,5913,,,,,,,1.095943808555603,,,,,,,,,,,,,,,,,,,,,,,,,,,,,,,,,,,,
23,,,5914,,,,,,,1.0996060371398926,,,,,,,,,,,,,,,,,,,,,,,,,,,,,,,,,,,,
23,,,5915,,,,,,,1.1226532459259033,,,,,,,,,,,,,,,,,,,,,,,,,,,,,,,,,,,,
23,,,5916,,,,,,,1.0858560800552368,,,,,,,,,,,,,,,,,,,,,,,,,,,,,,,,,,,,
23,,,5917,,,,,,,1.089138150215149,,,,,,,,,,,,,,,,,,,,,,,,,,,,,,,,,,,,
23,,,5918,,,,,,,1.0965774059295654,,,,,,,,,,,,,,,,,,,,,,,,,,,,,,,,,,,,
23,,,5919,,,,,,,1.0990355014801025,,,,,,,,,,,,,,,,,,,,,,,,,,,,,,,,,,,,
23,,,5920,,,,,,,1.113775372505188,,,,,,,,,,,,,,,,,,,,,,,,,,,,,,,,,,,,
23,,,5921,,,,,,,1.0880773067474365,,,,,,,,,,,,,,,,,,,,,,,,,,,,,,,,,,,,
23,,,5922,,,,,,,1.1078596115112305,,,,,,,,,,,,,,,,,,,,,,,,,,,,,,,,,,,,
23,,,5923,,,,,,,1.080143928527832,,,,,,,,,,,,,,,,,,,,,,,,,,,,,,,,,,,,
23,,,5924,,,,,,,1.097834825515747,,,,,,,,,,,,,,,,,,,,,,,,,,,,,,,,,,,,
23,,,5925,,,,,,,1.1772234439849854,,,,,,,,,,,,,,,,,,,,,,,,,,,,,,,,,,,,
23,,,5926,,,,,,,1.1167702674865723,,,,,,,,,,,,,,,,,,,,,,,,,,,,,,,,,,,,
23,,,5927,,,,,,,1.0923064947128296,,,,,,,,,,,,,,,,,,,,,,,,,,,,,,,,,,,,
23,,,5928,,,,,,,1.0874186754226685,,,,,,,,,,,,,,,,,,,,,,,,,,,,,,,,,,,,
23,,,5929,,,,,,,1.204371690750122,,,,,,,,,,,,,,,,,,,,,,,,,,,,,,,,,,,,
23,,,5930,,,,,,,1.0842534303665161,,,,,,,,,,,,,,,,,,,,,,,,,,,,,,,,,,,,
23,,,5931,,,,,,,1.2636326551437378,,,,,,,,,,,,,,,,,,,,,,,,,,,,,,,,,,,,
23,,,5932,,,,,,,1.1330888271331787,,,,,,,,,,,,,,,,,,,,,,,,,,,,,,,,,,,,
23,,,5933,,,,,,,1.0966196060180664,,,,,,,,,,,,,,,,,,,,,,,,,,,,,,,,,,,,
23,,,5934,,,,,,,1.1179804801940918,,,,,,,,,,,,,,,,,,,,,,,,,,,,,,,,,,,,
23,,,5935,,,,,,,1.1359617710113525,,,,,,,,,,,,,,,,,,,,,,,,,,,,,,,,,,,,
23,,,5936,,,,,,,1.0886749029159546,,,,,,,,,,,,,,,,,,,,,,,,,,,,,,,,,,,,
23,,,5937,,,,,,,1.1052476167678833,,,,,,,,,,,,,,,,,,,,,,,,,,,,,,,,,,,,
23,,,5938,,,,,,,1.1172736883163452,,,,,,,,,,,,,,,,,,,,,,,,,,,,,,,,,,,,
23,,,5939,,,,,,,1.0991852283477783,,,,,,,,,,,,,,,,,,,,,,,,,,,,,,,,,,,,
23,,,5940,,,,,,,1.1547260284423828,,,,,,,,,,,,,,,,,,,,,,,,,,,,,,,,,,,,
23,,,5941,,,,,,,1.089508056640625,,,,,,,,,,,,,,,,,,,,,,,,,,,,,,,,,,,,
23,,,5942,,,,,,,1.2290655374526978,,,,,,,,,,,,,,,,,,,,,,,,,,,,,,,,,,,,
23,,,5943,,,,,,,1.1059861183166504,,,,,,,,,,,,,,,,,,,,,,,,,,,,,,,,,,,,
23,,,5944,,,,,,,1.1016600131988525,,,,,,,,,,,,,,,,,,,,,,,,,,,,,,,,,,,,
23,,,5945,,,,,,,1.0961285829544067,,,,,,,,,,,,,,,,,,,,,,,,,,,,,,,,,,,,
23,,,5946,,,,,,,1.098698377609253,,,,,,,,,,,,,,,,,,,,,,,,,,,,,,,,,,,,
23,,,5947,,,,,,,1.107759714126587,,,,,,,,,,,,,,,,,,,,,,,,,,,,,,,,,,,,
23,,,5948,,,,,,,1.1134638786315918,,,,,,,,,,,,,,,,,,,,,,,,,,,,,,,,,,,,
23,,,5949,,,,,,,1.0942177772521973,,,,,,,,,,,,,,,,,,,,,,,,,,,,,,,,,,,,
23,,,5950,,,,,,,1.1438050270080566,,,,,,,,,,,,,,,,,,,,,,,,,,,,,,,,,,,,
23,,,5951,,,,,,,1.1775959730148315,,,,,,,,,,,,,,,,,,,,,,,,,,,,,,,,,,,,
23,,,5952,,,,,,,1.0860812664031982,,,,,,,,,,,,,,,,,,,,,,,,,,,,,,,,,,,,
23,,,5953,,,,,,,1.0858336687088013,,,,,,,,,,,,,,,,,,,,,,,,,,,,,,,,,,,,
23,,,5954,,,,,,,1.0870060920715332,,,,,,,,,,,,,,,,,,,,,,,,,,,,,,,,,,,,
23,,,5955,,,,,,,1.093945026397705,,,,,,,,,,,,,,,,,,,,,,,,,,,,,,,,,,,,
23,,,5956,,,,,,,1.1312813758850098,,,,,,,,,,,,,,,,,,,,,,,,,,,,,,,,,,,,
23,,,5957,,,,,,,1.1169376373291016,,,,,,,,,,,,,,,,,,,,,,,,,,,,,,,,,,,,
23,,,5958,,,,,,,1.0813506841659546,,,,,,,,,,,,,,,,,,,,,,,,,,,,,,,,,,,,
23,,,5959,,,,,,,1.108025312423706,,,,,,,,,,,,,,,,,,,,,,,,,,,,,,,,,,,,
23,,,5960,,,,,,,1.084251880645752,,,,,,,,,,,,,,,,,,,,,,,,,,,,,,,,,,,,
23,,,5961,,,,,,,1.1006473302841187,,,,,,,,,,,,,,,,,,,,,,,,,,,,,,,,,,,,
23,,,5962,,,,,,,1.0976934432983398,,,,,,,,,,,,,,,,,,,,,,,,,,,,,,,,,,,,
23,,,5963,,,,,,,1.1413557529449463,,,,,,,,,,,,,,,,,,,,,,,,,,,,,,,,,,,,
23,,,5964,,,,,,,1.1196967363357544,,,,,,,,,,,,,,,,,,,,,,,,,,,,,,,,,,,,
23,,,5965,,,,,,,1.0947307348251343,,,,,,,,,,,,,,,,,,,,,,,,,,,,,,,,,,,,
23,,,5966,,,,,,,1.1348521709442139,,,,,,,,,,,,,,,,,,,,,,,,,,,,,,,,,,,,
23,,,5967,,,,,,,1.1038739681243896,,,,,,,,,,,,,,,,,,,,,,,,,,,,,,,,,,,,
23,,,5968,,,,,,,1.0932508707046509,,,,,,,,,,,,,,,,,,,,,,,,,,,,,,,,,,,,
23,,,5969,,,,,,,1.10007643699646,,,,,,,,,,,,,,,,,,,,,,,,,,,,,,,,,,,,
23,,,5970,,,,,,,1.0800880193710327,,,,,,,,,,,,,,,,,,,,,,,,,,,,,,,,,,,,
23,,,5971,,,,,,,1.140437364578247,,,,,,,,,,,,,,,,,,,,,,,,,,,,,,,,,,,,
23,,,5972,,,,,,,1.1068458557128906,,,,,,,,,,,,,,,,,,,,,,,,,,,,,,,,,,,,
23,,,5973,,,,,,,1.1225190162658691,,,,,,,,,,,,,,,,,,,,,,,,,,,,,,,,,,,,
23,,,5974,,,,,,,1.0801912546157837,,,,,,,,,,,,,,,,,,,,,,,,,,,,,,,,,,,,
23,,,5975,,,,,,,1.1892478466033936,,,,,,,,,,,,,,,,,,,,,,,,,,,,,,,,,,,,
23,,,5976,,,,,,,1.1290011405944824,,,,,,,,,,,,,,,,,,,,,,,,,,,,,,,,,,,,
23,,,5977,,,,,,,1.0847187042236328,,,,,,,,,,,,,,,,,,,,,,,,,,,,,,,,,,,,
23,,,5978,,,,,,,1.0939304828643799,,,,,,,,,,,,,,,,,,,,,,,,,,,,,,,,,,,,
23,,,5979,,,,,,,1.081919550895691,,,,,,,,,,,,,,,,,,,,,,,,,,,,,,,,,,,,
23,,,5980,,,,,,,1.1034283638000488,,,,,,,,,,,,,,,,,,,,,,,,,,,,,,,,,,,,
23,,,5981,,,,,,,1.0912507772445679,,,,,,,,,,,,,,,,,,,,,,,,,,,,,,,,,,,,
23,,,5982,,,,,,,1.084031581878662,,,,,,,,,,,,,,,,,,,,,,,,,,,,,,,,,,,,
23,,,5983,,,,,,,1.0901480913162231,,,,,,,,,,,,,,,,,,,,,,,,,,,,,,,,,,,,
23,,,5984,,,,,,,1.089123249053955,,,,,,,,,,,,,,,,,,,,,,,,,,,,,,,,,,,,
23,,,5985,,,,,,,1.0948827266693115,,,,,,,,,,,,,,,,,,,,,,,,,,,,,,,,,,,,
23,,,5986,,,,,,,1.0853703022003174,,,,,,,,,,,,,,,,,,,,,,,,,,,,,,,,,,,,
23,,,5987,,,,,,,1.109751582145691,,,,,,,,,,,,,,,,,,,,,,,,,,,,,,,,,,,,
23,,,5988,,,,,,,1.106313705444336,,,,,,,,,,,,,,,,,,,,,,,,,,,,,,,,,,,,
23,,,5989,,,,,,,1.0985379219055176,,,,,,,,,,,,,,,,,,,,,,,,,,,,,,,,,,,,
23,,,5990,,,,,,,1.093860149383545,,,,,,,,,,,,,,,,,,,,,,,,,,,,,,,,,,,,
23,,,5991,,,,,,,1.1404896974563599,,,,,,,,,,,,,,,,,,,,,,,,,,,,,,,,,,,,
23,,,5992,,,,,,,1.1194413900375366,,,,,,,,,,,,,,,,,,,,,,,,,,,,,,,,,,,,
23,,,5993,,,,,,,1.0864921808242798,,,,,,,,,,,,,,,,,,,,,,,,,,,,,,,,,,,,
23,,,5994,,,,,,,1.088715672492981,,,,,,,,,,,,,,,,,,,,,,,,,,,,,,,,,,,,
23,,,5995,,,,,,,1.0867252349853516,,,,,,,,,,,,,,,,,,,,,,,,,,,,,,,,,,,,
23,,,5996,,,,,,,1.0937371253967285,,,,,,,,,,,,,,,,,,,,,,,,,,,,,,,,,,,,
23,,,5997,,,,,,,1.1156611442565918,,,,,,,,,,,,,,,,,,,,,,,,,,,,,,,,,,,,
23,,,5998,,,,,,,1.0886205434799194,,,,,,,,,,,,,,,,,,,,,,,,,,,,,,,,,,,,
23,,,5999,,,,,,,1.0835800170898438,,,,,,,,,,,,,,,,,,,,,,,,,,,,,,,,,,,,
23,,,5999,,,,,,,,,,0.19707879424095154,0.004056436009705067,0.6748046875,1.349609375,53.0732421875,0.6748046875,271790.65625,0.837672233581543,0.837672233581543,1.0,0.2931022644042969,53.0732421875,0.6748046875,0.9235668182373047,0.04699733853340149,22118.0,0.0018366954755038023,0.002721817698329687,0.4116361737251282,0.6100078821182251,0.005419453606009483,1475.0,0.016874998807907104,0.025007233023643494,0.2628594636917114,0.3895341157913208,0.013736169785261154,7373.0,0.004700424615293741,0.006965607404708862,0.3310298025608063,0.4905564486980438,0.01623004674911499,0.00035992596531286836
23,,20.0,5999,263795.90625,0.8514468669891357,0.8533630967140198,1.1087971925735474,0.8533630967140198,1.0,,0.30213475227355957,0.9135000109672546,,,,,,,,,,,,,,,,,,,,,,,,,,,,,,,,,,
,0.00010364745084375787,,6000,,,,,,,,,,,,,,,,,,,,,,,,,,,,,,,,,,,,,,,,,,,
24,,,6000,,,,,,,1.0904476642608643,,,,,,,,,,,,,,,,,,,,,,,,,,,,,,,,,,,,
24,,,6001,,,,,,,1.0848455429077148,,,,,,,,,,,,,,,,,,,,,,,,,,,,,,,,,,,,
24,,,6002,,,,,,,1.0836809873580933,,,,,,,,,,,,,,,,,,,,,,,,,,,,,,,,,,,,
24,,,6003,,,,,,,1.1083401441574097,,,,,,,,,,,,,,,,,,,,,,,,,,,,,,,,,,,,
24,,,6004,,,,,,,1.0887378454208374,,,,,,,,,,,,,,,,,,,,,,,,,,,,,,,,,,,,
24,,,6005,,,,,,,1.0991183519363403,,,,,,,,,,,,,,,,,,,,,,,,,,,,,,,,,,,,
24,,,6006,,,,,,,1.105340600013733,,,,,,,,,,,,,,,,,,,,,,,,,,,,,,,,,,,,
24,,,6007,,,,,,,1.095050573348999,,,,,,,,,,,,,,,,,,,,,,,,,,,,,,,,,,,,
24,,,6008,,,,,,,1.0819761753082275,,,,,,,,,,,,,,,,,,,,,,,,,,,,,,,,,,,,
24,,,6009,,,,,,,1.1028741598129272,,,,,,,,,,,,,,,,,,,,,,,,,,,,,,,,,,,,
24,,,6010,,,,,,,1.0946978330612183,,,,,,,,,,,,,,,,,,,,,,,,,,,,,,,,,,,,
24,,,6011,,,,,,,1.154712438583374,,,,,,,,,,,,,,,,,,,,,,,,,,,,,,,,,,,,
24,,,6012,,,,,,,1.0812114477157593,,,,,,,,,,,,,,,,,,,,,,,,,,,,,,,,,,,,
24,,,6013,,,,,,,1.0840681791305542,,,,,,,,,,,,,,,,,,,,,,,,,,,,,,,,,,,,
24,,,6014,,,,,,,1.1111395359039307,,,,,,,,,,,,,,,,,,,,,,,,,,,,,,,,,,,,
24,,,6015,,,,,,,1.0887844562530518,,,,,,,,,,,,,,,,,,,,,,,,,,,,,,,,,,,,
24,,,6016,,,,,,,1.0931599140167236,,,,,,,,,,,,,,,,,,,,,,,,,,,,,,,,,,,,
24,,,6017,,,,,,,1.1317929029464722,,,,,,,,,,,,,,,,,,,,,,,,,,,,,,,,,,,,
24,,,6018,,,,,,,1.089074730873108,,,,,,,,,,,,,,,,,,,,,,,,,,,,,,,,,,,,
24,,,6019,,,,,,,1.0900523662567139,,,,,,,,,,,,,,,,,,,,,,,,,,,,,,,,,,,,
24,,,6020,,,,,,,1.119163990020752,,,,,,,,,,,,,,,,,,,,,,,,,,,,,,,,,,,,
24,,,6021,,,,,,,1.0876721143722534,,,,,,,,,,,,,,,,,,,,,,,,,,,,,,,,,,,,
24,,,6022,,,,,,,1.0844477415084839,,,,,,,,,,,,,,,,,,,,,,,,,,,,,,,,,,,,
24,,,6023,,,,,,,1.1064095497131348,,,,,,,,,,,,,,,,,,,,,,,,,,,,,,,,,,,,
24,,,6024,,,,,,,1.0868278741836548,,,,,,,,,,,,,,,,,,,,,,,,,,,,,,,,,,,,
24,,,6025,,,,,,,1.103841781616211,,,,,,,,,,,,,,,,,,,,,,,,,,,,,,,,,,,,
24,,,6026,,,,,,,1.0864055156707764,,,,,,,,,,,,,,,,,,,,,,,,,,,,,,,,,,,,
24,,,6027,,,,,,,1.0925761461257935,,,,,,,,,,,,,,,,,,,,,,,,,,,,,,,,,,,,
24,,,6028,,,,,,,1.0859898328781128,,,,,,,,,,,,,,,,,,,,,,,,,,,,,,,,,,,,
24,,,6029,,,,,,,1.1229369640350342,,,,,,,,,,,,,,,,,,,,,,,,,,,,,,,,,,,,
24,,,6030,,,,,,,1.0948255062103271,,,,,,,,,,,,,,,,,,,,,,,,,,,,,,,,,,,,
24,,,6031,,,,,,,1.1022964715957642,,,,,,,,,,,,,,,,,,,,,,,,,,,,,,,,,,,,
24,,,6032,,,,,,,1.0888800621032715,,,,,,,,,,,,,,,,,,,,,,,,,,,,,,,,,,,,
24,,,6033,,,,,,,1.1177000999450684,,,,,,,,,,,,,,,,,,,,,,,,,,,,,,,,,,,,
24,,,6034,,,,,,,1.081824779510498,,,,,,,,,,,,,,,,,,,,,,,,,,,,,,,,,,,,
24,,,6035,,,,,,,1.1936699151992798,,,,,,,,,,,,,,,,,,,,,,,,,,,,,,,,,,,,
24,,,6036,,,,,,,1.1483471393585205,,,,,,,,,,,,,,,,,,,,,,,,,,,,,,,,,,,,
24,,,6037,,,,,,,1.119036078453064,,,,,,,,,,,,,,,,,,,,,,,,,,,,,,,,,,,,
24,,,6038,,,,,,,1.125796914100647,,,,,,,,,,,,,,,,,,,,,,,,,,,,,,,,,,,,
24,,,6039,,,,,,,1.1345694065093994,,,,,,,,,,,,,,,,,,,,,,,,,,,,,,,,,,,,
24,,,6040,,,,,,,1.1192675828933716,,,,,,,,,,,,,,,,,,,,,,,,,,,,,,,,,,,,
24,,,6041,,,,,,,1.0878043174743652,,,,,,,,,,,,,,,,,,,,,,,,,,,,,,,,,,,,
24,,,6042,,,,,,,1.0869343280792236,,,,,,,,,,,,,,,,,,,,,,,,,,,,,,,,,,,,
24,,,6043,,,,,,,1.0858373641967773,,,,,,,,,,,,,,,,,,,,,,,,,,,,,,,,,,,,
24,,,6044,,,,,,,1.0860810279846191,,,,,,,,,,,,,,,,,,,,,,,,,,,,,,,,,,,,
24,,,6045,,,,,,,1.0996432304382324,,,,,,,,,,,,,,,,,,,,,,,,,,,,,,,,,,,,
24,,,6046,,,,,,,1.0847382545471191,,,,,,,,,,,,,,,,,,,,,,,,,,,,,,,,,,,,
24,,,6047,,,,,,,1.0854156017303467,,,,,,,,,,,,,,,,,,,,,,,,,,,,,,,,,,,,
24,,,6048,,,,,,,1.0926055908203125,,,,,,,,,,,,,,,,,,,,,,,,,,,,,,,,,,,,
24,,,6049,,,,,,,1.1072062253952026,,,,,,,,,,,,,,,,,,,,,,,,,,,,,,,,,,,,
24,,,6050,,,,,,,1.0823661088943481,,,,,,,,,,,,,,,,,,,,,,,,,,,,,,,,,,,,
24,,,6051,,,,,,,1.0965632200241089,,,,,,,,,,,,,,,,,,,,,,,,,,,,,,,,,,,,
24,,,6052,,,,,,,1.085192322731018,,,,,,,,,,,,,,,,,,,,,,,,,,,,,,,,,,,,
24,,,6053,,,,,,,1.1611582040786743,,,,,,,,,,,,,,,,,,,,,,,,,,,,,,,,,,,,
24,,,6054,,,,,,,1.0941553115844727,,,,,,,,,,,,,,,,,,,,,,,,,,,,,,,,,,,,
24,,,6055,,,,,,,1.0813549757003784,,,,,,,,,,,,,,,,,,,,,,,,,,,,,,,,,,,,
24,,,6056,,,,,,,1.0883522033691406,,,,,,,,,,,,,,,,,,,,,,,,,,,,,,,,,,,,
24,,,6057,,,,,,,1.1066209077835083,,,,,,,,,,,,,,,,,,,,,,,,,,,,,,,,,,,,
24,,,6058,,,,,,,1.0986151695251465,,,,,,,,,,,,,,,,,,,,,,,,,,,,,,,,,,,,
24,,,6059,,,,,,,1.1057448387145996,,,,,,,,,,,,,,,,,,,,,,,,,,,,,,,,,,,,
24,,,6060,,,,,,,1.1503322124481201,,,,,,,,,,,,,,,,,,,,,,,,,,,,,,,,,,,,
24,,,6061,,,,,,,1.1160318851470947,,,,,,,,,,,,,,,,,,,,,,,,,,,,,,,,,,,,
24,,,6062,,,,,,,1.1094003915786743,,,,,,,,,,,,,,,,,,,,,,,,,,,,,,,,,,,,
24,,,6063,,,,,,,1.0984573364257812,,,,,,,,,,,,,,,,,,,,,,,,,,,,,,,,,,,,
24,,,6064,,,,,,,1.0991778373718262,,,,,,,,,,,,,,,,,,,,,,,,,,,,,,,,,,,,
24,,,6065,,,,,,,1.0882292985916138,,,,,,,,,,,,,,,,,,,,,,,,,,,,,,,,,,,,
24,,,6066,,,,,,,1.099047064781189,,,,,,,,,,,,,,,,,,,,,,,,,,,,,,,,,,,,
24,,,6067,,,,,,,1.1362535953521729,,,,,,,,,,,,,,,,,,,,,,,,,,,,,,,,,,,,
24,,,6068,,,,,,,1.0993281602859497,,,,,,,,,,,,,,,,,,,,,,,,,,,,,,,,,,,,
24,,,6069,,,,,,,1.093285083770752,,,,,,,,,,,,,,,,,,,,,,,,,,,,,,,,,,,,
24,,,6070,,,,,,,1.0911846160888672,,,,,,,,,,,,,,,,,,,,,,,,,,,,,,,,,,,,
24,,,6071,,,,,,,1.0869795083999634,,,,,,,,,,,,,,,,,,,,,,,,,,,,,,,,,,,,
24,,,6072,,,,,,,1.1611446142196655,,,,,,,,,,,,,,,,,,,,,,,,,,,,,,,,,,,,
24,,,6073,,,,,,,1.0975679159164429,,,,,,,,,,,,,,,,,,,,,,,,,,,,,,,,,,,,
24,,,6074,,,,,,,1.0906866788864136,,,,,,,,,,,,,,,,,,,,,,,,,,,,,,,,,,,,
24,,,6075,,,,,,,1.1155292987823486,,,,,,,,,,,,,,,,,,,,,,,,,,,,,,,,,,,,
24,,,6076,,,,,,,1.0870165824890137,,,,,,,,,,,,,,,,,,,,,,,,,,,,,,,,,,,,
24,,,6077,,,,,,,1.0890758037567139,,,,,,,,,,,,,,,,,,,,,,,,,,,,,,,,,,,,
24,,,6078,,,,,,,1.091018557548523,,,,,,,,,,,,,,,,,,,,,,,,,,,,,,,,,,,,
24,,,6079,,,,,,,1.0947543382644653,,,,,,,,,,,,,,,,,,,,,,,,,,,,,,,,,,,,
24,,,6080,,,,,,,1.141377329826355,,,,,,,,,,,,,,,,,,,,,,,,,,,,,,,,,,,,
24,,,6081,,,,,,,1.0912561416625977,,,,,,,,,,,,,,,,,,,,,,,,,,,,,,,,,,,,
24,,,6082,,,,,,,1.0852470397949219,,,,,,,,,,,,,,,,,,,,,,,,,,,,,,,,,,,,
24,,,6083,,,,,,,1.1052948236465454,,,,,,,,,,,,,,,,,,,,,,,,,,,,,,,,,,,,
24,,,6084,,,,,,,1.0848965644836426,,,,,,,,,,,,,,,,,,,,,,,,,,,,,,,,,,,,
24,,,6085,,,,,,,1.1053978204727173,,,,,,,,,,,,,,,,,,,,,,,,,,,,,,,,,,,,
24,,,6086,,,,,,,1.1112000942230225,,,,,,,,,,,,,,,,,,,,,,,,,,,,,,,,,,,,
24,,,6087,,,,,,,1.1006569862365723,,,,,,,,,,,,,,,,,,,,,,,,,,,,,,,,,,,,
24,,,6088,,,,,,,1.0954296588897705,,,,,,,,,,,,,,,,,,,,,,,,,,,,,,,,,,,,
24,,,6089,,,,,,,1.0936943292617798,,,,,,,,,,,,,,,,,,,,,,,,,,,,,,,,,,,,
24,,,6090,,,,,,,1.1964731216430664,,,,,,,,,,,,,,,,,,,,,,,,,,,,,,,,,,,,
24,,,6091,,,,,,,1.0913972854614258,,,,,,,,,,,,,,,,,,,,,,,,,,,,,,,,,,,,
24,,,6092,,,,,,,1.1508207321166992,,,,,,,,,,,,,,,,,,,,,,,,,,,,,,,,,,,,
24,,,6093,,,,,,,1.0948002338409424,,,,,,,,,,,,,,,,,,,,,,,,,,,,,,,,,,,,
24,,,6094,,,,,,,1.094541311264038,,,,,,,,,,,,,,,,,,,,,,,,,,,,,,,,,,,,
24,,,6095,,,,,,,1.1040204763412476,,,,,,,,,,,,,,,,,,,,,,,,,,,,,,,,,,,,
24,,,6096,,,,,,,1.1194565296173096,,,,,,,,,,,,,,,,,,,,,,,,,,,,,,,,,,,,
24,,,6097,,,,,,,1.0939949750900269,,,,,,,,,,,,,,,,,,,,,,,,,,,,,,,,,,,,
24,,,6098,,,,,,,1.0848915576934814,,,,,,,,,,,,,,,,,,,,,,,,,,,,,,,,,,,,
24,,,6099,,,,,,,1.121494174003601,,,,,,,,,,,,,,,,,,,,,,,,,,,,,,,,,,,,
24,,,6100,,,,,,,1.0850025415420532,,,,,,,,,,,,,,,,,,,,,,,,,,,,,,,,,,,,
24,,,6101,,,,,,,1.0833523273468018,,,,,,,,,,,,,,,,,,,,,,,,,,,,,,,,,,,,
24,,,6102,,,,,,,1.2224602699279785,,,,,,,,,,,,,,,,,,,,,,,,,,,,,,,,,,,,
24,,,6103,,,,,,,1.087146282196045,,,,,,,,,,,,,,,,,,,,,,,,,,,,,,,,,,,,
24,,,6104,,,,,,,1.1319385766983032,,,,,,,,,,,,,,,,,,,,,,,,,,,,,,,,,,,,
24,,,6105,,,,,,,1.0880709886550903,,,,,,,,,,,,,,,,,,,,,,,,,,,,,,,,,,,,
24,,,6106,,,,,,,1.08730149269104,,,,,,,,,,,,,,,,,,,,,,,,,,,,,,,,,,,,
24,,,6107,,,,,,,1.123400092124939,,,,,,,,,,,,,,,,,,,,,,,,,,,,,,,,,,,,
24,,,6108,,,,,,,1.1368623971939087,,,,,,,,,,,,,,,,,,,,,,,,,,,,,,,,,,,,
24,,,6109,,,,,,,1.092154622077942,,,,,,,,,,,,,,,,,,,,,,,,,,,,,,,,,,,,
24,,,6110,,,,,,,1.0841789245605469,,,,,,,,,,,,,,,,,,,,,,,,,,,,,,,,,,,,
24,,,6111,,,,,,,1.1610424518585205,,,,,,,,,,,,,,,,,,,,,,,,,,,,,,,,,,,,
24,,,6112,,,,,,,1.0894765853881836,,,,,,,,,,,,,,,,,,,,,,,,,,,,,,,,,,,,
24,,,6113,,,,,,,1.0837721824645996,,,,,,,,,,,,,,,,,,,,,,,,,,,,,,,,,,,,
24,,,6114,,,,,,,1.1094024181365967,,,,,,,,,,,,,,,,,,,,,,,,,,,,,,,,,,,,
24,,,6115,,,,,,,1.1074421405792236,,,,,,,,,,,,,,,,,,,,,,,,,,,,,,,,,,,,
24,,,6116,,,,,,,1.0949392318725586,,,,,,,,,,,,,,,,,,,,,,,,,,,,,,,,,,,,
24,,,6117,,,,,,,1.0834534168243408,,,,,,,,,,,,,,,,,,,,,,,,,,,,,,,,,,,,
24,,,6118,,,,,,,1.103655219078064,,,,,,,,,,,,,,,,,,,,,,,,,,,,,,,,,,,,
24,,,6119,,,,,,,1.0894896984100342,,,,,,,,,,,,,,,,,,,,,,,,,,,,,,,,,,,,
24,,,6120,,,,,,,1.1146327257156372,,,,,,,,,,,,,,,,,,,,,,,,,,,,,,,,,,,,
24,,,6121,,,,,,,1.1610697507858276,,,,,,,,,,,,,,,,,,,,,,,,,,,,,,,,,,,,
24,,,6122,,,,,,,1.1024729013442993,,,,,,,,,,,,,,,,,,,,,,,,,,,,,,,,,,,,
24,,,6123,,,,,,,1.1537654399871826,,,,,,,,,,,,,,,,,,,,,,,,,,,,,,,,,,,,
24,,,6124,,,,,,,1.1078224182128906,,,,,,,,,,,,,,,,,,,,,,,,,,,,,,,,,,,,
24,,,6125,,,,,,,1.0869863033294678,,,,,,,,,,,,,,,,,,,,,,,,,,,,,,,,,,,,
24,,,6126,,,,,,,1.099555492401123,,,,,,,,,,,,,,,,,,,,,,,,,,,,,,,,,,,,
24,,,6127,,,,,,,1.0849902629852295,,,,,,,,,,,,,,,,,,,,,,,,,,,,,,,,,,,,
24,,,6128,,,,,,,1.082197904586792,,,,,,,,,,,,,,,,,,,,,,,,,,,,,,,,,,,,
24,,,6129,,,,,,,1.1009527444839478,,,,,,,,,,,,,,,,,,,,,,,,,,,,,,,,,,,,
24,,,6130,,,,,,,1.1023313999176025,,,,,,,,,,,,,,,,,,,,,,,,,,,,,,,,,,,,
24,,,6131,,,,,,,1.1065088510513306,,,,,,,,,,,,,,,,,,,,,,,,,,,,,,,,,,,,
24,,,6132,,,,,,,1.1018524169921875,,,,,,,,,,,,,,,,,,,,,,,,,,,,,,,,,,,,
24,,,6133,,,,,,,1.1009774208068848,,,,,,,,,,,,,,,,,,,,,,,,,,,,,,,,,,,,
24,,,6134,,,,,,,1.0958765745162964,,,,,,,,,,,,,,,,,,,,,,,,,,,,,,,,,,,,
24,,,6135,,,,,,,1.1116808652877808,,,,,,,,,,,,,,,,,,,,,,,,,,,,,,,,,,,,
24,,,6136,,,,,,,1.1019935607910156,,,,,,,,,,,,,,,,,,,,,,,,,,,,,,,,,,,,
24,,,6137,,,,,,,1.0891941785812378,,,,,,,,,,,,,,,,,,,,,,,,,,,,,,,,,,,,
24,,,6138,,,,,,,1.1228586435317993,,,,,,,,,,,,,,,,,,,,,,,,,,,,,,,,,,,,
24,,,6139,,,,,,,1.1181714534759521,,,,,,,,,,,,,,,,,,,,,,,,,,,,,,,,,,,,
24,,,6140,,,,,,,1.098681092262268,,,,,,,,,,,,,,,,,,,,,,,,,,,,,,,,,,,,
24,,,6141,,,,,,,1.1203627586364746,,,,,,,,,,,,,,,,,,,,,,,,,,,,,,,,,,,,
24,,,6142,,,,,,,1.1127305030822754,,,,,,,,,,,,,,,,,,,,,,,,,,,,,,,,,,,,
24,,,6143,,,,,,,1.1328673362731934,,,,,,,,,,,,,,,,,,,,,,,,,,,,,,,,,,,,
24,,,6144,,,,,,,1.1877925395965576,,,,,,,,,,,,,,,,,,,,,,,,,,,,,,,,,,,,
24,,,6145,,,,,,,1.0832349061965942,,,,,,,,,,,,,,,,,,,,,,,,,,,,,,,,,,,,
24,,,6146,,,,,,,1.0865719318389893,,,,,,,,,,,,,,,,,,,,,,,,,,,,,,,,,,,,
24,,,6147,,,,,,,1.118329644203186,,,,,,,,,,,,,,,,,,,,,,,,,,,,,,,,,,,,
24,,,6148,,,,,,,1.0889919996261597,,,,,,,,,,,,,,,,,,,,,,,,,,,,,,,,,,,,
24,,,6149,,,,,,,1.080747127532959,,,,,,,,,,,,,,,,,,,,,,,,,,,,,,,,,,,,
24,,,6150,,,,,,,1.090662956237793,,,,,,,,,,,,,,,,,,,,,,,,,,,,,,,,,,,,
24,,,6151,,,,,,,1.1200132369995117,,,,,,,,,,,,,,,,,,,,,,,,,,,,,,,,,,,,
24,,,6152,,,,,,,1.1105129718780518,,,,,,,,,,,,,,,,,,,,,,,,,,,,,,,,,,,,
24,,,6153,,,,,,,1.0927722454071045,,,,,,,,,,,,,,,,,,,,,,,,,,,,,,,,,,,,
24,,,6154,,,,,,,1.099599838256836,,,,,,,,,,,,,,,,,,,,,,,,,,,,,,,,,,,,
24,,,6155,,,,,,,1.1224696636199951,,,,,,,,,,,,,,,,,,,,,,,,,,,,,,,,,,,,
24,,,6156,,,,,,,1.089245080947876,,,,,,,,,,,,,,,,,,,,,,,,,,,,,,,,,,,,
24,,,6157,,,,,,,1.103481411933899,,,,,,,,,,,,,,,,,,,,,,,,,,,,,,,,,,,,
24,,,6158,,,,,,,1.1589250564575195,,,,,,,,,,,,,,,,,,,,,,,,,,,,,,,,,,,,
24,,,6159,,,,,,,1.0849686861038208,,,,,,,,,,,,,,,,,,,,,,,,,,,,,,,,,,,,
24,,,6160,,,,,,,1.1195218563079834,,,,,,,,,,,,,,,,,,,,,,,,,,,,,,,,,,,,
24,,,6161,,,,,,,1.1006782054901123,,,,,,,,,,,,,,,,,,,,,,,,,,,,,,,,,,,,
24,,,6162,,,,,,,1.1173818111419678,,,,,,,,,,,,,,,,,,,,,,,,,,,,,,,,,,,,
24,,,6163,,,,,,,1.0848667621612549,,,,,,,,,,,,,,,,,,,,,,,,,,,,,,,,,,,,
24,,,6164,,,,,,,1.0907366275787354,,,,,,,,,,,,,,,,,,,,,,,,,,,,,,,,,,,,
24,,,6165,,,,,,,1.2723071575164795,,,,,,,,,,,,,,,,,,,,,,,,,,,,,,,,,,,,
24,,,6166,,,,,,,1.0856025218963623,,,,,,,,,,,,,,,,,,,,,,,,,,,,,,,,,,,,
24,,,6167,,,,,,,1.1155072450637817,,,,,,,,,,,,,,,,,,,,,,,,,,,,,,,,,,,,
24,,,6168,,,,,,,1.083565592765808,,,,,,,,,,,,,,,,,,,,,,,,,,,,,,,,,,,,
24,,,6169,,,,,,,1.118471622467041,,,,,,,,,,,,,,,,,,,,,,,,,,,,,,,,,,,,
24,,,6170,,,,,,,1.091618537902832,,,,,,,,,,,,,,,,,,,,,,,,,,,,,,,,,,,,
24,,,6171,,,,,,,1.085904836654663,,,,,,,,,,,,,,,,,,,,,,,,,,,,,,,,,,,,
24,,,6172,,,,,,,1.102644920349121,,,,,,,,,,,,,,,,,,,,,,,,,,,,,,,,,,,,
24,,,6173,,,,,,,1.1202073097229004,,,,,,,,,,,,,,,,,,,,,,,,,,,,,,,,,,,,
24,,,6174,,,,,,,1.0801637172698975,,,,,,,,,,,,,,,,,,,,,,,,,,,,,,,,,,,,
24,,,6175,,,,,,,1.0925626754760742,,,,,,,,,,,,,,,,,,,,,,,,,,,,,,,,,,,,
24,,,6176,,,,,,,1.0984259843826294,,,,,,,,,,,,,,,,,,,,,,,,,,,,,,,,,,,,
24,,,6177,,,,,,,1.113323450088501,,,,,,,,,,,,,,,,,,,,,,,,,,,,,,,,,,,,
24,,,6178,,,,,,,1.1321043968200684,,,,,,,,,,,,,,,,,,,,,,,,,,,,,,,,,,,,
24,,,6179,,,,,,,1.087321400642395,,,,,,,,,,,,,,,,,,,,,,,,,,,,,,,,,,,,
24,,,6180,,,,,,,1.1662278175354004,,,,,,,,,,,,,,,,,,,,,,,,,,,,,,,,,,,,
24,,,6181,,,,,,,1.1939265727996826,,,,,,,,,,,,,,,,,,,,,,,,,,,,,,,,,,,,
24,,,6182,,,,,,,1.0926518440246582,,,,,,,,,,,,,,,,,,,,,,,,,,,,,,,,,,,,
24,,,6183,,,,,,,1.0913596153259277,,,,,,,,,,,,,,,,,,,,,,,,,,,,,,,,,,,,
24,,,6184,,,,,,,1.0860484838485718,,,,,,,,,,,,,,,,,,,,,,,,,,,,,,,,,,,,
24,,,6185,,,,,,,1.091536045074463,,,,,,,,,,,,,,,,,,,,,,,,,,,,,,,,,,,,
24,,,6186,,,,,,,1.0817540884017944,,,,,,,,,,,,,,,,,,,,,,,,,,,,,,,,,,,,
24,,,6187,,,,,,,1.0982333421707153,,,,,,,,,,,,,,,,,,,,,,,,,,,,,,,,,,,,
24,,,6188,,,,,,,1.1294692754745483,,,,,,,,,,,,,,,,,,,,,,,,,,,,,,,,,,,,
24,,,6189,,,,,,,1.096734642982483,,,,,,,,,,,,,,,,,,,,,,,,,,,,,,,,,,,,
24,,,6190,,,,,,,1.0897445678710938,,,,,,,,,,,,,,,,,,,,,,,,,,,,,,,,,,,,
24,,,6191,,,,,,,1.0860326290130615,,,,,,,,,,,,,,,,,,,,,,,,,,,,,,,,,,,,
24,,,6192,,,,,,,1.0896680355072021,,,,,,,,,,,,,,,,,,,,,,,,,,,,,,,,,,,,
24,,,6193,,,,,,,1.0948208570480347,,,,,,,,,,,,,,,,,,,,,,,,,,,,,,,,,,,,
24,,,6194,,,,,,,1.0809526443481445,,,,,,,,,,,,,,,,,,,,,,,,,,,,,,,,,,,,
24,,,6195,,,,,,,1.1100311279296875,,,,,,,,,,,,,,,,,,,,,,,,,,,,,,,,,,,,
24,,,6196,,,,,,,1.1090326309204102,,,,,,,,,,,,,,,,,,,,,,,,,,,,,,,,,,,,
24,,,6197,,,,,,,1.0834726095199585,,,,,,,,,,,,,,,,,,,,,,,,,,,,,,,,,,,,
24,,,6198,,,,,,,1.0960792303085327,,,,,,,,,,,,,,,,,,,,,,,,,,,,,,,,,,,,
24,,,6199,,,,,,,1.0881963968276978,,,,,,,,,,,,,,,,,,,,,,,,,,,,,,,,,,,,
24,,,6200,,,,,,,1.097032070159912,,,,,,,,,,,,,,,,,,,,,,,,,,,,,,,,,,,,
24,,,6201,,,,,,,1.0902868509292603,,,,,,,,,,,,,,,,,,,,,,,,,,,,,,,,,,,,
24,,,6202,,,,,,,1.109582543373108,,,,,,,,,,,,,,,,,,,,,,,,,,,,,,,,,,,,
24,,,6203,,,,,,,1.1618540287017822,,,,,,,,,,,,,,,,,,,,,,,,,,,,,,,,,,,,
24,,,6204,,,,,,,1.1073963642120361,,,,,,,,,,,,,,,,,,,,,,,,,,,,,,,,,,,,
24,,,6205,,,,,,,1.1293835639953613,,,,,,,,,,,,,,,,,,,,,,,,,,,,,,,,,,,,
24,,,6206,,,,,,,1.1156611442565918,,,,,,,,,,,,,,,,,,,,,,,,,,,,,,,,,,,,
24,,,6207,,,,,,,1.097090244293213,,,,,,,,,,,,,,,,,,,,,,,,,,,,,,,,,,,,
24,,,6208,,,,,,,1.086013674736023,,,,,,,,,,,,,,,,,,,,,,,,,,,,,,,,,,,,
24,,,6209,,,,,,,1.1371209621429443,,,,,,,,,,,,,,,,,,,,,,,,,,,,,,,,,,,,
24,,,6210,,,,,,,1.1280101537704468,,,,,,,,,,,,,,,,,,,,,,,,,,,,,,,,,,,,
24,,,6211,,,,,,,1.1410008668899536,,,,,,,,,,,,,,,,,,,,,,,,,,,,,,,,,,,,
24,,,6212,,,,,,,1.1063828468322754,,,,,,,,,,,,,,,,,,,,,,,,,,,,,,,,,,,,
24,,,6213,,,,,,,1.1246657371520996,,,,,,,,,,,,,,,,,,,,,,,,,,,,,,,,,,,,
24,,,6214,,,,,,,1.0803444385528564,,,,,,,,,,,,,,,,,,,,,,,,,,,,,,,,,,,,
24,,,6215,,,,,,,1.1033122539520264,,,,,,,,,,,,,,,,,,,,,,,,,,,,,,,,,,,,
24,,,6216,,,,,,,1.1275485754013062,,,,,,,,,,,,,,,,,,,,,,,,,,,,,,,,,,,,
24,,,6217,,,,,,,1.086251139640808,,,,,,,,,,,,,,,,,,,,,,,,,,,,,,,,,,,,
24,,,6218,,,,,,,1.0864052772521973,,,,,,,,,,,,,,,,,,,,,,,,,,,,,,,,,,,,
24,,,6219,,,,,,,1.0911322832107544,,,,,,,,,,,,,,,,,,,,,,,,,,,,,,,,,,,,
24,,,6220,,,,,,,1.1921638250350952,,,,,,,,,,,,,,,,,,,,,,,,,,,,,,,,,,,,
24,,,6221,,,,,,,1.1071330308914185,,,,,,,,,,,,,,,,,,,,,,,,,,,,,,,,,,,,
24,,,6222,,,,,,,1.0904852151870728,,,,,,,,,,,,,,,,,,,,,,,,,,,,,,,,,,,,
24,,,6223,,,,,,,1.108567476272583,,,,,,,,,,,,,,,,,,,,,,,,,,,,,,,,,,,,
24,,,6224,,,,,,,1.0941150188446045,,,,,,,,,,,,,,,,,,,,,,,,,,,,,,,,,,,,
24,,,6225,,,,,,,1.1624717712402344,,,,,,,,,,,,,,,,,,,,,,,,,,,,,,,,,,,,
24,,,6226,,,,,,,1.1428697109222412,,,,,,,,,,,,,,,,,,,,,,,,,,,,,,,,,,,,
24,,,6227,,,,,,,1.0915026664733887,,,,,,,,,,,,,,,,,,,,,,,,,,,,,,,,,,,,
24,,,6228,,,,,,,1.0837879180908203,,,,,,,,,,,,,,,,,,,,,,,,,,,,,,,,,,,,
24,,,6229,,,,,,,1.1102807521820068,,,,,,,,,,,,,,,,,,,,,,,,,,,,,,,,,,,,
24,,,6230,,,,,,,1.1050502061843872,,,,,,,,,,,,,,,,,,,,,,,,,,,,,,,,,,,,
24,,,6231,,,,,,,1.1040772199630737,,,,,,,,,,,,,,,,,,,,,,,,,,,,,,,,,,,,
24,,,6232,,,,,,,1.094135046005249,,,,,,,,,,,,,,,,,,,,,,,,,,,,,,,,,,,,
24,,,6233,,,,,,,1.0815740823745728,,,,,,,,,,,,,,,,,,,,,,,,,,,,,,,,,,,,
24,,,6234,,,,,,,1.1009891033172607,,,,,,,,,,,,,,,,,,,,,,,,,,,,,,,,,,,,
24,,,6235,,,,,,,1.1232002973556519,,,,,,,,,,,,,,,,,,,,,,,,,,,,,,,,,,,,
24,,,6236,,,,,,,1.0902817249298096,,,,,,,,,,,,,,,,,,,,,,,,,,,,,,,,,,,,
24,,,6237,,,,,,,1.1030588150024414,,,,,,,,,,,,,,,,,,,,,,,,,,,,,,,,,,,,
24,,,6238,,,,,,,1.1062127351760864,,,,,,,,,,,,,,,,,,,,,,,,,,,,,,,,,,,,
24,,,6239,,,,,,,1.1750845909118652,,,,,,,,,,,,,,,,,,,,,,,,,,,,,,,,,,,,
24,,,6240,,,,,,,1.0815703868865967,,,,,,,,,,,,,,,,,,,,,,,,,,,,,,,,,,,,
24,,,6241,,,,,,,1.3030461072921753,,,,,,,,,,,,,,,,,,,,,,,,,,,,,,,,,,,,
24,,,6242,,,,,,,1.08224618434906,,,,,,,,,,,,,,,,,,,,,,,,,,,,,,,,,,,,
24,,,6243,,,,,,,1.0863462686538696,,,,,,,,,,,,,,,,,,,,,,,,,,,,,,,,,,,,
24,,,6244,,,,,,,1.088894248008728,,,,,,,,,,,,,,,,,,,,,,,,,,,,,,,,,,,,
24,,,6245,,,,,,,1.0985358953475952,,,,,,,,,,,,,,,,,,,,,,,,,,,,,,,,,,,,
24,,,6246,,,,,,,1.0874128341674805,,,,,,,,,,,,,,,,,,,,,,,,,,,,,,,,,,,,
24,,,6247,,,,,,,1.111556053161621,,,,,,,,,,,,,,,,,,,,,,,,,,,,,,,,,,,,
24,,,6248,,,,,,,1.120774745941162,,,,,,,,,,,,,,,,,,,,,,,,,,,,,,,,,,,,
24,,,6249,,,,,,,1.0873072147369385,,,,,,,,,,,,,,,,,,,,,,,,,,,,,,,,,,,,
24,,,6249,,,,,,,,,,0.19424128532409668,0.004536867141723633,0.6748046875,1.349609375,53.0732421875,0.6748046875,271790.65625,0.8376537561416626,0.8376537561416626,1.0,0.2918586730957031,53.0732421875,0.6748046875,0.9314880967140198,0.04733110964298248,22118.0,0.00183828454464674,0.002724172780290246,0.4091968536376953,0.6063929796218872,0.005423978436738253,1475.0,0.01698622666299343,0.02517206221818924,0.2668346166610718,0.3954249620437622,0.013812005519866943,7373.0,0.004725854843854904,0.007003292441368103,0.3354599177837372,0.4971214830875397,0.016321813687682152,0.00035992596531286836
24,,20.0,6249,265079.34375,0.851065456867218,0.8535181283950806,1.1088382005691528,0.8535181283950806,1.0,,0.3018808662891388,0.9164999723434448,,,,,,,,,,,,,,,,,,,,,,,,,,,,,,,,,,
,9.259748514523652e-05,,6250,,,,,,,,,,,,,,,,,,,,,,,,,,,,,,,,,,,,,,,,,,,
25,,,6250,,,,,,,1.0803978443145752,,,,,,,,,,,,,,,,,,,,,,,,,,,,,,,,,,,,
25,,,6251,,,,,,,1.1067801713943481,,,,,,,,,,,,,,,,,,,,,,,,,,,,,,,,,,,,
25,,,6252,,,,,,,1.096128225326538,,,,,,,,,,,,,,,,,,,,,,,,,,,,,,,,,,,,
25,,,6253,,,,,,,1.1086264848709106,,,,,,,,,,,,,,,,,,,,,,,,,,,,,,,,,,,,
25,,,6254,,,,,,,1.0895532369613647,,,,,,,,,,,,,,,,,,,,,,,,,,,,,,,,,,,,
25,,,6255,,,,,,,1.0964189767837524,,,,,,,,,,,,,,,,,,,,,,,,,,,,,,,,,,,,
25,,,6256,,,,,,,1.0979987382888794,,,,,,,,,,,,,,,,,,,,,,,,,,,,,,,,,,,,
25,,,6257,,,,,,,1.0891640186309814,,,,,,,,,,,,,,,,,,,,,,,,,,,,,,,,,,,,
25,,,6258,,,,,,,1.1074745655059814,,,,,,,,,,,,,,,,,,,,,,,,,,,,,,,,,,,,
25,,,6259,,,,,,,1.0901710987091064,,,,,,,,,,,,,,,,,,,,,,,,,,,,,,,,,,,,
25,,,6260,,,,,,,1.094641089439392,,,,,,,,,,,,,,,,,,,,,,,,,,,,,,,,,,,,
25,,,6261,,,,,,,1.0883338451385498,,,,,,,,,,,,,,,,,,,,,,,,,,,,,,,,,,,,
25,,,6262,,,,,,,1.081453800201416,,,,,,,,,,,,,,,,,,,,,,,,,,,,,,,,,,,,
25,,,6263,,,,,,,1.155268669128418,,,,,,,,,,,,,,,,,,,,,,,,,,,,,,,,,,,,
25,,,6264,,,,,,,1.1184391975402832,,,,,,,,,,,,,,,,,,,,,,,,,,,,,,,,,,,,
25,,,6265,,,,,,,1.1989985704421997,,,,,,,,,,,,,,,,,,,,,,,,,,,,,,,,,,,,
25,,,6266,,,,,,,1.084955096244812,,,,,,,,,,,,,,,,,,,,,,,,,,,,,,,,,,,,
25,,,6267,,,,,,,1.1332676410675049,,,,,,,,,,,,,,,,,,,,,,,,,,,,,,,,,,,,
25,,,6268,,,,,,,1.094454050064087,,,,,,,,,,,,,,,,,,,,,,,,,,,,,,,,,,,,
25,,,6269,,,,,,,1.110499382019043,,,,,,,,,,,,,,,,,,,,,,,,,,,,,,,,,,,,
25,,,6270,,,,,,,1.093987226486206,,,,,,,,,,,,,,,,,,,,,,,,,,,,,,,,,,,,
25,,,6271,,,,,,,1.1108264923095703,,,,,,,,,,,,,,,,,,,,,,,,,,,,,,,,,,,,
25,,,6272,,,,,,,1.093230962753296,,,,,,,,,,,,,,,,,,,,,,,,,,,,,,,,,,,,
25,,,6273,,,,,,,1.09365713596344,,,,,,,,,,,,,,,,,,,,,,,,,,,,,,,,,,,,
25,,,6274,,,,,,,1.1841801404953003,,,,,,,,,,,,,,,,,,,,,,,,,,,,,,,,,,,,
25,,,6275,,,,,,,1.1025445461273193,,,,,,,,,,,,,,,,,,,,,,,,,,,,,,,,,,,,
25,,,6276,,,,,,,1.098191499710083,,,,,,,,,,,,,,,,,,,,,,,,,,,,,,,,,,,,
25,,,6277,,,,,,,1.096843957901001,,,,,,,,,,,,,,,,,,,,,,,,,,,,,,,,,,,,
25,,,6278,,,,,,,1.1461114883422852,,,,,,,,,,,,,,,,,,,,,,,,,,,,,,,,,,,,
25,,,6279,,,,,,,1.1200611591339111,,,,,,,,,,,,,,,,,,,,,,,,,,,,,,,,,,,,
25,,,6280,,,,,,,1.080119252204895,,,,,,,,,,,,,,,,,,,,,,,,,,,,,,,,,,,,
25,,,6281,,,,,,,1.149895429611206,,,,,,,,,,,,,,,,,,,,,,,,,,,,,,,,,,,,
25,,,6282,,,,,,,1.1002205610275269,,,,,,,,,,,,,,,,,,,,,,,,,,,,,,,,,,,,
25,,,6283,,,,,,,1.0941932201385498,,,,,,,,,,,,,,,,,,,,,,,,,,,,,,,,,,,,
25,,,6284,,,,,,,1.0807039737701416,,,,,,,,,,,,,,,,,,,,,,,,,,,,,,,,,,,,
25,,,6285,,,,,,,1.1021451950073242,,,,,,,,,,,,,,,,,,,,,,,,,,,,,,,,,,,,
25,,,6286,,,,,,,1.1663310527801514,,,,,,,,,,,,,,,,,,,,,,,,,,,,,,,,,,,,
25,,,6287,,,,,,,1.082420825958252,,,,,,,,,,,,,,,,,,,,,,,,,,,,,,,,,,,,
25,,,6288,,,,,,,1.0852192640304565,,,,,,,,,,,,,,,,,,,,,,,,,,,,,,,,,,,,
25,,,6289,,,,,,,1.1053128242492676,,,,,,,,,,,,,,,,,,,,,,,,,,,,,,,,,,,,
25,,,6290,,,,,,,1.0877898931503296,,,,,,,,,,,,,,,,,,,,,,,,,,,,,,,,,,,,
25,,,6291,,,,,,,1.1182503700256348,,,,,,,,,,,,,,,,,,,,,,,,,,,,,,,,,,,,
25,,,6292,,,,,,,1.085935115814209,,,,,,,,,,,,,,,,,,,,,,,,,,,,,,,,,,,,
25,,,6293,,,,,,,1.1111778020858765,,,,,,,,,,,,,,,,,,,,,,,,,,,,,,,,,,,,
25,,,6294,,,,,,,1.0903294086456299,,,,,,,,,,,,,,,,,,,,,,,,,,,,,,,,,,,,
25,,,6295,,,,,,,1.0894043445587158,,,,,,,,,,,,,,,,,,,,,,,,,,,,,,,,,,,,
25,,,6296,,,,,,,1.2020318508148193,,,,,,,,,,,,,,,,,,,,,,,,,,,,,,,,,,,,
25,,,6297,,,,,,,1.1252135038375854,,,,,,,,,,,,,,,,,,,,,,,,,,,,,,,,,,,,
25,,,6298,,,,,,,1.0879395008087158,,,,,,,,,,,,,,,,,,,,,,,,,,,,,,,,,,,,
25,,,6299,,,,,,,1.0899646282196045,,,,,,,,,,,,,,,,,,,,,,,,,,,,,,,,,,,,
25,,,6300,,,,,,,1.0895929336547852,,,,,,,,,,,,,,,,,,,,,,,,,,,,,,,,,,,,
25,,,6301,,,,,,,1.1007499694824219,,,,,,,,,,,,,,,,,,,,,,,,,,,,,,,,,,,,
25,,,6302,,,,,,,1.1075892448425293,,,,,,,,,,,,,,,,,,,,,,,,,,,,,,,,,,,,
25,,,6303,,,,,,,1.097501516342163,,,,,,,,,,,,,,,,,,,,,,,,,,,,,,,,,,,,
25,,,6304,,,,,,,1.1095274686813354,,,,,,,,,,,,,,,,,,,,,,,,,,,,,,,,,,,,
25,,,6305,,,,,,,1.093247890472412,,,,,,,,,,,,,,,,,,,,,,,,,,,,,,,,,,,,
25,,,6306,,,,,,,1.096921443939209,,,,,,,,,,,,,,,,,,,,,,,,,,,,,,,,,,,,
25,,,6307,,,,,,,1.0801557302474976,,,,,,,,,,,,,,,,,,,,,,,,,,,,,,,,,,,,
25,,,6308,,,,,,,1.0878273248672485,,,,,,,,,,,,,,,,,,,,,,,,,,,,,,,,,,,,
25,,,6309,,,,,,,1.1035536527633667,,,,,,,,,,,,,,,,,,,,,,,,,,,,,,,,,,,,
25,,,6310,,,,,,,1.0818941593170166,,,,,,,,,,,,,,,,,,,,,,,,,,,,,,,,,,,,
25,,,6311,,,,,,,1.2382011413574219,,,,,,,,,,,,,,,,,,,,,,,,,,,,,,,,,,,,
25,,,6312,,,,,,,1.087998390197754,,,,,,,,,,,,,,,,,,,,,,,,,,,,,,,,,,,,
25,,,6313,,,,,,,1.085823655128479,,,,,,,,,,,,,,,,,,,,,,,,,,,,,,,,,,,,
25,,,6314,,,,,,,1.1240155696868896,,,,,,,,,,,,,,,,,,,,,,,,,,,,,,,,,,,,
25,,,6315,,,,,,,1.1631886959075928,,,,,,,,,,,,,,,,,,,,,,,,,,,,,,,,,,,,
25,,,6316,,,,,,,1.0904852151870728,,,,,,,,,,,,,,,,,,,,,,,,,,,,,,,,,,,,
25,,,6317,,,,,,,1.2011313438415527,,,,,,,,,,,,,,,,,,,,,,,,,,,,,,,,,,,,
25,,,6318,,,,,,,1.0825293064117432,,,,,,,,,,,,,,,,,,,,,,,,,,,,,,,,,,,,
25,,,6319,,,,,,,1.0884819030761719,,,,,,,,,,,,,,,,,,,,,,,,,,,,,,,,,,,,
25,,,6320,,,,,,,1.095123052597046,,,,,,,,,,,,,,,,,,,,,,,,,,,,,,,,,,,,
25,,,6321,,,,,,,1.0829328298568726,,,,,,,,,,,,,,,,,,,,,,,,,,,,,,,,,,,,
25,,,6322,,,,,,,1.0919526815414429,,,,,,,,,,,,,,,,,,,,,,,,,,,,,,,,,,,,
25,,,6323,,,,,,,1.0882681608200073,,,,,,,,,,,,,,,,,,,,,,,,,,,,,,,,,,,,
25,,,6324,,,,,,,1.1190416812896729,,,,,,,,,,,,,,,,,,,,,,,,,,,,,,,,,,,,
25,,,6325,,,,,,,1.1067862510681152,,,,,,,,,,,,,,,,,,,,,,,,,,,,,,,,,,,,
25,,,6326,,,,,,,1.1238057613372803,,,,,,,,,,,,,,,,,,,,,,,,,,,,,,,,,,,,
25,,,6327,,,,,,,1.091152310371399,,,,,,,,,,,,,,,,,,,,,,,,,,,,,,,,,,,,
25,,,6328,,,,,,,1.1026577949523926,,,,,,,,,,,,,,,,,,,,,,,,,,,,,,,,,,,,
25,,,6329,,,,,,,1.1130518913269043,,,,,,,,,,,,,,,,,,,,,,,,,,,,,,,,,,,,
25,,,6330,,,,,,,1.087611436843872,,,,,,,,,,,,,,,,,,,,,,,,,,,,,,,,,,,,
25,,,6331,,,,,,,1.0841232538223267,,,,,,,,,,,,,,,,,,,,,,,,,,,,,,,,,,,,
25,,,6332,,,,,,,1.1314127445220947,,,,,,,,,,,,,,,,,,,,,,,,,,,,,,,,,,,,
25,,,6333,,,,,,,1.0900394916534424,,,,,,,,,,,,,,,,,,,,,,,,,,,,,,,,,,,,
25,,,6334,,,,,,,1.0959703922271729,,,,,,,,,,,,,,,,,,,,,,,,,,,,,,,,,,,,
25,,,6335,,,,,,,1.098073959350586,,,,,,,,,,,,,,,,,,,,,,,,,,,,,,,,,,,,
25,,,6336,,,,,,,1.1023229360580444,,,,,,,,,,,,,,,,,,,,,,,,,,,,,,,,,,,,
25,,,6337,,,,,,,1.0896720886230469,,,,,,,,,,,,,,,,,,,,,,,,,,,,,,,,,,,,
25,,,6338,,,,,,,1.1075620651245117,,,,,,,,,,,,,,,,,,,,,,,,,,,,,,,,,,,,
25,,,6339,,,,,,,1.0910247564315796,,,,,,,,,,,,,,,,,,,,,,,,,,,,,,,,,,,,
25,,,6340,,,,,,,1.102372169494629,,,,,,,,,,,,,,,,,,,,,,,,,,,,,,,,,,,,
25,,,6341,,,,,,,1.1247395277023315,,,,,,,,,,,,,,,,,,,,,,,,,,,,,,,,,,,,
25,,,6342,,,,,,,1.1002471446990967,,,,,,,,,,,,,,,,,,,,,,,,,,,,,,,,,,,,
25,,,6343,,,,,,,1.0986664295196533,,,,,,,,,,,,,,,,,,,,,,,,,,,,,,,,,,,,
25,,,6344,,,,,,,1.1378812789916992,,,,,,,,,,,,,,,,,,,,,,,,,,,,,,,,,,,,
25,,,6345,,,,,,,1.1094282865524292,,,,,,,,,,,,,,,,,,,,,,,,,,,,,,,,,,,,
25,,,6346,,,,,,,1.1003446578979492,,,,,,,,,,,,,,,,,,,,,,,,,,,,,,,,,,,,
25,,,6347,,,,,,,1.0910677909851074,,,,,,,,,,,,,,,,,,,,,,,,,,,,,,,,,,,,
25,,,6348,,,,,,,1.1201224327087402,,,,,,,,,,,,,,,,,,,,,,,,,,,,,,,,,,,,
25,,,6349,,,,,,,1.1259510517120361,,,,,,,,,,,,,,,,,,,,,,,,,,,,,,,,,,,,
25,,,6350,,,,,,,1.0817699432373047,,,,,,,,,,,,,,,,,,,,,,,,,,,,,,,,,,,,
25,,,6351,,,,,,,1.0832819938659668,,,,,,,,,,,,,,,,,,,,,,,,,,,,,,,,,,,,
25,,,6352,,,,,,,1.0838701725006104,,,,,,,,,,,,,,,,,,,,,,,,,,,,,,,,,,,,
25,,,6353,,,,,,,1.135448932647705,,,,,,,,,,,,,,,,,,,,,,,,,,,,,,,,,,,,
25,,,6354,,,,,,,1.1160986423492432,,,,,,,,,,,,,,,,,,,,,,,,,,,,,,,,,,,,
25,,,6355,,,,,,,1.1377637386322021,,,,,,,,,,,,,,,,,,,,,,,,,,,,,,,,,,,,
25,,,6356,,,,,,,1.135084867477417,,,,,,,,,,,,,,,,,,,,,,,,,,,,,,,,,,,,
25,,,6357,,,,,,,1.0830827951431274,,,,,,,,,,,,,,,,,,,,,,,,,,,,,,,,,,,,
25,,,6358,,,,,,,1.0869183540344238,,,,,,,,,,,,,,,,,,,,,,,,,,,,,,,,,,,,
25,,,6359,,,,,,,1.1372922658920288,,,,,,,,,,,,,,,,,,,,,,,,,,,,,,,,,,,,
25,,,6360,,,,,,,1.0903611183166504,,,,,,,,,,,,,,,,,,,,,,,,,,,,,,,,,,,,
25,,,6361,,,,,,,1.139176845550537,,,,,,,,,,,,,,,,,,,,,,,,,,,,,,,,,,,,
25,,,6362,,,,,,,1.1176972389221191,,,,,,,,,,,,,,,,,,,,,,,,,,,,,,,,,,,,
25,,,6363,,,,,,,1.0929213762283325,,,,,,,,,,,,,,,,,,,,,,,,,,,,,,,,,,,,
25,,,6364,,,,,,,1.0804983377456665,,,,,,,,,,,,,,,,,,,,,,,,,,,,,,,,,,,,
25,,,6365,,,,,,,1.0868154764175415,,,,,,,,,,,,,,,,,,,,,,,,,,,,,,,,,,,,
25,,,6366,,,,,,,1.1103800535202026,,,,,,,,,,,,,,,,,,,,,,,,,,,,,,,,,,,,
25,,,6367,,,,,,,1.1399755477905273,,,,,,,,,,,,,,,,,,,,,,,,,,,,,,,,,,,,
25,,,6368,,,,,,,1.0946294069290161,,,,,,,,,,,,,,,,,,,,,,,,,,,,,,,,,,,,
25,,,6369,,,,,,,1.1428883075714111,,,,,,,,,,,,,,,,,,,,,,,,,,,,,,,,,,,,
25,,,6370,,,,,,,1.1012747287750244,,,,,,,,,,,,,,,,,,,,,,,,,,,,,,,,,,,,
25,,,6371,,,,,,,1.127821445465088,,,,,,,,,,,,,,,,,,,,,,,,,,,,,,,,,,,,
25,,,6372,,,,,,,1.1080471277236938,,,,,,,,,,,,,,,,,,,,,,,,,,,,,,,,,,,,
25,,,6373,,,,,,,1.1170283555984497,,,,,,,,,,,,,,,,,,,,,,,,,,,,,,,,,,,,
25,,,6374,,,,,,,1.1116715669631958,,,,,,,,,,,,,,,,,,,,,,,,,,,,,,,,,,,,
25,,,6375,,,,,,,1.1331006288528442,,,,,,,,,,,,,,,,,,,,,,,,,,,,,,,,,,,,
25,,,6376,,,,,,,1.092628002166748,,,,,,,,,,,,,,,,,,,,,,,,,,,,,,,,,,,,
25,,,6377,,,,,,,1.0865824222564697,,,,,,,,,,,,,,,,,,,,,,,,,,,,,,,,,,,,
25,,,6378,,,,,,,1.135587453842163,,,,,,,,,,,,,,,,,,,,,,,,,,,,,,,,,,,,
25,,,6379,,,,,,,1.0896474123001099,,,,,,,,,,,,,,,,,,,,,,,,,,,,,,,,,,,,
25,,,6380,,,,,,,1.0849058628082275,,,,,,,,,,,,,,,,,,,,,,,,,,,,,,,,,,,,
25,,,6381,,,,,,,1.0893871784210205,,,,,,,,,,,,,,,,,,,,,,,,,,,,,,,,,,,,
25,,,6382,,,,,,,1.0896925926208496,,,,,,,,,,,,,,,,,,,,,,,,,,,,,,,,,,,,
25,,,6383,,,,,,,1.1096439361572266,,,,,,,,,,,,,,,,,,,,,,,,,,,,,,,,,,,,
25,,,6384,,,,,,,1.0807573795318604,,,,,,,,,,,,,,,,,,,,,,,,,,,,,,,,,,,,
25,,,6385,,,,,,,1.1059575080871582,,,,,,,,,,,,,,,,,,,,,,,,,,,,,,,,,,,,
25,,,6386,,,,,,,1.0891098976135254,,,,,,,,,,,,,,,,,,,,,,,,,,,,,,,,,,,,
25,,,6387,,,,,,,1.1019984483718872,,,,,,,,,,,,,,,,,,,,,,,,,,,,,,,,,,,,
25,,,6388,,,,,,,1.0823413133621216,,,,,,,,,,,,,,,,,,,,,,,,,,,,,,,,,,,,
25,,,6389,,,,,,,1.0954350233078003,,,,,,,,,,,,,,,,,,,,,,,,,,,,,,,,,,,,
25,,,6390,,,,,,,1.0872207880020142,,,,,,,,,,,,,,,,,,,,,,,,,,,,,,,,,,,,
25,,,6391,,,,,,,1.135723352432251,,,,,,,,,,,,,,,,,,,,,,,,,,,,,,,,,,,,
25,,,6392,,,,,,,1.1373097896575928,,,,,,,,,,,,,,,,,,,,,,,,,,,,,,,,,,,,
25,,,6393,,,,,,,1.0852649211883545,,,,,,,,,,,,,,,,,,,,,,,,,,,,,,,,,,,,
25,,,6394,,,,,,,1.0899598598480225,,,,,,,,,,,,,,,,,,,,,,,,,,,,,,,,,,,,
25,,,6395,,,,,,,1.087640643119812,,,,,,,,,,,,,,,,,,,,,,,,,,,,,,,,,,,,
25,,,6396,,,,,,,1.1072019338607788,,,,,,,,,,,,,,,,,,,,,,,,,,,,,,,,,,,,
25,,,6397,,,,,,,1.1036994457244873,,,,,,,,,,,,,,,,,,,,,,,,,,,,,,,,,,,,
25,,,6398,,,,,,,1.1036262512207031,,,,,,,,,,,,,,,,,,,,,,,,,,,,,,,,,,,,
25,,,6399,,,,,,,1.1103057861328125,,,,,,,,,,,,,,,,,,,,,,,,,,,,,,,,,,,,
25,,,6400,,,,,,,1.1410456895828247,,,,,,,,,,,,,,,,,,,,,,,,,,,,,,,,,,,,
25,,,6401,,,,,,,1.0974905490875244,,,,,,,,,,,,,,,,,,,,,,,,,,,,,,,,,,,,
25,,,6402,,,,,,,1.2306625843048096,,,,,,,,,,,,,,,,,,,,,,,,,,,,,,,,,,,,
25,,,6403,,,,,,,1.0812435150146484,,,,,,,,,,,,,,,,,,,,,,,,,,,,,,,,,,,,
25,,,6404,,,,,,,1.0988582372665405,,,,,,,,,,,,,,,,,,,,,,,,,,,,,,,,,,,,
25,,,6405,,,,,,,1.1033467054367065,,,,,,,,,,,,,,,,,,,,,,,,,,,,,,,,,,,,
25,,,6406,,,,,,,1.0859448909759521,,,,,,,,,,,,,,,,,,,,,,,,,,,,,,,,,,,,
25,,,6407,,,,,,,1.2384369373321533,,,,,,,,,,,,,,,,,,,,,,,,,,,,,,,,,,,,
25,,,6408,,,,,,,1.0952410697937012,,,,,,,,,,,,,,,,,,,,,,,,,,,,,,,,,,,,
25,,,6409,,,,,,,1.130096197128296,,,,,,,,,,,,,,,,,,,,,,,,,,,,,,,,,,,,
25,,,6410,,,,,,,1.1237473487854004,,,,,,,,,,,,,,,,,,,,,,,,,,,,,,,,,,,,
25,,,6411,,,,,,,1.0907572507858276,,,,,,,,,,,,,,,,,,,,,,,,,,,,,,,,,,,,
25,,,6412,,,,,,,1.0847842693328857,,,,,,,,,,,,,,,,,,,,,,,,,,,,,,,,,,,,
25,,,6413,,,,,,,1.1004130840301514,,,,,,,,,,,,,,,,,,,,,,,,,,,,,,,,,,,,
25,,,6414,,,,,,,1.0966110229492188,,,,,,,,,,,,,,,,,,,,,,,,,,,,,,,,,,,,
25,,,6415,,,,,,,1.0832899808883667,,,,,,,,,,,,,,,,,,,,,,,,,,,,,,,,,,,,
25,,,6416,,,,,,,1.1199182271957397,,,,,,,,,,,,,,,,,,,,,,,,,,,,,,,,,,,,
25,,,6417,,,,,,,1.0870013236999512,,,,,,,,,,,,,,,,,,,,,,,,,,,,,,,,,,,,
25,,,6418,,,,,,,1.0863988399505615,,,,,,,,,,,,,,,,,,,,,,,,,,,,,,,,,,,,
25,,,6419,,,,,,,1.1131682395935059,,,,,,,,,,,,,,,,,,,,,,,,,,,,,,,,,,,,
25,,,6420,,,,,,,1.119534969329834,,,,,,,,,,,,,,,,,,,,,,,,,,,,,,,,,,,,
25,,,6421,,,,,,,1.1032776832580566,,,,,,,,,,,,,,,,,,,,,,,,,,,,,,,,,,,,
25,,,6422,,,,,,,1.086810827255249,,,,,,,,,,,,,,,,,,,,,,,,,,,,,,,,,,,,
25,,,6423,,,,,,,1.095993161201477,,,,,,,,,,,,,,,,,,,,,,,,,,,,,,,,,,,,
25,,,6424,,,,,,,1.0983954668045044,,,,,,,,,,,,,,,,,,,,,,,,,,,,,,,,,,,,
25,,,6425,,,,,,,1.0892330408096313,,,,,,,,,,,,,,,,,,,,,,,,,,,,,,,,,,,,
25,,,6426,,,,,,,1.113565444946289,,,,,,,,,,,,,,,,,,,,,,,,,,,,,,,,,,,,
25,,,6427,,,,,,,1.0948079824447632,,,,,,,,,,,,,,,,,,,,,,,,,,,,,,,,,,,,
25,,,6428,,,,,,,1.1214098930358887,,,,,,,,,,,,,,,,,,,,,,,,,,,,,,,,,,,,
25,,,6429,,,,,,,1.140895962715149,,,,,,,,,,,,,,,,,,,,,,,,,,,,,,,,,,,,
25,,,6430,,,,,,,1.0839356184005737,,,,,,,,,,,,,,,,,,,,,,,,,,,,,,,,,,,,
25,,,6431,,,,,,,1.1507840156555176,,,,,,,,,,,,,,,,,,,,,,,,,,,,,,,,,,,,
25,,,6432,,,,,,,1.1119439601898193,,,,,,,,,,,,,,,,,,,,,,,,,,,,,,,,,,,,
25,,,6433,,,,,,,1.1027452945709229,,,,,,,,,,,,,,,,,,,,,,,,,,,,,,,,,,,,
25,,,6434,,,,,,,1.0829178094863892,,,,,,,,,,,,,,,,,,,,,,,,,,,,,,,,,,,,
25,,,6435,,,,,,,1.0872654914855957,,,,,,,,,,,,,,,,,,,,,,,,,,,,,,,,,,,,
25,,,6436,,,,,,,1.0896828174591064,,,,,,,,,,,,,,,,,,,,,,,,,,,,,,,,,,,,
25,,,6437,,,,,,,1.0851995944976807,,,,,,,,,,,,,,,,,,,,,,,,,,,,,,,,,,,,
25,,,6438,,,,,,,1.084499478340149,,,,,,,,,,,,,,,,,,,,,,,,,,,,,,,,,,,,
25,,,6439,,,,,,,1.0912420749664307,,,,,,,,,,,,,,,,,,,,,,,,,,,,,,,,,,,,
25,,,6440,,,,,,,1.1366856098175049,,,,,,,,,,,,,,,,,,,,,,,,,,,,,,,,,,,,
25,,,6441,,,,,,,1.1267497539520264,,,,,,,,,,,,,,,,,,,,,,,,,,,,,,,,,,,,
25,,,6442,,,,,,,1.0857524871826172,,,,,,,,,,,,,,,,,,,,,,,,,,,,,,,,,,,,
25,,,6443,,,,,,,1.0967276096343994,,,,,,,,,,,,,,,,,,,,,,,,,,,,,,,,,,,,
25,,,6444,,,,,,,1.1254273653030396,,,,,,,,,,,,,,,,,,,,,,,,,,,,,,,,,,,,
25,,,6445,,,,,,,1.0893203020095825,,,,,,,,,,,,,,,,,,,,,,,,,,,,,,,,,,,,
25,,,6446,,,,,,,1.1145265102386475,,,,,,,,,,,,,,,,,,,,,,,,,,,,,,,,,,,,
25,,,6447,,,,,,,1.0861493349075317,,,,,,,,,,,,,,,,,,,,,,,,,,,,,,,,,,,,
25,,,6448,,,,,,,1.086750864982605,,,,,,,,,,,,,,,,,,,,,,,,,,,,,,,,,,,,
25,,,6449,,,,,,,1.1357499361038208,,,,,,,,,,,,,,,,,,,,,,,,,,,,,,,,,,,,
25,,,6450,,,,,,,1.082216739654541,,,,,,,,,,,,,,,,,,,,,,,,,,,,,,,,,,,,
25,,,6451,,,,,,,1.087899088859558,,,,,,,,,,,,,,,,,,,,,,,,,,,,,,,,,,,,
25,,,6452,,,,,,,1.0943098068237305,,,,,,,,,,,,,,,,,,,,,,,,,,,,,,,,,,,,
25,,,6453,,,,,,,1.0953850746154785,,,,,,,,,,,,,,,,,,,,,,,,,,,,,,,,,,,,
25,,,6454,,,,,,,1.084926962852478,,,,,,,,,,,,,,,,,,,,,,,,,,,,,,,,,,,,
25,,,6455,,,,,,,1.1163890361785889,,,,,,,,,,,,,,,,,,,,,,,,,,,,,,,,,,,,
25,,,6456,,,,,,,1.0844745635986328,,,,,,,,,,,,,,,,,,,,,,,,,,,,,,,,,,,,
25,,,6457,,,,,,,1.1447036266326904,,,,,,,,,,,,,,,,,,,,,,,,,,,,,,,,,,,,
25,,,6458,,,,,,,1.1466021537780762,,,,,,,,,,,,,,,,,,,,,,,,,,,,,,,,,,,,
25,,,6459,,,,,,,1.0986069440841675,,,,,,,,,,,,,,,,,,,,,,,,,,,,,,,,,,,,
25,,,6460,,,,,,,1.1206910610198975,,,,,,,,,,,,,,,,,,,,,,,,,,,,,,,,,,,,
25,,,6461,,,,,,,1.107513666152954,,,,,,,,,,,,,,,,,,,,,,,,,,,,,,,,,,,,
25,,,6462,,,,,,,1.0905284881591797,,,,,,,,,,,,,,,,,,,,,,,,,,,,,,,,,,,,
25,,,6463,,,,,,,1.1489375829696655,,,,,,,,,,,,,,,,,,,,,,,,,,,,,,,,,,,,
25,,,6464,,,,,,,1.1278167963027954,,,,,,,,,,,,,,,,,,,,,,,,,,,,,,,,,,,,
25,,,6465,,,,,,,1.0840920209884644,,,,,,,,,,,,,,,,,,,,,,,,,,,,,,,,,,,,
25,,,6466,,,,,,,1.1061588525772095,,,,,,,,,,,,,,,,,,,,,,,,,,,,,,,,,,,,
25,,,6467,,,,,,,1.1267712116241455,,,,,,,,,,,,,,,,,,,,,,,,,,,,,,,,,,,,
25,,,6468,,,,,,,1.1182295083999634,,,,,,,,,,,,,,,,,,,,,,,,,,,,,,,,,,,,
25,,,6469,,,,,,,1.0855844020843506,,,,,,,,,,,,,,,,,,,,,,,,,,,,,,,,,,,,
25,,,6470,,,,,,,1.1338742971420288,,,,,,,,,,,,,,,,,,,,,,,,,,,,,,,,,,,,
25,,,6471,,,,,,,1.0806976556777954,,,,,,,,,,,,,,,,,,,,,,,,,,,,,,,,,,,,
25,,,6472,,,,,,,1.1106516122817993,,,,,,,,,,,,,,,,,,,,,,,,,,,,,,,,,,,,
25,,,6473,,,,,,,1.0869605541229248,,,,,,,,,,,,,,,,,,,,,,,,,,,,,,,,,,,,
25,,,6474,,,,,,,1.1590951681137085,,,,,,,,,,,,,,,,,,,,,,,,,,,,,,,,,,,,
25,,,6475,,,,,,,1.0900317430496216,,,,,,,,,,,,,,,,,,,,,,,,,,,,,,,,,,,,
25,,,6476,,,,,,,1.0838028192520142,,,,,,,,,,,,,,,,,,,,,,,,,,,,,,,,,,,,
25,,,6477,,,,,,,1.1093968152999878,,,,,,,,,,,,,,,,,,,,,,,,,,,,,,,,,,,,
25,,,6478,,,,,,,1.109913945198059,,,,,,,,,,,,,,,,,,,,,,,,,,,,,,,,,,,,
25,,,6479,,,,,,,1.0825923681259155,,,,,,,,,,,,,,,,,,,,,,,,,,,,,,,,,,,,
25,,,6480,,,,,,,1.0800915956497192,,,,,,,,,,,,,,,,,,,,,,,,,,,,,,,,,,,,
25,,,6481,,,,,,,1.0837070941925049,,,,,,,,,,,,,,,,,,,,,,,,,,,,,,,,,,,,
25,,,6482,,,,,,,1.0927578210830688,,,,,,,,,,,,,,,,,,,,,,,,,,,,,,,,,,,,
25,,,6483,,,,,,,1.1098942756652832,,,,,,,,,,,,,,,,,,,,,,,,,,,,,,,,,,,,
25,,,6484,,,,,,,1.0882654190063477,,,,,,,,,,,,,,,,,,,,,,,,,,,,,,,,,,,,
25,,,6485,,,,,,,1.0975826978683472,,,,,,,,,,,,,,,,,,,,,,,,,,,,,,,,,,,,
25,,,6486,,,,,,,1.2274188995361328,,,,,,,,,,,,,,,,,,,,,,,,,,,,,,,,,,,,
25,,,6487,,,,,,,1.1132416725158691,,,,,,,,,,,,,,,,,,,,,,,,,,,,,,,,,,,,
25,,,6488,,,,,,,1.092177152633667,,,,,,,,,,,,,,,,,,,,,,,,,,,,,,,,,,,,
25,,,6489,,,,,,,1.0805637836456299,,,,,,,,,,,,,,,,,,,,,,,,,,,,,,,,,,,,
25,,,6490,,,,,,,1.0995969772338867,,,,,,,,,,,,,,,,,,,,,,,,,,,,,,,,,,,,
25,,,6491,,,,,,,1.1030664443969727,,,,,,,,,,,,,,,,,,,,,,,,,,,,,,,,,,,,
25,,,6492,,,,,,,1.1522272825241089,,,,,,,,,,,,,,,,,,,,,,,,,,,,,,,,,,,,
25,,,6493,,,,,,,1.0866003036499023,,,,,,,,,,,,,,,,,,,,,,,,,,,,,,,,,,,,
25,,,6494,,,,,,,1.0943851470947266,,,,,,,,,,,,,,,,,,,,,,,,,,,,,,,,,,,,
25,,,6495,,,,,,,1.108576774597168,,,,,,,,,,,,,,,,,,,,,,,,,,,,,,,,,,,,
25,,,6496,,,,,,,1.095930576324463,,,,,,,,,,,,,,,,,,,,,,,,,,,,,,,,,,,,
25,,,6497,,,,,,,1.0913008451461792,,,,,,,,,,,,,,,,,,,,,,,,,,,,,,,,,,,,
25,,,6498,,,,,,,1.090179204940796,,,,,,,,,,,,,,,,,,,,,,,,,,,,,,,,,,,,
25,,,6499,,,,,,,1.0943759679794312,,,,,,,,,,,,,,,,,,,,,,,,,,,,,,,,,,,,
25,,,6499,,,,,,,,,,0.19649679958820343,0.00466034933924675,0.6748046875,1.349609375,53.0732421875,0.6748046875,271790.65625,0.8376489877700806,0.8376489877700806,1.0,0.2906074523925781,53.0732421875,0.6748046875,0.9412795901298523,0.047186899930238724,22118.0,0.0018325885757803917,0.0027157317381352186,0.4118219316005707,0.6102831363677979,0.005407400894910097,1475.0,0.01692929118871689,0.025087689980864525,0.26730674505233765,0.39612460136413574,0.013845824636518955,7373.0,0.004736452363431454,0.007018997333943844,0.3412601053714752,0.505716860294342,0.016294829547405243,0.00035992596531286836
25,,20.0,6499,264398.15625,0.8514056205749512,0.8531162142753601,1.108536958694458,0.8531162142753601,1.0,,0.30107617378234863,0.9139999747276306,,,,,,,,,,,,,,,,,,,,,,,,,,,,,,,,,,
,8.190142503906796e-05,,6500,,,,,,,,,,,,,,,,,,,,,,,,,,,,,,,,,,,,,,,,,,,
26,,,6500,,,,,,,1.1172477006912231,,,,,,,,,,,,,,,,,,,,,,,,,,,,,,,,,,,,
26,,,6501,,,,,,,1.1345893144607544,,,,,,,,,,,,,,,,,,,,,,,,,,,,,,,,,,,,
26,,,6502,,,,,,,1.1251052618026733,,,,,,,,,,,,,,,,,,,,,,,,,,,,,,,,,,,,
26,,,6503,,,,,,,1.099425196647644,,,,,,,,,,,,,,,,,,,,,,,,,,,,,,,,,,,,
26,,,6504,,,,,,,1.1088111400604248,,,,,,,,,,,,,,,,,,,,,,,,,,,,,,,,,,,,
26,,,6505,,,,,,,1.1346112489700317,,,,,,,,,,,,,,,,,,,,,,,,,,,,,,,,,,,,
26,,,6506,,,,,,,1.1172161102294922,,,,,,,,,,,,,,,,,,,,,,,,,,,,,,,,,,,,
26,,,6507,,,,,,,1.0977892875671387,,,,,,,,,,,,,,,,,,,,,,,,,,,,,,,,,,,,
26,,,6508,,,,,,,1.0812294483184814,,,,,,,,,,,,,,,,,,,,,,,,,,,,,,,,,,,,
26,,,6509,,,,,,,1.134009838104248,,,,,,,,,,,,,,,,,,,,,,,,,,,,,,,,,,,,
26,,,6510,,,,,,,1.0995218753814697,,,,,,,,,,,,,,,,,,,,,,,,,,,,,,,,,,,,
26,,,6511,,,,,,,1.1080957651138306,,,,,,,,,,,,,,,,,,,,,,,,,,,,,,,,,,,,
26,,,6512,,,,,,,1.0809627771377563,,,,,,,,,,,,,,,,,,,,,,,,,,,,,,,,,,,,
26,,,6513,,,,,,,1.0877594947814941,,,,,,,,,,,,,,,,,,,,,,,,,,,,,,,,,,,,
26,,,6514,,,,,,,1.0888404846191406,,,,,,,,,,,,,,,,,,,,,,,,,,,,,,,,,,,,
26,,,6515,,,,,,,1.0932929515838623,,,,,,,,,,,,,,,,,,,,,,,,,,,,,,,,,,,,
26,,,6516,,,,,,,1.0860693454742432,,,,,,,,,,,,,,,,,,,,,,,,,,,,,,,,,,,,
26,,,6517,,,,,,,1.0892753601074219,,,,,,,,,,,,,,,,,,,,,,,,,,,,,,,,,,,,
26,,,6518,,,,,,,1.0904080867767334,,,,,,,,,,,,,,,,,,,,,,,,,,,,,,,,,,,,
26,,,6519,,,,,,,1.0859696865081787,,,,,,,,,,,,,,,,,,,,,,,,,,,,,,,,,,,,
26,,,6520,,,,,,,1.1194555759429932,,,,,,,,,,,,,,,,,,,,,,,,,,,,,,,,,,,,
26,,,6521,,,,,,,1.110579013824463,,,,,,,,,,,,,,,,,,,,,,,,,,,,,,,,,,,,
26,,,6522,,,,,,,1.0822120904922485,,,,,,,,,,,,,,,,,,,,,,,,,,,,,,,,,,,,
26,,,6523,,,,,,,1.1170355081558228,,,,,,,,,,,,,,,,,,,,,,,,,,,,,,,,,,,,
26,,,6524,,,,,,,1.0831784009933472,,,,,,,,,,,,,,,,,,,,,,,,,,,,,,,,,,,,
26,,,6525,,,,,,,1.113159418106079,,,,,,,,,,,,,,,,,,,,,,,,,,,,,,,,,,,,
26,,,6526,,,,,,,1.0920758247375488,,,,,,,,,,,,,,,,,,,,,,,,,,,,,,,,,,,,
26,,,6527,,,,,,,1.0888562202453613,,,,,,,,,,,,,,,,,,,,,,,,,,,,,,,,,,,,
26,,,6528,,,,,,,1.1171324253082275,,,,,,,,,,,,,,,,,,,,,,,,,,,,,,,,,,,,
26,,,6529,,,,,,,1.083661437034607,,,,,,,,,,,,,,,,,,,,,,,,,,,,,,,,,,,,
26,,,6530,,,,,,,1.0944494009017944,,,,,,,,,,,,,,,,,,,,,,,,,,,,,,,,,,,,
26,,,6531,,,,,,,1.0803755521774292,,,,,,,,,,,,,,,,,,,,,,,,,,,,,,,,,,,,
26,,,6532,,,,,,,1.0866726636886597,,,,,,,,,,,,,,,,,,,,,,,,,,,,,,,,,,,,
26,,,6533,,,,,,,1.089245080947876,,,,,,,,,,,,,,,,,,,,,,,,,,,,,,,,,,,,
26,,,6534,,,,,,,1.1094672679901123,,,,,,,,,,,,,,,,,,,,,,,,,,,,,,,,,,,,
26,,,6535,,,,,,,1.0946645736694336,,,,,,,,,,,,,,,,,,,,,,,,,,,,,,,,,,,,
26,,,6536,,,,,,,1.0811712741851807,,,,,,,,,,,,,,,,,,,,,,,,,,,,,,,,,,,,
26,,,6537,,,,,,,1.0868487358093262,,,,,,,,,,,,,,,,,,,,,,,,,,,,,,,,,,,,
26,,,6538,,,,,,,1.0891802310943604,,,,,,,,,,,,,,,,,,,,,,,,,,,,,,,,,,,,
26,,,6539,,,,,,,1.0850566625595093,,,,,,,,,,,,,,,,,,,,,,,,,,,,,,,,,,,,
26,,,6540,,,,,,,1.1440298557281494,,,,,,,,,,,,,,,,,,,,,,,,,,,,,,,,,,,,
26,,,6541,,,,,,,1.1118913888931274,,,,,,,,,,,,,,,,,,,,,,,,,,,,,,,,,,,,
26,,,6542,,,,,,,1.0950194597244263,,,,,,,,,,,,,,,,,,,,,,,,,,,,,,,,,,,,
26,,,6543,,,,,,,1.0858323574066162,,,,,,,,,,,,,,,,,,,,,,,,,,,,,,,,,,,,
26,,,6544,,,,,,,1.0934364795684814,,,,,,,,,,,,,,,,,,,,,,,,,,,,,,,,,,,,
26,,,6545,,,,,,,1.148857831954956,,,,,,,,,,,,,,,,,,,,,,,,,,,,,,,,,,,,
26,,,6546,,,,,,,1.0932302474975586,,,,,,,,,,,,,,,,,,,,,,,,,,,,,,,,,,,,
26,,,6547,,,,,,,1.0903949737548828,,,,,,,,,,,,,,,,,,,,,,,,,,,,,,,,,,,,
26,,,6548,,,,,,,1.0902619361877441,,,,,,,,,,,,,,,,,,,,,,,,,,,,,,,,,,,,
26,,,6549,,,,,,,1.0871883630752563,,,,,,,,,,,,,,,,,,,,,,,,,,,,,,,,,,,,
26,,,6550,,,,,,,1.0891780853271484,,,,,,,,,,,,,,,,,,,,,,,,,,,,,,,,,,,,
26,,,6551,,,,,,,1.1000511646270752,,,,,,,,,,,,,,,,,,,,,,,,,,,,,,,,,,,,
26,,,6552,,,,,,,1.1618891954421997,,,,,,,,,,,,,,,,,,,,,,,,,,,,,,,,,,,,
26,,,6553,,,,,,,1.1025707721710205,,,,,,,,,,,,,,,,,,,,,,,,,,,,,,,,,,,,
26,,,6554,,,,,,,1.248846173286438,,,,,,,,,,,,,,,,,,,,,,,,,,,,,,,,,,,,
26,,,6555,,,,,,,1.08059561252594,,,,,,,,,,,,,,,,,,,,,,,,,,,,,,,,,,,,
26,,,6556,,,,,,,1.0939502716064453,,,,,,,,,,,,,,,,,,,,,,,,,,,,,,,,,,,,
26,,,6557,,,,,,,1.0886832475662231,,,,,,,,,,,,,,,,,,,,,,,,,,,,,,,,,,,,
26,,,6558,,,,,,,1.1144986152648926,,,,,,,,,,,,,,,,,,,,,,,,,,,,,,,,,,,,
26,,,6559,,,,,,,1.0825915336608887,,,,,,,,,,,,,,,,,,,,,,,,,,,,,,,,,,,,
26,,,6560,,,,,,,1.083414077758789,,,,,,,,,,,,,,,,,,,,,,,,,,,,,,,,,,,,
26,,,6561,,,,,,,1.0862514972686768,,,,,,,,,,,,,,,,,,,,,,,,,,,,,,,,,,,,
26,,,6562,,,,,,,1.0893306732177734,,,,,,,,,,,,,,,,,,,,,,,,,,,,,,,,,,,,
26,,,6563,,,,,,,1.1068729162216187,,,,,,,,,,,,,,,,,,,,,,,,,,,,,,,,,,,,
26,,,6564,,,,,,,1.2043839693069458,,,,,,,,,,,,,,,,,,,,,,,,,,,,,,,,,,,,
26,,,6565,,,,,,,1.0953130722045898,,,,,,,,,,,,,,,,,,,,,,,,,,,,,,,,,,,,
26,,,6566,,,,,,,1.130920648574829,,,,,,,,,,,,,,,,,,,,,,,,,,,,,,,,,,,,
26,,,6567,,,,,,,1.0880529880523682,,,,,,,,,,,,,,,,,,,,,,,,,,,,,,,,,,,,
26,,,6568,,,,,,,1.13327956199646,,,,,,,,,,,,,,,,,,,,,,,,,,,,,,,,,,,,
26,,,6569,,,,,,,1.1585214138031006,,,,,,,,,,,,,,,,,,,,,,,,,,,,,,,,,,,,
26,,,6570,,,,,,,1.111263632774353,,,,,,,,,,,,,,,,,,,,,,,,,,,,,,,,,,,,
26,,,6571,,,,,,,1.094587802886963,,,,,,,,,,,,,,,,,,,,,,,,,,,,,,,,,,,,
26,,,6572,,,,,,,1.102096676826477,,,,,,,,,,,,,,,,,,,,,,,,,,,,,,,,,,,,
26,,,6573,,,,,,,1.0916825532913208,,,,,,,,,,,,,,,,,,,,,,,,,,,,,,,,,,,,
26,,,6574,,,,,,,1.0803784132003784,,,,,,,,,,,,,,,,,,,,,,,,,,,,,,,,,,,,
26,,,6575,,,,,,,1.1032779216766357,,,,,,,,,,,,,,,,,,,,,,,,,,,,,,,,,,,,
26,,,6576,,,,,,,1.0874358415603638,,,,,,,,,,,,,,,,,,,,,,,,,,,,,,,,,,,,
26,,,6577,,,,,,,1.098349690437317,,,,,,,,,,,,,,,,,,,,,,,,,,,,,,,,,,,,
26,,,6578,,,,,,,1.1329808235168457,,,,,,,,,,,,,,,,,,,,,,,,,,,,,,,,,,,,
26,,,6579,,,,,,,1.1495561599731445,,,,,,,,,,,,,,,,,,,,,,,,,,,,,,,,,,,,
26,,,6580,,,,,,,1.0902923345565796,,,,,,,,,,,,,,,,,,,,,,,,,,,,,,,,,,,,
26,,,6581,,,,,,,1.0935964584350586,,,,,,,,,,,,,,,,,,,,,,,,,,,,,,,,,,,,
26,,,6582,,,,,,,1.089699149131775,,,,,,,,,,,,,,,,,,,,,,,,,,,,,,,,,,,,
26,,,6583,,,,,,,1.0862836837768555,,,,,,,,,,,,,,,,,,,,,,,,,,,,,,,,,,,,
26,,,6584,,,,,,,1.103705883026123,,,,,,,,,,,,,,,,,,,,,,,,,,,,,,,,,,,,
26,,,6585,,,,,,,1.1280784606933594,,,,,,,,,,,,,,,,,,,,,,,,,,,,,,,,,,,,
26,,,6586,,,,,,,1.1083695888519287,,,,,,,,,,,,,,,,,,,,,,,,,,,,,,,,,,,,
26,,,6587,,,,,,,1.127366065979004,,,,,,,,,,,,,,,,,,,,,,,,,,,,,,,,,,,,
26,,,6588,,,,,,,1.1265712976455688,,,,,,,,,,,,,,,,,,,,,,,,,,,,,,,,,,,,
26,,,6589,,,,,,,1.1011650562286377,,,,,,,,,,,,,,,,,,,,,,,,,,,,,,,,,,,,
26,,,6590,,,,,,,1.117223858833313,,,,,,,,,,,,,,,,,,,,,,,,,,,,,,,,,,,,
26,,,6591,,,,,,,1.086159348487854,,,,,,,,,,,,,,,,,,,,,,,,,,,,,,,,,,,,
26,,,6592,,,,,,,1.0977367162704468,,,,,,,,,,,,,,,,,,,,,,,,,,,,,,,,,,,,
26,,,6593,,,,,,,1.1076799631118774,,,,,,,,,,,,,,,,,,,,,,,,,,,,,,,,,,,,
26,,,6594,,,,,,,1.129659652709961,,,,,,,,,,,,,,,,,,,,,,,,,,,,,,,,,,,,
26,,,6595,,,,,,,1.1064143180847168,,,,,,,,,,,,,,,,,,,,,,,,,,,,,,,,,,,,
26,,,6596,,,,,,,1.1254525184631348,,,,,,,,,,,,,,,,,,,,,,,,,,,,,,,,,,,,
26,,,6597,,,,,,,1.1091513633728027,,,,,,,,,,,,,,,,,,,,,,,,,,,,,,,,,,,,
26,,,6598,,,,,,,1.0873955488204956,,,,,,,,,,,,,,,,,,,,,,,,,,,,,,,,,,,,
26,,,6599,,,,,,,1.1140468120574951,,,,,,,,,,,,,,,,,,,,,,,,,,,,,,,,,,,,
26,,,6600,,,,,,,1.1273589134216309,,,,,,,,,,,,,,,,,,,,,,,,,,,,,,,,,,,,
26,,,6601,,,,,,,1.083748459815979,,,,,,,,,,,,,,,,,,,,,,,,,,,,,,,,,,,,
26,,,6602,,,,,,,1.0851620435714722,,,,,,,,,,,,,,,,,,,,,,,,,,,,,,,,,,,,
26,,,6603,,,,,,,1.1526002883911133,,,,,,,,,,,,,,,,,,,,,,,,,,,,,,,,,,,,
26,,,6604,,,,,,,1.101574182510376,,,,,,,,,,,,,,,,,,,,,,,,,,,,,,,,,,,,
26,,,6605,,,,,,,1.2352370023727417,,,,,,,,,,,,,,,,,,,,,,,,,,,,,,,,,,,,
26,,,6606,,,,,,,1.1189777851104736,,,,,,,,,,,,,,,,,,,,,,,,,,,,,,,,,,,,
26,,,6607,,,,,,,1.0886776447296143,,,,,,,,,,,,,,,,,,,,,,,,,,,,,,,,,,,,
26,,,6608,,,,,,,1.0876514911651611,,,,,,,,,,,,,,,,,,,,,,,,,,,,,,,,,,,,
26,,,6609,,,,,,,1.084036946296692,,,,,,,,,,,,,,,,,,,,,,,,,,,,,,,,,,,,
26,,,6610,,,,,,,1.1044803857803345,,,,,,,,,,,,,,,,,,,,,,,,,,,,,,,,,,,,
26,,,6611,,,,,,,1.1402299404144287,,,,,,,,,,,,,,,,,,,,,,,,,,,,,,,,,,,,
26,,,6612,,,,,,,1.1282520294189453,,,,,,,,,,,,,,,,,,,,,,,,,,,,,,,,,,,,
26,,,6613,,,,,,,1.104560375213623,,,,,,,,,,,,,,,,,,,,,,,,,,,,,,,,,,,,
26,,,6614,,,,,,,1.0958997011184692,,,,,,,,,,,,,,,,,,,,,,,,,,,,,,,,,,,,
26,,,6615,,,,,,,1.0972286462783813,,,,,,,,,,,,,,,,,,,,,,,,,,,,,,,,,,,,
26,,,6616,,,,,,,1.1322271823883057,,,,,,,,,,,,,,,,,,,,,,,,,,,,,,,,,,,,
26,,,6617,,,,,,,1.1151726245880127,,,,,,,,,,,,,,,,,,,,,,,,,,,,,,,,,,,,
26,,,6618,,,,,,,1.0985933542251587,,,,,,,,,,,,,,,,,,,,,,,,,,,,,,,,,,,,
26,,,6619,,,,,,,1.1302751302719116,,,,,,,,,,,,,,,,,,,,,,,,,,,,,,,,,,,,
26,,,6620,,,,,,,1.135735273361206,,,,,,,,,,,,,,,,,,,,,,,,,,,,,,,,,,,,
26,,,6621,,,,,,,1.1034117937088013,,,,,,,,,,,,,,,,,,,,,,,,,,,,,,,,,,,,
26,,,6622,,,,,,,1.0938284397125244,,,,,,,,,,,,,,,,,,,,,,,,,,,,,,,,,,,,
26,,,6623,,,,,,,1.1200604438781738,,,,,,,,,,,,,,,,,,,,,,,,,,,,,,,,,,,,
26,,,6624,,,,,,,1.1222704648971558,,,,,,,,,,,,,,,,,,,,,,,,,,,,,,,,,,,,
26,,,6625,,,,,,,1.1136283874511719,,,,,,,,,,,,,,,,,,,,,,,,,,,,,,,,,,,,
26,,,6626,,,,,,,1.0945932865142822,,,,,,,,,,,,,,,,,,,,,,,,,,,,,,,,,,,,
26,,,6627,,,,,,,1.3124781847000122,,,,,,,,,,,,,,,,,,,,,,,,,,,,,,,,,,,,
26,,,6628,,,,,,,1.100090742111206,,,,,,,,,,,,,,,,,,,,,,,,,,,,,,,,,,,,
26,,,6629,,,,,,,1.097843885421753,,,,,,,,,,,,,,,,,,,,,,,,,,,,,,,,,,,,
26,,,6630,,,,,,,1.0960776805877686,,,,,,,,,,,,,,,,,,,,,,,,,,,,,,,,,,,,
26,,,6631,,,,,,,1.09407639503479,,,,,,,,,,,,,,,,,,,,,,,,,,,,,,,,,,,,
26,,,6632,,,,,,,1.0863492488861084,,,,,,,,,,,,,,,,,,,,,,,,,,,,,,,,,,,,
26,,,6633,,,,,,,1.0926634073257446,,,,,,,,,,,,,,,,,,,,,,,,,,,,,,,,,,,,
26,,,6634,,,,,,,1.0853102207183838,,,,,,,,,,,,,,,,,,,,,,,,,,,,,,,,,,,,
26,,,6635,,,,,,,1.090477705001831,,,,,,,,,,,,,,,,,,,,,,,,,,,,,,,,,,,,
26,,,6636,,,,,,,1.145612120628357,,,,,,,,,,,,,,,,,,,,,,,,,,,,,,,,,,,,
26,,,6637,,,,,,,1.1122382879257202,,,,,,,,,,,,,,,,,,,,,,,,,,,,,,,,,,,,
26,,,6638,,,,,,,1.0816196203231812,,,,,,,,,,,,,,,,,,,,,,,,,,,,,,,,,,,,
26,,,6639,,,,,,,1.0940015316009521,,,,,,,,,,,,,,,,,,,,,,,,,,,,,,,,,,,,
26,,,6640,,,,,,,1.144293189048767,,,,,,,,,,,,,,,,,,,,,,,,,,,,,,,,,,,,
26,,,6641,,,,,,,1.0860931873321533,,,,,,,,,,,,,,,,,,,,,,,,,,,,,,,,,,,,
26,,,6642,,,,,,,1.0888680219650269,,,,,,,,,,,,,,,,,,,,,,,,,,,,,,,,,,,,
26,,,6643,,,,,,,1.1228001117706299,,,,,,,,,,,,,,,,,,,,,,,,,,,,,,,,,,,,
26,,,6644,,,,,,,1.0924190282821655,,,,,,,,,,,,,,,,,,,,,,,,,,,,,,,,,,,,
26,,,6645,,,,,,,1.1266807317733765,,,,,,,,,,,,,,,,,,,,,,,,,,,,,,,,,,,,
26,,,6646,,,,,,,1.194974660873413,,,,,,,,,,,,,,,,,,,,,,,,,,,,,,,,,,,,
26,,,6647,,,,,,,1.084019422531128,,,,,,,,,,,,,,,,,,,,,,,,,,,,,,,,,,,,
26,,,6648,,,,,,,1.1129214763641357,,,,,,,,,,,,,,,,,,,,,,,,,,,,,,,,,,,,
26,,,6649,,,,,,,1.1755727529525757,,,,,,,,,,,,,,,,,,,,,,,,,,,,,,,,,,,,
26,,,6650,,,,,,,1.0813002586364746,,,,,,,,,,,,,,,,,,,,,,,,,,,,,,,,,,,,
26,,,6651,,,,,,,1.1264898777008057,,,,,,,,,,,,,,,,,,,,,,,,,,,,,,,,,,,,
26,,,6652,,,,,,,1.105736255645752,,,,,,,,,,,,,,,,,,,,,,,,,,,,,,,,,,,,
26,,,6653,,,,,,,1.108841896057129,,,,,,,,,,,,,,,,,,,,,,,,,,,,,,,,,,,,
26,,,6654,,,,,,,1.098833441734314,,,,,,,,,,,,,,,,,,,,,,,,,,,,,,,,,,,,
26,,,6655,,,,,,,1.1015701293945312,,,,,,,,,,,,,,,,,,,,,,,,,,,,,,,,,,,,
26,,,6656,,,,,,,1.0832735300064087,,,,,,,,,,,,,,,,,,,,,,,,,,,,,,,,,,,,
26,,,6657,,,,,,,1.0829495191574097,,,,,,,,,,,,,,,,,,,,,,,,,,,,,,,,,,,,
26,,,6658,,,,,,,1.2103042602539062,,,,,,,,,,,,,,,,,,,,,,,,,,,,,,,,,,,,
26,,,6659,,,,,,,1.1616257429122925,,,,,,,,,,,,,,,,,,,,,,,,,,,,,,,,,,,,
26,,,6660,,,,,,,1.0800687074661255,,,,,,,,,,,,,,,,,,,,,,,,,,,,,,,,,,,,
26,,,6661,,,,,,,1.158421277999878,,,,,,,,,,,,,,,,,,,,,,,,,,,,,,,,,,,,
26,,,6662,,,,,,,1.094914436340332,,,,,,,,,,,,,,,,,,,,,,,,,,,,,,,,,,,,
26,,,6663,,,,,,,1.1422314643859863,,,,,,,,,,,,,,,,,,,,,,,,,,,,,,,,,,,,
26,,,6664,,,,,,,1.0979595184326172,,,,,,,,,,,,,,,,,,,,,,,,,,,,,,,,,,,,
26,,,6665,,,,,,,1.102837324142456,,,,,,,,,,,,,,,,,,,,,,,,,,,,,,,,,,,,
26,,,6666,,,,,,,1.0800448656082153,,,,,,,,,,,,,,,,,,,,,,,,,,,,,,,,,,,,
26,,,6667,,,,,,,1.1260937452316284,,,,,,,,,,,,,,,,,,,,,,,,,,,,,,,,,,,,
26,,,6668,,,,,,,1.0869579315185547,,,,,,,,,,,,,,,,,,,,,,,,,,,,,,,,,,,,
26,,,6669,,,,,,,1.1114033460617065,,,,,,,,,,,,,,,,,,,,,,,,,,,,,,,,,,,,
26,,,6670,,,,,,,1.1663835048675537,,,,,,,,,,,,,,,,,,,,,,,,,,,,,,,,,,,,
26,,,6671,,,,,,,1.085081934928894,,,,,,,,,,,,,,,,,,,,,,,,,,,,,,,,,,,,
26,,,6672,,,,,,,1.0878231525421143,,,,,,,,,,,,,,,,,,,,,,,,,,,,,,,,,,,,
26,,,6673,,,,,,,1.1406707763671875,,,,,,,,,,,,,,,,,,,,,,,,,,,,,,,,,,,,
26,,,6674,,,,,,,1.318098783493042,,,,,,,,,,,,,,,,,,,,,,,,,,,,,,,,,,,,
26,,,6675,,,,,,,1.1465678215026855,,,,,,,,,,,,,,,,,,,,,,,,,,,,,,,,,,,,
26,,,6676,,,,,,,1.101684808731079,,,,,,,,,,,,,,,,,,,,,,,,,,,,,,,,,,,,
26,,,6677,,,,,,,1.0940619707107544,,,,,,,,,,,,,,,,,,,,,,,,,,,,,,,,,,,,
26,,,6678,,,,,,,1.098866581916809,,,,,,,,,,,,,,,,,,,,,,,,,,,,,,,,,,,,
26,,,6679,,,,,,,1.092121958732605,,,,,,,,,,,,,,,,,,,,,,,,,,,,,,,,,,,,
26,,,6680,,,,,,,1.093035101890564,,,,,,,,,,,,,,,,,,,,,,,,,,,,,,,,,,,,
26,,,6681,,,,,,,1.1093103885650635,,,,,,,,,,,,,,,,,,,,,,,,,,,,,,,,,,,,
26,,,6682,,,,,,,1.090404748916626,,,,,,,,,,,,,,,,,,,,,,,,,,,,,,,,,,,,
26,,,6683,,,,,,,1.0846946239471436,,,,,,,,,,,,,,,,,,,,,,,,,,,,,,,,,,,,
26,,,6684,,,,,,,1.0973618030548096,,,,,,,,,,,,,,,,,,,,,,,,,,,,,,,,,,,,
26,,,6685,,,,,,,1.091322898864746,,,,,,,,,,,,,,,,,,,,,,,,,,,,,,,,,,,,
26,,,6686,,,,,,,1.1261141300201416,,,,,,,,,,,,,,,,,,,,,,,,,,,,,,,,,,,,
26,,,6687,,,,,,,1.1493356227874756,,,,,,,,,,,,,,,,,,,,,,,,,,,,,,,,,,,,
26,,,6688,,,,,,,1.0863268375396729,,,,,,,,,,,,,,,,,,,,,,,,,,,,,,,,,,,,
26,,,6689,,,,,,,1.0864570140838623,,,,,,,,,,,,,,,,,,,,,,,,,,,,,,,,,,,,
26,,,6690,,,,,,,1.08632230758667,,,,,,,,,,,,,,,,,,,,,,,,,,,,,,,,,,,,
26,,,6691,,,,,,,1.1946561336517334,,,,,,,,,,,,,,,,,,,,,,,,,,,,,,,,,,,,
26,,,6692,,,,,,,1.148557424545288,,,,,,,,,,,,,,,,,,,,,,,,,,,,,,,,,,,,
26,,,6693,,,,,,,1.10371732711792,,,,,,,,,,,,,,,,,,,,,,,,,,,,,,,,,,,,
26,,,6694,,,,,,,1.095367431640625,,,,,,,,,,,,,,,,,,,,,,,,,,,,,,,,,,,,
26,,,6695,,,,,,,1.0882437229156494,,,,,,,,,,,,,,,,,,,,,,,,,,,,,,,,,,,,
26,,,6696,,,,,,,1.0987920761108398,,,,,,,,,,,,,,,,,,,,,,,,,,,,,,,,,,,,
26,,,6697,,,,,,,1.085766077041626,,,,,,,,,,,,,,,,,,,,,,,,,,,,,,,,,,,,
26,,,6698,,,,,,,1.0947434902191162,,,,,,,,,,,,,,,,,,,,,,,,,,,,,,,,,,,,
26,,,6699,,,,,,,1.1131620407104492,,,,,,,,,,,,,,,,,,,,,,,,,,,,,,,,,,,,
26,,,6700,,,,,,,1.0803718566894531,,,,,,,,,,,,,,,,,,,,,,,,,,,,,,,,,,,,
26,,,6701,,,,,,,1.1398624181747437,,,,,,,,,,,,,,,,,,,,,,,,,,,,,,,,,,,,
26,,,6702,,,,,,,1.1207213401794434,,,,,,,,,,,,,,,,,,,,,,,,,,,,,,,,,,,,
26,,,6703,,,,,,,1.089156985282898,,,,,,,,,,,,,,,,,,,,,,,,,,,,,,,,,,,,
26,,,6704,,,,,,,1.0804831981658936,,,,,,,,,,,,,,,,,,,,,,,,,,,,,,,,,,,,
26,,,6705,,,,,,,1.0892114639282227,,,,,,,,,,,,,,,,,,,,,,,,,,,,,,,,,,,,
26,,,6706,,,,,,,1.1203533411026,,,,,,,,,,,,,,,,,,,,,,,,,,,,,,,,,,,,
26,,,6707,,,,,,,1.0899181365966797,,,,,,,,,,,,,,,,,,,,,,,,,,,,,,,,,,,,
26,,,6708,,,,,,,1.1138091087341309,,,,,,,,,,,,,,,,,,,,,,,,,,,,,,,,,,,,
26,,,6709,,,,,,,1.0801314115524292,,,,,,,,,,,,,,,,,,,,,,,,,,,,,,,,,,,,
26,,,6710,,,,,,,1.0920350551605225,,,,,,,,,,,,,,,,,,,,,,,,,,,,,,,,,,,,
26,,,6711,,,,,,,1.159523606300354,,,,,,,,,,,,,,,,,,,,,,,,,,,,,,,,,,,,
26,,,6712,,,,,,,1.0801411867141724,,,,,,,,,,,,,,,,,,,,,,,,,,,,,,,,,,,,
26,,,6713,,,,,,,1.0970697402954102,,,,,,,,,,,,,,,,,,,,,,,,,,,,,,,,,,,,
26,,,6714,,,,,,,1.1092571020126343,,,,,,,,,,,,,,,,,,,,,,,,,,,,,,,,,,,,
26,,,6715,,,,,,,1.0905580520629883,,,,,,,,,,,,,,,,,,,,,,,,,,,,,,,,,,,,
26,,,6716,,,,,,,1.0958149433135986,,,,,,,,,,,,,,,,,,,,,,,,,,,,,,,,,,,,
26,,,6717,,,,,,,1.0851608514785767,,,,,,,,,,,,,,,,,,,,,,,,,,,,,,,,,,,,
26,,,6718,,,,,,,1.1683701276779175,,,,,,,,,,,,,,,,,,,,,,,,,,,,,,,,,,,,
26,,,6719,,,,,,,1.1219844818115234,,,,,,,,,,,,,,,,,,,,,,,,,,,,,,,,,,,,
26,,,6720,,,,,,,1.0844742059707642,,,,,,,,,,,,,,,,,,,,,,,,,,,,,,,,,,,,
26,,,6721,,,,,,,1.1009118556976318,,,,,,,,,,,,,,,,,,,,,,,,,,,,,,,,,,,,
26,,,6722,,,,,,,1.103626012802124,,,,,,,,,,,,,,,,,,,,,,,,,,,,,,,,,,,,
26,,,6723,,,,,,,1.1230696439743042,,,,,,,,,,,,,,,,,,,,,,,,,,,,,,,,,,,,
26,,,6724,,,,,,,1.0954742431640625,,,,,,,,,,,,,,,,,,,,,,,,,,,,,,,,,,,,
26,,,6725,,,,,,,1.1123321056365967,,,,,,,,,,,,,,,,,,,,,,,,,,,,,,,,,,,,
26,,,6726,,,,,,,1.0955098867416382,,,,,,,,,,,,,,,,,,,,,,,,,,,,,,,,,,,,
26,,,6727,,,,,,,1.0807147026062012,,,,,,,,,,,,,,,,,,,,,,,,,,,,,,,,,,,,
26,,,6728,,,,,,,1.0996875762939453,,,,,,,,,,,,,,,,,,,,,,,,,,,,,,,,,,,,
26,,,6729,,,,,,,1.080824375152588,,,,,,,,,,,,,,,,,,,,,,,,,,,,,,,,,,,,
26,,,6730,,,,,,,1.17301607131958,,,,,,,,,,,,,,,,,,,,,,,,,,,,,,,,,,,,
26,,,6731,,,,,,,1.127752423286438,,,,,,,,,,,,,,,,,,,,,,,,,,,,,,,,,,,,
26,,,6732,,,,,,,1.099156379699707,,,,,,,,,,,,,,,,,,,,,,,,,,,,,,,,,,,,
26,,,6733,,,,,,,1.1117873191833496,,,,,,,,,,,,,,,,,,,,,,,,,,,,,,,,,,,,
26,,,6734,,,,,,,1.0914822816848755,,,,,,,,,,,,,,,,,,,,,,,,,,,,,,,,,,,,
26,,,6735,,,,,,,1.1822965145111084,,,,,,,,,,,,,,,,,,,,,,,,,,,,,,,,,,,,
26,,,6736,,,,,,,1.098283290863037,,,,,,,,,,,,,,,,,,,,,,,,,,,,,,,,,,,,
26,,,6737,,,,,,,1.1042699813842773,,,,,,,,,,,,,,,,,,,,,,,,,,,,,,,,,,,,
26,,,6738,,,,,,,1.1117299795150757,,,,,,,,,,,,,,,,,,,,,,,,,,,,,,,,,,,,
26,,,6739,,,,,,,1.1054445505142212,,,,,,,,,,,,,,,,,,,,,,,,,,,,,,,,,,,,
26,,,6740,,,,,,,1.0974806547164917,,,,,,,,,,,,,,,,,,,,,,,,,,,,,,,,,,,,
26,,,6741,,,,,,,1.0801167488098145,,,,,,,,,,,,,,,,,,,,,,,,,,,,,,,,,,,,
26,,,6742,,,,,,,1.0868802070617676,,,,,,,,,,,,,,,,,,,,,,,,,,,,,,,,,,,,
26,,,6743,,,,,,,1.0928122997283936,,,,,,,,,,,,,,,,,,,,,,,,,,,,,,,,,,,,
26,,,6744,,,,,,,1.0840750932693481,,,,,,,,,,,,,,,,,,,,,,,,,,,,,,,,,,,,
26,,,6745,,,,,,,1.1232304573059082,,,,,,,,,,,,,,,,,,,,,,,,,,,,,,,,,,,,
26,,,6746,,,,,,,1.0877676010131836,,,,,,,,,,,,,,,,,,,,,,,,,,,,,,,,,,,,
26,,,6747,,,,,,,1.0880680084228516,,,,,,,,,,,,,,,,,,,,,,,,,,,,,,,,,,,,
26,,,6748,,,,,,,1.1346518993377686,,,,,,,,,,,,,,,,,,,,,,,,,,,,,,,,,,,,
26,,,6749,,,,,,,1.0864691734313965,,,,,,,,,,,,,,,,,,,,,,,,,,,,,,,,,,,,
26,,,6749,,,,,,,,,,0.19306272268295288,0.004536859691143036,0.6748046875,1.349609375,53.0732421875,0.6748046875,271790.65625,0.837592601776123,0.837592601776123,1.0,0.2911872863769531,53.0732421875,0.6748046875,0.9387093186378479,0.04724229872226715,22118.0,0.0018351945327594876,0.0027195934671908617,0.41275280714035034,0.6116626262664795,0.005415110383182764,1475.0,0.016941865906119347,0.02510632388293743,0.26945388317108154,0.3993064761161804,0.013832826167345047,7373.0,0.004732211120426655,0.007012711837887764,0.3398797810077667,0.5036713480949402,0.016305863857269287,0.00035992596531286836
26,,20.0,6749,263184.25,0.8508380651473999,0.8532803058624268,1.1085309982299805,0.8532803058624268,1.0,,0.30162501335144043,0.9190000295639038,,,,,,,,,,,,,,,,,,,,,,,,,,,,,,,,,,
,7.162521529260765e-05,,6750,,,,,,,,,,,,,,,,,,,,,,,,,,,,,,,,,,,,,,,,,,,
27,,,6750,,,,,,,1.092915415763855,,,,,,,,,,,,,,,,,,,,,,,,,,,,,,,,,,,,
27,,,6751,,,,,,,1.0815234184265137,,,,,,,,,,,,,,,,,,,,,,,,,,,,,,,,,,,,
27,,,6752,,,,,,,1.1483738422393799,,,,,,,,,,,,,,,,,,,,,,,,,,,,,,,,,,,,
27,,,6753,,,,,,,1.103165626525879,,,,,,,,,,,,,,,,,,,,,,,,,,,,,,,,,,,,
27,,,6754,,,,,,,1.1277885437011719,,,,,,,,,,,,,,,,,,,,,,,,,,,,,,,,,,,,
27,,,6755,,,,,,,1.0905954837799072,,,,,,,,,,,,,,,,,,,,,,,,,,,,,,,,,,,,
27,,,6756,,,,,,,1.0898029804229736,,,,,,,,,,,,,,,,,,,,,,,,,,,,,,,,,,,,
27,,,6757,,,,,,,1.1161150932312012,,,,,,,,,,,,,,,,,,,,,,,,,,,,,,,,,,,,
27,,,6758,,,,,,,1.0956871509552002,,,,,,,,,,,,,,,,,,,,,,,,,,,,,,,,,,,,
27,,,6759,,,,,,,1.0973026752471924,,,,,,,,,,,,,,,,,,,,,,,,,,,,,,,,,,,,
27,,,6760,,,,,,,1.1247286796569824,,,,,,,,,,,,,,,,,,,,,,,,,,,,,,,,,,,,
27,,,6761,,,,,,,1.1737759113311768,,,,,,,,,,,,,,,,,,,,,,,,,,,,,,,,,,,,
27,,,6762,,,,,,,1.0933738946914673,,,,,,,,,,,,,,,,,,,,,,,,,,,,,,,,,,,,
27,,,6763,,,,,,,1.1847628355026245,,,,,,,,,,,,,,,,,,,,,,,,,,,,,,,,,,,,
27,,,6764,,,,,,,1.0983647108078003,,,,,,,,,,,,,,,,,,,,,,,,,,,,,,,,,,,,
27,,,6765,,,,,,,1.0899553298950195,,,,,,,,,,,,,,,,,,,,,,,,,,,,,,,,,,,,
27,,,6766,,,,,,,1.1049180030822754,,,,,,,,,,,,,,,,,,,,,,,,,,,,,,,,,,,,
27,,,6767,,,,,,,1.102799892425537,,,,,,,,,,,,,,,,,,,,,,,,,,,,,,,,,,,,
27,,,6768,,,,,,,1.0889126062393188,,,,,,,,,,,,,,,,,,,,,,,,,,,,,,,,,,,,
27,,,6769,,,,,,,1.0933332443237305,,,,,,,,,,,,,,,,,,,,,,,,,,,,,,,,,,,,
27,,,6770,,,,,,,1.1792247295379639,,,,,,,,,,,,,,,,,,,,,,,,,,,,,,,,,,,,
27,,,6771,,,,,,,1.0966520309448242,,,,,,,,,,,,,,,,,,,,,,,,,,,,,,,,,,,,
27,,,6772,,,,,,,1.1936697959899902,,,,,,,,,,,,,,,,,,,,,,,,,,,,,,,,,,,,
27,,,6773,,,,,,,1.0842902660369873,,,,,,,,,,,,,,,,,,,,,,,,,,,,,,,,,,,,
27,,,6774,,,,,,,1.1015088558197021,,,,,,,,,,,,,,,,,,,,,,,,,,,,,,,,,,,,
27,,,6775,,,,,,,1.0955028533935547,,,,,,,,,,,,,,,,,,,,,,,,,,,,,,,,,,,,
27,,,6776,,,,,,,1.1516907215118408,,,,,,,,,,,,,,,,,,,,,,,,,,,,,,,,,,,,
27,,,6777,,,,,,,1.085980772972107,,,,,,,,,,,,,,,,,,,,,,,,,,,,,,,,,,,,
27,,,6778,,,,,,,1.1393826007843018,,,,,,,,,,,,,,,,,,,,,,,,,,,,,,,,,,,,
27,,,6779,,,,,,,1.088252305984497,,,,,,,,,,,,,,,,,,,,,,,,,,,,,,,,,,,,
27,,,6780,,,,,,,1.090076208114624,,,,,,,,,,,,,,,,,,,,,,,,,,,,,,,,,,,,
27,,,6781,,,,,,,1.103931188583374,,,,,,,,,,,,,,,,,,,,,,,,,,,,,,,,,,,,
27,,,6782,,,,,,,1.0839028358459473,,,,,,,,,,,,,,,,,,,,,,,,,,,,,,,,,,,,
27,,,6783,,,,,,,1.0866018533706665,,,,,,,,,,,,,,,,,,,,,,,,,,,,,,,,,,,,
27,,,6784,,,,,,,1.0968014001846313,,,,,,,,,,,,,,,,,,,,,,,,,,,,,,,,,,,,
27,,,6785,,,,,,,1.1008628606796265,,,,,,,,,,,,,,,,,,,,,,,,,,,,,,,,,,,,
27,,,6786,,,,,,,1.092175006866455,,,,,,,,,,,,,,,,,,,,,,,,,,,,,,,,,,,,
27,,,6787,,,,,,,1.1149110794067383,,,,,,,,,,,,,,,,,,,,,,,,,,,,,,,,,,,,
27,,,6788,,,,,,,1.248966097831726,,,,,,,,,,,,,,,,,,,,,,,,,,,,,,,,,,,,
27,,,6789,,,,,,,1.085803508758545,,,,,,,,,,,,,,,,,,,,,,,,,,,,,,,,,,,,
27,,,6790,,,,,,,1.11980402469635,,,,,,,,,,,,,,,,,,,,,,,,,,,,,,,,,,,,
27,,,6791,,,,,,,1.1930592060089111,,,,,,,,,,,,,,,,,,,,,,,,,,,,,,,,,,,,
27,,,6792,,,,,,,1.103999137878418,,,,,,,,,,,,,,,,,,,,,,,,,,,,,,,,,,,,
27,,,6793,,,,,,,1.0901103019714355,,,,,,,,,,,,,,,,,,,,,,,,,,,,,,,,,,,,
27,,,6794,,,,,,,1.0872468948364258,,,,,,,,,,,,,,,,,,,,,,,,,,,,,,,,,,,,
27,,,6795,,,,,,,1.1353424787521362,,,,,,,,,,,,,,,,,,,,,,,,,,,,,,,,,,,,
27,,,6796,,,,,,,1.0957095623016357,,,,,,,,,,,,,,,,,,,,,,,,,,,,,,,,,,,,
27,,,6797,,,,,,,1.1554081439971924,,,,,,,,,,,,,,,,,,,,,,,,,,,,,,,,,,,,
27,,,6798,,,,,,,1.0943361520767212,,,,,,,,,,,,,,,,,,,,,,,,,,,,,,,,,,,,
27,,,6799,,,,,,,1.0999462604522705,,,,,,,,,,,,,,,,,,,,,,,,,,,,,,,,,,,,
27,,,6800,,,,,,,1.0855873823165894,,,,,,,,,,,,,,,,,,,,,,,,,,,,,,,,,,,,
27,,,6801,,,,,,,1.0963289737701416,,,,,,,,,,,,,,,,,,,,,,,,,,,,,,,,,,,,
27,,,6802,,,,,,,1.1070094108581543,,,,,,,,,,,,,,,,,,,,,,,,,,,,,,,,,,,,
27,,,6803,,,,,,,1.0901662111282349,,,,,,,,,,,,,,,,,,,,,,,,,,,,,,,,,,,,
27,,,6804,,,,,,,1.2577204704284668,,,,,,,,,,,,,,,,,,,,,,,,,,,,,,,,,,,,
27,,,6805,,,,,,,1.1020947694778442,,,,,,,,,,,,,,,,,,,,,,,,,,,,,,,,,,,,
27,,,6806,,,,,,,1.0897958278656006,,,,,,,,,,,,,,,,,,,,,,,,,,,,,,,,,,,,
27,,,6807,,,,,,,1.0913033485412598,,,,,,,,,,,,,,,,,,,,,,,,,,,,,,,,,,,,
27,,,6808,,,,,,,1.106801152229309,,,,,,,,,,,,,,,,,,,,,,,,,,,,,,,,,,,,
27,,,6809,,,,,,,1.0897884368896484,,,,,,,,,,,,,,,,,,,,,,,,,,,,,,,,,,,,
27,,,6810,,,,,,,1.1332755088806152,,,,,,,,,,,,,,,,,,,,,,,,,,,,,,,,,,,,
27,,,6811,,,,,,,1.1221743822097778,,,,,,,,,,,,,,,,,,,,,,,,,,,,,,,,,,,,
27,,,6812,,,,,,,1.0866841077804565,,,,,,,,,,,,,,,,,,,,,,,,,,,,,,,,,,,,
27,,,6813,,,,,,,1.0817433595657349,,,,,,,,,,,,,,,,,,,,,,,,,,,,,,,,,,,,
27,,,6814,,,,,,,1.0910212993621826,,,,,,,,,,,,,,,,,,,,,,,,,,,,,,,,,,,,
27,,,6815,,,,,,,1.0909481048583984,,,,,,,,,,,,,,,,,,,,,,,,,,,,,,,,,,,,
27,,,6816,,,,,,,1.08858060836792,,,,,,,,,,,,,,,,,,,,,,,,,,,,,,,,,,,,
27,,,6817,,,,,,,1.0821280479431152,,,,,,,,,,,,,,,,,,,,,,,,,,,,,,,,,,,,
27,,,6818,,,,,,,1.0972034931182861,,,,,,,,,,,,,,,,,,,,,,,,,,,,,,,,,,,,
27,,,6819,,,,,,,1.1053175926208496,,,,,,,,,,,,,,,,,,,,,,,,,,,,,,,,,,,,
27,,,6820,,,,,,,1.0885303020477295,,,,,,,,,,,,,,,,,,,,,,,,,,,,,,,,,,,,
27,,,6821,,,,,,,1.0856913328170776,,,,,,,,,,,,,,,,,,,,,,,,,,,,,,,,,,,,
27,,,6822,,,,,,,1.093002200126648,,,,,,,,,,,,,,,,,,,,,,,,,,,,,,,,,,,,
27,,,6823,,,,,,,1.0949844121932983,,,,,,,,,,,,,,,,,,,,,,,,,,,,,,,,,,,,
27,,,6824,,,,,,,1.0925122499465942,,,,,,,,,,,,,,,,,,,,,,,,,,,,,,,,,,,,
27,,,6825,,,,,,,1.1158547401428223,,,,,,,,,,,,,,,,,,,,,,,,,,,,,,,,,,,,
27,,,6826,,,,,,,1.0809093713760376,,,,,,,,,,,,,,,,,,,,,,,,,,,,,,,,,,,,
27,,,6827,,,,,,,1.0921893119812012,,,,,,,,,,,,,,,,,,,,,,,,,,,,,,,,,,,,
27,,,6828,,,,,,,1.0946916341781616,,,,,,,,,,,,,,,,,,,,,,,,,,,,,,,,,,,,
27,,,6829,,,,,,,1.1204948425292969,,,,,,,,,,,,,,,,,,,,,,,,,,,,,,,,,,,,
27,,,6830,,,,,,,1.0852537155151367,,,,,,,,,,,,,,,,,,,,,,,,,,,,,,,,,,,,
27,,,6831,,,,,,,1.1118398904800415,,,,,,,,,,,,,,,,,,,,,,,,,,,,,,,,,,,,
27,,,6832,,,,,,,1.1605017185211182,,,,,,,,,,,,,,,,,,,,,,,,,,,,,,,,,,,,
27,,,6833,,,,,,,1.1115825176239014,,,,,,,,,,,,,,,,,,,,,,,,,,,,,,,,,,,,
27,,,6834,,,,,,,1.10883367061615,,,,,,,,,,,,,,,,,,,,,,,,,,,,,,,,,,,,
27,,,6835,,,,,,,1.1114890575408936,,,,,,,,,,,,,,,,,,,,,,,,,,,,,,,,,,,,
27,,,6836,,,,,,,1.0809932947158813,,,,,,,,,,,,,,,,,,,,,,,,,,,,,,,,,,,,
27,,,6837,,,,,,,1.107583999633789,,,,,,,,,,,,,,,,,,,,,,,,,,,,,,,,,,,,
27,,,6838,,,,,,,1.1181602478027344,,,,,,,,,,,,,,,,,,,,,,,,,,,,,,,,,,,,
27,,,6839,,,,,,,1.1032421588897705,,,,,,,,,,,,,,,,,,,,,,,,,,,,,,,,,,,,
27,,,6840,,,,,,,1.0936803817749023,,,,,,,,,,,,,,,,,,,,,,,,,,,,,,,,,,,,
27,,,6841,,,,,,,1.1015112400054932,,,,,,,,,,,,,,,,,,,,,,,,,,,,,,,,,,,,
27,,,6842,,,,,,,1.095962405204773,,,,,,,,,,,,,,,,,,,,,,,,,,,,,,,,,,,,
27,,,6843,,,,,,,1.103770136833191,,,,,,,,,,,,,,,,,,,,,,,,,,,,,,,,,,,,
27,,,6844,,,,,,,1.0963363647460938,,,,,,,,,,,,,,,,,,,,,,,,,,,,,,,,,,,,
27,,,6845,,,,,,,1.0806976556777954,,,,,,,,,,,,,,,,,,,,,,,,,,,,,,,,,,,,
27,,,6846,,,,,,,1.0803465843200684,,,,,,,,,,,,,,,,,,,,,,,,,,,,,,,,,,,,
27,,,6847,,,,,,,1.181506872177124,,,,,,,,,,,,,,,,,,,,,,,,,,,,,,,,,,,,
27,,,6848,,,,,,,1.1053825616836548,,,,,,,,,,,,,,,,,,,,,,,,,,,,,,,,,,,,
27,,,6849,,,,,,,1.1351157426834106,,,,,,,,,,,,,,,,,,,,,,,,,,,,,,,,,,,,
27,,,6850,,,,,,,1.0909678936004639,,,,,,,,,,,,,,,,,,,,,,,,,,,,,,,,,,,,
27,,,6851,,,,,,,1.0902175903320312,,,,,,,,,,,,,,,,,,,,,,,,,,,,,,,,,,,,
27,,,6852,,,,,,,1.0851619243621826,,,,,,,,,,,,,,,,,,,,,,,,,,,,,,,,,,,,
27,,,6853,,,,,,,1.1283752918243408,,,,,,,,,,,,,,,,,,,,,,,,,,,,,,,,,,,,
27,,,6854,,,,,,,1.0989859104156494,,,,,,,,,,,,,,,,,,,,,,,,,,,,,,,,,,,,
27,,,6855,,,,,,,1.0873912572860718,,,,,,,,,,,,,,,,,,,,,,,,,,,,,,,,,,,,
27,,,6856,,,,,,,1.0943222045898438,,,,,,,,,,,,,,,,,,,,,,,,,,,,,,,,,,,,
27,,,6857,,,,,,,1.131917119026184,,,,,,,,,,,,,,,,,,,,,,,,,,,,,,,,,,,,
27,,,6858,,,,,,,1.0961127281188965,,,,,,,,,,,,,,,,,,,,,,,,,,,,,,,,,,,,
27,,,6859,,,,,,,1.1015971899032593,,,,,,,,,,,,,,,,,,,,,,,,,,,,,,,,,,,,
27,,,6860,,,,,,,1.104085087776184,,,,,,,,,,,,,,,,,,,,,,,,,,,,,,,,,,,,
27,,,6861,,,,,,,1.0805957317352295,,,,,,,,,,,,,,,,,,,,,,,,,,,,,,,,,,,,
27,,,6862,,,,,,,1.0969524383544922,,,,,,,,,,,,,,,,,,,,,,,,,,,,,,,,,,,,
27,,,6863,,,,,,,1.100705623626709,,,,,,,,,,,,,,,,,,,,,,,,,,,,,,,,,,,,
27,,,6864,,,,,,,1.084651231765747,,,,,,,,,,,,,,,,,,,,,,,,,,,,,,,,,,,,
27,,,6865,,,,,,,1.0935152769088745,,,,,,,,,,,,,,,,,,,,,,,,,,,,,,,,,,,,
27,,,6866,,,,,,,1.0826539993286133,,,,,,,,,,,,,,,,,,,,,,,,,,,,,,,,,,,,
27,,,6867,,,,,,,1.163427472114563,,,,,,,,,,,,,,,,,,,,,,,,,,,,,,,,,,,,
27,,,6868,,,,,,,1.0953441858291626,,,,,,,,,,,,,,,,,,,,,,,,,,,,,,,,,,,,
27,,,6869,,,,,,,1.09547758102417,,,,,,,,,,,,,,,,,,,,,,,,,,,,,,,,,,,,
27,,,6870,,,,,,,1.0901836156845093,,,,,,,,,,,,,,,,,,,,,,,,,,,,,,,,,,,,
27,,,6871,,,,,,,1.094707727432251,,,,,,,,,,,,,,,,,,,,,,,,,,,,,,,,,,,,
27,,,6872,,,,,,,1.1537147760391235,,,,,,,,,,,,,,,,,,,,,,,,,,,,,,,,,,,,
27,,,6873,,,,,,,1.0859825611114502,,,,,,,,,,,,,,,,,,,,,,,,,,,,,,,,,,,,
27,,,6874,,,,,,,1.1146965026855469,,,,,,,,,,,,,,,,,,,,,,,,,,,,,,,,,,,,
27,,,6875,,,,,,,1.1085463762283325,,,,,,,,,,,,,,,,,,,,,,,,,,,,,,,,,,,,
27,,,6876,,,,,,,1.1274433135986328,,,,,,,,,,,,,,,,,,,,,,,,,,,,,,,,,,,,
27,,,6877,,,,,,,1.0869790315628052,,,,,,,,,,,,,,,,,,,,,,,,,,,,,,,,,,,,
27,,,6878,,,,,,,1.1005268096923828,,,,,,,,,,,,,,,,,,,,,,,,,,,,,,,,,,,,
27,,,6879,,,,,,,1.0974074602127075,,,,,,,,,,,,,,,,,,,,,,,,,,,,,,,,,,,,
27,,,6880,,,,,,,1.0875184535980225,,,,,,,,,,,,,,,,,,,,,,,,,,,,,,,,,,,,
27,,,6881,,,,,,,1.1416544914245605,,,,,,,,,,,,,,,,,,,,,,,,,,,,,,,,,,,,
27,,,6882,,,,,,,1.1288723945617676,,,,,,,,,,,,,,,,,,,,,,,,,,,,,,,,,,,,
27,,,6883,,,,,,,1.0955760478973389,,,,,,,,,,,,,,,,,,,,,,,,,,,,,,,,,,,,
27,,,6884,,,,,,,1.1275317668914795,,,,,,,,,,,,,,,,,,,,,,,,,,,,,,,,,,,,
27,,,6885,,,,,,,1.0884180068969727,,,,,,,,,,,,,,,,,,,,,,,,,,,,,,,,,,,,
27,,,6886,,,,,,,1.1227962970733643,,,,,,,,,,,,,,,,,,,,,,,,,,,,,,,,,,,,
27,,,6887,,,,,,,1.0859293937683105,,,,,,,,,,,,,,,,,,,,,,,,,,,,,,,,,,,,
27,,,6888,,,,,,,1.1113053560256958,,,,,,,,,,,,,,,,,,,,,,,,,,,,,,,,,,,,
27,,,6889,,,,,,,1.1231714487075806,,,,,,,,,,,,,,,,,,,,,,,,,,,,,,,,,,,,
27,,,6890,,,,,,,1.0815188884735107,,,,,,,,,,,,,,,,,,,,,,,,,,,,,,,,,,,,
27,,,6891,,,,,,,1.0831812620162964,,,,,,,,,,,,,,,,,,,,,,,,,,,,,,,,,,,,
27,,,6892,,,,,,,1.1002362966537476,,,,,,,,,,,,,,,,,,,,,,,,,,,,,,,,,,,,
27,,,6893,,,,,,,1.0961787700653076,,,,,,,,,,,,,,,,,,,,,,,,,,,,,,,,,,,,
27,,,6894,,,,,,,1.0845164060592651,,,,,,,,,,,,,,,,,,,,,,,,,,,,,,,,,,,,
27,,,6895,,,,,,,1.1063297986984253,,,,,,,,,,,,,,,,,,,,,,,,,,,,,,,,,,,,
27,,,6896,,,,,,,1.3589951992034912,,,,,,,,,,,,,,,,,,,,,,,,,,,,,,,,,,,,
27,,,6897,,,,,,,1.0965608358383179,,,,,,,,,,,,,,,,,,,,,,,,,,,,,,,,,,,,
27,,,6898,,,,,,,1.086464524269104,,,,,,,,,,,,,,,,,,,,,,,,,,,,,,,,,,,,
27,,,6899,,,,,,,1.0972989797592163,,,,,,,,,,,,,,,,,,,,,,,,,,,,,,,,,,,,
27,,,6900,,,,,,,1.1357007026672363,,,,,,,,,,,,,,,,,,,,,,,,,,,,,,,,,,,,
27,,,6901,,,,,,,1.1178441047668457,,,,,,,,,,,,,,,,,,,,,,,,,,,,,,,,,,,,
27,,,6902,,,,,,,1.1140066385269165,,,,,,,,,,,,,,,,,,,,,,,,,,,,,,,,,,,,
27,,,6903,,,,,,,1.109376311302185,,,,,,,,,,,,,,,,,,,,,,,,,,,,,,,,,,,,
27,,,6904,,,,,,,1.0981963872909546,,,,,,,,,,,,,,,,,,,,,,,,,,,,,,,,,,,,
27,,,6905,,,,,,,1.1044442653656006,,,,,,,,,,,,,,,,,,,,,,,,,,,,,,,,,,,,
27,,,6906,,,,,,,1.219089388847351,,,,,,,,,,,,,,,,,,,,,,,,,,,,,,,,,,,,
27,,,6907,,,,,,,1.0804939270019531,,,,,,,,,,,,,,,,,,,,,,,,,,,,,,,,,,,,
27,,,6908,,,,,,,1.1749060153961182,,,,,,,,,,,,,,,,,,,,,,,,,,,,,,,,,,,,
27,,,6909,,,,,,,1.0966951847076416,,,,,,,,,,,,,,,,,,,,,,,,,,,,,,,,,,,,
27,,,6910,,,,,,,1.1312673091888428,,,,,,,,,,,,,,,,,,,,,,,,,,,,,,,,,,,,
27,,,6911,,,,,,,1.0838987827301025,,,,,,,,,,,,,,,,,,,,,,,,,,,,,,,,,,,,
27,,,6912,,,,,,,1.100307822227478,,,,,,,,,,,,,,,,,,,,,,,,,,,,,,,,,,,,
27,,,6913,,,,,,,1.1304441690444946,,,,,,,,,,,,,,,,,,,,,,,,,,,,,,,,,,,,
27,,,6914,,,,,,,1.1314406394958496,,,,,,,,,,,,,,,,,,,,,,,,,,,,,,,,,,,,
27,,,6915,,,,,,,1.1056034564971924,,,,,,,,,,,,,,,,,,,,,,,,,,,,,,,,,,,,
27,,,6916,,,,,,,1.135390043258667,,,,,,,,,,,,,,,,,,,,,,,,,,,,,,,,,,,,
27,,,6917,,,,,,,1.0933380126953125,,,,,,,,,,,,,,,,,,,,,,,,,,,,,,,,,,,,
27,,,6918,,,,,,,1.1145793199539185,,,,,,,,,,,,,,,,,,,,,,,,,,,,,,,,,,,,
27,,,6919,,,,,,,1.0923562049865723,,,,,,,,,,,,,,,,,,,,,,,,,,,,,,,,,,,,
27,,,6920,,,,,,,1.104440450668335,,,,,,,,,,,,,,,,,,,,,,,,,,,,,,,,,,,,
27,,,6921,,,,,,,1.1018950939178467,,,,,,,,,,,,,,,,,,,,,,,,,,,,,,,,,,,,
27,,,6922,,,,,,,1.0836412906646729,,,,,,,,,,,,,,,,,,,,,,,,,,,,,,,,,,,,
27,,,6923,,,,,,,1.1060858964920044,,,,,,,,,,,,,,,,,,,,,,,,,,,,,,,,,,,,
27,,,6924,,,,,,,1.087939739227295,,,,,,,,,,,,,,,,,,,,,,,,,,,,,,,,,,,,
27,,,6925,,,,,,,1.1331536769866943,,,,,,,,,,,,,,,,,,,,,,,,,,,,,,,,,,,,
27,,,6926,,,,,,,1.089341163635254,,,,,,,,,,,,,,,,,,,,,,,,,,,,,,,,,,,,
27,,,6927,,,,,,,1.1364805698394775,,,,,,,,,,,,,,,,,,,,,,,,,,,,,,,,,,,,
27,,,6928,,,,,,,1.0807627439498901,,,,,,,,,,,,,,,,,,,,,,,,,,,,,,,,,,,,
27,,,6929,,,,,,,1.1253169775009155,,,,,,,,,,,,,,,,,,,,,,,,,,,,,,,,,,,,
27,,,6930,,,,,,,1.0817757844924927,,,,,,,,,,,,,,,,,,,,,,,,,,,,,,,,,,,,
27,,,6931,,,,,,,1.081943392753601,,,,,,,,,,,,,,,,,,,,,,,,,,,,,,,,,,,,
27,,,6932,,,,,,,1.1202133893966675,,,,,,,,,,,,,,,,,,,,,,,,,,,,,,,,,,,,
27,,,6933,,,,,,,1.125584363937378,,,,,,,,,,,,,,,,,,,,,,,,,,,,,,,,,,,,
27,,,6934,,,,,,,1.0878028869628906,,,,,,,,,,,,,,,,,,,,,,,,,,,,,,,,,,,,
27,,,6935,,,,,,,1.082409143447876,,,,,,,,,,,,,,,,,,,,,,,,,,,,,,,,,,,,
27,,,6936,,,,,,,1.1010284423828125,,,,,,,,,,,,,,,,,,,,,,,,,,,,,,,,,,,,
27,,,6937,,,,,,,1.106734275817871,,,,,,,,,,,,,,,,,,,,,,,,,,,,,,,,,,,,
27,,,6938,,,,,,,1.0892605781555176,,,,,,,,,,,,,,,,,,,,,,,,,,,,,,,,,,,,
27,,,6939,,,,,,,1.094495415687561,,,,,,,,,,,,,,,,,,,,,,,,,,,,,,,,,,,,
27,,,6940,,,,,,,1.1484043598175049,,,,,,,,,,,,,,,,,,,,,,,,,,,,,,,,,,,,
27,,,6941,,,,,,,1.106359601020813,,,,,,,,,,,,,,,,,,,,,,,,,,,,,,,,,,,,
27,,,6942,,,,,,,1.094194769859314,,,,,,,,,,,,,,,,,,,,,,,,,,,,,,,,,,,,
27,,,6943,,,,,,,1.0898239612579346,,,,,,,,,,,,,,,,,,,,,,,,,,,,,,,,,,,,
27,,,6944,,,,,,,1.0868769884109497,,,,,,,,,,,,,,,,,,,,,,,,,,,,,,,,,,,,
27,,,6945,,,,,,,1.250656247138977,,,,,,,,,,,,,,,,,,,,,,,,,,,,,,,,,,,,
27,,,6946,,,,,,,1.1180802583694458,,,,,,,,,,,,,,,,,,,,,,,,,,,,,,,,,,,,
27,,,6947,,,,,,,1.1106325387954712,,,,,,,,,,,,,,,,,,,,,,,,,,,,,,,,,,,,
27,,,6948,,,,,,,1.0913912057876587,,,,,,,,,,,,,,,,,,,,,,,,,,,,,,,,,,,,
27,,,6949,,,,,,,1.108384609222412,,,,,,,,,,,,,,,,,,,,,,,,,,,,,,,,,,,,
27,,,6950,,,,,,,1.0880963802337646,,,,,,,,,,,,,,,,,,,,,,,,,,,,,,,,,,,,
27,,,6951,,,,,,,1.1212990283966064,,,,,,,,,,,,,,,,,,,,,,,,,,,,,,,,,,,,
27,,,6952,,,,,,,1.0805680751800537,,,,,,,,,,,,,,,,,,,,,,,,,,,,,,,,,,,,
27,,,6953,,,,,,,1.1435556411743164,,,,,,,,,,,,,,,,,,,,,,,,,,,,,,,,,,,,
27,,,6954,,,,,,,1.0923975706100464,,,,,,,,,,,,,,,,,,,,,,,,,,,,,,,,,,,,
27,,,6955,,,,,,,1.102018117904663,,,,,,,,,,,,,,,,,,,,,,,,,,,,,,,,,,,,
27,,,6956,,,,,,,1.0952894687652588,,,,,,,,,,,,,,,,,,,,,,,,,,,,,,,,,,,,
27,,,6957,,,,,,,1.0801459550857544,,,,,,,,,,,,,,,,,,,,,,,,,,,,,,,,,,,,
27,,,6958,,,,,,,1.098243236541748,,,,,,,,,,,,,,,,,,,,,,,,,,,,,,,,,,,,
27,,,6959,,,,,,,1.0915470123291016,,,,,,,,,,,,,,,,,,,,,,,,,,,,,,,,,,,,
27,,,6960,,,,,,,1.1453384160995483,,,,,,,,,,,,,,,,,,,,,,,,,,,,,,,,,,,,
27,,,6961,,,,,,,1.0867085456848145,,,,,,,,,,,,,,,,,,,,,,,,,,,,,,,,,,,,
27,,,6962,,,,,,,1.0867234468460083,,,,,,,,,,,,,,,,,,,,,,,,,,,,,,,,,,,,
27,,,6963,,,,,,,1.090307354927063,,,,,,,,,,,,,,,,,,,,,,,,,,,,,,,,,,,,
27,,,6964,,,,,,,1.101316213607788,,,,,,,,,,,,,,,,,,,,,,,,,,,,,,,,,,,,
27,,,6965,,,,,,,1.1057615280151367,,,,,,,,,,,,,,,,,,,,,,,,,,,,,,,,,,,,
27,,,6966,,,,,,,1.0913145542144775,,,,,,,,,,,,,,,,,,,,,,,,,,,,,,,,,,,,
27,,,6967,,,,,,,1.1308053731918335,,,,,,,,,,,,,,,,,,,,,,,,,,,,,,,,,,,,
27,,,6968,,,,,,,1.1645399332046509,,,,,,,,,,,,,,,,,,,,,,,,,,,,,,,,,,,,
27,,,6969,,,,,,,1.087629795074463,,,,,,,,,,,,,,,,,,,,,,,,,,,,,,,,,,,,
27,,,6970,,,,,,,1.091238021850586,,,,,,,,,,,,,,,,,,,,,,,,,,,,,,,,,,,,
27,,,6971,,,,,,,1.1892709732055664,,,,,,,,,,,,,,,,,,,,,,,,,,,,,,,,,,,,
27,,,6972,,,,,,,1.102843999862671,,,,,,,,,,,,,,,,,,,,,,,,,,,,,,,,,,,,
27,,,6973,,,,,,,1.1022279262542725,,,,,,,,,,,,,,,,,,,,,,,,,,,,,,,,,,,,
27,,,6974,,,,,,,1.1245759725570679,,,,,,,,,,,,,,,,,,,,,,,,,,,,,,,,,,,,
27,,,6975,,,,,,,1.1218388080596924,,,,,,,,,,,,,,,,,,,,,,,,,,,,,,,,,,,,
27,,,6976,,,,,,,1.10585355758667,,,,,,,,,,,,,,,,,,,,,,,,,,,,,,,,,,,,
27,,,6977,,,,,,,1.151275873184204,,,,,,,,,,,,,,,,,,,,,,,,,,,,,,,,,,,,
27,,,6978,,,,,,,1.1036378145217896,,,,,,,,,,,,,,,,,,,,,,,,,,,,,,,,,,,,
27,,,6979,,,,,,,1.08018159866333,,,,,,,,,,,,,,,,,,,,,,,,,,,,,,,,,,,,
27,,,6980,,,,,,,1.091843605041504,,,,,,,,,,,,,,,,,,,,,,,,,,,,,,,,,,,,
27,,,6981,,,,,,,1.0959312915802002,,,,,,,,,,,,,,,,,,,,,,,,,,,,,,,,,,,,
27,,,6982,,,,,,,1.1072323322296143,,,,,,,,,,,,,,,,,,,,,,,,,,,,,,,,,,,,
27,,,6983,,,,,,,1.0890741348266602,,,,,,,,,,,,,,,,,,,,,,,,,,,,,,,,,,,,
27,,,6984,,,,,,,1.1007343530654907,,,,,,,,,,,,,,,,,,,,,,,,,,,,,,,,,,,,
27,,,6985,,,,,,,1.1189217567443848,,,,,,,,,,,,,,,,,,,,,,,,,,,,,,,,,,,,
27,,,6986,,,,,,,1.1223292350769043,,,,,,,,,,,,,,,,,,,,,,,,,,,,,,,,,,,,
27,,,6987,,,,,,,1.0802786350250244,,,,,,,,,,,,,,,,,,,,,,,,,,,,,,,,,,,,
27,,,6988,,,,,,,1.0933200120925903,,,,,,,,,,,,,,,,,,,,,,,,,,,,,,,,,,,,
27,,,6989,,,,,,,1.105338215827942,,,,,,,,,,,,,,,,,,,,,,,,,,,,,,,,,,,,
27,,,6990,,,,,,,1.0995323657989502,,,,,,,,,,,,,,,,,,,,,,,,,,,,,,,,,,,,
27,,,6991,,,,,,,1.0806968212127686,,,,,,,,,,,,,,,,,,,,,,,,,,,,,,,,,,,,
27,,,6992,,,,,,,1.1123754978179932,,,,,,,,,,,,,,,,,,,,,,,,,,,,,,,,,,,,
27,,,6993,,,,,,,1.114977478981018,,,,,,,,,,,,,,,,,,,,,,,,,,,,,,,,,,,,
27,,,6994,,,,,,,1.0969974994659424,,,,,,,,,,,,,,,,,,,,,,,,,,,,,,,,,,,,
27,,,6995,,,,,,,1.0945038795471191,,,,,,,,,,,,,,,,,,,,,,,,,,,,,,,,,,,,
27,,,6996,,,,,,,1.1140419244766235,,,,,,,,,,,,,,,,,,,,,,,,,,,,,,,,,,,,
27,,,6997,,,,,,,1.0853556394577026,,,,,,,,,,,,,,,,,,,,,,,,,,,,,,,,,,,,
27,,,6998,,,,,,,1.0953946113586426,,,,,,,,,,,,,,,,,,,,,,,,,,,,,,,,,,,,
27,,,6999,,,,,,,1.2412914037704468,,,,,,,,,,,,,,,,,,,,,,,,,,,,,,,,,,,,
27,,,6999,,,,,,,,,,0.19486241042613983,0.004281739704310894,0.6748046875,1.349609375,53.0732421875,0.6748046875,271790.65625,0.8376407623291016,0.8376407623291016,1.0,0.2942619323730469,53.0732421875,0.6748046875,0.9148713946342468,0.04708915948867798,22118.0,0.0018162531778216362,0.002691524103283882,0.40164268016815186,0.595198392868042,0.0053588151931762695,1475.0,0.0168935414403677,0.025034712627530098,0.266923189163208,0.3955562114715576,0.01372314989566803,7373.0,0.004695656709372997,0.006958541925996542,0.3322743773460388,0.49240079522132874,0.01621418446302414,0.00035992596531286836
27,,20.0,6999,264806.78125,0.8510018587112427,0.8533935546875,1.1086935997009277,0.8533935546875,1.0,,0.30158984661102295,0.9254999756813049,,,,,,,,,,,,,,,,,,,,,,,,,,,,,,,,,,
,6.183221215612902e-05,,7000,,,,,,,,,,,,,,,,,,,,,,,,,,,,,,,,,,,,,,,,,,,
28,,,7000,,,,,,,1.1405823230743408,,,,,,,,,,,,,,,,,,,,,,,,,,,,,,,,,,,,
28,,,7001,,,,,,,1.0894622802734375,,,,,,,,,,,,,,,,,,,,,,,,,,,,,,,,,,,,
28,,,7002,,,,,,,1.0913434028625488,,,,,,,,,,,,,,,,,,,,,,,,,,,,,,,,,,,,
28,,,7003,,,,,,,1.1989028453826904,,,,,,,,,,,,,,,,,,,,,,,,,,,,,,,,,,,,
28,,,7004,,,,,,,1.1109665632247925,,,,,,,,,,,,,,,,,,,,,,,,,,,,,,,,,,,,
28,,,7005,,,,,,,1.1163309812545776,,,,,,,,,,,,,,,,,,,,,,,,,,,,,,,,,,,,
28,,,7006,,,,,,,1.0850398540496826,,,,,,,,,,,,,,,,,,,,,,,,,,,,,,,,,,,,
28,,,7007,,,,,,,1.212444543838501,,,,,,,,,,,,,,,,,,,,,,,,,,,,,,,,,,,,
28,,,7008,,,,,,,1.0806301832199097,,,,,,,,,,,,,,,,,,,,,,,,,,,,,,,,,,,,
28,,,7009,,,,,,,1.2432887554168701,,,,,,,,,,,,,,,,,,,,,,,,,,,,,,,,,,,,
28,,,7010,,,,,,,1.139208197593689,,,,,,,,,,,,,,,,,,,,,,,,,,,,,,,,,,,,
28,,,7011,,,,,,,1.0884268283843994,,,,,,,,,,,,,,,,,,,,,,,,,,,,,,,,,,,,
28,,,7012,,,,,,,1.120234727859497,,,,,,,,,,,,,,,,,,,,,,,,,,,,,,,,,,,,
28,,,7013,,,,,,,1.105822205543518,,,,,,,,,,,,,,,,,,,,,,,,,,,,,,,,,,,,
28,,,7014,,,,,,,1.0939873456954956,,,,,,,,,,,,,,,,,,,,,,,,,,,,,,,,,,,,
28,,,7015,,,,,,,1.100160837173462,,,,,,,,,,,,,,,,,,,,,,,,,,,,,,,,,,,,
28,,,7016,,,,,,,1.0963767766952515,,,,,,,,,,,,,,,,,,,,,,,,,,,,,,,,,,,,
28,,,7017,,,,,,,1.1015644073486328,,,,,,,,,,,,,,,,,,,,,,,,,,,,,,,,,,,,
28,,,7018,,,,,,,1.083881139755249,,,,,,,,,,,,,,,,,,,,,,,,,,,,,,,,,,,,
28,,,7019,,,,,,,1.0999186038970947,,,,,,,,,,,,,,,,,,,,,,,,,,,,,,,,,,,,
28,,,7020,,,,,,,1.0891485214233398,,,,,,,,,,,,,,,,,,,,,,,,,,,,,,,,,,,,
28,,,7021,,,,,,,1.0946578979492188,,,,,,,,,,,,,,,,,,,,,,,,,,,,,,,,,,,,
28,,,7022,,,,,,,1.0868072509765625,,,,,,,,,,,,,,,,,,,,,,,,,,,,,,,,,,,,
28,,,7023,,,,,,,1.1434500217437744,,,,,,,,,,,,,,,,,,,,,,,,,,,,,,,,,,,,
28,,,7024,,,,,,,1.0892447233200073,,,,,,,,,,,,,,,,,,,,,,,,,,,,,,,,,,,,
28,,,7025,,,,,,,1.1017199754714966,,,,,,,,,,,,,,,,,,,,,,,,,,,,,,,,,,,,
28,,,7026,,,,,,,1.1054916381835938,,,,,,,,,,,,,,,,,,,,,,,,,,,,,,,,,,,,
28,,,7027,,,,,,,1.1076565980911255,,,,,,,,,,,,,,,,,,,,,,,,,,,,,,,,,,,,
28,,,7028,,,,,,,1.1077258586883545,,,,,,,,,,,,,,,,,,,,,,,,,,,,,,,,,,,,
28,,,7029,,,,,,,1.1355972290039062,,,,,,,,,,,,,,,,,,,,,,,,,,,,,,,,,,,,
28,,,7030,,,,,,,1.113739013671875,,,,,,,,,,,,,,,,,,,,,,,,,,,,,,,,,,,,
28,,,7031,,,,,,,1.121718168258667,,,,,,,,,,,,,,,,,,,,,,,,,,,,,,,,,,,,
28,,,7032,,,,,,,1.089457631111145,,,,,,,,,,,,,,,,,,,,,,,,,,,,,,,,,,,,
28,,,7033,,,,,,,1.080245018005371,,,,,,,,,,,,,,,,,,,,,,,,,,,,,,,,,,,,
28,,,7034,,,,,,,1.1116065979003906,,,,,,,,,,,,,,,,,,,,,,,,,,,,,,,,,,,,
28,,,7035,,,,,,,1.0943717956542969,,,,,,,,,,,,,,,,,,,,,,,,,,,,,,,,,,,,
28,,,7036,,,,,,,1.0805704593658447,,,,,,,,,,,,,,,,,,,,,,,,,,,,,,,,,,,,
28,,,7037,,,,,,,1.1284215450286865,,,,,,,,,,,,,,,,,,,,,,,,,,,,,,,,,,,,
28,,,7038,,,,,,,1.102890968322754,,,,,,,,,,,,,,,,,,,,,,,,,,,,,,,,,,,,
28,,,7039,,,,,,,1.097700595855713,,,,,,,,,,,,,,,,,,,,,,,,,,,,,,,,,,,,
28,,,7040,,,,,,,1.0882062911987305,,,,,,,,,,,,,,,,,,,,,,,,,,,,,,,,,,,,
28,,,7041,,,,,,,1.0933669805526733,,,,,,,,,,,,,,,,,,,,,,,,,,,,,,,,,,,,
28,,,7042,,,,,,,1.0810867547988892,,,,,,,,,,,,,,,,,,,,,,,,,,,,,,,,,,,,
28,,,7043,,,,,,,1.0808627605438232,,,,,,,,,,,,,,,,,,,,,,,,,,,,,,,,,,,,
28,,,7044,,,,,,,1.0824947357177734,,,,,,,,,,,,,,,,,,,,,,,,,,,,,,,,,,,,
28,,,7045,,,,,,,1.1155164241790771,,,,,,,,,,,,,,,,,,,,,,,,,,,,,,,,,,,,
28,,,7046,,,,,,,1.0826512575149536,,,,,,,,,,,,,,,,,,,,,,,,,,,,,,,,,,,,
28,,,7047,,,,,,,1.1066906452178955,,,,,,,,,,,,,,,,,,,,,,,,,,,,,,,,,,,,
28,,,7048,,,,,,,1.0901439189910889,,,,,,,,,,,,,,,,,,,,,,,,,,,,,,,,,,,,
28,,,7049,,,,,,,1.1263155937194824,,,,,,,,,,,,,,,,,,,,,,,,,,,,,,,,,,,,
28,,,7050,,,,,,,1.085752010345459,,,,,,,,,,,,,,,,,,,,,,,,,,,,,,,,,,,,
28,,,7051,,,,,,,1.0810480117797852,,,,,,,,,,,,,,,,,,,,,,,,,,,,,,,,,,,,
28,,,7052,,,,,,,1.0867807865142822,,,,,,,,,,,,,,,,,,,,,,,,,,,,,,,,,,,,
28,,,7053,,,,,,,1.0971850156784058,,,,,,,,,,,,,,,,,,,,,,,,,,,,,,,,,,,,
28,,,7054,,,,,,,1.1287254095077515,,,,,,,,,,,,,,,,,,,,,,,,,,,,,,,,,,,,
28,,,7055,,,,,,,1.1099649667739868,,,,,,,,,,,,,,,,,,,,,,,,,,,,,,,,,,,,
28,,,7056,,,,,,,1.0834587812423706,,,,,,,,,,,,,,,,,,,,,,,,,,,,,,,,,,,,
28,,,7057,,,,,,,1.0809422731399536,,,,,,,,,,,,,,,,,,,,,,,,,,,,,,,,,,,,
28,,,7058,,,,,,,1.1713638305664062,,,,,,,,,,,,,,,,,,,,,,,,,,,,,,,,,,,,
28,,,7059,,,,,,,1.0983966588974,,,,,,,,,,,,,,,,,,,,,,,,,,,,,,,,,,,,
28,,,7060,,,,,,,1.0923491716384888,,,,,,,,,,,,,,,,,,,,,,,,,,,,,,,,,,,,
28,,,7061,,,,,,,1.129232406616211,,,,,,,,,,,,,,,,,,,,,,,,,,,,,,,,,,,,
28,,,7062,,,,,,,1.0855202674865723,,,,,,,,,,,,,,,,,,,,,,,,,,,,,,,,,,,,
28,,,7063,,,,,,,1.106048345565796,,,,,,,,,,,,,,,,,,,,,,,,,,,,,,,,,,,,
28,,,7064,,,,,,,1.0816106796264648,,,,,,,,,,,,,,,,,,,,,,,,,,,,,,,,,,,,
28,,,7065,,,,,,,1.117429256439209,,,,,,,,,,,,,,,,,,,,,,,,,,,,,,,,,,,,
28,,,7066,,,,,,,1.0807054042816162,,,,,,,,,,,,,,,,,,,,,,,,,,,,,,,,,,,,
28,,,7067,,,,,,,1.0939685106277466,,,,,,,,,,,,,,,,,,,,,,,,,,,,,,,,,,,,
28,,,7068,,,,,,,1.1647999286651611,,,,,,,,,,,,,,,,,,,,,,,,,,,,,,,,,,,,
28,,,7069,,,,,,,1.08917236328125,,,,,,,,,,,,,,,,,,,,,,,,,,,,,,,,,,,,
28,,,7070,,,,,,,1.0952541828155518,,,,,,,,,,,,,,,,,,,,,,,,,,,,,,,,,,,,
28,,,7071,,,,,,,1.1192231178283691,,,,,,,,,,,,,,,,,,,,,,,,,,,,,,,,,,,,
28,,,7072,,,,,,,1.1026769876480103,,,,,,,,,,,,,,,,,,,,,,,,,,,,,,,,,,,,
28,,,7073,,,,,,,1.1265240907669067,,,,,,,,,,,,,,,,,,,,,,,,,,,,,,,,,,,,
28,,,7074,,,,,,,1.0877604484558105,,,,,,,,,,,,,,,,,,,,,,,,,,,,,,,,,,,,
28,,,7075,,,,,,,1.081374168395996,,,,,,,,,,,,,,,,,,,,,,,,,,,,,,,,,,,,
28,,,7076,,,,,,,1.1290438175201416,,,,,,,,,,,,,,,,,,,,,,,,,,,,,,,,,,,,
28,,,7077,,,,,,,1.0800994634628296,,,,,,,,,,,,,,,,,,,,,,,,,,,,,,,,,,,,
28,,,7078,,,,,,,1.224469780921936,,,,,,,,,,,,,,,,,,,,,,,,,,,,,,,,,,,,
28,,,7079,,,,,,,1.1690338850021362,,,,,,,,,,,,,,,,,,,,,,,,,,,,,,,,,,,,
28,,,7080,,,,,,,1.1866868734359741,,,,,,,,,,,,,,,,,,,,,,,,,,,,,,,,,,,,
28,,,7081,,,,,,,1.094280481338501,,,,,,,,,,,,,,,,,,,,,,,,,,,,,,,,,,,,
28,,,7082,,,,,,,1.1427745819091797,,,,,,,,,,,,,,,,,,,,,,,,,,,,,,,,,,,,
28,,,7083,,,,,,,1.1143325567245483,,,,,,,,,,,,,,,,,,,,,,,,,,,,,,,,,,,,
28,,,7084,,,,,,,1.1084860563278198,,,,,,,,,,,,,,,,,,,,,,,,,,,,,,,,,,,,
28,,,7085,,,,,,,1.1014249324798584,,,,,,,,,,,,,,,,,,,,,,,,,,,,,,,,,,,,
28,,,7086,,,,,,,1.1600173711776733,,,,,,,,,,,,,,,,,,,,,,,,,,,,,,,,,,,,
28,,,7087,,,,,,,1.096578598022461,,,,,,,,,,,,,,,,,,,,,,,,,,,,,,,,,,,,
28,,,7088,,,,,,,1.2025710344314575,,,,,,,,,,,,,,,,,,,,,,,,,,,,,,,,,,,,
28,,,7089,,,,,,,1.1173241138458252,,,,,,,,,,,,,,,,,,,,,,,,,,,,,,,,,,,,
28,,,7090,,,,,,,1.1271620988845825,,,,,,,,,,,,,,,,,,,,,,,,,,,,,,,,,,,,
28,,,7091,,,,,,,1.0810043811798096,,,,,,,,,,,,,,,,,,,,,,,,,,,,,,,,,,,,
28,,,7092,,,,,,,1.0873311758041382,,,,,,,,,,,,,,,,,,,,,,,,,,,,,,,,,,,,
28,,,7093,,,,,,,1.1089065074920654,,,,,,,,,,,,,,,,,,,,,,,,,,,,,,,,,,,,
28,,,7094,,,,,,,1.082438588142395,,,,,,,,,,,,,,,,,,,,,,,,,,,,,,,,,,,,
28,,,7095,,,,,,,1.109975814819336,,,,,,,,,,,,,,,,,,,,,,,,,,,,,,,,,,,,
28,,,7096,,,,,,,1.107547640800476,,,,,,,,,,,,,,,,,,,,,,,,,,,,,,,,,,,,
28,,,7097,,,,,,,1.1336333751678467,,,,,,,,,,,,,,,,,,,,,,,,,,,,,,,,,,,,
28,,,7098,,,,,,,1.087136149406433,,,,,,,,,,,,,,,,,,,,,,,,,,,,,,,,,,,,
28,,,7099,,,,,,,1.0870742797851562,,,,,,,,,,,,,,,,,,,,,,,,,,,,,,,,,,,,
28,,,7100,,,,,,,1.129118800163269,,,,,,,,,,,,,,,,,,,,,,,,,,,,,,,,,,,,
28,,,7101,,,,,,,1.130733609199524,,,,,,,,,,,,,,,,,,,,,,,,,,,,,,,,,,,,
28,,,7102,,,,,,,1.086622953414917,,,,,,,,,,,,,,,,,,,,,,,,,,,,,,,,,,,,
28,,,7103,,,,,,,1.099059820175171,,,,,,,,,,,,,,,,,,,,,,,,,,,,,,,,,,,,
28,,,7104,,,,,,,1.0901778936386108,,,,,,,,,,,,,,,,,,,,,,,,,,,,,,,,,,,,
28,,,7105,,,,,,,1.1401692628860474,,,,,,,,,,,,,,,,,,,,,,,,,,,,,,,,,,,,
28,,,7106,,,,,,,1.154453992843628,,,,,,,,,,,,,,,,,,,,,,,,,,,,,,,,,,,,
28,,,7107,,,,,,,1.111521601676941,,,,,,,,,,,,,,,,,,,,,,,,,,,,,,,,,,,,
28,,,7108,,,,,,,1.0802384614944458,,,,,,,,,,,,,,,,,,,,,,,,,,,,,,,,,,,,
28,,,7109,,,,,,,1.094736099243164,,,,,,,,,,,,,,,,,,,,,,,,,,,,,,,,,,,,
28,,,7110,,,,,,,1.0993682146072388,,,,,,,,,,,,,,,,,,,,,,,,,,,,,,,,,,,,
28,,,7111,,,,,,,1.1020890474319458,,,,,,,,,,,,,,,,,,,,,,,,,,,,,,,,,,,,
28,,,7112,,,,,,,1.1273397207260132,,,,,,,,,,,,,,,,,,,,,,,,,,,,,,,,,,,,
28,,,7113,,,,,,,1.1084333658218384,,,,,,,,,,,,,,,,,,,,,,,,,,,,,,,,,,,,
28,,,7114,,,,,,,1.096274733543396,,,,,,,,,,,,,,,,,,,,,,,,,,,,,,,,,,,,
28,,,7115,,,,,,,1.0951578617095947,,,,,,,,,,,,,,,,,,,,,,,,,,,,,,,,,,,,
28,,,7116,,,,,,,1.0989229679107666,,,,,,,,,,,,,,,,,,,,,,,,,,,,,,,,,,,,
28,,,7117,,,,,,,1.0999782085418701,,,,,,,,,,,,,,,,,,,,,,,,,,,,,,,,,,,,
28,,,7118,,,,,,,1.120381474494934,,,,,,,,,,,,,,,,,,,,,,,,,,,,,,,,,,,,
28,,,7119,,,,,,,1.0953963994979858,,,,,,,,,,,,,,,,,,,,,,,,,,,,,,,,,,,,
28,,,7120,,,,,,,1.1036772727966309,,,,,,,,,,,,,,,,,,,,,,,,,,,,,,,,,,,,
28,,,7121,,,,,,,1.132068395614624,,,,,,,,,,,,,,,,,,,,,,,,,,,,,,,,,,,,
28,,,7122,,,,,,,1.1214346885681152,,,,,,,,,,,,,,,,,,,,,,,,,,,,,,,,,,,,
28,,,7123,,,,,,,1.08146333694458,,,,,,,,,,,,,,,,,,,,,,,,,,,,,,,,,,,,
28,,,7124,,,,,,,1.0880322456359863,,,,,,,,,,,,,,,,,,,,,,,,,,,,,,,,,,,,
28,,,7125,,,,,,,1.0910890102386475,,,,,,,,,,,,,,,,,,,,,,,,,,,,,,,,,,,,
28,,,7126,,,,,,,1.094881296157837,,,,,,,,,,,,,,,,,,,,,,,,,,,,,,,,,,,,
28,,,7127,,,,,,,1.127760410308838,,,,,,,,,,,,,,,,,,,,,,,,,,,,,,,,,,,,
28,,,7128,,,,,,,1.1488912105560303,,,,,,,,,,,,,,,,,,,,,,,,,,,,,,,,,,,,
28,,,7129,,,,,,,1.0922836065292358,,,,,,,,,,,,,,,,,,,,,,,,,,,,,,,,,,,,
28,,,7130,,,,,,,1.1103465557098389,,,,,,,,,,,,,,,,,,,,,,,,,,,,,,,,,,,,
28,,,7131,,,,,,,1.0807288885116577,,,,,,,,,,,,,,,,,,,,,,,,,,,,,,,,,,,,
28,,,7132,,,,,,,1.085710883140564,,,,,,,,,,,,,,,,,,,,,,,,,,,,,,,,,,,,
28,,,7133,,,,,,,1.104178786277771,,,,,,,,,,,,,,,,,,,,,,,,,,,,,,,,,,,,
28,,,7134,,,,,,,1.1012462377548218,,,,,,,,,,,,,,,,,,,,,,,,,,,,,,,,,,,,
28,,,7135,,,,,,,1.1383345127105713,,,,,,,,,,,,,,,,,,,,,,,,,,,,,,,,,,,,
28,,,7136,,,,,,,1.0830068588256836,,,,,,,,,,,,,,,,,,,,,,,,,,,,,,,,,,,,
28,,,7137,,,,,,,1.1018860340118408,,,,,,,,,,,,,,,,,,,,,,,,,,,,,,,,,,,,
28,,,7138,,,,,,,1.1049373149871826,,,,,,,,,,,,,,,,,,,,,,,,,,,,,,,,,,,,
28,,,7139,,,,,,,1.0903170108795166,,,,,,,,,,,,,,,,,,,,,,,,,,,,,,,,,,,,
28,,,7140,,,,,,,1.0980881452560425,,,,,,,,,,,,,,,,,,,,,,,,,,,,,,,,,,,,
28,,,7141,,,,,,,1.0980256795883179,,,,,,,,,,,,,,,,,,,,,,,,,,,,,,,,,,,,
28,,,7142,,,,,,,1.2350291013717651,,,,,,,,,,,,,,,,,,,,,,,,,,,,,,,,,,,,
28,,,7143,,,,,,,1.0833227634429932,,,,,,,,,,,,,,,,,,,,,,,,,,,,,,,,,,,,
28,,,7144,,,,,,,1.0942920446395874,,,,,,,,,,,,,,,,,,,,,,,,,,,,,,,,,,,,
28,,,7145,,,,,,,1.0872423648834229,,,,,,,,,,,,,,,,,,,,,,,,,,,,,,,,,,,,
28,,,7146,,,,,,,1.0849372148513794,,,,,,,,,,,,,,,,,,,,,,,,,,,,,,,,,,,,
28,,,7147,,,,,,,1.162313461303711,,,,,,,,,,,,,,,,,,,,,,,,,,,,,,,,,,,,
28,,,7148,,,,,,,1.147691011428833,,,,,,,,,,,,,,,,,,,,,,,,,,,,,,,,,,,,
28,,,7149,,,,,,,1.1118286848068237,,,,,,,,,,,,,,,,,,,,,,,,,,,,,,,,,,,,
28,,,7150,,,,,,,1.0803213119506836,,,,,,,,,,,,,,,,,,,,,,,,,,,,,,,,,,,,
28,,,7151,,,,,,,1.0888872146606445,,,,,,,,,,,,,,,,,,,,,,,,,,,,,,,,,,,,
28,,,7152,,,,,,,1.0872535705566406,,,,,,,,,,,,,,,,,,,,,,,,,,,,,,,,,,,,
28,,,7153,,,,,,,1.0848115682601929,,,,,,,,,,,,,,,,,,,,,,,,,,,,,,,,,,,,
28,,,7154,,,,,,,1.099649429321289,,,,,,,,,,,,,,,,,,,,,,,,,,,,,,,,,,,,
28,,,7155,,,,,,,1.085677146911621,,,,,,,,,,,,,,,,,,,,,,,,,,,,,,,,,,,,
28,,,7156,,,,,,,1.0975021123886108,,,,,,,,,,,,,,,,,,,,,,,,,,,,,,,,,,,,
28,,,7157,,,,,,,1.1211453676223755,,,,,,,,,,,,,,,,,,,,,,,,,,,,,,,,,,,,
28,,,7158,,,,,,,1.2130684852600098,,,,,,,,,,,,,,,,,,,,,,,,,,,,,,,,,,,,
28,,,7159,,,,,,,1.0924206972122192,,,,,,,,,,,,,,,,,,,,,,,,,,,,,,,,,,,,
28,,,7160,,,,,,,1.1038563251495361,,,,,,,,,,,,,,,,,,,,,,,,,,,,,,,,,,,,
28,,,7161,,,,,,,1.084459900856018,,,,,,,,,,,,,,,,,,,,,,,,,,,,,,,,,,,,
28,,,7162,,,,,,,1.0941368341445923,,,,,,,,,,,,,,,,,,,,,,,,,,,,,,,,,,,,
28,,,7163,,,,,,,1.1096324920654297,,,,,,,,,,,,,,,,,,,,,,,,,,,,,,,,,,,,
28,,,7164,,,,,,,1.105727195739746,,,,,,,,,,,,,,,,,,,,,,,,,,,,,,,,,,,,
28,,,7165,,,,,,,1.1165530681610107,,,,,,,,,,,,,,,,,,,,,,,,,,,,,,,,,,,,
28,,,7166,,,,,,,1.091219425201416,,,,,,,,,,,,,,,,,,,,,,,,,,,,,,,,,,,,
28,,,7167,,,,,,,1.2296923398971558,,,,,,,,,,,,,,,,,,,,,,,,,,,,,,,,,,,,
28,,,7168,,,,,,,1.093279480934143,,,,,,,,,,,,,,,,,,,,,,,,,,,,,,,,,,,,
28,,,7169,,,,,,,1.0808664560317993,,,,,,,,,,,,,,,,,,,,,,,,,,,,,,,,,,,,
28,,,7170,,,,,,,1.100963830947876,,,,,,,,,,,,,,,,,,,,,,,,,,,,,,,,,,,,
28,,,7171,,,,,,,1.0867884159088135,,,,,,,,,,,,,,,,,,,,,,,,,,,,,,,,,,,,
28,,,7172,,,,,,,1.089566946029663,,,,,,,,,,,,,,,,,,,,,,,,,,,,,,,,,,,,
28,,,7173,,,,,,,1.1213817596435547,,,,,,,,,,,,,,,,,,,,,,,,,,,,,,,,,,,,
28,,,7174,,,,,,,1.0844154357910156,,,,,,,,,,,,,,,,,,,,,,,,,,,,,,,,,,,,
28,,,7175,,,,,,,1.15632164478302,,,,,,,,,,,,,,,,,,,,,,,,,,,,,,,,,,,,
28,,,7176,,,,,,,1.0851033926010132,,,,,,,,,,,,,,,,,,,,,,,,,,,,,,,,,,,,
28,,,7177,,,,,,,1.094849705696106,,,,,,,,,,,,,,,,,,,,,,,,,,,,,,,,,,,,
28,,,7178,,,,,,,1.0912721157073975,,,,,,,,,,,,,,,,,,,,,,,,,,,,,,,,,,,,
28,,,7179,,,,,,,1.3110496997833252,,,,,,,,,,,,,,,,,,,,,,,,,,,,,,,,,,,,
28,,,7180,,,,,,,1.0947256088256836,,,,,,,,,,,,,,,,,,,,,,,,,,,,,,,,,,,,
28,,,7181,,,,,,,1.1023106575012207,,,,,,,,,,,,,,,,,,,,,,,,,,,,,,,,,,,,
28,,,7182,,,,,,,1.0951213836669922,,,,,,,,,,,,,,,,,,,,,,,,,,,,,,,,,,,,
28,,,7183,,,,,,,1.0833796262741089,,,,,,,,,,,,,,,,,,,,,,,,,,,,,,,,,,,,
28,,,7184,,,,,,,1.162656545639038,,,,,,,,,,,,,,,,,,,,,,,,,,,,,,,,,,,,
28,,,7185,,,,,,,1.0956172943115234,,,,,,,,,,,,,,,,,,,,,,,,,,,,,,,,,,,,
28,,,7186,,,,,,,1.0899869203567505,,,,,,,,,,,,,,,,,,,,,,,,,,,,,,,,,,,,
28,,,7187,,,,,,,1.093973994255066,,,,,,,,,,,,,,,,,,,,,,,,,,,,,,,,,,,,
28,,,7188,,,,,,,1.1387183666229248,,,,,,,,,,,,,,,,,,,,,,,,,,,,,,,,,,,,
28,,,7189,,,,,,,1.1213030815124512,,,,,,,,,,,,,,,,,,,,,,,,,,,,,,,,,,,,
28,,,7190,,,,,,,1.1437112092971802,,,,,,,,,,,,,,,,,,,,,,,,,,,,,,,,,,,,
28,,,7191,,,,,,,1.0880584716796875,,,,,,,,,,,,,,,,,,,,,,,,,,,,,,,,,,,,
28,,,7192,,,,,,,1.119896411895752,,,,,,,,,,,,,,,,,,,,,,,,,,,,,,,,,,,,
28,,,7193,,,,,,,1.090498924255371,,,,,,,,,,,,,,,,,,,,,,,,,,,,,,,,,,,,
28,,,7194,,,,,,,1.1025147438049316,,,,,,,,,,,,,,,,,,,,,,,,,,,,,,,,,,,,
28,,,7195,,,,,,,1.0903855562210083,,,,,,,,,,,,,,,,,,,,,,,,,,,,,,,,,,,,
28,,,7196,,,,,,,1.0988104343414307,,,,,,,,,,,,,,,,,,,,,,,,,,,,,,,,,,,,
28,,,7197,,,,,,,1.0868953466415405,,,,,,,,,,,,,,,,,,,,,,,,,,,,,,,,,,,,
28,,,7198,,,,,,,1.1064510345458984,,,,,,,,,,,,,,,,,,,,,,,,,,,,,,,,,,,,
28,,,7199,,,,,,,1.1049747467041016,,,,,,,,,,,,,,,,,,,,,,,,,,,,,,,,,,,,
28,,,7200,,,,,,,1.1133229732513428,,,,,,,,,,,,,,,,,,,,,,,,,,,,,,,,,,,,
28,,,7201,,,,,,,1.1025391817092896,,,,,,,,,,,,,,,,,,,,,,,,,,,,,,,,,,,,
28,,,7202,,,,,,,1.0992275476455688,,,,,,,,,,,,,,,,,,,,,,,,,,,,,,,,,,,,
28,,,7203,,,,,,,1.1187467575073242,,,,,,,,,,,,,,,,,,,,,,,,,,,,,,,,,,,,
28,,,7204,,,,,,,1.0887324810028076,,,,,,,,,,,,,,,,,,,,,,,,,,,,,,,,,,,,
28,,,7205,,,,,,,1.0911622047424316,,,,,,,,,,,,,,,,,,,,,,,,,,,,,,,,,,,,
28,,,7206,,,,,,,1.1010085344314575,,,,,,,,,,,,,,,,,,,,,,,,,,,,,,,,,,,,
28,,,7207,,,,,,,1.0989058017730713,,,,,,,,,,,,,,,,,,,,,,,,,,,,,,,,,,,,
28,,,7208,,,,,,,1.081441044807434,,,,,,,,,,,,,,,,,,,,,,,,,,,,,,,,,,,,
28,,,7209,,,,,,,1.1006474494934082,,,,,,,,,,,,,,,,,,,,,,,,,,,,,,,,,,,,
28,,,7210,,,,,,,1.0925509929656982,,,,,,,,,,,,,,,,,,,,,,,,,,,,,,,,,,,,
28,,,7211,,,,,,,1.084038496017456,,,,,,,,,,,,,,,,,,,,,,,,,,,,,,,,,,,,
28,,,7212,,,,,,,1.0914411544799805,,,,,,,,,,,,,,,,,,,,,,,,,,,,,,,,,,,,
28,,,7213,,,,,,,1.1292757987976074,,,,,,,,,,,,,,,,,,,,,,,,,,,,,,,,,,,,
28,,,7214,,,,,,,1.0955852270126343,,,,,,,,,,,,,,,,,,,,,,,,,,,,,,,,,,,,
28,,,7215,,,,,,,1.087248682975769,,,,,,,,,,,,,,,,,,,,,,,,,,,,,,,,,,,,
28,,,7216,,,,,,,1.1062426567077637,,,,,,,,,,,,,,,,,,,,,,,,,,,,,,,,,,,,
28,,,7217,,,,,,,1.100225567817688,,,,,,,,,,,,,,,,,,,,,,,,,,,,,,,,,,,,
28,,,7218,,,,,,,1.1189203262329102,,,,,,,,,,,,,,,,,,,,,,,,,,,,,,,,,,,,
28,,,7219,,,,,,,1.0802422761917114,,,,,,,,,,,,,,,,,,,,,,,,,,,,,,,,,,,,
28,,,7220,,,,,,,1.0866508483886719,,,,,,,,,,,,,,,,,,,,,,,,,,,,,,,,,,,,
28,,,7221,,,,,,,1.1279621124267578,,,,,,,,,,,,,,,,,,,,,,,,,,,,,,,,,,,,
28,,,7222,,,,,,,1.1154897212982178,,,,,,,,,,,,,,,,,,,,,,,,,,,,,,,,,,,,
28,,,7223,,,,,,,1.1154158115386963,,,,,,,,,,,,,,,,,,,,,,,,,,,,,,,,,,,,
28,,,7224,,,,,,,1.1064831018447876,,,,,,,,,,,,,,,,,,,,,,,,,,,,,,,,,,,,
28,,,7225,,,,,,,1.0918660163879395,,,,,,,,,,,,,,,,,,,,,,,,,,,,,,,,,,,,
28,,,7226,,,,,,,1.095365047454834,,,,,,,,,,,,,,,,,,,,,,,,,,,,,,,,,,,,
28,,,7227,,,,,,,1.0807807445526123,,,,,,,,,,,,,,,,,,,,,,,,,,,,,,,,,,,,
28,,,7228,,,,,,,1.090012788772583,,,,,,,,,,,,,,,,,,,,,,,,,,,,,,,,,,,,
28,,,7229,,,,,,,1.080691933631897,,,,,,,,,,,,,,,,,,,,,,,,,,,,,,,,,,,,
28,,,7230,,,,,,,1.0918124914169312,,,,,,,,,,,,,,,,,,,,,,,,,,,,,,,,,,,,
28,,,7231,,,,,,,1.1095077991485596,,,,,,,,,,,,,,,,,,,,,,,,,,,,,,,,,,,,
28,,,7232,,,,,,,1.101235032081604,,,,,,,,,,,,,,,,,,,,,,,,,,,,,,,,,,,,
28,,,7233,,,,,,,1.0810972452163696,,,,,,,,,,,,,,,,,,,,,,,,,,,,,,,,,,,,
28,,,7234,,,,,,,1.0808050632476807,,,,,,,,,,,,,,,,,,,,,,,,,,,,,,,,,,,,
28,,,7235,,,,,,,1.0832107067108154,,,,,,,,,,,,,,,,,,,,,,,,,,,,,,,,,,,,
28,,,7236,,,,,,,1.0897538661956787,,,,,,,,,,,,,,,,,,,,,,,,,,,,,,,,,,,,
28,,,7237,,,,,,,1.1170732975006104,,,,,,,,,,,,,,,,,,,,,,,,,,,,,,,,,,,,
28,,,7238,,,,,,,1.0859341621398926,,,,,,,,,,,,,,,,,,,,,,,,,,,,,,,,,,,,
28,,,7239,,,,,,,1.094164490699768,,,,,,,,,,,,,,,,,,,,,,,,,,,,,,,,,,,,
28,,,7240,,,,,,,1.1770873069763184,,,,,,,,,,,,,,,,,,,,,,,,,,,,,,,,,,,,
28,,,7241,,,,,,,1.0989489555358887,,,,,,,,,,,,,,,,,,,,,,,,,,,,,,,,,,,,
28,,,7242,,,,,,,1.0905400514602661,,,,,,,,,,,,,,,,,,,,,,,,,,,,,,,,,,,,
28,,,7243,,,,,,,1.1013661623001099,,,,,,,,,,,,,,,,,,,,,,,,,,,,,,,,,,,,
28,,,7244,,,,,,,1.0910494327545166,,,,,,,,,,,,,,,,,,,,,,,,,,,,,,,,,,,,
28,,,7245,,,,,,,1.0811829566955566,,,,,,,,,,,,,,,,,,,,,,,,,,,,,,,,,,,,
28,,,7246,,,,,,,1.1258549690246582,,,,,,,,,,,,,,,,,,,,,,,,,,,,,,,,,,,,
28,,,7247,,,,,,,1.101999282836914,,,,,,,,,,,,,,,,,,,,,,,,,,,,,,,,,,,,
28,,,7248,,,,,,,1.101707935333252,,,,,,,,,,,,,,,,,,,,,,,,,,,,,,,,,,,,
28,,,7249,,,,,,,1.080247402191162,,,,,,,,,,,,,,,,,,,,,,,,,,,,,,,,,,,,
28,,,7249,,,,,,,,,,0.20308905839920044,0.004704674705862999,0.6748046875,1.349609375,53.0732421875,0.6748046875,271790.65625,0.837642252445221,0.837642252445221,1.0,0.2895393371582031,53.0732421875,0.6748046875,0.9266869425773621,0.04729248583316803,22118.0,0.00184424570761621,0.0027330066077411175,0.4092272222042084,0.6064379811286926,0.005441490560770035,1475.0,0.016980931162834167,0.02516421489417553,0.2645210325717926,0.3919964134693146,0.013822020031511784,7373.0,0.004728901665657759,0.007007807958871126,0.33762800693511963,0.5003343820571899,0.016325848177075386,0.00035992596531286836
28,,20.0,7249,264618.96875,0.8521023988723755,0.8542629480361938,1.1098932027816772,0.8542629480361938,1.0,,0.30186328291893005,0.9169999957084656,,,,,,,,,,,,,,,,,,,,,,,,,,,,,,,,,,
,5.258279275047245e-05,,7250,,,,,,,,,,,,,,,,,,,,,,,,,,,,,,,,,,,,,,,,,,,
29,,,7250,,,,,,,1.1325368881225586,,,,,,,,,,,,,,,,,,,,,,,,,,,,,,,,,,,,
29,,,7251,,,,,,,1.0845822095870972,,,,,,,,,,,,,,,,,,,,,,,,,,,,,,,,,,,,
29,,,7252,,,,,,,1.1865222454071045,,,,,,,,,,,,,,,,,,,,,,,,,,,,,,,,,,,,
29,,,7253,,,,,,,1.1727828979492188,,,,,,,,,,,,,,,,,,,,,,,,,,,,,,,,,,,,
29,,,7254,,,,,,,1.1214487552642822,,,,,,,,,,,,,,,,,,,,,,,,,,,,,,,,,,,,
29,,,7255,,,,,,,1.1552975177764893,,,,,,,,,,,,,,,,,,,,,,,,,,,,,,,,,,,,
29,,,7256,,,,,,,1.110687017440796,,,,,,,,,,,,,,,,,,,,,,,,,,,,,,,,,,,,
29,,,7257,,,,,,,1.0908491611480713,,,,,,,,,,,,,,,,,,,,,,,,,,,,,,,,,,,,
29,,,7258,,,,,,,1.1019706726074219,,,,,,,,,,,,,,,,,,,,,,,,,,,,,,,,,,,,
29,,,7259,,,,,,,1.0934293270111084,,,,,,,,,,,,,,,,,,,,,,,,,,,,,,,,,,,,
29,,,7260,,,,,,,1.109462022781372,,,,,,,,,,,,,,,,,,,,,,,,,,,,,,,,,,,,
29,,,7261,,,,,,,1.1021747589111328,,,,,,,,,,,,,,,,,,,,,,,,,,,,,,,,,,,,
29,,,7262,,,,,,,1.1072204113006592,,,,,,,,,,,,,,,,,,,,,,,,,,,,,,,,,,,,
29,,,7263,,,,,,,1.0917201042175293,,,,,,,,,,,,,,,,,,,,,,,,,,,,,,,,,,,,
29,,,7264,,,,,,,1.1393649578094482,,,,,,,,,,,,,,,,,,,,,,,,,,,,,,,,,,,,
29,,,7265,,,,,,,1.086083173751831,,,,,,,,,,,,,,,,,,,,,,,,,,,,,,,,,,,,
29,,,7266,,,,,,,1.1125380992889404,,,,,,,,,,,,,,,,,,,,,,,,,,,,,,,,,,,,
29,,,7267,,,,,,,1.1393959522247314,,,,,,,,,,,,,,,,,,,,,,,,,,,,,,,,,,,,
29,,,7268,,,,,,,1.113303542137146,,,,,,,,,,,,,,,,,,,,,,,,,,,,,,,,,,,,
29,,,7269,,,,,,,1.1061581373214722,,,,,,,,,,,,,,,,,,,,,,,,,,,,,,,,,,,,
29,,,7270,,,,,,,1.09456467628479,,,,,,,,,,,,,,,,,,,,,,,,,,,,,,,,,,,,
29,,,7271,,,,,,,1.0942342281341553,,,,,,,,,,,,,,,,,,,,,,,,,,,,,,,,,,,,
29,,,7272,,,,,,,1.0845391750335693,,,,,,,,,,,,,,,,,,,,,,,,,,,,,,,,,,,,
29,,,7273,,,,,,,1.0802143812179565,,,,,,,,,,,,,,,,,,,,,,,,,,,,,,,,,,,,
29,,,7274,,,,,,,1.1154108047485352,,,,,,,,,,,,,,,,,,,,,,,,,,,,,,,,,,,,
29,,,7275,,,,,,,1.0821447372436523,,,,,,,,,,,,,,,,,,,,,,,,,,,,,,,,,,,,
29,,,7276,,,,,,,1.0894060134887695,,,,,,,,,,,,,,,,,,,,,,,,,,,,,,,,,,,,
29,,,7277,,,,,,,1.1300568580627441,,,,,,,,,,,,,,,,,,,,,,,,,,,,,,,,,,,,
29,,,7278,,,,,,,1.108970284461975,,,,,,,,,,,,,,,,,,,,,,,,,,,,,,,,,,,,
29,,,7279,,,,,,,1.1104360818862915,,,,,,,,,,,,,,,,,,,,,,,,,,,,,,,,,,,,
29,,,7280,,,,,,,1.1209559440612793,,,,,,,,,,,,,,,,,,,,,,,,,,,,,,,,,,,,
29,,,7281,,,,,,,1.0994155406951904,,,,,,,,,,,,,,,,,,,,,,,,,,,,,,,,,,,,
29,,,7282,,,,,,,1.098306655883789,,,,,,,,,,,,,,,,,,,,,,,,,,,,,,,,,,,,
29,,,7283,,,,,,,1.097691535949707,,,,,,,,,,,,,,,,,,,,,,,,,,,,,,,,,,,,
29,,,7284,,,,,,,1.1406625509262085,,,,,,,,,,,,,,,,,,,,,,,,,,,,,,,,,,,,
29,,,7285,,,,,,,1.0977766513824463,,,,,,,,,,,,,,,,,,,,,,,,,,,,,,,,,,,,
29,,,7286,,,,,,,1.0881080627441406,,,,,,,,,,,,,,,,,,,,,,,,,,,,,,,,,,,,
29,,,7287,,,,,,,1.104665756225586,,,,,,,,,,,,,,,,,,,,,,,,,,,,,,,,,,,,
29,,,7288,,,,,,,1.112903356552124,,,,,,,,,,,,,,,,,,,,,,,,,,,,,,,,,,,,
29,,,7289,,,,,,,1.0993852615356445,,,,,,,,,,,,,,,,,,,,,,,,,,,,,,,,,,,,
29,,,7290,,,,,,,1.0868451595306396,,,,,,,,,,,,,,,,,,,,,,,,,,,,,,,,,,,,
29,,,7291,,,,,,,1.139414668083191,,,,,,,,,,,,,,,,,,,,,,,,,,,,,,,,,,,,
29,,,7292,,,,,,,1.0928959846496582,,,,,,,,,,,,,,,,,,,,,,,,,,,,,,,,,,,,
29,,,7293,,,,,,,1.0952942371368408,,,,,,,,,,,,,,,,,,,,,,,,,,,,,,,,,,,,
29,,,7294,,,,,,,1.102419137954712,,,,,,,,,,,,,,,,,,,,,,,,,,,,,,,,,,,,
29,,,7295,,,,,,,1.199171781539917,,,,,,,,,,,,,,,,,,,,,,,,,,,,,,,,,,,,
29,,,7296,,,,,,,1.091476321220398,,,,,,,,,,,,,,,,,,,,,,,,,,,,,,,,,,,,
29,,,7297,,,,,,,1.0969222784042358,,,,,,,,,,,,,,,,,,,,,,,,,,,,,,,,,,,,
29,,,7298,,,,,,,1.1058491468429565,,,,,,,,,,,,,,,,,,,,,,,,,,,,,,,,,,,,
29,,,7299,,,,,,,1.0965064764022827,,,,,,,,,,,,,,,,,,,,,,,,,,,,,,,,,,,,
29,,,7300,,,,,,,1.1804859638214111,,,,,,,,,,,,,,,,,,,,,,,,,,,,,,,,,,,,
29,,,7301,,,,,,,1.0851565599441528,,,,,,,,,,,,,,,,,,,,,,,,,,,,,,,,,,,,
29,,,7302,,,,,,,1.0876810550689697,,,,,,,,,,,,,,,,,,,,,,,,,,,,,,,,,,,,
29,,,7303,,,,,,,1.1234148740768433,,,,,,,,,,,,,,,,,,,,,,,,,,,,,,,,,,,,
29,,,7304,,,,,,,1.1443670988082886,,,,,,,,,,,,,,,,,,,,,,,,,,,,,,,,,,,,
29,,,7305,,,,,,,1.1168100833892822,,,,,,,,,,,,,,,,,,,,,,,,,,,,,,,,,,,,
29,,,7306,,,,,,,1.142702579498291,,,,,,,,,,,,,,,,,,,,,,,,,,,,,,,,,,,,
29,,,7307,,,,,,,1.1244535446166992,,,,,,,,,,,,,,,,,,,,,,,,,,,,,,,,,,,,
29,,,7308,,,,,,,1.0838552713394165,,,,,,,,,,,,,,,,,,,,,,,,,,,,,,,,,,,,
29,,,7309,,,,,,,1.1582105159759521,,,,,,,,,,,,,,,,,,,,,,,,,,,,,,,,,,,,
29,,,7310,,,,,,,1.0936928987503052,,,,,,,,,,,,,,,,,,,,,,,,,,,,,,,,,,,,
29,,,7311,,,,,,,1.1576435565948486,,,,,,,,,,,,,,,,,,,,,,,,,,,,,,,,,,,,
29,,,7312,,,,,,,1.093064546585083,,,,,,,,,,,,,,,,,,,,,,,,,,,,,,,,,,,,
29,,,7313,,,,,,,1.087906837463379,,,,,,,,,,,,,,,,,,,,,,,,,,,,,,,,,,,,
29,,,7314,,,,,,,1.1320914030075073,,,,,,,,,,,,,,,,,,,,,,,,,,,,,,,,,,,,
29,,,7315,,,,,,,1.1274254322052002,,,,,,,,,,,,,,,,,,,,,,,,,,,,,,,,,,,,
29,,,7316,,,,,,,1.0880569219589233,,,,,,,,,,,,,,,,,,,,,,,,,,,,,,,,,,,,
29,,,7317,,,,,,,1.1276655197143555,,,,,,,,,,,,,,,,,,,,,,,,,,,,,,,,,,,,
29,,,7318,,,,,,,1.103092908859253,,,,,,,,,,,,,,,,,,,,,,,,,,,,,,,,,,,,
29,,,7319,,,,,,,1.127172827720642,,,,,,,,,,,,,,,,,,,,,,,,,,,,,,,,,,,,
29,,,7320,,,,,,,1.1167765855789185,,,,,,,,,,,,,,,,,,,,,,,,,,,,,,,,,,,,
29,,,7321,,,,,,,1.0866382122039795,,,,,,,,,,,,,,,,,,,,,,,,,,,,,,,,,,,,
29,,,7322,,,,,,,1.0925898551940918,,,,,,,,,,,,,,,,,,,,,,,,,,,,,,,,,,,,
29,,,7323,,,,,,,1.1067111492156982,,,,,,,,,,,,,,,,,,,,,,,,,,,,,,,,,,,,
29,,,7324,,,,,,,1.1056134700775146,,,,,,,,,,,,,,,,,,,,,,,,,,,,,,,,,,,,
29,,,7325,,,,,,,1.1056842803955078,,,,,,,,,,,,,,,,,,,,,,,,,,,,,,,,,,,,
29,,,7326,,,,,,,1.0817227363586426,,,,,,,,,,,,,,,,,,,,,,,,,,,,,,,,,,,,
29,,,7327,,,,,,,1.1271933317184448,,,,,,,,,,,,,,,,,,,,,,,,,,,,,,,,,,,,
29,,,7328,,,,,,,1.0803521871566772,,,,,,,,,,,,,,,,,,,,,,,,,,,,,,,,,,,,
29,,,7329,,,,,,,1.1423317193984985,,,,,,,,,,,,,,,,,,,,,,,,,,,,,,,,,,,,
29,,,7330,,,,,,,1.0850036144256592,,,,,,,,,,,,,,,,,,,,,,,,,,,,,,,,,,,,
29,,,7331,,,,,,,1.0809522867202759,,,,,,,,,,,,,,,,,,,,,,,,,,,,,,,,,,,,
29,,,7332,,,,,,,1.1011697053909302,,,,,,,,,,,,,,,,,,,,,,,,,,,,,,,,,,,,
29,,,7333,,,,,,,1.090390920639038,,,,,,,,,,,,,,,,,,,,,,,,,,,,,,,,,,,,
29,,,7334,,,,,,,1.1061302423477173,,,,,,,,,,,,,,,,,,,,,,,,,,,,,,,,,,,,
29,,,7335,,,,,,,1.0904455184936523,,,,,,,,,,,,,,,,,,,,,,,,,,,,,,,,,,,,
29,,,7336,,,,,,,1.0996158123016357,,,,,,,,,,,,,,,,,,,,,,,,,,,,,,,,,,,,
29,,,7337,,,,,,,1.0811853408813477,,,,,,,,,,,,,,,,,,,,,,,,,,,,,,,,,,,,
29,,,7338,,,,,,,1.1416523456573486,,,,,,,,,,,,,,,,,,,,,,,,,,,,,,,,,,,,
29,,,7339,,,,,,,1.1006581783294678,,,,,,,,,,,,,,,,,,,,,,,,,,,,,,,,,,,,
29,,,7340,,,,,,,1.1313847303390503,,,,,,,,,,,,,,,,,,,,,,,,,,,,,,,,,,,,
29,,,7341,,,,,,,1.0865027904510498,,,,,,,,,,,,,,,,,,,,,,,,,,,,,,,,,,,,
29,,,7342,,,,,,,1.0904927253723145,,,,,,,,,,,,,,,,,,,,,,,,,,,,,,,,,,,,
29,,,7343,,,,,,,1.1140761375427246,,,,,,,,,,,,,,,,,,,,,,,,,,,,,,,,,,,,
29,,,7344,,,,,,,1.2126641273498535,,,,,,,,,,,,,,,,,,,,,,,,,,,,,,,,,,,,
29,,,7345,,,,,,,1.0865768194198608,,,,,,,,,,,,,,,,,,,,,,,,,,,,,,,,,,,,
29,,,7346,,,,,,,1.123461127281189,,,,,,,,,,,,,,,,,,,,,,,,,,,,,,,,,,,,
29,,,7347,,,,,,,1.128314733505249,,,,,,,,,,,,,,,,,,,,,,,,,,,,,,,,,,,,
29,,,7348,,,,,,,1.0903971195220947,,,,,,,,,,,,,,,,,,,,,,,,,,,,,,,,,,,,
29,,,7349,,,,,,,1.090162754058838,,,,,,,,,,,,,,,,,,,,,,,,,,,,,,,,,,,,
29,,,7350,,,,,,,1.0891563892364502,,,,,,,,,,,,,,,,,,,,,,,,,,,,,,,,,,,,
29,,,7351,,,,,,,1.096832513809204,,,,,,,,,,,,,,,,,,,,,,,,,,,,,,,,,,,,
29,,,7352,,,,,,,1.0864925384521484,,,,,,,,,,,,,,,,,,,,,,,,,,,,,,,,,,,,
29,,,7353,,,,,,,1.1213555335998535,,,,,,,,,,,,,,,,,,,,,,,,,,,,,,,,,,,,
29,,,7354,,,,,,,1.1385473012924194,,,,,,,,,,,,,,,,,,,,,,,,,,,,,,,,,,,,
29,,,7355,,,,,,,1.0864218473434448,,,,,,,,,,,,,,,,,,,,,,,,,,,,,,,,,,,,
29,,,7356,,,,,,,1.1384620666503906,,,,,,,,,,,,,,,,,,,,,,,,,,,,,,,,,,,,
29,,,7357,,,,,,,1.0913822650909424,,,,,,,,,,,,,,,,,,,,,,,,,,,,,,,,,,,,
29,,,7358,,,,,,,1.1517653465270996,,,,,,,,,,,,,,,,,,,,,,,,,,,,,,,,,,,,
29,,,7359,,,,,,,1.1078938245773315,,,,,,,,,,,,,,,,,,,,,,,,,,,,,,,,,,,,
29,,,7360,,,,,,,1.0931034088134766,,,,,,,,,,,,,,,,,,,,,,,,,,,,,,,,,,,,
29,,,7361,,,,,,,1.145075798034668,,,,,,,,,,,,,,,,,,,,,,,,,,,,,,,,,,,,
29,,,7362,,,,,,,1.109626054763794,,,,,,,,,,,,,,,,,,,,,,,,,,,,,,,,,,,,
29,,,7363,,,,,,,1.103159785270691,,,,,,,,,,,,,,,,,,,,,,,,,,,,,,,,,,,,
29,,,7364,,,,,,,1.0973303318023682,,,,,,,,,,,,,,,,,,,,,,,,,,,,,,,,,,,,
29,,,7365,,,,,,,1.1011502742767334,,,,,,,,,,,,,,,,,,,,,,,,,,,,,,,,,,,,
29,,,7366,,,,,,,1.112156629562378,,,,,,,,,,,,,,,,,,,,,,,,,,,,,,,,,,,,
29,,,7367,,,,,,,1.0824685096740723,,,,,,,,,,,,,,,,,,,,,,,,,,,,,,,,,,,,
29,,,7368,,,,,,,1.0865975618362427,,,,,,,,,,,,,,,,,,,,,,,,,,,,,,,,,,,,
29,,,7369,,,,,,,1.095564842224121,,,,,,,,,,,,,,,,,,,,,,,,,,,,,,,,,,,,
29,,,7370,,,,,,,1.2640317678451538,,,,,,,,,,,,,,,,,,,,,,,,,,,,,,,,,,,,
29,,,7371,,,,,,,1.0937248468399048,,,,,,,,,,,,,,,,,,,,,,,,,,,,,,,,,,,,
29,,,7372,,,,,,,1.097198486328125,,,,,,,,,,,,,,,,,,,,,,,,,,,,,,,,,,,,
29,,,7373,,,,,,,1.1663024425506592,,,,,,,,,,,,,,,,,,,,,,,,,,,,,,,,,,,,
29,,,7374,,,,,,,1.1114578247070312,,,,,,,,,,,,,,,,,,,,,,,,,,,,,,,,,,,,
29,,,7375,,,,,,,1.0825165510177612,,,,,,,,,,,,,,,,,,,,,,,,,,,,,,,,,,,,
29,,,7376,,,,,,,1.2033374309539795,,,,,,,,,,,,,,,,,,,,,,,,,,,,,,,,,,,,
29,,,7377,,,,,,,1.1674697399139404,,,,,,,,,,,,,,,,,,,,,,,,,,,,,,,,,,,,
29,,,7378,,,,,,,1.0991848707199097,,,,,,,,,,,,,,,,,,,,,,,,,,,,,,,,,,,,
29,,,7379,,,,,,,1.0809606313705444,,,,,,,,,,,,,,,,,,,,,,,,,,,,,,,,,,,,
29,,,7380,,,,,,,1.1250641345977783,,,,,,,,,,,,,,,,,,,,,,,,,,,,,,,,,,,,
29,,,7381,,,,,,,1.0892446041107178,,,,,,,,,,,,,,,,,,,,,,,,,,,,,,,,,,,,
29,,,7382,,,,,,,1.105852484703064,,,,,,,,,,,,,,,,,,,,,,,,,,,,,,,,,,,,
29,,,7383,,,,,,,1.0812758207321167,,,,,,,,,,,,,,,,,,,,,,,,,,,,,,,,,,,,
29,,,7384,,,,,,,1.1056358814239502,,,,,,,,,,,,,,,,,,,,,,,,,,,,,,,,,,,,
29,,,7385,,,,,,,1.0809285640716553,,,,,,,,,,,,,,,,,,,,,,,,,,,,,,,,,,,,
29,,,7386,,,,,,,1.0969703197479248,,,,,,,,,,,,,,,,,,,,,,,,,,,,,,,,,,,,
29,,,7387,,,,,,,1.0986442565917969,,,,,,,,,,,,,,,,,,,,,,,,,,,,,,,,,,,,
29,,,7388,,,,,,,1.1132733821868896,,,,,,,,,,,,,,,,,,,,,,,,,,,,,,,,,,,,
29,,,7389,,,,,,,1.1031219959259033,,,,,,,,,,,,,,,,,,,,,,,,,,,,,,,,,,,,
29,,,7390,,,,,,,1.102209448814392,,,,,,,,,,,,,,,,,,,,,,,,,,,,,,,,,,,,
29,,,7391,,,,,,,1.1035816669464111,,,,,,,,,,,,,,,,,,,,,,,,,,,,,,,,,,,,
29,,,7392,,,,,,,1.0987226963043213,,,,,,,,,,,,,,,,,,,,,,,,,,,,,,,,,,,,
29,,,7393,,,,,,,1.1020725965499878,,,,,,,,,,,,,,,,,,,,,,,,,,,,,,,,,,,,
29,,,7394,,,,,,,1.1154519319534302,,,,,,,,,,,,,,,,,,,,,,,,,,,,,,,,,,,,
29,,,7395,,,,,,,1.0969759225845337,,,,,,,,,,,,,,,,,,,,,,,,,,,,,,,,,,,,
29,,,7396,,,,,,,1.091499924659729,,,,,,,,,,,,,,,,,,,,,,,,,,,,,,,,,,,,
29,,,7397,,,,,,,1.1057134866714478,,,,,,,,,,,,,,,,,,,,,,,,,,,,,,,,,,,,
29,,,7398,,,,,,,1.1404101848602295,,,,,,,,,,,,,,,,,,,,,,,,,,,,,,,,,,,,
29,,,7399,,,,,,,1.0960350036621094,,,,,,,,,,,,,,,,,,,,,,,,,,,,,,,,,,,,
29,,,7400,,,,,,,1.0820424556732178,,,,,,,,,,,,,,,,,,,,,,,,,,,,,,,,,,,,
29,,,7401,,,,,,,1.1148375272750854,,,,,,,,,,,,,,,,,,,,,,,,,,,,,,,,,,,,
29,,,7402,,,,,,,1.1169493198394775,,,,,,,,,,,,,,,,,,,,,,,,,,,,,,,,,,,,
29,,,7403,,,,,,,1.0805665254592896,,,,,,,,,,,,,,,,,,,,,,,,,,,,,,,,,,,,
29,,,7404,,,,,,,1.0921868085861206,,,,,,,,,,,,,,,,,,,,,,,,,,,,,,,,,,,,
29,,,7405,,,,,,,1.1080881357192993,,,,,,,,,,,,,,,,,,,,,,,,,,,,,,,,,,,,
29,,,7406,,,,,,,1.090017318725586,,,,,,,,,,,,,,,,,,,,,,,,,,,,,,,,,,,,
29,,,7407,,,,,,,1.2851827144622803,,,,,,,,,,,,,,,,,,,,,,,,,,,,,,,,,,,,
29,,,7408,,,,,,,1.0943286418914795,,,,,,,,,,,,,,,,,,,,,,,,,,,,,,,,,,,,
29,,,7409,,,,,,,1.1070315837860107,,,,,,,,,,,,,,,,,,,,,,,,,,,,,,,,,,,,
29,,,7410,,,,,,,1.09870183467865,,,,,,,,,,,,,,,,,,,,,,,,,,,,,,,,,,,,
29,,,7411,,,,,,,1.1281540393829346,,,,,,,,,,,,,,,,,,,,,,,,,,,,,,,,,,,,
29,,,7412,,,,,,,1.0922105312347412,,,,,,,,,,,,,,,,,,,,,,,,,,,,,,,,,,,,
29,,,7413,,,,,,,1.0867934226989746,,,,,,,,,,,,,,,,,,,,,,,,,,,,,,,,,,,,
29,,,7414,,,,,,,1.1282185316085815,,,,,,,,,,,,,,,,,,,,,,,,,,,,,,,,,,,,
29,,,7415,,,,,,,1.11957585811615,,,,,,,,,,,,,,,,,,,,,,,,,,,,,,,,,,,,
29,,,7416,,,,,,,1.0872678756713867,,,,,,,,,,,,,,,,,,,,,,,,,,,,,,,,,,,,
29,,,7417,,,,,,,1.08951997756958,,,,,,,,,,,,,,,,,,,,,,,,,,,,,,,,,,,,
29,,,7418,,,,,,,1.0885885953903198,,,,,,,,,,,,,,,,,,,,,,,,,,,,,,,,,,,,
29,,,7419,,,,,,,1.0994621515274048,,,,,,,,,,,,,,,,,,,,,,,,,,,,,,,,,,,,
29,,,7420,,,,,,,1.1139826774597168,,,,,,,,,,,,,,,,,,,,,,,,,,,,,,,,,,,,
29,,,7421,,,,,,,1.1022816896438599,,,,,,,,,,,,,,,,,,,,,,,,,,,,,,,,,,,,
29,,,7422,,,,,,,1.0951447486877441,,,,,,,,,,,,,,,,,,,,,,,,,,,,,,,,,,,,
29,,,7423,,,,,,,1.0830942392349243,,,,,,,,,,,,,,,,,,,,,,,,,,,,,,,,,,,,
29,,,7424,,,,,,,1.112464189529419,,,,,,,,,,,,,,,,,,,,,,,,,,,,,,,,,,,,
29,,,7425,,,,,,,1.094435214996338,,,,,,,,,,,,,,,,,,,,,,,,,,,,,,,,,,,,
29,,,7426,,,,,,,1.1151866912841797,,,,,,,,,,,,,,,,,,,,,,,,,,,,,,,,,,,,
29,,,7427,,,,,,,1.123874306678772,,,,,,,,,,,,,,,,,,,,,,,,,,,,,,,,,,,,
29,,,7428,,,,,,,1.1531591415405273,,,,,,,,,,,,,,,,,,,,,,,,,,,,,,,,,,,,
29,,,7429,,,,,,,1.0801405906677246,,,,,,,,,,,,,,,,,,,,,,,,,,,,,,,,,,,,
29,,,7430,,,,,,,1.0887936353683472,,,,,,,,,,,,,,,,,,,,,,,,,,,,,,,,,,,,
29,,,7431,,,,,,,1.0805765390396118,,,,,,,,,,,,,,,,,,,,,,,,,,,,,,,,,,,,
29,,,7432,,,,,,,1.1151068210601807,,,,,,,,,,,,,,,,,,,,,,,,,,,,,,,,,,,,
29,,,7433,,,,,,,1.125076413154602,,,,,,,,,,,,,,,,,,,,,,,,,,,,,,,,,,,,
29,,,7434,,,,,,,1.0855801105499268,,,,,,,,,,,,,,,,,,,,,,,,,,,,,,,,,,,,
29,,,7435,,,,,,,1.0865540504455566,,,,,,,,,,,,,,,,,,,,,,,,,,,,,,,,,,,,
29,,,7436,,,,,,,1.1164801120758057,,,,,,,,,,,,,,,,,,,,,,,,,,,,,,,,,,,,
29,,,7437,,,,,,,1.0857386589050293,,,,,,,,,,,,,,,,,,,,,,,,,,,,,,,,,,,,
29,,,7438,,,,,,,1.1025471687316895,,,,,,,,,,,,,,,,,,,,,,,,,,,,,,,,,,,,
29,,,7439,,,,,,,1.1220455169677734,,,,,,,,,,,,,,,,,,,,,,,,,,,,,,,,,,,,
29,,,7440,,,,,,,1.1269121170043945,,,,,,,,,,,,,,,,,,,,,,,,,,,,,,,,,,,,
29,,,7441,,,,,,,1.0917431116104126,,,,,,,,,,,,,,,,,,,,,,,,,,,,,,,,,,,,
29,,,7442,,,,,,,1.0977096557617188,,,,,,,,,,,,,,,,,,,,,,,,,,,,,,,,,,,,
29,,,7443,,,,,,,1.0892482995986938,,,,,,,,,,,,,,,,,,,,,,,,,,,,,,,,,,,,
29,,,7444,,,,,,,1.1647783517837524,,,,,,,,,,,,,,,,,,,,,,,,,,,,,,,,,,,,
29,,,7445,,,,,,,1.1159837245941162,,,,,,,,,,,,,,,,,,,,,,,,,,,,,,,,,,,,
29,,,7446,,,,,,,1.0934453010559082,,,,,,,,,,,,,,,,,,,,,,,,,,,,,,,,,,,,
29,,,7447,,,,,,,1.107522964477539,,,,,,,,,,,,,,,,,,,,,,,,,,,,,,,,,,,,
29,,,7448,,,,,,,1.0872496366500854,,,,,,,,,,,,,,,,,,,,,,,,,,,,,,,,,,,,
29,,,7449,,,,,,,1.09305739402771,,,,,,,,,,,,,,,,,,,,,,,,,,,,,,,,,,,,
29,,,7450,,,,,,,1.1258673667907715,,,,,,,,,,,,,,,,,,,,,,,,,,,,,,,,,,,,
29,,,7451,,,,,,,1.0807878971099854,,,,,,,,,,,,,,,,,,,,,,,,,,,,,,,,,,,,
29,,,7452,,,,,,,1.104363203048706,,,,,,,,,,,,,,,,,,,,,,,,,,,,,,,,,,,,
29,,,7453,,,,,,,1.0888277292251587,,,,,,,,,,,,,,,,,,,,,,,,,,,,,,,,,,,,
29,,,7454,,,,,,,1.0856804847717285,,,,,,,,,,,,,,,,,,,,,,,,,,,,,,,,,,,,
29,,,7455,,,,,,,1.0881295204162598,,,,,,,,,,,,,,,,,,,,,,,,,,,,,,,,,,,,
29,,,7456,,,,,,,1.083505630493164,,,,,,,,,,,,,,,,,,,,,,,,,,,,,,,,,,,,
29,,,7457,,,,,,,1.2085912227630615,,,,,,,,,,,,,,,,,,,,,,,,,,,,,,,,,,,,
29,,,7458,,,,,,,1.0984997749328613,,,,,,,,,,,,,,,,,,,,,,,,,,,,,,,,,,,,
29,,,7459,,,,,,,1.1698055267333984,,,,,,,,,,,,,,,,,,,,,,,,,,,,,,,,,,,,
29,,,7460,,,,,,,1.093267560005188,,,,,,,,,,,,,,,,,,,,,,,,,,,,,,,,,,,,
29,,,7461,,,,,,,1.1425282955169678,,,,,,,,,,,,,,,,,,,,,,,,,,,,,,,,,,,,
29,,,7462,,,,,,,1.0868949890136719,,,,,,,,,,,,,,,,,,,,,,,,,,,,,,,,,,,,
29,,,7463,,,,,,,1.0827571153640747,,,,,,,,,,,,,,,,,,,,,,,,,,,,,,,,,,,,
29,,,7464,,,,,,,1.1092458963394165,,,,,,,,,,,,,,,,,,,,,,,,,,,,,,,,,,,,
29,,,7465,,,,,,,1.0896648168563843,,,,,,,,,,,,,,,,,,,,,,,,,,,,,,,,,,,,
29,,,7466,,,,,,,1.0965808629989624,,,,,,,,,,,,,,,,,,,,,,,,,,,,,,,,,,,,
29,,,7467,,,,,,,1.1012089252471924,,,,,,,,,,,,,,,,,,,,,,,,,,,,,,,,,,,,
29,,,7468,,,,,,,1.1088193655014038,,,,,,,,,,,,,,,,,,,,,,,,,,,,,,,,,,,,
29,,,7469,,,,,,,1.0912493467330933,,,,,,,,,,,,,,,,,,,,,,,,,,,,,,,,,,,,
29,,,7470,,,,,,,1.1057765483856201,,,,,,,,,,,,,,,,,,,,,,,,,,,,,,,,,,,,
29,,,7471,,,,,,,1.2072234153747559,,,,,,,,,,,,,,,,,,,,,,,,,,,,,,,,,,,,
29,,,7472,,,,,,,1.0831807851791382,,,,,,,,,,,,,,,,,,,,,,,,,,,,,,,,,,,,
29,,,7473,,,,,,,1.0996067523956299,,,,,,,,,,,,,,,,,,,,,,,,,,,,,,,,,,,,
29,,,7474,,,,,,,1.104453444480896,,,,,,,,,,,,,,,,,,,,,,,,,,,,,,,,,,,,
29,,,7475,,,,,,,1.0924317836761475,,,,,,,,,,,,,,,,,,,,,,,,,,,,,,,,,,,,
29,,,7476,,,,,,,1.0815727710723877,,,,,,,,,,,,,,,,,,,,,,,,,,,,,,,,,,,,
29,,,7477,,,,,,,1.112493634223938,,,,,,,,,,,,,,,,,,,,,,,,,,,,,,,,,,,,
29,,,7478,,,,,,,1.1056749820709229,,,,,,,,,,,,,,,,,,,,,,,,,,,,,,,,,,,,
29,,,7479,,,,,,,1.0948508977890015,,,,,,,,,,,,,,,,,,,,,,,,,,,,,,,,,,,,
29,,,7480,,,,,,,1.162222146987915,,,,,,,,,,,,,,,,,,,,,,,,,,,,,,,,,,,,
29,,,7481,,,,,,,1.095543384552002,,,,,,,,,,,,,,,,,,,,,,,,,,,,,,,,,,,,
29,,,7482,,,,,,,1.09031081199646,,,,,,,,,,,,,,,,,,,,,,,,,,,,,,,,,,,,
29,,,7483,,,,,,,1.1091458797454834,,,,,,,,,,,,,,,,,,,,,,,,,,,,,,,,,,,,
29,,,7484,,,,,,,1.0990498065948486,,,,,,,,,,,,,,,,,,,,,,,,,,,,,,,,,,,,
29,,,7485,,,,,,,1.1144731044769287,,,,,,,,,,,,,,,,,,,,,,,,,,,,,,,,,,,,
29,,,7486,,,,,,,1.0867918729782104,,,,,,,,,,,,,,,,,,,,,,,,,,,,,,,,,,,,
29,,,7487,,,,,,,1.0925679206848145,,,,,,,,,,,,,,,,,,,,,,,,,,,,,,,,,,,,
29,,,7488,,,,,,,1.082719326019287,,,,,,,,,,,,,,,,,,,,,,,,,,,,,,,,,,,,
29,,,7489,,,,,,,1.0880811214447021,,,,,,,,,,,,,,,,,,,,,,,,,,,,,,,,,,,,
29,,,7490,,,,,,,1.1024208068847656,,,,,,,,,,,,,,,,,,,,,,,,,,,,,,,,,,,,
29,,,7491,,,,,,,1.0829159021377563,,,,,,,,,,,,,,,,,,,,,,,,,,,,,,,,,,,,
29,,,7492,,,,,,,1.0828804969787598,,,,,,,,,,,,,,,,,,,,,,,,,,,,,,,,,,,,
29,,,7493,,,,,,,1.107864499092102,,,,,,,,,,,,,,,,,,,,,,,,,,,,,,,,,,,,
29,,,7494,,,,,,,1.089798927307129,,,,,,,,,,,,,,,,,,,,,,,,,,,,,,,,,,,,
29,,,7495,,,,,,,1.1199110746383667,,,,,,,,,,,,,,,,,,,,,,,,,,,,,,,,,,,,
29,,,7496,,,,,,,1.125932216644287,,,,,,,,,,,,,,,,,,,,,,,,,,,,,,,,,,,,
29,,,7497,,,,,,,1.0855541229248047,,,,,,,,,,,,,,,,,,,,,,,,,,,,,,,,,,,,
29,,,7498,,,,,,,1.107404351234436,,,,,,,,,,,,,,,,,,,,,,,,,,,,,,,,,,,,
29,,,7499,,,,,,,1.2031707763671875,,,,,,,,,,,,,,,,,,,,,,,,,,,,,,,,,,,,
29,,,7499,,,,,,,,,,0.20031379163265228,0.004438532050698996,0.6748046875,1.349609375,53.0732421875,0.6748046875,271790.65625,0.8375729918479919,0.8375729918479919,1.0,0.2934608459472656,53.0732421875,0.6748046875,0.9309045076370239,0.047348104417324066,22118.0,0.001838461495935917,0.0027244349475950003,0.4147239625453949,0.6145836710929871,0.005424821749329567,1475.0,0.016992852091789246,0.025181882083415985,0.26680058240890503,0.39537450671195984,0.013847656548023224,7373.0,0.004737245384603739,0.007020172197371721,0.34044623374938965,0.504510760307312,0.01633632928133011,0.00035992596531286836
29,,20.0,7499,264501.15625,0.8509897589683533,0.8527628779411316,1.108059048652649,0.8527628779411316,1.0,,0.30164453387260437,0.9275000095367432,,,,,,,,,,,,,,,,,,,,,,,,,,,,,,,,,,
,4.393398282201786e-05,,7500,,,,,,,,,,,,,,,,,,,,,,,,,,,,,,,,,,,,,,,,,,,
30,,,7500,,,,,,,1.1656382083892822,,,,,,,,,,,,,,,,,,,,,,,,,,,,,,,,,,,,
30,,,7501,,,,,,,1.0921556949615479,,,,,,,,,,,,,,,,,,,,,,,,,,,,,,,,,,,,
30,,,7502,,,,,,,1.0940065383911133,,,,,,,,,,,,,,,,,,,,,,,,,,,,,,,,,,,,
30,,,7503,,,,,,,1.0868185758590698,,,,,,,,,,,,,,,,,,,,,,,,,,,,,,,,,,,,
30,,,7504,,,,,,,1.1139063835144043,,,,,,,,,,,,,,,,,,,,,,,,,,,,,,,,,,,,
30,,,7505,,,,,,,1.0811843872070312,,,,,,,,,,,,,,,,,,,,,,,,,,,,,,,,,,,,
30,,,7506,,,,,,,1.0995283126831055,,,,,,,,,,,,,,,,,,,,,,,,,,,,,,,,,,,,
30,,,7507,,,,,,,1.0861852169036865,,,,,,,,,,,,,,,,,,,,,,,,,,,,,,,,,,,,
30,,,7508,,,,,,,1.0822898149490356,,,,,,,,,,,,,,,,,,,,,,,,,,,,,,,,,,,,
30,,,7509,,,,,,,1.1067448854446411,,,,,,,,,,,,,,,,,,,,,,,,,,,,,,,,,,,,
30,,,7510,,,,,,,1.1002256870269775,,,,,,,,,,,,,,,,,,,,,,,,,,,,,,,,,,,,
30,,,7511,,,,,,,1.1143219470977783,,,,,,,,,,,,,,,,,,,,,,,,,,,,,,,,,,,,
30,,,7512,,,,,,,1.1860630512237549,,,,,,,,,,,,,,,,,,,,,,,,,,,,,,,,,,,,
30,,,7513,,,,,,,1.0929558277130127,,,,,,,,,,,,,,,,,,,,,,,,,,,,,,,,,,,,
30,,,7514,,,,,,,1.0909792184829712,,,,,,,,,,,,,,,,,,,,,,,,,,,,,,,,,,,,
30,,,7515,,,,,,,1.0802515745162964,,,,,,,,,,,,,,,,,,,,,,,,,,,,,,,,,,,,
30,,,7516,,,,,,,1.1160739660263062,,,,,,,,,,,,,,,,,,,,,,,,,,,,,,,,,,,,
30,,,7517,,,,,,,1.1015892028808594,,,,,,,,,,,,,,,,,,,,,,,,,,,,,,,,,,,,
30,,,7518,,,,,,,1.0924922227859497,,,,,,,,,,,,,,,,,,,,,,,,,,,,,,,,,,,,
30,,,7519,,,,,,,1.097487211227417,,,,,,,,,,,,,,,,,,,,,,,,,,,,,,,,,,,,
30,,,7520,,,,,,,1.121455192565918,,,,,,,,,,,,,,,,,,,,,,,,,,,,,,,,,,,,
30,,,7521,,,,,,,1.084670066833496,,,,,,,,,,,,,,,,,,,,,,,,,,,,,,,,,,,,
30,,,7522,,,,,,,1.1394895315170288,,,,,,,,,,,,,,,,,,,,,,,,,,,,,,,,,,,,
30,,,7523,,,,,,,1.0839881896972656,,,,,,,,,,,,,,,,,,,,,,,,,,,,,,,,,,,,
30,,,7524,,,,,,,1.0885508060455322,,,,,,,,,,,,,,,,,,,,,,,,,,,,,,,,,,,,
30,,,7525,,,,,,,1.0858166217803955,,,,,,,,,,,,,,,,,,,,,,,,,,,,,,,,,,,,
30,,,7526,,,,,,,1.1282976865768433,,,,,,,,,,,,,,,,,,,,,,,,,,,,,,,,,,,,
30,,,7527,,,,,,,1.0912384986877441,,,,,,,,,,,,,,,,,,,,,,,,,,,,,,,,,,,,
30,,,7528,,,,,,,1.1010022163391113,,,,,,,,,,,,,,,,,,,,,,,,,,,,,,,,,,,,
30,,,7529,,,,,,,1.1007546186447144,,,,,,,,,,,,,,,,,,,,,,,,,,,,,,,,,,,,
30,,,7530,,,,,,,1.0801799297332764,,,,,,,,,,,,,,,,,,,,,,,,,,,,,,,,,,,,
30,,,7531,,,,,,,1.1179578304290771,,,,,,,,,,,,,,,,,,,,,,,,,,,,,,,,,,,,
30,,,7532,,,,,,,1.0811372995376587,,,,,,,,,,,,,,,,,,,,,,,,,,,,,,,,,,,,
30,,,7533,,,,,,,1.106472134590149,,,,,,,,,,,,,,,,,,,,,,,,,,,,,,,,,,,,
30,,,7534,,,,,,,1.100211501121521,,,,,,,,,,,,,,,,,,,,,,,,,,,,,,,,,,,,
30,,,7535,,,,,,,1.094543218612671,,,,,,,,,,,,,,,,,,,,,,,,,,,,,,,,,,,,
30,,,7536,,,,,,,1.0868072509765625,,,,,,,,,,,,,,,,,,,,,,,,,,,,,,,,,,,,
30,,,7537,,,,,,,1.0872844457626343,,,,,,,,,,,,,,,,,,,,,,,,,,,,,,,,,,,,
30,,,7538,,,,,,,1.1283022165298462,,,,,,,,,,,,,,,,,,,,,,,,,,,,,,,,,,,,
30,,,7539,,,,,,,1.1013984680175781,,,,,,,,,,,,,,,,,,,,,,,,,,,,,,,,,,,,
30,,,7540,,,,,,,1.1670533418655396,,,,,,,,,,,,,,,,,,,,,,,,,,,,,,,,,,,,
30,,,7541,,,,,,,1.0811710357666016,,,,,,,,,,,,,,,,,,,,,,,,,,,,,,,,,,,,
30,,,7542,,,,,,,1.0829397439956665,,,,,,,,,,,,,,,,,,,,,,,,,,,,,,,,,,,,
30,,,7543,,,,,,,1.0973405838012695,,,,,,,,,,,,,,,,,,,,,,,,,,,,,,,,,,,,
30,,,7544,,,,,,,1.1972908973693848,,,,,,,,,,,,,,,,,,,,,,,,,,,,,,,,,,,,
30,,,7545,,,,,,,1.0928703546524048,,,,,,,,,,,,,,,,,,,,,,,,,,,,,,,,,,,,
30,,,7546,,,,,,,1.084693431854248,,,,,,,,,,,,,,,,,,,,,,,,,,,,,,,,,,,,
30,,,7547,,,,,,,1.102258563041687,,,,,,,,,,,,,,,,,,,,,,,,,,,,,,,,,,,,
30,,,7548,,,,,,,1.2010573148727417,,,,,,,,,,,,,,,,,,,,,,,,,,,,,,,,,,,,
30,,,7549,,,,,,,1.1178079843521118,,,,,,,,,,,,,,,,,,,,,,,,,,,,,,,,,,,,
30,,,7550,,,,,,,1.082270860671997,,,,,,,,,,,,,,,,,,,,,,,,,,,,,,,,,,,,
30,,,7551,,,,,,,1.127049446105957,,,,,,,,,,,,,,,,,,,,,,,,,,,,,,,,,,,,
30,,,7552,,,,,,,1.0868611335754395,,,,,,,,,,,,,,,,,,,,,,,,,,,,,,,,,,,,
30,,,7553,,,,,,,1.0934299230575562,,,,,,,,,,,,,,,,,,,,,,,,,,,,,,,,,,,,
30,,,7554,,,,,,,1.0852876901626587,,,,,,,,,,,,,,,,,,,,,,,,,,,,,,,,,,,,
30,,,7555,,,,,,,1.1228760480880737,,,,,,,,,,,,,,,,,,,,,,,,,,,,,,,,,,,,
30,,,7556,,,,,,,1.106133222579956,,,,,,,,,,,,,,,,,,,,,,,,,,,,,,,,,,,,
30,,,7557,,,,,,,1.1351889371871948,,,,,,,,,,,,,,,,,,,,,,,,,,,,,,,,,,,,
30,,,7558,,,,,,,1.09499192237854,,,,,,,,,,,,,,,,,,,,,,,,,,,,,,,,,,,,
30,,,7559,,,,,,,1.1119492053985596,,,,,,,,,,,,,,,,,,,,,,,,,,,,,,,,,,,,
30,,,7560,,,,,,,1.0963762998580933,,,,,,,,,,,,,,,,,,,,,,,,,,,,,,,,,,,,
30,,,7561,,,,,,,1.0971970558166504,,,,,,,,,,,,,,,,,,,,,,,,,,,,,,,,,,,,
30,,,7562,,,,,,,1.0829254388809204,,,,,,,,,,,,,,,,,,,,,,,,,,,,,,,,,,,,
30,,,7563,,,,,,,1.089900016784668,,,,,,,,,,,,,,,,,,,,,,,,,,,,,,,,,,,,
30,,,7564,,,,,,,1.0977957248687744,,,,,,,,,,,,,,,,,,,,,,,,,,,,,,,,,,,,
30,,,7565,,,,,,,1.1236051321029663,,,,,,,,,,,,,,,,,,,,,,,,,,,,,,,,,,,,
30,,,7566,,,,,,,1.0927200317382812,,,,,,,,,,,,,,,,,,,,,,,,,,,,,,,,,,,,
30,,,7567,,,,,,,1.0821715593338013,,,,,,,,,,,,,,,,,,,,,,,,,,,,,,,,,,,,
30,,,7568,,,,,,,1.0997264385223389,,,,,,,,,,,,,,,,,,,,,,,,,,,,,,,,,,,,
30,,,7569,,,,,,,1.094285011291504,,,,,,,,,,,,,,,,,,,,,,,,,,,,,,,,,,,,
30,,,7570,,,,,,,1.0875943899154663,,,,,,,,,,,,,,,,,,,,,,,,,,,,,,,,,,,,
30,,,7571,,,,,,,1.1154104471206665,,,,,,,,,,,,,,,,,,,,,,,,,,,,,,,,,,,,
30,,,7572,,,,,,,1.0882123708724976,,,,,,,,,,,,,,,,,,,,,,,,,,,,,,,,,,,,
30,,,7573,,,,,,,1.0870120525360107,,,,,,,,,,,,,,,,,,,,,,,,,,,,,,,,,,,,
30,,,7574,,,,,,,1.1398929357528687,,,,,,,,,,,,,,,,,,,,,,,,,,,,,,,,,,,,
30,,,7575,,,,,,,1.0990231037139893,,,,,,,,,,,,,,,,,,,,,,,,,,,,,,,,,,,,
30,,,7576,,,,,,,1.096492886543274,,,,,,,,,,,,,,,,,,,,,,,,,,,,,,,,,,,,
30,,,7577,,,,,,,1.0954476594924927,,,,,,,,,,,,,,,,,,,,,,,,,,,,,,,,,,,,
30,,,7578,,,,,,,1.1326308250427246,,,,,,,,,,,,,,,,,,,,,,,,,,,,,,,,,,,,
30,,,7579,,,,,,,1.1318247318267822,,,,,,,,,,,,,,,,,,,,,,,,,,,,,,,,,,,,
30,,,7580,,,,,,,1.096238136291504,,,,,,,,,,,,,,,,,,,,,,,,,,,,,,,,,,,,
30,,,7581,,,,,,,1.1412773132324219,,,,,,,,,,,,,,,,,,,,,,,,,,,,,,,,,,,,
30,,,7582,,,,,,,1.0899438858032227,,,,,,,,,,,,,,,,,,,,,,,,,,,,,,,,,,,,
30,,,7583,,,,,,,1.1333839893341064,,,,,,,,,,,,,,,,,,,,,,,,,,,,,,,,,,,,
30,,,7584,,,,,,,1.105661153793335,,,,,,,,,,,,,,,,,,,,,,,,,,,,,,,,,,,,
30,,,7585,,,,,,,1.1146008968353271,,,,,,,,,,,,,,,,,,,,,,,,,,,,,,,,,,,,
30,,,7586,,,,,,,1.0827275514602661,,,,,,,,,,,,,,,,,,,,,,,,,,,,,,,,,,,,
30,,,7587,,,,,,,1.087104320526123,,,,,,,,,,,,,,,,,,,,,,,,,,,,,,,,,,,,
30,,,7588,,,,,,,1.0998317003250122,,,,,,,,,,,,,,,,,,,,,,,,,,,,,,,,,,,,
30,,,7589,,,,,,,1.0988359451293945,,,,,,,,,,,,,,,,,,,,,,,,,,,,,,,,,,,,
30,,,7590,,,,,,,1.0932368040084839,,,,,,,,,,,,,,,,,,,,,,,,,,,,,,,,,,,,
30,,,7591,,,,,,,1.0839481353759766,,,,,,,,,,,,,,,,,,,,,,,,,,,,,,,,,,,,
30,,,7592,,,,,,,1.0806068181991577,,,,,,,,,,,,,,,,,,,,,,,,,,,,,,,,,,,,
30,,,7593,,,,,,,1.0951554775238037,,,,,,,,,,,,,,,,,,,,,,,,,,,,,,,,,,,,
30,,,7594,,,,,,,1.1253271102905273,,,,,,,,,,,,,,,,,,,,,,,,,,,,,,,,,,,,
30,,,7595,,,,,,,1.0859100818634033,,,,,,,,,,,,,,,,,,,,,,,,,,,,,,,,,,,,
30,,,7596,,,,,,,1.104442834854126,,,,,,,,,,,,,,,,,,,,,,,,,,,,,,,,,,,,
30,,,7597,,,,,,,1.1172544956207275,,,,,,,,,,,,,,,,,,,,,,,,,,,,,,,,,,,,
30,,,7598,,,,,,,1.0975421667099,,,,,,,,,,,,,,,,,,,,,,,,,,,,,,,,,,,,
30,,,7599,,,,,,,1.0851755142211914,,,,,,,,,,,,,,,,,,,,,,,,,,,,,,,,,,,,
30,,,7600,,,,,,,1.120772123336792,,,,,,,,,,,,,,,,,,,,,,,,,,,,,,,,,,,,
30,,,7601,,,,,,,1.0823301076889038,,,,,,,,,,,,,,,,,,,,,,,,,,,,,,,,,,,,
30,,,7602,,,,,,,1.0940048694610596,,,,,,,,,,,,,,,,,,,,,,,,,,,,,,,,,,,,
30,,,7603,,,,,,,1.087061882019043,,,,,,,,,,,,,,,,,,,,,,,,,,,,,,,,,,,,
30,,,7604,,,,,,,1.0858383178710938,,,,,,,,,,,,,,,,,,,,,,,,,,,,,,,,,,,,
30,,,7605,,,,,,,1.1128065586090088,,,,,,,,,,,,,,,,,,,,,,,,,,,,,,,,,,,,
30,,,7606,,,,,,,1.0881211757659912,,,,,,,,,,,,,,,,,,,,,,,,,,,,,,,,,,,,
30,,,7607,,,,,,,1.1019552946090698,,,,,,,,,,,,,,,,,,,,,,,,,,,,,,,,,,,,
30,,,7608,,,,,,,1.1069540977478027,,,,,,,,,,,,,,,,,,,,,,,,,,,,,,,,,,,,
30,,,7609,,,,,,,1.09096360206604,,,,,,,,,,,,,,,,,,,,,,,,,,,,,,,,,,,,
30,,,7610,,,,,,,1.0898938179016113,,,,,,,,,,,,,,,,,,,,,,,,,,,,,,,,,,,,
30,,,7611,,,,,,,1.1296563148498535,,,,,,,,,,,,,,,,,,,,,,,,,,,,,,,,,,,,
30,,,7612,,,,,,,1.0864226818084717,,,,,,,,,,,,,,,,,,,,,,,,,,,,,,,,,,,,
30,,,7613,,,,,,,1.0875120162963867,,,,,,,,,,,,,,,,,,,,,,,,,,,,,,,,,,,,
30,,,7614,,,,,,,1.0978691577911377,,,,,,,,,,,,,,,,,,,,,,,,,,,,,,,,,,,,
30,,,7615,,,,,,,1.1796436309814453,,,,,,,,,,,,,,,,,,,,,,,,,,,,,,,,,,,,
30,,,7616,,,,,,,1.091125726699829,,,,,,,,,,,,,,,,,,,,,,,,,,,,,,,,,,,,
30,,,7617,,,,,,,1.0813891887664795,,,,,,,,,,,,,,,,,,,,,,,,,,,,,,,,,,,,
30,,,7618,,,,,,,1.2082343101501465,,,,,,,,,,,,,,,,,,,,,,,,,,,,,,,,,,,,
30,,,7619,,,,,,,1.1325503587722778,,,,,,,,,,,,,,,,,,,,,,,,,,,,,,,,,,,,
30,,,7620,,,,,,,1.1838258504867554,,,,,,,,,,,,,,,,,,,,,,,,,,,,,,,,,,,,
30,,,7621,,,,,,,1.0960290431976318,,,,,,,,,,,,,,,,,,,,,,,,,,,,,,,,,,,,
30,,,7622,,,,,,,1.0920227766036987,,,,,,,,,,,,,,,,,,,,,,,,,,,,,,,,,,,,
30,,,7623,,,,,,,1.0917510986328125,,,,,,,,,,,,,,,,,,,,,,,,,,,,,,,,,,,,
30,,,7624,,,,,,,1.0881965160369873,,,,,,,,,,,,,,,,,,,,,,,,,,,,,,,,,,,,
30,,,7625,,,,,,,1.0833790302276611,,,,,,,,,,,,,,,,,,,,,,,,,,,,,,,,,,,,
30,,,7626,,,,,,,1.139770269393921,,,,,,,,,,,,,,,,,,,,,,,,,,,,,,,,,,,,
30,,,7627,,,,,,,1.1312212944030762,,,,,,,,,,,,,,,,,,,,,,,,,,,,,,,,,,,,
30,,,7628,,,,,,,1.0814530849456787,,,,,,,,,,,,,,,,,,,,,,,,,,,,,,,,,,,,
30,,,7629,,,,,,,1.1301178932189941,,,,,,,,,,,,,,,,,,,,,,,,,,,,,,,,,,,,
30,,,7630,,,,,,,1.094474196434021,,,,,,,,,,,,,,,,,,,,,,,,,,,,,,,,,,,,
30,,,7631,,,,,,,1.1163530349731445,,,,,,,,,,,,,,,,,,,,,,,,,,,,,,,,,,,,
30,,,7632,,,,,,,1.10354745388031,,,,,,,,,,,,,,,,,,,,,,,,,,,,,,,,,,,,
30,,,7633,,,,,,,1.090592622756958,,,,,,,,,,,,,,,,,,,,,,,,,,,,,,,,,,,,
30,,,7634,,,,,,,1.092663049697876,,,,,,,,,,,,,,,,,,,,,,,,,,,,,,,,,,,,
30,,,7635,,,,,,,1.2901748418807983,,,,,,,,,,,,,,,,,,,,,,,,,,,,,,,,,,,,
30,,,7636,,,,,,,1.0978397130966187,,,,,,,,,,,,,,,,,,,,,,,,,,,,,,,,,,,,
30,,,7637,,,,,,,1.0826565027236938,,,,,,,,,,,,,,,,,,,,,,,,,,,,,,,,,,,,
30,,,7638,,,,,,,1.1040678024291992,,,,,,,,,,,,,,,,,,,,,,,,,,,,,,,,,,,,
30,,,7639,,,,,,,1.0847704410552979,,,,,,,,,,,,,,,,,,,,,,,,,,,,,,,,,,,,
30,,,7640,,,,,,,1.1464412212371826,,,,,,,,,,,,,,,,,,,,,,,,,,,,,,,,,,,,
30,,,7641,,,,,,,1.1029739379882812,,,,,,,,,,,,,,,,,,,,,,,,,,,,,,,,,,,,
30,,,7642,,,,,,,1.1432077884674072,,,,,,,,,,,,,,,,,,,,,,,,,,,,,,,,,,,,
30,,,7643,,,,,,,1.1130074262619019,,,,,,,,,,,,,,,,,,,,,,,,,,,,,,,,,,,,
30,,,7644,,,,,,,1.0812417268753052,,,,,,,,,,,,,,,,,,,,,,,,,,,,,,,,,,,,
30,,,7645,,,,,,,1.08541738986969,,,,,,,,,,,,,,,,,,,,,,,,,,,,,,,,,,,,
30,,,7646,,,,,,,1.1091513633728027,,,,,,,,,,,,,,,,,,,,,,,,,,,,,,,,,,,,
30,,,7647,,,,,,,1.1038074493408203,,,,,,,,,,,,,,,,,,,,,,,,,,,,,,,,,,,,
30,,,7648,,,,,,,1.111860990524292,,,,,,,,,,,,,,,,,,,,,,,,,,,,,,,,,,,,
30,,,7649,,,,,,,1.1409450769424438,,,,,,,,,,,,,,,,,,,,,,,,,,,,,,,,,,,,
30,,,7650,,,,,,,1.092069387435913,,,,,,,,,,,,,,,,,,,,,,,,,,,,,,,,,,,,
30,,,7651,,,,,,,1.1033990383148193,,,,,,,,,,,,,,,,,,,,,,,,,,,,,,,,,,,,
30,,,7652,,,,,,,1.1145604848861694,,,,,,,,,,,,,,,,,,,,,,,,,,,,,,,,,,,,
30,,,7653,,,,,,,1.1127150058746338,,,,,,,,,,,,,,,,,,,,,,,,,,,,,,,,,,,,
30,,,7654,,,,,,,1.1694309711456299,,,,,,,,,,,,,,,,,,,,,,,,,,,,,,,,,,,,
30,,,7655,,,,,,,1.0816417932510376,,,,,,,,,,,,,,,,,,,,,,,,,,,,,,,,,,,,
30,,,7656,,,,,,,1.0922282934188843,,,,,,,,,,,,,,,,,,,,,,,,,,,,,,,,,,,,
30,,,7657,,,,,,,1.0897365808486938,,,,,,,,,,,,,,,,,,,,,,,,,,,,,,,,,,,,
30,,,7658,,,,,,,1.1295486688613892,,,,,,,,,,,,,,,,,,,,,,,,,,,,,,,,,,,,
30,,,7659,,,,,,,1.1010282039642334,,,,,,,,,,,,,,,,,,,,,,,,,,,,,,,,,,,,
30,,,7660,,,,,,,1.1006584167480469,,,,,,,,,,,,,,,,,,,,,,,,,,,,,,,,,,,,
30,,,7661,,,,,,,1.1913180351257324,,,,,,,,,,,,,,,,,,,,,,,,,,,,,,,,,,,,
30,,,7662,,,,,,,1.08682382106781,,,,,,,,,,,,,,,,,,,,,,,,,,,,,,,,,,,,
30,,,7663,,,,,,,1.0947448015213013,,,,,,,,,,,,,,,,,,,,,,,,,,,,,,,,,,,,
30,,,7664,,,,,,,1.0920913219451904,,,,,,,,,,,,,,,,,,,,,,,,,,,,,,,,,,,,
30,,,7665,,,,,,,1.1048455238342285,,,,,,,,,,,,,,,,,,,,,,,,,,,,,,,,,,,,
30,,,7666,,,,,,,1.0886586904525757,,,,,,,,,,,,,,,,,,,,,,,,,,,,,,,,,,,,
30,,,7667,,,,,,,1.1422364711761475,,,,,,,,,,,,,,,,,,,,,,,,,,,,,,,,,,,,
30,,,7668,,,,,,,1.117318868637085,,,,,,,,,,,,,,,,,,,,,,,,,,,,,,,,,,,,
30,,,7669,,,,,,,1.0816856622695923,,,,,,,,,,,,,,,,,,,,,,,,,,,,,,,,,,,,
30,,,7670,,,,,,,1.0868510007858276,,,,,,,,,,,,,,,,,,,,,,,,,,,,,,,,,,,,
30,,,7671,,,,,,,1.1078941822052002,,,,,,,,,,,,,,,,,,,,,,,,,,,,,,,,,,,,
30,,,7672,,,,,,,1.0807021856307983,,,,,,,,,,,,,,,,,,,,,,,,,,,,,,,,,,,,
30,,,7673,,,,,,,1.1077821254730225,,,,,,,,,,,,,,,,,,,,,,,,,,,,,,,,,,,,
30,,,7674,,,,,,,1.1619441509246826,,,,,,,,,,,,,,,,,,,,,,,,,,,,,,,,,,,,
30,,,7675,,,,,,,1.0836882591247559,,,,,,,,,,,,,,,,,,,,,,,,,,,,,,,,,,,,
30,,,7676,,,,,,,1.0946872234344482,,,,,,,,,,,,,,,,,,,,,,,,,,,,,,,,,,,,
30,,,7677,,,,,,,1.2129539251327515,,,,,,,,,,,,,,,,,,,,,,,,,,,,,,,,,,,,
30,,,7678,,,,,,,1.1024913787841797,,,,,,,,,,,,,,,,,,,,,,,,,,,,,,,,,,,,
30,,,7679,,,,,,,1.117814540863037,,,,,,,,,,,,,,,,,,,,,,,,,,,,,,,,,,,,
30,,,7680,,,,,,,1.113429069519043,,,,,,,,,,,,,,,,,,,,,,,,,,,,,,,,,,,,
30,,,7681,,,,,,,1.108680248260498,,,,,,,,,,,,,,,,,,,,,,,,,,,,,,,,,,,,
30,,,7682,,,,,,,1.0919548273086548,,,,,,,,,,,,,,,,,,,,,,,,,,,,,,,,,,,,
30,,,7683,,,,,,,1.0949515104293823,,,,,,,,,,,,,,,,,,,,,,,,,,,,,,,,,,,,
30,,,7684,,,,,,,1.1004191637039185,,,,,,,,,,,,,,,,,,,,,,,,,,,,,,,,,,,,
30,,,7685,,,,,,,1.0920597314834595,,,,,,,,,,,,,,,,,,,,,,,,,,,,,,,,,,,,
30,,,7686,,,,,,,1.0926525592803955,,,,,,,,,,,,,,,,,,,,,,,,,,,,,,,,,,,,
30,,,7687,,,,,,,1.0996994972229004,,,,,,,,,,,,,,,,,,,,,,,,,,,,,,,,,,,,
30,,,7688,,,,,,,1.1726772785186768,,,,,,,,,,,,,,,,,,,,,,,,,,,,,,,,,,,,
30,,,7689,,,,,,,1.080588459968567,,,,,,,,,,,,,,,,,,,,,,,,,,,,,,,,,,,,
30,,,7690,,,,,,,1.1117851734161377,,,,,,,,,,,,,,,,,,,,,,,,,,,,,,,,,,,,
30,,,7691,,,,,,,1.0899848937988281,,,,,,,,,,,,,,,,,,,,,,,,,,,,,,,,,,,,
30,,,7692,,,,,,,1.0943217277526855,,,,,,,,,,,,,,,,,,,,,,,,,,,,,,,,,,,,
30,,,7693,,,,,,,1.098546028137207,,,,,,,,,,,,,,,,,,,,,,,,,,,,,,,,,,,,
30,,,7694,,,,,,,1.1223149299621582,,,,,,,,,,,,,,,,,,,,,,,,,,,,,,,,,,,,
30,,,7695,,,,,,,1.1409809589385986,,,,,,,,,,,,,,,,,,,,,,,,,,,,,,,,,,,,
30,,,7696,,,,,,,1.085260033607483,,,,,,,,,,,,,,,,,,,,,,,,,,,,,,,,,,,,
30,,,7697,,,,,,,1.0936745405197144,,,,,,,,,,,,,,,,,,,,,,,,,,,,,,,,,,,,
30,,,7698,,,,,,,1.0832561254501343,,,,,,,,,,,,,,,,,,,,,,,,,,,,,,,,,,,,
30,,,7699,,,,,,,1.104393720626831,,,,,,,,,,,,,,,,,,,,,,,,,,,,,,,,,,,,
30,,,7700,,,,,,,1.0990439653396606,,,,,,,,,,,,,,,,,,,,,,,,,,,,,,,,,,,,
30,,,7701,,,,,,,1.100033164024353,,,,,,,,,,,,,,,,,,,,,,,,,,,,,,,,,,,,
30,,,7702,,,,,,,1.0826735496520996,,,,,,,,,,,,,,,,,,,,,,,,,,,,,,,,,,,,
30,,,7703,,,,,,,1.0886476039886475,,,,,,,,,,,,,,,,,,,,,,,,,,,,,,,,,,,,
30,,,7704,,,,,,,1.1047875881195068,,,,,,,,,,,,,,,,,,,,,,,,,,,,,,,,,,,,
30,,,7705,,,,,,,1.094097375869751,,,,,,,,,,,,,,,,,,,,,,,,,,,,,,,,,,,,
30,,,7706,,,,,,,1.0845646858215332,,,,,,,,,,,,,,,,,,,,,,,,,,,,,,,,,,,,
30,,,7707,,,,,,,1.098114013671875,,,,,,,,,,,,,,,,,,,,,,,,,,,,,,,,,,,,
30,,,7708,,,,,,,1.127356767654419,,,,,,,,,,,,,,,,,,,,,,,,,,,,,,,,,,,,
30,,,7709,,,,,,,1.0864510536193848,,,,,,,,,,,,,,,,,,,,,,,,,,,,,,,,,,,,
30,,,7710,,,,,,,1.1125695705413818,,,,,,,,,,,,,,,,,,,,,,,,,,,,,,,,,,,,
30,,,7711,,,,,,,1.0993103981018066,,,,,,,,,,,,,,,,,,,,,,,,,,,,,,,,,,,,
30,,,7712,,,,,,,1.1083049774169922,,,,,,,,,,,,,,,,,,,,,,,,,,,,,,,,,,,,
30,,,7713,,,,,,,1.0844796895980835,,,,,,,,,,,,,,,,,,,,,,,,,,,,,,,,,,,,
30,,,7714,,,,,,,1.1225054264068604,,,,,,,,,,,,,,,,,,,,,,,,,,,,,,,,,,,,
30,,,7715,,,,,,,1.1773724555969238,,,,,,,,,,,,,,,,,,,,,,,,,,,,,,,,,,,,
30,,,7716,,,,,,,1.1017543077468872,,,,,,,,,,,,,,,,,,,,,,,,,,,,,,,,,,,,
30,,,7717,,,,,,,1.1030030250549316,,,,,,,,,,,,,,,,,,,,,,,,,,,,,,,,,,,,
30,,,7718,,,,,,,1.1009092330932617,,,,,,,,,,,,,,,,,,,,,,,,,,,,,,,,,,,,
30,,,7719,,,,,,,1.080601692199707,,,,,,,,,,,,,,,,,,,,,,,,,,,,,,,,,,,,
30,,,7720,,,,,,,1.1012401580810547,,,,,,,,,,,,,,,,,,,,,,,,,,,,,,,,,,,,
30,,,7721,,,,,,,1.1067216396331787,,,,,,,,,,,,,,,,,,,,,,,,,,,,,,,,,,,,
30,,,7722,,,,,,,1.1064398288726807,,,,,,,,,,,,,,,,,,,,,,,,,,,,,,,,,,,,
30,,,7723,,,,,,,1.1092264652252197,,,,,,,,,,,,,,,,,,,,,,,,,,,,,,,,,,,,
30,,,7724,,,,,,,1.0829389095306396,,,,,,,,,,,,,,,,,,,,,,,,,,,,,,,,,,,,
30,,,7725,,,,,,,1.0912340879440308,,,,,,,,,,,,,,,,,,,,,,,,,,,,,,,,,,,,
30,,,7726,,,,,,,1.1289359331130981,,,,,,,,,,,,,,,,,,,,,,,,,,,,,,,,,,,,
30,,,7727,,,,,,,1.1027073860168457,,,,,,,,,,,,,,,,,,,,,,,,,,,,,,,,,,,,
30,,,7728,,,,,,,1.1121935844421387,,,,,,,,,,,,,,,,,,,,,,,,,,,,,,,,,,,,
30,,,7729,,,,,,,1.0827031135559082,,,,,,,,,,,,,,,,,,,,,,,,,,,,,,,,,,,,
30,,,7730,,,,,,,1.1007205247879028,,,,,,,,,,,,,,,,,,,,,,,,,,,,,,,,,,,,
30,,,7731,,,,,,,1.082037091255188,,,,,,,,,,,,,,,,,,,,,,,,,,,,,,,,,,,,
30,,,7732,,,,,,,1.090834140777588,,,,,,,,,,,,,,,,,,,,,,,,,,,,,,,,,,,,
30,,,7733,,,,,,,1.096521258354187,,,,,,,,,,,,,,,,,,,,,,,,,,,,,,,,,,,,
30,,,7734,,,,,,,1.0854376554489136,,,,,,,,,,,,,,,,,,,,,,,,,,,,,,,,,,,,
30,,,7735,,,,,,,1.1225271224975586,,,,,,,,,,,,,,,,,,,,,,,,,,,,,,,,,,,,
30,,,7736,,,,,,,1.0850383043289185,,,,,,,,,,,,,,,,,,,,,,,,,,,,,,,,,,,,
30,,,7737,,,,,,,1.080270767211914,,,,,,,,,,,,,,,,,,,,,,,,,,,,,,,,,,,,
30,,,7738,,,,,,,1.0869731903076172,,,,,,,,,,,,,,,,,,,,,,,,,,,,,,,,,,,,
30,,,7739,,,,,,,1.0924081802368164,,,,,,,,,,,,,,,,,,,,,,,,,,,,,,,,,,,,
30,,,7740,,,,,,,1.1039592027664185,,,,,,,,,,,,,,,,,,,,,,,,,,,,,,,,,,,,
30,,,7741,,,,,,,1.087615728378296,,,,,,,,,,,,,,,,,,,,,,,,,,,,,,,,,,,,
30,,,7742,,,,,,,1.0834293365478516,,,,,,,,,,,,,,,,,,,,,,,,,,,,,,,,,,,,
30,,,7743,,,,,,,1.0974466800689697,,,,,,,,,,,,,,,,,,,,,,,,,,,,,,,,,,,,
30,,,7744,,,,,,,1.1298927068710327,,,,,,,,,,,,,,,,,,,,,,,,,,,,,,,,,,,,
30,,,7745,,,,,,,1.0937443971633911,,,,,,,,,,,,,,,,,,,,,,,,,,,,,,,,,,,,
30,,,7746,,,,,,,1.0806418657302856,,,,,,,,,,,,,,,,,,,,,,,,,,,,,,,,,,,,
30,,,7747,,,,,,,1.1264848709106445,,,,,,,,,,,,,,,,,,,,,,,,,,,,,,,,,,,,
30,,,7748,,,,,,,1.0841140747070312,,,,,,,,,,,,,,,,,,,,,,,,,,,,,,,,,,,,
30,,,7749,,,,,,,1.1313482522964478,,,,,,,,,,,,,,,,,,,,,,,,,,,,,,,,,,,,
30,,,7749,,,,,,,,,,0.20348386466503143,0.004797981586307287,0.6748046875,1.349609375,53.0732421875,0.6748046875,271790.65625,0.8375983238220215,0.8375983238220215,1.0,0.295135498046875,53.0732421875,0.6748046875,0.9317760467529297,0.047551605850458145,22118.0,0.001848440384492278,0.0027392227202653885,0.4159318506717682,0.6163736581802368,0.00545420590788126,1475.0,0.01707295887172222,0.025300592184066772,0.2662160098552704,0.3945082426071167,0.013887281529605389,7373.0,0.004750888328999281,0.007040389813482761,0.3409690260887146,0.5052855014801025,0.01640360802412033,0.00035992596531286836
30,,20.0,7749,263746.34375,0.8508068919181824,0.8532801866531372,1.108521819114685,0.8532801866531372,1.0,,0.3013632893562317,0.9300000071525574,,,,,,,,,,,,,,,,,,,,,,,,,,,,,,,,,,
,3.5939105159995345e-05,,7750,,,,,,,,,,,,,,,,,,,,,,,,,,,,,,,,,,,,,,,,,,,
31,,,7750,,,,,,,1.09212327003479,,,,,,,,,,,,,,,,,,,,,,,,,,,,,,,,,,,,
31,,,7751,,,,,,,1.092690110206604,,,,,,,,,,,,,,,,,,,,,,,,,,,,,,,,,,,,
31,,,7752,,,,,,,1.176519751548767,,,,,,,,,,,,,,,,,,,,,,,,,,,,,,,,,,,,
31,,,7753,,,,,,,1.1215808391571045,,,,,,,,,,,,,,,,,,,,,,,,,,,,,,,,,,,,
31,,,7754,,,,,,,1.1035012006759644,,,,,,,,,,,,,,,,,,,,,,,,,,,,,,,,,,,,
31,,,7755,,,,,,,1.1096633672714233,,,,,,,,,,,,,,,,,,,,,,,,,,,,,,,,,,,,
31,,,7756,,,,,,,1.0902209281921387,,,,,,,,,,,,,,,,,,,,,,,,,,,,,,,,,,,,
31,,,7757,,,,,,,1.1446678638458252,,,,,,,,,,,,,,,,,,,,,,,,,,,,,,,,,,,,
31,,,7758,,,,,,,1.0884324312210083,,,,,,,,,,,,,,,,,,,,,,,,,,,,,,,,,,,,
31,,,7759,,,,,,,1.1109349727630615,,,,,,,,,,,,,,,,,,,,,,,,,,,,,,,,,,,,
31,,,7760,,,,,,,1.1452312469482422,,,,,,,,,,,,,,,,,,,,,,,,,,,,,,,,,,,,
31,,,7761,,,,,,,1.1663495302200317,,,,,,,,,,,,,,,,,,,,,,,,,,,,,,,,,,,,
31,,,7762,,,,,,,1.120215892791748,,,,,,,,,,,,,,,,,,,,,,,,,,,,,,,,,,,,
31,,,7763,,,,,,,1.0953140258789062,,,,,,,,,,,,,,,,,,,,,,,,,,,,,,,,,,,,
31,,,7764,,,,,,,1.1041545867919922,,,,,,,,,,,,,,,,,,,,,,,,,,,,,,,,,,,,
31,,,7765,,,,,,,1.1382862329483032,,,,,,,,,,,,,,,,,,,,,,,,,,,,,,,,,,,,
31,,,7766,,,,,,,1.094246745109558,,,,,,,,,,,,,,,,,,,,,,,,,,,,,,,,,,,,
31,,,7767,,,,,,,1.1121995449066162,,,,,,,,,,,,,,,,,,,,,,,,,,,,,,,,,,,,
31,,,7768,,,,,,,1.091127634048462,,,,,,,,,,,,,,,,,,,,,,,,,,,,,,,,,,,,
31,,,7769,,,,,,,1.1171960830688477,,,,,,,,,,,,,,,,,,,,,,,,,,,,,,,,,,,,
31,,,7770,,,,,,,1.1345810890197754,,,,,,,,,,,,,,,,,,,,,,,,,,,,,,,,,,,,
31,,,7771,,,,,,,1.0809880495071411,,,,,,,,,,,,,,,,,,,,,,,,,,,,,,,,,,,,
31,,,7772,,,,,,,1.1056129932403564,,,,,,,,,,,,,,,,,,,,,,,,,,,,,,,,,,,,
31,,,7773,,,,,,,1.084002137184143,,,,,,,,,,,,,,,,,,,,,,,,,,,,,,,,,,,,
31,,,7774,,,,,,,1.0849757194519043,,,,,,,,,,,,,,,,,,,,,,,,,,,,,,,,,,,,
31,,,7775,,,,,,,1.1014297008514404,,,,,,,,,,,,,,,,,,,,,,,,,,,,,,,,,,,,
31,,,7776,,,,,,,1.0914162397384644,,,,,,,,,,,,,,,,,,,,,,,,,,,,,,,,,,,,
31,,,7777,,,,,,,1.084377646446228,,,,,,,,,,,,,,,,,,,,,,,,,,,,,,,,,,,,
31,,,7778,,,,,,,1.0923311710357666,,,,,,,,,,,,,,,,,,,,,,,,,,,,,,,,,,,,
31,,,7779,,,,,,,1.0942832231521606,,,,,,,,,,,,,,,,,,,,,,,,,,,,,,,,,,,,
31,,,7780,,,,,,,1.1805315017700195,,,,,,,,,,,,,,,,,,,,,,,,,,,,,,,,,,,,
31,,,7781,,,,,,,1.086042881011963,,,,,,,,,,,,,,,,,,,,,,,,,,,,,,,,,,,,
31,,,7782,,,,,,,1.1531827449798584,,,,,,,,,,,,,,,,,,,,,,,,,,,,,,,,,,,,
31,,,7783,,,,,,,1.0989747047424316,,,,,,,,,,,,,,,,,,,,,,,,,,,,,,,,,,,,
31,,,7784,,,,,,,1.105771541595459,,,,,,,,,,,,,,,,,,,,,,,,,,,,,,,,,,,,
31,,,7785,,,,,,,1.115995168685913,,,,,,,,,,,,,,,,,,,,,,,,,,,,,,,,,,,,
31,,,7786,,,,,,,1.1103297472000122,,,,,,,,,,,,,,,,,,,,,,,,,,,,,,,,,,,,
31,,,7787,,,,,,,1.3267275094985962,,,,,,,,,,,,,,,,,,,,,,,,,,,,,,,,,,,,
31,,,7788,,,,,,,1.092495322227478,,,,,,,,,,,,,,,,,,,,,,,,,,,,,,,,,,,,
31,,,7789,,,,,,,1.0931696891784668,,,,,,,,,,,,,,,,,,,,,,,,,,,,,,,,,,,,
31,,,7790,,,,,,,1.0925607681274414,,,,,,,,,,,,,,,,,,,,,,,,,,,,,,,,,,,,
31,,,7791,,,,,,,1.107555866241455,,,,,,,,,,,,,,,,,,,,,,,,,,,,,,,,,,,,
31,,,7792,,,,,,,1.083089828491211,,,,,,,,,,,,,,,,,,,,,,,,,,,,,,,,,,,,
31,,,7793,,,,,,,1.0994250774383545,,,,,,,,,,,,,,,,,,,,,,,,,,,,,,,,,,,,
31,,,7794,,,,,,,1.1315726041793823,,,,,,,,,,,,,,,,,,,,,,,,,,,,,,,,,,,,
31,,,7795,,,,,,,1.0921263694763184,,,,,,,,,,,,,,,,,,,,,,,,,,,,,,,,,,,,
31,,,7796,,,,,,,1.116829514503479,,,,,,,,,,,,,,,,,,,,,,,,,,,,,,,,,,,,
31,,,7797,,,,,,,1.1926724910736084,,,,,,,,,,,,,,,,,,,,,,,,,,,,,,,,,,,,
31,,,7798,,,,,,,1.0828732252120972,,,,,,,,,,,,,,,,,,,,,,,,,,,,,,,,,,,,
31,,,7799,,,,,,,1.0899991989135742,,,,,,,,,,,,,,,,,,,,,,,,,,,,,,,,,,,,
31,,,7800,,,,,,,1.0876390933990479,,,,,,,,,,,,,,,,,,,,,,,,,,,,,,,,,,,,
31,,,7801,,,,,,,1.1570918560028076,,,,,,,,,,,,,,,,,,,,,,,,,,,,,,,,,,,,
31,,,7802,,,,,,,1.1237072944641113,,,,,,,,,,,,,,,,,,,,,,,,,,,,,,,,,,,,
31,,,7803,,,,,,,1.0820307731628418,,,,,,,,,,,,,,,,,,,,,,,,,,,,,,,,,,,,
31,,,7804,,,,,,,1.1041793823242188,,,,,,,,,,,,,,,,,,,,,,,,,,,,,,,,,,,,
31,,,7805,,,,,,,1.086411952972412,,,,,,,,,,,,,,,,,,,,,,,,,,,,,,,,,,,,
31,,,7806,,,,,,,1.086019515991211,,,,,,,,,,,,,,,,,,,,,,,,,,,,,,,,,,,,
31,,,7807,,,,,,,1.1053003072738647,,,,,,,,,,,,,,,,,,,,,,,,,,,,,,,,,,,,
31,,,7808,,,,,,,1.099124789237976,,,,,,,,,,,,,,,,,,,,,,,,,,,,,,,,,,,,
31,,,7809,,,,,,,1.091916561126709,,,,,,,,,,,,,,,,,,,,,,,,,,,,,,,,,,,,
31,,,7810,,,,,,,1.0942820310592651,,,,,,,,,,,,,,,,,,,,,,,,,,,,,,,,,,,,
31,,,7811,,,,,,,1.1379334926605225,,,,,,,,,,,,,,,,,,,,,,,,,,,,,,,,,,,,
31,,,7812,,,,,,,1.093430519104004,,,,,,,,,,,,,,,,,,,,,,,,,,,,,,,,,,,,
31,,,7813,,,,,,,1.088059902191162,,,,,,,,,,,,,,,,,,,,,,,,,,,,,,,,,,,,
31,,,7814,,,,,,,1.1143957376480103,,,,,,,,,,,,,,,,,,,,,,,,,,,,,,,,,,,,
31,,,7815,,,,,,,1.0963757038116455,,,,,,,,,,,,,,,,,,,,,,,,,,,,,,,,,,,,
31,,,7816,,,,,,,1.0862610340118408,,,,,,,,,,,,,,,,,,,,,,,,,,,,,,,,,,,,
31,,,7817,,,,,,,1.1124932765960693,,,,,,,,,,,,,,,,,,,,,,,,,,,,,,,,,,,,
31,,,7818,,,,,,,1.096464991569519,,,,,,,,,,,,,,,,,,,,,,,,,,,,,,,,,,,,
31,,,7819,,,,,,,1.0920557975769043,,,,,,,,,,,,,,,,,,,,,,,,,,,,,,,,,,,,
31,,,7820,,,,,,,1.1046271324157715,,,,,,,,,,,,,,,,,,,,,,,,,,,,,,,,,,,,
31,,,7821,,,,,,,1.1202073097229004,,,,,,,,,,,,,,,,,,,,,,,,,,,,,,,,,,,,
31,,,7822,,,,,,,1.0823866128921509,,,,,,,,,,,,,,,,,,,,,,,,,,,,,,,,,,,,
31,,,7823,,,,,,,1.0909725427627563,,,,,,,,,,,,,,,,,,,,,,,,,,,,,,,,,,,,
31,,,7824,,,,,,,1.0998523235321045,,,,,,,,,,,,,,,,,,,,,,,,,,,,,,,,,,,,
31,,,7825,,,,,,,1.0808937549591064,,,,,,,,,,,,,,,,,,,,,,,,,,,,,,,,,,,,
31,,,7826,,,,,,,1.108055591583252,,,,,,,,,,,,,,,,,,,,,,,,,,,,,,,,,,,,
31,,,7827,,,,,,,1.082861304283142,,,,,,,,,,,,,,,,,,,,,,,,,,,,,,,,,,,,
31,,,7828,,,,,,,1.090761661529541,,,,,,,,,,,,,,,,,,,,,,,,,,,,,,,,,,,,
31,,,7829,,,,,,,1.0928757190704346,,,,,,,,,,,,,,,,,,,,,,,,,,,,,,,,,,,,
31,,,7830,,,,,,,1.085991621017456,,,,,,,,,,,,,,,,,,,,,,,,,,,,,,,,,,,,
31,,,7831,,,,,,,1.0931116342544556,,,,,,,,,,,,,,,,,,,,,,,,,,,,,,,,,,,,
31,,,7832,,,,,,,1.0809881687164307,,,,,,,,,,,,,,,,,,,,,,,,,,,,,,,,,,,,
31,,,7833,,,,,,,1.0929968357086182,,,,,,,,,,,,,,,,,,,,,,,,,,,,,,,,,,,,
31,,,7834,,,,,,,1.0929304361343384,,,,,,,,,,,,,,,,,,,,,,,,,,,,,,,,,,,,
31,,,7835,,,,,,,1.1537810564041138,,,,,,,,,,,,,,,,,,,,,,,,,,,,,,,,,,,,
31,,,7836,,,,,,,1.1051855087280273,,,,,,,,,,,,,,,,,,,,,,,,,,,,,,,,,,,,
31,,,7837,,,,,,,1.092860460281372,,,,,,,,,,,,,,,,,,,,,,,,,,,,,,,,,,,,
31,,,7838,,,,,,,1.0992791652679443,,,,,,,,,,,,,,,,,,,,,,,,,,,,,,,,,,,,
31,,,7839,,,,,,,1.0806260108947754,,,,,,,,,,,,,,,,,,,,,,,,,,,,,,,,,,,,
31,,,7840,,,,,,,1.2214866876602173,,,,,,,,,,,,,,,,,,,,,,,,,,,,,,,,,,,,
31,,,7841,,,,,,,1.0910767316818237,,,,,,,,,,,,,,,,,,,,,,,,,,,,,,,,,,,,
31,,,7842,,,,,,,1.1295866966247559,,,,,,,,,,,,,,,,,,,,,,,,,,,,,,,,,,,,
31,,,7843,,,,,,,1.1113872528076172,,,,,,,,,,,,,,,,,,,,,,,,,,,,,,,,,,,,
31,,,7844,,,,,,,1.0863776206970215,,,,,,,,,,,,,,,,,,,,,,,,,,,,,,,,,,,,
31,,,7845,,,,,,,1.0829187631607056,,,,,,,,,,,,,,,,,,,,,,,,,,,,,,,,,,,,
31,,,7846,,,,,,,1.2303829193115234,,,,,,,,,,,,,,,,,,,,,,,,,,,,,,,,,,,,
31,,,7847,,,,,,,1.0934292078018188,,,,,,,,,,,,,,,,,,,,,,,,,,,,,,,,,,,,
31,,,7848,,,,,,,1.0934678316116333,,,,,,,,,,,,,,,,,,,,,,,,,,,,,,,,,,,,
31,,,7849,,,,,,,1.08057701587677,,,,,,,,,,,,,,,,,,,,,,,,,,,,,,,,,,,,
31,,,7850,,,,,,,1.09502375125885,,,,,,,,,,,,,,,,,,,,,,,,,,,,,,,,,,,,
31,,,7851,,,,,,,1.094631552696228,,,,,,,,,,,,,,,,,,,,,,,,,,,,,,,,,,,,
31,,,7852,,,,,,,1.115954875946045,,,,,,,,,,,,,,,,,,,,,,,,,,,,,,,,,,,,
31,,,7853,,,,,,,1.0973138809204102,,,,,,,,,,,,,,,,,,,,,,,,,,,,,,,,,,,,
31,,,7854,,,,,,,1.102689504623413,,,,,,,,,,,,,,,,,,,,,,,,,,,,,,,,,,,,
31,,,7855,,,,,,,1.08934485912323,,,,,,,,,,,,,,,,,,,,,,,,,,,,,,,,,,,,
31,,,7856,,,,,,,1.0940932035446167,,,,,,,,,,,,,,,,,,,,,,,,,,,,,,,,,,,,
31,,,7857,,,,,,,1.1184664964675903,,,,,,,,,,,,,,,,,,,,,,,,,,,,,,,,,,,,
31,,,7858,,,,,,,1.0834264755249023,,,,,,,,,,,,,,,,,,,,,,,,,,,,,,,,,,,,
31,,,7859,,,,,,,1.094135046005249,,,,,,,,,,,,,,,,,,,,,,,,,,,,,,,,,,,,
31,,,7860,,,,,,,1.103471040725708,,,,,,,,,,,,,,,,,,,,,,,,,,,,,,,,,,,,
31,,,7861,,,,,,,1.0869344472885132,,,,,,,,,,,,,,,,,,,,,,,,,,,,,,,,,,,,
31,,,7862,,,,,,,1.0931336879730225,,,,,,,,,,,,,,,,,,,,,,,,,,,,,,,,,,,,
31,,,7863,,,,,,,1.1071550846099854,,,,,,,,,,,,,,,,,,,,,,,,,,,,,,,,,,,,
31,,,7864,,,,,,,1.121660828590393,,,,,,,,,,,,,,,,,,,,,,,,,,,,,,,,,,,,
31,,,7865,,,,,,,1.1463149785995483,,,,,,,,,,,,,,,,,,,,,,,,,,,,,,,,,,,,
31,,,7866,,,,,,,1.1636488437652588,,,,,,,,,,,,,,,,,,,,,,,,,,,,,,,,,,,,
31,,,7867,,,,,,,1.0886017084121704,,,,,,,,,,,,,,,,,,,,,,,,,,,,,,,,,,,,
31,,,7868,,,,,,,1.0946063995361328,,,,,,,,,,,,,,,,,,,,,,,,,,,,,,,,,,,,
31,,,7869,,,,,,,1.0814447402954102,,,,,,,,,,,,,,,,,,,,,,,,,,,,,,,,,,,,
31,,,7870,,,,,,,1.0910489559173584,,,,,,,,,,,,,,,,,,,,,,,,,,,,,,,,,,,,
31,,,7871,,,,,,,1.0916789770126343,,,,,,,,,,,,,,,,,,,,,,,,,,,,,,,,,,,,
31,,,7872,,,,,,,1.2857612371444702,,,,,,,,,,,,,,,,,,,,,,,,,,,,,,,,,,,,
31,,,7873,,,,,,,1.0974804162979126,,,,,,,,,,,,,,,,,,,,,,,,,,,,,,,,,,,,
31,,,7874,,,,,,,1.0991829633712769,,,,,,,,,,,,,,,,,,,,,,,,,,,,,,,,,,,,
31,,,7875,,,,,,,1.0808382034301758,,,,,,,,,,,,,,,,,,,,,,,,,,,,,,,,,,,,
31,,,7876,,,,,,,1.1277430057525635,,,,,,,,,,,,,,,,,,,,,,,,,,,,,,,,,,,,
31,,,7877,,,,,,,1.0902026891708374,,,,,,,,,,,,,,,,,,,,,,,,,,,,,,,,,,,,
31,,,7878,,,,,,,1.0896857976913452,,,,,,,,,,,,,,,,,,,,,,,,,,,,,,,,,,,,
31,,,7879,,,,,,,1.2943180799484253,,,,,,,,,,,,,,,,,,,,,,,,,,,,,,,,,,,,
31,,,7880,,,,,,,1.0851938724517822,,,,,,,,,,,,,,,,,,,,,,,,,,,,,,,,,,,,
31,,,7881,,,,,,,1.0895540714263916,,,,,,,,,,,,,,,,,,,,,,,,,,,,,,,,,,,,
31,,,7882,,,,,,,1.082033634185791,,,,,,,,,,,,,,,,,,,,,,,,,,,,,,,,,,,,
31,,,7883,,,,,,,1.0910680294036865,,,,,,,,,,,,,,,,,,,,,,,,,,,,,,,,,,,,
31,,,7884,,,,,,,1.0937588214874268,,,,,,,,,,,,,,,,,,,,,,,,,,,,,,,,,,,,
31,,,7885,,,,,,,1.0969330072402954,,,,,,,,,,,,,,,,,,,,,,,,,,,,,,,,,,,,
31,,,7886,,,,,,,1.1290102005004883,,,,,,,,,,,,,,,,,,,,,,,,,,,,,,,,,,,,
31,,,7887,,,,,,,1.0919253826141357,,,,,,,,,,,,,,,,,,,,,,,,,,,,,,,,,,,,
31,,,7888,,,,,,,1.1402029991149902,,,,,,,,,,,,,,,,,,,,,,,,,,,,,,,,,,,,
31,,,7889,,,,,,,1.0885614156723022,,,,,,,,,,,,,,,,,,,,,,,,,,,,,,,,,,,,
31,,,7890,,,,,,,1.106620192527771,,,,,,,,,,,,,,,,,,,,,,,,,,,,,,,,,,,,
31,,,7891,,,,,,,1.0868370532989502,,,,,,,,,,,,,,,,,,,,,,,,,,,,,,,,,,,,
31,,,7892,,,,,,,1.0996874570846558,,,,,,,,,,,,,,,,,,,,,,,,,,,,,,,,,,,,
31,,,7893,,,,,,,1.1129125356674194,,,,,,,,,,,,,,,,,,,,,,,,,,,,,,,,,,,,
31,,,7894,,,,,,,1.1218533515930176,,,,,,,,,,,,,,,,,,,,,,,,,,,,,,,,,,,,
31,,,7895,,,,,,,1.1125805377960205,,,,,,,,,,,,,,,,,,,,,,,,,,,,,,,,,,,,
31,,,7896,,,,,,,1.0891271829605103,,,,,,,,,,,,,,,,,,,,,,,,,,,,,,,,,,,,
31,,,7897,,,,,,,1.088402509689331,,,,,,,,,,,,,,,,,,,,,,,,,,,,,,,,,,,,
31,,,7898,,,,,,,1.13645601272583,,,,,,,,,,,,,,,,,,,,,,,,,,,,,,,,,,,,
31,,,7899,,,,,,,1.086841106414795,,,,,,,,,,,,,,,,,,,,,,,,,,,,,,,,,,,,
31,,,7900,,,,,,,1.0860278606414795,,,,,,,,,,,,,,,,,,,,,,,,,,,,,,,,,,,,
31,,,7901,,,,,,,1.095740556716919,,,,,,,,,,,,,,,,,,,,,,,,,,,,,,,,,,,,
31,,,7902,,,,,,,1.173716425895691,,,,,,,,,,,,,,,,,,,,,,,,,,,,,,,,,,,,
31,,,7903,,,,,,,1.087539792060852,,,,,,,,,,,,,,,,,,,,,,,,,,,,,,,,,,,,
31,,,7904,,,,,,,1.0803343057632446,,,,,,,,,,,,,,,,,,,,,,,,,,,,,,,,,,,,
31,,,7905,,,,,,,1.0811834335327148,,,,,,,,,,,,,,,,,,,,,,,,,,,,,,,,,,,,
31,,,7906,,,,,,,1.095428705215454,,,,,,,,,,,,,,,,,,,,,,,,,,,,,,,,,,,,
31,,,7907,,,,,,,1.1100287437438965,,,,,,,,,,,,,,,,,,,,,,,,,,,,,,,,,,,,
31,,,7908,,,,,,,1.0873563289642334,,,,,,,,,,,,,,,,,,,,,,,,,,,,,,,,,,,,
31,,,7909,,,,,,,1.1833996772766113,,,,,,,,,,,,,,,,,,,,,,,,,,,,,,,,,,,,
31,,,7910,,,,,,,1.112592101097107,,,,,,,,,,,,,,,,,,,,,,,,,,,,,,,,,,,,
31,,,7911,,,,,,,1.0852857828140259,,,,,,,,,,,,,,,,,,,,,,,,,,,,,,,,,,,,
31,,,7912,,,,,,,1.0809751749038696,,,,,,,,,,,,,,,,,,,,,,,,,,,,,,,,,,,,
31,,,7913,,,,,,,1.090185523033142,,,,,,,,,,,,,,,,,,,,,,,,,,,,,,,,,,,,
31,,,7914,,,,,,,1.115187168121338,,,,,,,,,,,,,,,,,,,,,,,,,,,,,,,,,,,,
31,,,7915,,,,,,,1.1243607997894287,,,,,,,,,,,,,,,,,,,,,,,,,,,,,,,,,,,,
31,,,7916,,,,,,,1.0938307046890259,,,,,,,,,,,,,,,,,,,,,,,,,,,,,,,,,,,,
31,,,7917,,,,,,,1.0923495292663574,,,,,,,,,,,,,,,,,,,,,,,,,,,,,,,,,,,,
31,,,7918,,,,,,,1.1282997131347656,,,,,,,,,,,,,,,,,,,,,,,,,,,,,,,,,,,,
31,,,7919,,,,,,,1.102609395980835,,,,,,,,,,,,,,,,,,,,,,,,,,,,,,,,,,,,
31,,,7920,,,,,,,1.0885756015777588,,,,,,,,,,,,,,,,,,,,,,,,,,,,,,,,,,,,
31,,,7921,,,,,,,1.1361923217773438,,,,,,,,,,,,,,,,,,,,,,,,,,,,,,,,,,,,
31,,,7922,,,,,,,1.0893117189407349,,,,,,,,,,,,,,,,,,,,,,,,,,,,,,,,,,,,
31,,,7923,,,,,,,1.0918874740600586,,,,,,,,,,,,,,,,,,,,,,,,,,,,,,,,,,,,
31,,,7924,,,,,,,1.1078577041625977,,,,,,,,,,,,,,,,,,,,,,,,,,,,,,,,,,,,
31,,,7925,,,,,,,1.1242793798446655,,,,,,,,,,,,,,,,,,,,,,,,,,,,,,,,,,,,
31,,,7926,,,,,,,1.1848679780960083,,,,,,,,,,,,,,,,,,,,,,,,,,,,,,,,,,,,
31,,,7927,,,,,,,1.0986074209213257,,,,,,,,,,,,,,,,,,,,,,,,,,,,,,,,,,,,
31,,,7928,,,,,,,1.0916638374328613,,,,,,,,,,,,,,,,,,,,,,,,,,,,,,,,,,,,
31,,,7929,,,,,,,1.0940654277801514,,,,,,,,,,,,,,,,,,,,,,,,,,,,,,,,,,,,
31,,,7930,,,,,,,1.0886834859848022,,,,,,,,,,,,,,,,,,,,,,,,,,,,,,,,,,,,
31,,,7931,,,,,,,1.0809435844421387,,,,,,,,,,,,,,,,,,,,,,,,,,,,,,,,,,,,
31,,,7932,,,,,,,1.1099247932434082,,,,,,,,,,,,,,,,,,,,,,,,,,,,,,,,,,,,
31,,,7933,,,,,,,1.088207721710205,,,,,,,,,,,,,,,,,,,,,,,,,,,,,,,,,,,,
31,,,7934,,,,,,,1.1630468368530273,,,,,,,,,,,,,,,,,,,,,,,,,,,,,,,,,,,,
31,,,7935,,,,,,,1.1048617362976074,,,,,,,,,,,,,,,,,,,,,,,,,,,,,,,,,,,,
31,,,7936,,,,,,,1.0877257585525513,,,,,,,,,,,,,,,,,,,,,,,,,,,,,,,,,,,,
31,,,7937,,,,,,,1.0991294384002686,,,,,,,,,,,,,,,,,,,,,,,,,,,,,,,,,,,,
31,,,7938,,,,,,,1.1083937883377075,,,,,,,,,,,,,,,,,,,,,,,,,,,,,,,,,,,,
31,,,7939,,,,,,,1.0858209133148193,,,,,,,,,,,,,,,,,,,,,,,,,,,,,,,,,,,,
31,,,7940,,,,,,,1.1064174175262451,,,,,,,,,,,,,,,,,,,,,,,,,,,,,,,,,,,,
31,,,7941,,,,,,,1.0822325944900513,,,,,,,,,,,,,,,,,,,,,,,,,,,,,,,,,,,,
31,,,7942,,,,,,,1.0932655334472656,,,,,,,,,,,,,,,,,,,,,,,,,,,,,,,,,,,,
31,,,7943,,,,,,,1.0940568447113037,,,,,,,,,,,,,,,,,,,,,,,,,,,,,,,,,,,,
31,,,7944,,,,,,,1.1030791997909546,,,,,,,,,,,,,,,,,,,,,,,,,,,,,,,,,,,,
31,,,7945,,,,,,,1.0967557430267334,,,,,,,,,,,,,,,,,,,,,,,,,,,,,,,,,,,,
31,,,7946,,,,,,,1.080480694770813,,,,,,,,,,,,,,,,,,,,,,,,,,,,,,,,,,,,
31,,,7947,,,,,,,1.102785348892212,,,,,,,,,,,,,,,,,,,,,,,,,,,,,,,,,,,,
31,,,7948,,,,,,,1.1002373695373535,,,,,,,,,,,,,,,,,,,,,,,,,,,,,,,,,,,,
31,,,7949,,,,,,,1.0911504030227661,,,,,,,,,,,,,,,,,,,,,,,,,,,,,,,,,,,,
31,,,7950,,,,,,,1.108852744102478,,,,,,,,,,,,,,,,,,,,,,,,,,,,,,,,,,,,
31,,,7951,,,,,,,1.087311029434204,,,,,,,,,,,,,,,,,,,,,,,,,,,,,,,,,,,,
31,,,7952,,,,,,,1.09480619430542,,,,,,,,,,,,,,,,,,,,,,,,,,,,,,,,,,,,
31,,,7953,,,,,,,1.09321928024292,,,,,,,,,,,,,,,,,,,,,,,,,,,,,,,,,,,,
31,,,7954,,,,,,,1.095690131187439,,,,,,,,,,,,,,,,,,,,,,,,,,,,,,,,,,,,
31,,,7955,,,,,,,1.1005476713180542,,,,,,,,,,,,,,,,,,,,,,,,,,,,,,,,,,,,
31,,,7956,,,,,,,1.091308355331421,,,,,,,,,,,,,,,,,,,,,,,,,,,,,,,,,,,,
31,,,7957,,,,,,,1.1233512163162231,,,,,,,,,,,,,,,,,,,,,,,,,,,,,,,,,,,,
31,,,7958,,,,,,,1.0919071435928345,,,,,,,,,,,,,,,,,,,,,,,,,,,,,,,,,,,,
31,,,7959,,,,,,,1.1200915575027466,,,,,,,,,,,,,,,,,,,,,,,,,,,,,,,,,,,,
31,,,7960,,,,,,,1.0882145166397095,,,,,,,,,,,,,,,,,,,,,,,,,,,,,,,,,,,,
31,,,7961,,,,,,,1.0853452682495117,,,,,,,,,,,,,,,,,,,,,,,,,,,,,,,,,,,,
31,,,7962,,,,,,,1.1176832914352417,,,,,,,,,,,,,,,,,,,,,,,,,,,,,,,,,,,,
31,,,7963,,,,,,,1.092123031616211,,,,,,,,,,,,,,,,,,,,,,,,,,,,,,,,,,,,
31,,,7964,,,,,,,1.0899319648742676,,,,,,,,,,,,,,,,,,,,,,,,,,,,,,,,,,,,
31,,,7965,,,,,,,1.1120049953460693,,,,,,,,,,,,,,,,,,,,,,,,,,,,,,,,,,,,
31,,,7966,,,,,,,1.107904314994812,,,,,,,,,,,,,,,,,,,,,,,,,,,,,,,,,,,,
31,,,7967,,,,,,,1.088150143623352,,,,,,,,,,,,,,,,,,,,,,,,,,,,,,,,,,,,
31,,,7968,,,,,,,1.1088826656341553,,,,,,,,,,,,,,,,,,,,,,,,,,,,,,,,,,,,
31,,,7969,,,,,,,1.1148581504821777,,,,,,,,,,,,,,,,,,,,,,,,,,,,,,,,,,,,
31,,,7970,,,,,,,1.10065495967865,,,,,,,,,,,,,,,,,,,,,,,,,,,,,,,,,,,,
31,,,7971,,,,,,,1.0987122058868408,,,,,,,,,,,,,,,,,,,,,,,,,,,,,,,,,,,,
31,,,7972,,,,,,,1.0871469974517822,,,,,,,,,,,,,,,,,,,,,,,,,,,,,,,,,,,,
31,,,7973,,,,,,,1.0958163738250732,,,,,,,,,,,,,,,,,,,,,,,,,,,,,,,,,,,,
31,,,7974,,,,,,,1.0847127437591553,,,,,,,,,,,,,,,,,,,,,,,,,,,,,,,,,,,,
31,,,7975,,,,,,,1.0968199968338013,,,,,,,,,,,,,,,,,,,,,,,,,,,,,,,,,,,,
31,,,7976,,,,,,,1.1490650177001953,,,,,,,,,,,,,,,,,,,,,,,,,,,,,,,,,,,,
31,,,7977,,,,,,,1.088059663772583,,,,,,,,,,,,,,,,,,,,,,,,,,,,,,,,,,,,
31,,,7978,,,,,,,1.0962767601013184,,,,,,,,,,,,,,,,,,,,,,,,,,,,,,,,,,,,
31,,,7979,,,,,,,1.100167989730835,,,,,,,,,,,,,,,,,,,,,,,,,,,,,,,,,,,,
31,,,7980,,,,,,,1.0925806760787964,,,,,,,,,,,,,,,,,,,,,,,,,,,,,,,,,,,,
31,,,7981,,,,,,,1.108694076538086,,,,,,,,,,,,,,,,,,,,,,,,,,,,,,,,,,,,
31,,,7982,,,,,,,1.0874189138412476,,,,,,,,,,,,,,,,,,,,,,,,,,,,,,,,,,,,
31,,,7983,,,,,,,1.088484764099121,,,,,,,,,,,,,,,,,,,,,,,,,,,,,,,,,,,,
31,,,7984,,,,,,,1.1065247058868408,,,,,,,,,,,,,,,,,,,,,,,,,,,,,,,,,,,,
31,,,7985,,,,,,,1.0970337390899658,,,,,,,,,,,,,,,,,,,,,,,,,,,,,,,,,,,,
31,,,7986,,,,,,,1.085378885269165,,,,,,,,,,,,,,,,,,,,,,,,,,,,,,,,,,,,
31,,,7987,,,,,,,1.1786551475524902,,,,,,,,,,,,,,,,,,,,,,,,,,,,,,,,,,,,
31,,,7988,,,,,,,1.1090484857559204,,,,,,,,,,,,,,,,,,,,,,,,,,,,,,,,,,,,
31,,,7989,,,,,,,1.0891131162643433,,,,,,,,,,,,,,,,,,,,,,,,,,,,,,,,,,,,
31,,,7990,,,,,,,1.1010276079177856,,,,,,,,,,,,,,,,,,,,,,,,,,,,,,,,,,,,
31,,,7991,,,,,,,1.0925872325897217,,,,,,,,,,,,,,,,,,,,,,,,,,,,,,,,,,,,
31,,,7992,,,,,,,1.103661060333252,,,,,,,,,,,,,,,,,,,,,,,,,,,,,,,,,,,,
31,,,7993,,,,,,,1.0976033210754395,,,,,,,,,,,,,,,,,,,,,,,,,,,,,,,,,,,,
31,,,7994,,,,,,,1.1512975692749023,,,,,,,,,,,,,,,,,,,,,,,,,,,,,,,,,,,,
31,,,7995,,,,,,,1.0886259078979492,,,,,,,,,,,,,,,,,,,,,,,,,,,,,,,,,,,,
31,,,7996,,,,,,,1.123810887336731,,,,,,,,,,,,,,,,,,,,,,,,,,,,,,,,,,,,
31,,,7997,,,,,,,1.102236270904541,,,,,,,,,,,,,,,,,,,,,,,,,,,,,,,,,,,,
31,,,7998,,,,,,,1.0963362455368042,,,,,,,,,,,,,,,,,,,,,,,,,,,,,,,,,,,,
31,,,7999,,,,,,,1.0898921489715576,,,,,,,,,,,,,,,,,,,,,,,,,,,,,,,,,,,,
31,,,7999,,,,,,,,,,0.19962330162525177,0.004511530511081219,0.6748046875,1.349609375,53.0732421875,0.6748046875,271790.65625,0.8376246094703674,0.8376246094703674,1.0,0.29691314697265625,53.0732421875,0.6748046875,0.9320096969604492,0.047482721507549286,22118.0,0.0018419503467157483,0.0027296049520373344,0.4113510847091675,0.6095854043960571,0.005434873513877392,1475.0,0.017040520906448364,0.02525252290070057,0.26771798729896545,0.3967340290546417,0.013885397464036942,7373.0,0.004750621039420366,0.00703999400138855,0.33899152278900146,0.5023549795150757,0.016379600390791893,0.00035992596531286836
31,,20.0,7999,265162.5625,0.8513878583908081,0.8530425429344177,1.1084578037261963,0.8530425429344177,1.0,,0.3015078008174896,0.9254999756813049,,,,,,,,,,,,,,,,,,,,,,,,,,,,,,,,,,
,2.8647450843757884e-05,,8000,,,,,,,,,,,,,,,,,,,,,,,,,,,,,,,,,,,,,,,,,,,
32,,,8000,,,,,,,1.0924423933029175,,,,,,,,,,,,,,,,,,,,,,,,,,,,,,,,,,,,
32,,,8001,,,,,,,1.0906565189361572,,,,,,,,,,,,,,,,,,,,,,,,,,,,,,,,,,,,
32,,,8002,,,,,,,1.0841056108474731,,,,,,,,,,,,,,,,,,,,,,,,,,,,,,,,,,,,
32,,,8003,,,,,,,1.101617693901062,,,,,,,,,,,,,,,,,,,,,,,,,,,,,,,,,,,,
32,,,8004,,,,,,,1.0851765871047974,,,,,,,,,,,,,,,,,,,,,,,,,,,,,,,,,,,,
32,,,8005,,,,,,,1.1190423965454102,,,,,,,,,,,,,,,,,,,,,,,,,,,,,,,,,,,,
32,,,8006,,,,,,,1.105087161064148,,,,,,,,,,,,,,,,,,,,,,,,,,,,,,,,,,,,
32,,,8007,,,,,,,1.0971522331237793,,,,,,,,,,,,,,,,,,,,,,,,,,,,,,,,,,,,
32,,,8008,,,,,,,1.0849366188049316,,,,,,,,,,,,,,,,,,,,,,,,,,,,,,,,,,,,
32,,,8009,,,,,,,1.230446696281433,,,,,,,,,,,,,,,,,,,,,,,,,,,,,,,,,,,,
32,,,8010,,,,,,,1.0919151306152344,,,,,,,,,,,,,,,,,,,,,,,,,,,,,,,,,,,,
32,,,8011,,,,,,,1.0843069553375244,,,,,,,,,,,,,,,,,,,,,,,,,,,,,,,,,,,,
32,,,8012,,,,,,,1.2232859134674072,,,,,,,,,,,,,,,,,,,,,,,,,,,,,,,,,,,,
32,,,8013,,,,,,,1.0856084823608398,,,,,,,,,,,,,,,,,,,,,,,,,,,,,,,,,,,,
32,,,8014,,,,,,,1.1591676473617554,,,,,,,,,,,,,,,,,,,,,,,,,,,,,,,,,,,,
32,,,8015,,,,,,,1.0810563564300537,,,,,,,,,,,,,,,,,,,,,,,,,,,,,,,,,,,,
32,,,8016,,,,,,,1.0961642265319824,,,,,,,,,,,,,,,,,,,,,,,,,,,,,,,,,,,,
32,,,8017,,,,,,,1.1065642833709717,,,,,,,,,,,,,,,,,,,,,,,,,,,,,,,,,,,,
32,,,8018,,,,,,,1.0965964794158936,,,,,,,,,,,,,,,,,,,,,,,,,,,,,,,,,,,,
32,,,8019,,,,,,,1.0897263288497925,,,,,,,,,,,,,,,,,,,,,,,,,,,,,,,,,,,,
32,,,8020,,,,,,,1.1158195734024048,,,,,,,,,,,,,,,,,,,,,,,,,,,,,,,,,,,,
32,,,8021,,,,,,,1.0974481105804443,,,,,,,,,,,,,,,,,,,,,,,,,,,,,,,,,,,,
32,,,8022,,,,,,,1.0958752632141113,,,,,,,,,,,,,,,,,,,,,,,,,,,,,,,,,,,,
32,,,8023,,,,,,,1.0940296649932861,,,,,,,,,,,,,,,,,,,,,,,,,,,,,,,,,,,,
32,,,8024,,,,,,,1.167428970336914,,,,,,,,,,,,,,,,,,,,,,,,,,,,,,,,,,,,
32,,,8025,,,,,,,1.0903840065002441,,,,,,,,,,,,,,,,,,,,,,,,,,,,,,,,,,,,
32,,,8026,,,,,,,1.088350534439087,,,,,,,,,,,,,,,,,,,,,,,,,,,,,,,,,,,,
32,,,8027,,,,,,,1.0808173418045044,,,,,,,,,,,,,,,,,,,,,,,,,,,,,,,,,,,,
32,,,8028,,,,,,,1.0958185195922852,,,,,,,,,,,,,,,,,,,,,,,,,,,,,,,,,,,,
32,,,8029,,,,,,,1.13448965549469,,,,,,,,,,,,,,,,,,,,,,,,,,,,,,,,,,,,
32,,,8030,,,,,,,1.0959434509277344,,,,,,,,,,,,,,,,,,,,,,,,,,,,,,,,,,,,
32,,,8031,,,,,,,1.0986089706420898,,,,,,,,,,,,,,,,,,,,,,,,,,,,,,,,,,,,
32,,,8032,,,,,,,1.1001269817352295,,,,,,,,,,,,,,,,,,,,,,,,,,,,,,,,,,,,
32,,,8033,,,,,,,1.1611169576644897,,,,,,,,,,,,,,,,,,,,,,,,,,,,,,,,,,,,
32,,,8034,,,,,,,1.1259238719940186,,,,,,,,,,,,,,,,,,,,,,,,,,,,,,,,,,,,
32,,,8035,,,,,,,1.100953221321106,,,,,,,,,,,,,,,,,,,,,,,,,,,,,,,,,,,,
32,,,8036,,,,,,,1.1112910509109497,,,,,,,,,,,,,,,,,,,,,,,,,,,,,,,,,,,,
32,,,8037,,,,,,,1.0942951440811157,,,,,,,,,,,,,,,,,,,,,,,,,,,,,,,,,,,,
32,,,8038,,,,,,,1.143028736114502,,,,,,,,,,,,,,,,,,,,,,,,,,,,,,,,,,,,
32,,,8039,,,,,,,1.1503069400787354,,,,,,,,,,,,,,,,,,,,,,,,,,,,,,,,,,,,
32,,,8040,,,,,,,1.0916001796722412,,,,,,,,,,,,,,,,,,,,,,,,,,,,,,,,,,,,
32,,,8041,,,,,,,1.102918028831482,,,,,,,,,,,,,,,,,,,,,,,,,,,,,,,,,,,,
32,,,8042,,,,,,,1.173515796661377,,,,,,,,,,,,,,,,,,,,,,,,,,,,,,,,,,,,
32,,,8043,,,,,,,1.08216392993927,,,,,,,,,,,,,,,,,,,,,,,,,,,,,,,,,,,,
32,,,8044,,,,,,,1.1104763746261597,,,,,,,,,,,,,,,,,,,,,,,,,,,,,,,,,,,,
32,,,8045,,,,,,,1.0947662591934204,,,,,,,,,,,,,,,,,,,,,,,,,,,,,,,,,,,,
32,,,8046,,,,,,,1.0949171781539917,,,,,,,,,,,,,,,,,,,,,,,,,,,,,,,,,,,,
32,,,8047,,,,,,,1.139535665512085,,,,,,,,,,,,,,,,,,,,,,,,,,,,,,,,,,,,
32,,,8048,,,,,,,1.1137242317199707,,,,,,,,,,,,,,,,,,,,,,,,,,,,,,,,,,,,
32,,,8049,,,,,,,1.0831592082977295,,,,,,,,,,,,,,,,,,,,,,,,,,,,,,,,,,,,
32,,,8050,,,,,,,1.1082078218460083,,,,,,,,,,,,,,,,,,,,,,,,,,,,,,,,,,,,
32,,,8051,,,,,,,1.0870360136032104,,,,,,,,,,,,,,,,,,,,,,,,,,,,,,,,,,,,
32,,,8052,,,,,,,1.1039022207260132,,,,,,,,,,,,,,,,,,,,,,,,,,,,,,,,,,,,
32,,,8053,,,,,,,1.0969688892364502,,,,,,,,,,,,,,,,,,,,,,,,,,,,,,,,,,,,
32,,,8054,,,,,,,1.0950653553009033,,,,,,,,,,,,,,,,,,,,,,,,,,,,,,,,,,,,
32,,,8055,,,,,,,1.1056931018829346,,,,,,,,,,,,,,,,,,,,,,,,,,,,,,,,,,,,
32,,,8056,,,,,,,1.1175601482391357,,,,,,,,,,,,,,,,,,,,,,,,,,,,,,,,,,,,
32,,,8057,,,,,,,1.0811923742294312,,,,,,,,,,,,,,,,,,,,,,,,,,,,,,,,,,,,
32,,,8058,,,,,,,1.171271800994873,,,,,,,,,,,,,,,,,,,,,,,,,,,,,,,,,,,,
32,,,8059,,,,,,,1.15285062789917,,,,,,,,,,,,,,,,,,,,,,,,,,,,,,,,,,,,
32,,,8060,,,,,,,1.0881011486053467,,,,,,,,,,,,,,,,,,,,,,,,,,,,,,,,,,,,
32,,,8061,,,,,,,1.1456259489059448,,,,,,,,,,,,,,,,,,,,,,,,,,,,,,,,,,,,
32,,,8062,,,,,,,1.0865273475646973,,,,,,,,,,,,,,,,,,,,,,,,,,,,,,,,,,,,
32,,,8063,,,,,,,1.088942289352417,,,,,,,,,,,,,,,,,,,,,,,,,,,,,,,,,,,,
32,,,8064,,,,,,,1.1079906225204468,,,,,,,,,,,,,,,,,,,,,,,,,,,,,,,,,,,,
32,,,8065,,,,,,,1.0876221656799316,,,,,,,,,,,,,,,,,,,,,,,,,,,,,,,,,,,,
32,,,8066,,,,,,,1.0876097679138184,,,,,,,,,,,,,,,,,,,,,,,,,,,,,,,,,,,,
32,,,8067,,,,,,,1.0994579792022705,,,,,,,,,,,,,,,,,,,,,,,,,,,,,,,,,,,,
32,,,8068,,,,,,,1.1459605693817139,,,,,,,,,,,,,,,,,,,,,,,,,,,,,,,,,,,,
32,,,8069,,,,,,,1.0878410339355469,,,,,,,,,,,,,,,,,,,,,,,,,,,,,,,,,,,,
32,,,8070,,,,,,,1.0836520195007324,,,,,,,,,,,,,,,,,,,,,,,,,,,,,,,,,,,,
32,,,8071,,,,,,,1.084614634513855,,,,,,,,,,,,,,,,,,,,,,,,,,,,,,,,,,,,
32,,,8072,,,,,,,1.112182378768921,,,,,,,,,,,,,,,,,,,,,,,,,,,,,,,,,,,,
32,,,8073,,,,,,,1.0959192514419556,,,,,,,,,,,,,,,,,,,,,,,,,,,,,,,,,,,,
32,,,8074,,,,,,,1.1307108402252197,,,,,,,,,,,,,,,,,,,,,,,,,,,,,,,,,,,,
32,,,8075,,,,,,,1.0897738933563232,,,,,,,,,,,,,,,,,,,,,,,,,,,,,,,,,,,,
32,,,8076,,,,,,,1.091334581375122,,,,,,,,,,,,,,,,,,,,,,,,,,,,,,,,,,,,
32,,,8077,,,,,,,1.1389670372009277,,,,,,,,,,,,,,,,,,,,,,,,,,,,,,,,,,,,
32,,,8078,,,,,,,1.0967822074890137,,,,,,,,,,,,,,,,,,,,,,,,,,,,,,,,,,,,
32,,,8079,,,,,,,1.3380833864212036,,,,,,,,,,,,,,,,,,,,,,,,,,,,,,,,,,,,
32,,,8080,,,,,,,1.080742597579956,,,,,,,,,,,,,,,,,,,,,,,,,,,,,,,,,,,,
32,,,8081,,,,,,,1.114080786705017,,,,,,,,,,,,,,,,,,,,,,,,,,,,,,,,,,,,
32,,,8082,,,,,,,1.1017160415649414,,,,,,,,,,,,,,,,,,,,,,,,,,,,,,,,,,,,
32,,,8083,,,,,,,1.0943951606750488,,,,,,,,,,,,,,,,,,,,,,,,,,,,,,,,,,,,
32,,,8084,,,,,,,1.1107779741287231,,,,,,,,,,,,,,,,,,,,,,,,,,,,,,,,,,,,
32,,,8085,,,,,,,1.134977102279663,,,,,,,,,,,,,,,,,,,,,,,,,,,,,,,,,,,,
32,,,8086,,,,,,,1.1320393085479736,,,,,,,,,,,,,,,,,,,,,,,,,,,,,,,,,,,,
32,,,8087,,,,,,,1.0981782674789429,,,,,,,,,,,,,,,,,,,,,,,,,,,,,,,,,,,,
32,,,8088,,,,,,,1.1464775800704956,,,,,,,,,,,,,,,,,,,,,,,,,,,,,,,,,,,,
32,,,8089,,,,,,,1.1495308876037598,,,,,,,,,,,,,,,,,,,,,,,,,,,,,,,,,,,,
32,,,8090,,,,,,,1.0805485248565674,,,,,,,,,,,,,,,,,,,,,,,,,,,,,,,,,,,,
32,,,8091,,,,,,,1.0908457040786743,,,,,,,,,,,,,,,,,,,,,,,,,,,,,,,,,,,,
32,,,8092,,,,,,,1.168529748916626,,,,,,,,,,,,,,,,,,,,,,,,,,,,,,,,,,,,
32,,,8093,,,,,,,1.0972561836242676,,,,,,,,,,,,,,,,,,,,,,,,,,,,,,,,,,,,
32,,,8094,,,,,,,1.0874648094177246,,,,,,,,,,,,,,,,,,,,,,,,,,,,,,,,,,,,
32,,,8095,,,,,,,1.0885493755340576,,,,,,,,,,,,,,,,,,,,,,,,,,,,,,,,,,,,
32,,,8096,,,,,,,1.1583597660064697,,,,,,,,,,,,,,,,,,,,,,,,,,,,,,,,,,,,
32,,,8097,,,,,,,1.1674288511276245,,,,,,,,,,,,,,,,,,,,,,,,,,,,,,,,,,,,
32,,,8098,,,,,,,1.1045962572097778,,,,,,,,,,,,,,,,,,,,,,,,,,,,,,,,,,,,
32,,,8099,,,,,,,1.0971603393554688,,,,,,,,,,,,,,,,,,,,,,,,,,,,,,,,,,,,
32,,,8100,,,,,,,1.1225199699401855,,,,,,,,,,,,,,,,,,,,,,,,,,,,,,,,,,,,
32,,,8101,,,,,,,1.085415005683899,,,,,,,,,,,,,,,,,,,,,,,,,,,,,,,,,,,,
32,,,8102,,,,,,,1.0991560220718384,,,,,,,,,,,,,,,,,,,,,,,,,,,,,,,,,,,,
32,,,8103,,,,,,,1.0803128480911255,,,,,,,,,,,,,,,,,,,,,,,,,,,,,,,,,,,,
32,,,8104,,,,,,,1.081987977027893,,,,,,,,,,,,,,,,,,,,,,,,,,,,,,,,,,,,
32,,,8105,,,,,,,1.1580603122711182,,,,,,,,,,,,,,,,,,,,,,,,,,,,,,,,,,,,
32,,,8106,,,,,,,1.1079869270324707,,,,,,,,,,,,,,,,,,,,,,,,,,,,,,,,,,,,
32,,,8107,,,,,,,1.081634759902954,,,,,,,,,,,,,,,,,,,,,,,,,,,,,,,,,,,,
32,,,8108,,,,,,,1.0930218696594238,,,,,,,,,,,,,,,,,,,,,,,,,,,,,,,,,,,,
32,,,8109,,,,,,,1.0935921669006348,,,,,,,,,,,,,,,,,,,,,,,,,,,,,,,,,,,,
32,,,8110,,,,,,,1.080456018447876,,,,,,,,,,,,,,,,,,,,,,,,,,,,,,,,,,,,
32,,,8111,,,,,,,1.0899174213409424,,,,,,,,,,,,,,,,,,,,,,,,,,,,,,,,,,,,
32,,,8112,,,,,,,1.083702564239502,,,,,,,,,,,,,,,,,,,,,,,,,,,,,,,,,,,,
32,,,8113,,,,,,,1.101316213607788,,,,,,,,,,,,,,,,,,,,,,,,,,,,,,,,,,,,
32,,,8114,,,,,,,1.1213842630386353,,,,,,,,,,,,,,,,,,,,,,,,,,,,,,,,,,,,
32,,,8115,,,,,,,1.1120140552520752,,,,,,,,,,,,,,,,,,,,,,,,,,,,,,,,,,,,
32,,,8116,,,,,,,1.0961291790008545,,,,,,,,,,,,,,,,,,,,,,,,,,,,,,,,,,,,
32,,,8117,,,,,,,1.1691819429397583,,,,,,,,,,,,,,,,,,,,,,,,,,,,,,,,,,,,
32,,,8118,,,,,,,1.0986459255218506,,,,,,,,,,,,,,,,,,,,,,,,,,,,,,,,,,,,
32,,,8119,,,,,,,1.1284611225128174,,,,,,,,,,,,,,,,,,,,,,,,,,,,,,,,,,,,
32,,,8120,,,,,,,1.1354025602340698,,,,,,,,,,,,,,,,,,,,,,,,,,,,,,,,,,,,
32,,,8121,,,,,,,1.093673586845398,,,,,,,,,,,,,,,,,,,,,,,,,,,,,,,,,,,,
32,,,8122,,,,,,,1.0955541133880615,,,,,,,,,,,,,,,,,,,,,,,,,,,,,,,,,,,,
32,,,8123,,,,,,,1.0868619680404663,,,,,,,,,,,,,,,,,,,,,,,,,,,,,,,,,,,,
32,,,8124,,,,,,,1.089449405670166,,,,,,,,,,,,,,,,,,,,,,,,,,,,,,,,,,,,
32,,,8125,,,,,,,1.1054785251617432,,,,,,,,,,,,,,,,,,,,,,,,,,,,,,,,,,,,
32,,,8126,,,,,,,1.091771125793457,,,,,,,,,,,,,,,,,,,,,,,,,,,,,,,,,,,,
32,,,8127,,,,,,,1.1208579540252686,,,,,,,,,,,,,,,,,,,,,,,,,,,,,,,,,,,,
32,,,8128,,,,,,,1.0938093662261963,,,,,,,,,,,,,,,,,,,,,,,,,,,,,,,,,,,,
32,,,8129,,,,,,,1.0852961540222168,,,,,,,,,,,,,,,,,,,,,,,,,,,,,,,,,,,,
32,,,8130,,,,,,,1.0808125734329224,,,,,,,,,,,,,,,,,,,,,,,,,,,,,,,,,,,,
32,,,8131,,,,,,,1.1084797382354736,,,,,,,,,,,,,,,,,,,,,,,,,,,,,,,,,,,,
32,,,8132,,,,,,,1.100515365600586,,,,,,,,,,,,,,,,,,,,,,,,,,,,,,,,,,,,
32,,,8133,,,,,,,1.1057761907577515,,,,,,,,,,,,,,,,,,,,,,,,,,,,,,,,,,,,
32,,,8134,,,,,,,1.095045804977417,,,,,,,,,,,,,,,,,,,,,,,,,,,,,,,,,,,,
32,,,8135,,,,,,,1.0867552757263184,,,,,,,,,,,,,,,,,,,,,,,,,,,,,,,,,,,,
32,,,8136,,,,,,,1.0832231044769287,,,,,,,,,,,,,,,,,,,,,,,,,,,,,,,,,,,,
32,,,8137,,,,,,,1.0895483493804932,,,,,,,,,,,,,,,,,,,,,,,,,,,,,,,,,,,,
32,,,8138,,,,,,,1.088146686553955,,,,,,,,,,,,,,,,,,,,,,,,,,,,,,,,,,,,
32,,,8139,,,,,,,1.0922060012817383,,,,,,,,,,,,,,,,,,,,,,,,,,,,,,,,,,,,
32,,,8140,,,,,,,1.1420766115188599,,,,,,,,,,,,,,,,,,,,,,,,,,,,,,,,,,,,
32,,,8141,,,,,,,1.115803837776184,,,,,,,,,,,,,,,,,,,,,,,,,,,,,,,,,,,,
32,,,8142,,,,,,,1.08382248878479,,,,,,,,,,,,,,,,,,,,,,,,,,,,,,,,,,,,
32,,,8143,,,,,,,1.0854004621505737,,,,,,,,,,,,,,,,,,,,,,,,,,,,,,,,,,,,
32,,,8144,,,,,,,1.0839530229568481,,,,,,,,,,,,,,,,,,,,,,,,,,,,,,,,,,,,
32,,,8145,,,,,,,1.25404691696167,,,,,,,,,,,,,,,,,,,,,,,,,,,,,,,,,,,,
32,,,8146,,,,,,,1.2319070100784302,,,,,,,,,,,,,,,,,,,,,,,,,,,,,,,,,,,,
32,,,8147,,,,,,,1.1131867170333862,,,,,,,,,,,,,,,,,,,,,,,,,,,,,,,,,,,,
32,,,8148,,,,,,,1.0860836505889893,,,,,,,,,,,,,,,,,,,,,,,,,,,,,,,,,,,,
32,,,8149,,,,,,,1.1221776008605957,,,,,,,,,,,,,,,,,,,,,,,,,,,,,,,,,,,,
32,,,8150,,,,,,,1.0920977592468262,,,,,,,,,,,,,,,,,,,,,,,,,,,,,,,,,,,,
32,,,8151,,,,,,,1.0878870487213135,,,,,,,,,,,,,,,,,,,,,,,,,,,,,,,,,,,,
32,,,8152,,,,,,,1.0816749334335327,,,,,,,,,,,,,,,,,,,,,,,,,,,,,,,,,,,,
32,,,8153,,,,,,,1.0967998504638672,,,,,,,,,,,,,,,,,,,,,,,,,,,,,,,,,,,,
32,,,8154,,,,,,,1.110870122909546,,,,,,,,,,,,,,,,,,,,,,,,,,,,,,,,,,,,
32,,,8155,,,,,,,1.0912693738937378,,,,,,,,,,,,,,,,,,,,,,,,,,,,,,,,,,,,
32,,,8156,,,,,,,1.269510269165039,,,,,,,,,,,,,,,,,,,,,,,,,,,,,,,,,,,,
32,,,8157,,,,,,,1.0897808074951172,,,,,,,,,,,,,,,,,,,,,,,,,,,,,,,,,,,,
32,,,8158,,,,,,,1.1123524904251099,,,,,,,,,,,,,,,,,,,,,,,,,,,,,,,,,,,,
32,,,8159,,,,,,,1.0838550329208374,,,,,,,,,,,,,,,,,,,,,,,,,,,,,,,,,,,,
32,,,8160,,,,,,,1.08657968044281,,,,,,,,,,,,,,,,,,,,,,,,,,,,,,,,,,,,
32,,,8161,,,,,,,1.137789249420166,,,,,,,,,,,,,,,,,,,,,,,,,,,,,,,,,,,,
32,,,8162,,,,,,,1.1100449562072754,,,,,,,,,,,,,,,,,,,,,,,,,,,,,,,,,,,,
32,,,8163,,,,,,,1.0958203077316284,,,,,,,,,,,,,,,,,,,,,,,,,,,,,,,,,,,,
32,,,8164,,,,,,,1.0914479494094849,,,,,,,,,,,,,,,,,,,,,,,,,,,,,,,,,,,,
32,,,8165,,,,,,,1.1249802112579346,,,,,,,,,,,,,,,,,,,,,,,,,,,,,,,,,,,,
32,,,8166,,,,,,,1.090434193611145,,,,,,,,,,,,,,,,,,,,,,,,,,,,,,,,,,,,
32,,,8167,,,,,,,1.0935041904449463,,,,,,,,,,,,,,,,,,,,,,,,,,,,,,,,,,,,
32,,,8168,,,,,,,1.120457649230957,,,,,,,,,,,,,,,,,,,,,,,,,,,,,,,,,,,,
32,,,8169,,,,,,,1.0924006700515747,,,,,,,,,,,,,,,,,,,,,,,,,,,,,,,,,,,,
32,,,8170,,,,,,,1.1139096021652222,,,,,,,,,,,,,,,,,,,,,,,,,,,,,,,,,,,,
32,,,8171,,,,,,,1.1525943279266357,,,,,,,,,,,,,,,,,,,,,,,,,,,,,,,,,,,,
32,,,8172,,,,,,,1.1291043758392334,,,,,,,,,,,,,,,,,,,,,,,,,,,,,,,,,,,,
32,,,8173,,,,,,,1.0931977033615112,,,,,,,,,,,,,,,,,,,,,,,,,,,,,,,,,,,,
32,,,8174,,,,,,,1.0875362157821655,,,,,,,,,,,,,,,,,,,,,,,,,,,,,,,,,,,,
32,,,8175,,,,,,,1.0980992317199707,,,,,,,,,,,,,,,,,,,,,,,,,,,,,,,,,,,,
32,,,8176,,,,,,,1.0801644325256348,,,,,,,,,,,,,,,,,,,,,,,,,,,,,,,,,,,,
32,,,8177,,,,,,,1.0955562591552734,,,,,,,,,,,,,,,,,,,,,,,,,,,,,,,,,,,,
32,,,8178,,,,,,,1.1231720447540283,,,,,,,,,,,,,,,,,,,,,,,,,,,,,,,,,,,,
32,,,8179,,,,,,,1.1501882076263428,,,,,,,,,,,,,,,,,,,,,,,,,,,,,,,,,,,,
32,,,8180,,,,,,,1.0853352546691895,,,,,,,,,,,,,,,,,,,,,,,,,,,,,,,,,,,,
32,,,8181,,,,,,,1.0836422443389893,,,,,,,,,,,,,,,,,,,,,,,,,,,,,,,,,,,,
32,,,8182,,,,,,,1.1004219055175781,,,,,,,,,,,,,,,,,,,,,,,,,,,,,,,,,,,,
32,,,8183,,,,,,,1.0996768474578857,,,,,,,,,,,,,,,,,,,,,,,,,,,,,,,,,,,,
32,,,8184,,,,,,,1.193359613418579,,,,,,,,,,,,,,,,,,,,,,,,,,,,,,,,,,,,
32,,,8185,,,,,,,1.1298701763153076,,,,,,,,,,,,,,,,,,,,,,,,,,,,,,,,,,,,
32,,,8186,,,,,,,1.0800803899765015,,,,,,,,,,,,,,,,,,,,,,,,,,,,,,,,,,,,
32,,,8187,,,,,,,1.089259386062622,,,,,,,,,,,,,,,,,,,,,,,,,,,,,,,,,,,,
32,,,8188,,,,,,,1.0809842348098755,,,,,,,,,,,,,,,,,,,,,,,,,,,,,,,,,,,,
32,,,8189,,,,,,,1.0864956378936768,,,,,,,,,,,,,,,,,,,,,,,,,,,,,,,,,,,,
32,,,8190,,,,,,,1.0807068347930908,,,,,,,,,,,,,,,,,,,,,,,,,,,,,,,,,,,,
32,,,8191,,,,,,,1.0815092325210571,,,,,,,,,,,,,,,,,,,,,,,,,,,,,,,,,,,,
32,,,8192,,,,,,,1.1032779216766357,,,,,,,,,,,,,,,,,,,,,,,,,,,,,,,,,,,,
32,,,8193,,,,,,,1.1185593605041504,,,,,,,,,,,,,,,,,,,,,,,,,,,,,,,,,,,,
32,,,8194,,,,,,,1.0805776119232178,,,,,,,,,,,,,,,,,,,,,,,,,,,,,,,,,,,,
32,,,8195,,,,,,,1.0815945863723755,,,,,,,,,,,,,,,,,,,,,,,,,,,,,,,,,,,,
32,,,8196,,,,,,,1.086372971534729,,,,,,,,,,,,,,,,,,,,,,,,,,,,,,,,,,,,
32,,,8197,,,,,,,1.154368281364441,,,,,,,,,,,,,,,,,,,,,,,,,,,,,,,,,,,,
32,,,8198,,,,,,,1.189682126045227,,,,,,,,,,,,,,,,,,,,,,,,,,,,,,,,,,,,
32,,,8199,,,,,,,1.0813446044921875,,,,,,,,,,,,,,,,,,,,,,,,,,,,,,,,,,,,
32,,,8200,,,,,,,1.0882400274276733,,,,,,,,,,,,,,,,,,,,,,,,,,,,,,,,,,,,
32,,,8201,,,,,,,1.0920969247817993,,,,,,,,,,,,,,,,,,,,,,,,,,,,,,,,,,,,
32,,,8202,,,,,,,1.0895826816558838,,,,,,,,,,,,,,,,,,,,,,,,,,,,,,,,,,,,
32,,,8203,,,,,,,1.0849665403366089,,,,,,,,,,,,,,,,,,,,,,,,,,,,,,,,,,,,
32,,,8204,,,,,,,1.0952625274658203,,,,,,,,,,,,,,,,,,,,,,,,,,,,,,,,,,,,
32,,,8205,,,,,,,1.1266804933547974,,,,,,,,,,,,,,,,,,,,,,,,,,,,,,,,,,,,
32,,,8206,,,,,,,1.1125773191452026,,,,,,,,,,,,,,,,,,,,,,,,,,,,,,,,,,,,
32,,,8207,,,,,,,1.0910370349884033,,,,,,,,,,,,,,,,,,,,,,,,,,,,,,,,,,,,
32,,,8208,,,,,,,1.1113824844360352,,,,,,,,,,,,,,,,,,,,,,,,,,,,,,,,,,,,
32,,,8209,,,,,,,1.0847605466842651,,,,,,,,,,,,,,,,,,,,,,,,,,,,,,,,,,,,
32,,,8210,,,,,,,1.0993558168411255,,,,,,,,,,,,,,,,,,,,,,,,,,,,,,,,,,,,
32,,,8211,,,,,,,1.1135265827178955,,,,,,,,,,,,,,,,,,,,,,,,,,,,,,,,,,,,
32,,,8212,,,,,,,1.1147830486297607,,,,,,,,,,,,,,,,,,,,,,,,,,,,,,,,,,,,
32,,,8213,,,,,,,1.0913045406341553,,,,,,,,,,,,,,,,,,,,,,,,,,,,,,,,,,,,
32,,,8214,,,,,,,1.0846186876296997,,,,,,,,,,,,,,,,,,,,,,,,,,,,,,,,,,,,
32,,,8215,,,,,,,1.0900397300720215,,,,,,,,,,,,,,,,,,,,,,,,,,,,,,,,,,,,
32,,,8216,,,,,,,1.1030398607254028,,,,,,,,,,,,,,,,,,,,,,,,,,,,,,,,,,,,
32,,,8217,,,,,,,1.1346321105957031,,,,,,,,,,,,,,,,,,,,,,,,,,,,,,,,,,,,
32,,,8218,,,,,,,1.0861308574676514,,,,,,,,,,,,,,,,,,,,,,,,,,,,,,,,,,,,
32,,,8219,,,,,,,1.1836276054382324,,,,,,,,,,,,,,,,,,,,,,,,,,,,,,,,,,,,
32,,,8220,,,,,,,1.1042289733886719,,,,,,,,,,,,,,,,,,,,,,,,,,,,,,,,,,,,
32,,,8221,,,,,,,1.0805416107177734,,,,,,,,,,,,,,,,,,,,,,,,,,,,,,,,,,,,
32,,,8222,,,,,,,1.084284782409668,,,,,,,,,,,,,,,,,,,,,,,,,,,,,,,,,,,,
32,,,8223,,,,,,,1.0976425409317017,,,,,,,,,,,,,,,,,,,,,,,,,,,,,,,,,,,,
32,,,8224,,,,,,,1.0870391130447388,,,,,,,,,,,,,,,,,,,,,,,,,,,,,,,,,,,,
32,,,8225,,,,,,,1.0906593799591064,,,,,,,,,,,,,,,,,,,,,,,,,,,,,,,,,,,,
32,,,8226,,,,,,,1.0930285453796387,,,,,,,,,,,,,,,,,,,,,,,,,,,,,,,,,,,,
32,,,8227,,,,,,,1.175670862197876,,,,,,,,,,,,,,,,,,,,,,,,,,,,,,,,,,,,
32,,,8228,,,,,,,1.2242014408111572,,,,,,,,,,,,,,,,,,,,,,,,,,,,,,,,,,,,
32,,,8229,,,,,,,1.094270944595337,,,,,,,,,,,,,,,,,,,,,,,,,,,,,,,,,,,,
32,,,8230,,,,,,,1.1561620235443115,,,,,,,,,,,,,,,,,,,,,,,,,,,,,,,,,,,,
32,,,8231,,,,,,,1.0994638204574585,,,,,,,,,,,,,,,,,,,,,,,,,,,,,,,,,,,,
32,,,8232,,,,,,,1.1173290014266968,,,,,,,,,,,,,,,,,,,,,,,,,,,,,,,,,,,,
32,,,8233,,,,,,,1.1182173490524292,,,,,,,,,,,,,,,,,,,,,,,,,,,,,,,,,,,,
32,,,8234,,,,,,,1.1096763610839844,,,,,,,,,,,,,,,,,,,,,,,,,,,,,,,,,,,,
32,,,8235,,,,,,,1.1053507328033447,,,,,,,,,,,,,,,,,,,,,,,,,,,,,,,,,,,,
32,,,8236,,,,,,,1.145566463470459,,,,,,,,,,,,,,,,,,,,,,,,,,,,,,,,,,,,
32,,,8237,,,,,,,1.1309525966644287,,,,,,,,,,,,,,,,,,,,,,,,,,,,,,,,,,,,
32,,,8238,,,,,,,1.0834910869598389,,,,,,,,,,,,,,,,,,,,,,,,,,,,,,,,,,,,
32,,,8239,,,,,,,1.0846281051635742,,,,,,,,,,,,,,,,,,,,,,,,,,,,,,,,,,,,
32,,,8240,,,,,,,1.0951342582702637,,,,,,,,,,,,,,,,,,,,,,,,,,,,,,,,,,,,
32,,,8241,,,,,,,1.1174691915512085,,,,,,,,,,,,,,,,,,,,,,,,,,,,,,,,,,,,
32,,,8242,,,,,,,1.0879521369934082,,,,,,,,,,,,,,,,,,,,,,,,,,,,,,,,,,,,
32,,,8243,,,,,,,1.0888563394546509,,,,,,,,,,,,,,,,,,,,,,,,,,,,,,,,,,,,
32,,,8244,,,,,,,1.0961213111877441,,,,,,,,,,,,,,,,,,,,,,,,,,,,,,,,,,,,
32,,,8245,,,,,,,1.0860830545425415,,,,,,,,,,,,,,,,,,,,,,,,,,,,,,,,,,,,
32,,,8246,,,,,,,1.105919361114502,,,,,,,,,,,,,,,,,,,,,,,,,,,,,,,,,,,,
32,,,8247,,,,,,,1.101303219795227,,,,,,,,,,,,,,,,,,,,,,,,,,,,,,,,,,,,
32,,,8248,,,,,,,1.1495442390441895,,,,,,,,,,,,,,,,,,,,,,,,,,,,,,,,,,,,
32,,,8249,,,,,,,1.1370545625686646,,,,,,,,,,,,,,,,,,,,,,,,,,,,,,,,,,,,
32,,,8249,,,,,,,,,,0.207590252161026,0.004691310226917267,0.6748046875,1.349609375,53.0732421875,0.6748046875,271790.65625,0.8376374244689941,0.8376374244689941,1.0,0.2965545654296875,53.0732421875,0.6748046875,0.9264350533485413,0.04749194532632828,22118.0,0.0018470275681465864,0.002737129107117653,0.4107488989830017,0.60869300365448,0.005449752323329449,1475.0,0.0170650165528059,0.025288822129368782,0.26264721155166626,0.38921958208084106,0.013855134136974812,7373.0,0.004740425385534763,0.007024884689599276,0.337447851896286,0.500067412853241,0.016379807144403458,0.00035992596531286836
32,,20.0,8249,265166.4375,0.8522926568984985,0.8543177843093872,1.1100064516067505,0.8543177843093872,1.0,,0.30187109112739563,0.9309999942779541,,,,,,,,,,,,,,,,,,,,,,,,,,,,,,,,,,
,2.210397534688616e-05,,8250,,,,,,,,,,,,,,,,,,,,,,,,,,,,,,,,,,,,,,,,,,,
33,,,8250,,,,,,,1.0882452726364136,,,,,,,,,,,,,,,,,,,,,,,,,,,,,,,,,,,,
33,,,8251,,,,,,,1.0835809707641602,,,,,,,,,,,,,,,,,,,,,,,,,,,,,,,,,,,,
33,,,8252,,,,,,,1.1050548553466797,,,,,,,,,,,,,,,,,,,,,,,,,,,,,,,,,,,,
33,,,8253,,,,,,,1.0870437622070312,,,,,,,,,,,,,,,,,,,,,,,,,,,,,,,,,,,,
33,,,8254,,,,,,,1.1080892086029053,,,,,,,,,,,,,,,,,,,,,,,,,,,,,,,,,,,,
33,,,8255,,,,,,,1.0833134651184082,,,,,,,,,,,,,,,,,,,,,,,,,,,,,,,,,,,,
33,,,8256,,,,,,,1.1487678289413452,,,,,,,,,,,,,,,,,,,,,,,,,,,,,,,,,,,,
33,,,8257,,,,,,,1.0934456586837769,,,,,,,,,,,,,,,,,,,,,,,,,,,,,,,,,,,,
33,,,8258,,,,,,,1.1063560247421265,,,,,,,,,,,,,,,,,,,,,,,,,,,,,,,,,,,,
33,,,8259,,,,,,,1.0842597484588623,,,,,,,,,,,,,,,,,,,,,,,,,,,,,,,,,,,,
33,,,8260,,,,,,,1.0980411767959595,,,,,,,,,,,,,,,,,,,,,,,,,,,,,,,,,,,,
33,,,8261,,,,,,,1.1146186590194702,,,,,,,,,,,,,,,,,,,,,,,,,,,,,,,,,,,,
33,,,8262,,,,,,,1.0952832698822021,,,,,,,,,,,,,,,,,,,,,,,,,,,,,,,,,,,,
33,,,8263,,,,,,,1.0958830118179321,,,,,,,,,,,,,,,,,,,,,,,,,,,,,,,,,,,,
33,,,8264,,,,,,,1.0929694175720215,,,,,,,,,,,,,,,,,,,,,,,,,,,,,,,,,,,,
33,,,8265,,,,,,,1.1000539064407349,,,,,,,,,,,,,,,,,,,,,,,,,,,,,,,,,,,,
33,,,8266,,,,,,,1.080575942993164,,,,,,,,,,,,,,,,,,,,,,,,,,,,,,,,,,,,
33,,,8267,,,,,,,1.089573621749878,,,,,,,,,,,,,,,,,,,,,,,,,,,,,,,,,,,,
33,,,8268,,,,,,,1.0930532217025757,,,,,,,,,,,,,,,,,,,,,,,,,,,,,,,,,,,,
33,,,8269,,,,,,,1.0958832502365112,,,,,,,,,,,,,,,,,,,,,,,,,,,,,,,,,,,,
33,,,8270,,,,,,,1.0901587009429932,,,,,,,,,,,,,,,,,,,,,,,,,,,,,,,,,,,,
33,,,8271,,,,,,,1.0935041904449463,,,,,,,,,,,,,,,,,,,,,,,,,,,,,,,,,,,,
33,,,8272,,,,,,,1.1041064262390137,,,,,,,,,,,,,,,,,,,,,,,,,,,,,,,,,,,,
33,,,8273,,,,,,,1.082730770111084,,,,,,,,,,,,,,,,,,,,,,,,,,,,,,,,,,,,
33,,,8274,,,,,,,1.0961062908172607,,,,,,,,,,,,,,,,,,,,,,,,,,,,,,,,,,,,
33,,,8275,,,,,,,1.0858638286590576,,,,,,,,,,,,,,,,,,,,,,,,,,,,,,,,,,,,
33,,,8276,,,,,,,1.1234374046325684,,,,,,,,,,,,,,,,,,,,,,,,,,,,,,,,,,,,
33,,,8277,,,,,,,1.0933321714401245,,,,,,,,,,,,,,,,,,,,,,,,,,,,,,,,,,,,
33,,,8278,,,,,,,1.087980031967163,,,,,,,,,,,,,,,,,,,,,,,,,,,,,,,,,,,,
33,,,8279,,,,,,,1.0969128608703613,,,,,,,,,,,,,,,,,,,,,,,,,,,,,,,,,,,,
33,,,8280,,,,,,,1.1039888858795166,,,,,,,,,,,,,,,,,,,,,,,,,,,,,,,,,,,,
33,,,8281,,,,,,,1.1607531309127808,,,,,,,,,,,,,,,,,,,,,,,,,,,,,,,,,,,,
33,,,8282,,,,,,,1.080531358718872,,,,,,,,,,,,,,,,,,,,,,,,,,,,,,,,,,,,
33,,,8283,,,,,,,1.1017616987228394,,,,,,,,,,,,,,,,,,,,,,,,,,,,,,,,,,,,
33,,,8284,,,,,,,1.0808357000350952,,,,,,,,,,,,,,,,,,,,,,,,,,,,,,,,,,,,
33,,,8285,,,,,,,1.1722007989883423,,,,,,,,,,,,,,,,,,,,,,,,,,,,,,,,,,,,
33,,,8286,,,,,,,1.0980654954910278,,,,,,,,,,,,,,,,,,,,,,,,,,,,,,,,,,,,
33,,,8287,,,,,,,1.112805962562561,,,,,,,,,,,,,,,,,,,,,,,,,,,,,,,,,,,,
33,,,8288,,,,,,,1.093672513961792,,,,,,,,,,,,,,,,,,,,,,,,,,,,,,,,,,,,
33,,,8289,,,,,,,1.1001324653625488,,,,,,,,,,,,,,,,,,,,,,,,,,,,,,,,,,,,
33,,,8290,,,,,,,1.1026151180267334,,,,,,,,,,,,,,,,,,,,,,,,,,,,,,,,,,,,
33,,,8291,,,,,,,1.111413598060608,,,,,,,,,,,,,,,,,,,,,,,,,,,,,,,,,,,,
33,,,8292,,,,,,,1.0927284955978394,,,,,,,,,,,,,,,,,,,,,,,,,,,,,,,,,,,,
33,,,8293,,,,,,,1.0910162925720215,,,,,,,,,,,,,,,,,,,,,,,,,,,,,,,,,,,,
33,,,8294,,,,,,,1.0921796560287476,,,,,,,,,,,,,,,,,,,,,,,,,,,,,,,,,,,,
33,,,8295,,,,,,,1.0956412553787231,,,,,,,,,,,,,,,,,,,,,,,,,,,,,,,,,,,,
33,,,8296,,,,,,,1.1217272281646729,,,,,,,,,,,,,,,,,,,,,,,,,,,,,,,,,,,,
33,,,8297,,,,,,,1.083019733428955,,,,,,,,,,,,,,,,,,,,,,,,,,,,,,,,,,,,
33,,,8298,,,,,,,1.0813319683074951,,,,,,,,,,,,,,,,,,,,,,,,,,,,,,,,,,,,
33,,,8299,,,,,,,1.0875054597854614,,,,,,,,,,,,,,,,,,,,,,,,,,,,,,,,,,,,
33,,,8300,,,,,,,1.1944464445114136,,,,,,,,,,,,,,,,,,,,,,,,,,,,,,,,,,,,
33,,,8301,,,,,,,1.124468445777893,,,,,,,,,,,,,,,,,,,,,,,,,,,,,,,,,,,,
33,,,8302,,,,,,,1.0817232131958008,,,,,,,,,,,,,,,,,,,,,,,,,,,,,,,,,,,,
33,,,8303,,,,,,,1.0947480201721191,,,,,,,,,,,,,,,,,,,,,,,,,,,,,,,,,,,,
33,,,8304,,,,,,,1.0923585891723633,,,,,,,,,,,,,,,,,,,,,,,,,,,,,,,,,,,,
33,,,8305,,,,,,,1.1270925998687744,,,,,,,,,,,,,,,,,,,,,,,,,,,,,,,,,,,,
33,,,8306,,,,,,,1.0850181579589844,,,,,,,,,,,,,,,,,,,,,,,,,,,,,,,,,,,,
33,,,8307,,,,,,,1.1389060020446777,,,,,,,,,,,,,,,,,,,,,,,,,,,,,,,,,,,,
33,,,8308,,,,,,,1.1095709800720215,,,,,,,,,,,,,,,,,,,,,,,,,,,,,,,,,,,,
33,,,8309,,,,,,,1.0967720746994019,,,,,,,,,,,,,,,,,,,,,,,,,,,,,,,,,,,,
33,,,8310,,,,,,,1.0864593982696533,,,,,,,,,,,,,,,,,,,,,,,,,,,,,,,,,,,,
33,,,8311,,,,,,,1.0825409889221191,,,,,,,,,,,,,,,,,,,,,,,,,,,,,,,,,,,,
33,,,8312,,,,,,,1.105906367301941,,,,,,,,,,,,,,,,,,,,,,,,,,,,,,,,,,,,
33,,,8313,,,,,,,1.100020408630371,,,,,,,,,,,,,,,,,,,,,,,,,,,,,,,,,,,,
33,,,8314,,,,,,,1.0926260948181152,,,,,,,,,,,,,,,,,,,,,,,,,,,,,,,,,,,,
33,,,8315,,,,,,,1.0801669359207153,,,,,,,,,,,,,,,,,,,,,,,,,,,,,,,,,,,,
33,,,8316,,,,,,,1.1543898582458496,,,,,,,,,,,,,,,,,,,,,,,,,,,,,,,,,,,,
33,,,8317,,,,,,,1.0986310243606567,,,,,,,,,,,,,,,,,,,,,,,,,,,,,,,,,,,,
33,,,8318,,,,,,,1.1641404628753662,,,,,,,,,,,,,,,,,,,,,,,,,,,,,,,,,,,,
33,,,8319,,,,,,,1.1272493600845337,,,,,,,,,,,,,,,,,,,,,,,,,,,,,,,,,,,,
33,,,8320,,,,,,,1.0983500480651855,,,,,,,,,,,,,,,,,,,,,,,,,,,,,,,,,,,,
33,,,8321,,,,,,,1.0801267623901367,,,,,,,,,,,,,,,,,,,,,,,,,,,,,,,,,,,,
33,,,8322,,,,,,,1.0888580083847046,,,,,,,,,,,,,,,,,,,,,,,,,,,,,,,,,,,,
33,,,8323,,,,,,,1.1013755798339844,,,,,,,,,,,,,,,,,,,,,,,,,,,,,,,,,,,,
33,,,8324,,,,,,,1.122997522354126,,,,,,,,,,,,,,,,,,,,,,,,,,,,,,,,,,,,
33,,,8325,,,,,,,1.0977048873901367,,,,,,,,,,,,,,,,,,,,,,,,,,,,,,,,,,,,
33,,,8326,,,,,,,1.1242343187332153,,,,,,,,,,,,,,,,,,,,,,,,,,,,,,,,,,,,
33,,,8327,,,,,,,1.0864914655685425,,,,,,,,,,,,,,,,,,,,,,,,,,,,,,,,,,,,
33,,,8328,,,,,,,1.0883240699768066,,,,,,,,,,,,,,,,,,,,,,,,,,,,,,,,,,,,
33,,,8329,,,,,,,1.092281699180603,,,,,,,,,,,,,,,,,,,,,,,,,,,,,,,,,,,,
33,,,8330,,,,,,,1.1076046228408813,,,,,,,,,,,,,,,,,,,,,,,,,,,,,,,,,,,,
33,,,8331,,,,,,,1.0973621606826782,,,,,,,,,,,,,,,,,,,,,,,,,,,,,,,,,,,,
33,,,8332,,,,,,,1.1049189567565918,,,,,,,,,,,,,,,,,,,,,,,,,,,,,,,,,,,,
33,,,8333,,,,,,,1.0870236158370972,,,,,,,,,,,,,,,,,,,,,,,,,,,,,,,,,,,,
33,,,8334,,,,,,,1.0802075862884521,,,,,,,,,,,,,,,,,,,,,,,,,,,,,,,,,,,,
33,,,8335,,,,,,,1.0853281021118164,,,,,,,,,,,,,,,,,,,,,,,,,,,,,,,,,,,,
33,,,8336,,,,,,,1.089902400970459,,,,,,,,,,,,,,,,,,,,,,,,,,,,,,,,,,,,
33,,,8337,,,,,,,1.0958387851715088,,,,,,,,,,,,,,,,,,,,,,,,,,,,,,,,,,,,
33,,,8338,,,,,,,1.1059491634368896,,,,,,,,,,,,,,,,,,,,,,,,,,,,,,,,,,,,
33,,,8339,,,,,,,1.1136629581451416,,,,,,,,,,,,,,,,,,,,,,,,,,,,,,,,,,,,
33,,,8340,,,,,,,1.1290193796157837,,,,,,,,,,,,,,,,,,,,,,,,,,,,,,,,,,,,
33,,,8341,,,,,,,1.1012786626815796,,,,,,,,,,,,,,,,,,,,,,,,,,,,,,,,,,,,
33,,,8342,,,,,,,1.0992692708969116,,,,,,,,,,,,,,,,,,,,,,,,,,,,,,,,,,,,
33,,,8343,,,,,,,1.1046545505523682,,,,,,,,,,,,,,,,,,,,,,,,,,,,,,,,,,,,
33,,,8344,,,,,,,1.10477614402771,,,,,,,,,,,,,,,,,,,,,,,,,,,,,,,,,,,,
33,,,8345,,,,,,,1.093435287475586,,,,,,,,,,,,,,,,,,,,,,,,,,,,,,,,,,,,
33,,,8346,,,,,,,1.1025617122650146,,,,,,,,,,,,,,,,,,,,,,,,,,,,,,,,,,,,
33,,,8347,,,,,,,1.1138551235198975,,,,,,,,,,,,,,,,,,,,,,,,,,,,,,,,,,,,
33,,,8348,,,,,,,1.092767357826233,,,,,,,,,,,,,,,,,,,,,,,,,,,,,,,,,,,,
33,,,8349,,,,,,,1.1325478553771973,,,,,,,,,,,,,,,,,,,,,,,,,,,,,,,,,,,,
33,,,8350,,,,,,,1.1087180376052856,,,,,,,,,,,,,,,,,,,,,,,,,,,,,,,,,,,,
33,,,8351,,,,,,,1.1617765426635742,,,,,,,,,,,,,,,,,,,,,,,,,,,,,,,,,,,,
33,,,8352,,,,,,,1.0886142253875732,,,,,,,,,,,,,,,,,,,,,,,,,,,,,,,,,,,,
33,,,8353,,,,,,,1.1159729957580566,,,,,,,,,,,,,,,,,,,,,,,,,,,,,,,,,,,,
33,,,8354,,,,,,,1.0810219049453735,,,,,,,,,,,,,,,,,,,,,,,,,,,,,,,,,,,,
33,,,8355,,,,,,,1.121766448020935,,,,,,,,,,,,,,,,,,,,,,,,,,,,,,,,,,,,
33,,,8356,,,,,,,1.0947325229644775,,,,,,,,,,,,,,,,,,,,,,,,,,,,,,,,,,,,
33,,,8357,,,,,,,1.1243813037872314,,,,,,,,,,,,,,,,,,,,,,,,,,,,,,,,,,,,
33,,,8358,,,,,,,1.0917069911956787,,,,,,,,,,,,,,,,,,,,,,,,,,,,,,,,,,,,
33,,,8359,,,,,,,1.0994316339492798,,,,,,,,,,,,,,,,,,,,,,,,,,,,,,,,,,,,
33,,,8360,,,,,,,1.1614340543746948,,,,,,,,,,,,,,,,,,,,,,,,,,,,,,,,,,,,
33,,,8361,,,,,,,1.1169347763061523,,,,,,,,,,,,,,,,,,,,,,,,,,,,,,,,,,,,
33,,,8362,,,,,,,1.106838345527649,,,,,,,,,,,,,,,,,,,,,,,,,,,,,,,,,,,,
33,,,8363,,,,,,,1.2175276279449463,,,,,,,,,,,,,,,,,,,,,,,,,,,,,,,,,,,,
33,,,8364,,,,,,,1.092695713043213,,,,,,,,,,,,,,,,,,,,,,,,,,,,,,,,,,,,
33,,,8365,,,,,,,1.0876574516296387,,,,,,,,,,,,,,,,,,,,,,,,,,,,,,,,,,,,
33,,,8366,,,,,,,1.098140835762024,,,,,,,,,,,,,,,,,,,,,,,,,,,,,,,,,,,,
33,,,8367,,,,,,,1.1327409744262695,,,,,,,,,,,,,,,,,,,,,,,,,,,,,,,,,,,,
33,,,8368,,,,,,,1.1071062088012695,,,,,,,,,,,,,,,,,,,,,,,,,,,,,,,,,,,,
33,,,8369,,,,,,,1.0805268287658691,,,,,,,,,,,,,,,,,,,,,,,,,,,,,,,,,,,,
33,,,8370,,,,,,,1.2553715705871582,,,,,,,,,,,,,,,,,,,,,,,,,,,,,,,,,,,,
33,,,8371,,,,,,,1.1616501808166504,,,,,,,,,,,,,,,,,,,,,,,,,,,,,,,,,,,,
33,,,8372,,,,,,,1.1264175176620483,,,,,,,,,,,,,,,,,,,,,,,,,,,,,,,,,,,,
33,,,8373,,,,,,,1.088296890258789,,,,,,,,,,,,,,,,,,,,,,,,,,,,,,,,,,,,
33,,,8374,,,,,,,1.1123888492584229,,,,,,,,,,,,,,,,,,,,,,,,,,,,,,,,,,,,
33,,,8375,,,,,,,1.187544822692871,,,,,,,,,,,,,,,,,,,,,,,,,,,,,,,,,,,,
33,,,8376,,,,,,,1.106823205947876,,,,,,,,,,,,,,,,,,,,,,,,,,,,,,,,,,,,
33,,,8377,,,,,,,1.095690369606018,,,,,,,,,,,,,,,,,,,,,,,,,,,,,,,,,,,,
33,,,8378,,,,,,,1.0926120281219482,,,,,,,,,,,,,,,,,,,,,,,,,,,,,,,,,,,,
33,,,8379,,,,,,,1.1109236478805542,,,,,,,,,,,,,,,,,,,,,,,,,,,,,,,,,,,,
33,,,8380,,,,,,,1.152662992477417,,,,,,,,,,,,,,,,,,,,,,,,,,,,,,,,,,,,
33,,,8381,,,,,,,1.080844521522522,,,,,,,,,,,,,,,,,,,,,,,,,,,,,,,,,,,,
33,,,8382,,,,,,,1.0987474918365479,,,,,,,,,,,,,,,,,,,,,,,,,,,,,,,,,,,,
33,,,8383,,,,,,,1.094645380973816,,,,,,,,,,,,,,,,,,,,,,,,,,,,,,,,,,,,
33,,,8384,,,,,,,1.094639778137207,,,,,,,,,,,,,,,,,,,,,,,,,,,,,,,,,,,,
33,,,8385,,,,,,,1.0946093797683716,,,,,,,,,,,,,,,,,,,,,,,,,,,,,,,,,,,,
33,,,8386,,,,,,,1.1185405254364014,,,,,,,,,,,,,,,,,,,,,,,,,,,,,,,,,,,,
33,,,8387,,,,,,,1.1171950101852417,,,,,,,,,,,,,,,,,,,,,,,,,,,,,,,,,,,,
33,,,8388,,,,,,,1.1067935228347778,,,,,,,,,,,,,,,,,,,,,,,,,,,,,,,,,,,,
33,,,8389,,,,,,,1.110124945640564,,,,,,,,,,,,,,,,,,,,,,,,,,,,,,,,,,,,
33,,,8390,,,,,,,1.1403714418411255,,,,,,,,,,,,,,,,,,,,,,,,,,,,,,,,,,,,
33,,,8391,,,,,,,1.1021000146865845,,,,,,,,,,,,,,,,,,,,,,,,,,,,,,,,,,,,
33,,,8392,,,,,,,1.0964758396148682,,,,,,,,,,,,,,,,,,,,,,,,,,,,,,,,,,,,
33,,,8393,,,,,,,1.0854021310806274,,,,,,,,,,,,,,,,,,,,,,,,,,,,,,,,,,,,
33,,,8394,,,,,,,1.1313519477844238,,,,,,,,,,,,,,,,,,,,,,,,,,,,,,,,,,,,
33,,,8395,,,,,,,1.0848350524902344,,,,,,,,,,,,,,,,,,,,,,,,,,,,,,,,,,,,
33,,,8396,,,,,,,1.1009080410003662,,,,,,,,,,,,,,,,,,,,,,,,,,,,,,,,,,,,
33,,,8397,,,,,,,1.0934457778930664,,,,,,,,,,,,,,,,,,,,,,,,,,,,,,,,,,,,
33,,,8398,,,,,,,1.0889631509780884,,,,,,,,,,,,,,,,,,,,,,,,,,,,,,,,,,,,
33,,,8399,,,,,,,1.0917965173721313,,,,,,,,,,,,,,,,,,,,,,,,,,,,,,,,,,,,
33,,,8400,,,,,,,1.101014256477356,,,,,,,,,,,,,,,,,,,,,,,,,,,,,,,,,,,,
33,,,8401,,,,,,,1.1856648921966553,,,,,,,,,,,,,,,,,,,,,,,,,,,,,,,,,,,,
33,,,8402,,,,,,,1.0807349681854248,,,,,,,,,,,,,,,,,,,,,,,,,,,,,,,,,,,,
33,,,8403,,,,,,,1.1003649234771729,,,,,,,,,,,,,,,,,,,,,,,,,,,,,,,,,,,,
33,,,8404,,,,,,,1.0841245651245117,,,,,,,,,,,,,,,,,,,,,,,,,,,,,,,,,,,,
33,,,8405,,,,,,,1.2449257373809814,,,,,,,,,,,,,,,,,,,,,,,,,,,,,,,,,,,,
33,,,8406,,,,,,,1.0870682001113892,,,,,,,,,,,,,,,,,,,,,,,,,,,,,,,,,,,,
33,,,8407,,,,,,,1.1049944162368774,,,,,,,,,,,,,,,,,,,,,,,,,,,,,,,,,,,,
33,,,8408,,,,,,,1.1115565299987793,,,,,,,,,,,,,,,,,,,,,,,,,,,,,,,,,,,,
33,,,8409,,,,,,,1.0929903984069824,,,,,,,,,,,,,,,,,,,,,,,,,,,,,,,,,,,,
33,,,8410,,,,,,,1.0859235525131226,,,,,,,,,,,,,,,,,,,,,,,,,,,,,,,,,,,,
33,,,8411,,,,,,,1.082021713256836,,,,,,,,,,,,,,,,,,,,,,,,,,,,,,,,,,,,
33,,,8412,,,,,,,1.0913488864898682,,,,,,,,,,,,,,,,,,,,,,,,,,,,,,,,,,,,
33,,,8413,,,,,,,1.1081559658050537,,,,,,,,,,,,,,,,,,,,,,,,,,,,,,,,,,,,
33,,,8414,,,,,,,1.0877737998962402,,,,,,,,,,,,,,,,,,,,,,,,,,,,,,,,,,,,
33,,,8415,,,,,,,1.0928568840026855,,,,,,,,,,,,,,,,,,,,,,,,,,,,,,,,,,,,
33,,,8416,,,,,,,1.1858062744140625,,,,,,,,,,,,,,,,,,,,,,,,,,,,,,,,,,,,
33,,,8417,,,,,,,1.1048431396484375,,,,,,,,,,,,,,,,,,,,,,,,,,,,,,,,,,,,
33,,,8418,,,,,,,1.0884289741516113,,,,,,,,,,,,,,,,,,,,,,,,,,,,,,,,,,,,
33,,,8419,,,,,,,1.0911576747894287,,,,,,,,,,,,,,,,,,,,,,,,,,,,,,,,,,,,
33,,,8420,,,,,,,1.0808565616607666,,,,,,,,,,,,,,,,,,,,,,,,,,,,,,,,,,,,
33,,,8421,,,,,,,1.0911521911621094,,,,,,,,,,,,,,,,,,,,,,,,,,,,,,,,,,,,
33,,,8422,,,,,,,1.1077263355255127,,,,,,,,,,,,,,,,,,,,,,,,,,,,,,,,,,,,
33,,,8423,,,,,,,1.094947338104248,,,,,,,,,,,,,,,,,,,,,,,,,,,,,,,,,,,,
33,,,8424,,,,,,,1.103318691253662,,,,,,,,,,,,,,,,,,,,,,,,,,,,,,,,,,,,
33,,,8425,,,,,,,1.0961004495620728,,,,,,,,,,,,,,,,,,,,,,,,,,,,,,,,,,,,
33,,,8426,,,,,,,1.0810048580169678,,,,,,,,,,,,,,,,,,,,,,,,,,,,,,,,,,,,
33,,,8427,,,,,,,1.08945894241333,,,,,,,,,,,,,,,,,,,,,,,,,,,,,,,,,,,,
33,,,8428,,,,,,,1.1072391271591187,,,,,,,,,,,,,,,,,,,,,,,,,,,,,,,,,,,,
33,,,8429,,,,,,,1.1205809116363525,,,,,,,,,,,,,,,,,,,,,,,,,,,,,,,,,,,,
33,,,8430,,,,,,,1.1215990781784058,,,,,,,,,,,,,,,,,,,,,,,,,,,,,,,,,,,,
33,,,8431,,,,,,,1.093719244003296,,,,,,,,,,,,,,,,,,,,,,,,,,,,,,,,,,,,
33,,,8432,,,,,,,1.101534366607666,,,,,,,,,,,,,,,,,,,,,,,,,,,,,,,,,,,,
33,,,8433,,,,,,,1.115492582321167,,,,,,,,,,,,,,,,,,,,,,,,,,,,,,,,,,,,
33,,,8434,,,,,,,1.0857282876968384,,,,,,,,,,,,,,,,,,,,,,,,,,,,,,,,,,,,
33,,,8435,,,,,,,1.1216052770614624,,,,,,,,,,,,,,,,,,,,,,,,,,,,,,,,,,,,
33,,,8436,,,,,,,1.0906637907028198,,,,,,,,,,,,,,,,,,,,,,,,,,,,,,,,,,,,
33,,,8437,,,,,,,1.092027187347412,,,,,,,,,,,,,,,,,,,,,,,,,,,,,,,,,,,,
33,,,8438,,,,,,,1.0803380012512207,,,,,,,,,,,,,,,,,,,,,,,,,,,,,,,,,,,,
33,,,8439,,,,,,,1.1154797077178955,,,,,,,,,,,,,,,,,,,,,,,,,,,,,,,,,,,,
33,,,8440,,,,,,,1.1472368240356445,,,,,,,,,,,,,,,,,,,,,,,,,,,,,,,,,,,,
33,,,8441,,,,,,,1.2017016410827637,,,,,,,,,,,,,,,,,,,,,,,,,,,,,,,,,,,,
33,,,8442,,,,,,,1.1031326055526733,,,,,,,,,,,,,,,,,,,,,,,,,,,,,,,,,,,,
33,,,8443,,,,,,,1.0951377153396606,,,,,,,,,,,,,,,,,,,,,,,,,,,,,,,,,,,,
33,,,8444,,,,,,,1.0834788084030151,,,,,,,,,,,,,,,,,,,,,,,,,,,,,,,,,,,,
33,,,8445,,,,,,,1.095625638961792,,,,,,,,,,,,,,,,,,,,,,,,,,,,,,,,,,,,
33,,,8446,,,,,,,1.1239081621170044,,,,,,,,,,,,,,,,,,,,,,,,,,,,,,,,,,,,
33,,,8447,,,,,,,1.1072275638580322,,,,,,,,,,,,,,,,,,,,,,,,,,,,,,,,,,,,
33,,,8448,,,,,,,1.110595464706421,,,,,,,,,,,,,,,,,,,,,,,,,,,,,,,,,,,,
33,,,8449,,,,,,,1.1192272901535034,,,,,,,,,,,,,,,,,,,,,,,,,,,,,,,,,,,,
33,,,8450,,,,,,,1.103102207183838,,,,,,,,,,,,,,,,,,,,,,,,,,,,,,,,,,,,
33,,,8451,,,,,,,1.0804647207260132,,,,,,,,,,,,,,,,,,,,,,,,,,,,,,,,,,,,
33,,,8452,,,,,,,1.1211491823196411,,,,,,,,,,,,,,,,,,,,,,,,,,,,,,,,,,,,
33,,,8453,,,,,,,1.1041285991668701,,,,,,,,,,,,,,,,,,,,,,,,,,,,,,,,,,,,
33,,,8454,,,,,,,1.0874539613723755,,,,,,,,,,,,,,,,,,,,,,,,,,,,,,,,,,,,
33,,,8455,,,,,,,1.1061939001083374,,,,,,,,,,,,,,,,,,,,,,,,,,,,,,,,,,,,
33,,,8456,,,,,,,1.127420425415039,,,,,,,,,,,,,,,,,,,,,,,,,,,,,,,,,,,,
33,,,8457,,,,,,,1.0955449342727661,,,,,,,,,,,,,,,,,,,,,,,,,,,,,,,,,,,,
33,,,8458,,,,,,,1.088930606842041,,,,,,,,,,,,,,,,,,,,,,,,,,,,,,,,,,,,
33,,,8459,,,,,,,1.0892010927200317,,,,,,,,,,,,,,,,,,,,,,,,,,,,,,,,,,,,
33,,,8460,,,,,,,1.102482795715332,,,,,,,,,,,,,,,,,,,,,,,,,,,,,,,,,,,,
33,,,8461,,,,,,,1.0870753526687622,,,,,,,,,,,,,,,,,,,,,,,,,,,,,,,,,,,,
33,,,8462,,,,,,,1.1095153093338013,,,,,,,,,,,,,,,,,,,,,,,,,,,,,,,,,,,,
33,,,8463,,,,,,,1.0914192199707031,,,,,,,,,,,,,,,,,,,,,,,,,,,,,,,,,,,,
33,,,8464,,,,,,,1.1063563823699951,,,,,,,,,,,,,,,,,,,,,,,,,,,,,,,,,,,,
33,,,8465,,,,,,,1.1251366138458252,,,,,,,,,,,,,,,,,,,,,,,,,,,,,,,,,,,,
33,,,8466,,,,,,,1.091752529144287,,,,,,,,,,,,,,,,,,,,,,,,,,,,,,,,,,,,
33,,,8467,,,,,,,1.0923163890838623,,,,,,,,,,,,,,,,,,,,,,,,,,,,,,,,,,,,
33,,,8468,,,,,,,1.1080957651138306,,,,,,,,,,,,,,,,,,,,,,,,,,,,,,,,,,,,
33,,,8469,,,,,,,1.11650812625885,,,,,,,,,,,,,,,,,,,,,,,,,,,,,,,,,,,,
33,,,8470,,,,,,,1.1159261465072632,,,,,,,,,,,,,,,,,,,,,,,,,,,,,,,,,,,,
33,,,8471,,,,,,,1.1742174625396729,,,,,,,,,,,,,,,,,,,,,,,,,,,,,,,,,,,,
33,,,8472,,,,,,,1.1443449258804321,,,,,,,,,,,,,,,,,,,,,,,,,,,,,,,,,,,,
33,,,8473,,,,,,,1.1115440130233765,,,,,,,,,,,,,,,,,,,,,,,,,,,,,,,,,,,,
33,,,8474,,,,,,,1.1567304134368896,,,,,,,,,,,,,,,,,,,,,,,,,,,,,,,,,,,,
33,,,8475,,,,,,,1.106844186782837,,,,,,,,,,,,,,,,,,,,,,,,,,,,,,,,,,,,
33,,,8476,,,,,,,1.0979856252670288,,,,,,,,,,,,,,,,,,,,,,,,,,,,,,,,,,,,
33,,,8477,,,,,,,1.0898497104644775,,,,,,,,,,,,,,,,,,,,,,,,,,,,,,,,,,,,
33,,,8478,,,,,,,1.0946173667907715,,,,,,,,,,,,,,,,,,,,,,,,,,,,,,,,,,,,
33,,,8479,,,,,,,1.1052660942077637,,,,,,,,,,,,,,,,,,,,,,,,,,,,,,,,,,,,
33,,,8480,,,,,,,1.0873651504516602,,,,,,,,,,,,,,,,,,,,,,,,,,,,,,,,,,,,
33,,,8481,,,,,,,1.1243360042572021,,,,,,,,,,,,,,,,,,,,,,,,,,,,,,,,,,,,
33,,,8482,,,,,,,1.1849579811096191,,,,,,,,,,,,,,,,,,,,,,,,,,,,,,,,,,,,
33,,,8483,,,,,,,1.0990811586380005,,,,,,,,,,,,,,,,,,,,,,,,,,,,,,,,,,,,
33,,,8484,,,,,,,1.092739224433899,,,,,,,,,,,,,,,,,,,,,,,,,,,,,,,,,,,,
33,,,8485,,,,,,,1.1289931535720825,,,,,,,,,,,,,,,,,,,,,,,,,,,,,,,,,,,,
33,,,8486,,,,,,,1.0953483581542969,,,,,,,,,,,,,,,,,,,,,,,,,,,,,,,,,,,,
33,,,8487,,,,,,,1.1744561195373535,,,,,,,,,,,,,,,,,,,,,,,,,,,,,,,,,,,,
33,,,8488,,,,,,,1.082697868347168,,,,,,,,,,,,,,,,,,,,,,,,,,,,,,,,,,,,
33,,,8489,,,,,,,1.0940353870391846,,,,,,,,,,,,,,,,,,,,,,,,,,,,,,,,,,,,
33,,,8490,,,,,,,1.0996181964874268,,,,,,,,,,,,,,,,,,,,,,,,,,,,,,,,,,,,
33,,,8491,,,,,,,1.1515767574310303,,,,,,,,,,,,,,,,,,,,,,,,,,,,,,,,,,,,
33,,,8492,,,,,,,1.0898953676223755,,,,,,,,,,,,,,,,,,,,,,,,,,,,,,,,,,,,
33,,,8493,,,,,,,1.099355936050415,,,,,,,,,,,,,,,,,,,,,,,,,,,,,,,,,,,,
33,,,8494,,,,,,,1.094226598739624,,,,,,,,,,,,,,,,,,,,,,,,,,,,,,,,,,,,
33,,,8495,,,,,,,1.0910320281982422,,,,,,,,,,,,,,,,,,,,,,,,,,,,,,,,,,,,
33,,,8496,,,,,,,1.0930719375610352,,,,,,,,,,,,,,,,,,,,,,,,,,,,,,,,,,,,
33,,,8497,,,,,,,1.0816012620925903,,,,,,,,,,,,,,,,,,,,,,,,,,,,,,,,,,,,
33,,,8498,,,,,,,1.0872118473052979,,,,,,,,,,,,,,,,,,,,,,,,,,,,,,,,,,,,
33,,,8499,,,,,,,1.129984974861145,,,,,,,,,,,,,,,,,,,,,,,,,,,,,,,,,,,,
33,,,8499,,,,,,,,,,0.2092522829771042,0.004749540705233812,0.6748046875,1.349609375,53.0732421875,0.6748046875,271790.65625,0.8375710248947144,0.8375710248947144,1.0,0.292572021484375,53.0732421875,0.6748046875,0.93199622631073,0.04764033108949661,22118.0,0.0018549746600911021,0.0027489059139043093,0.41840383410453796,0.6200369000434875,0.005473545286804438,1475.0,0.017096130177378654,0.025334930047392845,0.26884210109710693,0.39839985966682434,0.013941499404609203,7373.0,0.004769034683704376,0.007067281287163496,0.3443806767463684,0.510341227054596,0.016447288915514946,0.00035992596531286836
33,,20.0,8499,264970.46875,0.8505728244781494,0.852840006351471,1.1080124378204346,0.852840006351471,1.0,,0.30100390315055847,0.9169999957084656,,,,,,,,,,,,,,,,,,,,,,,,,,,,,,,,,,
,1.6349021371744823e-05,,8500,,,,,,,,,,,,,,,,,,,,,,,,,,,,,,,,,,,,,,,,,,,
34,,,8500,,,,,,,1.1024280786514282,,,,,,,,,,,,,,,,,,,,,,,,,,,,,,,,,,,,
34,,,8501,,,,,,,1.1268084049224854,,,,,,,,,,,,,,,,,,,,,,,,,,,,,,,,,,,,
34,,,8502,,,,,,,1.0872704982757568,,,,,,,,,,,,,,,,,,,,,,,,,,,,,,,,,,,,
34,,,8503,,,,,,,1.087294101715088,,,,,,,,,,,,,,,,,,,,,,,,,,,,,,,,,,,,
34,,,8504,,,,,,,1.1183408498764038,,,,,,,,,,,,,,,,,,,,,,,,,,,,,,,,,,,,
34,,,8505,,,,,,,1.0830433368682861,,,,,,,,,,,,,,,,,,,,,,,,,,,,,,,,,,,,
34,,,8506,,,,,,,1.0945582389831543,,,,,,,,,,,,,,,,,,,,,,,,,,,,,,,,,,,,
34,,,8507,,,,,,,1.0942901372909546,,,,,,,,,,,,,,,,,,,,,,,,,,,,,,,,,,,,
34,,,8508,,,,,,,1.1085065603256226,,,,,,,,,,,,,,,,,,,,,,,,,,,,,,,,,,,,
34,,,8509,,,,,,,1.1128337383270264,,,,,,,,,,,,,,,,,,,,,,,,,,,,,,,,,,,,
34,,,8510,,,,,,,1.0872539281845093,,,,,,,,,,,,,,,,,,,,,,,,,,,,,,,,,,,,
34,,,8511,,,,,,,1.1133514642715454,,,,,,,,,,,,,,,,,,,,,,,,,,,,,,,,,,,,
34,,,8512,,,,,,,1.0815626382827759,,,,,,,,,,,,,,,,,,,,,,,,,,,,,,,,,,,,
34,,,8513,,,,,,,1.0941858291625977,,,,,,,,,,,,,,,,,,,,,,,,,,,,,,,,,,,,
34,,,8514,,,,,,,1.1474069356918335,,,,,,,,,,,,,,,,,,,,,,,,,,,,,,,,,,,,
34,,,8515,,,,,,,1.0906991958618164,,,,,,,,,,,,,,,,,,,,,,,,,,,,,,,,,,,,
34,,,8516,,,,,,,1.1203105449676514,,,,,,,,,,,,,,,,,,,,,,,,,,,,,,,,,,,,
34,,,8517,,,,,,,1.10399329662323,,,,,,,,,,,,,,,,,,,,,,,,,,,,,,,,,,,,
34,,,8518,,,,,,,1.2218804359436035,,,,,,,,,,,,,,,,,,,,,,,,,,,,,,,,,,,,
34,,,8519,,,,,,,1.085880994796753,,,,,,,,,,,,,,,,,,,,,,,,,,,,,,,,,,,,
34,,,8520,,,,,,,1.100809097290039,,,,,,,,,,,,,,,,,,,,,,,,,,,,,,,,,,,,
34,,,8521,,,,,,,1.0922431945800781,,,,,,,,,,,,,,,,,,,,,,,,,,,,,,,,,,,,
34,,,8522,,,,,,,1.086978554725647,,,,,,,,,,,,,,,,,,,,,,,,,,,,,,,,,,,,
34,,,8523,,,,,,,1.102355718612671,,,,,,,,,,,,,,,,,,,,,,,,,,,,,,,,,,,,
34,,,8524,,,,,,,1.104785442352295,,,,,,,,,,,,,,,,,,,,,,,,,,,,,,,,,,,,
34,,,8525,,,,,,,1.0915241241455078,,,,,,,,,,,,,,,,,,,,,,,,,,,,,,,,,,,,
34,,,8526,,,,,,,1.116866946220398,,,,,,,,,,,,,,,,,,,,,,,,,,,,,,,,,,,,
34,,,8527,,,,,,,1.0838267803192139,,,,,,,,,,,,,,,,,,,,,,,,,,,,,,,,,,,,
34,,,8528,,,,,,,1.0882833003997803,,,,,,,,,,,,,,,,,,,,,,,,,,,,,,,,,,,,
34,,,8529,,,,,,,1.122484803199768,,,,,,,,,,,,,,,,,,,,,,,,,,,,,,,,,,,,
34,,,8530,,,,,,,1.0983178615570068,,,,,,,,,,,,,,,,,,,,,,,,,,,,,,,,,,,,
34,,,8531,,,,,,,1.0902060270309448,,,,,,,,,,,,,,,,,,,,,,,,,,,,,,,,,,,,
34,,,8532,,,,,,,1.0864251852035522,,,,,,,,,,,,,,,,,,,,,,,,,,,,,,,,,,,,
34,,,8533,,,,,,,1.0911054611206055,,,,,,,,,,,,,,,,,,,,,,,,,,,,,,,,,,,,
34,,,8534,,,,,,,1.0876516103744507,,,,,,,,,,,,,,,,,,,,,,,,,,,,,,,,,,,,
34,,,8535,,,,,,,1.1321085691452026,,,,,,,,,,,,,,,,,,,,,,,,,,,,,,,,,,,,
34,,,8536,,,,,,,1.0959985256195068,,,,,,,,,,,,,,,,,,,,,,,,,,,,,,,,,,,,
34,,,8537,,,,,,,1.1267093420028687,,,,,,,,,,,,,,,,,,,,,,,,,,,,,,,,,,,,
34,,,8538,,,,,,,1.085710883140564,,,,,,,,,,,,,,,,,,,,,,,,,,,,,,,,,,,,
34,,,8539,,,,,,,1.098407506942749,,,,,,,,,,,,,,,,,,,,,,,,,,,,,,,,,,,,
34,,,8540,,,,,,,1.1766877174377441,,,,,,,,,,,,,,,,,,,,,,,,,,,,,,,,,,,,
34,,,8541,,,,,,,1.1195200681686401,,,,,,,,,,,,,,,,,,,,,,,,,,,,,,,,,,,,
34,,,8542,,,,,,,1.1068291664123535,,,,,,,,,,,,,,,,,,,,,,,,,,,,,,,,,,,,
34,,,8543,,,,,,,1.0832139253616333,,,,,,,,,,,,,,,,,,,,,,,,,,,,,,,,,,,,
34,,,8544,,,,,,,1.0903644561767578,,,,,,,,,,,,,,,,,,,,,,,,,,,,,,,,,,,,
34,,,8545,,,,,,,1.094099760055542,,,,,,,,,,,,,,,,,,,,,,,,,,,,,,,,,,,,
34,,,8546,,,,,,,1.1012887954711914,,,,,,,,,,,,,,,,,,,,,,,,,,,,,,,,,,,,
34,,,8547,,,,,,,1.124032735824585,,,,,,,,,,,,,,,,,,,,,,,,,,,,,,,,,,,,
34,,,8548,,,,,,,1.108751893043518,,,,,,,,,,,,,,,,,,,,,,,,,,,,,,,,,,,,
34,,,8549,,,,,,,1.1009021997451782,,,,,,,,,,,,,,,,,,,,,,,,,,,,,,,,,,,,
34,,,8550,,,,,,,1.2229245901107788,,,,,,,,,,,,,,,,,,,,,,,,,,,,,,,,,,,,
34,,,8551,,,,,,,1.126254916191101,,,,,,,,,,,,,,,,,,,,,,,,,,,,,,,,,,,,
34,,,8552,,,,,,,1.112804889678955,,,,,,,,,,,,,,,,,,,,,,,,,,,,,,,,,,,,
34,,,8553,,,,,,,1.097415566444397,,,,,,,,,,,,,,,,,,,,,,,,,,,,,,,,,,,,
34,,,8554,,,,,,,1.0964117050170898,,,,,,,,,,,,,,,,,,,,,,,,,,,,,,,,,,,,
34,,,8555,,,,,,,1.152113676071167,,,,,,,,,,,,,,,,,,,,,,,,,,,,,,,,,,,,
34,,,8556,,,,,,,1.0804252624511719,,,,,,,,,,,,,,,,,,,,,,,,,,,,,,,,,,,,
34,,,8557,,,,,,,1.0835351943969727,,,,,,,,,,,,,,,,,,,,,,,,,,,,,,,,,,,,
34,,,8558,,,,,,,1.1002800464630127,,,,,,,,,,,,,,,,,,,,,,,,,,,,,,,,,,,,
34,,,8559,,,,,,,1.0867265462875366,,,,,,,,,,,,,,,,,,,,,,,,,,,,,,,,,,,,
34,,,8560,,,,,,,1.103387475013733,,,,,,,,,,,,,,,,,,,,,,,,,,,,,,,,,,,,
34,,,8561,,,,,,,1.164331078529358,,,,,,,,,,,,,,,,,,,,,,,,,,,,,,,,,,,,
34,,,8562,,,,,,,1.094716191291809,,,,,,,,,,,,,,,,,,,,,,,,,,,,,,,,,,,,
34,,,8563,,,,,,,1.1115074157714844,,,,,,,,,,,,,,,,,,,,,,,,,,,,,,,,,,,,
34,,,8564,,,,,,,1.0953426361083984,,,,,,,,,,,,,,,,,,,,,,,,,,,,,,,,,,,,
34,,,8565,,,,,,,1.1079208850860596,,,,,,,,,,,,,,,,,,,,,,,,,,,,,,,,,,,,
34,,,8566,,,,,,,1.0855741500854492,,,,,,,,,,,,,,,,,,,,,,,,,,,,,,,,,,,,
34,,,8567,,,,,,,1.0861432552337646,,,,,,,,,,,,,,,,,,,,,,,,,,,,,,,,,,,,
34,,,8568,,,,,,,1.122617244720459,,,,,,,,,,,,,,,,,,,,,,,,,,,,,,,,,,,,
34,,,8569,,,,,,,1.1616451740264893,,,,,,,,,,,,,,,,,,,,,,,,,,,,,,,,,,,,
34,,,8570,,,,,,,1.1137762069702148,,,,,,,,,,,,,,,,,,,,,,,,,,,,,,,,,,,,
34,,,8571,,,,,,,1.1145095825195312,,,,,,,,,,,,,,,,,,,,,,,,,,,,,,,,,,,,
34,,,8572,,,,,,,1.1394516229629517,,,,,,,,,,,,,,,,,,,,,,,,,,,,,,,,,,,,
34,,,8573,,,,,,,1.0806548595428467,,,,,,,,,,,,,,,,,,,,,,,,,,,,,,,,,,,,
34,,,8574,,,,,,,1.2654030323028564,,,,,,,,,,,,,,,,,,,,,,,,,,,,,,,,,,,,
34,,,8575,,,,,,,1.1248635053634644,,,,,,,,,,,,,,,,,,,,,,,,,,,,,,,,,,,,
34,,,8576,,,,,,,1.0836849212646484,,,,,,,,,,,,,,,,,,,,,,,,,,,,,,,,,,,,
34,,,8577,,,,,,,1.08420991897583,,,,,,,,,,,,,,,,,,,,,,,,,,,,,,,,,,,,
34,,,8578,,,,,,,1.0861446857452393,,,,,,,,,,,,,,,,,,,,,,,,,,,,,,,,,,,,
34,,,8579,,,,,,,1.0988409519195557,,,,,,,,,,,,,,,,,,,,,,,,,,,,,,,,,,,,
34,,,8580,,,,,,,1.089410662651062,,,,,,,,,,,,,,,,,,,,,,,,,,,,,,,,,,,,
34,,,8581,,,,,,,1.091709852218628,,,,,,,,,,,,,,,,,,,,,,,,,,,,,,,,,,,,
34,,,8582,,,,,,,1.087408185005188,,,,,,,,,,,,,,,,,,,,,,,,,,,,,,,,,,,,
34,,,8583,,,,,,,1.1263716220855713,,,,,,,,,,,,,,,,,,,,,,,,,,,,,,,,,,,,
34,,,8584,,,,,,,1.1161632537841797,,,,,,,,,,,,,,,,,,,,,,,,,,,,,,,,,,,,
34,,,8585,,,,,,,1.0903902053833008,,,,,,,,,,,,,,,,,,,,,,,,,,,,,,,,,,,,
34,,,8586,,,,,,,1.1773070096969604,,,,,,,,,,,,,,,,,,,,,,,,,,,,,,,,,,,,
34,,,8587,,,,,,,1.1245219707489014,,,,,,,,,,,,,,,,,,,,,,,,,,,,,,,,,,,,
34,,,8588,,,,,,,1.122627854347229,,,,,,,,,,,,,,,,,,,,,,,,,,,,,,,,,,,,
34,,,8589,,,,,,,1.1120318174362183,,,,,,,,,,,,,,,,,,,,,,,,,,,,,,,,,,,,
34,,,8590,,,,,,,1.080382227897644,,,,,,,,,,,,,,,,,,,,,,,,,,,,,,,,,,,,
34,,,8591,,,,,,,1.0803134441375732,,,,,,,,,,,,,,,,,,,,,,,,,,,,,,,,,,,,
34,,,8592,,,,,,,1.095710277557373,,,,,,,,,,,,,,,,,,,,,,,,,,,,,,,,,,,,
34,,,8593,,,,,,,1.093097448348999,,,,,,,,,,,,,,,,,,,,,,,,,,,,,,,,,,,,
34,,,8594,,,,,,,1.0899324417114258,,,,,,,,,,,,,,,,,,,,,,,,,,,,,,,,,,,,
34,,,8595,,,,,,,1.1284068822860718,,,,,,,,,,,,,,,,,,,,,,,,,,,,,,,,,,,,
34,,,8596,,,,,,,1.0809924602508545,,,,,,,,,,,,,,,,,,,,,,,,,,,,,,,,,,,,
34,,,8597,,,,,,,1.0837169885635376,,,,,,,,,,,,,,,,,,,,,,,,,,,,,,,,,,,,
34,,,8598,,,,,,,1.1300666332244873,,,,,,,,,,,,,,,,,,,,,,,,,,,,,,,,,,,,
34,,,8599,,,,,,,1.1181095838546753,,,,,,,,,,,,,,,,,,,,,,,,,,,,,,,,,,,,
34,,,8600,,,,,,,1.0925849676132202,,,,,,,,,,,,,,,,,,,,,,,,,,,,,,,,,,,,
34,,,8601,,,,,,,1.1141668558120728,,,,,,,,,,,,,,,,,,,,,,,,,,,,,,,,,,,,
34,,,8602,,,,,,,1.1057075262069702,,,,,,,,,,,,,,,,,,,,,,,,,,,,,,,,,,,,
34,,,8603,,,,,,,1.0801669359207153,,,,,,,,,,,,,,,,,,,,,,,,,,,,,,,,,,,,
34,,,8604,,,,,,,1.1347198486328125,,,,,,,,,,,,,,,,,,,,,,,,,,,,,,,,,,,,
34,,,8605,,,,,,,1.0953369140625,,,,,,,,,,,,,,,,,,,,,,,,,,,,,,,,,,,,
34,,,8606,,,,,,,1.134596586227417,,,,,,,,,,,,,,,,,,,,,,,,,,,,,,,,,,,,
34,,,8607,,,,,,,1.0918108224868774,,,,,,,,,,,,,,,,,,,,,,,,,,,,,,,,,,,,
34,,,8608,,,,,,,1.0852361917495728,,,,,,,,,,,,,,,,,,,,,,,,,,,,,,,,,,,,
34,,,8609,,,,,,,1.0894203186035156,,,,,,,,,,,,,,,,,,,,,,,,,,,,,,,,,,,,
34,,,8610,,,,,,,1.0952028036117554,,,,,,,,,,,,,,,,,,,,,,,,,,,,,,,,,,,,
34,,,8611,,,,,,,1.1985747814178467,,,,,,,,,,,,,,,,,,,,,,,,,,,,,,,,,,,,
34,,,8612,,,,,,,1.0968241691589355,,,,,,,,,,,,,,,,,,,,,,,,,,,,,,,,,,,,
34,,,8613,,,,,,,1.1515263319015503,,,,,,,,,,,,,,,,,,,,,,,,,,,,,,,,,,,,
34,,,8614,,,,,,,1.0807262659072876,,,,,,,,,,,,,,,,,,,,,,,,,,,,,,,,,,,,
34,,,8615,,,,,,,1.0804359912872314,,,,,,,,,,,,,,,,,,,,,,,,,,,,,,,,,,,,
34,,,8616,,,,,,,1.1198145151138306,,,,,,,,,,,,,,,,,,,,,,,,,,,,,,,,,,,,
34,,,8617,,,,,,,1.087875485420227,,,,,,,,,,,,,,,,,,,,,,,,,,,,,,,,,,,,
34,,,8618,,,,,,,1.0989978313446045,,,,,,,,,,,,,,,,,,,,,,,,,,,,,,,,,,,,
34,,,8619,,,,,,,1.0844770669937134,,,,,,,,,,,,,,,,,,,,,,,,,,,,,,,,,,,,
34,,,8620,,,,,,,1.0879374742507935,,,,,,,,,,,,,,,,,,,,,,,,,,,,,,,,,,,,
34,,,8621,,,,,,,1.0810215473175049,,,,,,,,,,,,,,,,,,,,,,,,,,,,,,,,,,,,
34,,,8622,,,,,,,1.0912950038909912,,,,,,,,,,,,,,,,,,,,,,,,,,,,,,,,,,,,
34,,,8623,,,,,,,1.0842366218566895,,,,,,,,,,,,,,,,,,,,,,,,,,,,,,,,,,,,
34,,,8624,,,,,,,1.0898163318634033,,,,,,,,,,,,,,,,,,,,,,,,,,,,,,,,,,,,
34,,,8625,,,,,,,1.1142090559005737,,,,,,,,,,,,,,,,,,,,,,,,,,,,,,,,,,,,
34,,,8626,,,,,,,1.1125311851501465,,,,,,,,,,,,,,,,,,,,,,,,,,,,,,,,,,,,
34,,,8627,,,,,,,1.1338776350021362,,,,,,,,,,,,,,,,,,,,,,,,,,,,,,,,,,,,
34,,,8628,,,,,,,1.094618797302246,,,,,,,,,,,,,,,,,,,,,,,,,,,,,,,,,,,,
34,,,8629,,,,,,,1.0928447246551514,,,,,,,,,,,,,,,,,,,,,,,,,,,,,,,,,,,,
34,,,8630,,,,,,,1.0926188230514526,,,,,,,,,,,,,,,,,,,,,,,,,,,,,,,,,,,,
34,,,8631,,,,,,,1.097083568572998,,,,,,,,,,,,,,,,,,,,,,,,,,,,,,,,,,,,
34,,,8632,,,,,,,1.096513032913208,,,,,,,,,,,,,,,,,,,,,,,,,,,,,,,,,,,,
34,,,8633,,,,,,,1.093394160270691,,,,,,,,,,,,,,,,,,,,,,,,,,,,,,,,,,,,
34,,,8634,,,,,,,1.0814458131790161,,,,,,,,,,,,,,,,,,,,,,,,,,,,,,,,,,,,
34,,,8635,,,,,,,1.0978126525878906,,,,,,,,,,,,,,,,,,,,,,,,,,,,,,,,,,,,
34,,,8636,,,,,,,1.1598174571990967,,,,,,,,,,,,,,,,,,,,,,,,,,,,,,,,,,,,
34,,,8637,,,,,,,1.1109862327575684,,,,,,,,,,,,,,,,,,,,,,,,,,,,,,,,,,,,
34,,,8638,,,,,,,1.1191906929016113,,,,,,,,,,,,,,,,,,,,,,,,,,,,,,,,,,,,
34,,,8639,,,,,,,1.13173246383667,,,,,,,,,,,,,,,,,,,,,,,,,,,,,,,,,,,,
34,,,8640,,,,,,,1.129141926765442,,,,,,,,,,,,,,,,,,,,,,,,,,,,,,,,,,,,
34,,,8641,,,,,,,1.1172242164611816,,,,,,,,,,,,,,,,,,,,,,,,,,,,,,,,,,,,
34,,,8642,,,,,,,1.0876357555389404,,,,,,,,,,,,,,,,,,,,,,,,,,,,,,,,,,,,
34,,,8643,,,,,,,1.0854049921035767,,,,,,,,,,,,,,,,,,,,,,,,,,,,,,,,,,,,
34,,,8644,,,,,,,1.1000995635986328,,,,,,,,,,,,,,,,,,,,,,,,,,,,,,,,,,,,
34,,,8645,,,,,,,1.0960253477096558,,,,,,,,,,,,,,,,,,,,,,,,,,,,,,,,,,,,
34,,,8646,,,,,,,1.1293270587921143,,,,,,,,,,,,,,,,,,,,,,,,,,,,,,,,,,,,
34,,,8647,,,,,,,1.1167411804199219,,,,,,,,,,,,,,,,,,,,,,,,,,,,,,,,,,,,
34,,,8648,,,,,,,1.089755892753601,,,,,,,,,,,,,,,,,,,,,,,,,,,,,,,,,,,,
34,,,8649,,,,,,,1.1062153577804565,,,,,,,,,,,,,,,,,,,,,,,,,,,,,,,,,,,,
34,,,8650,,,,,,,1.0962315797805786,,,,,,,,,,,,,,,,,,,,,,,,,,,,,,,,,,,,
34,,,8651,,,,,,,1.0827850103378296,,,,,,,,,,,,,,,,,,,,,,,,,,,,,,,,,,,,
34,,,8652,,,,,,,1.1609119176864624,,,,,,,,,,,,,,,,,,,,,,,,,,,,,,,,,,,,
34,,,8653,,,,,,,1.1564133167266846,,,,,,,,,,,,,,,,,,,,,,,,,,,,,,,,,,,,
34,,,8654,,,,,,,1.1094038486480713,,,,,,,,,,,,,,,,,,,,,,,,,,,,,,,,,,,,
34,,,8655,,,,,,,1.0846935510635376,,,,,,,,,,,,,,,,,,,,,,,,,,,,,,,,,,,,
34,,,8656,,,,,,,1.0810043811798096,,,,,,,,,,,,,,,,,,,,,,,,,,,,,,,,,,,,
34,,,8657,,,,,,,1.0892393589019775,,,,,,,,,,,,,,,,,,,,,,,,,,,,,,,,,,,,
34,,,8658,,,,,,,1.1007832288742065,,,,,,,,,,,,,,,,,,,,,,,,,,,,,,,,,,,,
34,,,8659,,,,,,,1.0930190086364746,,,,,,,,,,,,,,,,,,,,,,,,,,,,,,,,,,,,
34,,,8660,,,,,,,1.0819578170776367,,,,,,,,,,,,,,,,,,,,,,,,,,,,,,,,,,,,
34,,,8661,,,,,,,1.088188648223877,,,,,,,,,,,,,,,,,,,,,,,,,,,,,,,,,,,,
34,,,8662,,,,,,,1.0839170217514038,,,,,,,,,,,,,,,,,,,,,,,,,,,,,,,,,,,,
34,,,8663,,,,,,,1.088151454925537,,,,,,,,,,,,,,,,,,,,,,,,,,,,,,,,,,,,
34,,,8664,,,,,,,1.1099505424499512,,,,,,,,,,,,,,,,,,,,,,,,,,,,,,,,,,,,
34,,,8665,,,,,,,1.3026612997055054,,,,,,,,,,,,,,,,,,,,,,,,,,,,,,,,,,,,
34,,,8666,,,,,,,1.1168662309646606,,,,,,,,,,,,,,,,,,,,,,,,,,,,,,,,,,,,
34,,,8667,,,,,,,1.0947823524475098,,,,,,,,,,,,,,,,,,,,,,,,,,,,,,,,,,,,
34,,,8668,,,,,,,1.0927960872650146,,,,,,,,,,,,,,,,,,,,,,,,,,,,,,,,,,,,
34,,,8669,,,,,,,1.1157715320587158,,,,,,,,,,,,,,,,,,,,,,,,,,,,,,,,,,,,
34,,,8670,,,,,,,1.1000406742095947,,,,,,,,,,,,,,,,,,,,,,,,,,,,,,,,,,,,
34,,,8671,,,,,,,1.0909624099731445,,,,,,,,,,,,,,,,,,,,,,,,,,,,,,,,,,,,
34,,,8672,,,,,,,1.0812768936157227,,,,,,,,,,,,,,,,,,,,,,,,,,,,,,,,,,,,
34,,,8673,,,,,,,1.0890202522277832,,,,,,,,,,,,,,,,,,,,,,,,,,,,,,,,,,,,
34,,,8674,,,,,,,1.0915050506591797,,,,,,,,,,,,,,,,,,,,,,,,,,,,,,,,,,,,
34,,,8675,,,,,,,1.093102216720581,,,,,,,,,,,,,,,,,,,,,,,,,,,,,,,,,,,,
34,,,8676,,,,,,,1.0836161375045776,,,,,,,,,,,,,,,,,,,,,,,,,,,,,,,,,,,,
34,,,8677,,,,,,,1.0892670154571533,,,,,,,,,,,,,,,,,,,,,,,,,,,,,,,,,,,,
34,,,8678,,,,,,,1.154794692993164,,,,,,,,,,,,,,,,,,,,,,,,,,,,,,,,,,,,
34,,,8679,,,,,,,1.0932679176330566,,,,,,,,,,,,,,,,,,,,,,,,,,,,,,,,,,,,
34,,,8680,,,,,,,1.1225618124008179,,,,,,,,,,,,,,,,,,,,,,,,,,,,,,,,,,,,
34,,,8681,,,,,,,1.0822259187698364,,,,,,,,,,,,,,,,,,,,,,,,,,,,,,,,,,,,
34,,,8682,,,,,,,1.1289128065109253,,,,,,,,,,,,,,,,,,,,,,,,,,,,,,,,,,,,
34,,,8683,,,,,,,1.1188163757324219,,,,,,,,,,,,,,,,,,,,,,,,,,,,,,,,,,,,
34,,,8684,,,,,,,1.1792080402374268,,,,,,,,,,,,,,,,,,,,,,,,,,,,,,,,,,,,
34,,,8685,,,,,,,1.1880091428756714,,,,,,,,,,,,,,,,,,,,,,,,,,,,,,,,,,,,
34,,,8686,,,,,,,1.0825697183609009,,,,,,,,,,,,,,,,,,,,,,,,,,,,,,,,,,,,
34,,,8687,,,,,,,1.125274419784546,,,,,,,,,,,,,,,,,,,,,,,,,,,,,,,,,,,,
34,,,8688,,,,,,,1.0885405540466309,,,,,,,,,,,,,,,,,,,,,,,,,,,,,,,,,,,,
34,,,8689,,,,,,,1.0989997386932373,,,,,,,,,,,,,,,,,,,,,,,,,,,,,,,,,,,,
34,,,8690,,,,,,,1.0986050367355347,,,,,,,,,,,,,,,,,,,,,,,,,,,,,,,,,,,,
34,,,8691,,,,,,,1.0812153816223145,,,,,,,,,,,,,,,,,,,,,,,,,,,,,,,,,,,,
34,,,8692,,,,,,,1.0950825214385986,,,,,,,,,,,,,,,,,,,,,,,,,,,,,,,,,,,,
34,,,8693,,,,,,,1.0914943218231201,,,,,,,,,,,,,,,,,,,,,,,,,,,,,,,,,,,,
34,,,8694,,,,,,,1.1271041631698608,,,,,,,,,,,,,,,,,,,,,,,,,,,,,,,,,,,,
34,,,8695,,,,,,,1.0904662609100342,,,,,,,,,,,,,,,,,,,,,,,,,,,,,,,,,,,,
34,,,8696,,,,,,,1.099343180656433,,,,,,,,,,,,,,,,,,,,,,,,,,,,,,,,,,,,
34,,,8697,,,,,,,1.11033034324646,,,,,,,,,,,,,,,,,,,,,,,,,,,,,,,,,,,,
34,,,8698,,,,,,,1.0863714218139648,,,,,,,,,,,,,,,,,,,,,,,,,,,,,,,,,,,,
34,,,8699,,,,,,,1.088224172592163,,,,,,,,,,,,,,,,,,,,,,,,,,,,,,,,,,,,
34,,,8700,,,,,,,1.0976136922836304,,,,,,,,,,,,,,,,,,,,,,,,,,,,,,,,,,,,
34,,,8701,,,,,,,1.0914690494537354,,,,,,,,,,,,,,,,,,,,,,,,,,,,,,,,,,,,
34,,,8702,,,,,,,1.1198902130126953,,,,,,,,,,,,,,,,,,,,,,,,,,,,,,,,,,,,
34,,,8703,,,,,,,1.1191718578338623,,,,,,,,,,,,,,,,,,,,,,,,,,,,,,,,,,,,
34,,,8704,,,,,,,1.0987375974655151,,,,,,,,,,,,,,,,,,,,,,,,,,,,,,,,,,,,
34,,,8705,,,,,,,1.1024445295333862,,,,,,,,,,,,,,,,,,,,,,,,,,,,,,,,,,,,
34,,,8706,,,,,,,1.2523677349090576,,,,,,,,,,,,,,,,,,,,,,,,,,,,,,,,,,,,
34,,,8707,,,,,,,1.08064866065979,,,,,,,,,,,,,,,,,,,,,,,,,,,,,,,,,,,,
34,,,8708,,,,,,,1.094923496246338,,,,,,,,,,,,,,,,,,,,,,,,,,,,,,,,,,,,
34,,,8709,,,,,,,1.0855181217193604,,,,,,,,,,,,,,,,,,,,,,,,,,,,,,,,,,,,
34,,,8710,,,,,,,1.121387004852295,,,,,,,,,,,,,,,,,,,,,,,,,,,,,,,,,,,,
34,,,8711,,,,,,,1.0864399671554565,,,,,,,,,,,,,,,,,,,,,,,,,,,,,,,,,,,,
34,,,8712,,,,,,,1.146951675415039,,,,,,,,,,,,,,,,,,,,,,,,,,,,,,,,,,,,
34,,,8713,,,,,,,1.0823824405670166,,,,,,,,,,,,,,,,,,,,,,,,,,,,,,,,,,,,
34,,,8714,,,,,,,1.0993691682815552,,,,,,,,,,,,,,,,,,,,,,,,,,,,,,,,,,,,
34,,,8715,,,,,,,1.1470956802368164,,,,,,,,,,,,,,,,,,,,,,,,,,,,,,,,,,,,
34,,,8716,,,,,,,1.1025311946868896,,,,,,,,,,,,,,,,,,,,,,,,,,,,,,,,,,,,
34,,,8717,,,,,,,1.089766025543213,,,,,,,,,,,,,,,,,,,,,,,,,,,,,,,,,,,,
34,,,8718,,,,,,,1.087654948234558,,,,,,,,,,,,,,,,,,,,,,,,,,,,,,,,,,,,
34,,,8719,,,,,,,1.0912456512451172,,,,,,,,,,,,,,,,,,,,,,,,,,,,,,,,,,,,
34,,,8720,,,,,,,1.1028685569763184,,,,,,,,,,,,,,,,,,,,,,,,,,,,,,,,,,,,
34,,,8721,,,,,,,1.0875202417373657,,,,,,,,,,,,,,,,,,,,,,,,,,,,,,,,,,,,
34,,,8722,,,,,,,1.1142635345458984,,,,,,,,,,,,,,,,,,,,,,,,,,,,,,,,,,,,
34,,,8723,,,,,,,1.0806851387023926,,,,,,,,,,,,,,,,,,,,,,,,,,,,,,,,,,,,
34,,,8724,,,,,,,1.1172207593917847,,,,,,,,,,,,,,,,,,,,,,,,,,,,,,,,,,,,
34,,,8725,,,,,,,1.1712325811386108,,,,,,,,,,,,,,,,,,,,,,,,,,,,,,,,,,,,
34,,,8726,,,,,,,1.1038707494735718,,,,,,,,,,,,,,,,,,,,,,,,,,,,,,,,,,,,
34,,,8727,,,,,,,1.1006836891174316,,,,,,,,,,,,,,,,,,,,,,,,,,,,,,,,,,,,
34,,,8728,,,,,,,1.141584873199463,,,,,,,,,,,,,,,,,,,,,,,,,,,,,,,,,,,,
34,,,8729,,,,,,,1.0964508056640625,,,,,,,,,,,,,,,,,,,,,,,,,,,,,,,,,,,,
34,,,8730,,,,,,,1.1239475011825562,,,,,,,,,,,,,,,,,,,,,,,,,,,,,,,,,,,,
34,,,8731,,,,,,,1.0866905450820923,,,,,,,,,,,,,,,,,,,,,,,,,,,,,,,,,,,,
34,,,8732,,,,,,,1.118272304534912,,,,,,,,,,,,,,,,,,,,,,,,,,,,,,,,,,,,
34,,,8733,,,,,,,1.1034271717071533,,,,,,,,,,,,,,,,,,,,,,,,,,,,,,,,,,,,
34,,,8734,,,,,,,1.095491647720337,,,,,,,,,,,,,,,,,,,,,,,,,,,,,,,,,,,,
34,,,8735,,,,,,,1.1870224475860596,,,,,,,,,,,,,,,,,,,,,,,,,,,,,,,,,,,,
34,,,8736,,,,,,,1.089986801147461,,,,,,,,,,,,,,,,,,,,,,,,,,,,,,,,,,,,
34,,,8737,,,,,,,1.135316014289856,,,,,,,,,,,,,,,,,,,,,,,,,,,,,,,,,,,,
34,,,8738,,,,,,,1.0907917022705078,,,,,,,,,,,,,,,,,,,,,,,,,,,,,,,,,,,,
34,,,8739,,,,,,,1.0881212949752808,,,,,,,,,,,,,,,,,,,,,,,,,,,,,,,,,,,,
34,,,8740,,,,,,,1.1693847179412842,,,,,,,,,,,,,,,,,,,,,,,,,,,,,,,,,,,,
34,,,8741,,,,,,,1.0847290754318237,,,,,,,,,,,,,,,,,,,,,,,,,,,,,,,,,,,,
34,,,8742,,,,,,,1.0886473655700684,,,,,,,,,,,,,,,,,,,,,,,,,,,,,,,,,,,,
34,,,8743,,,,,,,1.1105151176452637,,,,,,,,,,,,,,,,,,,,,,,,,,,,,,,,,,,,
34,,,8744,,,,,,,1.1190632581710815,,,,,,,,,,,,,,,,,,,,,,,,,,,,,,,,,,,,
34,,,8745,,,,,,,1.214780569076538,,,,,,,,,,,,,,,,,,,,,,,,,,,,,,,,,,,,
34,,,8746,,,,,,,1.0813965797424316,,,,,,,,,,,,,,,,,,,,,,,,,,,,,,,,,,,,
34,,,8747,,,,,,,1.0912319421768188,,,,,,,,,,,,,,,,,,,,,,,,,,,,,,,,,,,,
34,,,8748,,,,,,,1.0801210403442383,,,,,,,,,,,,,,,,,,,,,,,,,,,,,,,,,,,,
34,,,8749,,,,,,,1.0921735763549805,,,,,,,,,,,,,,,,,,,,,,,,,,,,,,,,,,,,
34,,,8749,,,,,,,,,,0.2043161243200302,0.004500248935073614,0.6748046875,1.349609375,53.0732421875,0.6748046875,271790.65625,0.8375786542892456,0.8375786542892456,1.0,0.2926597595214844,53.0732421875,0.6748046875,0.9279659390449524,0.04746425151824951,22118.0,0.0018460110295563936,0.0027356226928532124,0.41690170764923096,0.6178109049797058,0.005447125993669033,1475.0,0.017039859667420387,0.025251543149352074,0.266149640083313,0.3944098651409149,0.01386609859764576,7373.0,0.004743603989481926,0.007029595319181681,0.3406420946121216,0.5048009753227234,0.01637624390423298,0.00035992596531286836
34,,20.0,8749,263463.25,0.8503006100654602,0.8528528809547424,1.1079427003860474,0.8528528809547424,1.0,,0.3011249899864197,0.9089999794960022,,,,,,,,,,,,,,,,,,,,,,,,,,,,,,,,,,
,1.1418070123306984e-05,,8750,,,,,,,,,,,,,,,,,,,,,,,,,,,,,,,,,,,,,,,,,,,
35,,,8750,,,,,,,1.095065951347351,,,,,,,,,,,,,,,,,,,,,,,,,,,,,,,,,,,,
35,,,8751,,,,,,,1.1170145273208618,,,,,,,,,,,,,,,,,,,,,,,,,,,,,,,,,,,,
35,,,8752,,,,,,,1.0834178924560547,,,,,,,,,,,,,,,,,,,,,,,,,,,,,,,,,,,,
35,,,8753,,,,,,,1.093894124031067,,,,,,,,,,,,,,,,,,,,,,,,,,,,,,,,,,,,
35,,,8754,,,,,,,1.1690058708190918,,,,,,,,,,,,,,,,,,,,,,,,,,,,,,,,,,,,
35,,,8755,,,,,,,1.1168370246887207,,,,,,,,,,,,,,,,,,,,,,,,,,,,,,,,,,,,
35,,,8756,,,,,,,1.1014658212661743,,,,,,,,,,,,,,,,,,,,,,,,,,,,,,,,,,,,
35,,,8757,,,,,,,1.1082520484924316,,,,,,,,,,,,,,,,,,,,,,,,,,,,,,,,,,,,
35,,,8758,,,,,,,1.0896588563919067,,,,,,,,,,,,,,,,,,,,,,,,,,,,,,,,,,,,
35,,,8759,,,,,,,1.0964086055755615,,,,,,,,,,,,,,,,,,,,,,,,,,,,,,,,,,,,
35,,,8760,,,,,,,1.0879387855529785,,,,,,,,,,,,,,,,,,,,,,,,,,,,,,,,,,,,
35,,,8761,,,,,,,1.0989885330200195,,,,,,,,,,,,,,,,,,,,,,,,,,,,,,,,,,,,
35,,,8762,,,,,,,1.0931966304779053,,,,,,,,,,,,,,,,,,,,,,,,,,,,,,,,,,,,
35,,,8763,,,,,,,1.0850235223770142,,,,,,,,,,,,,,,,,,,,,,,,,,,,,,,,,,,,
35,,,8764,,,,,,,1.1131402254104614,,,,,,,,,,,,,,,,,,,,,,,,,,,,,,,,,,,,
35,,,8765,,,,,,,1.0940284729003906,,,,,,,,,,,,,,,,,,,,,,,,,,,,,,,,,,,,
35,,,8766,,,,,,,1.0912675857543945,,,,,,,,,,,,,,,,,,,,,,,,,,,,,,,,,,,,
35,,,8767,,,,,,,1.0961613655090332,,,,,,,,,,,,,,,,,,,,,,,,,,,,,,,,,,,,
35,,,8768,,,,,,,1.1484417915344238,,,,,,,,,,,,,,,,,,,,,,,,,,,,,,,,,,,,
35,,,8769,,,,,,,1.1298106908798218,,,,,,,,,,,,,,,,,,,,,,,,,,,,,,,,,,,,
35,,,8770,,,,,,,1.0810062885284424,,,,,,,,,,,,,,,,,,,,,,,,,,,,,,,,,,,,
35,,,8771,,,,,,,1.0856082439422607,,,,,,,,,,,,,,,,,,,,,,,,,,,,,,,,,,,,
35,,,8772,,,,,,,1.080357313156128,,,,,,,,,,,,,,,,,,,,,,,,,,,,,,,,,,,,
35,,,8773,,,,,,,1.1105657815933228,,,,,,,,,,,,,,,,,,,,,,,,,,,,,,,,,,,,
35,,,8774,,,,,,,1.0811372995376587,,,,,,,,,,,,,,,,,,,,,,,,,,,,,,,,,,,,
35,,,8775,,,,,,,1.123712420463562,,,,,,,,,,,,,,,,,,,,,,,,,,,,,,,,,,,,
35,,,8776,,,,,,,1.1185877323150635,,,,,,,,,,,,,,,,,,,,,,,,,,,,,,,,,,,,
35,,,8777,,,,,,,1.1422555446624756,,,,,,,,,,,,,,,,,,,,,,,,,,,,,,,,,,,,
35,,,8778,,,,,,,1.081179141998291,,,,,,,,,,,,,,,,,,,,,,,,,,,,,,,,,,,,
35,,,8779,,,,,,,1.105043649673462,,,,,,,,,,,,,,,,,,,,,,,,,,,,,,,,,,,,
35,,,8780,,,,,,,1.0970436334609985,,,,,,,,,,,,,,,,,,,,,,,,,,,,,,,,,,,,
35,,,8781,,,,,,,1.1038752794265747,,,,,,,,,,,,,,,,,,,,,,,,,,,,,,,,,,,,
35,,,8782,,,,,,,1.090029001235962,,,,,,,,,,,,,,,,,,,,,,,,,,,,,,,,,,,,
35,,,8783,,,,,,,1.1249516010284424,,,,,,,,,,,,,,,,,,,,,,,,,,,,,,,,,,,,
35,,,8784,,,,,,,1.1361067295074463,,,,,,,,,,,,,,,,,,,,,,,,,,,,,,,,,,,,
35,,,8785,,,,,,,1.0942683219909668,,,,,,,,,,,,,,,,,,,,,,,,,,,,,,,,,,,,
35,,,8786,,,,,,,1.0883376598358154,,,,,,,,,,,,,,,,,,,,,,,,,,,,,,,,,,,,
35,,,8787,,,,,,,1.1027460098266602,,,,,,,,,,,,,,,,,,,,,,,,,,,,,,,,,,,,
35,,,8788,,,,,,,1.0880898237228394,,,,,,,,,,,,,,,,,,,,,,,,,,,,,,,,,,,,
35,,,8789,,,,,,,1.0998914241790771,,,,,,,,,,,,,,,,,,,,,,,,,,,,,,,,,,,,
35,,,8790,,,,,,,1.118915319442749,,,,,,,,,,,,,,,,,,,,,,,,,,,,,,,,,,,,
35,,,8791,,,,,,,1.0978600978851318,,,,,,,,,,,,,,,,,,,,,,,,,,,,,,,,,,,,
35,,,8792,,,,,,,1.0868338346481323,,,,,,,,,,,,,,,,,,,,,,,,,,,,,,,,,,,,
35,,,8793,,,,,,,1.1071391105651855,,,,,,,,,,,,,,,,,,,,,,,,,,,,,,,,,,,,
35,,,8794,,,,,,,1.0890694856643677,,,,,,,,,,,,,,,,,,,,,,,,,,,,,,,,,,,,
35,,,8795,,,,,,,1.0800836086273193,,,,,,,,,,,,,,,,,,,,,,,,,,,,,,,,,,,,
35,,,8796,,,,,,,1.1013134717941284,,,,,,,,,,,,,,,,,,,,,,,,,,,,,,,,,,,,
35,,,8797,,,,,,,1.0983216762542725,,,,,,,,,,,,,,,,,,,,,,,,,,,,,,,,,,,,
35,,,8798,,,,,,,1.0986453294754028,,,,,,,,,,,,,,,,,,,,,,,,,,,,,,,,,,,,
35,,,8799,,,,,,,1.1049315929412842,,,,,,,,,,,,,,,,,,,,,,,,,,,,,,,,,,,,
35,,,8800,,,,,,,1.124508261680603,,,,,,,,,,,,,,,,,,,,,,,,,,,,,,,,,,,,
35,,,8801,,,,,,,1.096930742263794,,,,,,,,,,,,,,,,,,,,,,,,,,,,,,,,,,,,
35,,,8802,,,,,,,1.081641435623169,,,,,,,,,,,,,,,,,,,,,,,,,,,,,,,,,,,,
35,,,8803,,,,,,,1.1076887845993042,,,,,,,,,,,,,,,,,,,,,,,,,,,,,,,,,,,,
35,,,8804,,,,,,,1.1153148412704468,,,,,,,,,,,,,,,,,,,,,,,,,,,,,,,,,,,,
35,,,8805,,,,,,,1.0805158615112305,,,,,,,,,,,,,,,,,,,,,,,,,,,,,,,,,,,,
35,,,8806,,,,,,,1.1954751014709473,,,,,,,,,,,,,,,,,,,,,,,,,,,,,,,,,,,,
35,,,8807,,,,,,,1.110144019126892,,,,,,,,,,,,,,,,,,,,,,,,,,,,,,,,,,,,
35,,,8808,,,,,,,1.0916163921356201,,,,,,,,,,,,,,,,,,,,,,,,,,,,,,,,,,,,
35,,,8809,,,,,,,1.0952129364013672,,,,,,,,,,,,,,,,,,,,,,,,,,,,,,,,,,,,
35,,,8810,,,,,,,1.1180044412612915,,,,,,,,,,,,,,,,,,,,,,,,,,,,,,,,,,,,
35,,,8811,,,,,,,1.1580268144607544,,,,,,,,,,,,,,,,,,,,,,,,,,,,,,,,,,,,
35,,,8812,,,,,,,1.0880863666534424,,,,,,,,,,,,,,,,,,,,,,,,,,,,,,,,,,,,
35,,,8813,,,,,,,1.0961745977401733,,,,,,,,,,,,,,,,,,,,,,,,,,,,,,,,,,,,
35,,,8814,,,,,,,1.0846389532089233,,,,,,,,,,,,,,,,,,,,,,,,,,,,,,,,,,,,
35,,,8815,,,,,,,1.0934206247329712,,,,,,,,,,,,,,,,,,,,,,,,,,,,,,,,,,,,
35,,,8816,,,,,,,1.0810080766677856,,,,,,,,,,,,,,,,,,,,,,,,,,,,,,,,,,,,
35,,,8817,,,,,,,1.1135293245315552,,,,,,,,,,,,,,,,,,,,,,,,,,,,,,,,,,,,
35,,,8818,,,,,,,1.0861533880233765,,,,,,,,,,,,,,,,,,,,,,,,,,,,,,,,,,,,
35,,,8819,,,,,,,1.0852763652801514,,,,,,,,,,,,,,,,,,,,,,,,,,,,,,,,,,,,
35,,,8820,,,,,,,1.1173712015151978,,,,,,,,,,,,,,,,,,,,,,,,,,,,,,,,,,,,
35,,,8821,,,,,,,1.0900522470474243,,,,,,,,,,,,,,,,,,,,,,,,,,,,,,,,,,,,
35,,,8822,,,,,,,1.1470627784729004,,,,,,,,,,,,,,,,,,,,,,,,,,,,,,,,,,,,
35,,,8823,,,,,,,1.2675431966781616,,,,,,,,,,,,,,,,,,,,,,,,,,,,,,,,,,,,
35,,,8824,,,,,,,1.1122772693634033,,,,,,,,,,,,,,,,,,,,,,,,,,,,,,,,,,,,
35,,,8825,,,,,,,1.179978847503662,,,,,,,,,,,,,,,,,,,,,,,,,,,,,,,,,,,,
35,,,8826,,,,,,,1.1014257669448853,,,,,,,,,,,,,,,,,,,,,,,,,,,,,,,,,,,,
35,,,8827,,,,,,,1.1173994541168213,,,,,,,,,,,,,,,,,,,,,,,,,,,,,,,,,,,,
35,,,8828,,,,,,,1.0801481008529663,,,,,,,,,,,,,,,,,,,,,,,,,,,,,,,,,,,,
35,,,8829,,,,,,,1.0828275680541992,,,,,,,,,,,,,,,,,,,,,,,,,,,,,,,,,,,,
35,,,8830,,,,,,,1.1320937871932983,,,,,,,,,,,,,,,,,,,,,,,,,,,,,,,,,,,,
35,,,8831,,,,,,,1.0938817262649536,,,,,,,,,,,,,,,,,,,,,,,,,,,,,,,,,,,,
35,,,8832,,,,,,,1.0812716484069824,,,,,,,,,,,,,,,,,,,,,,,,,,,,,,,,,,,,
35,,,8833,,,,,,,1.0932152271270752,,,,,,,,,,,,,,,,,,,,,,,,,,,,,,,,,,,,
35,,,8834,,,,,,,1.1092244386672974,,,,,,,,,,,,,,,,,,,,,,,,,,,,,,,,,,,,
35,,,8835,,,,,,,1.0951220989227295,,,,,,,,,,,,,,,,,,,,,,,,,,,,,,,,,,,,
35,,,8836,,,,,,,1.093170166015625,,,,,,,,,,,,,,,,,,,,,,,,,,,,,,,,,,,,
35,,,8837,,,,,,,1.0921573638916016,,,,,,,,,,,,,,,,,,,,,,,,,,,,,,,,,,,,
35,,,8838,,,,,,,1.102799415588379,,,,,,,,,,,,,,,,,,,,,,,,,,,,,,,,,,,,
35,,,8839,,,,,,,1.0811017751693726,,,,,,,,,,,,,,,,,,,,,,,,,,,,,,,,,,,,
35,,,8840,,,,,,,1.109438419342041,,,,,,,,,,,,,,,,,,,,,,,,,,,,,,,,,,,,
35,,,8841,,,,,,,1.0997200012207031,,,,,,,,,,,,,,,,,,,,,,,,,,,,,,,,,,,,
35,,,8842,,,,,,,1.113591194152832,,,,,,,,,,,,,,,,,,,,,,,,,,,,,,,,,,,,
35,,,8843,,,,,,,1.0858800411224365,,,,,,,,,,,,,,,,,,,,,,,,,,,,,,,,,,,,
35,,,8844,,,,,,,1.0920579433441162,,,,,,,,,,,,,,,,,,,,,,,,,,,,,,,,,,,,
35,,,8845,,,,,,,1.1342597007751465,,,,,,,,,,,,,,,,,,,,,,,,,,,,,,,,,,,,
35,,,8846,,,,,,,1.1330862045288086,,,,,,,,,,,,,,,,,,,,,,,,,,,,,,,,,,,,
35,,,8847,,,,,,,1.170163869857788,,,,,,,,,,,,,,,,,,,,,,,,,,,,,,,,,,,,
35,,,8848,,,,,,,1.0923806428909302,,,,,,,,,,,,,,,,,,,,,,,,,,,,,,,,,,,,
35,,,8849,,,,,,,1.0912485122680664,,,,,,,,,,,,,,,,,,,,,,,,,,,,,,,,,,,,
35,,,8850,,,,,,,1.0900946855545044,,,,,,,,,,,,,,,,,,,,,,,,,,,,,,,,,,,,
35,,,8851,,,,,,,1.0971245765686035,,,,,,,,,,,,,,,,,,,,,,,,,,,,,,,,,,,,
35,,,8852,,,,,,,1.0859191417694092,,,,,,,,,,,,,,,,,,,,,,,,,,,,,,,,,,,,
35,,,8853,,,,,,,1.1146413087844849,,,,,,,,,,,,,,,,,,,,,,,,,,,,,,,,,,,,
35,,,8854,,,,,,,1.0982108116149902,,,,,,,,,,,,,,,,,,,,,,,,,,,,,,,,,,,,
35,,,8855,,,,,,,1.1008933782577515,,,,,,,,,,,,,,,,,,,,,,,,,,,,,,,,,,,,
35,,,8856,,,,,,,1.0994166135787964,,,,,,,,,,,,,,,,,,,,,,,,,,,,,,,,,,,,
35,,,8857,,,,,,,1.083682894706726,,,,,,,,,,,,,,,,,,,,,,,,,,,,,,,,,,,,
35,,,8858,,,,,,,1.141835331916809,,,,,,,,,,,,,,,,,,,,,,,,,,,,,,,,,,,,
35,,,8859,,,,,,,1.0888580083847046,,,,,,,,,,,,,,,,,,,,,,,,,,,,,,,,,,,,
35,,,8860,,,,,,,1.1002700328826904,,,,,,,,,,,,,,,,,,,,,,,,,,,,,,,,,,,,
35,,,8861,,,,,,,1.1144208908081055,,,,,,,,,,,,,,,,,,,,,,,,,,,,,,,,,,,,
35,,,8862,,,,,,,1.1258747577667236,,,,,,,,,,,,,,,,,,,,,,,,,,,,,,,,,,,,
35,,,8863,,,,,,,1.0831010341644287,,,,,,,,,,,,,,,,,,,,,,,,,,,,,,,,,,,,
35,,,8864,,,,,,,1.1704716682434082,,,,,,,,,,,,,,,,,,,,,,,,,,,,,,,,,,,,
35,,,8865,,,,,,,1.0889791250228882,,,,,,,,,,,,,,,,,,,,,,,,,,,,,,,,,,,,
35,,,8866,,,,,,,1.0837557315826416,,,,,,,,,,,,,,,,,,,,,,,,,,,,,,,,,,,,
35,,,8867,,,,,,,1.1573175191879272,,,,,,,,,,,,,,,,,,,,,,,,,,,,,,,,,,,,
35,,,8868,,,,,,,1.209306001663208,,,,,,,,,,,,,,,,,,,,,,,,,,,,,,,,,,,,
35,,,8869,,,,,,,1.1229987144470215,,,,,,,,,,,,,,,,,,,,,,,,,,,,,,,,,,,,
35,,,8870,,,,,,,1.098281979560852,,,,,,,,,,,,,,,,,,,,,,,,,,,,,,,,,,,,
35,,,8871,,,,,,,1.0925288200378418,,,,,,,,,,,,,,,,,,,,,,,,,,,,,,,,,,,,
35,,,8872,,,,,,,1.09666109085083,,,,,,,,,,,,,,,,,,,,,,,,,,,,,,,,,,,,
35,,,8873,,,,,,,1.080582857131958,,,,,,,,,,,,,,,,,,,,,,,,,,,,,,,,,,,,
35,,,8874,,,,,,,1.0963141918182373,,,,,,,,,,,,,,,,,,,,,,,,,,,,,,,,,,,,
35,,,8875,,,,,,,1.0953983068466187,,,,,,,,,,,,,,,,,,,,,,,,,,,,,,,,,,,,
35,,,8876,,,,,,,1.1377638578414917,,,,,,,,,,,,,,,,,,,,,,,,,,,,,,,,,,,,
35,,,8877,,,,,,,1.0909638404846191,,,,,,,,,,,,,,,,,,,,,,,,,,,,,,,,,,,,
35,,,8878,,,,,,,1.1047205924987793,,,,,,,,,,,,,,,,,,,,,,,,,,,,,,,,,,,,
35,,,8879,,,,,,,1.0907648801803589,,,,,,,,,,,,,,,,,,,,,,,,,,,,,,,,,,,,
35,,,8880,,,,,,,1.1237115859985352,,,,,,,,,,,,,,,,,,,,,,,,,,,,,,,,,,,,
35,,,8881,,,,,,,1.1105324029922485,,,,,,,,,,,,,,,,,,,,,,,,,,,,,,,,,,,,
35,,,8882,,,,,,,1.0912601947784424,,,,,,,,,,,,,,,,,,,,,,,,,,,,,,,,,,,,
35,,,8883,,,,,,,1.1381341218948364,,,,,,,,,,,,,,,,,,,,,,,,,,,,,,,,,,,,
35,,,8884,,,,,,,1.1143314838409424,,,,,,,,,,,,,,,,,,,,,,,,,,,,,,,,,,,,
35,,,8885,,,,,,,1.2466275691986084,,,,,,,,,,,,,,,,,,,,,,,,,,,,,,,,,,,,
35,,,8886,,,,,,,1.085062861442566,,,,,,,,,,,,,,,,,,,,,,,,,,,,,,,,,,,,
35,,,8887,,,,,,,1.1070679426193237,,,,,,,,,,,,,,,,,,,,,,,,,,,,,,,,,,,,
35,,,8888,,,,,,,1.139747142791748,,,,,,,,,,,,,,,,,,,,,,,,,,,,,,,,,,,,
35,,,8889,,,,,,,1.1031495332717896,,,,,,,,,,,,,,,,,,,,,,,,,,,,,,,,,,,,
35,,,8890,,,,,,,1.1509767770767212,,,,,,,,,,,,,,,,,,,,,,,,,,,,,,,,,,,,
35,,,8891,,,,,,,1.178274154663086,,,,,,,,,,,,,,,,,,,,,,,,,,,,,,,,,,,,
35,,,8892,,,,,,,1.1508710384368896,,,,,,,,,,,,,,,,,,,,,,,,,,,,,,,,,,,,
35,,,8893,,,,,,,1.1034575700759888,,,,,,,,,,,,,,,,,,,,,,,,,,,,,,,,,,,,
35,,,8894,,,,,,,1.1170750856399536,,,,,,,,,,,,,,,,,,,,,,,,,,,,,,,,,,,,
35,,,8895,,,,,,,1.0827175378799438,,,,,,,,,,,,,,,,,,,,,,,,,,,,,,,,,,,,
35,,,8896,,,,,,,1.1704914569854736,,,,,,,,,,,,,,,,,,,,,,,,,,,,,,,,,,,,
35,,,8897,,,,,,,1.10431706905365,,,,,,,,,,,,,,,,,,,,,,,,,,,,,,,,,,,,
35,,,8898,,,,,,,1.0945672988891602,,,,,,,,,,,,,,,,,,,,,,,,,,,,,,,,,,,,
35,,,8899,,,,,,,1.0999319553375244,,,,,,,,,,,,,,,,,,,,,,,,,,,,,,,,,,,,
35,,,8900,,,,,,,1.0924971103668213,,,,,,,,,,,,,,,,,,,,,,,,,,,,,,,,,,,,
35,,,8901,,,,,,,1.0886708498001099,,,,,,,,,,,,,,,,,,,,,,,,,,,,,,,,,,,,
35,,,8902,,,,,,,1.0929932594299316,,,,,,,,,,,,,,,,,,,,,,,,,,,,,,,,,,,,
35,,,8903,,,,,,,1.0909408330917358,,,,,,,,,,,,,,,,,,,,,,,,,,,,,,,,,,,,
35,,,8904,,,,,,,1.0973631143569946,,,,,,,,,,,,,,,,,,,,,,,,,,,,,,,,,,,,
35,,,8905,,,,,,,1.1262439489364624,,,,,,,,,,,,,,,,,,,,,,,,,,,,,,,,,,,,
35,,,8906,,,,,,,1.1037769317626953,,,,,,,,,,,,,,,,,,,,,,,,,,,,,,,,,,,,
35,,,8907,,,,,,,1.142250895500183,,,,,,,,,,,,,,,,,,,,,,,,,,,,,,,,,,,,
35,,,8908,,,,,,,1.1509488821029663,,,,,,,,,,,,,,,,,,,,,,,,,,,,,,,,,,,,
35,,,8909,,,,,,,1.103833556175232,,,,,,,,,,,,,,,,,,,,,,,,,,,,,,,,,,,,
35,,,8910,,,,,,,1.0975263118743896,,,,,,,,,,,,,,,,,,,,,,,,,,,,,,,,,,,,
35,,,8911,,,,,,,1.1024717092514038,,,,,,,,,,,,,,,,,,,,,,,,,,,,,,,,,,,,
35,,,8912,,,,,,,1.0957406759262085,,,,,,,,,,,,,,,,,,,,,,,,,,,,,,,,,,,,
35,,,8913,,,,,,,1.1155121326446533,,,,,,,,,,,,,,,,,,,,,,,,,,,,,,,,,,,,
35,,,8914,,,,,,,1.1120803356170654,,,,,,,,,,,,,,,,,,,,,,,,,,,,,,,,,,,,
35,,,8915,,,,,,,1.0931673049926758,,,,,,,,,,,,,,,,,,,,,,,,,,,,,,,,,,,,
35,,,8916,,,,,,,1.0952363014221191,,,,,,,,,,,,,,,,,,,,,,,,,,,,,,,,,,,,
35,,,8917,,,,,,,1.0801419019699097,,,,,,,,,,,,,,,,,,,,,,,,,,,,,,,,,,,,
35,,,8918,,,,,,,1.1024680137634277,,,,,,,,,,,,,,,,,,,,,,,,,,,,,,,,,,,,
35,,,8919,,,,,,,1.080090880393982,,,,,,,,,,,,,,,,,,,,,,,,,,,,,,,,,,,,
35,,,8920,,,,,,,1.1179760694503784,,,,,,,,,,,,,,,,,,,,,,,,,,,,,,,,,,,,
35,,,8921,,,,,,,1.0858343839645386,,,,,,,,,,,,,,,,,,,,,,,,,,,,,,,,,,,,
35,,,8922,,,,,,,1.0829732418060303,,,,,,,,,,,,,,,,,,,,,,,,,,,,,,,,,,,,
35,,,8923,,,,,,,1.0915803909301758,,,,,,,,,,,,,,,,,,,,,,,,,,,,,,,,,,,,
35,,,8924,,,,,,,1.1296627521514893,,,,,,,,,,,,,,,,,,,,,,,,,,,,,,,,,,,,
35,,,8925,,,,,,,1.1060068607330322,,,,,,,,,,,,,,,,,,,,,,,,,,,,,,,,,,,,
35,,,8926,,,,,,,1.0961226224899292,,,,,,,,,,,,,,,,,,,,,,,,,,,,,,,,,,,,
35,,,8927,,,,,,,1.1009316444396973,,,,,,,,,,,,,,,,,,,,,,,,,,,,,,,,,,,,
35,,,8928,,,,,,,1.1228235960006714,,,,,,,,,,,,,,,,,,,,,,,,,,,,,,,,,,,,
35,,,8929,,,,,,,1.131874442100525,,,,,,,,,,,,,,,,,,,,,,,,,,,,,,,,,,,,
35,,,8930,,,,,,,1.104722023010254,,,,,,,,,,,,,,,,,,,,,,,,,,,,,,,,,,,,
35,,,8931,,,,,,,1.0936768054962158,,,,,,,,,,,,,,,,,,,,,,,,,,,,,,,,,,,,
35,,,8932,,,,,,,1.1569043397903442,,,,,,,,,,,,,,,,,,,,,,,,,,,,,,,,,,,,
35,,,8933,,,,,,,1.1024261713027954,,,,,,,,,,,,,,,,,,,,,,,,,,,,,,,,,,,,
35,,,8934,,,,,,,1.136230230331421,,,,,,,,,,,,,,,,,,,,,,,,,,,,,,,,,,,,
35,,,8935,,,,,,,1.114768385887146,,,,,,,,,,,,,,,,,,,,,,,,,,,,,,,,,,,,
35,,,8936,,,,,,,1.0881298780441284,,,,,,,,,,,,,,,,,,,,,,,,,,,,,,,,,,,,
35,,,8937,,,,,,,1.0881186723709106,,,,,,,,,,,,,,,,,,,,,,,,,,,,,,,,,,,,
35,,,8938,,,,,,,1.1012983322143555,,,,,,,,,,,,,,,,,,,,,,,,,,,,,,,,,,,,
35,,,8939,,,,,,,1.080427885055542,,,,,,,,,,,,,,,,,,,,,,,,,,,,,,,,,,,,
35,,,8940,,,,,,,1.091047763824463,,,,,,,,,,,,,,,,,,,,,,,,,,,,,,,,,,,,
35,,,8941,,,,,,,1.0828168392181396,,,,,,,,,,,,,,,,,,,,,,,,,,,,,,,,,,,,
35,,,8942,,,,,,,1.1377534866333008,,,,,,,,,,,,,,,,,,,,,,,,,,,,,,,,,,,,
35,,,8943,,,,,,,1.0930726528167725,,,,,,,,,,,,,,,,,,,,,,,,,,,,,,,,,,,,
35,,,8944,,,,,,,1.0804452896118164,,,,,,,,,,,,,,,,,,,,,,,,,,,,,,,,,,,,
35,,,8945,,,,,,,1.1069825887680054,,,,,,,,,,,,,,,,,,,,,,,,,,,,,,,,,,,,
35,,,8946,,,,,,,1.1032428741455078,,,,,,,,,,,,,,,,,,,,,,,,,,,,,,,,,,,,
35,,,8947,,,,,,,1.0810105800628662,,,,,,,,,,,,,,,,,,,,,,,,,,,,,,,,,,,,
35,,,8948,,,,,,,1.1154603958129883,,,,,,,,,,,,,,,,,,,,,,,,,,,,,,,,,,,,
35,,,8949,,,,,,,1.099009394645691,,,,,,,,,,,,,,,,,,,,,,,,,,,,,,,,,,,,
35,,,8950,,,,,,,1.2412534952163696,,,,,,,,,,,,,,,,,,,,,,,,,,,,,,,,,,,,
35,,,8951,,,,,,,1.0852028131484985,,,,,,,,,,,,,,,,,,,,,,,,,,,,,,,,,,,,
35,,,8952,,,,,,,1.13473641872406,,,,,,,,,,,,,,,,,,,,,,,,,,,,,,,,,,,,
35,,,8953,,,,,,,1.1101717948913574,,,,,,,,,,,,,,,,,,,,,,,,,,,,,,,,,,,,
35,,,8954,,,,,,,1.0941001176834106,,,,,,,,,,,,,,,,,,,,,,,,,,,,,,,,,,,,
35,,,8955,,,,,,,1.100843906402588,,,,,,,,,,,,,,,,,,,,,,,,,,,,,,,,,,,,
35,,,8956,,,,,,,1.154349446296692,,,,,,,,,,,,,,,,,,,,,,,,,,,,,,,,,,,,
35,,,8957,,,,,,,1.1098792552947998,,,,,,,,,,,,,,,,,,,,,,,,,,,,,,,,,,,,
35,,,8958,,,,,,,1.12070631980896,,,,,,,,,,,,,,,,,,,,,,,,,,,,,,,,,,,,
35,,,8959,,,,,,,1.138689398765564,,,,,,,,,,,,,,,,,,,,,,,,,,,,,,,,,,,,
35,,,8960,,,,,,,1.098644495010376,,,,,,,,,,,,,,,,,,,,,,,,,,,,,,,,,,,,
35,,,8961,,,,,,,1.1029412746429443,,,,,,,,,,,,,,,,,,,,,,,,,,,,,,,,,,,,
35,,,8962,,,,,,,1.1262218952178955,,,,,,,,,,,,,,,,,,,,,,,,,,,,,,,,,,,,
35,,,8963,,,,,,,1.166255235671997,,,,,,,,,,,,,,,,,,,,,,,,,,,,,,,,,,,,
35,,,8964,,,,,,,1.0851200819015503,,,,,,,,,,,,,,,,,,,,,,,,,,,,,,,,,,,,
35,,,8965,,,,,,,1.0862720012664795,,,,,,,,,,,,,,,,,,,,,,,,,,,,,,,,,,,,
35,,,8966,,,,,,,1.097185730934143,,,,,,,,,,,,,,,,,,,,,,,,,,,,,,,,,,,,
35,,,8967,,,,,,,1.121281623840332,,,,,,,,,,,,,,,,,,,,,,,,,,,,,,,,,,,,
35,,,8968,,,,,,,1.1175401210784912,,,,,,,,,,,,,,,,,,,,,,,,,,,,,,,,,,,,
35,,,8969,,,,,,,1.1020785570144653,,,,,,,,,,,,,,,,,,,,,,,,,,,,,,,,,,,,
35,,,8970,,,,,,,1.1094298362731934,,,,,,,,,,,,,,,,,,,,,,,,,,,,,,,,,,,,
35,,,8971,,,,,,,1.1146503686904907,,,,,,,,,,,,,,,,,,,,,,,,,,,,,,,,,,,,
35,,,8972,,,,,,,1.0947496891021729,,,,,,,,,,,,,,,,,,,,,,,,,,,,,,,,,,,,
35,,,8973,,,,,,,1.0872958898544312,,,,,,,,,,,,,,,,,,,,,,,,,,,,,,,,,,,,
35,,,8974,,,,,,,1.0936875343322754,,,,,,,,,,,,,,,,,,,,,,,,,,,,,,,,,,,,
35,,,8975,,,,,,,1.0902093648910522,,,,,,,,,,,,,,,,,,,,,,,,,,,,,,,,,,,,
35,,,8976,,,,,,,1.1480576992034912,,,,,,,,,,,,,,,,,,,,,,,,,,,,,,,,,,,,
35,,,8977,,,,,,,1.0929597616195679,,,,,,,,,,,,,,,,,,,,,,,,,,,,,,,,,,,,
35,,,8978,,,,,,,1.1803447008132935,,,,,,,,,,,,,,,,,,,,,,,,,,,,,,,,,,,,
35,,,8979,,,,,,,1.1011003255844116,,,,,,,,,,,,,,,,,,,,,,,,,,,,,,,,,,,,
35,,,8980,,,,,,,1.088783860206604,,,,,,,,,,,,,,,,,,,,,,,,,,,,,,,,,,,,
35,,,8981,,,,,,,1.0873894691467285,,,,,,,,,,,,,,,,,,,,,,,,,,,,,,,,,,,,
35,,,8982,,,,,,,1.0846664905548096,,,,,,,,,,,,,,,,,,,,,,,,,,,,,,,,,,,,
35,,,8983,,,,,,,1.126892328262329,,,,,,,,,,,,,,,,,,,,,,,,,,,,,,,,,,,,
35,,,8984,,,,,,,1.0877376794815063,,,,,,,,,,,,,,,,,,,,,,,,,,,,,,,,,,,,
35,,,8985,,,,,,,1.1006550788879395,,,,,,,,,,,,,,,,,,,,,,,,,,,,,,,,,,,,
35,,,8986,,,,,,,1.1196675300598145,,,,,,,,,,,,,,,,,,,,,,,,,,,,,,,,,,,,
35,,,8987,,,,,,,1.1031439304351807,,,,,,,,,,,,,,,,,,,,,,,,,,,,,,,,,,,,
35,,,8988,,,,,,,1.1091132164001465,,,,,,,,,,,,,,,,,,,,,,,,,,,,,,,,,,,,
35,,,8989,,,,,,,1.0800479650497437,,,,,,,,,,,,,,,,,,,,,,,,,,,,,,,,,,,,
35,,,8990,,,,,,,1.0928981304168701,,,,,,,,,,,,,,,,,,,,,,,,,,,,,,,,,,,,
35,,,8991,,,,,,,1.1000313758850098,,,,,,,,,,,,,,,,,,,,,,,,,,,,,,,,,,,,
35,,,8992,,,,,,,1.1123781204223633,,,,,,,,,,,,,,,,,,,,,,,,,,,,,,,,,,,,
35,,,8993,,,,,,,1.0877323150634766,,,,,,,,,,,,,,,,,,,,,,,,,,,,,,,,,,,,
35,,,8994,,,,,,,1.1044399738311768,,,,,,,,,,,,,,,,,,,,,,,,,,,,,,,,,,,,
35,,,8995,,,,,,,1.0964336395263672,,,,,,,,,,,,,,,,,,,,,,,,,,,,,,,,,,,,
35,,,8996,,,,,,,1.1025958061218262,,,,,,,,,,,,,,,,,,,,,,,,,,,,,,,,,,,,
35,,,8997,,,,,,,1.0886404514312744,,,,,,,,,,,,,,,,,,,,,,,,,,,,,,,,,,,,
35,,,8998,,,,,,,1.1049714088439941,,,,,,,,,,,,,,,,,,,,,,,,,,,,,,,,,,,,
35,,,8999,,,,,,,1.1416960954666138,,,,,,,,,,,,,,,,,,,,,,,,,,,,,,,,,,,,
35,,,8999,,,,,,,,,,0.202538400888443,0.0045692636631429195,0.6748046875,1.349609375,53.0732421875,0.6748046875,271790.65625,0.8375838398933411,0.8375838398933411,1.0,0.2931098937988281,53.0732421875,0.6748046875,0.9308939576148987,0.04753904417157173,22118.0,0.0018449515337124467,0.0027340524829924107,0.4103529155254364,0.6081061959266663,0.005443630274385214,1475.0,0.01706104725599289,0.02528293989598751,0.26795846223831177,0.3970903754234314,0.01388825848698616,7373.0,0.004751154221594334,0.007040784228593111,0.34134525060653687,0.5058430433273315,0.01639610156416893,0.00035992596531286836
35,,20.0,8999,263538.6875,0.8513892889022827,0.8538829684257507,1.1092994213104248,0.8538829684257507,1.0,,0.3012343645095825,0.9259999990463257,,,,,,,,,,,,,,,,,,,,,,,,,,,,,,,,,,
,7.3415225557269666e-06,,9000,,,,,,,,,,,,,,,,,,,,,,,,,,,,,,,,,,,,,,,,,,,
36,,,9000,,,,,,,1.0935074090957642,,,,,,,,,,,,,,,,,,,,,,,,,,,,,,,,,,,,
36,,,9001,,,,,,,1.0962384939193726,,,,,,,,,,,,,,,,,,,,,,,,,,,,,,,,,,,,
36,,,9002,,,,,,,1.2055227756500244,,,,,,,,,,,,,,,,,,,,,,,,,,,,,,,,,,,,
36,,,9003,,,,,,,1.0805877447128296,,,,,,,,,,,,,,,,,,,,,,,,,,,,,,,,,,,,
36,,,9004,,,,,,,1.0918610095977783,,,,,,,,,,,,,,,,,,,,,,,,,,,,,,,,,,,,
36,,,9005,,,,,,,1.1437430381774902,,,,,,,,,,,,,,,,,,,,,,,,,,,,,,,,,,,,
36,,,9006,,,,,,,1.0948851108551025,,,,,,,,,,,,,,,,,,,,,,,,,,,,,,,,,,,,
36,,,9007,,,,,,,1.1293349266052246,,,,,,,,,,,,,,,,,,,,,,,,,,,,,,,,,,,,
36,,,9008,,,,,,,1.1019235849380493,,,,,,,,,,,,,,,,,,,,,,,,,,,,,,,,,,,,
36,,,9009,,,,,,,1.1235755681991577,,,,,,,,,,,,,,,,,,,,,,,,,,,,,,,,,,,,
36,,,9010,,,,,,,1.0888668298721313,,,,,,,,,,,,,,,,,,,,,,,,,,,,,,,,,,,,
36,,,9011,,,,,,,1.0871511697769165,,,,,,,,,,,,,,,,,,,,,,,,,,,,,,,,,,,,
36,,,9012,,,,,,,1.0911036729812622,,,,,,,,,,,,,,,,,,,,,,,,,,,,,,,,,,,,
36,,,9013,,,,,,,1.091435194015503,,,,,,,,,,,,,,,,,,,,,,,,,,,,,,,,,,,,
36,,,9014,,,,,,,1.100033164024353,,,,,,,,,,,,,,,,,,,,,,,,,,,,,,,,,,,,
36,,,9015,,,,,,,1.0865542888641357,,,,,,,,,,,,,,,,,,,,,,,,,,,,,,,,,,,,
36,,,9016,,,,,,,1.1194229125976562,,,,,,,,,,,,,,,,,,,,,,,,,,,,,,,,,,,,
36,,,9017,,,,,,,1.1237401962280273,,,,,,,,,,,,,,,,,,,,,,,,,,,,,,,,,,,,
36,,,9018,,,,,,,1.0895278453826904,,,,,,,,,,,,,,,,,,,,,,,,,,,,,,,,,,,,
36,,,9019,,,,,,,1.095024824142456,,,,,,,,,,,,,,,,,,,,,,,,,,,,,,,,,,,,
36,,,9020,,,,,,,1.0962269306182861,,,,,,,,,,,,,,,,,,,,,,,,,,,,,,,,,,,,
36,,,9021,,,,,,,1.1218092441558838,,,,,,,,,,,,,,,,,,,,,,,,,,,,,,,,,,,,
36,,,9022,,,,,,,1.1071007251739502,,,,,,,,,,,,,,,,,,,,,,,,,,,,,,,,,,,,
36,,,9023,,,,,,,1.099417805671692,,,,,,,,,,,,,,,,,,,,,,,,,,,,,,,,,,,,
36,,,9024,,,,,,,1.0803343057632446,,,,,,,,,,,,,,,,,,,,,,,,,,,,,,,,,,,,
36,,,9025,,,,,,,1.0913830995559692,,,,,,,,,,,,,,,,,,,,,,,,,,,,,,,,,,,,
36,,,9026,,,,,,,1.0871778726577759,,,,,,,,,,,,,,,,,,,,,,,,,,,,,,,,,,,,
36,,,9027,,,,,,,1.0921136140823364,,,,,,,,,,,,,,,,,,,,,,,,,,,,,,,,,,,,
36,,,9028,,,,,,,1.103407859802246,,,,,,,,,,,,,,,,,,,,,,,,,,,,,,,,,,,,
36,,,9029,,,,,,,1.1077980995178223,,,,,,,,,,,,,,,,,,,,,,,,,,,,,,,,,,,,
36,,,9030,,,,,,,1.1247762441635132,,,,,,,,,,,,,,,,,,,,,,,,,,,,,,,,,,,,
36,,,9031,,,,,,,1.0802093744277954,,,,,,,,,,,,,,,,,,,,,,,,,,,,,,,,,,,,
36,,,9032,,,,,,,1.1042442321777344,,,,,,,,,,,,,,,,,,,,,,,,,,,,,,,,,,,,
36,,,9033,,,,,,,1.1045522689819336,,,,,,,,,,,,,,,,,,,,,,,,,,,,,,,,,,,,
36,,,9034,,,,,,,1.1319388151168823,,,,,,,,,,,,,,,,,,,,,,,,,,,,,,,,,,,,
36,,,9035,,,,,,,1.1252233982086182,,,,,,,,,,,,,,,,,,,,,,,,,,,,,,,,,,,,
36,,,9036,,,,,,,1.0926629304885864,,,,,,,,,,,,,,,,,,,,,,,,,,,,,,,,,,,,
36,,,9037,,,,,,,1.0897347927093506,,,,,,,,,,,,,,,,,,,,,,,,,,,,,,,,,,,,
36,,,9038,,,,,,,1.145279884338379,,,,,,,,,,,,,,,,,,,,,,,,,,,,,,,,,,,,
36,,,9039,,,,,,,1.1066902875900269,,,,,,,,,,,,,,,,,,,,,,,,,,,,,,,,,,,,
36,,,9040,,,,,,,1.1016989946365356,,,,,,,,,,,,,,,,,,,,,,,,,,,,,,,,,,,,
36,,,9041,,,,,,,1.115757942199707,,,,,,,,,,,,,,,,,,,,,,,,,,,,,,,,,,,,
36,,,9042,,,,,,,1.0943763256072998,,,,,,,,,,,,,,,,,,,,,,,,,,,,,,,,,,,,
36,,,9043,,,,,,,1.0967230796813965,,,,,,,,,,,,,,,,,,,,,,,,,,,,,,,,,,,,
36,,,9044,,,,,,,1.0883736610412598,,,,,,,,,,,,,,,,,,,,,,,,,,,,,,,,,,,,
36,,,9045,,,,,,,1.126697301864624,,,,,,,,,,,,,,,,,,,,,,,,,,,,,,,,,,,,
36,,,9046,,,,,,,1.0821577310562134,,,,,,,,,,,,,,,,,,,,,,,,,,,,,,,,,,,,
36,,,9047,,,,,,,1.1108372211456299,,,,,,,,,,,,,,,,,,,,,,,,,,,,,,,,,,,,
36,,,9048,,,,,,,1.0807558298110962,,,,,,,,,,,,,,,,,,,,,,,,,,,,,,,,,,,,
36,,,9049,,,,,,,1.1023842096328735,,,,,,,,,,,,,,,,,,,,,,,,,,,,,,,,,,,,
36,,,9050,,,,,,,1.0894300937652588,,,,,,,,,,,,,,,,,,,,,,,,,,,,,,,,,,,,
36,,,9051,,,,,,,1.0961887836456299,,,,,,,,,,,,,,,,,,,,,,,,,,,,,,,,,,,,
36,,,9052,,,,,,,1.1198413372039795,,,,,,,,,,,,,,,,,,,,,,,,,,,,,,,,,,,,
36,,,9053,,,,,,,1.1718742847442627,,,,,,,,,,,,,,,,,,,,,,,,,,,,,,,,,,,,
36,,,9054,,,,,,,1.1361325979232788,,,,,,,,,,,,,,,,,,,,,,,,,,,,,,,,,,,,
36,,,9055,,,,,,,1.0921251773834229,,,,,,,,,,,,,,,,,,,,,,,,,,,,,,,,,,,,
36,,,9056,,,,,,,1.0930900573730469,,,,,,,,,,,,,,,,,,,,,,,,,,,,,,,,,,,,
36,,,9057,,,,,,,1.094163417816162,,,,,,,,,,,,,,,,,,,,,,,,,,,,,,,,,,,,
36,,,9058,,,,,,,1.0820136070251465,,,,,,,,,,,,,,,,,,,,,,,,,,,,,,,,,,,,
36,,,9059,,,,,,,1.0876399278640747,,,,,,,,,,,,,,,,,,,,,,,,,,,,,,,,,,,,
36,,,9060,,,,,,,1.1001518964767456,,,,,,,,,,,,,,,,,,,,,,,,,,,,,,,,,,,,
36,,,9061,,,,,,,1.0813417434692383,,,,,,,,,,,,,,,,,,,,,,,,,,,,,,,,,,,,
36,,,9062,,,,,,,1.0839177370071411,,,,,,,,,,,,,,,,,,,,,,,,,,,,,,,,,,,,
36,,,9063,,,,,,,1.1106703281402588,,,,,,,,,,,,,,,,,,,,,,,,,,,,,,,,,,,,
36,,,9064,,,,,,,1.1109328269958496,,,,,,,,,,,,,,,,,,,,,,,,,,,,,,,,,,,,
36,,,9065,,,,,,,1.1197359561920166,,,,,,,,,,,,,,,,,,,,,,,,,,,,,,,,,,,,
36,,,9066,,,,,,,1.1020523309707642,,,,,,,,,,,,,,,,,,,,,,,,,,,,,,,,,,,,
36,,,9067,,,,,,,1.106020450592041,,,,,,,,,,,,,,,,,,,,,,,,,,,,,,,,,,,,
36,,,9068,,,,,,,1.1330418586730957,,,,,,,,,,,,,,,,,,,,,,,,,,,,,,,,,,,,
36,,,9069,,,,,,,1.1064198017120361,,,,,,,,,,,,,,,,,,,,,,,,,,,,,,,,,,,,
36,,,9070,,,,,,,1.1073449850082397,,,,,,,,,,,,,,,,,,,,,,,,,,,,,,,,,,,,
36,,,9071,,,,,,,1.0866057872772217,,,,,,,,,,,,,,,,,,,,,,,,,,,,,,,,,,,,
36,,,9072,,,,,,,1.109525442123413,,,,,,,,,,,,,,,,,,,,,,,,,,,,,,,,,,,,
36,,,9073,,,,,,,1.1124355792999268,,,,,,,,,,,,,,,,,,,,,,,,,,,,,,,,,,,,
36,,,9074,,,,,,,1.1383105516433716,,,,,,,,,,,,,,,,,,,,,,,,,,,,,,,,,,,,
36,,,9075,,,,,,,1.1179008483886719,,,,,,,,,,,,,,,,,,,,,,,,,,,,,,,,,,,,
36,,,9076,,,,,,,1.0878702402114868,,,,,,,,,,,,,,,,,,,,,,,,,,,,,,,,,,,,
36,,,9077,,,,,,,1.1219043731689453,,,,,,,,,,,,,,,,,,,,,,,,,,,,,,,,,,,,
36,,,9078,,,,,,,1.2096405029296875,,,,,,,,,,,,,,,,,,,,,,,,,,,,,,,,,,,,
36,,,9079,,,,,,,1.1324360370635986,,,,,,,,,,,,,,,,,,,,,,,,,,,,,,,,,,,,
36,,,9080,,,,,,,1.1294389963150024,,,,,,,,,,,,,,,,,,,,,,,,,,,,,,,,,,,,
36,,,9081,,,,,,,1.1288301944732666,,,,,,,,,,,,,,,,,,,,,,,,,,,,,,,,,,,,
36,,,9082,,,,,,,1.0846753120422363,,,,,,,,,,,,,,,,,,,,,,,,,,,,,,,,,,,,
36,,,9083,,,,,,,1.1011600494384766,,,,,,,,,,,,,,,,,,,,,,,,,,,,,,,,,,,,
36,,,9084,,,,,,,1.0907524824142456,,,,,,,,,,,,,,,,,,,,,,,,,,,,,,,,,,,,
36,,,9085,,,,,,,1.0873165130615234,,,,,,,,,,,,,,,,,,,,,,,,,,,,,,,,,,,,
36,,,9086,,,,,,,1.0932352542877197,,,,,,,,,,,,,,,,,,,,,,,,,,,,,,,,,,,,
36,,,9087,,,,,,,1.191008448600769,,,,,,,,,,,,,,,,,,,,,,,,,,,,,,,,,,,,
36,,,9088,,,,,,,1.1326857805252075,,,,,,,,,,,,,,,,,,,,,,,,,,,,,,,,,,,,
36,,,9089,,,,,,,1.1530019044876099,,,,,,,,,,,,,,,,,,,,,,,,,,,,,,,,,,,,
36,,,9090,,,,,,,1.080535650253296,,,,,,,,,,,,,,,,,,,,,,,,,,,,,,,,,,,,
36,,,9091,,,,,,,1.0801527500152588,,,,,,,,,,,,,,,,,,,,,,,,,,,,,,,,,,,,
36,,,9092,,,,,,,1.1072494983673096,,,,,,,,,,,,,,,,,,,,,,,,,,,,,,,,,,,,
36,,,9093,,,,,,,1.0842610597610474,,,,,,,,,,,,,,,,,,,,,,,,,,,,,,,,,,,,
36,,,9094,,,,,,,1.0914491415023804,,,,,,,,,,,,,,,,,,,,,,,,,,,,,,,,,,,,
36,,,9095,,,,,,,1.0895185470581055,,,,,,,,,,,,,,,,,,,,,,,,,,,,,,,,,,,,
36,,,9096,,,,,,,1.1109514236450195,,,,,,,,,,,,,,,,,,,,,,,,,,,,,,,,,,,,
36,,,9097,,,,,,,1.1000897884368896,,,,,,,,,,,,,,,,,,,,,,,,,,,,,,,,,,,,
36,,,9098,,,,,,,1.105940580368042,,,,,,,,,,,,,,,,,,,,,,,,,,,,,,,,,,,,
36,,,9099,,,,,,,1.1693428754806519,,,,,,,,,,,,,,,,,,,,,,,,,,,,,,,,,,,,
36,,,9100,,,,,,,1.0954012870788574,,,,,,,,,,,,,,,,,,,,,,,,,,,,,,,,,,,,
36,,,9101,,,,,,,1.1014351844787598,,,,,,,,,,,,,,,,,,,,,,,,,,,,,,,,,,,,
36,,,9102,,,,,,,1.0997965335845947,,,,,,,,,,,,,,,,,,,,,,,,,,,,,,,,,,,,
36,,,9103,,,,,,,1.0913081169128418,,,,,,,,,,,,,,,,,,,,,,,,,,,,,,,,,,,,
36,,,9104,,,,,,,1.1104371547698975,,,,,,,,,,,,,,,,,,,,,,,,,,,,,,,,,,,,
36,,,9105,,,,,,,1.0849292278289795,,,,,,,,,,,,,,,,,,,,,,,,,,,,,,,,,,,,
36,,,9106,,,,,,,1.1028501987457275,,,,,,,,,,,,,,,,,,,,,,,,,,,,,,,,,,,,
36,,,9107,,,,,,,1.0980608463287354,,,,,,,,,,,,,,,,,,,,,,,,,,,,,,,,,,,,
36,,,9108,,,,,,,1.0927393436431885,,,,,,,,,,,,,,,,,,,,,,,,,,,,,,,,,,,,
36,,,9109,,,,,,,1.0913305282592773,,,,,,,,,,,,,,,,,,,,,,,,,,,,,,,,,,,,
36,,,9110,,,,,,,1.100639820098877,,,,,,,,,,,,,,,,,,,,,,,,,,,,,,,,,,,,
36,,,9111,,,,,,,1.0883091688156128,,,,,,,,,,,,,,,,,,,,,,,,,,,,,,,,,,,,
36,,,9112,,,,,,,1.125199317932129,,,,,,,,,,,,,,,,,,,,,,,,,,,,,,,,,,,,
36,,,9113,,,,,,,1.1004794836044312,,,,,,,,,,,,,,,,,,,,,,,,,,,,,,,,,,,,
36,,,9114,,,,,,,1.1034622192382812,,,,,,,,,,,,,,,,,,,,,,,,,,,,,,,,,,,,
36,,,9115,,,,,,,1.0888142585754395,,,,,,,,,,,,,,,,,,,,,,,,,,,,,,,,,,,,
36,,,9116,,,,,,,1.1031413078308105,,,,,,,,,,,,,,,,,,,,,,,,,,,,,,,,,,,,
36,,,9117,,,,,,,1.0936435461044312,,,,,,,,,,,,,,,,,,,,,,,,,,,,,,,,,,,,
36,,,9118,,,,,,,1.1259551048278809,,,,,,,,,,,,,,,,,,,,,,,,,,,,,,,,,,,,
36,,,9119,,,,,,,1.090864658355713,,,,,,,,,,,,,,,,,,,,,,,,,,,,,,,,,,,,
36,,,9120,,,,,,,1.1062190532684326,,,,,,,,,,,,,,,,,,,,,,,,,,,,,,,,,,,,
36,,,9121,,,,,,,1.0884649753570557,,,,,,,,,,,,,,,,,,,,,,,,,,,,,,,,,,,,
36,,,9122,,,,,,,1.1412395238876343,,,,,,,,,,,,,,,,,,,,,,,,,,,,,,,,,,,,
36,,,9123,,,,,,,1.141723394393921,,,,,,,,,,,,,,,,,,,,,,,,,,,,,,,,,,,,
36,,,9124,,,,,,,1.0847821235656738,,,,,,,,,,,,,,,,,,,,,,,,,,,,,,,,,,,,
36,,,9125,,,,,,,1.0921574831008911,,,,,,,,,,,,,,,,,,,,,,,,,,,,,,,,,,,,
36,,,9126,,,,,,,1.2055679559707642,,,,,,,,,,,,,,,,,,,,,,,,,,,,,,,,,,,,
36,,,9127,,,,,,,1.0804591178894043,,,,,,,,,,,,,,,,,,,,,,,,,,,,,,,,,,,,
36,,,9128,,,,,,,1.1015965938568115,,,,,,,,,,,,,,,,,,,,,,,,,,,,,,,,,,,,
36,,,9129,,,,,,,1.0925582647323608,,,,,,,,,,,,,,,,,,,,,,,,,,,,,,,,,,,,
36,,,9130,,,,,,,1.0869174003601074,,,,,,,,,,,,,,,,,,,,,,,,,,,,,,,,,,,,
36,,,9131,,,,,,,1.0864219665527344,,,,,,,,,,,,,,,,,,,,,,,,,,,,,,,,,,,,
36,,,9132,,,,,,,1.0921376943588257,,,,,,,,,,,,,,,,,,,,,,,,,,,,,,,,,,,,
36,,,9133,,,,,,,1.0862319469451904,,,,,,,,,,,,,,,,,,,,,,,,,,,,,,,,,,,,
36,,,9134,,,,,,,1.0989983081817627,,,,,,,,,,,,,,,,,,,,,,,,,,,,,,,,,,,,
36,,,9135,,,,,,,1.0991437435150146,,,,,,,,,,,,,,,,,,,,,,,,,,,,,,,,,,,,
36,,,9136,,,,,,,1.0916836261749268,,,,,,,,,,,,,,,,,,,,,,,,,,,,,,,,,,,,
36,,,9137,,,,,,,1.130958914756775,,,,,,,,,,,,,,,,,,,,,,,,,,,,,,,,,,,,
36,,,9138,,,,,,,1.1293306350708008,,,,,,,,,,,,,,,,,,,,,,,,,,,,,,,,,,,,
36,,,9139,,,,,,,1.1366312503814697,,,,,,,,,,,,,,,,,,,,,,,,,,,,,,,,,,,,
36,,,9140,,,,,,,1.1385605335235596,,,,,,,,,,,,,,,,,,,,,,,,,,,,,,,,,,,,
36,,,9141,,,,,,,1.0980068445205688,,,,,,,,,,,,,,,,,,,,,,,,,,,,,,,,,,,,
36,,,9142,,,,,,,1.0906182527542114,,,,,,,,,,,,,,,,,,,,,,,,,,,,,,,,,,,,
36,,,9143,,,,,,,1.0813004970550537,,,,,,,,,,,,,,,,,,,,,,,,,,,,,,,,,,,,
36,,,9144,,,,,,,1.0903124809265137,,,,,,,,,,,,,,,,,,,,,,,,,,,,,,,,,,,,
36,,,9145,,,,,,,1.0976794958114624,,,,,,,,,,,,,,,,,,,,,,,,,,,,,,,,,,,,
36,,,9146,,,,,,,1.088683843612671,,,,,,,,,,,,,,,,,,,,,,,,,,,,,,,,,,,,
36,,,9147,,,,,,,1.1980760097503662,,,,,,,,,,,,,,,,,,,,,,,,,,,,,,,,,,,,
36,,,9148,,,,,,,1.1087983846664429,,,,,,,,,,,,,,,,,,,,,,,,,,,,,,,,,,,,
36,,,9149,,,,,,,1.0993620157241821,,,,,,,,,,,,,,,,,,,,,,,,,,,,,,,,,,,,
36,,,9150,,,,,,,1.0970590114593506,,,,,,,,,,,,,,,,,,,,,,,,,,,,,,,,,,,,
36,,,9151,,,,,,,1.0989716053009033,,,,,,,,,,,,,,,,,,,,,,,,,,,,,,,,,,,,
36,,,9152,,,,,,,1.0841158628463745,,,,,,,,,,,,,,,,,,,,,,,,,,,,,,,,,,,,
36,,,9153,,,,,,,1.0901247262954712,,,,,,,,,,,,,,,,,,,,,,,,,,,,,,,,,,,,
36,,,9154,,,,,,,1.082265853881836,,,,,,,,,,,,,,,,,,,,,,,,,,,,,,,,,,,,
36,,,9155,,,,,,,1.1074813604354858,,,,,,,,,,,,,,,,,,,,,,,,,,,,,,,,,,,,
36,,,9156,,,,,,,1.0938866138458252,,,,,,,,,,,,,,,,,,,,,,,,,,,,,,,,,,,,
36,,,9157,,,,,,,1.093734860420227,,,,,,,,,,,,,,,,,,,,,,,,,,,,,,,,,,,,
36,,,9158,,,,,,,1.093291163444519,,,,,,,,,,,,,,,,,,,,,,,,,,,,,,,,,,,,
36,,,9159,,,,,,,1.0939459800720215,,,,,,,,,,,,,,,,,,,,,,,,,,,,,,,,,,,,
36,,,9160,,,,,,,1.089001178741455,,,,,,,,,,,,,,,,,,,,,,,,,,,,,,,,,,,,
36,,,9161,,,,,,,1.091858148574829,,,,,,,,,,,,,,,,,,,,,,,,,,,,,,,,,,,,
36,,,9162,,,,,,,1.0885190963745117,,,,,,,,,,,,,,,,,,,,,,,,,,,,,,,,,,,,
36,,,9163,,,,,,,1.1159006357192993,,,,,,,,,,,,,,,,,,,,,,,,,,,,,,,,,,,,
36,,,9164,,,,,,,1.1187233924865723,,,,,,,,,,,,,,,,,,,,,,,,,,,,,,,,,,,,
36,,,9165,,,,,,,1.1101949214935303,,,,,,,,,,,,,,,,,,,,,,,,,,,,,,,,,,,,
36,,,9166,,,,,,,1.1032159328460693,,,,,,,,,,,,,,,,,,,,,,,,,,,,,,,,,,,,
36,,,9167,,,,,,,1.0968105792999268,,,,,,,,,,,,,,,,,,,,,,,,,,,,,,,,,,,,
36,,,9168,,,,,,,1.1163183450698853,,,,,,,,,,,,,,,,,,,,,,,,,,,,,,,,,,,,
36,,,9169,,,,,,,1.0968081951141357,,,,,,,,,,,,,,,,,,,,,,,,,,,,,,,,,,,,
36,,,9170,,,,,,,1.0848073959350586,,,,,,,,,,,,,,,,,,,,,,,,,,,,,,,,,,,,
36,,,9171,,,,,,,1.1135809421539307,,,,,,,,,,,,,,,,,,,,,,,,,,,,,,,,,,,,
36,,,9172,,,,,,,1.0979112386703491,,,,,,,,,,,,,,,,,,,,,,,,,,,,,,,,,,,,
36,,,9173,,,,,,,1.1165071725845337,,,,,,,,,,,,,,,,,,,,,,,,,,,,,,,,,,,,
36,,,9174,,,,,,,1.0837035179138184,,,,,,,,,,,,,,,,,,,,,,,,,,,,,,,,,,,,
36,,,9175,,,,,,,1.087432861328125,,,,,,,,,,,,,,,,,,,,,,,,,,,,,,,,,,,,
36,,,9176,,,,,,,1.101609706878662,,,,,,,,,,,,,,,,,,,,,,,,,,,,,,,,,,,,
36,,,9177,,,,,,,1.1046316623687744,,,,,,,,,,,,,,,,,,,,,,,,,,,,,,,,,,,,
36,,,9178,,,,,,,1.0829981565475464,,,,,,,,,,,,,,,,,,,,,,,,,,,,,,,,,,,,
36,,,9179,,,,,,,1.0984480381011963,,,,,,,,,,,,,,,,,,,,,,,,,,,,,,,,,,,,
36,,,9180,,,,,,,1.0855497121810913,,,,,,,,,,,,,,,,,,,,,,,,,,,,,,,,,,,,
36,,,9181,,,,,,,1.0870280265808105,,,,,,,,,,,,,,,,,,,,,,,,,,,,,,,,,,,,
36,,,9182,,,,,,,1.1064516305923462,,,,,,,,,,,,,,,,,,,,,,,,,,,,,,,,,,,,
36,,,9183,,,,,,,1.0882645845413208,,,,,,,,,,,,,,,,,,,,,,,,,,,,,,,,,,,,
36,,,9184,,,,,,,1.0887200832366943,,,,,,,,,,,,,,,,,,,,,,,,,,,,,,,,,,,,
36,,,9185,,,,,,,1.1005088090896606,,,,,,,,,,,,,,,,,,,,,,,,,,,,,,,,,,,,
36,,,9186,,,,,,,1.1181094646453857,,,,,,,,,,,,,,,,,,,,,,,,,,,,,,,,,,,,
36,,,9187,,,,,,,1.1352437734603882,,,,,,,,,,,,,,,,,,,,,,,,,,,,,,,,,,,,
36,,,9188,,,,,,,1.1830549240112305,,,,,,,,,,,,,,,,,,,,,,,,,,,,,,,,,,,,
36,,,9189,,,,,,,1.0951006412506104,,,,,,,,,,,,,,,,,,,,,,,,,,,,,,,,,,,,
36,,,9190,,,,,,,1.0800925493240356,,,,,,,,,,,,,,,,,,,,,,,,,,,,,,,,,,,,
36,,,9191,,,,,,,1.2865533828735352,,,,,,,,,,,,,,,,,,,,,,,,,,,,,,,,,,,,
36,,,9192,,,,,,,1.1128942966461182,,,,,,,,,,,,,,,,,,,,,,,,,,,,,,,,,,,,
36,,,9193,,,,,,,1.1238898038864136,,,,,,,,,,,,,,,,,,,,,,,,,,,,,,,,,,,,
36,,,9194,,,,,,,1.1023802757263184,,,,,,,,,,,,,,,,,,,,,,,,,,,,,,,,,,,,
36,,,9195,,,,,,,1.088972568511963,,,,,,,,,,,,,,,,,,,,,,,,,,,,,,,,,,,,
36,,,9196,,,,,,,1.087863564491272,,,,,,,,,,,,,,,,,,,,,,,,,,,,,,,,,,,,
36,,,9197,,,,,,,1.0924584865570068,,,,,,,,,,,,,,,,,,,,,,,,,,,,,,,,,,,,
36,,,9198,,,,,,,1.1105539798736572,,,,,,,,,,,,,,,,,,,,,,,,,,,,,,,,,,,,
36,,,9199,,,,,,,1.1273157596588135,,,,,,,,,,,,,,,,,,,,,,,,,,,,,,,,,,,,
36,,,9200,,,,,,,1.1019195318222046,,,,,,,,,,,,,,,,,,,,,,,,,,,,,,,,,,,,
36,,,9201,,,,,,,1.0865495204925537,,,,,,,,,,,,,,,,,,,,,,,,,,,,,,,,,,,,
36,,,9202,,,,,,,1.0956687927246094,,,,,,,,,,,,,,,,,,,,,,,,,,,,,,,,,,,,
36,,,9203,,,,,,,1.0969386100769043,,,,,,,,,,,,,,,,,,,,,,,,,,,,,,,,,,,,
36,,,9204,,,,,,,1.1598975658416748,,,,,,,,,,,,,,,,,,,,,,,,,,,,,,,,,,,,
36,,,9205,,,,,,,1.1163678169250488,,,,,,,,,,,,,,,,,,,,,,,,,,,,,,,,,,,,
36,,,9206,,,,,,,1.1535545587539673,,,,,,,,,,,,,,,,,,,,,,,,,,,,,,,,,,,,
36,,,9207,,,,,,,1.0956140756607056,,,,,,,,,,,,,,,,,,,,,,,,,,,,,,,,,,,,
36,,,9208,,,,,,,1.166181206703186,,,,,,,,,,,,,,,,,,,,,,,,,,,,,,,,,,,,
36,,,9209,,,,,,,1.0964064598083496,,,,,,,,,,,,,,,,,,,,,,,,,,,,,,,,,,,,
36,,,9210,,,,,,,1.0916428565979004,,,,,,,,,,,,,,,,,,,,,,,,,,,,,,,,,,,,
36,,,9211,,,,,,,1.1057099103927612,,,,,,,,,,,,,,,,,,,,,,,,,,,,,,,,,,,,
36,,,9212,,,,,,,1.0956565141677856,,,,,,,,,,,,,,,,,,,,,,,,,,,,,,,,,,,,
36,,,9213,,,,,,,1.1069471836090088,,,,,,,,,,,,,,,,,,,,,,,,,,,,,,,,,,,,
36,,,9214,,,,,,,1.0854485034942627,,,,,,,,,,,,,,,,,,,,,,,,,,,,,,,,,,,,
36,,,9215,,,,,,,1.0946539640426636,,,,,,,,,,,,,,,,,,,,,,,,,,,,,,,,,,,,
36,,,9216,,,,,,,1.086003065109253,,,,,,,,,,,,,,,,,,,,,,,,,,,,,,,,,,,,
36,,,9217,,,,,,,1.0827500820159912,,,,,,,,,,,,,,,,,,,,,,,,,,,,,,,,,,,,
36,,,9218,,,,,,,1.1399579048156738,,,,,,,,,,,,,,,,,,,,,,,,,,,,,,,,,,,,
36,,,9219,,,,,,,1.0834078788757324,,,,,,,,,,,,,,,,,,,,,,,,,,,,,,,,,,,,
36,,,9220,,,,,,,1.1071250438690186,,,,,,,,,,,,,,,,,,,,,,,,,,,,,,,,,,,,
36,,,9221,,,,,,,1.0830217599868774,,,,,,,,,,,,,,,,,,,,,,,,,,,,,,,,,,,,
36,,,9222,,,,,,,1.1297626495361328,,,,,,,,,,,,,,,,,,,,,,,,,,,,,,,,,,,,
36,,,9223,,,,,,,1.0913175344467163,,,,,,,,,,,,,,,,,,,,,,,,,,,,,,,,,,,,
36,,,9224,,,,,,,1.088231086730957,,,,,,,,,,,,,,,,,,,,,,,,,,,,,,,,,,,,
36,,,9225,,,,,,,1.0821059942245483,,,,,,,,,,,,,,,,,,,,,,,,,,,,,,,,,,,,
36,,,9226,,,,,,,1.0972654819488525,,,,,,,,,,,,,,,,,,,,,,,,,,,,,,,,,,,,
36,,,9227,,,,,,,1.0953478813171387,,,,,,,,,,,,,,,,,,,,,,,,,,,,,,,,,,,,
36,,,9228,,,,,,,1.089223861694336,,,,,,,,,,,,,,,,,,,,,,,,,,,,,,,,,,,,
36,,,9229,,,,,,,1.0849555730819702,,,,,,,,,,,,,,,,,,,,,,,,,,,,,,,,,,,,
36,,,9230,,,,,,,1.1489951610565186,,,,,,,,,,,,,,,,,,,,,,,,,,,,,,,,,,,,
36,,,9231,,,,,,,1.14144766330719,,,,,,,,,,,,,,,,,,,,,,,,,,,,,,,,,,,,
36,,,9232,,,,,,,1.1010034084320068,,,,,,,,,,,,,,,,,,,,,,,,,,,,,,,,,,,,
36,,,9233,,,,,,,1.1001203060150146,,,,,,,,,,,,,,,,,,,,,,,,,,,,,,,,,,,,
36,,,9234,,,,,,,1.0970628261566162,,,,,,,,,,,,,,,,,,,,,,,,,,,,,,,,,,,,
36,,,9235,,,,,,,1.2325160503387451,,,,,,,,,,,,,,,,,,,,,,,,,,,,,,,,,,,,
36,,,9236,,,,,,,1.1828434467315674,,,,,,,,,,,,,,,,,,,,,,,,,,,,,,,,,,,,
36,,,9237,,,,,,,1.0833995342254639,,,,,,,,,,,,,,,,,,,,,,,,,,,,,,,,,,,,
36,,,9238,,,,,,,1.0932385921478271,,,,,,,,,,,,,,,,,,,,,,,,,,,,,,,,,,,,
36,,,9239,,,,,,,1.0846796035766602,,,,,,,,,,,,,,,,,,,,,,,,,,,,,,,,,,,,
36,,,9240,,,,,,,1.1339125633239746,,,,,,,,,,,,,,,,,,,,,,,,,,,,,,,,,,,,
36,,,9241,,,,,,,1.136992335319519,,,,,,,,,,,,,,,,,,,,,,,,,,,,,,,,,,,,
36,,,9242,,,,,,,1.101989984512329,,,,,,,,,,,,,,,,,,,,,,,,,,,,,,,,,,,,
36,,,9243,,,,,,,1.0975635051727295,,,,,,,,,,,,,,,,,,,,,,,,,,,,,,,,,,,,
36,,,9244,,,,,,,1.082810401916504,,,,,,,,,,,,,,,,,,,,,,,,,,,,,,,,,,,,
36,,,9245,,,,,,,1.1133939027786255,,,,,,,,,,,,,,,,,,,,,,,,,,,,,,,,,,,,
36,,,9246,,,,,,,1.0896705389022827,,,,,,,,,,,,,,,,,,,,,,,,,,,,,,,,,,,,
36,,,9247,,,,,,,1.1756995916366577,,,,,,,,,,,,,,,,,,,,,,,,,,,,,,,,,,,,
36,,,9248,,,,,,,1.109564185142517,,,,,,,,,,,,,,,,,,,,,,,,,,,,,,,,,,,,
36,,,9249,,,,,,,1.0892791748046875,,,,,,,,,,,,,,,,,,,,,,,,,,,,,,,,,,,,
36,,,9249,,,,,,,,,,0.20324857532978058,0.00446209404617548,0.6748046875,1.349609375,53.0732421875,0.6748046875,271790.65625,0.8376043438911438,0.8376043438911438,1.0,0.2949180603027344,53.0732421875,0.6748046875,0.9294266104698181,0.04752930626273155,22118.0,0.0018419513944536448,0.00272960658185184,0.4132213592529297,0.612356960773468,0.005434986669570208,1475.0,0.01706104725599289,0.02528293989598751,0.2670444846153259,0.3957359492778778,0.013862470164895058,7373.0,0.004742808174341917,0.00702841579914093,0.33827126026153564,0.5012876391410828,0.016382096335291862,0.00035992596531286836
36,,20.0,9249,265179.34375,0.8505208492279053,0.8520751595497131,1.1072314977645874,0.8520751595497131,1.0,,0.3008183538913727,0.925000011920929,,,,,,,,,,,,,,,,,,,,,,,,,,,,,,,,,,
,4.144511940348515e-06,,9250,,,,,,,,,,,,,,,,,,,,,,,,,,,,,,,,,,,,,,,,,,,
37,,,9250,,,,,,,1.0862877368927002,,,,,,,,,,,,,,,,,,,,,,,,,,,,,,,,,,,,
37,,,9251,,,,,,,1.0813688039779663,,,,,,,,,,,,,,,,,,,,,,,,,,,,,,,,,,,,
37,,,9252,,,,,,,1.0908873081207275,,,,,,,,,,,,,,,,,,,,,,,,,,,,,,,,,,,,
37,,,9253,,,,,,,1.1357076168060303,,,,,,,,,,,,,,,,,,,,,,,,,,,,,,,,,,,,
37,,,9254,,,,,,,1.1060876846313477,,,,,,,,,,,,,,,,,,,,,,,,,,,,,,,,,,,,
37,,,9255,,,,,,,1.1138582229614258,,,,,,,,,,,,,,,,,,,,,,,,,,,,,,,,,,,,
37,,,9256,,,,,,,1.124863624572754,,,,,,,,,,,,,,,,,,,,,,,,,,,,,,,,,,,,
37,,,9257,,,,,,,1.0989820957183838,,,,,,,,,,,,,,,,,,,,,,,,,,,,,,,,,,,,
37,,,9258,,,,,,,1.0965847969055176,,,,,,,,,,,,,,,,,,,,,,,,,,,,,,,,,,,,
37,,,9259,,,,,,,1.0851802825927734,,,,,,,,,,,,,,,,,,,,,,,,,,,,,,,,,,,,
37,,,9260,,,,,,,1.0917803049087524,,,,,,,,,,,,,,,,,,,,,,,,,,,,,,,,,,,,
37,,,9261,,,,,,,1.0805174112319946,,,,,,,,,,,,,,,,,,,,,,,,,,,,,,,,,,,,
37,,,9262,,,,,,,1.0937774181365967,,,,,,,,,,,,,,,,,,,,,,,,,,,,,,,,,,,,
37,,,9263,,,,,,,1.0823619365692139,,,,,,,,,,,,,,,,,,,,,,,,,,,,,,,,,,,,
37,,,9264,,,,,,,1.0908046960830688,,,,,,,,,,,,,,,,,,,,,,,,,,,,,,,,,,,,
37,,,9265,,,,,,,1.1481515169143677,,,,,,,,,,,,,,,,,,,,,,,,,,,,,,,,,,,,
37,,,9266,,,,,,,1.0885199308395386,,,,,,,,,,,,,,,,,,,,,,,,,,,,,,,,,,,,
37,,,9267,,,,,,,1.0809268951416016,,,,,,,,,,,,,,,,,,,,,,,,,,,,,,,,,,,,
37,,,9268,,,,,,,1.0844950675964355,,,,,,,,,,,,,,,,,,,,,,,,,,,,,,,,,,,,
37,,,9269,,,,,,,1.2176264524459839,,,,,,,,,,,,,,,,,,,,,,,,,,,,,,,,,,,,
37,,,9270,,,,,,,1.1610114574432373,,,,,,,,,,,,,,,,,,,,,,,,,,,,,,,,,,,,
37,,,9271,,,,,,,1.1225438117980957,,,,,,,,,,,,,,,,,,,,,,,,,,,,,,,,,,,,
37,,,9272,,,,,,,1.1099822521209717,,,,,,,,,,,,,,,,,,,,,,,,,,,,,,,,,,,,
37,,,9273,,,,,,,1.105337381362915,,,,,,,,,,,,,,,,,,,,,,,,,,,,,,,,,,,,
37,,,9274,,,,,,,1.0849366188049316,,,,,,,,,,,,,,,,,,,,,,,,,,,,,,,,,,,,
37,,,9275,,,,,,,1.080282211303711,,,,,,,,,,,,,,,,,,,,,,,,,,,,,,,,,,,,
37,,,9276,,,,,,,1.0817826986312866,,,,,,,,,,,,,,,,,,,,,,,,,,,,,,,,,,,,
37,,,9277,,,,,,,1.1075135469436646,,,,,,,,,,,,,,,,,,,,,,,,,,,,,,,,,,,,
37,,,9278,,,,,,,1.1602134704589844,,,,,,,,,,,,,,,,,,,,,,,,,,,,,,,,,,,,
37,,,9279,,,,,,,1.1075732707977295,,,,,,,,,,,,,,,,,,,,,,,,,,,,,,,,,,,,
37,,,9280,,,,,,,1.1245100498199463,,,,,,,,,,,,,,,,,,,,,,,,,,,,,,,,,,,,
37,,,9281,,,,,,,1.1338977813720703,,,,,,,,,,,,,,,,,,,,,,,,,,,,,,,,,,,,
37,,,9282,,,,,,,1.1042311191558838,,,,,,,,,,,,,,,,,,,,,,,,,,,,,,,,,,,,
37,,,9283,,,,,,,1.1149080991744995,,,,,,,,,,,,,,,,,,,,,,,,,,,,,,,,,,,,
37,,,9284,,,,,,,1.0873265266418457,,,,,,,,,,,,,,,,,,,,,,,,,,,,,,,,,,,,
37,,,9285,,,,,,,1.080967903137207,,,,,,,,,,,,,,,,,,,,,,,,,,,,,,,,,,,,
37,,,9286,,,,,,,1.094956874847412,,,,,,,,,,,,,,,,,,,,,,,,,,,,,,,,,,,,
37,,,9287,,,,,,,1.0921927690505981,,,,,,,,,,,,,,,,,,,,,,,,,,,,,,,,,,,,
37,,,9288,,,,,,,1.0877290964126587,,,,,,,,,,,,,,,,,,,,,,,,,,,,,,,,,,,,
37,,,9289,,,,,,,1.119846224784851,,,,,,,,,,,,,,,,,,,,,,,,,,,,,,,,,,,,
37,,,9290,,,,,,,1.107543706893921,,,,,,,,,,,,,,,,,,,,,,,,,,,,,,,,,,,,
37,,,9291,,,,,,,1.237087368965149,,,,,,,,,,,,,,,,,,,,,,,,,,,,,,,,,,,,
37,,,9292,,,,,,,1.1423627138137817,,,,,,,,,,,,,,,,,,,,,,,,,,,,,,,,,,,,
37,,,9293,,,,,,,1.1312962770462036,,,,,,,,,,,,,,,,,,,,,,,,,,,,,,,,,,,,
37,,,9294,,,,,,,1.0812969207763672,,,,,,,,,,,,,,,,,,,,,,,,,,,,,,,,,,,,
37,,,9295,,,,,,,1.199922800064087,,,,,,,,,,,,,,,,,,,,,,,,,,,,,,,,,,,,
37,,,9296,,,,,,,1.0806071758270264,,,,,,,,,,,,,,,,,,,,,,,,,,,,,,,,,,,,
37,,,9297,,,,,,,1.1523209810256958,,,,,,,,,,,,,,,,,,,,,,,,,,,,,,,,,,,,
37,,,9298,,,,,,,1.1066675186157227,,,,,,,,,,,,,,,,,,,,,,,,,,,,,,,,,,,,
37,,,9299,,,,,,,1.0907340049743652,,,,,,,,,,,,,,,,,,,,,,,,,,,,,,,,,,,,
37,,,9300,,,,,,,1.2046196460723877,,,,,,,,,,,,,,,,,,,,,,,,,,,,,,,,,,,,
37,,,9301,,,,,,,1.102355718612671,,,,,,,,,,,,,,,,,,,,,,,,,,,,,,,,,,,,
37,,,9302,,,,,,,1.0915238857269287,,,,,,,,,,,,,,,,,,,,,,,,,,,,,,,,,,,,
37,,,9303,,,,,,,1.092509388923645,,,,,,,,,,,,,,,,,,,,,,,,,,,,,,,,,,,,
37,,,9304,,,,,,,1.0860860347747803,,,,,,,,,,,,,,,,,,,,,,,,,,,,,,,,,,,,
37,,,9305,,,,,,,1.0955134630203247,,,,,,,,,,,,,,,,,,,,,,,,,,,,,,,,,,,,
37,,,9306,,,,,,,1.1051934957504272,,,,,,,,,,,,,,,,,,,,,,,,,,,,,,,,,,,,
37,,,9307,,,,,,,1.1484390497207642,,,,,,,,,,,,,,,,,,,,,,,,,,,,,,,,,,,,
37,,,9308,,,,,,,1.0801076889038086,,,,,,,,,,,,,,,,,,,,,,,,,,,,,,,,,,,,
37,,,9309,,,,,,,1.090301752090454,,,,,,,,,,,,,,,,,,,,,,,,,,,,,,,,,,,,
37,,,9310,,,,,,,1.1422457695007324,,,,,,,,,,,,,,,,,,,,,,,,,,,,,,,,,,,,
37,,,9311,,,,,,,1.096947193145752,,,,,,,,,,,,,,,,,,,,,,,,,,,,,,,,,,,,
37,,,9312,,,,,,,1.0803543329238892,,,,,,,,,,,,,,,,,,,,,,,,,,,,,,,,,,,,
37,,,9313,,,,,,,1.0848371982574463,,,,,,,,,,,,,,,,,,,,,,,,,,,,,,,,,,,,
37,,,9314,,,,,,,1.086974024772644,,,,,,,,,,,,,,,,,,,,,,,,,,,,,,,,,,,,
37,,,9315,,,,,,,1.0907237529754639,,,,,,,,,,,,,,,,,,,,,,,,,,,,,,,,,,,,
37,,,9316,,,,,,,1.0968722105026245,,,,,,,,,,,,,,,,,,,,,,,,,,,,,,,,,,,,
37,,,9317,,,,,,,1.0956056118011475,,,,,,,,,,,,,,,,,,,,,,,,,,,,,,,,,,,,
37,,,9318,,,,,,,1.0868297815322876,,,,,,,,,,,,,,,,,,,,,,,,,,,,,,,,,,,,
37,,,9319,,,,,,,1.0840967893600464,,,,,,,,,,,,,,,,,,,,,,,,,,,,,,,,,,,,
37,,,9320,,,,,,,1.1302953958511353,,,,,,,,,,,,,,,,,,,,,,,,,,,,,,,,,,,,
37,,,9321,,,,,,,1.0919508934020996,,,,,,,,,,,,,,,,,,,,,,,,,,,,,,,,,,,,
37,,,9322,,,,,,,1.0949918031692505,,,,,,,,,,,,,,,,,,,,,,,,,,,,,,,,,,,,
37,,,9323,,,,,,,1.0983723402023315,,,,,,,,,,,,,,,,,,,,,,,,,,,,,,,,,,,,
37,,,9324,,,,,,,1.1074624061584473,,,,,,,,,,,,,,,,,,,,,,,,,,,,,,,,,,,,
37,,,9325,,,,,,,1.1118299961090088,,,,,,,,,,,,,,,,,,,,,,,,,,,,,,,,,,,,
37,,,9326,,,,,,,1.0996845960617065,,,,,,,,,,,,,,,,,,,,,,,,,,,,,,,,,,,,
37,,,9327,,,,,,,1.0930235385894775,,,,,,,,,,,,,,,,,,,,,,,,,,,,,,,,,,,,
37,,,9328,,,,,,,1.1540549993515015,,,,,,,,,,,,,,,,,,,,,,,,,,,,,,,,,,,,
37,,,9329,,,,,,,1.2522332668304443,,,,,,,,,,,,,,,,,,,,,,,,,,,,,,,,,,,,
37,,,9330,,,,,,,1.132034420967102,,,,,,,,,,,,,,,,,,,,,,,,,,,,,,,,,,,,
37,,,9331,,,,,,,1.0891075134277344,,,,,,,,,,,,,,,,,,,,,,,,,,,,,,,,,,,,
37,,,9332,,,,,,,1.0874913930892944,,,,,,,,,,,,,,,,,,,,,,,,,,,,,,,,,,,,
37,,,9333,,,,,,,1.0848106145858765,,,,,,,,,,,,,,,,,,,,,,,,,,,,,,,,,,,,
37,,,9334,,,,,,,1.2296063899993896,,,,,,,,,,,,,,,,,,,,,,,,,,,,,,,,,,,,
37,,,9335,,,,,,,1.0863860845565796,,,,,,,,,,,,,,,,,,,,,,,,,,,,,,,,,,,,
37,,,9336,,,,,,,1.1130298376083374,,,,,,,,,,,,,,,,,,,,,,,,,,,,,,,,,,,,
37,,,9337,,,,,,,1.100714087486267,,,,,,,,,,,,,,,,,,,,,,,,,,,,,,,,,,,,
37,,,9338,,,,,,,1.145577311515808,,,,,,,,,,,,,,,,,,,,,,,,,,,,,,,,,,,,
37,,,9339,,,,,,,1.0930837392807007,,,,,,,,,,,,,,,,,,,,,,,,,,,,,,,,,,,,
37,,,9340,,,,,,,1.0824682712554932,,,,,,,,,,,,,,,,,,,,,,,,,,,,,,,,,,,,
37,,,9341,,,,,,,1.1965404748916626,,,,,,,,,,,,,,,,,,,,,,,,,,,,,,,,,,,,
37,,,9342,,,,,,,1.0952527523040771,,,,,,,,,,,,,,,,,,,,,,,,,,,,,,,,,,,,
37,,,9343,,,,,,,1.101616382598877,,,,,,,,,,,,,,,,,,,,,,,,,,,,,,,,,,,,
37,,,9344,,,,,,,1.0881158113479614,,,,,,,,,,,,,,,,,,,,,,,,,,,,,,,,,,,,
37,,,9345,,,,,,,1.0873589515686035,,,,,,,,,,,,,,,,,,,,,,,,,,,,,,,,,,,,
37,,,9346,,,,,,,1.1645807027816772,,,,,,,,,,,,,,,,,,,,,,,,,,,,,,,,,,,,
37,,,9347,,,,,,,1.0923980474472046,,,,,,,,,,,,,,,,,,,,,,,,,,,,,,,,,,,,
37,,,9348,,,,,,,1.0981377363204956,,,,,,,,,,,,,,,,,,,,,,,,,,,,,,,,,,,,
37,,,9349,,,,,,,1.0888400077819824,,,,,,,,,,,,,,,,,,,,,,,,,,,,,,,,,,,,
37,,,9350,,,,,,,1.119945764541626,,,,,,,,,,,,,,,,,,,,,,,,,,,,,,,,,,,,
37,,,9351,,,,,,,1.1276633739471436,,,,,,,,,,,,,,,,,,,,,,,,,,,,,,,,,,,,
37,,,9352,,,,,,,1.1022858619689941,,,,,,,,,,,,,,,,,,,,,,,,,,,,,,,,,,,,
37,,,9353,,,,,,,1.0909874439239502,,,,,,,,,,,,,,,,,,,,,,,,,,,,,,,,,,,,
37,,,9354,,,,,,,1.0938708782196045,,,,,,,,,,,,,,,,,,,,,,,,,,,,,,,,,,,,
37,,,9355,,,,,,,1.164320945739746,,,,,,,,,,,,,,,,,,,,,,,,,,,,,,,,,,,,
37,,,9356,,,,,,,1.0950500965118408,,,,,,,,,,,,,,,,,,,,,,,,,,,,,,,,,,,,
37,,,9357,,,,,,,1.1242601871490479,,,,,,,,,,,,,,,,,,,,,,,,,,,,,,,,,,,,
37,,,9358,,,,,,,1.109940767288208,,,,,,,,,,,,,,,,,,,,,,,,,,,,,,,,,,,,
37,,,9359,,,,,,,1.0956143140792847,,,,,,,,,,,,,,,,,,,,,,,,,,,,,,,,,,,,
37,,,9360,,,,,,,1.1194489002227783,,,,,,,,,,,,,,,,,,,,,,,,,,,,,,,,,,,,
37,,,9361,,,,,,,1.127651333808899,,,,,,,,,,,,,,,,,,,,,,,,,,,,,,,,,,,,
37,,,9362,,,,,,,1.092355489730835,,,,,,,,,,,,,,,,,,,,,,,,,,,,,,,,,,,,
37,,,9363,,,,,,,1.0838623046875,,,,,,,,,,,,,,,,,,,,,,,,,,,,,,,,,,,,
37,,,9364,,,,,,,1.0918340682983398,,,,,,,,,,,,,,,,,,,,,,,,,,,,,,,,,,,,
37,,,9365,,,,,,,1.147342324256897,,,,,,,,,,,,,,,,,,,,,,,,,,,,,,,,,,,,
37,,,9366,,,,,,,1.0803606510162354,,,,,,,,,,,,,,,,,,,,,,,,,,,,,,,,,,,,
37,,,9367,,,,,,,1.1340653896331787,,,,,,,,,,,,,,,,,,,,,,,,,,,,,,,,,,,,
37,,,9368,,,,,,,1.0946201086044312,,,,,,,,,,,,,,,,,,,,,,,,,,,,,,,,,,,,
37,,,9369,,,,,,,1.0877594947814941,,,,,,,,,,,,,,,,,,,,,,,,,,,,,,,,,,,,
37,,,9370,,,,,,,1.0899744033813477,,,,,,,,,,,,,,,,,,,,,,,,,,,,,,,,,,,,
37,,,9371,,,,,,,1.0999127626419067,,,,,,,,,,,,,,,,,,,,,,,,,,,,,,,,,,,,
37,,,9372,,,,,,,1.103894829750061,,,,,,,,,,,,,,,,,,,,,,,,,,,,,,,,,,,,
37,,,9373,,,,,,,1.107205867767334,,,,,,,,,,,,,,,,,,,,,,,,,,,,,,,,,,,,
37,,,9374,,,,,,,1.087807059288025,,,,,,,,,,,,,,,,,,,,,,,,,,,,,,,,,,,,
37,,,9375,,,,,,,1.1173244714736938,,,,,,,,,,,,,,,,,,,,,,,,,,,,,,,,,,,,
37,,,9376,,,,,,,1.0859726667404175,,,,,,,,,,,,,,,,,,,,,,,,,,,,,,,,,,,,
37,,,9377,,,,,,,1.0807757377624512,,,,,,,,,,,,,,,,,,,,,,,,,,,,,,,,,,,,
37,,,9378,,,,,,,1.0978316068649292,,,,,,,,,,,,,,,,,,,,,,,,,,,,,,,,,,,,
37,,,9379,,,,,,,1.089174747467041,,,,,,,,,,,,,,,,,,,,,,,,,,,,,,,,,,,,
37,,,9380,,,,,,,1.1086291074752808,,,,,,,,,,,,,,,,,,,,,,,,,,,,,,,,,,,,
37,,,9381,,,,,,,1.1992944478988647,,,,,,,,,,,,,,,,,,,,,,,,,,,,,,,,,,,,
37,,,9382,,,,,,,1.0939435958862305,,,,,,,,,,,,,,,,,,,,,,,,,,,,,,,,,,,,
37,,,9383,,,,,,,1.1273388862609863,,,,,,,,,,,,,,,,,,,,,,,,,,,,,,,,,,,,
37,,,9384,,,,,,,1.0933818817138672,,,,,,,,,,,,,,,,,,,,,,,,,,,,,,,,,,,,
37,,,9385,,,,,,,1.102402687072754,,,,,,,,,,,,,,,,,,,,,,,,,,,,,,,,,,,,
37,,,9386,,,,,,,1.148847222328186,,,,,,,,,,,,,,,,,,,,,,,,,,,,,,,,,,,,
37,,,9387,,,,,,,1.1137363910675049,,,,,,,,,,,,,,,,,,,,,,,,,,,,,,,,,,,,
37,,,9388,,,,,,,1.090196967124939,,,,,,,,,,,,,,,,,,,,,,,,,,,,,,,,,,,,
37,,,9389,,,,,,,1.0808331966400146,,,,,,,,,,,,,,,,,,,,,,,,,,,,,,,,,,,,
37,,,9390,,,,,,,1.1907981634140015,,,,,,,,,,,,,,,,,,,,,,,,,,,,,,,,,,,,
37,,,9391,,,,,,,1.0959917306900024,,,,,,,,,,,,,,,,,,,,,,,,,,,,,,,,,,,,
37,,,9392,,,,,,,1.1025052070617676,,,,,,,,,,,,,,,,,,,,,,,,,,,,,,,,,,,,
37,,,9393,,,,,,,1.0852642059326172,,,,,,,,,,,,,,,,,,,,,,,,,,,,,,,,,,,,
37,,,9394,,,,,,,1.099816083908081,,,,,,,,,,,,,,,,,,,,,,,,,,,,,,,,,,,,
37,,,9395,,,,,,,1.081972599029541,,,,,,,,,,,,,,,,,,,,,,,,,,,,,,,,,,,,
37,,,9396,,,,,,,1.1071593761444092,,,,,,,,,,,,,,,,,,,,,,,,,,,,,,,,,,,,
37,,,9397,,,,,,,1.0854283571243286,,,,,,,,,,,,,,,,,,,,,,,,,,,,,,,,,,,,
37,,,9398,,,,,,,1.0809223651885986,,,,,,,,,,,,,,,,,,,,,,,,,,,,,,,,,,,,
37,,,9399,,,,,,,1.1417872905731201,,,,,,,,,,,,,,,,,,,,,,,,,,,,,,,,,,,,
37,,,9400,,,,,,,1.1078877449035645,,,,,,,,,,,,,,,,,,,,,,,,,,,,,,,,,,,,
37,,,9401,,,,,,,1.1055551767349243,,,,,,,,,,,,,,,,,,,,,,,,,,,,,,,,,,,,
37,,,9402,,,,,,,1.0962893962860107,,,,,,,,,,,,,,,,,,,,,,,,,,,,,,,,,,,,
37,,,9403,,,,,,,1.1209404468536377,,,,,,,,,,,,,,,,,,,,,,,,,,,,,,,,,,,,
37,,,9404,,,,,,,1.1250981092453003,,,,,,,,,,,,,,,,,,,,,,,,,,,,,,,,,,,,
37,,,9405,,,,,,,1.1041462421417236,,,,,,,,,,,,,,,,,,,,,,,,,,,,,,,,,,,,
37,,,9406,,,,,,,1.0824763774871826,,,,,,,,,,,,,,,,,,,,,,,,,,,,,,,,,,,,
37,,,9407,,,,,,,1.080376148223877,,,,,,,,,,,,,,,,,,,,,,,,,,,,,,,,,,,,
37,,,9408,,,,,,,1.0850399732589722,,,,,,,,,,,,,,,,,,,,,,,,,,,,,,,,,,,,
37,,,9409,,,,,,,1.1074193716049194,,,,,,,,,,,,,,,,,,,,,,,,,,,,,,,,,,,,
37,,,9410,,,,,,,1.1158058643341064,,,,,,,,,,,,,,,,,,,,,,,,,,,,,,,,,,,,
37,,,9411,,,,,,,1.1254698038101196,,,,,,,,,,,,,,,,,,,,,,,,,,,,,,,,,,,,
37,,,9412,,,,,,,1.1153548955917358,,,,,,,,,,,,,,,,,,,,,,,,,,,,,,,,,,,,
37,,,9413,,,,,,,1.25163733959198,,,,,,,,,,,,,,,,,,,,,,,,,,,,,,,,,,,,
37,,,9414,,,,,,,1.1199554204940796,,,,,,,,,,,,,,,,,,,,,,,,,,,,,,,,,,,,
37,,,9415,,,,,,,1.1193910837173462,,,,,,,,,,,,,,,,,,,,,,,,,,,,,,,,,,,,
37,,,9416,,,,,,,1.1063051223754883,,,,,,,,,,,,,,,,,,,,,,,,,,,,,,,,,,,,
37,,,9417,,,,,,,1.153069019317627,,,,,,,,,,,,,,,,,,,,,,,,,,,,,,,,,,,,
37,,,9418,,,,,,,1.1248806715011597,,,,,,,,,,,,,,,,,,,,,,,,,,,,,,,,,,,,
37,,,9419,,,,,,,1.0887361764907837,,,,,,,,,,,,,,,,,,,,,,,,,,,,,,,,,,,,
37,,,9420,,,,,,,1.0847750902175903,,,,,,,,,,,,,,,,,,,,,,,,,,,,,,,,,,,,
37,,,9421,,,,,,,1.1236802339553833,,,,,,,,,,,,,,,,,,,,,,,,,,,,,,,,,,,,
37,,,9422,,,,,,,1.0861865282058716,,,,,,,,,,,,,,,,,,,,,,,,,,,,,,,,,,,,
37,,,9423,,,,,,,1.0858135223388672,,,,,,,,,,,,,,,,,,,,,,,,,,,,,,,,,,,,
37,,,9424,,,,,,,1.0864460468292236,,,,,,,,,,,,,,,,,,,,,,,,,,,,,,,,,,,,
37,,,9425,,,,,,,1.0807685852050781,,,,,,,,,,,,,,,,,,,,,,,,,,,,,,,,,,,,
37,,,9426,,,,,,,1.179018259048462,,,,,,,,,,,,,,,,,,,,,,,,,,,,,,,,,,,,
37,,,9427,,,,,,,1.115553379058838,,,,,,,,,,,,,,,,,,,,,,,,,,,,,,,,,,,,
37,,,9428,,,,,,,1.0907087326049805,,,,,,,,,,,,,,,,,,,,,,,,,,,,,,,,,,,,
37,,,9429,,,,,,,1.1172749996185303,,,,,,,,,,,,,,,,,,,,,,,,,,,,,,,,,,,,
37,,,9430,,,,,,,1.1182093620300293,,,,,,,,,,,,,,,,,,,,,,,,,,,,,,,,,,,,
37,,,9431,,,,,,,1.2315374612808228,,,,,,,,,,,,,,,,,,,,,,,,,,,,,,,,,,,,
37,,,9432,,,,,,,1.0988117456436157,,,,,,,,,,,,,,,,,,,,,,,,,,,,,,,,,,,,
37,,,9433,,,,,,,1.0938780307769775,,,,,,,,,,,,,,,,,,,,,,,,,,,,,,,,,,,,
37,,,9434,,,,,,,1.1182029247283936,,,,,,,,,,,,,,,,,,,,,,,,,,,,,,,,,,,,
37,,,9435,,,,,,,1.176120400428772,,,,,,,,,,,,,,,,,,,,,,,,,,,,,,,,,,,,
37,,,9436,,,,,,,1.1116480827331543,,,,,,,,,,,,,,,,,,,,,,,,,,,,,,,,,,,,
37,,,9437,,,,,,,1.0838096141815186,,,,,,,,,,,,,,,,,,,,,,,,,,,,,,,,,,,,
37,,,9438,,,,,,,1.1218740940093994,,,,,,,,,,,,,,,,,,,,,,,,,,,,,,,,,,,,
37,,,9439,,,,,,,1.100142240524292,,,,,,,,,,,,,,,,,,,,,,,,,,,,,,,,,,,,
37,,,9440,,,,,,,1.1160123348236084,,,,,,,,,,,,,,,,,,,,,,,,,,,,,,,,,,,,
37,,,9441,,,,,,,1.0861551761627197,,,,,,,,,,,,,,,,,,,,,,,,,,,,,,,,,,,,
37,,,9442,,,,,,,1.1030447483062744,,,,,,,,,,,,,,,,,,,,,,,,,,,,,,,,,,,,
37,,,9443,,,,,,,1.0913670063018799,,,,,,,,,,,,,,,,,,,,,,,,,,,,,,,,,,,,
37,,,9444,,,,,,,1.1154841184616089,,,,,,,,,,,,,,,,,,,,,,,,,,,,,,,,,,,,
37,,,9445,,,,,,,1.0888943672180176,,,,,,,,,,,,,,,,,,,,,,,,,,,,,,,,,,,,
37,,,9446,,,,,,,1.100860357284546,,,,,,,,,,,,,,,,,,,,,,,,,,,,,,,,,,,,
37,,,9447,,,,,,,1.107633113861084,,,,,,,,,,,,,,,,,,,,,,,,,,,,,,,,,,,,
37,,,9448,,,,,,,1.1143832206726074,,,,,,,,,,,,,,,,,,,,,,,,,,,,,,,,,,,,
37,,,9449,,,,,,,1.0889885425567627,,,,,,,,,,,,,,,,,,,,,,,,,,,,,,,,,,,,
37,,,9450,,,,,,,1.095275640487671,,,,,,,,,,,,,,,,,,,,,,,,,,,,,,,,,,,,
37,,,9451,,,,,,,1.0812846422195435,,,,,,,,,,,,,,,,,,,,,,,,,,,,,,,,,,,,
37,,,9452,,,,,,,1.1586253643035889,,,,,,,,,,,,,,,,,,,,,,,,,,,,,,,,,,,,
37,,,9453,,,,,,,1.1660891771316528,,,,,,,,,,,,,,,,,,,,,,,,,,,,,,,,,,,,
37,,,9454,,,,,,,1.108299970626831,,,,,,,,,,,,,,,,,,,,,,,,,,,,,,,,,,,,
37,,,9455,,,,,,,1.082118272781372,,,,,,,,,,,,,,,,,,,,,,,,,,,,,,,,,,,,
37,,,9456,,,,,,,1.1777758598327637,,,,,,,,,,,,,,,,,,,,,,,,,,,,,,,,,,,,
37,,,9457,,,,,,,1.084801435470581,,,,,,,,,,,,,,,,,,,,,,,,,,,,,,,,,,,,
37,,,9458,,,,,,,1.1301366090774536,,,,,,,,,,,,,,,,,,,,,,,,,,,,,,,,,,,,
37,,,9459,,,,,,,1.1327743530273438,,,,,,,,,,,,,,,,,,,,,,,,,,,,,,,,,,,,
37,,,9460,,,,,,,1.1144951581954956,,,,,,,,,,,,,,,,,,,,,,,,,,,,,,,,,,,,
37,,,9461,,,,,,,1.0859978199005127,,,,,,,,,,,,,,,,,,,,,,,,,,,,,,,,,,,,
37,,,9462,,,,,,,1.0906116962432861,,,,,,,,,,,,,,,,,,,,,,,,,,,,,,,,,,,,
37,,,9463,,,,,,,1.1243000030517578,,,,,,,,,,,,,,,,,,,,,,,,,,,,,,,,,,,,
37,,,9464,,,,,,,1.0887678861618042,,,,,,,,,,,,,,,,,,,,,,,,,,,,,,,,,,,,
37,,,9465,,,,,,,1.1167871952056885,,,,,,,,,,,,,,,,,,,,,,,,,,,,,,,,,,,,
37,,,9466,,,,,,,1.1157021522521973,,,,,,,,,,,,,,,,,,,,,,,,,,,,,,,,,,,,
37,,,9467,,,,,,,1.1186193227767944,,,,,,,,,,,,,,,,,,,,,,,,,,,,,,,,,,,,
37,,,9468,,,,,,,1.14471435546875,,,,,,,,,,,,,,,,,,,,,,,,,,,,,,,,,,,,
37,,,9469,,,,,,,1.0809717178344727,,,,,,,,,,,,,,,,,,,,,,,,,,,,,,,,,,,,
37,,,9470,,,,,,,1.1248068809509277,,,,,,,,,,,,,,,,,,,,,,,,,,,,,,,,,,,,
37,,,9471,,,,,,,1.1393388509750366,,,,,,,,,,,,,,,,,,,,,,,,,,,,,,,,,,,,
37,,,9472,,,,,,,1.148329257965088,,,,,,,,,,,,,,,,,,,,,,,,,,,,,,,,,,,,
37,,,9473,,,,,,,1.124868392944336,,,,,,,,,,,,,,,,,,,,,,,,,,,,,,,,,,,,
37,,,9474,,,,,,,1.1016590595245361,,,,,,,,,,,,,,,,,,,,,,,,,,,,,,,,,,,,
37,,,9475,,,,,,,1.1010023355484009,,,,,,,,,,,,,,,,,,,,,,,,,,,,,,,,,,,,
37,,,9476,,,,,,,1.0804671049118042,,,,,,,,,,,,,,,,,,,,,,,,,,,,,,,,,,,,
37,,,9477,,,,,,,1.0872154235839844,,,,,,,,,,,,,,,,,,,,,,,,,,,,,,,,,,,,
37,,,9478,,,,,,,1.0880500078201294,,,,,,,,,,,,,,,,,,,,,,,,,,,,,,,,,,,,
37,,,9479,,,,,,,1.084489107131958,,,,,,,,,,,,,,,,,,,,,,,,,,,,,,,,,,,,
37,,,9480,,,,,,,1.1205072402954102,,,,,,,,,,,,,,,,,,,,,,,,,,,,,,,,,,,,
37,,,9481,,,,,,,1.0980390310287476,,,,,,,,,,,,,,,,,,,,,,,,,,,,,,,,,,,,
37,,,9482,,,,,,,1.131108283996582,,,,,,,,,,,,,,,,,,,,,,,,,,,,,,,,,,,,
37,,,9483,,,,,,,1.0934844017028809,,,,,,,,,,,,,,,,,,,,,,,,,,,,,,,,,,,,
37,,,9484,,,,,,,1.0929207801818848,,,,,,,,,,,,,,,,,,,,,,,,,,,,,,,,,,,,
37,,,9485,,,,,,,1.0936623811721802,,,,,,,,,,,,,,,,,,,,,,,,,,,,,,,,,,,,
37,,,9486,,,,,,,1.094750165939331,,,,,,,,,,,,,,,,,,,,,,,,,,,,,,,,,,,,
37,,,9487,,,,,,,1.0944969654083252,,,,,,,,,,,,,,,,,,,,,,,,,,,,,,,,,,,,
37,,,9488,,,,,,,1.086282730102539,,,,,,,,,,,,,,,,,,,,,,,,,,,,,,,,,,,,
37,,,9489,,,,,,,1.0891244411468506,,,,,,,,,,,,,,,,,,,,,,,,,,,,,,,,,,,,
37,,,9490,,,,,,,1.1523935794830322,,,,,,,,,,,,,,,,,,,,,,,,,,,,,,,,,,,,
37,,,9491,,,,,,,1.0874449014663696,,,,,,,,,,,,,,,,,,,,,,,,,,,,,,,,,,,,
37,,,9492,,,,,,,1.100077748298645,,,,,,,,,,,,,,,,,,,,,,,,,,,,,,,,,,,,
37,,,9493,,,,,,,1.0899907350540161,,,,,,,,,,,,,,,,,,,,,,,,,,,,,,,,,,,,
37,,,9494,,,,,,,1.083133578300476,,,,,,,,,,,,,,,,,,,,,,,,,,,,,,,,,,,,
37,,,9495,,,,,,,1.1061005592346191,,,,,,,,,,,,,,,,,,,,,,,,,,,,,,,,,,,,
37,,,9496,,,,,,,1.1053739786148071,,,,,,,,,,,,,,,,,,,,,,,,,,,,,,,,,,,,
37,,,9497,,,,,,,1.0841528177261353,,,,,,,,,,,,,,,,,,,,,,,,,,,,,,,,,,,,
37,,,9498,,,,,,,1.1027169227600098,,,,,,,,,,,,,,,,,,,,,,,,,,,,,,,,,,,,
37,,,9499,,,,,,,1.1057218313217163,,,,,,,,,,,,,,,,,,,,,,,,,,,,,,,,,,,,
37,,,9499,,,,,,,,,,0.20506297051906586,0.004685312509536743,0.6748046875,1.349609375,53.0732421875,0.6748046875,271790.65625,0.8375837802886963,0.8375837802886963,1.0,0.2938499450683594,53.0732421875,0.6748046875,0.9326241612434387,0.047567155212163925,22118.0,0.0018447317415848374,0.002733726752921939,0.411825567483902,0.6102885007858276,0.005443071946501732,1475.0,0.017074953764677048,0.025303548201918602,0.2671785056591034,0.3959345519542694,0.01390016544610262,7373.0,0.004755259491503239,0.007046867627650499,0.3414735496044159,0.5060331225395203,0.01640501618385315,0.00035992596531286836
37,,20.0,9499,263906.09375,0.8515068292617798,0.8537918925285339,1.1092432737350464,0.8537918925285339,1.0,,0.3016308546066284,0.9179999828338623,,,,,,,,,,,,,,,,,,,,,,,,,,,,,,,,,,
,1.8467489107293504e-06,,9500,,,,,,,,,,,,,,,,,,,,,,,,,,,,,,,,,,,,,,,,,,,
38,,,9500,,,,,,,1.1069164276123047,,,,,,,,,,,,,,,,,,,,,,,,,,,,,,,,,,,,
38,,,9501,,,,,,,1.1378401517868042,,,,,,,,,,,,,,,,,,,,,,,,,,,,,,,,,,,,
38,,,9502,,,,,,,1.1129083633422852,,,,,,,,,,,,,,,,,,,,,,,,,,,,,,,,,,,,
38,,,9503,,,,,,,1.1167504787445068,,,,,,,,,,,,,,,,,,,,,,,,,,,,,,,,,,,,
38,,,9504,,,,,,,1.0857595205307007,,,,,,,,,,,,,,,,,,,,,,,,,,,,,,,,,,,,
38,,,9505,,,,,,,1.0978105068206787,,,,,,,,,,,,,,,,,,,,,,,,,,,,,,,,,,,,
38,,,9506,,,,,,,1.0933409929275513,,,,,,,,,,,,,,,,,,,,,,,,,,,,,,,,,,,,
38,,,9507,,,,,,,1.130890130996704,,,,,,,,,,,,,,,,,,,,,,,,,,,,,,,,,,,,
38,,,9508,,,,,,,1.094101071357727,,,,,,,,,,,,,,,,,,,,,,,,,,,,,,,,,,,,
38,,,9509,,,,,,,1.084122657775879,,,,,,,,,,,,,,,,,,,,,,,,,,,,,,,,,,,,
38,,,9510,,,,,,,1.0854483842849731,,,,,,,,,,,,,,,,,,,,,,,,,,,,,,,,,,,,
38,,,9511,,,,,,,1.0897464752197266,,,,,,,,,,,,,,,,,,,,,,,,,,,,,,,,,,,,
38,,,9512,,,,,,,1.1001909971237183,,,,,,,,,,,,,,,,,,,,,,,,,,,,,,,,,,,,
38,,,9513,,,,,,,1.090608835220337,,,,,,,,,,,,,,,,,,,,,,,,,,,,,,,,,,,,
38,,,9514,,,,,,,1.1312336921691895,,,,,,,,,,,,,,,,,,,,,,,,,,,,,,,,,,,,
38,,,9515,,,,,,,1.126542568206787,,,,,,,,,,,,,,,,,,,,,,,,,,,,,,,,,,,,
38,,,9516,,,,,,,1.0948127508163452,,,,,,,,,,,,,,,,,,,,,,,,,,,,,,,,,,,,
38,,,9517,,,,,,,1.1016008853912354,,,,,,,,,,,,,,,,,,,,,,,,,,,,,,,,,,,,
38,,,9518,,,,,,,1.0873048305511475,,,,,,,,,,,,,,,,,,,,,,,,,,,,,,,,,,,,
38,,,9519,,,,,,,1.0825413465499878,,,,,,,,,,,,,,,,,,,,,,,,,,,,,,,,,,,,
38,,,9520,,,,,,,1.0935992002487183,,,,,,,,,,,,,,,,,,,,,,,,,,,,,,,,,,,,
38,,,9521,,,,,,,1.0804998874664307,,,,,,,,,,,,,,,,,,,,,,,,,,,,,,,,,,,,
38,,,9522,,,,,,,1.165643334388733,,,,,,,,,,,,,,,,,,,,,,,,,,,,,,,,,,,,
38,,,9523,,,,,,,1.1136845350265503,,,,,,,,,,,,,,,,,,,,,,,,,,,,,,,,,,,,
38,,,9524,,,,,,,1.0899524688720703,,,,,,,,,,,,,,,,,,,,,,,,,,,,,,,,,,,,
38,,,9525,,,,,,,1.0848697423934937,,,,,,,,,,,,,,,,,,,,,,,,,,,,,,,,,,,,
38,,,9526,,,,,,,1.0889066457748413,,,,,,,,,,,,,,,,,,,,,,,,,,,,,,,,,,,,
38,,,9527,,,,,,,1.0985323190689087,,,,,,,,,,,,,,,,,,,,,,,,,,,,,,,,,,,,
38,,,9528,,,,,,,1.0950963497161865,,,,,,,,,,,,,,,,,,,,,,,,,,,,,,,,,,,,
38,,,9529,,,,,,,1.0918534994125366,,,,,,,,,,,,,,,,,,,,,,,,,,,,,,,,,,,,
38,,,9530,,,,,,,1.0832518339157104,,,,,,,,,,,,,,,,,,,,,,,,,,,,,,,,,,,,
38,,,9531,,,,,,,1.1098272800445557,,,,,,,,,,,,,,,,,,,,,,,,,,,,,,,,,,,,
38,,,9532,,,,,,,1.08137047290802,,,,,,,,,,,,,,,,,,,,,,,,,,,,,,,,,,,,
38,,,9533,,,,,,,1.0832812786102295,,,,,,,,,,,,,,,,,,,,,,,,,,,,,,,,,,,,
38,,,9534,,,,,,,1.099988341331482,,,,,,,,,,,,,,,,,,,,,,,,,,,,,,,,,,,,
38,,,9535,,,,,,,1.1007697582244873,,,,,,,,,,,,,,,,,,,,,,,,,,,,,,,,,,,,
38,,,9536,,,,,,,1.1063895225524902,,,,,,,,,,,,,,,,,,,,,,,,,,,,,,,,,,,,
38,,,9537,,,,,,,1.0841574668884277,,,,,,,,,,,,,,,,,,,,,,,,,,,,,,,,,,,,
38,,,9538,,,,,,,1.0801559686660767,,,,,,,,,,,,,,,,,,,,,,,,,,,,,,,,,,,,
38,,,9539,,,,,,,1.1473922729492188,,,,,,,,,,,,,,,,,,,,,,,,,,,,,,,,,,,,
38,,,9540,,,,,,,1.1121597290039062,,,,,,,,,,,,,,,,,,,,,,,,,,,,,,,,,,,,
38,,,9541,,,,,,,1.0939692258834839,,,,,,,,,,,,,,,,,,,,,,,,,,,,,,,,,,,,
38,,,9542,,,,,,,1.107100009918213,,,,,,,,,,,,,,,,,,,,,,,,,,,,,,,,,,,,
38,,,9543,,,,,,,1.080532193183899,,,,,,,,,,,,,,,,,,,,,,,,,,,,,,,,,,,,
38,,,9544,,,,,,,1.2267924547195435,,,,,,,,,,,,,,,,,,,,,,,,,,,,,,,,,,,,
38,,,9545,,,,,,,1.1282877922058105,,,,,,,,,,,,,,,,,,,,,,,,,,,,,,,,,,,,
38,,,9546,,,,,,,1.1141867637634277,,,,,,,,,,,,,,,,,,,,,,,,,,,,,,,,,,,,
38,,,9547,,,,,,,1.0957496166229248,,,,,,,,,,,,,,,,,,,,,,,,,,,,,,,,,,,,
38,,,9548,,,,,,,1.0967824459075928,,,,,,,,,,,,,,,,,,,,,,,,,,,,,,,,,,,,
38,,,9549,,,,,,,1.0835355520248413,,,,,,,,,,,,,,,,,,,,,,,,,,,,,,,,,,,,
38,,,9550,,,,,,,1.1393018960952759,,,,,,,,,,,,,,,,,,,,,,,,,,,,,,,,,,,,
38,,,9551,,,,,,,1.1278742551803589,,,,,,,,,,,,,,,,,,,,,,,,,,,,,,,,,,,,
38,,,9552,,,,,,,1.0883867740631104,,,,,,,,,,,,,,,,,,,,,,,,,,,,,,,,,,,,
38,,,9553,,,,,,,1.142646074295044,,,,,,,,,,,,,,,,,,,,,,,,,,,,,,,,,,,,
38,,,9554,,,,,,,1.1742256879806519,,,,,,,,,,,,,,,,,,,,,,,,,,,,,,,,,,,,
38,,,9555,,,,,,,1.1195951700210571,,,,,,,,,,,,,,,,,,,,,,,,,,,,,,,,,,,,
38,,,9556,,,,,,,1.1060351133346558,,,,,,,,,,,,,,,,,,,,,,,,,,,,,,,,,,,,
38,,,9557,,,,,,,1.1939222812652588,,,,,,,,,,,,,,,,,,,,,,,,,,,,,,,,,,,,
38,,,9558,,,,,,,1.1002107858657837,,,,,,,,,,,,,,,,,,,,,,,,,,,,,,,,,,,,
38,,,9559,,,,,,,1.0829617977142334,,,,,,,,,,,,,,,,,,,,,,,,,,,,,,,,,,,,
38,,,9560,,,,,,,1.0835485458374023,,,,,,,,,,,,,,,,,,,,,,,,,,,,,,,,,,,,
38,,,9561,,,,,,,1.0847678184509277,,,,,,,,,,,,,,,,,,,,,,,,,,,,,,,,,,,,
38,,,9562,,,,,,,1.1094664335250854,,,,,,,,,,,,,,,,,,,,,,,,,,,,,,,,,,,,
38,,,9563,,,,,,,1.1031299829483032,,,,,,,,,,,,,,,,,,,,,,,,,,,,,,,,,,,,
38,,,9564,,,,,,,1.0876575708389282,,,,,,,,,,,,,,,,,,,,,,,,,,,,,,,,,,,,
38,,,9565,,,,,,,1.156877875328064,,,,,,,,,,,,,,,,,,,,,,,,,,,,,,,,,,,,
38,,,9566,,,,,,,1.1055262088775635,,,,,,,,,,,,,,,,,,,,,,,,,,,,,,,,,,,,
38,,,9567,,,,,,,1.1332814693450928,,,,,,,,,,,,,,,,,,,,,,,,,,,,,,,,,,,,
38,,,9568,,,,,,,1.1078053712844849,,,,,,,,,,,,,,,,,,,,,,,,,,,,,,,,,,,,
38,,,9569,,,,,,,1.1162110567092896,,,,,,,,,,,,,,,,,,,,,,,,,,,,,,,,,,,,
38,,,9570,,,,,,,1.1016502380371094,,,,,,,,,,,,,,,,,,,,,,,,,,,,,,,,,,,,
38,,,9571,,,,,,,1.0892517566680908,,,,,,,,,,,,,,,,,,,,,,,,,,,,,,,,,,,,
38,,,9572,,,,,,,1.0814141035079956,,,,,,,,,,,,,,,,,,,,,,,,,,,,,,,,,,,,
38,,,9573,,,,,,,1.0950343608856201,,,,,,,,,,,,,,,,,,,,,,,,,,,,,,,,,,,,
38,,,9574,,,,,,,1.207356572151184,,,,,,,,,,,,,,,,,,,,,,,,,,,,,,,,,,,,
38,,,9575,,,,,,,1.152866005897522,,,,,,,,,,,,,,,,,,,,,,,,,,,,,,,,,,,,
38,,,9576,,,,,,,1.0954616069793701,,,,,,,,,,,,,,,,,,,,,,,,,,,,,,,,,,,,
38,,,9577,,,,,,,1.0919389724731445,,,,,,,,,,,,,,,,,,,,,,,,,,,,,,,,,,,,
38,,,9578,,,,,,,1.1363251209259033,,,,,,,,,,,,,,,,,,,,,,,,,,,,,,,,,,,,
38,,,9579,,,,,,,1.0987954139709473,,,,,,,,,,,,,,,,,,,,,,,,,,,,,,,,,,,,
38,,,9580,,,,,,,1.0848548412322998,,,,,,,,,,,,,,,,,,,,,,,,,,,,,,,,,,,,
38,,,9581,,,,,,,1.086186408996582,,,,,,,,,,,,,,,,,,,,,,,,,,,,,,,,,,,,
38,,,9582,,,,,,,1.0914041996002197,,,,,,,,,,,,,,,,,,,,,,,,,,,,,,,,,,,,
38,,,9583,,,,,,,1.0800930261611938,,,,,,,,,,,,,,,,,,,,,,,,,,,,,,,,,,,,
38,,,9584,,,,,,,1.0987968444824219,,,,,,,,,,,,,,,,,,,,,,,,,,,,,,,,,,,,
38,,,9585,,,,,,,1.088664174079895,,,,,,,,,,,,,,,,,,,,,,,,,,,,,,,,,,,,
38,,,9586,,,,,,,1.095056176185608,,,,,,,,,,,,,,,,,,,,,,,,,,,,,,,,,,,,
38,,,9587,,,,,,,1.1003038883209229,,,,,,,,,,,,,,,,,,,,,,,,,,,,,,,,,,,,
38,,,9588,,,,,,,1.1306209564208984,,,,,,,,,,,,,,,,,,,,,,,,,,,,,,,,,,,,
38,,,9589,,,,,,,1.09596848487854,,,,,,,,,,,,,,,,,,,,,,,,,,,,,,,,,,,,
38,,,9590,,,,,,,1.0885287523269653,,,,,,,,,,,,,,,,,,,,,,,,,,,,,,,,,,,,
38,,,9591,,,,,,,1.0882831811904907,,,,,,,,,,,,,,,,,,,,,,,,,,,,,,,,,,,,
38,,,9592,,,,,,,1.1196858882904053,,,,,,,,,,,,,,,,,,,,,,,,,,,,,,,,,,,,
38,,,9593,,,,,,,1.0816645622253418,,,,,,,,,,,,,,,,,,,,,,,,,,,,,,,,,,,,
38,,,9594,,,,,,,1.0936273336410522,,,,,,,,,,,,,,,,,,,,,,,,,,,,,,,,,,,,
38,,,9595,,,,,,,1.098636269569397,,,,,,,,,,,,,,,,,,,,,,,,,,,,,,,,,,,,
38,,,9596,,,,,,,1.0888973474502563,,,,,,,,,,,,,,,,,,,,,,,,,,,,,,,,,,,,
38,,,9597,,,,,,,1.0929293632507324,,,,,,,,,,,,,,,,,,,,,,,,,,,,,,,,,,,,
38,,,9598,,,,,,,1.0954005718231201,,,,,,,,,,,,,,,,,,,,,,,,,,,,,,,,,,,,
38,,,9599,,,,,,,1.0920636653900146,,,,,,,,,,,,,,,,,,,,,,,,,,,,,,,,,,,,
38,,,9600,,,,,,,1.0868308544158936,,,,,,,,,,,,,,,,,,,,,,,,,,,,,,,,,,,,
38,,,9601,,,,,,,1.1906802654266357,,,,,,,,,,,,,,,,,,,,,,,,,,,,,,,,,,,,
38,,,9602,,,,,,,1.1415635347366333,,,,,,,,,,,,,,,,,,,,,,,,,,,,,,,,,,,,
38,,,9603,,,,,,,1.1396207809448242,,,,,,,,,,,,,,,,,,,,,,,,,,,,,,,,,,,,
38,,,9604,,,,,,,1.1158515214920044,,,,,,,,,,,,,,,,,,,,,,,,,,,,,,,,,,,,
38,,,9605,,,,,,,1.1824631690979004,,,,,,,,,,,,,,,,,,,,,,,,,,,,,,,,,,,,
38,,,9606,,,,,,,1.1065891981124878,,,,,,,,,,,,,,,,,,,,,,,,,,,,,,,,,,,,
38,,,9607,,,,,,,1.1129710674285889,,,,,,,,,,,,,,,,,,,,,,,,,,,,,,,,,,,,
38,,,9608,,,,,,,1.1618404388427734,,,,,,,,,,,,,,,,,,,,,,,,,,,,,,,,,,,,
38,,,9609,,,,,,,1.1067006587982178,,,,,,,,,,,,,,,,,,,,,,,,,,,,,,,,,,,,
38,,,9610,,,,,,,1.1251593828201294,,,,,,,,,,,,,,,,,,,,,,,,,,,,,,,,,,,,
38,,,9611,,,,,,,1.1238715648651123,,,,,,,,,,,,,,,,,,,,,,,,,,,,,,,,,,,,
38,,,9612,,,,,,,1.0854973793029785,,,,,,,,,,,,,,,,,,,,,,,,,,,,,,,,,,,,
38,,,9613,,,,,,,1.0899784564971924,,,,,,,,,,,,,,,,,,,,,,,,,,,,,,,,,,,,
38,,,9614,,,,,,,1.091277837753296,,,,,,,,,,,,,,,,,,,,,,,,,,,,,,,,,,,,
38,,,9615,,,,,,,1.1299617290496826,,,,,,,,,,,,,,,,,,,,,,,,,,,,,,,,,,,,
38,,,9616,,,,,,,1.0986701250076294,,,,,,,,,,,,,,,,,,,,,,,,,,,,,,,,,,,,
38,,,9617,,,,,,,1.1044397354125977,,,,,,,,,,,,,,,,,,,,,,,,,,,,,,,,,,,,
38,,,9618,,,,,,,1.0854237079620361,,,,,,,,,,,,,,,,,,,,,,,,,,,,,,,,,,,,
38,,,9619,,,,,,,1.1454969644546509,,,,,,,,,,,,,,,,,,,,,,,,,,,,,,,,,,,,
38,,,9620,,,,,,,1.0889954566955566,,,,,,,,,,,,,,,,,,,,,,,,,,,,,,,,,,,,
38,,,9621,,,,,,,1.1099941730499268,,,,,,,,,,,,,,,,,,,,,,,,,,,,,,,,,,,,
38,,,9622,,,,,,,1.0921624898910522,,,,,,,,,,,,,,,,,,,,,,,,,,,,,,,,,,,,
38,,,9623,,,,,,,1.090301752090454,,,,,,,,,,,,,,,,,,,,,,,,,,,,,,,,,,,,
38,,,9624,,,,,,,1.0990586280822754,,,,,,,,,,,,,,,,,,,,,,,,,,,,,,,,,,,,
38,,,9625,,,,,,,1.177682638168335,,,,,,,,,,,,,,,,,,,,,,,,,,,,,,,,,,,,
38,,,9626,,,,,,,1.1272319555282593,,,,,,,,,,,,,,,,,,,,,,,,,,,,,,,,,,,,
38,,,9627,,,,,,,1.0807870626449585,,,,,,,,,,,,,,,,,,,,,,,,,,,,,,,,,,,,
38,,,9628,,,,,,,1.099291205406189,,,,,,,,,,,,,,,,,,,,,,,,,,,,,,,,,,,,
38,,,9629,,,,,,,1.0804498195648193,,,,,,,,,,,,,,,,,,,,,,,,,,,,,,,,,,,,
38,,,9630,,,,,,,1.148982286453247,,,,,,,,,,,,,,,,,,,,,,,,,,,,,,,,,,,,
38,,,9631,,,,,,,1.1048611402511597,,,,,,,,,,,,,,,,,,,,,,,,,,,,,,,,,,,,
38,,,9632,,,,,,,1.0885080099105835,,,,,,,,,,,,,,,,,,,,,,,,,,,,,,,,,,,,
38,,,9633,,,,,,,1.080150842666626,,,,,,,,,,,,,,,,,,,,,,,,,,,,,,,,,,,,
38,,,9634,,,,,,,1.1097066402435303,,,,,,,,,,,,,,,,,,,,,,,,,,,,,,,,,,,,
38,,,9635,,,,,,,1.0895355939865112,,,,,,,,,,,,,,,,,,,,,,,,,,,,,,,,,,,,
38,,,9636,,,,,,,1.0852158069610596,,,,,,,,,,,,,,,,,,,,,,,,,,,,,,,,,,,,
38,,,9637,,,,,,,1.1200168132781982,,,,,,,,,,,,,,,,,,,,,,,,,,,,,,,,,,,,
38,,,9638,,,,,,,1.100265622138977,,,,,,,,,,,,,,,,,,,,,,,,,,,,,,,,,,,,
38,,,9639,,,,,,,1.095649003982544,,,,,,,,,,,,,,,,,,,,,,,,,,,,,,,,,,,,
38,,,9640,,,,,,,1.120163083076477,,,,,,,,,,,,,,,,,,,,,,,,,,,,,,,,,,,,
38,,,9641,,,,,,,1.09059476852417,,,,,,,,,,,,,,,,,,,,,,,,,,,,,,,,,,,,
38,,,9642,,,,,,,1.147653579711914,,,,,,,,,,,,,,,,,,,,,,,,,,,,,,,,,,,,
38,,,9643,,,,,,,1.1050808429718018,,,,,,,,,,,,,,,,,,,,,,,,,,,,,,,,,,,,
38,,,9644,,,,,,,1.0832643508911133,,,,,,,,,,,,,,,,,,,,,,,,,,,,,,,,,,,,
38,,,9645,,,,,,,1.0962071418762207,,,,,,,,,,,,,,,,,,,,,,,,,,,,,,,,,,,,
38,,,9646,,,,,,,1.0965206623077393,,,,,,,,,,,,,,,,,,,,,,,,,,,,,,,,,,,,
38,,,9647,,,,,,,1.091838002204895,,,,,,,,,,,,,,,,,,,,,,,,,,,,,,,,,,,,
38,,,9648,,,,,,,1.1438480615615845,,,,,,,,,,,,,,,,,,,,,,,,,,,,,,,,,,,,
38,,,9649,,,,,,,1.1226242780685425,,,,,,,,,,,,,,,,,,,,,,,,,,,,,,,,,,,,
38,,,9650,,,,,,,1.1280384063720703,,,,,,,,,,,,,,,,,,,,,,,,,,,,,,,,,,,,
38,,,9651,,,,,,,1.098231315612793,,,,,,,,,,,,,,,,,,,,,,,,,,,,,,,,,,,,
38,,,9652,,,,,,,1.1482183933258057,,,,,,,,,,,,,,,,,,,,,,,,,,,,,,,,,,,,
38,,,9653,,,,,,,1.0952163934707642,,,,,,,,,,,,,,,,,,,,,,,,,,,,,,,,,,,,
38,,,9654,,,,,,,1.10124933719635,,,,,,,,,,,,,,,,,,,,,,,,,,,,,,,,,,,,
38,,,9655,,,,,,,1.0847331285476685,,,,,,,,,,,,,,,,,,,,,,,,,,,,,,,,,,,,
38,,,9656,,,,,,,1.0880199670791626,,,,,,,,,,,,,,,,,,,,,,,,,,,,,,,,,,,,
38,,,9657,,,,,,,1.1511480808258057,,,,,,,,,,,,,,,,,,,,,,,,,,,,,,,,,,,,
38,,,9658,,,,,,,1.0941312313079834,,,,,,,,,,,,,,,,,,,,,,,,,,,,,,,,,,,,
38,,,9659,,,,,,,1.1284122467041016,,,,,,,,,,,,,,,,,,,,,,,,,,,,,,,,,,,,
38,,,9660,,,,,,,1.141751766204834,,,,,,,,,,,,,,,,,,,,,,,,,,,,,,,,,,,,
38,,,9661,,,,,,,1.0883293151855469,,,,,,,,,,,,,,,,,,,,,,,,,,,,,,,,,,,,
38,,,9662,,,,,,,1.093745470046997,,,,,,,,,,,,,,,,,,,,,,,,,,,,,,,,,,,,
38,,,9663,,,,,,,1.080112338066101,,,,,,,,,,,,,,,,,,,,,,,,,,,,,,,,,,,,
38,,,9664,,,,,,,1.1527312994003296,,,,,,,,,,,,,,,,,,,,,,,,,,,,,,,,,,,,
38,,,9665,,,,,,,1.162217617034912,,,,,,,,,,,,,,,,,,,,,,,,,,,,,,,,,,,,
38,,,9666,,,,,,,1.0906568765640259,,,,,,,,,,,,,,,,,,,,,,,,,,,,,,,,,,,,
38,,,9667,,,,,,,1.0861626863479614,,,,,,,,,,,,,,,,,,,,,,,,,,,,,,,,,,,,
38,,,9668,,,,,,,1.097269892692566,,,,,,,,,,,,,,,,,,,,,,,,,,,,,,,,,,,,
38,,,9669,,,,,,,1.086912751197815,,,,,,,,,,,,,,,,,,,,,,,,,,,,,,,,,,,,
38,,,9670,,,,,,,1.0899707078933716,,,,,,,,,,,,,,,,,,,,,,,,,,,,,,,,,,,,
38,,,9671,,,,,,,1.084139347076416,,,,,,,,,,,,,,,,,,,,,,,,,,,,,,,,,,,,
38,,,9672,,,,,,,1.116538405418396,,,,,,,,,,,,,,,,,,,,,,,,,,,,,,,,,,,,
38,,,9673,,,,,,,1.0863312482833862,,,,,,,,,,,,,,,,,,,,,,,,,,,,,,,,,,,,
38,,,9674,,,,,,,1.1105496883392334,,,,,,,,,,,,,,,,,,,,,,,,,,,,,,,,,,,,
38,,,9675,,,,,,,1.0899658203125,,,,,,,,,,,,,,,,,,,,,,,,,,,,,,,,,,,,
38,,,9676,,,,,,,1.120813250541687,,,,,,,,,,,,,,,,,,,,,,,,,,,,,,,,,,,,
38,,,9677,,,,,,,1.1164782047271729,,,,,,,,,,,,,,,,,,,,,,,,,,,,,,,,,,,,
38,,,9678,,,,,,,1.089982271194458,,,,,,,,,,,,,,,,,,,,,,,,,,,,,,,,,,,,
38,,,9679,,,,,,,1.0809108018875122,,,,,,,,,,,,,,,,,,,,,,,,,,,,,,,,,,,,
38,,,9680,,,,,,,1.1144918203353882,,,,,,,,,,,,,,,,,,,,,,,,,,,,,,,,,,,,
38,,,9681,,,,,,,1.0966039896011353,,,,,,,,,,,,,,,,,,,,,,,,,,,,,,,,,,,,
38,,,9682,,,,,,,1.0962040424346924,,,,,,,,,,,,,,,,,,,,,,,,,,,,,,,,,,,,
38,,,9683,,,,,,,1.1034941673278809,,,,,,,,,,,,,,,,,,,,,,,,,,,,,,,,,,,,
38,,,9684,,,,,,,1.1136970520019531,,,,,,,,,,,,,,,,,,,,,,,,,,,,,,,,,,,,
38,,,9685,,,,,,,1.1292431354522705,,,,,,,,,,,,,,,,,,,,,,,,,,,,,,,,,,,,
38,,,9686,,,,,,,1.0868477821350098,,,,,,,,,,,,,,,,,,,,,,,,,,,,,,,,,,,,
38,,,9687,,,,,,,1.0983407497406006,,,,,,,,,,,,,,,,,,,,,,,,,,,,,,,,,,,,
38,,,9688,,,,,,,1.08766508102417,,,,,,,,,,,,,,,,,,,,,,,,,,,,,,,,,,,,
38,,,9689,,,,,,,1.086416482925415,,,,,,,,,,,,,,,,,,,,,,,,,,,,,,,,,,,,
38,,,9690,,,,,,,1.0919229984283447,,,,,,,,,,,,,,,,,,,,,,,,,,,,,,,,,,,,
38,,,9691,,,,,,,1.0848681926727295,,,,,,,,,,,,,,,,,,,,,,,,,,,,,,,,,,,,
38,,,9692,,,,,,,1.1320281028747559,,,,,,,,,,,,,,,,,,,,,,,,,,,,,,,,,,,,
38,,,9693,,,,,,,1.0824625492095947,,,,,,,,,,,,,,,,,,,,,,,,,,,,,,,,,,,,
38,,,9694,,,,,,,1.1226301193237305,,,,,,,,,,,,,,,,,,,,,,,,,,,,,,,,,,,,
38,,,9695,,,,,,,1.1071254014968872,,,,,,,,,,,,,,,,,,,,,,,,,,,,,,,,,,,,
38,,,9696,,,,,,,1.080079436302185,,,,,,,,,,,,,,,,,,,,,,,,,,,,,,,,,,,,
38,,,9697,,,,,,,1.1068036556243896,,,,,,,,,,,,,,,,,,,,,,,,,,,,,,,,,,,,
38,,,9698,,,,,,,1.1622793674468994,,,,,,,,,,,,,,,,,,,,,,,,,,,,,,,,,,,,
38,,,9699,,,,,,,1.1001321077346802,,,,,,,,,,,,,,,,,,,,,,,,,,,,,,,,,,,,
38,,,9700,,,,,,,1.1130902767181396,,,,,,,,,,,,,,,,,,,,,,,,,,,,,,,,,,,,
38,,,9701,,,,,,,1.1000593900680542,,,,,,,,,,,,,,,,,,,,,,,,,,,,,,,,,,,,
38,,,9702,,,,,,,1.1026285886764526,,,,,,,,,,,,,,,,,,,,,,,,,,,,,,,,,,,,
38,,,9703,,,,,,,1.0992939472198486,,,,,,,,,,,,,,,,,,,,,,,,,,,,,,,,,,,,
38,,,9704,,,,,,,1.106034755706787,,,,,,,,,,,,,,,,,,,,,,,,,,,,,,,,,,,,
38,,,9705,,,,,,,1.1017972230911255,,,,,,,,,,,,,,,,,,,,,,,,,,,,,,,,,,,,
38,,,9706,,,,,,,1.1991701126098633,,,,,,,,,,,,,,,,,,,,,,,,,,,,,,,,,,,,
38,,,9707,,,,,,,1.1756893396377563,,,,,,,,,,,,,,,,,,,,,,,,,,,,,,,,,,,,
38,,,9708,,,,,,,1.0963133573532104,,,,,,,,,,,,,,,,,,,,,,,,,,,,,,,,,,,,
38,,,9709,,,,,,,1.099052906036377,,,,,,,,,,,,,,,,,,,,,,,,,,,,,,,,,,,,
38,,,9710,,,,,,,1.0992460250854492,,,,,,,,,,,,,,,,,,,,,,,,,,,,,,,,,,,,
38,,,9711,,,,,,,1.0896790027618408,,,,,,,,,,,,,,,,,,,,,,,,,,,,,,,,,,,,
38,,,9712,,,,,,,1.0862282514572144,,,,,,,,,,,,,,,,,,,,,,,,,,,,,,,,,,,,
38,,,9713,,,,,,,1.1041332483291626,,,,,,,,,,,,,,,,,,,,,,,,,,,,,,,,,,,,
38,,,9714,,,,,,,1.1027127504348755,,,,,,,,,,,,,,,,,,,,,,,,,,,,,,,,,,,,
38,,,9715,,,,,,,1.1279977560043335,,,,,,,,,,,,,,,,,,,,,,,,,,,,,,,,,,,,
38,,,9716,,,,,,,1.0960793495178223,,,,,,,,,,,,,,,,,,,,,,,,,,,,,,,,,,,,
38,,,9717,,,,,,,1.1357789039611816,,,,,,,,,,,,,,,,,,,,,,,,,,,,,,,,,,,,
38,,,9718,,,,,,,1.0825552940368652,,,,,,,,,,,,,,,,,,,,,,,,,,,,,,,,,,,,
38,,,9719,,,,,,,1.128652572631836,,,,,,,,,,,,,,,,,,,,,,,,,,,,,,,,,,,,
38,,,9720,,,,,,,1.1656453609466553,,,,,,,,,,,,,,,,,,,,,,,,,,,,,,,,,,,,
38,,,9721,,,,,,,1.0808440446853638,,,,,,,,,,,,,,,,,,,,,,,,,,,,,,,,,,,,
38,,,9722,,,,,,,1.0805628299713135,,,,,,,,,,,,,,,,,,,,,,,,,,,,,,,,,,,,
38,,,9723,,,,,,,1.0803035497665405,,,,,,,,,,,,,,,,,,,,,,,,,,,,,,,,,,,,
38,,,9724,,,,,,,1.1828383207321167,,,,,,,,,,,,,,,,,,,,,,,,,,,,,,,,,,,,
38,,,9725,,,,,,,1.098428726196289,,,,,,,,,,,,,,,,,,,,,,,,,,,,,,,,,,,,
38,,,9726,,,,,,,1.1133394241333008,,,,,,,,,,,,,,,,,,,,,,,,,,,,,,,,,,,,
38,,,9727,,,,,,,1.080788254737854,,,,,,,,,,,,,,,,,,,,,,,,,,,,,,,,,,,,
38,,,9728,,,,,,,1.0879712104797363,,,,,,,,,,,,,,,,,,,,,,,,,,,,,,,,,,,,
38,,,9729,,,,,,,1.0857417583465576,,,,,,,,,,,,,,,,,,,,,,,,,,,,,,,,,,,,
38,,,9730,,,,,,,1.092332363128662,,,,,,,,,,,,,,,,,,,,,,,,,,,,,,,,,,,,
38,,,9731,,,,,,,1.0971108675003052,,,,,,,,,,,,,,,,,,,,,,,,,,,,,,,,,,,,
38,,,9732,,,,,,,1.1070759296417236,,,,,,,,,,,,,,,,,,,,,,,,,,,,,,,,,,,,
38,,,9733,,,,,,,1.0872544050216675,,,,,,,,,,,,,,,,,,,,,,,,,,,,,,,,,,,,
38,,,9734,,,,,,,1.1623528003692627,,,,,,,,,,,,,,,,,,,,,,,,,,,,,,,,,,,,
38,,,9735,,,,,,,1.1039550304412842,,,,,,,,,,,,,,,,,,,,,,,,,,,,,,,,,,,,
38,,,9736,,,,,,,1.1427950859069824,,,,,,,,,,,,,,,,,,,,,,,,,,,,,,,,,,,,
38,,,9737,,,,,,,1.0813350677490234,,,,,,,,,,,,,,,,,,,,,,,,,,,,,,,,,,,,
38,,,9738,,,,,,,1.0960123538970947,,,,,,,,,,,,,,,,,,,,,,,,,,,,,,,,,,,,
38,,,9739,,,,,,,1.1299389600753784,,,,,,,,,,,,,,,,,,,,,,,,,,,,,,,,,,,,
38,,,9740,,,,,,,1.1086794137954712,,,,,,,,,,,,,,,,,,,,,,,,,,,,,,,,,,,,
38,,,9741,,,,,,,1.1269378662109375,,,,,,,,,,,,,,,,,,,,,,,,,,,,,,,,,,,,
38,,,9742,,,,,,,1.1073296070098877,,,,,,,,,,,,,,,,,,,,,,,,,,,,,,,,,,,,
38,,,9743,,,,,,,1.1141226291656494,,,,,,,,,,,,,,,,,,,,,,,,,,,,,,,,,,,,
38,,,9744,,,,,,,1.087190866470337,,,,,,,,,,,,,,,,,,,,,,,,,,,,,,,,,,,,
38,,,9745,,,,,,,1.0842716693878174,,,,,,,,,,,,,,,,,,,,,,,,,,,,,,,,,,,,
38,,,9746,,,,,,,1.0949687957763672,,,,,,,,,,,,,,,,,,,,,,,,,,,,,,,,,,,,
38,,,9747,,,,,,,1.0909332036972046,,,,,,,,,,,,,,,,,,,,,,,,,,,,,,,,,,,,
38,,,9748,,,,,,,1.1111910343170166,,,,,,,,,,,,,,,,,,,,,,,,,,,,,,,,,,,,
38,,,9749,,,,,,,1.104644536972046,,,,,,,,,,,,,,,,,,,,,,,,,,,,,,,,,,,,
38,,,9749,,,,,,,,,,0.20542696118354797,0.004661938641220331,0.6748046875,1.349609375,53.0732421875,0.6748046875,271790.65625,0.8375840187072754,0.8375840187072754,1.0,0.2939567565917969,53.0732421875,0.6748046875,0.9329894781112671,0.04756401479244232,22118.0,0.0018463203450664878,0.002736080903559923,0.41466495394706726,0.6144962310791016,0.005447904579341412,1475.0,0.017074285075068474,0.02530255727469921,0.26704877614974976,0.3957423269748688,0.013911443762481213,7373.0,0.004759232979267836,0.007052755914628506,0.3411588966846466,0.5055668354034424,0.016410188749432564,0.00035992596531286836
38,,20.0,9749,265350.90625,0.8505460023880005,0.8529631495475769,1.1081268787384033,0.8529631495475769,1.0,,0.30101171135902405,0.9160000085830688,,,,,,,,,,,,,,,,,,,,,,,,,,,,,,,,,,
,4.623999400308053e-07,,9750,,,,,,,,,,,,,,,,,,,,,,,,,,,,,,,,,,,,,,,,,,,
39,,,9750,,,,,,,1.085027813911438,,,,,,,,,,,,,,,,,,,,,,,,,,,,,,,,,,,,
39,,,9751,,,,,,,1.1010733842849731,,,,,,,,,,,,,,,,,,,,,,,,,,,,,,,,,,,,
39,,,9752,,,,,,,1.1705724000930786,,,,,,,,,,,,,,,,,,,,,,,,,,,,,,,,,,,,
39,,,9753,,,,,,,1.1103352308273315,,,,,,,,,,,,,,,,,,,,,,,,,,,,,,,,,,,,
39,,,9754,,,,,,,1.080599069595337,,,,,,,,,,,,,,,,,,,,,,,,,,,,,,,,,,,,
39,,,9755,,,,,,,1.1643067598342896,,,,,,,,,,,,,,,,,,,,,,,,,,,,,,,,,,,,
39,,,9756,,,,,,,1.0828336477279663,,,,,,,,,,,,,,,,,,,,,,,,,,,,,,,,,,,,
39,,,9757,,,,,,,1.0931529998779297,,,,,,,,,,,,,,,,,,,,,,,,,,,,,,,,,,,,
39,,,9758,,,,,,,1.116725206375122,,,,,,,,,,,,,,,,,,,,,,,,,,,,,,,,,,,,
39,,,9759,,,,,,,1.143540382385254,,,,,,,,,,,,,,,,,,,,,,,,,,,,,,,,,,,,
39,,,9760,,,,,,,1.1096863746643066,,,,,,,,,,,,,,,,,,,,,,,,,,,,,,,,,,,,
39,,,9761,,,,,,,1.0937261581420898,,,,,,,,,,,,,,,,,,,,,,,,,,,,,,,,,,,,
39,,,9762,,,,,,,1.098691701889038,,,,,,,,,,,,,,,,,,,,,,,,,,,,,,,,,,,,
39,,,9763,,,,,,,1.1676223278045654,,,,,,,,,,,,,,,,,,,,,,,,,,,,,,,,,,,,
39,,,9764,,,,,,,1.0815834999084473,,,,,,,,,,,,,,,,,,,,,,,,,,,,,,,,,,,,
39,,,9765,,,,,,,1.0822110176086426,,,,,,,,,,,,,,,,,,,,,,,,,,,,,,,,,,,,
39,,,9766,,,,,,,1.0810431241989136,,,,,,,,,,,,,,,,,,,,,,,,,,,,,,,,,,,,
39,,,9767,,,,,,,1.1372504234313965,,,,,,,,,,,,,,,,,,,,,,,,,,,,,,,,,,,,
39,,,9768,,,,,,,1.0840257406234741,,,,,,,,,,,,,,,,,,,,,,,,,,,,,,,,,,,,
39,,,9769,,,,,,,1.1230299472808838,,,,,,,,,,,,,,,,,,,,,,,,,,,,,,,,,,,,
39,,,9770,,,,,,,1.1716010570526123,,,,,,,,,,,,,,,,,,,,,,,,,,,,,,,,,,,,
39,,,9771,,,,,,,1.1799166202545166,,,,,,,,,,,,,,,,,,,,,,,,,,,,,,,,,,,,
39,,,9772,,,,,,,1.1188229322433472,,,,,,,,,,,,,,,,,,,,,,,,,,,,,,,,,,,,
39,,,9773,,,,,,,1.1032557487487793,,,,,,,,,,,,,,,,,,,,,,,,,,,,,,,,,,,,
39,,,9774,,,,,,,1.0934911966323853,,,,,,,,,,,,,,,,,,,,,,,,,,,,,,,,,,,,
39,,,9775,,,,,,,1.1579396724700928,,,,,,,,,,,,,,,,,,,,,,,,,,,,,,,,,,,,
39,,,9776,,,,,,,1.08694326877594,,,,,,,,,,,,,,,,,,,,,,,,,,,,,,,,,,,,
39,,,9777,,,,,,,1.0963393449783325,,,,,,,,,,,,,,,,,,,,,,,,,,,,,,,,,,,,
39,,,9778,,,,,,,1.091288447380066,,,,,,,,,,,,,,,,,,,,,,,,,,,,,,,,,,,,
39,,,9779,,,,,,,1.112856388092041,,,,,,,,,,,,,,,,,,,,,,,,,,,,,,,,,,,,
39,,,9780,,,,,,,1.0883307456970215,,,,,,,,,,,,,,,,,,,,,,,,,,,,,,,,,,,,
39,,,9781,,,,,,,1.0818891525268555,,,,,,,,,,,,,,,,,,,,,,,,,,,,,,,,,,,,
39,,,9782,,,,,,,1.082611083984375,,,,,,,,,,,,,,,,,,,,,,,,,,,,,,,,,,,,
39,,,9783,,,,,,,1.1546475887298584,,,,,,,,,,,,,,,,,,,,,,,,,,,,,,,,,,,,
39,,,9784,,,,,,,1.0899038314819336,,,,,,,,,,,,,,,,,,,,,,,,,,,,,,,,,,,,
39,,,9785,,,,,,,1.1023266315460205,,,,,,,,,,,,,,,,,,,,,,,,,,,,,,,,,,,,
39,,,9786,,,,,,,1.1122539043426514,,,,,,,,,,,,,,,,,,,,,,,,,,,,,,,,,,,,
39,,,9787,,,,,,,1.1026302576065063,,,,,,,,,,,,,,,,,,,,,,,,,,,,,,,,,,,,
39,,,9788,,,,,,,1.1300053596496582,,,,,,,,,,,,,,,,,,,,,,,,,,,,,,,,,,,,
39,,,9789,,,,,,,1.0809634923934937,,,,,,,,,,,,,,,,,,,,,,,,,,,,,,,,,,,,
39,,,9790,,,,,,,1.091801404953003,,,,,,,,,,,,,,,,,,,,,,,,,,,,,,,,,,,,
39,,,9791,,,,,,,1.0855393409729004,,,,,,,,,,,,,,,,,,,,,,,,,,,,,,,,,,,,
39,,,9792,,,,,,,1.0828466415405273,,,,,,,,,,,,,,,,,,,,,,,,,,,,,,,,,,,,
39,,,9793,,,,,,,1.0813779830932617,,,,,,,,,,,,,,,,,,,,,,,,,,,,,,,,,,,,
39,,,9794,,,,,,,1.1035754680633545,,,,,,,,,,,,,,,,,,,,,,,,,,,,,,,,,,,,
39,,,9795,,,,,,,1.0847265720367432,,,,,,,,,,,,,,,,,,,,,,,,,,,,,,,,,,,,
39,,,9796,,,,,,,1.096665859222412,,,,,,,,,,,,,,,,,,,,,,,,,,,,,,,,,,,,
39,,,9797,,,,,,,1.0852688550949097,,,,,,,,,,,,,,,,,,,,,,,,,,,,,,,,,,,,
39,,,9798,,,,,,,1.0883374214172363,,,,,,,,,,,,,,,,,,,,,,,,,,,,,,,,,,,,
39,,,9799,,,,,,,1.0950062274932861,,,,,,,,,,,,,,,,,,,,,,,,,,,,,,,,,,,,
39,,,9800,,,,,,,1.1745704412460327,,,,,,,,,,,,,,,,,,,,,,,,,,,,,,,,,,,,
39,,,9801,,,,,,,1.1271331310272217,,,,,,,,,,,,,,,,,,,,,,,,,,,,,,,,,,,,
39,,,9802,,,,,,,1.0863182544708252,,,,,,,,,,,,,,,,,,,,,,,,,,,,,,,,,,,,
39,,,9803,,,,,,,1.091510534286499,,,,,,,,,,,,,,,,,,,,,,,,,,,,,,,,,,,,
39,,,9804,,,,,,,1.1121734380722046,,,,,,,,,,,,,,,,,,,,,,,,,,,,,,,,,,,,
39,,,9805,,,,,,,1.0922988653182983,,,,,,,,,,,,,,,,,,,,,,,,,,,,,,,,,,,,
39,,,9806,,,,,,,1.0988309383392334,,,,,,,,,,,,,,,,,,,,,,,,,,,,,,,,,,,,
39,,,9807,,,,,,,1.080484390258789,,,,,,,,,,,,,,,,,,,,,,,,,,,,,,,,,,,,
39,,,9808,,,,,,,1.139323353767395,,,,,,,,,,,,,,,,,,,,,,,,,,,,,,,,,,,,
39,,,9809,,,,,,,1.0897486209869385,,,,,,,,,,,,,,,,,,,,,,,,,,,,,,,,,,,,
39,,,9810,,,,,,,1.2194257974624634,,,,,,,,,,,,,,,,,,,,,,,,,,,,,,,,,,,,
39,,,9811,,,,,,,1.1734015941619873,,,,,,,,,,,,,,,,,,,,,,,,,,,,,,,,,,,,
39,,,9812,,,,,,,1.0959863662719727,,,,,,,,,,,,,,,,,,,,,,,,,,,,,,,,,,,,
39,,,9813,,,,,,,1.086820125579834,,,,,,,,,,,,,,,,,,,,,,,,,,,,,,,,,,,,
39,,,9814,,,,,,,1.2386064529418945,,,,,,,,,,,,,,,,,,,,,,,,,,,,,,,,,,,,
39,,,9815,,,,,,,1.0899276733398438,,,,,,,,,,,,,,,,,,,,,,,,,,,,,,,,,,,,
39,,,9816,,,,,,,1.1160333156585693,,,,,,,,,,,,,,,,,,,,,,,,,,,,,,,,,,,,
39,,,9817,,,,,,,1.1089603900909424,,,,,,,,,,,,,,,,,,,,,,,,,,,,,,,,,,,,
39,,,9818,,,,,,,1.0972448587417603,,,,,,,,,,,,,,,,,,,,,,,,,,,,,,,,,,,,
39,,,9819,,,,,,,1.1014066934585571,,,,,,,,,,,,,,,,,,,,,,,,,,,,,,,,,,,,
39,,,9820,,,,,,,1.1066938638687134,,,,,,,,,,,,,,,,,,,,,,,,,,,,,,,,,,,,
39,,,9821,,,,,,,1.0904803276062012,,,,,,,,,,,,,,,,,,,,,,,,,,,,,,,,,,,,
39,,,9822,,,,,,,1.0856502056121826,,,,,,,,,,,,,,,,,,,,,,,,,,,,,,,,,,,,
39,,,9823,,,,,,,1.0864187479019165,,,,,,,,,,,,,,,,,,,,,,,,,,,,,,,,,,,,
39,,,9824,,,,,,,1.096012830734253,,,,,,,,,,,,,,,,,,,,,,,,,,,,,,,,,,,,
39,,,9825,,,,,,,1.0877978801727295,,,,,,,,,,,,,,,,,,,,,,,,,,,,,,,,,,,,
39,,,9826,,,,,,,1.080846905708313,,,,,,,,,,,,,,,,,,,,,,,,,,,,,,,,,,,,
39,,,9827,,,,,,,1.0807178020477295,,,,,,,,,,,,,,,,,,,,,,,,,,,,,,,,,,,,
39,,,9828,,,,,,,1.1069191694259644,,,,,,,,,,,,,,,,,,,,,,,,,,,,,,,,,,,,
39,,,9829,,,,,,,1.1018306016921997,,,,,,,,,,,,,,,,,,,,,,,,,,,,,,,,,,,,
39,,,9830,,,,,,,1.0805871486663818,,,,,,,,,,,,,,,,,,,,,,,,,,,,,,,,,,,,
39,,,9831,,,,,,,1.0839192867279053,,,,,,,,,,,,,,,,,,,,,,,,,,,,,,,,,,,,
39,,,9832,,,,,,,1.1596620082855225,,,,,,,,,,,,,,,,,,,,,,,,,,,,,,,,,,,,
39,,,9833,,,,,,,1.1418601274490356,,,,,,,,,,,,,,,,,,,,,,,,,,,,,,,,,,,,
39,,,9834,,,,,,,1.0910391807556152,,,,,,,,,,,,,,,,,,,,,,,,,,,,,,,,,,,,
39,,,9835,,,,,,,1.097047209739685,,,,,,,,,,,,,,,,,,,,,,,,,,,,,,,,,,,,
39,,,9836,,,,,,,1.103247880935669,,,,,,,,,,,,,,,,,,,,,,,,,,,,,,,,,,,,
39,,,9837,,,,,,,1.1255114078521729,,,,,,,,,,,,,,,,,,,,,,,,,,,,,,,,,,,,
39,,,9838,,,,,,,1.198134422302246,,,,,,,,,,,,,,,,,,,,,,,,,,,,,,,,,,,,
39,,,9839,,,,,,,1.1208775043487549,,,,,,,,,,,,,,,,,,,,,,,,,,,,,,,,,,,,
39,,,9840,,,,,,,1.0992385149002075,,,,,,,,,,,,,,,,,,,,,,,,,,,,,,,,,,,,
39,,,9841,,,,,,,1.0917658805847168,,,,,,,,,,,,,,,,,,,,,,,,,,,,,,,,,,,,
39,,,9842,,,,,,,1.0868080854415894,,,,,,,,,,,,,,,,,,,,,,,,,,,,,,,,,,,,
39,,,9843,,,,,,,1.1097601652145386,,,,,,,,,,,,,,,,,,,,,,,,,,,,,,,,,,,,
39,,,9844,,,,,,,1.0957890748977661,,,,,,,,,,,,,,,,,,,,,,,,,,,,,,,,,,,,
39,,,9845,,,,,,,1.1093499660491943,,,,,,,,,,,,,,,,,,,,,,,,,,,,,,,,,,,,
39,,,9846,,,,,,,1.0877940654754639,,,,,,,,,,,,,,,,,,,,,,,,,,,,,,,,,,,,
39,,,9847,,,,,,,1.1158065795898438,,,,,,,,,,,,,,,,,,,,,,,,,,,,,,,,,,,,
39,,,9848,,,,,,,1.1013596057891846,,,,,,,,,,,,,,,,,,,,,,,,,,,,,,,,,,,,
39,,,9849,,,,,,,1.087954044342041,,,,,,,,,,,,,,,,,,,,,,,,,,,,,,,,,,,,
39,,,9850,,,,,,,1.1009689569473267,,,,,,,,,,,,,,,,,,,,,,,,,,,,,,,,,,,,
39,,,9851,,,,,,,1.082369089126587,,,,,,,,,,,,,,,,,,,,,,,,,,,,,,,,,,,,
39,,,9852,,,,,,,1.1111204624176025,,,,,,,,,,,,,,,,,,,,,,,,,,,,,,,,,,,,
39,,,9853,,,,,,,1.0826795101165771,,,,,,,,,,,,,,,,,,,,,,,,,,,,,,,,,,,,
39,,,9854,,,,,,,1.0895615816116333,,,,,,,,,,,,,,,,,,,,,,,,,,,,,,,,,,,,
39,,,9855,,,,,,,1.0903091430664062,,,,,,,,,,,,,,,,,,,,,,,,,,,,,,,,,,,,
39,,,9856,,,,,,,1.1098871231079102,,,,,,,,,,,,,,,,,,,,,,,,,,,,,,,,,,,,
39,,,9857,,,,,,,1.107300043106079,,,,,,,,,,,,,,,,,,,,,,,,,,,,,,,,,,,,
39,,,9858,,,,,,,1.127214789390564,,,,,,,,,,,,,,,,,,,,,,,,,,,,,,,,,,,,
39,,,9859,,,,,,,1.0879905223846436,,,,,,,,,,,,,,,,,,,,,,,,,,,,,,,,,,,,
39,,,9860,,,,,,,1.0921574831008911,,,,,,,,,,,,,,,,,,,,,,,,,,,,,,,,,,,,
39,,,9861,,,,,,,1.0844624042510986,,,,,,,,,,,,,,,,,,,,,,,,,,,,,,,,,,,,
39,,,9862,,,,,,,1.0994787216186523,,,,,,,,,,,,,,,,,,,,,,,,,,,,,,,,,,,,
39,,,9863,,,,,,,1.098421335220337,,,,,,,,,,,,,,,,,,,,,,,,,,,,,,,,,,,,
39,,,9864,,,,,,,1.1191720962524414,,,,,,,,,,,,,,,,,,,,,,,,,,,,,,,,,,,,
39,,,9865,,,,,,,1.117459774017334,,,,,,,,,,,,,,,,,,,,,,,,,,,,,,,,,,,,
39,,,9866,,,,,,,1.1021409034729004,,,,,,,,,,,,,,,,,,,,,,,,,,,,,,,,,,,,
39,,,9867,,,,,,,1.1363720893859863,,,,,,,,,,,,,,,,,,,,,,,,,,,,,,,,,,,,
39,,,9868,,,,,,,1.105710744857788,,,,,,,,,,,,,,,,,,,,,,,,,,,,,,,,,,,,
39,,,9869,,,,,,,1.0904626846313477,,,,,,,,,,,,,,,,,,,,,,,,,,,,,,,,,,,,
39,,,9870,,,,,,,1.134582281112671,,,,,,,,,,,,,,,,,,,,,,,,,,,,,,,,,,,,
39,,,9871,,,,,,,1.111565113067627,,,,,,,,,,,,,,,,,,,,,,,,,,,,,,,,,,,,
39,,,9872,,,,,,,1.0855998992919922,,,,,,,,,,,,,,,,,,,,,,,,,,,,,,,,,,,,
39,,,9873,,,,,,,1.0966603755950928,,,,,,,,,,,,,,,,,,,,,,,,,,,,,,,,,,,,
39,,,9874,,,,,,,1.0931295156478882,,,,,,,,,,,,,,,,,,,,,,,,,,,,,,,,,,,,
39,,,9875,,,,,,,1.0947208404541016,,,,,,,,,,,,,,,,,,,,,,,,,,,,,,,,,,,,
39,,,9876,,,,,,,1.0907576084136963,,,,,,,,,,,,,,,,,,,,,,,,,,,,,,,,,,,,
39,,,9877,,,,,,,1.0948255062103271,,,,,,,,,,,,,,,,,,,,,,,,,,,,,,,,,,,,
39,,,9878,,,,,,,1.0817534923553467,,,,,,,,,,,,,,,,,,,,,,,,,,,,,,,,,,,,
39,,,9879,,,,,,,1.1632320880889893,,,,,,,,,,,,,,,,,,,,,,,,,,,,,,,,,,,,
39,,,9880,,,,,,,1.0911592245101929,,,,,,,,,,,,,,,,,,,,,,,,,,,,,,,,,,,,
39,,,9881,,,,,,,1.0986219644546509,,,,,,,,,,,,,,,,,,,,,,,,,,,,,,,,,,,,
39,,,9882,,,,,,,1.0914802551269531,,,,,,,,,,,,,,,,,,,,,,,,,,,,,,,,,,,,
39,,,9883,,,,,,,1.1251479387283325,,,,,,,,,,,,,,,,,,,,,,,,,,,,,,,,,,,,
39,,,9884,,,,,,,1.1475534439086914,,,,,,,,,,,,,,,,,,,,,,,,,,,,,,,,,,,,
39,,,9885,,,,,,,1.0890107154846191,,,,,,,,,,,,,,,,,,,,,,,,,,,,,,,,,,,,
39,,,9886,,,,,,,1.0848071575164795,,,,,,,,,,,,,,,,,,,,,,,,,,,,,,,,,,,,
39,,,9887,,,,,,,1.086571216583252,,,,,,,,,,,,,,,,,,,,,,,,,,,,,,,,,,,,
39,,,9888,,,,,,,1.1018989086151123,,,,,,,,,,,,,,,,,,,,,,,,,,,,,,,,,,,,
39,,,9889,,,,,,,1.1213444471359253,,,,,,,,,,,,,,,,,,,,,,,,,,,,,,,,,,,,
39,,,9890,,,,,,,1.1114094257354736,,,,,,,,,,,,,,,,,,,,,,,,,,,,,,,,,,,,
39,,,9891,,,,,,,1.1221860647201538,,,,,,,,,,,,,,,,,,,,,,,,,,,,,,,,,,,,
39,,,9892,,,,,,,1.163089632987976,,,,,,,,,,,,,,,,,,,,,,,,,,,,,,,,,,,,
39,,,9893,,,,,,,1.1029589176177979,,,,,,,,,,,,,,,,,,,,,,,,,,,,,,,,,,,,
39,,,9894,,,,,,,1.0914772748947144,,,,,,,,,,,,,,,,,,,,,,,,,,,,,,,,,,,,
39,,,9895,,,,,,,1.0833185911178589,,,,,,,,,,,,,,,,,,,,,,,,,,,,,,,,,,,,
39,,,9896,,,,,,,1.0955884456634521,,,,,,,,,,,,,,,,,,,,,,,,,,,,,,,,,,,,
39,,,9897,,,,,,,1.1808663606643677,,,,,,,,,,,,,,,,,,,,,,,,,,,,,,,,,,,,
39,,,9898,,,,,,,1.0949087142944336,,,,,,,,,,,,,,,,,,,,,,,,,,,,,,,,,,,,
39,,,9899,,,,,,,1.0895847082138062,,,,,,,,,,,,,,,,,,,,,,,,,,,,,,,,,,,,
39,,,9900,,,,,,,1.0805481672286987,,,,,,,,,,,,,,,,,,,,,,,,,,,,,,,,,,,,
39,,,9901,,,,,,,1.1135742664337158,,,,,,,,,,,,,,,,,,,,,,,,,,,,,,,,,,,,
39,,,9902,,,,,,,1.080841302871704,,,,,,,,,,,,,,,,,,,,,,,,,,,,,,,,,,,,
39,,,9903,,,,,,,1.088826060295105,,,,,,,,,,,,,,,,,,,,,,,,,,,,,,,,,,,,
39,,,9904,,,,,,,1.081566333770752,,,,,,,,,,,,,,,,,,,,,,,,,,,,,,,,,,,,
39,,,9905,,,,,,,1.1313146352767944,,,,,,,,,,,,,,,,,,,,,,,,,,,,,,,,,,,,
39,,,9906,,,,,,,1.0979223251342773,,,,,,,,,,,,,,,,,,,,,,,,,,,,,,,,,,,,
39,,,9907,,,,,,,1.1217143535614014,,,,,,,,,,,,,,,,,,,,,,,,,,,,,,,,,,,,
39,,,9908,,,,,,,1.159254550933838,,,,,,,,,,,,,,,,,,,,,,,,,,,,,,,,,,,,
39,,,9909,,,,,,,1.083663821220398,,,,,,,,,,,,,,,,,,,,,,,,,,,,,,,,,,,,
39,,,9910,,,,,,,1.0901410579681396,,,,,,,,,,,,,,,,,,,,,,,,,,,,,,,,,,,,
39,,,9911,,,,,,,1.0926764011383057,,,,,,,,,,,,,,,,,,,,,,,,,,,,,,,,,,,,
39,,,9912,,,,,,,1.2126412391662598,,,,,,,,,,,,,,,,,,,,,,,,,,,,,,,,,,,,
39,,,9913,,,,,,,1.086718201637268,,,,,,,,,,,,,,,,,,,,,,,,,,,,,,,,,,,,
39,,,9914,,,,,,,1.09457266330719,,,,,,,,,,,,,,,,,,,,,,,,,,,,,,,,,,,,
39,,,9915,,,,,,,1.0953748226165771,,,,,,,,,,,,,,,,,,,,,,,,,,,,,,,,,,,,
39,,,9916,,,,,,,1.1256020069122314,,,,,,,,,,,,,,,,,,,,,,,,,,,,,,,,,,,,
39,,,9917,,,,,,,1.0991158485412598,,,,,,,,,,,,,,,,,,,,,,,,,,,,,,,,,,,,
39,,,9918,,,,,,,1.1144037246704102,,,,,,,,,,,,,,,,,,,,,,,,,,,,,,,,,,,,
39,,,9919,,,,,,,1.1824758052825928,,,,,,,,,,,,,,,,,,,,,,,,,,,,,,,,,,,,
39,,,9920,,,,,,,1.080262541770935,,,,,,,,,,,,,,,,,,,,,,,,,,,,,,,,,,,,
39,,,9921,,,,,,,1.0831443071365356,,,,,,,,,,,,,,,,,,,,,,,,,,,,,,,,,,,,
39,,,9922,,,,,,,1.1289032697677612,,,,,,,,,,,,,,,,,,,,,,,,,,,,,,,,,,,,
39,,,9923,,,,,,,1.1168473958969116,,,,,,,,,,,,,,,,,,,,,,,,,,,,,,,,,,,,
39,,,9924,,,,,,,1.0841577053070068,,,,,,,,,,,,,,,,,,,,,,,,,,,,,,,,,,,,
39,,,9925,,,,,,,1.107324481010437,,,,,,,,,,,,,,,,,,,,,,,,,,,,,,,,,,,,
39,,,9926,,,,,,,1.1382851600646973,,,,,,,,,,,,,,,,,,,,,,,,,,,,,,,,,,,,
39,,,9927,,,,,,,1.0948503017425537,,,,,,,,,,,,,,,,,,,,,,,,,,,,,,,,,,,,
39,,,9928,,,,,,,1.2016793489456177,,,,,,,,,,,,,,,,,,,,,,,,,,,,,,,,,,,,
39,,,9929,,,,,,,1.141223669052124,,,,,,,,,,,,,,,,,,,,,,,,,,,,,,,,,,,,
39,,,9930,,,,,,,1.088651418685913,,,,,,,,,,,,,,,,,,,,,,,,,,,,,,,,,,,,
39,,,9931,,,,,,,1.0944467782974243,,,,,,,,,,,,,,,,,,,,,,,,,,,,,,,,,,,,
39,,,9932,,,,,,,1.0812671184539795,,,,,,,,,,,,,,,,,,,,,,,,,,,,,,,,,,,,
39,,,9933,,,,,,,1.1817748546600342,,,,,,,,,,,,,,,,,,,,,,,,,,,,,,,,,,,,
39,,,9934,,,,,,,1.10116708278656,,,,,,,,,,,,,,,,,,,,,,,,,,,,,,,,,,,,
39,,,9935,,,,,,,1.0832033157348633,,,,,,,,,,,,,,,,,,,,,,,,,,,,,,,,,,,,
39,,,9936,,,,,,,1.0901312828063965,,,,,,,,,,,,,,,,,,,,,,,,,,,,,,,,,,,,
39,,,9937,,,,,,,1.082613229751587,,,,,,,,,,,,,,,,,,,,,,,,,,,,,,,,,,,,
39,,,9938,,,,,,,1.098214030265808,,,,,,,,,,,,,,,,,,,,,,,,,,,,,,,,,,,,
39,,,9939,,,,,,,1.081787109375,,,,,,,,,,,,,,,,,,,,,,,,,,,,,,,,,,,,
39,,,9940,,,,,,,1.0870856046676636,,,,,,,,,,,,,,,,,,,,,,,,,,,,,,,,,,,,
39,,,9941,,,,,,,1.1514637470245361,,,,,,,,,,,,,,,,,,,,,,,,,,,,,,,,,,,,
39,,,9942,,,,,,,1.0883532762527466,,,,,,,,,,,,,,,,,,,,,,,,,,,,,,,,,,,,
39,,,9943,,,,,,,1.084049940109253,,,,,,,,,,,,,,,,,,,,,,,,,,,,,,,,,,,,
39,,,9944,,,,,,,1.1425548791885376,,,,,,,,,,,,,,,,,,,,,,,,,,,,,,,,,,,,
39,,,9945,,,,,,,1.081168532371521,,,,,,,,,,,,,,,,,,,,,,,,,,,,,,,,,,,,
39,,,9946,,,,,,,1.0919266939163208,,,,,,,,,,,,,,,,,,,,,,,,,,,,,,,,,,,,
39,,,9947,,,,,,,1.1545085906982422,,,,,,,,,,,,,,,,,,,,,,,,,,,,,,,,,,,,
39,,,9948,,,,,,,1.101334810256958,,,,,,,,,,,,,,,,,,,,,,,,,,,,,,,,,,,,
39,,,9949,,,,,,,1.1057285070419312,,,,,,,,,,,,,,,,,,,,,,,,,,,,,,,,,,,,
39,,,9950,,,,,,,1.1110374927520752,,,,,,,,,,,,,,,,,,,,,,,,,,,,,,,,,,,,
39,,,9951,,,,,,,1.1486895084381104,,,,,,,,,,,,,,,,,,,,,,,,,,,,,,,,,,,,
39,,,9952,,,,,,,1.123901605606079,,,,,,,,,,,,,,,,,,,,,,,,,,,,,,,,,,,,
39,,,9953,,,,,,,1.103119134902954,,,,,,,,,,,,,,,,,,,,,,,,,,,,,,,,,,,,
39,,,9954,,,,,,,1.090904951095581,,,,,,,,,,,,,,,,,,,,,,,,,,,,,,,,,,,,
39,,,9955,,,,,,,1.0984748601913452,,,,,,,,,,,,,,,,,,,,,,,,,,,,,,,,,,,,
39,,,9956,,,,,,,1.178305745124817,,,,,,,,,,,,,,,,,,,,,,,,,,,,,,,,,,,,
39,,,9957,,,,,,,1.1199960708618164,,,,,,,,,,,,,,,,,,,,,,,,,,,,,,,,,,,,
39,,,9958,,,,,,,1.126003384590149,,,,,,,,,,,,,,,,,,,,,,,,,,,,,,,,,,,,
39,,,9959,,,,,,,1.1172776222229004,,,,,,,,,,,,,,,,,,,,,,,,,,,,,,,,,,,,
39,,,9960,,,,,,,1.0974503755569458,,,,,,,,,,,,,,,,,,,,,,,,,,,,,,,,,,,,
39,,,9961,,,,,,,1.1096973419189453,,,,,,,,,,,,,,,,,,,,,,,,,,,,,,,,,,,,
39,,,9962,,,,,,,1.0825614929199219,,,,,,,,,,,,,,,,,,,,,,,,,,,,,,,,,,,,
39,,,9963,,,,,,,1.0895476341247559,,,,,,,,,,,,,,,,,,,,,,,,,,,,,,,,,,,,
39,,,9964,,,,,,,1.0969841480255127,,,,,,,,,,,,,,,,,,,,,,,,,,,,,,,,,,,,
39,,,9965,,,,,,,1.0874247550964355,,,,,,,,,,,,,,,,,,,,,,,,,,,,,,,,,,,,
39,,,9966,,,,,,,1.0946499109268188,,,,,,,,,,,,,,,,,,,,,,,,,,,,,,,,,,,,
39,,,9967,,,,,,,1.1646909713745117,,,,,,,,,,,,,,,,,,,,,,,,,,,,,,,,,,,,
39,,,9968,,,,,,,1.0916211605072021,,,,,,,,,,,,,,,,,,,,,,,,,,,,,,,,,,,,
39,,,9969,,,,,,,1.109939455986023,,,,,,,,,,,,,,,,,,,,,,,,,,,,,,,,,,,,
39,,,9970,,,,,,,1.1022162437438965,,,,,,,,,,,,,,,,,,,,,,,,,,,,,,,,,,,,
39,,,9971,,,,,,,1.089669942855835,,,,,,,,,,,,,,,,,,,,,,,,,,,,,,,,,,,,
39,,,9972,,,,,,,1.0954523086547852,,,,,,,,,,,,,,,,,,,,,,,,,,,,,,,,,,,,
39,,,9973,,,,,,,1.0827516317367554,,,,,,,,,,,,,,,,,,,,,,,,,,,,,,,,,,,,
39,,,9974,,,,,,,1.0910283327102661,,,,,,,,,,,,,,,,,,,,,,,,,,,,,,,,,,,,
39,,,9975,,,,,,,1.0915000438690186,,,,,,,,,,,,,,,,,,,,,,,,,,,,,,,,,,,,
39,,,9976,,,,,,,1.106223702430725,,,,,,,,,,,,,,,,,,,,,,,,,,,,,,,,,,,,
39,,,9977,,,,,,,1.0911005735397339,,,,,,,,,,,,,,,,,,,,,,,,,,,,,,,,,,,,
39,,,9978,,,,,,,1.1049439907073975,,,,,,,,,,,,,,,,,,,,,,,,,,,,,,,,,,,,
39,,,9979,,,,,,,1.0857460498809814,,,,,,,,,,,,,,,,,,,,,,,,,,,,,,,,,,,,
39,,,9980,,,,,,,1.1057997941970825,,,,,,,,,,,,,,,,,,,,,,,,,,,,,,,,,,,,
39,,,9981,,,,,,,1.095814824104309,,,,,,,,,,,,,,,,,,,,,,,,,,,,,,,,,,,,
39,,,9982,,,,,,,1.092840552330017,,,,,,,,,,,,,,,,,,,,,,,,,,,,,,,,,,,,
39,,,9983,,,,,,,1.1118206977844238,,,,,,,,,,,,,,,,,,,,,,,,,,,,,,,,,,,,
39,,,9984,,,,,,,1.0882220268249512,,,,,,,,,,,,,,,,,,,,,,,,,,,,,,,,,,,,
39,,,9985,,,,,,,1.1103237867355347,,,,,,,,,,,,,,,,,,,,,,,,,,,,,,,,,,,,
39,,,9986,,,,,,,1.1337089538574219,,,,,,,,,,,,,,,,,,,,,,,,,,,,,,,,,,,,
39,,,9987,,,,,,,1.109157919883728,,,,,,,,,,,,,,,,,,,,,,,,,,,,,,,,,,,,
39,,,9988,,,,,,,1.1178703308105469,,,,,,,,,,,,,,,,,,,,,,,,,,,,,,,,,,,,
39,,,9989,,,,,,,1.1259115934371948,,,,,,,,,,,,,,,,,,,,,,,,,,,,,,,,,,,,
39,,,9990,,,,,,,1.1189583539962769,,,,,,,,,,,,,,,,,,,,,,,,,,,,,,,,,,,,
39,,,9991,,,,,,,1.102903962135315,,,,,,,,,,,,,,,,,,,,,,,,,,,,,,,,,,,,
39,,,9992,,,,,,,1.0904171466827393,,,,,,,,,,,,,,,,,,,,,,,,,,,,,,,,,,,,
39,,,9993,,,,,,,1.094388723373413,,,,,,,,,,,,,,,,,,,,,,,,,,,,,,,,,,,,
39,,,9994,,,,,,,1.1037240028381348,,,,,,,,,,,,,,,,,,,,,,,,,,,,,,,,,,,,
39,,,9995,,,,,,,1.0806200504302979,,,,,,,,,,,,,,,,,,,,,,,,,,,,,,,,,,,,
39,,,9996,,,,,,,1.10242760181427,,,,,,,,,,,,,,,,,,,,,,,,,,,,,,,,,,,,
39,,,9997,,,,,,,1.0997722148895264,,,,,,,,,,,,,,,,,,,,,,,,,,,,,,,,,,,,
39,,,9998,,,,,,,1.0855003595352173,,,,,,,,,,,,,,,,,,,,,,,,,,,,,,,,,,,,
39,,,9999,,,,,,,1.1150939464569092,,,,,,,,,,,,,,,,,,,,,,,,,,,,,,,,,,,,
39,,,9999,,,,,,,,,,0.20524628460407257,0.004643428139388561,0.6748046875,1.349609375,53.0732421875,0.6748046875,271790.65625,0.8375865817070007,0.8375865817070007,1.0,0.2941780090332031,53.0732421875,0.6748046875,0.9327775239944458,0.04755143076181412,22118.0,0.0018476895056664944,0.0027381100226193666,0.4150150418281555,0.6150150299072266,0.005451947450637817,1475.0,0.017070315778255463,0.02529667504131794,0.2668440639972687,0.39543893933296204,0.013917207717895508,7373.0,0.00476121949031949,0.007055699825286865,0.34122398495674133,0.5056633353233337,0.016411421820521355,0.00035992596531286836
39,,20.0,9999,266507.0625,0.8509808778762817,0.8522253632545471,1.1075189113616943,0.8522253632545471,1.0,,0.30034178495407104,0.9154999852180481,,,,,,,,,,,,,,,,,,,,,,,,,,,,,,,,,,
